
DFTK Version      0.7.20
Julia Version     1.12.4
libxc Version     7.0.0
FFTW.jl provider  fftw v3.3.10

BLAS.get_config()
  LinearAlgebra.BLAS.LBTConfig
  Libraries: 
  └ [ILP64] libopenblas64_.so

MPI.versioninfo()
  MPIPreferences:
    binary:  MPICH_jll
    abi:     MPICH
  
  Package versions
    MPI.jl:             0.20.23
    MPIPreferences.jl:  0.1.11
    MPICH_jll:          4.3.2+0
  
  Library information:
    libmpi:  /data/vebak3345/.julia/artifacts/117d9048128625bb3418b0b4cca48739c5d28740/lib/libmpi.so
    libmpi dlpath:  /data/vebak3345/.julia/artifacts/117d9048128625bb3418b0b4cca48739c5d28740/lib/libmpi.so
    MPI version:  4.1.0
    Library version:  
      MPICH Version:      4.3.1
      MPICH Release date: Fri Jun 20 09:24:41 AM CDT 2025
      MPICH ABI:          17:1:5
      MPICH Device:       ch3:nemesis
      MPICH configure:    --build=x86_64-linux-musl --disable-dependency-tracking --disable-doc --enable-fast=ndebug,O3 --enable-static=no --host=x86_64-linux-gnu --prefix=/workspace/destdir --with-device=ch3 --with-hwloc=/workspace/destdir
      MPICH CC:           cc     -DNDEBUG -DNVALGRIND -O3
      MPICH CXX:          c++   -DNDEBUG -DNVALGRIND -O3
      MPICH F77:          gfortran   -O3
      MPICH FC:           gfortran   -O3
      MPICH features:     
      
    MPI launcher: /data/vebak3345/.julia/artifacts/117d9048128625bb3418b0b4cca48739c5d28740/bin/mpiexec
    MPI launcher path: /data/vebak3345/.julia/artifacts/117d9048128625bb3418b0b4cca48739c5d28740/bin/mpiexec
  


‖ρref - ρorig‖H-1 = 0.0
‖ρref - ρorig‖L2  = 0.0

# --- ε=1.0

n     Energy            log10(ΔE)   log10(Δρ)   Δtime 
---   ---------------   ---------   ---------   ------
  1   -22.32325879263                   -0.78    17.1s
    ‖ρε - ρref‖ = 0.0005781562633552492 ‖Δρ‖ = 0.1065638103921973  ‖vε - vref‖ = 4.9124148560479  α = 1.0
  2   -22.36329875464       -1.40       -1.36    7.99s
    ‖ρε - ρref‖ = 0.10599993593542066 ‖Δρ‖ = 0.02747051282269851  ‖vε - vref‖ = 4.958657872723246  α = 1.0
  3   -22.36907139359       -2.24       -1.81    9.17s
    ‖ρε - ρref‖ = 0.08317546502571305 ‖Δρ‖ = 0.008333719782986087  ‖vε - vref‖ = 4.965107631443683  α = 0.521
  4   -22.37055988595       -2.83       -2.20    6.82s
    ‖ρε - ρref‖ = 0.07541946768507395 ‖Δρ‖ = 0.0038170541188592  ‖vε - vref‖ = 4.958598635561373  α = 1.0

#-- ‖ρε - ρref‖ = 0.0828794169013455 vs. 0.01 = δ*ε ‖vε - vref‖ = 4.9523373335382805


# --- ε=0.5623413251903491

n     Energy            log10(ΔE)   log10(Δρ)   Δtime 
---   ---------------   ---------   ---------   ------
  1   -22.36716926108                   -2.07    16.2s
    ‖ρε - ρref‖ = 0.08599036233115166 ‖Δρ‖ = 0.005405051439345895  ‖vε - vref‖ = 4.848262318968222  α = 0.42
  2   -22.36732308938       -3.81       -2.32    10.4s
    ‖ρε - ρref‖ = 0.08216225275476846 ‖Δρ‖ = 0.00306255266650595  ‖vε - vref‖ = 4.852915902909711  α = 0.498

#-- ‖ρε - ρref‖ = 0.07882548878125545 vs. 0.005623413251903491 = δ*ε ‖vε - vref‖ = 4.853741931870876


# --- ε=0.31622776601683794

n     Energy            log10(ΔE)   log10(Δρ)   Δtime 
---   ---------------   ---------   ---------   ------
  1   -22.35975775698                   -2.19    13.2s
    ‖ρε - ρref‖ = 0.0788255209730598 ‖Δρ‖ = 0.004071165104665109  ‖vε - vref‖ = 4.6886379643207325  α = 1.0
  2   -22.35981363771       -4.25       -2.99    6.32s
    ‖ρε - ρref‖ = 0.07475974172054681 ‖Δρ‖ = 0.0006280418862446042  ‖vε - vref‖ = 4.685427030995973  α = 1.0
  3   -22.35984102453       -4.56       -2.76    6.21s
    ‖ρε - ρref‖ = 0.07532682480168708 ‖Δρ‖ = 0.0010855619207702633  ‖vε - vref‖ = 4.67959961973531  α = 1.0

#-- ‖ρε - ρref‖ = 0.07578976246654553 vs. 0.0031622776601683794 = δ*ε ‖vε - vref‖ = 4.682986491543409


# --- ε=0.1778279410038923

n     Energy            log10(ΔE)   log10(Δρ)   Δtime 
---   ---------------   ---------   ---------   ------
  1   -22.34765997445                   -1.92    12.1s
    ‖ρε - ρref‖ = 0.07578997232135629 ‖Δρ‖ = 0.007596092114816668  ‖vε - vref‖ = 4.437254520795225  α = 1.0
  2   -22.34792784272       -3.57       -2.46    6.54s
    ‖ρε - ρref‖ = 0.06819882696311554 ‖Δρ‖ = 0.0021944878539682214  ‖vε - vref‖ = 4.416518046666689  α = 1.0
  3   -22.34795767571       -4.53       -2.87    9.94s
    ‖ρε - ρref‖ = 0.06986203320172829 ‖Δρ‖ = 0.0008206009451704776  ‖vε - vref‖ = 4.41365244118411  α = 0.376
  4   -22.34796440051       -5.17       -3.39    6.09s
    ‖ρε - ρref‖ = 0.0706730138370956 ‖Δρ‖ = 0.00023211783451969703  ‖vε - vref‖ = 4.415685570781295  α = 1.0

#-- ‖ρε - ρref‖ = 0.07023717368497043 vs. 0.001778279410038923 = δ*ε ‖vε - vref‖ = 4.417651666276592


# --- ε=0.1

n     Energy            log10(ΔE)   log10(Δρ)   Δtime 
---   ---------------   ---------   ---------   ------
  1   -22.32933909312                   -1.71    13.0s
    ‖ρε - ρref‖ = 0.0702380675358801 ‖Δρ‖ = 0.012303098866395112  ‖vε - vref‖ = 4.104782000139915  α = 1.0
  2   -22.33042929008       -2.96       -2.14    7.03s
    ‖ρε - ρref‖ = 0.05794737339081478 ‖Δρ‖ = 0.004620446427950167  ‖vε - vref‖ = 4.028106377034166  α = 1.0
  3   -22.33048151103       -4.28       -2.78    9.73s
    ‖ρε - ρref‖ = 0.06207845814421469 ‖Δρ‖ = 0.0008572800674520499  ‖vε - vref‖ = 4.023553779272406  α = 0.407
  4   -22.33049332824       -4.93       -3.38    6.30s
    ‖ρε - ρref‖ = 0.06280658304478999 ‖Δρ‖ = 0.00021996114667202434  ‖vε - vref‖ = 4.026696272657694  α = 1.0

#-- ‖ρε - ρref‖ = 0.0623368110782892 vs. 0.001 = δ*ε ‖vε - vref‖ = 4.030892650071104


# --- ε=0.05623413251903491

n     Energy            log10(ΔE)   log10(Δρ)   Δtime 
---   ---------------   ---------   ---------   ------
  1   -22.30718147532                   -1.51    16.1s
    ‖ρε - ρref‖ = 0.07235600352769088 ‖Δρ‖ = 0.019608350633745202  ‖vε - vref‖ = 3.508173629652089  α = 0.49
  2   -22.30733907873       -3.80       -2.69    6.60s
    ‖ρε - ρref‖ = 0.05276678456418797 ‖Δρ‖ = 0.0009742728034685143  ‖vε - vref‖ = 3.5226227985573946  α = 1.0
  3   -22.30742474040       -4.07       -3.12    6.80s
    ‖ρε - ρref‖ = 0.05218351330941759 ‖Δρ‖ = 0.0002950021825572255  ‖vε - vref‖ = 3.5257011668983016  α = 1.0
  4   -22.30745344494       -4.54       -3.49    6.98s
    ‖ρε - ρref‖ = 0.05212160977665064 ‖Δρ‖ = 0.0001496991088955258  ‖vε - vref‖ = 3.5246375592856594  α = 1.0

#-- ‖ρε - ρref‖ = 0.05213571318484984 vs. 0.0005623413251903491 = δ*ε ‖vε - vref‖ = 3.5240251976856083


# --- ε=0.03162277660168379

n     Energy            log10(ΔE)   log10(Δρ)   Δtime 
---   ---------------   ---------   ---------   ------
  1   -22.28054994770                   -1.33    15.0s
    ‖ρε - ρref‖ = 0.07047474674086447 ‖Δρ‖ = 0.029584623945668742  ‖vε - vref‖ = 2.9311848698745795  α = 0.381
  2   -22.28078354993       -3.63       -2.63    6.53s
    ‖ρε - ρref‖ = 0.04093066901185298 ‖Δρ‖ = 0.0011211567031183013  ‖vε - vref‖ = 2.954668857487832  α = 1.0
  3   -22.28089684580       -3.95       -2.97    6.07s
    ‖ρε - ρref‖ = 0.040360580629118376 ‖Δρ‖ = 0.00042880425795001874  ‖vε - vref‖ = 2.959370480789216  α = 1.0
  4   -22.28094150542       -4.35       -3.41    6.29s
    ‖ρε - ρref‖ = 0.04033871969859712 ‖Δρ‖ = 0.00018077705422736605  ‖vε - vref‖ = 2.9567815311416967  α = 1.0
  5   -22.28095713786       -4.81       -3.30    6.62s
    ‖ρε - ρref‖ = 0.040357841605144384 ‖Δρ‖ = 0.00021196213812981146  ‖vε - vref‖ = 2.9554920358981507  α = 1.0

#-- ‖ρε - ρref‖ = 0.04031183915650357 vs. 0.00031622776601683794 = δ*ε ‖vε - vref‖ = 2.958156794334266


# --- ε=0.01778279410038923

n     Energy            log10(ΔE)   log10(Δρ)   Δtime 
---   ---------------   ---------   ---------   ------
  1   -22.25444765769                   -1.18    16.3s
    ‖ρε - ρref‖ = 0.07008930775029029 ‖Δρ‖ = 0.04095331329906956  ‖vε - vref‖ = 2.3842598749811144  α = 0.274
  2   -22.25464120182       -3.71       -2.67    6.26s
    ‖ρε - ρref‖ = 0.029217016629566998 ‖Δρ‖ = 0.0010216423903275315  ‖vε - vref‖ = 2.4107672314772897  α = 1.0
  3   -22.25475645556       -3.94       -2.90    6.63s
    ‖ρε - ρref‖ = 0.02885234792225917 ‖Δρ‖ = 0.0005438789781844669  ‖vε - vref‖ = 2.4224685259754795  α = 1.0
  4   -22.25480051559       -4.36       -3.26    6.81s
    ‖ρε - ρref‖ = 0.028798778991268092 ‖Δρ‖ = 0.00023926098542647976  ‖vε - vref‖ = 2.4121877400781426  α = 1.0
  5   -22.25481133960       -4.97       -3.35    6.92s
    ‖ρε - ρref‖ = 0.02884052740466321 ‖Δρ‖ = 0.00019957439182374077  ‖vε - vref‖ = 2.4112506044692847  α = 1.0
  6   -22.25482246935       -4.95       -3.54    6.74s
    ‖ρε - ρref‖ = 0.028828275780008766 ‖Δρ‖ = 0.00011772510226960475  ‖vε - vref‖ = 2.416570222268323  α = 1.0
  7   -22.25482355814       -5.96       -3.78    6.79s
    ‖ρε - ρref‖ = 0.028805990658195158 ‖Δρ‖ = 7.305313534703513e-5  ‖vε - vref‖ = 2.416785542319765  α = 1.0

#-- ‖ρε - ρref‖ = 0.028803855842002516 vs. 0.0001778279410038923 = δ*ε ‖vε - vref‖ = 2.415362382445579


# --- ε=0.01

n     Energy            log10(ΔE)   log10(Δρ)   Δtime 
---   ---------------   ---------   ---------   ------
  1   -22.23233280786                   -1.08    15.7s
    ‖ρε - ρref‖ = 0.07159654905931552 ‖Δρ‖ = 0.052343865216388084  ‖vε - vref‖ = 1.9327865954377055  α = 0.183
  2   -22.23243765222       -3.98       -2.63    6.72s
    ‖ρε - ρref‖ = 0.01939064434253215 ‖Δρ‖ = 0.0011119888547015879  ‖vε - vref‖ = 1.9756672426502113  α = 1.0
  3   -22.23256322326       -3.90       -2.80    6.23s
    ‖ρε - ρref‖ = 0.01918138010423515 ‖Δρ‖ = 0.0007170006286999197  ‖vε - vref‖ = 1.9820616477240933  α = 1.0
  4   -22.23258181563       -4.73       -2.89    6.11s
    ‖ρε - ρref‖ = 0.01916722068983913 ‖Δρ‖ = 0.0005199401294428965  ‖vε - vref‖ = 1.9566041406854224  α = 1.0
  5   -22.23260636158       -4.61       -3.18    6.76s
    ‖ρε - ρref‖ = 0.019173477711355497 ‖Δρ‖ = 0.0002670999002835826  ‖vε - vref‖ = 1.9661378230582935  α = 1.0
  6   -22.23261067514       -5.37       -3.40    10.7s
    ‖ρε - ρref‖ = 0.01917731554761514 ‖Δρ‖ = 0.00016446205092942505  ‖vε - vref‖ = 1.9703893954904805  α = 0.489
  7   -22.23261209807       -5.85       -3.79    6.58s
    ‖ρε - ρref‖ = 0.01916668763930104 ‖Δρ‖ = 6.130558578090348e-5  ‖vε - vref‖ = 1.9701019614543975  α = 1.0
  8   -22.23261274642       -6.19       -4.29    6.76s
    ‖ρε - ρref‖ = 0.019155793132965265 ‖Δρ‖ = 2.0769029307685497e-5  ‖vε - vref‖ = 1.9692348926717744  α = 1.0

#-- ‖ρε - ρref‖ = 0.019157579226985338 vs. 0.0001 = δ*ε ‖vε - vref‖ = 1.9698827453533239


# --- ε=0.005623413251903491

n     Energy            log10(ΔE)   log10(Δρ)   Δtime 
---   ---------------   ---------   ---------   ------
  1   -22.21580604881                   -1.00    15.4s
    ‖ρε - ρref‖ = 0.07413899063326809 ‖Δρ‖ = 0.062156570423591115  ‖vε - vref‖ = 1.5879240595815118  α = 0.116
  2   -22.21593460485       -3.89       -2.51    9.87s
    ‖ρε - ρref‖ = 0.012318284793959073 ‖Δρ‖ = 0.0013867966597861257  ‖vε - vref‖ = 1.6286755714303442  α = 0.467
  3   -22.21597076652       -4.44       -3.12    6.39s
    ‖ρε - ρref‖ = 0.012106586260815273 ‖Δρ‖ = 0.0003056827116675401  ‖vε - vref‖ = 1.6500424339622317  α = 1.0
  4   -22.21598701451       -4.79       -2.92    9.47s
    ‖ρε - ρref‖ = 0.01207172119904558 ‖Δρ‖ = 0.0005031866117850808  ‖vε - vref‖ = 1.6367988449416961  α = 0.515
  5   -22.21599378639       -5.17       -3.45    6.45s
    ‖ρε - ρref‖ = 0.012039250410651521 ‖Δρ‖ = 0.00012532532668995647  ‖vε - vref‖ = 1.6349947103656677  α = 1.0
  6   -22.21599643485       -5.58       -3.72    6.41s
    ‖ρε - ρref‖ = 0.012049853860726774 ‖Δρ‖ = 7.06709870326698e-5  ‖vε - vref‖ = 1.6363667856256345  α = 1.0
  7   -22.21599681952       -6.41       -4.01    6.42s
    ‖ρε - ρref‖ = 0.012049150136200152 ‖Δρ‖ = 4.09923259118493e-5  ‖vε - vref‖ = 1.6366464430730903  α = 1.0
  8   -22.21599732275       -6.30       -4.23    6.89s
    ‖ρε - ρref‖ = 0.012045097305200973 ‖Δρ‖ = 2.031065140815385e-5  ‖vε - vref‖ = 1.6367372190338512  α = 1.0

#-- ‖ρε - ρref‖ = 0.012045564898642546 vs. 5.6234132519034914e-5 = δ*ε ‖vε - vref‖ = 1.6370315356120029


# --- ε=0.0031622776601683794

n     Energy            log10(ΔE)   log10(Δρ)   Δtime 
---   ---------------   ---------   ---------   ------
  1   -22.20455113154                   -0.96    15.6s
    ‖ρε - ρref‖ = 0.07666899193308958 ‖Δρ‖ = 0.06951846968674114  ‖vε - vref‖ = 1.3242485079943616  α = 0.0698
  2   -22.20466120124       -3.96       -2.34    10.0s
    ‖ρε - ρref‖ = 0.007742070425314525 ‖Δρ‖ = 0.0019506650181184521  ‖vε - vref‖ = 1.376187081335364  α = 0.298
  3   -22.20468667138       -4.59       -3.24    6.12s
    ‖ρε - ρref‖ = 0.007324751196870971 ‖Δρ‖ = 0.00019510434162820344  ‖vε - vref‖ = 1.3956064487613697  α = 1.0
  4   -22.20468956202       -5.54       -3.25    6.44s
    ‖ρε - ρref‖ = 0.007288648263661376 ‖Δρ‖ = 0.0002262659926393484  ‖vε - vref‖ = 1.3922300775677205  α = 1.0
  5   -22.20469536629       -5.24       -3.12    10.0s
    ‖ρε - ρref‖ = 0.007290086263842472 ‖Δρ‖ = 0.000324787375725078  ‖vε - vref‖ = 1.3821032104255284  α = 0.412
  6   -22.20469689720       -5.82       -3.54    6.74s
    ‖ρε - ρref‖ = 0.007283938134445864 ‖Δρ‖ = 0.00010090972163167268  ‖vε - vref‖ = 1.392099426265115  α = 1.0
  7   -22.20469869654       -5.74       -3.89    6.57s
    ‖ρε - ρref‖ = 0.007289841665861306 ‖Δρ‖ = 4.676573493457213e-5  ‖vε - vref‖ = 1.386652278317871  α = 1.0
  8   -22.20469923744       -6.27       -3.96    10.1s
    ‖ρε - ρref‖ = 0.007289362798222264 ‖Δρ‖ = 3.654792534960098e-5  ‖vε - vref‖ = 1.386469050990343  α = 0.518
  9   -22.20469933086       -7.03       -4.47    6.46s
    ‖ρε - ρref‖ = 0.007286611958104128 ‖Δρ‖ = 1.1927370885297915e-5  ‖vε - vref‖ = 1.3879737627223228  α = 1.0
 10   -22.20469938085       -7.30       -4.72    6.05s
    ‖ρε - ρref‖ = 0.0072862697501290515 ‖Δρ‖ = 6.588090235684847e-6  ‖vε - vref‖ = 1.3878326482038514  α = 1.0

#-- ‖ρε - ρref‖ = 0.007286540632952087 vs. 3.1622776601683795e-5 = δ*ε ‖vε - vref‖ = 1.3874952211393445


# --- ε=0.0017782794100389228

n     Energy            log10(ΔE)   log10(Δρ)   Δtime 
---   ---------------   ---------   ---------   ------
  1   -22.19736681363                   -0.93    15.7s
    ‖ρε - ρref‖ = 0.07865236450547558 ‖Δρ‖ = 0.0744988656907311  ‖vε - vref‖ = 1.115802811214987  α = 0.0411
  2   -22.19747496879       -3.97       -2.21    9.62s
    ‖ρε - ρref‖ = 0.005286023869575938 ‖Δρ‖ = 0.002595658923246523  ‖vε - vref‖ = 1.1578008520568912  α = 0.186
  3   -22.19748569954       -4.97       -2.93    9.72s
    ‖ρε - ρref‖ = 0.004374995330112367 ‖Δρ‖ = 0.00045277475960907857  ‖vε - vref‖ = 1.1741031804050754  α = 0.314
  4   -22.19749189177       -5.21       -2.98    9.45s
    ‖ρε - ρref‖ = 0.00436255043947797 ‖Δρ‖ = 0.0004220515670347981  ‖vε - vref‖ = 1.1917171739757462  α = 0.23
  5   -22.19749481481       -5.53       -3.64    6.75s
    ‖ρε - ρref‖ = 0.004309322205861764 ‖Δρ‖ = 7.68201891539237e-5  ‖vε - vref‖ = 1.1779418656734488  α = 1.0
  6   -22.19749740133       -5.59       -3.80    6.73s
    ‖ρε - ρref‖ = 0.004300092212560092 ‖Δρ‖ = 5.880907481326159e-5  ‖vε - vref‖ = 1.185114865163565  α = 1.0
  7   -22.19749825455       -6.07       -3.69    10.0s
    ‖ρε - ρref‖ = 0.004299153082725997 ‖Δρ‖ = 7.456240266558688e-5  ‖vε - vref‖ = 1.1846983228831163  α = 0.443
  8   -22.19749840982       -6.81       -4.17    7.11s
    ‖ρε - ρref‖ = 0.0043030885237467665 ‖Δρ‖ = 2.0288667280662196e-5  ‖vε - vref‖ = 1.1826773292307433  α = 1.0
  9   -22.19749859319       -6.74       -4.27    7.13s
    ‖ρε - ρref‖ = 0.004303963605315248 ‖Δρ‖ = 1.7289967020857267e-5  ‖vε - vref‖ = 1.1834667922949476  α = 1.0
 10   -22.19749862381       -7.51       -4.66    6.69s
    ‖ρε - ρref‖ = 0.00430333259174813 ‖Δρ‖ = 7.32866086534097e-6  ‖vε - vref‖ = 1.1830245875848695  α = 1.0

#-- ‖ρε - ρref‖ = 0.0043031249803190995 vs. 1.778279410038923e-5 = δ*ε ‖vε - vref‖ = 1.1832867848943858


# --- ε=0.001

n     Energy            log10(ΔE)   log10(Δρ)   Δtime 
---   ---------------   ---------   ---------   ------
  1   -22.19297410164                   -0.91    16.1s
    ‖ρε - ρref‖ = 0.08000519433072886 ‖Δρ‖ = 0.07763115297077337  ‖vε - vref‖ = 0.9516531809910596  α = 0.0237
  2   -22.19307285330       -4.01       -2.12    9.62s
    ‖ρε - ρref‖ = 0.004299156277153331 ‖Δρ‖ = 0.0031486584224144913  ‖vε - vref‖ = 0.9489210822591134  α = 0.116
  3   -22.19308223879       -5.03       -2.70    9.81s
    ‖ρε - ρref‖ = 0.002695397783923803 ‖Δρ‖ = 0.0007678631186905207  ‖vε - vref‖ = 0.9684914035035519  α = 0.146
  4   -22.19308738055       -5.29       -2.85    10.4s
    ‖ρε - ρref‖ = 0.002616665646322661 ‖Δρ‖ = 0.0005345202849741553  ‖vε - vref‖ = 0.9971838886030555  α = 0.141
  5   -22.19308927874       -5.72       -3.80    6.45s
    ‖ρε - ρref‖ = 0.00251363356061953 ‖Δρ‖ = 5.108026816704142e-5  ‖vε - vref‖ = 1.0048506434186615  α = 1.0
  6   -22.19309091762       -5.79       -3.63    9.61s
    ‖ρε - ρref‖ = 0.0025081251739027927 ‖Δρ‖ = 9.107093689199586e-5  ‖vε - vref‖ = 1.003460487974697  α = 0.451
  7   -22.19309190558       -6.01       -3.65    9.85s
    ‖ρε - ρref‖ = 0.0025034390884048096 ‖Δρ‖ = 6.992949524970277e-5  ‖vε - vref‖ = 0.999787742718027  α = 0.365
  8   -22.19309219039       -6.55       -4.10    9.51s
    ‖ρε - ρref‖ = 0.002505256558758804 ‖Δρ‖ = 2.332533716073319e-5  ‖vε - vref‖ = 0.9984901959870842  α = 0.483
  9   -22.19309230006       -6.96       -4.64    6.97s
    ‖ρε - ρref‖ = 0.0025070602812333432 ‖Δρ‖ = 6.122069927025361e-6  ‖vε - vref‖ = 0.9995467366353789  α = 1.0
 10   -22.19309233715       -7.43       -4.61    6.98s
    ‖ρε - ρref‖ = 0.00250742786491164 ‖Δρ‖ = 6.704315006941703e-6  ‖vε - vref‖ = 0.9988245148348633  α = 1.0

#-- ‖ρε - ρref‖ = 0.0025069775694804212 vs. 1.0e-5 = δ*ε ‖vε - vref‖ = 0.9990236474142857


# --- ε=0.0005623413251903491

n     Energy            log10(ΔE)   log10(Δρ)   Δtime 
---   ---------------   ---------   ---------   ------
  1   -22.19036040131                   -0.90    15.1s
    ‖ρε - ρref‖ = 0.08085930136643933 ‖Δρ‖ = 0.07951461096111395  ‖vε - vref‖ = 0.8407468069995957  α = 0.0136
  2   -22.19044094960       -4.09       -2.07    10.0s
    ‖ρε - ρref‖ = 0.004075653528764711 ‖Δρ‖ = 0.00357223033940621  ‖vε - vref‖ = 0.7503205898875527  α = 0.0716
  3   -22.19045199801       -4.96       -2.54    9.20s
    ‖ρε - ρref‖ = 0.0019193605511194476 ‖Δρ‖ = 0.0010919855240301148  ‖vε - vref‖ = 0.7711567238147329  α = 0.0869
  4   -22.19045779683       -5.24       -2.66    9.71s
    ‖ρε - ρref‖ = 0.0017443194791853826 ‖Δρ‖ = 0.0008143674331127423  ‖vε - vref‖ = 0.8076711442501426  α = 0.0799
  5   -22.19045965270       -5.73       -3.57    9.77s
    ‖ρε - ρref‖ = 0.0014628225974904006 ‖Δρ‖ = 8.061764519837924e-5  ‖vε - vref‖ = 0.8256210098020863  α = 0.366
  6   -22.19046027539       -6.21       -3.60    9.11s
    ‖ρε - ρref‖ = 0.001460676580750738 ‖Δρ‖ = 9.429814922257657e-5  ‖vε - vref‖ = 0.8307903995801124  α = 0.205
  7   -22.19046073166       -6.34       -3.80    9.67s
    ‖ρε - ρref‖ = 0.001453482759822951 ‖Δρ‖ = 4.763262829692353e-5  ‖vε - vref‖ = 0.8298081329247904  α = 0.305
  8   -22.19046078890       -7.24       -4.26    6.78s
    ‖ρε - ρref‖ = 0.0014502877704437131 ‖Δρ‖ = 1.630871984470501e-5  ‖vε - vref‖ = 0.8245023125396262  α = 1.0
  9   -22.19046104265       -6.60       -4.30    6.66s
    ‖ρε - ρref‖ = 0.001449286290941222 ‖Δρ‖ = 1.542391130622304e-5  ‖vε - vref‖ = 0.8273389920084551  α = 1.0
 10   -22.19046113680       -7.03       -4.39    10.3s
    ‖ρε - ρref‖ = 0.0014493124887998983 ‖Δρ‖ = 1.1476358003482189e-5  ‖vε - vref‖ = 0.827817721133434  α = 0.492
 11   -22.19046114938       -7.90       -4.77    6.96s
    ‖ρε - ρref‖ = 0.0014499635504475854 ‖Δρ‖ = 4.012114373752458e-6  ‖vε - vref‖ = 0.8272149149086467  α = 1.0
 12   -22.19046116544       -7.79       -4.88    6.93s
    ‖ρε - ρref‖ = 0.0014501519546190034 ‖Δρ‖ = 3.194150078082275e-6  ‖vε - vref‖ = 0.8265692493598927  α = 1.0

#-- ‖ρε - ρref‖ = 0.0014497538431470962 vs. 5.623413251903491e-6 = δ*ε ‖vε - vref‖ = 0.8268553487453061


# --- ε=0.00031622776601683794

n     Energy            log10(ΔE)   log10(Δρ)   Δtime 
---   ---------------   ---------   ---------   ------
  1   -22.18883237279                   -0.89    15.2s
    ‖ρε - ρref‖ = 0.08134577863199399 ‖Δρ‖ = 0.08058760984221242  ‖vε - vref‖ = 0.8022423454534546  α = 0.00772
  2   -22.18889195002       -4.22       -2.03    9.36s
    ‖ρε - ρref‖ = 0.004114527703744189 ‖Δρ‖ = 0.003873750141827008  ‖vε - vref‖ = 0.5889458873392625  α = 0.0435
  3   -22.18890360021       -4.93       -2.42    9.77s
    ‖ρε - ρref‖ = 0.0017274779081984284 ‖Δρ‖ = 0.0013920483266000082  ‖vε - vref‖ = 0.5937257511741767  α = 0.0539
  4   -22.18891002099       -5.19       -2.51    9.10s
    ‖ρε - ρref‖ = 0.0015214586428606667 ‖Δρ‖ = 0.0011624625918175318  ‖vε - vref‖ = 0.6271682583510969  α = 0.046
  5   -22.18891179622       -5.75       -3.33    9.49s
    ‖ρε - ρref‖ = 0.0008605657762595747 ‖Δρ‖ = 0.00013365262483375678  ‖vε - vref‖ = 0.6553742676412815  α = 0.198
  6   -22.18891229967       -6.30       -3.45    9.19s
    ‖ρε - ρref‖ = 0.0008534769007781141 ‖Δρ‖ = 0.00012389291920049722  ‖vε - vref‖ = 0.666232146648526  α = 0.117
  7   -22.18891272502       -6.37       -3.70    9.88s
    ‖ρε - ρref‖ = 0.0008407376150378357 ‖Δρ‖ = 5.725167715419065e-5  ‖vε - vref‖ = 0.672804769057787  α = 0.202
  8   -22.18891296523       -6.62       -4.16    9.91s
    ‖ρε - ρref‖ = 0.0008368735104526947 ‖Δρ‖ = 2.079955380620822e-5  ‖vε - vref‖ = 0.6720480870313099  α = 0.355
  9   -22.18891307271       -6.97       -4.33    10.1s
    ‖ρε - ρref‖ = 0.0008354999936002816 ‖Δρ‖ = 1.3675615709397387e-5  ‖vε - vref‖ = 0.6706932624278339  α = 0.374
 10   -22.18891312572       -7.28       -4.41    10.0s
    ‖ρε - ρref‖ = 0.0008352839064203853 ‖Δρ‖ = 1.0206602696959064e-5  ‖vε - vref‖ = 0.670618632401355  α = 0.358
 11   -22.18891315087       -7.60       -4.43    11.1s
    ‖ρε - ρref‖ = 0.0008344077129191543 ‖Δρ‖ = 1.0591252151863053e-5  ‖vε - vref‖ = 0.6705733601484829  α = 0.265
 12   -22.18891315249       -8.79       -4.31    9.47s
    ‖ρε - ρref‖ = 0.0008096742557179562 ‖Δρ‖ = 2.8524801198842093e-5  ‖vε - vref‖ = 0.6701519802169085  α = 0.0259
 13   -22.18891317052       -7.74       -4.25    10.3s
    ‖ρε - ρref‖ = 0.0008380605380981002 ‖Δρ‖ = 1.4617264201977444e-5  ‖vε - vref‖ = 0.6705525805453184  α = 0.13
 14   -22.18891317307       -8.59       -4.51    10.0s
    ‖ρε - ρref‖ = 0.0008365225959292062 ‖Δρ‖ = 1.195291718717217e-5  ‖vε - vref‖ = 0.6709222452396584  α = 0.0879
 15   -22.18891317643       -8.47       -4.43    9.52s
    ‖ρε - ρref‖ = 0.0008350096923252821 ‖Δρ‖ = 1.293903595622053e-5  ‖vε - vref‖ = 0.6707453447849963  α = 0.0868
 16   -22.18891317893       -8.60       -4.30    9.40s
    ‖ρε - ρref‖ = 0.0008336632743839102 ‖Δρ‖ = 1.793397224657535e-5  ‖vε - vref‖ = 0.6706999398825509  α = 0.0543
 17   -22.18891318176       -8.55       -4.91    10.0s
    ‖ρε - ρref‖ = 0.0008346711075935411 ‖Δρ‖ = 3.3074959696395346e-6  ‖vε - vref‖ = 0.6704961933581228  α = 0.266
 18   -22.18891318268       -9.04       -5.16    9.63s
    ‖ρε - ρref‖ = 0.0008350233009799254 ‖Δρ‖ = 2.4826340570069697e-6  ‖vε - vref‖ = 0.6707761587409754  α = 0.227
 19   -22.18891318352       -9.08       -5.01    9.60s
    ‖ρε - ρref‖ = 0.0008347803566621988 ‖Δρ‖ = 3.3156822858465293e-6  ‖vε - vref‖ = 0.67076195411373  α = 0.154
 20   -22.18891318396       -9.35       -5.18    10.2s
    ‖ρε - ρref‖ = 0.0008345409111452909 ‖Δρ‖ = 1.991451486526393e-6  ‖vε - vref‖ = 0.670481531452251  α = 0.197
 21   -22.18891318438       -9.38       -5.51    10.2s
    ‖ρε - ρref‖ = 0.0008348645044178918 ‖Δρ‖ = 8.183323019526516e-7  ‖vε - vref‖ = 0.6706256398858697  α = 0.371

#-- ‖ρε - ρref‖ = 0.0008347942313500758 vs. 3.1622776601683796e-6 = δ*ε ‖vε - vref‖ = 0.6705517908398924


# --- ε=0.00017782794100389227

n     Energy            log10(ΔE)   log10(Δρ)   Δtime 
---   ---------------   ---------   ---------   ------
  1   -22.18795097963                   -0.89    15.4s
    ‖ρε - ρref‖ = 0.08169725324309497 ‖Δρ‖ = 0.08127071518165693  ‖vε - vref‖ = 0.8399809853916921  α = 0.00437
  2   -22.18799175147       -4.39       -2.00    9.45s
    ‖ρε - ρref‖ = 0.004199775740617192 ‖Δρ‖ = 0.00407494312550268  ‖vε - vref‖ = 0.5121418959214447  α = 0.026
  3   -22.18800213599       -4.98       -2.34    9.09s
    ‖ρε - ρref‖ = 0.0017986147222839415 ‖Δρ‖ = 0.0016522287128641901  ‖vε - vref‖ = 0.4686289905671643  α = 0.0328
  4   -22.18800815841       -5.22       -2.40    9.49s
    ‖ρε - ρref‖ = 0.001645627092540859 ‖Δρ‖ = 0.0015019949691845091  ‖vε - vref‖ = 0.4707014517941716  α = 0.0265
  5   -22.18801025577       -5.68       -3.15    9.61s
    ‖ρε - ρref‖ = 0.0005402290287402311 ‖Δρ‖ = 0.00019730536166339815  ‖vε - vref‖ = 0.5037769265907888  α = 0.118
  6   -22.18801075176       -6.30       -3.27    9.94s
    ‖ρε - ρref‖ = 0.0005239749285382991 ‖Δρ‖ = 0.00017960230493277514  ‖vε - vref‖ = 0.5172549925119646  α = 0.0639
  7   -22.18801113539       -6.42       -3.51    9.84s
    ‖ρε - ρref‖ = 0.0004908703648747992 ‖Δρ‖ = 8.325467535033158e-5  ‖vε - vref‖ = 0.5295871549077003  α = 0.115
  8   -22.18801136092       -6.65       -4.01    10.0s
    ‖ρε - ρref‖ = 0.00048186482023959996 ‖Δρ‖ = 2.6758503046772884e-5  ‖vε - vref‖ = 0.5359329219759396  α = 0.231
  9   -22.18801146201       -7.00       -4.13    10.2s
    ‖ρε - ρref‖ = 0.0004802718373346595 ‖Δρ‖ = 2.025947715219657e-5  ‖vε - vref‖ = 0.5366703935528069  α = 0.211
 10   -22.18801151022       -7.32       -4.23    10.2s
    ‖ρε - ρref‖ = 0.00048032463231096934 ‖Δρ‖ = 1.5549081881974084e-5  ‖vε - vref‖ = 0.5361939101757985  α = 0.199
 11   -22.18801154412       -7.47       -4.30    10.2s
    ‖ρε - ρref‖ = 0.00047936492248287955 ‖Δρ‖ = 1.3168676736425942e-5  ‖vε - vref‖ = 0.5352485882569537  α = 0.19
 12   -22.18801155164       -8.12       -4.52    10.3s
    ‖ρε - ρref‖ = 0.00047155480872150324 ‖Δρ‖ = 1.0993288340224238e-5  ‖vε - vref‖ = 0.534654957473223  α = 0.106
 13   -22.18801156404       -7.91       -3.37    10.1s
    ‖ρε - ρref‖ = 0.00055748436088562 ‖Δρ‖ = 0.00012492535639723132  ‖vε - vref‖ = 0.5354016512439687  α = 0.012
 14   -22.18801157082       -8.17       -4.51    9.55s
    ‖ρε - ρref‖ = 0.0004796350369632826 ‖Δρ‖ = 9.209108157434099e-6  ‖vε - vref‖ = 0.5357441686865739  α = 0.134
 15   -22.18801157383       -8.52       -4.03    9.84s
    ‖ρε - ρref‖ = 0.00047709476998124755 ‖Δρ‖ = 3.356312359867738e-5  ‖vε - vref‖ = 0.5353775323550839  α = 0.0263
 16   -22.18801157560       -8.75       -4.38    10.0s
    ‖ρε - ρref‖ = 0.000477240660243722 ‖Δρ‖ = 1.7474558125971074e-5  ‖vε - vref‖ = 0.5353745943157022  α = 0.0374
 17   -22.18801158190       -8.20       -4.59    9.65s
    ‖ρε - ρref‖ = 0.0004790251540785154 ‖Δρ‖ = 6.5591769900367625e-6  ‖vε - vref‖ = 0.5355346598147037  α = 0.151
 18   -22.18801158424       -8.63       -4.95    10.3s
    ‖ρε - ρref‖ = 0.00047907860014277176 ‖Δρ‖ = 3.4085844658191958e-6  ‖vε - vref‖ = 0.5359993281197764  α = 0.201
 19   -22.18801158556       -8.88       -4.63    10.4s
    ‖ρε - ρref‖ = 0.00047842077245133756 ‖Δρ‖ = 7.80669017971211e-6  ‖vε - vref‖ = 0.53582415480326  α = 0.07
 20   -22.18801158648       -9.04       -4.97    10.2s
    ‖ρε - ρref‖ = 0.00047828598657555303 ‖Δρ‖ = 3.259192305170867e-6  ‖vε - vref‖ = 0.5353705885574163  α = 0.138
 21   -22.18801158762       -8.94       -5.08    10.5s
    ‖ρε - ρref‖ = 0.0004789935513727213 ‖Δρ‖ = 2.0354257307544412e-6  ‖vε - vref‖ = 0.5356169992110963  α = 0.202
 22   -22.18801158818       -9.25       -5.65    9.78s
    ‖ρε - ρref‖ = 0.00047877230324409257 ‖Δρ‖ = 5.189138093269878e-7  ‖vε - vref‖ = 0.5356673730066925  α = 0.481
 23   -22.18801158835       -9.79       -5.41    10.2s
    ‖ρε - ρref‖ = 0.00047862603086478795 ‖Δρ‖ = 1.2462753570226045e-6  ‖vε - vref‖ = 0.5355279108765393  α = 0.149

#-- ‖ρε - ρref‖ = 0.0004788213272723558 vs. 1.7782794100389227e-6 = δ*ε ‖vε - vref‖ = 0.5354877688601369


# --- ε=0.0001

n     Energy            log10(ΔE)   log10(Δρ)   Δtime 
---   ---------------   ---------   ---------   ------
  1   -22.18744784555                   -0.89    15.2s
    ‖ρε - ρref‖ = 0.08191005718052054 ‖Δρ‖ = 0.08167030310707415  ‖vε - vref‖ = 0.9242869395795038  α = 0.00247
  2   -22.18747413060       -4.58       -1.99    9.65s
    ‖ρε - ρref‖ = 0.004272539704585962 ‖Δρ‖ = 0.004204645811208449  ‖vε - vref‖ = 0.5352660272779445  α = 0.0153
  3   -22.18748217853       -5.09       -2.29    9.65s
    ‖ρε - ρref‖ = 0.0019289626086456712 ‖Δρ‖ = 0.0018574303305617904  ‖vε - vref‖ = 0.43013880009004785  α = 0.0195
  4   -22.18748705738       -5.31       -2.32    9.59s
    ‖ρε - ρref‖ = 0.0018553483018365399 ‖Δρ‖ = 0.0017894826556974581  ‖vε - vref‖ = 0.3680376523278801  α = 0.0153
  5   -22.18748928889       -5.65       -3.02    9.38s
    ‖ρε - ρref‖ = 0.00040392713909799717 ‖Δρ‖ = 0.00026118143086304823  ‖vε - vref‖ = 0.3837231857091655  α = 0.072
  6   -22.18748979747       -6.29       -3.13    9.38s
    ‖ρε - ρref‖ = 0.00038182960821098346 ‖Δρ‖ = 0.00024546506103087864  ‖vε - vref‖ = 0.3946089475336153  α = 0.0365
  7   -22.18749017016       -6.43       -3.33    9.90s
    ‖ρε - ρref‖ = 0.00030562464662558283 ‖Δρ‖ = 0.00012159947489064109  ‖vε - vref‖ = 0.4076079421787384  α = 0.0626
  8   -22.18749036323       -6.71       -3.83    9.75s
    ‖ρε - ρref‖ = 0.00027884828531162307 ‖Δρ‖ = 3.8045169646930746e-5  ‖vε - vref‖ = 0.4187370871629329  α = 0.132
  9   -22.18749045778       -7.02       -3.96    9.86s
    ‖ρε - ρref‖ = 0.0002760384914094393 ‖Δρ‖ = 2.725565253555717e-5  ‖vε - vref‖ = 0.423983847861828  α = 0.127
 10   -22.18749050442       -7.33       -4.08    9.42s
    ‖ρε - ρref‖ = 0.0002762032946327899 ‖Δρ‖ = 2.1991806592575998e-5  ‖vε - vref‖ = 0.4257961545608342  α = 0.112
 11   -22.18749054244       -7.42       -4.18    10.3s
    ‖ρε - ρref‖ = 0.00027485246762829526 ‖Δρ‖ = 1.645020845032967e-5  ‖vε - vref‖ = 0.4257376201633516  α = 0.129
 12   -22.18749054381       -8.86       -4.01    9.91s
    ‖ρε - ρref‖ = 0.000322325038631572 ‖Δρ‖ = 5.4947555971046695e-5  ‖vε - vref‖ = 0.42609975711693443  α = 0.0071
 13   -22.18749056380       -7.70       -3.96    9.22s
    ‖ρε - ρref‖ = 0.00027227375303231225 ‖Δρ‖ = 2.6792395888144637e-5  ‖vε - vref‖ = 0.42614762835108444  α = 0.0575
 14   -22.18749056875       -8.30       -4.13    10.2s
    ‖ρε - ρref‖ = 0.00027124937696020805 ‖Δρ‖ = 2.595849519053033e-5  ‖vε - vref‖ = 0.4253662463304858  α = 0.0329
 15   -22.18749057514       -8.20       -3.90    9.70s
    ‖ρε - ρref‖ = 0.0002754844885678633 ‖Δρ‖ = 3.774370990162891e-5  ‖vε - vref‖ = 0.425079595688682  α = 0.0252
 16   -22.18749057909       -8.40       -3.91    10.5s
    ‖ρε - ρref‖ = 0.0002804395564624945 ‖Δρ‖ = 4.440339736887931e-5  ‖vε - vref‖ = 0.42471115446996976  α = 0.0168
 17   -22.18749058624       -8.15       -4.66    10.6s
    ‖ρε - ρref‖ = 0.00027401576719923856 ‖Δρ‖ = 5.517505992371166e-6  ‖vε - vref‖ = 0.42527791830296946  α = 0.164
 18   -22.18749058868       -8.61       -4.50    9.62s
    ‖ρε - ρref‖ = 0.00027255963389934585 ‖Δρ‖ = 1.0615507765838274e-5  ‖vε - vref‖ = 0.42477195563557923  α = 0.0554
 19   -22.18749059183       -8.50       -4.49    9.56s
    ‖ρε - ρref‖ = 0.00027293728234065504 ‖Δρ‖ = 9.005246761160365e-6  ‖vε - vref‖ = 0.42442395344162703  α = 0.0711
 20   -22.18749059419       -8.63       -4.58    10.1s
    ‖ρε - ρref‖ = 0.0002746597869152521 ‖Δρ‖ = 7.807852916654692e-6  ‖vε - vref‖ = 0.42504471448088565  α = 0.0708
 21   -22.18749059712       -8.53       -5.14    9.44s
    ‖ρε - ρref‖ = 0.0002735336448836905 ‖Δρ‖ = 1.4836531461289338e-6  ‖vε - vref‖ = 0.42533560178163665  α = 0.324
 22   -22.18749059781       -9.16       -5.11    10.1s
    ‖ρε - ρref‖ = 0.0002732779305340821 ‖Δρ‖ = 2.5516674360156647e-6  ‖vε - vref‖ = 0.42513887259522215  α = 0.118
 23   -22.18749059878       -9.01       -5.07    9.86s
    ‖ρε - ρref‖ = 0.00027362845755913917 ‖Δρ‖ = 1.928448488122383e-6  ‖vε - vref‖ = 0.42522740093480804  α = 0.162
 24   -22.18749059915       -9.43       -5.12    9.95s
    ‖ρε - ρref‖ = 0.000273396694713034 ‖Δρ‖ = 1.996398214007201e-6  ‖vε - vref‖ = 0.42522042830973517  α = 0.111
 25   -22.18749059917      -10.69       -4.79    10.2s
    ‖ρε - ρref‖ = 0.00028148188983223235 ‖Δρ‖ = 9.166159054394746e-6  ‖vε - vref‖ = 0.4252707567177694  α = 0.00521
 26   -22.18749059944       -9.57       -4.95    9.29s
    ‖ρε - ρref‖ = 0.00027316549504775064 ‖Δρ‖ = 2.8933353441976037e-6  ‖vε - vref‖ = 0.42517292042383786  α = 0.0639
 27   -22.18749059949      -10.31       -4.95    10.4s
    ‖ρε - ρref‖ = 0.0002730221355732172 ‖Δρ‖ = 4.4298298298166465e-6  ‖vε - vref‖ = 0.42511347514537756  α = 0.0195
 28   -22.18749059959       -9.99       -5.04    9.80s
    ‖ρε - ρref‖ = 0.0002733853156010835 ‖Δρ‖ = 3.1054848421860453e-6  ‖vε - vref‖ = 0.4251369925368677  α = 0.0375
 29   -22.18749059974       -9.84       -4.79    11.0s
    ‖ρε - ρref‖ = 0.00027410789175399015 ‖Δρ‖ = 4.616377685434031e-6  ‖vε - vref‖ = 0.42517243158043444  α = 0.0287
 30   -22.18749059984      -10.02       -5.61    10.5s
    ‖ρε - ρref‖ = 0.00027354585843257306 ‖Δρ‖ = 6.770968667488518e-7  ‖vε - vref‖ = 0.42521920538380603  α = 0.162
 31   -22.18749059989      -10.26       -5.33    10.1s
    ‖ρε - ρref‖ = 0.0002733582710000103 ‖Δρ‖ = 1.4695784731816606e-6  ‖vε - vref‖ = 0.42513189646278465  α = 0.0581
 32   -22.18749059994      -10.29       -5.25    10.6s
    ‖ρε - ρref‖ = 0.0002734142336153153 ‖Δρ‖ = 1.4963435545544123e-6  ‖vε - vref‖ = 0.4250737157190568  α = 0.0557
 33   -22.18749059997      -10.58       -5.68    10.8s
    ‖ρε - ρref‖ = 0.0002736477633553166 ‖Δρ‖ = 6.464439199816069e-7  ‖vε - vref‖ = 0.42518553810976095  α = 0.0936
 34   -22.18749060001      -10.41       -5.79    9.41s
    ‖ρε - ρref‖ = 0.00027351189199227626 ‖Δρ‖ = 3.8500254462260065e-7  ‖vε - vref‖ = 0.42521681611973366  α = 0.165

#-- ‖ρε - ρref‖ = 0.00027351698438761137 vs. 1.0000000000000002e-6 = δ*ε ‖vε - vref‖ = 0.42515469960760177


# --- ε=5.623413251903491e-5

n     Energy            log10(ΔE)   log10(Δρ)   Δtime 
---   ---------------   ---------   ---------   ------
  1   -22.18716307294                   -0.89    15.6s
    ‖ρε - ρref‖ = 0.08198999340801055 ‖Δρ‖ = 0.08185525798149339  ‖vε - vref‖ = 1.0190977287305796  α = 0.00139
  2   -22.18717926011       -4.79       -1.98    9.67s
    ‖ρε - ρref‖ = 0.004322585572969965 ‖Δρ‖ = 0.004284831853307625  ‖vε - vref‖ = 0.6128494183571214  α = 0.00886
  3   -22.18718485960       -5.25       -2.25    9.27s
    ‖ρε - ρref‖ = 0.00204319757981047 ‖Δρ‖ = 0.0020054549835768344  ‖vε - vref‖ = 0.46677255094135905  α = 0.0114
  4   -22.18718837525       -5.45       -2.27    9.68s
    ‖ρε - ρref‖ = 0.0020403192581945804 ‖Δρ‖ = 0.002006720391740591  ‖vε - vref‖ = 0.3407177795947672  α = 0.00873
  5   -22.18719036089       -5.70       -2.93    9.71s
    ‖ρε - ρref‖ = 0.00037318917803154497 ‖Δρ‖ = 0.00031591119873014344  ‖vε - vref‖ = 0.30594242841614405  α = 0.0432
  6   -22.18719082646       -6.33       -3.03    9.86s
    ‖ρε - ρref‖ = 0.0003565051092585796 ‖Δρ‖ = 0.0003076263383912324  ‖vε - vref‖ = 0.3044197758682276  α = 0.0213
  7   -22.18719117749       -6.45       -3.20    9.15s
    ‖ρε - ρref‖ = 0.000232066762749171 ‖Δρ‖ = 0.00016296424942525175  ‖vε - vref‖ = 0.3106451072817416  α = 0.0352
  8   -22.18719134989       -6.76       -3.68    9.64s
    ‖ρε - ρref‖ = 0.0001674902486276685 ‖Δρ‖ = 5.249837469901796e-5  ‖vε - vref‖ = 0.3216419887433567  α = 0.0732
  9   -22.18719142732       -7.11       -3.81    9.55s
    ‖ρε - ρref‖ = 0.00016105336444114431 ‖Δρ‖ = 3.672309261906033e-5  ‖vε - vref‖ = 0.32889717295156573  α = 0.07
 10   -22.18719146436       -7.43       -3.95    9.43s
    ‖ρε - ρref‖ = 0.0001601244321144538 ‖Δρ‖ = 2.816737151974317e-5  ‖vε - vref‖ = 0.33313414656831003  α = 0.0631
 11   -22.18719149689       -7.49       -4.07    9.76s
    ‖ρε - ρref‖ = 0.00015782316454121984 ‖Δρ‖ = 1.9706649403530263e-5  ‖vε - vref‖ = 0.33618767082946316  α = 0.0806
 12   -22.18719149811       -8.92       -3.66    10.0s
    ‖ρε - ρref‖ = 0.0002795830416511089 ‖Δρ‖ = 0.00013304724814152086  ‖vε - vref‖ = 0.33648966089669186  α = 0.00207
 13   -22.18719151718       -7.72       -4.13    10.1s
    ‖ρε - ρref‖ = 0.000156415887785367 ‖Δρ‖ = 1.8040004483893325e-5  ‖vε - vref‖ = 0.33849759205608543  α = 0.0667
 14   -22.18719152292       -8.24       -4.02    10.0s
    ‖ρε - ρref‖ = 0.00015511094716540258 ‖Δρ‖ = 3.2945827214283716e-5  ‖vε - vref‖ = 0.3380966924884799  α = 0.0211
 15   -22.18719153066       -8.11       -3.71    10.1s
    ‖ρε - ρref‖ = 0.00016547078916627757 ‖Δρ‖ = 5.852210935061768e-5  ‖vε - vref‖ = 0.3382766089162411  α = 0.0136
 16   -22.18719153581       -8.29       -3.72    10.5s
    ‖ρε - ρref‖ = 0.0001732302648952176 ‖Δρ‖ = 6.458417432400052e-5  ‖vε - vref‖ = 0.33806244359045895  α = 0.00987
 17   -22.18719154321       -8.13       -4.46    9.65s
    ‖ρε - ρref‖ = 0.00015666021475941292 ‖Δρ‖ = 8.654871922052104e-6  ‖vε - vref‖ = 0.33839912389793003  α = 0.0878
 18   -22.18719154569       -8.61       -4.33    9.87s
    ‖ρε - ρref‖ = 0.00015478074008099674 ‖Δρ‖ = 1.5481995189400028e-5  ‖vε - vref‖ = 0.3376641037508985  α = 0.0297
 19   -22.18719154923       -8.45       -4.36    9.23s
    ‖ρε - ρref‖ = 0.0001548940063808438 ‖Δρ‖ = 1.1767667433489012e-5  ‖vε - vref‖ = 0.3367189376604313  α = 0.0453
 20   -22.18719155298       -8.43       -4.36    9.72s
    ‖ρε - ρref‖ = 0.00015735387450679114 ‖Δρ‖ = 1.1197458729567676e-5  ‖vε - vref‖ = 0.3367922164042343  α = 0.0471
 21   -22.18719155656       -8.45       -4.98    10.8s
    ‖ρε - ρref‖ = 0.00015580128939426003 ‖Δρ‖ = 2.153331667825967e-6  ‖vε - vref‖ = 0.3369104760409712  α = 0.21
 22   -22.18719155757       -9.00       -4.72    9.08s
    ‖ρε - ρref‖ = 0.00015513018959178722 ‖Δρ‖ = 5.8723466464528955e-6  ‖vε - vref‖ = 0.33659582933074905  α = 0.0487
 23   -22.18719155874       -8.93       -4.95    9.78s
    ‖ρε - ρref‖ = 0.0001556599383991188 ‖Δρ‖ = 2.500637480558677e-6  ‖vε - vref‖ = 0.3366834363680106  α = 0.118
 24   -22.18719155887       -9.87       -4.71    10.0s
    ‖ρε - ρref‖ = 0.00016303769034792308 ‖Δρ‖ = 8.878386623446029e-6  ‖vε - vref‖ = 0.33685381238421397  α = 0.0104
 25   -22.18719155952       -9.19       -4.04    10.3s
    ‖ρε - ρref‖ = 0.00015158383152477116 ‖Δρ‖ = 2.4572681636369193e-5  ‖vε - vref‖ = 0.3369524796560686  α = 0.00905
 26   -22.18719155994       -9.38       -4.94    10.0s
    ‖ρε - ρref‖ = 0.00015544433776290743 ‖Δρ‖ = 3.2197994520892084e-6  ‖vε - vref‖ = 0.33687786110315365  α = 0.057
 27   -22.18719156018       -9.63       -4.21    9.45s
    ‖ρε - ρref‖ = 0.00015748528147349955 ‖Δρ‖ = 1.9986996442650246e-5  ‖vε - vref‖ = 0.3369708944284473  α = 0.00706
 28   -22.18719156030       -9.90       -4.90    9.59s
    ‖ρε - ρref‖ = 0.0001563440582240466 ‖Δρ‖ = 4.760657056849714e-6  ‖vε - vref‖ = 0.3370069808774263  α = 0.0213
 29   -22.18719156082       -9.28       -4.77    9.68s
    ‖ρε - ρref‖ = 0.00015557168093870244 ‖Δρ‖ = 3.7094622870011896e-6  ‖vε - vref‖ = 0.33708287362589506  α = 0.0505
 30   -22.18719156099       -9.79       -5.12    9.50s
    ‖ρε - ρref‖ = 0.0001557932785249326 ‖Δρ‖ = 1.9274134356177726e-6  ‖vε - vref‖ = 0.3371816745039906  α = 0.062
 31   -22.18719156112       -9.88       -5.25    9.62s
    ‖ρε - ρref‖ = 0.00015561739845184992 ‖Δρ‖ = 1.735987099621791e-6  ‖vε - vref‖ = 0.3371314490631498  α = 0.0591
 32   -22.18719156135       -9.64       -4.86    9.81s
    ‖ρε - ρref‖ = 0.00015536364686865247 ‖Δρ‖ = 3.2428137195690893e-6  ‖vε - vref‖ = 0.33694621658508905  α = 0.0378
 33   -22.18719156141      -10.21       -5.32    9.40s
    ‖ρε - ρref‖ = 0.0001560328017732416 ‖Δρ‖ = 1.4892695605645294e-6  ‖vε - vref‖ = 0.3371450702971621  α = 0.0487
 34   -22.18719156150      -10.06       -5.42    9.38s
    ‖ρε - ρref‖ = 0.00015569194322067462 ‖Δρ‖ = 9.438037715812777e-7  ‖vε - vref‖ = 0.33722883653045405  α = 0.0862
 35   -22.18719156158      -10.08       -5.47    9.93s
    ‖ρε - ρref‖ = 0.00015555853747580017 ‖Δρ‖ = 7.609517534509268e-7  ‖vε - vref‖ = 0.3371339713660768  α = 0.0998
 36   -22.18719156158      -11.54       -4.98    10.2s
    ‖ρε - ρref‖ = 0.00016085504351039204 ‖Δρ‖ = 6.023585266597563e-6  ‖vε - vref‖ = 0.33715107814708123  α = 0.00223
 37   -22.18719156164      -10.28       -5.42    10.0s
    ‖ρε - ρref‖ = 0.00015565408505740063 ‖Δρ‖ = 8.806870051455825e-7  ‖vε - vref‖ = 0.3371156615770789  α = 0.0697
 38   -22.18719156165      -10.95       -5.46    9.60s
    ‖ρε - ρref‖ = 0.00015555764397640664 ‖Δρ‖ = 1.1694310090230335e-6  ‖vε - vref‖ = 0.3370744042969873  α = 0.0268
 39   -22.18719156166      -10.97       -5.01    9.65s
    ‖ρε - ρref‖ = 0.00015561145110842904 ‖Δρ‖ = 3.3784567619833583e-6  ‖vε - vref‖ = 0.33706684431855355  α = 0.00901
 40   -22.18719156167      -10.85       -5.68    9.85s
    ‖ρε - ρref‖ = 0.00015575474884973076 ‖Δρ‖ = 6.591417160872788e-7  ‖vε - vref‖ = 0.33706851234509394  α = 0.0504
 41   -22.18719156169      -10.64       -5.18    10.3s
    ‖ρε - ρref‖ = 0.0001555523672703386 ‖Δρ‖ = 1.8283211223070487e-6  ‖vε - vref‖ = 0.3370596506182031  α = 0.0214
 42   -22.18719156171      -10.87       -5.75    10.0s
    ‖ρε - ρref‖ = 0.0001557144523327637 ‖Δρ‖ = 4.89406710105801e-7  ‖vε - vref‖ = 0.3370856201825889  α = 0.0664
 43   -22.18719156172      -10.84       -5.81    10.2s
    ‖ρε - ρref‖ = 0.0001556654622989531 ‖Δρ‖ = 3.582728951076069e-7  ‖vε - vref‖ = 0.33708214137888315  α = 0.0902

#-- ‖ρε - ρref‖ = 0.00015567857870209736 vs. 5.62341325190349e-7 = δ*ε ‖vε - vref‖ = 0.3370725920328119


# --- ε=3.1622776601683795e-5

n     Energy            log10(ΔE)   log10(Δρ)   Δtime 
---   ---------------   ---------   ---------   ------
  1   -22.18700278027                   -0.89    15.8s
    ‖ρε - ρref‖ = 0.08205280031039616 ‖Δρ‖ = 0.08197707866824783  ‖vε - vref‖ = 1.1021331420201799  α = 0.000783
  2   -22.18701242918       -5.02       -1.97    8.86s
    ‖ρε - ρref‖ = 0.004354291579412187 ‖Δρ‖ = 0.004333115795076681  ‖vε - vref‖ = 0.6962536016615536  α = 0.00509
  3   -22.18701603870       -5.44       -2.23    9.46s
    ‖ρε - ρref‖ = 0.002125728454137875 ‖Δρ‖ = 0.002105045531593179  ‖vε - vref‖ = 0.5306420132694593  α = 0.00656
  4   -22.18701836395       -5.63       -2.24    9.31s
    ‖ρε - ρref‖ = 0.0021761418275187345 ‖Δρ‖ = 0.0021580204010274166  ‖vε - vref‖ = 0.3682696632333382  α = 0.00498
  5   -22.18701988215       -5.82       -2.87    9.34s
    ‖ρε - ρref‖ = 0.00038225583751993277 ‖Δρ‖ = 0.00035759176897445544  ‖vε - vref‖ = 0.27361355205063476  α = 0.0255
  6   -22.18702025423       -6.43       -2.96    9.77s
    ‖ρε - ρref‖ = 0.0003773574709265362 ‖Δρ‖ = 0.00035888005604788964  ‖vε - vref‖ = 0.25016547726154253  α = 0.0123
  7   -22.18702055029       -6.53       -3.11    9.52s
    ‖ρε - ρref‖ = 0.00022380652028020692 ‖Δρ‖ = 0.00019995098483277973  ‖vε - vref‖ = 0.23914191144867017  α = 0.0201
  8   -22.18702070439       -6.81       -3.56    9.86s
    ‖ρε - ρref‖ = 0.00011438822922662853 ‖Δρ‖ = 6.714336291648838e-5  ‖vε - vref‖ = 0.24341007184033842  α = 0.0421
  9   -22.18702077056       -7.18       -3.69    9.88s
    ‖ρε - ρref‖ = 0.00010169822068269932 ‖Δρ‖ = 4.810428231105712e-5  ‖vε - vref‖ = 0.24913726143443202  α = 0.0387
 10   -22.18702079931       -7.54       -3.83    9.53s
    ‖ρε - ρref‖ = 9.735958043706691e-5 ‖Δρ‖ = 3.5948456794860505e-5  ‖vε - vref‖ = 0.2537356510122622  α = 0.0342
 11   -22.18702082205       -7.64       -3.96    9.60s
    ‖ρε - ρref‖ = 9.236628468610412e-5 ‖Δρ‖ = 2.4132724412576632e-5  ‖vε - vref‖ = 0.25830974770545256  α = 0.0446
 12   -22.18702082312       -8.97       -3.50    9.58s
    ‖ρε - ρref‖ = 0.00027714176805842416 ‖Δρ‖ = 0.00019673147139065756  ‖vε - vref‖ = 0.25852983272203345  α = 0.000982
 13   -22.18702083587       -7.89       -4.12    10.5s
    ‖ρε - ρref‖ = 9.007748066501155e-5 ‖Δρ‖ = 1.7634264871990888e-5  ‖vε - vref‖ = 0.2625737519192569  α = 0.0451
 14   -22.18702084085       -8.30       -4.00    10.0s
    ‖ρε - ρref‖ = 9.03390377016209e-5 ‖Δρ‖ = 3.130377924041434e-5  ‖vε - vref‖ = 0.26338701971124684  α = 0.0157
 15   -22.18702084730       -8.19       -3.55    9.57s
    ‖ρε - ρref‖ = 0.0001200651373390229 ‖Δρ‖ = 8.1308727879538e-5  ‖vε - vref‖ = 0.26508948002705407  α = 0.00684
 16   -22.18702085140       -8.39       -3.63    9.31s
    ‖ρε - ρref‖ = 0.00012224311891506894 ‖Δρ‖ = 7.664266649145545e-5  ‖vε - vref‖ = 0.26596794472685314  α = 0.00565
 17   -22.18702085864       -8.14       -4.32    10.4s
    ‖ρε - ρref‖ = 9.008154048762656e-5 ‖Δρ‖ = 1.1410485721612571e-5  ‖vε - vref‖ = 0.2679087650309415  α = 0.0508
 18   -22.18702086097       -8.63       -4.22    10.2s
    ‖ρε - ρref‖ = 8.825371220380596e-5 ‖Δρ‖ = 1.9675614799666275e-5  ‖vε - vref‖ = 0.2676084346380516  α = 0.0172
 19   -22.18702086440       -8.46       -4.23    10.1s
    ‖ρε - ρref‖ = 8.797522918751544e-5 ‖Δρ‖ = 1.5559052546524265e-5  ‖vε - vref‖ = 0.2671273359280564  α = 0.026
 20   -22.18702086857       -8.38       -4.19    9.48s
    ‖ρε - ρref‖ = 9.122328405079335e-5 ‖Δρ‖ = 1.5416831124583174e-5  ‖vε - vref‖ = 0.26732980482241636  α = 0.0281
 21   -22.18702087201       -8.46       -4.83    9.84s
    ‖ρε - ρref‖ = 8.863809284239064e-5 ‖Δρ‖ = 3.176055187069387e-6  ‖vε - vref‖ = 0.2670355203312471  α = 0.118
 22   -22.18702087367       -8.78       -4.45    9.28s
    ‖ρε - ρref‖ = 8.774140655544247e-5 ‖Δρ‖ = 9.434119597802946e-6  ‖vε - vref‖ = 0.26613711124659095  α = 0.0292
 23   -22.18702087486       -8.92       -4.74    10.2s
    ‖ρε - ρref‖ = 8.819365976149662e-5 ‖Δρ‖ = 4.017684723451056e-6  ‖vε - vref‖ = 0.2655673086769299  α = 0.0597
 24   -22.18702087499       -9.88       -4.48    10.2s
    ‖ρε - ρref‖ = 0.00010167509583946175 ‖Δρ‖ = 1.559641280116024e-5  ‖vε - vref‖ = 0.2656686053917829  α = 0.00439
 25   -22.18702087587       -9.06       -3.94    9.19s
    ‖ρε - ρref‖ = 8.776114114958158e-5 ‖Δρ‖ = 2.844549551425497e-5  ‖vε - vref‖ = 0.265366215313038  α = 0.0071
 26   -22.18702087629       -9.38       -4.73    9.82s
    ‖ρε - ρref‖ = 8.811051212929253e-5 ‖Δρ‖ = 5.468096154382277e-6  ‖vε - vref‖ = 0.2651694549380608  α = 0.026
 27   -22.18702087672       -9.36       -4.01    10.1s
    ‖ρε - ρref‖ = 9.323155006085785e-5 ‖Δρ‖ = 2.7686505388178036e-5  ‖vε - vref‖ = 0.26517366529125513  α = 0.00523
 28   -22.18702087686       -9.86       -4.55    9.64s
    ‖ρε - ρref‖ = 9.023568084792748e-5 ‖Δρ‖ = 1.0683630849653096e-5  ‖vε - vref‖ = 0.26516496047832766  α = 0.00757
 29   -22.18702087766       -9.10       -4.79    9.41s
    ‖ρε - ρref‖ = 8.82172874848086e-5 ‖Δρ‖ = 3.2952256461384012e-6  ‖vε - vref‖ = 0.26504660578618455  α = 0.0559
 30   -22.18702087797       -9.50       -4.73    10.2s
    ‖ρε - ρref‖ = 8.860161516166716e-5 ‖Δρ‖ = 4.502186316671808e-6  ‖vε - vref‖ = 0.26518936173396485  α = 0.0279
 31   -22.18702087807      -10.01       -4.79    9.86s
    ‖ρε - ρref‖ = 8.874616713587318e-5 ‖Δρ‖ = 5.367858212393212e-6  ‖vε - vref‖ = 0.26528439775708784  α = 0.0132
 32   -22.18702087854       -9.33       -5.08    10.0s
    ‖ρε - ρref‖ = 8.831184164539283e-5 ‖Δρ‖ = 1.6604489447026019e-6  ‖vε - vref‖ = 0.26548596218816395  α = 0.0822
 33   -22.18702087876       -9.64       -5.03    9.38s
    ‖ρε - ρref‖ = 8.829052656790675e-5 ‖Δρ‖ = 2.2094125718873957e-6  ‖vε - vref‖ = 0.2655977464936122  α = 0.0465
 34   -22.18702087894       -9.75       -5.36    10.4s
    ‖ρε - ρref‖ = 8.837744099275598e-5 ‖Δρ‖ = 1.0347206587414173e-6  ‖vε - vref‖ = 0.2658790671337482  α = 0.0857
 35   -22.18702087900      -10.19       -5.24    10.0s
    ‖ρε - ρref‖ = 8.78368438596807e-5 ‖Δρ‖ = 1.7410214652679017e-6  ‖vε - vref‖ = 0.26594381517367305  α = 0.0308
 36   -22.18702087904      -10.51       -4.14    9.55s
    ‖ρε - ρref‖ = 0.00011157676865433496 ‖Δρ‖ = 2.824380875134713e-5  ‖vε - vref‖ = 0.2660414657746468  α = 0.00122
 37   -22.18702087919       -9.81       -5.15    10.2s
    ‖ρε - ρref‖ = 8.811456938549068e-5 ‖Δρ‖ = 1.532547084300813e-6  ‖vε - vref‖ = 0.26589321411201444  α = 0.0513
 38   -22.18702087920      -10.87       -4.79    10.5s
    ‖ρε - ρref‖ = 8.790053377046867e-5 ‖Δρ‖ = 6.402228891229007e-6  ‖vε - vref‖ = 0.26585458559147024  α = 0.00406
 39   -22.18702087924      -10.43       -5.12    9.70s
    ‖ρε - ρref‖ = 8.816831697716867e-5 ‖Δρ‖ = 2.375131825942079e-6  ‖vε - vref‖ = 0.26584208119237673  α = 0.0176
 40   -22.18702087926      -10.60       -4.88    10.6s
    ‖ρε - ρref‖ = 8.890656640767648e-5 ‖Δρ‖ = 4.1745197856871975e-6  ‖vε - vref‖ = 0.265852131886882  α = 0.00837
 41   -22.18702087932      -10.28       -5.25    9.73s
    ‖ρε - ρref‖ = 8.837889340272959e-5 ‖Δρ‖ = 1.3305534150134089e-6  ‖vε - vref‖ = 0.2658973536205441  α = 0.0375
 42   -22.18702087935      -10.53       -5.52    8.51s
    ‖ρε - ρref‖ = 8.842915580947466e-5 ‖Δρ‖ = 8.181436699698617e-7  ‖vε - vref‖ = 0.2659467946965148  α = 0.0458
 43   -22.18702087938      -10.46       -5.16    10.2s
    ‖ρε - ρref‖ = 8.831651592984729e-5 ‖Δρ‖ = 1.7671440866158891e-6  ‖vε - vref‖ = 0.26591432008690097  α = 0.0225
 44   -22.18702087941      -10.57       -5.09    9.16s
    ‖ρε - ρref‖ = 8.793975079966528e-5 ‖Δρ‖ = 2.1961413787977263e-6  ‖vε - vref‖ = 0.2657956043886348  α = 0.0161
 45   -22.18702087943      -10.66       -5.61    10.4s
    ‖ρε - ρref‖ = 8.835234038830527e-5 ‖Δρ‖ = 5.557317154895835e-7  ‖vε - vref‖ = 0.2657844921205297  α = 0.0589
 46   -22.18702087945      -10.71       -5.51    8.77s
    ‖ρε - ρref‖ = 8.838820730922389e-5 ‖Δρ‖ = 6.777676459242352e-7  ‖vε - vref‖ = 0.2657908380022021  α = 0.0448
 47   -22.18702087945      -12.11       -5.32    10.5s
    ‖ρε - ρref‖ = 8.604169568270343e-5 ‖Δρ‖ = 2.6992178524021635e-6  ‖vε - vref‖ = 0.2657798222011287  α = 0.00195
 48   -22.18702087947      -10.73       -5.39    10.0s
    ‖ρε - ρref‖ = 8.83885263311587e-5 ‖Δρ‖ = 9.033259928854562e-7  ‖vε - vref‖ = 0.26573736016951477  α = 0.0318
 49   -22.18702087947      -11.25       -5.59    9.21s
    ‖ρε - ρref‖ = 8.829694383072699e-5 ‖Δρ‖ = 7.73466489165358e-7  ‖vε - vref‖ = 0.2657265966809473  α = 0.0215
 50   -22.18702087948      -11.24       -4.96    11.0s
    ‖ρε - ρref‖ = 8.80319747368883e-5 ‖Δρ‖ = 3.202066319024976e-6  ‖vε - vref‖ = 0.26569552371812155  α = 0.00522
 51   -22.18702087949      -11.31       -5.53    9.47s
    ‖ρε - ρref‖ = 8.829324769816554e-5 ‖Δρ‖ = 9.300613442389343e-7  ‖vε - vref‖ = 0.26570735141239255  α = 0.0161
 52   -22.18702087949      -11.36       -5.27    10.8s
    ‖ρε - ρref‖ = 8.864414463468686e-5 ‖Δρ‖ = 1.582392327509004e-6  ‖vε - vref‖ = 0.2657350619954189  α = 0.00937
 53   -22.18702087950      -10.99       -6.06    9.20s
    ‖ρε - ρref‖ = 8.832817053674182e-5 ‖Δρ‖ = 1.839230098970586e-7  ‖vε - vref‖ = 0.2657749642908704  α = 0.111
 54   -22.18702087950      -11.40       -5.62    10.5s
    ‖ρε - ρref‖ = 8.83319539678201e-5 ‖Δρ‖ = 6.755302408006356e-7  ‖vε - vref‖ = 0.26578003458487914  α = 0.0205
 55   -22.18702087951      -11.72       -5.69    9.07s
    ‖ρε - ρref‖ = 8.829805411930204e-5 ‖Δρ‖ = 6.857989772669733e-7  ‖vε - vref‖ = 0.26577335038458094  α = 0.0142
 56   -22.18702087951      -11.55       -5.93    11.3s
    ‖ρε - ρref‖ = 8.825099956537842e-5 ‖Δρ‖ = 3.193785613189401e-7  ‖vε - vref‖ = 0.2657291344334323  α = 0.0361
 57   -22.18702087951      -11.49       -5.93    9.88s
    ‖ρε - ρref‖ = 8.835459700853494e-5 ‖Δρ‖ = 2.7936628395872537e-7  ‖vε - vref‖ = 0.2657451181600274  α = 0.0438
 58   -22.18702087951      -11.91       -6.01    10.1s
    ‖ρε - ρref‖ = 8.848402981530294e-5 ‖Δρ‖ = 3.005743277204627e-7  ‖vε - vref‖ = 0.2657595676721239  α = 0.0238

#-- ‖ρε - ρref‖ = 8.832172259911245e-5 vs. 3.1622776601683797e-7 = δ*ε ‖vε - vref‖ = 0.2657562037630571


# --- ε=1.778279410038923e-5

n     Energy            log10(ΔE)   log10(Δρ)   Δtime 
---   ---------------   ---------   ---------   ------
  1   -22.18691280595                   -0.89    15.2s
    ‖ρε - ρref‖ = 0.08208936583914273 ‖Δρ‖ = 0.0820468040543  ‖vε - vref‖ = 1.1659017809290428  α = 0.00044
  2   -22.18691843045       -5.25       -1.97    8.64s
    ‖ρε - ρref‖ = 0.00437322299341706 ‖Δρ‖ = 0.00436131346857881  ‖vε - vref‖ = 0.7652083872849189  α = 0.0029
  3   -22.18692063977       -5.66       -2.21    9.85s
    ‖ρε - ρref‖ = 0.0021797180790667178 ‖Δρ‖ = 0.0021681993751858732  ‖vε - vref‖ = 0.5913549859178792  α = 0.00375
  4   -22.18692208842       -5.84       -2.22    8.97s
    ‖ρε - ρref‖ = 0.0022669095809246136 ‖Δρ‖ = 0.0022568896283932456  ‖vε - vref‖ = 0.4134154611953147  α = 0.00282
  5   -22.18692312934       -5.98       -2.84    9.50s
    ‖ρε - ρref‖ = 0.00039787641059008127 ‖Δρ‖ = 0.00038619075939545436  ‖vε - vref‖ = 0.2761978247639536  α = 0.0148
  6   -22.18692339433       -6.58       -2.91    9.38s
    ‖ρε - ρref‖ = 0.00040338602910259353 ‖Δρ‖ = 0.0003955050509046121  ‖vε - vref‖ = 0.2307403193943954  α = 0.00712
  7   -22.18692361632       -6.65       -3.05    9.88s
    ‖ρε - ρref‖ = 0.00023845188206809428 ‖Δρ‖ = 0.0002296848713170754  ‖vε - vref‖ = 0.19499040082229205  α = 0.0115
  8   -22.18692374283       -6.90       -3.48    9.77s
    ‖ρε - ρref‖ = 9.709660934923533e-5 ‖Δρ‖ = 7.988399470652741e-5  ‖vε - vref‖ = 0.18304720126596297  α = 0.0245
  9   -22.18692379879       -7.25       -3.59    9.07s
    ‖ρε - ρref‖ = 7.873257072492526e-5 ‖Δρ‖ = 5.9464516481290094e-5  ‖vε - vref‖ = 0.1823715374029515  α = 0.022
 10   -22.18692382293       -7.62       -3.72    9.67s
    ‖ρε - ρref‖ = 6.912219197201175e-5 ‖Δρ‖ = 4.492507832338824e-5  ‖vε - vref‖ = 0.18522711277476445  α = 0.0192
 11   -22.18692384076       -7.75       -3.86    8.72s
    ‖ρε - ρref‖ = 5.9230600706548896e-5 ‖Δρ‖ = 3.0358145116465183e-5  ‖vε - vref‖ = 0.18937694107969882  α = 0.0244
 12   -22.18692384159       -9.08       -3.42    10.2s
    ‖ρε - ρref‖ = 0.00028110397895518877 ‖Δρ‖ = 0.0002366041188138908  ‖vε - vref‖ = 0.1894414121017417  α = 0.00054
 13   -22.18692385041       -8.05       -4.03    9.46s
    ‖ρε - ρref‖ = 5.43061672034978e-5 ‖Δρ‖ = 2.0966210623575254e-5  ‖vε - vref‖ = 0.19412027956890002  α = 0.0247
 14   -22.18692385379       -8.47       -3.94    10.5s
    ‖ρε - ρref‖ = 5.761245879847246e-5 ‖Δρ‖ = 3.446310321941138e-5  ‖vε - vref‖ = 0.19563918091988647  α = 0.00905
 15   -22.18692385808       -8.37       -3.46    9.77s
    ‖ρε - ρref‖ = 0.00010832477551729094 ‖Δρ‖ = 9.590158108297787e-5  ‖vε - vref‖ = 0.19811654634641404  α = 0.00365
 16   -22.18692386094       -8.54       -3.55    9.74s
    ‖ρε - ρref‖ = 0.0001017174295346729 ‖Δρ‖ = 8.377767140982827e-5  ‖vε - vref‖ = 0.19978873127939362  α = 0.00332
 17   -22.18692386580       -8.31       -4.24    9.64s
    ‖ρε - ρref‖ = 5.292805612772091e-5 ‖Δρ‖ = 1.3123846710144536e-5  ‖vε - vref‖ = 0.20346737218490232  α = 0.0286
 18   -22.18692386743       -8.79       -4.14    8.69s
    ‖ρε - ρref‖ = 5.2501497804132006e-5 ‖Δρ‖ = 2.2587817711471298e-5  ‖vε - vref‖ = 0.20408744713759067  α = 0.00959
 19   -22.18692386977       -8.63       -4.17    10.0s
    ‖ρε - ρref‖ = 5.1032395092660406e-5 ‖Δρ‖ = 1.7561717547867183e-5  ‖vε - vref‖ = 0.20507086143057335  α = 0.0147
 20   -22.18692387331       -8.45       -4.12    9.67s
    ‖ρε - ρref‖ = 5.4200094064360186e-5 ‖Δρ‖ = 1.6934973044458976e-5  ‖vε - vref‖ = 0.20718827132350137  α = 0.0182
 21   -22.18692387599       -8.57       -4.74    10.5s
    ‖ρε - ρref‖ = 5.058540660832391e-5 ‖Δρ‖ = 4.09599544166141e-6  ‖vε - vref‖ = 0.2085360822009282  α = 0.0638
 22   -22.18692387799       -8.70       -4.31    9.22s
    ‖ρε - ρref‖ = 5.020396885985916e-5 ‖Δρ‖ = 1.1894036832254042e-5  ‖vε - vref‖ = 0.2084426885543381  α = 0.0192
 23   -22.18692387913       -8.94       -4.58    9.63s
    ‖ρε - ρref‖ = 5.003039225695168e-5 ‖Δρ‖ = 5.934884066892364e-6  ‖vε - vref‖ = 0.208047203941363  α = 0.0307
 24   -22.18692387947       -9.47       -4.44    10.7s
    ‖ρε - ρref‖ = 5.945101405819528e-5 ‖Δρ‖ = 1.2349116361705529e-5  ‖vε - vref‖ = 0.208171468743281  α = 0.00693
 25   -22.18692388027       -9.10       -3.43    9.62s
    ‖ρε - ρref‖ = 8.88689586177369e-5 ‖Δρ‖ = 9.381096827031135e-5  ‖vε - vref‖ = 0.20769197379061044  α = 0.00154
 26   -22.18692388092       -9.19       -4.61    10.8s
    ‖ρε - ρref‖ = 5.018145580183088e-5 ‖Δρ‖ = 5.998558123883111e-6  ‖vε - vref‖ = 0.20733302639783913  α = 0.0226
 27   -22.18692388121       -9.54       -3.85    9.65s
    ‖ρε - ρref‖ = 6.86739044746417e-5 ‖Δρ‖ = 4.4255012305448295e-5  ‖vε - vref‖ = 0.20729284850621763  α = 0.00204
 28   -22.18692388138       -9.76       -4.62    9.79s
    ‖ρε - ρref‖ = 5.159637045138843e-5 ‖Δρ‖ = 8.472883207595592e-6  ‖vε - vref‖ = 0.2071706823580535  α = 0.00813
 29   -22.18692388206       -9.17       -4.36    10.7s
    ‖ρε - ρref‖ = 4.998426559902733e-5 ‖Δρ‖ = 9.451394316379177e-6  ‖vε - vref‖ = 0.20649457326335569  α = 0.0144
 30   -22.18692388263       -9.24       -4.56    9.24s
    ‖ρε - ρref‖ = 5.0622934325903854e-5 ‖Δρ‖ = 5.881414083227084e-6  ‖vε - vref‖ = 0.20619857860397448  α = 0.0216
 31   -22.18692388275       -9.94       -4.76    9.84s
    ‖ρε - ρref‖ = 5.040171979174332e-5 ‖Δρ‖ = 5.370259646026798e-6  ‖vε - vref‖ = 0.2061515600519495  α = 0.0109
 32   -22.18692388308       -9.48       -4.70    10.7s
    ‖ρε - ρref‖ = 5.0054208303372054e-5 ‖Δρ‖ = 4.716878451696105e-6  ‖vε - vref‖ = 0.20584859980155482  α = 0.0204
 33   -22.18692388352       -9.36       -4.81    10.0s
    ‖ρε - ρref‖ = 5.02522082539267e-5 ‖Δρ‖ = 3.250820462717785e-6  ‖vε - vref‖ = 0.20562774333786266  α = 0.0327
 34   -22.18692388366       -9.85       -4.79    9.88s
    ‖ρε - ρref‖ = 4.9452863836208247e-5 ‖Δρ‖ = 4.507762929899032e-6  ‖vε - vref‖ = 0.2054030941385205  α = 0.0141
 35   -22.18692388386       -9.70       -5.02    10.5s
    ‖ρε - ρref‖ = 4.992061682413541e-5 ‖Δρ‖ = 2.244978451389949e-6  ‖vε - vref‖ = 0.20559222147894238  α = 0.0324
 36   -22.18692388388      -10.79       -4.16    9.11s
    ‖ρε - ρref‖ = 8.20649076176227e-5 ‖Δρ‖ = 3.4879972011701186e-5  ‖vε - vref‖ = 0.20565044384880526  α = 0.000517
 37   -22.18692388403       -9.82       -5.23    10.1s
    ‖ρε - ρref‖ = 5.004933915095763e-5 ‖Δρ‖ = 1.470441150326567e-6  ‖vε - vref‖ = 0.20568989934662946  α = 0.043
 38   -22.18692388407      -10.39       -4.66    9.05s
    ‖ρε - ρref‖ = 4.968972699415763e-5 ‖Δρ‖ = 7.658902703346982e-6  ‖vε - vref‖ = 0.20561244095925968  α = 0.00439
 39   -22.18692388421       -9.85       -4.48    11.1s
    ‖ρε - ρref‖ = 4.9274895275200054e-5 ‖Δρ‖ = 7.786876260583855e-6  ‖vε - vref‖ = 0.20545416115069023  α = 0.00786
 40   -22.18692388424      -10.55       -4.72    9.77s
    ‖ρε - ρref‖ = 5.1199473519328845e-5 ‖Δρ‖ = 7.0308786004036055e-6  ‖vε - vref‖ = 0.20545892130358084  α = 0.00392
 41   -22.18692388436       -9.90       -5.06    9.77s
    ‖ρε - ρref‖ = 5.017528160466407e-5 ‖Δρ‖ = 1.8586690037690557e-6  ‖vε - vref‖ = 0.20570163061027694  α = 0.0313
 42   -22.18692388441      -10.33       -5.22    10.5s
    ‖ρε - ρref‖ = 5.0097212222837074e-5 ‖Δρ‖ = 1.4951169778639185e-6  ‖vε - vref‖ = 0.20581616529696717  α = 0.025
 43   -22.18692388445      -10.41       -4.94    9.32s
    ‖ρε - ρref‖ = 5.011597142824634e-5 ‖Δρ‖ = 3.2135425301722104e-6  ‖vε - vref‖ = 0.2058776521004354  α = 0.0103
 44   -22.18692388452      -10.16       -4.95    10.4s
    ‖ρε - ρref‖ = 4.97163127902076e-5 ‖Δρ‖ = 2.4978351413023856e-6  ‖vε - vref‖ = 0.20584338792116308  α = 0.0173
 45   -22.18692388456      -10.33       -5.21    9.06s
    ‖ρε - ρref‖ = 5.0123148326170974e-5 ‖Δρ‖ = 1.4381890579334139e-6  ‖vε - vref‖ = 0.2059391778791416  α = 0.0252
 46   -22.18692388460      -10.41       -5.17    9.86s
    ‖ρε - ρref‖ = 5.002339050952759e-5 ‖Δρ‖ = 1.5115433981031037e-6  ‖vε - vref‖ = 0.20599474085662384  α = 0.0221
 47   -22.18692388461      -11.53       -5.21    10.3s
    ‖ρε - ρref‖ = 4.75994804341181e-5 ‖Δρ‖ = 3.0293463291563303e-6  ‖vε - vref‖ = 0.20598235435486711  α = 0.00259
 48   -22.18692388464      -10.42       -4.70    9.06s
    ‖ρε - ρref‖ = 5.1256131321456956e-5 ‖Δρ‖ = 4.48333753787006e-6  ‖vε - vref‖ = 0.20607154887062287  α = 0.00704
 49   -22.18692388466      -10.76       -5.28    10.1s
    ‖ρε - ρref‖ = 4.9829250800834257e-5 ‖Δρ‖ = 1.4661875448859484e-6  ‖vε - vref‖ = 0.20603893724961303  α = 0.0151
 50   -22.18692388467      -11.24       -4.88    10.8s
    ‖ρε - ρref‖ = 4.9716682052439365e-5 ‖Δρ‖ = 4.974510901540822e-6  ‖vε - vref‖ = 0.20601493137934587  α = 0.00255
 51   -22.18692388470      -10.48       -5.15    9.61s
    ‖ρε - ρref‖ = 4.997518854699678e-5 ‖Δρ‖ = 1.4859801930193874e-6  ‖vε - vref‖ = 0.2060439997410592  α = 0.0199
 52   -22.18692388471      -11.14       -4.94    9.71s
    ‖ρε - ρref‖ = 5.074604510701871e-5 ‖Δρ‖ = 4.032224809011753e-6  ‖vε - vref‖ = 0.20605976800091622  α = 0.00345
 53   -22.18692388472      -10.87       -5.48    10.0s
    ‖ρε - ρref‖ = 4.996681020006079e-5 ‖Δρ‖ = 8.743613717151376e-7  ‖vε - vref‖ = 0.2060808070567267  α = 0.0225
 54   -22.18692388474      -10.69       -5.65    9.31s
    ‖ρε - ρref‖ = 5.0049191195748607e-5 ‖Δρ‖ = 4.835625867215325e-7  ‖vε - vref‖ = 0.20616553173424326  α = 0.0478
 55   -22.18692388475      -11.01       -5.30    9.54s
    ‖ρε - ρref‖ = 4.995619279788009e-5 ‖Δρ‖ = 1.422168070095878e-6  ‖vε - vref‖ = 0.20616327935050086  α = 0.0115
 56   -22.18692388476      -11.05       -5.17    10.7s
    ‖ρε - ρref‖ = 4.97570690470844e-5 ‖Δρ‖ = 1.7410524816026528e-6  ‖vε - vref‖ = 0.20611988638156878  α = 0.00917
 57   -22.18692388477      -10.88       -5.71    9.58s
    ‖ρε - ρref‖ = 4.998456226572706e-5 ‖Δρ‖ = 3.92683389159484e-7  ‖vε - vref‖ = 0.20609765333014995  α = 0.0484
 58   -22.18692388478      -11.33       -5.61    9.49s
    ‖ρε - ρref‖ = 5.032806719315087e-5 ‖Δρ‖ = 6.574611610096095e-7  ‖vε - vref‖ = 0.20611731402346928  α = 0.0164
 59   -22.18692388478      -11.51       -4.42    9.75s
    ‖ρε - ρref‖ = 4.449670165944817e-5 ‖Δρ‖ = 1.1369054554811104e-5  ‖vε - vref‖ = 0.206104034073175  α = 0.000751
 60   -22.18692388479      -11.22       -5.63    9.64s
    ‖ρε - ρref‖ = 4.996051420345175e-5 ‖Δρ‖ = 5.202178540623218e-7  ‖vε - vref‖ = 0.2060728131890271  α = 0.0253
 61   -22.18692388479      -11.81       -5.55    9.66s
    ‖ρε - ρref‖ = 5.002344171443574e-5 ‖Δρ‖ = 9.126562754500663e-7  ‖vε - vref‖ = 0.20607340441492436  α = 0.00727
 62   -22.18692388479      -11.35       -5.11    10.3s
    ‖ρε - ρref‖ = 4.998438079349402e-5 ‖Δρ‖ = 1.9015133416367629e-6  ‖vε - vref‖ = 0.20604854059201508  α = 0.00587
 63   -22.18692388480      -11.50       -5.52    9.28s
    ‖ρε - ρref‖ = 4.9948075122180046e-5 ‖Δρ‖ = 7.889986278108176e-7  ‖vε - vref‖ = 0.20604541569180315  α = 0.0119
 64   -22.18692388480      -11.61       -5.22    9.28s
    ‖ρε - ρref‖ = 5.0239824293634703e-5 ‖Δρ‖ = 1.6842842416823774e-6  ‖vε - vref‖ = 0.20604786257550747  α = 0.00484
 65   -22.18692388480      -11.27       -5.92    10.0s
    ‖ρε - ρref‖ = 4.994675515538637e-5 ‖Δρ‖ = 2.4717571805087396e-7  ‖vε - vref‖ = 0.20600040223076518  α = 0.0479
 66   -22.18692388481      -11.61       -5.57    10.8s
    ‖ρε - ρref‖ = 5.0096557742775904e-5 ‖Δρ‖ = 6.786740194368185e-7  ‖vε - vref‖ = 0.20601333638238498  α = 0.0124
 67   -22.18692388481      -11.82       -5.98    9.75s
    ‖ρε - ρref‖ = 4.999863406674991e-5 ‖Δρ‖ = 2.978143491906736e-7  ‖vε - vref‖ = 0.20601896075805254  α = 0.0219
 68   -22.18692388481      -11.62       -5.52    8.55s
    ‖ρε - ρref‖ = 4.995115247627915e-5 ‖Δρ‖ = 7.26540116609894e-7  ‖vε - vref‖ = 0.20601139973684818  α = 0.0112
 69   -22.18692388481      -11.57       -6.04    9.44s
    ‖ρε - ρref‖ = 4.9957240123492606e-5 ‖Δρ‖ = 2.0956314887679037e-7  ‖vε - vref‖ = 0.20600072479022652  α = 0.0397
 70   -22.18692388481      -12.73       -5.50    9.62s
    ‖ρε - ρref‖ = 5.129996506390172e-5 ‖Δρ‖ = 1.5552131388524361e-6  ‖vε - vref‖ = 0.20600552013234294  α = 0.00121
 71   -22.18692388481      -11.71       -5.39    10.6s
    ‖ρε - ρref‖ = 4.9939413611858275e-5 ‖Δρ‖ = 9.015902100221622e-7  ‖vε - vref‖ = 0.20601029949492453  α = 0.00816
 72   -22.18692388482      -11.87       -6.22    9.82s
    ‖ρε - ρref‖ = 4.996837884361757e-5 ‖Δρ‖ = 1.3524907302880674e-7  ‖vε - vref‖ = 0.20599943907505228  α = 0.0451
 73   -22.18692388482      -12.52       -5.37    8.94s
    ‖ρε - ρref‖ = 5.0018428932275116e-5 ‖Δρ‖ = 1.492976868780222e-6  ‖vε - vref‖ = 0.206001507856718  α = 0.00195
 74   -22.18692388482      -11.97       -5.93    9.42s
    ‖ρε - ρref‖ = 4.9985236072672285e-5 ‖Δρ‖ = 2.6697234004240213e-7  ‖vε - vref‖ = 0.20600307947869792  α = 0.0205
 75   -22.18692388482      -12.57       -5.82    10.7s
    ‖ρε - ρref‖ = 4.993763268724037e-5 ‖Δρ‖ = 5.346474709620087e-7  ‖vε - vref‖ = 0.20600621029301913  α = 0.00494
 76   -22.18692388482      -12.12       -5.94    9.31s
    ‖ρε - ρref‖ = 5.00352363924845e-5 ‖Δρ‖ = 2.7579583676888056e-7  ‖vε - vref‖ = 0.2060309380483801  α = 0.0169
 77   -22.18692388482      -12.07       -6.25    10.1s
    ‖ρε - ρref‖ = 4.996575363730485e-5 ‖Δρ‖ = 1.26342923512504e-7  ‖vε - vref‖ = 0.2060297117285816  α = 0.0384
 78   -22.18692388482      -12.27       -6.01    9.86s
    ‖ρε - ρref‖ = 5.0002251846677546e-5 ‖Δρ‖ = 2.42805530159848e-7  ‖vε - vref‖ = 0.20603759366237412  α = 0.0162
 79   -22.18692388482      -12.57       -6.07    9.62s
    ‖ρε - ρref‖ = 4.999470778880568e-5 ‖Δρ‖ = 2.5395483079588324e-7  ‖vε - vref‖ = 0.2060408680158787  α = 0.0107
 80   -22.18692388482      -12.24       -6.03    9.39s
    ‖ρε - ρref‖ = 4.9969995315791946e-5 ‖Δρ‖ = 2.16887136896639e-7  ‖vε - vref‖ = 0.20603711227593657  α = 0.0183
 81   -22.18692388482      -12.58       -6.13    11.0s
    ‖ρε - ρref‖ = 4.98850230794294e-5 ‖Δρ‖ = 1.9631932758017084e-7  ‖vε - vref‖ = 0.20603220899317035  α = 0.0134
 82   -22.18692388482      -12.65       -5.00    10.2s
    ‖ρε - ρref‖ = 5.171752106482977e-5 ‖Δρ‖ = 2.8084396159616275e-6  ‖vε - vref‖ = 0.20603515406086984  α = 0.000806
 83   -22.18692388482      -12.64       -6.24    9.82s
    ‖ρε - ρref‖ = 4.996083443884911e-5 ‖Δρ‖ = 1.6355443991909032e-7  ‖vε - vref‖ = 0.2060291535767944  α = 0.0153
 84   -22.18692388482      -12.52       -6.46    10.4s
    ‖ρε - ρref‖ = 4.998778055287847e-5 ‖Δρ‖ = 7.79336162049457e-8  ‖vε - vref‖ = 0.20603444892785258  α = 0.0375

#-- ‖ρε - ρref‖ = 4.9981221922575444e-5 vs. 1.778279410038923e-7 = δ*ε ‖vε - vref‖ = 0.20603930755517477


# --- ε=1.0e-5

n     Energy            log10(ΔE)   log10(Δρ)   Δtime 
---   ---------------   ---------   ---------   ------
  1   -22.18686233903                   -0.89    14.8s
    ‖ρε - ρref‖ = 0.08210982439150051 ‖Δρ‖ = 0.08208589766449348  ‖vε - vref‖ = 1.2118834060893244  α = 0.000248
  2   -22.18686557073       -5.49       -1.97    9.03s
    ‖ρε - ρref‖ = 0.004384312532264812 ‖Δρ‖ = 0.004377610711890907  ‖vε - vref‖ = 0.817071685253735  α = 0.00164
  3   -22.18686687826       -5.88       -2.20    9.26s
    ‖ρε - ρref‖ = 0.00221292948461059 ‖Δρ‖ = 0.0022064739308240394  ‖vε - vref‖ = 0.640477825260742  α = 0.00213
  4   -22.18686774572       -6.06       -2.21    9.71s
    ‖ρε - ρref‖ = 0.002323968096943628 ‖Δρ‖ = 0.0023183696869351995  ‖vε - vref‖ = 0.4573195914735843  α = 0.0016
  5   -22.18686840785       -6.18       -2.81    10.3s
    ‖ρε - ρref‖ = 0.000410718454426048 ‖Δρ‖ = 0.0004047722998192024  ‖vε - vref‖ = 0.2979636941975993  α = 0.0085
  6   -22.18686858171       -6.76       -2.88    9.69s
    ‖ρε - ρref‖ = 0.000424452630396084 ‖Δρ‖ = 0.0004207171866812933  ‖vε - vref‖ = 0.2386942273052326  α = 0.00408
  7   -22.18686873356       -6.82       -3.01    9.06s
    ‖ρε - ρref‖ = 0.00025459898761328274 ‖Δρ‖ = 0.00025095422962498267  ‖vε - vref‖ = 0.18162014778123675  α = 0.00657
  8   -22.18686882743       -7.03       -3.43    9.77s
    ‖ρε - ρref‖ = 9.608685542653683e-5 ‖Δρ‖ = 8.982339226992402e-5  ‖vε - vref‖ = 0.14655602257055816  α = 0.0142
  9   -22.18686887127       -7.36       -3.52    10.2s
    ‖ρε - ρref‖ = 7.561192476821265e-5 ‖Δρ‖ = 6.929419394732218e-5  ‖vε - vref‖ = 0.13233130906028007  α = 0.0127
 10   -22.18686889113       -7.70       -3.64    9.49s
    ‖ρε - ρref‖ = 6.205353511513357e-5 ‖Δρ‖ = 5.36214870763335e-5  ‖vε - vref‖ = 0.12957342866144442  α = 0.0111
 11   -22.18686890610       -7.82       -3.77    9.32s
    ‖ρε - ρref‖ = 4.749504209349896e-5 ‖Δρ‖ = 3.739816796225775e-5  ‖vε - vref‖ = 0.13042756920829088  α = 0.0139
 12   -22.18686890672       -9.21       -3.37    10.1s
    ‖ρε - ρref‖ = 0.0002860835395840211 ‖Δρ‖ = 0.0002613019694512457  ‖vε - vref‖ = 0.13021919226020073  α = 0.000317
 13   -22.18686891417       -8.13       -3.91    9.41s
    ‖ρε - ρref‖ = 3.9434230225246286e-5 ‖Δρ‖ = 2.7283629004385547e-5  ‖vε - vref‖ = 0.13444976363282848  α = 0.0133
 14   -22.18686891673       -8.59       -3.81    9.95s
    ‖ρε - ρref‖ = 5.16649534816373e-5 ‖Δρ‖ = 4.635267698807254e-5  ‖vε - vref‖ = 0.1358999665589076  α = 0.00444
 15   -22.18686892017       -8.46       -3.39    9.67s
    ‖ρε - ρref‖ = 0.0001151140741344495 ‖Δρ‖ = 0.0001116145766682036  ‖vε - vref‖ = 0.13838783849375683  α = 0.00214
 16   -22.18686892277       -8.59       -3.44    8.93s
    ‖ρε - ρref‖ = 0.00010908512471034871 ‖Δρ‖ = 0.00010266608612942808  ‖vε - vref‖ = 0.1403031124479682  α = 0.00197
 17   -22.18686892635       -8.45       -4.15    9.24s
    ‖ρε - ρref‖ = 3.386062137328511e-5 ‖Δρ‖ = 1.5984163089934435e-5  ‖vε - vref‖ = 0.14444311643329383  α = 0.0156
 18   -22.18686892751       -8.94       -4.03    9.34s
    ‖ρε - ρref‖ = 3.773206142213224e-5 ‖Δρ‖ = 2.8003551226872896e-5  ‖vε - vref‖ = 0.14545787158123  α = 0.00497
 19   -22.18686892904       -8.81       -4.11    10.1s
    ‖ρε - ρref‖ = 3.249038666705141e-5 ‖Δρ‖ = 1.9717997626921405e-5  ‖vε - vref‖ = 0.1471414265820136  α = 0.00819
 20   -22.18686893147       -8.62       -4.06    9.48s
    ‖ρε - ρref‖ = 3.4832743056804944e-5 ‖Δρ‖ = 1.8173353184232688e-5  ‖vε - vref‖ = 0.1505467602010012  α = 0.011
 21   -22.18686893311       -8.79       -4.69    10.0s
    ‖ρε - ρref‖ = 2.9064356098624998e-5 ‖Δρ‖ = 4.453379101762101e-6  ‖vε - vref‖ = 0.1535236563483984  α = 0.0363
 22   -22.18686893442       -8.88       -4.24    9.00s
    ‖ρε - ρref‖ = 3.003815671911415e-5 ‖Δρ‖ = 1.3070289095041455e-5  ‖vε - vref‖ = 0.15510117273967944  α = 0.0111
 23   -22.18686893524       -9.08       -4.52    10.0s
    ‖ρε - ρref‖ = 2.8748300622925364e-5 ‖Δρ‖ = 6.650354184872432e-6  ‖vε - vref‖ = 0.15587034189576826  α = 0.0178
 24   -22.18686893589       -9.19       -4.42    9.86s
    ‖ρε - ρref‖ = 3.294713471853095e-5 ‖Δρ‖ = 9.154558727115229e-6  ‖vε - vref‖ = 0.15674343206345834  α = 0.0107
 25   -22.18686893611       -9.65       -3.34    9.18s
    ‖ρε - ρref‖ = 0.00013732537196411892 ‖Δρ‖ = 0.00015478135724873317  ‖vε - vref‖ = 0.1567241434145029  α = 0.000343
 26   -22.18686893685       -9.13       -4.53    10.8s
    ‖ρε - ρref‖ = 2.9104355151361788e-5 ‖Δρ‖ = 6.156904135328734e-6  ‖vε - vref‖ = 0.15731344751610463  α = 0.018
 27   -22.18686893692      -10.16       -4.23    9.33s
    ‖ρε - ρref‖ = 3.668331536239594e-5 ‖Δρ‖ = 2.3042404603162352e-5  ‖vε - vref‖ = 0.15739390499134503  α = 0.00143
 28   -22.18686893743       -9.29       -4.47    10.1s
    ‖ρε - ρref‖ = 2.8391925046699213e-5 ‖Δρ‖ = 7.580686422382806e-6  ‖vε - vref‖ = 0.15736688661245363  α = 0.012
 29   -22.18686893768       -9.61       -4.16    9.70s
    ‖ρε - ρref‖ = 3.746848571462571e-5 ‖Δρ‖ = 2.0868375367180753e-5  ‖vε - vref‖ = 0.15746531895813368  α = 0.00294
 30   -22.18686893825       -9.24       -4.25    10.0s
    ‖ρε - ρref‖ = 3.102683595896359e-5 ‖Δρ‖ = 1.1754526128813644e-5  ‖vε - vref‖ = 0.15765639331968145  α = 0.00813
 31   -22.18686893837       -9.92       -4.68    10.1s
    ‖ρε - ρref‖ = 2.840293896322806e-5 ‖Δρ‖ = 6.590531483835206e-6  ‖vε - vref‖ = 0.15750608520672738  α = 0.00681
 32   -22.18686893865       -9.55       -4.53    10.1s
    ‖ρε - ρref‖ = 2.858814375934467e-5 ‖Δρ‖ = 6.969428279581713e-6  ‖vε - vref‖ = 0.1571988386463322  α = 0.00986
 33   -22.18686893902       -9.44       -4.49    9.85s
    ‖ρε - ρref‖ = 2.9931966157219792e-5 ‖Δρ‖ = 7.328477514419916e-6  ‖vε - vref‖ = 0.15701659500252937  α = 0.0104
 34   -22.18686893934       -9.49       -4.64    9.78s
    ‖ρε - ρref‖ = 2.831916276245942e-5 ‖Δρ‖ = 5.2046928086294205e-6  ‖vε - vref‖ = 0.15652507584587316  α = 0.0137
 35   -22.18686893959       -9.61       -4.89    10.2s
    ‖ρε - ρref‖ = 2.8549456698334804e-5 ‖Δρ‖ = 2.8850860933528616e-6  ‖vε - vref‖ = 0.1563404661461125  α = 0.0217
 36   -22.18686893960      -10.92       -4.80    9.91s
    ‖ρε - ρref‖ = 3.514312702311611e-5 ‖Δρ‖ = 7.94377452222772e-6  ‖vε - vref‖ = 0.15636440085776818  α = 0.00149
 37   -22.18686893970      -10.00       -4.26    9.62s
    ‖ρε - ρref‖ = 3.038682798207007e-5 ‖Δρ‖ = 1.4952079803636286e-5  ‖vε - vref‖ = 0.1561715757053071  α = 0.00268
 38   -22.18686893990       -9.69       -4.83    9.79s
    ‖ρε - ρref‖ = 2.7954945133264055e-5 ‖Δρ‖ = 2.9449137669536356e-6  ‖vε - vref‖ = 0.15538561851932514  α = 0.0193
 39   -22.18686893992      -10.65       -4.44    9.41s
    ‖ρε - ρref‖ = 3.124172697380362e-5 ‖Δρ‖ = 1.3445364996374903e-5  ‖vε - vref‖ = 0.15534108465547106  α = 0.00139
 40   -22.18686894004       -9.95       -4.68    9.70s
    ‖ρε - ρref‖ = 2.8410600316741525e-5 ‖Δρ‖ = 4.918880424282057e-6  ‖vε - vref‖ = 0.15502968407230155  α = 0.00862
 41   -22.18686894010      -10.21       -4.76    10.1s
    ‖ρε - ρref‖ = 2.9584571686369437e-5 ‖Δρ‖ = 4.8227790142566435e-6  ‖vε - vref‖ = 0.1549981374476076  α = 0.00643
 42   -22.18686894016      -10.18       -4.39    9.91s
    ‖ρε - ρref‖ = 3.0225374932244664e-5 ‖Δρ‖ = 1.0351556516440896e-5  ‖vε - vref‖ = 0.1549429414952763  α = 0.0032
 43   -22.18686894026      -10.02       -5.19    9.52s
    ‖ρε - ρref‖ = 2.825787195269073e-5 ‖Δρ‖ = 1.3116038805016614e-6  ‖vε - vref‖ = 0.1547992994009984  α = 0.0301
 44   -22.18686894030      -10.38       -4.79    9.37s
    ‖ρε - ρref‖ = 2.8322753714777288e-5 ‖Δρ‖ = 4.235757246097199e-6  ‖vε - vref‖ = 0.15470392259192373  α = 0.00624
 45   -22.18686894036      -10.25       -4.73    9.83s
    ‖ρε - ρref‖ = 2.8145947218509384e-5 ‖Δρ‖ = 4.46501868590686e-6  ‖vε - vref‖ = 0.15454558683071995  α = 0.00683
 46   -22.18686894042      -10.19       -5.00    10.0s
    ‖ρε - ρref‖ = 2.8664504314899725e-5 ‖Δρ‖ = 2.1249491528871787e-6  ‖vε - vref‖ = 0.1546470382178091  α = 0.0154
 47   -22.18686894046      -10.44       -5.04    9.88s
    ‖ρε - ρref‖ = 2.811837580868718e-5 ‖Δρ‖ = 2.262235529798195e-6  ‖vε - vref‖ = 0.15459112534884226  α = 0.0108
 48   -22.18686894047      -10.99       -5.00    10.3s
    ‖ρε - ρref‖ = 2.551724290278871e-5 ‖Δρ‖ = 3.838633230060075e-6  ‖vε - vref‖ = 0.15456618043932271  α = 0.0029
 49   -22.18686894051      -10.35       -4.11    10.1s
    ‖ρε - ρref‖ = 3.8162328760405765e-5 ‖Δρ‖ = 1.8225454037940545e-5  ‖vε - vref‖ = 0.15461613476039823  α = 0.00142
 50   -22.18686894058      -10.17       -5.37    9.67s
    ‖ρε - ρref‖ = 2.8269933930066847e-5 ‖Δρ‖ = 8.362328424330798e-7  ‖vε - vref‖ = 0.15474266599761513  α = 0.0377
 51   -22.18686894059      -10.98       -4.80    10.0s
    ‖ρε - ρref‖ = 2.835123917238151e-5 ‖Δρ‖ = 5.231927806117841e-6  ‖vε - vref‖ = 0.1547363562854939  α = 0.00247
 52   -22.18686894061      -10.74       -4.61    9.86s
    ‖ρε - ρref‖ = 2.8737729659200796e-5 ‖Δρ‖ = 6.89350656257118e-6  ‖vε - vref‖ = 0.15477186675975219  α = 0.0025
 53   -22.18686894063      -10.73       -5.40    9.36s
    ‖ρε - ρref‖ = 2.820625731051222e-5 ‖Δρ‖ = 1.003957700845813e-6  ‖vε - vref‖ = 0.15487148872948314  α = 0.0171
 54   -22.18686894064      -10.87       -4.68    10.5s
    ‖ρε - ρref‖ = 2.9655827241960408e-5 ‖Δρ‖ = 5.556859212821009e-6  ‖vε - vref‖ = 0.1549640682578418  α = 0.00265
 55   -22.18686894067      -10.60       -5.16    10.1s
    ‖ρε - ρref‖ = 2.8316491481984892e-5 ‖Δρ‖ = 1.5283388071034849e-6  ‖vε - vref‖ = 0.1551121553402124  α = 0.0132
 56   -22.18686894068      -10.73       -5.26    10.0s
    ‖ρε - ρref‖ = 2.8161483065118583e-5 ‖Δρ‖ = 1.2206166409168547e-6  ‖vε - vref‖ = 0.15516529351512245  α = 0.0144
 57   -22.18686894069      -11.14       -5.15    10.2s
    ‖ρε - ρref‖ = 2.8320099667918148e-5 ‖Δρ‖ = 2.1208052773410134e-6  ‖vε - vref‖ = 0.15520089350771454  α = 0.00517
 58   -22.18686894071      -10.69       -5.20    10.1s
    ‖ρε - ρref‖ = 2.8289797114250182e-5 ‖Δρ‖ = 1.38565018212569e-6  ‖vε - vref‖ = 0.15529630206174944  α = 0.013
 59   -22.18686894073      -10.86       -5.34    10.2s
    ‖ρε - ρref‖ = 2.8362913189460015e-5 ‖Δρ‖ = 1.006624067819516e-6  ‖vε - vref‖ = 0.15538590583012482  α = 0.0151
 60   -22.18686894073      -11.89       -5.23    9.87s
    ‖ρε - ρref‖ = 2.5915421699529884e-5 ‖Δρ‖ = 2.689124547333006e-6  ‖vε - vref‖ = 0.1553724619270387  α = 0.00141
 61   -22.18686894074      -11.09       -4.67    9.01s
    ‖ρε - ρref‖ = 2.8826974174500404e-5 ‖Δρ‖ = 5.364264641458823e-6  ‖vε - vref‖ = 0.15535909593310906  α = 0.00214
 62   -22.18686894075      -10.91       -5.37    9.45s
    ‖ρε - ρref‖ = 2.8313495625036646e-5 ‖Δρ‖ = 8.952246610122063e-7  ‖vε - vref‖ = 0.15543159518992997  α = 0.0157
 63   -22.18686894076      -11.09       -5.39    9.83s
    ‖ρε - ρref‖ = 2.8315914195193897e-5 ‖Δρ‖ = 9.025421246652139e-7  ‖vε - vref‖ = 0.15549184869459556  α = 0.013
 64   -22.18686894076      -11.90       -5.18    10.3s
    ‖ρε - ρref‖ = 2.8463424383886145e-5 ‖Δρ‖ = 2.529626905468461e-6  ‖vε - vref‖ = 0.155504153562202  α = 0.00177
 65   -22.18686894077      -10.86       -5.27    10.2s
    ‖ρε - ρref‖ = 2.8187888429184763e-5 ‖Δρ‖ = 1.0060290222218115e-6  ‖vε - vref‖ = 0.1555049935498984  α = 0.0144
 66   -22.18686894077      -11.39       -5.48    10.2s
    ‖ρε - ρref‖ = 2.8265994385271707e-5 ‖Δρ‖ = 8.288482090765435e-7  ‖vε - vref‖ = 0.15551230834510893  α = 0.00995
 67   -22.18686894078      -11.69       -5.44    10.2s
    ‖ρε - ρref‖ = 2.840745041975263e-5 ‖Δρ‖ = 1.1556203046115118e-6  ‖vε - vref‖ = 0.155515218670905  α = 0.00487
 68   -22.18686894078      -11.35       -5.18    10.0s
    ‖ρε - ρref‖ = 2.81274803331417e-5 ‖Δρ‖ = 1.5768333589054344e-6  ‖vε - vref‖ = 0.1555028793674102  α = 0.00549
 69   -22.18686894079      -11.16       -5.84    10.1s
    ‖ρε - ρref‖ = 2.8228641144480495e-5 ‖Δρ‖ = 2.944787610842895e-7  ‖vε - vref‖ = 0.1554746114437633  α = 0.0353
 70   -22.18686894079      -11.50       -5.29    10.5s
    ‖ρε - ρref‖ = 2.8328748031463283e-5 ‖Δρ‖ = 1.303640308115718e-6  ‖vε - vref‖ = 0.15546888695433378  α = 0.00554
 71   -22.18686894079      -11.62       -5.36    10.2s
    ‖ρε - ρref‖ = 2.8328253874256064e-5 ‖Δρ‖ = 1.2305910765358872e-6  ‖vε - vref‖ = 0.15545706613906196  α = 0.00512
 72   -22.18686894079      -12.34       -5.71    8.97s
    ‖ρε - ρref‖ = 2.7511972514710596e-5 ‖Δρ‖ = 8.883119159845187e-7  ‖vε - vref‖ = 0.1554455890584876  α = 0.0026
 73   -22.18686894080      -11.26       -4.89    10.3s
    ‖ρε - ρref‖ = 2.8729180910785378e-5 ‖Δρ‖ = 2.6072676322685835e-6  ‖vε - vref‖ = 0.15539708033713892  α = 0.00348
 74   -22.18686894080      -11.57       -5.62    10.2s
    ‖ρε - ρref‖ = 2.8147324905923848e-5 ‖Δρ‖ = 5.91300025257462e-7  ‖vε - vref‖ = 0.1553574155599861  α = 0.0111
 75   -22.18686894080      -11.62       -5.63    9.90s
    ‖ρε - ρref‖ = 2.8352278465328798e-5 ‖Δρ‖ = 5.58578669931616e-7  ‖vε - vref‖ = 0.1553787556950407  α = 0.0114
 76   -22.18686894081      -12.01       -5.78    10.2s
    ‖ρε - ρref‖ = 2.8278823676130986e-5 ‖Δρ‖ = 5.065640200916867e-7  ‖vε - vref‖ = 0.15538740844521887  α = 0.00772
 77   -22.18686894081      -11.77       -5.00    9.85s
    ‖ρε - ρref‖ = 2.8376798076812766e-5 ‖Δρ‖ = 2.4505991394289847e-6  ‖vε - vref‖ = 0.1553842404154117  α = 0.00214
 78   -22.18686894081      -11.69       -5.71    9.85s
    ‖ρε - ρref‖ = 2.8199975326861872e-5 ‖Δρ‖ = 4.326191948661159e-7  ‖vε - vref‖ = 0.15535707418558292  α = 0.0134
 79   -22.18686894081      -11.80       -6.08    10.2s
    ‖ρε - ρref‖ = 2.824853938059961e-5 ‖Δρ‖ = 1.9282614870073423e-7  ‖vε - vref‖ = 0.15533763763078426  α = 0.0263
 80   -22.18686894081      -12.03       -5.39    8.94s
    ‖ρε - ρref‖ = 2.8075291392287935e-5 ‖Δρ‖ = 1.1717878387111518e-6  ‖vε - vref‖ = 0.15531984835044232  α = 0.0032
 81   -22.18686894081      -11.78       -5.45    10.6s
    ‖ρε - ρref‖ = 2.8201716462484067e-5 ‖Δρ‖ = 8.001136776768659e-7  ‖vε - vref‖ = 0.1552892618354304  α = 0.0064
 82   -22.18686894081      -11.94       -5.93    10.2s
    ‖ρε - ρref‖ = 2.8230397348124194e-5 ‖Δρ‖ = 2.6327652443357176e-7  ‖vε - vref‖ = 0.15528522771708064  α = 0.0167
 83   -22.18686894082      -12.11       -6.00    10.1s
    ‖ρε - ρref‖ = 2.8316722526109012e-5 ‖Δρ‖ = 2.471171999519775e-7  ‖vε - vref‖ = 0.15530839702832097  α = 0.0143
 84   -22.18686894082      -12.81       -5.13    9.19s
    ‖ρε - ρref‖ = 2.612428730898271e-5 ‖Δρ‖ = 3.0701645905228124e-6  ‖vε - vref‖ = 0.15530785082236975  α = 0.000428
 85   -22.18686894082      -12.27       -5.42    10.7s
    ‖ρε - ρref‖ = 2.8456748283042754e-5 ‖Δρ‖ = 1.0654544210636375e-6  ‖vε - vref‖ = 0.15531909054657866  α = 0.00277
 86   -22.18686894082      -12.13       -5.97    10.3s
    ‖ρε - ρref‖ = 2.8222993300867334e-5 ‖Δρ‖ = 2.601411260984731e-7  ‖vε - vref‖ = 0.15531930731311783  α = 0.0136
 87   -22.18686894082      -12.08       -6.05    9.41s
    ‖ρε - ρref‖ = 2.82032161139474e-5 ‖Δρ‖ = 2.073138631974238e-7  ‖vε - vref‖ = 0.15530158899617558  α = 0.0175
 88   -22.18686894082      -12.20       -6.04    10.3s
    ‖ρε - ρref‖ = 2.8266495905004005e-5 ‖Δρ‖ = 2.3432623797796665e-7  ‖vε - vref‖ = 0.1553116323563836  α = 0.0136
 89   -22.18686894082      -12.52       -5.27    10.2s
    ‖ρε - ρref‖ = 2.8311518595940653e-5 ‖Δρ‖ = 1.7272334880767802e-6  ‖vε - vref‖ = 0.1553107954408331  α = 0.00127
 90   -22.18686894082      -12.19       -5.77    10.6s
    ‖ρε - ρref‖ = 2.8184925823211782e-5 ‖Δρ‖ = 4.1734894672417077e-7  ‖vε - vref‖ = 0.15530525506910978  α = 0.00771
 91   -22.18686894082      -12.14       -6.17    9.70s
    ‖ρε - ρref‖ = 2.823683808629108e-5 ‖Δρ‖ = 1.3992896470612109e-7  ‖vε - vref‖ = 0.1553156164740079  α = 0.0244
 92   -22.18686894082      -12.54       -6.22    10.2s
    ‖ρε - ρref‖ = 2.8254552326725833e-5 ‖Δρ‖ = 1.532324918964458e-7  ‖vε - vref‖ = 0.15532736113675616  α = 0.0147
 93   -22.18686894082      -12.76       -6.00    10.1s
    ‖ρε - ρref‖ = 2.819187143664606e-5 ‖Δρ‖ = 2.9663132268071767e-7  ‖vε - vref‖ = 0.15532814264310035  α = 0.00523
 94   -22.18686894082      -12.45       -5.74    8.74s
    ‖ρε - ρref‖ = 2.8228659154807872e-5 ‖Δρ‖ = 4.2584653835919497e-7  ‖vε - vref‖ = 0.15532913399658038  α = 0.0055
 95   -22.18686894082      -12.72       -6.18    10.6s
    ‖ρε - ρref‖ = 2.829570415526775e-5 ‖Δρ‖ = 1.6954034987993111e-7  ‖vε - vref‖ = 0.15533356342361565  α = 0.0105
 96   -22.18686894082      -13.15       -5.11    10.4s
    ‖ρε - ρref‖ = 2.644303343972822e-5 ‖Δρ‖ = 2.7151044612007613e-6  ‖vε - vref‖ = 0.15533162349945195  α = 0.000358
 97   -22.18686894082      -12.46       -6.14    10.3s
    ‖ρε - ρref‖ = 2.823683777456911e-5 ‖Δρ‖ = 1.5568571062508447e-7  ‖vε - vref‖ = 0.15533583031277828  α = 0.0151
 98   -22.18686894082      -13.17       -6.30    10.5s
    ‖ρε - ρref‖ = 2.823669298336067e-5 ‖Δρ‖ = 1.6963356521270152e-7  ‖vε - vref‖ = 0.15533702594737175  α = 0.00677
 99   -22.18686894082      -12.37       -6.15    9.36s
    ‖ρε - ρref‖ = 2.822570412631217e-5 ‖Δρ‖ = 1.4229280228131334e-7  ‖vε - vref‖ = 0.15533510847789514  α = 0.0175
 100   -22.18686894082      -12.83       -6.14    9.92s
    ‖ρε - ρref‖ = 2.8242400227576488e-5 ‖Δρ‖ = 1.9413004667133511e-7  ‖vε - vref‖ = 0.15533788043948818  α = 0.00781
 101   -22.18686894082      -13.41       -5.62    10.2s
    ‖ρε - ρref‖ = 2.823443068525053e-5 ‖Δρ‖ = 8.260306862061584e-7  ‖vε - vref‖ = 0.1553373453972443  α = 0.00114
 102   -22.18686894082      -12.70       -6.39    9.61s
    ‖ρε - ρref‖ = 2.8240266837159628e-5 ‖Δρ‖ = 9.052293644425601e-8  ‖vε - vref‖ = 0.15534471407094083  α = 0.02
 103   -22.18686894082      -12.99       -6.28    10.5s
    ‖ρε - ρref‖ = 2.821027542523614e-5 ‖Δρ‖ = 1.3040742624354042e-7  ‖vε - vref‖ = 0.15534107743645487  α = 0.0104
 104   -22.18686894082      -12.83       -6.33    10.2s
    ‖ρε - ρref‖ = 2.8245442866187934e-5 ‖Δρ‖ = 1.033796532069967e-7  ‖vε - vref‖ = 0.15534540634578314  α = 0.0147
 105   -22.18686894082      -13.07       -6.51    8.32s
    ‖ρε - ρref‖ = 2.823024966141146e-5 ‖Δρ‖ = 7.189387556682839e-8  ‖vε - vref‖ = 0.15534478319621622  α = 0.0173
 106   -22.18686894082      -13.25       -5.85    10.8s
    ‖ρε - ρref‖ = 2.826148761284883e-5 ‖Δρ‖ = 3.9457696181746315e-7  ‖vε - vref‖ = 0.15534403958876256  α = 0.00228
 107   -22.18686894082      -13.75       -6.33    10.2s
    ‖ρε - ρref‖ = 2.83681533031413e-5 ‖Δρ‖ = 1.9794229599964046e-7  ‖vε - vref‖ = 0.15534403729565938  α = 0.00203
 108   -22.18686894082      -13.11       -5.64    10.6s
    ‖ρε - ρref‖ = 2.795943150559276e-5 ‖Δρ‖ = 6.013778972384075e-7  ‖vε - vref‖ = 0.15533565215942433  α = 0.00178
 109   -22.18686894082      -13.02       -6.52    10.3s
    ‖ρε - ρref‖ = 2.8235312380230962e-5 ‖Δρ‖ = 6.927452034396091e-8  ‖vε - vref‖ = 0.1553347606089923  α = 0.0191
 110   -22.18686894082      -12.86       -6.31    9.25s
    ‖ρε - ρref‖ = 2.8241130289384515e-5 ‖Δρ‖ = 1.0224890564541232e-7  ‖vε - vref‖ = 0.15533855363287832  α = 0.0134
 111   -22.18686894082      -13.55       -6.30    10.6s
    ‖ρε - ρref‖ = 2.8233692184716132e-5 ‖Δρ‖ = 1.590850162982187e-7  ‖vε - vref‖ = 0.15533853684730567  α = 0.00439
 112   -22.18686894082      -13.37       -6.38    10.4s
    ‖ρε - ρref‖ = 2.824048992795575e-5 ‖Δρ‖ = 1.1137284500988405e-7  ‖vε - vref‖ = 0.1553393549226325  α = 0.00689
 113   -22.18686894082      -14.45       -5.97    10.5s
    ‖ρε - ρref‖ = 2.8230480524126443e-5 ‖Δρ‖ = 3.7829482072424784e-7  ‖vε - vref‖ = 0.15533854353336893  α = 0.00123
 114   -22.18686894082      -13.09       -6.55    8.76s
    ‖ρε - ρref‖ = 2.823090388491316e-5 ‖Δρ‖ = 5.827565436815944e-8  ‖vε - vref‖ = 0.15533379254558638  α = 0.0194
 115   -22.18686894082      -13.25       -6.77    10.7s
    ‖ρε - ρref‖ = 2.823011184715141e-5 ‖Δρ‖ = 3.78462175742821e-8  ‖vε - vref‖ = 0.1553289667826975  α = 0.0243

#-- ‖ρε - ρref‖ = 2.8232842183224865e-5 vs. 1.0000000000000001e-7 = δ*ε ‖vε - vref‖ = 0.15532401770723828


# --- ε=5.623413251903491e-6

n     Energy            log10(ΔE)   log10(Δρ)   Δtime 
---   ---------------   ---------   ---------   ------
  1   -22.18683402292                   -0.89    15.6s
    ‖ρε - ρref‖ = 0.08212161422341431 ‖Δρ‖ = 0.08210816194506168  ‖vε - vref‖ = 1.2448559930215324  α = 0.000139
  2   -22.18683586377       -5.73       -1.97    9.60s
    ‖ρε - ρref‖ = 0.004390760051950978 ‖Δρ‖ = 0.004386988666353486  ‖vε - vref‖ = 0.8556001168660277  α = 0.000928
  3   -22.18683662196       -6.12       -2.20    9.69s
    ‖ρε - ρref‖ = 0.002233253425384137 ‖Δρ‖ = 0.0022296269524760795  ‖vε - vref‖ = 0.679011286350096  α = 0.0012
  4   -22.18683712867       -6.30       -2.20    9.19s
    ‖ρε - ρref‖ = 0.0023590024992095606 ‖Δρ‖ = 0.002355862051367521  ‖vε - vref‖ = 0.49567443363201596  α = 0.000901
  5   -22.18683753044       -6.40       -2.80    9.62s
    ‖ρε - ρref‖ = 0.0004194857002140836 ‖Δρ‖ = 0.0004163228330606842  ‖vε - vref‖ = 0.32780166243171116  α = 0.00484
  6   -22.18683763833       -6.97       -2.87    9.44s
    ‖ρε - ρref‖ = 0.0004390160344428532 ‖Δρ‖ = 0.0004371118255012701  ‖vε - vref‖ = 0.2630630558483579  α = 0.00233
  7   -22.18683773545       -7.01       -2.98    9.22s
    ‖ρε - ρref‖ = 0.00026714319568690506 ‖Δρ‖ = 0.0002654508367366711  ‖vε - vref‖ = 0.19564136909401858  α = 0.00374
  8   -22.18683779945       -7.19       -3.39    9.72s
    ‖ρε - ρref‖ = 9.946129363859696e-5 ‖Δρ‖ = 9.698008144265118e-5  ‖vε - vref‖ = 0.14289122809133606  α = 0.00822
  9   -22.18683783093       -7.50       -3.47    9.72s
    ‖ρε - ρref‖ = 7.912338173042338e-5 ‖Δρ‖ = 7.697794998071558e-5  ‖vε - vref‖ = 0.1125208578208653  α = 0.00732
 10   -22.18683784607       -7.82       -3.59    9.36s
    ‖ρε - ρref‖ = 6.400643264744704e-5 ‖Δρ‖ = 6.103245237497769e-5  ‖vε - vref‖ = 0.09933685744302775  α = 0.00641
 11   -22.18683785808       -7.92       -3.69    9.73s
    ‖ρε - ρref‖ = 4.7313384266537555e-5 ‖Δρ‖ = 4.4078892469464623e-5  ‖vε - vref‖ = 0.09110829083783743  α = 0.00797
 12   -22.18683785853       -9.35       -3.35    10.4s
    ‖ρε - ρref‖ = 0.0002908370509757223 ‖Δρ‖ = 0.0002769808396656908  ‖vε - vref‖ = 0.09042075640417485  α = 0.000191
 13   -22.18683786498       -8.19       -3.80    8.71s
    ‖ρε - ρref‖ = 3.906946794228061e-5 ‖Δρ‖ = 3.5494912881358995e-5  ‖vε - vref‖ = 0.09074086139701017  α = 0.00722
 14   -22.18683786707       -8.68       -3.68    10.3s
    ‖ρε - ρref‖ = 6.345715987366358e-5 ‖Δρ‖ = 6.31241437954038e-5  ‖vε - vref‖ = 0.09105581576271575  α = 0.00221
 15   -22.18683787002       -8.53       -3.32    9.68s
    ‖ρε - ρref‖ = 0.0001318799671383585 ‖Δρ‖ = 0.0001309961866368712  ‖vε - vref‖ = 0.09211656529820207  α = 0.00127
 16   -22.18683787254       -8.60       -3.32    8.99s
    ‖ρε - ρref‖ = 0.00013225995152489376 ‖Δρ‖ = 0.00012981517132776312  ‖vε - vref‖ = 0.09271826297026012  α = 0.00117
 17   -22.18683787564       -8.51       -4.05    9.80s
    ‖ρε - ρref‖ = 2.6992561502244347e-5 ‖Δρ‖ = 2.015623960651943e-5  ‖vε - vref‖ = 0.09587047406738392  α = 0.00873
 18   -22.18683787665       -8.99       -3.91    10.2s
    ‖ρε - ρref‖ = 3.8765742891354606e-5 ‖Δρ‖ = 3.6790984560595004e-5  ‖vε - vref‖ = 0.09668539533625713  α = 0.00267
 19   -22.18683787794       -8.89       -4.01    10.0s
    ‖ρε - ρref‖ = 2.7487386360644442e-5 ‖Δρ‖ = 2.4325794937073766e-5  ‖vε - vref‖ = 0.0983507816818818  α = 0.00463
 20   -22.18683787997       -8.69       -3.97    9.76s
    ‖ρε - ρref‖ = 2.832045249582441e-5 ‖Δρ‖ = 2.2102700143609836e-5  ‖vε - vref‖ = 0.10177514212689621  α = 0.00636
 21   -22.18683788122       -8.90       -4.59    9.76s
    ‖ρε - ρref‖ = 1.729651044707278e-5 ‖Δρ‖ = 5.285325168805065e-6  ‖vε - vref‖ = 0.10542273941706465  α = 0.0207
 22   -22.18683788208       -9.07       -4.15    10.2s
    ‖ρε - ρref‖ = 2.1438645698367174e-5 ‖Δρ‖ = 1.5758051004615716e-5  ‖vε - vref‖ = 0.10735074689103401  α = 0.00575
 23   -22.18683788263       -9.26       -4.45    9.73s
    ‖ρε - ρref‖ = 1.735683231177213e-5 ‖Δρ‖ = 7.3987435771369085e-6  ‖vε - vref‖ = 0.10865680373640114  α = 0.01
 24   -22.18683788312       -9.31       -4.37    9.86s
    ‖ρε - ρref‖ = 1.9831207103534138e-5 ‖Δρ‖ = 9.192847118672644e-6  ‖vε - vref‖ = 0.11010601874596143  α = 0.00743
 25   -22.18683788316      -10.44       -3.75    9.69s
    ‖ρε - ρref‖ = 7.228097509530983e-5 ‖Δρ‖ = 8.433863710570142e-5  ‖vε - vref‖ = 0.11010598543061988  α = 0.000183
 26   -22.18683788359       -9.36       -4.40    7.79s
    ‖ρε - ρref‖ = 1.834080990173628e-5 ‖Δρ‖ = 7.98375533442432e-6  ‖vε - vref‖ = 0.11142755773620878  α = 0.00825
 27   -22.18683788366      -10.20       -4.35    9.50s
    ‖ρε - ρref‖ = 2.028454168582327e-5 ‖Δρ‖ = 1.5512715637400217e-5  ‖vε - vref‖ = 0.11155335412726418  α = 0.00153
 28   -22.18683788381       -9.82       -4.36    10.2s
    ‖ρε - ρref‖ = 1.9627750882002108e-5 ‖Δρ‖ = 1.1756511107511093e-5  ‖vε - vref‖ = 0.11205539375622889  α = 0.00319
 29   -22.18683788407       -9.59       -3.80    9.74s
    ‖ρε - ρref‖ = 4.034150641355647e-5 ‖Δρ‖ = 3.6890058626318685e-5  ‖vε - vref‖ = 0.11269068159878308  α = 0.00132
 30   -22.18683788441       -9.46       -4.34    10.3s
    ‖ρε - ρref‖ = 1.9159228210456596e-5 ‖Δρ‖ = 9.236730273917768e-6  ‖vε - vref‖ = 0.11388168101570045  α = 0.0062
 31   -22.18683788448      -10.19       -4.46    10.1s
    ‖ρε - ρref‖ = 1.8782144929820228e-5 ‖Δρ‖ = 1.098232678953453e-5  ‖vε - vref‖ = 0.11399877628695995  α = 0.00227
 32   -22.18683788469       -9.67       -4.72    10.1s
    ‖ρε - ρref‖ = 1.586149477974044e-5 ‖Δρ‖ = 4.408076761323657e-6  ‖vε - vref‖ = 0.11430388543794728  α = 0.0101
 33   -22.18683788497       -9.54       -4.39    10.2s
    ‖ρε - ρref‖ = 1.8756530710334648e-5 ‖Δρ‖ = 8.665093910233601e-6  ‖vε - vref‖ = 0.11501371706877407  α = 0.00593
 34   -22.18683788530       -9.49       -4.73    10.2s
    ‖ρε - ρref‖ = 1.6514489995956636e-5 ‖Δρ‖ = 3.5562153825833796e-6  ‖vε - vref‖ = 0.11576609663802537  α = 0.0153
 35   -22.18683788543       -9.87       -4.77    10.2s
    ‖ρε - ρref‖ = 1.6593808750317708e-5 ‖Δρ‖ = 4.45896175183493e-6  ‖vε - vref‖ = 0.11593875223087459  α = 0.00785
 36   -22.18683788555       -9.95       -4.79    10.3s
    ‖ρε - ρref‖ = 1.5856400260442112e-5 ‖Δρ‖ = 3.968609026411234e-6  ‖vε - vref‖ = 0.1159455568486  α = 0.00816
 37   -22.18683788556      -10.82       -3.94    8.58s
    ‖ρε - ρref‖ = 6.618459601339648e-5 ‖Δρ‖ = 5.268615207610584e-5  ‖vε - vref‖ = 0.11597517245998012  α = 0.00019
 38   -22.18683788575       -9.73       -4.64    9.39s
    ‖ρε - ρref‖ = 1.583432455979858e-5 ‖Δρ‖ = 4.700909204585544e-6  ‖vε - vref‖ = 0.11556999146899  α = 0.00886
 39   -22.18683788588       -9.87       -4.79    9.45s
    ‖ρε - ρref‖ = 1.6407213896499133e-5 ‖Δρ‖ = 3.5815785477519196e-6  ‖vε - vref‖ = 0.1153712556685673  α = 0.00992
 40   -22.18683788593      -10.34       -4.30    10.3s
    ‖ρε - ρref‖ = 2.09600821155113e-5 ‖Δρ‖ = 1.5520861845814225e-5  ‖vε - vref‖ = 0.1152805390646893  α = 0.0013
 41   -22.18683788598      -10.34       -4.40    9.72s
    ‖ρε - ρref‖ = 2.082329159625298e-5 ‖Δρ‖ = 1.215874577314899e-5  ‖vε - vref‖ = 0.11529811326402309  α = 0.00167
 42   -22.18683788604      -10.20       -4.16    10.1s
    ‖ρε - ρref‖ = 2.6340359388120177e-5 ‖Δρ‖ = 1.8487120781169738e-5  ‖vε - vref‖ = 0.11525084477250483  α = 0.0013
 43   -22.18683788614      -10.02       -5.04    10.3s
    ‖ρε - ρref‖ = 1.606933708397014e-5 ‖Δρ‖ = 1.9117553639231884e-6  ‖vε - vref‖ = 0.11499166535865706  α = 0.0158
 44   -22.18683788618      -10.33       -4.46    9.63s
    ‖ρε - ρref‖ = 1.7660587679273243e-5 ‖Δρ‖ = 9.267668603827527e-6  ‖vε - vref‖ = 0.11475822737972918  α = 0.00226
 45   -22.18683788624      -10.21       -4.75    8.41s
    ‖ρε - ρref‖ = 1.5916211480156468e-5 ‖Δρ‖ = 4.001171739125551e-6  ‖vε - vref‖ = 0.11441078635332591  α = 0.00608
 46   -22.18683788631      -10.18       -4.79    9.62s
    ‖ρε - ρref‖ = 1.6880980560246157e-5 ‖Δρ‖ = 3.4533530049219217e-6  ‖vε - vref‖ = 0.114276255619573  α = 0.00727
 47   -22.18683788636      -10.34       -4.82    10.1s
    ‖ρε - ρref‖ = 1.6194794640193105e-5 ‖Δρ‖ = 3.3405049512804957e-6  ‖vε - vref‖ = 0.11406033783541818  α = 0.00633
 48   -22.18683788637      -10.80       -4.98    9.53s
    ‖ρε - ρref‖ = 1.3812740816576855e-5 ‖Δρ‖ = 3.3135190932082048e-6  ‖vε - vref‖ = 0.11394181100187652  α = 0.00322
 49   -22.18683788641      -10.40       -3.79    9.94s
    ‖ρε - ρref‖ = 4.497851721702619e-5 ‖Δρ‖ = 3.70385423622159e-5  ‖vε - vref‖ = 0.11373032152822517  α = 0.000501
 50   -22.18683788650      -10.03       -5.21    10.2s
    ‖ρε - ρref‖ = 1.595068827690336e-5 ‖Δρ‖ = 1.020385107511063e-6  ‖vε - vref‖ = 0.11326395847633063  α = 0.0283
 51   -22.18683788651      -11.08       -5.07    9.72s
    ‖ρε - ρref‖ = 1.6465452721822804e-5 ‖Δρ‖ = 2.654893477380603e-6  ‖vε - vref‖ = 0.1132497513771725  α = 0.0033
 52   -22.18683788653      -10.81       -4.64    9.79s
    ‖ρε - ρref‖ = 1.674744306541971e-5 ‖Δρ‖ = 6.208948834914465e-6  ‖vε - vref‖ = 0.11317970611429898  α = 0.00193
 53   -22.18683788654      -10.97       -4.48    8.77s
    ‖ρε - ρref‖ = 1.8455193738383645e-5 ‖Δρ‖ = 1.0399415558263827e-5  ‖vε - vref‖ = 0.11315762042687771  α = 0.000937
 54   -22.18683788657      -10.52       -4.92    10.1s
    ‖ρε - ρref‖ = 1.6333040152511115e-5 ‖Δρ‖ = 2.577600685000373e-6  ‖vε - vref‖ = 0.11310883033618714  α = 0.00655
 55   -22.18683788659      -10.76       -5.10    10.4s
    ‖ρε - ρref‖ = 1.6160807297475696e-5 ‖Δρ‖ = 1.936742813846124e-6  ‖vε - vref‖ = 0.11308401411175928  α = 0.00663
 56   -22.18683788660      -10.85       -4.75    10.2s
    ‖ρε - ρref‖ = 1.6316168239253987e-5 ‖Δρ‖ = 4.373839312562717e-6  ‖vε - vref‖ = 0.11301878513049766  α = 0.00267
 57   -22.18683788662      -10.73       -5.09    10.0s
    ‖ρε - ρref‖ = 1.5764489665840326e-5 ‖Δρ‖ = 1.8518990898565068e-6  ‖vε - vref‖ = 0.11290500283615892  α = 0.00718
 58   -22.18683788664      -10.61       -5.07    9.47s
    ‖ρε - ρref‖ = 1.6223511903290865e-5 ‖Δρ‖ = 1.7588467998201818e-6  ‖vε - vref‖ = 0.11290069688324798  α = 0.0087
 59   -22.18683788666      -10.93       -5.23    8.70s
    ‖ρε - ρref‖ = 1.628763093241725e-5 ‖Δρ‖ = 1.4814166732097604e-6  ‖vε - vref‖ = 0.1128870845034851  α = 0.00697
 60   -22.18683788666      -11.46       -4.17    10.4s
    ‖ρε - ρref‖ = 1.5662949605670675e-5 ‖Δρ‖ = 2.489335338291838e-5  ‖vε - vref‖ = 0.11285752737732604  α = 0.000194
 61   -22.18683788668      -10.77       -5.07    10.2s
    ‖ρε - ρref‖ = 1.6181356813789005e-5 ‖Δρ‖ = 1.848497900002255e-6  ‖vε - vref‖ = 0.11289971275773329  α = 0.00679
 62   -22.18683788669      -10.84       -5.16    10.0s
    ‖ρε - ρref‖ = 1.6011293220378042e-5 ‖Δρ‖ = 1.5423470526033844e-6  ‖vε - vref‖ = 0.11293988876356711  α = 0.0077
 63   -22.18683788670      -10.87       -5.32    10.1s
    ‖ρε - ρref‖ = 1.611733323287707e-5 ‖Δρ‖ = 1.0658837701641351e-6  ‖vε - vref‖ = 0.11304571056941833  α = 0.0105
 64   -22.18683788671      -11.32       -4.56    10.5s
    ‖ρε - ρref‖ = 1.7677549403394337e-5 ‖Δρ‖ = 8.576677952235789e-6  ‖vε - vref‖ = 0.11305485894468535  α = 0.000769
 65   -22.18683788672      -11.15       -4.94    10.0s
    ‖ρε - ρref‖ = 1.5807820238056834e-5 ‖Δρ‖ = 3.340234010081861e-6  ‖vε - vref‖ = 0.11306991672181162  α = 0.00233
 66   -22.18683788673      -10.82       -4.68    8.35s
    ‖ρε - ρref‖ = 1.641621861959399e-5 ‖Δρ‖ = 4.485745812990631e-6  ‖vε - vref‖ = 0.11307770506497364  α = 0.00263
 67   -22.18683788674      -10.87       -5.38    9.90s
    ‖ρε - ρref‖ = 1.599560990568335e-5 ‖Δρ‖ = 8.508493035393383e-7  ‖vε - vref‖ = 0.1131669606667504  α = 0.0134
 68   -22.18683788675      -11.62       -5.37    10.4s
    ‖ρε - ρref‖ = 1.5943785315023768e-5 ‖Δρ‖ = 1.357256847851622e-6  ‖vε - vref‖ = 0.11317457324358947  α = 0.00355
 69   -22.18683788676      -10.84       -5.25    9.60s
    ‖ρε - ρref‖ = 1.5936901222867625e-5 ‖Δρ‖ = 1.0057124603059824e-6  ‖vε - vref‖ = 0.11324494368093435  α = 0.0115
 70   -22.18683788677      -11.40       -5.31    10.3s
    ‖ρε - ρref‖ = 1.5949794880440077e-5 ‖Δρ‖ = 1.2093143819169462e-6  ‖vε - vref‖ = 0.11327116089187311  α = 0.00517
 71   -22.18683788677      -12.50       -5.28    10.0s
    ‖ρε - ρref‖ = 1.8320871686840264e-5 ‖Δρ‖ = 2.77285554562623e-6  ‖vε - vref‖ = 0.11328060161093417  α = 0.000523
 72   -22.18683788678      -11.01       -5.06    8.65s
    ‖ρε - ρref‖ = 1.59277002537316e-5 ‖Δρ‖ = 1.6651253415341206e-6  ‖vε - vref‖ = 0.11335584864874805  α = 0.00568
 73   -22.18683788678      -11.33       -5.26    9.94s
    ‖ρε - ρref‖ = 1.5808197227461798e-5 ‖Δρ‖ = 1.3299808333315742e-6  ‖vε - vref‖ = 0.11336843616966877  α = 0.00498
 74   -22.18683788679      -11.15       -5.66    9.90s
    ‖ρε - ρref‖ = 1.593323920569726e-5 ‖Δρ‖ = 4.25637081425648e-7  ‖vε - vref‖ = 0.11345612108800586  α = 0.0191
 75   -22.18683788679      -12.03       -5.09    9.40s
    ‖ρε - ρref‖ = 1.6571762000644086e-5 ‖Δρ‖ = 2.8302501942066856e-6  ‖vε - vref‖ = 0.11347942495595215  α = 0.00103
 76   -22.18683788679      -11.59       -5.10    10.5s
    ‖ρε - ρref‖ = 1.6364807007410395e-5 ‖Δρ‖ = 1.961270581400338e-6  ‖vε - vref‖ = 0.1135284605031449  α = 0.0025
 77   -22.18683788679      -11.72       -4.95    7.85s
    ‖ρε - ρref‖ = 1.6116345246500106e-5 ‖Δρ‖ = 3.0955579893451914e-6  ‖vε - vref‖ = 0.11355851816237444  α = 0.00133
 78   -22.18683788680      -11.59       -5.54    9.50s
    ‖ρε - ρref‖ = 1.583954703433381e-5 ‖Δρ‖ = 6.789188458470232e-7  ‖vε - vref‖ = 0.11354729373420389  α = 0.00735
 79   -22.18683788680      -11.55       -5.61    9.75s
    ‖ρε - ρref‖ = 1.5965379095600987e-5 ‖Δρ‖ = 5.752635491826984e-7  ‖vε - vref‖ = 0.11356338105852913  α = 0.00902
 80   -22.18683788680      -11.47       -5.35    10.1s
    ‖ρε - ρref‖ = 1.5861390622213042e-5 ‖Δρ‖ = 9.95306263794439e-7  ‖vε - vref‖ = 0.11356294185435077  α = 0.00562
 81   -22.18683788680      -11.70       -5.14    9.66s
    ‖ρε - ρref‖ = 1.5963422239321963e-5 ‖Δρ‖ = 1.8871511070171487e-6  ‖vε - vref‖ = 0.11357244456560917  α = 0.00231
 82   -22.18683788681      -11.54       -5.64    9.44s
    ‖ρε - ρref‖ = 1.5882111121756356e-5 ‖Δρ‖ = 5.03826239275273e-7  ‖vε - vref‖ = 0.1136258553912946  α = 0.0102
 83   -22.18683788681      -12.31       -4.58    8.32s
    ‖ρε - ρref‖ = 2.537172627882981e-5 ‖Δρ‖ = 1.0504996371465932e-5  ‖vε - vref‖ = 0.11364288964249591  α = 0.000173
 84   -22.18683788681      -11.52       -5.64    9.69s
    ‖ρε - ρref‖ = 1.593514662664227e-5 ‖Δρ‖ = 4.74032551349809e-7  ‖vε - vref‖ = 0.11367122583797674  α = 0.0112
 85   -22.18683788681      -11.69       -5.82    9.33s
    ‖ρε - ρref‖ = 1.590596556683777e-5 ‖Δρ‖ = 3.3758497942184903e-7  ‖vε - vref‖ = 0.11365374675140108  α = 0.0132
 86   -22.18683788681      -11.95       -5.64    9.79s
    ‖ρε - ρref‖ = 1.590050895569927e-5 ‖Δρ‖ = 5.65634936540871e-7  ‖vε - vref‖ = 0.11363776437340561  α = 0.00595
 87   -22.18683788681      -12.55       -5.35    9.32s
    ‖ρε - ρref‖ = 1.6137086688809924e-5 ‖Δρ‖ = 1.7004857621365244e-6  ‖vε - vref‖ = 0.11363923699770315  α = 0.000871
 88   -22.18683788681      -11.80       -5.56    8.03s
    ‖ρε - ρref‖ = 1.6012694421091158e-5 ‖Δρ‖ = 6.373286463651547e-7  ‖vε - vref‖ = 0.11362987811253122  α = 0.006
 89   -22.18683788682      -11.97       -5.09    9.88s
    ‖ρε - ρref‖ = 1.5864406685396753e-5 ‖Δρ‖ = 2.2295965169377386e-6  ‖vε - vref‖ = 0.11361969297633398  α = 0.00137
 90   -22.18683788682      -11.88       -5.65    10.0s
    ‖ρε - ρref‖ = 1.5888177972324318e-5 ‖Δρ‖ = 5.896913506261713e-7  ‖vε - vref‖ = 0.11359872831932462  α = 0.0059
 91   -22.18683788682      -11.65       -5.78    9.83s
    ‖ρε - ρref‖ = 1.5953816356975348e-5 ‖Δρ‖ = 3.341386658351379e-7  ‖vε - vref‖ = 0.11358729113810029  α = 0.0136
 92   -22.18683788682      -12.26       -5.83    10.0s
    ‖ρε - ρref‖ = 1.5922273634016915e-5 ‖Δρ‖ = 4.366619858852135e-7  ‖vε - vref‖ = 0.1135793926153595  α = 0.00522
 93   -22.18683788682      -11.88       -5.49    7.54s
    ‖ρε - ρref‖ = 1.597288844754965e-5 ‖Δρ‖ = 7.258995333329041e-7  ‖vε - vref‖ = 0.11356468972336763  α = 0.0048
 94   -22.18683788682      -13.15       -5.49    9.30s
    ‖ρε - ρref‖ = 1.4596744442902727e-5 ‖Δρ‖ = 1.6009480126087406e-6  ‖vε - vref‖ = 0.11355967522415378  α = 0.000471
 95   -22.18683788682      -11.93       -5.25    10.5s
    ‖ρε - ρref‖ = 1.6021000213990814e-5 ‖Δρ‖ = 1.2309250932921872e-6  ‖vε - vref‖ = 0.11353731776499604  α = 0.00268
 96   -22.18683788682      -12.13       -5.77    10.4s
    ‖ρε - ρref‖ = 1.6011661866934323e-5 ‖Δρ‖ = 3.918172002021409e-7  ‖vε - vref‖ = 0.11354831455932592  α = 0.00682
 97   -22.18683788682      -12.38       -5.92    9.80s
    ‖ρε - ρref‖ = 1.5900033543021503e-5 ‖Δρ‖ = 3.171420689943221e-7  ‖vε - vref‖ = 0.1135379749562207  α = 0.0064
 98   -22.18683788682      -11.98       -5.94    8.57s
    ‖ρε - ρref‖ = 1.5909372854220087e-5 ‖Δρ‖ = 2.2995749315669714e-7  ‖vε - vref‖ = 0.11351172372698258  α = 0.0135
 99   -22.18683788682      -12.70       -5.15    9.71s
    ‖ρε - ρref‖ = 1.6202186637745706e-5 ‖Δρ‖ = 2.414710372521662e-6  ‖vε - vref‖ = 0.11351129640667351  α = 0.000526
 100   -22.18683788683      -12.38       -6.07    10.1s
    ‖ρε - ρref‖ = 1.596575979959675e-5 ‖Δρ‖ = 2.2335564561870523e-7  ‖vε - vref‖ = 0.11351658235395559  α = 0.00865
 101   -22.18683788683      -12.23       -5.28    9.88s
    ‖ρε - ρref‖ = 1.594997939778448e-5 ‖Δρ‖ = 1.2208636576342996e-6  ‖vε - vref‖ = 0.11352188750471169  α = 0.0019
 102   -22.18683788683      -12.36       -5.83    8.21s
    ‖ρε - ρref‖ = 1.5938318990133647e-5 ‖Δρ‖ = 3.5359731636355426e-7  ‖vε - vref‖ = 0.11352190609673261  α = 0.00582
 103   -22.18683788683      -12.14       -6.04    10.0s
    ‖ρε - ρref‖ = 1.5905935271988197e-5 ‖Δρ‖ = 1.85557851612724e-7  ‖vε - vref‖ = 0.11350284117185187  α = 0.0139
 104   -22.18683788683      -12.37       -5.80    10.6s
    ‖ρε - ρref‖ = 1.5948905483266367e-5 ‖Δρ‖ = 3.6604894845440953e-7  ‖vε - vref‖ = 0.11350018740937917  α = 0.00553
 105   -22.18683788683      -12.97       -5.73    9.46s
    ‖ρε - ρref‖ = 1.6205709388712446e-5 ‖Δρ‖ = 6.020833370510569e-7  ‖vε - vref‖ = 0.11350306406241648  α = 0.00158
 106   -22.18683788683      -13.27       -5.18    9.54s
    ‖ρε - ρref‖ = 1.443354231623748e-5 ‖Δρ‖ = 2.6322783220840745e-6  ‖vε - vref‖ = 0.11350126309475216  α = 0.000223
 107   -22.18683788683      -12.65       -6.01    8.12s
    ‖ρε - ρref‖ = 1.591797484148926e-5 ‖Δρ‖ = 2.4205201762522687e-7  ‖vε - vref‖ = 0.11349860012867391  α = 0.0062
 108   -22.18683788683      -12.22       -6.14    9.63s
    ‖ρε - ρref‖ = 1.592386562429125e-5 ‖Δρ‖ = 1.3543391558331784e-7  ‖vε - vref‖ = 0.11349953291165814  α = 0.0173
 109   -22.18683788683      -12.32       -6.21    10.1s
    ‖ρε - ρref‖ = 1.595029850314296e-5 ‖Δρ‖ = 1.2378375391451098e-7  ‖vε - vref‖ = 0.11352180128102926  α = 0.0168
 110   -22.18683788683      -13.19       -5.93    10.3s
    ‖ρε - ρref‖ = 1.5880627642844663e-5 ‖Δρ‖ = 4.1456692973251766e-7  ‖vε - vref‖ = 0.1135184469647883  α = 0.00185
 111   -22.18683788683      -12.75       -5.55    8.10s
    ‖ρε - ρref‖ = 1.5832695503562766e-5 ‖Δρ‖ = 7.014299873630761e-7  ‖vε - vref‖ = 0.11351182228699287  α = 0.00187
 112   -22.18683788683      -12.83       -6.03    10.4s
    ‖ρε - ρref‖ = 1.595425554883518e-5 ‖Δρ‖ = 2.529327449206304e-7  ‖vε - vref‖ = 0.11350983452103391  α = 0.00465
 113   -22.18683788683      -12.78       -5.57    10.0s
    ‖ρε - ρref‖ = 1.588082959755256e-5 ‖Δρ‖ = 7.028007832839139e-7  ‖vε - vref‖ = 0.11350713432063937  α = 0.00168
 114   -22.18683788683      -12.97       -6.06    9.56s
    ‖ρε - ρref‖ = 1.5910466619950637e-5 ‖Δρ‖ = 2.2669327832922472e-7  ‖vε - vref‖ = 0.11350366375555433  α = 0.00491
 115   -22.18683788683      -12.57       -6.33    9.70s
    ‖ρε - ρref‖ = 1.593450236423824e-5 ‖Δρ‖ = 9.201317037359116e-8  ‖vε - vref‖ = 0.11351156239570462  α = 0.0171
 116   -22.18683788683      -12.79       -6.30    8.53s
    ‖ρε - ρref‖ = 1.590507952672756e-5 ‖Δρ‖ = 1.158293959476314e-7  ‖vε - vref‖ = 0.113511862181471  α = 0.0104
 117   -22.18683788683      -13.75       -5.42    9.42s
    ‖ρε - ρref‖ = 1.7297131347209517e-5 ‖Δρ‖ = 1.6850828305701374e-6  ‖vε - vref‖ = 0.11351367605480012  α = 0.000212
 118   -22.18683788683      -13.15       -5.84    10.4s
    ‖ρε - ρref‖ = 1.5906832045935175e-5 ‖Δρ‖ = 4.1266985143281e-7  ‖vε - vref‖ = 0.11351543574744559  α = 0.00213
 119   -22.18683788683      -12.87       -6.02    10.0s
    ‖ρε - ρref‖ = 1.5930202927938906e-5 ‖Δρ‖ = 2.3235143375350595e-7  ‖vε - vref‖ = 0.11351646599615973  α = 0.00452
 120   -22.18683788683      -12.65       -6.14    7.48s
    ‖ρε - ρref‖ = 1.5919438577751605e-5 ‖Δρ‖ = 1.31166113751792e-7  ‖vε - vref‖ = 0.11351402256379524  α = 0.0115
 121   -22.18683788683      -13.17       -6.28    9.67s
    ‖ρε - ρref‖ = 1.5941919345973456e-5 ‖Δρ‖ = 1.3855197914458046e-7  ‖vε - vref‖ = 0.11351603112894094  α = 0.00566
 122   -22.18683788683      -13.37       -6.36    9.43s
    ‖ρε - ρref‖ = 1.5919563111481084e-5 ‖Δρ‖ = 1.4204238340844395e-7  ‖vε - vref‖ = 0.11351471253509075  α = 0.004
 123   -22.18683788683      -12.77       -5.59    9.86s
    ‖ρε - ρref‖ = 1.5919601939877403e-5 ‖Δρ‖ = 4.740715574324479e-7  ‖vε - vref‖ = 0.11351491302828  α = 0.00273
 124   -22.18683788683      -13.27       -6.35    8.52s
    ‖ρε - ρref‖ = 1.5943894812565254e-5 ‖Δρ‖ = 1.3233392065514587e-7  ‖vε - vref‖ = 0.11351588206834444  α = 0.00435
 125   -22.18683788683      -13.19       -5.88    10.4s
    ‖ρε - ρref‖ = 1.5908414050921117e-5 ‖Δρ‖ = 3.3552117142312937e-7  ‖vε - vref‖ = 0.11351660794343964  α = 0.00217
 126   -22.18683788683      -13.07       -6.46    10.4s
    ‖ρε - ρref‖ = 1.5928656450945225e-5 ‖Δρ‖ = 6.89340468396672e-8  ‖vε - vref‖ = 0.11351971552366834  α = 0.0145
 127   -22.18683788683      -13.15       -6.33    10.2s
    ‖ρε - ρref‖ = 1.591147044799979e-5 ‖Δρ‖ = 1.0578595621645149e-7  ‖vε - vref‖ = 0.11351827738544558  α = 0.00737
 128   -22.18683788683      -13.67       -6.25    8.51s
    ‖ρε - ρref‖ = 1.5827772848185188e-5 ‖Δρ‖ = 1.795828556740492e-7  ‖vε - vref‖ = 0.1135192843495024  α = 0.00227
 129   -22.18683788683      -13.50       -5.26    9.49s
    ‖ρε - ρref‖ = 1.67338489037585e-5 ‖Δρ‖ = 1.3713954414870132e-6  ‖vε - vref‖ = 0.11352627712252067  α = 0.000456
 130   -22.18683788683      -13.25       -6.31    10.6s
    ‖ρε - ρref‖ = 1.5938311221904624e-5 ‖Δρ‖ = 1.2011495331180474e-7  ‖vε - vref‖ = 0.11353071988037836  α = 0.00546
 131   -22.18683788683      -13.37       -6.10    10.0s
    ‖ρε - ρref‖ = 1.592450902058457e-5 ‖Δρ‖ = 2.100071355344393e-7  ‖vε - vref‖ = 0.11353121037797154  α = 0.00267
 132   -22.18683788683      -13.45       -6.39    7.73s
    ‖ρε - ρref‖ = 1.591929930434451e-5 ‖Δρ‖ = 8.987991550902181e-8  ‖vε - vref‖ = 0.11352738110636003  α = 0.00788
 133   -22.18683788683      -13.34       -6.64    10.2s
    ‖ρε - ρref‖ = 1.5921112038705037e-5 ‖Δρ‖ = 5.082106249484384e-8  ‖vε - vref‖ = 0.11352251170204108  α = 0.0123
 134   -22.18683788683      -13.85       -6.10    9.75s
    ‖ρε - ρref‖ = 1.591426783287472e-5 ‖Δρ‖ = 2.7918457455381265e-7  ‖vε - vref‖ = 0.11352132100012238  α = 0.00101
 135   -22.18683788683      -13.60       -6.10    9.85s
    ‖ρε - ρref‖ = 1.5938267700345603e-5 ‖Δρ‖ = 1.8157748695900758e-7  ‖vε - vref‖ = 0.11352131427242612  α = 0.00312
 136   -22.18683788683      -13.19       -6.54    8.75s
    ‖ρε - ρref‖ = 1.5929167041489957e-5 ‖Δρ‖ = 6.084241185529535e-8  ‖vε - vref‖ = 0.11352153663002884  α = 0.0107
 137   -22.18683788683   +    -Inf       -5.97    10.2s
    ‖ρε - ρref‖ = 1.5889337737094645e-5 ‖Δρ‖ = 3.1724112169430734e-7  ‖vε - vref‖ = 0.11352148508855106  α = 0.00118
 138   -22.18683788683      -13.27       -6.54    9.81s
    ‖ρε - ρref‖ = 1.5936224834891903e-5 ‖Δρ‖ = 6.617824502371095e-8  ‖vε - vref‖ = 0.11352456163537425  α = 0.00832
 139   -22.18683788683      -13.41       -6.48    10.1s
    ‖ρε - ρref‖ = 1.593002169052692e-5 ‖Δρ‖ = 6.669194827897635e-8  ‖vε - vref‖ = 0.11352661567331951  α = 0.00959
 140   -22.18683788683   +  -13.67       -6.32    8.80s
    ‖ρε - ρref‖ = 1.569188946161793e-5 ‖Δρ‖ = 2.7774760433495224e-7  ‖vε - vref‖ = 0.11352627921459331  α = 0.000245
 141   -22.18683788683      -13.17       -6.76    10.5s
    ‖ρε - ρref‖ = 1.5924438856880264e-5 ‖Δρ‖ = 2.982882144865551e-8  ‖vε - vref‖ = 0.11351925188855283  α = 0.0233
 142   -22.18683788683      -14.15       -6.48    9.94s
    ‖ρε - ρref‖ = 1.59364802909926e-5 ‖Δρ‖ = 1.0035642224462548e-7  ‖vε - vref‖ = 0.11351979290233791  α = 0.0031
 143   -22.18683788683      -13.37       -6.44    10.1s
    ‖ρε - ρref‖ = 1.593717024682332e-5 ‖Δρ‖ = 8.113225700527537e-8  ‖vε - vref‖ = 0.11352136320106675  α = 0.00594
 144   -22.18683788683      -13.45       -6.45    8.15s
    ‖ρε - ρref‖ = 1.5919132232209406e-5 ‖Δρ‖ = 7.179511338148343e-8  ‖vε - vref‖ = 0.11351924530394089  α = 0.00686
 145   -22.18683788683   +    -Inf       -6.58    35.4s
    ‖ρε - ρref‖ = 1.5932470267576148e-5 ‖Δρ‖ = 7.064194467175312e-8  ‖vε - vref‖ = 0.11351924530361691  α = 7.38e-10
 146   -22.18683788683   +  -14.15       -4.60    26.0s
    ‖ρε - ρref‖ = 1.7699321580687173e-5 ‖Δρ‖ = 6.537612536802027e-6  ‖vε - vref‖ = 0.11351924530367537  α = 0.0
 147   -22.18683788683   +  -13.67       -6.57    7.98s
    ‖ρε - ρref‖ = 1.5937275251985037e-5 ‖Δρ‖ = 8.282282394199714e-8  ‖vε - vref‖ = 0.11352012402176322  α = 0.00305
 148   -22.18683788683   +    -Inf       -6.19    10.2s
    ‖ρε - ρref‖ = 1.5920478530338256e-5 ‖Δρ‖ = 2.287468427658219e-7  ‖vε - vref‖ = 0.11351988812651342  α = 0.000711
 149   -22.18683788683      -13.60       -6.68    9.53s
    ‖ρε - ρref‖ = 1.59618707624055e-5 ‖Δρ‖ = 6.594268500314275e-8  ‖vε - vref‖ = 0.11351993438062755  α = 0.00274
 150   -22.18683788683   +  -13.97       -5.62    9.78s
    ‖ρε - ρref‖ = 1.560780501005873e-5 ‖Δρ‖ = 6.247685192561885e-7  ‖vε - vref‖ = 0.11351840315034213  α = 0.000396
 151   -22.18683788683      -13.75       -6.69    7.68s
    ‖ρε - ρref‖ = 1.593051965221941e-5 ‖Δρ‖ = 5.310940266910578e-8  ‖vε - vref‖ = 0.11351840900958136  α = 0.00446
 152   -22.18683788683      -13.97       -6.39    13.3s
    ‖ρε - ρref‖ = 1.592766182801112e-5 ‖Δρ‖ = 9.27676306037365e-8  ‖vε - vref‖ = 0.11351852867611399  α = 0.000729
 153   -22.18683788683   +    -Inf       -6.42    95.8s
    ‖ρε - ρref‖ = 1.5943517332424088e-5 ‖Δρ‖ = 1.1597925312021343e-7  ‖vε - vref‖ = 0.11351852867615055  α = 1.12e-10
 154   -22.18683788683   +    -Inf       -3.97    37.2s
    ‖ρε - ρref‖ = 3.827688624339363e-5 ‖Δρ‖ = 3.261898729095975e-5  ‖vε - vref‖ = 0.11351852867615855  α = 1.11e-13
Trying again with Newton's method ...
n     Energy            log10(ΔE)   log10(Δρ)   Δtime 
---   ---------------   ---------   ---------   ------
  1   -22.18683788683                   -8.59     528s
    ‖ρε - ρref‖ = 1.5926646331177783e-5 ‖Δρ‖ = 4.0373476510058644e-10  ‖vε - vref‖ = 0.1135145308099894
  2   -22.18683788683      -13.50       -8.94     522s
    ‖ρε - ρref‖ = 1.5926632407476246e-5 ‖Δρ‖ = 1.7706798422764407e-10  ‖vε - vref‖ = 0.1135140430655429
    Stopping to avoid numerical instabilities.

#-- ‖ρε - ρref‖ = 1.5926632407476246e-5 vs. 5.623413251903491e-8 = δ*ε ‖vε - vref‖ = 0.1135140430655429


# --- ε=3.162277660168379e-6

n     Energy            log10(ΔE)   log10(Δρ)   Δtime 
---   ---------------   ---------   ---------   ------
  1   -22.18681812978                   -0.89    14.8s
    ‖ρε - ρref‖ = 0.08212837045768041 ‖Δρ‖ = 0.08212080660552705  ‖vε - vref‖ = 1.2685432849442557  α = 7.84e-5
  2   -22.18681917259       -5.98       -1.97    9.79s
    ‖ρε - ρref‖ = 0.004394407405837761 ‖Δρ‖ = 0.004392285623669303  ‖vε - vref‖ = 0.8842725714545059  α = 0.000524
  3   -22.18681960657       -6.36       -2.20    8.01s
    ‖ρε - ρref‖ = 0.002244844895848952 ‖Δρ‖ = 0.0022428060350086583  ‖vε - vref‖ = 0.7090741612587171  α = 0.00068
  4   -22.18681989798       -6.54       -2.20    9.75s
    ‖ρε - ρref‖ = 0.0023795346021634853 ‖Δρ‖ = 0.002377769867072582  ‖vε - vref‖ = 0.5278993029450224  α = 0.000508
  5   -22.18682013449       -6.63       -2.79    9.94s
    ‖ρε - ρref‖ = 0.0004249328486323474 ‖Δρ‖ = 0.0004232075102916758  ‖vε - vref‖ = 0.3589120905644566  α = 0.00275
  6   -22.18682019901       -7.19       -2.86    7.81s
    ‖ρε - ρref‖ = 0.0004483854927498465 ‖Δρ‖ = 0.0004473711759664486  ‖vε - vref‖ = 0.2935292609764356  α = 0.00132
  7   -22.18682025834       -7.23       -2.97    10.5s
    ‖ρε - ρref‖ = 0.00027569615215202153 ‖Δρ‖ = 0.000274845627400854  ‖vε - vref‖ = 0.22403867642187977  α = 0.00212
  8   -22.18682029927       -7.39       -3.37    10.2s
    ‖ρε - ρref‖ = 0.00010292733200120574 ‖Δρ‖ = 0.00010183612360886413  ‖vε - vref‖ = 0.1649517454736637  α = 0.00472
  9   -22.18682032028       -7.68       -3.44    8.41s
    ‖ρε - ρref‖ = 8.336032655853477e-5 ‖Δρ‖ = 8.255676620174867e-5  ‖vε - vref‖ = 0.12680304174905493  α = 0.0042
 10   -22.18682033090       -7.97       -3.54    10.9s
    ‖ρε - ρref‖ = 6.79404559147913e-5 ‖Δρ‖ = 6.678322982230297e-5  ‖vε - vref‖ = 0.10594038707165145  α = 0.0037
 11   -22.18682033976       -8.05       -3.64    10.3s
    ‖ρε - ρref‖ = 5.073712036485104e-5 ‖Δρ‖ = 4.9650832006228304e-5  ‖vε - vref‖ = 0.08754534535582197  α = 0.00458
 12   -22.18682034007       -9.50       -3.33    8.22s
    ‖ρε - ρref‖ = 0.00029465618209174855 ‖Δρ‖ = 0.0002868898931808038  ‖vε - vref‖ = 0.08646257959487913  α = 0.000116
 13   -22.18682034520       -8.29       -3.70    10.9s
    ‖ρε - ρref‖ = 4.5244842069183184e-5 ‖Δρ‖ = 4.423033625964417e-5  ‖vε - vref‖ = 0.07846204364832114  α = 0.0039
 14   -22.18682034683       -8.79       -3.58    10.2s
    ‖ρε - ρref‖ = 7.962877080789999e-5 ‖Δρ‖ = 8.006365626509744e-5  ‖vε - vref‖ = 0.07609557875766951  α = 0.00116
 15   -22.18682034922       -8.62       -3.26    8.08s
    ‖ρε - ρref‖ = 0.00015066857128489457 ‖Δρ‖ = 0.0001504674167919322  ‖vε - vref‖ = 0.07308712190496704  α = 0.00075
 16   -22.18682035141       -8.66       -3.22    10.2s
    ‖ρε - ρref‖ = 0.00015863347489742454 ‖Δρ‖ = 0.00015755887414022307  ‖vε - vref‖ = 0.06904290763184948  α = 0.000677
 17   -22.18682035400       -8.59       -3.96    10.5s
    ‖ρε - ρref‖ = 2.7058504027980998e-5 ‖Δρ‖ = 2.4559559931985485e-5  ‖vε - vref‖ = 0.06737248395717665  α = 0.00496
 18   -22.18682035488       -9.06       -3.80    8.20s
    ‖ρε - ρref‖ = 4.664101652311099e-5 ‖Δρ‖ = 4.65100515922694e-5  ‖vε - vref‖ = 0.06661780527862349  α = 0.00148
 19   -22.18682035601       -8.95       -3.92    10.5s
    ‖ρε - ρref‖ = 3.037550574445189e-5 ‖Δρ‖ = 3.005789523240866e-5  ‖vε - vref‖ = 0.06660098759836272  α = 0.00265
 20   -22.18682035779       -8.75       -3.87    10.6s
    ‖ρε - ρref‖ = 2.9566695653519813e-5 ‖Δρ‖ = 2.739439459146419e-5  ‖vε - vref‖ = 0.0672593042144469  α = 0.00365
 21   -22.18682035893       -8.94       -4.49    8.75s
    ‖ρε - ρref‖ = 1.1613495632557452e-5 ‖Δρ‖ = 6.5341911157634385e-6  ‖vε - vref‖ = 0.07007700107890444  α = 0.0122
 22   -22.18682035962       -9.16       -4.04    11.1s
    ‖ρε - ρref‖ = 2.138457369961175e-5 ‖Δρ‖ = 2.0148755434306243e-5  ‖vε - vref‖ = 0.07118311089091106  α = 0.00307
 23   -22.18682036008       -9.34       -4.36    10.2s
    ‖ρε - ρref‖ = 1.2577263430813941e-5 ‖Δρ‖ = 9.02495263499087e-6  ‖vε - vref‖ = 0.0722196839169036  α = 0.00571
 24   -22.18682036045       -9.43       -4.29    8.80s
    ‖ρε - ρref‖ = 1.5455207995340098e-5 ‖Δρ‖ = 1.1025128202177671e-5  ‖vε - vref‖ = 0.07346453027021829  α = 0.00411
 25   -22.18682036048      -10.57       -3.69    11.0s
    ‖ρε - ρref‖ = 8.79641851274266e-5 ‖Δρ‖ = 9.49250513267468e-5  ‖vε - vref‖ = 0.07342684925520748  α = 0.000104
 26   -22.18682036079       -9.51       -4.31    10.0s
    ‖ρε - ρref‖ = 1.382474877924151e-5 ‖Δρ‖ = 9.889556619963744e-6  ‖vε - vref‖ = 0.07463359352746525  α = 0.00427
 27   -22.18682036083      -10.39       -4.20    8.28s
    ‖ρε - ρref‖ = 2.2715287715150135e-5 ‖Δρ‖ = 2.2341453526723716e-5  ‖vε - vref‖ = 0.07474312546210908  α = 0.000646
 28   -22.18682036089      -10.20       -4.33    10.9s
    ‖ρε - ρref‖ = 1.6834554597181203e-5 ‖Δρ‖ = 1.4632739859013025e-5  ‖vε - vref‖ = 0.07512658831708255  α = 0.00122
 29   -22.18682036112       -9.64       -3.93    8.75s
    ‖ρε - ρref‖ = 2.580913870385644e-5 ‖Δρ‖ = 2.398864043680886e-5  ‖vε - vref‖ = 0.07620789008241781  α = 0.00147
 30   -22.18682036131       -9.72       -4.29    10.3s
    ‖ρε - ρref‖ = 1.4411235720607321e-5 ‖Δρ‖ = 1.038613347371554e-5  ‖vε - vref‖ = 0.07742586416590652  α = 0.00316
 31   -22.18682036135      -10.40       -4.39    10.1s
    ‖ρε - ρref‖ = 1.4774603556627026e-5 ‖Δρ‖ = 1.2263617438042418e-5  ‖vε - vref‖ = 0.07760742714172349  α = 0.0012
 32   -22.18682036146       -9.95       -4.72    8.03s
    ‖ρε - ρref‖ = 9.216754343036372e-6 ‖Δρ‖ = 4.360686998834316e-6  ‖vε - vref‖ = 0.07815899833619762  α = 0.00568
 33   -22.18682036162       -9.82       -4.38    10.7s
    ‖ρε - ρref‖ = 1.2773880018347003e-5 ‖Δρ‖ = 8.498515761331867e-6  ‖vε - vref‖ = 0.07923976827712065  α = 0.0034
 34   -22.18682036179       -9.75       -4.73    10.5s
    ‖ρε - ρref‖ = 1.010509922946353e-5 ‖Δρ‖ = 3.436909166318445e-6  ‖vε - vref‖ = 0.08081955751019033  α = 0.00908
 35   -22.18682036186      -10.18       -4.72    8.72s
    ‖ρε - ρref‖ = 9.538990138881615e-6 ‖Δρ‖ = 4.405257540315395e-6  ‖vε - vref‖ = 0.08116560792240095  α = 0.00433
 36   -22.18682036190      -10.36       -4.76    11.1s
    ‖ρε - ρref‖ = 8.015970858144478e-6 ‖Δρ‖ = 4.494158248500267e-6  ‖vε - vref‖ = 0.08139571092418209  α = 0.00324
 37   -22.18682036193      -10.61       -3.59    10.3s
    ‖ρε - ρref‖ = 8.67139963185356e-5 ‖Δρ‖ = 8.099940541476564e-5  ‖vε - vref‖ = 0.08152979508549713  α = 0.000126
 38   -22.18682036202      -10.01       -4.71    8.33s
    ‖ρε - ρref‖ = 9.64322736081987e-6 ‖Δρ‖ = 3.834157071684955e-6  ‖vε - vref‖ = 0.0820576816774023  α = 0.00603
 39   -22.18682036204      -10.67       -4.54    10.7s
    ‖ρε - ρref‖ = 1.3530394621238862e-5 ‖Δρ‖ = 9.05945143379928e-6  ‖vε - vref‖ = 0.08221352766217736  α = 0.00116
 40   -22.18682036209      -10.29       -4.24    8.19s
    ‖ρε - ρref‖ = 1.717142093735594e-5 ‖Δρ‖ = 1.4514546076768589e-5  ‖vε - vref‖ = 0.08245922785067736  α = 0.00112
 41   -22.18682036215      -10.30       -4.07    10.8s
    ‖ρε - ρref‖ = 2.3291701248813992e-5 ‖Δρ‖ = 2.2271026140353358e-5  ‖vε - vref‖ = 0.08269089700446139  α = 0.000707
 42   -22.18682036221      -10.22       -4.64    10.7s
    ‖ρε - ρref‖ = 1.073160189929096e-5 ‖Δρ‖ = 5.296904369374185e-6  ‖vε - vref‖ = 0.08297445391984178  α = 0.0034
 43   -22.18682036224      -10.41       -4.91    8.62s
    ‖ρε - ρref‖ = 9.700630971227676e-6 ‖Δρ‖ = 3.193794138501086e-6  ‖vε - vref‖ = 0.08315142565093278  α = 0.0045
 44   -22.18682036230      -10.23       -4.37    10.3s
    ‖ρε - ρref‖ = 1.2767997967100715e-5 ‖Δρ‖ = 9.330073314803783e-6  ‖vε - vref‖ = 0.08327879135534366  α = 0.00191
 45   -22.18682036236      -10.27       -4.78    11.1s
    ‖ρε - ρref‖ = 9.17588900181357e-6 ‖Δρ‖ = 3.7300741115144496e-6  ‖vε - vref‖ = 0.08324039188122277  α = 0.00459
 46   -22.18682036242      -10.22       -4.65    8.76s
    ‖ρε - ρref‖ = 1.0771557945962637e-5 ‖Δρ‖ = 4.770475774705516e-6  ‖vε - vref‖ = 0.08337937361169045  α = 0.00379
 47   -22.18682036247      -10.31       -4.80    11.1s
    ‖ρε - ρref‖ = 9.739271860167222e-6 ‖Δρ‖ = 3.3881460795596234e-6  ‖vε - vref‖ = 0.08333192856170454  α = 0.00483
 48   -22.18682036247      -11.40       -4.61    10.8s
    ‖ρε - ρref‖ = 6.673415403907249e-6 ‖Δρ‖ = 1.1691524714663985e-5  ‖vε - vref‖ = 0.08330222798341681  α = 0.000327
 49   -22.18682036252      -10.30       -4.25    8.77s
    ‖ρε - ρref‖ = 1.5787270887845744e-5 ‖Δρ‖ = 1.2071257745490517e-5  ‖vε - vref‖ = 0.0831161098915498  α = 0.00136
 50   -22.18682036261      -10.05       -5.10    10.9s
    ‖ρε - ρref‖ = 8.97805077047085e-6 ‖Δρ‖ = 1.398401536365147e-6  ‖vε - vref‖ = 0.08267272230459916  α = 0.0152
 51   -22.18682036263      -10.73       -4.04    8.67s
    ‖ρε - ρref‖ = 3.0048241597920517e-5 ‖Δρ‖ = 2.787610556976283e-5  ‖vε - vref‖ = 0.08259813742495364  α = 0.000349
 52   -22.18682036263      -11.15       -4.60    11.1s
    ‖ρε - ρref‖ = 1.336225770976439e-5 ‖Δρ‖ = 8.929691666284699e-6  ‖vε - vref‖ = 0.08256308044415314  α = 0.000658
 53   -22.18682036266      -10.54       -4.79    10.1s
    ‖ρε - ρref‖ = 9.670272739575405e-6 ‖Δρ‖ = 3.6064277312389643e-6  ‖vε - vref‖ = 0.08244156746619301  α = 0.00347
 54   -22.18682036269      -10.52       -4.82    8.21s
    ‖ρε - ρref‖ = 9.59691281337999e-6 ‖Δρ‖ = 3.2767966438298754e-6  ‖vε - vref‖ = 0.08228236028261525  α = 0.00394
 55   -22.18682036271      -10.78       -4.82    10.9s
    ‖ρε - ρref‖ = 1.0097555943550513e-5 ‖Δρ‖ = 3.952390515027111e-6  ‖vε - vref‖ = 0.08220864398857279  α = 0.0024
 56   -22.18682036273      -10.62       -4.60    10.8s
    ‖ρε - ρref‖ = 1.0651030078081329e-5 ‖Δρ‖ = 5.472635672073168e-6  ‖vε - vref‖ = 0.08203404671410794  α = 0.00209
 57   -22.18682036275      -10.74       -5.04    8.75s
    ‖ρε - ρref‖ = 8.806972769016883e-6 ‖Δρ‖ = 2.12892273240976e-6  ‖vε - vref‖ = 0.08177731091226782  α = 0.00465
 58   -22.18682036278      -10.54       -4.97    10.7s
    ‖ρε - ρref‖ = 9.325022677404472e-6 ‖Δρ‖ = 2.039476674960233e-6  ‖vε - vref‖ = 0.08150377423868665  α = 0.00621
 59   -22.18682036279      -11.35       -4.99    8.74s
    ‖ρε - ρref‖ = 1.111012908574812e-5 ‖Δρ‖ = 3.419152920704885e-6  ‖vε - vref‖ = 0.08147520942731554  α = 0.0013
 60   -22.18682036279      -11.23       -4.05    11.0s
    ‖ρε - ρref‖ = 2.320087523552156e-5 ‖Δρ‖ = 2.708598485716933e-5  ‖vε - vref‖ = 0.08137925943374336  α = 0.00019
 61   -22.18682036281      -10.64       -5.07    11.1s
    ‖ρε - ρref‖ = 9.231763311927885e-6 ‖Δρ‖ = 1.5687545711881643e-6  ‖vε - vref‖ = 0.08122906205976639  α = 0.00713
 62   -22.18682036282      -11.15       -5.10    8.81s
    ‖ρε - ρref‖ = 9.021569906729453e-6 ‖Δρ‖ = 2.0062075742522368e-6  ‖vε - vref‖ = 0.08114776305907521  α = 0.00309
 63   -22.18682036283      -11.41       -4.44    10.5s
    ‖ρε - ρref‖ = 1.4218959279914452e-5 ‖Δρ‖ = 1.072226117521889e-5  ‖vε - vref‖ = 0.0811234370827791  α = 0.000421
 64   -22.18682036283      -11.27       -5.01    8.06s
    ‖ρε - ρref‖ = 9.767425513526556e-6 ‖Δρ‖ = 2.8436804885398106e-6  ‖vε - vref‖ = 0.08109278279838399  α = 0.00182
 65   -22.18682036285      -10.78       -4.62    11.0s
    ‖ρε - ρref‖ = 1.0048337305891134e-5 ‖Δρ‖ = 4.739897728466989e-6  ‖vε - vref‖ = 0.08098502670636736  α = 0.00199
 66   -22.18682036287      -10.74       -5.16    11.1s
    ‖ρε - ρref‖ = 8.96178704252357e-6 ‖Δρ‖ = 1.2831478276867925e-6  ‖vε - vref‖ = 0.08081155268898312  α = 0.00778
 67   -22.18682036287      -11.31       -5.02    8.73s
    ‖ρε - ρref‖ = 9.5861412240836e-6 ‖Δρ‖ = 2.6434503563614206e-6  ‖vε - vref‖ = 0.08080687894429238  α = 0.00196
 68   -22.18682036288      -11.13       -4.91    10.1s
    ‖ρε - ρref‖ = 9.72850259483853e-6 ‖Δρ‖ = 2.8933297994307545e-6  ‖vε - vref‖ = 0.08080106043325308  α = 0.00221
 69   -22.18682036289      -10.88       -5.40    10.5s
    ‖ρε - ρref‖ = 8.917136384817612e-6 ‖Δρ‖ = 7.471793159927921e-7  ‖vε - vref‖ = 0.08067376080869444  α = 0.0114
 70   -22.18682036290      -11.15       -4.95    8.00s
    ‖ρε - ρref‖ = 9.220641175722602e-6 ‖Δρ‖ = 2.527540512453301e-6  ‖vε - vref‖ = 0.08064451737425475  α = 0.00245
 71   -22.18682036290      -12.40       -4.65    10.9s
    ‖ρε - ρref‖ = 1.973101293960619e-5 ‖Δρ‖ = 1.1600197376986902e-5  ‖vε - vref‖ = 0.08065009614523497  α = 0.000102
 72   -22.18682036291      -11.06       -5.42    8.44s
    ‖ρε - ρref‖ = 8.933280043455308e-6 ‖Δρ‖ = 8.262598318349718e-7  ‖vε - vref‖ = 0.0806189073282149  α = 0.00827
 73   -22.18682036291      -11.13       -5.08    10.8s
    ‖ρε - ρref‖ = 9.333299447392337e-6 ‖Δρ‖ = 1.944826681052431e-6  ‖vε - vref‖ = 0.08064288215449295  α = 0.00319
 74   -22.18682036292      -11.74       -5.10    10.3s
    ‖ρε - ρref‖ = 9.117607601791621e-6 ‖Δρ‖ = 2.6653273461637827e-6  ‖vε - vref‖ = 0.08063542632764766  α = 0.00114
 75   -22.18682036292      -11.27       -4.72    8.67s
    ‖ρε - ρref‖ = 9.905798923525149e-6 ‖Δρ‖ = 4.772465570147818e-6  ‖vε - vref‖ = 0.08064945613799562  α = 0.0011
 76   -22.18682036292      -11.67       -5.01    10.5s
    ‖ρε - ρref‖ = 1.0023006225294267e-5 ‖Δρ‖ = 3.2294584933888244e-6  ‖vε - vref‖ = 0.0806672118789732  α = 0.00101
 77   -22.18682036293      -11.21       -5.01    8.46s
    ‖ρε - ρref‖ = 9.440520743736177e-6 ‖Δρ‖ = 2.1930355982575706e-6  ‖vε - vref‖ = 0.08073788263249666  α = 0.00265
 78   -22.18682036294      -11.11       -5.21    11.1s
    ‖ρε - ρref‖ = 8.981476861113838e-6 ‖Δρ‖ = 1.1898635900373475e-6  ‖vε - vref‖ = 0.08076861218920832  α = 0.00546
 79   -22.18682036294      -11.65       -5.49    10.7s
    ‖ρε - ρref‖ = 9.006120066367755e-6 ‖Δρ‖ = 8.80933447052741e-7  ‖vε - vref‖ = 0.08078230926757729  α = 0.00399
 80   -22.18682036295      -11.27       -5.03    8.64s
    ‖ρε - ρref‖ = 9.098660442357152e-6 ‖Δρ‖ = 2.070910501343577e-6  ‖vε - vref‖ = 0.08080435380635638  α = 0.00259
 81   -22.18682036295      -11.30       -5.21    11.1s
    ‖ρε - ρref‖ = 9.158295991480133e-6 ‖Δρ‖ = 1.3293465067025787e-6  ‖vε - vref‖ = 0.08086932127811731  α = 0.00396
 82   -22.18682036295      -11.76       -5.47    8.74s
    ‖ρε - ρref‖ = 8.219828815846404e-6 ‖Δρ‖ = 1.0849287321041046e-6  ‖vε - vref‖ = 0.08087924999430718  α = 0.0024
 83   -22.18682036296      -11.09       -4.12    10.9s
    ‖ρε - ρref‖ = 1.9035366434244615e-5 ‖Δρ‖ = 1.4232434489552991e-5  ‖vε - vref‖ = 0.08097854196757774  α = 0.000443
 84   -22.18682036297      -11.33       -5.63    10.5s
    ‖ρε - ρref‖ = 8.97890376557579e-6 ‖Δρ‖ = 4.908915154648736e-7  ‖vε - vref‖ = 0.08102152362852384  α = 0.0102
 85   -22.18682036297      -11.62       -5.20    8.63s
    ‖ρε - ρref‖ = 9.243099826155525e-6 ‖Δρ‖ = 1.6641386900356442e-6  ‖vε - vref‖ = 0.08105641230923226  α = 0.00212
 86   -22.18682036297      -12.04       -4.74    10.5s
    ‖ρε - ρref‖ = 1.064090691845803e-5 ‖Δρ‖ = 6.059681401303496e-6  ‖vε - vref‖ = 0.08105967730539038  α = 0.000356
 87   -22.18682036297      -11.94       -5.48    8.76s
    ‖ρε - ρref‖ = 8.886553193917138e-6 ‖Δρ‖ = 9.731773432409512e-7  ‖vε - vref‖ = 0.08106471486063434  α = 0.00248
 88   -22.18682036297      -11.88       -5.01    11.1s
    ‖ρε - ρref‖ = 9.500674303534756e-6 ‖Δρ‖ = 2.551339738763669e-6  ‖vε - vref‖ = 0.08107471000634812  α = 0.00105
 89   -22.18682036297      -11.58       -5.48    10.6s
    ‖ρε - ρref‖ = 9.124452983538626e-6 ‖Δρ‖ = 7.547881458193798e-7  ‖vε - vref‖ = 0.081114745840781  α = 0.00498
 90   -22.18682036298      -11.54       -5.40    8.05s
    ‖ρε - ρref‖ = 8.859816049821693e-6 ‖Δρ‖ = 8.964366765344059e-7  ‖vε - vref‖ = 0.08109321750240275  α = 0.0044
 91   -22.18682036298      -11.85       -5.41    11.0s
    ‖ρε - ρref‖ = 9.036196780242359e-6 ‖Δρ‖ = 9.94191834423913e-7  ‖vε - vref‖ = 0.08109981879891451  α = 0.00278
 92   -22.18682036298      -11.96       -5.24    8.03s
    ‖ρε - ρref‖ = 9.130584063460235e-6 ‖Δρ‖ = 1.5560627322786841e-6  ‖vε - vref‖ = 0.08110613553399214  α = 0.00158
 93   -22.18682036298      -11.69       -5.50    11.2s
    ‖ρε - ρref‖ = 9.088348654509955e-6 ‖Δρ‖ = 7.006391614601427e-7  ‖vε - vref‖ = 0.0811316309209984  α = 0.00474
 94   -22.18682036298      -12.93       -5.10    11.0s
    ‖ρε - ρref‖ = 6.129238229907256e-6 ‖Δρ‖ = 3.994420764990064e-6  ‖vε - vref‖ = 0.08112860837599363  α = 0.000175
 95   -22.18682036298      -11.52       -5.19    8.79s
    ‖ρε - ρref‖ = 9.130472479396455e-6 ‖Δρ‖ = 1.2415072000159875e-6  ‖vε - vref‖ = 0.08115774665612233  α = 0.00325
 96   -22.18682036299      -11.74       -5.61    11.1s
    ‖ρε - ρref‖ = 8.99431094766323e-6 ‖Δρ‖ = 5.051688064553919e-7  ‖vε - vref‖ = 0.08117537055395674  α = 0.0063
 97   -22.18682036299      -12.11       -5.59    8.82s
    ‖ρε - ρref‖ = 9.072168870107817e-6 ‖Δρ‖ = 6.602271078892219e-7  ‖vε - vref‖ = 0.08119398970098929  α = 0.00307
 98   -22.18682036299      -12.28       -4.84    11.5s
    ‖ρε - ρref‖ = 9.871004942974003e-6 ‖Δρ‖ = 3.997255512533798e-6  ‖vε - vref‖ = 0.0811977834138834  α = 0.000419
 99   -22.18682036299      -11.96       -5.68    10.8s
    ‖ρε - ρref‖ = 8.890442996276951e-6 ‖Δρ‖ = 4.82495797051612e-7  ‖vε - vref‖ = 0.08118632781462577  α = 0.00498
 100   -22.18682036299      -12.11       -4.99    8.65s
    ‖ρε - ρref‖ = 9.406386617986634e-6 ‖Δρ‖ = 2.6744814769527555e-6  ‖vε - vref‖ = 0.08118074081301846  α = 0.000768
 101   -22.18682036299      -11.83       -5.89    11.1s
    ‖ρε - ρref‖ = 9.025029995640162e-6 ‖Δρ‖ = 2.5978290226918115e-7  ‖vε - vref‖ = 0.08122958697913595  α = 0.0107
 102   -22.18682036299      -12.18       -5.50    8.76s
    ‖ρε - ρref‖ = 8.928157770946184e-6 ‖Δρ‖ = 8.01337207956599e-7  ‖vε - vref‖ = 0.08123189362755483  α = 0.00238
 103   -22.18682036299      -12.06       -5.81    11.3s
    ‖ρε - ρref‖ = 8.994227683403104e-6 ‖Δρ‖ = 3.832610944014191e-7  ‖vε - vref‖ = 0.08123815573672842  α = 0.00549
 104   -22.18682036299      -11.94       -5.18    8.72s
    ‖ρε - ρref‖ = 9.079902858122683e-6 ‖Δρ‖ = 1.4197311117055291e-6  ‖vε - vref‖ = 0.08123875284186462  α = 0.00174
 105   -22.18682036299      -12.61       -5.62    11.2s
    ‖ρε - ρref‖ = 9.519688717043489e-6 ‖Δρ‖ = 8.057387347314284e-7  ‖vε - vref‖ = 0.08124134693551774  α = 0.00124
 106   -22.18682036299      -12.16       -4.61    11.1s
    ‖ρε - ρref‖ = 8.475551678083683e-6 ‖Δρ‖ = 6.019782512121012e-6  ‖vε - vref‖ = 0.0812263553171848  α = 0.00031
 107   -22.18682036299      -12.37       -5.76    8.75s
    ‖ρε - ρref‖ = 8.94805405594824e-6 ‖Δρ‖ = 4.2221985519000827e-7  ‖vε - vref‖ = 0.08122124659797211  α = 0.00372
 108   -22.18682036300      -11.94       -6.01    11.1s
    ‖ρε - ρref‖ = 8.975837424367566e-6 ‖Δρ‖ = 1.8434571011928935e-7  ‖vε - vref‖ = 0.08124313886429499  α = 0.0133
 109   -22.18682036300      -12.64       -5.33    8.11s
    ‖ρε - ρref‖ = 9.313491231649676e-6 ‖Δρ‖ = 1.5535742353914413e-6  ‖vε - vref‖ = 0.08125487275411467  α = 0.000701
 110   -22.18682036300      -12.29       -5.19    10.3s
    ‖ρε - ρref‖ = 9.407933439203018e-6 ‖Δρ‖ = 1.6703771071054897e-6  ‖vε - vref‖ = 0.08127370122532947  α = 0.000989
 111   -22.18682036300      -12.49       -5.90    10.9s
    ‖ρε - ρref‖ = 8.936057778093357e-6 ‖Δρ‖ = 3.5098037438954475e-7  ‖vε - vref‖ = 0.08127064997694149  α = 0.00374
 112   -22.18682036300      -12.04       -5.18    8.57s
    ‖ρε - ρref‖ = 9.089487013340509e-6 ‖Δρ‖ = 1.3093911722807036e-6  ‖vε - vref‖ = 0.08125924758098287  α = 0.00164
 113   -22.18682036300      -12.20       -5.66    10.7s
    ‖ρε - ρref‖ = 8.928633584468146e-6 ‖Δρ‖ = 4.6190078105050847e-7  ‖vε - vref‖ = 0.08123983766934736  α = 0.00399
 114   -22.18682036300      -12.22       -5.94    8.78s
    ‖ρε - ρref‖ = 8.979442385523535e-6 ‖Δρ‖ = 2.4755057619094096e-7  ‖vε - vref‖ = 0.08124461781480866  α = 0.00732
 115   -22.18682036300      -12.64       -5.79    11.1s
    ‖ρε - ρref‖ = 9.054875800143247e-6 ‖Δρ‖ = 4.664485867886821e-7  ‖vε - vref‖ = 0.0812552508846235  α = 0.00241
 116   -22.18682036300      -12.50       -5.58    8.77s
    ‖ρε - ρref‖ = 8.948778455029285e-6 ‖Δρ‖ = 6.711166195902897e-7  ‖vε - vref‖ = 0.08126342417332814  α = 0.00194
 117   -22.18682036300      -13.17       -5.18    11.2s
    ‖ρε - ρref‖ = 1.1740941936801879e-5 ‖Δρ‖ = 3.2053144273636676e-6  ‖vε - vref‖ = 0.08126618111700744  α = 0.000109
 118   -22.18682036300      -12.45       -5.81    10.9s
    ‖ρε - ρref‖ = 8.921738758776187e-6 ‖Δρ‖ = 3.602403218059339e-7  ‖vε - vref‖ = 0.08125919595930961  α = 0.00401
 119   -22.18682036300      -12.42       -5.72    8.74s
    ‖ρε - ρref‖ = 9.024636919280773e-6 ‖Δρ‖ = 4.4270497726763823e-7  ‖vε - vref‖ = 0.08126210005945662  α = 0.00329
 120   -22.18682036300      -12.18       -6.03    10.4s
    ‖ρε - ρref‖ = 8.966266915094223e-6 ‖Δρ‖ = 1.6744437635704992e-7  ‖vε - vref‖ = 0.08124353012349533  α = 0.011
 121   -22.18682036300      -13.07       -5.26    8.07s
    ‖ρε - ρref‖ = 9.265668236078727e-6 ‖Δρ‖ = 1.9739392270422817e-6  ‖vε - vref‖ = 0.08124376102619957  α = 0.000293
 122   -22.18682036300      -12.54       -6.07    11.1s
    ‖ρε - ρref‖ = 9.001518945715804e-6 ‖Δρ‖ = 1.9086843587695277e-7  ‖vε - vref‖ = 0.08124013944715355  α = 0.00672
 123   -22.18682036300      -12.94       -5.62    8.79s
    ‖ρε - ρref‖ = 8.892767901056499e-6 ‖Δρ‖ = 7.293919901447464e-7  ‖vε - vref‖ = 0.08123561507420857  α = 0.00101
 124   -22.18682036300      -12.60       -5.66    11.1s
    ‖ρε - ρref‖ = 8.950154331585139e-6 ‖Δρ‖ = 5.073798132945427e-7  ‖vε - vref‖ = 0.0812229398186894  α = 0.00231
 125   -22.18682036300      -12.51       -6.02    10.5s
    ‖ρε - ρref‖ = 8.982970064526475e-6 ‖Δρ‖ = 1.9497122963883428e-7  ‖vε - vref‖ = 0.08121702221110251  α = 0.00677
 126   -22.18682036300      -12.72       -6.06    8.58s
    ‖ρε - ρref‖ = 8.977472741162345e-6 ‖Δρ‖ = 2.0585989822431922e-7  ‖vε - vref‖ = 0.081215387696585  α = 0.00488
 127   -22.18682036300      -12.87       -5.91    10.5s
    ‖ρε - ρref‖ = 9.03074368064786e-6 ‖Δρ‖ = 3.162047798587746e-7  ‖vε - vref‖ = 0.08121822764493185  α = 0.00283
 128   -22.18682036300      -13.41       -5.60    8.74s
    ‖ρε - ρref‖ = 8.310273255541133e-6 ‖Δρ‖ = 9.920597294316197e-7  ‖vε - vref‖ = 0.08121630119562008  α = 0.000333
 129   -22.18682036300      -13.11       -5.23    11.6s
    ‖ρε - ρref‖ = 9.669114473406355e-6 ‖Δρ‖ = 1.7404598256068321e-6  ‖vε - vref‖ = 0.0812167633512627  α = 0.000354
 130   -22.18682036300      -12.43       -6.14    8.52s
    ‖ρε - ρref‖ = 8.965706696941934e-6 ‖Δρ‖ = 1.345509121800766e-7  ‖vε - vref‖ = 0.08120207804302626  α = 0.0105
 131   -22.18682036300      -12.85       -5.89    11.2s
    ‖ρε - ρref‖ = 9.017664834079177e-6 ‖Δρ‖ = 2.9566169701114675e-7  ‖vε - vref‖ = 0.08120389197835985  α = 0.00311
 132   -22.18682036300      -13.00       -6.19    11.0s
    ‖ρε - ρref‖ = 8.953177949276381e-6 ‖Δρ‖ = 1.8154803888054351e-7  ‖vε - vref‖ = 0.08119651939046264  α = 0.00375
 133   -22.18682036300      -12.92       -5.30    8.56s
    ‖ρε - ρref‖ = 8.984343945042944e-6 ‖Δρ‖ = 1.3418355182411883e-6  ‖vε - vref‖ = 0.08119152937567826  α = 0.000557
 134   -22.18682036300      -12.70       -5.77    11.0s
    ‖ρε - ρref‖ = 9.009726840496257e-6 ‖Δρ‖ = 3.577207707867193e-7  ‖vε - vref‖ = 0.08118671383448314  α = 0.00284
 135   -22.18682036300      -14.15       -6.14    7.92s
    ‖ρε - ρref‖ = 8.95167520534472e-6 ‖Δρ‖ = 2.6046207377087176e-7  ‖vε - vref‖ = 0.08118625349165356  α = 0.00132
 136   -22.18682036300      -12.68       -6.01    10.4s
    ‖ρε - ρref‖ = 8.999103938671034e-6 ‖Δρ‖ = 1.8326733058650843e-7  ‖vε - vref‖ = 0.08118701306991292  α = 0.00575
 137   -22.18682036300      -12.73       -6.04    8.41s
    ‖ρε - ρref‖ = 8.953951876468469e-6 ‖Δρ‖ = 1.7554613267338273e-7  ‖vε - vref‖ = 0.08117591644043615  α = 0.00582
 138   -22.18682036300      -12.88       -6.28    11.0s
    ‖ρε - ρref‖ = 8.977761555534206e-6 ‖Δρ‖ = 1.0330994647168036e-7  ‖vε - vref‖ = 0.0811775449403221  α = 0.00823
 139   -22.18682036300      -13.45       -5.92    11.0s
    ‖ρε - ρref‖ = 9.224955131201081e-6 ‖Δρ‖ = 4.041813386686613e-7  ‖vε - vref‖ = 0.081180023681448  α = 0.000793
 140   -22.18682036300      -13.55       -5.22    8.92s
    ‖ρε - ρref‖ = 8.267552144765031e-6 ‖Δρ‖ = 1.925677234979645e-6  ‖vε - vref‖ = 0.08117995562737934  α = 0.000188
 141   -22.18682036300      -13.25       -5.97    10.8s
    ‖ρε - ρref‖ = 8.984885386427003e-6 ‖Δρ‖ = 2.869732511244563e-7  ‖vε - vref‖ = 0.08118142960808444  α = 0.00177
 142   -22.18682036300      -13.05       -6.37    8.44s
    ‖ρε - ρref‖ = 8.983845198186953e-6 ‖Δρ‖ = 8.799452132856568e-8  ‖vε - vref‖ = 0.0811869000596532  α = 0.00855
 143   -22.18682036300      -12.93       -6.26    10.0s
    ‖ρε - ρref‖ = 8.988609457005792e-6 ‖Δρ‖ = 1.1231948653964918e-7  ‖vε - vref‖ = 0.08118931194894626  α = 0.00672
 144   -22.18682036300      -13.60       -5.70    7.82s
    ‖ρε - ρref‖ = 8.934193556549968e-6 ‖Δρ‖ = 6.762256449360086e-7  ‖vε - vref‖ = 0.08118699867397577  α = 0.000482
 145   -22.18682036300      -13.37       -5.81    11.4s
    ‖ρε - ρref‖ = 8.894683461249332e-6 ‖Δρ‖ = 3.805113642912996e-7  ‖vε - vref‖ = 0.0811800714318485  α = 0.00142
 146   -22.18682036300      -13.22       -6.44    8.40s
    ‖ρε - ρref‖ = 8.979187496608032e-6 ‖Δρ‖ = 8.678872612189251e-8  ‖vε - vref‖ = 0.08117683956645712  α = 0.00638
 147   -22.18682036300      -13.97       -5.76    10.9s
    ‖ρε - ρref‖ = 8.921358415086503e-6 ‖Δρ‖ = 4.896898049047684e-7  ‖vε - vref‖ = 0.08117491435056944  α = 0.000856
 148   -22.18682036300      -13.09       -6.07    11.1s
    ‖ρε - ρref‖ = 8.98218419524101e-6 ‖Δρ‖ = 1.9612298308875286e-7  ‖vε - vref‖ = 0.08117488417970385  α = 0.0031
 149   -22.18682036300      -13.03       -6.20    8.55s
    ‖ρε - ρref‖ = 8.990173640572426e-6 ‖Δρ‖ = 1.2662401501745434e-7  ‖vε - vref‖ = 0.08118164960170222  α = 0.00569
 150   -22.18682036300      -13.11       -6.12    10.8s
    ‖ρε - ρref‖ = 8.96334740776994e-6 ‖Δρ‖ = 1.648346618099801e-7  ‖vε - vref‖ = 0.08118172364894695  α = 0.00335
 151   -22.18682036300   +  -13.85       -6.11    8.56s
    ‖ρε - ρref‖ = 9.324883417250744e-6 ‖Δρ‖ = 4.212457615807771e-7  ‖vε - vref‖ = 0.08118231387401745  α = 0.000212
 152   -22.18682036300      -13.17       -6.11    10.3s
    ‖ρε - ρref‖ = 8.959485012039139e-6 ‖Δρ‖ = 1.6550223252331007e-7  ‖vε - vref‖ = 0.08118269619550411  α = 0.00349
 153   -22.18682036300      -13.67       -5.96    8.69s
    ‖ρε - ρref‖ = 8.968846306752445e-6 ‖Δρ‖ = 3.1893632521797946e-7  ‖vε - vref‖ = 0.08118259294330943  α = 0.00106
 154   -22.18682036300      -13.11       -6.49    11.4s
    ‖ρε - ρref‖ = 8.977882257776947e-6 ‖Δρ‖ = 5.7392833348819655e-8  ‖vε - vref‖ = 0.08118833917540827  α = 0.0116
 155   -22.18682036300      -13.55       -6.42    8.71s
    ‖ρε - ρref‖ = 8.984799298435558e-6 ‖Δρ‖ = 9.664010523504599e-8  ‖vε - vref‖ = 0.0811910253825156  α = 0.00389
 156   -22.18682036300      -13.85       -5.67    10.6s
    ‖ρε - ρref‖ = 8.995156124640327e-6 ‖Δρ‖ = 6.833707799460325e-7  ‖vε - vref‖ = 0.08119101033081681  α = 0.000356
 157   -22.18682036300      -13.67       -6.47    10.8s
    ‖ρε - ρref‖ = 8.964273707707484e-6 ‖Δρ‖ = 8.158277486609592e-8  ‖vε - vref‖ = 0.08118946133357237  α = 0.00426
 158   -22.18682036300      -13.67       -6.52    8.46s
    ‖ρε - ρref‖ = 8.989184365763938e-6 ‖Δρ‖ = 7.613831008966908e-8  ‖vε - vref‖ = 0.08119043995924075  α = 0.00449
 159   -22.18682036300      -13.22       -5.74    10.6s
    ‖ρε - ρref‖ = 8.974087613842992e-6 ‖Δρ‖ = 3.7246455653522953e-7  ‖vε - vref‖ = 0.08119079665920274  α = 0.00122
 160   -22.18682036300      -14.45       -6.26    7.97s
    ‖ρε - ρref‖ = 8.956399979797886e-6 ‖Δρ‖ = 1.3715957593423847e-7  ‖vε - vref‖ = 0.08118835536650265  α = 0.00246
 161   -22.18682036300      -13.60       -6.53    10.6s
    ‖ρε - ρref‖ = 8.978099815561288e-6 ‖Δρ‖ = 7.041446711523103e-8  ‖vε - vref‖ = 0.08118920068057933  α = 0.00484
 162   -22.18682036300      -13.60       -6.57    8.50s
    ‖ρε - ρref‖ = 8.933597846780839e-6 ‖Δρ‖ = 7.543076716377104e-8  ‖vε - vref‖ = 0.08118929633609792  α = 0.00271
 163   -22.18682036300      -14.45       -5.26    11.5s
    ‖ρε - ρref‖ = 9.697946162853909e-6 ‖Δρ‖ = 1.3297298313267316e-6  ‖vε - vref‖ = 0.08119192660073339  α = 0.000209
 164   -22.18682036300      -13.97       -6.64    8.74s
    ‖ρε - ρref‖ = 8.980832629065406e-6 ‖Δρ‖ = 5.8451907441048745e-8  ‖vε - vref‖ = 0.08119430902964953  α = 0.00524
 165   -22.18682036300      -13.45       -6.10    11.0s
    ‖ρε - ρref‖ = 8.982808856460858e-6 ‖Δρ‖ = 1.82614156755785e-7  ‖vε - vref‖ = 0.0811957427652754  α = 0.00203
 166   -22.18682036300      -13.75       -6.21    11.3s
    ‖ρε - ρref‖ = 8.971514311303651e-6 ‖Δρ‖ = 1.302460739590307e-7  ‖vε - vref‖ = 0.08119467080808487  α = 0.00318
 167   -22.18682036300      -13.75       -6.53    8.67s
    ‖ρε - ρref‖ = 8.969143568042327e-6 ‖Δρ‖ = 8.315047140719366e-8  ‖vε - vref‖ = 0.08119317577115734  α = 0.00294
 168   -22.18682036300      -13.85       -5.81    10.7s
    ‖ρε - ρref‖ = 8.925690940789077e-6 ‖Δρ‖ = 4.670806010146752e-7  ‖vε - vref‖ = 0.08119079994193008  α = 0.000492
 169   -22.18682036301      -13.67       -6.36    8.72s
    ‖ρε - ρref‖ = 8.976690080192088e-6 ‖Δρ‖ = 8.101456105977665e-8  ‖vε - vref‖ = 0.08118888028735027  α = 0.00539
 170   -22.18682036301      -13.75       -6.73    11.2s
    ‖ρε - ρref‖ = 8.98357187646061e-6 ‖Δρ‖ = 5.393025236786483e-8  ‖vε - vref‖ = 0.08118973636011213  α = 0.00379
 171   -22.18682036301      -13.97       -6.01    8.27s
    ‖ρε - ρref‖ = 8.966933149233413e-6 ‖Δρ‖ = 2.1246957969273007e-7  ‖vε - vref‖ = 0.08119113571112228  α = 0.00143
 172   -22.18682036301      -13.45       -6.68    11.0s
    ‖ρε - ρref‖ = 8.977306125689726e-6 ‖Δρ‖ = 4.2188345261372624e-8  ‖vε - vref‖ = 0.08119431183462396  α = 0.00814
 173   -22.18682036301      -13.75       -6.51    8.79s
    ‖ρε - ρref‖ = 8.99362146835346e-6 ‖Δρ‖ = 7.893748842305754e-8  ‖vε - vref‖ = 0.08119622621760376  α = 0.00268
 174   -22.18682036301   +  -13.75       -6.05    11.1s
    ‖ρε - ρref‖ = 8.620944715081563e-6 ‖Δρ‖ = 4.462601254989957e-7  ‖vε - vref‖ = 0.08119599258609876  α = 0.000109
 175   -22.18682036301   +    -Inf       -6.63    8.75s
    ‖ρε - ρref‖ = 8.969615830036507e-6 ‖Δρ‖ = 5.5675226188026206e-8  ‖vε - vref‖ = 0.08119485833991724  α = 0.00358
 176   -22.18682036301      -13.75       -6.67    10.9s
    ‖ρε - ρref‖ = 8.982431193341501e-6 ‖Δρ‖ = 5.181392776306329e-8  ‖vε - vref‖ = 0.08119563283705919  α = 0.00363
 177   -22.18682036301   +  -14.45       -6.56    8.50s
    ‖ρε - ρref‖ = 8.97821288552871e-6 ‖Δρ‖ = 7.950769294810175e-8  ‖vε - vref‖ = 0.08119554170038637  α = 0.00183
 178   -22.18682036301      -13.60       -6.56    10.7s
    ‖ρε - ρref‖ = 8.971924191135799e-6 ‖Δρ‖ = 5.316490514765091e-8  ‖vε - vref‖ = 0.08119390168682752  α = 0.00537
 179   -22.18682036301      -13.60       -6.54    11.0s
    ‖ρε - ρref‖ = 8.97982433223144e-6 ‖Δρ‖ = 1.0679373500633131e-7  ‖vε - vref‖ = 0.08119414236034672  α = 0.000832
 180   -22.18682036301      -14.15       -6.33    47.4s
    ‖ρε - ρref‖ = 8.97454803270223e-6 ‖Δρ‖ = 8.447304980710472e-8  ‖vε - vref‖ = 0.08119414236120272  α = 1.27e-8
 181   -22.18682036301   +  -14.15       -6.56    22.3s
    ‖ρε - ρref‖ = 8.979555902032174e-6 ‖Δρ‖ = 6.360569618261327e-8  ‖vε - vref‖ = 0.08119414235968833  α = 0.0
 182   -22.18682036301   +  -13.55       -6.18    10.9s
    ‖ρε - ρref‖ = 8.967821376160791e-6 ‖Δρ‖ = 2.7667278244763244e-7  ‖vε - vref‖ = 0.08119389360969584  α = 0.000306
 183   -22.18682036301      -13.97       -6.70    8.12s
    ‖ρε - ρref‖ = 8.987995547449976e-6 ‖Δρ‖ = 4.5049498253438884e-8  ‖vε - vref‖ = 0.08119515478263764  α = 0.00433
 184   -22.18682036301   +  -13.97       -5.84    10.6s
    ‖ρε - ρref‖ = 8.542637828470484e-6 ‖Δρ‖ = 5.981487604350487e-7  ‖vε - vref‖ = 0.08119493926653913  α = 9.68e-5
 185   -22.18682036301      -14.45       -6.67    8.40s
    ‖ρε - ρref‖ = 8.980915727815291e-6 ‖Δρ‖ = 6.280791976958773e-8  ‖vε - vref‖ = 0.081195220648805  α = 0.0016
 186   -22.18682036301   +  -14.45       -6.67    10.7s
    ‖ρε - ρref‖ = 8.973022029131297e-6 ‖Δρ‖ = 5.3501105186315e-8  ‖vε - vref‖ = 0.08119510933535645  α = 0.00222
 187   -22.18682036301      -13.85       -6.81    7.76s
    ‖ρε - ρref‖ = 8.983817916882749e-6 ‖Δρ‖ = 4.352060483397867e-8  ‖vε - vref‖ = 0.08119515431511323  α = 0.00234
 188   -22.18682036301   +  -14.45       -6.36    11.0s
    ‖ρε - ρref‖ = 8.972988981016743e-6 ‖Δρ‖ = 1.0405618546334171e-7  ‖vε - vref‖ = 0.08119469041657537  α = 0.00122
 189   -22.18682036301      -13.85       -6.83    10.9s
    ‖ρε - ρref‖ = 8.9687247507707e-6 ‖Δρ‖ = 3.484866381512024e-8  ‖vε - vref‖ = 0.08119222036349173  α = 0.00411
 190   -22.18682036301   +    -Inf       -6.76    8.45s
    ‖ρε - ρref‖ = 8.9760369771412e-6 ‖Δρ‖ = 3.476821739972743e-8  ‖vε - vref‖ = 0.08119099365640489  α = 0.00516
 191   -22.18682036301      -13.67       -6.88    10.7s
    ‖ρε - ρref‖ = 8.977902201508221e-6 ‖Δρ‖ = 2.8253335444681358e-8  ‖vε - vref‖ = 0.08119126667244518  α = 0.0061
    Stopping to avoid numerical instabilities.
 192   -22.18682036301   +    -Inf       -6.92    65.2s
    ‖ρε - ρref‖ = 8.975298144424316e-6 ‖Δρ‖ = 2.4443211653947936e-8  ‖vε - vref‖ = 0.08119126667191899  α = 8.81e-13

#-- ‖ρε - ρref‖ = 8.97585044723039e-6 vs. 3.162277660168379e-8 = δ*ε ‖vε - vref‖ = 0.0811912667101771


# --- ε=1.778279410038923e-6

n     Energy            log10(ΔE)   log10(Δρ)   Δtime 
---   ---------------   ---------   ---------   ------
  1   -22.18680920565                   -0.89    14.7s
    ‖ρε - ρref‖ = 0.08213208267779708 ‖Δρ‖ = 0.08212782951587774  ‖vε - vref‖ = 1.2856752558772722  α = 4.41e-5
  2   -22.18680979457       -6.23       -1.97    8.05s
    ‖ρε - ρref‖ = 0.00439648799203429 ‖Δρ‖ = 0.0043952944466494935  ‖vε - vref‖ = 0.905577803601589  α = 0.000295
  3   -22.18681004115       -6.61       -2.20    10.2s
    ‖ρε - ρref‖ = 0.00225157627382577 ‖Δρ‖ = 0.0022504297102096276  ‖vε - vref‖ = 0.7321738613115741  α = 0.000383
  4   -22.18681020719       -6.78       -2.20    7.72s
    ‖ρε - ρref‖ = 0.0023916117019013175 ‖Δρ‖ = 0.00239061948413533  ‖vε - vref‖ = 0.5538386181092041  α = 0.000286
  5   -22.18681034390       -6.86       -2.79    10.8s
    ‖ρε - ρref‖ = 0.0004282302380066928 ‖Δρ‖ = 0.0004272758914059444  ‖vε - vref‖ = 0.38676731696966926  α = 0.00155
  6   -22.18681038158       -7.42       -2.85    8.43s
    ‖ρε - ρref‖ = 0.00045418774628834904 ‖Δρ‖ = 0.00045363396262336557  ‖vε - vref‖ = 0.322591659187269  α = 0.000746
  7   -22.18681041672       -7.45       -2.96    10.8s
    ‖ρε - ρref‖ = 0.0002812002464416517 ‖Δρ‖ = 0.00028075135882881663  ‖vε - vref‖ = 0.25429550488841374  α = 0.0012
  8   -22.18681044175       -7.60       -3.36    8.57s
    ‖ρε - ρref‖ = 0.00010551644220239732 ‖Δρ‖ = 0.00010499204923044454  ‖vε - vref‖ = 0.19467770377741198  α = 0.00269
  9   -22.18681045499       -7.88       -3.42    11.0s
    ‖ρε - ρref‖ = 8.67122183593914e-5 ‖Δρ‖ = 8.637550906789396e-5  ‖vε - vref‖ = 0.15520723816678242  α = 0.0024
 10   -22.18681046195       -8.16       -3.52    7.94s
    ‖ρε - ρref‖ = 7.142384441444742e-5 ‖Δρ‖ = 7.091917943973127e-5  ‖vε - vref‖ = 0.13210552470674408  α = 0.00212
 11   -22.18681046798       -8.22       -3.61    11.5s
    ‖ρε - ρref‖ = 5.427165080360107e-5 ‖Δρ‖ = 5.386483711102473e-5  ‖vε - vref‖ = 0.10968305514968614  α = 0.00262
 12   -22.18681046819       -9.68       -3.31    8.49s
    ‖ρε - ρref‖ = 0.00029739252804857747 ‖Δρ‖ = 0.00029303341706818234  ‖vε - vref‖ = 0.10856970358153632  α = 6.95e-5
 13   -22.18681047188       -8.43       -3.63    11.0s
    ‖ρε - ρref‖ = 5.249778486445727e-5 ‖Δρ‖ = 5.2185680029477285e-5  ‖vε - vref‖ = 0.09506850854419735  α = 0.00211
 14   -22.18681047305       -8.93       -3.51    11.0s
    ‖ρε - ρref‖ = 9.379362821277562e-5 ‖Δρ‖ = 9.418173772422502e-5  ‖vε - vref‖ = 0.09072390040954814  α = 0.000626
 15   -22.18681047480       -8.76       -3.21    8.64s
    ‖ρε - ρref‖ = 0.00016712527688187605 ‖Δρ‖ = 0.00016708971063044496  ‖vε - vref‖ = 0.08425804365732026  α = 0.000434
 16   -22.18681047647       -8.78       -3.16    10.9s
    ‖ρε - ρref‖ = 0.00018177326602862768 ‖Δρ‖ = 0.00018124352580595616  ‖vε - vref‖ = 0.0757732308713438  α = 0.000387
 17   -22.18681047844       -8.71       -3.90    8.01s
    ‖ρε - ρref‖ = 2.9364614053029035e-5 ‖Δρ‖ = 2.8364057052955918e-5  ‖vε - vref‖ = 0.06774001511693967  α = 0.00282
 18   -22.18681047913       -9.16       -3.72    10.9s
    ‖ρε - ρref‖ = 5.491171072899875e-5 ‖Δρ‖ = 5.507057333436039e-5  ‖vε - vref‖ = 0.06451621666285672  α = 0.000833
 19   -22.18681048003       -9.05       -3.84    8.54s
    ‖ρε - ρref‖ = 3.5211355496332444e-5 ‖Δρ‖ = 3.541477883042945e-5  ‖vε - vref‖ = 0.06110256862253808  α = 0.00151
 20   -22.18681048146       -8.85       -3.80    10.6s
    ‖ρε - ρref‖ = 3.333122663345117e-5 ‖Δρ‖ = 3.249224251776919e-5  ‖vε - vref‖ = 0.05525416817975994  α = 0.00208
 21   -22.18681048242       -9.01       -4.40    8.80s
    ‖ρε - ρref‖ = 9.695536581639931e-6 ‖Δρ‖ = 7.801990250691934e-6  ‖vε - vref‖ = 0.05377520103355264  α = 0.00711
 22   -22.18681048299       -9.25       -3.95    11.5s
    ‖ρε - ρref‖ = 2.497871277682071e-5 ‖Δρ‖ = 2.485777380081591e-5  ‖vε - vref‖ = 0.05206969401996912  α = 0.00169
 23   -22.18681048338       -9.41       -4.27    8.83s
    ‖ρε - ρref‖ = 1.1952706441941837e-5 ‖Δρ‖ = 1.0929088752583448e-5  ‖vε - vref‖ = 0.051386057442592205  α = 0.00327
 24   -22.18681048367       -9.54       -4.20    10.9s
    ‖ρε - ρref‖ = 1.5581474880450435e-5 ‖Δρ‖ = 1.353969638874727e-5  ‖vε - vref‖ = 0.05143671886403981  α = 0.00221
 25   -22.18681048370      -10.46       -3.42    8.10s
    ‖ρε - ρref‖ = 0.00015350968647266357 ‖Δρ‖ = 0.00015731338566453727  ‖vε - vref‖ = 0.05112061411853585  α = 5.5e-5
 26   -22.18681048395       -9.60       -4.26    11.4s
    ‖ρε - ρref‖ = 1.2286978812824693e-5 ‖Δρ‖ = 1.0943693694148368e-5  ‖vε - vref‖ = 0.05125295252349616  α = 0.00264
 27   -22.18681048399      -10.47       -4.14    8.80s
    ‖ρε - ρref‖ = 2.4761198742916078e-5 ‖Δρ‖ = 2.507254960939925e-5  ‖vε - vref‖ = 0.05123838886810579  α = 0.000393
 28   -22.18681048405      -10.22       -4.27    11.6s
    ‖ρε - ρref‖ = 1.6498386822764287e-5 ‖Δρ‖ = 1.580137981156748e-5  ‖vε - vref‖ = 0.0515463441715451  α = 0.000836
 29   -22.18681048423       -9.75       -3.75    8.51s
    ‖ρε - ρref‖ = 3.700880755586402e-5 ‖Δρ‖ = 3.650891849544735e-5  ‖vε - vref‖ = 0.05195752170981781  α = 0.000646
 30   -22.18681048437       -9.86       -4.22    10.7s
    ‖ρε - ρref‖ = 1.4061344089699535e-5 ‖Δρ‖ = 1.2598888046464158e-5  ‖vε - vref‖ = 0.052620878425536054  α = 0.00167
 31   -22.18681048440      -10.51       -4.32    8.48s
    ‖ρε - ρref‖ = 1.4867714607877894e-5 ‖Δρ‖ = 1.4292780171446943e-5  ‖vε - vref‖ = 0.05270552368083142  α = 0.000679
 32   -22.18681048447      -10.12       -4.63    10.5s
    ‖ρε - ρref‖ = 6.5859661217216945e-6 ‖Δρ‖ = 5.3410583458010056e-6  ‖vε - vref‖ = 0.05305102348032038  α = 0.00289
 33   -22.18681048457      -10.00       -4.34    8.04s
    ‖ρε - ρref‖ = 1.0712570369945883e-5 ‖Δρ‖ = 9.117591266769304e-6  ‖vε - vref‖ = 0.05385578582328017  α = 0.00197
 34   -22.18681048467      -10.01       -4.60    10.9s
    ‖ρε - ρref‖ = 7.402288201084395e-6 ‖Δρ‖ = 4.717305758382607e-6  ‖vε - vref‖ = 0.05497542348677804  α = 0.00377
 35   -22.18681048473      -10.25       -4.64    8.72s
    ‖ρε - ρref‖ = 6.787721864919367e-6 ‖Δρ‖ = 4.713765796378545e-6  ‖vε - vref‖ = 0.05551241138848167  α = 0.00286
 36   -22.18681048474      -10.87       -4.75    11.0s
    ‖ρε - ρref‖ = 5.0418230153003925e-6 ‖Δρ‖ = 5.331192930037683e-6  ‖vε - vref‖ = 0.05566796392155677  α = 0.0011
 37   -22.18681048476      -10.82       -3.65    8.52s
    ‖ρε - ρref‖ = 6.814950342572141e-5 ‖Δρ‖ = 6.539438536745273e-5  ‖vε - vref‖ = 0.05581567199044399  α = 9.64e-5
 38   -22.18681048481      -10.25       -4.72    11.4s
    ‖ρε - ρref‖ = 5.883109756090783e-6 ‖Δρ‖ = 3.5047002577193877e-6  ‖vε - vref‖ = 0.05636596176600221  α = 0.00383
 39   -22.18681048482      -10.96       -4.63    8.67s
    ‖ρε - ρref‖ = 9.187681754959146e-6 ‖Δρ‖ = 7.063133248125949e-6  ‖vε - vref‖ = 0.056532902663504164  α = 0.000801
 40   -22.18681048485      -10.60       -4.25    11.5s
    ‖ρε - ρref‖ = 1.440025500121754e-5 ‖Δρ‖ = 1.3485875110826423e-5  ‖vε - vref‖ = 0.05683829965596846  α = 0.000644
 41   -22.18681048487      -10.62       -4.02    8.83s
    ‖ρε - ρref‖ = 2.3680061735882574e-5 ‖Δρ‖ = 2.3448018127484617e-5  ‖vε - vref‖ = 0.05712384779350511  α = 0.000352
 42   -22.18681048490      -10.59       -4.64    11.4s
    ‖ρε - ρref‖ = 7.536033572119348e-6 ‖Δρ‖ = 5.112273886092658e-6  ‖vε - vref‖ = 0.05748290438888153  α = 0.00176
 43   -22.18681048491      -10.77       -4.93    8.79s
    ‖ρε - ρref‖ = 5.9648260675142064e-6 ‖Δρ‖ = 2.9163561893795177e-6  ‖vε - vref‖ = 0.057739641352774054  α = 0.00247
 44   -22.18681048494      -10.61       -4.40    11.6s
    ‖ρε - ρref‖ = 9.634753220741398e-6 ‖Δρ‖ = 8.409207966189326e-6  ‖vε - vref‖ = 0.05802289000897176  α = 0.00105
 45   -22.18681048496      -10.62       -4.84    8.79s
    ‖ρε - ρref‖ = 5.520350106003895e-6 ‖Δρ‖ = 3.126546765346801e-6  ‖vε - vref‖ = 0.05823507145931698  α = 0.00277
 46   -22.18681048499      -10.58       -4.66    10.7s
    ‖ρε - ρref‖ = 7.263268268126993e-6 ‖Δρ‖ = 4.490407187524489e-6  ‖vε - vref‖ = 0.058617307344150424  α = 0.00203
 47   -22.18681048501      -10.63       -4.87    7.73s
    ‖ρε - ρref‖ = 5.904005475328306e-6 ‖Δρ‖ = 2.7162333679808743e-6  ‖vε - vref‖ = 0.05885671165945301  α = 0.00318
 48   -22.18681048501      -11.80       -4.54    11.2s
    ‖ρε - ρref‖ = 1.0075587895646584e-5 ‖Δρ‖ = 1.3849838498817335e-5  ‖vε - vref‖ = 0.0588565447972398  α = 0.00013
 49   -22.18681048504      -10.64       -4.40    8.45s
    ‖ρε - ρref‖ = 1.012965207802157e-5 ‖Δρ‖ = 8.443891416625484e-6  ‖vε - vref‖ = 0.059000157661172975  α = 0.001
 50   -22.18681048509      -10.27       -5.14    11.2s
    ‖ρε - ρref‖ = 5.125608112003931e-6 ‖Δρ‖ = 1.201805443227605e-6  ‖vε - vref‖ = 0.059314557639640685  α = 0.0105
 51   -22.18681048510      -11.24       -4.24    8.56s
    ‖ρε - ρref‖ = 2.020844804381541e-5 ‖Δρ‖ = 1.9001271008080838e-5  ‖vε - vref‖ = 0.059357308464892705  α = 0.000215
 52   -22.18681048510      -11.35       -4.69    11.4s
    ‖ρε - ρref‖ = 9.230320851452508e-6 ‖Δρ‖ = 7.238131984935419e-6  ‖vε - vref‖ = 0.059385863116841825  α = 0.000484
 53   -22.18681048512      -10.64       -4.62    8.59s
    ‖ρε - ρref‖ = 7.065953874648349e-6 ‖Δρ‖ = 4.971751526176899e-6  ‖vε - vref‖ = 0.05954118869956922  α = 0.0017
 54   -22.18681048515      -10.67       -4.94    11.5s
    ‖ρε - ρref‖ = 5.764732957416169e-6 ‖Δρ‖ = 2.551660847893945e-6  ‖vε - vref‖ = 0.05965543512455513  α = 0.00315
 55   -22.18681048516      -10.90       -4.63    8.84s
    ‖ρε - ρref‖ = 8.09659949689372e-6 ‖Δρ‖ = 6.076525183582988e-6  ‖vε - vref‖ = 0.05971293349514204  α = 0.00101
 56   -22.18681048517      -10.79       -4.59    11.3s
    ‖ρε - ρref‖ = 7.443126101391555e-6 ‖Δρ‖ = 5.626158099953428e-6  ‖vε - vref‖ = 0.05972077880969273  α = 0.00127
 57   -22.18681048519      -10.69       -5.03    7.98s
    ‖ρε - ρref‖ = 5.150331141932338e-6 ‖Δρ‖ = 1.9493077303633394e-6  ‖vε - vref‖ = 0.0596331870139068  α = 0.00406
 58   -22.18681048521      -10.72       -4.70    10.8s
    ‖ρε - ρref‖ = 6.954301729864666e-6 ‖Δρ‖ = 4.154260755254769e-6  ‖vε - vref‖ = 0.05963678506236628  α = 0.00186
 59   -22.18681048522      -11.30       -4.97    8.06s
    ‖ρε - ρref‖ = 7.510282433886208e-6 ‖Δρ‖ = 3.4103551232301862e-6  ‖vε - vref‖ = 0.05965045277329619  α = 0.00102
 60   -22.18681048523      -11.00       -3.81    11.6s
    ‖ρε - ρref‖ = 3.579527411806044e-5 ‖Δρ‖ = 3.817690428987143e-5  ‖vε - vref‖ = 0.059541949601425434  α = 0.000136
 61   -22.18681048524      -10.80       -4.92    8.70s
    ‖ρε - ρref‖ = 5.689929250101333e-6 ‖Δρ‖ = 2.5629391949694933e-6  ‖vε - vref‖ = 0.05949329654339279  α = 0.0027
 62   -22.18681048526      -10.94       -4.87    10.8s
    ‖ρε - ρref‖ = 6.034103646758724e-6 ‖Δρ‖ = 3.0426937095130462e-6  ‖vε - vref‖ = 0.059479842495333814  α = 0.00195
 63   -22.18681048526      -11.73       -4.58    8.21s
    ‖ρε - ρref‖ = 1.1431606483553709e-5 ‖Δρ‖ = 9.679314860334687e-6  ‖vε - vref‖ = 0.059489165682498936  α = 0.000239
 64   -22.18681048526      -11.15       -4.91    11.0s
    ‖ρε - ρref‖ = 6.377482569318653e-6 ‖Δρ‖ = 3.241701881164171e-6  ‖vε - vref‖ = 0.059484543186963446  α = 0.00139
 65   -22.18681048528      -10.87       -4.38    8.14s
    ‖ρε - ρref‖ = 9.993009168118514e-6 ‖Δρ‖ = 8.864971815967573e-6  ‖vε - vref‖ = 0.05942582271869829  α = 0.000717
 66   -22.18681048529      -10.78       -4.85    10.8s
    ‖ρε - ρref‖ = 5.543237355540435e-6 ‖Δρ‖ = 2.7856183567850604e-6  ‖vε - vref‖ = 0.059256277692308866  α = 0.00257
 67   -22.18681048531      -10.89       -5.03    8.42s
    ‖ρε - ρref‖ = 5.5297295903424365e-6 ‖Δρ‖ = 1.9817588025240467e-6  ‖vε - vref‖ = 0.05918279477067025  α = 0.00317
 68   -22.18681048531      -11.31       -4.62    10.9s
    ‖ρε - ρref‖ = 8.359564468571818e-6 ‖Δρ‖ = 6.654432127430719e-6  ‖vε - vref‖ = 0.0591369640665303  α = 0.000578
 69   -22.18681048533      -10.74       -5.32    8.49s
    ‖ρε - ρref‖ = 5.093222382766175e-6 ‖Δρ‖ = 7.974772903284207e-7  ‖vε - vref‖ = 0.05891894738722222  α = 0.00943
 70   -22.18681048534      -11.39       -5.18    11.7s
    ‖ρε - ρref‖ = 5.140722327225484e-6 ‖Δρ‖ = 1.7261047649221758e-6  ‖vε - vref‖ = 0.05888716475070537  α = 0.00203
 71   -22.18681048534      -12.07       -4.28    8.64s
    ‖ρε - ρref‖ = 2.659614851344875e-5 ‖Δρ‖ = 2.231773686943413e-5  ‖vε - vref‖ = 0.05888855836368357  α = 6.03e-5
 72   -22.18681048534      -11.12       -5.07    8.52s
    ‖ρε - ρref‖ = 5.003451531640422e-6 ‖Δρ‖ = 1.8003879401144793e-6  ‖vε - vref‖ = 0.05874435726486839  α = 0.00271
 73   -22.18681048535      -11.20       -5.04    11.4s
    ‖ρε - ρref‖ = 5.5440401956603215e-6 ‖Δρ‖ = 2.0305002066350363e-6  ‖vε - vref‖ = 0.05869122704644867  α = 0.00217
 74   -22.18681048535      -11.52       -5.04    7.88s
    ‖ρε - ρref‖ = 5.591929504429899e-6 ‖Δρ‖ = 2.5185639961195347e-6  ‖vε - vref‖ = 0.05866116804858822  α = 0.00118
 75   -22.18681048536      -11.42       -4.40    11.4s
    ‖ρε - ρref‖ = 1.1812579197048416e-5 ‖Δρ‖ = 1.0307256266906113e-5  ‖vε - vref‖ = 0.05864582378113884  α = 0.000324
 76   -22.18681048536      -11.87       -5.01    8.58s
    ‖ρε - ρref‖ = 6.4624106422093734e-6 ‖Δρ‖ = 3.2975000951383457e-6  ‖vε - vref‖ = 0.05864027978552807  α = 0.000587
 77   -22.18681048537      -11.04       -4.96    10.8s
    ‖ρε - ρref‖ = 5.409797427220366e-6 ‖Δρ‖ = 1.8826244142735965e-6  ‖vε - vref‖ = 0.05857724294463363  α = 0.00285
 78   -22.18681048537      -11.61       -5.24    8.41s
    ‖ρε - ρref‖ = 5.119566357292791e-6 ‖Δρ‖ = 1.365104553234294e-6  ‖vε - vref‖ = 0.058526228595395295  α = 0.00206
 79   -22.18681048537      -11.60       -5.29    10.9s
    ‖ρε - ρref‖ = 5.153422533064062e-6 ‖Δρ‖ = 1.2572790456999096e-6  ‖vε - vref‖ = 0.05848723619550127  α = 0.00221
 80   -22.18681048538      -11.41       -4.84    8.24s
    ‖ρε - ρref‖ = 5.774960048256101e-6 ‖Δρ‖ = 3.097172192209275e-6  ‖vε - vref‖ = 0.058422861946570655  α = 0.00113
 81   -22.18681048538      -11.56       -5.21    11.3s
    ‖ρε - ρref‖ = 5.434140632397067e-6 ‖Δρ‖ = 1.4548787041863467e-6  ‖vε - vref‖ = 0.05841843569639155  α = 0.00203
 82   -22.18681048538      -11.70       -5.26    8.52s
    ‖ρε - ρref‖ = 4.254075147587314e-6 ‖Δρ‖ = 1.5185284753464475e-6  ‖vε - vref‖ = 0.05840083920383073  α = 0.00142
 83   -22.18681048539      -11.30       -3.92    11.0s
    ‖ρε - ρref‖ = 2.648791283284866e-5 ‖Δρ‖ = 2.4017816067451676e-5  ‖vε - vref‖ = 0.05837077381848369  α = 0.000155
 84   -22.18681048539      -11.31       -5.44    8.19s
    ‖ρε - ρref‖ = 5.053262418850221e-6 ‖Δρ‖ = 7.269209649427557e-7  ‖vε - vref‖ = 0.05828845597404863  α = 0.00539
 85   -22.18681048539      -11.53       -5.36    11.5s
    ‖ρε - ρref‖ = 5.214435855230555e-6 ‖Δρ‖ = 1.0285843304899238e-6  ‖vε - vref‖ = 0.05826562788079462  α = 0.00289
 86   -22.18681048539      -12.17       -4.68    8.66s
    ‖ρε - ρref‖ = 8.436712787846869e-6 ‖Δρ‖ = 7.0151498006245405e-6  ‖vε - vref‖ = 0.05825125093461062  α = 0.000204
 87   -22.18681048540      -11.83       -5.19    11.3s
    ‖ρε - ρref‖ = 5.248609853514711e-6 ‖Δρ‖ = 1.7425007262713772e-6  ‖vε - vref‖ = 0.058235126245903136  α = 0.00119
 88   -22.18681048540      -12.02       -4.91    8.62s
    ‖ρε - ρref‖ = 6.6286849815495205e-6 ‖Δρ‖ = 3.6282785230190326e-6  ‖vε - vref‖ = 0.05822611576166683  α = 0.000462
 89   -22.18681048540      -11.67       -5.36    11.6s
    ‖ρε - ρref‖ = 5.234446179269073e-6 ‖Δρ‖ = 9.92291138219921e-7  ‖vε - vref‖ = 0.05820908105641004  α = 0.0026
 90   -22.18681048540      -11.55       -5.27    8.72s
    ‖ρε - ρref‖ = 4.96472145843282e-6 ‖Δρ‖ = 1.156465683609983e-6  ‖vε - vref‖ = 0.058126594491982625  α = 0.00257
 91   -22.18681048540      -11.65       -5.26    11.6s
    ‖ρε - ρref‖ = 5.3047171769750805e-6 ‖Δρ‖ = 1.2361147736100982e-6  ‖vε - vref‖ = 0.05810211849416634  α = 0.00216
 92   -22.18681048540      -12.02       -5.10    8.38s
    ‖ρε - ρref‖ = 5.663725733910907e-6 ‖Δρ‖ = 2.411092759583338e-6  ‖vε - vref‖ = 0.0580895667812708  α = 0.000691
 93   -22.18681048541      -11.50       -5.46    10.5s
    ‖ρε - ρref‖ = 5.153636100435451e-6 ‖Δρ‖ = 6.878892523823197e-7  ‖vε - vref‖ = 0.058049457891318865  α = 0.00456
 94   -22.18681048541      -12.79       -4.72    8.32s
    ‖ρε - ρref‖ = 5.9745344307447155e-6 ‖Δρ‖ = 9.46860223889813e-6  ‖vε - vref‖ = 0.058041654043581824  α = 6.13e-5
 95   -22.18681048541      -11.44       -5.33    11.7s
    ‖ρε - ρref‖ = 5.168932379991821e-6 ‖Δρ‖ = 9.054541779990429e-7  ‖vε - vref‖ = 0.05800908159791833  α = 0.00373
 96   -22.18681048541      -11.61       -5.21    8.77s
    ‖ρε - ρref‖ = 5.305970765799192e-6 ‖Δρ‖ = 1.3162366360722402e-6  ‖vε - vref‖ = 0.05800438328295227  α = 0.0021
 97   -22.18681048542      -11.87       -5.52    8.50s
    ‖ρε - ρref‖ = 5.161533350083369e-6 ‖Δρ‖ = 7.361864804563011e-7  ‖vε - vref‖ = 0.05799878906893143  α = 0.00275
 98   -22.18681048542      -12.17       -4.71    10.7s
    ‖ρε - ρref‖ = 7.641050758241548e-6 ‖Δρ‖ = 5.95892544330517e-6  ‖vε - vref‖ = 0.057983567260670714  α = 0.000237
 99   -22.18681048542      -11.70       -5.15    8.23s
    ‖ρε - ρref‖ = 5.005873415457218e-6 ‖Δρ‖ = 1.5203481451077353e-6  ‖vε - vref‖ = 0.05793611332287664  α = 0.00163
 100   -22.18681048542      -12.34       -5.06    11.3s
    ‖ρε - ρref‖ = 6.139649727234301e-6 ‖Δρ‖ = 3.0751244648898774e-6  ‖vε - vref‖ = 0.057929589594414396  α = 0.000366
 101   -22.18681048542      -11.56       -5.57    8.12s
    ‖ρε - ρref‖ = 5.1252701435656195e-6 ‖Δρ‖ = 5.066296766960337e-7  ‖vε - vref‖ = 0.057960375182138965  α = 0.00579
 102   -22.18681048542      -11.84       -5.58    11.6s
    ‖ρε - ρref‖ = 5.051827723994639e-6 ‖Δρ‖ = 5.831592702285436e-7  ‖vε - vref‖ = 0.05795977946566235  α = 0.00367
 103   -22.18681048542      -11.95       -5.34    7.86s
    ‖ρε - ρref‖ = 5.325809749896e-6 ‖Δρ‖ = 1.1617345154093363e-6  ‖vε - vref‖ = 0.05797443426330189  α = 0.00157
 104   -22.18681048543      -11.87       -5.12    11.6s
    ‖ρε - ρref‖ = 5.432416491082853e-6 ‖Δρ‖ = 1.808458707748414e-6  ‖vε - vref‖ = 0.05797658496389331  α = 0.00112
 105   -22.18681048543      -12.19       -5.22    8.66s
    ‖ρε - ρref‖ = 6.139258547319209e-6 ‖Δρ‖ = 1.725505454953175e-6  ‖vε - vref‖ = 0.05797765045549279  α = 0.000716
 106   -22.18681048543      -11.90       -4.22    11.5s
    ‖ρε - ρref‖ = 1.1418400984473197e-5 ‖Δρ‖ = 1.3472270009371457e-5  ‖vε - vref‖ = 0.057944037118608856  α = 0.000138
 107   -22.18681048543      -12.23       -5.45    8.74s
    ‖ρε - ρref‖ = 5.185518032457579e-6 ‖Δρ‖ = 9.98815621105498e-7  ‖vε - vref‖ = 0.057948804539579485  α = 0.00132
 108   -22.18681048543      -11.66       -5.88    11.7s
    ‖ρε - ρref‖ = 5.0668977170296544e-6 ‖Δρ‖ = 2.2124714801999223e-7  ‖vε - vref‖ = 0.05801702450194592  α = 0.0118
 109   -22.18681048543      -12.74       -5.47    8.11s
    ‖ρε - ρref‖ = 5.316862124132204e-6 ‖Δρ‖ = 1.2029493046720233e-6  ‖vε - vref‖ = 0.058028631457314295  α = 0.000604
 110   -22.18681048543      -12.22       -5.07    11.6s
    ‖ρε - ρref‖ = 5.632549541823566e-6 ‖Δρ‖ = 2.047052542139e-6  ‖vε - vref‖ = 0.05805428390802931  α = 0.00068
 111   -22.18681048543      -12.10       -5.53    8.43s
    ‖ρε - ρref‖ = 5.01596849765064e-6 ‖Δρ‖ = 7.097422266950776e-7  ‖vε - vref‖ = 0.05806985668731554  α = 0.00211
 112   -22.18681048543      -11.92       -4.84    11.1s
    ‖ρε - ρref‖ = 5.972505795387132e-6 ‖Δρ‖ = 2.969176934178391e-6  ‖vε - vref‖ = 0.058089250577565414  α = 0.000636
 113   -22.18681048543      -12.10       -5.66    8.72s
    ‖ρε - ρref‖ = 5.012043033321057e-6 ‖Δρ‖ = 4.885081708760027e-7  ‖vε - vref‖ = 0.058093924061479736  α = 0.00326
 114   -22.18681048543      -12.13       -5.46    8.64s
    ‖ρε - ρref‖ = 5.1060621355626e-6 ‖Δρ‖ = 7.58928293859557e-7  ‖vε - vref‖ = 0.0581157372401511  α = 0.00204
 115   -22.18681048544      -12.21       -5.72    11.4s
    ‖ρε - ρref‖ = 5.11682825210068e-6 ‖Δρ‖ = 4.4267942075825024e-7  ‖vε - vref‖ = 0.05815590474181622  α = 0.00306
 116   -22.18681048544      -12.30       -5.15    8.70s
    ‖ρε - ρref‖ = 5.052366671230462e-6 ‖Δρ‖ = 1.7183045398775367e-6  ‖vε - vref‖ = 0.0581835015394433  α = 0.000704
 117   -22.18681048544      -13.27       -4.83    11.1s
    ‖ρε - ρref‖ = 1.1019857921895649e-5 ‖Δρ‖ = 6.555286646858918e-6  ‖vε - vref‖ = 0.058190216208901725  α = 5.6e-5
 118   -22.18681048544      -12.18       -5.73    8.75s
    ‖ρε - ρref‖ = 5.113448268232595e-6 ‖Δρ‖ = 4.059488997848993e-7  ‖vε - vref‖ = 0.05823301388039321  α = 0.00356
 119   -22.18681048544      -12.13       -5.63    11.5s
    ‖ρε - ρref‖ = 5.037040242970003e-6 ‖Δρ‖ = 4.952842857973027e-7  ‖vε - vref‖ = 0.05825042723659285  α = 0.00304
 120   -22.18681048544      -12.19       -5.66    8.46s
    ‖ρε - ρref‖ = 4.9829913349870065e-6 ‖Δρ‖ = 4.894539698317132e-7  ‖vε - vref‖ = 0.058247978239018325  α = 0.0029
 121   -22.18681048544      -12.94       -5.21    10.5s
    ‖ρε - ρref‖ = 5.622677919958849e-6 ‖Δρ‖ = 2.1868894253367484e-6  ‖vε - vref‖ = 0.058253366407117396  α = 0.000251
 122   -22.18681048544      -12.46       -5.41    8.05s
    ‖ρε - ρref‖ = 5.323632952502928e-6 ‖Δρ‖ = 9.587320801089466e-7  ‖vε - vref‖ = 0.05827484988315555  α = 0.00108
 123   -22.18681048544      -12.46       -5.67    11.9s
    ‖ρε - ρref‖ = 5.034963781788406e-6 ‖Δρ‖ = 5.472313551242882e-7  ‖vε - vref‖ = 0.05828937105416657  α = 0.00183
 124   -22.18681048544      -12.50       -5.13    8.59s
    ‖ρε - ρref‖ = 5.527300044905371e-6 ‖Δρ‖ = 1.877141202149197e-6  ‖vε - vref‖ = 0.05830233835353059  α = 0.000512
 125   -22.18681048544      -12.17       -5.65    11.3s
    ‖ρε - ρref‖ = 5.064450824009536e-6 ‖Δρ‖ = 4.2937958088502387e-7  ‖vε - vref‖ = 0.05832624936546905  α = 0.00336
 126   -22.18681048544      -12.40       -5.91    8.32s
    ‖ρε - ρref‖ = 5.069307908723244e-6 ‖Δρ‖ = 2.534501580714139e-7  ‖vε - vref‖ = 0.05834473369435265  α = 0.00455
 127   -22.18681048544      -12.58       -5.71    8.73s
    ‖ρε - ρref‖ = 5.099537933499598e-6 ‖Δρ‖ = 4.3932220484060846e-7  ‖vε - vref‖ = 0.05835248723806555  α = 0.00207
 128   -22.18681048544      -13.41       -5.33    10.9s
    ‖ρε - ρref‖ = 3.6178140435582554e-6 ‖Δρ‖ = 2.091672281388984e-6  ‖vε - vref‖ = 0.05835097623712304  α = 0.000122
 129   -22.18681048544      -12.96       -5.20    8.74s
    ‖ρε - ρref‖ = 5.672405402876148e-6 ‖Δρ‖ = 1.8772358620110344e-6  ‖vε - vref‖ = 0.0583541035790085  α = 0.000319
 130   -22.18681048544      -12.21       -5.75    11.9s
    ‖ρε - ρref‖ = 5.067234115541001e-6 ‖Δρ‖ = 3.204324868020502e-7  ‖vε - vref‖ = 0.058378588014294644  α = 0.00428
 131   -22.18681048544      -12.63       -5.71    8.72s
    ‖ρε - ρref‖ = 5.117481897835718e-6 ‖Δρ‖ = 4.6587572177415384e-7  ‖vε - vref‖ = 0.058390899320443716  α = 0.00183
 132   -22.18681048544      -12.47       -5.83    11.3s
    ‖ρε - ρref‖ = 5.049242326149897e-6 ‖Δρ‖ = 3.061581796941973e-7  ‖vε - vref‖ = 0.058394324423285134  α = 0.00333
 133   -22.18681048544      -13.30       -5.17    8.68s
    ‖ρε - ρref‖ = 5.618510355840114e-6 ‖Δρ‖ = 2.293109943538945e-6  ‖vε - vref‖ = 0.058397015903905905  α = 0.000189
 134   -22.18681048544      -12.38       -5.79    11.5s
    ‖ρε - ρref‖ = 5.078458710543633e-6 ‖Δρ‖ = 3.053236246212204e-7  ‖vε - vref‖ = 0.05840028524823082  α = 0.00373
 135   -22.18681048544      -13.45       -5.71    8.23s
    ‖ρε - ρref‖ = 4.95952676292191e-6 ‖Δρ‖ = 6.996577083256966e-7  ‖vε - vref‖ = 0.058398097869631516  α = 0.000572
 136   -22.18681048544      -12.84       -5.70    12.0s
    ‖ρε - ρref‖ = 5.028330900602133e-6 ‖Δρ‖ = 5.287812380940592e-7  ‖vε - vref‖ = 0.0583928020722191  α = 0.00123
 137   -22.18681048544      -12.20       -5.93    8.63s
    ‖ρε - ρref‖ = 5.065132855344771e-6 ‖Δρ‖ = 1.8945724618201824e-7  ‖vε - vref‖ = 0.05839589850938259  α = 0.00726
 138   -22.18681048544      -12.82       -5.65    11.3s
    ‖ρε - ρref‖ = 5.018610273309236e-6 ‖Δρ‖ = 5.673110663357999e-7  ‖vε - vref‖ = 0.05839348682941929  α = 0.00124
 139   -22.18681048544      -12.82       -5.96    8.62s
    ‖ρε - ρref‖ = 5.232966363935102e-6 ‖Δρ‖ = 2.7399507844063636e-7  ‖vε - vref‖ = 0.05840775430892806  α = 0.00216
 140   -22.18681048544      -12.84       -4.58    8.75s
    ‖ρε - ρref‖ = 6.448016684333882e-6 ‖Δρ‖ = 6.649614435203223e-6  ‖vε - vref‖ = 0.05841369089008585  α = 8.51e-5
 141   -22.18681048544      -13.50       -5.74    11.8s
    ‖ρε - ρref‖ = 5.096768362922867e-6 ‖Δρ‖ = 5.550628917682311e-7  ‖vε - vref‖ = 0.05841530006231684  α = 0.000742
 142   -22.18681048544      -12.64       -5.91    8.34s
    ‖ρε - ρref‖ = 5.049067050804842e-6 ‖Δρ‖ = 2.4010380714719085e-7  ‖vε - vref‖ = 0.05841563471979129  α = 0.00349
 143   -22.18681048544      -12.69       -5.81    11.8s
    ‖ρε - ρref‖ = 5.090198718558464e-6 ‖Δρ‖ = 3.191912656607055e-7  ‖vε - vref‖ = 0.05842000020835427  α = 0.00252
 144   -22.18681048544      -13.19       -6.01    8.83s
    ‖ρε - ρref‖ = 5.042633819566324e-6 ‖Δρ‖ = 2.882403901338061e-7  ‖vε - vref‖ = 0.058414528940731375  α = 0.00145
 145   -22.18681048544      -12.86       -5.18    11.3s
    ‖ρε - ρref‖ = 5.194795765557942e-6 ‖Δρ‖ = 1.430692923477984e-6  ‖vε - vref‖ = 0.05840536570887668  α = 0.00047
 146   -22.18681048544      -13.03       -6.15    8.58s
    ‖ρε - ρref‖ = 5.047846736608989e-6 ‖Δρ‖ = 1.867551349614059e-7  ‖vε - vref‖ = 0.058397673781893374  α = 0.00268
 147   -22.18681048544      -13.17       -5.71    11.5s
    ‖ρε - ρref‖ = 4.986048911504733e-6 ‖Δρ‖ = 5.767882779901627e-7  ‖vε - vref‖ = 0.05839277636142515  α = 0.000742
 148   -22.18681048544      -12.64       -5.58    7.78s
    ‖ρε - ρref‖ = 5.09714739557702e-6 ‖Δρ‖ = 4.972565431312755e-7  ‖vε - vref‖ = 0.05838389531037077  α = 0.00172
 149   -22.18681048544      -12.74       -5.90    11.8s
    ‖ρε - ρref‖ = 5.077116607424993e-6 ‖Δρ‖ = 2.610167822556993e-7  ‖vε - vref‖ = 0.058384919579297874  α = 0.00295
 150   -22.18681048544      -13.03       -6.09    8.15s
    ‖ρε - ρref‖ = 5.0610595704993736e-6 ‖Δρ‖ = 2.0231656174420486e-7  ‖vε - vref‖ = 0.05838697186181776  α = 0.0027
 151   -22.18681048544      -13.97       -5.51    8.56s
    ‖ρε - ρref‖ = 6.460625298371196e-6 ‖Δρ‖ = 1.5965467495606544e-6  ‖vε - vref‖ = 0.05838815723505169  α = 7.98e-5
 152   -22.18681048544      -12.66       -5.83    11.6s
    ‖ρε - ρref‖ = 5.046339121093901e-6 ‖Δρ‖ = 2.90653131346917e-7  ‖vε - vref‖ = 0.05838383835625605  α = 0.00276
 153   -22.18681048544      -13.02       -5.59    8.67s
    ‖ρε - ρref‖ = 5.054598675943586e-6 ‖Δρ‖ = 6.988597366947299e-7  ‖vε - vref‖ = 0.05837902972124081  α = 0.000735
 154   -22.18681048545      -12.88       -5.80    11.9s
    ‖ρε - ρref‖ = 5.0556041874079425e-6 ‖Δρ‖ = 3.4233578002228906e-7  ‖vε - vref‖ = 0.05837221352464047  α = 0.00193
 155   -22.18681048545      -12.97       -5.99    8.17s
    ‖ρε - ρref‖ = 5.10017988458001e-6 ‖Δρ‖ = 2.393356511675914e-7  ‖vε - vref‖ = 0.05837155059562193  α = 0.00238
 156   -22.18681048545      -13.34       -5.75    11.6s
    ‖ρε - ρref‖ = 5.0312819638409634e-6 ‖Δρ‖ = 5.231508953957728e-7  ‖vε - vref‖ = 0.05836485118751414  α = 0.000759
 157   -22.18681048545      -12.97       -5.26    8.18s
    ‖ρε - ρref‖ = 5.071818571294927e-6 ‖Δρ‖ = 1.2987569001032735e-6  ‖vε - vref‖ = 0.058354010792785564  α = 0.000439
 158   -22.18681048545      -12.78       -6.30    11.5s
    ‖ρε - ρref‖ = 5.0591867370060904e-6 ‖Δρ‖ = 9.396031762442505e-8  ‖vε - vref‖ = 0.05834497541672005  α = 0.00745
 159   -22.18681048545      -13.17       -5.55    8.30s
    ‖ρε - ρref‖ = 5.03233985912166e-6 ‖Δρ‖ = 7.923326323459647e-7  ‖vε - vref‖ = 0.05834216551739825  α = 0.000491
 160   -22.18681048545      -12.96       -5.66    8.45s
    ‖ρε - ρref‖ = 5.1267723139025556e-6 ‖Δρ‖ = 4.419194176357133e-7  ‖vε - vref‖ = 0.058339975493697904  α = 0.00133
 161   -22.18681048545      -13.09       -6.17    11.9s
    ‖ρε - ρref‖ = 5.0432979082186345e-6 ‖Δρ‖ = 1.4086015218803917e-7  ‖vε - vref‖ = 0.05833109676783897  α = 0.00346
 162   -22.18681048545      -14.15       -6.29    8.70s
    ‖ρε - ρref‖ = 4.945440502992442e-6 ‖Δρ‖ = 1.6513614443430328e-7  ‖vε - vref‖ = 0.058329008667081565  α = 0.00115
 163   -22.18681048545      -13.37       -5.04    12.0s
    ‖ρε - ρref‖ = 6.120568563882953e-6 ‖Δρ‖ = 2.0846648848207e-6  ‖vε - vref‖ = 0.05832829986257229  α = 0.000168
 164   -22.18681048545      -13.27       -6.03    8.71s
    ‖ρε - ρref‖ = 5.081652253319743e-6 ‖Δρ‖ = 2.0802090307253537e-7  ‖vε - vref‖ = 0.05832945809189896  α = 0.00184
 165   -22.18681048545      -14.15       -6.16    11.0s
    ‖ρε - ρref‖ = 5.054570459155408e-6 ‖Δρ‖ = 1.9421880151564906e-7  ‖vε - vref‖ = 0.05832795160710845  α = 0.00136
 166   -22.18681048545      -13.13       -5.94    8.10s
    ‖ρε - ρref‖ = 5.0538708011418495e-6 ‖Δρ‖ = 2.2865494666918503e-7  ‖vε - vref‖ = 0.0583229079880552  α = 0.00207
 167   -22.18681048545      -13.67       -6.17    11.4s
    ‖ρε - ρref‖ = 5.071487214360192e-6 ‖Δρ‖ = 1.644031491314112e-7  ‖vε - vref‖ = 0.058320583447759616  α = 0.0021
 168   -22.18681048545      -13.50       -5.68    8.71s
    ‖ρε - ρref‖ = 5.083578071145396e-6 ‖Δρ‖ = 7.381133641682589e-7  ‖vε - vref‖ = 0.058318722409810064  α = 0.000231
 169   -22.18681048545      -13.09       -6.05    8.51s
    ‖ρε - ρref‖ = 5.0341428450938336e-6 ‖Δρ‖ = 1.6841149038582958e-7  ‖vε - vref‖ = 0.058305554589422624  α = 0.00298
 170   -22.18681048545      -13.50       -6.42    11.9s
    ‖ρε - ρref‖ = 5.075884251943185e-6 ‖Δρ‖ = 9.804472658845375e-8  ‖vε - vref‖ = 0.058306985422092915  α = 0.00328
 171   -22.18681048545      -13.55       -5.68    8.71s
    ‖ρε - ρref‖ = 5.057578041258072e-6 ‖Δρ‖ = 5.547799458591273e-7  ‖vε - vref‖ = 0.05830692271712426  α = 0.000566
 172   -22.18681048545      -13.27       -5.89    12.0s
    ‖ρε - ρref‖ = 5.050851585696186e-6 ‖Δρ‖ = 2.983225930393161e-7  ‖vε - vref‖ = 0.05830483545324132  α = 0.00128
 173   -22.18681048545      -13.02       -6.26    8.50s
    ‖ρε - ρref‖ = 5.071433245638786e-6 ‖Δρ‖ = 1.0121461111947516e-7  ‖vε - vref‖ = 0.05830674063069263  α = 0.00514
 174   -22.18681048545      -14.45       -5.67    78.1s
    ‖ρε - ρref‖ = 4.185607283142348e-6 ‖Δρ‖ = 1.0956640521279513e-6  ‖vε - vref‖ = 0.05830674062987565  α = 1.22e-13
 175   -22.18681048545   +    -Inf       -5.31    55.3s
    ‖ρε - ρref‖ = 3.426203880014766e-6 ‖Δρ‖ = 2.242769166069857e-6  ‖vε - vref‖ = 0.05830674062916698  α = 2.32e-16
 176   -22.18681048545   +    -Inf       -5.12    11.0s
    ‖ρε - ρref‖ = 3.0895951462534268e-6 ‖Δρ‖ = 3.1191368560713314e-6  ‖vε - vref‖ = 0.05830513806856601  α = 4.12e-5
Trying again with Newton's method ...
n     Energy            log10(ΔE)   log10(Δρ)   Δtime 
---   ---------------   ---------   ---------   ------
  1   -22.18681048545                   -8.25     503s
    ‖ρε - ρref‖ = 5.0548974301365865e-6 ‖Δρ‖ = 7.041125677086418e-10  ‖vε - vref‖ = 0.058337818967035146
  2   -22.18681048545      -12.88       -8.52     516s
    ‖ρε - ρref‖ = 5.0549233540548245e-6 ‖Δρ‖ = 3.6586072636539404e-10  ‖vε - vref‖ = 0.05831094685808455
    Stopping to avoid numerical instabilities.

#-- ‖ρε - ρref‖ = 5.0549233540548245e-6 vs. 1.7782794100389228e-8 = δ*ε ‖vε - vref‖ = 0.05831094685808455


# --- ε=1.0e-6

n     Energy            log10(ΔE)   log10(Δρ)   Δtime 
---   ---------------   ---------   ---------   ------
  1   -22.18680419346                   -0.89    15.2s
    ‖ρε - ρref‖ = 0.0821335663812743 ‖Δρ‖ = 0.08213117475045897  ‖vε - vref‖ = 1.2976931373989757  α = 2.48e-5
  2   -22.18680452545       -6.48       -1.97    7.49s
    ‖ρε - ρref‖ = 0.004397481875959179 ‖Δρ‖ = 0.004396810535153557  ‖vε - vref‖ = 0.9208091555721187  α = 0.000166
  3   -22.18680466494       -6.86       -2.19    8.16s
    ‖ρε - ρref‖ = 0.002255276609364598 ‖Δρ‖ = 0.0022546318072693156  ‖vε - vref‖ = 0.7490421986830412  α = 0.000216
  4   -22.18680475901       -7.03       -2.20    11.0s
    ‖ρε - ρref‖ = 0.002398764586451039 ‖Δρ‖ = 0.0023982066422723724  ‖vε - vref‖ = 0.5733086389033697  α = 0.000161
  5   -22.18680483714       -7.11       -2.79    7.84s
    ‖ρε - ρref‖ = 0.00043015314844235586 ‖Δρ‖ = 0.0004296213430040599  ‖vε - vref‖ = 0.4088402251491599  α = 0.000876
  6   -22.18680485881       -7.66       -2.85    11.3s
    ‖ρε - ρref‖ = 0.00045760786123849736 ‖Δρ‖ = 0.0004573013561702866  ‖vε - vref‖ = 0.3461851665561755  α = 0.000421
  7   -22.18680487921       -7.69       -2.95    7.99s
    ‖ρε - ρref‖ = 0.000284602343612001 ‖Δρ‖ = 0.0002843585112251495  ‖vε - vref‖ = 0.2796980381624627  α = 0.000678
  8   -22.18680489404       -7.83       -3.35    8.25s
    ‖ρε - ρref‖ = 0.00010722809040486366 ‖Δρ‖ = 0.0001069597878283182  ‖vε - vref‖ = 0.22108668244492616  α = 0.00153
  9   -22.18680490205       -8.10       -3.41    11.7s
    ‖ρε - ρref‖ = 8.900766045889323e-5 ‖Δρ‖ = 8.885189086833027e-5  ‖vε - vref‖ = 0.18203143708481676  α = 0.00136
 10   -22.18680490638       -8.36       -3.50    7.94s
    ‖ρε - ρref‖ = 7.393898033809961e-5 ‖Δρ‖ = 7.369721770918477e-5  ‖vε - vref‖ = 0.1585461420600146  α = 0.00121
 11   -22.18680491022       -8.42       -3.58    11.5s
    ‖ρε - ρref‖ = 5.697039158772899e-5 ‖Δρ‖ = 5.6798920485680985e-5  ‖vε - vref‖ = 0.13495812503085244  α = 0.00149
 12   -22.18680491035       -9.88       -3.31    8.91s
    ‖ρε - ρref‖ = 0.0002992004220064083 ‖Δρ‖ = 0.0002967517226270116  ‖vε - vref‖ = 0.1338947863815703  α = 4.1e-5
 13   -22.18680491280       -8.61       -3.58    8.36s
    ‖ρε - ρref‖ = 5.863610341255303e-5 ‖Δρ‖ = 5.852805642253474e-5  ‖vε - vref‖ = 0.11809281311619725  α = 0.00115
 14   -22.18680491358       -9.11       -3.47    11.9s
    ‖ρε - ρref‖ = 0.00010425478159839307 ‖Δρ‖ = 0.00010450853396823667  ‖vε - vref‖ = 0.11292909166802192  α = 0.000345
 15   -22.18680491475       -8.93       -3.18    8.63s
    ‖ρε - ρref‖ = 0.00017964566155049327 ‖Δρ‖ = 0.00017964600083903473  ‖vε - vref‖ = 0.1049755206298324  α = 0.000248
 16   -22.18680491590       -8.94       -3.12    12.0s
    ‖ρε - ρref‖ = 0.00019941613742806305 ‖Δρ‖ = 0.00019913704219212404  ‖vε - vref‖ = 0.09463794561793286  α = 0.00022
 17   -22.18680491726       -8.87       -3.85    8.85s
    ‖ρε - ρref‖ = 3.1686166002430614e-5 ‖Δρ‖ = 3.1234962632178376e-5  ‖vε - vref‖ = 0.0834082556170486  α = 0.0016
 18   -22.18680491775       -9.31       -3.67    8.49s
    ‖ρε - ρref‖ = 6.144635221396555e-5 ‖Δρ‖ = 6.159259923471734e-5  ‖vε - vref‖ = 0.07883735093065883  α = 0.00047
 19   -22.18680491839       -9.19       -3.79    12.1s
    ‖ρε - ρref‖ = 3.943423611214018e-5 ‖Δρ‖ = 3.96447944858922e-5  ‖vε - vref‖ = 0.07322203269957452  α = 0.000855
 20   -22.18680491942       -8.99       -3.74    8.56s
    ‖ρε - ρref‖ = 3.697004254583439e-5 ‖Δρ‖ = 3.659869708445509e-5  ‖vε - vref‖ = 0.06257855951515309  α = 0.00118
 21   -22.18680492015       -9.14       -4.34    12.1s
    ‖ρε - ρref‖ = 9.546779511386757e-6 ‖Δρ‖ = 8.847155434547949e-6  ‖vε - vref‖ = 0.05615864783037706  α = 0.00411
 22   -22.18680492057       -9.38       -3.89    8.29s
    ‖ρε - ρref‖ = 2.878798187245206e-5 ‖Δρ‖ = 2.8862274545427607e-5  ‖vε - vref‖ = 0.051190641675867676  α = 0.000941
 23   -22.18680492086       -9.52       -4.21    7.63s
    ‖ρε - ρref‖ = 1.2874771289818467e-5 ‖Δρ‖ = 1.260352558518243e-5  ‖vε - vref‖ = 0.04794505137753007  α = 0.00187
 24   -22.18680492107       -9.68       -4.14    11.4s
    ‖ρε - ρref‖ = 1.7070402562575777e-5 ‖Δρ‖ = 1.5986465364380046e-5  ‖vε - vref‖ = 0.04621987069813026  α = 0.00118
 25   -22.18680492111      -10.40       -3.22    8.46s
    ‖ρε - ρref‖ = 0.00022079717418198238 ‖Δρ‖ = 0.0002228322364282356  ‖vε - vref‖ = 0.045242745976133085  α = 3.13e-5
 26   -22.18680492131       -9.71       -4.21    11.7s
    ‖ρε - ρref‖ = 1.276780745984086e-5 ‖Δρ‖ = 1.2337807150302993e-5  ‖vε - vref‖ = 0.043290237130337895  α = 0.00155
 27   -22.18680492134      -10.56       -4.11    7.75s
    ‖ρε - ρref‖ = 2.636852329366077e-5 ‖Δρ‖ = 2.668483192843292e-5  ‖vε - vref‖ = 0.04300199992019942  α = 0.000248
 28   -22.18680492141      -10.13       -4.23    11.0s
    ‖ρε - ρref‖ = 1.5010137379539082e-5 ‖Δρ‖ = 1.4701558564015352e-5  ‖vε - vref‖ = 0.04269609381851842  α = 0.000769
 29   -22.18680492153       -9.94       -3.50    7.98s
    ‖ρε - ρref‖ = 6.851519800196648e-5 ‖Δρ‖ = 6.837906077347653e-5  ‖vε - vref‖ = 0.04161849391761224  α = 0.000205
 30   -22.18680492163       -9.99       -4.14    8.50s
    ‖ρε - ρref‖ = 1.5692871579645572e-5 ‖Δρ‖ = 1.5133395936410691e-5  ‖vε - vref‖ = 0.04102930141800132  α = 0.000905
 31   -22.18680492165      -10.61       -4.25    11.3s
    ‖ρε - ρref‖ = 1.6720776734335104e-5 ‖Δρ‖ = 1.6662096580542907e-5  ‖vε - vref‖ = 0.040824743895259544  α = 0.00039
 32   -22.18680492171      -10.24       -4.54    7.86s
    ‖ρε - ρref‖ = 6.669989610150387e-6 ‖Δρ‖ = 6.633527525613358e-6  ‖vε - vref‖ = 0.040544607971922934  α = 0.00153
 33   -22.18680492179      -10.11       -4.28    11.6s
    ‖ρε - ρref‖ = 1.0921879715649972e-5 ‖Δρ‖ = 1.035698679711431e-5  ‖vε - vref‖ = 0.04044480435848739  α = 0.00115
 34   -22.18680492186      -10.15       -4.49    7.99s
    ‖ρε - ρref‖ = 7.166919640460816e-6 ‖Δρ‖ = 6.208951191912486e-6  ‖vε - vref‖ = 0.0406478036959126  α = 0.00184
 35   -22.18680492191      -10.34       -4.58    8.21s
    ‖ρε - ρref‖ = 5.9077817909172645e-6 ‖Δρ‖ = 5.193848640754301e-6  ‖vε - vref‖ = 0.040756943371703415  α = 0.00178
 36   -22.18680492191      -11.15       -4.67    11.0s
    ‖ρε - ρref‖ = 5.622872318405877e-6 ‖Δρ‖ = 6.806020016474129e-6  ‖vε - vref‖ = 0.040830538478746854  α = 0.000458
 37   -22.18680492193      -10.92       -3.64    7.72s
    ‖ρε - ρref‖ = 6.404450030481361e-5 ‖Δρ‖ = 6.269700457537705e-5  ‖vε - vref‖ = 0.0408459635034736  α = 6.87e-5
 38   -22.18680492196      -10.41       -4.68    11.8s
    ‖ρε - ρref‖ = 4.5246162839105635e-6 ‖Δρ‖ = 3.810646613058447e-6  ‖vε - vref‖ = 0.04101069941810634  α = 0.00222
 39   -22.18680492197      -11.07       -4.64    7.92s
    ‖ρε - ρref‖ = 7.4293932497951555e-6 ‖Δρ‖ = 6.50052340676266e-6  ‖vε - vref‖ = 0.04112803713690647  α = 0.00058
 40   -22.18680492199      -10.73       -4.20    8.42s
    ‖ρε - ρref‖ = 1.438110992124006e-5 ‖Δρ‖ = 1.419059928973077e-5  ‖vε - vref‖ = 0.04128779504172743  α = 0.000399
 41   -22.18680492200      -10.95       -3.96    12.1s
    ‖ρε - ρref‖ = 2.9471839501601207e-5 ‖Δρ‖ = 2.943454442451951e-5  ‖vε - vref‖ = 0.04138187924601906  α = 0.000143
 42   -22.18680492202      -10.83       -4.60    8.11s
    ‖ρε - ρref‖ = 6.489873910794409e-6 ‖Δρ‖ = 5.5499736062974835e-6  ‖vε - vref‖ = 0.041566558549510454  α = 0.000929
 43   -22.18680492203      -11.02       -4.90    11.5s
    ‖ρε - ρref‖ = 4.2467079380388535e-6 ‖Δρ‖ = 3.01298520226401e-6  ‖vε - vref‖ = 0.041732180267587744  α = 0.00135
 44   -22.18680492204      -10.90       -4.40    8.57s
    ‖ρε - ρref‖ = 8.873163765947609e-6 ‖Δρ‖ = 8.52837368922656e-6  ‖vε - vref‖ = 0.04188903393295056  α = 0.000561
 45   -22.18680492205      -10.92       -4.84    7.64s
    ‖ρε - ρref‖ = 3.830009578314217e-6 ‖Δρ‖ = 3.0331414021100777e-6  ‖vε - vref‖ = 0.042024117798437906  α = 0.00154
 46   -22.18680492206      -10.91       -4.66    11.2s
    ‖ρε - ρref‖ = 5.576404367305153e-6 ‖Δρ‖ = 4.373219426391704e-6  ‖vε - vref‖ = 0.04228362949719716  α = 0.00109
 47   -22.18680492207      -10.96       -4.91    8.93s
    ‖ρε - ρref‖ = 3.865220593979362e-6 ‖Δρ‖ = 2.399254095139148e-6  ‖vε - vref‖ = 0.0424736576835638  α = 0.00186
 48   -22.18680492208      -12.19       -4.56    7.75s
    ‖ρε - ρref‖ = 1.1105637201980318e-5 ‖Δρ‖ = 1.3343356069349775e-5  ‖vε - vref‖ = 0.04247515591406517  α = 6.52e-5
 49   -22.18680492208      -11.03       -4.47    10.7s
    ‖ρε - ρref‖ = 7.706635722952665e-6 ‖Δρ‖ = 7.01127653383419e-6  ‖vε - vref‖ = 0.04259506488407029  α = 0.000582
 50   -22.18680492211      -10.66       -5.17    7.48s
    ‖ρε - ρref‖ = 2.998488121727225e-6 ‖Δρ‖ = 1.0671063214950294e-6  ‖vε - vref‖ = 0.042968105083902745  α = 0.00586
 51   -22.18680492211      -11.73       -4.58    10.4s
    ‖ρε - ρref‖ = 9.792464139386898e-6 ‖Δρ‖ = 9.00774085324191e-6  ‖vε - vref‖ = 0.04300708098863106  α = 0.000192
 52   -22.18680492211      -11.58       -4.70    7.84s
    ‖ρε - ρref‖ = 6.992870695554587e-6 ‖Δρ‖ = 6.307803262483664e-6  ‖vε - vref‖ = 0.04306105137117925  α = 0.000324
 53   -22.18680492212      -11.26       -4.44    8.94s
    ‖ρε - ρref‖ = 9.138099687761827e-6 ‖Δρ‖ = 8.852351320200876e-6  ‖vε - vref‖ = 0.04317681259439821  α = 0.000346
 54   -22.18680492212      -11.11       -4.84    11.6s
    ‖ρε - ρref‖ = 4.286981532310818e-6 ‖Δρ‖ = 2.9283313975456487e-6  ‖vε - vref‖ = 0.043367401395334966  α = 0.00128
 55   -22.18680492213      -11.08       -4.93    7.65s
    ‖ρε - ρref‖ = 3.7916424464513956e-6 ‖Δρ‖ = 2.4609180838116355e-6  ‖vε - vref‖ = 0.043545975648977164  α = 0.00155
 56   -22.18680492214      -11.36       -4.53    10.7s
    ‖ρε - ρref‖ = 7.63158056980471e-6 ‖Δρ‖ = 7.22455400718541e-6  ‖vε - vref‖ = 0.04361416057812285  α = 0.000384
 57   -22.18680492214      -11.16       -5.01    8.21s
    ‖ρε - ρref‖ = 3.4299408360404237e-6 ‖Δρ‖ = 2.042583793361398e-6  ‖vε - vref‖ = 0.04372345846432041  α = 0.00171
 58   -22.18680492215      -11.02       -4.93    8.32s
    ‖ρε - ρref‖ = 3.684094542850422e-6 ‖Δρ‖ = 2.21828618604033e-6  ‖vε - vref‖ = 0.043884063853532905  α = 0.00188
 59   -22.18680492216      -11.58       -4.98    11.7s
    ‖ρε - ρref‖ = 4.9693473902978475e-6 ‖Δρ‖ = 2.9031864726680948e-6  ‖vε - vref‖ = 0.04395129666054924  α = 0.000663
 60   -22.18680492216      -11.37       -3.79    8.36s
    ‖ρε - ρref‖ = 3.6948551444505476e-5 ‖Δρ‖ = 3.8485603211176065e-5  ‖vε - vref‖ = 0.04395093217937702  α = 6.59e-5
 61   -22.18680492217      -11.15       -5.06    12.2s
    ‖ρε - ρref‖ = 3.525262988818097e-6 ‖Δρ‖ = 1.7631453621524104e-6  ‖vε - vref‖ = 0.04410894914384782  α = 0.002
 62   -22.18680492217      -11.27       -4.80    7.58s
    ‖ρε - ρref‖ = 4.27367770820629e-6 ‖Δρ‖ = 3.4052890751876823e-6  ‖vε - vref‖ = 0.04419303624188766  α = 0.000913
 63   -22.18680492217      -11.90       -5.00    7.58s
    ‖ρε - ρref‖ = 4.726297047683133e-6 ‖Δρ‖ = 3.387561063451838e-6  ‖vε - vref‖ = 0.04423455988918026  α = 0.000423
 64   -22.18680492218      -11.30       -4.55    10.8s
    ‖ρε - ρref‖ = 7.412810576999228e-6 ‖Δρ‖ = 6.457258776013339e-6  ‖vε - vref‖ = 0.044357486827682646  α = 0.000454
 65   -22.18680492218      -11.41       -4.42    7.93s
    ‖ρε - ρref‖ = 1.030909288983963e-5 ‖Δρ‖ = 1.005613934356974e-5  ‖vε - vref‖ = 0.044432444122259274  α = 0.000249
 66   -22.18680492219      -11.03       -4.78    11.5s
    ‖ρε - ρref‖ = 4.027443645038931e-6 ‖Δρ‖ = 3.166420758007583e-6  ‖vε - vref‖ = 0.044525758243588225  α = 0.00128
 67   -22.18680492220      -11.02       -5.05    8.49s
    ‖ρε - ρref‖ = 3.384364407513353e-6 ‖Δρ‖ = 1.6962596519258308e-6  ‖vε - vref‖ = 0.04466354835016468  α = 0.00243
 68   -22.18680492220      -11.69       -4.88    7.75s
    ‖ρε - ρref‖ = 4.75247425226691e-6 ‖Δρ‖ = 3.915467657643357e-6  ‖vε - vref‖ = 0.044680825858640055  α = 0.00048
 69   -22.18680492221      -11.31       -4.98    12.3s
    ‖ρε - ρref‖ = 3.683614406072698e-6 ‖Δρ‖ = 2.42940394934115e-6  ‖vε - vref‖ = 0.044727868531460255  α = 0.0012
 70   -22.18680492222      -11.01       -4.82    8.77s
    ‖ρε - ρref‖ = 3.969706506707905e-6 ‖Δρ‖ = 2.785072506604766e-6  ‖vε - vref‖ = 0.044797104797123885  α = 0.00148
 71   -22.18680492222      -12.47       -4.99    11.6s
    ‖ρε - ρref‖ = 7.611186776142513e-6 ‖Δρ‖ = 5.096475340244895e-6  ‖vε - vref‖ = 0.04480823381376547  α = 0.00012
 72   -22.18680492222      -11.31       -4.59    8.39s
    ‖ρε - ρref‖ = 6.339560820448966e-6 ‖Δρ‖ = 6.000281541709822e-6  ‖vε - vref‖ = 0.04482763476083278  α = 0.000483
 73   -22.18680492223      -11.17       -5.03    8.88s
    ‖ρε - ρref‖ = 3.257328534867228e-6 ‖Δρ‖ = 1.9690934085065064e-6  ‖vε - vref‖ = 0.04482625787298231  α = 0.00174
 74   -22.18680492224      -11.17       -5.06    12.2s
    ‖ρε - ρref‖ = 3.500636639327521e-6 ‖Δρ‖ = 1.7699245257080184e-6  ‖vε - vref‖ = 0.044880952802117305  α = 0.00196
 75   -22.18680492224      -12.04       -4.76    8.32s
    ‖ρε - ρref‖ = 7.00198657661149e-6 ‖Δρ‖ = 6.230040374738385e-6  ‖vε - vref‖ = 0.04489221936776298  α = 0.000195
 76   -22.18680492224      -11.52       -4.74    7.75s
    ‖ρε - ρref‖ = 5.447304011602808e-6 ‖Δρ‖ = 4.7771032711931405e-6  ‖vε - vref‖ = 0.04489266741570044  α = 0.000473
 77   -22.18680492224      -11.59       -4.77    10.8s
    ‖ρε - ρref‖ = 5.1887810261611215e-6 ‖Δρ‖ = 4.6661175419587e-6  ‖vε - vref‖ = 0.04490946701743174  α = 0.000433
 78   -22.18680492225      -11.19       -4.59    7.53s
    ‖ρε - ρref‖ = 6.144577018307472e-6 ‖Δρ‖ = 5.006643855569644e-6  ‖vε - vref‖ = 0.04493812230959876  α = 0.000658
 79   -22.18680492225      -11.53       -5.27    10.8s
    ‖ρε - ρref‖ = 2.8599621715971496e-6 ‖Δρ‖ = 1.2045564906929494e-6  ‖vε - vref‖ = 0.04487783471400603  α = 0.00192
 80   -22.18680492226      -11.29       -5.16    7.56s
    ‖ρε - ρref‖ = 3.1728738043073455e-6 ‖Δρ‖ = 1.3658289115171232e-6  ‖vε - vref‖ = 0.04483949983610979  α = 0.00221
 81   -22.18680492226      -11.82       -4.99    7.55s
    ‖ρε - ρref‖ = 4.278361254870281e-6 ‖Δρ‖ = 3.026398083388241e-6  ‖vε - vref‖ = 0.044836886619108056  α = 0.000526
 82   -22.18680492226      -11.39       -5.02    11.1s
    ‖ρε - ρref‖ = 3.351217920164868e-6 ‖Δρ‖ = 2.159113371314599e-6  ‖vε - vref‖ = 0.04481295412657166  α = 0.00123
 83   -22.18680492226      -12.37       -4.38    8.16s
    ‖ρε - ρref‖ = 2.133223660682783e-5 ‖Δρ‖ = 1.8945486611356623e-5  ‖vε - vref‖ = 0.04481580169838468  α = 3.62e-5
 84   -22.18680492227      -11.36       -4.88    12.0s
    ‖ρε - ρref‖ = 3.995960175941272e-6 ‖Δρ‖ = 2.8022010110066047e-6  ‖vε - vref‖ = 0.04477404053243352  α = 0.000986
 85   -22.18680492227      -11.45       -5.08    8.89s
    ‖ρε - ρref‖ = 3.3089576540301234e-6 ‖Δρ‖ = 1.8641053442528455e-6  ‖vε - vref‖ = 0.04470993911015043  α = 0.00135
 86   -22.18680492228      -11.36       -5.25    8.82s
    ‖ρε - ρref‖ = 2.999023749658111e-6 ‖Δρ‖ = 1.1154939434884364e-6  ‖vε - vref‖ = 0.04461537811693554  α = 0.00251
 87   -22.18680492228      -12.21       -5.07    11.8s
    ‖ρε - ρref‖ = 4.27022911745918e-6 ‖Δρ‖ = 2.8599148248246517e-6  ‖vε - vref‖ = 0.04461465031705682  α = 0.000345
 88   -22.18680492228      -11.81       -4.67    8.86s
    ‖ρε - ρref‖ = 6.28705664034047e-6 ‖Δρ‖ = 5.257864817527484e-6  ‖vε - vref‖ = 0.04459158072488631  α = 0.000317
 89   -22.18680492228      -11.82       -5.24    8.74s
    ‖ρε - ρref‖ = 2.9868190122600093e-6 ‖Δρ‖ = 1.456115506133862e-6  ‖vε - vref‖ = 0.0445453513619976  α = 0.00109
 90   -22.18680492228      -11.99       -4.75    12.5s
    ‖ρε - ρref‖ = 5.860650357939751e-6 ‖Δρ‖ = 4.946315571327133e-6  ‖vε - vref‖ = 0.044512827226806405  α = 0.000264
 91   -22.18680492228      -11.67       -5.22    9.09s
    ‖ρε - ρref‖ = 3.2303999053621845e-6 ‖Δρ‖ = 1.3600073247512697e-6  ‖vε - vref‖ = 0.04445631119637434  α = 0.00143
 92   -22.18680492229      -11.62       -5.07    12.4s
    ‖ρε - ρref‖ = 3.2042651812120744e-6 ‖Δρ‖ = 1.7841826653264674e-6  ‖vε - vref‖ = 0.04435164149328474  α = 0.00116
 93   -22.18680492229      -11.58       -5.52    8.88s
    ‖ρε - ρref‖ = 2.9384115280910205e-6 ‖Δρ‖ = 5.746771660527312e-7  ‖vε - vref‖ = 0.04427128689560931  α = 0.00378
 94   -22.18680492229      -12.67       -5.18    7.57s
    ‖ρε - ρref‖ = 1.8060092156960555e-6 ‖Δρ‖ = 2.902699901679087e-6  ‖vε - vref‖ = 0.04425960000690715  α = 0.000174
 95   -22.18680492229      -11.83       -4.53    11.1s
    ‖ρε - ρref‖ = 7.983603305603295e-6 ‖Δρ‖ = 7.054605509110794e-6  ‖vε - vref‖ = 0.04420228390681109  α = 0.000225
 96   -22.18680492229      -11.79       -4.86    8.82s
    ‖ρε - ρref‖ = 4.298564377602056e-6 ‖Δρ‖ = 3.216549354267244e-6  ‖vε - vref‖ = 0.04414848947562946  α = 0.000523
 97   -22.18680492229      -11.74       -5.06    12.2s
    ‖ρε - ρref‖ = 3.6016541227919512e-6 ‖Δρ‖ = 1.9009663672052763e-6  ‖vε - vref‖ = 0.044099572532704905  α = 0.000936
 98   -22.18680492229      -11.90       -5.41    8.85s
    ‖ρε - ρref‖ = 2.9396474458639167e-6 ‖Δρ‖ = 8.438843963095505e-7  ‖vε - vref‖ = 0.044041904637295924  α = 0.00178
 99   -22.18680492230      -11.96       -5.19    8.81s
    ‖ρε - ρref‖ = 3.14765984036758e-6 ‖Δρ‖ = 1.4964163599228211e-6  ‖vε - vref‖ = 0.04398660066131514  α = 0.000925
 100   -22.18680492230      -12.08       -4.47    12.4s
    ‖ρε - ρref‖ = 9.026889733138364e-6 ‖Δρ‖ = 8.847400718777923e-6  ‖vε - vref‖ = 0.0439324543289281  α = 0.000133
 101   -22.18680492230      -11.79       -5.55    8.87s
    ‖ρε - ρref‖ = 2.9459034321225477e-6 ‖Δρ‖ = 5.6761620449972e-7  ‖vε - vref‖ = 0.04389129110960015  α = 0.003
 102   -22.18680492230      -12.37       -5.00    8.84s
    ‖ρε - ρref‖ = 4.42986427395152e-6 ‖Δρ‖ = 3.0339308087519995e-6  ‖vε - vref‖ = 0.043879509432991425  α = 0.000271
 103   -22.18680492230      -12.05       -5.15    12.0s
    ‖ρε - ρref‖ = 3.087742910531453e-6 ‖Δρ‖ = 1.6323965341235746e-6  ‖vε - vref‖ = 0.04383913981454808  α = 0.000769
 104   -22.18680492230      -11.93       -5.38    7.62s
    ‖ρε - ρref‖ = 3.0980680868754925e-6 ‖Δρ‖ = 8.863814812626984e-7  ‖vε - vref‖ = 0.043806409664560696  α = 0.00164
 105   -22.18680492230      -11.88       -5.30    12.4s
    ‖ρε - ρref‖ = 2.996137868543935e-6 ‖Δρ‖ = 1.0449632080090695e-6  ‖vε - vref‖ = 0.04373291876486583  α = 0.00145
 106   -22.18680492230      -12.85       -5.03    8.82s
    ‖ρε - ρref‖ = 2.3094424544541714e-6 ‖Δρ‖ = 3.9617519332962616e-6  ‖vε - vref‖ = 0.04372214185705304  α = 0.000102
 107   -22.18680492230      -11.83       -4.64    8.43s
    ‖ρε - ρref‖ = 5.494067931728845e-6 ‖Δρ‖ = 4.358885181815206e-6  ‖vε - vref‖ = 0.043644938849464514  α = 0.00037
 108   -22.18680492230      -12.18       -5.75    11.2s
    ‖ρε - ρref‖ = 2.8308712712416635e-6 ‖Δρ‖ = 3.976587535577262e-7  ‖vε - vref‖ = 0.043615685717472305  α = 0.00272
 109   -22.18680492231      -12.36       -5.24    8.87s
    ‖ρε - ρref‖ = 3.1988607645522942e-6 ‖Δρ‖ = 1.5067441647963872e-6  ‖vε - vref‖ = 0.04360439650459162  α = 0.000582
 110   -22.18680492231      -11.94       -5.21    8.86s
    ‖ρε - ρref‖ = 3.274733356180847e-6 ‖Δρ‖ = 1.2042674650576462e-6  ‖vε - vref‖ = 0.04360768625037792  α = 0.00119
 111   -22.18680492231      -12.62       -5.44    11.2s
    ‖ρε - ρref‖ = 3.0765589725390405e-6 ‖Δρ‖ = 1.135210819615518e-6  ‖vε - vref‖ = 0.043605196159576365  α = 0.000558
 112   -22.18680492231      -12.49       -4.89    8.38s
    ‖ρε - ρref‖ = 4.618308868002149e-6 ‖Δρ‖ = 3.834343190643859e-6  ‖vε - vref‖ = 0.04359264984993889  α = 0.000186
 113   -22.18680492231      -11.83       -5.47    12.5s
    ‖ρε - ρref‖ = 2.864429869207206e-6 ‖Δρ‖ = 5.757464052104717e-7  ‖vε - vref‖ = 0.043538317445893863  α = 0.00282
 114   -22.18680492231      -12.35       -5.34    8.48s
    ‖ρε - ρref‖ = 3.202747850823764e-6 ‖Δρ‖ = 1.1691165096411311e-6  ‖vε - vref‖ = 0.043530271071345786  α = 0.000748
 115   -22.18680492231      -12.55       -5.01    7.68s
    ‖ρε - ρref‖ = 3.706973139743294e-6 ‖Δρ‖ = 2.6783209040586e-6  ‖vε - vref‖ = 0.043523325361808515  α = 0.000254
 116   -22.18680492231      -12.01       -5.56    11.2s
    ‖ρε - ρref‖ = 2.8389148343772103e-6 ‖Δρ‖ = 5.20178287875005e-7  ‖vε - vref‖ = 0.04350235131044368  α = 0.00255
 117   -22.18680492231      -12.41       -5.54    8.86s
    ‖ρε - ρref‖ = 3.2343599011518544e-6 ‖Δρ‖ = 6.949415426444075e-7  ‖vε - vref‖ = 0.04352450349860955  α = 0.00119
 118   -22.18680492231      -13.00       -4.62    8.84s
    ‖ρε - ρref‖ = 7.99087532795758e-6 ‖Δρ‖ = 9.49644539994968e-6  ‖vε - vref‖ = 0.04352347511879342  α = 3.46e-5
 119   -22.18680492231      -12.15       -5.38    12.6s
    ‖ρε - ρref‖ = 3.0445442554402597e-6 ‖Δρ‖ = 8.870523415814216e-7  ‖vε - vref‖ = 0.04353846166110975  α = 0.00128
 120   -22.18680492231      -12.22       -5.54    8.91s
    ‖ρε - ρref‖ = 2.936404358359299e-6 ‖Δρ‖ = 6.389722788226127e-7  ‖vε - vref‖ = 0.043540771260117794  α = 0.0016
 121   -22.18680492231      -11.98       -5.49    11.4s
    ‖ρε - ρref‖ = 2.8288680286494043e-6 ‖Δρ‖ = 6.32655299733337e-7  ‖vε - vref‖ = 0.04350280098545426  α = 0.00216
 122   -22.18680492231      -12.40       -5.60    7.63s
    ‖ρε - ρref‖ = 2.9292858431234394e-6 ‖Δρ‖ = 6.696326055865474e-7  ‖vε - vref‖ = 0.04349880893171395  α = 0.00124
 123   -22.18680492231      -12.42       -5.04    7.53s
    ‖ρε - ρref‖ = 3.816845881609642e-6 ‖Δρ‖ = 2.4671072926312753e-6  ‖vε - vref‖ = 0.04349872292567283  α = 0.000323
 124   -22.18680492231      -12.54       -4.79    11.1s
    ‖ρε - ρref‖ = 5.261222331210647e-6 ‖Δρ‖ = 4.5379478464330646e-6  ‖vε - vref‖ = 0.04349236667825077  α = 0.000154
 125   -22.18680492231      -12.06       -5.61    7.84s
    ‖ρε - ρref‖ = 2.8859478720068557e-6 ‖Δρ‖ = 4.968688898176305e-7  ‖vε - vref‖ = 0.04349838643988129  α = 0.00246
 126   -22.18680492232      -12.25       -5.32    7.66s
    ‖ρε - ρref‖ = 3.1634661218910855e-6 ‖Δρ‖ = 1.0823087366497504e-6  ‖vε - vref‖ = 0.043508884380473394  α = 0.000916
 127   -22.18680492232      -12.87       -5.42    11.1s
    ‖ρε - ρref‖ = 2.9847979518903787e-6 ‖Δρ‖ = 1.3113079328364916e-6  ‖vε - vref‖ = 0.04350925200058359  α = 0.000359
 128   -22.18680492232      -12.19       -5.34    8.88s
    ‖ρε - ρref‖ = 2.9904954318662225e-6 ‖Δρ‖ = 9.434633355810444e-7  ‖vε - vref‖ = 0.043508190844372144  α = 0.00113
 129   -22.18680492232      -12.88       -5.53    12.5s
    ‖ρε - ρref‖ = 3.5259952156709144e-6 ‖Δρ‖ = 9.89444105726395e-7  ‖vε - vref‖ = 0.04351212478623321  α = 0.000413
 130   -22.18680492232      -12.49       -4.51    8.78s
    ‖ρε - ρref‖ = 6.881276171654637e-6 ‖Δρ‖ = 7.735386753441924e-6  ‖vε - vref‖ = 0.04350337222252054  α = 9.18e-5
 131   -22.18680492232      -12.06       -5.68    8.85s
    ‖ρε - ρref‖ = 2.942020369583988e-6 ‖Δρ‖ = 4.0306473173215905e-7  ‖vε - vref‖ = 0.04353875142981294  α = 0.00305
 132   -22.18680492232      -12.30       -5.43    12.4s
    ‖ρε - ρref‖ = 2.830100475776971e-6 ‖Δρ‖ = 8.278430777677596e-7  ‖vε - vref‖ = 0.043536036203425096  α = 0.00111
 133   -22.18680492232      -12.38       -5.52    8.89s
    ‖ρε - ρref‖ = 2.95519354543675e-6 ‖Δρ‖ = 6.883900505921648e-7  ‖vε - vref‖ = 0.043544671194766  α = 0.00125
 134   -22.18680492232      -12.25       -5.60    8.86s
    ‖ρε - ρref‖ = 2.892100059060149e-6 ‖Δρ‖ = 5.14568141668127e-7  ‖vε - vref‖ = 0.04355255939440669  α = 0.00197
 135   -22.18680492232      -12.96       -5.00    11.5s
    ‖ρε - ρref‖ = 4.570500015464784e-6 ‖Δρ‖ = 3.4638274797546374e-6  ‖vε - vref‖ = 0.04355652681885217  α = 0.000123
 136   -22.18680492232      -12.55       -5.32    8.30s
    ‖ρε - ρref‖ = 3.0722713053851266e-6 ‖Δρ‖ = 1.198154188851378e-6  ‖vε - vref‖ = 0.04355938655189159  α = 0.000566
 137   -22.18680492232      -12.64       -5.32    12.4s
    ‖ρε - ρref‖ = 3.1438905205331975e-6 ‖Δρ‖ = 1.2787160075095402e-6  ‖vε - vref‖ = 0.04356441655258962  α = 0.000495
 138   -22.18680492232      -12.30       -5.67    8.26s
    ‖ρε - ρref‖ = 2.8329250107250038e-6 ‖Δρ‖ = 4.287435844726613e-7  ‖vε - vref‖ = 0.04356013059703879  α = 0.00226
 139   -22.18680492232      -12.50       -5.50    8.66s
    ‖ρε - ρref‖ = 2.862447571540384e-6 ‖Δρ‖ = 8.237931316202207e-7  ‖vε - vref‖ = 0.04356711677541339  α = 0.000839
 140   -22.18680492232      -12.15       -4.92    12.0s
    ‖ρε - ρref‖ = 3.618993103531771e-6 ‖Δρ‖ = 2.2155070803401787e-6  ‖vε - vref‖ = 0.04358864169660392  α = 0.000499
 141   -22.18680492232      -13.37       -5.05    7.89s
    ‖ρε - ρref‖ = 7.191430473021429e-6 ‖Δρ‖ = 4.617640624331815e-6  ‖vε - vref‖ = 0.04359130536170112  α = 3.51e-5
 142   -22.18680492232      -12.55       -5.54    8.71s
    ‖ρε - ρref‖ = 2.874896394490148e-6 ‖Δρ‖ = 6.551895530312709e-7  ‖vε - vref‖ = 0.04360641915171233  α = 0.00109
 143   -22.18680492232      -12.38       -5.53    12.3s
    ‖ρε - ρref‖ = 2.9774609102590122e-6 ‖Δρ‖ = 5.976364181365921e-7  ‖vε - vref‖ = 0.04363911487914866  α = 0.00143
 144   -22.18680492232      -12.50       -5.96    8.32s
    ‖ρε - ρref‖ = 2.8737643932193924e-6 ‖Δρ‖ = 2.255034743394505e-7  ‖vε - vref‖ = 0.04365668776992352  α = 0.00342
 145   -22.18680492232      -12.42       -5.50    12.0s
    ‖ρε - ρref‖ = 2.797882145225348e-6 ‖Δρ‖ = 6.053280047667243e-7  ‖vε - vref‖ = 0.043652668784963586  α = 0.00133
 146   -22.18680492232      -13.25       -5.77    8.11s
    ‖ρε - ρref‖ = 2.925796011273347e-6 ‖Δρ‖ = 4.873621540880873e-7  ‖vε - vref‖ = 0.04365582853337152  α = 0.000688
 147   -22.18680492232      -13.50       -5.16    8.05s
    ‖ρε - ρref‖ = 3.6967957987618546e-6 ‖Δρ‖ = 2.015081414224778e-6  ‖vε - vref‖ = 0.04366120484412506  α = 0.000155
 148   -22.18680492232      -12.82       -5.71    12.3s
    ‖ρε - ρref‖ = 2.8623562536519053e-6 ‖Δρ‖ = 4.4067396131913984e-7  ‖vε - vref‖ = 0.04366408517041807  α = 0.00112
 149   -22.18680492232      -13.11       -5.64    8.51s
    ‖ρε - ρref‖ = 2.9127402872535807e-6 ‖Δρ‖ = 6.44453349604197e-7  ‖vε - vref‖ = 0.0436671260712624  α = 0.00056
 150   -22.18680492232      -12.56       -5.62    8.71s
    ‖ρε - ρref‖ = 2.8826794216331077e-6 ‖Δρ‖ = 4.365351447106443e-7  ‖vε - vref‖ = 0.043676063743150535  α = 0.00158
 151   -22.18680492232      -13.07       -5.54    12.2s
    ‖ρε - ρref‖ = 2.8665144837697816e-6 ‖Δρ‖ = 7.313085793953113e-7  ‖vε - vref‖ = 0.043677286238964205  α = 0.000534
 152   -22.18680492232      -13.22       -5.27    8.88s
    ‖ρε - ρref‖ = 2.5967653431730463e-6 ‖Δρ‖ = 1.5341451596485505e-6  ‖vε - vref‖ = 0.04367708240596416  α = 0.000193
 153   -22.18680492232      -13.50       -4.84    8.59s
    ‖ρε - ρref‖ = 7.053982293375354e-6 ‖Δρ‖ = 4.855389898254831e-6  ‖vε - vref‖ = 0.04367960203406902  α = 4.25e-5
 154   -22.18680492232      -12.77       -6.01    12.1s
    ‖ρε - ρref‖ = 2.863471902275149e-6 ‖Δρ‖ = 2.0711191608126394e-7  ‖vε - vref‖ = 0.04369466360576696  α = 0.0026
 155   -22.18680492232      -12.56       -5.98    8.27s
    ‖ρε - ρref‖ = 2.845645083528933e-6 ‖Δρ‖ = 1.8786584629740602e-7  ‖vε - vref‖ = 0.04371409160006619  α = 0.0037
 156   -22.18680492232      -13.02       -5.67    12.2s
    ‖ρε - ρref‖ = 2.928158216258954e-6 ‖Δρ‖ = 4.98365078102276e-7  ‖vε - vref‖ = 0.043724257775377716  α = 0.00089
 157   -22.18680492232      -12.57       -5.96    8.28s
    ‖ρε - ρref‖ = 2.8543554964379953e-6 ‖Δρ‖ = 1.9531974634885114e-7  ‖vε - vref‖ = 0.04373848614608621  α = 0.00344
 158   -22.18680492232      -14.15       -5.74    7.85s
    ‖ρε - ρref‖ = 2.8514460724405666e-6 ‖Δρ‖ = 6.657161273571393e-7  ‖vε - vref‖ = 0.04373731040691092  α = 0.000318
 159   -22.18680492232      -13.00       -5.40    12.2s
    ‖ρε - ρref‖ = 2.9008534205606296e-6 ‖Δρ‖ = 1.0331402596714482e-6  ‖vε - vref‖ = 0.04373751394787958  α = 0.000394
 160   -22.18680492232      -12.52       -5.84    8.11s
    ‖ρε - ρref‖ = 2.874987262643965e-6 ‖Δρ‖ = 2.503829184166868e-7  ‖vε - vref‖ = 0.04375534606858035  α = 0.0029
 161   -22.18680492232      -12.94       -5.33    8.22s
    ‖ρε - ρref‖ = 3.0829020992788024e-6 ‖Δρ‖ = 1.170855283718955e-6  ‖vε - vref‖ = 0.04376132236151569  α = 0.000371
 162   -22.18680492232      -13.03       -5.66    12.6s
    ‖ρε - ρref‖ = 2.834014127390252e-6 ‖Δρ‖ = 5.063329942311673e-7  ‖vε - vref‖ = 0.04376276869948185  α = 0.000821
 163   -22.18680492232      -13.13       -5.62    8.73s
    ‖ρε - ρref‖ = 3.091657818514453e-6 ‖Δρ‖ = 6.991035851651279e-7  ‖vε - vref‖ = 0.04376685760529606  α = 0.000401
 164   -22.18680492232      -13.60       -4.98    8.43s
    ‖ρε - ρref‖ = 2.600988993618218e-6 ‖Δρ‖ = 3.738837957279732e-6  ‖vε - vref‖ = 0.04376694347879241  α = 4.82e-5
 165   -22.18680492232      -13.11       -5.31    11.8s
    ‖ρε - ρref‖ = 3.405396547095028e-6 ‖Δρ‖ = 1.2526327388848077e-6  ‖vε - vref‖ = 0.04377458592135228  α = 0.000274
 166   -22.18680492232      -13.09       -5.91    7.85s
    ‖ρε - ρref‖ = 2.8513767716088867e-6 ‖Δρ‖ = 2.6390132311027597e-7  ‖vε - vref‖ = 0.04378054255464894  α = 0.00156
 167   -22.18680492233      -13.00       -5.93    11.1s
    ‖ρε - ρref‖ = 2.886735408156287e-6 ‖Δρ‖ = 2.5098172950947757e-7  ‖vε - vref‖ = 0.04379232211880966  α = 0.00168
 168   -22.18680492233      -12.84       -6.08    7.79s
    ‖ρε - ρref‖ = 2.846030740380601e-6 ‖Δρ‖ = 1.5848718770128602e-7  ‖vε - vref‖ = 0.04379414096620219  α = 0.00331
 169   -22.18680492233      -13.05       -5.99    7.91s
    ‖ρε - ρref‖ = 2.839716632911387e-6 ‖Δρ‖ = 2.3242308353408937e-7  ‖vε - vref‖ = 0.04379009463874958  α = 0.00168
 170   -22.18680492233      -13.85       -5.64    12.4s
    ‖ρε - ρref‖ = 2.885387679856117e-6 ‖Δρ‖ = 8.170767997874847e-7  ‖vε - vref‖ = 0.0437880557104798  α = 0.000206
 171   -22.18680492233      -13.05       -5.55    8.47s
    ‖ρε - ρref‖ = 2.8475679698457503e-6 ‖Δρ‖ = 6.393659585242133e-7  ‖vε - vref‖ = 0.043784292069739765  α = 0.000584
 172   -22.18680492233      -13.00       -5.88    8.73s
    ‖ρε - ρref‖ = 2.8756537257461077e-6 ‖Δρ‖ = 2.684080102527341e-7  ‖vε - vref‖ = 0.04378857207826278  α = 0.0016
 173   -22.18680492233      -13.25       -6.08    11.9s
    ‖ρε - ρref‖ = 2.8758671234801827e-6 ‖Δρ‖ = 2.1419870992926135e-7  ‖vε - vref‖ = 0.04379628915173717  α = 0.0016
 174   -22.18680492233      -12.91       -5.48    8.16s
    ‖ρε - ρref‖ = 2.9376154250825548e-6 ‖Δρ‖ = 7.361523132964545e-7  ‖vε - vref‖ = 0.043804699145043736  α = 0.00059
 175   -22.18680492233      -14.15       -5.31    8.68s
    ‖ρε - ρref‖ = 4.656540883976298e-6 ‖Δρ‖ = 2.1563372647466156e-6  ‖vε - vref‖ = 0.04380631268143725  α = 5.04e-5
 176   -22.18680492233      -13.45       -5.47    12.6s
    ‖ρε - ρref‖ = 2.6240934125104337e-6 ‖Δρ‖ = 1.006842921852694e-6  ‖vε - vref‖ = 0.04380530815723233  α = 0.000253
 177   -22.18680492233      -13.05       -5.49    8.44s
    ‖ρε - ρref‖ = 2.924347136239211e-6 ‖Δρ‖ = 7.71077688592018e-7  ‖vε - vref‖ = 0.04380522561402332  α = 0.000486
 178   -22.18680492233      -13.00       -5.85    12.1s
    ‖ρε - ρref‖ = 2.8888663403331714e-6 ‖Δρ‖ = 2.966957943018724e-7  ‖vε - vref‖ = 0.04381018080970712  α = 0.0014
 179   -22.18680492233      -13.55       -6.04    8.82s
    ‖ρε - ρref‖ = 2.8257310007474546e-6 ‖Δρ‖ = 2.3471712937707735e-7  ‖vε - vref‖ = 0.04380811449806103  α = 0.0011
 180   -22.18680492233      -13.02       -6.03    8.75s
    ‖ρε - ρref‖ = 2.8549823933276194e-6 ‖Δρ‖ = 1.815696113903113e-7  ‖vε - vref‖ = 0.04380928487491824  α = 0.00218
 181   -22.18680492233      -13.07       -6.02    11.9s
    ‖ρε - ρref‖ = 2.8492583703595125e-6 ‖Δρ‖ = 1.9889048673993343e-7  ‖vε - vref‖ = 0.04380920932291648  α = 0.00185
 182   -22.18680492233      -13.75       -5.55    8.01s
    ‖ρε - ρref‖ = 2.9833681393370275e-6 ‖Δρ‖ = 9.673048835348478e-7  ‖vε - vref‖ = 0.043808644218141894  α = 0.000159
 183   -22.18680492233      -13.13       -5.66    8.71s
    ‖ρε - ρref‖ = 2.922738976701119e-6 ‖Δρ‖ = 4.2981149463764087e-7  ‖vε - vref‖ = 0.04381379183743758  α = 0.000915
 184   -22.18680492233      -13.13       -6.11    12.3s
    ‖ρε - ρref‖ = 2.836052691790078e-6 ‖Δρ‖ = 1.5619660517632876e-7  ‖vε - vref‖ = 0.043808355077780844  α = 0.00239
 185   -22.18680492233      -13.75       -6.08    8.82s
    ‖ρε - ρref‖ = 2.865930305341685e-6 ‖Δρ‖ = 2.0483322868136537e-7  ‖vε - vref‖ = 0.04380738509161908  α = 0.00117
 186   -22.18680492233      -13.37       -5.71    8.56s
    ‖ρε - ρref‖ = 2.532793818038841e-6 ‖Δρ‖ = 6.357301036728471e-7  ‖vε - vref‖ = 0.04380533677231526  α = 0.000226
 187   -22.18680492233      -14.15       -5.02    12.0s
    ‖ρε - ρref‖ = 4.59881312757407e-6 ‖Δρ‖ = 2.522613852656484e-6  ‖vε - vref‖ = 0.04380458593148065  α = 8.13e-5
 188   -22.18680492233      -13.22       -5.54    8.29s
    ‖ρε - ρref‖ = 2.802742574905526e-6 ‖Δρ‖ = 6.119821120631704e-7  ‖vε - vref‖ = 0.0437999398907089  α = 0.000495
 189   -22.18680492233      -13.50       -5.53    8.34s
    ‖ρε - ρref‖ = 3.002510773294815e-6 ‖Δρ‖ = 8.046684848943762e-7  ‖vε - vref‖ = 0.04379873910732615  α = 0.000259
 190   -22.18680492233      -13.37       -6.36    11.4s
    ‖ρε - ρref‖ = 2.846061976372816e-6 ‖Δρ‖ = 8.150416006123996e-8  ‖vε - vref‖ = 0.043801135639307424  α = 0.00436
 191   -22.18680492233      -13.25       -5.96    8.16s
    ‖ρε - ρref‖ = 2.8949102167541696e-6 ‖Δρ‖ = 2.4491939302145595e-7  ‖vε - vref‖ = 0.04380573367911332  α = 0.0011
 192   -22.18680492233      -13.03       -6.30    12.4s
    ‖ρε - ρref‖ = 2.8336627879136164e-6 ‖Δρ‖ = 9.016183800076008e-8  ‖vε - vref‖ = 0.04379946334156924  α = 0.00392
 193   -22.18680492233      -14.45       -5.82     119s
    ‖ρε - ρref‖ = 2.908131883995816e-6 ‖Δρ‖ = 3.9257621750784895e-7  ‖vε - vref‖ = 0.043799463344788715  α = 1.05e-9
 194   -22.18680492233      -13.85       -5.19    8.81s
    ‖ρε - ρref‖ = 3.3077651412823394e-6 ‖Δρ‖ = 1.4928541345668277e-6  ‖vε - vref‖ = 0.04379899275273081  α = 0.000166
 195   -22.18680492233      -13.30       -5.73    8.61s
    ‖ρε - ρref‖ = 2.924856129667885e-6 ‖Δρ‖ = 5.378250824167774e-7  ‖vε - vref‖ = 0.04379942177623432  α = 0.00033
 196   -22.18680492233      -14.15       -6.24    12.3s
    ‖ρε - ρref‖ = 2.8530498676064466e-6 ‖Δρ‖ = 1.1851790988690036e-7  ‖vε - vref‖ = 0.04379877587906886  α = 0.00243
 197   -22.18680492233      -13.25       -6.05    8.76s
    ‖ρε - ρref‖ = 2.7872651281881846e-6 ‖Δρ‖ = 2.0964594813059683e-7  ‖vε - vref‖ = 0.04379635540750909  α = 0.000975
 198   -22.18680492233      -13.97       -4.93    26.3s
    ‖ρε - ρref‖ = 5.6442485381231965e-6 ‖Δρ‖ = 3.2836300257198215e-6  ‖vε - vref‖ = 0.04379634989602933  α = 4.62e-7
 199   -22.18680492233   +    -Inf       -5.62    97.8s
    ‖ρε - ρref‖ = 2.8155766324877492e-6 ‖Δρ‖ = 6.499783429608421e-7  ‖vε - vref‖ = 0.04379634989642678  α = 1.25e-14
 200   -22.18680492233      -14.45       -2.97    12.1s
    ‖ρε - ρref‖ = 0.00028685081692357404 ‖Δρ‖ = 0.000287305260439981  ‖vε - vref‖ = 0.04379370888505338  α = 6.36e-7
 201   -22.18680492233      -14.45       -5.84    8.64s
    ‖ρε - ρref‖ = 2.86501084961381e-6 ‖Δρ‖ = 3.828394983101448e-7  ‖vε - vref‖ = 0.04378966745943308  α = 0.000452
 202   -22.18680492233   +    -Inf       -5.84    8.28s
    ‖ρε - ρref‖ = 2.787745937916231e-6 ‖Δρ‖ = 4.0197878280166383e-7  ‖vε - vref‖ = 0.04378485602629252  α = 0.000398
 203   -22.18680492233      -13.30       -6.39    13.0s
    ‖ρε - ρref‖ = 2.850147043827307e-6 ‖Δρ‖ = 7.698533846956429e-8  ‖vε - vref‖ = 0.04377842501284065  α = 0.00382
 204   -22.18680492233      -13.50       -6.06    8.44s
    ‖ρε - ρref‖ = 2.83681763458477e-6 ‖Δρ‖ = 1.9664793541981688e-7  ‖vε - vref‖ = 0.0437735725077703  α = 0.00118
 205   -22.18680492233      -13.25       -6.10    7.95s
    ‖ρε - ρref‖ = 2.857286615330403e-6 ‖Δρ‖ = 1.504888321564705e-7  ‖vε - vref‖ = 0.04377071461864116  α = 0.00188
 206   -22.18680492233      -13.97       -6.30    12.5s
    ‖ρε - ρref‖ = 2.8645483836233783e-6 ‖Δρ‖ = 1.3525741501458138e-7  ‖vε - vref‖ = 0.0437712904484898  α = 0.00119
 207   -22.18680492233      -13.45       -5.37    8.95s
    ‖ρε - ρref‖ = 3.1030940401542065e-6 ‖Δρ‖ = 1.0099664686176918e-6  ‖vε - vref‖ = 0.043770244719779056  α = 0.000195
 208   -22.18680492233      -13.50       -5.99    8.52s
    ‖ρε - ρref‖ = 2.8147453391845458e-6 ‖Δρ‖ = 1.9789591833455783e-7  ‖vε - vref‖ = 0.04376385006729001  α = 0.00134
 209   -22.18680492233      -13.50       -4.98    13.0s
    ‖ρε - ρref‖ = 7.938231296890231e-6 ‖Δρ‖ = 5.5017183807764645e-6  ‖vε - vref‖ = 0.04376411812623409  α = 2.56e-5
 210   -22.18680492233   +    -Inf       -6.21    8.46s
    ‖ρε - ρref‖ = 2.8660086885879937e-6 ‖Δρ‖ = 1.726297344641484e-7  ‖vε - vref‖ = 0.043763734678969636  α = 0.00082
 211   -22.18680492233      -13.67       -6.24    11.9s
    ‖ρε - ρref‖ = 2.8209096000034115e-6 ‖Δρ‖ = 1.6436069598481774e-7  ‖vε - vref‖ = 0.043762304869380056  α = 0.000643
 212   -22.18680492233   +  -14.45       -5.98    8.27s
    ‖ρε - ρref‖ = 2.868530567714239e-6 ‖Δρ‖ = 2.7218306311376503e-7  ‖vε - vref‖ = 0.043760727674861624  α = 0.000487
 213   -22.18680492233      -13.45       -5.98    8.10s
    ‖ρε - ρref‖ = 2.8400292653387286e-6 ‖Δρ‖ = 2.6048263793548457e-7  ‖vε - vref‖ = 0.04375925169318829  α = 0.000588
 214   -22.18680492233      -13.97       -5.90    12.4s
    ‖ρε - ρref‖ = 2.906553670119958e-6 ‖Δρ‖ = 2.645478708886761e-7  ‖vε - vref‖ = 0.043759958467291096  α = 0.000756
 215   -22.18680492233      -13.67       -6.29    7.94s
    ‖ρε - ρref‖ = 2.8454260148895443e-6 ‖Δρ‖ = 1.0183881498261295e-7  ‖vε - vref‖ = 0.043755851757980246  α = 0.00212
 216   -22.18680492233      -13.41       -6.18    8.49s
    ‖ρε - ρref‖ = 2.8288817426852714e-6 ‖Δρ‖ = 1.307455069472656e-7  ‖vε - vref‖ = 0.04374592945536461  α = 0.00176
 217   -22.18680492233      -14.15       -6.38    15.9s
    ‖ρε - ρref‖ = 2.8495172313599262e-6 ‖Δρ‖ = 9.508043115891114e-8  ‖vε - vref‖ = 0.043745524915894354  α = 0.000534
 218   -22.18680492233   +  -14.15       -5.60    8.24s
    ‖ρε - ρref‖ = 2.9500564488745907e-6 ‖Δρ‖ = 8.064234467374307e-7  ‖vε - vref‖ = 0.04374481646572564  α = 0.00012
 219   -22.18680492233      -13.45       -6.13    7.83s
    ‖ρε - ρref‖ = 2.8520998476867516e-6 ‖Δρ‖ = 1.5546865599354643e-7  ‖vε - vref‖ = 0.04374499173410975  α = 0.00138
 220   -22.18680492233   +    -Inf       -5.95    12.2s
    ‖ρε - ρref‖ = 3.1624962778431486e-6 ‖Δρ‖ = 4.0402381915270514e-7  ‖vε - vref‖ = 0.043745996788917184  α = 0.000189
 221   -22.18680492233      -13.55       -5.23    9.02s
    ‖ρε - ρref‖ = 2.846943320376274e-6 ‖Δρ‖ = 1.1756924922707968e-6  ‖vε - vref‖ = 0.043746104897338794  α = 0.00018
 222   -22.18680492233   +    -Inf       -6.38    8.91s
    ‖ρε - ρref‖ = 2.8424466161329624e-6 ‖Δρ‖ = 1.0410392665616561e-7  ‖vε - vref‖ = 0.04374638678321653  α = 0.00149
 223   -22.18680492233      -14.15       -5.79    12.5s
    ‖ρε - ρref‖ = 2.9484099692788077e-6 ‖Δρ‖ = 4.151052030498103e-7  ‖vε - vref‖ = 0.04374669089659041  α = 0.000341
 224   -22.18680492233      -13.60       -5.96    8.07s
    ‖ρε - ρref‖ = 2.841229718301817e-6 ‖Δρ‖ = 2.85040656804209e-7  ‖vε - vref‖ = 0.043745777468741094  α = 0.000502
 225   -22.18680492233      -13.85       -6.01    8.94s
    ‖ρε - ρref‖ = 2.860472673220252e-6 ‖Δρ‖ = 2.6616088188760875e-7  ‖vε - vref‖ = 0.04374435837779764  α = 0.000533
 226   -22.18680492233      -13.85       -6.20    12.6s
    ‖ρε - ρref‖ = 2.8229452806054384e-6 ‖Δρ‖ = 1.3523102071389792e-7  ‖vε - vref‖ = 0.04373844000616118  α = 0.00139
 227   -22.18680492233      -13.60       -6.13    8.83s
    ‖ρε - ρref‖ = 2.8728108566502602e-6 ‖Δρ‖ = 1.5455601326401053e-7  ‖vε - vref‖ = 0.04373784488340765  α = 0.00118
 228   -22.18680492233      -13.67       -5.76    8.32s
    ‖ρε - ρref‖ = 2.8892973798263572e-6 ‖Δρ‖ = 4.187609756633622e-7  ‖vε - vref‖ = 0.04373705488090922  α = 0.000408
 229   -22.18680492233      -13.75       -6.10    13.2s
    ‖ρε - ρref‖ = 2.83775424726919e-6 ‖Δρ‖ = 2.2351932349255504e-7  ‖vε - vref‖ = 0.043735687721953305  α = 0.000373
 230   -22.18680492233      -13.85       -5.77    8.27s
    ‖ρε - ρref‖ = 2.8267427170042744e-6 ‖Δρ‖ = 3.665377888481965e-7  ‖vε - vref‖ = 0.04373292610020193  α = 0.000417
 231   -22.18680492233   +  -13.85       -6.38    7.70s
    ‖ρε - ρref‖ = 2.912312592308039e-6 ‖Δρ‖ = 1.1543457808328332e-7  ‖vε - vref‖ = 0.043733894676781335  α = 0.000721
 232   -22.18680492233      -14.45       -5.17    12.9s
    ‖ρε - ρref‖ = 2.5717282040808363e-6 ‖Δρ‖ = 1.6897675654216353e-6  ‖vε - vref‖ = 0.04373358354945052  α = 6.24e-5
 233   -22.18680492233      -13.50       -6.38    8.87s
    ‖ρε - ρref‖ = 2.8552606221740404e-6 ‖Δρ‖ = 7.4459846900549e-8  ‖vε - vref‖ = 0.043739599078589736  α = 0.00266
 234   -22.18680492233      -13.75       -6.11    10.9s
    ‖ρε - ρref‖ = 2.888242280555362e-6 ‖Δρ‖ = 2.2156661940848668e-7  ‖vε - vref‖ = 0.04374046075468813  α = 0.000396
 235   -22.18680492233   +  -13.67       -6.01    7.93s
    ‖ρε - ρref‖ = 2.819134713093204e-6 ‖Δρ‖ = 2.475193336511661e-7  ‖vε - vref‖ = 0.043740462187928424  α = 0.000386
 236   -22.18680492233      -13.41       -6.29    7.61s
    ‖ρε - ρref‖ = 2.8441209061848326e-6 ‖Δρ‖ = 1.3925378180702854e-7  ‖vε - vref‖ = 0.04374019700108677  α = 0.000615
 237   -22.18680492233   +  -13.85       -6.16    12.5s
    ‖ρε - ρref‖ = 2.827067781794474e-6 ‖Δρ‖ = 1.3987910017127533e-7  ‖vε - vref‖ = 0.04373862365556227  α = 0.000981
 238   -22.18680492233      -14.45       -6.41    9.01s
    ‖ρε - ρref‖ = 2.862041853299554e-6 ‖Δρ‖ = 8.533233308778595e-8  ‖vε - vref‖ = 0.04374138610768532  α = 0.00146
 239   -22.18680492233      -13.50       -6.22    8.99s
    ‖ρε - ρref‖ = 2.847504152403557e-6 ‖Δρ‖ = 1.0964315097772106e-7  ‖vε - vref‖ = 0.043743967638822545  α = 0.0015
 240   -22.18680492233   +    -Inf       -6.53    13.1s
    ‖ρε - ρref‖ = 2.8468521490339925e-6 ‖Δρ‖ = 5.816055943420085e-8  ‖vε - vref‖ = 0.043745508193663914  α = 0.00217
 241   -22.18680492233      -14.15       -5.50    9.09s
    ‖ρε - ρref‖ = 2.928812672259676e-6 ‖Δρ‖ = 7.728930194173171e-7  ‖vε - vref‖ = 0.043745632933947134  α = 0.000118
 242   -22.18680492233   +  -14.15       -6.47    7.79s
    ‖ρε - ρref‖ = 2.8226367550967353e-6 ‖Δρ‖ = 7.027481255012065e-8  ‖vε - vref‖ = 0.04374492732369219  α = 0.0016
 243   -22.18680492233      -14.15       -5.40    11.4s
    ‖ρε - ρref‖ = 3.931126096477515e-6 ‖Δρ‖ = 1.3898485360929226e-6  ‖vε - vref‖ = 0.04374531657039892  α = 3.11e-5
 244   -22.18680492233      -13.50       -6.56    7.93s
    ‖ρε - ρref‖ = 2.849133814052651e-6 ‖Δρ‖ = 6.042594970141728e-8  ‖vε - vref‖ = 0.04374595198313199  α = 0.00168
    Stopping to avoid numerical instabilities.
 245   -22.18680492233   +  -14.45       -6.47    8.21s
    ‖ρε - ρref‖ = 2.8372627786446516e-6 ‖Δρ‖ = 6.828429415060517e-8  ‖vε - vref‖ = 0.043745841559435124  α = 0.00162

#-- ‖ρε - ρref‖ = 2.8453273097830044e-6 vs. 1.0e-8 = δ*ε ‖vε - vref‖ = 0.043746033690889086


# --- ε=5.62341325190349e-7

n     Energy            log10(ΔE)   log10(Δρ)   Δtime 
---   ---------------   ---------   ---------   ------
  1   -22.18680137761                   -0.89    12.3s
    ‖ρε - ρref‖ = 0.08213535652623206 ‖Δρ‖ = 0.08213401164656725  ‖vε - vref‖ = 1.3058258241135043  α = 1.39e-5
  2   -22.18680156456       -6.73       -1.97    10.9s
    ‖ρε - ρref‖ = 0.0043981706347361385 ‖Δρ‖ = 0.004397793071100804  ‖vε - vref‖ = 0.9312422159147916  α = 9.34e-5
  3   -22.18680164328       -7.10       -2.19    8.52s
    ‖ρε - ρref‖ = 0.002257753428906552 ‖Δρ‖ = 0.0022573907988439118  ‖vε - vref‖ = 0.7607560150542135  α = 0.000121
  4   -22.18680169642       -7.27       -2.20    7.41s
    ‖ρε - ρref‖ = 0.0024026866335958024 ‖Δρ‖ = 0.002402372865410601  ‖vε - vref‖ = 0.5869867135378447  α = 9.06e-5
  5   -22.18680174077       -7.35       -2.78    10.9s
    ‖ρε - ρref‖ = 0.00043130336815431765 ‖Δρ‖ = 0.00043100579204403234  ‖vε - vref‖ = 0.4247203852380821  α = 0.000494
  6   -22.18680175312       -7.91       -2.84    7.71s
    ‖ρε - ρref‖ = 0.00045967602959054725 ‖Δρ‖ = 0.00045950517550289154  ‖vε - vref‖ = 0.3633117979411782  α = 0.000237
  7   -22.18680176482       -7.93       -2.95    8.77s
    ‖ρε - ρref‖ = 0.00028665995534500973 ‖Δρ‖ = 0.0002865254543880554  ‖vε - vref‖ = 0.2983342075824713  α = 0.000382
  8   -22.18680177343       -8.06       -3.34    11.9s
    ‖ρε - ρref‖ = 0.00010829883248411493 ‖Δρ‖ = 0.00010815601494373483  ‖vε - vref‖ = 0.2408086726273088  α = 0.000863
  9   -22.18680177814       -8.33       -3.40    7.75s
    ‖ρε - ρref‖ = 9.046459034573891e-5 ‖Δρ‖ = 9.038702612455728e-5  ‖vε - vref‖ = 0.2023716292074515  α = 0.00077
 10   -22.18680178073       -8.59       -3.49    8.88s
    ‖ρε - ρref‖ = 7.558689437994828e-5 ‖Δρ‖ = 7.546329358578411e-5  ‖vε - vref‖ = 0.1789212628897212  α = 0.000684
 11   -22.18680178307       -8.63       -3.57    13.2s
    ‖ρε - ρref‖ = 5.879504668770147e-5 ‖Δρ‖ = 5.87151289635244e-5  ‖vε - vref‖ = 0.15496365703778628  α = 0.000845
 12   -22.18680178315      -10.09       -3.30    8.96s
    ‖ρε - ρref‖ = 0.00030034339464219274 ‖Δρ‖ = 0.0002989672145720081  ‖vε - vref‖ = 0.15393882835733239  α = 2.38e-5
 13   -22.18680178468       -8.82       -3.54    9.02s
    ‖ρε - ρref‖ = 6.308172854225205e-5 ‖Δρ‖ = 6.303939388162964e-5  ‖vε - vref‖ = 0.13709076788808885  α = 0.000635
 14   -22.18680178517       -9.31       -3.44    13.2s
    ‖ρε - ρref‖ = 0.00011127487593992187 ‖Δρ‖ = 0.00011142695938015981  ‖vε - vref‖ = 0.13156470476343712  α = 0.000192
 15   -22.18680178591       -9.13       -3.16    9.21s
    ‖ρε - ρref‖ = 0.0001882611889045901 ‖Δρ‖ = 0.00018826687933684306  ‖vε - vref‖ = 0.12295618761640749  α = 0.000141
 16   -22.18680178664       -9.14       -3.09    9.11s
    ‖ρε - ρref‖ = 0.0002115411779177486 ‖Δρ‖ = 0.00021138909728269886  ‖vε - vref‖ = 0.11187167168248839  α = 0.000124
 17   -22.18680178751       -9.06       -3.83    13.1s
    ‖ρε - ρref‖ = 3.342171723720991e-5 ‖Δρ‖ = 3.319910227816289e-5  ‖vε - vref‖ = 0.09927764182737166  α = 0.000903
 18   -22.18680178782       -9.50       -3.64    8.91s
    ‖ρε - ρref‖ = 6.598469301396986e-5 ‖Δρ‖ = 6.608180751780246e-5  ‖vε - vref‖ = 0.0941338382000482  α = 0.000265
 19   -22.18680178824       -9.38       -3.76    8.90s
    ‖ρε - ρref‖ = 4.2476026832952904e-5 ‖Δρ‖ = 4.2619763776108724e-5  ‖vε - vref‖ = 0.0875141237910898  α = 0.000484
 20   -22.18680178892       -9.17       -3.71    12.5s
    ‖ρε - ρref‖ = 3.9715938279607786e-5 ‖Δρ‖ = 3.9533930175340055e-5  ‖vε - vref‖ = 0.07474036385427067  α = 0.000668
 21   -22.18680178942       -9.30       -4.31    9.05s
    ‖ρε - ρref‖ = 9.881329728926026e-6 ‖Δρ‖ = 9.601010603133785e-6  ‖vε - vref‖ = 0.06556679357490319  α = 0.00236
 22   -22.18680178970       -9.55       -3.85    9.05s
    ‖ρε - ρref‖ = 3.1729361282147876e-5 ‖Δρ‖ = 3.180740406784792e-5  ‖vε - vref‖ = 0.058850883366448635  α = 0.000527
 23   -22.18680178991       -9.68       -4.16    13.1s
    ‖ρε - ρref‖ = 1.39212618214008e-5 ‖Δρ‖ = 1.3852693137941043e-5  ‖vε - vref‖ = 0.053994835402607314  α = 0.00106
 24   -22.18680179005       -9.86       -4.09    9.07s
    ‖ρε - ρref‖ = 1.8577814377826363e-5 ‖Δρ‖ = 1.796415628704339e-5  ‖vε - vref‖ = 0.05121189717933701  α = 0.000636
 25   -22.18680179008      -10.46       -3.10    8.29s
    ‖ρε - ρref‖ = 0.00027188048695619065 ‖Δρ‖ = 0.000272974906888634  ‖vε - vref‖ = 0.04961487810640165  α = 1.82e-5
 26   -22.18680179022       -9.86       -4.17    11.4s
    ‖ρε - ρref‖ = 1.3692261644388838e-5 ‖Δρ‖ = 1.354826326925751e-5  ‖vε - vref‖ = 0.04601558687343596  α = 0.000889
 27   -22.18680179024      -10.70       -4.09    8.37s
    ‖ρε - ρref‖ = 2.7741900195355548e-5 ‖Δρ‖ = 2.79558181252531e-5  ‖vε - vref‖ = 0.0454845165118937  α = 0.000151
 28   -22.18680179034      -10.01       -4.21    8.88s
    ‖ρε - ρref‖ = 1.2805167321164782e-5 ‖Δρ‖ = 1.2650103479150132e-5  ‖vε - vref‖ = 0.043211273262153384  α = 0.000786
 29   -22.18680179038      -10.39       -3.48    11.9s
    ‖ρε - ρref‖ = 9.16425615089276e-5 ‖Δρ‖ = 9.161294337989143e-5  ‖vε - vref‖ = 0.04198735908799212  α = 6.67e-5
 30   -22.18680179045      -10.14       -4.04    8.37s
    ‖ρε - ρref‖ = 1.9176411060956243e-5 ‖Δρ‖ = 1.8937280199403083e-5  ‖vε - vref‖ = 0.0401040432017376  α = 0.000454
 31   -22.18680179047      -10.75       -4.20    8.27s
    ‖ρε - ρref‖ = 1.8632249096444362e-5 ‖Δρ‖ = 1.867262688729828e-5  ‖vε - vref‖ = 0.03956656133980309  α = 0.000224
 32   -22.18680179051      -10.38       -4.47    11.5s
    ‖ρε - ρref‖ = 7.642882483172576e-6 ‖Δρ‖ = 7.804327167033355e-6  ‖vε - vref‖ = 0.03852640840408468  α = 0.000829
 33   -22.18680179057      -10.25       -4.23    7.63s
    ‖ρε - ρref‖ = 1.180920953097308e-5 ‖Δρ‖ = 1.159249419913249e-5  ‖vε - vref‖ = 0.037191908680210405  α = 0.00066
 34   -22.18680179062      -10.29       -4.40    7.76s
    ‖ρε - ρref‖ = 7.890405986926925e-6 ‖Δρ‖ = 7.5266215380301765e-6  ‖vε - vref‖ = 0.036147394424911425  α = 0.000971
 35   -22.18680179065      -10.45       -4.53    11.3s
    ‖ρε - ρref‖ = 5.995645169349825e-6 ‖Δρ‖ = 5.766862709700067e-6  ‖vε - vref‖ = 0.03541429741378282  α = 0.00105
 36   -22.18680179066      -11.34       -4.60    7.82s
    ‖ρε - ρref‖ = 7.38745208544292e-6 ‖Δρ‖ = 8.264500999158245e-6  ‖vε - vref‖ = 0.0354050144594143  α = 0.000223
 37   -22.18680179067      -11.04       -3.62    8.42s
    ‖ρε - ρref‖ = 6.585654380289242e-5 ‖Δρ‖ = 6.515763916941465e-5  ‖vε - vref‖ = 0.035165661821553736  α = 4.4e-5
 38   -22.18680179070      -10.54       -4.62    11.6s
    ‖ρε - ρref‖ = 4.4368638544359215e-6 ‖Δρ‖ = 4.301453847986173e-6  ‖vε - vref‖ = 0.03463902716925621  α = 0.00127
 39   -22.18680179070      -11.14       -4.61    9.04s
    ‖ρε - ρref‖ = 6.982434805599894e-6 ‖Δρ‖ = 6.5928966434342135e-6  ‖vε - vref‖ = 0.034601064839323376  α = 0.000393
 40   -22.18680179072      -10.78       -4.14    8.88s
    ‖ρε - ρref‖ = 1.4778508966204636e-5 ‖Δρ‖ = 1.4786089455372067e-5  ‖vε - vref‖ = 0.034339296791426346  α = 0.000274
 41   -22.18680179072      -11.42       -4.08    12.8s
    ‖ρε - ρref‖ = 2.7011270114532818e-5 ‖Δρ‖ = 2.6939871860427272e-5  ‖vε - vref‖ = 0.03429434438712825  α = 6.84e-5
 42   -22.18680179073      -10.99       -4.46    7.95s
    ‖ρε - ρref‖ = 8.045383919416527e-6 ‖Δρ‖ = 7.726381541253302e-6  ‖vε - vref‖ = 0.03418777389114716  α = 0.000413
 43   -22.18680179074      -11.17       -4.85    7.56s
    ‖ρε - ρref‖ = 3.7756077079043402e-6 ‖Δρ‖ = 3.3396695874074757e-6  ‖vε - vref‖ = 0.03417724011091951  α = 0.000772
 44   -22.18680179075      -11.07       -4.34    11.6s
    ‖ρε - ρref‖ = 9.681651216301185e-6 ‖Δρ‖ = 9.61950278175556e-6  ‖vε - vref‖ = 0.03410427260847367  α = 0.000304
 45   -22.18680179076      -11.09       -4.79    7.88s
    ‖ρε - ρref‖ = 3.487782217682761e-6 ‖Δρ‖ = 3.351950865216103e-6  ‖vε - vref‖ = 0.03403946460554105  α = 0.000852
 46   -22.18680179076      -11.10       -4.62    9.01s
    ‖ρε - ρref‖ = 5.285056063053888e-6 ‖Δρ‖ = 4.794226743647241e-6  ‖vε - vref‖ = 0.03406509328198703  α = 0.0006
 47   -22.18680179077      -11.16       -4.88    11.9s
    ‖ρε - ρref‖ = 3.1007557029826083e-6 ‖Δρ‖ = 2.524613910259787e-6  ‖vε - vref‖ = 0.03407783654614932  α = 0.00106
 48   -22.18680179077      -12.43       -4.53    8.25s
    ‖ρε - ρref‖ = 1.2869492470343243e-5 ‖Δρ‖ = 1.4161386518068742e-5  ‖vε - vref‖ = 0.03407234537953065  α = 3.58e-5
 49   -22.18680179078      -11.27       -4.46    8.91s
    ‖ρε - ρref‖ = 7.524485304578275e-6 ‖Δρ‖ = 7.274115803358745e-6  ‖vε - vref‖ = 0.034054745720521244  α = 0.000323
 50   -22.18680179079      -10.93       -5.14    13.5s
    ‖ρε - ρref‖ = 1.93521429623014e-6 ‖Δρ‖ = 1.137177692909716e-6  ‖vε - vref‖ = 0.03412530766190659  α = 0.00308
 51   -22.18680179079      -11.84       -4.72    9.00s
    ‖ρε - ρref‖ = 6.386493732994635e-6 ‖Δρ‖ = 5.9869666423178164e-6  ‖vε - vref‖ = 0.03413936072022009  α = 0.000189
 52   -22.18680179079      -11.70       -4.59    9.12s
    ‖ρε - ρref‖ = 6.971800846088635e-6 ‖Δρ‖ = 6.887907179455799e-6  ‖vε - vref‖ = 0.03415934430532292  α = 0.000201
 53   -22.18680179079      -11.89       -4.40    11.6s
    ‖ρε - ρref‖ = 1.2322468914799029e-5 ‖Δρ‖ = 1.2283443349760467e-5  ‖vε - vref‖ = 0.034177188734835204  α = 8.81e-5
 54   -22.18680179080      -11.37       -4.80    8.05s
    ‖ρε - ρref‖ = 3.6266990311207927e-6 ‖Δρ‖ = 3.0862376631497373e-6  ‖vε - vref‖ = 0.03426265195704283  α = 0.000682
 55   -22.18680179080      -11.35       -4.99    8.91s
    ‖ρε - ρref‖ = 2.579146332367335e-6 ‖Δρ‖ = 2.013092586653192e-6  ‖vε - vref‖ = 0.03434473453617786  α = 0.00106
 56   -22.18680179080      -11.79       -4.64    13.0s
    ‖ρε - ρref‖ = 6.097309785572517e-6 ‖Δρ‖ = 5.9601277058799435e-6  ‖vε - vref‖ = 0.034363412268492446  α = 0.000211
 57   -22.18680179081      -11.53       -4.98    8.54s
    ‖ρε - ρref‖ = 2.6316834884134694e-6 ‖Δρ‖ = 2.1314325970344984e-6  ‖vε - vref‖ = 0.03441431532840527  α = 0.000815
 58   -22.18680179081      -11.41       -5.00    8.99s
    ‖ρε - ρref‖ = 2.506849107966878e-6 ‖Δρ‖ = 1.877989882304641e-6  ‖vε - vref‖ = 0.03448981241452636  α = 0.00107
 59   -22.18680179081      -11.82       -5.02    12.3s
    ‖ρε - ρref‖ = 3.3394076098660515e-6 ‖Δρ‖ = 2.3144085139736624e-6  ‖vε - vref‖ = 0.03455090631152889  α = 0.000492
 60   -22.18680179081      -11.84       -3.79    9.10s
    ‖ρε - ρref‖ = 3.879007306436274e-5 ‖Δρ‖ = 3.972484755403572e-5  ‖vε - vref‖ = 0.034536181479025777  α = 2.72e-5
 61   -22.18680179082      -11.45       -5.20    9.06s
    ‖ρε - ρref‖ = 1.9070330222690675e-6 ‖Δρ‖ = 1.1092787834885605e-6  ‖vε - vref‖ = 0.034635175870167664  α = 0.00174
 62   -22.18680179082      -11.90       -5.04    12.4s
    ‖ρε - ρref‖ = 3.0150452024884803e-6 ‖Δρ‖ = 2.238856639370455e-6  ‖vε - vref‖ = 0.03470669152029851  α = 0.000507
 63   -22.18680179082      -12.17       -5.02    8.40s
    ‖ρε - ρref‖ = 3.47469193465979e-6 ‖Δρ‖ = 2.8372348403225102e-6  ‖vε - vref‖ = 0.034745554059087774  α = 0.000276
 64   -22.18680179082      -11.86       -4.61    8.85s
    ‖ρε - ρref‖ = 6.183254576534359e-6 ‖Δρ‖ = 6.025682927704291e-6  ‖vε - vref‖ = 0.034796147486144215  α = 0.000191
 65   -22.18680179082      -11.83       -4.42    8.93s
    ‖ρε - ρref‖ = 9.347903751444353e-6 ‖Δρ‖ = 9.413376112460634e-6  ‖vε - vref‖ = 0.03484864600748098  α = 0.000122
 66   -22.18680179083      -11.54       -4.86    12.9s
    ‖ρε - ρref‖ = 3.107206473728827e-6 ‖Δρ‖ = 2.6613179708673838e-6  ‖vε - vref‖ = 0.03495097794210224  α = 0.00064
 67   -22.18680179083      -11.51       -5.12    7.65s
    ‖ρε - ρref‖ = 2.148625832051491e-6 ‖Δρ‖ = 1.4000886404838094e-6  ‖vε - vref‖ = 0.03507546188874388  α = 0.00128
 68   -22.18680179083      -12.14       -4.92    7.88s
    ‖ρε - ρref‖ = 3.766846323998271e-6 ‖Δρ‖ = 3.474256276919203e-6  ‖vε - vref‖ = 0.035100482321294375  α = 0.000242
 69   -22.18680179083      -11.82       -5.11    12.4s
    ‖ρε - ρref‖ = 2.3989956548100866e-6 ‖Δρ‖ = 1.8151549289334506e-6  ‖vε - vref‖ = 0.03516449240767452  α = 0.000674
 70   -22.18680179083      -11.46       -4.95    7.63s
    ‖ρε - ρref‖ = 2.5158055033790365e-6 ‖Δρ‖ = 1.962344199050995e-6  ‖vε - vref‖ = 0.03530260744085433  α = 0.000955
 71   -22.18680179083      -13.11       -4.99    8.00s
    ‖ρε - ρref‖ = 6.617088808247961e-6 ‖Δρ‖ = 5.235228758414276e-6  ‖vε - vref‖ = 0.03531025260528061  α = 4.53e-5
 72   -22.18680179084      -11.76       -4.84    13.0s
    ‖ρε - ρref‖ = 3.487373138070643e-6 ‖Δρ‖ = 3.270180638976305e-6  ‖vε - vref‖ = 0.03537592651626682  α = 0.000398
 73   -22.18680179084      -11.64       -5.14    8.01s
    ‖ρε - ρref‖ = 2.0885137036264125e-6 ‖Δρ‖ = 1.4911434936308891e-6  ‖vε - vref‖ = 0.03546512687878287  α = 0.00102
 74   -22.18680179084      -11.56       -5.16    8.29s
    ‖ρε - ρref‖ = 2.107606558036729e-6 ‖Δρ‖ = 1.3424862735144786e-6  ‖vε - vref‖ = 0.03559667318780391  α = 0.00125
 75   -22.18680179084      -12.56       -4.95    12.8s
    ‖ρε - ρref‖ = 4.634256480668428e-6 ‖Δρ‖ = 4.099259724098457e-6  ‖vε - vref‖ = 0.035617764033608786  α = 0.000125
 76   -22.18680179084      -11.94       -4.90    8.39s
    ‖ρε - ρref‖ = 3.882967466052575e-6 ‖Δρ‖ = 3.249141726504267e-6  ‖vε - vref‖ = 0.03569506282437553  α = 0.000315
 77   -22.18680179084      -11.64       -4.45    9.02s
    ‖ρε - ρref‖ = 7.380423598821253e-6 ‖Δρ‖ = 7.133466640868299e-6  ‖vε - vref‖ = 0.03581597089067503  α = 0.000206
 78   -22.18680179085      -11.86       -4.92    13.0s
    ‖ρε - ρref‖ = 2.9169552717770907e-6 ‖Δρ‖ = 2.7669011391053837e-6  ‖vε - vref‖ = 0.03585195207249915  α = 0.000429
 79   -22.18680179085      -11.90       -5.29    8.26s
    ‖ρε - ρref‖ = 1.9562724062732578e-6 ‖Δρ‖ = 1.1639866051169695e-6  ‖vε - vref‖ = 0.03589590045200226  α = 0.000955
 80   -22.18680179085      -11.71       -5.14    7.57s
    ‖ρε - ρref‖ = 2.1484776651937317e-6 ‖Δρ‖ = 1.5098212550958548e-6  ‖vε - vref‖ = 0.03596517446072332  α = 0.000924
 81   -22.18680179085      -12.09       -4.82    12.6s
    ‖ρε - ρref‖ = 4.488351614759778e-6 ‖Δρ‖ = 4.1589859690697275e-6  ‖vε - vref‖ = 0.035996890804322064  α = 0.000213
 82   -22.18680179085      -11.65       -5.26    8.41s
    ‖ρε - ρref‖ = 1.7742079969507514e-6 ‖Δρ‖ = 1.1751631105551145e-6  ‖vε - vref‖ = 0.03610308000147749  α = 0.00123
 83   -22.18680179085      -12.32       -4.06    8.89s
    ‖ρε - ρref‖ = 3.227845662727708e-5 ‖Δρ‖ = 3.1024411996895956e-5  ‖vε - vref‖ = 0.03612085406263589  α = 1.84e-5
 84   -22.18680179085      -11.69       -4.95    12.7s
    ‖ρε - ρref‖ = 2.9191793686187343e-6 ‖Δρ‖ = 2.4165981552912286e-6  ‖vε - vref‖ = 0.03619537434170483  α = 0.000591
 85   -22.18680179086      -11.62       -5.15    7.63s
    ‖ρε - ρref‖ = 2.1053509000515157e-6 ‖Δρ‖ = 1.4871669283759742e-6  ‖vε - vref‖ = 0.03625547977892378  α = 0.00105
 86   -22.18680179086      -11.63       -5.21    7.76s
    ‖ρε - ρref‖ = 2.0324337015000065e-6 ‖Δρ‖ = 1.282673551370951e-6  ‖vε - vref‖ = 0.03631316944033816  α = 0.0012
 87   -22.18680179086      -12.48       -4.92    11.7s
    ‖ρε - ρref‖ = 4.660303028840788e-6 ‖Δρ‖ = 4.211863683603613e-6  ‖vε - vref‖ = 0.0363265862726387  α = 0.000131
 88   -22.18680179086      -11.93       -4.76    7.72s
    ‖ρε - ρref‖ = 4.595116374566443e-6 ‖Δρ‖ = 4.145493285476541e-6  ‖vε - vref‖ = 0.036355496074321016  α = 0.000259
 89   -22.18680179086      -12.34       -4.85    8.45s
    ‖ρε - ρref‖ = 4.647717149163738e-6 ‖Δρ‖ = 4.529374814611336e-6  ‖vε - vref‖ = 0.03636190316998852  α = 0.00014
 90   -22.18680179086      -11.82       -5.11    12.8s
    ‖ρε - ρref‖ = 2.308583351004207e-6 ‖Δρ‖ = 1.6842251949269834e-6  ‖vε - vref‖ = 0.036375853414152046  α = 0.000735
 91   -22.18680179087      -11.57       -5.28    7.63s
    ‖ρε - ρref‖ = 1.8203378795207572e-6 ‖Δρ‖ = 9.867426130578626e-7  ‖vε - vref‖ = 0.036375568318839244  α = 0.00166
 92   -22.18680179087      -12.05       -5.22    7.62s
    ‖ρε - ρref‖ = 2.4134980622109944e-6 ‖Δρ‖ = 1.5394120660048048e-6  ‖vε - vref‖ = 0.036393412672401336  α = 0.000613
 93   -22.18680179087      -11.88       -5.14    7.65s
    ‖ρε - ρref‖ = 2.3431107146398946e-6 ‖Δρ‖ = 1.6536063487196194e-6  ‖vε - vref‖ = 0.03639401118367794  α = 0.000689
 94   -22.18680179087      -12.45       -4.74    11.4s
    ‖ρε - ρref‖ = 5.330787595484444e-6 ‖Δρ‖ = 6.453943964974277e-6  ‖vε - vref‖ = 0.03638833777243571  α = 7.63e-5
 95   -22.18680179087      -12.13       -4.24    7.62s
    ‖ρε - ρref‖ = 1.6578852262180682e-5 ‖Δρ‖ = 1.612518994807671e-5  ‖vε - vref‖ = 0.03637566441781304  α = 5.03e-5
 96   -22.18680179087      -11.61       -5.22    7.68s
    ‖ρε - ρref‖ = 2.0021882358318413e-6 ‖Δρ‖ = 1.1972957410312065e-6  ‖vε - vref‖ = 0.03636507454432014  α = 0.00129
 97   -22.18680179087      -11.73       -5.03    12.1s
    ‖ρε - ρref‖ = 2.694134548249535e-6 ‖Δρ‖ = 2.00667545814641e-6  ‖vε - vref‖ = 0.036358191782325175  α = 0.000673
 98   -22.18680179087      -11.91       -5.31    7.60s
    ‖ρε - ρref‖ = 1.8781553641678325e-6 ‖Δρ‖ = 1.0682182229586834e-6  ‖vε - vref‖ = 0.03632643130911658  α = 0.00106
 99   -22.18680179088      -12.30       -4.92    7.68s
    ‖ρε - ρref‖ = 3.999253500055377e-6 ‖Δρ‖ = 3.6475037207240503e-6  ‖vε - vref‖ = 0.03631728050729472  α = 0.000185
 100   -22.18680179088      -11.86       -4.56    11.9s
    ‖ρε - ρref‖ = 6.193535919639848e-6 ‖Δρ‖ = 6.105189387837324e-6  ‖vε - vref‖ = 0.0362611257442465  α = 0.00019
 101   -22.18680179088      -12.44       -5.22    9.00s
    ‖ρε - ρref‖ = 2.406999813310827e-6 ‖Δρ‖ = 2.012650875651353e-6  ‖vε - vref‖ = 0.03625387277140147  α = 0.000283
 102   -22.18680179088      -11.77       -4.93    8.96s
    ‖ρε - ρref‖ = 2.9844369858999945e-6 ‖Δρ‖ = 2.3606151033673118e-6  ‖vε - vref‖ = 0.03621809017220996  α = 0.000552
 103   -22.18680179088      -11.92       -5.27    12.2s
    ‖ρε - ρref‖ = 1.987512098066511e-6 ‖Δρ‖ = 1.1554017192565307e-6  ‖vε - vref‖ = 0.036190218983498966  α = 0.000945
 104   -22.18680179088      -11.87       -5.27    8.68s
    ‖ρε - ρref‖ = 2.0081535995297573e-6 ‖Δρ‖ = 1.1340837721825018e-6  ‖vε - vref‖ = 0.036144100303290225  α = 0.00103
 105   -22.18680179088      -11.86       -5.29    7.59s
    ‖ρε - ρref‖ = 2.257879482387336e-6 ‖Δρ‖ = 1.0276241590226437e-6  ‖vε - vref‖ = 0.03610637470989609  α = 0.00106
 106   -22.18680179088      -12.05       -3.83    12.8s
    ‖ρε - ρref‖ = 3.42252276796818e-5 ‖Δρ‖ = 3.5169811361750025e-5  ‖vε - vref‖ = 0.03603220018706189  α = 2.35e-5
 107   -22.18680179088      -12.27       -4.79    8.94s
    ‖ρε - ρref‖ = 4.606745806708727e-6 ‖Δρ‖ = 4.451461539485218e-6  ‖vε - vref‖ = 0.035990931167797724  α = 0.000165
 108   -22.18680179088      -12.47       -5.39    8.21s
    ‖ρε - ρref‖ = 1.7384221262246414e-6 ‖Δρ‖ = 1.135920788234489e-6  ‖vε - vref‖ = 0.03596454883239083  α = 0.000495
 109   -22.18680179089      -11.89       -5.43    12.5s
    ‖ρε - ρref‖ = 1.7636873813454783e-6 ‖Δρ‖ = 6.589319466171421e-7  ‖vε - vref‖ = 0.03592209238334996  α = 0.00176
 110   -22.18680179089      -12.23       -5.24    8.69s
    ‖ρε - ρref‖ = 2.1937696144206715e-6 ‖Δρ‖ = 1.3052237989320485e-6  ‖vε - vref‖ = 0.035911739982424064  α = 0.000585
 111   -22.18680179089      -13.09       -5.02    8.05s
    ‖ρε - ρref‖ = 4.1005024625445115e-6 ‖Δρ‖ = 3.6350610141456164e-6  ‖vε - vref‖ = 0.03591182264652725  α = 7.82e-5
 112   -22.18680179089      -12.12       -5.30    8.86s
    ‖ρε - ρref‖ = 1.9681453051241456e-6 ‖Δρ‖ = 1.0667657213548479e-6  ‖vε - vref‖ = 0.03587955023306319  α = 0.000795
 113   -22.18680179089      -12.40       -5.10    12.9s
    ‖ρε - ρref‖ = 2.3562644877383915e-6 ‖Δρ‖ = 1.9942234335847976e-6  ‖vε - vref‖ = 0.035852333894193886  α = 0.000308
 114   -22.18680179089      -12.22       -4.79    8.81s
    ‖ρε - ρref‖ = 3.811601609859451e-6 ‖Δρ‖ = 3.441833323244325e-6  ‖vε - vref‖ = 0.035808238072081444  α = 0.000224
 115   -22.18680179089      -12.25       -5.35    8.37s
    ‖ρε - ρref‖ = 1.7787748609609029e-6 ‖Δρ‖ = 9.495582210346636e-7  ‖vε - vref‖ = 0.03576560553683483  α = 0.000803
 116   -22.18680179089      -12.19       -5.50    11.8s
    ‖ρε - ρref‖ = 1.6990017475153618e-6 ‖Δρ‖ = 6.211606526758335e-7  ‖vε - vref‖ = 0.03573494393604349  α = 0.00129
 117   -22.18680179089      -13.37       -5.39    7.56s
    ‖ρε - ρref‖ = 3.1874333190216735e-6 ‖Δρ‖ = 1.7232869282457102e-6  ‖vε - vref‖ = 0.03573779875373194  α = 0.000104
 118   -22.18680179089      -12.34       -4.69    7.54s
    ‖ρε - ρref‖ = 4.414579223061206e-6 ‖Δρ‖ = 4.180591782041243e-6  ‖vε - vref‖ = 0.035727921076201374  α = 0.000162
 119   -22.18680179089      -12.51       -5.41    11.1s
    ‖ρε - ρref‖ = 1.8611431313680393e-6 ‖Δρ‖ = 8.86677356577948e-7  ‖vε - vref‖ = 0.03571767388824748  α = 0.000638
 120   -22.18680179089      -12.73       -5.24    8.42s
    ‖ρε - ρref‖ = 2.298070095366742e-6 ‖Δρ‖ = 1.623226211099827e-6  ‖vε - vref‖ = 0.035708720961503106  α = 0.000267
 121   -22.18680179089      -12.21       -5.42    8.21s
    ‖ρε - ρref‖ = 1.6909426750180391e-6 ‖Δρ‖ = 7.261939974248803e-7  ‖vε - vref‖ = 0.03565570282899052  α = 0.00108
 122   -22.18680179089      -12.55       -5.51    11.5s
    ‖ρε - ρref‖ = 1.8147457232402864e-6 ‖Δρ‖ = 7.174137872930473e-7  ‖vε - vref‖ = 0.03563600012626726  α = 0.000755
 123   -22.18680179089      -12.97       -4.95    8.59s
    ‖ρε - ρref‖ = 4.0664705765934575e-6 ‖Δρ‖ = 3.669652070817167e-6  ‖vε - vref‖ = 0.0356299566562354  α = 8.23e-5
 124   -22.18680179089      -12.45       -5.17    9.00s
    ‖ρε - ρref‖ = 2.0057347746525523e-6 ‖Δρ‖ = 1.5240527869334146e-6  ‖vε - vref‖ = 0.03559076528510072  α = 0.000383
 125   -22.18680179089      -12.55       -5.63    12.4s
    ‖ρε - ρref‖ = 1.6440227345191028e-6 ‖Δρ‖ = 5.392209745177762e-7  ‖vε - vref‖ = 0.03557416458128809  α = 0.000975
 126   -22.18680179089      -12.48       -4.83    8.93s
    ‖ρε - ρref‖ = 3.8049507227345675e-6 ‖Δρ‖ = 3.2190706799921533e-6  ‖vε - vref‖ = 0.03555540256510609  α = 0.000176
 127   -22.18680179089      -12.60       -5.45    8.91s
    ‖ρε - ρref‖ = 1.886760124230315e-6 ‖Δρ‖ = 8.62999653170674e-7  ‖vε - vref‖ = 0.03554523727917554  α = 0.000553
 128   -22.18680179089      -12.50       -5.58    8.30s
    ‖ρε - ρref‖ = 1.6291719023508088e-6 ‖Δρ‖ = 5.178467543551018e-7  ‖vε - vref‖ = 0.03552024205448199  α = 0.00113
 129   -22.18680179089      -13.60       -5.06    12.9s
    ‖ρε - ρref‖ = 5.643547186279255e-6 ‖Δρ‖ = 4.281143151080422e-6  ‖vε - vref‖ = 0.03552037965802291  α = 2.38e-5
 130   -22.18680179089      -12.67       -5.34    8.89s
    ‖ρε - ρref‖ = 1.728363192991248e-6 ‖Δρ‖ = 9.96062056692482e-7  ‖vε - vref‖ = 0.03549874938534754  α = 0.000467
 131   -22.18680179089      -12.35       -5.69    8.91s
    ‖ρε - ρref‖ = 1.6593110428970665e-6 ‖Δρ‖ = 3.685389402736629e-7  ‖vε - vref‖ = 0.035475830999525226  α = 0.00185
 132   -22.18680179089      -12.70       -5.52    13.4s
    ‖ρε - ρref‖ = 1.7867698221379992e-6 ‖Δρ‖ = 7.377016186547165e-7  ‖vε - vref‖ = 0.03546820460372986  α = 0.000588
 133   -22.18680179089      -12.68       -5.14    8.87s
    ‖ρε - ρref‖ = 2.2293184090968397e-6 ‖Δρ‖ = 1.573661408560071e-6  ‖vε - vref‖ = 0.03545425773814052  α = 0.00031
 134   -22.18680179089      -12.64       -5.57    8.21s
    ‖ρε - ρref‖ = 1.7192148586743006e-6 ‖Δρ‖ = 6.188199301524121e-7  ‖vε - vref‖ = 0.03544066661421998  α = 0.000728
 135   -22.18680179089      -13.17       -4.99    11.5s
    ‖ρε - ρref‖ = 3.7888943744108935e-6 ‖Δρ‖ = 3.34869680528132e-6  ‖vε - vref‖ = 0.03543860575692689  α = 7.01e-5
 136   -22.18680179089      -12.39       -5.43    7.57s
    ‖ρε - ρref‖ = 1.7593386649860983e-6 ‖Δρ‖ = 6.801002348535846e-7  ‖vε - vref‖ = 0.03541168257840059  α = 0.000958
 137   -22.18680179089      -13.13       -5.71    7.56s
    ‖ρε - ρref‖ = 1.5303664729604597e-6 ‖Δρ‖ = 6.129436603530711e-7  ‖vε - vref‖ = 0.03539898501355815  α = 0.000476
 138   -22.18680179089      -12.91       -5.30    11.6s
    ‖ρε - ρref‖ = 2.083927722495756e-6 ‖Δρ‖ = 1.4543625178475897e-6  ‖vε - vref‖ = 0.03538461346119016  α = 0.000239
 139   -22.18680179090      -12.19       -5.34    8.14s
    ‖ρε - ρref‖ = 1.7674218682610074e-6 ‖Δρ‖ = 7.954805811059493e-7  ‖vε - vref‖ = 0.03533974460439533  α = 0.00101
 140   -22.18680179090      -12.66       -5.49    8.08s
    ‖ρε - ρref‖ = 1.5007581104662848e-6 ‖Δρ‖ = 7.856068183839665e-7  ‖vε - vref‖ = 0.0353371956725134  α = 0.000526
 141   -22.18680179090      -12.76       -4.27    8.85s
    ‖ρε - ρref‖ = 1.525155461549398e-5 ‖Δρ‖ = 1.4133848320174297e-5  ‖vε - vref‖ = 0.03533576356364484  α = 2.61e-5
 142   -22.18680179090      -12.46       -5.46    12.4s
    ‖ρε - ρref‖ = 1.779383839332176e-6 ‖Δρ‖ = 7.141798123876552e-7  ‖vε - vref‖ = 0.035329932952460605  α = 0.000817
 143   -22.18680179090      -12.55       -5.47    8.60s
    ‖ρε - ρref‖ = 1.7593451238530256e-6 ‖Δρ‖ = 7.39470622801472e-7  ‖vε - vref‖ = 0.035319442580535085  α = 0.00071
 144   -22.18680179090      -12.45       -5.77    7.72s
    ‖ρε - ρref‖ = 1.64668748492521e-6 ‖Δρ‖ = 3.463740268091767e-7  ‖vε - vref‖ = 0.03530391043667167  α = 0.00173
 145   -22.18680179090      -12.68       -5.28    11.9s
    ‖ρε - ρref‖ = 1.9668053854088475e-6 ‖Δρ‖ = 1.2514526977735283e-6  ‖vε - vref‖ = 0.03528835990848363  α = 0.000369
 146   -22.18680179090      -12.70       -5.16    7.63s
    ‖ρε - ρref‖ = 2.2289022321961796e-6 ‖Δρ‖ = 1.6622009187152241e-6  ‖vε - vref‖ = 0.0352729671470695  α = 0.000259
 147   -22.18680179090      -13.27       -4.98    8.06s
    ‖ρε - ρref‖ = 3.893619775911653e-6 ‖Δρ‖ = 3.5082329814875024e-6  ‖vε - vref‖ = 0.03527123301159038  α = 5.98e-5
 148   -22.18680179090      -12.75       -5.68    12.0s
    ‖ρε - ρref‖ = 1.6866704576385186e-6 ‖Δρ‖ = 4.281134767623135e-7  ‖vε - vref‖ = 0.03526505657917237  α = 0.00102
 149   -22.18680179090      -12.71       -5.80    7.60s
    ‖ρε - ρref‖ = 1.6193082871438004e-6 ‖Δρ‖ = 3.5302643337782504e-7  ‖vε - vref‖ = 0.03525947200834308  α = 0.00116
 150   -22.18680179090      -13.02       -5.09    8.19s
    ‖ρε - ρref‖ = 2.758492052123561e-6 ‖Δρ‖ = 2.081273454656502e-6  ‖vε - vref‖ = 0.035254825072632126  α = 0.000157
 151   -22.18680179090      -12.56       -5.35    13.1s
    ‖ρε - ρref‖ = 1.7591714647490876e-6 ‖Δρ‖ = 8.335132420307238e-7  ‖vε - vref‖ = 0.035238159590336236  α = 0.000624
 152   -22.18680179090      -13.97       -5.36    41.1s
    ‖ρε - ρref‖ = 1.3626230942195317e-6 ‖Δρ‖ = 2.236935082353994e-6  ‖vε - vref‖ = 0.03523815956792014  α = 5.29e-10
 153   -22.18680179090      -12.91       -5.37    8.80s
    ‖ρε - ρref‖ = 2.079932767343092e-6 ‖Δρ‖ = 9.937673819231144e-7  ‖vε - vref‖ = 0.03524157546186355  α = 0.000368
 154   -22.18680179090      -12.97       -5.63    8.27s
    ‖ρε - ρref‖ = 1.5376977734525324e-6 ‖Δρ‖ = 5.710504469193352e-7  ‖vε - vref‖ = 0.03523581643191601  α = 0.000587
 155   -22.18680179090      -12.54       -5.85    13.3s
    ‖ρε - ρref‖ = 1.5753965417802675e-6 ‖Δρ‖ = 2.595889859454391e-7  ‖vε - vref‖ = 0.03524056963402012  α = 0.00205
 156   -22.18680179090      -12.94       -5.61    8.82s
    ‖ρε - ρref‖ = 1.749106949012746e-6 ‖Δρ‖ = 5.934864258511206e-7  ‖vε - vref‖ = 0.03524293111749456  α = 0.000576
 157   -22.18680179090      -12.58       -5.74    8.11s
    ‖ρε - ρref‖ = 1.7424840961809954e-6 ‖Δρ‖ = 3.5872699024059687e-7  ‖vε - vref‖ = 0.035243972463011204  α = 0.00132
 158   -22.18680179090      -13.75       -5.19    12.6s
    ‖ρε - ρref‖ = 2.8476278666267545e-6 ‖Δρ‖ = 2.2948810573755147e-6  ‖vε - vref‖ = 0.03524234034272788  α = 8.03e-5
 159   -22.18680179090      -13.22       -5.39    8.26s
    ‖ρε - ρref‖ = 2.1026307372272424e-6 ‖Δρ‖ = 1.2858839516788666e-6  ‖vε - vref‖ = 0.03524233578029534  α = 0.000174
 160   -22.18680179090      -12.85       -5.58    7.96s
    ‖ρε - ρref‖ = 1.6882759630591571e-6 ‖Δρ‖ = 6.606182049947149e-7  ‖vε - vref‖ = 0.03523705561895982  α = 0.000523
 161   -22.18680179090      -12.45       -5.66    12.7s
    ‖ρε - ρref‖ = 1.6089216656692838e-6 ‖Δρ‖ = 3.9089267369849125e-7  ‖vε - vref‖ = 0.035237769315964236  α = 0.00151
 162   -22.18680179090      -13.13       -5.09    8.76s
    ‖ρε - ρref‖ = 3.0128697538910506e-6 ‖Δρ‖ = 2.3837637718313924e-6  ‖vε - vref‖ = 0.03523818448365495  α = 0.000119
 163   -22.18680179090      -12.56       -5.49    8.73s
    ‖ρε - ρref‖ = 1.61290942287775e-6 ‖Δρ‖ = 6.093015038717821e-7  ‖vε - vref‖ = 0.035235863910505254  α = 0.000826
 164   -22.18680179090      -13.85       -4.75    8.73s
    ‖ρε - ρref‖ = 5.34681120746367e-6 ‖Δρ‖ = 4.313148800033497e-6  ‖vε - vref‖ = 0.035238288717321466  α = 3.29e-5
 165   -22.18680179090      -13.05       -5.58    14.0s
    ‖ρε - ρref‖ = 1.5400404276875192e-6 ‖Δρ‖ = 6.346403915033872e-7  ‖vε - vref‖ = 0.035235568080269904  α = 0.000426
 166   -22.18680179090      -13.17       -5.28    8.78s
    ‖ρε - ρref‖ = 2.0873167595398664e-6 ‖Δρ‖ = 9.801520024393766e-7  ‖vε - vref‖ = 0.03523473339780293  α = 0.000269
 167   -22.18680179090      -13.00       -5.30    8.81s
    ‖ρε - ρref‖ = 1.910829077312364e-6 ‖Δρ‖ = 1.0424397355967697e-6  ‖vε - vref‖ = 0.035244158832680464  α = 0.000299
 168   -22.18680179090      -13.03       -5.55    12.7s
    ‖ρε - ρref‖ = 1.792512242270327e-6 ‖Δρ‖ = 5.534370644607453e-7  ‖vε - vref‖ = 0.03525260222732442  α = 0.000543
 169   -22.18680179090      -13.34       -5.07    9.03s
    ‖ρε - ρref‖ = 2.234030246341498e-6 ‖Δρ‖ = 1.9361234079151656e-6  ‖vε - vref‖ = 0.035251847372198206  α = 9.55e-5
 170   -22.18680179090      -13.11       -5.77    9.14s
    ‖ρε - ρref‖ = 1.644664665708492e-6 ‖Δρ‖ = 3.8770212483862613e-7  ‖vε - vref‖ = 0.0352520297057594  α = 0.000805
 171   -22.18680179090      -13.00       -4.87    12.8s
    ‖ρε - ρref‖ = 3.752925104825523e-6 ‖Δρ‖ = 3.387663729578021e-6  ‖vε - vref‖ = 0.035249346189569666  α = 8.06e-5
 172   -22.18680179090      -13.17       -5.56    8.09s
    ‖ρε - ρref‖ = 1.6692322109924482e-6 ‖Δρ‖ = 6.893497669657658e-7  ‖vε - vref‖ = 0.03524896099841523  α = 0.000367
 173   -22.18680179090      -13.17       -5.37    8.74s
    ‖ρε - ρref‖ = 1.9032610423812995e-6 ‖Δρ‖ = 9.599724657862777e-7  ‖vε - vref‖ = 0.03524711482316787  α = 0.000314
 174   -22.18680179090      -13.55       -5.67    8.75s
    ‖ρε - ρref‖ = 1.6321128981852575e-6 ‖Δρ‖ = 6.031767097940099e-7  ‖vε - vref‖ = 0.03524475165851806  α = 0.000296
 175   -22.18680179090      -13.00       -5.34    13.0s
    ‖ρε - ρref‖ = 1.62354156932376e-6 ‖Δρ‖ = 9.509604934450922e-7  ‖vε - vref‖ = 0.03523890302970679  α = 0.00029
 176   -22.18680179090      -13.55       -4.75    8.18s
    ‖ρε - ρref‖ = 5.202084016603291e-6 ‖Δρ‖ = 4.1307489157853475e-6  ‖vε - vref‖ = 0.035239517756704114  α = 3.5e-5
 177   -22.18680179090      -13.41       -5.44    8.67s
    ‖ρε - ρref‖ = 1.6849917109563758e-6 ‖Δρ‖ = 7.894413683376123e-7  ‖vε - vref‖ = 0.035239918839681056  α = 0.000285
 178   -22.18680179090      -13.30       -5.35    13.7s
    ‖ρε - ρref‖ = 1.945773324068928e-6 ‖Δρ‖ = 8.17625302633972e-7  ‖vε - vref‖ = 0.03523898135131659  α = 0.000235
 179   -22.18680179090      -13.37       -5.53    8.63s
    ‖ρε - ρref‖ = 1.652135195438169e-6 ‖Δρ‖ = 5.507440665423917e-7  ‖vε - vref‖ = 0.03523733479808939  α = 0.000435
 180   -22.18680179090      -13.60       -5.37    8.41s
    ‖ρε - ρref‖ = 2.0394276708803054e-6 ‖Δρ‖ = 1.0115017904418748e-6  ‖vε - vref‖ = 0.03523797199631168  α = 0.000165
 181   -22.18680179090      -13.05       -5.45    12.6s
    ‖ρε - ρref‖ = 1.6602162097279213e-6 ‖Δρ‖ = 7.91293807871776e-7  ‖vε - vref‖ = 0.03523743228984603  α = 0.00033
 182   -22.18680179090      -13.50       -5.39    8.80s
    ‖ρε - ρref‖ = 2.0990375986476125e-6 ‖Δρ‖ = 1.3695040156720923e-6  ‖vε - vref‖ = 0.03523984756849802  α = 0.000103
 183   -22.18680179090      -13.09       -5.39    8.45s
    ‖ρε - ρref‖ = 1.9350437362719356e-6 ‖Δρ‖ = 8.008488094246793e-7  ‖vε - vref‖ = 0.03525088889960156  α = 0.000417
 184   -22.18680179090      -13.17       -5.36    8.74s
    ‖ρε - ρref‖ = 1.965479904808442e-6 ‖Δρ‖ = 1.1945545128214768e-6  ‖vε - vref‖ = 0.03525519683333026  α = 0.00019
 185   -22.18680179090      -13.50       -5.78    13.4s
    ‖ρε - ρref‖ = 1.6637697223601041e-6 ‖Δρ‖ = 4.4923891963211503e-7  ‖vε - vref‖ = 0.035255995615148084  α = 0.00042
 186   -22.18680179090      -13.30       -5.33    7.98s
    ‖ρε - ρref‖ = 2.0171388864086014e-6 ‖Δρ‖ = 1.1597978445609568e-6  ‖vε - vref‖ = 0.03525676757463949  α = 0.00017
 187   -22.18680179090      -13.75       -5.05    10.8s
    ‖ρε - ρref‖ = 1.7623488368595504e-6 ‖Δρ‖ = 2.2953789076447195e-6  ‖vε - vref‖ = 0.03525640346596417  α = 7.87e-6
 188   -22.18680179090      -13.85       -5.44    13.7s
    ‖ρε - ρref‖ = 1.9172206499005268e-6 ‖Δρ‖ = 7.883796635041648e-7  ‖vε - vref‖ = 0.03525809334430567  α = 0.000228
 189   -22.18680179090      -13.60       -5.63    8.70s
    ‖ρε - ρref‖ = 1.605372857454943e-6 ‖Δρ‖ = 5.011275510814062e-7  ‖vε - vref‖ = 0.03526084875508393  α = 0.000318
 190   -22.18680179090      -13.45       -5.59    8.61s
    ‖ρε - ρref‖ = 1.7752217945938032e-6 ‖Δρ‖ = 5.349371675955874e-7  ‖vε - vref‖ = 0.035266488568618345  α = 0.000403
 191   -22.18680179090      -13.41       -5.45    13.1s
    ‖ρε - ρref‖ = 1.7121747032235457e-6 ‖Δρ‖ = 8.605881125899696e-7  ‖vε - vref‖ = 0.035268436566317035  α = 0.000202
 192   -22.18680179090      -13.11       -5.38    8.65s
    ‖ρε - ρref‖ = 1.9839498473899615e-6 ‖Δρ‖ = 9.15244383004771e-7  ‖vε - vref‖ = 0.035274606047361  α = 0.000293
 193   -22.18680179090      -13.75       -5.40    8.00s
    ‖ρε - ρref‖ = 2.0589104513067528e-6 ‖Δρ‖ = 1.3501731306479058e-6  ‖vε - vref‖ = 0.03527339064730475  α = 0.000103
 194   -22.18680179090      -13.15       -5.40    13.8s
    ‖ρε - ρref‖ = 1.6407116507161227e-6 ‖Δρ‖ = 9.815985036646342e-7  ‖vε - vref‖ = 0.03526971338127576  α = 0.000242
 195   -22.18680179090      -13.67       -5.58    8.65s
    ‖ρε - ρref‖ = 1.8295219710451913e-6 ‖Δρ‖ = 7.788881196885257e-7  ‖vε - vref‖ = 0.03526958095021286  α = 0.000217
 196   -22.18680179090      -13.34       -5.78    8.57s
    ‖ρε - ρref‖ = 1.6483751712820332e-6 ‖Δρ‖ = 3.837379992046649e-7  ‖vε - vref‖ = 0.035271124708021136  α = 0.000575
 197   -22.18680179090      -13.37       -5.36    7.99s
    ‖ρε - ρref‖ = 1.958142493227662e-6 ‖Δρ‖ = 1.2181188909370456e-6  ‖vε - vref‖ = 0.03527105950689682  α = 0.000127
 198   -22.18680179090   +    -Inf       -5.33     167s
    ‖ρε - ρref‖ = 1.2238636935740761e-6 ‖Δρ‖ = 1.2274796241381757e-6  ‖vε - vref‖ = 0.03527105950723653  α = 8.1e-11
 199   -22.18680179090      -13.97       -4.55    8.59s
    ‖ρε - ρref‖ = 6.353220888750523e-6 ‖Δρ‖ = 7.260086210722234e-6  ‖vε - vref‖ = 0.035269306215866575  α = 1.51e-5
 200   -22.18680179090      -13.55       -5.07    13.1s
    ‖ρε - ρref‖ = 2.5371859577692912e-6 ‖Δρ‖ = 1.6629510533562407e-6  ‖vε - vref‖ = 0.03526888280343804  α = 9.97e-5
 201   -22.18680179090      -13.41       -5.62    7.76s
    ‖ρε - ρref‖ = 1.5768701478698545e-6 ‖Δρ‖ = 4.835573332619405e-7  ‖vε - vref‖ = 0.03526703238717703  α = 0.000456
 202   -22.18680179090      -13.67       -5.56    8.88s
    ‖ρε - ρref‖ = 1.8597825679606948e-6 ‖Δρ‖ = 6.961526225513259e-7  ‖vε - vref‖ = 0.035269375126375395  α = 0.000217
 203   -22.18680179090      -13.22       -5.38    8.81s
    ‖ρε - ρref‖ = 1.7518194620724e-6 ‖Δρ‖ = 9.115321019269075e-7  ‖vε - vref‖ = 0.035273992134586374  α = 0.000272
 204   -22.18680179090      -13.85       -5.51    12.9s
    ‖ρε - ρref‖ = 1.95840236986376e-6 ‖Δρ‖ = 9.933950883593942e-7  ‖vε - vref‖ = 0.03527901936712147  α = 0.000148
 205   -22.18680179090      -13.25       -5.30    8.12s
    ‖ρε - ρref‖ = 2.285852118259491e-6 ‖Δρ‖ = 1.2498888560429091e-6  ‖vε - vref‖ = 0.03529046875244722  α = 0.000184
 206   -22.18680179090      -13.22       -5.69    8.75s
    ‖ρε - ρref‖ = 1.6469646113206368e-6 ‖Δρ‖ = 5.763777167394621e-7  ‖vε - vref‖ = 0.03529658436140979  α = 0.000363
 207   -22.18680179090      -13.05       -5.46    12.9s
    ‖ρε - ρref‖ = 1.7939310452026162e-6 ‖Δρ‖ = 7.402960122771234e-7  ‖vε - vref‖ = 0.03531065706506456  α = 0.000432
 208   -22.18680179090      -13.30       -5.43    8.45s
    ‖ρε - ρref‖ = 2.0078449710802393e-6 ‖Δρ‖ = 1.1269832167899462e-6  ‖vε - vref‖ = 0.0353169984762259  α = 0.000177
 209   -22.18680179090      -12.75       -5.31    8.60s
    ‖ρε - ρref‖ = 1.7966495803626006e-6 ‖Δρ‖ = 9.327039989159617e-7  ‖vε - vref‖ = 0.03534338240977067  α = 0.000439
 210   -22.18680179090      -12.88       -5.69    8.32s
    ‖ρε - ρref‖ = 1.599097133329617e-6 ‖Δρ‖ = 4.1300788756103055e-7  ‖vε - vref‖ = 0.03536055088637973  α = 0.000832
 211   -22.18680179090      -13.67       -4.95    13.0s
    ‖ρε - ρref‖ = 4.307417861855028e-6 ‖Δρ‖ = 3.086366998629474e-6  ‖vε - vref‖ = 0.0353631356715762  α = 3.26e-5
 212   -22.18680179090      -13.05       -5.49    8.12s
    ‖ρε - ρref‖ = 1.6141639738744108e-6 ‖Δρ‖ = 7.081017528457017e-7  ‖vε - vref‖ = 0.03537203754799263  α = 0.000402
 213   -22.18680179090      -13.55       -5.53    8.56s
    ‖ρε - ρref‖ = 1.8680879989898891e-6 ‖Δρ‖ = 6.636429879388161e-7  ‖vε - vref‖ = 0.035378685387985484  α = 0.000279
 214   -22.18680179090      -13.37       -5.27    13.7s
    ‖ρε - ρref‖ = 2.0436793525400763e-6 ‖Δρ‖ = 1.4171790707951207e-6  ‖vε - vref‖ = 0.03538409526432928  α = 0.00013
 215   -22.18680179090      -13.75       -5.77    8.79s
    ‖ρε - ρref‖ = 1.742379042575113e-6 ‖Δρ‖ = 5.339573997283763e-7  ‖vε - vref‖ = 0.03538835698826379  α = 0.000233
 216   -22.18680179090      -13.34       -5.32    8.78s
    ‖ρε - ρref‖ = 2.1992432262608624e-6 ‖Δρ‖ = 1.2064137396698264e-6  ‖vε - vref‖ = 0.035394226039214424  α = 0.000144
 217   -22.18680179090      -13.60       -5.68    13.5s
    ‖ρε - ρref‖ = 1.5691059643267254e-6 ‖Δρ‖ = 4.751110612316083e-7  ‖vε - vref‖ = 0.03539551441723127  α = 0.000412
 218   -22.18680179090      -13.45       -5.45    8.82s
    ‖ρε - ρref‖ = 1.796652585936568e-6 ‖Δρ‖ = 8.233623218423183e-7  ‖vε - vref‖ = 0.03539715955318553  α = 0.000225
 219   -22.18680179090      -13.75       -5.81    8.78s
    ‖ρε - ρref‖ = 1.6673838400499834e-6 ‖Δρ‖ = 4.079724245125927e-7  ‖vε - vref‖ = 0.03539735160123  α = 0.000316
 220   -22.18680179090      -13.75       -5.45    8.56s
    ‖ρε - ρref‖ = 1.8545393267030116e-6 ‖Δρ‖ = 9.768149457649118e-7  ‖vε - vref‖ = 0.035397355379964586  α = 0.000118
 221   -22.18680179090      -13.34       -6.25    12.8s
    ‖ρε - ρref‖ = 1.6031450961596035e-6 ‖Δρ‖ = 1.0671422179071208e-7  ‖vε - vref‖ = 0.035394199294929506  α = 0.00192
 222   -22.18680179090      -13.85       -5.77    8.61s
    ‖ρε - ρref‖ = 1.913793606749278e-6 ‖Δρ‖ = 4.7522595273123405e-7  ‖vε - vref‖ = 0.035394039101774855  α = 0.000157
 223   -22.18680179090      -13.75       -5.18    8.70s
    ‖ρε - ρref‖ = 1.7005824719294458e-6 ‖Δρ‖ = 1.4314667991419726e-6  ‖vε - vref‖ = 0.03538936752285409  α = 0.000126
 224   -22.18680179090      -13.25       -5.87    13.8s
    ‖ρε - ρref‖ = 1.6655000230819654e-6 ‖Δρ‖ = 2.719395815422294e-7  ‖vε - vref‖ = 0.035392254208349544  α = 0.000756
 225   -22.18680179090   +    -Inf       -5.29    47.4s
    ‖ρε - ρref‖ = 1.829911980238304e-6 ‖Δρ‖ = 1.2263466670426413e-6  ‖vε - vref‖ = 0.03539225417306692  α = 4.04e-9
 226   -22.18680179090      -13.75       -5.76    8.69s
    ‖ρε - ρref‖ = 1.6580226302870023e-6 ‖Δρ‖ = 3.4671143322157145e-7  ‖vε - vref‖ = 0.03539558084233155  α = 0.000591
 227   -22.18680179090      -13.55       -5.18    8.36s
    ‖ρε - ρref‖ = 2.4908679533479347e-6 ‖Δρ‖ = 1.8254175158986584e-6  ‖vε - vref‖ = 0.03539579448400683  α = 7.03e-5
 228   -22.18680179090      -13.60       -5.71    12.5s
    ‖ρε - ρref‖ = 1.559636437905871e-6 ‖Δρ‖ = 4.314096992151382e-7  ‖vε - vref‖ = 0.03539493013242854  α = 0.000392
 229   -22.18680179090      -13.85       -5.70    8.09s
    ‖ρε - ρref‖ = 1.7469564899629392e-6 ‖Δρ‖ = 5.159348148106833e-7  ‖vε - vref‖ = 0.03539766763990829  α = 0.000276
 230   -22.18680179090      -13.45       -5.71    7.91s
    ‖ρε - ρref‖ = 1.6910362367371852e-6 ‖Δρ‖ = 4.2713768358265185e-7  ‖vε - vref‖ = 0.03540261845383207  α = 0.000449
 231   -22.18680179090      -13.67       -5.54    13.7s
    ‖ρε - ρref‖ = 1.8049744808685167e-6 ‖Δρ‖ = 8.920337313397435e-7  ‖vε - vref‖ = 0.035403684051972806  α = 0.00012
 232   -22.18680179090      -13.41       -5.70    8.80s
    ‖ρε - ρref‖ = 1.6285121407617456e-6 ‖Δρ‖ = 4.310543366801145e-7  ‖vε - vref‖ = 0.03540477140855732  α = 0.000439
 233   -22.18680179090      -13.41       -6.02    8.78s
    ‖ρε - ρref‖ = 1.6388604860834028e-6 ‖Δρ‖ = 1.7058368649668756e-7  ‖vε - vref‖ = 0.035409617525142885  α = 0.00144
 234   -22.18680179090      -13.75       -5.11    13.5s
    ‖ρε - ρref‖ = 1.8624299098806887e-6 ‖Δρ‖ = 2.5640153657191624e-6  ‖vε - vref‖ = 0.03540925541410995  α = 2.37e-5
 235   -22.18680179090      -13.60       -6.12    8.55s
    ‖ρε - ρref‖ = 1.625385619140704e-6 ‖Δρ‖ = 1.6779442586280068e-7  ‖vε - vref‖ = 0.035410373271815475  α = 0.00109
 236   -22.18680179090      -13.22       -5.81    8.65s
    ‖ρε - ρref‖ = 1.5470122464210873e-6 ‖Δρ‖ = 3.09813357675678e-7  ‖vε - vref‖ = 0.0354038288191379  α = 0.000713
 237   -22.18680179090      -13.97       -5.17    8.32s
    ‖ρε - ρref‖ = 2.304395941981348e-6 ‖Δρ‖ = 1.5247555111002062e-6  ‖vε - vref‖ = 0.03540426585667577  α = 9.57e-5
 238   -22.18680179090      -13.55       -5.96    13.1s
    ‖ρε - ρref‖ = 1.646452869215764e-6 ‖Δρ‖ = 3.305494914421264e-7  ‖vε - vref‖ = 0.03540463947022587  α = 0.00027
 239   -22.18680179090      -13.67       -5.43    8.54s
    ‖ρε - ρref‖ = 1.7407431367199692e-6 ‖Δρ‖ = 7.515747779018349e-7  ‖vε - vref‖ = 0.03540910918665935  α = 0.000254
 240   -22.18680179090      -14.15       -5.82    7.95s
    ‖ρε - ρref‖ = 1.77443216249065e-6 ‖Δρ‖ = 4.2368036376343825e-7  ‖vε - vref‖ = 0.03541326605892286  α = 0.00026
 241   -22.18680179090      -13.60       -5.84    13.2s
    ‖ρε - ρref‖ = 1.6548426977004467e-6 ‖Δρ‖ = 3.7571770603869905e-7  ‖vε - vref‖ = 0.03541627033191249  α = 0.000302
 242   -22.18680179090      -13.97       -5.91    8.81s
    ‖ρε - ρref‖ = 1.6119430403592542e-6 ‖Δρ‖ = 3.199027722299284e-7  ‖vε - vref‖ = 0.03541824592898202  α = 0.000358
 243   -22.18680179090      -13.50       -5.44    8.65s
    ‖ρε - ρref‖ = 1.8084511889256278e-6 ‖Δρ‖ = 8.577056454879019e-7  ‖vε - vref‖ = 0.035419577925406995  α = 0.000152
 244   -22.18680179090      -13.85       -5.96    8.48s
    ‖ρε - ρref‖ = 1.6369267388521682e-6 ‖Δρ‖ = 2.2307581530203863e-7  ‖vε - vref‖ = 0.03542327042017938  α = 0.000698
 245   -22.18680179090      -13.85       -5.83    14.1s
    ‖ρε - ρref‖ = 1.3552188778508013e-6 ‖Δρ‖ = 4.179524577599128e-7  ‖vε - vref‖ = 0.035423300005150954  α = 0.000139
 246   -22.18680179090      -13.41       -5.26    8.39s
    ‖ρε - ρref‖ = 2.160882186555506e-6 ‖Δρ‖ = 1.1703928285068057e-6  ‖vε - vref‖ = 0.035424702183053255  α = 0.000122
 247   -22.18680179090   +    -Inf       -6.26    8.77s
    ‖ρε - ρref‖ = 1.589666589003891e-6 ‖Δρ‖ = 1.1244975804749372e-7  ‖vε - vref‖ = 0.03542431778970227  α = 0.00145
 248   -22.18680179090      -13.97       -5.69    13.7s
    ‖ρε - ρref‖ = 1.7979980425538773e-6 ‖Δρ‖ = 5.315389175172812e-7  ‖vε - vref‖ = 0.03542614025808903  α = 0.000156
 249   -22.18680179090      -13.85       -5.72    8.74s
    ‖ρε - ρref‖ = 1.685819114351388e-6 ‖Δρ‖ = 4.1999706298473174e-7  ‖vε - vref‖ = 0.03542928985669223  α = 0.000343
 250   -22.18680179090      -13.85       -5.40    7.94s
    ‖ρε - ρref‖ = 1.9712058862399765e-6 ‖Δρ‖ = 1.1963665059220371e-6  ‖vε - vref‖ = 0.035430386773084466  α = 6.45e-5
 251   -22.18680179090      -14.45       -6.10    8.29s
    ‖ρε - ρref‖ = 1.638524360513054e-6 ‖Δρ‖ = 1.7942721397671336e-7  ‖vε - vref‖ = 0.03543271901815766  α = 0.000793
 252   -22.18680179090      -13.60       -5.75    13.9s
    ‖ρε - ρref‖ = 1.5666599476626301e-6 ‖Δρ‖ = 4.923580510930928e-7  ‖vε - vref‖ = 0.035431080413975496  α = 0.00021
 253   -22.18680179090      -13.85       -5.99    8.36s
    ‖ρε - ρref‖ = 1.5794497494824715e-6 ‖Δρ‖ = 2.6009809554125546e-7  ‖vε - vref‖ = 0.03542829525519147  α = 0.000473
 254   -22.18680179090      -14.15       -5.65    8.21s
    ‖ρε - ρref‖ = 1.7423019733872074e-6 ‖Δρ‖ = 6.971682013033323e-7  ‖vε - vref‖ = 0.03542735316282116  α = 0.000125
 255   -22.18680179090      -13.50       -5.82    13.4s
    ‖ρε - ρref‖ = 1.6393090443573673e-6 ‖Δρ‖ = 3.17501334898023e-7  ‖vε - vref‖ = 0.035426625406201284  α = 0.000515
 256   -22.18680179090      -13.85       -6.01    8.83s
    ‖ρε - ρref‖ = 1.568788588509732e-6 ‖Δρ‖ = 1.9934218040126257e-7  ‖vε - vref‖ = 0.03542552374691957  α = 0.000879
 257   -22.18680179090      -13.67       -5.10    8.71s
    ‖ρε - ρref‖ = 3.7230023770791025e-6 ‖Δρ‖ = 2.4464893498839653e-6  ‖vε - vref‖ = 0.03542584572322523  α = 2.41e-5
 258   -22.18680179090      -13.97       -6.07    8.20s
    ‖ρε - ρref‖ = 1.615573151793172e-6 ‖Δρ‖ = 1.9458333344442385e-7  ‖vε - vref‖ = 0.03542861766415999  α = 0.00076
 259   -22.18680179090      -13.30       -5.99    14.0s
    ‖ρε - ρref‖ = 1.6553638800584213e-6 ‖Δρ‖ = 2.0969049168808462e-7  ‖vε - vref‖ = 0.035434248842891834  α = 0.00085
 260   -22.18680179090      -13.75       -5.22    8.69s
    ‖ρε - ρref‖ = 1.9716098020721745e-6 ‖Δρ‖ = 1.3401916622505626e-6  ‖vε - vref‖ = 0.035435621364404465  α = 0.000103
 261   -22.18680179090   +    -Inf       -5.72    10.8s
    ‖ρε - ρref‖ = 1.6526859344676031e-6 ‖Δρ‖ = 5.887929885979769e-7  ‖vε - vref‖ = 0.0354356522624469  α = 2.27e-5
 262   -22.18680179090      -14.15       -5.72    13.3s
    ‖ρε - ρref‖ = 1.6424099225501898e-6 ‖Δρ‖ = 3.7616963050375145e-7  ‖vε - vref‖ = 0.035435705868814296  α = 0.000458
 263   -22.18680179090      -13.34       -5.90    7.84s
    ‖ρε - ρref‖ = 1.5758223357190524e-6 ‖Δρ‖ = 3.462603716628877e-7  ‖vε - vref‖ = 0.035434763561317556  α = 0.000289
 264   -22.18680179090   +    -Inf       -5.81    10.9s
    ‖ρε - ρref‖ = 1.6881557404284186e-6 ‖Δρ‖ = 3.6018303414530467e-7  ‖vε - vref‖ = 0.03543495202526929  α = 8.84e-5
 265   -22.18680179090   +  -14.45       -5.96    27.5s
    ‖ρε - ρref‖ = 1.6777225963005852e-6 ‖Δρ‖ = 3.3293711390214337e-7  ‖vε - vref‖ = 0.0354349520269726  α = 0.0
 266   -22.18680179090      -14.45       -5.49    16.2s
    ‖ρε - ρref‖ = 1.9515047971295446e-6 ‖Δρ‖ = 1.35829393595079e-6  ‖vε - vref‖ = 0.035434932084627425  α = 8.12e-6
 267   -22.18680179090   +    -Inf       -5.84    53.8s
    ‖ρε - ρref‖ = 2.2841285332481505e-6 ‖Δρ‖ = 7.766547635929222e-7  ‖vε - vref‖ = 0.03543493208362602  α = 3.95e-15
 268   -22.18680179090      -14.45       -3.73    7.99s
    ‖ρε - ρref‖ = 0.0001018205025961265 ‖Δρ‖ = 0.00010049498295197755  ‖vε - vref‖ = 0.03543540462590374  α = 2.59e-7
 269   -22.18680179090   +  -13.97       -5.81    7.92s
    ‖ρε - ρref‖ = 1.6532822150905164e-6 ‖Δρ‖ = 5.123223188841551e-7  ‖vε - vref‖ = 0.035435373062432295  α = 0.000121
 270   -22.18680179090      -13.75       -6.06    13.8s
    ‖ρε - ρref‖ = 1.6293834978232305e-6 ‖Δρ‖ = 1.9968307603503364e-7  ‖vε - vref‖ = 0.035434633662112164  α = 0.000507
 271   -22.18680179090      -13.97       -6.03    8.12s
    ‖ρε - ρref‖ = 1.6175164671684131e-6 ‖Δρ‖ = 2.522122108956804e-7  ‖vε - vref‖ = 0.03543258976019889  α = 0.000312
 272   -22.18680179090      -14.15       -5.82    8.57s
    ‖ρε - ρref‖ = 1.5524000575966172e-6 ‖Δρ‖ = 3.9421028141196474e-7  ‖vε - vref‖ = 0.03542958528168239  α = 0.000207
 273   -22.18680179090      -13.85       -6.17    13.2s
    ‖ρε - ρref‖ = 1.6038497514836242e-6 ‖Δρ‖ = 1.2858444384508504e-7  ‖vε - vref‖ = 0.03542515257602003  α = 0.00101
    Stopping to avoid numerical instabilities.
 274   -22.18680179090      -14.15       -6.17    8.54s
    ‖ρε - ρref‖ = 1.6054962021411192e-6 ‖Δρ‖ = 1.573699457175711e-7  ‖vε - vref‖ = 0.035423399827147456  α = 0.000594

#-- ‖ρε - ρref‖ = 1.6009946012656166e-6 vs. 5.62341325190349e-9 = δ*ε ‖vε - vref‖ = 0.03542417111779239


# --- ε=3.162277660168379e-7

n     Energy            log10(ΔE)   log10(Δρ)   Δtime 
---   ---------------   ---------   ---------   ------
  1   -22.18679979530                   -0.89    13.5s
    ‖ρε - ρref‖ = 0.08213434233958809 ‖Δρ‖ = 0.08213358606740244  ‖vε - vref‖ = 1.3110316257807033  α = 7.84e-6
  2   -22.18679990051       -6.98       -1.97    8.07s
    ‖ρε - ρref‖ = 0.0043993021802676115 ‖Δρ‖ = 0.00439908988257006  ‖vε - vref‖ = 0.9379836617137689  α = 5.25e-5
  3   -22.18679994485       -7.35       -2.19    12.1s
    ‖ρε - ρref‖ = 0.0022596159624066713 ‖Δρ‖ = 0.0022594120170344118  ‖vε - vref‖ = 0.7684339244945847  α = 6.83e-5
  4   -22.18679997482       -7.52       -2.20    7.65s
    ‖ρε - ρref‖ = 0.0024042800853550364 ‖Δρ‖ = 0.0024041035936800373  ‖vε - vref‖ = 0.5959635115085816  α = 5.1e-5
  5   -22.18679999990       -7.60       -2.78    8.42s
    ‖ρε - ρref‖ = 0.0004319570339043978 ‖Δρ‖ = 0.00043179015529468215  ‖vε - vref‖ = 0.43531168732960457  α = 0.000278
  6   -22.18680000690       -8.15       -2.84    13.0s
    ‖ρε - ρref‖ = 0.0004610145710008135 ‖Δρ‖ = 0.0004609189660187996  ‖vε - vref‖ = 0.37478443304244946  α = 0.000134
  7   -22.18680001355       -8.18       -2.95    8.51s
    ‖ρε - ρref‖ = 0.00028774818008616294 ‖Δρ‖ = 0.00028767333421342246  ‖vε - vref‖ = 0.31087220915616043  α = 0.000215
  8   -22.18680001849       -8.31       -3.34    7.93s
    ‖ρε - ρref‖ = 0.00010894810728837823 ‖Δρ‖ = 0.00010887025633674658  ‖vε - vref‖ = 0.25416706278664997  α = 0.000487
  9   -22.18680002121       -8.56       -3.40    8.03s
    ‖ρε - ρref‖ = 9.13760303258608e-5 ‖Δρ‖ = 9.1335438824675e-5  ‖vε - vref‖ = 0.21623521108437693  α = 0.000435
 10   -22.18680002272       -8.82       -3.48    13.8s
    ‖ρε - ρref‖ = 7.661533920822075e-5 ‖Δρ‖ = 7.65496068079966e-5  ‖vε - vref‖ = 0.19289485045409754  α = 0.000387
 11   -22.18680002410       -8.86       -3.56    8.08s
    ‖ρε - ρref‖ = 5.992226874809672e-5 ‖Δρ‖ = 5.98822134804296e-5  ‖vε - vref‖ = 0.16881802353592346  α = 0.000478
 12   -22.18680002415      -10.32       -3.30    7.81s
    ‖ρε - ρref‖ = 0.00030101202383601885 ‖Δρ‖ = 0.00030023840334382577  ‖vε - vref‖ = 0.16781729186912964  α = 1.37e-5
 13   -22.18680002507       -9.04       -3.52    12.4s
    ‖ρε - ρref‖ = 6.602634532665149e-5 ‖Δρ‖ = 6.60078417611675e-5  ‖vε - vref‖ = 0.1504509063216105  α = 0.000352
 14   -22.18680002536       -9.53       -3.43    8.74s
    ‖ρε - ρref‖ = 0.00011574989586981981 ‖Δρ‖ = 0.0001158380266255782  ‖vε - vref‖ = 0.1447491165338219  α = 0.000107
 15   -22.18680002580       -9.35       -3.14    8.70s
    ‖ρε - ρref‖ = 0.0001937673224687752 ‖Δρ‖ = 0.0001937720858399526  ‖vε - vref‖ = 0.13582257052942656  α = 7.99e-5
 16   -22.18680002625       -9.35       -3.07    8.77s
    ‖ρε - ρref‖ = 0.00021929251077526358 ‖Δρ‖ = 0.00021920827409704699  ‖vε - vref‖ = 0.12439651751064836  α = 6.99e-5
 17   -22.18680002678       -9.28       -3.81    12.4s
    ‖ρε - ρref‖ = 3.457431167713308e-5 ‖Δρ‖ = 3.445809547569581e-5  ‖vε - vref‖ = 0.11116244224921  α = 0.00051
 18   -22.18680002697       -9.71       -3.62    8.39s
    ‖ρε - ρref‖ = 6.892184458094697e-5 ‖Δρ‖ = 6.89805243543253e-5  ‖vε - vref‖ = 0.1057512460724513  α = 0.000149
 19   -22.18680002723       -9.58       -3.74    8.94s
    ‖ρε - ρref‖ = 4.4452797982292665e-5 ‖Δρ‖ = 4.454069531167491e-5  ‖vε - vref‖ = 0.09864361982057943  α = 0.000273
 20   -22.18680002765       -9.38       -3.69    8.72s
    ‖ρε - ρref‖ = 4.156108987095565e-5 ‖Δρ‖ = 4.146619119978466e-5  ‖vε - vref‖ = 0.08489854655882  α = 0.000377
 21   -22.18680002797       -9.50       -4.28    14.2s
    ‖ρε - ρref‖ = 1.0224405970225182e-5 ‖Δρ‖ = 1.0100353088056863e-5  ‖vε - vref‖ = 0.07435649624686996  α = 0.00134
 22   -22.18680002815       -9.75       -3.82    8.55s
    ‖ρε - ρref‖ = 3.373635375592435e-5 ‖Δρ‖ = 3.37900129016397e-5  ‖vε - vref‖ = 0.06685145011099511  α = 0.000296
 23   -22.18680002828       -9.88       -4.14    8.52s
    ‖ρε - ρref‖ = 1.4713320723311539e-5 ‖Δρ‖ = 1.4698221606681958e-5  ‖vε - vref‖ = 0.06122369739972001  α = 0.000603
 24   -22.18680002836      -10.07       -4.06    13.9s
    ‖ρε - ρref‖ = 1.9694414069497746e-5 ‖Δρ‖ = 1.934446040413652e-5  ‖vε - vref‖ = 0.057995849787378505  α = 0.000347
 25   -22.18680002839      -10.60       -3.03    8.62s
    ‖ρε - ρref‖ = 0.0003044265275018669 ‖Δρ‖ = 0.0003050241905312929  ‖vε - vref‖ = 0.05603183099678453  α = 1.05e-5
 26   -22.18680002848      -10.05       -4.14    8.62s
    ‖ρε - ρref‖ = 1.448749283142762e-5 ‖Δρ‖ = 1.4434616668174835e-5  ‖vε - vref‖ = 0.05159218592508431  α = 0.000505
 27   -22.18680002849      -10.88       -4.07    8.84s
    ‖ρε - ρref‖ = 2.905285468464734e-5 ‖Δρ‖ = 2.91819184179341e-5  ‖vε - vref‖ = 0.050928478645990836  α = 8.78e-5
 28   -22.18680002857      -10.09       -4.18    13.3s
    ‖ρε - ρref‖ = 1.2499610561565695e-5 ‖Δρ‖ = 1.2437658240294062e-5  ‖vε - vref‖ = 0.04671559402672986  α = 0.000557
 29   -22.18680002860      -10.66       -3.94    8.94s
    ‖ρε - ρref‖ = 3.182068372667135e-5 ‖Δρ‖ = 3.177338041055284e-5  ‖vε - vref‖ = 0.0456106571282505  α = 0.000108
 30   -22.18680002863      -10.46       -3.57    8.80s
    ‖ρε - ρref‖ = 6.245797333270892e-5 ‖Δρ‖ = 6.235328850447738e-5  ‖vε - vref‖ = 0.04353444599652548  α = 7.05e-5
 31   -22.18680002864      -10.92       -4.16    13.4s
    ‖ρε - ρref‖ = 2.028226786463623e-5 ‖Δρ‖ = 2.0330011659626257e-5  ‖vε - vref‖ = 0.042783809224016284  α = 0.000126
 32   -22.18680002867      -10.56       -4.42    8.89s
    ‖ρε - ρref‖ = 8.729736636755816e-6 ‖Δρ‖ = 8.866801483571654e-6  ‖vε - vref‖ = 0.04126219389882707  α = 0.000443
 33   -22.18680002871      -10.41       -4.19    8.21s
    ‖ρε - ρref‖ = 1.2580716966022823e-5 ‖Δρ‖ = 1.2490565190665419e-5  ‖vε - vref‖ = 0.038995197104718195  α = 0.000381
 34   -22.18680002874      -10.46       -4.35    9.03s
    ‖ρε - ρref‖ = 8.637582163116588e-6 ‖Δρ‖ = 8.479286918509128e-6  ‖vε - vref‖ = 0.036979541691498176  α = 0.000532
 35   -22.18680002877      -10.61       -4.49    13.6s
    ‖ρε - ρref‖ = 6.32601247623236e-6 ‖Δρ‖ = 6.251062331439262e-6  ‖vε - vref‖ = 0.03549445021881468  α = 0.000608
 36   -22.18680002877      -11.50       -4.55    8.67s
    ‖ρε - ρref‖ = 8.729086492987474e-6 ‖Δρ‖ = 9.249894063688727e-6  ‖vε - vref‖ = 0.03541015172054919  α = 0.000125
 37   -22.18680002878      -11.20       -3.57    8.27s
    ‖ρε - ρref‖ = 7.288508297611008e-5 ‖Δρ‖ = 7.24921267880858e-5  ‖vε - vref‖ = 0.03493986547460823  α = 2.44e-5
 38   -22.18680002880      -10.70       -4.58    8.89s
    ‖ρε - ρref‖ = 4.6514893115087646e-6 ‖Δρ‖ = 4.653742204208838e-6  ‖vε - vref‖ = 0.03373408187869009  α = 0.000741
 39   -22.18680002880      -11.26       -4.58    13.7s
    ‖ρε - ρref‖ = 7.086369633451974e-6 ‖Δρ‖ = 6.920304808017573e-6  ‖vε - vref‖ = 0.03349561742854443  α = 0.000245
 40   -22.18680002882      -10.91       -4.08    8.75s
    ‖ρε - ρref‖ = 1.6572404876726265e-5 ‖Δρ‖ = 1.6606013203878732e-5  ‖vε - vref‖ = 0.032728811872012625  α = 0.000155
 41   -22.18680002882      -11.33       -4.46    8.08s
    ‖ρε - ρref‖ = 9.232944654592435e-6 ‖Δρ‖ = 9.103916259473114e-6  ‖vε - vref‖ = 0.03249672504104824  α = 0.000174
 42   -22.18680002882      -11.40       -3.93    13.2s
    ‖ρε - ρref‖ = 3.145624615353586e-5 ‖Δρ‖ = 3.1394555681006314e-5  ‖vε - vref‖ = 0.03223540468400822  α = 4.68e-5
 43   -22.18680002883      -11.33       -4.79    8.09s
    ‖ρε - ρref‖ = 3.986075408170417e-6 ‖Δρ‖ = 3.831757021263921e-6  ‖vε - vref‖ = 0.03202650366039393  α = 0.00042
 44   -22.18680002883      -11.23       -4.30    8.78s
    ‖ρε - ρref‖ = 1.067238823796788e-5 ‖Δρ‖ = 1.0671538668009666e-5  ‖vε - vref‖ = 0.03170032288999552  α = 0.000172
 45   -22.18680002884      -11.26       -4.73    8.18s
    ‖ρε - ρref‖ = 3.820305602600365e-6 ‖Δρ‖ = 3.85721157761699e-6  ‖vε - vref‖ = 0.03140530767775299  α = 0.000458
 46   -22.18680002885      -11.24       -4.57    13.8s
    ‖ρε - ρref‖ = 5.466705939106489e-6 ‖Δρ‖ = 5.259574661226428e-6  ‖vε - vref‖ = 0.031151464410043343  α = 0.000348
 47   -22.18680002885      -11.32       -4.84    8.33s
    ‖ρε - ρref‖ = 3.0025511704090597e-6 ‖Δρ‖ = 2.7863138918730042e-6  ‖vε - vref‖ = 0.030944196390618045  α = 0.000601
 48   -22.18680002885      -12.57       -4.50    7.66s
    ‖ρε - ρref‖ = 1.4046507661306817e-5 ‖Δρ‖ = 1.4780361809811097e-5  ‖vε - vref‖ = 0.030930001942767668  α = 2.17e-5
 49   -22.18680002885      -11.43       -4.38    8.26s
    ‖ρε - ρref‖ = 8.76424809270372e-6 ‖Δρ‖ = 8.669689599761911e-6  ‖vε - vref‖ = 0.030740048138146875  α = 0.000169
 50   -22.18680002886      -11.11       -5.09    13.0s
    ‖ρε - ρref‖ = 1.5438309919398799e-6 ‖Δρ‖ = 1.2784675868778862e-6  ‖vε - vref‖ = 0.030438093320978563  α = 0.00167
 51   -22.18680002886      -11.89       -4.71    8.45s
    ‖ρε - ρref‖ = 5.806554184525928e-6 ‖Δρ‖ = 5.646718428879985e-6  ‖vε - vref‖ = 0.03039027324087854  α = 0.000142
 52   -22.18680002886      -11.83       -4.51    8.79s
    ‖ρε - ρref‖ = 7.775235158761954e-6 ‖Δρ‖ = 7.816930614751153e-6  ‖vε - vref‖ = 0.030330405909880145  α = 0.000116
 53   -22.18680002887      -12.02       -4.79    14.2s
    ‖ρε - ρref‖ = 4.6917632677279956e-6 ‖Δρ‖ = 4.537231180699521e-6  ‖vε - vref‖ = 0.030322643414408323  α = 0.000157
 54   -22.18680002887      -11.66       -4.20    8.72s
    ‖ρε - ρref‖ = 1.3354342406345376e-5 ‖Δρ‖ = 1.3247389338582662e-5  ‖vε - vref‖ = 0.030257919385505073  α = 8.4e-5
 55   -22.18680002887      -11.53       -4.96    7.88s
    ‖ρε - ρref‖ = 2.296314881284388e-6 ‖Δρ‖ = 2.1112854671532307e-6  ‖vε - vref‖ = 0.030184184502892706  α = 0.000619
 56   -22.18680002887      -12.05       -4.68    8.21s
    ‖ρε - ρref‖ = 5.572507658434148e-6 ‖Δρ‖ = 5.541492051282081e-6  ‖vε - vref‖ = 0.030156059460739085  α = 0.000127
 57   -22.18680002887      -11.75       -4.90    12.9s
    ‖ρε - ρref‖ = 2.696852965774899e-6 ‖Δρ‖ = 2.5587909135193124e-6  ‖vε - vref‖ = 0.030113118960324377  α = 0.000394
 58   -22.18680002888      -11.66       -4.99    8.22s
    ‖ρε - ρref‖ = 2.147493188488608e-6 ‖Δρ‖ = 1.9277563806447324e-6  ‖vε - vref‖ = 0.030065900172067044  α = 0.000588
 59   -22.18680002888      -11.95       -4.99    8.67s
    ‖ρε - ρref‖ = 2.73843683986891e-6 ‖Δρ‖ = 2.2684859492275115e-6  ‖vε - vref‖ = 0.03007804554600851  α = 0.000332
 60   -22.18680002888      -12.23       -3.80    8.31s
    ‖ρε - ρref‖ = 4.159565919763235e-5 ‖Δρ‖ = 4.217000348995216e-5  ‖vε - vref‖ = 0.030027973484067164  α = 1.23e-5
 61   -22.18680002888      -11.90       -5.15    13.7s
    ‖ρε - ρref‖ = 1.5764864579006787e-6 ‖Δρ‖ = 1.4361001861129895e-6  ‖vε - vref‖ = 0.030011375219210386  α = 0.000595
 62   -22.18680002888      -11.90       -4.87    8.88s
    ‖ρε - ρref‖ = 3.000938550174176e-6 ‖Δρ‖ = 2.7136743575025535e-6  ‖vε - vref‖ = 0.030022409999113032  α = 0.000313
 63   -22.18680002888      -12.33       -5.26    8.21s
    ‖ρε - ρref‖ = 1.8286257635252054e-6 ‖Δρ‖ = 1.4380418461225528e-6  ‖vε - vref‖ = 0.030042099148329345  α = 0.000356
 64   -22.18680002888      -12.02       -4.60    13.3s
    ‖ρε - ρref‖ = 5.45716228759421e-6 ‖Δρ‖ = 5.422525647151263e-6  ‖vε - vref‖ = 0.0300522197393265  α = 0.000134
 65   -22.18680002888      -12.52       -4.71    8.63s
    ‖ρε - ρref‖ = 6.253849487726774e-6 ‖Δρ‖ = 6.196302600794528e-6  ‖vε - vref‖ = 0.030062597401843066  α = 6.43e-5
 66   -22.18680002888      -11.86       -4.62    8.93s
    ‖ρε - ρref‖ = 4.605200536018003e-6 ‖Δρ‖ = 4.568583000852348e-6  ‖vε - vref‖ = 0.0300680554619353  α = 0.000194
 67   -22.18680002888      -11.85       -5.17    8.25s
    ‖ρε - ρref‖ = 1.5504010736716562e-6 ‖Δρ‖ = 1.2378694211314586e-6  ‖vε - vref‖ = 0.030095487281124995  α = 0.000736
 68   -22.18680002888      -12.53       -4.97    13.9s
    ‖ρε - ρref‖ = 3.2001755395814947e-6 ‖Δρ‖ = 3.1072590621668327e-6  ‖vε - vref‖ = 0.03010011812516939  α = 0.000131
 69   -22.18680002889      -12.18       -5.17    8.68s
    ‖ρε - ρref‖ = 1.7541679750423354e-6 ‖Δρ‖ = 1.5309848500636633e-6  ‖vε - vref‖ = 0.03011985485966185  α = 0.000398
 70   -22.18680002889      -11.87       -4.99    7.83s
    ‖ρε - ρref‖ = 1.9839703504859235e-6 ‖Δρ‖ = 1.7728685701680333e-6  ‖vε - vref‖ = 0.03016088270985173  α = 0.000499
 71   -22.18680002889      -13.45       -5.03    7.81s
    ‖ρε - ρref‖ = 5.552494574815981e-6 ‖Δρ‖ = 4.7868855552957094e-6  ‖vε - vref‖ = 0.030164179358755296  α = 2.26e-5
 72   -22.18680002889      -12.19       -4.95    13.3s
    ‖ρε - ρref‖ = 2.5646661231140655e-6 ‖Δρ‖ = 2.499119829404834e-6  ‖vε - vref‖ = 0.030186126949042876  α = 0.000242
 73   -22.18680002889      -12.11       -5.23    7.99s
    ‖ρε - ρref‖ = 1.439777396792605e-6 ‖Δρ‖ = 1.2047723804588128e-6  ‖vε - vref‖ = 0.030219519488719253  α = 0.000559
 74   -22.18680002889      -12.02       -5.23    8.23s
    ‖ρε - ρref‖ = 1.4263227456488432e-6 ‖Δρ‖ = 1.0952012898469114e-6  ‖vε - vref‖ = 0.030278282070499835  α = 0.000687
 75   -22.18680002889      -12.83       -5.15    8.68s
    ‖ρε - ρref‖ = 2.752807074990551e-6 ‖Δρ‖ = 2.4130638281306738e-6  ‖vε - vref‖ = 0.03029210463383296  α = 0.00011
 76   -22.18680002889      -12.26       -5.03    14.2s
    ‖ρε - ρref‖ = 2.36045765277714e-6 ‖Δρ‖ = 2.0842089095607052e-6  ‖vε - vref‖ = 0.03034287749349429  α = 0.00026
 77   -22.18680002889      -12.33       -4.36    8.53s
    ‖ρε - ρref‖ = 1.024123614526394e-5 ‖Δρ‖ = 1.0135639566169824e-5  ‖vε - vref‖ = 0.03038327057512288  α = 4.96e-5
 78   -22.18680002889      -12.31       -4.96    7.75s
    ‖ρε - ρref‖ = 2.430609782854469e-6 ‖Δρ‖ = 2.422492177524207e-6  ‖vε - vref‖ = 0.030406165995637644  α = 0.000218
 79   -22.18680002889      -12.40       -5.43    13.5s
    ‖ρε - ρref‖ = 1.1952580107407212e-6 ‖Δρ‖ = 8.271316753345487e-7  ‖vε - vref‖ = 0.030432412719334164  α = 0.000571
 80   -22.18680002889      -12.34       -5.23    8.26s
    ‖ρε - ρref‖ = 1.5298977283832807e-6 ‖Δρ‖ = 1.2722705042550283e-6  ‖vε - vref‖ = 0.03046814866556421  α = 0.000402
 81   -22.18680002889      -12.49       -4.87    8.71s
    ‖ρε - ρref‖ = 3.3812972197816927e-6 ‖Δρ‖ = 3.243979855534985e-6  ‖vε - vref‖ = 0.03049528216273284  α = 0.000133
 82   -22.18680002889      -12.21       -5.47    7.67s
    ‖ρε - ρref‖ = 9.313787383078965e-7 ‖Δρ‖ = 7.111487568227038e-7  ‖vε - vref‖ = 0.030568000140080962  α = 0.000786
 83   -22.18680002889      -12.53       -3.95    13.1s
    ‖ρε - ρref‖ = 3.033851176149079e-5 ‖Δρ‖ = 2.9729532232205038e-5  ‖vε - vref‖ = 0.030587851289336863  α = 1.17e-5
 84   -22.18680002889      -12.29       -5.18    7.94s
    ‖ρε - ρref‖ = 1.752727556394995e-6 ‖Δρ‖ = 1.4696628240489129e-6  ‖vε - vref‖ = 0.030638241799350215  α = 0.000366
 85   -22.18680002889      -12.10       -5.24    7.96s
    ‖ρε - ρref‖ = 1.3930826022815322e-6 ‖Δρ‖ = 1.1155177144323335e-6  ‖vε - vref‖ = 0.03070561746017032  α = 0.000604
 86   -22.18680002890      -12.21       -5.38    8.34s
    ‖ρε - ρref‖ = 1.235935587669106e-6 ‖Δρ‖ = 8.79462820124714e-7  ‖vε - vref‖ = 0.030763578080424823  α = 0.000674
 87   -22.18680002890      -12.75       -5.06    14.1s
    ‖ρε - ρref‖ = 2.840226433816096e-6 ‖Δρ‖ = 2.547021864199099e-6  ‖vε - vref‖ = 0.030783520857140124  α = 0.000121
 88   -22.18680002890      -12.60       -4.81    8.36s
    ‖ρε - ρref‖ = 4.226752846288929e-6 ‖Δρ‖ = 4.106589516927281e-6  ‖vε - vref‖ = 0.03080458708393397  α = 8.68e-5
 89   -22.18680002890      -12.89       -4.75    7.63s
    ‖ρε - ρref‖ = 5.441857439917414e-6 ‖Δρ‖ = 5.392441715726625e-6  ‖vε - vref‖ = 0.030817386110270826  α = 4.98e-5
 90   -22.18680002890      -12.17       -5.48    14.2s
    ‖ρε - ρref‖ = 1.0829770061159856e-6 ‖Δρ‖ = 6.373599215019566e-7  ‖vε - vref‖ = 0.03087276635958792  α = 0.000991
 91   -22.18680002890      -12.22       -5.31    8.72s
    ‖ρε - ρref‖ = 1.3039245647568024e-6 ‖Δρ‖ = 9.793278169296769e-7  ‖vε - vref‖ = 0.03091973101151564  α = 0.000602
 92   -22.18680002890      -12.60       -5.29    8.45s
    ‖ρε - ρref‖ = 1.6836531837237456e-6 ‖Δρ‖ = 1.3356662147579535e-6  ‖vε - vref‖ = 0.030945918437749426  α = 0.000282
 93   -22.18680002890      -12.47       -5.07    8.62s
    ‖ρε - ρref‖ = 2.3498479268908944e-6 ‖Δρ‖ = 2.0458203803370134e-6  ‖vε - vref‖ = 0.030980363231028228  α = 0.000212
 94   -22.18680002890      -13.11       -5.01    14.1s
    ‖ρε - ρref‖ = 3.2935157152850044e-6 ‖Δρ‖ = 4.019175689330325e-6  ‖vε - vref‖ = 0.030984224468601065  α = 3.93e-5
 95   -22.18680002890      -12.43       -4.52    7.69s
    ‖ρε - ρref‖ = 7.261512849494514e-6 ‖Δρ‖ = 7.179263483011489e-6  ‖vε - vref‖ = 0.031008560396034883  α = 6.44e-5
 96   -22.18680002890      -12.04       -5.32    8.87s
    ‖ρε - ρref‖ = 1.29867451310707e-6 ‖Δρ‖ = 9.075470151026051e-7  ‖vε - vref‖ = 0.0310907629829574  α = 0.000797
 97   -22.18680002890      -12.19       -5.14    8.31s
    ‖ρε - ρref‖ = 1.8557544935462281e-6 ‖Δρ‖ = 1.5205844128856768e-6  ‖vε - vref‖ = 0.031150999964588054  α = 0.000398
 98   -22.18680002890      -12.16       -5.43    13.7s
    ‖ρε - ρref‖ = 1.1143602064079691e-6 ‖Δρ‖ = 7.502119130562333e-7  ‖vε - vref‖ = 0.03118890467556856  α = 0.000815
 99   -22.18680002890      -12.60       -5.00    8.49s
    ‖ρε - ρref‖ = 2.852339973600026e-6 ‖Δρ‖ = 2.6582754181748403e-6  ‖vε - vref‖ = 0.031208453188654502  α = 0.000147
 100   -22.18680002890      -12.51       -4.61    8.79s
    ‖ρε - ρref‖ = 6.63441268992305e-6 ‖Δρ‖ = 6.628559768232669e-6  ‖vε - vref‖ = 0.031220549952755028  α = 5.98e-5
 101   -22.18680002890      -12.80       -4.94    8.71s
    ‖ρε - ρref‖ = 3.89635133190459e-6 ‖Δρ‖ = 3.901728446021562e-6  ‖vε - vref‖ = 0.03122984234797107  α = 6.93e-5
 102   -22.18680002890      -12.07       -5.26    14.0s
    ‖ρε - ρref‖ = 1.459181336962246e-6 ‖Δρ‖ = 1.0939591561516563e-6  ‖vε - vref‖ = 0.031290313063893724  α = 0.000631
 103   -22.18680002890      -12.18       -5.34    8.34s
    ‖ρε - ρref‖ = 1.332118678358671e-6 ‖Δρ‖ = 9.569983515218864e-7  ‖vε - vref‖ = 0.03133682395253043  α = 0.000642
 104   -22.18680002890      -12.20       -5.27    9.01s
    ‖ρε - ρref‖ = 1.5352132461509295e-6 ‖Δρ‖ = 1.1924670033113224e-6  ‖vε - vref‖ = 0.03137390279062953  α = 0.000501
 105   -22.18680002890      -12.54       -5.17    8.76s
    ‖ρε - ρref‖ = 2.5720149623000775e-6 ‖Δρ‖ = 1.9983481475767645e-6  ‖vε - vref‖ = 0.0313992999252521  α = 0.00018
 106   -22.18680002890      -12.56       -4.16    14.0s
    ‖ρε - ρref‖ = 1.988534417933412e-5 ‖Δρ‖ = 2.037698809630826e-5  ‖vε - vref‖ = 0.03140003962227583  α = 1.71e-5
 107   -22.18680002890      -11.90       -4.70    8.81s
    ‖ρε - ρref‖ = 3.583501957368633e-6 ‖Δρ‖ = 3.5154235870755455e-6  ‖vε - vref‖ = 0.03142565379551162  α = 0.00024
 108   -22.18680002891      -12.39       -5.61    8.66s
    ‖ρε - ρref‖ = 9.623913343600443e-7 ‖Δρ‖ = 5.65275014929606e-7  ‖vε - vref‖ = 0.03143363545151564  α = 0.000861
 109   -22.18680002891      -12.09       -5.13    12.7s
    ‖ρε - ρref‖ = 1.8061185823190962e-6 ‖Δρ‖ = 1.4234574685253007e-6  ‖vε - vref‖ = 0.03147942062023333  α = 0.000474
 110   -22.18680002891      -12.42       -5.25    7.92s
    ‖ρε - ρref‖ = 1.6478294516022946e-6 ‖Δρ‖ = 1.3422667976732252e-6  ‖vε - vref‖ = 0.0314968210817961  α = 0.000339
 111   -22.18680002891      -13.09       -5.12    8.07s
    ‖ρε - ρref‖ = 2.93286514064914e-6 ‖Δρ‖ = 2.6997389900217996e-6  ‖vε - vref‖ = 0.03150293587576746  α = 8.09e-5
 112   -22.18680002891      -12.27       -4.96    8.13s
    ‖ρε - ρref‖ = 2.6668652603185496e-6 ‖Δρ‖ = 2.443331255524505e-6  ‖vε - vref‖ = 0.031518300635016136  α = 0.000214
 113   -22.18680002891      -12.45       -4.63    13.9s
    ‖ρε - ρref‖ = 5.793848995280462e-6 ‖Δρ‖ = 5.818638847239243e-6  ‖vε - vref‖ = 0.03152031388063325  α = 7.45e-5
 114   -22.18680002891      -12.26       -5.20    7.60s
    ‖ρε - ρref‖ = 1.5349335123404038e-6 ‖Δρ‖ = 1.288775832952248e-6  ‖vε - vref‖ = 0.03151776769034065  α = 0.000438
 115   -22.18680002891      -12.31       -5.16    8.54s
    ‖ρε - ρref‖ = 1.6111798055672845e-6 ‖Δρ‖ = 1.4279738108973535e-6  ‖vε - vref‖ = 0.03151147452246897  α = 0.000375
 116   -22.18680002891      -12.23       -5.51    7.60s
    ‖ρε - ρref‖ = 1.0365946896655986e-6 ‖Δρ‖ = 5.996136792769297e-7  ‖vε - vref‖ = 0.031521198503489584  α = 0.000955
 117   -22.18680002891      -13.37       -4.70    13.1s
    ‖ρε - ρref‖ = 1.0306601714139075e-5 ‖Δρ‖ = 9.542797046120817e-6  ‖vε - vref‖ = 0.031522368656862275  α = 1.14e-5
 118   -22.18680002891      -12.63       -5.12    8.83s
    ‖ρε - ρref‖ = 2.120948528651729e-6 ‖Δρ‖ = 1.8714809517336572e-6  ‖vε - vref‖ = 0.0315296777921181  α = 0.000193
 119   -22.18680002891      -12.73       -5.14    8.18s
    ‖ρε - ρref‖ = 2.2427966082443456e-6 ‖Δρ‖ = 1.983303842313091e-6  ‖vε - vref‖ = 0.03153342878829013  α = 0.000167
 120   -22.18680002891      -12.31       -5.32    7.78s
    ‖ρε - ρref‖ = 1.307300580791403e-6 ‖Δρ‖ = 9.254385958099588e-7  ‖vε - vref‖ = 0.03153245969437626  α = 0.000578
 121   -22.18680002891      -12.20       -5.56    12.9s
    ‖ρε - ρref‖ = 9.592885222188919e-7 ‖Δρ‖ = 5.117993758553191e-7  ‖vε - vref‖ = 0.03149414307835685  α = 0.00117
 122   -22.18680002891      -12.68       -5.41    8.10s
    ‖ρε - ρref‖ = 1.3851817132997895e-6 ‖Δρ‖ = 9.468729609989403e-7  ‖vε - vref‖ = 0.031491760788494645  α = 0.000358
 123   -22.18680002891      -13.00       -4.78    8.22s
    ‖ρε - ρref‖ = 5.47274699329026e-6 ‖Δρ‖ = 5.272803822083064e-6  ‖vε - vref‖ = 0.031491759826281066  α = 4.24e-5
 124   -22.18680002891      -12.65       -5.19    7.70s
    ‖ρε - ρref‖ = 1.7741390754082782e-6 ‖Δρ‖ = 1.5199881189922575e-6  ‖vε - vref‖ = 0.03148144400942289  α = 0.000236
 125   -22.18680002891      -12.69       -4.86    13.0s
    ‖ρε - ρref‖ = 3.476398809023031e-6 ‖Δρ‖ = 3.533189167408923e-6  ‖vε - vref‖ = 0.03146875852678634  α = 9.03e-5
 126   -22.18680002891      -12.49       -5.25    7.97s
    ‖ρε - ρref‖ = 1.5216316661098513e-6 ‖Δρ‖ = 1.1715019004096171e-6  ‖vε - vref‖ = 0.031455620569592925  α = 0.000364
 127   -22.18680002891      -12.50       -5.43    8.51s
    ‖ρε - ρref‖ = 1.2226329678055182e-6 ‖Δρ‖ = 7.946876983331089e-7  ‖vε - vref‖ = 0.03144280177630681  α = 0.00051
 128   -22.18680002891      -12.88       -5.45    13.9s
    ‖ρε - ρref‖ = 9.570766018168862e-7 ‖Δρ‖ = 8.685004124701816e-7  ‖vε - vref‖ = 0.03143561387815853  α = 0.000312
 129   -22.18680002891      -13.11       -4.29    8.34s
    ‖ρε - ρref‖ = 1.5438439504002792e-5 ‖Δρ‖ = 1.4862852409881276e-5  ‖vε - vref‖ = 0.03143001317979227  α = 1.25e-5
 130   -22.18680002891      -12.69       -5.41    8.82s
    ‖ρε - ρref‖ = 1.184995859393487e-6 ‖Δρ‖ = 8.149371789598456e-7  ‖vε - vref‖ = 0.03141597170593802  α = 0.000414
 131   -22.18680002891      -12.84       -5.43    8.73s
    ‖ρε - ρref‖ = 1.2405661108312255e-6 ‖Δρ‖ = 8.946167814107094e-7  ‖vε - vref‖ = 0.03140498392746963  α = 0.000331
 132   -22.18680002891      -12.62       -5.06    14.1s
    ‖ρε - ρref‖ = 2.0449228554754037e-6 ‖Δρ‖ = 1.8264308665780724e-6  ‖vε - vref‖ = 0.031389776160161455  α = 0.000204
 133   -22.18680002891      -12.52       -5.44    8.50s
    ‖ρε - ρref‖ = 1.1706786964164595e-6 ‖Δρ‖ = 7.0563470197897e-7  ‖vε - vref‖ = 0.03137475026685746  α = 0.000578
 134   -22.18680002891      -12.79       -5.59    8.08s
    ‖ρε - ρref‖ = 1.0924470759482787e-6 ‖Δρ‖ = 5.750772786984451e-7  ‖vε - vref‖ = 0.031362741925515136  α = 0.000545
 135   -22.18680002891      -13.22       -4.90    8.42s
    ‖ρε - ρref‖ = 4.248357182204379e-6 ‖Δρ‖ = 4.089194922109652e-6  ‖vε - vref‖ = 0.03135992392344975  α = 4.1e-5
 136   -22.18680002891      -12.57       -5.27    14.0s
    ‖ρε - ρref‖ = 1.37379797916144e-6 ‖Δρ‖ = 1.055647865045343e-6  ‖vε - vref‖ = 0.031331773618481135  α = 0.000379
 137   -22.18680002891      -13.75       -5.14    8.46s
    ‖ρε - ρref‖ = 2.509666885340366e-6 ‖Δρ‖ = 2.510191695630902e-6  ‖vε - vref‖ = 0.03132605801497681  α = 5.84e-5
 138   -22.18680002891      -12.29       -5.87    8.84s
    ‖ρε - ρref‖ = 8.867051544951924e-7 ‖Δρ‖ = 2.3644719718633057e-7  ‖vε - vref‖ = 0.0312652332819861  α = 0.00221
 139   -22.18680002891      -12.68       -5.29    8.76s
    ‖ρε - ρref‖ = 1.6509656758764092e-6 ‖Δρ‖ = 1.140938703016165e-6  ‖vε - vref‖ = 0.03125525302939726  α = 0.000303
 140   -22.18680002891      -13.60       -5.09    14.7s
    ‖ρε - ρref‖ = 3.1727362734167227e-6 ‖Δρ‖ = 3.814760740594839e-6  ‖vε - vref‖ = 0.03125295538569618  α = 2.16e-5
 141   -22.18680002891      -12.48       -5.01    8.66s
    ‖ρε - ρref‖ = 2.2220839674614723e-6 ‖Δρ‖ = 1.8884605476982323e-6  ‖vε - vref‖ = 0.031233181891077877  α = 0.00023
 142   -22.18680002891      -12.68       -5.36    8.60s
    ‖ρε - ρref‖ = 1.3442238231710737e-6 ‖Δρ‖ = 9.673783928698054e-7  ‖vε - vref‖ = 0.031217515250704084  α = 0.000346
 143   -22.18680002892      -12.86       -5.51    8.40s
    ‖ρε - ρref‖ = 1.1463350987551574e-6 ‖Δρ‖ = 7.637283104175252e-7  ‖vε - vref‖ = 0.031202555886403895  α = 0.000356
 144   -22.18680002892      -12.82       -5.15    14.1s
    ‖ρε - ρref‖ = 1.8379256516942794e-6 ‖Δρ‖ = 1.6205087705223934e-6  ‖vε - vref‖ = 0.031183370015411854  α = 0.000194
 145   -22.18680002892      -12.60       -5.33    8.42s
    ‖ρε - ρref‖ = 1.3009414131990994e-6 ‖Δρ‖ = 9.349622692303713e-7  ‖vε - vref‖ = 0.031157354645355535  α = 0.000394
 146   -22.18680002892      -12.67       -5.36    8.47s
    ‖ρε - ρref‖ = 1.2427869318896407e-6 ‖Δρ‖ = 8.907611278248392e-7  ‖vε - vref‖ = 0.031129165433132096  α = 0.000393
 147   -22.18680002892      -13.25       -4.74    8.74s
    ‖ρε - ρref‖ = 5.668475662870916e-6 ‖Δρ‖ = 5.563043904720145e-6  ‖vε - vref‖ = 0.03112306600153339  α = 3.03e-5
 148   -22.18680002892      -13.00       -5.80    13.3s
    ‖ρε - ρref‖ = 1.0124733305253113e-6 ‖Δρ‖ = 3.68433593973471e-7  ‖vε - vref‖ = 0.03111220057218991  α = 0.000671
 149   -22.18680002892      -13.25       -5.14    8.35s
    ‖ρε - ρref‖ = 2.171332367370778e-6 ‖Δρ‖ = 2.0724554661618634e-6  ‖vε - vref‖ = 0.031104466098123038  α = 8.61e-5
 150   -22.18680002892      -12.73       -5.38    8.05s
    ‖ρε - ρref‖ = 1.2090709252644459e-6 ‖Δρ‖ = 8.216348363375913e-7  ‖vε - vref‖ = 0.03108321393399446  α = 0.000385
 151   -22.18680002892      -12.74       -5.55    13.7s
    ‖ρε - ρref‖ = 1.1536466434563201e-6 ‖Δρ‖ = 5.309701252807433e-7  ‖vε - vref‖ = 0.03106151774924062  α = 0.000604
 152   -22.18680002892      -13.22       -4.40    8.36s
    ‖ρε - ρref‖ = 1.2223495416132337e-5 ‖Δρ‖ = 1.2878678772854492e-5  ‖vε - vref‖ = 0.031052134884825014  α = 9.48e-6
 153   -22.18680002892      -12.89       -5.98    8.96s
    ‖ρε - ρref‖ = 9.384973173071456e-7 ‖Δρ‖ = 2.081207257469861e-7  ‖vε - vref‖ = 0.03104161067947255  α = 0.00136
 154   -22.18680002892      -12.89       -5.56    8.33s
    ‖ρε - ρref‖ = 1.0178359600410328e-6 ‖Δρ‖ = 5.504428090611051e-7  ‖vε - vref‖ = 0.031026880080824937  α = 0.0005
 155   -22.18680002892      -13.17       -5.40    14.8s
    ‖ρε - ρref‖ = 1.3676892906889033e-6 ‖Δρ‖ = 9.784474920298523e-7  ‖vε - vref‖ = 0.031021259272292254  α = 0.0002
 156   -22.18680002892      -13.11       -5.35    9.07s
    ‖ρε - ρref‖ = 1.4864582158360254e-6 ‖Δρ‖ = 1.0591839449364224e-6  ‖vε - vref‖ = 0.03101704805267216  α = 0.00019
 157   -22.18680002892      -13.00       -5.66    8.59s
    ‖ρε - ρref‖ = 9.762129158951374e-7 ‖Δρ‖ = 4.848105945420042e-7  ‖vε - vref‖ = 0.031003130501938626  α = 0.000477
 158   -22.18680002892      -13.60       -5.44    8.22s
    ‖ρε - ρref‖ = 1.4571445238842008e-6 ‖Δρ‖ = 1.207295182743154e-6  ‖vε - vref‖ = 0.03099870503878744  α = 9.41e-5
 159   -22.18680002892      -13.13       -5.12    13.8s
    ‖ρε - ρref‖ = 1.8884731088539846e-6 ‖Δρ‖ = 1.6636548099069153e-6  ‖vε - vref‖ = 0.030986321527566155  α = 0.000139
 160   -22.18680002892      -13.00       -5.60    8.29s
    ‖ρε - ρref‖ = 1.0848237789417876e-6 ‖Δρ‖ = 5.764131433602098e-7  ‖vε - vref‖ = 0.030974839099137744  α = 0.00039
 161   -22.18680002892      -13.25       -5.20    8.32s
    ‖ρε - ρref‖ = 1.901243584791205e-6 ‖Δρ‖ = 1.7822967339373645e-6  ‖vε - vref‖ = 0.03096788760537142  α = 9.55e-5
 162   -22.18680002892      -12.75       -5.35    8.09s
    ‖ρε - ρref‖ = 1.2878208156707758e-6 ‖Δρ‖ = 8.322121543039298e-7  ‖vε - vref‖ = 0.03095098212886933  α = 0.000373
 163   -22.18680002892      -13.45       -5.34    12.8s
    ‖ρε - ρref‖ = 2.2211976804332523e-6 ‖Δρ‖ = 1.5091593667959036e-6  ‖vε - vref‖ = 0.030950137123310486  α = 7.02e-5
 164   -22.18680002892      -12.91       -4.55    8.18s
    ‖ρε - ρref‖ = 5.1985518893748205e-6 ‖Δρ‖ = 5.48504366213972e-6  ‖vε - vref‖ = 0.030926189509376634  α = 4.83e-5
 165   -22.18680002892      -12.96       -5.81    8.90s
    ‖ρε - ρref‖ = 9.710866937066625e-7 ‖Δρ‖ = 2.9576416435813576e-7  ‖vε - vref‖ = 0.030917051385476506  α = 0.000881
 166   -22.18680002892      -13.05       -5.56    8.94s
    ‖ρε - ρref‖ = 1.0901460853265485e-6 ‖Δρ‖ = 5.779778948561784e-7  ‖vε - vref‖ = 0.03091101879145874  α = 0.000379
 167   -22.18680002892      -13.02       -5.95    14.6s
    ‖ρε - ρref‖ = 9.205054116973338e-7 ‖Δρ‖ = 2.2041931435375083e-7  ‖vε - vref‖ = 0.030897519240291525  α = 0.00111
 168   -22.18680002892      -13.30       -5.15    8.75s
    ‖ρε - ρref‖ = 1.8944163562112118e-6 ‖Δρ‖ = 1.6492581608981119e-6  ‖vε - vref‖ = 0.030889577387070575  α = 0.000113
 169   -22.18680002892      -13.07       -5.85    8.38s
    ‖ρε - ρref‖ = 9.620782784959205e-7 ‖Δρ‖ = 3.006008102745547e-7  ‖vε - vref‖ = 0.030879930644183  α = 0.000675
 170   -22.18680002892      -13.60       -4.93    8.74s
    ‖ρε - ρref‖ = 3.538288850170671e-6 ‖Δρ‖ = 3.460229039363889e-6  ‖vε - vref‖ = 0.030874430588855643  α = 3.4e-5
 171   -22.18680002892      -13.27       -5.75    14.9s
    ‖ρε - ρref‖ = 9.19480657908123e-7 ‖Δρ‖ = 4.2490771783673095e-7  ‖vε - vref‖ = 0.030862761348342354  α = 0.000407
 172   -22.18680002892      -13.45       -5.63    8.46s
    ‖ρε - ρref‖ = 1.1350913625241713e-6 ‖Δρ‖ = 6.112586690770619e-7  ‖vε - vref‖ = 0.030858651581930623  α = 0.000221
 173   -22.18680002892      -13.17       -5.24    8.29s
    ‖ρε - ρref‖ = 1.5882669080281515e-6 ‖Δρ‖ = 1.349870034410911e-6  ‖vε - vref‖ = 0.03085204981201069  α = 0.000128
 174   -22.18680002892      -13.27       -5.76    7.88s
    ‖ρε - ρref‖ = 8.384493302223391e-7 ‖Δρ‖ = 4.36482601420112e-7  ‖vε - vref‖ = 0.030850143480807047  α = 0.000351
 175   -22.18680002892      -13.60       -4.48    13.7s
    ‖ρε - ρref‖ = 9.54854045768596e-6 ‖Δρ‖ = 8.935181025466876e-6  ‖vε - vref‖ = 0.030848776148603263  α = 1.43e-5
 176   -22.18680002892      -12.87       -5.61    8.55s
    ‖ρε - ρref‖ = 1.0088298023375406e-6 ‖Δρ‖ = 4.586569193221547e-7  ‖vε - vref‖ = 0.030839679959009617  α = 0.000578
 177   -22.18680002892      -13.09       -5.77    7.93s
    ‖ρε - ρref‖ = 9.600513414953278e-7 ‖Δρ‖ = 3.2398222904895486e-7  ‖vε - vref‖ = 0.0308299210185574  α = 0.00076
 178   -22.18680002892      -13.30       -5.71    8.30s
    ‖ρε - ρref‖ = 9.538377953576684e-7 ‖Δρ‖ = 4.485039376416122e-7  ‖vε - vref‖ = 0.030824275341360938  α = 0.000348
 179   -22.18680002892      -13.37       -5.84    15.0s
    ‖ρε - ρref‖ = 9.745569427202832e-7 ‖Δρ‖ = 3.3568957427933834e-7  ‖vε - vref‖ = 0.030821420348235772  α = 0.0005
 180   -22.18680002892      -13.13       -5.35    8.56s
    ‖ρε - ρref‖ = 1.3862234155379014e-6 ‖Δρ‖ = 1.004741284130108e-6  ‖vε - vref‖ = 0.030818183855121344  α = 0.000183
 181   -22.18680002892      -13.50       -5.51    7.99s
    ‖ρε - ρref‖ = 1.1993446916277104e-6 ‖Δρ‖ = 8.414335762225265e-7  ‖vε - vref‖ = 0.030815462560101595  α = 0.00016
 182   -22.18680002892      -13.45       -5.11    8.33s
    ‖ρε - ρref‖ = 2.505067717603028e-6 ‖Δρ‖ = 2.427936622847146e-6  ‖vε - vref‖ = 0.030812272919094958  α = 4.52e-5
 183   -22.18680002892      -12.99       -5.71    13.6s
    ‖ρε - ρref‖ = 9.87067632100209e-7 ‖Δρ‖ = 3.3393083718050975e-7  ‖vε - vref‖ = 0.030808759513383823  α = 0.000836
 184   -22.18680002892      -13.50       -5.76    8.54s
    ‖ρε - ρref‖ = 1.1358051858483557e-6 ‖Δρ‖ = 6.14730508129567e-7  ‖vε - vref‖ = 0.030807581758211862  α = 0.000134
 185   -22.18680002892      -13.05       -5.57    8.27s
    ‖ρε - ρref‖ = 1.0071838618219153e-6 ‖Δρ‖ = 5.322414180674837e-7  ‖vε - vref‖ = 0.030795831345098477  α = 0.000416
 186   -22.18680002892      -14.15       -5.03    8.85s
    ‖ρε - ρref‖ = 3.5358072499365716e-6 ‖Δρ‖ = 4.283016818921975e-6  ‖vε - vref‖ = 0.030794048257049955  α = 1.14e-5
 187   -22.18680002892      -12.99       -5.52    13.7s
    ‖ρε - ρref‖ = 1.1402210989614669e-6 ‖Δρ‖ = 5.704316896090908e-7  ‖vε - vref‖ = 0.030790540864555713  α = 0.000407
 188   -22.18680002892      -13.17       -5.62    8.66s
    ‖ρε - ρref‖ = 1.0136530509678682e-6 ‖Δρ‖ = 5.006839897864221e-7  ‖vε - vref‖ = 0.030786578148707156  α = 0.0004
 189   -22.18680002892      -13.37       -5.86    7.62s
    ‖ρε - ρref‖ = 9.592805850347422e-7 ‖Δρ‖ = 3.084900230294715e-7  ‖vε - vref‖ = 0.030787155742521898  α = 0.000509
 190   -22.18680002892      -12.91       -5.77    8.42s
    ‖ρε - ρref‖ = 9.620293327607092e-7 ‖Δρ‖ = 2.852165868306696e-7  ‖vε - vref‖ = 0.030793127592080728  α = 0.00099
 191   -22.18680002892      -13.27       -5.68    13.8s
    ‖ρε - ρref‖ = 1.046954900756933e-6 ‖Δρ‖ = 5.496353018675909e-7  ‖vε - vref‖ = 0.030793141742264368  α = 0.000229
 192   -22.18680002892      -13.55       -5.51    8.10s
    ‖ρε - ρref‖ = 1.1471638804576037e-6 ‖Δρ‖ = 7.252762096057437e-7  ‖vε - vref‖ = 0.030792383820583753  α = 0.000219
 193   -22.18680002892      -13.41       -5.24    8.97s
    ‖ρε - ρref‖ = 2.0884217834335556e-6 ‖Δρ‖ = 1.8596153111725193e-6  ‖vε - vref‖ = 0.03079279134003815  α = 5.0e-5
 194   -22.18680002892      -13.17       -5.40    8.03s
    ‖ρε - ρref‖ = 1.1452507614916972e-6 ‖Δρ‖ = 7.687291324094019e-7  ‖vε - vref‖ = 0.030787257053920915  α = 0.00029
 195   -22.18680002892      -13.13       -5.82    13.3s
    ‖ρε - ρref‖ = 9.480654075615982e-7 ‖Δρ‖ = 3.289865618199916e-7  ‖vε - vref‖ = 0.03078702114039196  α = 0.000594
 196   -22.18680002892      -13.85       -5.22    8.94s
    ‖ρε - ρref‖ = 1.9789474941444436e-6 ‖Δρ‖ = 1.6898058420490488e-6  ‖vε - vref‖ = 0.03078686542570976  α = 7.49e-5
 197   -22.18680002892      -13.75       -5.55    8.51s
    ‖ρε - ρref‖ = 1.7161947615978917e-6 ‖Δρ‖ = 9.637505966308184e-7  ‖vε - vref‖ = 0.030788785956033973  α = 8.3e-5
 198   -22.18680002892      -13.09       -4.70    13.2s
    ‖ρε - ρref‖ = 3.915141186253435e-6 ‖Δρ‖ = 4.14199328715964e-6  ‖vε - vref‖ = 0.030785336766847676  α = 4.64e-5
 199   -22.18680002892      -13.17       -5.51    8.48s
    ‖ρε - ρref‖ = 1.2222807887513683e-6 ‖Δρ‖ = 6.645297446326074e-7  ‖vε - vref‖ = 0.030788186909553344  α = 0.000296
 200   -22.18680002892      -13.25       -5.88    8.45s
    ‖ρε - ρref‖ = 9.112248110504393e-7 ‖Δρ‖ = 2.937133695720254e-7  ‖vε - vref‖ = 0.030781094536972753  α = 0.000648
    Stopping to avoid numerical instabilities.
 201   -22.18680002892      -12.94       -5.95    7.93s
    ‖ρε - ρref‖ = 8.949924144802712e-7 ‖Δρ‖ = 2.195221761918046e-7  ‖vε - vref‖ = 0.030769836684500555  α = 0.0011

#-- ‖ρε - ρref‖ = 9.006422619143832e-7 vs. 3.162277660168379e-9 = δ*ε ‖vε - vref‖ = 0.030770673376627835


# --- ε=1.7782794100389227e-7

n     Energy            log10(ΔE)   log10(Δρ)   Δtime 
---   ---------------   ---------   ---------   ------
  1   -22.18679890593                   -0.89    12.6s
    ‖ρε - ρref‖ = 0.08213649458467027 ‖Δρ‖ = 0.08213606930532838  ‖vε - vref‖ = 1.3142682455890629  α = 4.41e-6
  2   -22.18679896511       -7.23       -1.97    8.02s
    ‖ρε - ρref‖ = 0.004398763197080886 ‖Δρ‖ = 0.00439864379840925  ‖vε - vref‖ = 0.9422437761790999  α = 2.95e-5
  3   -22.18679899007       -7.60       -2.19    12.6s
    ‖ρε - ρref‖ = 0.0022593102362080467 ‖Δρ‖ = 0.0022591955452339685  ‖vε - vref‖ = 0.7732907787366194  α = 3.84e-5
  4   -22.18679900695       -7.77       -2.20    8.11s
    ‖ρε - ρref‖ = 0.002406046328844773 ‖Δρ‖ = 0.0024059470692413746  ‖vε - vref‖ = 0.6017647085397523  α = 2.87e-5
  5   -22.18679902111       -7.85       -2.78    8.10s
    ‖ρε - ρref‖ = 0.00043237227823480335 ‖Δρ‖ = 0.0004322785512609058  ‖vε - vref‖ = 0.4419887532411835  α = 0.000156
  6   -22.18679902507       -8.40       -2.84    8.27s
    ‖ρε - ρref‖ = 0.0004612521129139326 ‖Δρ‖ = 0.0004611985232802062  ‖vε - vref‖ = 0.3820566359301181  α = 7.53e-5
  7   -22.18679902883       -8.42       -2.94    12.5s
    ‖ρε - ρref‖ = 0.0002887548737264413 ‖Δρ‖ = 0.0002887131267716645  ‖vε - vref‖ = 0.3188595705484653  α = 0.000121
  8   -22.18679903164       -8.55       -3.34    8.65s
    ‖ρε - ρref‖ = 0.00010935933145819984 ‖Δρ‖ = 0.00010931630288959726  ‖vε - vref‖ = 0.2626625738937514  α = 0.000274
  9   -22.18679903319       -8.81       -3.40    8.46s
    ‖ρε - ρref‖ = 9.189307319047574e-5 ‖Δρ‖ = 9.187118812811594e-5  ‖vε - vref‖ = 0.2250688398831566  α = 0.000245
 10   -22.18679903406       -9.06       -3.48    8.15s
    ‖ρε - ρref‖ = 7.720191266527077e-5 ‖Δρ‖ = 7.716604025790808e-5  ‖vε - vref‖ = 0.20183404778649477  α = 0.000218
 11   -22.18679903486       -9.10       -3.55    13.6s
    ‖ρε - ρref‖ = 6.0637633766328265e-5 ‖Δρ‖ = 6.0616670795906516e-5  ‖vε - vref‖ = 0.1777531850956203  α = 0.000269
 12   -22.18679903489      -10.56       -3.30    8.11s
    ‖ρε - ρref‖ = 0.00030142748882929415 ‖Δρ‖ = 0.0003009925326096238  ‖vε - vref‖ = 0.17676734435757585  α = 7.79e-6
 13   -22.18679903542       -9.27       -3.51    7.65s
    ‖ρε - ρref‖ = 6.785125803826786e-5 ‖Δρ‖ = 6.784241118140646e-5  ‖vε - vref‖ = 0.1591349947448703  α = 0.000197
 14   -22.18679903560       -9.77       -3.42    7.65s
    ‖ρε - ρref‖ = 0.00011842564246180323 ‖Δρ‖ = 0.00011847597462008374  ‖vε - vref‖ = 0.15334180561285238  α = 6.02e-5
 15   -22.18679903586       -9.58       -3.14    13.0s
    ‖ρε - ρref‖ = 0.00019716582694753347 ‖Δρ‖ = 0.00019716889994743288  ‖vε - vref‖ = 0.14425725131321862  α = 4.51e-5
 16   -22.18679903612       -9.58       -3.06    7.87s
    ‖ρε - ρref‖ = 0.00022408932853234989 ‖Δρ‖ = 0.00022404232484162152  ‖vε - vref‖ = 0.13267447612255648  α = 3.93e-5
 17   -22.18679903643       -9.50       -3.80    8.16s
    ‖ρε - ρref‖ = 3.5292964575042906e-5 ‖Δρ‖ = 3.52302886280149e-5  ‖vε - vref‖ = 0.11911792565234386  α = 0.000287
 18   -22.18679903654       -9.94       -3.61    8.58s
    ‖ρε - ρref‖ = 7.059276494430465e-5 ‖Δρ‖ = 7.062706185349852e-5  ‖vε - vref‖ = 0.11357705031610672  α = 8.42e-5
 19   -22.18679903670       -9.81       -3.73    14.2s
    ‖ρε - ρref‖ = 4.572303018965438e-5 ‖Δρ‖ = 4.5774382343333764e-5  ‖vε - vref‖ = 0.10621838436912544  α = 0.000154
 20   -22.18679903695       -9.60       -3.68    7.85s
    ‖ρε - ρref‖ = 4.2769488363587746e-5 ‖Δρ‖ = 4.271823278711525e-5  ‖vε - vref‖ = 0.09200220106057413  α = 0.000212
 21   -22.18679903714       -9.72       -4.27    7.78s
    ‖ρε - ρref‖ = 1.0466521047039754e-5 ‖Δρ‖ = 1.0406874969399678e-5  ‖vε - vref‖ = 0.08074641895625177  α = 0.00076
 22   -22.18679903725       -9.97       -3.80    8.07s
    ‖ρε - ρref‖ = 3.496823626675351e-5 ‖Δρ‖ = 3.5001323684181555e-5  ‖vε - vref‖ = 0.0728816984730765  α = 0.000166
 23   -22.18679903733      -10.09       -4.12    13.4s
    ‖ρε - ρref‖ = 1.5242907765614965e-5 ‖Δρ‖ = 1.524110242543946e-5  ‖vε - vref‖ = 0.06687226595359921  α = 0.000341
 24   -22.18679903738      -10.30       -4.04    8.10s
    ‖ρε - ρref‖ = 2.0524685224309638e-5 ‖Δρ‖ = 2.0322036327335108e-5  ‖vε - vref‖ = 0.06352822626795458  α = 0.000189
 25   -22.18679903740      -10.77       -2.99    7.58s
    ‖ρε - ρref‖ = 0.0003276250775544964 ‖Δρ‖ = 0.0003279519093254071  ‖vε - vref‖ = 0.06129300248917721  α = 6.09e-6
 26   -22.18679903745      -10.26       -4.12    7.59s
    ‖ρε - ρref‖ = 1.5018887430659334e-5 ‖Δρ‖ = 1.4997954172368735e-5  ‖vε - vref‖ = 0.05643508112449686  α = 0.000286
 27   -22.18679903746      -11.09       -4.07    12.6s
    ‖ρε - ρref‖ = 2.969808147079086e-5 ‖Δρ‖ = 2.977143422343671e-5  ‖vε - vref‖ = 0.0557110700963469  α = 5.06e-5
 28   -22.18679903751      -10.35       -4.14    8.19s
    ‖ρε - ρref‖ = 1.414313391283955e-5 ‖Δρ‖ = 1.4128900523428007e-5  ‖vε - vref‖ = 0.05160749200520771  α = 0.00027
 29   -22.18679903752      -10.92       -3.52    7.76s
    ‖ρε - ρref‖ = 9.00672534279357e-5 ‖Δρ‖ = 9.002293692404484e-5  ‖vε - vref‖ = 0.05029536795818421  α = 2.1e-5
 30   -22.18679903755      -10.54       -3.94    7.81s
    ‖ρε - ρref‖ = 2.411448618729533e-5 ‖Δρ‖ = 2.406067433362788e-5  ‖vε - vref‖ = 0.04728601534768845  α = 0.000128
 31   -22.18679903755      -11.12       -4.15    13.0s
    ‖ρε - ρref‖ = 2.0806201586888015e-5 ‖Δρ‖ = 2.0836822987327133e-5  ‖vε - vref‖ = 0.04642527836834869  α = 7.34e-5
 32   -22.18679903757      -10.76       -4.39    7.74s
    ‖ρε - ρref‖ = 9.387129764765863e-6 ‖Δρ‖ = 9.476141882356084e-6  ‖vε - vref‖ = 0.044627631742502824  α = 0.000247
 33   -22.18679903760      -10.61       -4.17    7.75s
    ‖ρε - ρref‖ = 1.3238470270332891e-5 ‖Δρ‖ = 1.3195630281250063e-5  ‖vε - vref‖ = 0.04185106638747821  α = 0.000215
 34   -22.18679903762      -10.66       -4.32    8.29s
    ‖ρε - ρref‖ = 9.217586063289493e-6 ‖Δρ‖ = 9.141952172909484e-6  ‖vε - vref‖ = 0.03927437336387806  α = 0.000295
 35   -22.18679903763      -10.80       -4.46    12.4s
    ‖ρε - ρref‖ = 6.629417626911391e-6 ‖Δρ‖ = 6.602562287025418e-6  ‖vε - vref‖ = 0.03731671486412307  α = 0.000347
 36   -22.18679903764      -11.72       -4.52    7.61s
    ‖ρε - ρref‖ = 9.812271753310422e-6 ‖Δρ‖ = 1.0120336283474665e-5  ‖vε - vref‖ = 0.03719271767810947  α = 6.61e-5
 37   -22.18679903764      -11.38       -3.56    7.59s
    ‖ρε - ρref‖ = 7.435780401193092e-5 ‖Δρ‖ = 7.414523485248224e-5  ‖vε - vref‖ = 0.036565850076360734  α = 1.47e-5
 38   -22.18679903765      -10.88       -4.55    7.66s
    ‖ρε - ρref‖ = 4.974846991214522e-6 ‖Δρ‖ = 4.999358268239691e-6  ‖vε - vref‖ = 0.0348980417113914  α = 0.000418
 39   -22.18679903766      -11.43       -4.55    13.1s
    ‖ρε - ρref‖ = 7.353894136446764e-6 ‖Δρ‖ = 7.27839374788373e-6  ‖vε - vref‖ = 0.03451108826308493  α = 0.000143
 40   -22.18679903766      -11.12       -4.03    7.88s
    ‖ρε - ρref‖ = 1.8969297105777068e-5 ‖Δρ‖ = 1.8985552893310313e-5  ‖vε - vref‖ = 0.03345380018291543  α = 7.99e-5
 41   -22.18679903767      -11.84       -4.13    7.69s
    ‖ρε - ρref‖ = 2.3639793548578372e-5 ‖Δρ‖ = 2.3654544598793827e-5  ‖vε - vref‖ = 0.033257826491226196  α = 2.76e-5
 42   -22.18679903767      -11.34       -4.25    7.59s
    ‖ρε - ρref‖ = 1.261227046112975e-5 ‖Δρ‖ = 1.2541881052074876e-5  ‖vε - vref‖ = 0.03263758944261907  α = 9.57e-5
 43   -22.18679903767      -11.48       -4.77    12.6s
    ‖ρε - ρref‖ = 3.945345474919732e-6 ‖Δρ‖ = 3.885849663145738e-6  ‖vε - vref‖ = 0.03224335697161803  α = 0.000262
 44   -22.18679903768      -11.43       -4.25    7.95s
    ‖ρε - ρref‖ = 1.2020597585920526e-5 ‖Δρ‖ = 1.2032277186422769e-5  ‖vε - vref‖ = 0.03173163335927605  α = 9.11e-5
 45   -22.18679903768      -11.44       -4.69    7.60s
    ‖ρε - ρref‖ = 4.166125015472383e-6 ‖Δρ‖ = 4.215006999420818e-6  ‖vε - vref‖ = 0.031239244575223014  α = 0.000258
 46   -22.18679903768      -11.42       -4.53    8.01s
    ‖ρε - ρref‖ = 5.883782249731439e-6 ‖Δρ‖ = 5.786484858350557e-6  ‖vε - vref‖ = 0.030751197161012354  α = 0.000193
 47   -22.18679903769      -11.49       -4.80    12.7s
    ‖ρε - ρref‖ = 3.1419455367809753e-6 ‖Δρ‖ = 3.0546211372763698e-6  ‖vε - vref‖ = 0.030344699918172235  α = 0.000339
 48   -22.18679903769      -12.68       -4.44    7.62s
    ‖ρε - ρref‖ = 1.6821161235177276e-5 ‖Δρ‖ = 1.723676300299684e-5  ‖vε - vref‖ = 0.030320787295611093  α = 1.13e-5
 49   -22.18679903769      -11.60       -4.37    7.59s
    ‖ρε - ρref‖ = 8.907075060871604e-6 ‖Δρ‖ = 8.868863133724401e-6  ‖vε - vref‖ = 0.029971611173695154  α = 0.000102
 50   -22.18679903770      -11.28       -5.05    7.53s
    ‖ρε - ρref‖ = 1.4986895362748877e-6 ‖Δρ‖ = 1.4238269700398716e-6  ‖vε - vref‖ = 0.02932122914247778  α = 0.000926
 51   -22.18679903770      -12.04       -4.66    12.4s
    ‖ρε - ρref‖ = 6.33840099624221e-6 ‖Δρ‖ = 6.274599900745631e-6  ‖vε - vref‖ = 0.029207798898076606  α = 8.0e-5
 52   -22.18679903770      -12.06       -4.44    7.71s
    ‖ρε - ρref‖ = 9.73083248168684e-6 ‖Δρ‖ = 9.74730719258671e-6  ‖vε - vref‖ = 0.02909165747884148  α = 5.31e-5
 53   -22.18679903770      -12.40       -4.45    7.64s
    ‖ρε - ρref‖ = 1.1516329497988487e-5 ‖Δρ‖ = 1.1546345847349141e-5  ‖vε - vref‖ = 0.029044156439669105  α = 2.9e-5
 54   -22.18679903770      -11.73       -4.62    7.58s
    ‖ρε - ρref‖ = 4.651823481274248e-6 ‖Δρ‖ = 4.560824754156459e-6  ‖vε - vref‖ = 0.028832753296087362  α = 0.000173
 55   -22.18679903770      -11.70       -4.92    12.2s
    ‖ρε - ρref‖ = 2.364016689274973e-6 ‖Δρ‖ = 2.310117716555735e-6  ‖vε - vref‖ = 0.028599918247948823  α = 0.000352
 56   -22.18679903770      -12.22       -4.64    7.67s
    ‖ρε - ρref‖ = 5.943860428985951e-6 ‖Δρ‖ = 5.946270861739007e-6  ‖vε - vref‖ = 0.02852615334272167  α = 7.28e-5
 57   -22.18679903770      -11.91       -4.85    7.59s
    ‖ρε - ρref‖ = 2.9098333760855084e-6 ‖Δρ‖ = 2.874816881688353e-6  ‖vε - vref‖ = 0.028387866577302252  α = 0.000217
 58   -22.18679903770      -11.84       -4.95    7.61s
    ‖ρε - ρref‖ = 2.188911420649913e-6 ‖Δρ‖ = 2.115435593440317e-6  ‖vε - vref‖ = 0.028223571014607103  α = 0.000328
 59   -22.18679903771      -12.12       -4.94    7.55s
    ‖ρε - ρref‖ = 2.79543044341547e-6 ‖Δρ‖ = 2.5515576737463037e-6  ‖vε - vref‖ = 0.028187207236899093  α = 0.000177
 60   -22.18679903771      -12.33       -3.73    12.7s
    ‖ρε - ρref‖ = 4.657824843608094e-5 ‖Δρ‖ = 4.688998369746987e-5  ‖vε - vref‖ = 0.028087152062235266  α = 7.38e-6
 61   -22.18679903771      -12.07       -5.12    7.64s
    ‖ρε - ρref‖ = 1.5083074709577162e-6 ‖Δρ‖ = 1.4966942148781057e-6  ‖vε - vref‖ = 0.02800026571528491  α = 0.000357
 62   -22.18679903771      -12.10       -4.83    7.60s
    ‖ρε - ρref‖ = 3.160311168384302e-6 ‖Δρ‖ = 3.0323782977942496e-6  ‖vε - vref‖ = 0.02793259725258503  α = 0.000167
 63   -22.18679903771      -12.54       -5.21    7.61s
    ‖ρε - ρref‖ = 1.821772813941288e-6 ‖Δρ‖ = 1.6765946644974746e-6  ‖vε - vref‖ = 0.027922144004425768  α = 0.000173
 64   -22.18679903771      -12.32       -4.52    12.4s
    ‖ρε - ρref‖ = 7.15445712822716e-6 ‖Δρ‖ = 7.112868900294364e-6  ‖vε - vref‖ = 0.027889704624097605  α = 5.36e-5
 65   -22.18679903771      -12.51       -4.43    7.70s
    ‖ρε - ρref‖ = 1.0090864073052045e-5 ‖Δρ‖ = 1.013368056213858e-5  ‖vε - vref‖ = 0.0278626147166106  α = 2.97e-5
 66   -22.18679903771      -12.02       -4.84    7.65s
    ‖ρε - ρref‖ = 2.716015052447295e-6 ‖Δρ‖ = 2.6885153389478236e-6  ‖vε - vref‖ = 0.027786742933480556  α = 0.000207
 67   -22.18679903771      -12.05       -5.14    7.58s
    ‖ρε - ρref‖ = 1.4254335033858674e-6 ‖Δρ‖ = 1.3207414679854196e-6  ‖vε - vref‖ = 0.027725414985610906  α = 0.000412
 68   -22.18679903771      -12.67       -4.95    12.4s
    ‖ρε - ρref‖ = 3.1995474942965045e-6 ‖Δρ‖ = 3.180660535154628e-6  ‖vε - vref‖ = 0.02771178464841046  α = 7.71e-5
 69   -22.18679903771      -12.45       -5.12    7.73s
    ‖ρε - ρref‖ = 1.803381135914929e-6 ‖Δρ‖ = 1.743497747457636e-6  ‖vε - vref‖ = 0.027692509927424953  α = 0.000198
 70   -22.18679903771      -12.08       -4.99    7.64s
    ‖ρε - ρref‖ = 1.832633640971176e-6 ‖Δρ‖ = 1.7650004795880505e-6  ‖vε - vref‖ = 0.027649530434060075  α = 0.000295
 71   -22.18679903771      -13.55       -4.99    7.61s
    ‖ρε - ρref‖ = 5.6571926481720614e-6 ‖Δρ‖ = 5.232337171664681e-6  ‖vε - vref‖ = 0.027650074640130792  α = 1.19e-5
 72   -22.18679903771      -12.44       -4.94    12.6s
    ‖ρε - ρref‖ = 2.519062572039994e-6 ‖Δρ‖ = 2.5203045447742684e-6  ‖vε - vref‖ = 0.027632529902075674  α = 0.000137
 73   -22.18679903771      -12.37       -5.23    7.66s
    ‖ρε - ρref‖ = 1.2635467029918189e-6 ‖Δρ‖ = 1.202753263224126e-6  ‖vε - vref‖ = 0.027618373648936143  α = 0.000312
 74   -22.18679903771      -12.26       -5.22    7.62s
    ‖ρε - ρref‖ = 1.2114304439955832e-6 ‖Δρ‖ = 1.0968970820877114e-6  ‖vε - vref‖ = 0.027610348997010398  α = 0.00039
 75   -22.18679903771      -13.22       -5.10    7.64s
    ‖ρε - ρref‖ = 3.0280023249724197e-6 ‖Δρ‖ = 2.9180674537573216e-6  ‖vε - vref‖ = 0.027610860575036873  α = 4.35e-5
 76   -22.18679903771      -12.83       -4.99    12.6s
    ‖ρε - ρref‖ = 2.951669490976149e-6 ‖Δρ‖ = 2.794391823818059e-6  ‖vε - vref‖ = 0.027621732098425295  α = 7.67e-5
 77   -22.18679903771      -12.44       -4.60    7.66s
    ‖ρε - ρref‖ = 5.117317568315613e-6 ‖Δρ‖ = 5.063629154005231e-6  ‖vε - vref‖ = 0.027627250877112694  α = 6.58e-5
 78   -22.18679903771      -12.56       -4.95    7.64s
    ‖ρε - ρref‖ = 2.3379010839558825e-6 ‖Δρ‖ = 2.3595807966039663e-6  ‖vε - vref‖ = 0.027622335281871344  α = 0.00013
 79   -22.18679903771      -12.70       -5.44    7.57s
    ‖ρε - ρref‖ = 9.090332599847517e-7 ‖Δρ‖ = 7.901388599793506e-7  ‖vε - vref‖ = 0.02762351199288381  α = 0.000317
 80   -22.18679903771      -12.66       -5.29    12.2s
    ‖ρε - ρref‖ = 1.178024899941735e-6 ‖Δρ‖ = 1.0807672886461168e-6  ‖vε - vref‖ = 0.02763015543417967  α = 0.000255
 81   -22.18679903771      -12.83       -4.93    7.65s
    ‖ρε - ρref‖ = 3.028535775328579e-6 ‖Δρ‖ = 2.9711417317819792e-6  ‖vε - vref‖ = 0.027634540020330473  α = 6.89e-5
 82   -22.18679903772      -12.57       -5.47    7.59s
    ‖ρε - ρref‖ = 7.229309055219333e-7 ‖Δρ‖ = 7.038001306933023e-7  ‖vε - vref‖ = 0.027660520361417102  α = 0.000395
 83   -22.18679903772      -13.02       -4.06    7.64s
    ‖ρε - ρref‖ = 2.5134135531003474e-5 ‖Δρ‖ = 2.478203329557294e-5  ‖vε - vref‖ = 0.027659988513834822  α = 6.35e-6
 84   -22.18679903772      -12.59       -5.21    12.7s
    ‖ρε - ρref‖ = 1.4319032761770562e-6 ‖Δρ‖ = 1.3250842412241793e-6  ‖vε - vref‖ = 0.02767466247727629  α = 0.000208
 85   -22.18679903772      -12.50       -5.28    7.72s
    ‖ρε - ρref‖ = 1.110964398884798e-6 ‖Δρ‖ = 1.0217223329932755e-6  ‖vε - vref‖ = 0.0276918115564127  α = 0.000313
 86   -22.18679903772      -12.62       -5.42    7.65s
    ‖ρε - ρref‖ = 9.305010674507783e-7 ‖Δρ‖ = 7.813065076777068e-7  ‖vε - vref‖ = 0.02771182083588972  α = 0.000371
 87   -22.18679903772      -13.27       -5.06    7.60s
    ‖ρε - ρref‖ = 3.026454612303135e-6 ‖Δρ‖ = 2.9606763711316944e-6  ‖vε - vref‖ = 0.027714520861343513  α = 3.74e-5
 88   -22.18679903772      -12.93       -4.96    12.4s
    ‖ρε - ρref‖ = 2.759015227816188e-6 ‖Δρ‖ = 2.6448116308451357e-6  ‖vε - vref‖ = 0.02772679512594393  α = 7.34e-5
 89   -22.18679903772      -13.13       -4.89    7.59s
    ‖ρε - ρref‖ = 3.5493241544661805e-6 ‖Δρ‖ = 3.5612094327842985e-6  ‖vε - vref‖ = 0.02773039436604907  α = 3.95e-5
 90   -22.18679903772      -12.73       -5.46    7.56s
    ‖ρε - ρref‖ = 8.727377337412702e-7 ‖Δρ‖ = 7.332267570407622e-7  ‖vε - vref‖ = 0.027742851198604424  α = 0.000322
 91   -22.18679903772      -12.58       -5.45    7.61s
    ‖ρε - ρref‖ = 8.035585144743309e-7 ‖Δρ‖ = 6.47004788026108e-7  ‖vε - vref‖ = 0.027765147142741264  α = 0.000468
 92   -22.18679903772      -13.11       -5.42    7.60s
    ‖ρε - ρref‖ = 1.150271052600708e-6 ‖Δρ‖ = 9.603977898554284e-7  ‖vε - vref‖ = 0.02777726356084328  α = 0.000174
 93   -22.18679903772      -12.97       -5.26    12.6s
    ‖ρε - ρref‖ = 1.4947692736298644e-6 ‖Δρ‖ = 1.3494806375958736e-6  ‖vε - vref‖ = 0.027790729313595424  α = 0.000133
 94   -22.18679903772      -13.55       -5.04    7.65s
    ‖ρε - ρref‖ = 2.8939738387795197e-6 ‖Δρ‖ = 3.2907950513228045e-6  ‖vε - vref‖ = 0.027793770501471363  α = 2.49e-5
 95   -22.18679903772      -12.92       -4.49    7.69s
    ‖ρε - ρref‖ = 7.854795885593927e-6 ‖Δρ‖ = 7.778665027174985e-6  ‖vε - vref‖ = 0.02780188313980724  α = 2.37e-5
 96   -22.18679903772      -12.54       -5.50    7.55s
    ‖ρε - ρref‖ = 7.697515836618587e-7 ‖Δρ‖ = 5.761530318799514e-7  ‖vε - vref‖ = 0.027839035123788745  α = 0.00053
 97   -22.18679903772      -12.73       -5.24    12.3s
    ‖ρε - ρref‖ = 1.334440513651742e-6 ‖Δρ‖ = 1.1781146558387652e-6  ‖vε - vref‖ = 0.02786819947554698  α = 0.000218
 98   -22.18679903772      -12.77       -5.54    7.59s
    ‖ρε - ρref‖ = 7.439798645116005e-7 ‖Δρ‖ = 5.810347028439051e-7  ‖vε - vref‖ = 0.027887970190627668  α = 0.000409
 99   -22.18679903772      -13.25       -4.98    7.56s
    ‖ρε - ρref‖ = 3.401248521084975e-6 ‖Δρ‖ = 3.3863493738101298e-6  ‖vε - vref‖ = 0.027891977517016307  α = 3.37e-5
 100   -22.18679903772      -12.96       -4.92    7.63s
    ‖ρε - ρref‖ = 2.655621137479618e-6 ‖Δρ‖ = 2.605638489933795e-6  ‖vε - vref‖ = 0.027907311453828968  α = 8.16e-5
 101   -22.18679903772      -13.19       -5.17    12.8s
    ‖ρε - ρref‖ = 2.2266938253676823e-6 ‖Δρ‖ = 2.246496070467944e-6  ‖vε - vref‖ = 0.02791248099878144  α = 4.82e-5
 102   -22.18679903772      -12.62       -5.34    7.63s
    ‖ρε - ρref‖ = 1.041222226818194e-6 ‖Δρ‖ = 8.832199494002003e-7  ‖vε - vref‖ = 0.02794590071119016  α = 0.000309
 103   -22.18679903772      -12.78       -5.48    7.62s
    ‖ρε - ρref‖ = 8.4727162435269e-7 ‖Δρ‖ = 6.626178899935386e-7  ‖vε - vref‖ = 0.02797689941597977  α = 0.000377
 104   -22.18679903772      -12.73       -5.40    7.58s
    ‖ρε - ρref‖ = 1.0331896609614102e-6 ‖Δρ‖ = 8.671660228352283e-7  ‖vε - vref‖ = 0.02800330508753857  α = 0.000271
 105   -22.18679903772      -13.13       -5.39    12.4s
    ‖ρε - ρref‖ = 1.4514396802486706e-6 ‖Δρ‖ = 1.108059404599297e-6  ‖vε - vref‖ = 0.02802446778674448  α = 0.000135
 106   -22.18679903772      -12.93       -4.19    7.58s
    ‖ρε - ρref‖ = 1.5731216351124535e-5 ‖Δρ‖ = 1.5978529255598377e-5  ‖vε - vref‖ = 0.02803328090239801  α = 1.1e-5
 107   -22.18679903772      -12.49       -4.74    7.66s
    ‖ρε - ρref‖ = 3.310243435695345e-6 ‖Δρ‖ = 3.2938742390793477e-6  ‖vε - vref‖ = 0.028065971662326085  α = 9.67e-5
 108   -22.18679903772      -13.11       -5.66    7.62s
    ‖ρε - ρref‖ = 6.529282510983043e-7 ‖Δρ‖ = 5.480224492498703e-7  ‖vε - vref‖ = 0.028074553253981747  α = 0.000294
 109   -22.18679903772      -12.57       -5.39    12.8s
    ‖ρε - ρref‖ = 9.38244908955098e-7 ‖Δρ‖ = 7.438871415436558e-7  ‖vε - vref‖ = 0.028120230414268105  α = 0.000387
 110   -22.18679903772      -12.93       -5.38    7.74s
    ‖ρε - ρref‖ = 1.173754239955465e-6 ‖Δρ‖ = 9.99800027853747e-7  ‖vε - vref‖ = 0.028143446823259102  α = 0.000184
 111   -22.18679903772      -13.67       -4.88    7.67s
    ‖ρε - ρref‖ = 4.446894750413702e-6 ‖Δρ‖ = 4.4066492169420236e-6  ‖vε - vref‖ = 0.028147632132086407  α = 2.08e-5
 112   -22.18679903772      -12.80       -5.44    7.64s
    ‖ρε - ρref‖ = 9.566186511681643e-7 ‖Δρ‖ = 7.629826005497095e-7  ‖vε - vref‖ = 0.028178883200829227  α = 0.000301
 113   -22.18679903772      -13.02       -4.89    12.5s
    ‖ρε - ρref‖ = 3.4430681972574466e-6 ‖Δρ‖ = 3.472556597991577e-6  ‖vε - vref‖ = 0.028189236146612822  α = 4.29e-5
 114   -22.18679903772      -12.76       -5.26    7.64s
    ‖ρε - ρref‖ = 1.1849404061086266e-6 ‖Δρ‖ = 1.0928893151975243e-6  ‖vε - vref‖ = 0.02821366025712605  α = 0.000222
 115   -22.18679903772      -12.76       -5.26    7.68s
    ‖ρε - ρref‖ = 1.1463853393479281e-6 ‖Δρ‖ = 1.08090699594079e-6  ‖vε - vref‖ = 0.02823586632926833  α = 0.000221
 116   -22.18679903772      -12.78       -5.62    7.63s
    ‖ρε - ρref‖ = 6.661972402731499e-7 ‖Δρ‖ = 4.5880935079480774e-7  ‖vε - vref‖ = 0.02826927909718434  α = 0.000533
 117   -22.18679903772      -13.85       -4.93    7.55s
    ‖ρε - ρref‖ = 6.085192980289372e-6 ‖Δρ‖ = 5.653985229835065e-6  ‖vε - vref‖ = 0.02827138736252829  α = 7.54e-6
 118   -22.18679903772      -12.97       -5.20    12.7s
    ‖ρε - ρref‖ = 1.4959409344531882e-6 ‖Δρ‖ = 1.3969583288471204e-6  ‖vε - vref‖ = 0.02829181980084594  α = 0.000133
 119   -22.18679903772      -13.25       -5.25    7.66s
    ‖ρε - ρref‖ = 1.6189991826214036e-6 ‖Δρ‖ = 1.528249063748742e-6  ‖vε - vref‖ = 0.028302719752305687  α = 8.9e-5
 120   -22.18679903772      -12.79       -5.35    7.59s
    ‖ρε - ρref‖ = 1.0510519348528937e-6 ‖Δρ‖ = 9.157021861920342e-7  ‖vε - vref‖ = 0.02832836744041273  α = 0.000239
 121   -22.18679903772      -12.78       -5.52    7.57s
    ‖ρε - ρref‖ = 7.721656588675359e-7 ‖Δρ‖ = 5.874892555219544e-7  ‖vε - vref‖ = 0.028353413537012304  α = 0.00041
 122   -22.18679903772      -12.99       -5.47    12.9s
    ‖ρε - ρref‖ = 9.528111716834987e-7 ‖Δρ‖ = 7.912343873657606e-7  ‖vε - vref‖ = 0.028369359473377622  α = 0.000224
 123   -22.18679903772      -13.07       -4.61    7.66s
    ‖ρε - ρref‖ = 6.277488153554475e-6 ‖Δρ‖ = 6.278145002983917e-6  ‖vε - vref‖ = 0.028376316153115182  α = 2.46e-5
 124   -22.18679903772      -13.13       -5.34    7.60s
    ‖ρε - ρref‖ = 1.1420879171445165e-6 ‖Δρ‖ = 1.1184687683839776e-6  ‖vε - vref‖ = 0.02838335711280992  α = 0.000145
 125   -22.18679903772      -13.27       -5.29    7.59s
    ‖ρε - ρref‖ = 1.529318783633253e-6 ‖Δρ‖ = 1.5414584792568397e-6  ‖vε - vref‖ = 0.028389967963872206  α = 7.42e-5
 126   -22.18679903772      -12.69       -5.15    12.3s
    ‖ρε - ρref‖ = 1.4768886894519325e-6 ‖Δρ‖ = 1.31536965728012e-6  ‖vε - vref‖ = 0.028421767226607338  α = 0.000193
 127   -22.18679903772      -13.03       -5.51    7.69s
    ‖ρε - ρref‖ = 8.993389722057934e-7 ‖Δρ‖ = 6.894622199785686e-7  ‖vε - vref‖ = 0.028440857985433103  α = 0.000275
 128   -22.18679903772      -12.92       -5.42    7.69s
    ‖ρε - ρref‖ = 8.019080594090551e-7 ‖Δρ‖ = 8.009953307928798e-7  ‖vε - vref‖ = 0.028455175283948614  α = 0.00023
 129   -22.18679903772      -13.85       -4.46    7.63s
    ‖ρε - ρref‖ = 1.272335836506472e-5 ‖Δρ‖ = 1.2359704444900936e-5  ‖vε - vref‖ = 0.028456779062492086  α = 5.59e-6
 130   -22.18679903772      -13.00       -5.48    12.7s
    ‖ρε - ρref‖ = 8.238805661680961e-7 ‖Δρ‖ = 7.00295910754412e-7  ‖vε - vref‖ = 0.028466817937085123  α = 0.000247
 131   -22.18679903772      -12.85       -5.51    7.59s
    ‖ρε - ρref‖ = 8.201412422816294e-7 ‖Δρ‖ = 6.371316715459209e-7  ‖vε - vref‖ = 0.028485452307342403  α = 0.000319
 132   -22.18679903772      -13.27       -5.12    7.67s
    ‖ρε - ρref‖ = 2.0494406414515937e-6 ‖Δρ‖ = 1.9587828973103684e-6  ‖vε - vref‖ = 0.028495943479463735  α = 7.49e-5
 133   -22.18679903772      -12.74       -5.40    7.55s
    ‖ρε - ρref‖ = 8.753049530178939e-7 ‖Δρ‖ = 7.116113016778803e-7  ‖vε - vref‖ = 0.028522567364674015  α = 0.000357
 134   -22.18679903772      -13.15       -5.55    12.8s
    ‖ρε - ρref‖ = 9.391597280559912e-7 ‖Δρ‖ = 7.62891644191817e-7  ‖vε - vref‖ = 0.0285316971618651  α = 0.000171
 135   -22.18679903772      -13.15       -4.76    7.68s
    ‖ρε - ρref‖ = 4.627823964062253e-6 ‖Δρ‖ = 4.598552318559566e-6  ‖vε - vref‖ = 0.028538120071320228  α = 3.02e-5
 136   -22.18679903772      -12.72       -5.38    7.63s
    ‖ρε - ρref‖ = 9.203675603652152e-7 ‖Δρ‖ = 7.599086885525199e-7  ‖vε - vref‖ = 0.02856192558499073  α = 0.000344
 137   -22.18679903772      -13.41       -5.28    7.61s
    ‖ρε - ρref‖ = 1.9415049465715447e-6 ‖Δρ‖ = 1.971639485698427e-6  ‖vε - vref‖ = 0.028563313163203548  α = 3.83e-5
 138   -22.18679903772      -12.61       -5.75    7.63s
    ‖ρε - ρref‖ = 5.443137629757672e-7 ‖Δρ‖ = 3.540653717983744e-7  ‖vε - vref‖ = 0.028582401212922662  α = 0.000791
 139   -22.18679903772      -12.66       -5.09    12.8s
    ‖ρε - ρref‖ = 1.7959900788648323e-6 ‖Δρ‖ = 1.6451687483652987e-6  ‖vε - vref‖ = 0.028610079032297762  α = 0.000165
 140   -22.18679903772      -13.55       -5.24    7.62s
    ‖ρε - ρref‖ = 2.1815354513172504e-6 ‖Δρ‖ = 2.5393362756631857e-6  ‖vε - vref‖ = 0.028613164657419244  α = 2.47e-5
 141   -22.18679903772      -12.60       -4.73    7.64s
    ‖ρε - ρref‖ = 3.85425506934699e-6 ‖Δρ‖ = 3.6745332050466383e-6  ‖vε - vref‖ = 0.028650370040002884  α = 7.69e-5
 142   -22.18679903772      -12.69       -5.29    7.59s
    ‖ρε - ρref‖ = 1.2276785458488876e-6 ‖Δρ‖ = 1.1106076514117312e-6  ‖vε - vref‖ = 0.028671601688365016  α = 0.00022
 143   -22.18679903772      -12.73       -5.40    12.5s
    ‖ρε - ρref‖ = 9.782495421279453e-7 ‖Δρ‖ = 8.637167702668999e-7  ‖vε - vref‖ = 0.028686746255848584  α = 0.000279
 144   -22.18679903772      -13.05       -5.18    7.67s
    ‖ρε - ρref‖ = 1.8295106257091173e-6 ‖Δρ‖ = 1.749010473386885e-6  ‖vε - vref‖ = 0.02869703549025927  α = 0.000107
 145   -22.18679903772      -12.63       -5.12    7.63s
    ‖ρε - ρref‖ = 1.6363672317308234e-6 ‖Δρ‖ = 1.5593486762948208e-6  ‖vε - vref‖ = 0.028712949885104352  α = 0.00017
 146   -22.18679903772      -12.81       -5.18    7.65s
    ‖ρε - ρref‖ = 1.6929459388072731e-6 ‖Δρ‖ = 1.6131006837540517e-6  ‖vε - vref‖ = 0.02872487665791517  α = 0.00013
 147   -22.18679903772      -12.73       -4.46    12.8s
    ‖ρε - ρref‖ = 7.722917730249254e-6 ‖Δρ‖ = 7.734122506270345e-6  ‖vε - vref‖ = 0.028728858984763978  α = 3.13e-5
 148   -22.18679903772      -12.84       -5.65    7.72s
    ‖ρε - ρref‖ = 7.436683991290017e-7 ‖Δρ‖ = 5.020177644634545e-7  ‖vε - vref‖ = 0.0287379826726563  α = 0.000408
 149   -22.18679903772      -13.15       -5.17    7.76s
    ‖ρε - ρref‖ = 2.0655121974858205e-6 ‖Δρ‖ = 2.061279423472278e-6  ‖vε - vref‖ = 0.028741388168534186  α = 6.35e-5
 150   -22.18679903772      -12.69       -5.11    7.63s
    ‖ρε - ρref‖ = 1.6163137917380967e-6 ‖Δρ‖ = 1.5082715378405464e-6  ‖vε - vref‖ = 0.028752977127070613  α = 0.000178
 151   -22.18679903772      -12.64       -5.34    7.75s
    ‖ρε - ρref‖ = 1.0780212728559829e-6 ‖Δρ‖ = 8.695582745083126e-7  ‖vε - vref‖ = 0.02876137399400945  α = 0.000305
 152   -22.18679903772      -14.45       -4.48    15.4s
    ‖ρε - ρref‖ = 1.2874130005739817e-5 ‖Δρ‖ = 1.3272684527251345e-5  ‖vε - vref‖ = 0.028758763632962283  α = 1.5e-6
 153   -22.18679903772      -12.85       -5.50    7.60s
    ‖ρε - ρref‖ = 8.466776521449193e-7 ‖Δρ‖ = 6.881341594906118e-7  ‖vε - vref‖ = 0.028760751040534233  α = 0.000297
 154   -22.18679903773      -12.91       -5.60    7.62s
    ‖ρε - ρref‖ = 6.885195771252766e-7 ‖Δρ‖ = 5.652970323428633e-7  ‖vε - vref‖ = 0.02876130283217479  α = 0.00036
 155   -22.18679903773      -12.65       -5.25    7.66s
    ‖ρε - ρref‖ = 1.2503823300093277e-6 ‖Δρ‖ = 1.0635992073374468e-6  ‖vε - vref‖ = 0.02877517597991619  α = 0.000254
 156   -22.18679903773      -13.22       -5.40    12.7s
    ‖ρε - ρref‖ = 1.2243436013142322e-6 ‖Δρ‖ = 1.0739508679567347e-6  ‖vε - vref‖ = 0.02877887638398188  α = 0.000137
 157   -22.18679903773      -12.88       -5.20    7.59s
    ‖ρε - ρref‖ = 1.5599371284150617e-6 ‖Δρ‖ = 1.4856065285654447e-6  ‖vε - vref‖ = 0.028780126821457693  α = 0.000132
 158   -22.18679903773      -13.55       -5.10    7.61s
    ‖ρε - ρref‖ = 2.8077700538472554e-6 ‖Δρ‖ = 2.753734898884312e-6  ‖vε - vref‖ = 0.028781751272027197  α = 3.41e-5
 159   -22.18679903773      -13.00       -5.09    7.62s
    ‖ρε - ρref‖ = 2.05463376042166e-6 ‖Δρ‖ = 2.0227950672615717e-6  ‖vε - vref‖ = 0.02877997314745096  α = 8.83e-5
 160   -22.18679903773      -12.73       -5.46    12.8s
    ‖ρε - ρref‖ = 8.483768744999535e-7 ‖Δρ‖ = 6.895862537662546e-7  ‖vε - vref‖ = 0.028777421116708238  α = 0.000356
 161   -22.18679903773      -13.09       -5.30    7.66s
    ‖ρε - ρref‖ = 1.479040603061654e-6 ‖Δρ‖ = 1.4375244004099872e-6  ‖vε - vref‖ = 0.028777067978802032  α = 9.86e-5
 162   -22.18679903773      -12.73       -4.99    7.63s
    ‖ρε - ρref‖ = 2.2746276385766353e-6 ‖Δρ‖ = 2.1586006551059447e-6  ‖vε - vref‖ = 0.02877601637261259  α = 0.000112
 163   -22.18679903773      -13.55       -4.79    7.71s
    ‖ρε - ρref‖ = 8.966458710086081e-6 ‖Δρ‖ = 9.394555762968439e-6  ‖vε - vref‖ = 0.028770305043419535  α = 6.66e-6
 164   -22.18679903773      -12.48       -5.05    12.4s
    ‖ρε - ρref‖ = 1.545972631496659e-6 ‖Δρ‖ = 1.483632412371457e-6  ‖vε - vref‖ = 0.028759315316344822  α = 0.000221
 165   -22.18679903773      -12.73       -5.59    7.65s
    ‖ρε - ρref‖ = 7.303578016913689e-7 ‖Δρ‖ = 5.123974904903944e-7  ‖vε - vref‖ = 0.028757190073009115  α = 0.000453
 166   -22.18679903773      -12.92       -5.31    7.63s
    ‖ρε - ρref‖ = 1.213532428753021e-6 ‖Δρ‖ = 1.022594843113456e-6  ‖vε - vref‖ = 0.028759167588781723  α = 0.000204
 167   -22.18679903773      -13.15       -5.54    7.62s
    ‖ρε - ρref‖ = 7.986988610988445e-7 ‖Δρ‖ = 7.050218654355896e-7  ‖vε - vref‖ = 0.028753613253306654  α = 0.000227
 168   -22.18679903773      -13.05       -5.37    12.7s
    ‖ρε - ρref‖ = 1.1022144371714905e-6 ‖Δρ‖ = 1.006790010514484e-6  ‖vε - vref‖ = 0.028747566272462603  α = 0.000167
 169   -22.18679903773      -13.11       -5.07    7.81s
    ‖ρε - ρref‖ = 2.12051656112774e-6 ‖Δρ‖ = 2.0117810709433987e-6  ‖vε - vref‖ = 0.028743755120375775  α = 8.36e-5
 170   -22.18679903773      -13.34       -4.86    7.65s
    ‖ρε - ρref‖ = 4.526141268773308e-6 ‖Δρ‖ = 4.4902018411238185e-6  ‖vε - vref‖ = 0.028740907859983313  α = 2.15e-5
 171   -22.18679903773      -13.05       -5.37    7.69s
    ‖ρε - ρref‖ = 1.0540311076671071e-6 ‖Δρ‖ = 9.162021726972882e-7  ‖vε - vref‖ = 0.02873485767460603  α = 0.000189
 172   -22.18679903773      -12.97       -5.61    7.67s
    ‖ρε - ρref‖ = 6.882363928441876e-7 ‖Δρ‖ = 5.110386971366241e-7  ‖vε - vref‖ = 0.028725794543700743  α = 0.000351
 173   -22.18679903773      -13.37       -5.14    12.9s
    ‖ρε - ρref‖ = 2.2020723837250216e-6 ‖Δρ‖ = 2.0940699215316564e-6  ‖vε - vref‖ = 0.028722453136899653  α = 5.01e-5
 174   -22.18679903773      -13.22       -5.29    7.58s
    ‖ρε - ρref‖ = 1.4564113711232482e-6 ‖Δρ‖ = 1.285497203721008e-6  ‖vε - vref‖ = 0.028715161310616286  α = 0.000102
 175   -22.18679903773   +    -Inf       -4.78    7.63s
    ‖ρε - ρref‖ = 6.898726445817736e-6 ‖Δρ‖ = 7.3053264386360215e-6  ‖vε - vref‖ = 0.02871259003858781  α = 5.75e-6
 176   -22.18679903773      -12.80       -5.65    7.67s
    ‖ρε - ρref‖ = 6.209219253014598e-7 ‖Δρ‖ = 3.860217433058626e-7  ‖vε - vref‖ = 0.028690852666374785  α = 0.000612
    Stopping to avoid numerical instabilities.
 177   -22.18679903773      -12.77       -5.64    12.7s
    ‖ρε - ρref‖ = 6.994847312293698e-7 ‖Δρ‖ = 4.197256698991156e-7  ‖vε - vref‖ = 0.028680929986744135  α = 0.000553

#-- ‖ρε - ρref‖ = 5.065649680498152e-7 vs. 1.7782794100389228e-9 = δ*ε ‖vε - vref‖ = 0.02867335168844474


# --- ε=1.0e-7

n     Energy            log10(ΔE)   log10(Δρ)   Δtime 
---   ---------------   ---------   ---------   ------
  1   -22.18679840600                   -0.89    12.1s
    ‖ρε - ρref‖ = 0.08213660563541147 ‖Δρ‖ = 0.08213636648387107  ‖vε - vref‖ = 1.3159535419969648  α = 2.48e-6
  2   -22.18679843928       -7.48       -1.97    7.32s
    ‖ρε - ρref‖ = 0.004398893228183021 ‖Δρ‖ = 0.00439882608437856  ‖vε - vref‖ = 0.9444507006407395  α = 1.66e-5
  3   -22.18679845332       -7.85       -2.19    11.2s
    ‖ρε - ρref‖ = 0.002259601077500155 ‖Δρ‖ = 0.0022595365866459626  ‖vε - vref‖ = 0.7758374190859032  α = 2.16e-5
  4   -22.18679846282       -8.02       -2.20    7.49s
    ‖ρε - ρref‖ = 0.002406446794614845 ‖Δρ‖ = 0.002406390985414943  ‖vε - vref‖ = 0.6048787617462923  α = 1.61e-5
  5   -22.18679847077       -8.10       -2.78    7.45s
    ‖ρε - ρref‖ = 0.0004323693573026958 ‖Δρ‖ = 0.00043231672530066927  ‖vε - vref‖ = 0.4461392805577287  α = 8.79e-5
  6   -22.18679847300       -8.65       -2.84    7.46s
    ‖ρε - ρref‖ = 0.00046205940518223977 ‖Δρ‖ = 0.00046202926972816047  ‖vε - vref‖ = 0.3865465508990923  α = 4.23e-5
  7   -22.18679847513       -8.67       -2.94    7.42s
    ‖ρε - ρref‖ = 0.0002887964608946337 ‖Δρ‖ = 0.00028877295724679753  ‖vε - vref‖ = 0.32376392704727897  α = 6.82e-5
  8   -22.18679847672       -8.80       -3.34    12.5s
    ‖ρε - ρref‖ = 0.0001095335841433095 ‖Δρ‖ = 0.00010950965795166191  ‖vε - vref‖ = 0.26799418051192997  α = 0.000155
  9   -22.18679847760       -9.05       -3.39    7.61s
    ‖ρε - ρref‖ = 9.216128637226035e-5 ‖Δρ‖ = 9.214929106010964e-5  ‖vε - vref‖ = 0.23063738259554667  α = 0.000138
 10   -22.18679847810       -9.31       -3.48    7.62s
    ‖ρε - ρref‖ = 7.75783325300944e-5 ‖Δρ‖ = 7.755853536043771e-5  ‖vε - vref‖ = 0.20748944866066155  α = 0.000123
 11   -22.18679847855       -9.34       -3.55    7.66s
    ‖ρε - ρref‖ = 6.101870396288277e-5 ‖Δρ‖ = 6.100734584442971e-5  ‖vε - vref‖ = 0.18340964160676354  α = 0.000152
 12   -22.18679847857      -10.80       -3.30    12.8s
    ‖ρε - ρref‖ = 0.0003016639457164689 ‖Δρ‖ = 0.00030141937571357677  ‖vε - vref‖ = 0.1824321547085816  α = 4.41e-6
 13   -22.18679847888       -9.51       -3.50    7.71s
    ‖ρε - ρref‖ = 6.903196218625625e-5 ‖Δρ‖ = 6.902744733662137e-5  ‖vε - vref‖ = 0.16466221849618978  α = 0.00011
 14   -22.18679847897      -10.01       -3.41    7.66s
    ‖ρε - ρref‖ = 0.00012003976273354702 ‖Δρ‖ = 0.00012006829761331957  ‖vε - vref‖ = 0.15882095490142095  α = 3.38e-5
 15   -22.18679847912       -9.82       -3.13    7.70s
    ‖ρε - ρref‖ = 0.00019927222647186352 ‖Δρ‖ = 0.0001992740890078231  ‖vε - vref‖ = 0.14964478300984133  α = 2.54e-5
 16   -22.18679847928       -9.82       -3.06    12.7s
    ‖ρε - ρref‖ = 0.00022713961942149766 ‖Δρ‖ = 0.00022711330813757086  ‖vε - vref‖ = 0.1379795686372028  α = 2.21e-5
 17   -22.18679847946       -9.74       -3.79    7.70s
    ‖ρε - ρref‖ = 3.5737106518993665e-5 ‖Δρ‖ = 3.570269034318108e-5  ‖vε - vref‖ = 0.12426313511513623  α = 0.000162
 18   -22.18679847952      -10.17       -3.60    7.69s
    ‖ρε - ρref‖ = 7.183801892031433e-5 ‖Δρ‖ = 7.185759061601193e-5  ‖vε - vref‖ = 0.1186529799593368  α = 4.73e-5
 19   -22.18679847961      -10.05       -3.72    7.74s
    ‖ρε - ρref‖ = 4.640788146838957e-5 ‖Δρ‖ = 4.6437452457446126e-5  ‖vε - vref‖ = 0.11116956547622486  α = 8.67e-5
 20   -22.18679847976       -9.83       -3.67    7.58s
    ‖ρε - ρref‖ = 4.34143632109552e-5 ‖Δρ‖ = 4.3386202859380126e-5  ‖vε - vref‖ = 0.09670464772021438  α = 0.00012
 21   -22.18679847987       -9.95       -4.26    12.9s
    ‖ρε - ρref‖ = 1.0637967860659761e-5 ‖Δρ‖ = 1.0607445490519943e-5  ‖vε - vref‖ = 0.08508662607965267  α = 0.000429
 22   -22.18679847993      -10.20       -3.79    7.63s
    ‖ρε - ρref‖ = 3.5791007189315634e-5 ‖Δρ‖ = 3.581040345545549e-5  ‖vε - vref‖ = 0.07701562273317067  α = 9.36e-5
 23   -22.18679847998      -10.32       -4.11    7.62s
    ‖ρε - ρref‖ = 1.5573158535311027e-5 ‖Δρ‖ = 1.557422998820423e-5  ‖vε - vref‖ = 0.07082863851802333  α = 0.000192
 24   -22.18679848001      -10.53       -4.03    7.53s
    ‖ρε - ρref‖ = 2.0934525294290755e-5 ‖Δρ‖ = 2.082124535740886e-5  ‖vε - vref‖ = 0.0673468082412358  α = 0.000106
 25   -22.18679848002      -10.99       -2.97    12.6s
    ‖ρε - ρref‖ = 0.0003372806216471626 ‖Δρ‖ = 0.00033746380124564587  ‖vε - vref‖ = 0.06505132433755713  α = 3.44e-6
 26   -22.18679848006      -10.49       -4.11    7.66s
    ‖ρε - ρref‖ = 1.5393954241179512e-5 ‖Δρ‖ = 1.538436466003068e-5  ‖vε - vref‖ = 0.059991784894042215  α = 0.000161
 27   -22.18679848006      -11.32       -4.05    7.61s
    ‖ρε - ρref‖ = 3.0676833967794334e-5 ‖Δρ‖ = 3.071919130483228e-5  ‖vε - vref‖ = 0.059229983207944356  α = 2.84e-5
 28   -22.18679848009      -10.56       -4.13    7.65s
    ‖ρε - ρref‖ = 1.4417712895927364e-5 ‖Δρ‖ = 1.441144753497626e-5  ‖vε - vref‖ = 0.054809145102976964  α = 0.000155
 29   -22.18679848009      -11.16       -3.52    12.9s
    ‖ρε - ρref‖ = 9.006053038593525e-5 ‖Δρ‖ = 9.003585710004961e-5  ‖vε - vref‖ = 0.05347339435828421  α = 1.19e-5
 30   -22.18679848011      -10.76       -3.92    7.62s
    ‖ρε - ρref‖ = 2.540198386173858e-5 ‖Δρ‖ = 2.5373200966473873e-5  ‖vε - vref‖ = 0.05026650950334251  α = 7.02e-5
 31   -22.18679848012      -11.34       -4.13    7.59s
    ‖ρε - ρref‖ = 2.161934330448167e-5 ‖Δρ‖ = 2.163807234007145e-5  ‖vε - vref‖ = 0.04934443021225173  α = 4.12e-5
 32   -22.18679848013      -10.98       -4.37    7.62s
    ‖ρε - ρref‖ = 9.75594804838002e-6 ‖Δρ‖ = 9.809633935041087e-6  ‖vε - vref‖ = 0.047409630450098925  α = 0.000139
 33   -22.18679848014      -10.82       -4.16    7.63s
    ‖ρε - ρref‖ = 1.3609872413685367e-5 ‖Δρ‖ = 1.3588521398772655e-5  ‖vε - vref‖ = 0.04433035037273102  α = 0.000123
 34   -22.18679848015      -10.88       -4.29    12.9s
    ‖ρε - ρref‖ = 9.672461603639378e-6 ‖Δρ‖ = 9.63385672043643e-6  ‖vε - vref‖ = 0.041443574860045365  α = 0.000164
 35   -22.18679848016      -11.01       -4.45    7.57s
    ‖ρε - ρref‖ = 6.804861297212459e-6 ‖Δρ‖ = 6.79389417767662e-6  ‖vε - vref‖ = 0.03922198638048186  α = 0.000198
 36   -22.18679848017      -11.93       -4.50    7.62s
    ‖ρε - ρref‖ = 1.0399768704644299e-5 ‖Δρ‖ = 1.0574473868841853e-5  ‖vε - vref‖ = 0.0390685636891982  α = 3.73e-5
 37   -22.18679848017      -11.60       -3.53    7.61s
    ‖ρε - ρref‖ = 7.79878787450827e-5 ‖Δρ‖ = 7.786806340023087e-5  ‖vε - vref‖ = 0.0383527181162278  α = 8.2e-6
 38   -22.18679848018      -11.09       -4.53    12.6s
    ‖ρε - ρref‖ = 5.1943328908605025e-6 ‖Δρ‖ = 5.214854431193998e-6  ‖vε - vref‖ = 0.036395551657772626  α = 0.000237
 39   -22.18679848018      -11.64       -4.53    7.68s
    ‖ρε - ρref‖ = 7.692962811352796e-6 ‖Δρ‖ = 7.654998515767841e-6  ‖vε - vref‖ = 0.03592018973433647  α = 8.05e-5
 40   -22.18679848018      -11.33       -4.01    7.67s
    ‖ρε - ρref‖ = 1.983227993735606e-5 ‖Δρ‖ = 1.9843649506086965e-5  ‖vε - vref‖ = 0.034649564925282976  α = 4.53e-5
 41   -22.18679848018      -12.04       -4.13    7.65s
    ‖ρε - ρref‖ = 2.3828215399892848e-5 ‖Δρ‖ = 2.3836966766045785e-5  ‖vε - vref‖ = 0.03441464909238273  α = 1.62e-5
 42   -22.18679848019      -11.55       -4.21    7.53s
    ‖ρε - ρref‖ = 1.3868663091064502e-5 ‖Δρ‖ = 1.3831722117835189e-5  ‖vε - vref‖ = 0.03365216981452147  α = 5.13e-5
 43   -22.18679848019      -11.69       -4.75    12.9s
    ‖ρε - ρref‖ = 4.138666119902302e-6 ‖Δρ‖ = 4.113421771625499e-6  ‖vε - vref‖ = 0.03314824919745965  α = 0.000147
 44   -22.18679848019      -11.63       -4.23    7.67s
    ‖ρε - ρref‖ = 1.2651530533730928e-5 ‖Δρ‖ = 1.2660546939243183e-5  ‖vε - vref‖ = 0.032501319221799184  α = 5.16e-5
 45   -22.18679848019      -11.63       -4.67    7.59s
    ‖ρε - ρref‖ = 4.438356192752448e-6 ‖Δρ‖ = 4.47395177333111e-6  ‖vε - vref‖ = 0.03186948075665519  α = 0.000146
 46   -22.18679848020      -11.62       -4.50    7.57s
    ‖ρε - ρref‖ = 6.218184079684797e-6 ‖Δρ‖ = 6.169250794182323e-6  ‖vε - vref‖ = 0.031209800500336105  α = 0.000109
 47   -22.18679848020      -11.68       -4.77    12.7s
    ‖ρε - ρref‖ = 3.269798136818432e-6 ‖Δρ‖ = 3.231298999087546e-6  ‖vε - vref‖ = 0.030656949340914636  α = 0.000192
 48   -22.18679848020      -12.94       -4.42    7.65s
    ‖ρε - ρref‖ = 1.7808184889519774e-5 ‖Δρ‖ = 1.8042475102969042e-5  ‖vε - vref‖ = 0.030626599585277626  α = 6.52e-6
 49   -22.18679848020      -11.78       -4.33    7.61s
    ‖ρε - ρref‖ = 9.713437905242973e-6 ‖Δρ‖ = 9.695507274103605e-6  ‖vε - vref‖ = 0.03015538301705528  α = 5.63e-5
 50   -22.18679848020      -11.47       -5.01    7.61s
    ‖ρε - ρref‖ = 1.557670658432811e-6 ‖Δρ‖ = 1.538689857585488e-6  ‖vε - vref‖ = 0.029236650623148838  α = 0.000515
 51   -22.18679848020      -12.23       -4.62    7.70s
    ‖ρε - ρref‖ = 6.673929004156038e-6 ‖Δρ‖ = 6.644287247411651e-6  ‖vε - vref‖ = 0.029061793689488906  α = 4.71e-5
 52   -22.18679848020      -12.23       -4.40    13.1s
    ‖ρε - ρref‖ = 1.0731855332749622e-5 ‖Δρ‖ = 1.0746637598848422e-5  ‖vε - vref‖ = 0.02889233125800473  α = 2.88e-5
 53   -22.18679848020      -12.64       -4.45    7.65s
    ‖ρε - ρref‖ = 1.1611433246656901e-5 ‖Δρ‖ = 1.1629818017618435e-5  ‖vε - vref‖ = 0.028825889444442546  α = 1.71e-5
 54   -22.18679848021      -11.92       -4.57    7.64s
    ‖ρε - ρref‖ = 5.2480371427169675e-6 ‖Δρ‖ = 5.203986277326989e-6  ‖vε - vref‖ = 0.028494493638401883  α = 9.13e-5
 55   -22.18679848021      -11.87       -4.89    7.62s
    ‖ρε - ρref‖ = 2.480485745086583e-6 ‖Δρ‖ = 2.4649258055880706e-6  ‖vε - vref‖ = 0.02812432798086042  α = 0.000201
 56   -22.18679848021      -12.42       -4.63    12.9s
    ‖ρε - ρref‖ = 6.188443185304308e-6 ‖Δρ‖ = 6.1952425647749515e-6  ‖vε - vref‖ = 0.028012630019140755  α = 4.2e-5
 57   -22.18679848021      -12.10       -4.80    7.58s
    ‖ρε - ρref‖ = 3.1940873659889515e-6 ‖Δρ‖ = 3.1861256522423257e-6  ‖vε - vref‖ = 0.02779134775075541  α = 0.000119
 58   -22.18679848021      -12.02       -4.92    7.61s
    ‖ρε - ρref‖ = 2.3066309427569504e-6 ‖Δρ‖ = 2.2816560048954207e-6  ‖vε - vref‖ = 0.027525520135967964  α = 0.000183
 59   -22.18679848021      -12.31       -4.90    7.64s
    ‖ρε - ρref‖ = 2.829931949960567e-6 ‖Δρ‖ = 2.7070418159031347e-6  ‖vε - vref‖ = 0.0274333884125857  α = 0.000104
 60   -22.18679848021      -12.54       -3.71    12.9s
    ‖ρε - ρref‖ = 5.033554352182492e-5 ‖Δρ‖ = 5.0515398486340286e-5  ‖vε - vref‖ = 0.02730106164589464  α = 3.94e-6
 61   -22.18679848021      -12.29       -5.08    7.69s
    ‖ρε - ρref‖ = 1.6971095971470312e-6 ‖Δρ‖ = 1.719058108078235e-6  ‖vε - vref‖ = 0.027162334665219154  α = 0.000179
 62   -22.18679848021      -12.25       -4.81    7.64s
    ‖ρε - ρref‖ = 3.124883437475652e-6 ‖Δρ‖ = 3.0665637340973804e-6  ‖vε - vref‖ = 0.027008239819023908  α = 0.000105
 63   -22.18679848021      -12.73       -5.19    7.66s
    ‖ρε - ρref‖ = 1.7726886057922255e-6 ‖Δρ‖ = 1.7069579214018986e-6  ‖vε - vref‖ = 0.02697134002321088  α = 0.000106
 64   -22.18679848021      -12.49       -4.48    7.60s
    ‖ρε - ρref‖ = 7.797687269182455e-6 ‖Δρ‖ = 7.77969491492264e-6  ‖vε - vref‖ = 0.02689287301822216  α = 2.96e-5
 65   -22.18679848021      -12.73       -4.41    12.9s
    ‖ρε - ρref‖ = 1.0716014751617937e-5 ‖Δρ‖ = 1.0742785403153853e-5  ‖vε - vref‖ = 0.026841677803709895  α = 1.64e-5
 66   -22.18679848021      -12.21       -4.79    7.57s
    ‖ρε - ρref‖ = 2.953371915149739e-6 ‖Δρ‖ = 2.9516032450840833e-6  ‖vε - vref‖ = 0.02668270684678797  α = 0.000113
 67   -22.18679848021      -12.24       -5.11    7.65s
    ‖ρε - ρref‖ = 1.4437254806576075e-6 ‖Δρ‖ = 1.4088197357892192e-6  ‖vε - vref‖ = 0.026539312068286865  α = 0.000231
 68   -22.18679848021      -12.91       -4.93    7.62s
    ‖ρε - ρref‖ = 3.2807001819924557e-6 ‖Δρ‖ = 3.2806608101772176e-6  ‖vε - vref‖ = 0.026508109289941007  α = 4.48e-5
 69   -22.18679848021      -12.69       -5.08    12.8s
    ‖ρε - ρref‖ = 1.94041835250616e-6 ‖Δρ‖ = 1.92627172144869e-6  ‖vε - vref‖ = 0.026455442603955475  α = 0.000105
 70   -22.18679848021      -12.27       -4.97    7.70s
    ‖ρε - ρref‖ = 1.855097325766172e-6 ‖Δρ‖ = 1.8346677831910596e-6  ‖vε - vref‖ = 0.026333108064111294  α = 0.000169
 71   -22.18679848021      -13.97       -4.99    7.63s
    ‖ρε - ρref‖ = 5.4565859271391166e-6 ‖Δρ‖ = 5.219812807739229e-6  ‖vε - vref‖ = 0.026331480628299767  α = 7.13e-6
 72   -22.18679848021      -12.66       -4.89    7.67s
    ‖ρε - ρref‖ = 2.790867660973505e-6 ‖Δρ‖ = 2.8073575287691518e-6  ‖vε - vref‖ = 0.026278176757719908  α = 7.21e-5
 73   -22.18679848021      -12.59       -5.21    7.58s
    ‖ρε - ρref‖ = 1.2568742692509383e-6 ‖Δρ‖ = 1.249049521774601e-6  ‖vε - vref‖ = 0.026222697689099933  α = 0.000174
 74   -22.18679848021      -12.46       -5.21    13.0s
    ‖ρε - ρref‖ = 1.1746160765468955e-6 ‖Δρ‖ = 1.1384530632604197e-6  ‖vε - vref‖ = 0.026155774589752878  α = 0.000217
 75   -22.18679848021      -13.85       -5.11    7.64s
    ‖ρε - ρref‖ = 2.866431926161801e-6 ‖Δρ‖ = 2.8112018239001057e-6  ‖vε - vref‖ = 0.026149848975074965  α = 2.64e-5
 76   -22.18679848021      -13.03       -4.96    7.63s
    ‖ρε - ρref‖ = 3.049168563858384e-6 ‖Δρ‖ = 2.970871626305033e-6  ‖vε - vref‖ = 0.026141605596087362  α = 4.15e-5
 77   -22.18679848022      -12.72       -4.59    7.52s
    ‖ρε - ρref‖ = 5.3536469330605525e-6 ‖Δρ‖ = 5.331408002301687e-6  ‖vε - vref‖ = 0.026109507987448547  α = 3.4e-5
 78   -22.18679848022      -12.80       -4.92    12.7s
    ‖ρε - ρref‖ = 2.4228194073406086e-6 ‖Δρ‖ = 2.4453923761691603e-6  ‖vε - vref‖ = 0.026073655667654308  α = 7.32e-5
 79   -22.18679848022      -12.92       -5.45    7.57s
    ‖ρε - ρref‖ = 8.025449208239816e-7 ‖Δρ‖ = 7.738187940085688e-7  ‖vε - vref‖ = 0.026054999442180603  α = 0.000181
 80   -22.18679848022      -12.89       -5.30    7.59s
    ‖ρε - ρref‖ = 1.0794234198232154e-6 ‖Δρ‖ = 1.0501486492271883e-6  ‖vε - vref‖ = 0.026036391742879368  α = 0.000145
 81   -22.18679848022      -13.30       -4.94    7.63s
    ‖ρε - ρref‖ = 2.9036189796780862e-6 ‖Δρ‖ = 2.8800917931107025e-6  ‖vε - vref‖ = 0.02602611708380058  α = 3.83e-5
 82   -22.18679848022      -12.83       -5.47    7.63s
    ‖ρε - ρref‖ = 6.710507781490681e-7 ‖Δρ‖ = 6.989298395038833e-7  ‖vε - vref‖ = 0.026020659390149994  α = 0.000216
 83   -22.18679848022      -13.45       -4.11    13.2s
    ‖ρε - ρref‖ = 2.301234368659101e-5 ‖Δρ‖ = 2.281041914792602e-5  ‖vε - vref‖ = 0.026008516486905317  α = 3.46e-6
 84   -22.18679848022      -12.88       -5.23    7.61s
    ‖ρε - ρref‖ = 1.28831726124892e-6 ‖Δρ‖ = 1.2487649836745626e-6  ‖vε - vref‖ = 0.02599539166412218  α = 0.000118
 85   -22.18679848022      -12.80       -5.29    7.56s
    ‖ρε - ρref‖ = 1.011160851586827e-6 ‖Δρ‖ = 9.884892794215076e-7  ‖vε - vref‖ = 0.025979090045388738  α = 0.000168
 86   -22.18679848022      -12.89       -5.44    7.57s
    ‖ρε - ρref‖ = 7.85800560546051e-7 ‖Δρ‖ = 7.32115097765116e-7  ‖vε - vref‖ = 0.025968961231635078  α = 0.000206
 87   -22.18679848022      -13.67       -5.14    13.0s
    ‖ρε - ρref‖ = 2.4774869947397266e-6 ‖Δρ‖ = 2.4470578292900623e-6  ‖vε - vref‖ = 0.025967163891296545  α = 2.32e-5
 88   -22.18679848022      -13.67       -4.97    7.82s
    ‖ρε - ρref‖ = 2.5805505798687016e-6 ‖Δρ‖ = 2.52867862292114e-6  ‖vε - vref‖ = 0.02596471437108269  α = 3.91e-5
 89   -22.18679848022      -13.50       -4.94    7.62s
    ‖ρε - ρref‖ = 3.208244813334431e-6 ‖Δρ‖ = 3.224099536753253e-6  ‖vε - vref‖ = 0.02596129180133972  α = 2.19e-5
 90   -22.18679848022      -13.11       -5.48    7.63s
    ‖ρε - ρref‖ = 7.46887141191484e-7 ‖Δρ‖ = 7.021826873585733e-7  ‖vε - vref‖ = 0.025956347859546196  α = 0.000162
    Stopping to avoid numerical instabilities.
 91   -22.18679848022      -12.92       -5.52    7.59s
    ‖ρε - ρref‖ = 6.03487891600522e-7 ‖Δρ‖ = 5.458136255726208e-7  ‖vε - vref‖ = 0.025950121434008072  α = 0.000272

#-- ‖ρε - ρref‖ = 2.8490342358153983e-7 vs. 1.0e-9 = δ*ε ‖vε - vref‖ = 0.0259512323861053

|v-vref|h1 = [0.05831094685808453, 0.043746033690889106, 0.0354241711177924, 0.03077067337662784, 0.028673351688444735, 0.025951232386105284]
|v-vref|l2 = [0.007697285676918057, 0.005215216568481175, 0.0037738576132814224, 0.0029939388439121704, 0.002636153931777126, 0.002297206612842086]
──────────────────────────────────────────────────────────────────────────────────────────────
                                                     Time                    Allocations      
                                            ───────────────────────   ────────────────────────
             Tot / % measured:                   6.24h /  67.4%           24.5TiB /  49.8%    

Section                             ncalls     time    %tot     avg     alloc    %tot      avg
──────────────────────────────────────────────────────────────────────────────────────────────
compute_density                      6.28k    1.77h   42.2%   1.02s   5.57TiB   45.6%   929MiB
  symmetrize_ρ                       6.28k    1.61h   38.3%   924ms   3.18TiB   26.1%   531MiB
DftHamiltonian multiplication         242k    3560s   23.5%  14.7ms    509GiB    4.1%  2.15MiB
  nonlocal                            242k    2479s   16.4%  10.2ms   29.2GiB    0.2%   126KiB
energy_hamiltonian                   4.30k    2558s   16.9%   595ms   3.05TiB   25.0%   743MiB
  ene_ops                            4.30k    2181s   14.4%   507ms    869GiB    7.0%   207MiB
    ene_ops: nonlocal                4.30k    1260s    8.3%   293ms   33.3GiB    0.3%  7.94MiB
    ene_ops: external_Hartree        4.30k     429s    2.8%   100ms    350GiB    2.8%  83.3MiB
    ene_ops: dualmap                 4.30k     408s    2.7%  94.9ms    383GiB    3.1%  91.3MiB
    ene_ops: kinetic                 4.30k    54.0s    0.4%  12.6ms    767MiB    0.0%   183KiB
    ene_ops: hartree                 4.30k    24.1s    0.2%  5.61ms   84.2GiB    0.7%  20.0MiB
    ene_ops: local                   4.30k    3.97s    0.0%   923μs   17.0GiB    0.1%  4.04MiB
solve_ΩplusK                             4    2048s   13.5%    512s   2.16TiB   17.7%   553GiB
  apply_K                              400    1135s    7.5%   2.84s    653GiB    5.2%  1.63GiB
    compute_δρ                         400     423s    2.8%   1.06s    441GiB    3.5%  1.10GiB
      symmetrize_ρ                     400     364s    2.4%   910ms    207GiB    1.7%   531MiB
    apply_kernel                       400    41.1s    0.3%   103ms   42.7GiB    0.3%   109MiB
  apply_Ω                              400     446s    3.0%   1.12s    380GiB    3.0%  0.95GiB
    DftHamiltonian multiplication    22.4k     335s    2.2%  15.0ms   47.0GiB    0.4%  2.15MiB
      nonlocal                       22.4k     234s    1.5%  10.4ms   2.70GiB    0.0%   126KiB
  compute_density                        4    3.68s    0.0%   920ms   3.63GiB    0.0%   930MiB
    symmetrize_ρ                         4    3.50s    0.0%   874ms   2.07GiB    0.0%   531MiB
  DftHamiltonian multiplication        224    3.29s    0.0%  14.7ms    482MiB    0.0%  2.15MiB
    nonlocal                           224    2.33s    0.0%  10.4ms   27.7MiB    0.0%   126KiB
  energy_hamiltonian                     4    2.11s    0.0%   528ms   2.90GiB    0.0%   743MiB
    ene_ops                              4    2.02s    0.0%   504ms    828MiB    0.0%   207MiB
      ene_ops: nonlocal                  4    1.23s    0.0%   307ms   31.7MiB    0.0%  7.94MiB
      ene_ops: external_Hartree          4    370ms    0.0%  92.4ms    333MiB    0.0%  83.3MiB
      ene_ops: dualmap                   4    349ms    0.0%  87.2ms    365MiB    0.0%  91.3MiB
      ene_ops: kinetic                   4   54.3ms    0.0%  13.6ms    730KiB    0.0%   183KiB
      ene_ops: hartree                   4   12.9ms    0.0%  3.22ms   80.2MiB    0.0%  20.0MiB
      ene_ops: local                     4   1.48ms    0.0%   371μs   16.2MiB    0.0%  4.04MiB
ortho_qr                              111k     476s    3.1%  4.29ms    826GiB    6.6%  7.61MiB
PlaneWaveBasis                          29    71.9s    0.5%   2.48s    106GiB    0.8%  3.65GiB
  Instantiation AtomicNonlocal          29    57.9s    0.4%   2.00s   83.2GiB    0.7%  2.87GiB
  Instantiation AtomicLocal             29    5.00s    0.0%   172ms   3.55GiB    0.0%   125MiB
    enforce_real!                       29   37.5ms    0.0%  1.29ms   10.9KiB    0.0%     384B
  Instantiation ExternalHartree         29    3.83s    0.0%   132ms   2.50GiB    0.0%  88.2MiB
  Instantiation DualMap                 29    2.40s    0.0%  82.9ms   2.26GiB    0.0%  79.9MiB
  build_kpoints                         29    1.82s    0.0%  62.7ms   12.0GiB    0.1%   422MiB
  Instantiation Kinetic                 29    328ms    0.0%  11.3ms   1.32GiB    0.0%  46.6MiB
  Instantiation Hartree                 29    232ms    0.0%  8.01ms    118MiB    0.0%  4.08MiB
    enforce_real!                       29   35.0ms    0.0%  1.21ms   12.2KiB    0.0%     432B
  Instantiation Ewald                   29    134ms    0.0%  4.63ms   84.9KiB    0.0%  2.93KiB
    precomp: Ewald                      29    133ms    0.0%  4.60ms   60.3KiB    0.0%  2.08KiB
  _check_kpoint_reduction               29   73.3ms    0.0%  2.53ms     0.00B    0.0%    0.00B
  Instantiation PspCorrection           29   1.05ms    0.0%  36.1μs   11.8KiB    0.0%     416B
load_scfres                              1    13.1s    0.1%   13.1s   6.09GiB    0.0%  6.09GiB
  energy_hamiltonian                     1    3.52s    0.0%   3.52s    811MiB    0.0%   811MiB
    ene_ops                              1    3.40s    0.0%   3.40s    384MiB    0.0%   384MiB
      ene_ops: xc                        1    2.20s    0.0%   2.20s    328MiB    0.0%   328MiB
      ene_ops: nonlocal                  1    304ms    0.0%   304ms   9.42MiB    0.0%  9.42MiB
      ene_ops: kinetic                   1   43.1ms    0.0%  43.1ms    234KiB    0.0%   234KiB
      ene_ops: hartree                   1   5.37ms    0.0%  5.37ms   20.0MiB    0.0%  20.0MiB
      ene_ops: local                     1    264μs    0.0%   264μs   4.04MiB    0.0%  4.04MiB
  Instantiation AtomicNonlocal           1    3.00s    0.0%   3.00s   2.93GiB    0.0%  2.93GiB
  Instantiation Xc                       1    1.05s    0.0%   1.05s    202MiB    0.0%   202MiB
    enforce_real!                        1   1.28ms    0.0%  1.28ms      384B    0.0%     384B
  Instantiation AtomicLocal              1    329ms    0.0%   329ms    127MiB    0.0%   127MiB
    enforce_real!                        1   1.30ms    0.0%  1.30ms      384B    0.0%     384B
  build_kpoints                          1    302ms    0.0%   302ms    422MiB    0.0%   422MiB
  Instantiation Ewald                    1   72.7ms    0.0%  72.7ms   18.4MiB    0.0%  18.4MiB
    precomp: Ewald                       1   4.63ms    0.0%  4.63ms   3.16KiB    0.0%  3.16KiB
  Instantiation PspCorrection            1   21.9ms    0.0%  21.9ms   2.76MiB    0.0%  2.76MiB
  Instantiation Hartree                  1   21.9ms    0.0%  21.9ms   11.7MiB    0.0%  11.7MiB
    enforce_real!                        1   1.20ms    0.0%  1.20ms      432B    0.0%     432B
  Instantiation Kinetic                  1   10.1ms    0.0%  10.1ms   46.6MiB    0.0%  46.6MiB
  _check_kpoint_reduction                1   2.54ms    0.0%  2.54ms     0.00B    0.0%    0.00B
compute_projected_gradient               4    9.57s    0.1%   2.39s   8.67GiB    0.1%  2.17GiB
  compute_density                        4    3.63s    0.0%   908ms   3.63GiB    0.0%   930MiB
    symmetrize_ρ                         4    3.45s    0.0%   863ms   2.07GiB    0.0%   531MiB
  DftHamiltonian multiplication        224    3.45s    0.0%  15.4ms    482MiB    0.0%  2.15MiB
    nonlocal                           224    2.44s    0.0%  10.9ms   27.7MiB    0.0%   126KiB
  energy_hamiltonian                     4    2.13s    0.0%   533ms   2.90GiB    0.0%   743MiB
    ene_ops                              4    2.03s    0.0%   508ms    828MiB    0.0%   207MiB
      ene_ops: nonlocal                  4    1.24s    0.0%   311ms   31.7MiB    0.0%  7.94MiB
      ene_ops: external_Hartree          4    367ms    0.0%  91.8ms    333MiB    0.0%  83.3MiB
      ene_ops: dualmap                   4    349ms    0.0%  87.2ms    365MiB    0.0%  91.3MiB
      ene_ops: kinetic                   4   53.3ms    0.0%  13.3ms    730KiB    0.0%   183KiB
      ene_ops: hartree                   4   14.4ms    0.0%  3.60ms   80.2MiB    0.0%  20.0MiB
      ene_ops: local                     4   1.94ms    0.0%   486μs   16.2MiB    0.0%  4.04MiB
save_scfres                              2    6.39s    0.0%   3.19s    656MiB    0.0%   328MiB
symmetry_operations                     29    850ms    0.0%  29.3ms   16.2MiB    0.0%   570KiB
  _check_symmetries                     29   4.68ms    0.0%   161μs   5.44MiB    0.0%   192KiB
──────────────────────────────────────────────────────────────────────────────────────────────
