
DFTK Version      0.7.20
Julia Version     1.12.4
libxc Version     7.0.0
FFTW.jl provider  fftw v3.3.10

BLAS.get_config()
  LinearAlgebra.BLAS.LBTConfig
  Libraries: 
  └ [ILP64] libopenblas64_.so

MPI.versioninfo()
  MPIPreferences:
    binary:  MPICH_jll
    abi:     MPICH
  
  Package versions
    MPI.jl:             0.20.23
    MPIPreferences.jl:  0.1.11
    MPICH_jll:          4.3.2+0
  
  Library information:
    libmpi:  /data/vebak3345/.julia/artifacts/117d9048128625bb3418b0b4cca48739c5d28740/lib/libmpi.so
    libmpi dlpath:  /data/vebak3345/.julia/artifacts/117d9048128625bb3418b0b4cca48739c5d28740/lib/libmpi.so
    MPI version:  4.1.0
    Library version:  
      MPICH Version:      4.3.1
      MPICH Release date: Fri Jun 20 09:24:41 AM CDT 2025
      MPICH ABI:          17:1:5
      MPICH Device:       ch3:nemesis
      MPICH configure:    --build=x86_64-linux-musl --disable-dependency-tracking --disable-doc --enable-fast=ndebug,O3 --enable-static=no --host=x86_64-linux-gnu --prefix=/workspace/destdir --with-device=ch3 --with-hwloc=/workspace/destdir
      MPICH CC:           cc     -DNDEBUG -DNVALGRIND -O3
      MPICH CXX:          c++   -DNDEBUG -DNVALGRIND -O3
      MPICH F77:          gfortran   -O3
      MPICH FC:           gfortran   -O3
      MPICH features:     
      
    MPI launcher: /data/vebak3345/.julia/artifacts/117d9048128625bb3418b0b4cca48739c5d28740/bin/mpiexec
    MPI launcher path: /data/vebak3345/.julia/artifacts/117d9048128625bb3418b0b4cca48739c5d28740/bin/mpiexec
  


‖ρref - ρorig‖H-1 = 0.0
‖ρref - ρorig‖L2  = 0.0

# --- ε=1.0

n     Energy            log10(ΔE)   log10(Δρ)   Δtime 
---   ---------------   ---------   ---------   ------
  1   -37.64781403167                   -0.04    11.6s
    ‖ρε - ρref‖ = 0.31187834202336634 ‖Δρ‖ = 0.4413302434372322  ‖vε - vref‖ = 6.184755818748324  α = 0.252
  2   -37.67344722354       -1.59       -0.84    4.46s
    ‖ρε - ρref‖ = 0.13305566566912472 ‖Δρ‖ = 0.07656612522532034  ‖vε - vref‖ = 6.16387233975796  α = 0.346
  3   -37.67795174045       -2.35       -1.61    3.83s
    ‖ρε - ρref‖ = 0.13672268114188238 ‖Δρ‖ = 0.011839492577081704  ‖vε - vref‖ = 6.159638843258872  α = 0.379
  4   -37.67949328265       -2.81       -1.63    3.47s
    ‖ρε - ρref‖ = 0.1393240138286001 ‖Δρ‖ = 0.011023911199504107  ‖vε - vref‖ = 6.158770186771852  α = 0.329
  5   -37.68009291210       -3.22       -2.10    3.45s
    ‖ρε - ρref‖ = 0.13943081131784854 ‖Δρ‖ = 0.0027978848509656274  ‖vε - vref‖ = 6.159066179833578  α = 0.394
  6   -37.68021566750       -3.91       -2.27    2.38s
    ‖ρε - ρref‖ = 0.1385158011600792 ‖Δρ‖ = 0.0026890664170011237  ‖vε - vref‖ = 6.159797045752504  α = 1.0

#-- ‖ρε - ρref‖ = 0.13819854459274922 vs. 0.01 = δ*ε ‖vε - vref‖ = 6.159565200636755


# --- ε=0.5623413251903491

n     Energy            log10(ΔE)   log10(Δρ)   Δtime 
---   ---------------   ---------   ---------   ------
  1   -37.66884390753                   -1.54    7.02s
    ‖ρε - ρref‖ = 0.14883061469162978 ‖Δρ‖ = 0.014872936299724164  ‖vε - vref‖ = 6.014164957175622  α = 0.275
  2   -37.66887703046       -4.48       -2.31    3.50s
    ‖ρε - ρref‖ = 0.13532357158458796 ‖Δρ‖ = 0.0027587175918623976  ‖vε - vref‖ = 6.01534500748252  α = 0.268
  3   -37.66888665877       -5.02       -2.66    3.55s
    ‖ρε - ρref‖ = 0.1336587052538291 ‖Δρ‖ = 0.001108783024914341  ‖vε - vref‖ = 6.015299074219359  α = 0.365

#-- ‖ρε - ρref‖ = 0.13378715340009154 vs. 0.005623413251903491 = δ*ε ‖vε - vref‖ = 6.01556513185497


# --- ε=0.31622776601683794

n     Energy            log10(ΔE)   log10(Δρ)   Δtime 
---   ---------------   ---------   ---------   ------
  1   -37.65008771223                   -1.30    6.45s
    ‖ρε - ρref‖ = 0.1526793683819972 ‖Δρ‖ = 0.025996436110478926  ‖vε - vref‖ = 5.781499146004043  α = 0.272
  2   -37.65013726124       -4.30       -2.09    3.49s
    ‖ρε - ρref‖ = 0.12717985413279148 ‖Δρ‖ = 0.004361430117433626  ‖vε - vref‖ = 5.782711327687216  α = 0.291
  3   -37.65014570542       -5.07       -3.06    3.49s
    ‖ρε - ρref‖ = 0.12666516142267367 ‖Δρ‖ = 0.0004113984463002138  ‖vε - vref‖ = 5.783209413629963  α = 0.435
  4   -37.65014848926       -5.56       -3.07    3.72s
    ‖ρε - ρref‖ = 0.12661123344860586 ‖Δρ‖ = 0.0004142646795485046  ‖vε - vref‖ = 5.783474561109265  α = 0.327

#-- ‖ρε - ρref‖ = 0.12650176252136897 vs. 0.0031622776601683794 = δ*ε ‖vε - vref‖ = 5.783512628406489


# --- ε=0.1778279410038923

n     Energy            log10(ΔE)   log10(Δρ)   Δtime 
---   ---------------   ---------   ---------   ------
  1   -37.62129148624                   -1.07    6.92s
    ‖ρε - ρref‖ = 0.15997100509782108 ‖Δρ‖ = 0.04437745795809695  ‖vε - vref‖ = 5.42738115432452  α = 0.244
  2   -37.62142348178       -3.88       -1.87    3.98s
    ‖ρε - ρref‖ = 0.1167023624730446 ‖Δρ‖ = 0.007265101925140228  ‖vε - vref‖ = 5.431123097032865  α = 0.281
  3   -37.62143086863       -5.13       -2.78    2.33s
    ‖ρε - ρref‖ = 0.11546298417055893 ‖Δρ‖ = 0.0007691287483011178  ‖vε - vref‖ = 5.434205688925668  α = 1.0
  4   -37.62144970913       -4.72       -2.98    2.44s
    ‖ρε - ρref‖ = 0.11529496335181959 ‖Δρ‖ = 0.00031230063759669615  ‖vε - vref‖ = 5.433845697177285  α = 1.0

#-- ‖ρε - ρref‖ = 0.11533726264011891 vs. 0.001778279410038923 = δ*ε ‖vε - vref‖ = 5.433284632474613


# --- ε=0.1

n     Energy            log10(ΔE)   log10(Δρ)   Δtime 
---   ---------------   ---------   ---------   ------
  1   -37.58096282100                   -0.85    6.57s
    ‖ρε - ρref‖ = 0.1728243676299288 ‖Δρ‖ = 0.0728114587723596  ‖vε - vref‖ = 4.940905813244672  α = 0.209
  2   -37.58122490871       -3.58       -1.67    3.52s
    ‖ρε - ρref‖ = 0.10182199603619241 ‖Δρ‖ = 0.011198855171194238  ‖vε - vref‖ = 4.948392996765444  α = 0.245
  3   -37.58128266078       -4.24       -2.54    3.52s
    ‖ρε - ρref‖ = 0.10007201282683635 ‖Δρ‖ = 0.0013939525430454135  ‖vε - vref‖ = 4.9522238428356395  α = 0.482
  4   -37.58128906749       -5.19       -3.09    2.37s
    ‖ρε - ρref‖ = 0.09984290987512623 ‖Δρ‖ = 0.00032508282141812154  ‖vε - vref‖ = 4.9541335777629  α = 1.0
  5   -37.58129916372       -5.00       -3.23    2.31s
    ‖ρε - ρref‖ = 0.0997744151545674 ‖Δρ‖ = 0.0001818240816968988  ‖vε - vref‖ = 4.953214322302326  α = 1.0

#-- ‖ρε - ρref‖ = 0.09979337876800005 vs. 0.001 = δ*ε ‖vε - vref‖ = 4.9531097193245825


# --- ε=0.05623413251903491

n     Energy            log10(ΔE)   log10(Δρ)   Δtime 
---   ---------------   ---------   ---------   ------
  1   -37.53093170368                   -0.66    6.74s
    ‖ρε - ρref‖ = 0.194547186049015 ‖Δρ‖ = 0.1138015827378185  ‖vε - vref‖ = 4.354426961214213  α = 0.167
  2   -37.53132521941       -3.41       -1.52    3.43s
    ‖ρε - ρref‖ = 0.08358501215966502 ‖Δρ‖ = 0.015840134579321874  ‖vε - vref‖ = 4.365948033560142  α = 0.198
  3   -37.53143177074       -3.97       -2.34    3.60s
    ‖ρε - ρref‖ = 0.08107849959824956 ‖Δρ‖ = 0.002239119663983364  ‖vε - vref‖ = 4.375731365073198  α = 0.426
  4   -37.53145348336       -4.66       -2.85    3.61s
    ‖ρε - ρref‖ = 0.08073226870521272 ‖Δρ‖ = 0.0005931709625517875  ‖vε - vref‖ = 4.376884521192388  α = 0.418
  5   -37.53146011117       -5.18       -3.25    3.55s
    ‖ρε - ρref‖ = 0.08071340961791776 ‖Δρ‖ = 0.0001887303247895634  ‖vε - vref‖ = 4.377291319860224  α = 0.306
  6   -37.53146330044       -5.50       -3.38    3.68s
    ‖ρε - ρref‖ = 0.0806654886478326 ‖Δρ‖ = 0.00012193422323405394  ‖vε - vref‖ = 4.377494313094184  α = 0.407

#-- ‖ρε - ρref‖ = 0.08063418504610223 vs. 0.0005623413251903491 = δ*ε ‖vε - vref‖ = 4.3774188777041685


# --- ε=0.03162277660168379

n     Energy            log10(ΔE)   log10(Δρ)   Δtime 
---   ---------------   ---------   ---------   ------
  1   -37.47733245924                   -0.49    7.11s
    ‖ρε - ρref‖ = 0.22655684986479918 ‖Δρ‖ = 0.16634489681513145  ‖vε - vref‖ = 3.751010867587246  α = 0.122
  2   -37.47779951552       -3.33       -1.40    3.51s
    ‖ρε - ρref‖ = 0.06497569990636003 ‖Δρ‖ = 0.020807586738668893  ‖vε - vref‖ = 3.7647934538227887  α = 0.147
  3   -37.47794679576       -3.83       -2.16    3.76s
    ‖ρε - ρref‖ = 0.060879452490500925 ‖Δρ‖ = 0.0032451047434110744  ‖vε - vref‖ = 3.7839869194301996  α = 0.338
  4   -37.47797966113       -4.48       -2.63    4.25s
    ‖ρε - ρref‖ = 0.060474536766475094 ‖Δρ‖ = 0.0008234922213869616  ‖vε - vref‖ = 3.786895347115173  α = 0.349
  5   -37.47799045401       -4.97       -3.10    4.08s
    ‖ρε - ρref‖ = 0.06039124365765717 ‖Δρ‖ = 0.00028564843805759123  ‖vε - vref‖ = 3.787951300948043  α = 0.32
  6   -37.47799480225       -5.36       -3.14    4.33s
    ‖ρε - ρref‖ = 0.06030787990370182 ‖Δρ‖ = 0.00020817098717627633  ‖vε - vref‖ = 3.78871711130785  α = 0.368

#-- ‖ρε - ρref‖ = 0.06025002780665175 vs. 0.00031622776601683794 = δ*ε ‖vε - vref‖ = 3.788633355913429


# --- ε=0.01778279410038923

n     Energy            log10(ΔE)   log10(Δρ)   Δtime 
---   ---------------   ---------   ---------   ------
  1   -37.42808631550                   -0.36    7.42s
    ‖ρε - ρref‖ = 0.2656889565650813 ‖Δρ‖ = 0.2241704912366003  ‖vε - vref‖ = 3.2175620668327545  α = 0.0832
  2   -37.42853868459       -3.34       -1.30    4.22s
    ‖ρε - ρref‖ = 0.049675819321446706 ‖Δρ‖ = 0.02519253161379157  ‖vε - vref‖ = 3.2308874443597375  α = 0.101
  3   -37.42871465570       -3.75       -1.98    4.08s
    ‖ρε - ρref‖ = 0.04258804789946146 ‖Δρ‖ = 0.004664049361127299  ‖vε - vref‖ = 3.2648834553298927  α = 0.253
  4   -37.42875654751       -4.38       -2.45    3.90s
    ‖ρε - ρref‖ = 0.042038972712049406 ‖Δρ‖ = 0.001131431099896572  ‖vε - vref‖ = 3.270671571374109  α = 0.327
  5   -37.42876923941       -4.90       -2.88    4.13s
    ‖ρε - ρref‖ = 0.04189772906033002 ‖Δρ‖ = 0.00044024727168754963  ‖vε - vref‖ = 3.2733668150574453  α = 0.338
  6   -37.42877367644       -5.35       -3.19    3.71s
    ‖ρε - ρref‖ = 0.041779080329637404 ‖Δρ‖ = 0.00020496897879649403  ‖vε - vref‖ = 3.2751734761047318  α = 0.35
  7   -37.42877549548       -5.74       -3.12    3.83s
    ‖ρε - ρref‖ = 0.04171983877169672 ‖Δρ‖ = 0.0002457017057802562  ‖vε - vref‖ = 3.275305419896016  α = 0.344
  8   -37.42877566913       -6.76       -3.74    2.55s
    ‖ρε - ρref‖ = 0.04168050049778516 ‖Δρ‖ = 5.380491653913047e-5  ‖vε - vref‖ = 3.2762934813351032  α = 1.0
  9   -37.42877616873       -6.30       -3.87    2.62s
    ‖ρε - ρref‖ = 0.04167733478930163 ‖Δρ‖ = 3.34691782981673e-5  ‖vε - vref‖ = 3.2755862388423256  α = 1.0

#-- ‖ρε - ρref‖ = 0.04168714079751684 vs. 0.0001778279410038923 = δ*ε ‖vε - vref‖ = 3.275301526507533


# --- ε=0.01

n     Energy            log10(ΔE)   log10(Δρ)   Δtime 
---   ---------------   ---------   ---------   ------
  1   -37.38871165401                   -0.26    7.01s
    ‖ρε - ρref‖ = 0.30480516659582274 ‖Δρ‖ = 0.27805729435019955  ‖vε - vref‖ = 2.795785784466802  α = 0.0531
  2   -37.38910702625       -3.40       -1.24    3.89s
    ‖ρε - ρref‖ = 0.040094905773345256 ‖Δρ‖ = 0.028574469959041688  ‖vε - vref‖ = 2.8065231733151497  α = 0.0682
  3   -37.38930173671       -3.71       -1.78    4.05s
    ‖ρε - ρref‖ = 0.02866899923071562 ‖Δρ‖ = 0.00701459617107064  ‖vε - vref‖ = 2.85689925903699  α = 0.168
  4   -37.38934765212       -4.34       -2.35    4.48s
    ‖ρε - ρref‖ = 0.02740967056484453 ‖Δρ‖ = 0.0013890004434526798  ‖vε - vref‖ = 2.8679681655277847  α = 0.294
  5   -37.38936112941       -4.87       -2.69    4.04s
    ‖ρε - ρref‖ = 0.027283820277208635 ‖Δρ‖ = 0.0006767988979981849  ‖vε - vref‖ = 2.873285974499993  α = 0.315
  6   -37.38936566319       -5.34       -3.20    4.19s
    ‖ρε - ρref‖ = 0.027132930932928494 ‖Δρ‖ = 0.00022684363084624174  ‖vε - vref‖ = 2.8746942492862946  α = 0.44
  7   -37.38936673320       -5.97       -3.70    4.52s
    ‖ρε - ρref‖ = 0.027050777631902938 ‖Δρ‖ = 6.563560702169863e-5  ‖vε - vref‖ = 2.8764774513456275  α = 0.444
  8   -37.38936706068       -6.48       -3.69    4.49s
    ‖ρε - ρref‖ = 0.027026615076898443 ‖Δρ‖ = 5.779681930720825e-5  ‖vε - vref‖ = 2.877071494946136  α = 0.317

#-- ‖ρε - ρref‖ = 0.02701261144238921 vs. 0.0001 = δ*ε ‖vε - vref‖ = 2.8768369831989693


# --- ε=0.005623413251903491

n     Energy            log10(ΔE)   log10(Δρ)   Δtime 
---   ---------------   ---------   ---------   ------
  1   -37.36050935503                   -0.20    7.56s
    ‖ρε - ρref‖ = 0.3368483251452627 ‖Δρ‖ = 0.32050771369255193  ‖vε - vref‖ = 2.479365943746179  α = 0.0325
  2   -37.36084893690       -3.47       -1.19    3.64s
    ‖ρε - ρref‖ = 0.035860550659027546 ‖Δρ‖ = 0.030982589557361547  ‖vε - vref‖ = 2.4851967471254737  α = 0.0462
  3   -37.36106640862       -3.66       -1.58    4.10s
    ‖ρε - ρref‖ = 0.020803885118480567 ‖Δρ‖ = 0.010710036298087602  ‖vε - vref‖ = 2.546236829131067  α = 0.101
  4   -37.36110978143       -4.36       -2.25    3.80s
    ‖ρε - ρref‖ = 0.017049050431416454 ‖Δρ‖ = 0.001705537229020771  ‖vε - vref‖ = 2.56560360374251  α = 0.226
  5   -37.36112298789       -4.88       -2.60    4.43s
    ‖ρε - ρref‖ = 0.01694916981554435 ‖Δρ‖ = 0.000832520097825921  ‖vε - vref‖ = 2.57381410545128  α = 0.244
  6   -37.36112784218       -5.31       -3.01    4.19s
    ‖ρε - ρref‖ = 0.016837312521679915 ‖Δρ‖ = 0.00033817969195046164  ‖vε - vref‖ = 2.572239381505421  α = 0.315
  7   -37.36112948281       -5.78       -3.38    3.77s
    ‖ρε - ρref‖ = 0.016766731825895494 ‖Δρ‖ = 0.00012991800784431848  ‖vε - vref‖ = 2.5758382578315713  α = 0.314
  8   -37.36113014894       -6.18       -3.65    4.68s
    ‖ρε - ρref‖ = 0.01672362432508296 ‖Δρ‖ = 6.400523824171843e-5  ‖vε - vref‖ = 2.5771392892978016  α = 0.351
  9   -37.36113037628       -6.64       -3.87    4.52s
    ‖ρε - ρref‖ = 0.01669778460982247 ‖Δρ‖ = 3.8804178766564726e-5  ‖vε - vref‖ = 2.577162759251753  α = 0.366
 10   -37.36113047787       -6.99       -3.88    4.08s
    ‖ρε - ρref‖ = 0.01668651252973207 ‖Δρ‖ = 3.572583348542033e-5  ‖vε - vref‖ = 2.577477477444236  α = 0.348

#-- ‖ρε - ρref‖ = 0.016689677681373652 vs. 5.6234132519034914e-5 = δ*ε ‖vε - vref‖ = 2.5772546149145823


# --- ε=0.0031622776601683794

n     Energy            log10(ΔE)   log10(Δρ)   Δtime 
---   ---------------   ---------   ---------   ------
  1   -37.34184196210                   -0.16    7.26s
    ‖ρε - ρref‖ = 0.3598724180517468 ‖Δρ‖ = 0.3502560979460732  ‖vε - vref‖ = 2.252761084143495  α = 0.0194
  2   -37.34213474443       -3.53       -1.14    4.37s
    ‖ρε - ρref‖ = 0.0347970214819187 ‖Δρ‖ = 0.032694818245942184  ‖vε - vref‖ = 2.24669579231279  α = 0.0318
  3   -37.34236723351       -3.63       -1.40    4.49s
    ‖ρε - ρref‖ = 0.019894680267670082 ‖Δρ‖ = 0.01591448351373684  ‖vε - vref‖ = 2.3010585685031284  α = 0.0577
  4   -37.34241027221       -4.37       -2.10    4.48s
    ‖ρε - ρref‖ = 0.010458166901546679 ‖Δρ‖ = 0.0022786293911593375  ‖vε - vref‖ = 2.3305339304594943  α = 0.152
  5   -37.34242070029       -4.98       -2.52    4.04s
    ‖ρε - ρref‖ = 0.010208992662004788 ‖Δρ‖ = 0.001015198259181683  ‖vε - vref‖ = 2.3419881968388943  α = 0.164
  6   -37.34242613890       -5.26       -2.90    3.97s
    ‖ρε - ρref‖ = 0.01011507978897943 ‖Δρ‖ = 0.0003909568451334161  ‖vε - vref‖ = 2.3399772375213233  α = 0.226
  7   -37.34242807466       -5.71       -3.14    4.50s
    ‖ρε - ρref‖ = 0.010065859812072135 ‖Δρ‖ = 0.00019023807621176863  ‖vε - vref‖ = 2.343055489359113  α = 0.275
  8   -37.34242888181       -6.09       -3.43    4.83s
    ‖ρε - ρref‖ = 0.010034546462174465 ‖Δρ‖ = 0.00010264450478869094  ‖vε - vref‖ = 2.3440647804444965  α = 0.344
  9   -37.34242912904       -6.61       -3.32    4.10s
    ‖ρε - ρref‖ = 0.010020365478635206 ‖Δρ‖ = 0.0001277982213461611  ‖vε - vref‖ = 2.344388478611412  α = 0.19
 10   -37.34242929454       -6.78       -3.82    4.85s
    ‖ρε - ρref‖ = 0.010001275420913681 ‖Δρ‖ = 4.640987562113846e-5  ‖vε - vref‖ = 2.3450107588706635  α = 0.327
 11   -37.34242936420       -7.16       -4.00    4.50s
    ‖ρε - ρref‖ = 0.009996217674546486 ‖Δρ‖ = 3.261235967430426e-5  ‖vε - vref‖ = 2.3450602171034998  α = 0.304
 12   -37.34242937251       -8.08       -3.52    4.60s
    ‖ρε - ρref‖ = 0.009860045807309948 ‖Δρ‖ = 0.00014808542553425568  ‖vε - vref‖ = 2.3445203336470493  α = 0.0357
 13   -37.34242939885       -7.58       -4.14    4.04s
    ‖ρε - ρref‖ = 0.010005694821078699 ‖Δρ‖ = 2.7667042437245312e-5  ‖vε - vref‖ = 2.344700884605263  α = 0.199
 14   -37.34242940125       -8.62       -3.77    4.37s
    ‖ρε - ρref‖ = 0.010001397705119564 ‖Δρ‖ = 8.63279787267341e-5  ‖vε - vref‖ = 2.3447356401420985  α = 0.0329
 15   -37.34242941180       -7.98       -4.37    4.24s
    ‖ρε - ρref‖ = 0.009998047713415746 ‖Δρ‖ = 1.4352682963871183e-5  ‖vε - vref‖ = 2.3449946521558966  α = 0.238
 16   -37.34242941472       -8.53       -4.24    3.89s
    ‖ρε - ρref‖ = 0.009995222373089307 ‖Δρ‖ = 1.8585079703019784e-5  ‖vε - vref‖ = 2.3447984619078364  α = 0.15

#-- ‖ρε - ρref‖ = 0.009997159915598384 vs. 3.1622776601683795e-5 = δ*ε ‖vε - vref‖ = 2.344780363577731


# --- ε=0.0017782794100389228

n     Energy            log10(ΔE)   log10(Δρ)   Δtime 
---   ---------------   ---------   ---------   ------
  1   -37.33013001614                   -0.14    7.92s
    ‖ρε - ρref‖ = 0.3748020021362285 ‖Δρ‖ = 0.3692740868723009  ‖vε - vref‖ = 2.109722784359756  α = 0.0113
  2   -37.33037528988       -3.61       -1.11    4.45s
    ‖ρε - ρref‖ = 0.03488484527956557 ‖Δρ‖ = 0.03386080881012202  ‖vε - vref‖ = 2.0788996346029474  α = 0.0217
  3   -37.33059645865       -3.66       -1.26    4.13s
    ‖ρε - ρref‖ = 0.023941531640975556 ‖Δρ‖ = 0.02222969039481047  ‖vε - vref‖ = 2.0993586693644977  α = 0.0319
  4   -37.33064646874       -4.30       -1.93    4.32s
    ‖ρε - ρref‖ = 0.006927441860786484 ‖Δρ‖ = 0.0031768821468361338  ‖vε - vref‖ = 2.138068067983305  α = 0.0997
  5   -37.33065383313       -5.13       -2.41    4.07s
    ‖ρε - ρref‖ = 0.006140022416203753 ‖Δρ‖ = 0.0013189508011183858  ‖vε - vref‖ = 2.1504382007660294  α = 0.0928
  6   -37.33065917472       -5.27       -2.80    4.00s
    ‖ρε - ρref‖ = 0.005952804682800586 ‖Δρ‖ = 0.00042405066271213005  ‖vε - vref‖ = 2.153570074753722  α = 0.173
  7   -37.33066108468       -5.72       -3.02    4.31s
    ‖ρε - ρref‖ = 0.005919146085563222 ‖Δρ‖ = 0.0002475917438163563  ‖vε - vref‖ = 2.1569319801787694  α = 0.195
  8   -37.33066171850       -6.20       -3.22    3.95s
    ‖ρε - ρref‖ = 0.005909696250594212 ‖Δρ‖ = 0.00016400806759420776  ‖vε - vref‖ = 2.1569405420620202  α = 0.186
  9   -37.33066212696       -6.39       -3.30    4.10s
    ‖ρε - ρref‖ = 0.005908842079246363 ‖Δρ‖ = 0.0001457437398108598  ‖vε - vref‖ = 2.1563848983756286  α = 0.164
 10   -37.33066236738       -6.62       -3.59    4.64s
    ‖ρε - ρref‖ = 0.005889372149102594 ‖Δρ‖ = 7.679810601037704e-5  ‖vε - vref‖ = 2.156724150530562  α = 0.21
 11   -37.33066247148       -6.98       -3.76    4.17s
    ‖ρε - ρref‖ = 0.005885534892139877 ‖Δρ‖ = 6.079908020051136e-5  ‖vε - vref‖ = 2.1571893202607404  α = 0.201
 12   -37.33066250559       -7.47       -3.90    4.55s
    ‖ρε - ρref‖ = 0.005833073673389862 ‖Δρ‖ = 5.806387917876463e-5  ‖vε - vref‖ = 2.1564389723602937  α = 0.123
 13   -37.33066255073       -7.35       -3.21    4.49s
    ‖ρε - ρref‖ = 0.006067865574203971 ‖Δρ‖ = 0.0002446922098237282  ‖vε - vref‖ = 2.157308967845814  α = 0.0296
 14   -37.33066255542       -8.33       -3.71    4.76s
    ‖ρε - ρref‖ = 0.005885934040167596 ‖Δρ‖ = 9.760080118478604e-5  ‖vε - vref‖ = 2.1573608643021682  α = 0.0309
 15   -37.33066258285       -7.56       -3.93    4.29s
    ‖ρε - ρref‖ = 0.005879551906995491 ‖Δρ‖ = 3.5490571371403215e-5  ‖vε - vref‖ = 2.1575492073737648  α = 0.115
 16   -37.33066258991       -8.15       -3.95    4.68s
    ‖ρε - ρref‖ = 0.005874031826803527 ‖Δρ‖ = 3.413994457362115e-5  ‖vε - vref‖ = 2.157238932575195  α = 0.106
 17   -37.33066259729       -8.13       -4.16    4.77s
    ‖ρε - ρref‖ = 0.005879484045528632 ‖Δρ‖ = 1.6871606064554698e-5  ‖vε - vref‖ = 2.1573425630319925  α = 0.168
 18   -37.33066260007       -8.56       -4.36    4.77s
    ‖ρε - ρref‖ = 0.005878890996733711 ‖Δρ‖ = 1.3847316727224966e-5  ‖vε - vref‖ = 2.157377329109001  α = 0.151

#-- ‖ρε - ρref‖ = 0.005878473519187934 vs. 1.778279410038923e-5 = δ*ε ‖vε - vref‖ = 2.1574012416465336


# --- ε=0.001

n     Energy            log10(ΔE)   log10(Δρ)   Δtime 
---   ---------------   ---------   ---------   ------
  1   -37.32304395727                   -0.13    7.64s
    ‖ρε - ρref‖ = 0.3837247398009887 ‖Δρ‖ = 0.38058826290635256  ‖vε - vref‖ = 2.047366215715703  α = 0.00655
  2   -37.32323714343       -3.71       -1.09    4.42s
    ‖ρε - ρref‖ = 0.03510350314143661 ‖Δρ‖ = 0.03453664333940874  ‖vε - vref‖ = 1.9777450354039614  α = 0.0145
  3   -37.32342205648       -3.73       -1.14    4.42s
    ‖ρε - ρref‖ = 0.029783546071964675 ‖Δρ‖ = 0.028883065833641475  ‖vε - vref‖ = 1.9384644616863713  α = 0.0175
  4   -37.32347921950       -4.24       -1.78    4.56s
    ‖ρε - ρref‖ = 0.005817593411667681 ‖Δρ‖ = 0.004320256869162371  ‖vε - vref‖ = 1.9755946873615111  α = 0.0638
  5   -37.32348507636       -5.23       -2.31    4.27s
    ‖ρε - ρref‖ = 0.00391756082806463 ‖Δρ‖ = 0.0016571099478254513  ‖vε - vref‖ = 1.9878320946656474  α = 0.0531
  6   -37.32349016040       -5.29       -2.62    4.32s
    ‖ρε - ρref‖ = 0.0035131158992887713 ‖Δρ‖ = 0.0005725076435167323  ‖vε - vref‖ = 1.9984242382511175  α = 0.116
  7   -37.32349200661       -5.73       -2.87    4.25s
    ‖ρε - ρref‖ = 0.003446573353783303 ‖Δρ‖ = 0.00033395208309959886  ‖vε - vref‖ = 2.0049877355778287  α = 0.123
  8   -37.32349256074       -6.26       -3.03    4.61s
    ‖ρε - ρref‖ = 0.0034388563845884437 ‖Δρ‖ = 0.00025136199767838394  ‖vε - vref‖ = 2.0056228248436705  α = 0.101
  9   -37.32349302285       -6.34       -3.27    4.49s
    ‖ρε - ρref‖ = 0.0034390775415122036 ‖Δρ‖ = 0.00015728640024428305  ‖vε - vref‖ = 2.004517398930005  α = 0.121
 10   -37.32349322351       -6.70       -3.38    4.59s
    ‖ρε - ρref‖ = 0.003425100398942255 ‖Δρ‖ = 0.00012080536953840027  ‖vε - vref‖ = 2.0039952993430292  α = 0.123
 11   -37.32349340659       -6.74       -3.65    4.40s
    ‖ρε - ρref‖ = 0.003426061928546537 ‖Δρ‖ = 6.87423045828057e-5  ‖vε - vref‖ = 2.003646684111052  α = 0.165
 12   -37.32349343149       -7.60       -3.63    4.29s
    ‖ρε - ρref‖ = 0.0035026610867841387 ‖Δρ‖ = 0.0001004224999890809  ‖vε - vref‖ = 2.0044817255574485  α = 0.0536
 13   -37.32349350648       -7.13       -3.03    4.31s
    ‖ρε - ρref‖ = 0.003293980620559407 ‖Δρ‖ = 0.00027811554495827057  ‖vε - vref‖ = 2.004169397785266  α = 0.0281
 14   -37.32349351510       -8.06       -3.24    4.45s
    ‖ρε - ρref‖ = 0.003400061319878347 ‖Δρ‖ = 0.0002903608864170993  ‖vε - vref‖ = 2.0041149771082165  α = 0.0107
 15   -37.32349355305       -7.42       -3.60    4.32s
    ‖ρε - ρref‖ = 0.0034165557089429 ‖Δρ‖ = 6.708229140993173e-5  ‖vε - vref‖ = 2.0038712406497985  α = 0.0881
 16   -37.32349357320       -7.70       -3.60    4.64s
    ‖ρε - ρref‖ = 0.0034336646357505237 ‖Δρ‖ = 7.706688350127778e-5  ‖vε - vref‖ = 2.0043769524465778  α = 0.0621
 17   -37.32349359392       -7.68       -3.90    4.71s
    ‖ρε - ρref‖ = 0.0034193105083022107 ‖Δρ‖ = 2.6053896208338386e-5  ‖vε - vref‖ = 2.0043275003590546  α = 0.156
 18   -37.32349360197       -8.09       -3.88    4.42s
    ‖ρε - ρref‖ = 0.003418566902555779 ‖Δρ‖ = 4.641249587957505e-5  ‖vε - vref‖ = 2.0043236517412635  α = 0.065
 19   -37.32349361407       -7.92       -4.12    4.62s
    ‖ρε - ρref‖ = 0.003420208661393864 ‖Δρ‖ = 1.505588559204924e-5  ‖vε - vref‖ = 2.004225556615486  α = 0.173
 20   -37.32349361729       -8.49       -4.32    4.78s
    ‖ρε - ρref‖ = 0.003421056930591856 ‖Δρ‖ = 1.0705956173492475e-5  ‖vε - vref‖ = 2.0043511676992525  α = 0.164
 21   -37.32349361911       -8.74       -4.31    4.83s
    ‖ρε - ρref‖ = 0.003420250598405607 ‖Δρ‖ = 1.4135933282353512e-5  ‖vε - vref‖ = 2.0043242983129113  α = 0.0961
 22   -37.32349362040       -8.89       -4.46    4.66s
    ‖ρε - ρref‖ = 0.003419976941697547 ‖Δρ‖ = 7.95256272553999e-6  ‖vε - vref‖ = 2.0042299903978433  α = 0.131
 23   -37.32349362106       -9.18       -4.77    4.72s
    ‖ρε - ρref‖ = 0.003420079652922069 ‖Δρ‖ = 5.822730832075653e-6  ‖vε - vref‖ = 2.004288058442305  α = 0.13

#-- ‖ρε - ρref‖ = 0.003419997732884023 vs. 1.0e-5 = δ*ε ‖vε - vref‖ = 2.0043666804117


# --- ε=0.0005623413251903491

n     Energy            log10(ΔE)   log10(Δρ)   Δtime 
---   ---------------   ---------   ---------   ------
  1   -37.31886358120                   -0.12    7.87s
    ‖ρε - ρref‖ = 0.388802009964341 ‖Δρ‖ = 0.38703378858451376  ‖vε - vref‖ = 2.0525152578888544  α = 0.00375
  2   -37.31900498437       -3.85       -1.07    4.48s
    ‖ρε - ρref‖ = 0.03517602399863601 ‖Δρ‖ = 0.03484024023292263  ‖vε - vref‖ = 1.9369806740332278  α = 0.00936
  3   -37.31914351361       -3.86       -1.06    4.23s
    ‖ρε - ρref‖ = 0.035614029754129445 ‖Δρ‖ = 0.03508528315739151  ‖vε - vref‖ = 1.8256811584829284  α = 0.0096
  4   -37.31920022066       -4.25       -1.66    4.15s
    ‖ρε - ρref‖ = 0.006140843912780412 ‖Δρ‖ = 0.005525564667927606  ‖vε - vref‖ = 1.8410930256976694  α = 0.0393
  5   -37.31920568568       -5.26       -2.22    4.55s
    ‖ρε - ρref‖ = 0.0029142245720239226 ‖Δρ‖ = 0.0019633486897355635  ‖vε - vref‖ = 1.8532924483778086  α = 0.0336
  6   -37.31921153115       -5.23       -2.41    4.60s
    ‖ρε - ρref‖ = 0.0022403606463467477 ‖Δρ‖ = 0.00088296417382946  ‖vε - vref‖ = 1.8706164007273178  α = 0.0697
  7   -37.31921351524       -5.70       -2.66    4.42s
    ‖ρε - ρref‖ = 0.002047473703015782 ‖Δρ‖ = 0.0005119581754723138  ‖vε - vref‖ = 1.880627917568947  α = 0.071
  8   -37.31921400017       -6.31       -2.86    4.78s
    ‖ρε - ρref‖ = 0.0020089759708280365 ‖Δρ‖ = 0.0003754627786497661  ‖vε - vref‖ = 1.8825484423973091  α = 0.0524
  9   -37.31921450113       -6.30       -3.19    4.46s
    ‖ρε - ρref‖ = 0.0019891400971995127 ‖Δρ‖ = 0.00017664631895162642  ‖vε - vref‖ = 1.8828674465111153  α = 0.093
 10   -37.31921471340       -6.67       -3.18    4.57s
    ‖ρε - ρref‖ = 0.0019809792555659676 ‖Δρ‖ = 0.0001912483583954787  ‖vε - vref‖ = 1.882764398792594  α = 0.0636
 11   -37.31921490844       -6.71       -3.55    4.78s
    ‖ρε - ρref‖ = 0.0019780278977688443 ‖Δρ‖ = 8.202731816158323e-5  ‖vε - vref‖ = 1.8822824037894834  α = 0.116
 12   -37.31921492877       -7.69       -3.45    4.71s
    ‖ρε - ρref‖ = 0.001860301004301209 ‖Δρ‖ = 0.00014454839856951933  ‖vε - vref‖ = 1.8815651947494536  α = 0.0265
 13   -37.31921499238       -7.20       -2.86    4.68s
    ‖ρε - ρref‖ = 0.0021459628584900633 ‖Δρ‖ = 0.00036230316320388554  ‖vε - vref‖ = 1.881741566806167  α = 0.0172
 14   -37.31921499874       -8.20       -3.31    4.52s
    ‖ρε - ρref‖ = 0.0019951021106495467 ‖Δρ‖ = 0.00022618695416851245  ‖vε - vref‖ = 1.8817377082818465  α = 0.00911
 15   -37.31921506416       -7.18       -3.36    4.45s
    ‖ρε - ρref‖ = 0.0019792274252447887 ‖Δρ‖ = 8.403612868478098e-5  ‖vε - vref‖ = 1.8817067316151945  α = 0.0665
 16   -37.31921510090       -7.43       -3.78    4.32s
    ‖ρε - ρref‖ = 0.0019765885669277704 ‖Δρ‖ = 3.65957816840337e-5  ‖vε - vref‖ = 1.881689641918008  α = 0.123
 17   -37.31921511575       -7.83       -3.44    4.78s
    ‖ρε - ρref‖ = 0.0019919954113014264 ‖Δρ‖ = 0.00010619913413698776  ‖vε - vref‖ = 1.8820054269868296  α = 0.0307
 18   -37.31921513428       -7.73       -3.90    4.38s
    ‖ρε - ρref‖ = 0.001973973526078457 ‖Δρ‖ = 2.825250914721593e-5  ‖vε - vref‖ = 1.8816083923460558  α = 0.116
 19   -37.31921514080       -8.19       -3.97    4.39s
    ‖ρε - ρref‖ = 0.0019763512083022625 ‖Δρ‖ = 3.93380117410304e-5  ‖vε - vref‖ = 1.8817417421548492  α = 0.0524
 20   -37.31921515144       -7.97       -3.89    4.66s
    ‖ρε - ρref‖ = 0.001981666046467025 ‖Δρ‖ = 2.9095973705264792e-5  ‖vε - vref‖ = 1.8822814140316433  α = 0.08
 21   -37.31921515717       -8.24       -4.14    4.70s
    ‖ρε - ρref‖ = 0.00197552623922046 ‖Δρ‖ = 1.946690190989756e-5  ‖vε - vref‖ = 1.8819852299831565  α = 0.0906
 22   -37.31921516127       -8.39       -4.24    4.76s
    ‖ρε - ρref‖ = 0.0019760877166674893 ‖Δρ‖ = 1.4396248932752213e-5  ‖vε - vref‖ = 1.8818836779776416  α = 0.109
 23   -37.31921516385       -8.59       -4.05    4.56s
    ‖ρε - ρref‖ = 0.0019762593442326976 ‖Δρ‖ = 2.2721599781099828e-5  ‖vε - vref‖ = 1.881922538182181  α = 0.0569
 24   -37.31921516451       -9.18       -4.36    4.01s
    ‖ρε - ρref‖ = 0.001987317744259208 ‖Δρ‖ = 1.592514908891327e-5  ‖vε - vref‖ = 1.8820321809267293  α = 0.0433
 25   -37.31921516502       -9.30       -3.63    4.70s
    ‖ρε - ρref‖ = 0.0019257995878673418 ‖Δρ‖ = 8.540647372991259e-5  ‖vε - vref‖ = 1.8819740787566184  α = 0.00702
 26   -37.31921516545       -9.36       -4.32    4.53s
    ‖ρε - ρref‖ = 0.0019761517515379653 ‖Δρ‖ = 1.8542286095530038e-5  ‖vε - vref‖ = 1.8819707108359276  α = 0.0278
 27   -37.31921516625       -9.10       -3.74    4.15s
    ‖ρε - ρref‖ = 0.001984870560014069 ‖Δρ‖ = 5.6758483830985605e-5  ‖vε - vref‖ = 1.8819855039844835  α = 0.0117
 28   -37.31921516676       -9.29       -4.80    4.08s
    ‖ρε - ρref‖ = 0.001976469804135002 ‖Δρ‖ = 4.302347066720865e-6  ‖vε - vref‖ = 1.8819243641824053  α = 0.127
 29   -37.31921516708       -9.50       -4.85    4.07s
    ‖ρε - ρref‖ = 0.00197670789283108 ‖Δρ‖ = 4.048224011094983e-6  ‖vε - vref‖ = 1.8819243015535123  α = 0.104

#-- ‖ρε - ρref‖ = 0.0019769334115442763 vs. 5.623413251903491e-6 = δ*ε ‖vε - vref‖ = 1.881983377467829


# --- ε=0.00031622776601683794

n     Energy            log10(ΔE)   log10(Δρ)   Δtime 
---   ---------------   ---------   ---------   ------
  1   -37.31644105517                   -0.12    7.07s
    ‖ρε - ρref‖ = 0.39181691153990206 ‖Δρ‖ = 0.3908228487531146  ‖vε - vref‖ = 2.1052381535431977  α = 0.00213
  2   -37.31653753822       -4.02       -1.07    4.31s
    ‖ρε - ρref‖ = 0.035131842708194964 ‖Δρ‖ = 0.03492983973567523  ‖vε - vref‖ = 1.9469558059684942  α = 0.00584
  3   -37.31663277096       -4.02       -1.00    4.16s
    ‖ρε - ρref‖ = 0.040586263789866565 ‖Δρ‖ = 0.040268181327542715  ‖vε - vref‖ = 1.7684264545226185  α = 0.0053
  4   -37.31668102127       -4.32       -1.58    4.07s
    ‖ρε - ρref‖ = 0.006897239402896081 ‖Δρ‖ = 0.0066064251161757105  ‖vε - vref‖ = 1.7436413681021066  α = 0.0235
  5   -37.31668655680       -5.26       -2.15    4.26s
    ‖ρε - ρref‖ = 0.002617020906513412 ‖Δρ‖ = 0.0022273632247252965  ‖vε - vref‖ = 1.754330892319872  α = 0.0227
  6   -37.31669364401       -5.15       -2.19    4.02s
    ‖ρε - ρref‖ = 0.0019122959869180929 ‖Δρ‖ = 0.0013999070263576831  ‖vε - vref‖ = 1.7729616387650833  α = 0.0392
  7   -37.31669588509       -5.65       -2.47    4.42s
    ‖ρε - ρref‖ = 0.0013941901095619335 ‖Δρ‖ = 0.0007809247536668765  ‖vε - vref‖ = 1.783560694864024  α = 0.0403
  8   -37.31669635600       -6.33       -2.69    4.09s
    ‖ρε - ρref‖ = 0.0012553399696315676 ‖Δρ‖ = 0.0005452439516410127  ‖vε - vref‖ = 1.7860987413387948  α = 0.0281
  9   -37.31669683267       -6.32       -3.04    4.10s
    ‖ρε - ρref‖ = 0.0011633446073019726 ‖Δρ‖ = 0.00023299530769235998  ‖vε - vref‖ = 1.7882353155318704  α = 0.0581
 10   -37.31669704358       -6.68       -3.02    3.95s
    ‖ρε - ρref‖ = 0.0011597793706785273 ‖Δρ‖ = 0.00026350841306981097  ‖vε - vref‖ = 1.7892090360281403  α = 0.0365
 11   -37.31669727058       -6.64       -3.41    4.02s
    ‖ρε - ρref‖ = 0.0011411089397196676 ‖Δρ‖ = 0.00010359193929729792  ‖vε - vref‖ = 1.78981318761126  α = 0.0795
 12   -37.31669728468       -7.85       -2.81    4.89s
    ‖ρε - ρref‖ = 0.0005910663145625083 ‖Δρ‖ = 0.0007624730062842569  ‖vε - vref‖ = 1.7892604271708314  α = 0.00319
 13   -37.31669738002       -7.02       -3.26    4.25s
    ‖ρε - ρref‖ = 0.0011597891843819648 ‖Δρ‖ = 0.0001385999426755569  ‖vε - vref‖ = 1.789336692231628  α = 0.0427
 14   -37.31669739394       -7.86       -3.40    4.54s
    ‖ρε - ρref‖ = 0.001129732733525042 ‖Δρ‖ = 0.00014424273669994746  ‖vε - vref‖ = 1.7889700507997193  α = 0.0163
 15   -37.31669742216       -7.55       -2.78    4.37s
    ‖ρε - ρref‖ = 0.0011689030035915975 ‖Δρ‖ = 0.00046601112415447105  ‖vε - vref‖ = 1.788271767753569  α = 0.00703
 16   -37.31669745267       -7.52       -3.25    3.96s
    ‖ρε - ρref‖ = 0.0011596545872900339 ‖Δρ‖ = 0.00013400014789043187  ‖vε - vref‖ = 1.7885195892296757  α = 0.0261
 17   -37.31669747845       -7.59       -3.55    4.18s
    ‖ρε - ρref‖ = 0.0011476426630737482 ‖Δρ‖ = 6.860386715858324e-5  ‖vε - vref‖ = 1.7891355016658024  α = 0.0476
 18   -37.31669749044       -7.92       -3.63    4.41s
    ‖ρε - ρref‖ = 0.001139196823278541 ‖Δρ‖ = 7.23612881123968e-5  ‖vε - vref‖ = 1.7891235885471342  α = 0.0311
 19   -37.31669750936       -7.72       -3.55    4.36s
    ‖ρε - ρref‖ = 0.001131917229005103 ‖Δρ‖ = 6.242788495927289e-5  ‖vε - vref‖ = 1.7885271450939961  α = 0.0414
 20   -37.31669752455       -7.82       -3.92    4.20s
    ‖ρε - ρref‖ = 0.0011376748631294197 ‖Δρ‖ = 3.363244475851556e-5  ‖vε - vref‖ = 1.7887440451270298  α = 0.0678
 21   -37.31669753331       -8.06       -3.71    4.56s
    ‖ρε - ρref‖ = 0.0011401570076322507 ‖Δρ‖ = 4.591178926306069e-5  ‖vε - vref‖ = 1.788904174171005  α = 0.0428
 22   -37.31669754348       -7.99       -3.80    4.45s
    ‖ρε - ρref‖ = 0.0011401346457222813 ‖Δρ‖ = 3.824776921109395e-5  ‖vε - vref‖ = 1.7889140563815096  α = 0.0485
 23   -37.31669754798       -8.35       -3.97    3.92s
    ‖ρε - ρref‖ = 0.0011371308087903494 ‖Δρ‖ = 3.10118822058125e-5  ‖vε - vref‖ = 1.7888599223613106  α = 0.045
 24   -37.31669754913       -8.94       -3.86    4.09s
    ‖ρε - ρref‖ = 0.0010870499700160788 ‖Δρ‖ = 5.884977129737429e-5  ‖vε - vref‖ = 1.7887115338245683  α = 0.0116
 25   -37.31669755402       -8.31       -3.40    4.07s
    ‖ρε - ρref‖ = 0.0011708439084564374 ‖Δρ‖ = 0.00010248354125763809  ‖vε - vref‖ = 1.7887531952462457  α = 0.0131
 26   -37.31669755508       -8.97       -4.03    4.17s
    ‖ρε - ρref‖ = 0.0011378668541932662 ‖Δρ‖ = 3.750650020202304e-5  ‖vε - vref‖ = 1.7887702174314493  α = 0.0164
 27   -37.31669755818       -8.51       -3.33    4.27s
    ‖ρε - ρref‖ = 0.0011463152457607069 ‖Δρ‖ = 0.00012278753396680335  ‖vε - vref‖ = 1.7888330905924017  α = 0.00891
 28   -37.31669756048       -8.64       -4.38    3.90s
    ‖ρε - ρref‖ = 0.0011387006875262287 ‖Δρ‖ = 1.1735182544015804e-5  ‖vε - vref‖ = 1.7889721521074675  α = 0.079
 29   -37.31669756271       -8.65       -3.86    4.28s
    ‖ρε - ρref‖ = 0.0011349251245448048 ‖Δρ‖ = 3.711309596070528e-5  ‖vε - vref‖ = 1.788908772131823  α = 0.0233
 30   -37.31669756361       -9.05       -4.35    4.62s
    ‖ρε - ρref‖ = 0.001136074060592321 ‖Δρ‖ = 1.2564721825186058e-5  ‖vε - vref‖ = 1.788881953669263  α = 0.0487
 31   -37.31669756455       -9.03       -4.12    4.02s
    ‖ρε - ρref‖ = 0.0011358313462955755 ‖Δρ‖ = 2.1102015549059364e-5  ‖vε - vref‖ = 1.7888493944573938  α = 0.0278
 32   -37.31669756539       -9.08       -4.51    4.79s
    ‖ρε - ρref‖ = 0.001137673177860591 ‖Δρ‖ = 7.967052492418305e-6  ‖vε - vref‖ = 1.7889499142470406  α = 0.0667
 33   -37.31669756584       -9.34       -4.51    4.30s
    ‖ρε - ρref‖ = 0.0011370574025087819 ‖Δρ‖ = 7.705156229180617e-6  ‖vε - vref‖ = 1.78892488905832  α = 0.0543
 34   -37.31669756609       -9.61       -4.29    4.33s
    ‖ρε - ρref‖ = 0.001136871162180871 ‖Δρ‖ = 1.13968331467296e-5  ‖vε - vref‖ = 1.7888919965011476  α = 0.0291
 35   -37.31669756626       -9.75       -4.96    4.75s
    ‖ρε - ρref‖ = 0.001137300542891087 ‖Δρ‖ = 3.3943920563515577e-6  ‖vε - vref‖ = 1.7888852814881826  α = 0.0737
 36   -37.31669756629      -10.50       -4.31    4.68s
    ‖ρε - ρref‖ = 0.0011183883818474045 ‖Δρ‖ = 2.1664045716179087e-5  ‖vε - vref‖ = 1.7888597063322227  α = 0.00525
 37   -37.31669756647       -9.76       -4.37    4.25s
    ‖ρε - ρref‖ = 0.0011396937494216276 ‖Δρ‖ = 1.1371506957609335e-5  ‖vε - vref‖ = 1.7888477982660638  α = 0.0218
 38   -37.31669756648      -10.82       -4.43    4.28s
    ‖ρε - ρref‖ = 0.0011378826467601413 ‖Δρ‖ = 1.8116853791996467e-5  ‖vε - vref‖ = 1.788847751881587  α = 0.00411
 39   -37.31669756657      -10.04       -4.57    4.36s
    ‖ρε - ρref‖ = 0.0011372193020939359 ‖Δρ‖ = 7.025850415221682e-6  ‖vε - vref‖ = 1.7888512072407772  α = 0.0278
 40   -37.31669756666      -10.05       -5.05    4.43s
    ‖ρε - ρref‖ = 0.001137177788008661 ‖Δρ‖ = 1.7984242040149346e-6  ‖vε - vref‖ = 1.7888956983867144  α = 0.0942
 41   -37.31669756669      -10.54       -4.74    4.78s
    ‖ρε - ρref‖ = 0.0011361718623938931 ‖Δρ‖ = 5.459746464131109e-6  ‖vε - vref‖ = 1.788884593689477  α = 0.0207
 42   -37.31669756673      -10.45       -4.90    4.19s
    ‖ρε - ρref‖ = 0.0011366552470847796 ‖Δρ‖ = 2.7827400360610715e-6  ‖vε - vref‖ = 1.7888714415766684  α = 0.043
 43   -37.31669756674      -10.89       -5.17    3.94s
    ‖ρε - ρref‖ = 0.0011370848297652925 ‖Δρ‖ = 2.150636976851598e-6  ‖vε - vref‖ = 1.788874579438057  α = 0.0335

#-- ‖ρε - ρref‖ = 0.001136966837750687 vs. 3.1622776601683796e-6 = δ*ε ‖vε - vref‖ = 1.7888923811694293


# --- ε=0.00017782794100389227

n     Energy            log10(ΔE)   log10(Δρ)   Δtime 
---   ---------------   ---------   ---------   ------
  1   -37.31505513608                   -0.12    7.46s
    ‖ρε - ρref‖ = 0.3934562698255349 ‖Δρ‖ = 0.3928979558220342  ‖vε - vref‖ = 2.1843482117270594  α = 0.00121
  2   -37.31511719862       -4.21       -1.06    4.26s
    ‖ρε - ρref‖ = 0.03503350795657795 ‖Δρ‖ = 0.034913153090334915  ‖vε - vref‖ = 1.9935345144328145  α = 0.00354
  3   -37.31517856368       -4.21       -0.96    4.49s
    ‖ρε - ρref‖ = 0.04440925681806891 ‖Δρ‖ = 0.0442196112085428  ‖vε - vref‖ = 1.7641707977649455  α = 0.00294
  4   -37.31521485091       -4.44       -1.53    4.48s
    ‖ρε - ρref‖ = 0.0076134153737085035 ‖Δρ‖ = 0.0074601477937835114  ‖vε - vref‖ = 1.6915988363357353  α = 0.0138
  5   -37.31522026310       -5.27       -2.09    4.33s
    ‖ρε - ρref‖ = 0.0026297108621362955 ‖Δρ‖ = 0.0024569243825139876  ‖vε - vref‖ = 1.6963261021837013  α = 0.0155
  6   -37.31522779460       -5.12       -2.01    4.53s
    ‖ρε - ρref‖ = 0.0022866320809262126 ‖Δρ‖ = 0.002093444183423642  ‖vε - vref‖ = 1.705274483087555  α = 0.0213
  7   -37.31523008515       -5.64       -2.33    4.63s
    ‖ρε - ρref‖ = 0.0012889447102829913 ‖Δρ‖ = 0.00108823772915729  ‖vε - vref‖ = 1.7122369148541738  α = 0.0229
  8   -37.31523053972       -6.34       -2.56    4.22s
    ‖ρε - ρref‖ = 0.0009816010407656625 ‖Δρ‖ = 0.000737647077706638  ‖vε - vref‖ = 1.7144745742031104  α = 0.0157
  9   -37.31523098416       -6.35       -2.88    3.65s
    ‖ρε - ρref‖ = 0.0007307040785446602 ‖Δρ‖ = 0.00031854360549373286  ‖vε - vref‖ = 1.7173033335360888  α = 0.0334
 10   -37.31523117039       -6.73       -2.87    4.12s
    ‖ρε - ρref‖ = 0.0007338599980211972 ‖Δρ‖ = 0.0003491354787056912  ‖vε - vref‖ = 1.7189525541919948  α = 0.0205
 11   -37.31523138847       -6.66       -3.24    4.05s
    ‖ρε - ρref‖ = 0.0006681494735078476 ‖Δρ‖ = 0.00013520843755732536  ‖vε - vref‖ = 1.7210514681918483  α = 0.0493
 12   -37.31523140896       -7.69       -2.52    4.06s
    ‖ρε - ρref‖ = 0.0009745284924081086 ‖Δρ‖ = 0.0014841315201417167  ‖vε - vref‖ = 1.720467688183981  α = 0.00148
 13   -37.31523151467       -6.98       -3.18    3.78s
    ‖ρε - ρref‖ = 0.000683807706540169 ‖Δρ‖ = 0.00016518160477015792  ‖vε - vref‖ = 1.7213110632216089  α = 0.0302
 14   -37.31523152268       -8.10       -3.09    4.26s
    ‖ρε - ρref‖ = 0.0007123233114348676 ‖Δρ‖ = 0.00035980245043630083  ‖vε - vref‖ = 1.7211228801543013  α = 0.00371
 15   -37.31523155183       -7.54       -2.90    4.63s
    ‖ρε - ρref‖ = 0.0006928161647485429 ‖Δρ‖ = 0.0003720835351553769  ‖vε - vref‖ = 1.7205616263895436  α = 0.00728
 16   -37.31523159862       -7.33       -3.14    4.00s
    ‖ρε - ρref‖ = 0.0006787830542211324 ‖Δρ‖ = 0.00014786174797474128  ‖vε - vref‖ = 1.7209272870681247  α = 0.0221
 17   -37.31523162867       -7.52       -3.38    4.40s
    ‖ρε - ρref‖ = 0.0006729713920223564 ‖Δρ‖ = 0.00010130262793712336  ‖vε - vref‖ = 1.7215533942387613  α = 0.027
 18   -37.31523164247       -7.86       -3.40    4.15s
    ‖ρε - ρref‖ = 0.0006641171837561749 ‖Δρ‖ = 0.00012295078391547863  ‖vε - vref‖ = 1.7215627325078606  α = 0.0151
 19   -37.31523166271       -7.69       -3.44    4.81s
    ‖ρε - ρref‖ = 0.00064607926335203 ‖Δρ‖ = 8.212437648286847e-5  ‖vε - vref‖ = 1.720879785523254  α = 0.0255
 20   -37.31523167644       -7.86       -3.73    4.68s
    ‖ρε - ρref‖ = 0.0006532861053439074 ‖Δρ‖ = 4.822395490461071e-5  ‖vε - vref‖ = 1.7209292751287273  α = 0.0364
 21   -37.31523168189       -8.26       -3.58    4.89s
    ‖ρε - ρref‖ = 0.0006568209623401053 ‖Δρ‖ = 6.160090251813039e-5  ‖vε - vref‖ = 1.7209938488680783  α = 0.0203
 22   -37.31523169079       -8.05       -3.79    4.71s
    ‖ρε - ρref‖ = 0.00065482555536966 ‖Δρ‖ = 3.56724283700134e-5  ‖vε - vref‖ = 1.7209499575509482  α = 0.0391
 23   -37.31523169541       -8.34       -3.81    4.05s
    ‖ρε - ρref‖ = 0.0006524239496640557 ‖Δρ‖ = 4.397508689336183e-5  ‖vε - vref‖ = 1.7208731055630775  α = 0.0246
 24   -37.31523169639       -9.01       -3.75    4.61s
    ‖ρε - ρref‖ = 0.0005869545601986547 ‖Δρ‖ = 7.706063854794718e-5  ‖vε - vref‖ = 1.7207533015529695  α = 0.0062
 25   -37.31523170149       -8.29       -3.35    4.71s
    ‖ρε - ρref‖ = 0.0006900544065552692 ‖Δρ‖ = 0.00012259774441918253  ‖vε - vref‖ = 1.7207451982222775  α = 0.00883
 26   -37.31523170239       -9.05       -3.69    4.86s
    ‖ρε - ρref‖ = 0.0006566062648844106 ‖Δρ‖ = 9.028320702999822e-5  ‖vε - vref‖ = 1.7207380187382832  α = 0.0048
 27   -37.31523170855       -8.21       -3.36    4.87s
    ‖ρε - ρref‖ = 0.0006573885162090649 ‖Δρ‖ = 9.796221801141165e-5  ‖vε - vref‖ = 1.7207577241611813  α = 0.0118
 28   -37.31523170997       -8.85       -4.07    4.71s
    ‖ρε - ρref‖ = 0.0006561803305104067 ‖Δρ‖ = 2.65219851393545e-5  ‖vε - vref‖ = 1.7208803903903895  α = 0.0231
 29   -37.31523171408       -8.39       -3.90    4.74s
    ‖ρε - ρref‖ = 0.000652962457686637 ‖Δρ‖ = 2.8815080547838254e-5  ‖vε - vref‖ = 1.7209230409074594  α = 0.0307
 30   -37.31523171537       -8.89       -3.95    4.43s
    ‖ρε - ρref‖ = 0.0006491248357528619 ‖Δρ‖ = 3.467626826547419e-5  ‖vε - vref‖ = 1.7208795742239074  α = 0.0162
 31   -37.31523171694       -8.81       -3.90    4.44s
    ‖ρε - ρref‖ = 0.0006476690149093298 ‖Δρ‖ = 3.080804333560333e-5  ‖vε - vref‖ = 1.720778761592158  α = 0.02
 32   -37.31523171830       -8.87       -4.29    4.10s
    ‖ρε - ρref‖ = 0.0006519727035370656 ‖Δρ‖ = 1.279352171132707e-5  ‖vε - vref‖ = 1.7209406119883721  α = 0.0432
 33   -37.31523171929       -9.01       -4.18    4.07s
    ‖ρε - ρref‖ = 0.0006515690294854277 ‖Δρ‖ = 1.5949852965527405e-5  ‖vε - vref‖ = 1.720988887267761  α = 0.0318
 34   -37.31523172066       -8.86       -4.06    3.94s
    ‖ρε - ρref‖ = 0.0006511622178990854 ‖Δρ‖ = 1.9060344256727875e-5  ‖vε - vref‖ = 1.7209762410437173  α = 0.0282
 35   -37.31523172144       -9.11       -4.29    4.63s
    ‖ρε - ρref‖ = 0.0006524598263971873 ‖Δρ‖ = 1.4501547555839293e-5  ‖vε - vref‖ = 1.72098943712214  α = 0.029
 36   -37.31523172153      -10.05       -3.87    4.39s
    ‖ρε - ρref‖ = 0.0006017186161401753 ‖Δρ‖ = 5.930618814664878e-5  ‖vε - vref‖ = 1.7209560403437838  α = 0.00245
 37   -37.31523172205       -9.29       -4.00    4.27s
    ‖ρε - ρref‖ = 0.0006552913598352997 ‖Δρ‖ = 2.4227515274047612e-5  ‖vε - vref‖ = 1.7209430376556583  α = 0.0151
 38   -37.31523172212      -10.15       -3.99    4.89s
    ‖ρε - ρref‖ = 0.0006541315706317981 ‖Δρ‖ = 4.689553751694523e-5  ‖vε - vref‖ = 1.7209385686188128  α = 0.00259
 39   -37.31523172277       -9.19       -4.05    4.57s
    ‖ρε - ρref‖ = 0.0006507488413372591 ‖Δρ‖ = 1.759864295275549e-5  ‖vε - vref‖ = 1.7208843218833443  α = 0.0218
 40   -37.31523172318       -9.39       -4.44    3.91s
    ‖ρε - ρref‖ = 0.0006515102348345853 ‖Δρ‖ = 7.262575188945966e-6  ‖vε - vref‖ = 1.7209023137769133  α = 0.043
 41   -37.31523172335       -9.77       -4.61    4.13s
    ‖ρε - ρref‖ = 0.0006499728575691866 ‖Δρ‖ = 7.008016627218397e-6  ‖vε - vref‖ = 1.7208718433291785  α = 0.0291
 42   -37.31523172359       -9.62       -4.19    4.66s
    ‖ρε - ρref‖ = 0.000651378518071336 ‖Δρ‖ = 1.349283096996804e-5  ‖vε - vref‖ = 1.7208808668393474  α = 0.0173
 43   -37.31523172367      -10.10       -4.76    4.24s
    ‖ρε - ρref‖ = 0.0006516063353998517 ‖Δρ‖ = 5.380438813963713e-6  ‖vε - vref‖ = 1.7209030092598865  α = 0.0253
 44   -37.31523172379       -9.93       -4.49    4.32s
    ‖ρε - ρref‖ = 0.0006521284115565918 ‖Δρ‖ = 8.571641525979091e-6  ‖vε - vref‖ = 1.7209412668243524  α = 0.0194
 45   -37.31523172389       -9.98       -4.76    4.88s
    ‖ρε - ρref‖ = 0.0006502484568257572 ‖Δρ‖ = 4.018255986891555e-6  ‖vε - vref‖ = 1.7208938229790327  α = 0.0378
 46   -37.31523172393      -10.44       -4.77    4.74s
    ‖ρε - ρref‖ = 0.000650825224564979 ‖Δρ‖ = 4.093027778361918e-6  ‖vε - vref‖ = 1.7208885078421574  α = 0.0243
 47   -37.31523172399      -10.21       -4.76    4.41s
    ‖ρε - ρref‖ = 0.0006503463525025676 ‖Δρ‖ = 3.4579373867508365e-6  ‖vε - vref‖ = 1.7208910543976303  α = 0.0334
 48   -37.31523172400      -11.20       -4.29    4.28s
    ‖ρε - ρref‖ = 0.0006695229490747231 ‖Δρ‖ = 2.1629213441334874e-5  ‖vε - vref‖ = 1.7208997691899521  α = 0.00177
 49   -37.31523172402      -10.59       -4.85    4.76s
    ‖ρε - ρref‖ = 0.0006507760719321632 ‖Δρ‖ = 4.346687328916223e-6  ‖vε - vref‖ = 1.720896754064245  α = 0.0173
 50   -37.31523172403      -11.47       -4.60    4.74s
    ‖ρε - ρref‖ = 0.0006504572575295483 ‖Δρ‖ = 1.1914078264102855e-5  ‖vε - vref‖ = 1.7208964737592136  α = 0.00231
 51   -37.31523172405      -10.54       -4.83    4.16s
    ‖ρε - ρref‖ = 0.0006511166368375919 ‖Δρ‖ = 3.6808231295042386e-6  ‖vε - vref‖ = 1.7209008122063327  α = 0.0225
 52   -37.31523172409      -10.43       -4.97    4.22s
    ‖ρε - ρref‖ = 0.0006509912695013832 ‖Δρ‖ = 2.132234709969536e-6  ‖vε - vref‖ = 1.720910364645912  α = 0.0403
 53   -37.31523172411      -10.81       -5.10    4.64s
    ‖ρε - ρref‖ = 0.0006507989061406835 ‖Δρ‖ = 1.6059355951431625e-6  ‖vε - vref‖ = 1.7209047750921829  α = 0.0385
 54   -37.31523172411      -11.12       -5.38    4.72s
    ‖ρε - ρref‖ = 0.0006509208117057662 ‖Δρ‖ = 1.0423295190580942e-6  ‖vε - vref‖ = 1.7209031755766997  α = 0.0417

#-- ‖ρε - ρref‖ = 0.0006509564259504927 vs. 1.7782794100389227e-6 = δ*ε ‖vε - vref‖ = 1.7209105487485512


# --- ε=0.0001

n     Energy            log10(ΔE)   log10(Δρ)   Δtime 
---   ---------------   ---------   ---------   ------
  1   -37.31426983192                   -0.11    7.24s
    ‖ρε - ρref‖ = 0.39436928035533864 ‖Δρ‖ = 0.39405574449633846  ‖vε - vref‖ = 2.2683162121013747  α = 0.000681
  2   -37.31430797949       -4.42       -1.06    3.89s
    ‖ρε - ρref‖ = 0.03493100170612387 ‖Δρ‖ = 0.034860391017696474  ‖vε - vref‖ = 2.0563299231818943  α = 0.00209
  3   -37.31434573589       -4.42       -0.94    4.21s
    ‖ρε - ρref‖ = 0.04711171292302117 ‖Δρ‖ = 0.04700039743344799  ‖vε - vref‖ = 1.7941954228473633  α = 0.00164
  4   -37.31437062068       -4.60       -1.49    4.29s
    ‖ρε - ρref‖ = 0.008160254567066106 ‖Δρ‖ = 0.008075171293602095  ‖vε - vref‖ = 1.6777814352264133  α = 0.008
  5   -37.31437535262       -5.32       -2.04    3.70s
    ‖ρε - ρref‖ = 0.002734583089568394 ‖Δρ‖ = 0.002649069789827133  ‖vε - vref‖ = 1.671225365103836  α = 0.0102
  6   -37.31438205323       -5.17       -1.87    3.86s
    ‖ρε - ρref‖ = 0.0029281510384926417 ‖Δρ‖ = 0.002840312364980421  ‖vε - vref‖ = 1.6603049943784924  α = 0.0114
  7   -37.31438407253       -5.69       -2.22    3.94s
    ‖ρε - ρref‖ = 0.0014412282634672835 ‖Δρ‖ = 0.0013745732585238217  ‖vε - vref‖ = 1.6602355866263083  α = 0.013
  8   -37.31438448137       -6.39       -2.46    4.31s
    ‖ρε - ρref‖ = 0.0009955074091949558 ‖Δρ‖ = 0.00092268780346594  ‖vε - vref‖ = 1.6613871232374955  α = 0.00905
  9   -37.31438488912       -6.39       -2.75    4.00s
    ‖ρε - ρref‖ = 0.0005699998398830271 ‖Δρ‖ = 0.00042071270655467485  ‖vε - vref‖ = 1.6636698216787456  α = 0.0189
 10   -37.31438504834       -6.80       -2.75    4.76s
    ‖ρε - ρref‖ = 0.0005811699410230646 ‖Δρ‖ = 0.00044834009436695596  ‖vε - vref‖ = 1.6653231425754345  α = 0.0114
 11   -37.31438524023       -6.72       -3.08    4.48s
    ‖ρε - ρref‖ = 0.0004202617573947552 ‖Δρ‖ = 0.0001791866651007625  ‖vε - vref‖ = 1.6681355424442217  α = 0.0285
 12   -37.31438526119       -7.68       -2.38    4.34s
    ‖ρε - ρref‖ = 0.001775125757347738 ‖Δρ‖ = 0.002082352614761802  ‖vε - vref‖ = 1.6676108831678447  α = 0.000803
 13   -37.31438535704       -7.02       -3.05    4.62s
    ‖ρε - ρref‖ = 0.00044031503209621657 ‖Δρ‖ = 0.00021319211610211836  ‖vε - vref‖ = 1.6691077413395938  α = 0.0178
 14   -37.31438536323       -8.21       -2.78    4.28s
    ‖ρε - ρref‖ = 0.0008918931302199048 ‖Δρ‖ = 0.0008332509539731772  ‖vε - vref‖ = 1.6690286555501603  α = 0.00105
 15   -37.31438538895       -7.59       -3.02    4.87s
    ‖ρε - ρref‖ = 0.0004337224901796637 ‖Δρ‖ = 0.0002800461622393266  ‖vε - vref‖ = 1.6689841201031461  α = 0.00717
 16   -37.31438543506       -7.34       -3.03    4.52s
    ‖ρε - ρref‖ = 0.000428921189997322 ‖Δρ‖ = 0.00018446003832422322  ‖vε - vref‖ = 1.6701664272941505  α = 0.0138
 17   -37.31438545837       -7.63       -3.37    3.83s
    ‖ρε - ρref‖ = 0.00040030779595801936 ‖Δρ‖ = 0.00011588450022849861  ‖vε - vref‖ = 1.6707297286220564  α = 0.0155
 18   -37.31438547651       -7.74       -3.13    3.71s
    ‖ρε - ρref‖ = 0.0004312341929227827 ‖Δρ‖ = 0.00020622552725298076  ‖vε - vref‖ = 1.6710045896482772  α = 0.00798
 19   -37.31438550060       -7.62       -3.46    4.16s
    ‖ρε - ρref‖ = 0.00036606539382373697 ‖Δρ‖ = 7.393080723291314e-5  ‖vε - vref‖ = 1.6704740007586243  α = 0.0242
 20   -37.31438551660       -7.80       -3.48    4.48s
    ‖ρε - ρref‖ = 0.0003850878099813889 ‖Δρ‖ = 8.60397549785912e-5  ‖vε - vref‖ = 1.6705697661776142  α = 0.0175
 21   -37.31438552418       -8.12       -3.36    4.01s
    ‖ρε - ρref‖ = 0.000392971468628317 ‖Δρ‖ = 0.00010413555825719392  ‖vε - vref‖ = 1.6706599972469283  α = 0.0106
 22   -37.31438553636       -7.91       -3.64    4.09s
    ‖ρε - ρref‖ = 0.0003767733360322909 ‖Δρ‖ = 4.6774148516989766e-5  ‖vε - vref‖ = 1.6704248499483998  α = 0.0268
 23   -37.31438554061       -8.37       -3.60    4.00s
    ‖ρε - ρref‖ = 0.0003770369701119847 ‖Δρ‖ = 7.097558722647553e-5  ‖vε - vref‖ = 1.6702676283146427  α = 0.0113
 24   -37.31438554119       -9.23       -3.62    3.88s
    ‖ρε - ρref‖ = 0.00028391735517509784 ‖Δρ‖ = 0.00010792099667926855  ‖vε - vref‖ = 1.6701831893277916  α = 0.00259
 25   -37.31438554641       -8.28       -3.38    4.35s
    ‖ρε - ρref‖ = 0.0003949224679616507 ‖Δρ‖ = 9.665924752353e-5  ‖vε - vref‖ = 1.6700632678216807  α = 0.00866
 26   -37.31438554693       -9.28       -3.36    4.57s
    ‖ρε - ρref‖ = 0.00041880824285429175 ‖Δρ‖ = 0.00019281122134702294  ‖vε - vref‖ = 1.6700496875689548  α = 0.0013
 27   -37.31438555095       -8.40       -3.53    4.38s
    ‖ρε - ρref‖ = 0.00038059509637744304 ‖Δρ‖ = 6.692695549774645e-5  ‖vε - vref‖ = 1.6700735019965338  α = 0.0114
 28   -37.31438555182       -9.06       -4.03    4.27s
    ‖ρε - ρref‖ = 0.0003772822370706373 ‖Δρ‖ = 2.8348565876602724e-5  ‖vε - vref‖ = 1.6701391148211442  α = 0.013
 29   -37.31438555473       -8.54       -3.85    4.66s
    ‖ρε - ρref‖ = 0.0003733216043507888 ‖Δρ‖ = 3.048315522671852e-5  ‖vε - vref‖ = 1.6701272082895773  α = 0.0198
 30   -37.31438555626       -8.81       -3.88    4.78s
    ‖ρε - ρref‖ = 0.000370312727543155 ‖Δρ‖ = 3.6763278464046316e-5  ‖vε - vref‖ = 1.6700923115018727  α = 0.0125
 31   -37.31438555823       -8.71       -3.71    4.29s
    ‖ρε - ρref‖ = 0.0003699807867229013 ‖Δρ‖ = 4.813482005771686e-5  ‖vε - vref‖ = 1.6700260772240567  α = 0.0105
 32   -37.31438555983       -8.80       -4.13    4.14s
    ‖ρε - ρref‖ = 0.00037301678985067737 ‖Δρ‖ = 1.8058994479635298e-5  ‖vε - vref‖ = 1.6701567416366665  α = 0.0259
 33   -37.31438556084       -8.99       -4.04    4.13s
    ‖ρε - ρref‖ = 0.00037156999526366855 ‖Δρ‖ = 2.23228827125805e-5  ‖vε - vref‖ = 1.6701736883176586  α = 0.0178
 34   -37.31438556209       -8.90       -3.84    4.57s
    ‖ρε - ρref‖ = 0.00037174169755657335 ‖Δρ‖ = 2.865010900005053e-5  ‖vε - vref‖ = 1.670164696598688  α = 0.0149
 35   -37.31438556316       -8.97       -4.14    4.04s
    ‖ρε - ρref‖ = 0.00036911043493676095 ‖Δρ‖ = 1.7567371147060686e-5  ‖vε - vref‖ = 1.6701846326097165  α = 0.0215
 36   -37.31438556328       -9.91       -3.64    4.30s
    ‖ρε - ρref‖ = 0.0004529018242899201 ‖Δρ‖ = 9.531971656319212e-5  ‖vε - vref‖ = 1.6702126408813929  α = 0.00135
 37   -37.31438556393       -9.18       -3.78    4.78s
    ‖ρε - ρref‖ = 0.0003669683400213403 ‖Δρ‖ = 3.9185913608846275e-5  ‖vε - vref‖ = 1.670164566344423  α = 0.00788
 38   -37.31438556402      -10.08       -3.74    4.46s
    ‖ρε - ρref‖ = 0.0003731730693731368 ‖Δρ‖ = 7.484181378947642e-5  ‖vε - vref‖ = 1.6701564291658073  α = 0.00134
 39   -37.31438556474       -9.14       -3.92    4.50s
    ‖ρε - ρref‖ = 0.00037100446859091593 ‖Δρ‖ = 2.5441640963090705e-5  ‖vε - vref‖ = 1.6700844707045814  α = 0.0128
 40   -37.31438556533       -9.23       -4.23    4.38s
    ‖ρε - ρref‖ = 0.00037235784223350866 ‖Δρ‖ = 1.2890163648726477e-5  ‖vε - vref‖ = 1.6700910583094604  α = 0.0227
 41   -37.31438556555       -9.67       -4.28    4.30s
    ‖ρε - ρref‖ = 0.0003694589914534716 ‖Δρ‖ = 1.5549219389767878e-5  ‖vε - vref‖ = 1.6700637046158446  α = 0.0117
 42   -37.31438556628       -9.14       -4.14    4.46s
    ‖ρε - ρref‖ = 0.0003712255454365476 ‖Δρ‖ = 1.4821007694960936e-5  ‖vε - vref‖ = 1.67005855838495  α = 0.0204
 43   -37.31438556646       -9.74       -4.32    4.69s
    ‖ρε - ρref‖ = 0.0003729982687802325 ‖Δρ‖ = 1.611870729066108e-5  ‖vε - vref‖ = 1.6700783943178077  α = 0.00974
 44   -37.31438556693       -9.32       -4.22    4.21s
    ‖ρε - ρref‖ = 0.00037359278757052384 ‖Δρ‖ = 1.338093522010967e-5  ‖vε - vref‖ = 1.6701668564047176  α = 0.019
 45   -37.31438556725       -9.50       -4.39    4.54s
    ‖ρε - ρref‖ = 0.0003693725199439523 ‖Δρ‖ = 9.128474538812648e-6  ‖vε - vref‖ = 1.6701143359732897  α = 0.0237
 46   -37.31438556738       -9.91       -4.40    3.82s
    ‖ρε - ρref‖ = 0.0003708037687270939 ‖Δρ‖ = 1.0128225977275597e-5  ‖vε - vref‖ = 1.670109863489454  α = 0.0141
 47   -37.31438556774       -9.45       -4.39    4.14s
    ‖ρε - ρref‖ = 0.00037142630453129905 ‖Δρ‖ = 7.311175805661348e-6  ‖vε - vref‖ = 1.6701375736393125  α = 0.0282
 48   -37.31438556787       -9.87       -4.49    4.10s
    ‖ρε - ρref‖ = 0.00037029900771432927 ‖Δρ‖ = 8.80346487822909e-6  ‖vε - vref‖ = 1.6701253448771864  α = 0.0147
 49   -37.31438556788      -10.88       -4.08    4.24s
    ‖ρε - ρref‖ = 0.00039768839810012686 ‖Δρ‖ = 3.534051961124123e-5  ‖vε - vref‖ = 1.6701338852323702  α = 0.00122
 50   -37.31438556797      -10.05       -4.31    4.57s
    ‖ρε - ρref‖ = 0.0003713303435160673 ‖Δρ‖ = 1.2095288795892796e-5  ‖vε - vref‖ = 1.6701409369407165  α = 0.00961
 51   -37.31438556799      -10.82       -4.06    4.20s
    ‖ρε - ρref‖ = 0.0003575758387128775 ‖Δρ‖ = 3.781210503886445e-5  ‖vε - vref‖ = 1.670137860362194  α = 0.00111
 52   -37.31438556810       -9.95       -4.50    4.69s
    ‖ρε - ρref‖ = 0.00037174754727134214 ‖Δρ‖ = 6.967647346338237e-6  ‖vε - vref‖ = 1.67015494615385  α = 0.0181
 53   -37.31438556818      -10.10       -4.56    4.36s
    ‖ρε - ρref‖ = 0.0003711965010404577 ‖Δρ‖ = 5.524760427513634e-6  ‖vε - vref‖ = 1.670151653068105  α = 0.0196
 54   -37.31438556821      -10.44       -4.38    4.52s
    ‖ρε - ρref‖ = 0.0003697536682432761 ‖Δρ‖ = 1.1133362685065332e-5  ‖vε - vref‖ = 1.6701379770005835  α = 0.00651
 55   -37.31438556829      -10.15       -4.80    4.48s
    ‖ρε - ρref‖ = 0.00037136954569082085 ‖Δρ‖ = 3.7577247163557233e-6  ‖vε - vref‖ = 1.6701397375232232  α = 0.0258
 56   -37.31438556830      -10.76       -4.67    4.48s
    ‖ρε - ρref‖ = 0.0003715030191243582 ‖Δρ‖ = 7.174757635944289e-6  ‖vε - vref‖ = 1.6701379042049909  α = 0.00692
 57   -37.31438556835      -10.32       -4.78    4.38s
    ‖ρε - ρref‖ = 0.0003709404204454499 ‖Δρ‖ = 2.8997866811844173e-6  ‖vε - vref‖ = 1.670124090640999  α = 0.0278
 58   -37.31438556838      -10.61       -4.94    4.01s
    ‖ρε - ρref‖ = 0.00037135104207329994 ‖Δρ‖ = 2.340252729140716e-6  ‖vε - vref‖ = 1.6701278996845759  α = 0.0258
 59   -37.31438556840      -10.62       -5.05    4.50s
    ‖ρε - ρref‖ = 0.0003711436940204567 ‖Δρ‖ = 1.8709798325656387e-6  ‖vε - vref‖ = 1.6701244579537307  α = 0.031
 60   -37.31438556841      -11.05       -4.68    4.68s
    ‖ρε - ρref‖ = 0.0003737686283259236 ‖Δρ‖ = 6.40226179405778e-6  ‖vε - vref‖ = 1.670126150110381  α = 0.00562
 61   -37.31438556841      -11.29       -4.14    4.76s
    ‖ρε - ρref‖ = 0.000356408353832092 ‖Δρ‖ = 2.543176490435328e-5  ‖vε - vref‖ = 1.6701205117369682  α = 0.00106
 62   -37.31438556842      -11.38       -5.12    4.72s
    ‖ρε - ρref‖ = 0.000370001459986461 ‖Δρ‖ = 2.4904469179442704e-6  ‖vε - vref‖ = 1.6701164944945006  α = 0.00874
 63   -37.31438556843      -10.97       -4.19    4.58s
    ‖ρε - ρref‖ = 0.00037273163806510483 ‖Δρ‖ = 1.475393217355741e-5  ‖vε - vref‖ = 1.6701148966964372  α = 0.00264
 64   -37.31438556844      -10.84       -5.15    4.75s
    ‖ρε - ρref‖ = 0.0003714031167054245 ‖Δρ‖ = 1.455416927721181e-6  ‖vε - vref‖ = 1.6701304332750293  α = 0.03
 65   -37.31438556845      -11.37       -5.13    4.59s
    ‖ρε - ρref‖ = 0.00037105914127453463 ‖Δρ‖ = 1.8686180151831838e-6  ‖vε - vref‖ = 1.6701312284676832  α = 0.0139
 66   -37.31438556846      -11.07       -4.92    4.52s
    ‖ρε - ρref‖ = 0.000371396950129611 ‖Δρ‖ = 2.565856826241018e-6  ‖vε - vref‖ = 1.6701367461973597  α = 0.0131
 67   -37.31438556846      -11.27       -5.09    4.15s
    ‖ρε - ρref‖ = 0.00037101068683829155 ‖Δρ‖ = 2.0774302549461943e-6  ‖vε - vref‖ = 1.6701315921744093  α = 0.013
 68   -37.31438556846      -11.48       -5.10    4.75s
    ‖ρε - ρref‖ = 0.00037092015469475875 ‖Δρ‖ = 2.176601635534057e-6  ‖vε - vref‖ = 1.670128227263723  α = 0.0102
 69   -37.31438556847      -11.59       -5.20    4.10s
    ‖ρε - ρref‖ = 0.00037117453101086185 ‖Δρ‖ = 1.8643647467728065e-6  ‖vε - vref‖ = 1.670127931665228  α = 0.0101
 70   -37.31438556847      -11.40       -5.39    4.43s
    ‖ρε - ρref‖ = 0.00037121402385573464 ‖Δρ‖ = 8.186524599696322e-7  ‖vε - vref‖ = 1.6701299011270339  α = 0.0288
 71   -37.31438556847      -11.52       -5.38    4.28s
    ‖ρε - ρref‖ = 0.00037112189337730055 ‖Δρ‖ = 9.179220519417975e-7  ‖vε - vref‖ = 1.6701250887740355  α = 0.0224

#-- ‖ρε - ρref‖ = 0.0003711440367972227 vs. 1.0000000000000002e-6 = δ*ε ‖vε - vref‖ = 1.670124007631921


# --- ε=5.623413251903491e-5

n     Energy            log10(ΔE)   log10(Δρ)   Δtime 
---   ---------------   ---------   ---------   ------
  1   -37.31382775638                   -0.11    7.64s
    ‖ρε - ρref‖ = 0.3948807536511095 ‖Δρ‖ = 0.39470464414106615  ‖vε - vref‖ = 2.3395414568470896  α = 0.000384
  2   -37.31385046285       -4.64       -1.05    4.03s
    ‖ρε - ρref‖ = 0.03484672936997392 ‖Δρ‖ = 0.03480587282338528  ‖vε - vref‖ = 2.114831026218879  α = 0.00122
  3   -37.31387295639       -4.65       -0.92    3.85s
    ‖ρε - ρref‖ = 0.048913260031615995 ‖Δρ‖ = 0.048848830134029735  ‖vε - vref‖ = 1.8332422542777582  α = 0.000921
  4   -37.31388891287       -4.80       -1.47    4.06s
    ‖ρε - ρref‖ = 0.008536596873980954 ‖Δρ‖ = 0.00848849558159656  ‖vε - vref‖ = 1.682730887489239  α = 0.00459
  5   -37.31389255875       -5.44       -2.00    3.95s
    ‖ρε - ρref‖ = 0.002843295681856532 ‖Δρ‖ = 0.0027976145214711878  ‖vε - vref‖ = 1.6622466918868266  α = 0.00639
  6   -37.31389768628       -5.29       -1.78    3.70s
    ‖ρε - ρref‖ = 0.003549855667396671 ‖Δρ‖ = 0.0035040929327287765  ‖vε - vref‖ = 1.6277588041993125  α = 0.0062
  7   -37.31389924632       -5.81       -2.16    4.00s
    ‖ρε - ρref‖ = 0.0016316501976446302 ‖Δρ‖ = 0.0016059422389325137  ‖vε - vref‖ = 1.6193312462297558  α = 0.00745
  8   -37.31389958254       -6.47       -2.39    3.67s
    ‖ρε - ρref‖ = 0.0011027954528765823 ‖Δρ‖ = 0.001080501991804521  ‖vε - vref‖ = 1.6188539453303468  α = 0.0053
  9   -37.31389994299       -6.44       -2.64    4.04s
    ‖ρε - ρref‖ = 0.0005754300551103263 ‖Δρ‖ = 0.0005264168362291042  ‖vε - vref‖ = 1.6195655210510207  α = 0.0109
 10   -37.31390008215       -6.86       -2.65    4.26s
    ‖ρε - ρref‖ = 0.0005997405673447806 ‖Δρ‖ = 0.0005599110094031814  ‖vε - vref‖ = 1.6207408717881504  α = 0.00652
 11   -37.31390025663       -6.76       -2.95    4.53s
    ‖ρε - ρref‖ = 0.00032862213091801177 ‖Δρ‖ = 0.00023787399114164024  ‖vε - vref‖ = 1.6233096655319517  α = 0.0161
 12   -37.31390027417       -7.76       -2.29    4.01s
    ‖ρε - ρref‖ = 0.0023245965330746113 ‖Δρ‖ = 0.002500122503513188  ‖vε - vref‖ = 1.6228478977866259  α = 0.000459
 13   -37.31390035605       -7.09       -2.91    4.16s
    ‖ρε - ρref‖ = 0.00036773249364114945 ‖Δρ‖ = 0.00028773811550722564  ‖vε - vref‖ = 1.6243508319919941  α = 0.00956
 14   -37.31390036256       -8.19       -2.55    4.15s
    ‖ρε - ρref‖ = 0.00142381708990264 ‖Δρ‖ = 0.0014160065455661537  ‖vε - vref‖ = 1.624301007526412  α = 0.000471
 15   -37.31390038432       -7.66       -3.01    4.17s
    ‖ρε - ρref‖ = 0.0003280215493576821 ‖Δρ‖ = 0.000271784206596536  ‖vε - vref‖ = 1.6245689724389085  α = 0.00523
 16   -37.31390042039       -7.44       -2.89    4.81s
    ‖ρε - ρref‖ = 0.0003487437026541855 ‖Δρ‖ = 0.00025322956116950187  ‖vε - vref‖ = 1.6261555228650997  α = 0.00701
 17   -37.31390043643       -7.79       -3.32    4.50s
    ‖ρε - ρref‖ = 0.0002550232432026426 ‖Δρ‖ = 0.00013310993631480614  ‖vε - vref‖ = 1.6267609511320111  α = 0.00854
 18   -37.31390045215       -7.80       -3.02    4.70s
    ‖ρε - ρref‖ = 0.0003226323827856509 ‖Δρ‖ = 0.00024350787871024266  ‖vε - vref‖ = 1.6272587299626105  α = 0.00484
 19   -37.31390047442       -7.65       -3.47    4.25s
    ‖ρε - ρref‖ = 0.0002124021822787425 ‖Δρ‖ = 6.572889793841006e-5  ‖vε - vref‖ = 1.627594428797331  α = 0.0207
 20   -37.31390048405       -8.02       -3.27    4.32s
    ‖ρε - ρref‖ = 0.0002601363628235857 ‖Δρ‖ = 0.0001393946231032555  ‖vε - vref‖ = 1.627933676087587  α = 0.00667
 21   -37.31390049300       -8.05       -3.37    4.61s
    ‖ρε - ρref‖ = 0.00024305642104886167 ‖Δρ‖ = 9.789456012740309e-5  ‖vε - vref‖ = 1.62831278888202  α = 0.00906
 22   -37.31390050588       -7.89       -3.43    4.54s
    ‖ρε - ρref‖ = 0.00022425835596810273 ‖Δρ‖ = 7.432152345440643e-5  ‖vε - vref‖ = 1.628371214329257  α = 0.0133
 23   -37.31390051034       -8.35       -3.47    4.07s
    ‖ρε - ρref‖ = 0.00022672001656052858 ‖Δρ‖ = 9.373054215133178e-5  ‖vε - vref‖ = 1.6282674435999143  α = 0.00674
 24   -37.31390051110       -9.12       -3.48    3.77s
    ‖ρε - ρref‖ = 0.00011728951069569905 ‖Δρ‖ = 0.00014509104798581944  ‖vε - vref‖ = 1.6281981339268436  α = 0.00165
 25   -37.31390052064       -8.02       -3.17    4.03s
    ‖ρε - ρref‖ = 0.0002622291585059761 ‖Δρ‖ = 0.00013014164136474008  ‖vε - vref‖ = 1.6280829269698094  α = 0.00647
 26   -37.31390052108       -9.35       -3.27    4.58s
    ‖ρε - ρref‖ = 0.0003294763867557499 ‖Δρ‖ = 0.00024698213802865993  ‖vε - vref‖ = 1.6280802224005824  α = 0.0007
 27   -37.31390052411       -8.52       -3.45    3.72s
    ‖ρε - ρref‖ = 0.00024091298559997804 ‖Δρ‖ = 8.993574371167005e-5  ‖vε - vref‖ = 1.6281437125444895  α = 0.00579
 28   -37.31390052590       -8.75       -4.00    4.64s
    ‖ρε - ρref‖ = 0.00021588292154268445 ‖Δρ‖ = 2.6105586594322786e-5  ‖vε - vref‖ = 1.6281338379869121  α = 0.0151
 29   -37.31390052810       -8.66       -3.42    4.30s
    ‖ρε - ρref‖ = 0.00021938794924423913 ‖Δρ‖ = 8.342688058081142e-5  ‖vε - vref‖ = 1.6279997517425602  α = 0.00502
 30   -37.31390053019       -8.68       -3.84    4.07s
    ‖ρε - ρref‖ = 0.00021104980544288398 ‖Δρ‖ = 3.289914062977029e-5  ‖vε - vref‖ = 1.627892289714181  α = 0.0126
 31   -37.31390053133       -8.94       -3.57    3.86s
    ‖ρε - ρref‖ = 0.0002235872384398532 ‖Δρ‖ = 7.756257583939541e-5  ‖vε - vref‖ = 1.6278344289126843  α = 0.00379
 32   -37.31390053267       -8.88       -3.92    4.45s
    ‖ρε - ρref‖ = 0.0002141645317766813 ‖Δρ‖ = 2.665627927651639e-5  ‖vε - vref‖ = 1.62785382217772  α = 0.0127
 33   -37.31390053362       -9.02       -4.06    4.70s
    ‖ρε - ρref‖ = 0.00021160266301059328 ‖Δρ‖ = 1.9007007252999463e-5  ‖vε - vref‖ = 1.6278545442216013  α = 0.0153
 34   -37.31390053420       -9.24       -3.72    4.75s
    ‖ρε - ρref‖ = 0.00021515728384747867 ‖Δρ‖ = 4.0161161906094865e-5  ‖vε - vref‖ = 1.6278579937304287  α = 0.00585
 35   -37.31390053503       -9.08       -4.09    4.45s
    ‖ρε - ρref‖ = 0.00021139702295457576 ‖Δρ‖ = 1.7247485727052e-5  ‖vε - vref‖ = 1.6278704595108087  α = 0.0153
 36   -37.31390053530       -9.57       -4.09    3.94s
    ‖ρε - ρref‖ = 0.00022725598225841018 ‖Δρ‖ = 2.563587532951823e-5  ‖vε - vref‖ = 1.6278799705637288  α = 0.00575
 37   -37.31390053561       -9.50       -3.24    4.18s
    ‖ρε - ρref‖ = 0.00018813253032724366 ‖Δρ‖ = 0.00017789342538350865  ‖vε - vref‖ = 1.6278333122011004  α = 0.000874
 38   -37.31390053587       -9.59       -3.85    3.94s
    ‖ρε - ρref‖ = 0.0002124315887656217 ‖Δρ‖ = 4.4962370087205735e-5  ‖vε - vref‖ = 1.627812390404899  α = 0.00302
 39   -37.31390053653       -9.18       -3.16    4.10s
    ‖ρε - ρref‖ = 0.0002686979152258113 ‖Δρ‖ = 0.0001545873034736006  ‖vε - vref‖ = 1.6277696282100262  α = 0.00147
 40   -37.31390053705       -9.28       -4.33    4.16s
    ‖ρε - ρref‖ = 0.00021057853432007639 ‖Δρ‖ = 1.0299161575715161e-5  ‖vε - vref‖ = 1.6277394631014193  α = 0.0201
 41   -37.31390053735       -9.52       -4.06    3.76s
    ‖ρε - ρref‖ = 0.00020827124994634094 ‖Δρ‖ = 2.4700947168466614e-5  ‖vε - vref‖ = 1.6276979280066675  α = 0.00641
 42   -37.31390053774       -9.42       -3.90    3.94s
    ‖ρε - ρref‖ = 0.00021419689444348238 ‖Δρ‖ = 3.081009704066756e-5  ‖vε - vref‖ = 1.6276899687098425  α = 0.00604
 43   -37.31390053815       -9.38       -4.32    3.92s
    ‖ρε - ρref‖ = 0.00021308509554987136 ‖Δρ‖ = 1.2425509334744567e-5  ‖vε - vref‖ = 1.627739669872823  α = 0.0145
 44   -37.31390053860       -9.34       -3.80    3.88s
    ‖ρε - ρref‖ = 0.00021771151717185289 ‖Δρ‖ = 3.8077971840367887e-5  ‖vε - vref‖ = 1.627793314743103  α = 0.00478
 45   -37.31390053891       -9.52       -4.24    4.20s
    ‖ρε - ρref‖ = 0.0002083866415204523 ‖Δρ‖ = 1.2703807475519266e-5  ‖vε - vref‖ = 1.6277526058613225  α = 0.0128
 46   -37.31390053915       -9.61       -4.45    4.06s
    ‖ρε - ρref‖ = 0.000211438209419926 ‖Δρ‖ = 8.450071994405126e-6  ‖vε - vref‖ = 1.627780017389663  α = 0.0175
 47   -37.31390053936       -9.68       -3.98    3.70s
    ‖ρε - ρref‖ = 0.00021326746596944107 ‖Δρ‖ = 2.271492936841006e-5  ‖vε - vref‖ = 1.6278095939700343  α = 0.00599
 48   -37.31390053955       -9.73       -4.37    4.10s
    ‖ρε - ρref‖ = 0.0002151446573355133 ‖Δρ‖ = 8.73867179461194e-6  ‖vε - vref‖ = 1.6278314112361079  α = 0.0142
 49   -37.31390053964      -10.03       -3.24    4.01s
    ‖ρε - ρref‖ = 0.00015908518045836375 ‖Δρ‖ = 0.00014786695264889764  ‖vε - vref‖ = 1.6278171152580043  α = 0.000573
 50   -37.31390053967      -10.48       -4.30    4.79s
    ‖ρε - ρref‖ = 0.00020932973060022926 ‖Δρ‖ = 2.0271182750396355e-5  ‖vε - vref‖ = 1.6278161966641551  α = 0.00234
 51   -37.31390053977      -10.03       -3.81    4.82s
    ‖ρε - ρref‖ = 0.00021977061885033796 ‖Δρ‖ = 5.162455348498872e-5  ‖vε - vref‖ = 1.6278209361688925  α = 0.00167
 52   -37.31390053994       -9.77       -4.31    4.34s
    ‖ρε - ρref‖ = 0.00021079784228059285 ‖Δρ‖ = 1.0012966108183735e-5  ‖vε - vref‖ = 1.6278106351424444  α = 0.0123
 53   -37.31390054014       -9.70       -4.49    4.32s
    ‖ρε - ρref‖ = 0.0002105478091539181 ‖Δρ‖ = 6.061587847229499e-6  ‖vε - vref‖ = 1.6277816314231497  α = 0.0207
 54   -37.31390054019      -10.26       -4.21    3.85s
    ‖ρε - ρref‖ = 0.00021353714679270074 ‖Δρ‖ = 1.7690856883469503e-5  ‖vε - vref‖ = 1.6277870314672962  α = 0.0039
 55   -37.31390054034       -9.84       -4.41    4.63s
    ‖ρε - ρref‖ = 0.0002107859161025606 ‖Δρ‖ = 8.075165886816163e-6  ‖vε - vref‖ = 1.6277864755959992  α = 0.0138
 56   -37.31390054045       -9.95       -4.32    3.94s
    ‖ρε - ρref‖ = 0.0002106303422474843 ‖Δρ‖ = 1.2053107605435118e-5  ‖vε - vref‖ = 1.627782206848427  α = 0.0078
 57   -37.31390054054      -10.04       -4.14    4.06s
    ‖ρε - ρref‖ = 0.0002119314945871408 ‖Δρ‖ = 1.836468595227875e-5  ‖vε - vref‖ = 1.627777400323678  α = 0.0046
 58   -37.31390054066       -9.94       -4.71    3.62s
    ‖ρε - ρref‖ = 0.00021166710858559203 ‖Δρ‖ = 3.648144925221913e-6  ‖vε - vref‖ = 1.6278162735934398  α = 0.0267
 59   -37.31390054072      -10.20       -4.52    4.22s
    ‖ρε - ρref‖ = 0.0002100330539798477 ‖Δρ‖ = 7.3518309671803645e-6  ‖vε - vref‖ = 1.6278081304768952  α = 0.0101
 60   -37.31390054075      -10.45       -4.30    4.12s
    ‖ρε - ρref‖ = 0.00021420108360258673 ‖Δρ‖ = 1.1819661599677619e-5  ‖vε - vref‖ = 1.6278053566475792  α = 0.00485
 61   -37.31390054077      -10.92       -3.79    3.68s
    ‖ρε - ρref‖ = 0.00017244926836714893 ‖Δρ‖ = 5.5934294417099814e-5  ‖vε - vref‖ = 1.6277965605883875  α = 0.00055
 62   -37.31390054080      -10.53       -4.62    4.08s
    ‖ρε - ρref‖ = 0.0002099020218365959 ‖Δρ‖ = 6.8183482641595185e-6  ‖vε - vref‖ = 1.6277955377219822  α = 0.00656
 63   -37.31390054087      -10.16       -3.55    3.92s
    ‖ρε - ρref‖ = 0.00022371678813126365 ‖Δρ‖ = 5.466283813373399e-5  ‖vε - vref‖ = 1.6278017909190259  α = 0.00133
 64   -37.31390054089      -10.56       -4.71    4.24s
    ‖ρε - ρref‖ = 0.00021123996552214477 ‖Δρ‖ = 5.056240015719996e-6  ‖vε - vref‖ = 1.6278042974847855  α = 0.00977
 65   -37.31390054092      -10.53       -4.62    4.40s
    ‖ρε - ρref‖ = 0.0002108322013238785 ‖Δρ‖ = 4.781379358352539e-6  ‖vε - vref‖ = 1.6278052577665028  α = 0.0108
 66   -37.31390054096      -10.47       -4.79    3.87s
    ‖ρε - ρref‖ = 0.00021072167261417077 ‖Δρ‖ = 3.3336439823088225e-6  ‖vε - vref‖ = 1.6278005854319766  α = 0.0158
 67   -37.31390054097      -10.84       -4.48    3.66s
    ‖ρε - ρref‖ = 0.00020997141804373354 ‖Δρ‖ = 8.480878404835315e-6  ‖vε - vref‖ = 1.6277959244870404  α = 0.00416
 68   -37.31390054100      -10.56       -4.70    4.18s
    ‖ρε - ρref‖ = 0.00021136390214719945 ‖Δρ‖ = 4.475369057830973e-6  ‖vε - vref‖ = 1.6278053057857849  α = 0.0106
 69   -37.31390054101      -10.95       -4.85    4.13s
    ‖ρε - ρref‖ = 0.0002111495896727807 ‖Δρ‖ = 4.3347847206353256e-6  ‖vε - vref‖ = 1.6278084471226928  α = 0.00683
 70   -37.31390054103      -10.73       -4.66    4.52s
    ‖ρε - ρref‖ = 0.0002108025860417763 ‖Δρ‖ = 5.327026057726454e-6  ‖vε - vref‖ = 1.627813238172343  α = 0.00721
 71   -37.31390054105      -10.62       -5.04    3.91s
    ‖ρε - ρref‖ = 0.00021075468772390385 ‖Δρ‖ = 1.6041181505864303e-6  ‖vε - vref‖ = 1.6278197973058677  α = 0.0272
 72   -37.31390054106      -11.50       -4.82    3.95s
    ‖ρε - ρref‖ = 0.00021459093481470477 ‖Δρ‖ = 5.0205811040648725e-6  ‖vε - vref‖ = 1.6278249616360454  α = 0.00315
 73   -37.31390054106      -11.24       -4.10    4.11s
    ‖ρε - ρref‖ = 0.00020573077923979893 ‖Δρ‖ = 2.0238373878145354e-5  ‖vε - vref‖ = 1.627826240362854  α = 0.00112
 74   -37.31390054106      -11.50       -4.66    4.33s
    ‖ρε - ρref‖ = 0.00021013639074364535 ‖Δρ‖ = 6.810749813845803e-6  ‖vε - vref‖ = 1.627826166434038  α = 0.00218
 75   -37.31390054107      -11.16       -4.12    4.36s
    ‖ρε - ρref‖ = 0.0002149350549807925 ‖Δρ‖ = 1.690556339297166e-5  ‖vε - vref‖ = 1.627827809416585  α = 0.00143
 76   -37.31390054108      -11.19       -5.01    4.04s
    ‖ρε - ρref‖ = 0.00021051688756748698 ‖Δρ‖ = 2.164600360595427e-6  ‖vε - vref‖ = 1.627814884405371  α = 0.0106
 77   -37.31390054108      -11.19       -5.28    3.90s
    ‖ρε - ρref‖ = 0.00021069332833099962 ‖Δρ‖ = 1.0776000189898517e-6  ‖vε - vref‖ = 1.6278041149494213  α = 0.0207
 78   -37.31390054109      -11.41       -5.08    3.69s
    ‖ρε - ρref‖ = 0.0002109738961811395 ‖Δρ‖ = 2.0183491284999385e-6  ‖vε - vref‖ = 1.6278005006331884  α = 0.0091
 79   -37.31390054109      -11.46       -5.08    3.68s
    ‖ρε - ρref‖ = 0.00021086177791239743 ‖Δρ‖ = 1.8483891842689316e-6  ‖vε - vref‖ = 1.6277981405188984  α = 0.00951
 80   -37.31390054109      -11.71       -4.96    3.97s
    ‖ρε - ρref‖ = 0.00021118931764004456 ‖Δρ‖ = 2.8430265861094233e-6  ‖vε - vref‖ = 1.6277992743336491  α = 0.00461
 81   -37.31390054110      -11.19       -5.14    3.81s
    ‖ρε - ρref‖ = 0.00021078639705941695 ‖Δρ‖ = 1.3299899838704483e-6  ‖vε - vref‖ = 1.6277983893611665  α = 0.0169
 82   -37.31390054110      -11.78       -5.04    4.18s
    ‖ρε - ρref‖ = 0.0002108179180166605 ‖Δρ‖ = 2.519639992495188e-6  ‖vε - vref‖ = 1.627799386209529  α = 0.00466
 83   -37.31390054110      -11.60       -5.02    4.76s
    ‖ρε - ρref‖ = 0.0002108083217734797 ‖Δρ‖ = 1.8275675893954339e-6  ‖vε - vref‖ = 1.6278016574674654  α = 0.00799
 84   -37.31390054110      -12.72       -4.93    4.63s
    ‖ρε - ρref‖ = 0.00021502162005192682 ‖Δρ‖ = 5.162931309009079e-6  ‖vε - vref‖ = 1.627802653400511  α = 0.000714
 85   -37.31390054111      -11.66       -5.19    4.50s
    ‖ρε - ρref‖ = 0.00021091850038469027 ‖Δρ‖ = 1.3921336567201138e-6  ‖vε - vref‖ = 1.6278043819271564  α = 0.00971
 86   -37.31390054111      -12.04       -4.38    4.43s
    ‖ρε - ρref‖ = 0.00020810972182759108 ‖Δρ‖ = 1.2811808929257703e-5  ‖vε - vref‖ = 1.627804283231298  α = 0.000604
 87   -37.31390054111      -11.85       -4.98    4.63s
    ‖ρε - ρref‖ = 0.00021085068111181764 ‖Δρ‖ = 2.5642770625897507e-6  ‖vε - vref‖ = 1.6278044915927905  α = 0.00448
 88   -37.31390054111      -11.62       -5.45    4.01s
    ‖ρε - ρref‖ = 0.00021082591578194338 ‖Δρ‖ = 7.371755942354272e-7  ‖vε - vref‖ = 1.627802944846057  α = 0.0187
 89   -37.31390054111      -11.90       -5.40    4.03s
    ‖ρε - ρref‖ = 0.00021097689634037156 ‖Δρ‖ = 8.337601771962913e-7  ‖vε - vref‖ = 1.6278061249523785  α = 0.0124
 90   -37.31390054111      -11.91       -5.51    4.71s
    ‖ρε - ρref‖ = 0.00021086543372478525 ‖Δρ‖ = 7.007155181670692e-7  ‖vε - vref‖ = 1.6278056737230329  α = 0.0145
 91   -37.31390054111      -12.23       -5.28    3.99s
    ‖ρε - ρref‖ = 0.0002105988365486273 ‖Δρ‖ = 1.3175621555127066e-6  ‖vε - vref‖ = 1.6278037646802257  α = 0.00568
 92   -37.31390054112      -12.49       -5.37    3.87s
    ‖ρε - ρref‖ = 0.00021083337237333958 ‖Δρ‖ = 1.1283515985607287e-6  ‖vε - vref‖ = 1.6278036689313324  α = 0.00463
 93   -37.31390054112      -11.99       -5.55    4.49s
    ‖ρε - ρref‖ = 0.0002108077591230608 ‖Δρ‖ = 5.284069592105793e-7  ‖vε - vref‖ = 1.627803089447538  α = 0.0175
 94   -37.31390054112      -12.34       -5.37    4.47s
    ‖ρε - ρref‖ = 0.0002109402806008115 ‖Δρ‖ = 1.1152926346186922e-6  ‖vε - vref‖ = 1.6278039664803328  α = 0.00532
 95   -37.31390054112      -12.53       -5.36    4.41s
    ‖ρε - ρref‖ = 0.00021042363078033048 ‖Δρ‖ = 1.2427909036417464e-6  ‖vε - vref‖ = 1.6278042831375135  α = 0.00392
 96   -37.31390054112      -12.83       -4.75    4.30s
    ‖ρε - ρref‖ = 0.0002153527788748067 ‖Δρ‖ = 6.221702849634684e-6  ‖vε - vref‖ = 1.6278055892719718  α = 0.000626
 97   -37.31390054112      -13.00       -5.70    3.91s
    ‖ρε - ρref‖ = 0.00021107901841180724 ‖Δρ‖ = 7.990722183636657e-7  ‖vε - vref‖ = 1.6278058801929023  α = 0.00286
 98   -37.31390054112      -12.30       -5.04    4.45s
    ‖ρε - ρref‖ = 0.00021069159066538105 ‖Δρ‖ = 1.8356908973769034e-6  ‖vε - vref‖ = 1.6278061206042422  α = 0.00342
 99   -37.31390054112      -12.49       -5.45    4.40s
    ‖ρε - ρref‖ = 0.00021080919938376715 ‖Δρ‖ = 8.066411126045543e-7  ‖vε - vref‖ = 1.6278061236725154  α = 0.00639
 100   -37.31390054112      -12.53       -5.60    4.10s
    ‖ρε - ρref‖ = 0.00021083648102960458 ‖Δρ‖ = 5.864712330853189e-7  ‖vε - vref‖ = 1.627806129291747  α = 0.00835
 101   -37.31390054112      -12.43       -5.95    4.31s
    ‖ρε - ρref‖ = 0.0002108617102517832 ‖Δρ‖ = 1.9877051249799185e-7  ‖vε - vref‖ = 1.6278067491837824  α = 0.0284
 102   -37.31390054112      -12.63       -5.74    4.19s
    ‖ρε - ρref‖ = 0.0002108394830379644 ‖Δρ‖ = 3.7364928915954265e-7  ‖vε - vref‖ = 1.627806004897472  α = 0.0121

#-- ‖ρε - ρref‖ = 0.00021085347574087177 vs. 5.62341325190349e-7 = δ*ε ‖vε - vref‖ = 1.6278055004018697


# --- ε=3.1622776601683795e-5

n     Energy            log10(ΔE)   log10(Δρ)   Δtime 
---   ---------------   ---------   ---------   ------
  1   -37.31357971013                   -0.11    7.09s
    ‖ρε - ρref‖ = 0.3951573762487653 ‖Δρ‖ = 0.39505842780885764  ‖vε - vref‖ = 2.3887499681273985  α = 0.000216
  2   -37.31359293209       -4.88       -1.05    3.67s
    ‖ρε - ρref‖ = 0.03478595797327352 ‖Δρ‖ = 0.034762565958694314  ‖vε - vref‖ = 2.156378635999363  α = 0.000699
  3   -37.31360604137       -4.88       -0.91    4.45s
    ‖ρε - ρref‖ = 0.05004892037302907 ‖Δρ‖ = 0.05001201656327682  ‖vε - vref‖ = 1.8631421406642343  α = 0.000517
  4   -37.31361579742       -5.01       -1.46    3.79s
    ‖ρε - ρref‖ = 0.008777141623978753 ‖Δρ‖ = 0.008749844039040082  ‖vε - vref‖ = 1.6884174869478263  α = 0.00262
  5   -37.31361832483       -5.60       -1.98    4.34s
    ‖ρε - ρref‖ = 0.0029285020769667797 ‖Δρ‖ = 0.0029031741642136922  ‖vε - vref‖ = 1.6547507001930544  α = 0.00386
  6   -37.31362184382       -5.45       -1.72    4.48s
    ‖ρε - ρref‖ = 0.004039578497401587 ‖Δρ‖ = 0.004014326923741977  ‖vε - vref‖ = 1.5986606655774853  α = 0.0034
  7   -37.31362293410       -5.96       -2.11    3.91s
    ‖ρε - ρref‖ = 0.001786843492674985 ‖Δρ‖ = 0.0017752937791378827  ‖vε - vref‖ = 1.5822418612250082  α = 0.00426
  8   -37.31362318726       -6.60       -2.34    4.50s
    ‖ρε - ρref‖ = 0.0012117288700821203 ‖Δρ‖ = 0.0012040794545436376  ‖vε - vref‖ = 1.5798540402559018  α = 0.00311
  9   -37.31362348327       -6.53       -2.56    4.65s
    ‖ρε - ρref‖ = 0.0006420226576749807 ‖Δρ‖ = 0.0006246306596573913  ‖vε - vref‖ = 1.578152078427273  α = 0.00633
 10   -37.31362360183       -6.93       -2.57    4.14s
    ‖ρε - ρref‖ = 0.0006861232000729371 ‖Δρ‖ = 0.0006737699410994887  ‖vε - vref‖ = 1.5784201785276577  α = 0.00379
 11   -37.31362376144       -6.80       -2.83    3.71s
    ‖ρε - ρref‖ = 0.0003384484195690992 ‖Δρ‖ = 0.0003069394009805721  ‖vε - vref‖ = 1.5798960213058364  α = 0.00917
 12   -37.31362377498       -7.87       -2.25    4.04s
    ‖ρε - ρref‖ = 0.0026722315054020064 ‖Δρ‖ = 0.002771331358864809  ‖vε - vref‖ = 1.579460616978113  α = 0.000273
 13   -37.31362384648       -7.15       -2.77    4.43s
    ‖ρε - ρref‖ = 0.0004223253413702445 ‖Δρ‖ = 0.0003966396456936665  ‖vε - vref‖ = 1.5804825872868413  α = 0.00496
 14   -37.31362385311       -8.18       -2.39    3.98s
    ‖ρε - ρref‖ = 0.0020227423097687347 ‖Δρ‖ = 0.0020218314847470424  ‖vε - vref‖ = 1.5804075425958661  α = 0.000249
 15   -37.31362387570       -7.65       -2.97    4.05s
    ‖ρε - ρref‖ = 0.00029061123392408954 ‖Δρ‖ = 0.0002718504891689643  ‖vε - vref‖ = 1.5808588788768863  α = 0.00406
 16   -37.31362390303       -7.56       -2.72    3.86s
    ‖ρε - ρref‖ = 0.0004289967428558584 ‖Δρ‖ = 0.00039474726258993534  ‖vε - vref‖ = 1.5822239323341891  α = 0.003
 17   -37.31362391758       -7.84       -3.25    4.45s
    ‖ρε - ρref‖ = 0.0001916545703749185 ‖Δρ‖ = 0.00014743708993169208  ‖vε - vref‖ = 1.5829277677692029  α = 0.00565
 18   -37.31362392784       -7.99       -2.93    4.51s
    ‖ρε - ρref‖ = 0.00033406272231412034 ‖Δρ‖ = 0.00031475134450522567  ‖vε - vref‖ = 1.5833888139797478  α = 0.0023
 19   -37.31362394650       -7.73       -3.42    4.12s
    ‖ρε - ρref‖ = 0.00013497290888625762 ‖Δρ‖ = 7.177302602764307e-5  ‖vε - vref‖ = 1.5844647144970974  α = 0.0138
 20   -37.31362395122       -8.33       -3.23    4.36s
    ‖ρε - ρref‖ = 0.00019556386011623274 ‖Δρ‖ = 0.00014802260465727706  ‖vε - vref‖ = 1.584838995340572  α = 0.00343
 21   -37.31362396164       -7.98       -3.37    4.54s
    ‖ρε - ρref‖ = 0.00015197684432487015 ‖Δρ‖ = 8.216746703768887e-5  ‖vε - vref‖ = 1.5857568987721165  α = 0.00883
 22   -37.31362396796       -8.20       -3.26    4.02s
    ‖ρε - ρref‖ = 0.00016978194391861553 ‖Δρ‖ = 0.00012657474662735013  ‖vε - vref‖ = 1.586129188143975  α = 0.0043
 23   -37.31362397205       -8.39       -3.54    4.75s
    ‖ρε - ρref‖ = 0.000131509058978148 ‖Δρ‖ = 7.213539504718202e-5  ‖vε - vref‖ = 1.586275437347883  α = 0.00638
 24   -37.31362397394       -8.72       -3.39    4.42s
    ‖ρε - ρref‖ = 9.140646368469322e-5 ‖Δρ‖ = 0.00012937680299418927  ‖vε - vref‖ = 1.5863256536306167  α = 0.00223
 25   -37.31362398132       -8.13       -2.57    3.99s
    ‖ρε - ρref‖ = 0.0005718625554340323 ‖Δρ‖ = 0.0005140553541078651  ‖vε - vref‖ = 1.5867665005157503  α = 0.00111
 26   -37.31362398167       -9.44       -3.49    4.01s
    ‖ρε - ρref‖ = 0.00019622662719843113 ‖Δρ‖ = 0.00014705610433908247  ‖vε - vref‖ = 1.5868041644343638  α = 0.000788
 27   -37.31362398409       -8.62       -3.18    4.32s
    ‖ρε - ρref‖ = 0.00021954986122009972 ‖Δρ‖ = 0.00016811249587531633  ‖vε - vref‖ = 1.5870584060476822  α = 0.00211
 28   -37.31362398698       -8.54       -3.82    3.81s
    ‖ρε - ρref‖ = 0.00012496570016948475 ‖Δρ‖ = 3.305772910447796e-5  ‖vε - vref‖ = 1.5872267471201813  α = 0.0112
 29   -37.31362398813       -8.94       -3.38    3.90s
    ‖ρε - ρref‖ = 0.00014743956050529763 ‖Δρ‖ = 0.00010683677599853429  ‖vε - vref‖ = 1.5872396800902642  α = 0.00225
 30   -37.31362399147       -8.48       -3.67    4.01s
    ‖ρε - ρref‖ = 0.00012562605048946278 ‖Δρ‖ = 4.296601824251513e-5  ‖vε - vref‖ = 1.5873410561402812  α = 0.00918
 31   -37.31362399233       -9.06       -3.54    4.14s
    ‖ρε - ρref‖ = 0.00015234798847895423 ‖Δρ‖ = 8.971189495491204e-5  ‖vε - vref‖ = 1.5873654926615086  α = 0.0022
 32   -37.31362399385       -8.82       -3.70    3.95s
    ‖ρε - ρref‖ = 0.0001312345945330273 ‖Δρ‖ = 4.5708848174590475e-5  ‖vε - vref‖ = 1.5874274401629485  α = 0.00597
 33   -37.31362399547       -8.79       -3.83    4.34s
    ‖ρε - ρref‖ = 0.0001225028643231035 ‖Δρ‖ = 2.7927106536508086e-5  ‖vε - vref‖ = 1.587417118666597  α = 0.0102
 34   -37.31362399603       -9.25       -3.66    4.59s
    ‖ρε - ρref‖ = 0.00013159251798314068 ‖Δρ‖ = 5.209075439941459e-5  ‖vε - vref‖ = 1.5873996479878958  α = 0.00334
 35   -37.31362399687       -9.07       -3.80    4.00s
    ‖ρε - ρref‖ = 0.00012619214135022012 ‖Δρ‖ = 3.1040703411066665e-5  ‖vε - vref‖ = 1.5873442232062405  α = 0.00674
 36   -37.31362399696      -10.04       -3.79    3.93s
    ‖ρε - ρref‖ = 7.789650567524364e-5 ‖Δρ‖ = 6.72492926083522e-5  ‖vε - vref‖ = 1.5873119724101008  α = 0.000925
 37   -37.31362399787       -9.04       -3.50    4.19s
    ‖ρε - ρref‖ = 0.00015119976772221276 ‖Δρ‖ = 7.04760691233044e-5  ‖vε - vref‖ = 1.5871217155362105  α = 0.00292
 38   -37.31362399796      -10.07       -3.54    4.24s
    ‖ρε - ρref‖ = 0.0001710049522361773 ‖Δρ‖ = 0.0001175505713097633  ‖vε - vref‖ = 1.5871027208946644  α = 0.000489
 39   -37.31362399830       -9.46       -3.53    4.52s
    ‖ρε - ρref‖ = 0.00013559276915395334 ‖Δρ‖ = 7.597914823571758e-5  ‖vε - vref‖ = 1.5870058720975018  α = 0.00173
 40   -37.31362399891       -9.21       -4.10    3.93s
    ‖ρε - ρref‖ = 0.00011795460303642025 ‖Δρ‖ = 1.5900662789303313e-5  ‖vε - vref‖ = 1.5867961893328646  α = 0.0111
 41   -37.31362399927       -9.45       -4.42    3.71s
    ‖ρε - ρref‖ = 0.00012018100320515823 ‖Δρ‖ = 8.850321201048005e-6  ‖vε - vref‖ = 1.5867427376455523  α = 0.015
 42   -37.31362399946       -9.72       -3.76    4.16s
    ‖ρε - ρref‖ = 0.00013430758542951066 ‖Δρ‖ = 4.632049171811665e-5  ‖vε - vref‖ = 1.5867280599093396  α = 0.00211
 43   -37.31362399975       -9.54       -4.10    4.70s
    ‖ρε - ρref‖ = 0.00011869893602354719 ‖Δρ‖ = 1.7893042827612638e-5  ‖vε - vref‖ = 1.586675946991888  α = 0.00673
 44   -37.31362399987       -9.91       -4.07    4.33s
    ‖ρε - ρref‖ = 0.0001205093478783907 ‖Δρ‖ = 2.4579509467371356e-5  ‖vε - vref‖ = 1.586667101062867  α = 0.00306
 45   -37.31362400014       -9.58       -4.02    4.23s
    ‖ρε - ρref‖ = 0.0001224100603078944 ‖Δρ‖ = 1.9711891906867953e-5  ‖vε - vref‖ = 1.5866700292557678  α = 0.00555
 46   -37.31362400036       -9.64       -4.35    4.52s
    ‖ρε - ρref‖ = 0.00012163481093626833 ‖Δρ‖ = 9.271606250699478e-6  ‖vε - vref‖ = 1.586720326168072  α = 0.0115
 47   -37.31362400055       -9.73       -4.06    4.37s
    ‖ρε - ρref‖ = 0.00011982880207929306 ‖Δρ‖ = 1.7801448137939532e-5  ‖vε - vref‖ = 1.5867270565353069  α = 0.00553
 48   -37.31362400068       -9.88       -3.92    4.75s
    ‖ρε - ρref‖ = 0.00012355796507822913 ‖Δρ‖ = 2.4711181511755748e-5  ‖vε - vref‖ = 1.586726198030959  α = 0.0034
 49   -37.31362400070      -10.87       -3.81    4.83s
    ‖ρε - ρref‖ = 7.516486513470368e-5 ‖Δρ‖ = 6.83153144394516e-5  ‖vε - vref‖ = 1.586720531996736  α = 0.000352
 50   -37.31362400086       -9.79       -4.29    3.99s
    ‖ρε - ρref‖ = 0.00011958448993321027 ‖Δρ‖ = 1.2136967750975342e-5  ‖vε - vref‖ = 1.5867359890359447  α = 0.00667
 51   -37.31362400096       -9.99       -3.19    4.33s
    ‖ρε - ρref‖ = 0.0002305946602176925 ‖Δρ‖ = 0.0001803382506643765  ‖vε - vref‖ = 1.5867489023220647  α = 0.000361
 52   -37.31362400110       -9.86       -4.20    4.67s
    ‖ρε - ρref‖ = 0.00012028109147058967 ‖Δρ‖ = 1.5267599127104714e-5  ‖vε - vref‖ = 1.5867511171038922  α = 0.00522
 53   -37.31362400120      -10.02       -4.25    4.25s
    ‖ρε - ρref‖ = 0.0001197986672460851 ‖Δρ‖ = 1.3337891014820088e-5  ‖vε - vref‖ = 1.5867558115308207  α = 0.00534
 54   -37.31362400137       -9.75       -4.39    4.66s
    ‖ρε - ρref‖ = 0.00011985396181908483 ‖Δρ‖ = 7.4819497571271476e-6  ‖vε - vref‖ = 1.5867810001811022  α = 0.0124
 55   -37.31362400145      -10.13       -4.12    4.00s
    ‖ρε - ρref‖ = 0.00011841432891982488 ‖Δρ‖ = 1.9389267611861084e-5  ‖vε - vref‖ = 1.5867825355525005  α = 0.00314
 56   -37.31362400156       -9.95       -4.04    3.87s
    ‖ρε - ρref‖ = 0.00012131428861031762 ‖Δρ‖ = 1.9432809899296814e-5  ‖vε - vref‖ = 1.5868011525960068  α = 0.00383
 57   -37.31362400164      -10.12       -4.45    3.99s
    ‖ρε - ρref‖ = 0.00012094984837683453 ‖Δρ‖ = 8.168564471354253e-6  ‖vε - vref‖ = 1.5868236786388437  α = 0.00723
 58   -37.31362400173      -10.02       -3.96    4.48s
    ‖ρε - ρref‖ = 0.00012409626592936585 ‖Δρ‖ = 2.3245986066871868e-5  ‖vε - vref‖ = 1.5868512272529853  α = 0.00291
 59   -37.31362400180      -10.16       -4.68    4.01s
    ‖ρε - ρref‖ = 0.00011888518857125046 ‖Δρ‖ = 4.167143189336678e-6  ‖vε - vref‖ = 1.5868374524451632  α = 0.0143
 60   -37.31362400186      -10.20       -4.43    4.78s
    ‖ρε - ρref‖ = 0.00012286552554032209 ‖Δρ‖ = 7.870025330241632e-6  ‖vε - vref‖ = 1.5868379784871351  α = 0.00704
 61   -37.31362400189      -10.61       -3.47    4.02s
    ‖ρε - ρref‖ = 9.295241251766936e-5 ‖Δρ‖ = 0.00010231234432609432  ‖vε - vref‖ = 1.5868287080996322  α = 0.000325
 62   -37.31362400193      -10.44       -4.06    4.72s
    ‖ρε - ρref‖ = 0.00012167711148275709 ‖Δρ‖ = 2.170114336396213e-5  ‖vε - vref‖ = 1.5868248282227668  α = 0.00194
 63   -37.31362400194      -10.80       -3.63    4.17s
    ‖ρε - ρref‖ = 0.0001547429130920797 ‖Δρ‖ = 7.50244834829777e-5  ‖vε - vref‖ = 1.5868247893805243  α = 0.000341
 64   -37.31362400201      -10.19       -4.49    4.34s
    ‖ρε - ρref‖ = 0.0001195362072240152 ‖Δρ‖ = 6.51889716443246e-6  ‖vε - vref‖ = 1.5868040085001356  α = 0.00852
 65   -37.31362400206      -10.24       -4.55    4.73s
    ‖ρε - ρref‖ = 0.0001185715322630493 ‖Δρ‖ = 5.837590858853339e-6  ‖vε - vref‖ = 1.586767112442971  α = 0.00916
 66   -37.31362400211      -10.34       -4.50    4.30s
    ‖ρε - ρref‖ = 0.00011987734915207813 ‖Δρ‖ = 6.981308690168703e-6  ‖vε - vref‖ = 1.5867535859531168  α = 0.00693
 67   -37.31362400215      -10.34       -4.34    3.89s
    ‖ρε - ρref‖ = 0.00011970432110025511 ‖Δρ‖ = 9.086218707784321e-6  ‖vε - vref‖ = 1.5867469058459804  α = 0.00532
 68   -37.31362400218      -10.56       -4.27    4.26s
    ‖ρε - ρref‖ = 0.00012137359355784673 ‖Δρ‖ = 1.3214570507239684e-5  ‖vε - vref‖ = 1.5867481195829913  α = 0.00279
 69   -37.31362400223      -10.35       -4.36    5.00s
    ‖ρε - ρref‖ = 0.00011903470946246616 ‖Δρ‖ = 9.091478114092484e-6  ‖vε - vref‖ = 1.5867405520782625  α = 0.00485
 70   -37.31362400225      -10.62       -4.60    4.14s
    ‖ρε - ρref‖ = 0.00011973102287738194 ‖Δρ‖ = 6.1277877061528565e-6  ‖vε - vref‖ = 1.586751326722487  α = 0.00552
 71   -37.31362400228      -10.49       -4.28    4.31s
    ‖ρε - ρref‖ = 0.00012116630064724434 ‖Δρ‖ = 1.1828879164126883e-5  ‖vε - vref‖ = 1.586771268636579  α = 0.00334
 72   -37.31362400229      -11.08       -4.57    4.63s
    ‖ρε - ρref‖ = 0.00012644206935973092 ‖Δρ‖ = 9.404666817673462e-6  ‖vε - vref‖ = 1.586779074500956  α = 0.00208
 73   -37.31362400232      -10.60       -3.79    3.79s
    ‖ρε - ρref‖ = 0.00011446076668005068 ‖Δρ‖ = 3.851880250980044e-5  ‖vε - vref‖ = 1.5867856833314846  α = 0.000886
 74   -37.31362400232      -11.42       -4.35    4.26s
    ‖ρε - ρref‖ = 0.00011672002744948285 ‖Δρ‖ = 1.9176764410580333e-5  ‖vε - vref‖ = 1.5867859447151875  α = 0.000628
 75   -37.31362400235      -10.53       -4.20    3.94s
    ‖ρε - ρref‖ = 0.0001212068643554591 ‖Δρ‖ = 1.3674805493320122e-5  ‖vε - vref‖ = 1.5867948222146575  α = 0.00279
 76   -37.31362400238      -10.57       -4.27    3.79s
    ‖ρε - ρref‖ = 0.00012011057567533271 ‖Δρ‖ = 1.0874601800423249e-5  ‖vε - vref‖ = 1.58679875503434  α = 0.00348
 77   -37.31362400242      -10.32       -4.80    3.84s
    ‖ρε - ρref‖ = 0.00011908683685582124 ‖Δρ‖ = 2.6635317279434227e-6  ‖vε - vref‖ = 1.5867824580216912  α = 0.0176
 78   -37.31362400244      -10.84       -4.78    4.20s
    ‖ρε - ρref‖ = 0.00012035981606983107 ‖Δρ‖ = 4.0760887036851396e-6  ‖vε - vref‖ = 1.5867876727047439  α = 0.00666
 79   -37.31362400245      -10.99       -4.65    4.24s
    ‖ρε - ρref‖ = 0.00011954364737213793 ‖Δρ‖ = 5.308876825691079e-6  ‖vε - vref‖ = 1.5867881218605742  α = 0.00439
 80   -37.31362400246      -10.87       -4.54    4.19s
    ‖ρε - ρref‖ = 0.00011987286088088556 ‖Δρ‖ = 6.650660255676618e-6  ‖vε - vref‖ = 1.5867892117065572  α = 0.00382
 81   -37.31362400248      -10.72       -4.50    3.88s
    ‖ρε - ρref‖ = 0.00011855471954710584 ‖Δρ‖ = 6.805531762786365e-6  ‖vε - vref‖ = 1.5867815663344873  α = 0.00449
 82   -37.31362400249      -11.09       -4.79    4.12s
    ‖ρε - ρref‖ = 0.00011942255551651812 ‖Δρ‖ = 4.078234920890449e-6  ‖vε - vref‖ = 1.586783003663074  α = 0.00492
 83   -37.31362400250      -11.05       -4.51    4.45s
    ‖ρε - ρref‖ = 0.00011825683523534252 ‖Δρ‖ = 7.184605773105919e-6  ‖vε - vref‖ = 1.5867846564305166  α = 0.00283
 84   -37.31362400250      -11.79       -4.12    4.37s
    ‖ρε - ρref‖ = 0.0001433022026014384 ‖Δρ‖ = 2.918758376099921e-5  ‖vε - vref‖ = 1.5867871289160278  α = 0.000284
 85   -37.31362400251      -11.24       -4.84    4.63s
    ‖ρε - ρref‖ = 0.00012016249361038063 ‖Δρ‖ = 3.710622692851353e-6  ‖vε - vref‖ = 1.5867894258302073  α = 0.00433
 86   -37.31362400251      -11.24       -3.88    4.07s
    ‖ρε - ρref‖ = 0.00011903567177364232 ‖Δρ‖ = 3.412939230105318e-5  ‖vε - vref‖ = 1.586789776432296  α = 0.000446
 87   -37.31362400252      -11.22       -4.87    4.03s
    ‖ρε - ρref‖ = 0.00011950021603111017 ‖Δρ‖ = 3.3502768175034594e-6  ‖vε - vref‖ = 1.586790846599701  α = 0.00531
 88   -37.31362400252      -11.14       -4.67    4.09s
    ‖ρε - ρref‖ = 0.00011960287455985713 ‖Δρ‖ = 4.363838127917372e-6  ‖vε - vref‖ = 1.5867920470959487  α = 0.00453
 89   -37.31362400254      -10.97       -5.00    4.16s
    ‖ρε - ρref‖ = 0.00011945574419274771 ‖Δρ‖ = 1.8034117059993707e-6  ‖vε - vref‖ = 1.5867937067843814  α = 0.0128
 90   -37.31362400254      -11.04       -5.01    4.30s
    ‖ρε - ρref‖ = 0.0001195210416025428 ‖Δρ‖ = 2.138207247355826e-6  ‖vε - vref‖ = 1.5867941695117813  α = 0.00979
 91   -37.31362400255      -11.69       -4.84    4.36s
    ‖ρε - ρref‖ = 0.00011908460070111004 ‖Δρ‖ = 4.013711640652312e-6  ‖vε - vref‖ = 1.586793299820143  α = 0.00259
 92   -37.31362400255      -11.39       -5.00    4.21s
    ‖ρε - ρref‖ = 0.00011957275838592486 ‖Δρ‖ = 2.4398801520183376e-6  ‖vε - vref‖ = 1.5867949750474384  α = 0.00553
 93   -37.31362400256      -11.22       -4.76    4.24s
    ‖ρε - ρref‖ = 0.00011951673251672363 ‖Δρ‖ = 3.487831777812042e-6  ‖vε - vref‖ = 1.5867949808791821  α = 0.00492
 94   -37.31362400256      -11.77       -4.98    4.35s
    ‖ρε - ρref‖ = 0.00011987657320585912 ‖Δρ‖ = 3.0414601122213396e-6  ‖vε - vref‖ = 1.586795765631479  α = 0.00308
 95   -37.31362400256      -12.18       -4.71    4.60s
    ‖ρε - ρref‖ = 0.00011412743491042996 ‖Δρ‖ = 7.63318673035499e-6  ‖vε - vref‖ = 1.586794879470137  α = 0.000692
 96   -37.31362400256      -11.53       -4.56    4.62s
    ‖ρε - ρref‖ = 0.00012152657723478313 ‖Δρ‖ = 7.2529794374629794e-6  ‖vε - vref‖ = 1.586797240859274  α = 0.00161
 97   -37.31362400256      -12.34       -4.66    4.47s
    ‖ρε - ρref‖ = 0.00012263165945373107 ‖Δρ‖ = 9.413240516648305e-6  ‖vε - vref‖ = 1.5867979261723244  α = 0.000446
 98   -37.31362400257      -11.37       -4.76    4.78s
    ‖ρε - ρref‖ = 0.00011919395815493339 ‖Δρ‖ = 3.434731643288685e-6  ‖vε - vref‖ = 1.5867994885716474  α = 0.0041
 99   -37.31362400257      -11.76       -5.18    4.41s
    ‖ρε - ρref‖ = 0.00011927964432392055 ‖Δρ‖ = 1.5316919727487976e-6  ‖vε - vref‖ = 1.5867988568765088  α = 0.00629
 100   -37.31362400257      -11.65       -4.92    4.19s
    ‖ρε - ρref‖ = 0.00011947987060898055 ‖Δρ‖ = 2.375292473738457e-6  ‖vε - vref‖ = 1.5867997831317215  α = 0.00458
 101   -37.31362400257      -11.75       -5.11    4.21s
    ‖ρε - ρref‖ = 0.00011987105723458315 ‖Δρ‖ = 1.546673463978093e-6  ‖vε - vref‖ = 1.5868050084831866  α = 0.00624
 102   -37.31362400257      -11.70       -5.55    4.81s
    ‖ρε - ρref‖ = 0.00011949022806039286 ‖Δρ‖ = 5.390672415832411e-7  ‖vε - vref‖ = 1.5868030914638336  α = 0.0183
 103   -37.31362400258      -12.19       -4.99    4.68s
    ‖ρε - ρref‖ = 0.00011911849069034707 ‖Δρ‖ = 2.4887647783273775e-6  ‖vε - vref‖ = 1.5868010773729846  α = 0.00237
 104   -37.31362400258      -12.00       -5.20    4.58s
    ‖ρε - ρref‖ = 0.00011937594689005625 ‖Δρ‖ = 1.5204591497242865e-6  ‖vε - vref‖ = 1.586798790535226  α = 0.0044
 105   -37.31362400258      -12.11       -5.36    4.12s
    ‖ρε - ρref‖ = 0.00011936948515136177 ‖Δρ‖ = 1.0860878184872768e-6  ‖vε - vref‖ = 1.5867955213659712  α = 0.00594
 106   -37.31362400258      -12.32       -5.02    4.78s
    ‖ρε - ρref‖ = 0.00012110472666204615 ‖Δρ‖ = 2.8845142690496836e-6  ‖vε - vref‖ = 1.5867947323467853  α = 0.00157
 107   -37.31362400258      -12.14       -4.44    4.35s
    ‖ρε - ρref‖ = 0.00011501753010992476 ‖Δρ‖ = 9.51190245556769e-6  ‖vε - vref‖ = 1.5867913143636718  α = 0.000608
 108   -37.31362400258      -12.40       -4.99    4.13s
    ‖ρε - ρref‖ = 0.00011894726421552157 ‖Δρ‖ = 3.3142220298912546e-6  ‖vε - vref‖ = 1.586789912807226  α = 0.00126
 109   -37.31362400258      -12.26       -4.55    4.83s
    ‖ρε - ρref‖ = 0.00012165819800988368 ‖Δρ‖ = 7.996848149135484e-6  ‖vε - vref‖ = 1.5867886879680044  α = 0.000624
 110   -37.31362400258      -11.87       -5.29    4.20s
    ‖ρε - ρref‖ = 0.0001195596807082414 ‖Δρ‖ = 9.914959133653247e-7  ‖vε - vref‖ = 1.5867862554559622  α = 0.00817
 111   -37.31362400258      -12.09       -5.48    3.94s
    ‖ρε - ρref‖ = 0.00011943749912899217 ‖Δρ‖ = 7.220711026809599e-7  ‖vε - vref‖ = 1.5867850836732422  α = 0.00887
 112   -37.31362400258      -12.31       -5.24    4.28s
    ‖ρε - ρref‖ = 0.00011949282993902086 ‖Δρ‖ = 1.4973978916318643e-6  ‖vε - vref‖ = 1.5867846646013952  α = 0.00338
 113   -37.31362400258      -11.97       -5.52    4.70s
    ‖ρε - ρref‖ = 0.00011948534364260728 ‖Δρ‖ = 6.376631314776088e-7  ‖vε - vref‖ = 1.586784688889256  α = 0.0109
 114   -37.31362400258      -12.22       -5.61    3.97s
    ‖ρε - ρref‖ = 0.00011946776793877449 ‖Δρ‖ = 5.946492069031908e-7  ‖vε - vref‖ = 1.5867847647727544  α = 0.00875
 115   -37.31362400258      -12.51       -5.36    4.28s
    ‖ρε - ρref‖ = 0.00011931861217800757 ‖Δρ‖ = 1.1587031809886964e-6  ‖vε - vref‖ = 1.5867841908460205  α = 0.00347
 116   -37.31362400258      -12.18       -5.22    3.79s
    ‖ρε - ρref‖ = 0.00011952556052726938 ‖Δρ‖ = 1.3307251481900214e-6  ‖vε - vref‖ = 1.5867846649473594  α = 0.00418
 117   -37.31362400258      -12.92       -5.62    3.75s
    ‖ρε - ρref‖ = 0.00011931442145028922 ‖Δρ‖ = 7.014054445314609e-7  ‖vε - vref‖ = 1.586785368481353  α = 0.00378
 118   -37.31362400258      -13.30       -4.85    3.82s
    ‖ρε - ρref‖ = 0.00012334241710163348 ‖Δρ‖ = 5.0232220158248165e-6  ‖vε - vref‖ = 1.5867862931194245  α = 0.000358
 119   -37.31362400259      -12.79       -5.37    3.74s
    ‖ρε - ρref‖ = 0.0001195851484923676 ‖Δρ‖ = 1.2471039461651424e-6  ‖vε - vref‖ = 1.5867873368264584  α = 0.00207
 120   -37.31362400259      -13.15       -4.98    4.19s
    ‖ρε - ρref‖ = 0.0001183751206492791 ‖Δρ‖ = 3.883425136962866e-6  ‖vε - vref‖ = 1.5867876032464796  α = 0.000381
 121   -37.31362400259      -12.59       -5.47    4.28s
    ‖ρε - ρref‖ = 0.00011944329525886235 ‖Δρ‖ = 7.522666948429362e-7  ‖vε - vref‖ = 1.5867887699965995  α = 0.00492
 122   -37.31362400259      -12.62       -5.59    4.45s
    ‖ρε - ρref‖ = 0.00011940602394868809 ‖Δρ‖ = 6.189990585720241e-7  ‖vε - vref‖ = 1.58678949289544  α = 0.00554
 123   -37.31362400259      -12.38       -5.64    3.85s
    ‖ρε - ρref‖ = 0.000119505884818868 ‖Δρ‖ = 4.221071663382899e-7  ‖vε - vref‖ = 1.5867931040077161  α = 0.0108
 124   -37.31362400259      -12.79       -5.61    4.60s
    ‖ρε - ρref‖ = 0.00011952780068367161 ‖Δρ‖ = 6.531209568250868e-7  ‖vε - vref‖ = 1.5867939653658003  α = 0.00402
 125   -37.31362400259      -12.69       -5.58    4.28s
    ‖ρε - ρref‖ = 0.00011947611308517723 ‖Δρ‖ = 5.535782916859173e-7  ‖vε - vref‖ = 1.5867946486595255  α = 0.00571
 126   -37.31362400259      -12.73       -5.68    4.66s
    ‖ρε - ρref‖ = 0.00011946112561472473 ‖Δρ‖ = 3.6919640189738664e-7  ‖vε - vref‖ = 1.5867949480292347  α = 0.00899
 127   -37.31362400259      -13.00       -5.74    4.51s
    ‖ρε - ρref‖ = 0.00011940068346114472 ‖Δρ‖ = 4.591602729154555e-7  ‖vε - vref‖ = 1.5867945037461786  α = 0.00439
 128   -37.31362400259      -12.81       -5.43    4.74s
    ‖ρε - ρref‖ = 0.0001194763945079351 ‖Δρ‖ = 7.166213281432086e-7  ‖vε - vref‖ = 1.586794233901253  α = 0.00415
 129   -37.31362400259      -12.94       -6.02    3.83s
    ‖ρε - ρref‖ = 0.00011935245992628092 ‖Δρ‖ = 2.3553749886061198e-7  ‖vε - vref‖ = 1.586793864440239  α = 0.00795
 130   -37.31362400259      -13.45       -4.72    3.81s
    ‖ρε - ρref‖ = 0.00012203449801929353 ‖Δρ‖ = 4.688191737131709e-6  ‖vε - vref‖ = 1.5867941077669223  α = 0.000427
 131   -37.31362400259      -13.37       -5.70    4.22s
    ‖ρε - ρref‖ = 0.0001196810343879373 ‖Δρ‖ = 7.340042437061069e-7  ‖vε - vref‖ = 1.5867941955321962  α = 0.0013
 132   -37.31362400259      -12.97       -5.14    3.98s
    ‖ρε - ρref‖ = 0.00011924879675837908 ‖Δρ‖ = 1.4481168969211854e-6  ‖vε - vref‖ = 1.5867940656408857  α = 0.00148
 133   -37.31362400259      -13.25       -5.85    4.24s
    ‖ρε - ρref‖ = 0.00011948493279048945 ‖Δρ‖ = 3.708733655567674e-7  ‖vε - vref‖ = 1.5867940149957014  α = 0.00385
 134   -37.31362400259      -13.37       -5.75    3.74s
    ‖ρε - ρref‖ = 0.00011944865796970117 ‖Δρ‖ = 4.334986466409836e-7  ‖vε - vref‖ = 1.5867939124216477  α = 0.00377
 135   -37.31362400259      -12.92       -5.94    3.62s
    ‖ρε - ρref‖ = 0.00011950131178040376 ‖Δρ‖ = 2.291905033228692e-7  ‖vε - vref‖ = 1.586794142383748  α = 0.00963
 136   -37.31362400259      -13.19       -5.68    3.66s
    ‖ρε - ρref‖ = 0.0001194734188198001 ‖Δρ‖ = 4.5439881733764596e-7  ‖vε - vref‖ = 1.5867941820389964  α = 0.00405
 137   -37.31362400259      -13.55       -6.11    4.09s
    ‖ρε - ρref‖ = 0.00011943835942898205 ‖Δρ‖ = 1.6816631581006997e-7  ‖vε - vref‖ = 1.5867934221252347  α = 0.00915
 138   -37.31362400259      -13.85       -5.85    4.24s
    ‖ρε - ρref‖ = 0.00011944720863868076 ‖Δρ‖ = 3.051205725751896e-7  ‖vε - vref‖ = 1.5867930958856808  α = 0.00469

#-- ‖ρε - ρref‖ = 0.00011947099866883524 vs. 3.1622776601683797e-7 = δ*ε ‖vε - vref‖ = 1.5867931939498825


# --- ε=1.778279410038923e-5

n     Energy            log10(ΔE)   log10(Δρ)   Δtime 
---   ---------------   ---------   ---------   ------
  1   -37.31344059388                   -0.11    6.66s
    ‖ρε - ρref‖ = 0.3953132008044564 ‖Δρ‖ = 0.39525759116358733  ‖vε - vref‖ = 2.4147057530196134  α = 0.000122
  2   -37.31344818594       -5.12       -1.05    3.57s
    ‖ρε - ρref‖ = 0.034743667606314164 ‖Δρ‖ = 0.0347303675167773  ‖vε - vref‖ = 2.177192723845596  α = 0.000398
  3   -37.31345571935       -5.12       -0.90    3.55s
    ‖ρε - ρref‖ = 0.05074008175111788 ‖Δρ‖ = 0.05071909214650125  ‖vε - vref‖ = 1.876002401902853  α = 0.000291
  4   -37.31346149799       -5.24       -1.45    3.62s
    ‖ρε - ρref‖ = 0.00892526498850439 ‖Δρ‖ = 0.00890979244099615  ‖vε - vref‖ = 1.684358272761387  α = 0.00149
  5   -37.31346312267       -5.79       -1.96    3.90s
    ‖ρε - ρref‖ = 0.002987311385315996 ‖Δρ‖ = 0.0029730674095846247  ‖vε - vref‖ = 1.6399394047645353  α = 0.00227
  6   -37.31346536817       -5.65       -1.68    4.13s
    ‖ρε - ρref‖ = 0.004385823257372743 ‖Δρ‖ = 0.004371616689026433  ‖vε - vref‖ = 1.5663819809999313  α = 0.00188
  7   -37.31346607797       -6.15       -2.09    3.86s
    ‖ρε - ρref‖ = 0.0018977905256707748 ‖Δρ‖ = 0.0018920120325797189  ‖vε - vref‖ = 1.5431023868776894  α = 0.00243
  8   -37.31346625459       -6.75       -2.30    4.18s
    ‖ρε - ρref‖ = 0.0012989453800702157 ‖Δρ‖ = 0.0012959055450134384  ‖vε - vref‖ = 1.5387562052350268  α = 0.00181
  9   -37.31346647788       -6.65       -2.50    4.33s
    ‖ρε - ρref‖ = 0.0007150987065834269 ‖Δρ‖ = 0.0007078941020836018  ‖vε - vref‖ = 1.5341000723510358  α = 0.00367
 10   -37.31346657198       -7.03       -2.50    4.38s
    ‖ρε - ρref‖ = 0.0007825398586258931 ‖Δρ‖ = 0.0007780956853959101  ‖vε - vref‖ = 1.5330850680030266  α = 0.0022
 11   -37.31346670819       -6.87       -2.74    3.63s
    ‖ρε - ρref‖ = 0.0003892352447650748 ‖Δρ‖ = 0.00037709648880689903  ‖vε - vref‖ = 1.5326493212096173  α = 0.00525
 12   -37.31346671821       -8.00       -2.22    4.51s
    ‖ρε - ρref‖ = 0.002889347465625708 ‖Δρ‖ = 0.0029450426236183108  ‖vε - vref‖ = 1.5321981224810608  α = 0.000166
 13   -37.31346677863       -7.22       -2.64    4.10s
    ‖ρε - ρref‖ = 0.0005433023009127334 ‖Δρ‖ = 0.0005336040914094704  ‖vε - vref‖ = 1.532358160158878  α = 0.00257
 14   -37.31346678471       -8.22       -2.28    4.36s
    ‖ρε - ρref‖ = 0.0025994985947576954 ‖Δρ‖ = 0.00259928187993827  ‖vε - vref‖ = 1.532198973434184  α = 0.000139
 15   -37.31346681096       -7.58       -2.92    4.25s
    ‖ρε - ρref‖ = 0.00028173076671126956 ‖Δρ‖ = 0.0002749001329300422  ‖vε - vref‖ = 1.5326807039385304  α = 0.00329
 16   -37.31346683019       -7.72       -2.58    3.84s
    ‖ρε - ρref‖ = 0.0006042088339782636 ‖Δρ‖ = 0.0005895710973049336  ‖vε - vref‖ = 1.5335602189098367  α = 0.00127
 17   -37.31346684636       -7.79       -3.14    3.92s
    ‖ρε - ρref‖ = 0.0001855813595029398 ‖Δρ‖ = 0.00017269702288740327  ‖vε - vref‖ = 1.5343348196885336  α = 0.00391
 18   -37.31346685296       -8.18       -2.89    3.95s
    ‖ρε - ρref‖ = 0.0003824962135845605 ‖Δρ‖ = 0.0003784820634647502  ‖vε - vref‖ = 1.5346539590056822  α = 0.00114
 19   -37.31346687087       -7.75       -3.26    4.01s
    ‖ρε - ρref‖ = 0.00012079350257333502 ‖Δρ‖ = 0.00010187219174676867  ‖vε - vref‖ = 1.536092567283344  α = 0.0073
 20   -37.31346687530       -8.35       -3.29    4.49s
    ‖ρε - ρref‖ = 0.00014215377358771044 ‖Δρ‖ = 0.0001222446090161428  ‖vε - vref‖ = 1.5365906140180834  α = 0.00305
 21   -37.31346688630       -7.96       -3.08    4.32s
    ‖ρε - ρref‖ = 0.00016327748441400097 ‖Δρ‖ = 0.00014587800676516715  ‖vε - vref‖ = 1.537908766613868  α = 0.00396
 22   -37.31346688901       -8.57       -3.38    4.34s
    ‖ρε - ρref‖ = 0.00012945496604697263 ‖Δρ‖ = 0.00011266916830244407  ‖vε - vref‖ = 1.5382762760987292  α = 0.00254
 23   -37.31346689562       -8.18       -3.45    4.00s
    ‖ρε - ρref‖ = 8.660376144129098e-5 ‖Δρ‖ = 6.787676545791844e-5  ‖vε - vref‖ = 1.539174792078995  α = 0.00629
 24   -37.31346689633       -9.15       -3.15    4.18s
    ‖ρε - ρref‖ = 0.00032327565313647566 ‖Δρ‖ = 0.0002654753029147894  ‖vε - vref‖ = 1.5393183199105882  α = 0.000493
 25   -37.31346689982       -8.46       -2.80    3.99s
    ‖ρε - ρref‖ = 0.00035060446510004926 ‖Δρ‖ = 0.0003491676718352522  ‖vε - vref‖ = 1.5398460364036006  α = 0.000877
 26   -37.31346690029       -9.34       -2.74    3.94s
    ‖ρε - ρref‖ = 0.0007208372610818485 ‖Δρ‖ = 0.0007193277705519884  ‖vε - vref‖ = 1.5398990463959024  α = 0.000144
 27   -37.31346690223       -8.71       -3.73    4.17s
    ‖ρε - ρref‖ = 8.030526652902799e-5 ‖Δρ‖ = 3.865408180696295e-5  ‖vε - vref‖ = 1.5402144498424806  α = 0.00622
 28   -37.31346690355       -8.88       -3.58    4.52s
    ‖ρε - ρref‖ = 8.899552436440164e-5 ‖Δρ‖ = 5.8816458376961774e-5  ‖vε - vref‖ = 1.5403972551531164  α = 0.00344
 29   -37.31346690493       -8.86       -3.30    4.56s
    ‖ρε - ρref‖ = 0.00012674334588330864 ‖Δρ‖ = 0.00012061285065749746  ‖vε - vref‖ = 1.5405634651747535  α = 0.00158
 30   -37.31346690746       -8.60       -3.56    3.75s
    ‖ρε - ρref‖ = 9.047657363237782e-5 ‖Δρ‖ = 5.413446327177624e-5  ‖vε - vref‖ = 1.541046570207102  α = 0.00492
 31   -37.31346690816       -9.15       -3.45    4.07s
    ‖ρε - ρref‖ = 0.00013334404469250073 ‖Δρ‖ = 0.00011019919631646397  ‖vε - vref‖ = 1.541180178914364  α = 0.00123
 32   -37.31346691022       -8.69       -3.61    3.92s
    ‖ρε - ρref‖ = 7.868519290815228e-5 ‖Δρ‖ = 4.424295115914147e-5  ‖vε - vref‖ = 1.5415710944128123  α = 0.00553
 33   -37.31346691176       -8.81       -3.73    3.67s
    ‖ρε - ρref‖ = 7.755652967432938e-5 ‖Δρ‖ = 3.542020499960911e-5  ‖vε - vref‖ = 1.5419001162797334  α = 0.00592
 34   -37.31346691232       -9.25       -3.84    3.91s
    ‖ρε - ρref‖ = 7.870824784717257e-5 ‖Δρ‖ = 3.5483101522271396e-5  ‖vε - vref‖ = 1.5420078107384594  α = 0.00367
 35   -37.31346691366       -8.87       -3.58    4.71s
    ‖ρε - ρref‖ = 8.025858901092092e-5 ‖Δρ‖ = 5.447401008980185e-5  ‖vε - vref‖ = 1.5422296577832753  α = 0.00351
 36   -37.31346691378       -9.92       -3.05    3.74s
    ‖ρε - ρref‖ = 0.000422557600146401 ‖Δρ‖ = 0.0003670168420407257  ‖vε - vref‖ = 1.5422625077121719  α = 0.000148
 37   -37.31346691400       -9.66       -3.82    4.36s
    ‖ρε - ρref‖ = 8.503593328421307e-5 ‖Δρ‖ = 5.0154552113373915e-5  ‖vε - vref‖ = 1.542295845038331  α = 0.00142
 38   -37.31346691471       -9.15       -2.95    3.67s
    ‖ρε - ρref‖ = 0.00025281257171675433 ‖Δρ‖ = 0.0002536428286593021  ‖vε - vref‖ = 1.5423709017667264  α = 0.000541
 39   -37.31346691522       -9.29       -3.58    4.21s
    ‖ρε - ρref‖ = 9.045033108163053e-5 ‖Δρ‖ = 6.251390367220502e-5  ‖vε - vref‖ = 1.5424150175320386  α = 0.00196
 40   -37.31346691579       -9.25       -4.19    3.88s
    ‖ρε - ρref‖ = 7.078887402280044e-5 ‖Δρ‖ = 1.3586007687309426e-5  ‖vε - vref‖ = 1.542482370928699  α = 0.00934
 41   -37.31346691602       -9.63       -3.49    3.79s
    ‖ρε - ρref‖ = 0.00010033244592641967 ‖Δρ‖ = 8.029618857350603e-5  ‖vε - vref‖ = 1.5424875604009118  α = 0.00102
 42   -37.31346691651       -9.31       -4.00    4.58s
    ‖ρε - ρref‖ = 6.734020153962379e-5 ‖Δρ‖ = 1.8035936011763647e-5  ‖vε - vref‖ = 1.542471083092542  α = 0.00646
 43   -37.31346691666       -9.83       -3.75    3.86s
    ‖ρε - ρref‖ = 8.553106699653346e-5 ‖Δρ‖ = 4.892157759390523e-5  ‖vε - vref‖ = 1.5424686573075146  α = 0.00127
 44   -37.31346691692       -9.59       -3.92    4.00s
    ‖ρε - ρref‖ = 7.582420847751776e-5 ‖Δρ‖ = 2.5434230960016046e-5  ‖vε - vref‖ = 1.5424808004761597  α = 0.00344
 45   -37.31346691729       -9.43       -4.15    4.30s
    ‖ρε - ρref‖ = 6.801910634364217e-5 ‖Δρ‖ = 1.085339946425329e-5  ‖vε - vref‖ = 1.5424379923588774  α = 0.00966
 46   -37.31346691742       -9.92       -4.05    3.73s
    ‖ρε - ρref‖ = 7.152062667048943e-5 ‖Δρ‖ = 1.8847043045643538e-5  ‖vε - vref‖ = 1.542418532939864  α = 0.00323
 47   -37.31346691744      -10.58       -3.84    4.06s
    ‖ρε - ρref‖ = 4.693499446521608e-5 ‖Δρ‖ = 5.0715677548494935e-5  ‖vε - vref‖ = 1.5424078312914344  α = 0.000509
 48   -37.31346691752      -10.13       -3.45    3.86s
    ‖ρε - ρref‖ = 0.00012220665227399117 ‖Δρ‖ = 8.405077349208787e-5  ‖vε - vref‖ = 1.542398667593603  α = 0.000554
 49   -37.31346691753      -10.73       -3.79    4.20s
    ‖ρε - ρref‖ = 9.973313382349805e-5 ‖Δρ‖ = 6.280366203709905e-5  ‖vε - vref‖ = 1.5423964262997913  α = 0.000324
 50   -37.31346691770       -9.77       -3.73    4.27s
    ‖ρε - ρref‖ = 7.711559411072418e-5 ‖Δρ‖ = 3.625231923338517e-5  ‖vε - vref‖ = 1.5423566117750203  α = 0.0019
 51   -37.31346691781       -9.99       -4.27    4.42s
    ‖ρε - ρref‖ = 6.737478624234992e-5 ‖Δρ‖ = 1.1649119831964606e-5  ‖vε - vref‖ = 1.5423120364853977  α = 0.00463
 52   -37.31346691790      -10.03       -4.35    4.21s
    ‖ρε - ρref‖ = 6.823925153175176e-5 ‖Δρ‖ = 9.29849462892797e-6  ‖vε - vref‖ = 1.5422841455125869  α = 0.00522
 53   -37.31346691799      -10.06       -3.93    3.62s
    ‖ρε - ρref‖ = 6.998066713466986e-5 ‖Δρ‖ = 2.534899851834708e-5  ‖vε - vref‖ = 1.5422492107084032  α = 0.00199
 54   -37.31346691804      -10.22       -3.92    4.53s
    ‖ρε - ρref‖ = 7.480674371686759e-5 ‖Δρ‖ = 2.8048052367456823e-5  ‖vε - vref‖ = 1.5422292105030992  α = 0.0015
 55   -37.31346691815       -9.99       -4.27    3.76s
    ‖ρε - ρref‖ = 6.831444976530044e-5 ‖Δρ‖ = 1.0977150051393938e-5  ‖vε - vref‖ = 1.542187034391384  α = 0.00482
 56   -37.31346691821      -10.17       -4.05    4.04s
    ‖ρε - ρref‖ = 7.107728820313347e-5 ‖Δρ‖ = 2.119426454371974e-5  ‖vε - vref‖ = 1.5421668559792048  α = 0.00199
 57   -37.31346691829      -10.15       -3.98    4.69s
    ‖ρε - ρref‖ = 7.45028122115484e-5 ‖Δρ‖ = 2.3579557257617142e-5  ‖vε - vref‖ = 1.5421508869435212  α = 0.00191
 58   -37.31346691836      -10.14       -4.41    4.04s
    ‖ρε - ρref‖ = 6.876323200466196e-5 ‖Δρ‖ = 7.0126939488967185e-6  ‖vε - vref‖ = 1.5421262198023333  α = 0.00666
 59   -37.31346691837      -11.17       -3.68    3.83s
    ‖ρε - ρref‖ = 5.021890448940815e-5 ‖Δρ‖ = 8.192244894829086e-5  ‖vε - vref‖ = 1.542120483111795  α = 0.000157
 60   -37.31346691839      -10.55       -4.33    4.12s
    ‖ρε - ρref‖ = 6.778124605910513e-5 ‖Δρ‖ = 1.1583575018528827e-5  ‖vε - vref‖ = 1.5421119346175134  α = 0.00229
 61   -37.31346691843      -10.42       -3.32    4.83s
    ‖ρε - ρref‖ = 0.0001329640562304891 ‖Δρ‖ = 0.00010480803470756029  ‖vε - vref‖ = 1.5421023614663407  α = 0.000301
 62   -37.31346691848      -10.36       -3.94    4.43s
    ‖ρε - ρref‖ = 7.17897211748169e-5 ‖Δρ‖ = 2.2160411141807077e-5  ‖vε - vref‖ = 1.542089190357977  α = 0.00165
 63   -37.31346691854      -10.17       -4.47    3.84s
    ‖ρε - ρref‖ = 6.767397283595951e-5 ‖Δρ‖ = 6.30047628400858e-6  ‖vε - vref‖ = 1.5420624263214837  α = 0.00699
 64   -37.31346691860      -10.26       -4.63    3.79s
    ‖ρε - ρref‖ = 6.779912576275017e-5 ‖Δρ‖ = 4.269881550461324e-6  ‖vε - vref‖ = 1.5420455687136043  α = 0.00921
 65   -37.31346691863      -10.51       -3.98    3.98s
    ‖ρε - ρref‖ = 6.835097159964332e-5 ‖Δρ‖ = 2.2829854807782498e-5  ‖vε - vref‖ = 1.542029949704807  α = 0.00129
 66   -37.31346691866      -10.57       -4.30    4.03s
    ‖ρε - ρref‖ = 6.835982271397954e-5 ‖Δρ‖ = 1.2661603524571469e-5  ‖vε - vref‖ = 1.5420212638495128  α = 0.00222
 67   -37.31346691871      -10.23       -4.36    4.70s
    ‖ρε - ρref‖ = 6.728678642144418e-5 ‖Δρ‖ = 8.237306083628264e-6  ‖vε - vref‖ = 1.5420128296939042  α = 0.00483
 68   -37.31346691874      -10.55       -4.14    4.17s
    ‖ρε - ρref‖ = 6.96838114376044e-5 ‖Δρ‖ = 1.7355957687679104e-5  ‖vε - vref‖ = 1.542017495212858  α = 0.00157
 69   -37.31346691877      -10.52       -4.22    3.71s
    ‖ρε - ρref‖ = 7.105054045247575e-5 ‖Δρ‖ = 1.3119063824019975e-5  ‖vε - vref‖ = 1.542033244161095  α = 0.00227
 70   -37.31346691879      -10.89       -4.45    4.03s
    ‖ρε - ρref‖ = 7.557634512069606e-5 ‖Δρ‖ = 1.0332010135156276e-5  ‖vε - vref‖ = 1.5420435673595267  α = 0.00177
 71   -37.31346691882      -10.42       -3.46    4.56s
    ‖ρε - ρref‖ = 8.217163850483879e-5 ‖Δρ‖ = 6.707268212729808e-5  ‖vε - vref‖ = 1.5420571101196747  α = 0.00048
 72   -37.31346691883      -11.51       -4.10    4.30s
    ‖ρε - ρref‖ = 6.875118460773283e-5 ‖Δρ‖ = 3.430237444556392e-5  ‖vε - vref‖ = 1.5420574668550193  α = 0.000235
 73   -37.31346691885      -10.60       -4.28    4.13s
    ‖ρε - ρref‖ = 6.8150573935099e-5 ‖Δρ‖ = 1.2313887936947812e-5  ‖vε - vref‖ = 1.5420637114626092  α = 0.0022
 74   -37.31346691887      -10.82       -4.41    4.47s
    ‖ρε - ρref‖ = 6.805693041068997e-5 ‖Δρ‖ = 8.976969892069056e-6  ‖vε - vref‖ = 1.5420657369105817  α = 0.00243
 75   -37.31346691891      -10.40       -4.40    3.77s
    ‖ρε - ρref‖ = 6.799886984184488e-5 ‖Δρ‖ = 6.798977113308049e-6  ‖vε - vref‖ = 1.5420698285410108  α = 0.00497
 76   -37.31346691894      -10.49       -4.62    4.25s
    ‖ρε - ρref‖ = 6.805815842768582e-5 ‖Δρ‖ = 4.244514921135553e-6  ‖vε - vref‖ = 1.542075364852455  α = 0.00712
 77   -37.31346691895      -11.09       -4.36    3.70s
    ‖ρε - ρref‖ = 6.682506876520434e-5 ‖Δρ‖ = 1.147381455705156e-5  ‖vε - vref‖ = 1.5420720302537099  α = 0.00132
 78   -37.31346691896      -10.88       -4.52    3.95s
    ‖ρε - ρref‖ = 6.728385084498451e-5 ‖Δρ‖ = 7.235467791878664e-6  ‖vε - vref‖ = 1.5420675806057993  α = 0.00265
 79   -37.31346691898      -10.66       -4.69    3.93s
    ‖ρε - ρref‖ = 6.772297342386755e-5 ‖Δρ‖ = 4.499809029680068e-6  ‖vε - vref‖ = 1.5420668223988416  α = 0.00541
 80   -37.31346691900      -10.76       -4.23    4.27s
    ‖ρε - ρref‖ = 6.905996971912285e-5 ‖Δρ‖ = 1.3604497562510083e-5  ‖vε - vref‖ = 1.542067291752306  α = 0.00164
 81   -37.31346691901      -11.09       -4.48    4.03s
    ‖ρε - ρref‖ = 6.701065170574605e-5 ‖Δρ‖ = 9.622719835867237e-6  ‖vε - vref‖ = 1.542066116037744  α = 0.00156
 82   -37.31346691901      -11.78       -4.14    4.02s
    ‖ρε - ρref‖ = 9.366362131133463e-5 ‖Δρ‖ = 3.10133331089433e-5  ‖vε - vref‖ = 1.54206754814805  α = 0.000206
 83   -37.31346691903      -10.74       -4.53    4.44s
    ‖ρε - ρref‖ = 6.820450817292785e-5 ‖Δρ‖ = 6.190271908164246e-6  ‖vε - vref‖ = 1.5420647820501303  α = 0.0035
 84   -37.31346691904      -10.89       -3.46    4.72s
    ‖ρε - ρref‖ = 9.394395766588235e-5 ‖Δρ‖ = 8.252223868821892e-5  ‖vε - vref‖ = 1.54206055617024  α = 0.000208
 85   -37.31346691905      -10.87       -4.75    4.11s
    ‖ρε - ρref‖ = 6.772939781271871e-5 ‖Δρ‖ = 3.6175452078143124e-6  ‖vε - vref‖ = 1.542058943241501  α = 0.00559
 86   -37.31346691906      -11.08       -4.50    4.10s
    ‖ρε - ρref‖ = 6.826810686548677e-5 ‖Δρ‖ = 7.461895133030361e-6  ‖vε - vref‖ = 1.542056781544561  α = 0.00213
 87   -37.31346691909      -10.61       -4.63    4.38s
    ‖ρε - ρref‖ = 6.77016254278723e-5 ‖Δρ‖ = 3.992339119845419e-6  ‖vε - vref‖ = 1.5420470651971312  α = 0.0065
 88   -37.31346691910      -10.87       -4.59    4.63s
    ‖ρε - ρref‖ = 6.81319584610175e-5 ‖Δρ‖ = 5.389625497607151e-6  ‖vε - vref‖ = 1.5420455082752178  α = 0.00353
 89   -37.31346691911      -11.22       -4.59    4.39s
    ‖ρε - ρref‖ = 6.68909882240281e-5 ‖Δρ‖ = 6.896404445663787e-6  ‖vε - vref‖ = 1.5420411334479047  α = 0.00191
 90   -37.31346691912      -10.78       -4.45    4.13s
    ‖ρε - ρref‖ = 6.727040699713853e-5 ‖Δρ‖ = 6.91966451446115e-6  ‖vε - vref‖ = 1.5420323243642784  α = 0.00321
 91   -37.31346691913      -11.04       -4.79    4.31s
    ‖ρε - ρref‖ = 6.806011056672947e-5 ‖Δρ‖ = 3.8535693835386395e-6  ‖vε - vref‖ = 1.5420339119142343  α = 0.00417
 92   -37.31346691914      -11.05       -4.38    3.71s
    ‖ρε - ρref‖ = 6.95070927949555e-5 ‖Δρ‖ = 9.73082053598509e-6  ‖vε - vref‖ = 1.5420362763270214  α = 0.0016
 93   -37.31346691914      -11.88       -4.39    4.42s
    ‖ρε - ρref‖ = 5.699164098061327e-5 ‖Δρ‖ = 1.602849054138795e-5  ‖vε - vref‖ = 1.5420350978543458  α = 0.000353
 94   -37.31346691915      -11.28       -4.23    4.06s
    ‖ρε - ρref‖ = 7.202507127483181e-5 ‖Δρ‖ = 1.511411032177989e-5  ‖vε - vref‖ = 1.5420364131312596  α = 0.000831
 95   -37.31346691915      -11.94       -4.38    4.07s
    ‖ρε - ρref‖ = 7.39284190084771e-5 ‖Δρ‖ = 1.7666856968234602e-5  ‖vε - vref‖ = 1.5420370789494044  α = 0.000281
 96   -37.31346691916      -10.97       -4.45    4.67s
    ‖ρε - ρref‖ = 6.672920463014447e-5 ‖Δρ‖ = 7.697274148354315e-6  ‖vε - vref‖ = 1.5420388753759908  α = 0.00224
 97   -37.31346691917      -10.85       -4.81    4.62s
    ‖ρε - ρref‖ = 6.808314586617723e-5 ‖Δρ‖ = 2.9065901185359654e-6  ‖vε - vref‖ = 1.5420528472525803  α = 0.00687
 98   -37.31346691918      -11.31       -4.68    4.44s
    ‖ρε - ρref‖ = 6.782992089784232e-5 ‖Δρ‖ = 4.805702278814139e-6  ‖vε - vref‖ = 1.5420565462364246  α = 0.00254
 99   -37.31346691919      -10.96       -4.64    3.92s
    ‖ρε - ρref‖ = 6.72135280293196e-5 ‖Δρ‖ = 4.476886724040823e-6  ‖vε - vref‖ = 1.5420632747431056  α = 0.00398
 100   -37.31346691920      -11.07       -4.89    4.25s
    ‖ρε - ρref‖ = 6.804469339153096e-5 ‖Δρ‖ = 2.8121249875661787e-6  ‖vε - vref‖ = 1.5420739685222462  α = 0.00538
 101   -37.31346691920      -11.53       -4.58    4.32s
    ‖ρε - ρref‖ = 6.74354282428046e-5 ‖Δρ‖ = 7.135628883502333e-6  ‖vε - vref‖ = 1.5420749188464329  α = 0.00127
 102   -37.31346691921      -11.06       -4.78    3.78s
    ‖ρε - ρref‖ = 6.75477524449055e-5 ‖Δρ‖ = 3.3289481799118864e-6  ‖vε - vref‖ = 1.5420761367489346  α = 0.00463
 103   -37.31346691921      -11.61       -4.90    3.81s
    ‖ρε - ρref‖ = 6.766353251057873e-5 ‖Δρ‖ = 3.448413324847685e-6  ‖vε - vref‖ = 1.5420772649809547  α = 0.00243
 104   -37.31346691921      -11.84       -4.71    4.61s
    ‖ρε - ρref‖ = 7.094980991993648e-5 ‖Δρ‖ = 6.136632051983114e-6  ‖vε - vref‖ = 1.5420787230371986  α = 0.000984
 105   -37.31346691921      -11.81       -4.11    4.63s
    ‖ρε - ρref‖ = 5.801140663303812e-5 ‖Δρ‖ = 2.4172692210060303e-5  ‖vε - vref‖ = 1.5420778922832628  α = 0.000269
 106   -37.31346691922      -11.71       -4.73    4.46s
    ‖ρε - ρref‖ = 6.644825016519825e-5 ‖Δρ‖ = 5.7029814499832445e-6  ‖vε - vref‖ = 1.5420769696180718  α = 0.0012
 107   -37.31346691922      -11.28       -3.96    4.78s
    ‖ρε - ρref‖ = 7.411758201650392e-5 ‖Δρ‖ = 2.366322283881727e-5  ‖vε - vref‖ = 1.5420762007042115  α = 0.000483
 108   -37.31346691922      -11.56       -4.84    4.19s
    ‖ρε - ρref‖ = 6.750437602752567e-5 ‖Δρ‖ = 3.9343757002045995e-6  ‖vε - vref‖ = 1.5420757997361103  α = 0.00231
 109   -37.31346691923      -11.32       -5.03    3.90s
    ‖ρε - ρref‖ = 6.780165335622151e-5 ‖Δρ‖ = 1.8940405022544872e-6  ‖vε - vref‖ = 1.5420779838504903  α = 0.00627
 110   -37.31346691923      -11.77       -5.02    3.99s
    ‖ρε - ρref‖ = 6.772466829203254e-5 ‖Δρ‖ = 2.1730846587699763e-6  ‖vε - vref‖ = 1.542078395297632  α = 0.00337
 111   -37.31346691923      -11.50       -4.83    3.97s
    ‖ρε - ρref‖ = 6.752516140523025e-5 ‖Δρ‖ = 3.0655608782599596e-6  ‖vε - vref‖ = 1.5420781450772307  α = 0.00309
 112   -37.31346691924      -11.71       -5.11    4.00s
    ‖ρε - ρref‖ = 6.753166214165661e-5 ‖Δρ‖ = 1.7843858016897096e-6  ‖vε - vref‖ = 1.542077070747276  α = 0.00418
 113   -37.31346691924      -11.87       -4.89    4.60s
    ‖ρε - ρref‖ = 6.720080030483066e-5 ‖Δρ‖ = 3.374810806216151e-6  ‖vε - vref‖ = 1.5420753201090383  α = 0.00186
 114   -37.31346691924      -11.26       -4.81    4.02s
    ‖ρε - ρref‖ = 6.765409556255236e-5 ‖Δρ‖ = 2.6470032367688206e-6  ‖vε - vref‖ = 1.5420727124064486  α = 0.00467
 115   -37.31346691924      -12.12       -5.20    4.43s
    ‖ρε - ρref‖ = 6.695926092926837e-5 ‖Δρ‖ = 1.9775604506327487e-6  ‖vε - vref‖ = 1.5420725197465746  α = 0.00232
 116   -37.31346691924      -12.18       -4.32    4.34s
    ‖ρε - ρref‖ = 7.925083223774103e-5 ‖Δρ‖ = 1.5787407342246657e-5  ‖vε - vref‖ = 1.5420736908605965  α = 0.000251
 117   -37.31346691925      -11.78       -4.64    4.84s
    ‖ρε - ρref‖ = 6.818710724607575e-5 ‖Δρ‖ = 5.4682880323406246e-6  ‖vε - vref‖ = 1.5420748094321919  α = 0.00125
 118   -37.31346691925      -12.17       -4.19    4.41s
    ‖ρε - ρref‖ = 6.47680832307532e-5 ‖Δρ‖ = 2.0143478014690195e-5  ‖vε - vref‖ = 1.5420747671891135  α = 0.000177
 119   -37.31346691925      -11.93       -5.24    4.18s
    ‖ρε - ρref‖ = 6.755519892923537e-5 ‖Δρ‖ = 1.308657532998317e-6  ‖vε - vref‖ = 1.5420754335722788  α = 0.00464
 120   -37.31346691925      -11.69       -5.03    4.22s
    ‖ρε - ρref‖ = 6.749380499384883e-5 ‖Δρ‖ = 1.9906421957268224e-6  ‖vε - vref‖ = 1.54207803272752  α = 0.00376
 121   -37.31346691925      -11.83       -5.13    3.72s
    ‖ρε - ρref‖ = 6.777710047352662e-5 ‖Δρ‖ = 1.4257566224125027e-6  ‖vε - vref‖ = 1.5420815352705661  α = 0.00464
 122   -37.31346691925      -12.08       -5.06    4.51s
    ‖ρε - ρref‖ = 6.772679207573184e-5 ‖Δρ‖ = 1.9748852518676805e-6  ‖vε - vref‖ = 1.5420824031949627  α = 0.00253
 123   -37.31346691925      -11.83       -5.05    4.49s
    ‖ρε - ρref‖ = 6.744506682323204e-5 ‖Δρ‖ = 1.8001955423041647e-6  ‖vε - vref‖ = 1.5420821175731958  α = 0.00358
 124   -37.31346691925      -11.98       -5.14    4.56s
    ‖ρε - ρref‖ = 6.769254125476803e-5 ‖Δρ‖ = 1.603776551459517e-6  ‖vε - vref‖ = 1.542082842830329  α = 0.00322
 125   -37.31346691926      -12.32       -4.86    4.38s
    ‖ρε - ρref‖ = 6.73934229515209e-5 ‖Δρ‖ = 3.3032298237799122e-6  ‖vε - vref‖ = 1.5420824000511855  α = 0.00115
 126   -37.31346691926      -11.90       -5.33    4.61s
    ‖ρε - ρref‖ = 6.761629907722005e-5 ‖Δρ‖ = 9.409679936292122e-7  ‖vε - vref‖ = 1.5420807140726054  α = 0.00635
 127   -37.31346691926      -13.37       -5.12    4.34s
    ‖ρε - ρref‖ = 6.526124523847156e-5 ‖Δρ‖ = 3.1479646171239536e-6  ‖vε - vref‖ = 1.5420802460391831  α = 0.000447
 128   -37.31346691926      -12.03       -4.90    3.85s
    ‖ρε - ρref‖ = 6.783198136491856e-5 ‖Δρ‖ = 2.6663175957082985e-6  ‖vε - vref‖ = 1.5420788300492705  α = 0.0019
 129   -37.31346691926      -12.54       -4.48    4.55s
    ‖ρε - ρref‖ = 7.098649992084075e-5 ‖Δρ‖ = 1.0639096418315324e-5  ‖vε - vref‖ = 1.5420786209240125  α = 0.000236
 130   -37.31346691926      -12.29       -4.71    4.13s
    ‖ρε - ρref‖ = 6.679090632920381e-5 ‖Δρ‖ = 5.078914343432076e-6  ‖vε - vref‖ = 1.5420776360919224  α = 0.000697
 131   -37.31346691926      -12.22       -5.46    4.24s
    ‖ρε - ρref‖ = 6.771805857100969e-5 ‖Δρ‖ = 6.98567697797777e-7  ‖vε - vref‖ = 1.5420777672495596  α = 0.00622
 132   -37.31346691926      -12.02       -5.35    4.64s
    ‖ρε - ρref‖ = 6.753495649854395e-5 ‖Δρ‖ = 7.383968317161433e-7  ‖vε - vref‖ = 1.5420755181366568  α = 0.00685
 133   -37.31346691926      -12.56       -5.21    4.42s
    ‖ρε - ρref‖ = 6.749001739705448e-5 ‖Δρ‖ = 1.525636824561441e-6  ‖vε - vref‖ = 1.5420745189788354  α = 0.00187
 134   -37.31346691926      -12.42       -5.57    4.35s
    ‖ρε - ρref‖ = 6.756685927385797e-5 ‖Δρ‖ = 5.606426388946911e-7  ‖vε - vref‖ = 1.542073575324618  α = 0.00632
 135   -37.31346691926      -12.62       -5.17    4.01s
    ‖ρε - ρref‖ = 6.752964251377314e-5 ‖Δρ‖ = 1.6014947917836506e-6  ‖vε - vref‖ = 1.5420732580994083  α = 0.0016
 136   -37.31346691926      -12.69       -5.61    4.70s
    ‖ρε - ρref‖ = 6.766110989904084e-5 ‖Δρ‖ = 5.557047694046013e-7  ‖vε - vref‖ = 1.54207367161537  α = 0.00468
 137   -37.31346691926      -12.60       -5.12    4.70s
    ‖ρε - ρref‖ = 6.754115212656046e-5 ‖Δρ‖ = 1.7177454979523868e-6  ‖vε - vref‖ = 1.542073486321626  α = 0.00142
 138   -37.31346691926      -12.49       -5.48    3.99s
    ‖ρε - ρref‖ = 6.768790310286554e-5 ‖Δρ‖ = 7.176709205418643e-7  ‖vε - vref‖ = 1.5420732153321397  α = 0.00415
 139   -37.31346691926      -13.45       -4.78    4.68s
    ‖ρε - ρref‖ = 6.308741263486454e-5 ‖Δρ‖ = 6.4014240180946745e-6  ‖vε - vref‖ = 1.5420729237622701  α = 0.00016
 140   -37.31346691926      -12.55       -5.47    4.61s
    ‖ρε - ρref‖ = 6.746532593234179e-5 ‖Δρ‖ = 7.918183496775754e-7  ‖vε - vref‖ = 1.5420725297821753  α = 0.00344
 141   -37.31346691926      -12.67       -4.38    3.74s
    ‖ρε - ρref‖ = 7.103217284727429e-5 ‖Δρ‖ = 1.0017661299872332e-5  ‖vε - vref‖ = 1.5420725568151434  α = 0.00023
 142   -37.31346691926      -12.89       -5.52    4.17s
    ‖ρε - ρref‖ = 6.74897582185697e-5 ‖Δρ‖ = 8.957978858548708e-7  ‖vε - vref‖ = 1.5420724354769262  α = 0.00192
 143   -37.31346691926      -12.32       -5.42    4.04s
    ‖ρε - ρref‖ = 6.759433462772842e-5 ‖Δρ‖ = 7.202783018826406e-7  ‖vε - vref‖ = 1.542072218826453  α = 0.00493
 144   -37.31346691926      -12.75       -5.57    4.10s
    ‖ρε - ρref‖ = 6.752885217935387e-5 ‖Δρ‖ = 5.437372981761527e-7  ‖vε - vref‖ = 1.5420718337725965  α = 0.00462
 145   -37.31346691926      -12.55       -5.74    4.13s
    ‖ρε - ρref‖ = 6.762620732305082e-5 ‖Δρ‖ = 3.7977773352514964e-7  ‖vε - vref‖ = 1.5420729070844459  α = 0.00688
 146   -37.31346691926      -12.49       -5.56    4.14s
    ‖ρε - ρref‖ = 6.761308937539068e-5 ‖Δρ‖ = 5.01996888864574e-7  ‖vε - vref‖ = 1.5420732946410485  α = 0.0058
 147   -37.31346691926      -13.37       -5.46    4.30s
    ‖ρε - ρref‖ = 6.751135925120003e-5 ‖Δρ‖ = 8.524865628246042e-7  ‖vε - vref‖ = 1.5420731816464683  α = 0.00186
 148   -37.31346691926      -12.72       -5.58    3.94s
    ‖ρε - ρref‖ = 6.756523493988498e-5 ‖Δρ‖ = 5.660029743654845e-7  ‖vε - vref‖ = 1.5420731024419725  α = 0.00379
 149   -37.31346691926   +    -Inf       -5.32    5.96s
    ‖ρε - ρref‖ = 6.737950019336178e-5 ‖Δρ‖ = 1.2349829219985468e-6  ‖vε - vref‖ = 1.5420730309325692  α = 0.000297
 150   -37.31346691926      -13.55       -5.75    4.20s
    ‖ρε - ρref‖ = 6.794788020489231e-5 ‖Δρ‖ = 5.531577660206092e-7  ‖vε - vref‖ = 1.542073179648696  α = 0.00157
 151   -37.31346691926      -12.73       -4.82    3.99s
    ‖ρε - ρref‖ = 6.701846572234722e-5 ‖Δρ‖ = 2.6872452812381947e-6  ‖vε - vref‖ = 1.5420728107423554  α = 0.000825
 152   -37.31346691926      -14.15       -5.29    10.7s
    ‖ρε - ρref‖ = 6.68254467846951e-5 ‖Δρ‖ = 2.2669815908576005e-6  ‖vε - vref‖ = 1.5420728101248216  α = 2.22e-6
 153   -37.31346691926      -12.89       -5.62    4.74s
    ‖ρε - ρref‖ = 6.764327435912867e-5 ‖Δρ‖ = 4.1251892151260565e-7  ‖vε - vref‖ = 1.5420731986952287  α = 0.00456
 154   -37.31346691926      -13.30       -5.46    4.25s
    ‖ρε - ρref‖ = 6.753258009406248e-5 ‖Δρ‖ = 8.452931186571008e-7  ‖vε - vref‖ = 1.5420732194808042  α = 0.00146
 155   -37.31346691926      -13.37       -5.67    4.20s
    ‖ρε - ρref‖ = 6.756466840422417e-5 ‖Δρ‖ = 5.172712176241778e-7  ‖vε - vref‖ = 1.5420731542796955  α = 0.00246
 156   -37.31346691926      -13.45       -5.71    4.66s
    ‖ρε - ρref‖ = 6.752406821343799e-5 ‖Δρ‖ = 4.152900274354052e-7  ‖vε - vref‖ = 1.542073108385048  α = 0.00323
 157   -37.31346691926      -12.87       -5.78    4.47s
    ‖ρε - ρref‖ = 6.759489704137104e-5 ‖Δρ‖ = 2.848495002574839e-7  ‖vε - vref‖ = 1.542073454292498  α = 0.00634
 158   -37.31346691926      -12.92       -5.97    4.67s
    ‖ρε - ρref‖ = 6.7594703372968e-5 ‖Δρ‖ = 2.1316482875163732e-7  ‖vε - vref‖ = 1.5420736274126805  α = 0.00637
 159   -37.31346691926      -13.67       -5.92    4.18s
    ‖ρε - ρref‖ = 6.753916009477808e-5 ‖Δρ‖ = 2.242637365429671e-7  ‖vε - vref‖ = 1.5420729785757146  α = 0.00674
 160   -37.31346691926      -13.67       -5.45    4.50s
    ‖ρε - ρref‖ = 6.750374842781307e-5 ‖Δρ‖ = 9.541138070356818e-7  ‖vε - vref‖ = 1.5420728691681436  α = 0.00103
 161   -37.31346691926      -13.45       -5.80    4.65s
    ‖ρε - ρref‖ = 6.762049696339933e-5 ‖Δρ‖ = 3.448307510802579e-7  ‖vε - vref‖ = 1.54207292044724  α = 0.00294
 162   -37.31346691926      -13.67       -5.62    5.75s
    ‖ρε - ρref‖ = 6.73332079919026e-5 ‖Δρ‖ = 6.292134382440983e-7  ‖vε - vref‖ = 1.542072900370042  α = 0.000346
 163   -37.31346691926   +    -Inf       -4.92    5.22s
    ‖ρε - ρref‖ = 6.842959124868383e-5 ‖Δρ‖ = 4.585086372966551e-6  ‖vε - vref‖ = 1.5420729096567478  α = 3.29e-5
 164   -37.31346691926      -14.15       -5.79    6.42s
    ‖ρε - ρref‖ = 6.786110942165614e-5 ‖Δρ‖ = 4.6309887031401723e-7  ‖vε - vref‖ = 1.5420729332879037  α = 0.000266
 165   -37.31346691926      -13.11       -5.12    4.69s
    ‖ρε - ρref‖ = 6.71403578228061e-5 ‖Δρ‖ = 1.455078856632905e-6  ‖vε - vref‖ = 1.5420727132608674  α = 0.000923
 166   -37.31346691926   +    -Inf       -5.98    4.35s
    ‖ρε - ρref‖ = 6.759403766799755e-5 ‖Δρ‖ = 2.1976465951082566e-7  ‖vε - vref‖ = 1.5420729764534529  α = 0.00439
 167   -37.31346691926      -13.30       -5.98    4.69s
    ‖ρε - ρref‖ = 6.76024061569644e-5 ‖Δρ‖ = 2.249052363236068e-7  ‖vε - vref‖ = 1.5420731143958615  α = 0.00426
 168   -37.31346691926      -13.55       -5.70    3.98s
    ‖ρε - ρref‖ = 6.75632330150696e-5 ‖Δρ‖ = 5.249300392011548e-7  ‖vε - vref‖ = 1.5420731085131039  α = 0.00135
 169   -37.31346691926      -13.67       -6.06    4.06s
    ‖ρε - ρref‖ = 6.758360365635313e-5 ‖Δρ‖ = 1.9325585935657203e-7  ‖vε - vref‖ = 1.54207304272114  α = 0.0047
 170   -37.31346691926   +    -Inf       -5.82    3.91s
    ‖ρε - ρref‖ = 6.754834390313446e-5 ‖Δρ‖ = 3.4950863885441213e-7  ‖vε - vref‖ = 1.5420729478967021  α = 0.00237
 171   -37.31346691926      -13.00       -6.27    4.40s
    ‖ρε - ρref‖ = 6.755929332656532e-5 ‖Δρ‖ = 9.794546185860463e-8  ‖vε - vref‖ = 1.5420725577104444  α = 0.00962
 172   -37.31346691926   +    -Inf       -6.00    38.8s
    ‖ρε - ρref‖ = 6.757770722662902e-5 ‖Δρ‖ = 2.3494431013986555e-7  ‖vε - vref‖ = 1.5420725577104752  α = 1.01e-9
 173   -37.31346691926   +  -13.30       -5.26    4.66s
    ‖ρε - ρref‖ = 6.711876827991076e-5 ‖Δρ‖ = 1.4271942016714478e-6  ‖vε - vref‖ = 1.5420725354281872  α = 0.000484
 174   -37.31346691926      -13.19       -4.82    4.20s
    ‖ρε - ρref‖ = 6.879761280367739e-5 ‖Δρ‖ = 5.1793154508177735e-6  ‖vε - vref‖ = 1.5420726161873641  α = 0.000131
 175   -37.31346691926   +  -13.37       -5.06    4.22s
    ‖ρε - ρref‖ = 6.933351513688597e-5 ‖Δρ‖ = 2.6157486871278036e-6  ‖vε - vref‖ = 1.5420727385066035  α = 0.000185
 176   -37.31346691926      -13.19       -5.81    4.03s
    ‖ρε - ρref‖ = 6.754414657507153e-5 ‖Δρ‖ = 3.5618929517180666e-7  ‖vε - vref‖ = 1.5420727862924348  α = 0.00152
 177   -37.31346691926   +  -14.15       -5.84    11.4s
    ‖ρε - ρref‖ = 6.758898192248114e-5 ‖Δρ‖ = 2.744749958639861e-7  ‖vε - vref‖ = 1.5420727862924277  α = 0.0
 178   -37.31346691926   +  -13.45       -5.53    3.73s
    ‖ρε - ρref‖ = 6.780420531906264e-5 ‖Δρ‖ = 1.3130092299199062e-6  ‖vε - vref‖ = 1.5420727971604316  α = 0.000257
 179   -37.31346691926   +    -Inf       -5.43    3.48s
    ‖ρε - ρref‖ = 6.749441687832273e-5 ‖Δρ‖ = 1.1661392130732086e-6  ‖vε - vref‖ = 1.5420727748989846  α = 0.00033
 180   -37.31346691926      -13.55       -6.00    3.88s
    ‖ρε - ρref‖ = 6.729726718114859e-5 ‖Δρ‖ = 3.8988544370037273e-7  ‖vε - vref‖ = 1.5420727546788797  α = 0.000371
 181   -37.31346691926   +    -Inf       -5.87    3.97s
    ‖ρε - ρref‖ = 6.767458790805155e-5 ‖Δρ‖ = 2.967427070486172e-7  ‖vε - vref‖ = 1.54207297112505  α = 0.00151
 182   -37.31346691926   +  -13.67       -6.03    4.17s
    ‖ρε - ρref‖ = 6.758390483157843e-5 ‖Δρ‖ = 2.1571981166302296e-7  ‖vε - vref‖ = 1.5420730781530314  α = 0.00192
 183   -37.31346691926      -13.45       -6.30    4.25s
    ‖ρε - ρref‖ = 6.756413798420675e-5 ‖Δρ‖ = 1.2101252984392917e-7  ‖vε - vref‖ = 1.5420731162248944  α = 0.00356
 184   -37.31346691926   +  -14.15       -6.14    4.03s
    ‖ρε - ρref‖ = 6.759101257508134e-5 ‖Δρ‖ = 1.792886457341956e-7  ‖vε - vref‖ = 1.542073242292924  α = 0.00239
 185   -37.31346691926      -13.67       -5.97    3.86s
    ‖ρε - ρref‖ = 6.757602403848635e-5 ‖Δρ‖ = 1.9291867354583347e-7  ‖vε - vref‖ = 1.5420735846408116  α = 0.00334
 186   -37.31346691926      -13.85       -6.29    4.39s
    ‖ρε - ρref‖ = 6.757130858249417e-5 ‖Δρ‖ = 1.0433239664485286e-7  ‖vε - vref‖ = 1.5420736947756217  α = 0.00492
 187   -37.31346691926   +    -Inf       -6.25    3.65s
    ‖ρε - ρref‖ = 6.757119076132687e-5 ‖Δρ‖ = 1.3681252877152015e-7  ‖vε - vref‖ = 1.5420737359705916  α = 0.00327

#-- ‖ρε - ρref‖ = 6.757575630176116e-5 vs. 1.778279410038923e-7 = δ*ε ‖vε - vref‖ = 1.5420739503397902


# --- ε=1.0e-5

n     Energy            log10(ΔE)   log10(Δρ)   Δtime 
---   ---------------   ---------   ---------   ------
  1   -37.31336248767                   -0.11    6.98s
    ‖ρε - ρref‖ = 0.39539994531274436 ‖Δρ‖ = 0.39536868596646507  ‖vε - vref‖ = 2.420254930767875  α = 6.85e-5
  2   -37.31336681019       -5.36       -1.05    3.80s
    ‖ρε - ρref‖ = 0.03471680067153657 ‖Δρ‖ = 0.03470927175280038  ‖vε - vref‖ = 2.1785445918208097  α = 0.000225
  3   -37.31337110168       -5.37       -0.90    4.23s
    ‖ρε - ρref‖ = 0.051154053087147905 ‖Δρ‖ = 0.0511421684230426  ‖vε - vref‖ = 1.870707304714944  α = 0.000163
  4   -37.31337445554       -5.47       -1.44    3.88s
    ‖ρε - ρref‖ = 0.009014174994287444 ‖Δρ‖ = 0.009005423811800202  ‖vε - vref‖ = 1.6666151089610541  α = 0.000842
  5   -37.31337544866       -6.00       -1.95    4.13s
    ‖ρε - ρref‖ = 0.00302526713659864 ‖Δρ‖ = 0.003017223996983141  ‖vε - vref‖ = 1.6139588853813898  α = 0.00132
  6   -37.31337681598       -5.86       -1.66    4.01s
    ‖ρε - ρref‖ = 0.004614512342651289 ‖Δρ‖ = 0.004606475920027793  ‖vε - vref‖ = 1.526830351372071  α = 0.00105
  7   -37.31337725618       -6.36       -2.07    4.65s
    ‖ρε - ρref‖ = 0.0019726968896874872 ‖Δρ‖ = 0.001969618192228575  ‖vε - vref‖ = 1.497890547280969  α = 0.00138
  8   -37.31337737214       -6.94       -2.28    4.35s
    ‖ρε - ρref‖ = 0.0013629384327402652 ‖Δρ‖ = 0.0013615499689354287  ‖vε - vref‖ = 1.491696920223512  α = 0.00105
  9   -37.31337752829       -6.81       -2.46    4.09s
    ‖ρε - ρref‖ = 0.0007771160530800294 ‖Δρ‖ = 0.0007736832386257476  ‖vε - vref‖ = 1.4838937762043982  α = 0.00212
 10   -37.31337759734       -7.16       -2.45    4.56s
    ‖ρε - ρref‖ = 0.0008682744469307031 ‖Δρ‖ = 0.0008663626441963465  ‖vε - vref‖ = 1.4813555928180215  α = 0.00127
 11   -37.31337770356       -6.97       -2.67    4.04s
    ‖ρε - ρref‖ = 0.000446210014332217 ‖Δρ‖ = 0.0004407270724498154  ‖vε - vref‖ = 1.4783760542031852  α = 0.003
 12   -37.31337771072       -8.15       -2.20    3.83s
    ‖ρε - ρref‖ = 0.0030251330704631437 ‖Δρ‖ = 0.003056370116680544  ‖vε - vref‖ = 1.4778701130108276  α = 0.000101
 13   -37.31337775833       -7.32       -2.53    3.97s
    ‖ρε - ρref‖ = 0.0006909770953872796 ‖Δρ‖ = 0.0006863640176288901  ‖vε - vref‖ = 1.4768387913515333  α = 0.00134
 14   -37.31337776332       -8.30       -2.19    3.89s
    ‖ρε - ρref‖ = 0.003112231118126327 ‖Δρ‖ = 0.003111994441221581  ‖vε - vref‖ = 1.476545303327136  α = 7.91e-5
 15   -37.31337779160       -7.55       -2.87    4.65s
    ‖ρε - ρref‖ = 0.00028972585926894886 ‖Δρ‖ = 0.00028661380476005505  ‖vε - vref‖ = 1.4766204915704617  α = 0.00248
 16   -37.31337780341       -7.93       -2.54    4.02s
    ‖ρε - ρref‖ = 0.0007129855641854837 ‖Δρ‖ = 0.0007057024645851102  ‖vε - vref‖ = 1.4770417872329007  α = 0.000626
 17   -37.31337782029       -7.77       -3.01    4.86s
    ‖ρε - ρref‖ = 0.00022970646476822617 ‖Δρ‖ = 0.0002268214786611528  ‖vε - vref‖ = 1.4776187737607824  α = 0.00233
 18   -37.31337782532       -8.30       -2.94    4.68s
    ‖ρε - ρref‖ = 0.0003552745749099941 ‖Δρ‖ = 0.00035418822659503133  ‖vε - vref‖ = 1.4778693035249801  α = 0.000787
 19   -37.31337784318       -7.75       -3.01    4.70s
    ‖ρε - ρref‖ = 0.00019102799604715293 ‖Δρ‖ = 0.00018691509864301607  ‖vε - vref‖ = 1.4793040010263414  α = 0.003
 20   -37.31337785128       -8.09       -3.29    4.79s
    ‖ρε - ρref‖ = 0.00011325094385468679 ‖Δρ‖ = 0.0001063643799108234  ‖vε - vref‖ = 1.4802695405204054  α = 0.00348
 21   -37.31337785875       -8.13       -2.80    4.71s
    ‖ρε - ρref‖ = 0.00032043716635753096 ‖Δρ‖ = 0.0003177070298887693  ‖vε - vref‖ = 1.4812223622041576  α = 0.00115
 22   -37.31337786289       -8.38       -3.11    4.22s
    ‖ρε - ρref‖ = 0.00017653051366330513 ‖Δρ‖ = 0.00016964068907994643  ‖vε - vref‖ = 1.481877348873161  α = 0.00157
 23   -37.31337787034       -8.13       -3.42    4.34s
    ‖ρε - ρref‖ = 7.745183663805747e-5 ‖Δρ‖ = 6.811955796951947e-5  ‖vε - vref‖ = 1.483188692863674  α = 0.00522
 24   -37.31337787118       -9.08       -2.88    4.63s
    ‖ρε - ρref‖ = 0.0004292410823409849 ‖Δρ‖ = 0.0004560973683083333  ‖vε - vref‖ = 1.483300729397557  α = 0.000235
 25   -37.31337787335       -8.66       -2.63    4.09s
    ‖ρε - ρref‖ = 0.0006253389154601776 ‖Δρ‖ = 0.0006106394282585226  ‖vε - vref‖ = 1.483694901406482  α = 0.000307
 26   -37.31337787356       -9.69       -3.26    4.76s
    ‖ρε - ρref‖ = 0.0002530010718749617 ‖Δρ‖ = 0.00024554379588412605  ‖vε - vref‖ = 1.4837584121197815  α = 0.000203
 27   -37.31337787528       -8.76       -3.07    4.18s
    ‖ρε - ρref‖ = 0.00020408278753681044 ‖Δρ‖ = 0.00019300068352699843  ‖vε - vref‖ = 1.4843005450218598  α = 0.000896
 28   -37.31337787700       -8.76       -3.59    4.70s
    ‖ρε - ρref‖ = 6.012616671637569e-5 ‖Δρ‖ = 5.357069200384116e-5  ‖vε - vref‖ = 1.4848471093859745  α = 0.00311
 29   -37.31337787808       -8.96       -3.09    4.09s
    ‖ρε - ρref‖ = 0.0001996848936609765 ‖Δρ‖ = 0.00019473917913972902  ‖vε - vref‖ = 1.4852399511181442  α = 0.000694
 30   -37.31337788051       -8.61       -3.52    4.01s
    ‖ρε - ρref‖ = 7.250978968012104e-5 ‖Δρ‖ = 5.974307029939062e-5  ‖vε - vref‖ = 1.486211883105834  α = 0.00323
 31   -37.31337788124       -9.14       -3.22    4.63s
    ‖ρε - ρref‖ = 0.00017584216503736282 ‖Δρ‖ = 0.00017159141602276224  ‖vε - vref‖ = 1.4865112497011053  α = 0.000622
 32   -37.31337788291       -8.78       -3.57    4.51s
    ‖ρε - ρref‖ = 6.68441754322392e-5 ‖Δρ‖ = 5.318061600212583e-5  ‖vε - vref‖ = 1.4872819615997932  α = 0.00318
 33   -37.31337788424       -8.87       -3.49    4.56s
    ‖ρε - ρref‖ = 6.761853590011017e-5 ‖Δρ‖ = 5.692523191465417e-5  ‖vε - vref‖ = 1.4878835374958497  α = 0.00269
 34   -37.31337788494       -9.16       -3.62    4.73s
    ‖ρε - ρref‖ = 6.221945512016616e-5 ‖Δρ‖ = 4.756068123955225e-5  ‖vε - vref‖ = 1.4882357950574283  α = 0.00233
 35   -37.31337788561       -9.18       -3.45    3.98s
    ‖ρε - ρref‖ = 9.63305073937234e-5 ‖Δρ‖ = 8.353248929687477e-5  ‖vε - vref‖ = 1.4885669280925362  α = 0.00127
 36   -37.31337788581       -9.68       -3.50    4.13s
    ‖ρε - ρref‖ = 8.365714174125848e-5 ‖Δρ‖ = 0.00010874014294974012  ‖vε - vref‖ = 1.488645418559079  α = 0.000487
 37   -37.31337788682       -9.00       -2.86    4.82s
    ‖ρε - ρref‖ = 0.00030561566343015437 ‖Δρ‖ = 0.0002939146840637963  ‖vε - vref‖ = 1.4890863964916314  α = 0.000436
 38   -37.31337788690      -10.14       -3.21    4.55s
    ‖ρε - ρref‖ = 0.0002724746237219711 ‖Δρ‖ = 0.00026567596187420967  ‖vε - vref‖ = 1.4891189051723628  α = 0.000111
 39   -37.31337788754       -9.19       -3.53    4.73s
    ‖ρε - ρref‖ = 7.526014689857267e-5 ‖Δρ‖ = 6.474945094931523e-5  ‖vε - vref‖ = 1.489376213852853  α = 0.00161
 40   -37.31337788808       -9.26       -3.58    4.38s
    ‖ρε - ρref‖ = 6.631964822453446e-5 ‖Δρ‖ = 5.8882230201965674e-5  ‖vε - vref‖ = 1.4895810592614325  α = 0.00161
 41   -37.31337788835       -9.58       -3.65    3.85s
    ‖ρε - ρref‖ = 6.580806936486526e-5 ‖Δρ‖ = 5.384516551860857e-5  ‖vε - vref‖ = 1.4896834165259036  α = 0.00126
 42   -37.31337788862       -9.56       -3.64    3.86s
    ‖ρε - ρref‖ = 6.885330583157553e-5 ‖Δρ‖ = 6.264501022103586e-5  ‖vε - vref‖ = 1.489785107751654  α = 0.001
 43   -37.31337788938       -9.12       -3.71    4.80s
    ‖ρε - ρref‖ = 5.3999640183213924e-5 ‖Δρ‖ = 3.516597301171805e-5  ‖vε - vref‖ = 1.4901327469762056  α = 0.00313
 44   -37.31337788956       -9.76       -3.59    4.59s
    ‖ρε - ρref‖ = 8.787643926967022e-5 ‖Δρ‖ = 7.624103887602641e-5  ‖vε - vref‖ = 1.490208392102603  α = 0.000673
 45   -37.31337789015       -9.22       -3.79    4.37s
    ‖ρε - ρref‖ = 4.5440419476731174e-5 ‖Δρ‖ = 2.7322798951766498e-5  ‖vε - vref‖ = 1.49045377370724  α = 0.00366
 46   -37.31337789072       -9.25       -4.06    4.39s
    ‖ρε - ρref‖ = 4.1689824874019126e-5 ‖Δρ‖ = 1.3028503990127789e-5  ‖vε - vref‖ = 1.4907162807979106  α = 0.00744
 47   -37.31337789085       -9.88       -3.84    4.68s
    ‖ρε - ρref‖ = 6.191022499488494e-5 ‖Δρ‖ = 3.666590287908919e-5  ‖vε - vref‖ = 1.4907751398659508  α = 0.00125
 48   -37.31337789092      -10.20       -3.05    4.87s
    ‖ρε - ρref‖ = 0.00026083693527627306 ‖Δρ‖ = 0.00028598430571309045  ‖vε - vref‖ = 1.4907907587539049  α = 0.000105
 49   -37.31337789098      -10.17       -3.81    4.88s
    ‖ρε - ρref‖ = 5.5513776124904e-5 ‖Δρ‖ = 4.462272416692116e-5  ‖vε - vref‖ = 1.4908153363683863  α = 0.0007
 50   -37.31337789105      -10.16       -3.13    4.67s
    ‖ρε - ρref‖ = 0.000219320664318861 ‖Δρ‖ = 0.00021449963819068188  ‖vε - vref‖ = 1.4908375656614643  α = 0.000149
 51   -37.31337789132       -9.58       -3.78    4.46s
    ‖ρε - ρref‖ = 4.870260448019055e-5 ‖Δρ‖ = 3.0257980998673928e-5  ‖vε - vref‖ = 1.4909239656658564  α = 0.00221
 52   -37.31337789144       -9.92       -4.06    3.93s
    ‖ρε - ρref‖ = 4.379567656772458e-5 ‖Δρ‖ = 1.726478986761213e-5  ‖vε - vref‖ = 1.4909716411815213  α = 0.00265
 53   -37.31337789152      -10.09       -4.00    4.91s
    ‖ρε - ρref‖ = 4.4663686059568967e-5 ‖Δρ‖ = 2.2239496184964533e-5  ‖vε - vref‖ = 1.490993860233427  α = 0.00164
 54   -37.31337789167       -9.83       -3.65    4.81s
    ‖ρε - ρref‖ = 4.976277551115078e-5 ‖Δρ‖ = 4.1708739867577355e-5  ‖vε - vref‖ = 1.491012219069383  α = 0.00118
 55   -37.31337789176      -10.03       -4.07    4.85s
    ‖ρε - ρref‖ = 4.297708134376169e-5 ‖Δρ‖ = 1.8976190428939635e-5  ‖vε - vref‖ = 1.4910364874579924  α = 0.00209
 56   -37.31337789185      -10.04       -3.81    4.44s
    ‖ρε - ρref‖ = 5.564827991553401e-5 ‖Δρ‖ = 3.562933579396815e-5  ‖vε - vref‖ = 1.4910614052799462  α = 0.00105
 57   -37.31337789197       -9.93       -3.89    4.68s
    ‖ρε - ρref‖ = 4.808518935937779e-5 ‖Δρ‖ = 2.7513186786727143e-5  ‖vε - vref‖ = 1.4910853623411733  α = 0.00158
 58   -37.31337789205      -10.07       -3.98    3.91s
    ‖ρε - ρref‖ = 4.5173834785624906e-5 ‖Δρ‖ = 2.3504797519258313e-5  ‖vε - vref‖ = 1.4910927355906722  α = 0.00151
 59   -37.31337789208      -10.53       -4.11    4.48s
    ‖ρε - ρref‖ = 5.419929696695119e-5 ‖Δρ‖ = 2.104061816280275e-5  ‖vε - vref‖ = 1.4910994054380484  α = 0.000977
 60   -37.31337789214      -10.26       -3.17    4.43s
    ‖ρε - ρref‖ = 0.00014220734760306164 ‖Δρ‖ = 0.00015377802335682584  ‖vε - vref‖ = 1.4910976816738455  α = 0.000194
 61   -37.31337789214      -11.16       -3.99    3.70s
    ‖ρε - ρref‖ = 5.137246786790491e-5 ‖Δρ‖ = 4.1281028083611825e-5  ‖vε - vref‖ = 1.4910968007931367  α = 0.00022
 62   -37.31337789223      -10.07       -3.74    4.03s
    ‖ρε - ρref‖ = 4.8804342386761306e-5 ‖Δρ‖ = 3.0206219395048805e-5  ‖vε - vref‖ = 1.4910871322369055  α = 0.00126
 63   -37.31337789227      -10.40       -3.91    4.10s
    ‖ρε - ρref‖ = 4.750713105921933e-5 ‖Δρ‖ = 2.6913802599572016e-5  ‖vε - vref‖ = 1.4910791372227745  α = 0.000971
 64   -37.31337789233      -10.20       -4.13    4.32s
    ‖ρε - ρref‖ = 4.052578987101865e-5 ‖Δρ‖ = 1.2457393592765769e-5  ‖vε - vref‖ = 1.4910579576588985  α = 0.00265
 65   -37.31337789237      -10.44       -4.47    4.59s
    ‖ρε - ρref‖ = 3.889764286730714e-5 ‖Δρ‖ = 7.038945798697644e-6  ‖vε - vref‖ = 1.4910359784510354  α = 0.00346
 66   -37.31337789240      -10.45       -3.78    3.89s
    ‖ρε - ρref‖ = 4.68202497188081e-5 ‖Δρ‖ = 3.348771567084246e-5  ‖vε - vref‖ = 1.4910083806728922  α = 0.000726
 67   -37.31337789244      -10.40       -4.48    3.91s
    ‖ρε - ρref‖ = 3.861421215877815e-5 ‖Δρ‖ = 6.4670072965182794e-6  ‖vε - vref‖ = 1.4909810296204509  α = 0.00399
 68   -37.31337789247      -10.63       -4.00    4.52s
    ‖ρε - ρref‖ = 4.653352960208988e-5 ‖Δρ‖ = 2.509525262696437e-5  ‖vε - vref‖ = 1.4909647390847325  α = 0.000751
 69   -37.31337789251      -10.40       -4.26    4.15s
    ‖ρε - ρref‖ = 3.8514929753924984e-5 ‖Δρ‖ = 1.0147690249778597e-5  ‖vε - vref‖ = 1.4909355051375959  α = 0.00254
 70   -37.31337789253      -10.67       -4.15    4.26s
    ‖ρε - ρref‖ = 3.8683266985407695e-5 ‖Δρ‖ = 1.5298294063507494e-5  ‖vε - vref‖ = 1.4909215298530385  α = 0.00123
 71   -37.31337789253      -11.48       -3.77    4.81s
    ‖ρε - ρref‖ = 9.966184895985682e-5 ‖Δρ‖ = 6.683345974162505e-5  ‖vε - vref‖ = 1.4909215717496234  α = 0.000102
 72   -37.31337789256      -10.58       -4.28    4.11s
    ‖ρε - ρref‖ = 4.173743021890591e-5 ‖Δρ‖ = 1.0816061504800633e-5  ‖vε - vref‖ = 1.4909140982024254  α = 0.00181
 73   -37.31337789257      -10.76       -3.25    4.26s
    ‖ρε - ρref‖ = 0.00013757915889050135 ‖Δρ‖ = 0.00013342770489822742  ‖vε - vref‖ = 1.4909067295349545  α = 0.000115
 74   -37.31337789260      -10.68       -4.30    4.16s
    ‖ρε - ρref‖ = 3.853048053538721e-5 ‖Δρ‖ = 9.997476051262576e-6  ‖vε - vref‖ = 1.4908903915432212  α = 0.00189
 75   -37.31337789261      -10.91       -4.40    4.62s
    ‖ρε - ρref‖ = 3.899878095258052e-5 ‖Δρ‖ = 9.53438967151126e-6  ‖vε - vref‖ = 1.4908805291764224  α = 0.00153
 76   -37.31337789265      -10.39       -4.35    4.88s
    ‖ρε - ρref‖ = 3.865240733427124e-5 ‖Δρ‖ = 7.881614507474268e-6  ‖vε - vref‖ = 1.4908504170085113  α = 0.00319
 77   -37.31337789266      -10.79       -4.40    3.72s
    ‖ρε - ρref‖ = 4.051180361301547e-5 ‖Δρ‖ = 8.934589723424615e-6  ‖vε - vref‖ = 1.4908398888708114  α = 0.00188
 78   -37.31337789267      -11.02       -4.16    3.98s
    ‖ρε - ρref‖ = 4.154403891557121e-5 ‖Δρ‖ = 1.7254814549428905e-5  ‖vε - vref‖ = 1.4908313617997109  α = 0.000693
 79   -37.31337789269      -10.73       -4.50    3.95s
    ‖ρε - ρref‖ = 3.871398776643226e-5 ‖Δρ‖ = 6.197808478441842e-6  ‖vε - vref‖ = 1.490816317332448  α = 0.00276
 80   -37.31337789270      -11.01       -4.50    4.15s
    ‖ρε - ρref‖ = 3.8909319920499166e-5 ‖Δρ‖ = 8.372287932689522e-6  ‖vε - vref‖ = 1.4908070914691816  α = 0.00146
 81   -37.31337789272      -10.74       -4.21    3.98s
    ‖ρε - ρref‖ = 3.8896034359109445e-5 ‖Δρ‖ = 1.2679920872213177e-5  ‖vε - vref‖ = 1.490790010522042  α = 0.00139
 82   -37.31337789273      -11.37       -4.34    4.08s
    ‖ρε - ρref‖ = 3.106547500953857e-5 ‖Δρ‖ = 1.4112222454972238e-5  ‖vε - vref‖ = 1.4907856815488256  α = 0.000568
 83   -37.31337789274      -10.90       -3.64    4.55s
    ‖ρε - ρref‖ = 7.455609663661021e-5 ‖Δρ‖ = 5.040314589884954e-5  ‖vε - vref‖ = 1.4907803219888083  α = 0.000279
 84   -37.31337789274      -11.85       -4.24    4.76s
    ‖ρε - ρref‖ = 4.963114989808977e-5 ‖Δρ‖ = 2.4251203674206626e-5  ‖vε - vref‖ = 1.4907798934165923  α = 0.000171
 85   -37.31337789275      -10.87       -4.23    4.04s
    ‖ρε - ρref‖ = 4.0055755693994816e-5 ‖Δρ‖ = 1.2909916077282428e-5  ‖vε - vref‖ = 1.4907719669513757  α = 0.00115
 86   -37.31337789277      -10.78       -4.31    4.77s
    ‖ρε - ρref‖ = 3.935398945332754e-5 ‖Δρ‖ = 9.68528973794973e-6  ‖vε - vref‖ = 1.4907594130980077  α = 0.00172
 87   -37.31337789278      -10.90       -4.77    4.72s
    ‖ρε - ρref‖ = 3.846039118803756e-5 ‖Δρ‖ = 3.396228410191633e-6  ‖vε - vref‖ = 1.4907510370051467  α = 0.00432
 88   -37.31337789280      -10.87       -4.16    4.39s
    ‖ρε - ρref‖ = 4.0258464594427e-5 ‖Δρ‖ = 1.3162164489921608e-5  ‖vε - vref‖ = 1.4907418550258842  α = 0.00116
 89   -37.31337789281      -10.82       -4.58    3.99s
    ‖ρε - ρref‖ = 3.903729677441022e-5 ‖Δρ‖ = 5.09404772286004e-6  ‖vε - vref‖ = 1.4907315426013885  α = 0.00314
 90   -37.31337789282      -11.24       -4.23    4.00s
    ‖ρε - ρref‖ = 3.96358573238964e-5 ‖Δρ‖ = 1.523448198471637e-5  ‖vε - vref‖ = 1.4907254720677932  α = 0.000614
 91   -37.31337789283      -10.81       -4.60    3.96s
    ‖ρε - ρref‖ = 3.782863603855663e-5 ‖Δρ‖ = 4.842602313867124e-6  ‖vε - vref‖ = 1.4907096154592088  α = 0.00335
 92   -37.31337789284      -11.23       -4.63    3.85s
    ‖ρε - ρref‖ = 3.9245999706767775e-5 ‖Δρ‖ = 6.644889970905312e-6  ‖vε - vref‖ = 1.4907065471149874  α = 0.00141
 93   -37.31337789285      -11.02       -4.29    4.00s
    ‖ρε - ρref‖ = 4.312558058806606e-5 ‖Δρ‖ = 1.0758260422216385e-5  ‖vε - vref‖ = 1.4907041027702268  α = 0.00116
 94   -37.31337789285      -11.60       -3.70    4.63s
    ‖ρε - ρref‖ = 4.967887151830638e-5 ‖Δρ‖ = 6.694940446483196e-5  ‖vε - vref‖ = 1.4907014915155803  α = 8.96e-5
 95   -37.31337789285      -11.44       -4.58    4.51s
    ‖ρε - ρref‖ = 3.7683199108920206e-5 ‖Δρ‖ = 7.76450606186871e-6  ‖vε - vref‖ = 1.4906987600333115  α = 0.000894
 96   -37.31337789286      -11.32       -3.75    3.84s
    ‖ρε - ρref‖ = 6.640425069315692e-5 ‖Δρ‖ = 5.0133506105349614e-5  ‖vε - vref‖ = 1.4906960628285284  α = 0.000164
 97   -37.31337789287      -11.02       -4.80    4.08s
    ‖ρε - ρref‖ = 3.827967918072452e-5 ‖Δρ‖ = 3.399109590622413e-6  ‖vε - vref‖ = 1.4906950088742257  α = 0.0037
 98   -37.31337789288      -11.08       -4.43    4.28s
    ‖ρε - ρref‖ = 3.936592976696057e-5 ‖Δρ‖ = 8.250475983597037e-6  ‖vε - vref‖ = 1.4906953401386653  α = 0.00142
 99   -37.31337789288      -11.07       -4.79    3.79s
    ‖ρε - ρref‖ = 3.8550285335346125e-5 ‖Δρ‖ = 3.345940563047613e-6  ‖vε - vref‖ = 1.490698363535629  α = 0.00355
 100   -37.31337789289      -11.23       -4.36    4.04s
    ‖ρε - ρref‖ = 3.915292897206793e-5 ‖Δρ‖ = 9.578901143541612e-6  ‖vε - vref‖ = 1.4907008112999323  α = 0.00105
 101   -37.31337789290      -11.26       -4.70    3.86s
    ‖ρε - ρref‖ = 3.86933917463918e-5 ‖Δρ‖ = 4.611463311548626e-6  ‖vε - vref‖ = 1.490704279699995  α = 0.00194
 102   -37.31337789290      -11.42       -4.48    3.96s
    ‖ρε - ρref‖ = 3.819152966456681e-5 ‖Δρ‖ = 8.245892804076374e-6  ‖vε - vref‖ = 1.4907046966951614  α = 0.000967
 103   -37.31337789291      -11.02       -4.46    3.86s
    ‖ρε - ρref‖ = 3.859222511585146e-5 ‖Δρ‖ = 6.471789745909846e-6  ‖vε - vref‖ = 1.4907073225326035  α = 0.00197
 104   -37.31337789291      -11.31       -4.67    4.12s
    ‖ρε - ρref‖ = 3.846098816449312e-5 ‖Δρ‖ = 4.255682190511434e-6  ‖vε - vref‖ = 1.490710023771035  α = 0.00216
 105   -37.31337789291      -12.11       -4.23    4.39s
    ‖ρε - ρref‖ = 5.548062734698779e-5 ‖Δρ‖ = 2.1427795769451134e-5  ‖vε - vref‖ = 1.490711159425886  α = 0.000151
 106   -37.31337789292      -11.79       -4.28    4.56s
    ‖ρε - ρref‖ = 3.6963053657920634e-5 ‖Δρ‖ = 1.5258891384691678e-5  ‖vε - vref‖ = 1.490711272246139  α = 0.000331
 107   -37.31337789292      -12.26       -4.61    3.88s
    ‖ρε - ρref‖ = 3.635571522859202e-5 ‖Δρ‖ = 1.139114868722499e-5  ‖vε - vref‖ = 1.4907110778059012  α = 0.000217
 108   -37.31337789292      -11.09       -4.45    3.89s
    ‖ρε - ρref‖ = 3.839688369127994e-5 ‖Δρ‖ = 6.9956799712164975e-6  ‖vε - vref‖ = 1.490711267750225  α = 0.00164
 109   -37.31337789293      -11.06       -4.73    3.97s
    ‖ρε - ρref‖ = 3.874949556047154e-5 ‖Δρ‖ = 3.5370927051387216e-6  ‖vε - vref‖ = 1.4907168762069676  α = 0.00341
 110   -37.31337789294      -11.41       -4.94    4.22s
    ‖ρε - ρref‖ = 3.83344227335687e-5 ‖Δρ‖ = 2.8133345409871857e-6  ‖vε - vref‖ = 1.4907183369721588  α = 0.00293
 111   -37.31337789294      -11.50       -4.60    4.52s
    ‖ρε - ρref‖ = 3.849003466822158e-5 ‖Δρ‖ = 5.454926619528704e-6  ‖vε - vref‖ = 1.490718921108883  α = 0.00137
 112   -37.31337789294      -11.45       -4.80    4.27s
    ‖ρε - ρref‖ = 3.801813967767095e-5 ‖Δρ‖ = 3.3091195371322594e-6  ‖vε - vref‖ = 1.4907180916458236  α = 0.00237
 113   -37.31337789295      -11.49       -4.51    3.98s
    ‖ρε - ρref‖ = 3.921633316646972e-5 ‖Δρ‖ = 6.763486199007586e-6  ‖vε - vref‖ = 1.4907181869182142  α = 0.00109
 114   -37.31337789295      -11.80       -4.70    4.68s
    ‖ρε - ρref‖ = 3.837326839507031e-5 ‖Δρ‖ = 5.2901977875397034e-6  ‖vε - vref‖ = 1.4907178118292341  α = 0.000957
 115   -37.31337789295      -11.27       -4.76    4.52s
    ‖ρε - ρref‖ = 3.8623160490098214e-5 ‖Δρ‖ = 3.445913651958091e-6  ‖vε - vref‖ = 1.4907187087820981  α = 0.00264
 116   -37.31337789296      -11.35       -4.64    3.99s
    ‖ρε - ρref‖ = 3.559842766167478e-5 ‖Δρ‖ = 5.008644813175895e-6  ‖vε - vref‖ = 1.490714850135567  α = 0.00163
 117   -37.31337789296      -11.58       -3.63    4.24s
    ‖ρε - ρref‖ = 8.586226334310522e-5 ‖Δρ‖ = 6.057157216807414e-5  ‖vε - vref‖ = 1.4907145667799806  α = 0.000105
 118   -37.31337789296      -12.22       -4.67    4.44s
    ‖ρε - ρref‖ = 4.019206158306268e-5 ‖Δρ‖ = 8.746317579392018e-6  ‖vε - vref‖ = 1.4907147786045116  α = 0.000342
 119   -37.31337789296      -11.87       -4.33    4.21s
    ‖ρε - ρref‖ = 3.739400253662386e-5 ‖Δρ‖ = 1.5256202691739917e-5  ‖vε - vref‖ = 1.4907147920283914  α = 0.000263
 120   -37.31337789297      -11.25       -4.58    4.32s
    ‖ρε - ρref‖ = 3.91837092490098e-5 ‖Δρ‖ = 4.737410278839403e-6  ‖vε - vref‖ = 1.4907193633687057  α = 0.00204
 121   -37.31337789297      -11.49       -4.89    4.84s
    ‖ρε - ρref‖ = 3.8390243765422734e-5 ‖Δρ‖ = 2.88036225619505e-6  ‖vε - vref‖ = 1.490721556252496  α = 0.00248
 122   -37.31337789298      -11.17       -4.94    3.85s
    ‖ρε - ρref‖ = 3.830710103810881e-5 ‖Δρ‖ = 2.018072061594293e-6  ‖vε - vref‖ = 1.4907285839367206  α = 0.00519
 123   -37.31337789298      -11.45       -4.96    3.83s
    ‖ρε - ρref‖ = 3.8124590147262035e-5 ‖Δρ‖ = 2.4527345676426155e-6  ‖vε - vref‖ = 1.4907304371708943  α = 0.00315
 124   -37.31337789298      -11.76       -4.76    4.40s
    ‖ρε - ρref‖ = 3.80582244696498e-5 ‖Δρ‖ = 3.9666021399453266e-6  ‖vε - vref‖ = 1.490730439947996  α = 0.00139
 125   -37.31337789299      -11.38       -4.67    3.78s
    ‖ρε - ρref‖ = 3.875225860603101e-5 ‖Δρ‖ = 4.045881116103808e-6  ‖vε - vref‖ = 1.4907314581690296  α = 0.00203
 126   -37.31337789299      -11.79       -4.42    3.82s
    ‖ρε - ρref‖ = 3.8794635579804676e-5 ‖Δρ‖ = 8.703914251929194e-6  ‖vε - vref‖ = 1.4907310944131744  α = 0.000589
 127   -37.31337789299      -11.60       -5.09    3.90s
    ‖ρε - ρref‖ = 3.854096410818521e-5 ‖Δρ‖ = 1.7652668666491613e-6  ‖vε - vref‖ = 1.4907314087293606  α = 0.00359
 128   -37.31337789299      -12.36       -4.20    3.77s
    ‖ρε - ρref‖ = 2.693923707805054e-5 ‖Δρ‖ = 2.2953151193752615e-5  ‖vε - vref‖ = 1.4907307151478981  α = 0.000107
 129   -37.31337789299      -11.78       -4.57    3.94s
    ‖ρε - ρref‖ = 3.891623551849077e-5 ‖Δρ‖ = 6.5218435290207e-6  ‖vε - vref‖ = 1.4907300272100634  α = 0.000799
 130   -37.31337789299      -12.48       -4.28    4.17s
    ‖ρε - ρref‖ = 4.8157584679160095e-5 ‖Δρ‖ = 2.0638903499988595e-5  ‖vε - vref‖ = 1.4907300881043164  α = 0.000104
 131   -37.31337789300      -11.65       -4.89    3.64s
    ‖ρε - ρref‖ = 3.790002523022729e-5 ‖Δρ‖ = 3.1065007518196764e-6  ‖vε - vref‖ = 1.4907289624630808  α = 0.00188
 132   -37.31337789300      -11.78       -4.62    4.24s
    ‖ρε - ρref‖ = 3.917175006292957e-5 ‖Δρ‖ = 6.314173828072853e-6  ‖vε - vref‖ = 1.4907288677887018  α = 0.000801
 133   -37.31337789300      -11.65       -5.02    3.91s
    ‖ρε - ρref‖ = 3.841051408468012e-5 ‖Δρ‖ = 2.061492021389998e-6  ‖vε - vref‖ = 1.4907295090290844  α = 0.00295
 134   -37.31337789301      -11.28       -4.92    4.21s
    ‖ρε - ρref‖ = 3.8143141471070594e-5 ‖Δρ‖ = 1.8312064620205904e-6  ‖vε - vref‖ = 1.4907260378248368  α = 0.00487
 135   -37.31337789301      -11.68       -5.06    4.77s
    ‖ρε - ρref‖ = 3.838821306696964e-5 ‖Δρ‖ = 1.7478183358264741e-6  ‖vε - vref‖ = 1.4907263977699554  α = 0.00331
 136   -37.31337789301      -11.61       -4.95    4.70s
    ‖ρε - ρref‖ = 3.806579149035336e-5 ‖Δρ‖ = 2.1942510031906224e-6  ‖vε - vref‖ = 1.4907247030172674  α = 0.00284
 137   -37.31337789301      -12.23       -4.72    4.22s
    ‖ρε - ρref‖ = 3.875292503541504e-5 ‖Δρ‖ = 4.997983040656226e-6  ‖vε - vref‖ = 1.4907246535115641  α = 0.000628
 138   -37.31337789301      -11.94       -5.07    4.86s
    ‖ρε - ρref‖ = 3.792394302186362e-5 ‖Δρ‖ = 1.9510941973659075e-6  ‖vε - vref‖ = 1.4907239393525218  α = 0.00228
 139   -37.31337789301      -12.16       -4.71    4.68s
    ‖ρε - ρref‖ = 4.0598962990200555e-5 ‖Δρ‖ = 4.820518540205324e-6  ‖vε - vref‖ = 1.4907247463852753  α = 0.000688
 140   -37.31337789301      -12.27       -4.06    4.02s
    ‖ρε - ρref‖ = 3.266789041879366e-5 ‖Δρ‖ = 2.400380415391435e-5  ‖vε - vref‖ = 1.4907244984903711  α = 0.000116
 141   -37.31337789301      -12.31       -4.92    4.55s
    ‖ρε - ρref‖ = 3.79959486721853e-5 ‖Δρ‖ = 3.3591345019937406e-6  ‖vε - vref‖ = 1.4907250479506908  α = 0.000795
 142   -37.31337789302      -12.01       -4.10    4.11s
    ‖ρε - ρref‖ = 4.716107473647523e-5 ‖Δρ‖ = 1.7265558638250908e-5  ‖vε - vref‖ = 1.490726837039748  α = 0.000216
 143   -37.31337789302      -11.99       -5.18    4.88s
    ‖ρε - ρref‖ = 3.800397383575313e-5 ‖Δρ‖ = 1.3506186793881972e-6  ‖vε - vref‖ = 1.4907270769331007  α = 0.00299
 144   -37.31337789302      -12.02       -4.65    4.77s
    ‖ρε - ρref‖ = 3.843050029486739e-5 ‖Δρ‖ = 4.77577083115847e-6  ‖vε - vref‖ = 1.4907275078651938  α = 0.000835
 145   -37.31337789302      -12.08       -5.12    4.62s
    ‖ρε - ρref‖ = 3.826733435013258e-5 ‖Δρ‖ = 1.5969781449212443e-6  ‖vε - vref‖ = 1.490728557784478  α = 0.00234
 146   -37.31337789302      -12.38       -5.12    4.33s
    ‖ρε - ρref‖ = 3.8297143457079504e-5 ‖Δρ‖ = 1.953501462272342e-6  ‖vε - vref‖ = 1.4907293622764612  α = 0.00138
 147   -37.31337789302      -11.94       -5.33    4.73s
    ‖ρε - ρref‖ = 3.819659715969299e-5 ‖Δρ‖ = 8.346244905290328e-7  ‖vε - vref‖ = 1.4907306620797602  α = 0.00519
 148   -37.31337789302      -11.90       -5.31    4.72s
    ‖ρε - ρref‖ = 3.8278563611732645e-5 ‖Δρ‖ = 8.764166468947127e-7  ‖vε - vref‖ = 1.4907334006633994  α = 0.00524
 149   -37.31337789302      -12.27       -4.99    4.80s
    ‖ρε - ρref‖ = 3.8404593740536805e-5 ‖Δρ‖ = 2.314608480114282e-6  ‖vε - vref‖ = 1.4907339317249764  α = 0.00126
 150   -37.31337789302      -12.38       -4.90    3.76s
    ‖ρε - ρref‖ = 3.756544793216657e-5 ‖Δρ‖ = 3.042750466214395e-6  ‖vε - vref‖ = 1.490733554800895  α = 0.000835
 151   -37.31337789302      -13.11       -4.90    4.11s
    ‖ρε - ρref‖ = 4.1674102866212463e-5 ‖Δρ‖ = 4.8153583379386875e-6  ‖vε - vref‖ = 1.4907338031227433  α = 0.0002
 152   -37.31337789302      -12.29       -4.79    4.51s
    ‖ρε - ρref‖ = 3.802285363213179e-5 ‖Δρ‖ = 3.46722374446436e-6  ‖vε - vref‖ = 1.4907340897783763  α = 0.000895
 153   -37.31337789302      -13.11       -4.73    4.15s
    ‖ρε - ρref‖ = 3.630805975373816e-5 ‖Δρ‖ = 7.94991866401337e-6  ‖vε - vref‖ = 1.4907339921359888  α = 0.000113
 154   -37.31337789302      -12.49       -4.99    4.53s
    ‖ρε - ρref‖ = 3.8339750436538906e-5 ‖Δρ‖ = 2.410366796225584e-6  ‖vε - vref‖ = 1.4907338538678865  α = 0.000934
 155   -37.31337789302      -12.13       -5.08    4.11s
    ‖ρε - ρref‖ = 3.80101857030676e-5 ‖Δρ‖ = 1.4541836253070477e-6  ‖vε - vref‖ = 1.4907328656784964  α = 0.00246
 156   -37.31337789302      -12.35       -5.15    4.39s
    ‖ρε - ρref‖ = 3.840602870614309e-5 ‖Δρ‖ = 1.670302521801388e-6  ‖vε - vref‖ = 1.490732995142732  α = 0.00157
 157   -37.31337789302      -12.38       -4.94    4.37s
    ‖ρε - ρref‖ = 3.8338874306363864e-5 ‖Δρ‖ = 2.6031457019863455e-6  ‖vε - vref‖ = 1.4907332396312736  α = 0.000999
 158   -37.31337789303      -12.21       -5.32    3.97s
    ‖ρε - ρref‖ = 3.8276304719564134e-5 ‖Δρ‖ = 8.736992611664972e-7  ‖vε - vref‖ = 1.4907340137333087  α = 0.00357
 159   -37.31337789303      -12.10       -5.24    4.25s
    ‖ρε - ρref‖ = 3.815632456010012e-5 ‖Δρ‖ = 1.0250293661102792e-6  ‖vε - vref‖ = 1.4907345844204092  α = 0.00354
 160   -37.31337789303      -12.56       -5.31    4.31s
    ‖ρε - ρref‖ = 3.814884212109336e-5 ‖Δρ‖ = 1.2584060537996858e-6  ‖vε - vref‖ = 1.4907348367120314  α = 0.00175
 161   -37.31337789303      -12.18       -5.25    4.78s
    ‖ρε - ρref‖ = 3.822106063984835e-5 ‖Δρ‖ = 1.073987936752329e-6  ‖vε - vref‖ = 1.4907352363035793  α = 0.00297
 162   -37.31337789303      -12.67       -5.32    4.69s
    ‖ρε - ρref‖ = 3.744364701662307e-5 ‖Δρ‖ = 1.3729863357073023e-6  ‖vε - vref‖ = 1.4907349636596081  α = 0.00111
 163   -37.31337789303      -12.97       -4.44    4.41s
    ‖ρε - ρref‖ = 4.4231074548233706e-5 ‖Δρ‖ = 1.0581448344760165e-5  ‖vε - vref‖ = 1.4907352725077125  α = 0.000143
 164   -37.31337789303      -12.32       -4.80    3.73s
    ‖ρε - ρref‖ = 3.843445545341795e-5 ‖Δρ‖ = 3.314126172226969e-6  ‖vε - vref‖ = 1.4907360299426962  α = 0.000845
 165   -37.31337789303      -14.15       -4.73    4.02s
    ‖ρε - ρref‖ = 3.629145285366775e-5 ‖Δρ‖ = 8.060578318150366e-6  ‖vε - vref‖ = 1.4907360255058928  α = 8.63e-5
 166   -37.31337789303      -12.42       -5.55    4.04s
    ‖ρε - ρref‖ = 3.834154924804155e-5 ‖Δρ‖ = 6.185454952329021e-7  ‖vε - vref‖ = 1.4907377182814372  α = 0.00369
 167   -37.31337789303      -12.54       -5.36    4.08s
    ‖ρε - ρref‖ = 3.809824697703922e-5 ‖Δρ‖ = 9.460010049853358e-7  ‖vε - vref‖ = 1.4907382535776137  α = 0.00242
 168   -37.31337789303      -12.67       -4.99    4.78s
    ‖ρε - ρref‖ = 3.815142785796571e-5 ‖Δρ‖ = 2.1609945346513938e-6  ‖vε - vref‖ = 1.4907385236358808  α = 0.000916
 169   -37.31337789303      -12.89       -5.44    4.73s
    ‖ρε - ρref‖ = 3.816022721204498e-5 ‖Δρ‖ = 8.766877925109189e-7  ‖vε - vref‖ = 1.4907388411367544  α = 0.00161
 170   -37.31337789303      -12.57       -5.18    3.85s
    ‖ρε - ρref‖ = 3.837236860230865e-5 ‖Δρ‖ = 1.3037038993096746e-6  ‖vε - vref‖ = 1.4907397779717952  α = 0.00159
 171   -37.31337789303      -12.94       -5.46    3.82s
    ‖ρε - ρref‖ = 3.8165796168197835e-5 ‖Δρ‖ = 7.579701760731628e-7  ‖vε - vref‖ = 1.490739752804085  α = 0.00198
 172   -37.31337789303      -12.57       -5.70    4.17s
    ‖ρε - ρref‖ = 3.8172834185641055e-5 ‖Δρ‖ = 3.861293357672826e-7  ‖vε - vref‖ = 1.4907398871944257  α = 0.00491
 173   -37.31337789303      -12.83       -5.78    4.61s
    ‖ρε - ρref‖ = 3.8216636230274866e-5 ‖Δρ‖ = 3.4896481524574635e-7  ‖vε - vref‖ = 1.4907397081407856  α = 0.00471
 174   -37.31337789303      -13.45       -5.18    4.93s
    ‖ρε - ρref‖ = 3.625772669412234e-5 ‖Δρ‖ = 2.6454802601497934e-6  ‖vε - vref‖ = 1.490739536878891  α = 0.000185
 175   -37.31337789303      -12.94       -5.06    4.36s
    ‖ρε - ρref‖ = 3.8353703422224653e-5 ‖Δρ‖ = 2.0123899136597274e-6  ‖vε - vref‖ = 1.490739221589067  α = 0.00068
 176   -37.31337789303      -13.15       -5.05    4.18s
    ‖ρε - ρref‖ = 3.902575689158324e-5 ‖Δρ‖ = 2.5271094624787817e-6  ‖vε - vref‖ = 1.4907392144835547  α = 0.000408
 177   -37.31337789303      -13.25       -4.64    4.28s
    ‖ρε - ρref‖ = 3.780541344158157e-5 ‖Δρ‖ = 6.1036686011969526e-6  ‖vε - vref‖ = 1.4907390374753517  α = 0.000169
 178   -37.31337789303      -12.85       -5.44    3.94s
    ‖ρε - ρref‖ = 3.822134931694369e-5 ‖Δρ‖ = 7.354162685953955e-7  ‖vε - vref‖ = 1.4907387258085778  α = 0.00216
 179   -37.31337789303      -12.97       -5.57    3.73s
    ‖ρε - ρref‖ = 3.816084982360898e-5 ‖Δρ‖ = 7.041384792194948e-7  ‖vε - vref‖ = 1.4907385796502377  α = 0.00146
 180   -37.31337789303      -12.97       -5.65    4.61s
    ‖ρε - ρref‖ = 3.818425428986803e-5 ‖Δρ‖ = 4.830701064295068e-7  ‖vε - vref‖ = 1.4907381427762536  α = 0.00287
 181   -37.31337789303      -13.30       -5.40    4.23s
    ‖ρε - ρref‖ = 3.811895453903865e-5 ‖Δρ‖ = 1.0276409702868338e-6  ‖vε - vref‖ = 1.4907378560969595  α = 0.00099
 182   -37.31337789303      -12.85       -5.43    3.78s
    ‖ρε - ρref‖ = 3.827738881788392e-5 ‖Δρ‖ = 7.175771940836034e-7  ‖vε - vref‖ = 1.4907374255846835  α = 0.00206
 183   -37.31337789303      -13.55       -5.35    4.12s
    ‖ρε - ρref‖ = 3.818875005343329e-5 ‖Δρ‖ = 1.0376071045264521e-6  ‖vε - vref‖ = 1.4907371879376794  α = 0.000828
 184   -37.31337789303      -12.83       -5.77    4.26s
    ‖ρε - ρref‖ = 3.815759607799309e-5 ‖Δρ‖ = 2.9289301121198867e-7  ‖vε - vref‖ = 1.490735968623242  α = 0.0054
 185   -37.31337789303      -12.97       -5.78    3.72s
    ‖ρε - ρref‖ = 3.824677750154068e-5 ‖Δρ‖ = 3.44764616140723e-7  ‖vε - vref‖ = 1.4907357681202338  α = 0.00361
 186   -37.31337789303      -13.55       -5.58    4.20s
    ‖ρε - ρref‖ = 3.745785846558249e-5 ‖Δρ‖ = 1.0124430205912523e-6  ‖vε - vref‖ = 1.4907355742536323  α = 0.000407
 187   -37.31337789303      -12.97       -5.01    4.23s
    ‖ρε - ρref‖ = 3.827397766323388e-5 ‖Δρ‖ = 1.838221727680291e-6  ‖vε - vref‖ = 1.4907346807756388  α = 0.000743
 188   -37.31337789303      -14.15       -5.26    4.58s
    ‖ρε - ρref‖ = 3.907968887380734e-5 ‖Δρ‖ = 2.210135786436506e-6  ‖vε - vref‖ = 1.490734675953802  α = 0.000172
 189   -37.31337789303      -13.15       -5.19    4.17s
    ‖ρε - ρref‖ = 3.819469603318072e-5 ‖Δρ‖ = 1.2575607270461106e-6  ‖vε - vref‖ = 1.4907344436915744  α = 0.000887
 190   -37.31337789303      -13.85       -5.80    4.41s
    ‖ρε - ρref‖ = 3.817624732414858e-5 ‖Δρ‖ = 4.317328604060975e-7  ‖vε - vref‖ = 1.4907343330203304  α = 0.00132
 191   -37.31337789303      -13.07       -5.54    4.15s
    ‖ρε - ρref‖ = 3.829380427801715e-5 ‖Δρ‖ = 5.795034647064622e-7  ‖vε - vref‖ = 1.4907342313754204  α = 0.00185
 192   -37.31337789303      -13.11       -5.64    4.64s
    ‖ρε - ρref‖ = 3.8146137041502675e-5 ‖Δρ‖ = 4.2406876836235174e-7  ‖vε - vref‖ = 1.4907336906516868  α = 0.00276
 193   -37.31337789303      -13.37       -5.63    4.76s
    ‖ρε - ρref‖ = 3.8145914819536294e-5 ‖Δρ‖ = 6.034190286577853e-7  ‖vε - vref‖ = 1.4907334680727427  α = 0.00123
 194   -37.31337789303   +    -Inf       -5.79    5.74s
    ‖ρε - ρref‖ = 3.8229350770458865e-5 ‖Δρ‖ = 4.033195297309233e-7  ‖vε - vref‖ = 1.4907334554962188  α = 0.000467
 195   -37.31337789303      -13.67       -5.51    4.68s
    ‖ρε - ρref‖ = 3.8163652879522065e-5 ‖Δρ‖ = 7.461336569218426e-7  ‖vε - vref‖ = 1.4907333830325027  α = 0.000988
 196   -37.31337789303      -12.97       -5.99    4.27s
    ‖ρε - ρref‖ = 3.8190161250409454e-5 ‖Δρ‖ = 1.985509734835914e-7  ‖vε - vref‖ = 1.4907330043338973  α = 0.00564
 197   -37.31337789303      -13.67       -5.66    4.66s
    ‖ρε - ρref‖ = 3.8221384416476135e-5 ‖Δρ‖ = 5.621358278430937e-7  ‖vε - vref‖ = 1.490732864109443  α = 0.00142
 198   -37.31337789303      -13.67       -5.44    4.08s
    ‖ρε - ρref‖ = 3.749119708533205e-5 ‖Δρ‖ = 1.1805236212979523e-6  ‖vε - vref‖ = 1.4907327436451838  α = 0.000331
 199   -37.31337789303   +    -Inf       -4.95    5.62s
    ‖ρε - ρref‖ = 3.897691001554246e-5 ‖Δρ‖ = 2.547267174789901e-6  ‖vε - vref‖ = 1.4907327332915676  α = 6.94e-5
 200   -37.31337789303   +  -14.15       -5.67    4.88s
    ‖ρε - ρref‖ = 3.849041727109754e-5 ‖Δρ‖ = 7.594596434644937e-7  ‖vε - vref‖ = 1.4907327462413913  α = 0.000385
 201   -37.31337789303      -13.30       -5.10    4.71s
    ‖ρε - ρref‖ = 3.8000836269689255e-5 ‖Δρ‖ = 1.4472522192359873e-6  ‖vε - vref‖ = 1.4907325423831896  α = 0.000536
 202   -37.31337789303      -13.37       -6.17    4.37s
    ‖ρε - ρref‖ = 3.8188499933412526e-5 ‖Δρ‖ = 1.1480042300374604e-7  ‖vε - vref‖ = 1.4907324044513242  α = 0.0082
 203   -37.31337789303      -14.15       -5.69    4.75s
    ‖ρε - ρref‖ = 3.824397440050147e-5 ‖Δρ‖ = 5.633209831678981e-7  ‖vε - vref‖ = 1.4907324181048702  α = 0.000642
 204   -37.31337789303      -13.30       -5.94    3.97s
    ‖ρε - ρref‖ = 3.8153998728860395e-5 ‖Δρ‖ = 2.395785873009004e-7  ‖vε - vref‖ = 1.4907322406230623  α = 0.00273
 205   -37.31337789303      -13.85       -5.57    4.36s
    ‖ρε - ρref‖ = 3.831370527226178e-5 ‖Δρ‖ = 7.664376976840144e-7  ‖vε - vref‖ = 1.4907323043679501  α = 0.000758
 206   -37.31337789303      -14.15       -5.84    4.39s
    ‖ρε - ρref‖ = 3.820025315089456e-5 ‖Δρ‖ = 3.158960820410231e-7  ‖vε - vref‖ = 1.4907323005645106  α = 0.00201
 207   -37.31337789303      -13.85       -5.83    4.89s
    ‖ρε - ρref‖ = 3.81718601298628e-5 ‖Δρ‖ = 2.9440113714237664e-7  ‖vε - vref‖ = 1.4907321696539468  α = 0.00229
 208   -37.31337789303   +    -Inf       -5.98    4.55s
    ‖ρε - ρref‖ = 3.821852344308082e-5 ‖Δρ‖ = 2.426331770200691e-7  ‖vε - vref‖ = 1.4907321862843734  α = 0.00184
 209   -37.31337789303      -13.45       -5.92    4.14s
    ‖ρε - ρref‖ = 3.81262618100138e-5 ‖Δρ‖ = 2.9991765577473246e-7  ‖vε - vref‖ = 1.4907322310054656  α = 0.00144
 210   -37.31337789303      -13.85       -4.79    4.53s
    ‖ρε - ρref‖ = 4.19135890700585e-5 ‖Δρ‖ = 5.49509427814977e-6  ‖vε - vref‖ = 1.4907323784692266  α = 8.67e-5
 211   -37.31337789303   +  -14.15       -5.68    5.01s
    ‖ρε - ρref‖ = 3.8068773803379976e-5 ‖Δρ‖ = 5.256468800410095e-7  ‖vε - vref‖ = 1.4907323141336493  α = 0.000748
 212   -37.31337789303      -14.15       -5.36    4.90s
    ‖ρε - ρref‖ = 3.872738081742906e-5 ‖Δρ‖ = 1.5700600414224882e-6  ‖vε - vref‖ = 1.490732328601643  α = 0.000121
 213   -37.31337789303      -13.85       -5.81    4.44s
    ‖ρε - ρref‖ = 3.813206393741331e-5 ‖Δρ‖ = 3.3745269148924143e-7  ‖vε - vref‖ = 1.4907322576288886  α = 0.00158
 214   -37.31337789303      -13.15       -6.02    4.08s
    ‖ρε - ρref‖ = 3.818238692627597e-5 ‖Δρ‖ = 1.8402707866584948e-7  ‖vε - vref‖ = 1.4907322445654159  α = 0.0032
 215   -37.31337789303      -14.15       -6.03    16.6s
    ‖ρε - ρref‖ = 3.822306602871136e-5 ‖Δρ‖ = 1.9121006314902056e-7  ‖vε - vref‖ = 1.4907322449475322  α = 5.25e-6
 216   -37.31337789303   +  -13.45       -5.58    4.05s
    ‖ρε - ρref‖ = 3.8179693692108416e-5 ‖Δρ‖ = 6.238695344013946e-7  ‖vε - vref‖ = 1.4907322873742204  α = 0.000644
 217   -37.31337789303      -13.19       -6.11    4.26s
    ‖ρε - ρref‖ = 3.818065613291072e-5 ‖Δρ‖ = 1.4308825038817534e-7  ‖vε - vref‖ = 1.4907322550562696  α = 0.00399
 218   -37.31337789303   +    -Inf       -6.04    4.54s
    ‖ρε - ρref‖ = 3.8209755310550236e-5 ‖Δρ‖ = 1.9831791697060304e-7  ‖vε - vref‖ = 1.4907323811580822  α = 0.00246
 219   -37.31337789303   +  -14.15       -5.94    4.84s
    ‖ρε - ρref‖ = 3.815087991253459e-5 ‖Δρ‖ = 2.9583923118424507e-7  ‖vε - vref‖ = 1.490732341060706  α = 0.00112
 220   -37.31337789303      -13.67       -5.87    4.24s
    ‖ρε - ρref‖ = 3.821314337723339e-5 ‖Δρ‖ = 2.856527732765194e-7  ‖vε - vref‖ = 1.4907322782796912  α = 0.00141
 221   -37.31337789303   +  -13.67       -5.64    3.92s
    ‖ρε - ρref‖ = 3.757901355917152e-5 ‖Δρ‖ = 9.144451597729788e-7  ‖vε - vref‖ = 1.4907322485987045  α = 0.000127
 222   -37.31337789303      -14.15       -5.88    4.38s
    ‖ρε - ρref‖ = 3.82118455845127e-5 ‖Δρ‖ = 2.7735356418352037e-7  ‖vε - vref‖ = 1.4907322589457352  α = 0.00147
 223   -37.31337789303      -13.85       -5.91    4.16s
    ‖ρε - ρref‖ = 3.81045108442356e-5 ‖Δρ‖ = 3.2712969667912227e-7  ‖vε - vref‖ = 1.4907322216408998  α = 0.000778
 224   -37.31337789303      -13.85       -5.24    4.24s
    ‖ρε - ρref‖ = 3.869033854800648e-5 ‖Δρ‖ = 1.6275813688167298e-6  ‖vε - vref‖ = 1.4907322343329288  α = 0.000132
 225   -37.31337789303      -13.85       -6.23    4.67s
    ‖ρε - ρref‖ = 3.8174574517844706e-5 ‖Δρ‖ = 1.2664897157786714e-7  ‖vε - vref‖ = 1.490732202650999  α = 0.00308
 226   -37.31337789303      -13.85       -5.45    4.70s
    ‖ρε - ρref‖ = 3.83295953514661e-5 ‖Δρ‖ = 7.409270640703166e-7  ‖vε - vref‖ = 1.4907324333167493  α = 0.000784
 227   -37.31337789303      -13.85       -6.19    4.64s
    ‖ρε - ρref‖ = 3.8205017274355704e-5 ‖Δρ‖ = 1.2946173559025524e-7  ‖vε - vref‖ = 1.4907326280872195  α = 0.00311
 228   -37.31337789303   +    -Inf       -5.95    4.45s
    ‖ρε - ρref‖ = 3.818199031605479e-5 ‖Δρ‖ = 2.344289914696306e-7  ‖vε - vref‖ = 1.4907326504325302  α = 0.00136
 229   -37.31337789303      -13.67       -5.96    5.82s
    ‖ρε - ρref‖ = 3.816011870799503e-5 ‖Δρ‖ = 2.2769401896039003e-7  ‖vε - vref‖ = 1.490732656719189  α = 0.000223
 230   -37.31337789303   +  -13.37       -6.06    4.04s
    ‖ρε - ρref‖ = 3.819963144040556e-5 ‖Δρ‖ = 2.2621364194320378e-7  ‖vε - vref‖ = 1.4907327406984308  α = 0.00122
 231   -37.31337789303      -13.19       -6.26    3.76s
    ‖ρε - ρref‖ = 3.820615604705032e-5 ‖Δρ‖ = 1.1795252966932652e-7  ‖vε - vref‖ = 1.490732860740409  α = 0.0029
 232   -37.31337789303   +  -13.55       -5.95    4.35s
    ‖ρε - ρref‖ = 3.7979503529080515e-5 ‖Δρ‖ = 3.7405101895584664e-7  ‖vε - vref‖ = 1.4907328518971483  α = 0.000406
 233   -37.31337789303      -13.85       -5.47    41.9s
    ‖ρε - ρref‖ = 3.863529342056143e-5 ‖Δρ‖ = 1.1079305439452906e-6  ‖vε - vref‖ = 1.4907328532572584  α = 4.92e-6
 234   -37.31337789303   +  -13.45       -6.18    3.84s
    ‖ρε - ρref‖ = 3.817920325808117e-5 ‖Δρ‖ = 1.15054312600891e-7  ‖vε - vref‖ = 1.4907330213458363  α = 0.00359
 235   -37.31337789303      -14.15       -5.76    4.67s
    ‖ρε - ρref‖ = 3.851508599836452e-5 ‖Δρ‖ = 7.759216167004614e-7  ‖vε - vref‖ = 1.490733044756042  α = 0.000108
 236   -37.31337789303      -13.37       -6.13    3.75s
    ‖ρε - ρref‖ = 3.817510501288597e-5 ‖Δρ‖ = 1.4964992909053723e-7  ‖vε - vref‖ = 1.4907331473977459  α = 0.00211
 237   -37.31337789303      -13.85       -6.19    4.12s
    ‖ρε - ρref‖ = 3.8193057881689234e-5 ‖Δρ‖ = 1.6913859906031993e-7  ‖vε - vref‖ = 1.4907332062584377  α = 0.0013
 238   -37.31337789303   +    -Inf       -6.37    5.10s
    ‖ρε - ρref‖ = 3.818305626605104e-5 ‖Δρ‖ = 7.465495480974271e-8  ‖vε - vref‖ = 1.4907332241007438  α = 0.000478
 239   -37.31337789303   +    -Inf       -6.21    27.7s
    ‖ρε - ρref‖ = 3.8201919214855893e-5 ‖Δρ‖ = 1.355004047011041e-7  ‖vε - vref‖ = 1.4907332241679514  α = 7.12e-7
Trying again with Newton's method ...
n     Energy            log10(ΔE)   log10(Δρ)   Δtime 
---   ---------------   ---------   ---------   ------
  1   -37.31337789303                   -8.38     332s
    ‖ρε - ρref‖ = 3.818799228985705e-5 ‖Δρ‖ = 5.491254986388701e-10  ‖vε - vref‖ = 1.4907348882587887
  2   -37.31337789303      -13.55       -8.59     329s
    ‖ρε - ρref‖ = 3.8187941927838955e-5 ‖Δρ‖ = 4.055349151545805e-10  ‖vε - vref‖ = 1.490733288748877
    Stopping to avoid numerical instabilities.

#-- ‖ρε - ρref‖ = 3.8187941927838955e-5 vs. 1.0000000000000001e-7 = δ*ε ‖vε - vref‖ = 1.490733288748877


# --- ε=5.623413251903491e-6

n     Energy            log10(ΔE)   log10(Δρ)   Δtime 
---   ---------------   ---------   ---------   ------
  1   -37.31331855960                   -0.11    6.56s
    ‖ρε - ρref‖ = 0.3954475485885849 ‖Δρ‖ = 0.39542997453202466  ‖vε - vref‖ = 2.410216425836451  α = 3.85e-5
  2   -37.31332100789       -5.61       -1.05    3.50s
    ‖ρε - ρref‖ = 0.03469958901813432 ‖Δρ‖ = 0.03469533840747139  ‖vε - vref‖ = 2.1645400236543995  α = 0.000127
  3   -37.31332343957       -5.61       -0.90    3.59s
    ‖ρε - ρref‖ = 0.05139635261842092 ‖Δρ‖ = 0.05138964185580954  ‖vε - vref‖ = 1.8502333410178677  α = 9.18e-5
  4   -37.31332536170       -5.72       -1.44    3.52s
    ‖ρε - ρref‖ = 0.009066440147564206 ‖Δρ‖ = 0.009061499596359704  ‖vε - vref‖ = 1.6361172618929003  α = 0.000475
  5   -37.31332594965       -6.23       -1.95    3.54s
    ‖ρε - ρref‖ = 0.003048867932180841 ‖Δρ‖ = 0.0030443245844373077  ‖vε - vref‖ = 1.5771429891688644  α = 0.000754
  6   -37.31332675790       -6.09       -1.64    3.56s
    ‖ρε - ρref‖ = 0.00475997015589782 ‖Δρ‖ = 0.004755421862797319  ‖vε - vref‖ = 1.4792989785903743  α = 0.000588
  7   -37.31332702214       -6.58       -2.06    3.69s
    ‖ρε - ρref‖ = 0.002021734802564397 ‖Δρ‖ = 0.002020040099844751  ‖vε - vref‖ = 1.4456674782689343  α = 0.000784
  8   -37.31332709491       -7.14       -2.26    3.59s
    ‖ρε - ρref‖ = 0.0014080188006484777 ‖Δρ‖ = 0.0014073154181096128  ‖vε - vref‖ = 1.437801556695469  α = 0.000605
  9   -37.31332719779       -6.99       -2.43    3.82s
    ‖ρε - ρref‖ = 0.0008251701821923524 ‖Δρ‖ = 0.0008233767298628013  ‖vε - vref‖ = 1.4269086015578534  α = 0.00121
 10   -37.31332724519       -7.32       -2.42    4.01s
    ‖ρε - ρref‖ = 0.0009380500188333447 ‖Δρ‖ = 0.0009371003868798034  ‖vε - vref‖ = 1.4227499223373035  α = 0.000733
 11   -37.31332732173       -7.12       -2.62    3.77s
    ‖ρε - ρref‖ = 0.0004970171089853707 ‖Δρ‖ = 0.0004942274675296611  ‖vε - vref‖ = 1.4168453185701295  α = 0.00171
 12   -37.31332732666       -8.31       -2.19    3.83s
    ‖ρε - ρref‖ = 0.0031095387477808843 ‖Δρ‖ = 0.003127043123151622  ‖vε - vref‖ = 1.416251519499021  α = 6.17e-5
 13   -37.31332736166       -7.46       -2.44    4.08s
    ‖ρε - ρref‖ = 0.0008457930510366235 ‖Δρ‖ = 0.0008432484472796893  ‖vε - vref‖ = 1.4137678697302434  α = 0.000703
 14   -37.31332736540       -8.43       -2.13    4.15s
    ‖ρε - ρref‖ = 0.0035453454953236455 ‖Δρ‖ = 0.0035451047134341996  ‖vε - vref‖ = 1.4133043451817355  α = 4.51e-5
 15   -37.31332739141       -7.58       -2.82    4.22s
    ‖ρε - ρref‖ = 0.0003099163630317299 ‖Δρ‖ = 0.00030817296286652843  ‖vε - vref‖ = 1.4123573145692596  α = 0.00167
 16   -37.31332739892       -8.12       -2.61    3.91s
    ‖ρε - ρref‖ = 0.000644588750537397 ‖Δρ‖ = 0.000640849111694292  ‖vε - vref‖ = 1.4124894242752595  α = 0.000415
 17   -37.31332741370       -7.83       -2.82    3.77s
    ‖ρε - ρref‖ = 0.0003544172561306803 ‖Δρ‖ = 0.00035412214136189876  ‖vε - vref‖ = 1.4124571897901248  α = 0.00105
 18   -37.31332741983       -8.21       -3.00    4.10s
    ‖ρε - ρref‖ = 0.0002801906340894451 ‖Δρ‖ = 0.00027963130325946454  ‖vε - vref‖ = 1.412773057015556  α = 0.000828
 19   -37.31332743498       -7.82       -2.66    4.75s
    ‖ρε - ρref‖ = 0.0004376279981691995 ‖Δρ‖ = 0.0004363094176376573  ‖vε - vref‖ = 1.4136210409090841  α = 0.000884
 20   -37.31332744439       -8.03       -3.14    4.33s
    ‖ρε - ρref‖ = 0.00014053052714359924 ‖Δρ‖ = 0.00013958241770279433  ‖vε - vref‖ = 1.4145879052490662  α = 0.0021
 21   -37.31332745314       -8.06       -2.88    3.93s
    ‖ρε - ρref‖ = 0.00025670758955131923 ‖Δρ‖ = 0.0002545028722508899  ‖vε - vref‖ = 1.4155497644612278  α = 0.00114
 22   -37.31332745604       -8.54       -2.85    4.40s
    ‖ρε - ρref‖ = 0.00032571366375696746 ‖Δρ‖ = 0.00032372973976827656  ‖vε - vref‖ = 1.4159714845505076  α = 0.000531
 23   -37.31332746374       -8.11       -3.21    3.76s
    ‖ρε - ρref‖ = 0.00011105437404387654 ‖Δρ‖ = 0.00010944735550360882  ‖vε - vref‖ = 1.4172942512476567  α = 0.00255
 24   -37.31332746601       -8.64       -2.78    3.82s
    ‖ρε - ρref‖ = 0.0004237278718601129 ‖Δρ‖ = 0.0004345997713408457  ‖vε - vref‖ = 1.4177191439006354  α = 0.000326
 25   -37.31332746776       -8.76       -2.20    3.93s
    ‖ρε - ρref‖ = 0.0017643735851754013 ‖Δρ‖ = 0.0017521392303302403  ‖vε - vref‖ = 1.4180128909147796  α = 7.04e-5
 26   -37.31332746807       -9.50       -3.22    3.59s
    ‖ρε - ρref‖ = 0.0002524731472104231 ‖Δρ‖ = 0.0002486055311335523  ‖vε - vref‖ = 1.4181132794098497  α = 0.000189
 27   -37.31332746996       -8.72       -2.75    3.75s
    ‖ρε - ρref‖ = 0.0004267055875184918 ‖Δρ‖ = 0.0004219002736373063  ‖vε - vref‖ = 1.4186792456269826  α = 0.000317
 28   -37.31332747159       -8.79       -3.39    3.70s
    ‖ρε - ρref‖ = 8.789372615948596e-5 ‖Δρ‖ = 8.857186148234355e-5  ‖vε - vref‖ = 1.41926278530877  α = 0.00139
 29   -37.31332747359       -8.70       -2.88    3.73s
    ‖ρε - ρref‖ = 0.00027858318691141104 ‖Δρ‖ = 0.0002778226780334605  ‖vε - vref‖ = 1.4200299921221686  α = 0.000501
 30   -37.31332747607       -8.61       -3.32    4.27s
    ‖ρε - ρref‖ = 9.889599131117932e-5 ‖Δρ‖ = 9.496117023623288e-5  ‖vε - vref‖ = 1.4211369212667777  α = 0.0016
 31   -37.31332747751       -8.84       -2.90    3.78s
    ‖ρε - ρref‖ = 0.00030715918303914774 ‖Δρ‖ = 0.0003058165368757074  ‖vε - vref‖ = 1.4217813749256782  α = 0.000375
 32   -37.31332747963       -8.67       -3.40    3.90s
    ‖ρε - ρref‖ = 7.469725615088008e-5 ‖Δρ‖ = 7.089670865551663e-5  ‖vε - vref‖ = 1.4229000887847592  α = 0.00202
 33   -37.31332748124       -8.80       -3.41    4.26s
    ‖ρε - ρref‖ = 8.15404240233441e-5 ‖Δρ‖ = 7.945716187072914e-5  ‖vε - vref‖ = 1.4238053355641644  α = 0.00153
 34   -37.31332748189       -9.18       -3.36    3.90s
    ‖ρε - ρref‖ = 9.523060093316023e-5 ‖Δρ‖ = 9.243333424262796e-5  ‖vε - vref‖ = 1.424219908403133  α = 0.000876
 35   -37.31332748279       -9.05       -3.30    4.28s
    ‖ρε - ρref‖ = 0.00010447101031248669 ‖Δρ‖ = 0.00010306216329407165  ‖vε - vref‖ = 1.424817154586919  α = 0.000918
 36   -37.31332748291       -9.93       -3.05    3.72s
    ‖ρε - ρref‖ = 0.00037837490446991976 ‖Δρ‖ = 0.0003607595151637329  ‖vε - vref‖ = 1.4249106761941588  α = 8.43e-5
 37   -37.31332748406       -8.94       -3.15    3.68s
    ‖ρε - ρref‖ = 0.0001473808757176363 ‖Δρ‖ = 0.00014657162467046639  ‖vε - vref‖ = 1.4257427680454633  α = 0.000702
 38   -37.31332748435       -9.55       -2.57    3.74s
    ‖ρε - ρref‖ = 0.0008754898912378899 ‖Δρ‖ = 0.0008770417930014453  ‖vε - vref‖ = 1.4259237971961227  α = 5.06e-5
 39   -37.31332748491       -9.25       -3.39    3.98s
    ‖ρε - ρref‖ = 9.747662537461543e-5 ‖Δρ‖ = 9.677372497680713e-5  ‖vε - vref‖ = 1.42632806054916  α = 0.000769
 40   -37.31332748573       -9.09       -3.47    3.64s
    ‖ρε - ρref‖ = 7.019798967118327e-5 ‖Δρ‖ = 6.743877718674377e-5  ‖vε - vref‖ = 1.4269408311009169  α = 0.00134
 41   -37.31332748598       -9.60       -3.27    3.83s
    ‖ρε - ρref‖ = 0.00013798586602261216 ‖Δρ‖ = 0.00013834846218056812  ‖vε - vref‖ = 1.4271395584285096  α = 0.000352
 42   -37.31332748645       -9.33       -3.64    3.76s
    ‖ρε - ρref‖ = 5.668354800776064e-5 ‖Δρ‖ = 4.894400294146546e-5  ‖vε - vref‖ = 1.4275670951393469  α = 0.00129
 43   -37.31332748698       -9.27       -3.52    3.91s
    ‖ρε - ρref‖ = 7.251266020749088e-5 ‖Δρ‖ = 6.794285715380575e-5  ‖vε - vref‖ = 1.4280469995767509  α = 0.00102
 44   -37.31332748761       -9.20       -3.18    4.43s
    ‖ρε - ρref‖ = 0.00013377073721499233 ‖Δρ‖ = 0.00013378778565864956  ‖vε - vref‖ = 1.4285874201783237  α = 0.000546
 45   -37.31332748835       -9.13       -3.76    4.14s
    ‖ρε - ρref‖ = 3.553768225706656e-5 ‖Δρ‖ = 2.967516614411955e-5  ‖vε - vref‖ = 1.4292633482172956  α = 0.00285
 46   -37.31332748885       -9.30       -3.80    3.61s
    ‖ρε - ρref‖ = 3.761030466030968e-5 ‖Δρ‖ = 2.815675525499424e-5  ‖vε - vref‖ = 1.4297656601211721  α = 0.00246
 47   -37.31332748899       -9.85       -3.37    3.72s
    ‖ρε - ρref‖ = 0.00012015755477208554 ‖Δρ‖ = 0.00010677458731103713  ‖vε - vref‖ = 1.429913265840683  α = 0.000331
 48   -37.31332748915       -9.81       -2.74    3.88s
    ‖ρε - ρref‖ = 0.0004275049523097489 ‖Δρ‖ = 0.0004381684479132903  ‖vε - vref‖ = 1.4300506647953324  α = 8.54e-5
 49   -37.31332748926       -9.96       -3.42    3.73s
    ‖ρε - ρref‖ = 0.00010242957978194072 ‖Δρ‖ = 0.00010307938515827475  ‖vε - vref‖ = 1.430154755315959  α = 0.00027
 50   -37.31332748948       -9.66       -2.80    4.01s
    ‖ρε - ρref‖ = 0.000356129415769531 ‖Δρ‖ = 0.000355554070226618  ‖vε - vref‖ = 1.4303585570690762  α = 0.000127
 51   -37.31332748977       -9.54       -3.90    4.82s
    ‖ρε - ρref‖ = 3.271557008656143e-5 ‖Δρ‖ = 2.378833127505481e-5  ‖vε - vref‖ = 1.4306461885185886  α = 0.00224
 52   -37.31332748995       -9.75       -3.62    4.63s
    ‖ρε - ρref‖ = 5.22662857767464e-5 ‖Δρ‖ = 4.842943724255331e-5  ‖vε - vref‖ = 1.4308222438612432  α = 0.000869
 53   -37.31332749006       -9.95       -3.50    3.67s
    ‖ρε - ρref‖ = 8.050447783279698e-5 ‖Δρ‖ = 7.538400946601545e-5  ‖vε - vref‖ = 1.4309374714984129  α = 0.000425
 54   -37.31332749017       -9.97       -3.85    3.67s
    ‖ρε - ρref‖ = 4.0157809585363885e-5 ‖Δρ‖ = 3.5681465510845826e-5  ‖vε - vref‖ = 1.4310396984784495  α = 0.000872
 55   -37.31332749037       -9.70       -3.74    3.80s
    ‖ρε - ρref‖ = 3.757920902159936e-5 ‖Δρ‖ = 3.377719229532114e-5  ‖vε - vref‖ = 1.4312352920698996  α = 0.00128
 56   -37.31332749051       -9.85       -3.49    4.79s
    ‖ρε - ρref‖ = 7.79013202973955e-5 ‖Δρ‖ = 7.418135323409448e-5  ‖vε - vref‖ = 1.431378108011703  α = 0.000465
 57   -37.31332749069       -9.73       -3.75    3.77s
    ‖ρε - ρref‖ = 4.24693015307994e-5 ‖Δρ‖ = 3.3449593920681425e-5  ‖vε - vref‖ = 1.4315778738646687  α = 0.00127
 58   -37.31332749097       -9.56       -3.93    3.64s
    ‖ρε - ρref‖ = 2.922255675793271e-5 ‖Δρ‖ = 1.9013663239195622e-5  ‖vε - vref‖ = 1.4318365975356733  α = 0.0026
 59   -37.31332749099      -10.68       -3.75    3.68s
    ‖ρε - ρref‖ = 5.063417761558029e-5 ‖Δρ‖ = 6.361035874163774e-5  ‖vε - vref‖ = 1.4318542524558102  α = 0.000206
 60   -37.31332749108      -10.05       -3.26    3.98s
    ‖ρε - ρref‖ = 0.00013077038818766528 ‖Δρ‖ = 0.00012303157342843723  ‖vε - vref‖ = 1.4319423685384012  α = 0.000228
 61   -37.31332749109      -10.98       -3.58    4.20s
    ‖ρε - ρref‖ = 0.00011858946725812046 ‖Δρ‖ = 0.00011325060067544028  ‖vε - vref‖ = 1.431952696461189  α = 7.44e-5
 62   -37.31332749124       -9.82       -3.70    4.79s
    ‖ρε - ρref‖ = 3.7084421125627974e-5 ‖Δρ‖ = 3.2040471712053985e-5  ‖vε - vref‖ = 1.4320889327452742  α = 0.00122
 63   -37.31332749132      -10.12       -3.60    3.85s
    ‖ρε - ρref‖ = 5.7530677611145213e-5 ‖Δρ‖ = 5.335563871305361e-5  ‖vε - vref‖ = 1.432154514326347  α = 0.00051
 64   -37.31332749145       -9.87       -3.96    4.05s
    ‖ρε - ρref‖ = 2.8831380167012314e-5 ‖Δρ‖ = 1.72588465511324e-5  ‖vε - vref‖ = 1.4322712049479012  α = 0.00211
 65   -37.31332749148      -10.61       -4.06    3.96s
    ‖ρε - ρref‖ = 2.9330395569037323e-5 ‖Δρ‖ = 2.308121066026123e-5  ‖vε - vref‖ = 1.4322877737097808  α = 0.000644
 66   -37.31332749156      -10.08       -3.86    3.88s
    ‖ρε - ρref‖ = 3.23470084274827e-5 ‖Δρ‖ = 2.505750253820329e-5  ‖vε - vref‖ = 1.4323454341167006  α = 0.00113
 67   -37.31332749161      -10.30       -4.00    3.64s
    ‖ρε - ρref‖ = 3.058918703761617e-5 ‖Δρ‖ = 2.071696686983418e-5  ‖vε - vref‖ = 1.4323808083155827  α = 0.00105
 68   -37.31332749165      -10.39       -3.78    3.61s
    ‖ρε - ρref‖ = 4.315072946813798e-5 ‖Δρ‖ = 3.806916075961052e-5  ‖vε - vref‖ = 1.4324084878699568  α = 0.000497
 69   -37.31332749172      -10.12       -4.07    3.72s
    ‖ρε - ρref‖ = 2.6926249723571055e-5 ‖Δρ‖ = 1.5833854187514543e-5  ‖vε - vref‖ = 1.4324544305742966  α = 0.00161
 70   -37.31332749178      -10.29       -4.02    3.96s
    ‖ρε - ρref‖ = 2.71252921824579e-5 ‖Δρ‖ = 2.005352006407551e-5  ‖vε - vref‖ = 1.432485017704789  α = 0.00108
 71   -37.31332749178      -11.18       -3.67    4.56s
    ‖ρε - ρref‖ = 9.504523936251967e-5 ‖Δρ‖ = 7.773742233953225e-5  ‖vε - vref‖ = 1.4324911721173006  α = 9.26e-5
 72   -37.31332749182      -10.44       -3.63    4.12s
    ‖ρε - ρref‖ = 5.219463209118514e-5 ‖Δρ‖ = 4.9998814821028675e-5  ‖vε - vref‖ = 1.4325121533535679  α = 0.000374
 73   -37.31332749182      -11.27       -3.60    4.04s
    ‖ρε - ρref‖ = 9.914503236462336e-5 ‖Δρ‖ = 0.00010127750882838078  ‖vε - vref‖ = 1.4325147690596989  α = 5.92e-5
 74   -37.31332749189      -10.15       -4.05    4.23s
    ‖ρε - ρref‖ = 2.7177656882734517e-5 ‖Δρ‖ = 1.4938754796753408e-5  ‖vε - vref‖ = 1.4325562148899749  α = 0.00172
 75   -37.31332749193      -10.52       -4.29    4.29s
    ‖ρε - ρref‖ = 2.4671752127029082e-5 ‖Δρ‖ = 1.1125667295867633e-5  ‖vε - vref‖ = 1.4325721373566631  α = 0.00151
 76   -37.31332749197      -10.40       -4.23    3.93s
    ‖ρε - ρref‖ = 2.36744951700979e-5 ‖Δρ‖ = 1.1587704888912213e-5  ‖vε - vref‖ = 1.432581808086248  α = 0.00169
 77   -37.31332749200      -10.50       -3.79    3.82s
    ‖ρε - ρref‖ = 3.813545279664146e-5 ‖Δρ‖ = 3.177373757636464e-5  ‖vε - vref‖ = 1.4325898170681624  α = 0.000557
 78   -37.31332749201      -10.77       -4.12    4.11s
    ‖ρε - ρref‖ = 2.7127574370536982e-5 ‖Δρ‖ = 1.6041162262224142e-5  ‖vε - vref‖ = 1.4325946391009374  α = 0.000793
 79   -37.31332749204      -10.64       -3.91    3.79s
    ‖ρε - ρref‖ = 3.6601720403539866e-5 ‖Δρ‖ = 2.5521563957080696e-5  ‖vε - vref‖ = 1.432602687308688  α = 0.000573
 80   -37.31332749206      -10.61       -4.37    4.28s
    ‖ρε - ρref‖ = 2.2107442773287527e-5 ‖Δρ‖ = 8.459459950115492e-6  ‖vε - vref‖ = 1.4325985994199186  α = 0.00185
 81   -37.31332749207      -10.91       -4.10    3.77s
    ‖ρε - ρref‖ = 2.8070490427546996e-5 ‖Δρ‖ = 2.144363768726209e-5  ‖vε - vref‖ = 1.4325963278457086  α = 0.000481
 82   -37.31332749211      -10.48       -4.17    4.00s
    ‖ρε - ρref‖ = 2.5626908584846396e-5 ‖Δρ‖ = 1.1944713026344778e-5  ‖vε - vref‖ = 1.4325928226789695  α = 0.00149
 83   -37.31332749213      -10.70       -4.49    3.72s
    ‖ρε - ρref‖ = 2.19762402435791e-5 ‖Δρ‖ = 6.430158426236667e-6  ‖vε - vref‖ = 1.4325838473175925  α = 0.00211
 84   -37.31332749213      -11.55       -4.02    3.78s
    ‖ρε - ρref‖ = 5.087482177985288e-5 ‖Δρ‖ = 3.4058884019021476e-5  ‖vε - vref‖ = 1.432583670667481  α = 0.000139
 85   -37.31332749214      -10.89       -3.73    3.79s
    ‖ρε - ρref‖ = 4.445522510826299e-5 ‖Δρ‖ = 4.330908760787808e-5  ‖vε - vref‖ = 1.4325770295111244  α = 0.000254
 86   -37.31332749214      -11.66       -4.09    3.77s
    ‖ρε - ρref‖ = 3.069059301757274e-5 ‖Δρ‖ = 3.178962452092516e-5  ‖vε - vref‖ = 1.4325753200994218  α = 0.000121
 87   -37.31332749216      -10.86       -3.87    3.75s
    ‖ρε - ρref‖ = 3.8228243209003644e-5 ‖Δρ‖ = 2.867668873591815e-5  ‖vε - vref‖ = 1.4325682877498298  α = 0.000401
 88   -37.31332749217      -10.90       -4.50    3.83s
    ‖ρε - ρref‖ = 2.267127734274856e-5 ‖Δρ‖ = 6.340364960712642e-6  ‖vε - vref‖ = 1.432557704945347  α = 0.00174
 89   -37.31332749220      -10.62       -4.41    3.74s
    ‖ρε - ρref‖ = 2.2494279162871383e-5 ‖Δρ‖ = 6.162756825907724e-6  ‖vε - vref‖ = 1.4325329617313922  α = 0.0025
 90   -37.31332749220      -11.27       -4.50    3.70s
    ‖ρε - ρref‖ = 2.2900668038992984e-5 ‖Δρ‖ = 7.488214832204941e-6  ‖vε - vref‖ = 1.4325258283903464  α = 0.000961
 91   -37.31332749221      -10.97       -4.17    3.92s
    ‖ρε - ρref‖ = 2.381095731882165e-5 ‖Δρ‖ = 1.4269398808215318e-5  ‖vε - vref‖ = 1.4325084690563856  α = 0.000695
 92   -37.31332749222      -10.91       -4.38    3.78s
    ‖ρε - ρref‖ = 2.3597308100741237e-5 ‖Δρ‖ = 7.978396940331962e-6  ‖vε - vref‖ = 1.432493733060738  α = 0.00136
 93   -37.31332749223      -11.32       -4.36    3.77s
    ‖ρε - ρref‖ = 2.5448944385062137e-5 ‖Δρ‖ = 1.1807043192634964e-5  ‖vε - vref‖ = 1.4324874042934947  α = 0.000554
 94   -37.31332749224      -11.11       -4.38    3.74s
    ‖ρε - ρref‖ = 2.2822079247334903e-5 ‖Δρ‖ = 9.491571048811771e-6  ‖vε - vref‖ = 1.4324748606563087  α = 0.000877
 95   -37.31332749224      -11.45       -4.52    3.74s
    ‖ρε - ρref‖ = 2.3387372333524043e-5 ‖Δρ‖ = 7.736509743611677e-6  ‖vε - vref‖ = 1.4324693416726617  α = 0.000765
 96   -37.31332749224      -11.31       -4.44    3.73s
    ‖ρε - ρref‖ = 1.8391696402166728e-5 ‖Δρ‖ = 9.432515669053191e-6  ‖vε - vref‖ = 1.4324605749064103  α = 0.00069
 97   -37.31332749225      -11.14       -3.39    4.16s
    ‖ρε - ρref‖ = 9.819350722427529e-5 ‖Δρ‖ = 8.794918730865983e-5  ‖vε - vref‖ = 1.4324502890057937  α = 9.07e-5
 98   -37.31332749225      -11.87       -4.51    3.65s
    ‖ρε - ρref‖ = 2.869452752240874e-5 ‖Δρ‖ = 1.1705776490086167e-5  ‖vε - vref‖ = 1.4324486726896062  α = 0.000261
 99   -37.31332749226      -11.17       -3.88    3.93s
    ‖ρε - ρref‖ = 3.4857994829743386e-5 ‖Δρ‖ = 2.9255074275393467e-5  ‖vε - vref‖ = 1.432437595528528  α = 0.000263
 100   -37.31332749226      -11.36       -4.72    3.79s
    ‖ρε - ρref‖ = 2.193200122739719e-5 ‖Δρ‖ = 4.549482761725875e-6  ‖vε - vref‖ = 1.4324307084655452  α = 0.0014
 101   -37.31332749228      -10.95       -4.48    3.85s
    ‖ρε - ρref‖ = 2.217724166671275e-5 ‖Δρ‖ = 6.188396639078184e-6  ‖vε - vref‖ = 1.4324119505846704  α = 0.00166
 102   -37.31332749228      -11.23       -4.62    4.36s
    ‖ρε - ρref‖ = 2.223980610673195e-5 ‖Δρ‖ = 5.1381951407449e-6  ‖vε - vref‖ = 1.432401346571701  α = 0.00145
 103   -37.31332749229      -11.16       -4.65    3.69s
    ‖ρε - ρref‖ = 2.2573900606614935e-5 ‖Δρ‖ = 4.5287157176023544e-6  ‖vε - vref‖ = 1.4323898938311566  α = 0.00174
 104   -37.31332749229      -11.84       -4.52    3.92s
    ‖ρε - ρref‖ = 2.214730712308354e-5 ‖Δρ‖ = 8.419864374395348e-6  ‖vε - vref‖ = 1.4323864327414668  α = 0.000428
 105   -37.31332749230      -11.02       -4.70    3.72s
    ‖ρε - ρref‖ = 2.1252665275380987e-5 ‖Δρ‖ = 3.7302458577138854e-6  ‖vε - vref‖ = 1.4323645362200268  α = 0.00256
 106   -37.31332749231      -11.17       -4.51    4.01s
    ‖ρε - ρref‖ = 2.382970775688819e-5 ‖Δρ‖ = 6.455389835260452e-6  ‖vε - vref‖ = 1.4323541922911205  α = 0.00118
 107   -37.31332749231      -11.71       -4.44    3.78s
    ‖ρε - ρref‖ = 2.3530310269347456e-5 ‖Δρ‖ = 1.0523607028189339e-5  ‖vε - vref‖ = 1.4323510895947449  α = 0.000392
 108   -37.31332749231      -11.96       -4.63    3.83s
    ‖ρε - ρref‖ = 2.748334484650631e-5 ‖Δρ‖ = 8.213287046322378e-6  ‖vε - vref‖ = 1.4323496962964974  α = 0.000372
 109   -37.31332749231      -11.36       -3.84    3.83s
    ‖ρε - ρref‖ = 3.660946188331536e-5 ‖Δρ‖ = 3.411558332698453e-5  ‖vε - vref‖ = 1.4323408809885187  α = 0.000184
 110   -37.31332749231      -12.12       -4.48    3.70s
    ‖ρε - ρref‖ = 1.9535243886045452e-5 ‖Δρ‖ = 1.1229420974857159e-5  ‖vε - vref‖ = 1.4323389504718598  α = 0.000207
 111   -37.31332749232      -11.55       -3.96    4.12s
    ‖ρε - ρref‖ = 3.3781705422180014e-5 ‖Δρ‖ = 2.3765656238945526e-5  ‖vε - vref‖ = 1.4323333415707138  α = 0.000219
 112   -37.31332749232      -11.66       -4.54    3.95s
    ‖ρε - ρref‖ = 2.21886268717854e-5 ‖Δρ‖ = 7.264809997410338e-6  ‖vε - vref‖ = 1.4323284509966216  α = 0.000633
 113   -37.31332749232      -11.32       -4.74    3.83s
    ‖ρε - ρref‖ = 2.1741774553682576e-5 ‖Δρ‖ = 3.256177348649674e-6  ‖vε - vref‖ = 1.4323179654125002  α = 0.00209
 114   -37.31332749233      -11.25       -4.82    3.59s
    ‖ρε - ρref‖ = 2.1735178436481337e-5 ‖Δρ‖ = 2.871446937513376e-6  ‖vε - vref‖ = 1.4323072611998293  α = 0.00256
 115   -37.31332749233      -11.27       -4.37    3.69s
    ‖ρε - ρref‖ = 2.3338035623158428e-5 ‖Δρ‖ = 8.589411881889969e-6  ‖vε - vref‖ = 1.4322973046878926  α = 0.000817
 116   -37.31332749234      -11.47       -4.76    3.75s
    ‖ρε - ρref‖ = 2.1957740423234135e-5 ‖Δρ‖ = 3.849817913387657e-6  ‖vε - vref‖ = 1.4322926394817275  α = 0.00148
 117   -37.31332749234      -11.65       -4.77    3.72s
    ‖ρε - ρref‖ = 2.1837612761837664e-5 ‖Δρ‖ = 3.877378212107477e-6  ‖vε - vref‖ = 1.4322905159357944  α = 0.0012
 118   -37.31332749234      -11.32       -4.29    3.84s
    ‖ρε - ρref‖ = 2.4481299352297977e-5 ‖Δρ‖ = 9.070258532000195e-6  ‖vε - vref‖ = 1.4322875390053813  α = 0.000708
 119   -37.31332749235      -11.44       -4.58    3.69s
    ‖ρε - ρref‖ = 2.235871837667861e-5 ‖Δρ‖ = 5.4543972731802626e-6  ‖vε - vref‖ = 1.4322831777305185  α = 0.00106
 120   -37.31332749235      -12.67       -4.43    3.96s
    ‖ρε - ρref‖ = 1.5603582871716475e-5 ‖Δρ‖ = 1.646719815854588e-5  ‖vε - vref‖ = 1.432282634251536  α = 7.69e-5
 121   -37.31332749235      -11.47       -4.59    4.31s
    ‖ρε - ρref‖ = 2.1573253236059206e-5 ‖Δρ‖ = 5.007894685645281e-6  ‖vε - vref‖ = 1.4322790579150486  α = 0.00111
 122   -37.31332749235      -12.03       -4.08    3.69s
    ‖ρε - ρref‖ = 4.007785414476556e-5 ‖Δρ‖ = 2.5750764592807855e-5  ‖vε - vref‖ = 1.4322785430712055  α = 9.88e-5
 123   -37.31332749235      -11.74       -4.05    3.62s
    ‖ρε - ρref‖ = 2.9926678269477182e-5 ‖Δρ‖ = 2.3009143126361412e-5  ‖vε - vref‖ = 1.4322766417371788  α = 0.000177
 124   -37.31332749236      -11.45       -4.85    3.87s
    ‖ρε - ρref‖ = 2.170382811287675e-5 ‖Δρ‖ = 2.6017466308021126e-6  ‖vε - vref‖ = 1.4322732158423501  α = 0.00219
 125   -37.31332749236      -11.60       -4.69    3.96s
    ‖ρε - ρref‖ = 2.2338864922440806e-5 ‖Δρ‖ = 3.8091557956396544e-6  ‖vε - vref‖ = 1.4322725731033301  α = 0.0013
 126   -37.31332749236      -11.92       -4.65    3.84s
    ‖ρε - ρref‖ = 2.2139241585884614e-5 ‖Δρ‖ = 5.0893414338275135e-6  ‖vε - vref‖ = 1.4322720068851464  α = 0.000683
 127   -37.31332749236      -11.70       -4.72    3.76s
    ‖ρε - ρref‖ = 2.1672278951206577e-5 ‖Δρ‖ = 3.680851747976942e-6  ‖vε - vref‖ = 1.4322704372735295  α = 0.00119
 128   -37.31332749237      -11.80       -5.01    4.06s
    ‖ρε - ρref‖ = 2.167098578269216e-5 ‖Δρ‖ = 2.0884456405286372e-6  ‖vε - vref‖ = 1.4322700661832062  α = 0.00191
 129   -37.31332749237      -11.86       -4.73    4.33s
    ‖ρε - ρref‖ = 2.2112432437673145e-5 ‖Δρ‖ = 4.3295323245329325e-6  ‖vε - vref‖ = 1.4322695097707476  α = 0.000833
 130   -37.31332749237      -11.68       -4.99    3.98s
    ‖ρε - ρref‖ = 2.1423464137166642e-5 ‖Δρ‖ = 1.9884218109190913e-6  ‖vε - vref‖ = 1.4322677908562353  α = 0.00221
 131   -37.31332749237      -12.15       -4.55    3.68s
    ‖ρε - ρref‖ = 2.2190238846878537e-5 ‖Δρ‖ = 7.324870670872318e-6  ‖vε - vref‖ = 1.4322676816119537  α = 0.000355
 132   -37.31332749237      -12.64       -4.44    3.62s
    ‖ρε - ρref‖ = 3.342133452267373e-5 ‖Δρ‖ = 1.4575787115064736e-5  ‖vε - vref‖ = 1.4322680410758117  α = 8.6e-5
 133   -37.31332749237      -11.64       -4.43    3.85s
    ‖ρε - ρref‖ = 2.322139948169102e-5 ‖Δρ‖ = 6.415183137959828e-6  ‖vε - vref‖ = 1.4322686113679775  α = 0.000734
 134   -37.31332749237      -12.64       -4.25    3.80s
    ‖ρε - ρref‖ = 2.2326086857411863e-5 ‖Δρ‖ = 2.1820192522826756e-5  ‖vε - vref‖ = 1.4322683598942287  α = 5.8e-5
 135   -37.31332749237      -11.89       -4.74    4.02s
    ‖ρε - ρref‖ = 2.1726509285430602e-5 ‖Δρ‖ = 4.125960334953241e-6  ‖vε - vref‖ = 1.432267718165139  α = 0.000848
 136   -37.31332749237      -12.16       -4.84    4.71s
    ‖ρε - ρref‖ = 2.2084908827638367e-5 ‖Δρ‖ = 3.917435216740564e-6  ‖vε - vref‖ = 1.4322678081824534  α = 0.000631
 137   -37.31332749238      -11.62       -4.75    3.95s
    ‖ρε - ρref‖ = 2.148978717855199e-5 ‖Δρ‖ = 3.2727520699812507e-6  ‖vε - vref‖ = 1.4322686812719385  α = 0.00143
 138   -37.31332749238      -11.88       -4.99    4.39s
    ‖ρε - ρref‖ = 2.20565003659748e-5 ‖Δρ‖ = 2.3459090207556626e-6  ‖vε - vref‖ = 1.432270468294883  α = 0.00154
 139   -37.31332749238      -11.58       -5.12    3.71s
    ‖ρε - ρref‖ = 2.1621391390960567e-5 ‖Δρ‖ = 1.3123730849777436e-6  ‖vε - vref‖ = 1.4322733179103422  α = 0.00381
 140   -37.31332749238      -11.88       -4.54    3.77s
    ‖ρε - ρref‖ = 2.229885893216879e-5 ‖Δρ‖ = 6.200906761468445e-6  ‖vε - vref‖ = 1.4322743075984627  α = 0.000563
 141   -37.31332749238      -11.84       -4.71    3.73s
    ‖ρε - ρref‖ = 2.1468448642998008e-5 ‖Δρ‖ = 3.3799895247361423e-6  ‖vε - vref‖ = 1.4322752710125826  α = 0.00114
 142   -37.31332749239      -11.89       -5.06    3.65s
    ‖ρε - ρref‖ = 2.181158905544029e-5 ‖Δρ‖ = 1.993236066564156e-6  ‖vε - vref‖ = 1.4322778800506037  α = 0.00171
 143   -37.31332749239      -12.46       -4.77    3.70s
    ‖ρε - ρref‖ = 2.448046203922725e-5 ‖Δρ‖ = 5.447553770070952e-6  ‖vε - vref‖ = 1.4322785859151355  α = 0.000313
 144   -37.31332749239      -12.38       -4.21    3.80s
    ‖ρε - ρref‖ = 2.1506403193652202e-5 ‖Δρ‖ = 1.937936651384619e-5  ‖vε - vref‖ = 1.4322788347056221  α = 9.12e-5
 145   -37.31332749239      -12.26       -4.73    3.82s
    ‖ρε - ρref‖ = 2.1258470221883036e-5 ‖Δρ‖ = 5.0354604296669815e-6  ‖vε - vref‖ = 1.4322795697371955  α = 0.000413
 146   -37.31332749239      -12.50       -4.19    3.73s
    ‖ρε - ρref‖ = 3.6321492329764596e-5 ‖Δρ‖ = 2.140002487038789e-5  ‖vε - vref‖ = 1.432280340641704  α = 7.38e-5
 147   -37.31332749239      -11.92       -4.71    3.69s
    ‖ρε - ρref‖ = 2.161824275252829e-5 ‖Δρ‖ = 4.340234477078879e-6  ‖vε - vref‖ = 1.4322822023573676  α = 0.000778
 148   -37.31332749239      -11.64       -4.83    3.74s
    ‖ρε - ρref‖ = 2.206960088650308e-5 ‖Δρ‖ = 2.6378540232526847e-6  ‖vε - vref‖ = 1.4322874951887181  α = 0.00177
 149   -37.31332749239      -11.83       -4.96    3.71s
    ‖ρε - ρref‖ = 2.1731071285219988e-5 ‖Δρ‖ = 2.215913755874149e-6  ‖vε - vref‖ = 1.4322892890506502  α = 0.00164
 150   -37.31332749239      -12.03       -4.49    3.70s
    ‖ρε - ρref‖ = 2.166007882426245e-5 ‖Δρ‖ = 7.462695788127106e-6  ‖vε - vref‖ = 1.4322899581050446  α = 0.000391
 151   -37.31332749239      -12.00       -5.12    3.69s
    ‖ρε - ρref‖ = 2.1637616395969757e-5 ‖Δρ‖ = 1.5331499561204916e-6  ‖vε - vref‖ = 1.432290967667092  α = 0.002
 152   -37.31332749240      -11.71       -4.92    3.62s
    ‖ρε - ρref‖ = 2.1566037409724972e-5 ‖Δρ‖ = 2.0748451931435085e-6  ‖vε - vref‖ = 1.432291619445351  α = 0.00207
 153   -37.31332749240      -11.74       -5.27    3.91s
    ‖ρε - ρref‖ = 2.169607713084773e-5 ‖Δρ‖ = 9.59707071279127e-7  ‖vε - vref‖ = 1.43229402693094  α = 0.00434
 154   -37.31332749240      -12.25       -4.82    3.78s
    ‖ρε - ρref‖ = 2.1890685223315503e-5 ‖Δρ‖ = 3.202037709473096e-6  ‖vε - vref‖ = 1.4322942489623582  α = 0.000754
 155   -37.31332749240      -12.81       -4.49    3.99s
    ‖ρε - ρref‖ = 1.670165681182724e-5 ‖Δρ‖ = 1.166835214781892e-5  ‖vε - vref‖ = 1.43229406057134  α = 8.41e-5
 156   -37.31332749240      -12.23       -4.54    4.01s
    ‖ρε - ρref‖ = 2.2810133260143934e-5 ‖Δρ‖ = 6.702522283554119e-6  ‖vε - vref‖ = 1.4322943098302858  α = 0.000354
 157   -37.31332749240      -13.03       -4.74    4.04s
    ‖ρε - ρref‖ = 2.5890553374860367e-5 ‖Δρ‖ = 7.402541222392358e-6  ‖vε - vref‖ = 1.4322945413194157  α = 0.000117
 158   -37.31332749240      -12.29       -4.58    4.14s
    ‖ρε - ρref‖ = 2.1393229343336213e-5 ‖Δρ‖ = 6.455402011943158e-6  ‖vε - vref‖ = 1.43229485633046  α = 0.000348
 159   -37.31332749240      -12.05       -4.63    4.05s
    ‖ρε - ρref‖ = 2.2685690052388552e-5 ‖Δρ‖ = 4.637780208630156e-6  ‖vε - vref‖ = 1.4322962066501064  α = 0.000615
 160   -37.31332749240      -11.93       -4.91    3.86s
    ‖ρε - ρref‖ = 2.168037162909234e-5 ‖Δρ‖ = 2.391773037693554e-6  ‖vε - vref‖ = 1.4322966416489418  α = 0.00132
 161   -37.31332749240      -12.08       -4.80    3.87s
    ‖ρε - ρref‖ = 2.1478451782902454e-5 ‖Δρ‖ = 3.3088326643898786e-6  ‖vε - vref‖ = 1.4322968471331323  α = 0.00085
 162   -37.31332749240      -12.08       -4.98    4.22s
    ‖ρε - ρref‖ = 2.1709233611490966e-5 ‖Δρ‖ = 2.0596197233893156e-6  ‖vε - vref‖ = 1.4322974665097485  α = 0.00134
 163   -37.31332749240      -12.48       -4.86    3.77s
    ‖ρε - ρref‖ = 2.153198130930191e-5 ‖Δρ‖ = 3.7202548738565653e-6  ‖vε - vref‖ = 1.4322976248979742  α = 0.000474
 164   -37.31332749240      -11.82       -5.07    3.82s
    ‖ρε - ρref‖ = 2.1812663129656337e-5 ‖Δρ‖ = 1.5738723293278265e-6  ‖vε - vref‖ = 1.4322991219694632  α = 0.00229
 165   -37.31332749241      -11.91       -5.05    3.83s
    ‖ρε - ρref‖ = 2.161424252845594e-5 ‖Δρ‖ = 1.6395606705002814e-6  ‖vε - vref‖ = 1.432300540604902  α = 0.00207
 166   -37.31332749241      -11.96       -4.90    3.83s
    ‖ρε - ρref‖ = 2.1365776224139093e-5 ‖Δρ‖ = 2.3382949032516623e-6  ‖vε - vref‖ = 1.4323012399900672  α = 0.00137
 167   -37.31332749241      -13.15       -4.46    4.60s
    ‖ρε - ρref‖ = 3.205807299326861e-5 ‖Δρ‖ = 1.3877501580621316e-5  ‖vε - vref‖ = 1.4323014394955766  α = 4.78e-5
 168   -37.31332749241      -12.21       -5.15    3.89s
    ‖ρε - ρref‖ = 2.2029654356537578e-5 ‖Δρ‖ = 1.4447794692026586e-6  ‖vε - vref‖ = 1.4323025809784267  α = 0.00167
 169   -37.31332749241      -12.66       -4.21    4.31s
    ‖ρε - ρref‖ = 2.2615006330543416e-5 ‖Δρ‖ = 1.9557943680050172e-5  ‖vε - vref‖ = 1.4323025905871056  α = 5.87e-5
 170   -37.31332749241      -12.28       -4.86    4.81s
    ‖ρε - ρref‖ = 2.2004187002694364e-5 ‖Δρ‖ = 3.085134547270554e-6  ‖vε - vref‖ = 1.4323026533770928  α = 0.000725
 171   -37.31332749241      -12.27       -4.69    4.73s
    ‖ρε - ρref‖ = 2.106654436585934e-5 ‖Δρ‖ = 4.6237689579356364e-6  ‖vε - vref‖ = 1.4323018160684837  α = 0.000496
 172   -37.31332749241      -12.59       -5.15    3.75s
    ‖ρε - ρref‖ = 2.157372473338452e-5 ‖Δρ‖ = 1.8824139169600069e-6  ‖vε - vref‖ = 1.4323018146973028  α = 0.000785
 173   -37.31332749241      -11.97       -5.12    3.81s
    ‖ρε - ρref‖ = 2.1656984162453956e-5 ‖Δρ‖ = 1.4389560204968067e-6  ‖vε - vref‖ = 1.4323022828304413  α = 0.00218
 174   -37.31332749241      -12.18       -5.11    3.96s
    ‖ρε - ρref‖ = 2.158167796051984e-5 ‖Δρ‖ = 1.691615209878499e-6  ‖vε - vref‖ = 1.432302140721525  α = 0.0014
 175   -37.31332749241      -12.44       -4.90    3.67s
    ‖ρε - ρref‖ = 2.214973986472052e-5 ‖Δρ‖ = 3.095838755257638e-6  ‖vε - vref‖ = 1.4323023877377508  α = 0.000607
 176   -37.31332749241      -12.42       -4.92    3.79s
    ‖ρε - ρref‖ = 2.1714779206230944e-5 ‖Δρ‖ = 2.7149618157882344e-6  ‖vε - vref‖ = 1.432302617557289  α = 0.000725
 177   -37.31332749241      -12.30       -4.96    3.99s
    ‖ρε - ρref‖ = 2.188264815145542e-5 ‖Δρ‖ = 2.2841240467892535e-6  ‖vε - vref‖ = 1.432302739050936  α = 0.00094
 178   -37.31332749241      -12.27       -5.09    3.91s
    ‖ρε - ρref‖ = 2.1651523472458417e-5 ‖Δρ‖ = 1.5461905353573981e-6  ‖vε - vref‖ = 1.4323021773704805  α = 0.00148
 179   -37.31332749241      -13.25       -4.61    3.77s
    ‖ρε - ρref‖ = 1.7260226003980447e-5 ‖Δρ‖ = 9.804935654201815e-6  ‖vε - vref‖ = 1.4323020114186638  α = 5.74e-5
 180   -37.31332749241      -12.25       -5.04    3.76s
    ‖ρε - ρref‖ = 2.1489872039739536e-5 ‖Δρ‖ = 1.6721842064620058e-6  ‖vε - vref‖ = 1.4323015647927781  α = 0.00141
 181   -37.31332749241      -13.37       -4.49    3.87s
    ‖ρε - ρref‖ = 3.0098711409046803e-5 ‖Δρ‖ = 1.2541826148785237e-5  ‖vε - vref‖ = 1.4323016535575173  α = 5.04e-5
 182   -37.31332749241      -12.33       -5.26    4.17s
    ‖ρε - ρref‖ = 2.1498630577009455e-5 ‖Δρ‖ = 1.0017245190502002e-6  ‖vε - vref‖ = 1.4323011709172921  α = 0.00211
 183   -37.31332749241      -12.62       -5.07    3.93s
    ‖ρε - ρref‖ = 2.1927382418072742e-5 ‖Δρ‖ = 2.072337279158211e-6  ‖vε - vref‖ = 1.432301424158278  α = 0.000681
 184   -37.31332749241      -12.50       -4.84    4.16s
    ‖ρε - ρref‖ = 2.182314038051492e-5 ‖Δρ‖ = 3.1290834417659683e-6  ‖vε - vref‖ = 1.432301540480559  α = 0.000537
 185   -37.31332749242      -12.30       -5.30    4.50s
    ‖ρε - ρref‖ = 2.1627370762794586e-5 ‖Δρ‖ = 9.492807047029603e-7  ‖vε - vref‖ = 1.4323015873154477  α = 0.00236
 186   -37.31332749242      -12.66       -5.01    3.72s
    ‖ρε - ρref‖ = 2.1741672076021463e-5 ‖Δρ‖ = 2.300741286701303e-6  ‖vε - vref‖ = 1.4323015639751606  α = 0.000607
 187   -37.31332749242      -12.42       -5.13    3.96s
    ‖ρε - ρref‖ = 2.1485439888403154e-5 ‖Δρ‖ = 1.351064783880909e-6  ‖vε - vref‖ = 1.4323014811756505  α = 0.00145
 188   -37.31332749242      -12.66       -5.25    4.77s
    ‖ρε - ρref‖ = 2.1765716641507495e-5 ‖Δρ‖ = 1.4116667530937225e-6  ‖vε - vref‖ = 1.4323015762917357  α = 0.000973
 189   -37.31332749242      -12.46       -4.89    4.40s
    ‖ρε - ρref‖ = 2.1654598345490488e-5 ‖Δρ‖ = 2.6071131111494295e-6  ‖vε - vref‖ = 1.4323015500755658  α = 0.000681
 190   -37.31332749242      -12.60       -5.41    4.10s
    ‖ρε - ρref‖ = 2.1358269191287894e-5 ‖Δρ‖ = 7.975225577829975e-7  ‖vε - vref‖ = 1.4323015318196715  α = 0.00186
 191   -37.31332749242      -12.77       -4.14    3.86s
    ‖ρε - ρref‖ = 3.475456696582448e-5 ‖Δρ‖ = 1.844088563331172e-5  ‖vε - vref‖ = 1.4323017833028147  α = 5.62e-5
 192   -37.31332749242      -13.11       -5.13    4.40s
    ‖ρε - ρref‖ = 2.1912495495687103e-5 ‖Δρ‖ = 1.629634616819421e-6  ‖vε - vref‖ = 1.4323016887993976  α = 0.000685
 193   -37.31332749242      -13.19       -4.48    4.28s
    ‖ρε - ρref‖ = 1.845766426489265e-5 ‖Δρ‖ = 1.02471104699893e-5  ‖vε - vref‖ = 1.4323015075097405  α = 5.73e-5
 194   -37.31332749242      -13.07       -5.40    3.71s
    ‖ρε - ρref‖ = 2.159469483871852e-5 ‖Δρ‖ = 1.0000250319133055e-6  ‖vε - vref‖ = 1.4323015299313597  α = 0.000982
 195   -37.31332749242      -12.51       -5.48    3.80s
    ‖ρε - ρref‖ = 2.1625246088295314e-5 ‖Δρ‖ = 6.805406372859237e-7  ‖vε - vref‖ = 1.4323019532475327  α = 0.00247
 196   -37.31332749242      -12.97       -5.19    4.02s
    ‖ρε - ρref‖ = 2.172493721160108e-5 ‖Δρ‖ = 1.5345477101937231e-6  ‖vε - vref‖ = 1.4323020567216784  α = 0.000652
 197   -37.31332749242      -12.62       -5.05    3.82s
    ‖ρε - ρref‖ = 2.1437253385917403e-5 ‖Δρ‖ = 1.7885022188720315e-6  ‖vε - vref‖ = 1.4323017817753654  α = 0.000862
 198   -37.31332749242      -12.66       -5.37    3.98s
    ‖ρε - ρref‖ = 2.171600632236116e-5 ‖Δρ‖ = 8.74885468929122e-7  ‖vε - vref‖ = 1.4323021502207711  α = 0.00158
 199   -37.31332749242      -12.60       -5.36    3.82s
    ‖ρε - ρref‖ = 2.162942574775861e-5 ‖Δρ‖ = 8.433355492696145e-7  ‖vε - vref‖ = 1.4323019557300085  α = 0.00177
 200   -37.31332749242      -13.11       -5.07    4.04s
    ‖ρε - ρref‖ = 2.1355318412891273e-5 ‖Δρ‖ = 2.139872198937113e-6  ‖vε - vref‖ = 1.432301690059195  α = 0.000457
 201   -37.31332749242      -13.11       -5.47    3.74s
    ‖ρε - ρref‖ = 2.1493266366299158e-5 ‖Δρ‖ = 8.89414062426976e-7  ‖vε - vref‖ = 1.4323014284874405  α = 0.000979
 202   -37.31332749242      -13.19       -5.27    3.93s
    ‖ρε - ρref‖ = 2.185911304379945e-5 ‖Δρ‖ = 1.4938207198113353e-6  ‖vε - vref‖ = 1.4323013205449837  α = 0.000499
 203   -37.31332749242      -13.45       -4.63    4.30s
    ‖ρε - ρref‖ = 1.815097968141703e-5 ‖Δρ‖ = 8.294735106051887e-6  ‖vε - vref‖ = 1.4323011476631358  α = 6.23e-5
 204   -37.31332749242      -12.43       -5.24    4.26s
    ‖ρε - ρref‖ = 2.1544945992847186e-5 ‖Δρ‖ = 9.47604846911647e-7  ‖vε - vref‖ = 1.4323009143370655  α = 0.00187
 205   -37.31332749242      -13.30       -4.44    3.99s
    ‖ρε - ρref‖ = 3.0285019221094865e-5 ‖Δρ‖ = 1.2038197605206521e-5  ‖vε - vref‖ = 1.4323010165118135  α = 4.73e-5
 206   -37.31332749242      -13.00       -5.51    4.49s
    ‖ρε - ρref‖ = 2.159508164939135e-5 ‖Δρ‖ = 6.037517999257777e-7  ‖vε - vref‖ = 1.4323008937182922  α = 0.00171
 207   -37.31332749242      -12.70       -5.70    4.09s
    ‖ρε - ρref‖ = 2.1569668166274506e-5 ‖Δρ‖ = 3.505253179550612e-7  ‖vε - vref‖ = 1.4323004565056698  α = 0.00422
 208   -37.31332749242      -13.07       -5.27    4.14s
    ‖ρε - ρref‖ = 2.155811980894521e-5 ‖Δρ‖ = 1.317016371651967e-6  ‖vε - vref‖ = 1.4323003989037881  α = 0.00055
 209   -37.31332749242      -13.11       -5.26    3.81s
    ‖ρε - ρref‖ = 2.1768230174388283e-5 ‖Δρ‖ = 1.2814046677634302e-6  ‖vε - vref‖ = 1.4323005656360848  α = 0.000696
 210   -37.31332749242      -12.79       -5.50    3.72s
    ‖ρε - ρref‖ = 2.1511976861142135e-5 ‖Δρ‖ = 6.660478652917428e-7  ‖vε - vref‖ = 1.4323002453080265  α = 0.00162
 211   -37.31332749242      -13.25       -5.56    3.71s
    ‖ρε - ρref‖ = 2.1594675535357515e-5 ‖Δρ‖ = 6.081173147105384e-7  ‖vε - vref‖ = 1.4323002053699108  α = 0.00155
 212   -37.31332749242      -12.87       -5.23    3.63s
    ‖ρε - ρref‖ = 2.1765308864132887e-5 ‖Δρ‖ = 1.1088298077816574e-6  ‖vε - vref‖ = 1.432300387534679  α = 0.00105
 213   -37.31332749242      -13.11       -5.31    4.30s
    ‖ρε - ρref‖ = 2.1612913466612836e-5 ‖Δρ‖ = 1.3248504591117221e-6  ‖vε - vref‖ = 1.4323003344665504  α = 0.000562
 214   -37.31332749242      -13.67       -5.22    4.04s
    ‖ρε - ρref‖ = 2.0579028058207766e-5 ‖Δρ‖ = 2.0153924462533998e-6  ‖vε - vref‖ = 1.4323001764644712  α = 0.000232
 215   -37.31332749242      -12.89       -4.64    4.23s
    ‖ρε - ρref‖ = 2.3330293895824817e-5 ‖Δρ‖ = 5.052982137467951e-6  ‖vε - vref‖ = 1.4322999636566063  α = 0.000198
 216   -37.31332749242      -13.15       -5.16    4.80s
    ‖ρε - ρref‖ = 2.20666696499466e-5 ‖Δρ‖ = 1.7547036767459352e-6  ‖vε - vref‖ = 1.43229981392177  α = 0.000429
 217   -37.31332749242      -13.85       -4.59    4.79s
    ‖ρε - ρref‖ = 1.8819932310277147e-5 ‖Δρ‖ = 7.44065363246876e-6  ‖vε - vref‖ = 1.4322995558430447  α = 7.3e-5
 218   -37.31332749242      -13.00       -5.23    4.38s
    ‖ρε - ρref‖ = 2.1563983912472388e-5 ‖Δρ‖ = 1.252936354904431e-6  ‖vε - vref‖ = 1.4322992934880303  α = 0.000721
 219   -37.31332749242      -13.11       -5.59    4.77s
    ‖ρε - ρref‖ = 2.1546195289007374e-5 ‖Δρ‖ = 5.40547159928188e-7  ‖vε - vref‖ = 1.4322990186185167  α = 0.00165
 220   -37.31332749242      -12.92       -5.69    4.49s
    ‖ρε - ρref‖ = 2.1606478364172126e-5 ‖Δρ‖ = 3.445560502661783e-7  ‖vε - vref‖ = 1.4322990870485437  α = 0.00302
 221   -37.31332749242      -13.67       -5.60    3.63s
    ‖ρε - ρref‖ = 2.1520397319846254e-5 ‖Δρ‖ = 5.940534389428522e-7  ‖vε - vref‖ = 1.4322989409406004  α = 0.00111
 222   -37.31332749242      -12.92       -5.09    3.78s
    ‖ρε - ρref‖ = 2.164756298754842e-5 ‖Δρ‖ = 1.4136114962266125e-6  ‖vε - vref‖ = 1.4322988234227565  α = 0.000733
 223   -37.31332749242      -13.55       -5.70    3.75s
    ‖ρε - ρref‖ = 2.1658768659659043e-5 ‖Δρ‖ = 3.878408636327755e-7  ‖vε - vref‖ = 1.4322989429474342  α = 0.00175
 224   -37.31332749242      -13.25       -5.73    3.91s
    ‖ρε - ρref‖ = 2.1522757759938928e-5 ‖Δρ‖ = 3.496969009731392e-7  ‖vε - vref‖ = 1.4322984537215218  α = 0.00217
 225   -37.31332749242      -13.45       -5.48    3.67s
    ‖ρε - ρref‖ = 2.1431867695933762e-5 ‖Δρ‖ = 8.571975930931897e-7  ‖vε - vref‖ = 1.4322983443801631  α = 0.000537
 226   -37.31332749242   +    -Inf       -4.97    38.2s
    ‖ρε - ρref‖ = 2.3749241911054986e-5 ‖Δρ‖ = 3.6987907870042616e-6  ‖vε - vref‖ = 1.4322983444155475  α = 7.76e-8
 227   -37.31332749242      -13.25       -5.34    3.67s
    ‖ρε - ρref‖ = 2.1459576365051947e-5 ‖Δρ‖ = 1.092962874244873e-6  ‖vε - vref‖ = 1.432298325905788  α = 0.000504
 228   -37.31332749242      -13.85       -5.44    24.6s
    ‖ρε - ρref‖ = 2.0897223584362047e-5 ‖Δρ‖ = 1.384956199380607e-6  ‖vε - vref‖ = 1.4322983246514558  α = 7.39e-6
 229   -37.31332749242   +  -13.67       -5.14    3.94s
    ‖ρε - ρref‖ = 2.204271350490862e-5 ‖Δρ‖ = 1.6052054881282631e-6  ‖vε - vref‖ = 1.4322984910383378  α = 0.000315
 230   -37.31332749242      -13.19       -5.42    4.15s
    ‖ρε - ρref‖ = 2.1633209196593582e-5 ‖Δρ‖ = 8.033106203000923e-7  ‖vε - vref‖ = 1.4322986747732984  α = 0.000768
 231   -37.31332749242      -13.67       -5.71    4.22s
    ‖ρε - ρref‖ = 2.1581658935771113e-5 ‖Δρ‖ = 3.7927077708375784e-7  ‖vε - vref‖ = 1.4322989215840958  α = 0.00182
 232   -37.31332749242      -13.15       -5.65    3.74s
    ‖ρε - ρref‖ = 2.1588178802193938e-5 ‖Δρ‖ = 4.960964886152858e-7  ‖vε - vref‖ = 1.4322990498621868  α = 0.00113
 233   -37.31332749242      -13.55       -5.62    3.96s
    ‖ρε - ρref‖ = 2.1598321941167263e-5 ‖Δρ‖ = 5.049114794665085e-7  ‖vε - vref‖ = 1.4322992873603433  α = 0.00126
 234   -37.31332749242      -13.45       -5.51    3.97s
    ‖ρε - ρref‖ = 2.155599265696284e-5 ‖Δρ‖ = 5.99206691563202e-7  ‖vε - vref‖ = 1.43229940063087  α = 0.001
 235   -37.31332749242      -13.30       -5.25    4.71s
    ‖ρε - ρref‖ = 2.1705106962254656e-5 ‖Δρ‖ = 1.239576441347712e-6  ‖vε - vref‖ = 1.4322995432654375  α = 0.000403
 236   -37.31332749242   +  -14.15       -5.75    3.61s
    ‖ρε - ρref‖ = 2.1540335848482587e-5 ‖Δρ‖ = 3.4459856161866066e-7  ‖vε - vref‖ = 1.432299457306545  α = 0.0015
 237   -37.31332749242      -13.45       -4.85    3.71s
    ‖ρε - ρref‖ = 2.547081957437803e-5 ‖Δρ‖ = 5.976839722239104e-6  ‖vε - vref‖ = 1.4322995039942938  α = 3.89e-5
 238   -37.31332749242      -13.67       -5.76    4.10s
    ‖ρε - ρref‖ = 2.1591430090560145e-5 ‖Δρ‖ = 3.8988049478304224e-7  ‖vε - vref‖ = 1.4322995045400542  α = 0.00109
 239   -37.31332749242      -13.85       -4.96    18.4s
    ‖ρε - ρref‖ = 1.9759500795735313e-5 ‖Δρ‖ = 4.139856538762533e-6  ‖vε - vref‖ = 1.4322995045401727  α = 2.18e-10
 240   -37.31332749242   +    -Inf       -5.27    35.6s
    ‖ρε - ρref‖ = 2.145756319484768e-5 ‖Δρ‖ = 1.0420956230830792e-6  ‖vε - vref‖ = 1.43229950454016  α = 1.01e-12
 241   -37.31332749242   +  -14.15       -3.50    10.2s
    ‖ρε - ρref‖ = 6.191306117623434e-5 ‖Δρ‖ = 6.126375428291923e-5  ‖vε - vref‖ = 1.4322995045400946  α = 0.0
 242   -37.31332749242   +  -13.85       -5.12    9.34s
    ‖ρε - ρref‖ = 1.9242222270253743e-5 ‖Δρ‖ = 4.158997373272882e-6  ‖vε - vref‖ = 1.432299504540114  α = 0.0
 243   -37.31332749242   +    -Inf       -5.12    4.78s
    ‖ρε - ρref‖ = 1.9242241027215015e-5 ‖Δρ‖ = 4.158995893295859e-6  ‖vε - vref‖ = 1.4322994951186665  α = 8.54e-6
 244   -37.31332749242   +    -Inf       -5.39    3.63s
    ‖ρε - ρref‖ = 2.1612367677278813e-5 ‖Δρ‖ = 1.2110155529828414e-6  ‖vε - vref‖ = 1.4322994903645085  α = 0.000222
Trying again with Newton's method ...
n     Energy            log10(ΔE)   log10(Δρ)   Δtime 
---   ---------------   ---------   ---------   ------
  1   -37.31332749242                   -8.08     321s
    ‖ρε - ρref‖ = 2.1575974882141975e-5 ‖Δρ‖ = 1.0002496410338314e-9  ‖vε - vref‖ = 1.4322993249977234
  2   -37.31332749242      -12.97       -8.39     343s
    ‖ρε - ρref‖ = 2.15758693438993e-5 ‖Δρ‖ = 5.166537380945691e-10  ‖vε - vref‖ = 1.4322996331512716
    Stopping to avoid numerical instabilities.

#-- ‖ρε - ρref‖ = 2.15758693438993e-5 vs. 5.623413251903491e-8 = δ*ε ‖vε - vref‖ = 1.4322996331512716


# --- ε=3.162277660168379e-6

n     Energy            log10(ΔE)   log10(Δρ)   Δtime 
---   ---------------   ---------   ---------   ------
  1   -37.31329380509                   -0.11    7.30s
    ‖ρε - ρref‖ = 0.39547524284898133 ‖Δρ‖ = 0.39546536176058567  ‖vε - vref‖ = 2.391263058577078  α = 2.17e-5
  2   -37.31329518765       -5.86       -1.05    4.39s
    ‖ρε - ρref‖ = 0.034689741057905524 ‖Δρ‖ = 0.03468734516449421  ‖vε - vref‖ = 2.1417325927866693  α = 7.17e-5
  3   -37.31329656122       -5.86       -0.90    4.31s
    ‖ρε - ρref‖ = 0.051537540823432954 ‖Δρ‖ = 0.051533757798117516  ‖vε - vref‖ = 1.8210002573240156  α = 5.16e-5
  4   -37.31329765445       -5.96       -1.44    4.63s
    ‖ρε - ρref‖ = 0.009096956345540304 ‖Δρ‖ = 0.009094170853725355  ‖vε - vref‖ = 1.5983171305504311  α = 0.000268
  5   -37.31329799572       -6.47       -1.94    4.51s
    ‖ρε - ρref‖ = 0.003063373619707327 ‖Δρ‖ = 0.0030608089763502866  ‖vε - vref‖ = 1.5343832694296455  α = 0.000429
  6   -37.31329846477       -6.33       -1.63    3.95s
    ‖ρε - ρref‖ = 0.00485073834519183 ‖Δρ‖ = 0.004848166536020801  ‖vε - vref‖ = 1.4278150891447594  α = 0.00033
  7   -37.31329861999       -6.81       -2.05    4.62s
    ‖ρε - ρref‖ = 0.0020534499079900488 ‖Δρ‖ = 0.0020525025255927953  ‖vε - vref‖ = 1.390231078936622  α = 0.000444
  8   -37.31329866421       -7.35       -2.25    4.46s
    ‖ρε - ρref‖ = 0.0014390989991126567 ‖Δρ‖ = 0.0014387198680108505  ‖vε - vref‖ = 1.3808833665738296  α = 0.000346
  9   -37.31329872908       -7.19       -2.41    4.72s
    ‖ρε - ρref‖ = 0.0008608560819851152 ‖Δρ‖ = 0.0008598717213060413  ‖vε - vref‖ = 1.3670976588851924  α = 0.000694
 10   -37.31329875999       -7.51       -2.39    4.27s
    ‖ρε - ρref‖ = 0.0009925547163512375 ‖Δρ‖ = 0.0009920406008489446  ‖vε - vref‖ = 1.3613258297422293  α = 0.00042
 11   -37.31329881185       -7.29       -2.59    4.75s
    ‖ρε - ρref‖ = 0.0005387232632087981 ‖Δρ‖ = 0.0005372060879913289  ‖vε - vref‖ = 1.352327976516964  α = 0.000976
 12   -37.31329881514       -8.48       -2.18    4.90s
    ‖ρε - ρref‖ = 0.0031623262798193886 ‖Δρ‖ = 0.003172133163653692  ‖vε - vref‖ = 1.3516203228669654  α = 3.73e-5
 13   -37.31329883941       -7.62       -2.37    4.85s
    ‖ρε - ρref‖ = 0.000996464285362796 ‖Δρ‖ = 0.0009949719648577595  ‖vε - vref‖ = 1.3474971952423442  α = 0.000373
 14   -37.31329884202       -8.58       -2.09    4.88s
    ‖ρε - ρref‖ = 0.0039006488017932603 ‖Δρ‖ = 0.0039004509957793294  ‖vε - vref‖ = 1.346841124077023  α = 2.57e-5
 15   -37.31329886277       -7.68       -2.77    4.86s
    ‖ρε - ρref‖ = 0.00033716762673194345 ‖Δρ‖ = 0.0003361001975439912  ‖vε - vref‖ = 1.3443597196571586  α = 0.00103
 16   -37.31329887002       -8.14       -2.73    4.91s
    ‖ρε - ρref‖ = 0.00046366320346376885 ‖Δρ‖ = 0.00046183881901276517  ‖vε - vref‖ = 1.344064208173838  α = 0.000432
 17   -37.31329887973       -8.01       -2.54    4.97s
    ‖ρε - ρref‖ = 0.0007000750863147094 ‖Δρ‖ = 0.0007004300542705915  ‖vε - vref‖ = 1.3432099436771838  α = 0.00032
 18   -37.31329888975       -8.00       -2.99    4.98s
    ‖ρε - ρref‖ = 0.00022671113373403908 ‖Δρ‖ = 0.0002262128632544313  ‖vε - vref‖ = 1.343333371494923  α = 0.00101
 19   -37.31329889825       -8.07       -2.43    4.80s
    ‖ρε - ρref‖ = 0.000878847033984739 ‖Δρ‖ = 0.000877989467962879  ‖vε - vref‖ = 1.3431918408079089  α = 0.00024
 20   -37.31329890605       -8.11       -2.96    4.52s
    ‖ρε - ρref‖ = 0.0002188822696926189 ‖Δρ‖ = 0.00021917633499010433  ‖vε - vref‖ = 1.3435115730464051  α = 0.000917
 21   -37.31329891553       -8.02       -2.78    4.94s
    ‖ρε - ρref‖ = 0.00029967825540507117 ‖Δρ‖ = 0.0002985963338704672  ‖vε - vref‖ = 1.3440281595000048  α = 0.000781
 22   -37.31329891881       -8.48       -2.79    4.80s
    ‖ρε - ρref‖ = 0.000411038557803284 ‖Δρ‖ = 0.0004104122562567457  ‖vε - vref‖ = 1.3443104323341875  α = 0.000331
 23   -37.31329892438       -8.25       -3.06    4.78s
    ‖ρε - ρref‖ = 0.00017247542837317139 ‖Δρ‖ = 0.00017221869225956445  ‖vε - vref‖ = 1.3450721343496377  α = 0.00103
 24   -37.31329893028       -8.23       -2.62    4.78s
    ‖ρε - ρref‖ = 0.0004680455253391005 ‖Δρ‖ = 0.0004659367121697655  ‖vε - vref‖ = 1.3459049033072636  α = 0.000387
 25   -37.31329893082       -9.27       -2.29    4.84s
    ‖ρε - ρref‖ = 0.001943427807155634 ‖Δρ‖ = 0.0019525413722546764  ‖vε - vref‖ = 1.3459356332431092  α = 2.5e-5
 26   -37.31329893178       -9.02       -3.16    4.33s
    ‖ρε - ρref‖ = 0.0002037285099116302 ‖Δρ‖ = 0.00020258634252491104  ‖vε - vref‖ = 1.3462362820466638  α = 0.000321
 27   -37.31329893327       -8.83       -2.24    4.28s
    ‖ρε - ρref‖ = 0.0014989390069864 ‖Δρ‖ = 0.0014953641431102568  ‖vε - vref‖ = 1.3464887870720073  α = 5.68e-5
 28   -37.31329893672       -8.46       -3.30    4.71s
    ‖ρε - ρref‖ = 9.147568405069684e-5 ‖Δρ‖ = 9.108984041046418e-5  ‖vε - vref‖ = 1.3475695691669223  α = 0.00154
 29   -37.31329893892       -8.66       -3.09    4.69s
    ‖ρε - ρref‖ = 0.00017665432702121663 ‖Δρ‖ = 0.00017760916789657648  ‖vε - vref‖ = 1.3483964317085455  α = 0.000616
 30   -37.31329894150       -8.59       -2.70    4.37s
    ‖ρε - ρref‖ = 0.0004205631401366305 ‖Δρ‖ = 0.0004192616197824493  ‖vε - vref‖ = 1.349351727123413  α = 0.000281
 31   -37.31329894380       -8.64       -3.18    4.11s
    ‖ρε - ρref‖ = 0.00014741814257456163 ‖Δρ‖ = 0.0001452602747669276  ‖vε - vref‖ = 1.3503731605038887  α = 0.000714
 32   -37.31329894492       -8.95       -2.90    4.29s
    ‖ρε - ρref‖ = 0.00031348263488725146 ‖Δρ‖ = 0.00031321163034346805  ‖vε - vref‖ = 1.3508458106659698  α = 0.000244
 33   -37.31329894750       -8.59       -3.11    4.55s
    ‖ρε - ρref‖ = 0.000142014426253032 ‖Δρ‖ = 0.00014219591805311803  ‖vε - vref‖ = 1.3521265608567579  α = 0.000847
 34   -37.31329894885       -8.87       -3.27    3.73s
    ‖ρε - ρref‖ = 9.622703418747555e-5 ‖Δρ‖ = 9.555458146100618e-5  ‖vε - vref‖ = 1.352906230440722  α = 0.00093
 35   -37.31329894993       -8.97       -3.21    4.59s
    ‖ρε - ρref‖ = 0.00013684265702496766 ‖Δρ‖ = 0.00013539817902092738  ‖vε - vref‖ = 1.3536125574350162  α = 0.000576
 36   -37.31329895153       -8.80       -3.12    4.10s
    ‖ρε - ρref‖ = 0.00015341096238200347 ‖Δρ‖ = 0.00015305664586531142  ‖vε - vref‖ = 1.354698143882679  α = 0.000617
 37   -37.31329895175       -9.65       -2.93    4.43s
    ‖ρε - ρref‖ = 0.0004290036179216346 ‖Δρ‖ = 0.00042055261935287946  ‖vε - vref‖ = 1.354882107944434  α = 7.67e-5
 38   -37.31329895243       -9.17       -2.67    4.34s
    ‖ρε - ρref‖ = 0.0005362014775123809 ‖Δρ‖ = 0.0005392325361778872  ‖vε - vref‖ = 1.3553571222790397  α = 0.000105
 39   -37.31329895257       -9.86       -3.09    4.47s
    ‖ρε - ρref‖ = 0.0003186131714095888 ‖Δρ‖ = 0.0003221621590235274  ‖vε - vref‖ = 1.3554711860750919  α = 7.18e-5
 40   -37.31329895354       -9.01       -2.84    4.83s
    ‖ρε - ρref‖ = 0.00029914413574910146 ‖Δρ‖ = 0.00029927746610426995  ‖vε - vref‖ = 1.3562549969575204  α = 0.000243
 41   -37.31329895440       -9.06       -3.35    4.92s
    ‖ρε - ρref‖ = 9.741610850347684e-5 ‖Δρ‖ = 9.492341145174595e-5  ‖vε - vref‖ = 1.3570468907876643  α = 0.000699
 42   -37.31329895482       -9.38       -3.46    4.88s
    ‖ρε - ρref‖ = 8.253547474267418e-5 ‖Δρ‖ = 8.229676439219189e-5  ‖vε - vref‖ = 1.3574678645734815  α = 0.000568
 43   -37.31329895638       -8.81       -3.04    4.81s
    ‖ρε - ρref‖ = 0.00015288417097854038 ‖Δρ‖ = 0.00015098259776629398  ‖vε - vref‖ = 1.359086349607086  α = 0.000615
 44   -37.31329895675       -9.44       -3.43    4.56s
    ‖ρε - ρref‖ = 9.132184988682096e-5 ‖Δρ‖ = 9.074705029584323e-5  ‖vε - vref‖ = 1.3594840559815893  α = 0.000479
 45   -37.31329895747       -9.14       -3.13    3.93s
    ‖ρε - ρref‖ = 0.00014225582479939758 ‖Δρ‖ = 0.00014351316870015926  ‖vε - vref‖ = 1.3602728804866082  α = 0.000435
 46   -37.31329895821       -9.14       -3.48    4.03s
    ‖ρε - ρref‖ = 6.26219100077216e-5 ‖Δρ‖ = 5.990279610621277e-5  ‖vε - vref‖ = 1.3611381180524154  α = 0.00103
 47   -37.31329895886       -9.18       -3.45    4.75s
    ‖ρε - ρref‖ = 6.113680131593673e-5 ‖Δρ‖ = 5.9918561538395926e-5  ‖vε - vref‖ = 1.3619333657303867  α = 0.00101
 48   -37.31329895904       -9.74       -3.33    3.86s
    ‖ρε - ρref‖ = 0.00011505820377502598 ‖Δρ‖ = 0.00010990051872680333  ‖vε - vref‖ = 1.3621725012580157  α = 0.000283
 49   -37.31329895916       -9.94       -2.65    4.22s
    ‖ρε - ρref‖ = 0.0006322924733736609 ‖Δρ‖ = 0.0006396276903774565  ‖vε - vref‖ = 1.3623057682250677  α = 3.65e-5
 50   -37.31329895935       -9.72       -3.32    4.70s
    ‖ρε - ρref‖ = 0.00011510766805997654 ‖Δρ‖ = 0.00011682435218214977  ‖vε - vref‖ = 1.3625657763038375  α = 0.000262
 51   -37.31329895948       -9.89       -2.66    4.60s
    ‖ρε - ρref‖ = 0.0006043028194756753 ‖Δρ‖ = 0.0006018693513962305  ‖vε - vref‖ = 1.3627282694897818  α = 3.91e-5
 52   -37.31329895989       -9.38       -3.54    4.11s
    ‖ρε - ρref‖ = 5.225391320042166e-5 ‖Δρ‖ = 4.9297752768097076e-5  ‖vε - vref‖ = 1.3633288709665459  α = 0.00098
 53   -37.31329896007       -9.76       -3.52    4.27s
    ‖ρε - ρref‖ = 6.860185170918132e-5 ‖Δρ‖ = 6.837166633034551e-5  ‖vε - vref‖ = 1.3635819548207164  α = 0.000457
 54   -37.31329896025       -9.73       -3.54    4.67s
    ‖ρε - ρref‖ = 6.0334442983528645e-5 ‖Δρ‖ = 5.914190747235712e-5  ‖vε - vref‖ = 1.363863044875118  α = 0.000546
 55   -37.31329896047       -9.66       -3.30    4.70s
    ‖ρε - ρref‖ = 0.00010434798716402601 ‖Δρ‖ = 0.00010515349249661322  ‖vε - vref‖ = 1.3642019432742183  α = 0.000318
 56   -37.31329896083       -9.44       -3.47    3.89s
    ‖ρε - ρref‖ = 6.241983224561867e-5 ‖Δρ‖ = 5.999613400449647e-5  ‖vε - vref‖ = 1.3647930055511899  α = 0.000708
 57   -37.31329896096       -9.89       -3.53    3.98s
    ‖ρε - ρref‖ = 7.616220185167147e-5 ‖Δρ‖ = 7.37882157986985e-5  ‖vε - vref‖ = 1.3650028148072904  α = 0.000342
 58   -37.31329896125       -9.54       -3.43    4.28s
    ‖ρε - ρref‖ = 6.790047723589045e-5 ‖Δρ‖ = 6.674725189586069e-5  ‖vε - vref‖ = 1.3654664682326563  α = 0.000571
 59   -37.31329896153       -9.55       -3.56    3.99s
    ‖ρε - ρref‖ = 5.101031547797969e-5 ‖Δρ‖ = 4.9415493463073775e-5  ‖vε - vref‖ = 1.365913758225271  α = 0.0008
 60   -37.31329896169       -9.80       -3.91    4.34s
    ‖ρε - ρref‖ = 1.9717424902192835e-5 ‖Δρ‖ = 2.3855414996488726e-5  ‖vε - vref‖ = 1.3661835798301647  α = 0.00119
 61   -37.31329896186       -9.76       -2.41    4.77s
    ‖ρε - ρref‖ = 0.0007061687130002526 ‖Δρ‖ = 0.0007010799364410359  ‖vε - vref‖ = 1.3664688032832488  α = 4.22e-5
 62   -37.31329896188      -10.66       -3.57    3.93s
    ‖ρε - ρref‖ = 9.887924371096996e-5 ‖Δρ‖ = 9.411931935132851e-5  ‖vε - vref‖ = 1.3665100133506605  α = 9.8e-5
 63   -37.31329896205       -9.77       -3.13    4.77s
    ‖ρε - ρref‖ = 0.00012653581206237814 ‖Δρ‖ = 0.00012585624072627304  ‖vε - vref‖ = 1.3668016823580804  α = 0.00024
 64   -37.31329896214      -10.06       -3.46    4.70s
    ‖ρε - ρref‖ = 7.137692301891723e-5 ‖Δρ‖ = 6.965314514698095e-5  ‖vε - vref‖ = 1.3669545774747656  α = 0.000319
 65   -37.31329896223      -10.04       -3.79    4.71s
    ‖ρε - ρref‖ = 3.640578559280837e-5 ‖Δρ‖ = 3.5289949747256975e-5  ‖vε - vref‖ = 1.3671111147380761  α = 0.000628
 66   -37.31329896235       -9.91       -3.82    3.77s
    ‖ρε - ρref‖ = 2.9338905469043578e-5 ‖Δρ‖ = 2.7314775695818077e-5  ‖vε - vref‖ = 1.3673300452543238  α = 0.000961
 67   -37.31329896243      -10.13       -3.62    4.32s
    ‖ρε - ρref‖ = 5.376979682681741e-5 ‖Δρ‖ = 5.158406618705887e-5  ‖vε - vref‖ = 1.367471716941786  α = 0.00037
 68   -37.31329896249      -10.22       -3.58    4.22s
    ‖ρε - ρref‖ = 5.874712083350395e-5 ‖Δρ‖ = 5.818962025004285e-5  ‖vε - vref‖ = 1.3675800728887308  α = 0.000308
 69   -37.31329896260       -9.95       -3.69    4.64s
    ‖ρε - ρref‖ = 4.3657289600109436e-5 ‖Δρ‖ = 4.111973035834529e-5  ‖vε - vref‖ = 1.3677903883132316  α = 0.000586
 70   -37.31329896272       -9.91       -3.80    4.16s
    ‖ρε - ρref‖ = 3.0055345498399234e-5 ‖Δρ‖ = 2.7439282364505268e-5  ‖vε - vref‖ = 1.368024175912876  α = 0.000945
 71   -37.31329896276      -10.42       -3.64    4.74s
    ‖ρε - ρref‖ = 5.9552053148537005e-5 ‖Δρ‖ = 5.951906740390491e-5  ‖vε - vref‖ = 1.3680862262875473  α = 0.000229
 72   -37.31329896284      -10.12       -3.83    4.58s
    ‖ρε - ρref‖ = 2.7305326347477285e-5 ‖Δρ‖ = 2.789141477565028e-5  ‖vε - vref‖ = 1.3682150142079375  α = 0.000719
 73   -37.31329896286      -10.69       -2.93    4.78s
    ‖ρε - ρref‖ = 0.0003598351279774184 ‖Δρ‖ = 0.0003518671888605886  ‖vε - vref‖ = 1.3682505468704669  α = 2.79e-5
 74   -37.31329896291      -10.31       -3.79    3.91s
    ‖ρε - ρref‖ = 4.1112814685065776e-5 ‖Δρ‖ = 3.6111586078981137e-5  ‖vε - vref‖ = 1.368341017874476  α = 0.000418
 75   -37.31329896295      -10.38       -2.85    4.16s
    ‖ρε - ρref‖ = 0.00032708956881791646 ‖Δρ‖ = 0.0003294258029116323  ‖vε - vref‖ = 1.36840861602775  α = 4.19e-5
 76   -37.31329896304      -10.05       -4.16    4.15s
    ‖ρε - ρref‖ = 1.5735567868210924e-5 ‖Δρ‖ = 1.2276489451088807e-5  ‖vε - vref‖ = 1.3685484723561085  α = 0.0018
 77   -37.31329896310      -10.21       -3.72    4.04s
    ‖ρε - ρref‖ = 3.745578721929997e-5 ‖Δρ‖ = 3.47386096898043e-5  ‖vε - vref‖ = 1.3686537261707707  α = 0.000538
 78   -37.31329896315      -10.34       -3.66    3.79s
    ‖ρε - ρref‖ = 4.9747028870199644e-5 ‖Δρ‖ = 4.622224218899184e-5  ‖vε - vref‖ = 1.3687336994010884  α = 0.000344
 79   -37.31329896321      -10.20       -4.18    4.34s
    ‖ρε - ρref‖ = 1.7367192895361842e-5 ‖Δρ‖ = 1.1647505070153839e-5  ‖vε - vref‖ = 1.3688406077998256  α = 0.0016
 80   -37.31329896324      -10.53       -3.65    3.97s
    ‖ρε - ρref‖ = 5.3609965975403014e-5 ‖Δρ‖ = 5.3238030641211005e-5  ‖vε - vref‖ = 1.3688869628085243  α = 0.000231
 81   -37.31329896327      -10.49       -3.89    4.11s
    ‖ρε - ρref‖ = 3.3106484041615456e-5 ‖Δρ‖ = 3.0398794476329515e-5  ‖vε - vref‖ = 1.3689374928734455  α = 0.000428
 82   -37.31329896333      -10.24       -3.88    4.19s
    ‖ρε - ρref‖ = 2.746715959819992e-5 ‖Δρ‖ = 2.538325621521669e-5  ‖vε - vref‖ = 1.3690242987531505  α = 0.000688
 83   -37.31329896336      -10.51       -4.10    4.82s
    ‖ρε - ρref‖ = 2.170422338135424e-5 ‖Δρ‖ = 1.831421194474933e-5  ‖vε - vref‖ = 1.3690664862074595  α = 0.000693
 84   -37.31329896338      -10.78       -3.80    4.85s
    ‖ρε - ρref‖ = 4.113309862163561e-5 ‖Δρ‖ = 4.367449223733845e-5  ‖vε - vref‖ = 1.3690896006179454  α = 0.000205
 85   -37.31329896339      -10.95       -3.22    4.17s
    ‖ρε - ρref‖ = 0.00019797658401371482 ‖Δρ‖ = 0.00019045865796665722  ‖vε - vref‖ = 1.3691063044751133  α = 3.79e-5
 86   -37.31329896341      -10.57       -3.79    3.93s
    ‖ρε - ρref‖ = 4.012659575771224e-5 ‖Δρ‖ = 3.624033812763633e-5  ‖vε - vref‖ = 1.3691445969698939  α = 0.000325
 87   -37.31329896343      -10.85       -3.11    4.22s
    ‖ρε - ρref‖ = 0.00020403025601322343 ‖Δρ‖ = 0.00020818325498169878  ‖vε - vref‖ = 1.3691602525179798  α = 3.5e-5
 88   -37.31329896346      -10.45       -4.28    4.20s
    ‖ρε - ρref‖ = 1.4912686586083023e-5 ‖Δρ‖ = 9.765653790984328e-6  ‖vε - vref‖ = 1.3692014687760163  α = 0.00144
 89   -37.31329896351      -10.30       -4.15    4.88s
    ‖ρε - ρref‖ = 1.7925425300566732e-5 ‖Δρ‖ = 1.180693507792167e-5  ‖vε - vref‖ = 1.369264063047842  α = 0.00142
 90   -37.31329896353      -10.86       -4.10    4.46s
    ‖ρε - ρref‖ = 2.2501016567727977e-5 ‖Δρ‖ = 1.942829605059107e-5  ‖vε - vref‖ = 1.3692773225029724  α = 0.000442
 91   -37.31329896355      -10.70       -4.06    4.49s
    ‖ρε - ρref‖ = 2.11140570485994e-5 ‖Δρ‖ = 1.8632607038530313e-5  ‖vε - vref‖ = 1.3692955991313962  α = 0.000564
 92   -37.31329896358      -10.49       -4.09    4.21s
    ‖ρε - ρref‖ = 1.932018185909522e-5 ‖Δρ‖ = 1.4955967673698375e-5  ‖vε - vref‖ = 1.369328021533639  α = 0.000891
 93   -37.31329896359      -11.03       -3.86    4.59s
    ‖ρε - ρref‖ = 3.980170889644683e-5 ‖Δρ‖ = 3.621464675655831e-5  ‖vε - vref‖ = 1.3693380487862081  α = 0.000188
 94   -37.31329896361      -10.76       -4.21    4.79s
    ‖ρε - ρref‖ = 1.824258101759781e-5 ‖Δρ‖ = 1.3290073045690768e-5  ‖vε - vref‖ = 1.3693541740323325  α = 0.000749
 95   -37.31329896362      -11.00       -4.23    4.35s
    ‖ρε - ρref‖ = 2.0079179049204786e-5 ‖Δρ‖ = 1.5793911212911738e-5  ‖vε - vref‖ = 1.3693619076831984  α = 0.000457
 96   -37.31329896362      -11.30       -4.21    4.30s
    ‖ρε - ρref‖ = 1.535555251776744e-5 ‖Δρ‖ = 1.948685278145865e-5  ‖vε - vref‖ = 1.3693643345300064  α = 0.00025
 97   -37.31329896364      -10.82       -3.34    4.78s
    ‖ρε - ρref‖ = 0.00010541764454099955 ‖Δρ‖ = 0.00010179809367789751  ‖vε - vref‖ = 1.3693750598713683  α = 8.56e-5
 98   -37.31329896364      -11.32       -3.85    4.54s
    ‖ρε - ρref‖ = 4.9666367291692335e-5 ‖Δρ‖ = 4.5648216485507554e-5  ‖vε - vref‖ = 1.3693790302709106  α = 0.000104
 99   -37.31329896365      -11.25       -3.55    4.00s
    ‖ρε - ρref‖ = 8.115341408334665e-5 ‖Δρ‖ = 8.472399399529663e-5  ‖vε - vref‖ = 1.3693820608346008  α = 5.68e-5
 100   -37.31329896366      -10.97       -4.18    4.78s
    ‖ρε - ρref‖ = 2.0024989302365e-5 ‖Δρ‖ = 1.3962950465211335e-5  ‖vε - vref‖ = 1.3693907505239533  α = 0.000537
 101   -37.31329896368      -10.65       -4.58    4.44s
    ‖ρε - ρref‖ = 1.331750667228144e-5 ‖Δρ‖ = 4.7821678014548475e-6  ‖vε - vref‖ = 1.3694072203432803  α = 0.00231
 102   -37.31329896369      -10.92       -4.15    3.68s
    ‖ρε - ρref‖ = 1.701968333786355e-5 ‖Δρ‖ = 1.3210535026939475e-5  ‖vε - vref‖ = 1.369411793107515  α = 0.000619
 103   -37.31329896370      -10.99       -4.49    4.69s
    ‖ρε - ρref‖ = 1.4136225299182883e-5 ‖Δρ‖ = 6.645582060098177e-6  ‖vε - vref‖ = 1.3694164083943958  α = 0.00114
 104   -37.31329896371      -11.14       -4.05    3.79s
    ‖ρε - ρref‖ = 2.4326086825686598e-5 ‖Δρ‖ = 2.038497899040395e-5  ‖vε - vref‖ = 1.3694187666553308  α = 0.000311
 105   -37.31329896372      -11.11       -4.43    3.97s
    ‖ρε - ρref‖ = 1.4881580753388202e-5 ‖Δρ‖ = 7.966503936327017e-6  ‖vε - vref‖ = 1.369419003128304  α = 0.000822
 106   -37.31329896372      -11.30       -4.05    4.31s
    ‖ρε - ρref‖ = 2.4183953377414495e-5 ‖Δρ‖ = 2.228546972954683e-5  ‖vε - vref‖ = 1.3694177636914264  α = 0.000222
 107   -37.31329896374      -10.86       -4.40    4.30s
    ‖ρε - ρref‖ = 1.4002836578255367e-5 ‖Δρ‖ = 7.119989152278295e-6  ‖vε - vref‖ = 1.3694152376191122  α = 0.00123
 108   -37.31329896374      -11.40       -4.31    4.31s
    ‖ρε - ρref‖ = 1.4915132430266625e-5 ‖Δρ‖ = 1.3413784546311617e-5  ‖vε - vref‖ = 1.3694137192862923  α = 0.000343
 109   -37.31329896374      -11.83       -3.61    4.12s
    ‖ρε - ρref‖ = 9.251877862570906e-5 ‖Δρ‖ = 8.510390108315122e-5  ‖vε - vref‖ = 1.3694138639063465  α = 3.04e-5
 110   -37.31329896375      -11.38       -4.44    4.45s
    ‖ρε - ρref‖ = 1.7398019856392994e-5 ‖Δρ‖ = 1.0651064045742385e-5  ‖vε - vref‖ = 1.369412830152167  α = 0.000426
 111   -37.31329896375      -11.70       -3.66    4.25s
    ‖ρε - ρref‖ = 7.18291844275577e-5 ‖Δρ‖ = 7.561624915803778e-5  ‖vε - vref‖ = 1.3694116825017606  α = 3.66e-5
 112   -37.31329896375      -11.49       -4.23    4.42s
    ‖ρε - ρref‖ = 2.123326694588185e-5 ‖Δρ‖ = 1.511738077315518e-5  ‖vε - vref‖ = 1.3694108303888048  α = 0.000267
 113   -37.31329896375      -11.42       -4.32    4.05s
    ‖ρε - ρref‖ = 1.6006731801606047e-5 ‖Δρ‖ = 1.0434794353135318e-5  ‖vε - vref‖ = 1.369409155783637  α = 0.00043
 114   -37.31329896376      -11.16       -4.69    4.84s
    ‖ρε - ρref‖ = 1.2264612944010934e-5 ‖Δρ‖ = 3.7008754662069985e-6  ‖vε - vref‖ = 1.3694006524539521  α = 0.0017
 115   -37.31329896377      -11.06       -4.57    4.96s
    ‖ρε - ρref‖ = 1.353654653773953e-5 ‖Δρ‖ = 4.730981714201121e-6  ‖vε - vref‖ = 1.3693926647627042  α = 0.00148
 116   -37.31329896378      -11.29       -4.41    4.27s
    ‖ρε - ρref‖ = 1.3579432943687306e-5 ‖Δρ‖ = 7.032074363691872e-6  ‖vε - vref‖ = 1.3693859874027394  α = 0.000757
 117   -37.31329896378      -11.58       -4.36    4.02s
    ‖ρε - ρref‖ = 1.5555055271940385e-5 ‖Δρ‖ = 1.017449751631129e-5  ‖vε - vref‖ = 1.3693830143144994  α = 0.000376
 118   -37.31329896378      -11.40       -4.45    4.19s
    ‖ρε - ρref‖ = 1.4348630776145218e-5 ‖Δρ‖ = 7.4362183546842395e-6  ‖vε - vref‖ = 1.369379433864519  α = 0.000637
 119   -37.31329896379      -11.56       -4.31    4.89s
    ‖ρε - ρref‖ = 1.7789378853624577e-5 ‖Δρ‖ = 1.130235834027713e-5  ‖vε - vref‖ = 1.369377758902292  α = 0.000333
 120   -37.31329896379      -11.22       -4.24    4.84s
    ‖ρε - ρref‖ = 1.7651373789679572e-5 ‖Δρ‖ = 1.0910361055407205e-5  ‖vε - vref‖ = 1.3693721304875215  α = 0.000514
 121   -37.31329896379      -12.30       -3.86    4.04s
    ‖ρε - ρref‖ = 4.747177137540515e-5 ‖Δρ‖ = 5.458280472053118e-5  ‖vε - vref‖ = 1.3693712650739673  α = 2.6e-5
 122   -37.31329896379      -11.52       -4.59    4.52s
    ‖ρε - ρref‖ = 1.2017916771162972e-5 ‖Δρ‖ = 5.92247378650924e-6  ‖vε - vref‖ = 1.3693671019962224  α = 0.000653
 123   -37.31329896380      -12.02       -3.74    4.32s
    ‖ρε - ρref‖ = 6.544049366374081e-5 ‖Δρ‖ = 6.0158665844295325e-5  ‖vε - vref‖ = 1.3693661506713948  α = 3.35e-5
 124   -37.31329896380      -11.36       -4.46    4.76s
    ‖ρε - ρref‖ = 1.3697225365612939e-5 ‖Δρ‖ = 7.384106653962599e-6  ‖vε - vref‖ = 1.3693613725981801  α = 0.000646
 125   -37.31329896380      -11.32       -4.27    4.65s
    ‖ρε - ρref‖ = 1.606250800248542e-5 ‖Δρ‖ = 1.059998261724658e-5  ‖vε - vref‖ = 1.3693566529769525  α = 0.000476
 126   -37.31329896381      -11.76       -4.31    4.24s
    ‖ρε - ρref‖ = 1.9591776270480722e-5 ‖Δρ‖ = 1.3432621055213057e-5  ‖vε - vref‖ = 1.3693552419037407  α = 0.00022
 127   -37.31329896381      -11.31       -4.68    4.72s
    ‖ρε - ρref‖ = 1.3022693442865782e-5 ‖Δρ‖ = 3.466182837154063e-6  ‖vε - vref‖ = 1.3693515011851278  α = 0.00151
 128   -37.31329896381      -11.45       -4.62    3.80s
    ‖ρε - ρref‖ = 1.2370607556254377e-5 ‖Δρ‖ = 4.1675291670942484e-6  ‖vε - vref‖ = 1.3693467982315066  α = 0.00107
 129   -37.31329896382      -11.66       -4.73    4.57s
    ‖ρε - ρref‖ = 1.3272479856007776e-5 ‖Δρ‖ = 4.434584608391093e-6  ‖vε - vref‖ = 1.369345392970471  α = 0.000732
 130   -37.31329896382      -11.87       -4.82    3.84s
    ‖ρε - ρref‖ = 1.2659554156712299e-5 ‖Δρ‖ = 3.1588186872668385e-6  ‖vε - vref‖ = 1.3693437526238001  α = 0.000872
 131   -37.31329896382      -11.57       -4.40    3.96s
    ‖ρε - ρref‖ = 1.4124171284997174e-5 ‖Δρ‖ = 7.14458102369932e-6  ‖vε - vref‖ = 1.3693402116455762  α = 0.000547
 132   -37.31329896382      -11.89       -4.54    4.04s
    ‖ρε - ρref‖ = 1.1123127253698203e-5 ‖Δρ‖ = 6.628964906414416e-6  ‖vε - vref‖ = 1.3693380341833055  α = 0.000381
 133   -37.31329896382      -12.13       -3.72    4.30s
    ‖ρε - ρref‖ = 5.923077635435268e-5 ‖Δρ‖ = 5.268915314693915e-5  ‖vε - vref‖ = 1.3693372753587123  α = 3.63e-5
 134   -37.31329896382      -11.90       -4.24    4.69s
    ‖ρε - ρref‖ = 1.897318991854161e-5 ‖Δρ‖ = 1.3571562666816557e-5  ‖vε - vref‖ = 1.3693359277007824  α = 0.000187
 135   -37.31329896382      -12.69       -4.38    4.92s
    ‖ρε - ρref‖ = 1.536428121284876e-5 ‖Δρ‖ = 1.678696360508944e-5  ‖vε - vref‖ = 1.3693355308561335  α = 5.22e-5
 136   -37.31329896383      -11.72       -4.40    4.65s
    ‖ρε - ρref‖ = 1.4983643634612853e-5 ‖Δρ‖ = 7.6088538774500095e-6  ‖vε - vref‖ = 1.3693331875179426  α = 0.000416
 137   -37.31329896383      -11.76       -4.72    4.04s
    ‖ρε - ρref‖ = 1.3074086523797728e-5 ‖Δρ‖ = 4.040784350613681e-6  ‖vε - vref‖ = 1.3693313002151184  α = 0.000742
 138   -37.31329896383      -11.92       -4.62    4.68s
    ‖ρε - ρref‖ = 1.3623030845878984e-5 ‖Δρ‖ = 5.482070075034832e-6  ‖vε - vref‖ = 1.3693300069229555  α = 0.000455
 139   -37.31329896383      -11.89       -4.62    4.82s
    ‖ρε - ρref‖ = 1.2762002428818569e-5 ‖Δρ‖ = 5.7381192089366105e-6  ‖vε - vref‖ = 1.3693280932640897  α = 0.000455
 140   -37.31329896383      -11.75       -4.44    4.89s
    ‖ρε - ρref‖ = 1.4398986792403287e-5 ‖Δρ‖ = 7.560867277829551e-6  ‖vε - vref‖ = 1.3693254857543133  α = 0.000404
 141   -37.31329896384      -11.56       -5.05    4.57s
    ‖ρε - ρref‖ = 1.2550957416788236e-5 ‖Δρ‖ = 1.5421303653251333e-6  ‖vε - vref‖ = 1.3693223212183863  α = 0.00255
 142   -37.31329896384      -11.59       -4.62    4.86s
    ‖ρε - ρref‖ = 1.2104939298753321e-5 ‖Δρ‖ = 4.1494176301624154e-6  ‖vε - vref‖ = 1.3693163497260303  α = 0.000904
 143   -37.31329896384      -11.99       -4.95    4.83s
    ‖ρε - ρref‖ = 1.2379377444209752e-5 ‖Δρ‖ = 2.59781283676596e-6  ‖vε - vref‖ = 1.3693149882028943  α = 0.000861
 144   -37.31329896384      -12.22       -4.59    4.12s
    ‖ρε - ρref‖ = 1.5471815436330545e-5 ‖Δρ‖ = 6.472213395730765e-6  ‖vε - vref‖ = 1.3693143717257417  α = 0.000281
 145   -37.31329896384      -12.66       -3.99    3.97s
    ‖ρε - ρref‖ = 2.9971613232244188e-5 ‖Δρ‖ = 3.4305464501463116e-5  ‖vε - vref‖ = 1.3693138184690175  α = 3.03e-5
 146   -37.31329896384      -12.00       -4.78    3.87s
    ‖ρε - ρref‖ = 1.236902436163973e-5 ‖Δρ‖ = 3.5953194337911095e-6  ‖vε - vref‖ = 1.3693122974027916  α = 0.000623
 147   -37.31329896384      -12.66       -4.08    3.84s
    ‖ρε - ρref‖ = 3.663606262856378e-5 ‖Δρ‖ = 2.912580586717016e-5  ‖vε - vref‖ = 1.3693120966849421  α = 3.5e-5
 148   -37.31329896384      -12.05       -4.57    4.09s
    ‖ρε - ρref‖ = 1.3018383260190916e-5 ‖Δρ‖ = 6.126689475214264e-6  ‖vε - vref‖ = 1.369310675373349  α = 0.000348
 149   -37.31329896384      -11.80       -4.38    4.34s
    ‖ρε - ρref‖ = 1.5075216823172581e-5 ‖Δρ‖ = 7.3898410198611934e-6  ‖vε - vref‖ = 1.3693087795377128  α = 0.000398
 150   -37.31329896385      -11.74       -4.83    4.99s
    ‖ρε - ρref‖ = 1.2405110840479331e-5 ‖Δρ‖ = 2.8093471217470535e-6  ‖vε - vref‖ = 1.3693053717969363  α = 0.0011
 151   -37.31329896385      -12.02       -4.59    4.73s
    ‖ρε - ρref‖ = 1.3168340641413212e-5 ‖Δρ‖ = 5.825467914447977e-6  ‖vε - vref‖ = 1.3693033630807212  α = 0.000367
 152   -37.31329896385      -12.25       -4.73    4.38s
    ‖ρε - ρref‖ = 1.3439281323314861e-5 ‖Δρ‖ = 4.684915190799001e-6  ‖vε - vref‖ = 1.3693021621519048  α = 0.000378
 153   -37.31329896385      -12.07       -4.62    4.07s
    ‖ρε - ρref‖ = 1.2813964497042114e-5 ‖Δρ‖ = 4.7641899041399475e-6  ‖vε - vref‖ = 1.3693002498877334  α = 0.000461
 154   -37.31329896385      -11.78       -4.86    4.10s
    ‖ρε - ρref‖ = 1.2320475611453393e-5 ‖Δρ‖ = 2.4360087618527135e-6  ‖vε - vref‖ = 1.3692963922350527  α = 0.0012
 155   -37.31329896385      -11.94       -4.79    5.01s
    ‖ρε - ρref‖ = 1.2606004966523982e-5 ‖Δρ‖ = 3.1519049689321548e-6  ‖vε - vref‖ = 1.3692942349370998  α = 0.000794
 156   -37.31329896385      -11.88       -5.10    4.21s
    ‖ρε - ρref‖ = 1.229080742078404e-5 ‖Δρ‖ = 1.4674308209253777e-6  ‖vε - vref‖ = 1.369292571709585  α = 0.00184
 157   -37.31329896385      -13.19       -4.30    4.01s
    ‖ρε - ρref‖ = 2.8567392252867224e-5 ‖Δρ‖ = 1.947769338021816e-5  ‖vε - vref‖ = 1.3692925947152328  α = 3.29e-5
 158   -37.31329896385      -12.30       -4.63    4.36s
    ‖ρε - ρref‖ = 1.3063419501115423e-5 ‖Δρ‖ = 5.7627779150821475e-6  ‖vε - vref‖ = 1.3692918615614107  α = 0.000273
 159   -37.31329896385      -12.63       -4.68    4.47s
    ‖ρε - ρref‖ = 1.0352134771380677e-5 ‖Δρ‖ = 6.4690509843919566e-6  ‖vε - vref‖ = 1.3692911675185628  α = 0.000161
 160   -37.31329896385      -12.11       -4.01    4.67s
    ‖ρε - ρref‖ = 2.504731999279431e-5 ‖Δρ‖ = 2.0389412689485034e-5  ‖vε - vref‖ = 1.369289823069924  α = 9.94e-5
 161   -37.31329896385      -12.22       -4.81    4.37s
    ‖ρε - ρref‖ = 1.2930594089510837e-5 ‖Δρ‖ = 3.3685859659823304e-6  ‖vε - vref‖ = 1.369289101759899  α = 0.000526
 162   -37.31329896385      -12.07       -4.49    3.89s
    ‖ρε - ρref‖ = 1.3552618825737916e-5 ‖Δρ‖ = 6.279088309492569e-6  ‖vε - vref‖ = 1.369287685674659  α = 0.00033
 163   -37.31329896386      -12.08       -4.82    3.94s
    ‖ρε - ρref‖ = 1.2598003500546331e-5 ‖Δρ‖ = 2.7488179874004462e-6  ‖vε - vref‖ = 1.3692868748074345  α = 0.00078
 164   -37.31329896386      -12.31       -4.91    4.26s
    ‖ρε - ρref‖ = 1.2366531728425066e-5 ‖Δρ‖ = 2.8517744816709907e-6  ‖vε - vref‖ = 1.3692862447650866  α = 0.000552
 165   -37.31329896386      -12.35       -4.80    4.52s
    ‖ρε - ρref‖ = 1.2174165053706226e-5 ‖Δρ‖ = 3.767382916739527e-6  ‖vε - vref‖ = 1.3692855990004695  α = 0.000402
 166   -37.31329896386      -12.14       -4.74    4.28s
    ‖ρε - ρref‖ = 1.3104318935686055e-5 ‖Δρ‖ = 3.8066747062331613e-6  ‖vε - vref‖ = 1.3692852515873404  α = 0.000504
 167   -37.31329896386      -11.93       -4.70    4.66s
    ‖ρε - ρref‖ = 1.3066780563291005e-5 ‖Δρ‖ = 3.4564358348288576e-6  ‖vε - vref‖ = 1.3692853674601215  α = 0.000746
 168   -37.31329896386      -12.14       -4.93    4.85s
    ‖ρε - ρref‖ = 1.2154939932358856e-5 ‖Δρ‖ = 2.27115404906273e-6  ‖vε - vref‖ = 1.3692842150804954  α = 0.000878
 169   -37.31329896386      -12.77       -4.93    4.62s
    ‖ρε - ρref‖ = 1.0714612494749356e-5 ‖Δρ‖ = 3.4331247941429967e-6  ‖vε - vref‖ = 1.3692839006725275  α = 0.000259
 170   -37.31329896386      -12.04       -3.97    4.02s
    ‖ρε - ρref‖ = 2.241794072548777e-5 ‖Δρ‖ = 1.6597498808963244e-5  ‖vε - vref‖ = 1.369283331926095  α = 0.000132
 171   -37.31329896386      -12.97       -4.97    4.70s
    ‖ρε - ρref‖ = 1.4709492678288477e-5 ‖Δρ‖ = 3.862358765695858e-6  ‖vε - vref‖ = 1.3692834127370213  α = 0.000159
 172   -37.31329896386      -12.42       -4.29    4.82s
    ‖ρε - ρref‖ = 1.5882049918666675e-5 ‖Δρ‖ = 1.1562270289176796e-5  ‖vε - vref‖ = 1.369283030821421  α = 0.000126
 173   -37.31329896386      -12.34       -4.81    4.52s
    ‖ρε - ρref‖ = 1.2735473708339198e-5 ‖Δρ‖ = 3.3852096488866763e-6  ‖vε - vref‖ = 1.3692825330179803  α = 0.000465
 174   -37.31329896386      -12.29       -4.78    4.25s
    ‖ρε - ρref‖ = 1.2349446912355842e-5 ‖Δρ‖ = 3.2562611957583245e-6  ‖vε - vref‖ = 1.3692814865597105  α = 0.00053
 175   -37.31329896386      -12.69       -5.05    3.95s
    ‖ρε - ρref‖ = 1.2524436573914324e-5 ‖Δρ‖ = 2.1903034700517356e-6  ‖vε - vref‖ = 1.3692812504742324  α = 0.00048
 176   -37.31329896386      -12.07       -4.76    4.21s
    ‖ρε - ρref‖ = 1.2292114747016326e-5 ‖Δρ‖ = 3.227348803664136e-6  ‖vε - vref‖ = 1.3692797662332217  α = 0.000652
 177   -37.31329896386      -12.33       -4.99    4.55s
    ‖ρε - ρref‖ = 1.2599316688805646e-5 ‖Δρ‖ = 2.1711770948228224e-6  ‖vε - vref‖ = 1.3692793742828582  α = 0.000733
 178   -37.31329896386      -12.50       -4.83    3.98s
    ‖ρε - ρref‖ = 1.3006539571508918e-5 ‖Δρ‖ = 3.3878024680005316e-6  ‖vε - vref‖ = 1.3692790394629415  α = 0.000376
 179   -37.31329896386      -12.43       -4.88    3.84s
    ‖ρε - ρref‖ = 1.2189869396411977e-5 ‖Δρ‖ = 3.0572860485189637e-6  ‖vε - vref‖ = 1.3692782249632085  α = 0.000445
 180   -37.31329896386      -12.21       -4.77    4.35s
    ‖ρε - ρref‖ = 1.2489855689389271e-5 ‖Δρ‖ = 3.237739947700162e-6  ‖vε - vref‖ = 1.3692767584960788  α = 0.000577
 181   -37.31329896386      -12.53       -5.04    4.86s
    ‖ρε - ρref‖ = 1.2330049460211035e-5 ‖Δρ‖ = 1.9759557793068974e-6  ‖vε - vref‖ = 1.36927657432516  α = 0.000643
 182   -37.31329896386      -13.30       -4.60    4.12s
    ‖ρε - ρref‖ = 2.06095169977454e-5 ‖Δρ‖ = 1.0828430995497575e-5  ‖vε - vref‖ = 1.3692766316937153  α = 3.2e-5
 183   -37.31329896387      -12.36       -5.07    4.61s
    ‖ρε - ρref‖ = 1.2317146971810916e-5 ‖Δρ‖ = 1.65802955106841e-6  ‖vε - vref‖ = 1.3692758756592662  α = 0.000897
 184   -37.31329896387      -14.15       -4.74    4.10s
    ‖ρε - ρref‖ = 9.964272367960191e-6 ‖Δρ‖ = 8.465760835788236e-6  ‖vε - vref‖ = 1.369275735110991  α = 4.16e-5
 185   -37.31329896387      -12.23       -4.98    4.28s
    ‖ρε - ρref‖ = 1.2222288131360909e-5 ‖Δρ‖ = 1.9421043796185385e-6  ‖vε - vref‖ = 1.3692750735153554  α = 0.000903
 186   -37.31329896387      -12.62       -4.91    4.62s
    ‖ρε - ρref‖ = 1.273345253569732e-5 ‖Δρ‖ = 3.0318394317617447e-6  ‖vε - vref‖ = 1.3692750393108033  α = 0.000363
 187   -37.31329896387      -12.50       -4.98    4.57s
    ‖ρε - ρref‖ = 1.2784667386150197e-5 ‖Δρ‖ = 2.2158827231734003e-6  ‖vε - vref‖ = 1.3692752660644005  α = 0.000602
 188   -37.31329896387      -12.53       -5.05    4.06s
    ‖ρε - ρref‖ = 1.2218923760089105e-5 ‖Δρ‖ = 1.9952648979192406e-6  ‖vε - vref‖ = 1.369274891393598  α = 0.000596
 189   -37.31329896387      -12.34       -4.64    4.17s
    ‖ρε - ρref‖ = 1.3191431966044573e-5 ‖Δρ‖ = 4.596231642029867e-6  ‖vε - vref‖ = 1.3692743470352382  α = 0.000356
 190   -37.31329896387      -12.39       -5.28    4.22s
    ‖ρε - ρref‖ = 1.2128464676685257e-5 ‖Δρ‖ = 1.2187821935407526e-6  ‖vε - vref‖ = 1.3692736435919657  α = 0.00111
 191   -37.31329896387      -12.46       -4.91    4.95s
    ‖ρε - ρref‖ = 1.219108942780432e-5 ‖Δρ‖ = 2.701659058481828e-6  ‖vε - vref‖ = 1.3692730604262466  α = 0.000518
 192   -37.31329896387      -12.34       -4.70    4.54s
    ‖ρε - ρref‖ = 1.324919913489937e-5 ‖Δρ‖ = 4.257039887819744e-6  ‖vε - vref‖ = 1.3692727080224132  α = 0.000352
 193   -37.31329896387      -12.54       -4.90    4.63s
    ‖ρε - ρref‖ = 1.2457346956881798e-5 ‖Δρ‖ = 2.914046730509844e-6  ‖vε - vref‖ = 1.3692725445288532  α = 0.000428
 194   -37.31329896387      -13.03       -4.93    4.42s
    ‖ρε - ρref‖ = 1.4080230688404108e-5 ‖Δρ‖ = 3.2065111935099392e-6  ‖vε - vref‖ = 1.3692726310976164  α = 0.000233
 195   -37.31329896387      -12.75       -4.09    4.36s
    ‖ρε - ρref‖ = 1.85752152163463e-5 ‖Δρ‖ = 1.708707879434926e-5  ‖vε - vref‖ = 1.3692723897926458  α = 6.24e-5
 196   -37.31329896387      -12.83       -5.35    5.00s
    ‖ρε - ρref‖ = 1.1754532915048666e-5 ‖Δρ‖ = 1.2107348251747784e-6  ‖vε - vref‖ = 1.3692722494923621  α = 0.000575
 197   -37.31329896387      -12.64       -4.16    4.17s
    ‖ρε - ρref‖ = 2.263117415224707e-5 ‖Δρ‖ = 1.5234723701664971e-5  ‖vε - vref‖ = 1.369272339850644  α = 6.7e-5
 198   -37.31329896387      -12.32       -5.17    4.91s
    ‖ρε - ρref‖ = 1.2213236192673694e-5 ‖Δρ‖ = 1.2606355790517008e-6  ‖vε - vref‖ = 1.3692713942687054  α = 0.00122
 199   -37.31329896387      -12.47       -5.01    4.90s
    ‖ρε - ρref‖ = 1.245940215472498e-5 ‖Δρ‖ = 2.078177916602618e-6  ‖vε - vref‖ = 1.3692707469127752  α = 0.000682
 200   -37.31329896387      -12.50       -4.72    4.78s
    ‖ρε - ρref‖ = 1.2764528895539988e-5 ‖Δρ‖ = 3.6441759845006336e-6  ‖vε - vref‖ = 1.3692699881763644  α = 0.000367
 201   -37.31329896387      -12.48       -4.98    4.87s
    ‖ρε - ρref‖ = 1.2398560135578022e-5 ‖Δρ‖ = 2.2038562642862297e-6  ‖vε - vref‖ = 1.3692689044760733  α = 0.000589
 202   -37.31329896387      -12.81       -4.67    4.63s
    ‖ρε - ρref‖ = 1.2430673011057923e-5 ‖Δρ‖ = 4.851580095649691e-6  ‖vε - vref‖ = 1.369267930333791  α = 0.000212
 203   -37.31329896387      -12.23       -5.34    4.56s
    ‖ρε - ρref‖ = 1.227249184543528e-5 ‖Δρ‖ = 8.04425443818652e-7  ‖vε - vref‖ = 1.3692659016672628  α = 0.00219
 204   -37.31329896387      -12.77       -5.01    4.25s
    ‖ρε - ρref‖ = 1.2433224143219953e-5 ‖Δρ‖ = 2.507546216376324e-6  ‖vε - vref‖ = 1.369265075264683  α = 0.000382
 205   -37.31329896387      -12.56       -4.88    4.86s
    ‖ρε - ρref‖ = 1.1791637258369237e-5 ‖Δρ‖ = 2.839215881164073e-6  ‖vε - vref‖ = 1.3692636439424557  α = 0.000424
 206   -37.31329896387      -12.92       -4.95    4.47s
    ‖ρε - ρref‖ = 1.3553351076855667e-5 ‖Δρ‖ = 2.8796356480649086e-6  ‖vε - vref‖ = 1.3692631980423513  α = 0.000301
 207   -37.31329896387      -12.83       -4.10    4.87s
    ‖ρε - ρref‖ = 1.9694302854345895e-5 ‖Δρ‖ = 2.0632681424138915e-5  ‖vε - vref‖ = 1.3692624832236986  α = 4.29e-5
 208   -37.31329896387      -12.42       -4.94    4.81s
    ‖ρε - ρref‖ = 1.2351681179224908e-5 ‖Δρ‖ = 2.358402963048987e-6  ‖vε - vref‖ = 1.3692616191888956  α = 0.000581
 209   -37.31329896387      -13.19       -4.50    4.59s
    ‖ρε - ρref‖ = 2.2750838476002595e-5 ‖Δρ‖ = 1.3277047094536292e-5  ‖vε - vref‖ = 1.36926161682974  α = 3.01e-5
 210   -37.31329896387      -12.50       -5.15    4.61s
    ‖ρε - ρref‖ = 1.2282338055788341e-5 ‖Δρ‖ = 1.375337696379498e-6  ‖vε - vref‖ = 1.3692606872143964  α = 0.000949
 211   -37.31329896387      -12.34       -5.13    3.83s
    ‖ρε - ρref‖ = 1.2280613356194621e-5 ‖Δρ‖ = 1.2903479783731611e-6  ‖vε - vref‖ = 1.3692595946922332  α = 0.00122
 212   -37.31329896387      -12.81       -5.12    4.21s
    ‖ρε - ρref‖ = 1.2380884599100528e-5 ‖Δρ‖ = 1.7386934301371984e-6  ‖vε - vref‖ = 1.3692591605596203  α = 0.000564
 213   -37.31329896387      -13.07       -5.04    4.42s
    ‖ρε - ρref‖ = 1.2467437164375656e-5 ‖Δρ‖ = 2.1602913622881476e-6  ‖vε - vref‖ = 1.369258954507742  α = 0.000335
 214   -37.31329896387      -12.60       -5.26    4.81s
    ‖ρε - ρref‖ = 1.2092079579057713e-5 ‖Δρ‖ = 1.243178563870187e-6  ‖vε - vref‖ = 1.369258200753551  α = 0.000845
 215   -37.31329896387      -12.67       -4.73    4.60s
    ‖ρε - ρref‖ = 1.2772938027390045e-5 ‖Δρ‖ = 3.926057478304484e-6  ‖vε - vref‖ = 1.369257407144186  α = 0.000293
 216   -37.31329896387      -12.43       -5.16    4.97s
    ‖ρε - ρref‖ = 1.2088660066357936e-5 ‖Δρ‖ = 1.3518787909409675e-6  ‖vε - vref‖ = 1.3692560434631524  α = 0.00101
 217   -37.31329896387      -12.64       -5.10    4.81s
    ‖ρε - ρref‖ = 1.2430234603734834e-5 ‖Δρ‖ = 1.765617341614682e-6  ‖vε - vref‖ = 1.369256006818454  α = 0.000597
 218   -37.31329896387      -12.89       -4.95    4.84s
    ‖ρε - ρref‖ = 1.4019663972643845e-5 ‖Δρ‖ = 3.244962228515535e-6  ‖vε - vref‖ = 1.3692562092651006  α = 0.000232
 219   -37.31329896387      -13.45       -4.40    4.70s
    ‖ρε - ρref‖ = 1.4292679045306117e-5 ‖Δρ‖ = 1.3613644227298903e-5  ‖vε - vref‖ = 1.3692561599179423  α = 3.28e-5
 220   -37.31329896388      -12.32       -5.00    4.31s
    ‖ρε - ρref‖ = 1.226621956923677e-5 ‖Δρ‖ = 1.6783229975543606e-6  ‖vε - vref‖ = 1.3692561096620735  α = 0.000971
 221   -37.31329896388      -13.37       -4.64    4.87s
    ‖ρε - ρref‖ = 1.8949458417546996e-5 ‖Δρ‖ = 9.205128820248889e-6  ‖vε - vref‖ = 1.369256182968659  α = 4.09e-5
 222   -37.31329896388      -12.97       -4.80    4.04s
    ‖ρε - ρref‖ = 1.2325641173579541e-5 ‖Δρ‖ = 4.082351484443494e-6  ‖vε - vref‖ = 1.369256011608824  α = 0.000194
 223   -37.31329896388      -12.45       -5.39    4.22s
    ‖ρε - ρref‖ = 1.2149929094931397e-5 ‖Δρ‖ = 7.277270194377218e-7  ‖vε - vref‖ = 1.3692556652757688  α = 0.00178
 224   -37.31329896388      -12.42       -5.21    4.67s
    ‖ρε - ρref‖ = 1.2333623377755027e-5 ‖Δρ‖ = 1.1110004671423658e-6  ‖vε - vref‖ = 1.369255264053516  α = 0.00139
 225   -37.31329896388      -12.59       -5.19    4.33s
    ‖ρε - ρref‖ = 1.2244952054618562e-5 ‖Δρ‖ = 1.3439024117639338e-6  ‖vε - vref‖ = 1.3692549276852728  α = 0.000778
 226   -37.31329896388      -12.73       -4.88    4.30s
    ‖ρε - ρref‖ = 1.2266658134672852e-5 ‖Δρ‖ = 2.8379254694865462e-6  ‖vε - vref‖ = 1.36925445467109  α = 0.000343
 227   -37.31329896388      -12.89       -4.99    4.20s
    ‖ρε - ρref‖ = 1.2476537146873883e-5 ‖Δρ‖ = 2.2762812979419895e-6  ‖vε - vref‖ = 1.369254154510218  α = 0.000384
 228   -37.31329896388      -12.85       -4.96    3.72s
    ‖ρε - ρref‖ = 1.2250281362240152e-5 ‖Δρ‖ = 2.6287253037232343e-6  ‖vε - vref‖ = 1.3692537989047189  α = 0.000287
 229   -37.31329896388      -12.66       -5.25    3.87s
    ‖ρε - ρref‖ = 1.2302455253328023e-5 ‖Δρ‖ = 1.0488493899301956e-6  ‖vε - vref‖ = 1.3692534469206572  α = 0.00112
 230   -37.31329896388      -13.00       -5.25    3.87s
    ‖ρε - ρref‖ = 1.2546496502547836e-5 ‖Δρ‖ = 1.3210605947854362e-6  ‖vε - vref‖ = 1.3692532353528089  α = 0.000582
 231   -37.31329896388      -13.15       -4.32    4.41s
    ‖ρε - ρref‖ = 1.2992470383935128e-5 ‖Δρ‖ = 1.4359931191607698e-5  ‖vε - vref‖ = 1.3692530053249155  α = 3.42e-5
 232   -37.31329896388      -12.87       -4.85    3.85s
    ‖ρε - ρref‖ = 1.22654988367182e-5 ‖Δρ‖ = 3.314902065437576e-6  ‖vε - vref‖ = 1.3692527912915513  α = 0.000226
 233   -37.31329896388      -13.37       -5.15    4.59s
    ‖ρε - ρref‖ = 1.3737212778369159e-5 ‖Δρ‖ = 2.283361669804059e-6  ‖vε - vref‖ = 1.3692529877794037  α = 0.000201
 234   -37.31329896388      -13.00       -4.38    3.84s
    ‖ρε - ρref‖ = 1.5165422195013421e-5 ‖Δρ‖ = 9.656333808303461e-6  ‖vε - vref‖ = 1.3692531871379876  α = 8.65e-5
 235   -37.31329896388      -12.87       -5.40    4.51s
    ‖ρε - ρref‖ = 1.2280742748649622e-5 ‖Δρ‖ = 9.929958763840595e-7  ‖vε - vref‖ = 1.3692532820164325  α = 0.000783
 236   -37.31329896388      -12.53       -5.15    4.50s
    ‖ρε - ρref‖ = 1.2224367039904302e-5 ‖Δρ‖ = 1.2879342404779226e-6  ‖vε - vref‖ = 1.3692530120067459  α = 0.000956
 237   -37.31329896388      -12.70       -5.20    4.71s
    ‖ρε - ρref‖ = 1.2209340303778857e-5 ‖Δρ‖ = 1.3056016753245137e-6  ‖vε - vref‖ = 1.369252846307978  α = 0.000757
 238   -37.31329896388      -12.56       -5.29    4.19s
    ‖ρε - ρref‖ = 1.2166561357998134e-5 ‖Δρ‖ = 8.16709148366279e-7  ‖vε - vref‖ = 1.3692522169108932  α = 0.00153
 239   -37.31329896388      -13.30       -5.13    4.31s
    ‖ρε - ρref‖ = 1.247549012446411e-5 ‖Δρ‖ = 1.946326368865125e-6  ‖vε - vref‖ = 1.369252231854231  α = 0.000268
 240   -37.31329896388      -13.11       -5.24    3.76s
    ‖ρε - ρref‖ = 1.2247866359081284e-5 ‖Δρ‖ = 1.2537987144182161e-6  ‖vε - vref‖ = 1.3692522548534765  α = 0.00055
 241   -37.31329896388      -13.30       -5.01    4.21s
    ‖ρε - ρref‖ = 1.2596483241389484e-5 ‖Δρ‖ = 2.1572112490538814e-6  ‖vε - vref‖ = 1.3692523715045857  α = 0.000296
 242   -37.31329896388      -12.66       -5.35    3.76s
    ‖ρε - ρref‖ = 1.2229358228829444e-5 ‖Δρ‖ = 8.437794309863186e-7  ‖vε - vref‖ = 1.3692524348889927  α = 0.00125
 243   -37.31329896388      -14.15       -4.76    4.35s
    ‖ρε - ρref‖ = 1.0097651157432306e-5 ‖Δρ‖ = 6.7923744862366e-6  ‖vε - vref‖ = 1.3692523925445985  α = 3.65e-5
 244   -37.31329896388      -12.94       -5.03    4.31s
    ‖ρε - ρref‖ = 1.2466606347189801e-5 ‖Δρ‖ = 1.8756066212949153e-6  ‖vε - vref‖ = 1.3692526144640698  α = 0.000432
 245   -37.31329896388      -13.11       -5.01    4.78s
    ‖ρε - ρref‖ = 1.3679073215384456e-5 ‖Δρ‖ = 2.72694078927782e-6  ‖vε - vref‖ = 1.369252789550924  α = 0.000194
 246   -37.31329896388      -13.30       -4.50    4.64s
    ‖ρε - ρref‖ = 1.2919727232159084e-5 ‖Δρ‖ = 1.0424397967872903e-5  ‖vε - vref‖ = 1.3692527475701664  α = 4.2e-5
 247   -37.31329896388      -12.83       -5.09    4.58s
    ‖ρε - ρref‖ = 1.2249294353104956e-5 ‖Δρ‖ = 1.6984366153647958e-6  ‖vε - vref‖ = 1.3692526535241414  α = 0.000506
 248   -37.31329896388      -12.89       -5.40    4.32s
    ‖ρε - ρref‖ = 1.2173144388587661e-5 ‖Δρ‖ = 7.790466022569294e-7  ‖vε - vref‖ = 1.3692526345287912  α = 0.0011
 249   -37.31329896388      -13.11       -5.24    4.55s
    ‖ρε - ρref‖ = 1.2243445878084682e-5 ‖Δρ‖ = 1.409416960923687e-6  ‖vε - vref‖ = 1.3692527509849954  α = 0.000446
 250   -37.31329896388      -12.85       -5.41    4.43s
    ‖ρε - ρref‖ = 1.2278479018739224e-5 ‖Δρ‖ = 7.051668934460331e-7  ‖vε - vref‖ = 1.369253098738836  α = 0.00124
 251   -37.31329896388      -12.97       -5.44    4.91s
    ‖ρε - ρref‖ = 1.2185055122567577e-5 ‖Δρ‖ = 7.57801247468798e-7  ‖vε - vref‖ = 1.36925331867257  α = 0.000863
 252   -37.31329896388      -13.30       -5.45    4.80s
    ‖ρε - ρref‖ = 1.2137761740520374e-5 ‖Δρ‖ = 8.351032736553353e-7  ‖vε - vref‖ = 1.3692534522780222  α = 0.000634
 253   -37.31329896388      -13.03       -5.02    4.14s
    ‖ρε - ρref‖ = 1.2412913718432134e-5 ‖Δρ‖ = 1.7860752996131792e-6  ‖vε - vref‖ = 1.3692539215288335  α = 0.000396
 254   -37.31329896388      -13.37       -5.10    4.16s
    ‖ρε - ρref‖ = 1.2372865221611126e-5 ‖Δρ‖ = 1.7522768105522872e-6  ‖vε - vref‖ = 1.3692542461482546  α = 0.000316
 255   -37.31329896388      -13.37       -5.17    4.84s
    ‖ρε - ρref‖ = 1.1850908463287842e-5 ‖Δρ‖ = 1.6197793648825508e-6  ‖vε - vref‖ = 1.3692544965987605  α = 0.00029
 256   -37.31329896388      -13.45       -4.32    4.76s
    ‖ρε - ρref‖ = 1.9888532202333405e-5 ‖Δρ‖ = 1.09573167541987e-5  ‖vε - vref‖ = 1.369254907070856  α = 4.33e-5
 257   -37.31329896388      -12.92       -5.43    3.83s
    ‖ρε - ρref‖ = 1.2231331045813374e-5 ‖Δρ‖ = 7.060074508270827e-7  ‖vε - vref‖ = 1.3692552727576806  α = 0.00112
 258   -37.31329896388      -14.15       -4.65    4.44s
    ‖ρε - ρref‖ = 9.338170770993949e-6 ‖Δρ‖ = 8.351891413690777e-6  ‖vε - vref‖ = 1.369255258848971  α = 3.2e-5
 259   -37.31329896388      -13.19       -5.14    4.51s
    ‖ρε - ρref‖ = 1.2301003620078373e-5 ‖Δρ‖ = 1.9295058705075326e-6  ‖vε - vref‖ = 1.3692554499742497  α = 0.000232
 260   -37.31329896388      -13.15       -5.23    3.84s
    ‖ρε - ρref‖ = 1.2425460921770725e-5 ‖Δρ‖ = 1.2234049416539995e-6  ‖vε - vref‖ = 1.3692559039668568  α = 0.000448
 261   -37.31329896388      -13.15       -5.72    3.74s
    ‖ρε - ρref‖ = 1.2193870290617556e-5 ‖Δρ‖ = 3.7780437682488865e-7  ‖vε - vref‖ = 1.3692565352581678  α = 0.0019
 262   -37.31329896388      -13.11       -5.30    4.24s
    ‖ρε - ρref‖ = 1.225336053820027e-5 ‖Δρ‖ = 1.1480866267880206e-6  ‖vε - vref‖ = 1.3692570404180837  α = 0.000526
 263   -37.31329896388      -13.19       -5.42    4.23s
    ‖ρε - ρref‖ = 1.2219192571703176e-5 ‖Δρ‖ = 8.306829800297573e-7  ‖vε - vref‖ = 1.3692576020457081  α = 0.000663
 264   -37.31329896388      -13.45       -5.41    4.04s
    ‖ρε - ρref‖ = 1.2224219680837467e-5 ‖Δρ‖ = 7.743499981815627e-7  ‖vε - vref‖ = 1.369258047038902  α = 0.000728
 265   -37.31329896388      -13.11       -5.71    4.85s
    ‖ρε - ρref‖ = 1.2234910154860062e-5 ‖Δρ‖ = 4.088469976169902e-7  ‖vε - vref‖ = 1.3692584179203156  α = 0.00122
 266   -37.31329896388      -13.67       -5.01    4.89s
    ‖ρε - ρref‖ = 1.2243400133050892e-5 ‖Δρ‖ = 1.9422737167344097e-6  ‖vε - vref‖ = 1.3692586592878404  α = 0.000246
 267   -37.31329896388   +    -Inf       -5.41    4.35s
    ‖ρε - ρref‖ = 1.1931406315555706e-5 ‖Δρ‖ = 9.96713434076322e-7  ‖vε - vref‖ = 1.3692587235576787  α = 0.00032
 268   -37.31329896388      -13.37       -4.67    4.11s
    ‖ρε - ρref‖ = 1.5956555671570193e-5 ‖Δρ‖ = 6.311051595319846e-6  ‖vε - vref‖ = 1.3692588217873263  α = 3.62e-5
 269   -37.31329896388      -13.45       -5.22    3.99s
    ‖ρε - ρref‖ = 1.2126011926690896e-5 ‖Δρ‖ = 1.1784973897122655e-6  ‖vε - vref‖ = 1.369259013605464  α = 0.000404
 270   -37.31329896388      -13.85       -5.50    4.57s
    ‖ρε - ρref‖ = 1.1651344269868477e-5 ‖Δρ‖ = 1.1479552651861015e-6  ‖vε - vref‖ = 1.3692590507560847  α = 0.000159
 271   -37.31329896388      -13.30       -4.85    4.22s
    ‖ρε - ρref‖ = 1.338591280217131e-5 ‖Δρ‖ = 2.8026733191356563e-6  ‖vε - vref‖ = 1.369259669700813  α = 0.000195
 272   -37.31329896388      -13.25       -5.40    4.17s
    ‖ρε - ρref‖ = 1.2314550516642212e-5 ‖Δρ‖ = 1.012024520058545e-6  ‖vε - vref‖ = 1.3692598556796065  α = 0.000365
 273   -37.31329896388      -13.85       -5.28    4.28s
    ‖ρε - ρref‖ = 1.2031645887479787e-5 ‖Δρ‖ = 1.0089963624771732e-6  ‖vε - vref‖ = 1.3692600791052225  α = 0.00053
 274   -37.31329896388      -13.45       -5.52    4.03s
    ‖ρε - ρref‖ = 1.220677334604013e-5 ‖Δρ‖ = 6.29390894709037e-7  ‖vε - vref‖ = 1.369260464474564  α = 0.000726
 275   -37.31329896388      -13.19       -5.80    4.36s
    ‖ρε - ρref‖ = 1.2198696767967536e-5 ‖Δρ‖ = 3.269347169314585e-7  ‖vε - vref‖ = 1.3692609402200708  α = 0.00139
 276   -37.31329896388      -13.55       -5.33    4.72s
    ‖ρε - ρref‖ = 1.221183604331641e-5 ‖Δρ‖ = 8.337533678224961e-7  ‖vε - vref‖ = 1.3692617372084424  α = 0.000705
 277   -37.31329896388      -13.19       -5.39    4.01s
    ‖ρε - ρref‖ = 1.2174472149399805e-5 ‖Δρ‖ = 7.838972180934208e-7  ‖vε - vref‖ = 1.3692624902314672  α = 0.000679
 278   -37.31329896388      -13.37       -5.62    4.92s
    ‖ρε - ρref‖ = 1.2209213191920914e-5 ‖Δρ‖ = 4.905454024568735e-7  ‖vε - vref‖ = 1.3692631554376553  α = 0.000906
 279   -37.31329896388      -13.45       -5.08    4.83s
    ‖ρε - ρref‖ = 1.229880674447697e-5 ‖Δρ‖ = 1.8412780528384056e-6  ‖vε - vref‖ = 1.3692636648210146  α = 0.000207
 280   -37.31329896388      -13.85       -4.91    4.55s
    ‖ρε - ρref‖ = 1.5409690599799987e-5 ‖Δρ‖ = 4.617309573534524e-6  ‖vε - vref‖ = 1.3692638058231426  α = 3.22e-5
 281   -37.31329896388      -13.55       -5.28    4.40s
    ‖ρε - ρref‖ = 1.2261962489127901e-5 ‖Δρ‖ = 1.0163033114950693e-6  ‖vε - vref‖ = 1.3692644969756291  α = 0.000429
 282   -37.31329896388   +    -Inf       -5.36    14.4s
    ‖ρε - ρref‖ = 1.1898220405909503e-5 ‖Δρ‖ = 1.1400415988199408e-6  ‖vε - vref‖ = 1.3692645227070446  α = 2.4e-5
 283   -37.31329896388   +    -Inf       -4.76    3.73s
    ‖ρε - ρref‖ = 1.526383436153153e-5 ‖Δρ‖ = 5.171780924735767e-6  ‖vε - vref‖ = 1.3692647462871266  α = 4.09e-5
Trying again with Newton's method ...
n     Energy            log10(ΔE)   log10(Δρ)   Δtime 
---   ---------------   ---------   ---------   ------
  1   -37.31329896388                   -7.98     341s
    ‖ρε - ρref‖ = 1.2193565230511455e-5 ‖Δρ‖ = 1.2145723741225855e-9  ‖vε - vref‖ = 1.3692680248857683
  2   -37.31329896388      -12.81       -8.17     331s
    ‖ρε - ρref‖ = 1.219357388181233e-5 ‖Δρ‖ = 7.614748765830044e-10  ‖vε - vref‖ = 1.3692654937203999
    Stopping to avoid numerical instabilities.

#-- ‖ρε - ρref‖ = 1.219357388181233e-5 vs. 3.162277660168379e-8 = δ*ε ‖vε - vref‖ = 1.3692654937203999


# --- ε=1.778279410038923e-6

n     Energy            log10(ΔE)   log10(Δρ)   Δtime 
---   ---------------   ---------   ---------   ------
  1   -37.31327983062                   -0.11    6.87s
    ‖ρε - ρref‖ = 0.3954924331123037 ‖Δρ‖ = 0.39548687709335767  ‖vε - vref‖ = 2.371581777001033  α = 1.22e-5
  2   -37.31328060999       -6.11       -1.05    4.22s
    ‖ρε - ρref‖ = 0.03468376844857185 ‖Δρ‖ = 0.03468241923222819  ‖vε - vref‖ = 2.118755586740832  α = 4.04e-5
  3   -37.31328138443       -6.11       -0.89    4.18s
    ‖ρε - ρref‖ = 0.05161944276406952 ‖Δρ‖ = 0.051617312273233816  ‖vε - vref‖ = 1.7924327623379641  α = 2.9e-5
  4   -37.31328200337       -6.21       -1.44    3.73s
    ‖ρε - ρref‖ = 0.009114701795998475 ‖Δρ‖ = 0.009113132739114951  ‖vε - vref‖ = 1.5628155015502774  α = 0.000151
  5   -37.31328219907       -6.71       -1.94    4.42s
    ‖ρε - ρref‖ = 0.003072137560488667 ‖Δρ‖ = 0.003070691137406488  ‖vε - vref‖ = 1.4950892318837152  α = 0.000243
  6   -37.31328246815       -6.57       -1.63    4.27s
    ‖ρε - ρref‖ = 0.004906881155092077 ‖Δρ‖ = 0.004905428617417257  ‖vε - vref‖ = 1.3816208331462645  α = 0.000185
  7   -37.31328255804       -7.05       -2.05    4.06s
    ‖ρε - ρref‖ = 0.0020739554868316264 ‖Δρ‖ = 0.002073422255137798  ‖vε - vref‖ = 1.3408117686681393  α = 0.000251
  8   -37.31328258431       -7.58       -2.25    4.32s
    ‖ρε - ρref‖ = 0.0014606852543900886 ‖Δρ‖ = 0.0014604743181545847  ‖vε - vref‖ = 1.3302062855366135  α = 0.000197
  9   -37.31328262394       -7.40       -2.40    4.75s
    ‖ρε - ρref‖ = 0.0008867052708829371 ‖Δρ‖ = 0.0008861524469238546  ‖vε - vref‖ = 1.3138488013684655  α = 0.000395
 10   -37.31328264334       -7.71       -2.37    4.80s
    ‖ρε - ρref‖ = 0.0010339774006856335 ‖Δρ‖ = 0.001033687368028474  ‖vε - vref‖ = 1.3065664913690045  α = 0.00024
 11   -37.31328267689       -7.47       -2.56    4.70s
    ‖ρε - ρref‖ = 0.0005717523190970368 ‖Δρ‖ = 0.00057090096590899  ‖vε - vref‖ = 1.2945145554065232  α = 0.000555
 12   -37.31328267902       -8.67       -2.17    4.23s
    ‖ρε - ρref‖ = 0.0031957861219897004 ‖Δρ‖ = 0.00320128130002572  ‖vε - vref‖ = 1.2936782208959319  α = 2.23e-5
 13   -37.31328269509       -7.79       -2.32    3.79s
    ‖ρε - ρref‖ = 0.0011358216459252117 ‖Δρ‖ = 0.0011349324651933849  ‖vε - vref‖ = 1.2878278554667635  α = 0.0002
 14   -37.31328269682       -8.76       -2.06    3.62s
    ‖ρε - ρref‖ = 0.0041865819694169 ‖Δρ‖ = 0.004186439050790083  ‖vε - vref‖ = 1.2869711851369734  α = 1.46e-5
 15   -37.31328271178       -7.83       -2.72    3.75s
    ‖ρε - ρref‖ = 0.00036668492217088814 ‖Δρ‖ = 0.0003660239747053527  ‖vε - vref‖ = 1.2826609763843142  α = 0.0006
 16   -37.31328272150       -8.01       -2.84    3.80s
    ‖ρε - ρref‖ = 0.0003338866590927313 ‖Δρ‖ = 0.0003333060080440332  ‖vε - vref‖ = 1.280440786008455  α = 0.000528
 17   -37.31328272465       -8.50       -2.53    3.97s
    ‖ρε - ρref‖ = 0.0008099107004426734 ‖Δρ‖ = 0.000810231811018002  ‖vε - vref‖ = 1.2798302619309845  α = 0.000116
 18   -37.31328273702       -7.91       -2.82    4.08s
    ‖ρε - ρref‖ = 0.0002921044932872133 ‖Δρ‖ = 0.00029149533639514634  ‖vε - vref‖ = 1.2781346670038385  α = 0.000677
 19   -37.31328274201       -8.30       -2.70    3.96s
    ‖ρε - ρref‖ = 0.00041305887534736605 ‖Δρ‖ = 0.00041331514565844964  ‖vε - vref‖ = 1.2773515393921206  α = 0.000301
 20   -37.31328274785       -8.23       -2.69    4.12s
    ‖ρε - ρref‖ = 0.0004304807120877608 ‖Δρ‖ = 0.0004303034281950222  ‖vε - vref‖ = 1.2771373767890033  α = 0.000314
 21   -37.31328275539       -8.12       -2.60    4.59s
    ‖ρε - ρref‖ = 0.0004769243067541713 ‖Δρ‖ = 0.00047645764783272676  ‖vε - vref‖ = 1.276398833265569  α = 0.000322
 22   -37.31328275808       -8.57       -2.85    4.25s
    ‖ρε - ρref‖ = 0.00036774343597934157 ‖Δρ‖ = 0.00036720463953054754  ‖vε - vref‖ = 1.2763847480231414  α = 0.00025
 23   -37.31328276539       -8.14       -2.90    4.22s
    ‖ρε - ρref‖ = 0.0002217275546981459 ‖Δρ‖ = 0.0002218990546606177  ‖vε - vref‖ = 1.276524904964708  α = 0.000683
 24   -37.31328276720       -8.74       -2.35    3.63s
    ‖ρε - ρref‖ = 0.0012367784547612766 ‖Δρ‖ = 0.0012399538452302675  ‖vε - vref‖ = 1.2765563761680203  α = 5.76e-5
 25   -37.31328276845       -8.91       -2.09    4.27s
    ‖ρε - ρref‖ = 0.0025233517674322103 ‖Δρ‖ = 0.0025189856631427526  ‖vε - vref‖ = 1.2763945059563002  α = 2.23e-5
 26   -37.31328276872       -9.56       -2.96    4.33s
    ‖ρε - ρref‖ = 0.0004770479904075218 ‖Δρ‖ = 0.0004758812167356434  ‖vε - vref‖ = 1.2764762081707375  α = 5.12e-5
 27   -37.31328277113       -8.62       -2.58    4.50s
    ‖ρε - ρref‖ = 0.0005910973128719252 ‖Δρ‖ = 0.0005898705984918536  ‖vε - vref‖ = 1.2768277561299863  α = 0.000147
 28   -37.31328277487       -8.43       -3.16    3.92s
    ‖ρε - ρref‖ = 0.00012982423965021518 ‖Δρ‖ = 0.00013042936827623638  ‖vε - vref‖ = 1.2778506276244943  α = 0.000832
 29   -37.31328277638       -8.82       -2.74    3.97s
    ‖ρε - ρref‖ = 0.0004515033098413104 ‖Δρ‖ = 0.00045093959617257157  ‖vε - vref‖ = 1.2784255483225209  α = 0.000147
 30   -37.31328278089       -8.35       -2.82    4.03s
    ‖ρε - ρref‖ = 0.00028889800815275527 ‖Δρ‖ = 0.0002883523725785326  ‖vε - vref‖ = 1.279721108439462  α = 0.000399
 31   -37.31328278338       -8.60       -3.06    4.31s
    ‖ρε - ρref‖ = 0.00018174027159291773 ‖Δρ‖ = 0.00018100370647249306  ‖vε - vref‖ = 1.2806338149633585  α = 0.000487
 32   -37.31328278523       -8.73       -2.86    3.69s
    ‖ρε - ρref‖ = 0.0002906663324901622 ‖Δρ‖ = 0.0002907510004185378  ‖vε - vref‖ = 1.281412782751841  α = 0.000266
 33   -37.31328278723       -8.70       -2.77    4.05s
    ‖ρε - ρref‖ = 0.00030281719432062495 ‖Δρ‖ = 0.00030293357588974504  ‖vε - vref‖ = 1.2822405666854229  α = 0.000268
 34   -37.31328278887       -8.78       -3.22    3.91s
    ‖ρε - ρref‖ = 0.00011901713011352919 ‖Δρ‖ = 0.00011836997255504682  ‖vε - vref‖ = 1.2831577781617098  α = 0.000595
 35   -37.31328279019       -8.88       -2.99    4.18s
    ‖ρε - ρref‖ = 0.00022846830416636417 ‖Δρ‖ = 0.00022844581043848176  ‖vε - vref‖ = 1.2838049918341852  α = 0.000277
 36   -37.31328279047       -9.55       -2.64    3.81s
    ‖ρε - ρref‖ = 0.0008485728926123169 ‖Δρ‖ = 0.0008435285739087587  ‖vε - vref‖ = 1.284005471347335  α = 3.21e-5
 37   -37.31328279171       -8.91       -2.58    3.77s
    ‖ρε - ρref‖ = 0.0006043878114470524 ‖Δρ‖ = 0.0006059686522892871  ‖vε - vref‖ = 1.2847293841609637  α = 9.45e-5
 38   -37.31328279203       -9.49       -2.45    4.17s
    ‖ρε - ρref‖ = 0.001214357567517559 ‖Δρ‖ = 0.0012153198091715235  ‖vε - vref‖ = 1.2849524029165427  α = 2.22e-5
 39   -37.31328279295       -9.04       -2.67    3.80s
    ‖ρε - ρref‖ = 0.0005078746804401809 ‖Δρ‖ = 0.0005071283451248491  ‖vε - vref‖ = 1.285433245179014  α = 0.0001
 40   -37.31328279458       -8.79       -3.22    3.57s
    ‖ρε - ρref‖ = 0.00011545185032704733 ‖Δρ‖ = 0.00011524512141077682  ‖vε - vref‖ = 1.286561248546731  α = 0.000618
 41   -37.31328279528       -9.16       -3.24    3.90s
    ‖ρε - ρref‖ = 0.00013531594579791828 ‖Δρ‖ = 0.00013588288014525975  ‖vε - vref‖ = 1.2871136672114725  α = 0.00033
 42   -37.31328279583       -9.26       -2.95    3.93s
    ‖ρε - ρref‖ = 0.00027503207486215026 ‖Δρ‖ = 0.0002745703506717915  ‖vε - vref‖ = 1.287553357287921  α = 0.000148
 43   -37.31328279796       -8.67       -3.12    4.11s
    ‖ρε - ρref‖ = 0.00012071852441168319 ‖Δρ‖ = 0.00011992318439128074  ‖vε - vref‖ = 1.289441785209952  α = 0.000695
 44   -37.31328279945       -8.83       -3.37    3.94s
    ‖ρε - ρref‖ = 7.0157551282955e-5 ‖Δρ‖ = 7.042435653211308e-5  ‖vε - vref‖ = 1.2908190680813658  α = 0.000979
 45   -37.31328280029       -9.08       -3.36    3.70s
    ‖ρε - ρref‖ = 8.233581172119162e-5 ‖Δρ‖ = 8.106181228777975e-5  ‖vε - vref‖ = 1.2916752429811253  α = 0.000638
 46   -37.31328280096       -9.18       -2.97    4.26s
    ‖ρε - ρref‖ = 0.00019741155822758732 ‖Δρ‖ = 0.00019705756943217675  ‖vε - vref‖ = 1.2923185277917222  α = 0.000236
 47   -37.31328280160       -9.19       -3.01    4.67s
    ‖ρε - ρref‖ = 0.00016709605948837797 ‖Δρ‖ = 0.0001676748295981972  ‖vε - vref‖ = 1.292941866989417  α = 0.000272
 48   -37.31328280165      -10.26       -3.16    3.61s
    ‖ρε - ρref‖ = 0.00027394231757383935 ‖Δρ‖ = 0.0002691019848421  ‖vε - vref‖ = 1.2930068367157048  α = 4.38e-5
 49   -37.31328280202       -9.44       -2.95    3.71s
    ‖ρε - ρref‖ = 0.00027538897671928184 ‖Δρ‖ = 0.000277197506114511  ‖vε - vref‖ = 1.2934456261244798  α = 0.000117
 50   -37.31328280212      -10.01       -2.76    4.03s
    ‖ρε - ρref‖ = 0.0005976816225500306 ‖Δρ‖ = 0.0005989807956067824  ‖vε - vref‖ = 1.2935835155400275  α = 2.42e-5
 51   -37.31328280250       -9.41       -2.88    3.78s
    ‖ρε - ρref‖ = 0.0002796941231980716 ‖Δρ‖ = 0.00027858496256773013  ‖vε - vref‖ = 1.2940410563585314  α = 0.000121
 52   -37.31328280284       -9.48       -3.14    4.17s
    ‖ρε - ρref‖ = 0.0001606228061467391 ‖Δρ‖ = 0.0001603266970776262  ‖vε - vref‖ = 1.2944686033667314  α = 0.000195
 53   -37.31328280313       -9.53       -3.32    3.71s
    ‖ρε - ρref‖ = 0.00010697313883522536 ‖Δρ‖ = 0.0001061717553723915  ‖vε - vref‖ = 1.2948748275824837  α = 0.000281
 54   -37.31328280378       -9.19       -3.51    4.13s
    ‖ρε - ρref‖ = 4.993717635847989e-5 ‖Δρ‖ = 4.981257122987138e-5  ‖vε - vref‖ = 1.2958472261929916  α = 0.000899
 55   -37.31328280397       -9.72       -3.09    3.96s
    ‖ρε - ρref‖ = 0.00019972760608878037 ‖Δρ‖ = 0.00020032161280119731  ‖vε - vref‖ = 1.296116061375745  α = 0.000117
 56   -37.31328280445       -9.32       -3.29    3.76s
    ‖ρε - ρref‖ = 9.239420432814107e-5 ‖Δρ‖ = 9.158254866287419e-5  ‖vε - vref‖ = 1.2968730833770985  α = 0.000429
 57   -37.31328280504       -9.23       -3.43    3.80s
    ‖ρε - ρref‖ = 6.233481567162436e-5 ‖Δρ‖ = 6.0964545610312174e-5  ‖vε - vref‖ = 1.2978409852645156  α = 0.000715
 58   -37.31328280532       -9.55       -3.47    3.81s
    ‖ρε - ρref‖ = 6.58722904231175e-5 ‖Δρ‖ = 6.641659717717836e-5  ‖vε - vref‖ = 1.2983145530061657  α = 0.000436
 59   -37.31328280569       -9.43       -3.57    3.98s
    ‖ρε - ρref‖ = 4.594484003568177e-5 ‖Δρ‖ = 4.392666331169571e-5  ‖vε - vref‖ = 1.298979249237276  α = 0.000749
 60   -37.31328280574      -10.24       -2.61    3.98s
    ‖ρε - ρref‖ = 0.0007726096371316258 ‖Δρ‖ = 0.000777379399926737  ‖vε - vref‖ = 1.2990709249092078  α = 1.59e-5
 61   -37.31328280585       -9.99       -3.20    4.25s
    ‖ρε - ρref‖ = 0.00015062753878966435 ‖Δρ‖ = 0.00015023057919122775  ‖vε - vref‖ = 1.2992664461042063  α = 0.000115
 62   -37.31328280591      -10.18       -2.69    3.84s
    ‖ρε - ρref‖ = 0.0005446808178383674 ‖Δρ‖ = 0.000542940766039355  ‖vε - vref‖ = 1.2993828912828624  α = 2.3e-5
 63   -37.31328280621       -9.53       -3.25    4.31s
    ‖ρε - ρref‖ = 9.399582709617306e-5 ‖Δρ‖ = 9.417548099414645e-5  ‖vε - vref‖ = 1.2999186456952727  α = 0.000317
 64   -37.31328280629      -10.11       -3.37    3.85s
    ‖ρε - ρref‖ = 0.00011141764952961679 ‖Δρ‖ = 0.00011050004164927768  ‖vε - vref‖ = 1.3000654558948395  α = 0.000138
 65   -37.31328280643       -9.83       -3.56    3.82s
    ‖ρε - ρref‖ = 5.3722833499522024e-5 ‖Δρ‖ = 5.3298485336671436e-5  ‖vε - vref‖ = 1.3003670117974322  α = 0.000388
 66   -37.31328280667       -9.64       -3.51    4.04s
    ‖ρε - ρref‖ = 5.1157433827557955e-5 ‖Δρ‖ = 5.099450405250823e-5  ‖vε - vref‖ = 1.300830654228811  α = 0.000524
 67   -37.31328280674      -10.12       -3.46    4.27s
    ‖ρε - ρref‖ = 8.565423737178995e-5 ‖Δρ‖ = 8.523242860722806e-5  ‖vε - vref‖ = 1.300991270286388  α = 0.000173
 68   -37.31328280687       -9.89       -3.44    4.25s
    ‖ρε - ρref‖ = 7.462756699507055e-5 ‖Δρ‖ = 7.508661227938909e-5  ‖vε - vref‖ = 1.3012729041640836  α = 0.000263
 69   -37.31328280708       -9.67       -3.30    3.70s
    ‖ρε - ρref‖ = 8.77412737511347e-5 ‖Δρ‖ = 8.739093543422346e-5  ‖vε - vref‖ = 1.3017391620994299  α = 0.000296
 70   -37.31328280724       -9.81       -3.71    3.75s
    ‖ρε - ρref‖ = 3.640242923068323e-5 ‖Δρ‖ = 3.495650975825309e-5  ‖vε - vref‖ = 1.3021101148574579  α = 0.000639
 71   -37.31328280738       -9.83       -3.66    3.76s
    ‖ρε - ρref‖ = 3.9046350603905614e-5 ‖Δρ‖ = 4.057876628664299e-5  ‖vε - vref‖ = 1.3024705142967805  α = 0.000522
 72   -37.31328280743      -10.35       -2.61    4.01s
    ‖ρε - ρref‖ = 0.0006934830639146112 ‖Δρ‖ = 0.0006889097970655077  ‖vε - vref‖ = 1.3025800455159449  α = 1.55e-5
 73   -37.31328280745      -10.63       -3.64    4.69s
    ‖ρε - ρref‖ = 7.492292629121653e-5 ‖Δρ‖ = 7.361983092085973e-5  ‖vε - vref‖ = 1.3026407211842654  α = 0.000101
 74   -37.31328280754      -10.06       -2.92    3.62s
    ‖ρε - ρref‖ = 0.0002463140784083038 ‖Δρ‖ = 0.0002477748842277399  ‖vε - vref‖ = 1.3028495022666957  α = 6.28e-5
 75   -37.31328280762      -10.07       -3.68    3.81s
    ‖ρε - ρref‖ = 4.5102250164904454e-5 ‖Δρ‖ = 4.3426576162521095e-5  ‖vε - vref‖ = 1.3030693540198293  α = 0.000367
 76   -37.31328280773       -9.97       -3.34    3.86s
    ‖ρε - ρref‖ = 8.788826210819213e-5 ‖Δρ‖ = 8.738277597391517e-5  ‖vε - vref‖ = 1.3033460445316032  α = 0.00021
 77   -37.31328280780      -10.15       -3.57    4.16s
    ‖ρε - ρref‖ = 5.9366018513067084e-5 ‖Δρ‖ = 5.892657535364517e-5  ‖vε - vref‖ = 1.3035314046619078  α = 0.000248
 78   -37.31328280788      -10.09       -3.43    3.67s
    ‖ρε - ρref‖ = 7.053821454476988e-5 ‖Δρ‖ = 7.098124415290459e-5  ‖vε - vref‖ = 1.3037395133545677  α = 0.000223
 79   -37.31328280797      -10.06       -3.87    3.67s
    ‖ρε - ρref‖ = 2.6863483647820144e-5 ‖Δρ‖ = 2.5502312698839906e-5  ‖vε - vref‖ = 1.3039781367694427  α = 0.000657
 80   -37.31328280801      -10.41       -3.45    3.77s
    ‖ρε - ρref‖ = 8.771533066801858e-5 ‖Δρ‖ = 8.64828134281009e-5  ‖vε - vref‖ = 1.3040881039786016  α = 0.000121
 81   -37.31328280811       -9.98       -3.73    3.83s
    ‖ρε - ρref‖ = 3.540067512313819e-5 ‖Δρ‖ = 3.505077487462407e-5  ‖vε - vref‖ = 1.304374940942731  α = 0.000501
 82   -37.31328280819      -10.11       -3.71    4.69s
    ‖ρε - ρref‖ = 3.765980794138107e-5 ‖Δρ‖ = 3.762272185979139e-5  ‖vε - vref‖ = 1.304591189342993  α = 0.000416
 83   -37.31328280820      -10.89       -3.85    3.96s
    ‖ρε - ρref‖ = 5.273170308630552e-5 ‖Δρ‖ = 4.76668602931269e-5  ‖vε - vref‖ = 1.304632123575808  α = 0.000121
 84   -37.31328280828      -10.10       -3.03    4.41s
    ‖ρε - ρref‖ = 0.000177254259943708 ‖Δρ‖ = 0.00017830854162411734  ‖vε - vref‖ = 1.3048534155550031  α = 8.73e-5
 85   -37.31328280829      -10.97       -3.28    3.80s
    ‖ρε - ρref‖ = 0.00018736488153080127 ‖Δρ‖ = 0.00018899307468693614  ‖vε - vref‖ = 1.3048836369712395  α = 2.6e-5
 86   -37.31328280833      -10.40       -3.33    4.02s
    ‖ρε - ρref‖ = 0.000108234937645693 ‖Δρ‖ = 0.00010717421641107576  ‖vε - vref‖ = 1.3049971455598048  α = 0.000102
 87   -37.31328280839      -10.21       -4.05    3.76s
    ‖ρε - ρref‖ = 1.8082717452901753e-5 ‖Δρ‖ = 1.7284393704600872e-5  ‖vε - vref‖ = 1.3051712384771057  α = 0.000777
 88   -37.31328280844      -10.33       -3.67    3.78s
    ‖ρε - ρref‖ = 4.5470268292193566e-5 ‖Δρ‖ = 4.44199261177795e-5  ‖vε - vref‖ = 1.3053015568468231  α = 0.000268
 89   -37.31328280849      -10.28       -3.49    4.25s
    ‖ρε - ρref‖ = 6.467838035189665e-5 ‖Δρ‖ = 6.466147994061908e-5  ‖vε - vref‖ = 1.3054456931986227  α = 0.000188
 90   -37.31328280852      -10.58       -3.90    4.57s
    ‖ρε - ρref‖ = 3.201635341070954e-5 ‖Δρ‖ = 3.057696916368239e-5  ‖vε - vref‖ = 1.305521341144141  α = 0.000292
 91   -37.31328280856      -10.43       -3.71    3.72s
    ‖ρε - ρref‖ = 3.9940154436396235e-5 ‖Δρ‖ = 3.880861100723449e-5  ‖vε - vref‖ = 1.3056268065692613  α = 0.000279
 92   -37.31328280861      -10.29       -3.78    3.81s
    ‖ρε - ρref‖ = 3.112251966682642e-5 ‖Δρ‖ = 3.1649125685020295e-5  ‖vε - vref‖ = 1.3057672201929797  α = 0.000394
 93   -37.31328280863      -10.60       -3.41    4.23s
    ‖ρε - ρref‖ = 8.499303618272753e-5 ‖Δρ‖ = 8.479878949193629e-5  ‖vε - vref‖ = 1.3058355369343837  α = 0.000103
 94   -37.31328280867      -10.43       -4.15    4.58s
    ‖ρε - ρref‖ = 1.7236539265370954e-5 ‖Δρ‖ = 1.3915795446099613e-5  ‖vε - vref‖ = 1.3059507388206428  α = 0.000779
 95   -37.31328280867      -11.52       -3.45    3.84s
    ‖ρε - ρref‖ = 0.00013635548152787324 ‖Δρ‖ = 0.0001410213515035708  ‖vε - vref‖ = 1.305958355883263  α = 1.96e-5
 96   -37.31328280870      -10.54       -3.80    3.84s
    ‖ρε - ρref‖ = 3.3930340303775206e-5 ‖Δρ‖ = 3.380843090921467e-5  ‖vε - vref‖ = 1.3060410982369641  α = 0.000273
 97   -37.31328280871      -11.11       -3.13    3.81s
    ‖ρε - ρref‖ = 0.0002488662750743342 ‖Δρ‖ = 0.0002469201822111873  ‖vε - vref‖ = 1.3060629780596038  α = 1.69e-5
 98   -37.31328280875      -10.43       -4.05    3.87s
    ‖ρε - ρref‖ = 1.7818890861413075e-5 ‖Δρ‖ = 1.7213695521500246e-5  ‖vε - vref‖ = 1.3061693957338973  α = 0.000615
 99   -37.31328280877      -10.69       -4.01    3.85s
    ‖ρε - ρref‖ = 2.476214607164057e-5 ‖Δρ‖ = 2.3132315873364982e-5  ‖vε - vref‖ = 1.3062299993977953  α = 0.000334
 100   -37.31328280878      -10.82       -3.98    4.29s
    ‖ρε - ρref‖ = 2.7394232830948693e-5 ‖Δρ‖ = 2.6626503655816508e-5  ‖vε - vref‖ = 1.3062745027221412  α = 0.000255
 101   -37.31328280880      -10.70       -3.90    3.92s
    ‖ρε - ρref‖ = 2.9636695646907305e-5 ‖Δρ‖ = 2.805180026380828e-5  ‖vε - vref‖ = 1.3063352698938688  α = 0.000272
 102   -37.31328280884      -10.47       -3.73    4.75s
    ‖ρε - ρref‖ = 3.5368217097896095e-5 ‖Δρ‖ = 3.4895423228019624e-5  ‖vε - vref‖ = 1.306428912173995  α = 0.000283
 103   -37.31328280885      -10.89       -3.99    4.52s
    ‖ρε - ρref‖ = 2.197481285573463e-5 ‖Δρ‖ = 2.129704723980081e-5  ‖vε - vref‖ = 1.3064636874128894  α = 0.000299
 104   -37.31328280887      -10.71       -3.77    3.63s
    ‖ρε - ρref‖ = 3.270483883110797e-5 ‖Δρ‖ = 3.1750168433690036e-5  ‖vε - vref‖ = 1.3065167745778399  α = 0.000249
 105   -37.31328280888      -11.20       -3.86    3.98s
    ‖ρε - ρref‖ = 3.499142758066965e-5 ‖Δρ‖ = 3.45417417718118e-5  ‖vε - vref‖ = 1.3065337961525416  α = 0.000126
 106   -37.31328280889      -10.74       -4.16    4.15s
    ‖ρε - ρref‖ = 1.4769392891647292e-5 ‖Δρ‖ = 1.5067137569513723e-5  ‖vε - vref‖ = 1.306582411695238  α = 0.000486
 107   -37.31328280890      -11.08       -3.05    3.92s
    ‖ρε - ρref‖ = 0.00025968704139800057 ‖Δρ‖ = 0.00025506853315887984  ‖vε - vref‖ = 1.306606421930526  α = 1.8e-5
 108   -37.31328280892      -10.80       -3.86    4.47s
    ‖ρε - ρref‖ = 3.465845114348711e-5 ‖Δρ‖ = 3.284981422746412e-5  ‖vε - vref‖ = 1.3066489291562688  α = 0.000193
 109   -37.31328280894      -10.72       -2.95    4.07s
    ‖ρε - ρref‖ = 0.0002480880513044632 ‖Δρ‖ = 0.00024996959524150805  ‖vε - vref‖ = 1.3066916242237858  α = 2.78e-5
 110   -37.31328280896      -10.74       -4.43    4.22s
    ‖ρε - ρref‖ = 1.0525820779422923e-5 ‖Δρ‖ = 7.289151458279403e-6  ‖vε - vref‖ = 1.3067366239864924  α = 0.00102
 111   -37.31328280897      -10.83       -4.13    4.57s
    ‖ρε - ρref‖ = 1.5178982047993812e-5 ‖Δρ‖ = 1.4389558945179462e-5  ‖vε - vref‖ = 1.3067671742603146  α = 0.000473
 112   -37.31328280898      -11.29       -4.15    4.29s
    ‖ρε - ρref‖ = 2.078871833411313e-5 ‖Δρ‖ = 1.916408436487709e-5  ‖vε - vref‖ = 1.3067775920237559  α = 0.000204
 113   -37.31328280898      -11.07       -4.09    4.06s
    ‖ρε - ρref‖ = 1.918177572641595e-5 ‖Δρ‖ = 1.8354524840547322e-5  ‖vε - vref‖ = 1.3067943781406386  α = 0.000272
 114   -37.31328280900      -10.92       -4.12    3.74s
    ‖ρε - ρref‖ = 1.7783635250012423e-5 ‖Δρ‖ = 1.628814036462356e-5  ‖vε - vref‖ = 1.3068165290703504  α = 0.000365
 115   -37.31328280901      -10.85       -3.95    3.85s
    ‖ρε - ρref‖ = 2.3696449236914722e-5 ‖Δρ‖ = 2.252002017494503e-5  ‖vε - vref‖ = 1.3068420163746652  α = 0.000296
 116   -37.31328280902      -11.13       -3.93    3.76s
    ‖ρε - ρref‖ = 2.747578602053459e-5 ‖Δρ‖ = 2.728844316026345e-5  ‖vε - vref‖ = 1.3068550457033703  α = 0.000172
 117   -37.31328280903      -11.07       -4.02    3.70s
    ‖ρε - ρref‖ = 2.3196450152060026e-5 ‖Δρ‖ = 2.2719527867106234e-5  ‖vε - vref‖ = 1.3068698545846176  α = 0.000215
 118   -37.31328280903      -11.74       -3.77    3.84s
    ‖ρε - ρref‖ = 6.271172036416714e-5 ‖Δρ‖ = 5.7987312236123315e-5  ‖vε - vref‖ = 1.3068739598226056  α = 3.7e-5
 119   -37.31328280903      -11.26       -3.55    3.94s
    ‖ρε - ρref‖ = 6.504981415638098e-5 ‖Δρ‖ = 6.606354800507586e-5  ‖vε - vref‖ = 1.306883711268981  α = 6.14e-5
 120   -37.31328280903      -11.90       -3.95    3.75s
    ‖ρε - ρref‖ = 4.18790987683084e-5 ‖Δρ‖ = 4.3665362665817e-5  ‖vε - vref‖ = 1.3068860714292607  α = 3.8e-5
 121   -37.31328280905      -10.84       -3.76    3.74s
    ‖ρε - ρref‖ = 3.137050961052938e-5 ‖Δρ‖ = 2.909180714300384e-5  ‖vε - vref‖ = 1.3069142812399865  α = 0.00023
 122   -37.31328280906      -10.79       -4.23    3.73s
    ‖ρε - ρref‖ = 1.219755370666959e-5 ‖Δρ‖ = 1.046713568345736e-5  ‖vε - vref‖ = 1.3069415320106808  α = 0.000677
 123   -37.31328280908      -10.90       -4.31    4.16s
    ‖ρε - ρref‖ = 1.1171214067352927e-5 ‖Δρ‖ = 9.569570569318393e-6  ‖vε - vref‖ = 1.3069594130230138  α = 0.000653
 124   -37.31328280909      -10.97       -4.16    4.04s
    ‖ρε - ρref‖ = 1.5325158339187095e-5 ‖Δρ‖ = 1.3333014723759142e-5  ‖vε - vref‖ = 1.3069760054590505  α = 0.000431
 125   -37.31328280909      -11.31       -3.98    3.83s
    ‖ρε - ρref‖ = 2.8964210466888606e-5 ‖Δρ‖ = 2.7001448832922974e-5  ‖vε - vref‖ = 1.306983277050971  α = 0.000135
 126   -37.31328280911      -10.82       -4.22    3.72s
    ‖ρε - ρref‖ = 1.1629628514862629e-5 ‖Δρ‖ = 9.929092613759898e-6  ‖vε - vref‖ = 1.30699889180713  α = 0.000682
 127   -37.31328280911      -11.30       -4.03    3.74s
    ‖ρε - ρref‖ = 2.1803592617555422e-5 ‖Δρ‖ = 2.0936144945915345e-5  ‖vε - vref‖ = 1.307004075680525  α = 0.000189
 128   -37.31328280912      -11.33       -4.08    4.04s
    ‖ρε - ρref‖ = 2.0347774307579182e-5 ‖Δρ‖ = 1.8380460313194652e-5  ‖vε - vref‖ = 1.3070093459337009  α = 0.000205
 129   -37.31328280912      -11.67       -4.07    3.94s
    ‖ρε - ρref‖ = 2.864193883376625e-5 ‖Δρ‖ = 2.4971261816447654e-5  ‖vε - vref‖ = 1.3070115202292982  α = 9.97e-5
 130   -37.31328280912      -11.85       -3.57    4.20s
    ‖ρε - ρref‖ = 8.446792318052164e-5 ‖Δρ‖ = 8.803267589588269e-5  ‖vε - vref‖ = 1.307012040955933  α = 2.11e-5
 131   -37.31328280912      -11.64       -4.23    3.83s
    ‖ρε - ρref‖ = 1.5590985236401613e-5 ‖Δρ‖ = 1.5979661826338122e-5  ‖vε - vref‖ = 1.3070133425246417  α = 0.000153
 132   -37.31328280913      -11.47       -3.40    3.79s
    ‖ρε - ρref‖ = 9.346837408137005e-5 ‖Δρ‖ = 9.179328232471849e-5  ‖vε - vref‖ = 1.3070153712371673  α = 3.28e-5
 133   -37.31328280913      -11.31       -4.14    4.48s
    ‖ρε - ρref‖ = 1.6284448624451483e-5 ‖Δρ‖ = 1.5525620029677504e-5  ‖vε - vref‖ = 1.3070171189503106  α = 0.000247
 134   -37.31328280914      -11.30       -4.40    3.93s
    ‖ρε - ρref‖ = 1.1061261275669648e-5 ‖Δρ‖ = 8.42838961152133e-6  ‖vε - vref‖ = 1.307018545790799  α = 0.00046
 135   -37.31328280915      -11.08       -4.36    4.21s
    ‖ρε - ρref‖ = 1.0744466386797853e-5 ‖Δρ‖ = 7.596759245740816e-6  ‖vε - vref‖ = 1.3070187254770074  α = 0.000666
 136   -37.31328280915      -11.21       -4.57    4.40s
    ‖ρε - ρref‖ = 8.355102292164397e-6 ‖Δρ‖ = 5.174115787159495e-6  ‖vε - vref‖ = 1.3070156627678513  α = 0.000841
 137   -37.31328280915      -11.64       -4.15    4.19s
    ‖ρε - ρref‖ = 1.8697094189681825e-5 ‖Δρ‖ = 1.847403231585868e-5  ‖vε - vref‖ = 1.3070141490974623  α = 0.000137
 138   -37.31328280916      -11.38       -4.32    3.88s
    ‖ρε - ρref‖ = 1.2070677903222206e-5 ‖Δρ‖ = 9.653833693925353e-6  ‖vε - vref‖ = 1.3070114875709338  α = 0.000371
 139   -37.31328280916      -11.41       -4.39    4.26s
    ‖ρε - ρref‖ = 1.0865549608676817e-5 ‖Δρ‖ = 7.66379131265402e-6  ‖vε - vref‖ = 1.3070095679942864  α = 0.000448
 140   -37.31328280916      -11.73       -4.04    4.24s
    ‖ρε - ρref‖ = 2.288542772508107e-5 ‖Δρ‖ = 2.1147795665232633e-5  ‖vε - vref‖ = 1.3070080506347135  α = 0.000115
 141   -37.31328280916      -12.43       -3.97    3.99s
    ‖ρε - ρref‖ = 3.8912002390454015e-5 ‖Δρ‖ = 4.34961956468031e-5  ‖vε - vref‖ = 1.3070074124023976  α = 2.16e-5
 142   -37.31328280917      -11.66       -4.21    4.20s
    ‖ρε - ρref‖ = 1.5250598932543912e-5 ‖Δρ‖ = 1.431098800061248e-5  ‖vε - vref‖ = 1.307004982883059  α = 0.000172
 143   -37.31328280917      -12.06       -3.73    4.09s
    ‖ρε - ρref‖ = 6.222216006881338e-5 ‖Δρ‖ = 5.967501424991227e-5  ‖vε - vref‖ = 1.3070041182596353  α = 2.41e-5
 144   -37.31328280917      -11.38       -4.00    4.39s
    ‖ρε - ρref‖ = 1.9676222614411354e-5 ‖Δρ‖ = 1.9465790512112232e-5  ‖vε - vref‖ = 1.3069988191465574  α = 0.000181
 145   -37.31328280918      -11.33       -4.21    3.90s
    ‖ρε - ρref‖ = 1.3711342087990692e-5 ‖Δρ‖ = 1.0803420458938604e-5  ‖vε - vref‖ = 1.3069944652096344  α = 0.000354
 146   -37.31328280918      -11.75       -4.48    3.87s
    ‖ρε - ρref‖ = 1.0584767638429275e-5 ‖Δρ‖ = 7.819315128367282e-6  ‖vε - vref‖ = 1.3069921459807574  α = 0.000298
 147   -37.31328280918      -11.42       -4.40    4.50s
    ‖ρε - ρref‖ = 8.990024488222724e-6 ‖Δρ‖ = 6.385442648341106e-6  ‖vε - vref‖ = 1.3069846505474247  α = 0.000539
 148   -37.31328280918      -11.78       -4.75    4.18s
    ‖ρε - ρref‖ = 7.931423303701984e-6 ‖Δρ‖ = 3.961445727068089e-6  ‖vε - vref‖ = 1.3069815388005839  α = 0.000545
 149   -37.31328280919      -11.62       -4.54    4.23s
    ‖ρε - ρref‖ = 9.891544430896874e-6 ‖Δρ‖ = 6.145903969735772e-6  ‖vε - vref‖ = 1.30697660121092  α = 0.000426
 150   -37.31328280919      -11.40       -4.04    3.74s
    ‖ρε - ρref‖ = 1.8074673956838068e-5 ‖Δρ‖ = 1.6688870969172794e-5  ‖vε - vref‖ = 1.3069676021566965  α = 0.000209
 151   -37.31328280919      -11.56       -4.52    4.16s
    ‖ρε - ρref‖ = 9.045892071029461e-6 ‖Δρ‖ = 5.884583591042037e-6  ‖vε - vref‖ = 1.306960203803894  α = 0.000501
 152   -37.31328280919      -12.38       -4.03    4.21s
    ‖ρε - ρref‖ = 2.7368805337615717e-5 ‖Δρ‖ = 3.052146850493282e-5  ‖vε - vref‖ = 1.3069589523098566  α = 3.37e-5
 153   -37.31328280919      -12.27       -3.96    4.08s
    ‖ρε - ρref‖ = 3.451055454023038e-5 ‖Δρ‖ = 3.141682711635214e-5  ‖vε - vref‖ = 1.3069575254600414  α = 3.76e-5
 154   -37.31328280919      -12.54       -4.46    3.82s
    ‖ρε - ρref‖ = 1.605811832439249e-5 ‖Δρ‖ = 1.2227972991098114e-5  ‖vε - vref‖ = 1.3069567280863172  α = 6.48e-5
 155   -37.31328280919      -11.80       -3.97    3.99s
    ‖ρε - ρref‖ = 2.0941639696169057e-5 ‖Δρ‖ = 2.129551111068955e-5  ‖vε - vref‖ = 1.3069506827732713  α = 0.000103
 156   -37.31328280920      -11.79       -4.32    4.18s
    ‖ρε - ρref‖ = 1.1836869681755203e-5 ‖Δρ‖ = 9.648810280488908e-6  ‖vε - vref‖ = 1.3069449320530082  α = 0.000232
 157   -37.31328280920      -11.64       -4.32    3.88s
    ‖ρε - ρref‖ = 1.0605336715954965e-5 ‖Δρ‖ = 7.889734475156862e-6  ‖vε - vref‖ = 1.3069364686728582  α = 0.000347
 158   -37.31328280920      -11.83       -4.70    3.93s
    ‖ρε - ρref‖ = 7.991495708757339e-6 ‖Δρ‖ = 4.187061163344791e-6  ‖vε - vref‖ = 1.3069301766441646  α = 0.000482
 159   -37.31328280920      -11.85       -4.59    4.57s
    ‖ρε - ρref‖ = 8.842938132112513e-6 ‖Δρ‖ = 5.195657421623475e-6  ‖vε - vref‖ = 1.306924111022821  α = 0.000414
 160   -37.31328280920      -11.85       -4.47    3.93s
    ‖ρε - ρref‖ = 1.0226216247086801e-5 ‖Δρ‖ = 6.9054874944613364e-6  ‖vε - vref‖ = 1.3069182172037672  α = 0.000303
 161   -37.31328280920      -12.03       -4.81    4.41s
    ‖ρε - ρref‖ = 6.9770327174892855e-6 ‖Δρ‖ = 3.47709990644736e-6  ‖vε - vref‖ = 1.3069130625091745  α = 0.000482
 162   -37.31328280921      -11.90       -4.28    4.72s
    ‖ρε - ρref‖ = 1.2201374665171969e-5 ‖Δρ‖ = 1.0561166438333985e-5  ‖vε - vref‖ = 1.3069063523180902  α = 0.000181
 163   -37.31328280921      -11.96       -4.59    4.65s
    ‖ρε - ρref‖ = 7.861848080840395e-6 ‖Δρ‖ = 5.226054840239166e-6  ‖vε - vref‖ = 1.3069007553171679  α = 0.000358
 164   -37.31328280921      -12.35       -3.70    4.43s
    ‖ρε - ρref‖ = 6.513075067718192e-5 ‖Δρ‖ = 6.0382938810705444e-5  ‖vε - vref‖ = 1.3068991742925014  α = 1.63e-5
 165   -37.31328280921      -12.59       -4.49    4.52s
    ‖ρε - ρref‖ = 1.2310701954838422e-5 ‖Δρ‖ = 9.258982419377154e-6  ‖vε - vref‖ = 1.3068975288321674  α = 9.4e-5
 166   -37.31328280921      -12.50       -4.00    4.03s
    ‖ρε - ρref‖ = 2.8562406332181215e-5 ‖Δρ‖ = 3.041244986605614e-5  ‖vε - vref‖ = 1.3068957377383734  α = 2.89e-5
 167   -37.31328280921      -11.95       -4.36    3.94s
    ‖ρε - ρref‖ = 1.1427335984221277e-5 ‖Δρ‖ = 8.617396720127448e-6  ‖vε - vref‖ = 1.3068898907442394  α = 0.000217
 168   -37.31328280921      -12.09       -4.75    4.54s
    ‖ρε - ρref‖ = 7.779010621454016e-6 ‖Δρ‖ = 4.106173402558037e-6  ‖vε - vref‖ = 1.3068854037884077  α = 0.00038
 169   -37.31328280921      -12.13       -4.56    4.21s
    ‖ρε - ρref‖ = 9.072416333898367e-6 ‖Δρ‖ = 6.086258706493234e-6  ‖vε - vref‖ = 1.3068812103519676  α = 0.000257
 170   -37.31328280921      -11.71       -4.65    3.84s
    ‖ρε - ρref‖ = 8.405148789860378e-6 ‖Δρ‖ = 4.168579574784249e-6  ‖vε - vref‖ = 1.3068708372263826  α = 0.000575
 171   -37.31328280921      -11.84       -4.77    3.78s
    ‖ρε - ρref‖ = 7.543355709549467e-6 ‖Δρ‖ = 2.985529850097099e-6  ‖vε - vref‖ = 1.3068625100766795  α = 0.000727
 172   -37.31328280921      -12.15       -4.66    3.95s
    ‖ρε - ρref‖ = 8.238038500989228e-6 ‖Δρ‖ = 5.0973142718218135e-6  ‖vε - vref‖ = 1.3068584430071981  α = 0.000279
 173   -37.31328280921      -12.18       -4.68    3.82s
    ‖ρε - ρref‖ = 8.580331328855037e-6 ‖Δρ‖ = 4.676869355779011e-6  ‖vε - vref‖ = 1.3068541017130626  α = 0.000305
 174   -37.31328280922      -12.26       -4.53    3.86s
    ‖ρε - ρref‖ = 9.404855060916227e-6 ‖Δρ‖ = 7.20543169774817e-6  ‖vε - vref‖ = 1.306850664893822  α = 0.00017
 175   -37.31328280922      -12.87       -4.47    4.49s
    ‖ρε - ρref‖ = 1.6931592654101373e-5 ‖Δρ‖ = 1.1680298268471001e-5  ‖vε - vref‖ = 1.3068498525803458  α = 5.34e-5
 176   -37.31328280922      -12.16       -4.06    3.88s
    ‖ρε - ρref‖ = 1.8725761933565497e-5 ‖Δρ‖ = 1.8308121181529324e-5  ‖vε - vref‖ = 1.3068452417645973  α = 7.74e-5
 177   -37.31328280922      -13.11       -4.40    3.84s
    ‖ρε - ρref‖ = 1.482428826926526e-5 ‖Δρ‖ = 1.6397429341800572e-5  ‖vε - vref‖ = 1.3068445577850676  α = 2.63e-5
 178   -37.31328280922      -12.28       -4.42    3.82s
    ‖ρε - ρref‖ = 1.092957658606054e-5 ‖Δρ‖ = 8.048676737602791e-6  ‖vε - vref‖ = 1.3068410629321638  α = 0.000156
 179   -37.31328280922      -12.32       -4.44    4.47s
    ‖ρε - ρref‖ = 9.421876464237804e-6 ‖Δρ‖ = 8.155144815775952e-6  ‖vε - vref‖ = 1.3068373110484224  α = 0.000144
 180   -37.31328280922      -11.87       -4.84    3.63s
    ‖ρε - ρref‖ = 7.4755579296703014e-6 ‖Δρ‖ = 2.273143275989862e-6  ‖vε - vref‖ = 1.3068284409826594  α = 0.000928
 181   -37.31328280922      -12.35       -4.61    4.19s
    ‖ρε - ρref‖ = 8.78536047204943e-6 ‖Δρ‖ = 5.3077163080843606e-6  ‖vε - vref‖ = 1.3068258737193141  α = 0.000208
 182   -37.31328280922      -12.05       -4.74    4.54s
    ‖ρε - ρref‖ = 7.499070853930471e-6 ‖Δρ‖ = 3.396948092980837e-6  ‖vε - vref‖ = 1.3068193300452275  α = 0.000499
 183   -37.31328280922      -11.96       -4.60    4.26s
    ‖ρε - ρref‖ = 8.32298423727741e-6 ‖Δρ‖ = 4.19839508479017e-6  ‖vε - vref‖ = 1.3068120904230367  α = 0.00044
 184   -37.31328280922      -12.22       -5.03    4.22s
    ‖ρε - ρref‖ = 7.411734506437225e-6 ‖Δρ‖ = 1.9698633820049597e-6  ‖vε - vref‖ = 1.306808246993777  α = 0.000658
 185   -37.31328280922      -12.38       -4.73    3.95s
    ‖ρε - ρref‖ = 7.49062839708311e-6 ‖Δρ‖ = 4.428499938895436e-6  ‖vε - vref‖ = 1.3068053051790574  α = 0.000237
 186   -37.31328280922      -12.55       -4.53    4.33s
    ‖ρε - ρref‖ = 1.192011596366995e-5 ‖Δρ‖ = 7.584003146560356e-6  ‖vε - vref‖ = 1.3068028755384014  α = 0.000124
 187   -37.31328280922      -12.58       -3.85    3.92s
    ‖ρε - ρref‖ = 3.64515466474926e-5 ‖Δρ‖ = 3.9561724300167385e-5  ‖vε - vref‖ = 1.3068005619046934  α = 2.16e-5
 188   -37.31328280922      -12.92       -4.76    4.49s
    ‖ρε - ρref‖ = 7.049632559918529e-6 ‖Δρ‖ = 5.780781055755226e-6  ‖vε - vref‖ = 1.3067995669434411  α = 8.79e-5
 189   -37.31328280922      -12.66       -4.14    3.83s
    ‖ρε - ρref‖ = 2.1532140286808882e-5 ‖Δρ‖ = 1.9142543329177504e-5  ‖vε - vref‖ = 1.3067977769336085  α = 4.33e-5
 190   -37.31328280922      -12.26       -4.69    4.21s
    ‖ρε - ρref‖ = 7.556415743110524e-6 ‖Δρ‖ = 3.957960960165712e-6  ‖vε - vref‖ = 1.3067940792836559  α = 0.000309
 191   -37.31328280922      -12.40       -4.45    4.54s
    ‖ρε - ρref‖ = 1.1299647084470675e-5 ‖Δρ‖ = 8.044837955910719e-6  ‖vε - vref‖ = 1.3067914257182305  α = 0.000138
 192   -37.31328280922      -12.29       -4.95    3.75s
    ‖ρε - ρref‖ = 7.522460113454608e-6 ‖Δρ‖ = 2.3563001237231933e-6  ‖vε - vref‖ = 1.3067885211395613  α = 0.000533
 193   -37.31328280923      -12.23       -4.89    3.75s
    ‖ρε - ρref‖ = 7.169680443849827e-6 ‖Δρ‖ = 2.598748172098612e-6  ‖vε - vref‖ = 1.3067847078650154  α = 0.000531
 194   -37.31328280923      -12.50       -4.68    4.27s
    ‖ρε - ρref‖ = 8.646767516366544e-6 ‖Δρ‖ = 5.141786940268963e-6  ‖vε - vref‖ = 1.3067827733517388  α = 0.000197
 195   -37.31328280923      -12.18       -4.88    4.24s
    ‖ρε - ρref‖ = 7.697463921182758e-6 ‖Δρ‖ = 2.6296618726618772e-6  ‖vε - vref‖ = 1.3067793596708128  α = 0.000543
 196   -37.31328280923      -12.00       -4.88    4.11s
    ‖ρε - ρref‖ = 7.1603242840822065e-6 ‖Δρ‖ = 2.2192404616870267e-6  ‖vε - vref‖ = 1.3067732675276595  α = 0.000775
 197   -37.31328280923      -12.70       -4.83    4.40s
    ‖ρε - ρref‖ = 8.788000247897246e-6 ‖Δρ‖ = 3.776269366501077e-6  ‖vε - vref‖ = 1.3067718684677794  α = 0.000219
 198   -37.31328280923      -12.87       -4.11    3.87s
    ‖ρε - ρref‖ = 2.103170427605085e-5 ‖Δρ‖ = 2.4214671966583907e-5  ‖vε - vref‖ = 1.30677115362368  α = 2.07e-5
 199   -37.31328280923      -12.54       -4.43    3.85s
    ‖ρε - ρref‖ = 9.607537907384336e-6 ‖Δρ‖ = 7.662416548905185e-6  ‖vε - vref‖ = 1.306769481750099  α = 0.000107
 200   -37.31328280923      -13.37       -4.32    3.86s
    ‖ρε - ρref‖ = 2.09491825086975e-5 ‖Δρ‖ = 1.7301594839377664e-5  ‖vε - vref‖ = 1.3067692523244572  α = 1.87e-5
 201   -37.31328280923      -12.69       -4.93    3.96s
    ‖ρε - ρref‖ = 7.046901319543866e-6 ‖Δρ‖ = 2.8509016946083303e-6  ‖vε - vref‖ = 1.3067677340888182  α = 0.000281
 202   -37.31328280923      -12.85       -4.87    3.67s
    ‖ρε - ρref‖ = 7.964158269745705e-6 ‖Δρ‖ = 3.3444370020942145e-6  ‖vε - vref‖ = 1.3067668262367071  α = 0.000219
 203   -37.31328280923      -12.11       -4.72    4.22s
    ‖ρε - ρref‖ = 7.438155471951679e-6 ‖Δρ‖ = 3.244947806845342e-6  ‖vε - vref‖ = 1.3067628544619152  α = 0.000462
 204   -37.31328280923      -12.50       -4.65    4.04s
    ‖ρε - ρref‖ = 8.623667654904126e-6 ‖Δρ‖ = 5.061243407115569e-6  ‖vε - vref‖ = 1.3067612447297585  α = 0.000198
 205   -37.31328280923      -12.22       -5.09    4.07s
    ‖ρε - ρref‖ = 7.2038672939569825e-6 ‖Δρ‖ = 1.5870761582778305e-6  ‖vε - vref‖ = 1.3067587934062612  α = 0.000844
 206   -37.31328280923      -12.55       -4.76    3.63s
    ‖ρε - ρref‖ = 8.021699580208018e-6 ‖Δρ‖ = 4.125889835427217e-6  ‖vε - vref‖ = 1.3067577061781495  α = 0.000224
 207   -37.31328280923      -12.50       -4.75    3.87s
    ‖ρε - ρref‖ = 7.65682069909495e-6 ‖Δρ‖ = 3.5028743299881824e-6  ‖vε - vref‖ = 1.306756405587258  α = 0.000294
 208   -37.31328280923      -12.41       -5.02    3.71s
    ‖ρε - ρref‖ = 7.146085255486455e-6 ‖Δρ‖ = 1.8920058261272021e-6  ‖vε - vref‖ = 1.3067546043258107  α = 0.000602
 209   -37.31328280923      -13.37       -4.78    4.19s
    ‖ρε - ρref‖ = 5.867986067560604e-6 ‖Δρ‖ = 5.985056619505585e-6  ‖vε - vref‖ = 1.3067543696605204  α = 5.98e-5
 210   -37.31328280923      -12.44       -4.36    3.77s
    ‖ρε - ρref‖ = 1.2673011153809485e-5 ‖Δρ‖ = 9.226643545893312e-6  ‖vε - vref‖ = 1.306753503866249  α = 0.000106
 211   -37.31328280923      -12.92       -4.43    3.95s
    ‖ρε - ρref‖ = 1.6628029972377554e-5 ‖Δρ‖ = 1.1968153645777306e-5  ‖vε - vref‖ = 1.3067532631680479  α = 3.99e-5
 212   -37.31328280923      -12.64       -4.21    3.88s
    ‖ρε - ρref‖ = 1.638051533411883e-5 ‖Δρ‖ = 1.549879701507337e-5  ‖vε - vref‖ = 1.3067523907072625  α = 5.4e-5
 213   -37.31328280923      -12.29       -4.78    3.80s
    ‖ρε - ρref‖ = 7.146955352147075e-6 ‖Δρ‖ = 3.085091994207422e-6  ‖vε - vref‖ = 1.3067500834446382  α = 0.000397
 214   -37.31328280923      -12.79       -4.78    4.00s
    ‖ρε - ρref‖ = 7.399710142879395e-6 ‖Δρ‖ = 4.216508926597736e-6  ‖vε - vref‖ = 1.3067493116053428  α = 0.000164
 215   -37.31328280923      -12.27       -4.73    4.56s
    ‖ρε - ρref‖ = 7.887622230964012e-6 ‖Δρ‖ = 3.308305226666616e-6  ‖vε - vref‖ = 1.3067476435827483  α = 0.000378
 216   -37.31328280923      -12.85       -5.09    3.75s
    ‖ρε - ρref‖ = 7.1869052862052484e-6 ‖Δρ‖ = 2.0989754681070917e-6  ‖vε - vref‖ = 1.3067471981945475  α = 0.000299
 217   -37.31328280923      -12.63       -5.13    3.81s
    ‖ρε - ρref‖ = 6.9589962625799135e-6 ‖Δρ‖ = 1.5921210504571592e-6  ‖vε - vref‖ = 1.3067465928226059  α = 0.000539
 218   -37.31328280923      -12.53       -4.81    4.26s
    ‖ρε - ρref‖ = 7.4945909830182555e-6 ‖Δρ‖ = 2.816219068397286e-6  ‖vε - vref‖ = 1.3067460128840995  α = 0.000359
 219   -37.31328280923      -12.87       -4.82    3.66s
    ‖ρε - ρref‖ = 7.951228808591711e-6 ‖Δρ‖ = 3.5605984022693105e-6  ‖vε - vref‖ = 1.3067459011922955  α = 0.000173
 220   -37.31328280923      -12.73       -5.16    3.93s
    ‖ρε - ρref‖ = 6.9365358861122754e-6 ‖Δρ‖ = 1.43777890832007e-6  ‖vε - vref‖ = 1.3067458327859296  α = 0.000526
 221   -37.31328280923      -13.37       -4.21    3.94s
    ‖ρε - ρref‖ = 2.612433247675445e-5 ‖Δρ‖ = 2.113852671111686e-5  ‖vε - vref‖ = 1.3067459045638117  α = 1.58e-5
 222   -37.31328280923      -12.59       -4.98    4.30s
    ‖ρε - ρref‖ = 7.776837928782158e-6 ‖Δρ‖ = 2.0737961058300064e-6  ‖vε - vref‖ = 1.3067458853111895  α = 0.000383
 223   -37.31328280923      -12.63       -3.83    3.79s
    ‖ρε - ρref‖ = 2.9257327513649072e-5 ‖Δρ‖ = 3.08305314220464e-5  ‖vε - vref‖ = 1.3067455319465382  α = 2.46e-5
 224   -37.31328280923      -13.03       -4.69    4.18s
    ‖ρε - ρref‖ = 8.572575649057109e-6 ‖Δρ‖ = 5.542974534031134e-6  ‖vε - vref‖ = 1.3067453916240295  α = 9.78e-5
 225   -37.31328280923      -12.70       -5.16    3.76s
    ‖ρε - ρref‖ = 6.791877441330492e-6 ‖Δρ‖ = 1.369314133014281e-6  ‖vε - vref‖ = 1.3067447783127153  α = 0.000574
 226   -37.31328280923      -12.87       -4.83    3.92s
    ‖ρε - ρref‖ = 8.067329541689327e-6 ‖Δρ‖ = 3.595790663223387e-6  ‖vε - vref‖ = 1.3067446150740833  α = 0.000171
 227   -37.31328280923      -12.66       -4.77    4.66s
    ‖ρε - ρref‖ = 7.4843779096981865e-6 ‖Δρ‖ = 3.24800068234906e-6  ‖vε - vref‖ = 1.3067443196822068  α = 0.000259
 228   -37.31328280924      -12.51       -5.18    3.99s
    ‖ρε - ρref‖ = 6.921778049921891e-6 ‖Δρ‖ = 1.2592465581943124e-6  ‖vε - vref‖ = 1.3067439175264122  α = 0.000745
 229   -37.31328280924      -12.85       -5.19    4.33s
    ‖ρε - ρref‖ = 7.297073624900841e-6 ‖Δρ‖ = 1.5903249805375708e-6  ‖vε - vref‖ = 1.3067440559501287  α = 0.00037
 230   -37.31328280924      -12.67       -4.94    3.81s
    ‖ρε - ρref‖ = 7.4745163584302525e-6 ‖Δρ‖ = 2.0210798545414074e-6  ‖vε - vref‖ = 1.306744494106273  α = 0.000439
 231   -37.31328280924      -12.62       -4.80    3.65s
    ‖ρε - ρref‖ = 7.285036866395131e-6 ‖Δρ‖ = 3.0196217368821547e-6  ‖vε - vref‖ = 1.306744555252115  α = 0.000293
 232   -37.31328280924      -13.30       -4.62    3.94s
    ‖ρε - ρref‖ = 1.2733862072228168e-5 ‖Δρ‖ = 7.725725583854863e-6  ‖vε - vref‖ = 1.3067446174274824  α = 4.3e-5
 233   -37.31328280924      -12.89       -4.34    3.77s
    ‖ρε - ρref‖ = 1.0517878042635703e-5 ‖Δρ‖ = 1.0315549982779302e-5  ‖vε - vref‖ = 1.3067444525035807  α = 6.1e-5
 234   -37.31328280924      -13.37       -4.97    3.77s
    ‖ρε - ρref‖ = 5.872545678140516e-6 ‖Δρ‖ = 4.654356320885439e-6  ‖vε - vref‖ = 1.306744407871076  α = 3.85e-5
 235   -37.31328280924      -12.79       -4.75    3.69s
    ‖ρε - ρref‖ = 7.79793783480017e-6 ‖Δρ‖ = 3.425590541005688e-6  ‖vε - vref‖ = 1.3067445340070254  α = 0.000204
 236   -37.31328280924      -13.30       -5.04    3.62s
    ‖ρε - ρref‖ = 7.524876892172805e-6 ‖Δρ‖ = 2.6456075993704645e-6  ‖vε - vref‖ = 1.3067445849005668  α = 0.000147
 237   -37.31328280924      -13.03       -5.09    3.77s
    ‖ρε - ρref‖ = 7.2371727229099004e-6 ‖Δρ‖ = 1.8654272362552867e-6  ‖vε - vref‖ = 1.3067447354139563  α = 0.00029
 238   -37.31328280924      -13.00       -5.18    3.66s
    ‖ρε - ρref‖ = 6.84228353010517e-6 ‖Δρ‖ = 1.4072910455841576e-6  ‖vε - vref‖ = 1.306744851660708  α = 0.000421
 239   -37.31328280924      -12.77       -4.67    3.98s
    ‖ρε - ρref‖ = 8.2849850148529e-6 ‖Δρ‖ = 4.218925777342576e-6  ‖vε - vref‖ = 1.3067451779271824  α = 0.000164
 240   -37.31328280924      -12.75       -5.37    3.66s
    ‖ρε - ρref‖ = 6.913318898541482e-6 ‖Δρ‖ = 7.525024192362322e-7  ‖vε - vref‖ = 1.306745831571534  α = 0.001
 241   -37.31328280924      -12.77       -5.12    3.72s
    ‖ρε - ρref‖ = 7.17923696518518e-6 ‖Δρ‖ = 1.375814752124251e-6  ‖vε - vref‖ = 1.3067467280146552  α = 0.000471
 242   -37.31328280924      -13.37       -5.12    4.08s
    ‖ρε - ρref‖ = 7.114126698819145e-6 ‖Δρ‖ = 1.6449964818363107e-6  ‖vε - vref‖ = 1.3067470646917962  α = 0.00029
 243   -37.31328280924      -13.15       -5.02    3.72s
    ‖ρε - ρref‖ = 7.889996418840558e-6 ‖Δρ‖ = 2.240753216681082e-6  ‖vε - vref‖ = 1.3067474169278637  α = 0.000207
 244   -37.31328280924      -13.30       -4.22    4.33s
    ‖ρε - ρref‖ = 1.5079708847319318e-5 ‖Δρ‖ = 1.737798104951688e-5  ‖vε - vref‖ = 1.3067475045798416  α = 1.85e-5
 245   -37.31328280924      -13.25       -5.10    3.67s
    ‖ρε - ρref‖ = 6.651723051472422e-6 ‖Δρ‖ = 1.856799030451243e-6  ‖vε - vref‖ = 1.3067478337982454  α = 0.000244
 246   -37.31328280924      -13.11       -4.15    3.74s
    ‖ρε - ρref‖ = 2.0905460558314322e-5 ‖Δρ‖ = 1.722628736218194e-5  ‖vε - vref‖ = 1.3067482454398485  α = 2.5e-5
 247   -37.31328280924      -13.07       -5.01    3.78s
    ‖ρε - ρref‖ = 7.321993848082528e-6 ‖Δρ‖ = 2.333792410755937e-6  ‖vε - vref‖ = 1.3067484840069705  α = 0.000188
 248   -37.31328280924      -13.55       -5.36    3.69s
    ‖ρε - ρref‖ = 6.854240308370441e-6 ‖Δρ‖ = 1.1452217838447898e-6  ‖vε - vref‖ = 1.3067485593330275  α = 0.000331
 249   -37.31328280924      -13.00       -4.96    3.82s
    ‖ρε - ρref‖ = 6.944661601789045e-6 ‖Δρ‖ = 2.25479097263013e-6  ‖vε - vref‖ = 1.3067486352848425  α = 0.000256
 250   -37.31328280924      -13.07       -5.21    3.90s
    ‖ρε - ρref‖ = 7.230598306782616e-6 ‖Δρ‖ = 1.4035878290478114e-6  ‖vε - vref‖ = 1.3067489030934323  α = 0.000342
 251   -37.31328280924      -13.03       -4.80    3.89s
    ‖ρε - ρref‖ = 7.491841648262921e-6 ‖Δρ‖ = 3.3093154435178595e-6  ‖vε - vref‖ = 1.3067491047556838  α = 0.000166
 252   -37.31328280924      -12.85       -5.19    4.26s
    ‖ρε - ρref‖ = 7.002998479835291e-6 ‖Δρ‖ = 1.211194809891224e-6  ‖vε - vref‖ = 1.306749336557598  α = 0.000543
 253   -37.31328280924      -12.81       -5.26    3.74s
    ‖ρε - ρref‖ = 6.9986132512032075e-6 ‖Δρ‖ = 1.0779482281240504e-6  ‖vε - vref‖ = 1.3067496985852172  α = 0.00063
 254   -37.31328280924      -13.00       -5.23    3.76s
    ‖ρε - ρref‖ = 7.169863768875399e-6 ‖Δρ‖ = 1.1516705236775497e-6  ‖vε - vref‖ = 1.3067500462301125  α = 0.000503
 255   -37.31328280924      -13.85       -4.73    3.68s
    ‖ρε - ρref‖ = 6.575085476147987e-6 ‖Δρ‖ = 7.537459876422736e-6  ‖vε - vref‖ = 1.3067500306274178  α = 1.93e-5
 256   -37.31328280924      -13.85       -5.00    3.81s
    ‖ρε - ρref‖ = 7.442143828951453e-6 ‖Δρ‖ = 2.5412014046956355e-6  ‖vε - vref‖ = 1.3067501033696218  α = 0.000135
 257   -37.31328280924      -13.45       -4.97    3.71s
    ‖ρε - ρref‖ = 9.611562975952132e-6 ‖Δρ‖ = 4.125455496943317e-6  ‖vε - vref‖ = 1.3067501615824415  α = 3.99e-5
 258   -37.31328280924      -13.07       -4.79    3.82s
    ‖ρε - ρref‖ = 7.129374813326515e-6 ‖Δρ‖ = 3.252164020263259e-6  ‖vε - vref‖ = 1.3067502266241038  α = 0.000172
 259   -37.31328280924      -12.87       -5.25    3.80s
    ‖ρε - ρref‖ = 7.004796764951377e-6 ‖Δρ‖ = 1.2264975074010023e-6  ‖vε - vref‖ = 1.306750287476046  α = 0.000425
 260   -37.31328280924      -13.25       -5.07    3.83s
    ‖ρε - ρref‖ = 7.46525059438736e-6 ‖Δρ‖ = 2.294636060214547e-6  ‖vε - vref‖ = 1.306750321587565  α = 0.000168
 261   -37.31328280924      -13.03       -5.12    3.86s
    ‖ρε - ρref‖ = 7.256520789644248e-6 ‖Δρ‖ = 1.701698019395452e-6  ‖vε - vref‖ = 1.3067504256355356  α = 0.000309
 262   -37.31328280924      -13.11       -4.94    3.91s
    ‖ρε - ρref‖ = 6.998608927295915e-6 ‖Δρ‖ = 2.222578907342062e-6  ‖vε - vref‖ = 1.3067503633320219  α = 0.000268
 263   -37.31328280924      -13.07       -4.91    3.65s
    ‖ρε - ρref‖ = 7.5214428251266555e-6 ‖Δρ‖ = 2.896785169218342e-6  ‖vε - vref‖ = 1.3067503136238177  α = 0.000147
 264   -37.31328280924      -13.07       -5.10    3.70s
    ‖ρε - ρref‖ = 6.728319898828908e-6 ‖Δρ‖ = 1.6358332180060096e-6  ‖vε - vref‖ = 1.3067500247917971  α = 0.000322
 265   -37.31328280924      -12.83       -5.20    3.87s
    ‖ρε - ρref‖ = 7.13442915321422e-6 ‖Δρ‖ = 1.0313731414806527e-6  ‖vε - vref‖ = 1.30675023411485  α = 0.000666
 266   -37.31328280924      -13.11       -5.49    3.73s
    ‖ρε - ρref‖ = 6.6102792264142346e-6 ‖Δρ‖ = 7.192017293617531e-7  ‖vε - vref‖ = 1.3067501644396877  α = 0.000665
 267   -37.31328280924      -13.00       -3.97    3.84s
    ‖ρε - ρref‖ = 2.5215059761148834e-5 ‖Δρ‖ = 2.182402047048409e-5  ‖vε - vref‖ = 1.306750247400062  α = 2.41e-5
 268   -37.31328280924      -13.25       -5.02    4.10s
    ‖ρε - ρref‖ = 8.184721470953784e-6 ‖Δρ‖ = 2.5604060247050905e-6  ‖vε - vref‖ = 1.3067503450153979  α = 0.000139
 269   -37.31328280924      -13.55       -4.26    3.73s
    ‖ρε - ρref‖ = 1.2569215103824705e-5 ‖Δρ‖ = 1.2876303270001839e-5  ‖vε - vref‖ = 1.3067503072735591  α = 3.3e-5
 270   -37.31328280924      -12.89       -4.97    3.79s
    ‖ρε - ρref‖ = 7.381969450078717e-6 ‖Δρ‖ = 2.300247100845088e-6  ‖vε - vref‖ = 1.3067503267702072  α = 0.000229
 271   -37.31328280924      -12.94       -5.09    3.95s
    ‖ρε - ρref‖ = 7.061456882166578e-6 ‖Δρ‖ = 1.6057640155631644e-6  ‖vε - vref‖ = 1.3067502225345704  α = 0.000368
 272   -37.31328280924      -13.55       -5.26    4.14s
    ‖ρε - ρref‖ = 6.992388949814675e-6 ‖Δρ‖ = 1.6272643382333475e-6  ‖vε - vref‖ = 1.3067501967553943  α = 0.000189
 273   -37.31328280924      -12.77       -5.12    3.81s
    ‖ρε - ρref‖ = 6.917558783502623e-6 ‖Δρ‖ = 1.3661838389408653e-6  ‖vε - vref‖ = 1.3067500028839185  α = 0.000475
 274   -37.31328280924      -13.67       -4.99    3.90s
    ‖ρε - ρref‖ = 7.643227781557404e-6 ‖Δρ‖ = 2.432059875456923e-6  ‖vε - vref‖ = 1.3067499815944743  α = 0.000168
 275   -37.31328280924      -13.07       -5.05    3.87s
    ‖ρε - ρref‖ = 7.1441039263293365e-6 ‖Δρ‖ = 2.028965166624601e-6  ‖vε - vref‖ = 1.3067498709207048  α = 0.0002
 276   -37.31328280924      -13.25       -5.22    3.74s
    ‖ρε - ρref‖ = 7.1510029853493316e-6 ‖Δρ‖ = 1.38965192310964e-6  ‖vε - vref‖ = 1.306749777657859  α = 0.000337
 277   -37.31328280924      -12.94       -5.19    3.73s
    ‖ρε - ρref‖ = 6.893750889809382e-6 ‖Δρ‖ = 1.3163090350795403e-6  ‖vε - vref‖ = 1.3067494225193474  α = 0.00044
 278   -37.31328280924   +    -Inf       -5.13    54.4s
    ‖ρε - ρref‖ = 8.745596647989953e-6 ‖Δρ‖ = 2.8591589992784728e-6  ‖vε - vref‖ = 1.3067494225192169  α = 3.56e-10
 279   -37.31328280924      -13.30       -4.86    4.36s
    ‖ρε - ρref‖ = 7.0711066616856396e-6 ‖Δρ‖ = 2.977532081803465e-6  ‖vε - vref‖ = 1.3067491408016412  α = 0.000152
 280   -37.31328280924      -13.30       -4.71    3.87s
    ‖ρε - ρref‖ = 6.054925562198865e-6 ‖Δρ‖ = 7.655498248672106e-6  ‖vε - vref‖ = 1.3067490594887068  α = 2.14e-5
 281   -37.31328280924      -12.87       -5.03    4.37s
    ‖ρε - ρref‖ = 7.4568490099363015e-6 ‖Δρ‖ = 1.6632867745659092e-6  ‖vε - vref‖ = 1.3067491468057897  α = 0.000376
 282   -37.31328280924      -13.67       -4.95    4.31s
    ‖ρε - ρref‖ = 7.719192221714725e-6 ‖Δρ‖ = 2.682939635552781e-6  ‖vε - vref‖ = 1.3067492162692946  α = 0.000136
 283   -37.31328280924      -13.03       -5.56    3.68s
    ‖ρε - ρref‖ = 6.952528555459398e-6 ‖Δρ‖ = 5.421669506774977e-7  ‖vε - vref‖ = 1.306749285309609  α = 0.00087
 284   -37.31328280924      -13.30       -4.86    4.11s
    ‖ρε - ρref‖ = 7.736734455876716e-6 ‖Δρ‖ = 3.1087316745032395e-6  ‖vε - vref‖ = 1.3067492776344127  α = 0.000128
 285   -37.31328280924      -13.37       -5.22    3.68s
    ‖ρε - ρref‖ = 7.0757732950129455e-6 ‖Δρ‖ = 1.0987446534559998e-6  ‖vε - vref‖ = 1.3067492913749936  α = 0.00043
 286   -37.31328280924      -13.19       -5.01    3.93s
    ‖ρε - ρref‖ = 6.91329392467243e-6 ‖Δρ‖ = 2.298690365626856e-6  ‖vε - vref‖ = 1.3067492246792645  α = 0.000141
 287   -37.31328280924      -13.07       -5.23    4.49s
    ‖ρε - ρref‖ = 6.978867833528373e-6 ‖Δρ‖ = 1.0899142226268034e-6  ‖vε - vref‖ = 1.3067490997045923  α = 0.000488
 288   -37.31328280924      -13.11       -5.00    4.18s
    ‖ρε - ρref‖ = 7.036136202999718e-6 ‖Δρ‖ = 2.0141377385460442e-6  ‖vε - vref‖ = 1.3067488723657892  α = 0.000233
 289   -37.31328280924      -13.85       -4.79    3.72s
    ‖ρε - ρref‖ = 6.870911866271643e-6 ‖Δρ‖ = 5.630102265611805e-6  ‖vε - vref‖ = 1.3067488735455213  α = 2.02e-5
 290   -37.31328280924      -13.55       -5.17    3.80s
    ‖ρε - ρref‖ = 7.232613437263049e-6 ‖Δρ‖ = 1.347203403894663e-6  ‖vε - vref‖ = 1.306748947957389  α = 0.000287
 291   -37.31328280924      -13.67       -5.10    4.27s
    ‖ρε - ρref‖ = 9.08861033340407e-6 ‖Δρ‖ = 3.3078226199697556e-6  ‖vε - vref‖ = 1.3067489701204007  α = 4.06e-5
 292   -37.31328280924      -13.25       -4.89    3.96s
    ‖ρε - ρref‖ = 6.451167099387824e-6 ‖Δρ‖ = 3.0567374618245456e-6  ‖vε - vref‖ = 1.306748769247292  α = 0.000119
 293   -37.31328280924      -13.45       -5.21    3.57s
    ‖ρε - ρref‖ = 7.136866395090163e-6 ‖Δρ‖ = 1.2609340997937353e-6  ‖vε - vref‖ = 1.3067487840845629  α = 0.000331
 294   -37.31328280924      -13.07       -5.17    3.55s
    ‖ρε - ρref‖ = 7.104622116255159e-6 ‖Δρ‖ = 1.2945023648549236e-6  ‖vε - vref‖ = 1.3067486729090645  α = 0.000381
 295   -37.31328280924      -13.07       -4.95    3.58s
    ‖ρε - ρref‖ = 6.934093356720128e-6 ‖Δρ‖ = 2.1041180179107755e-6  ‖vε - vref‖ = 1.3067482852554841  α = 0.000246
 296   -37.31328280924      -13.37       -5.17    3.67s
    ‖ρε - ρref‖ = 7.160904200578348e-6 ‖Δρ‖ = 1.7420972877715702e-6  ‖vε - vref‖ = 1.3067481274557307  α = 0.000207
 297   -37.31328280924      -13.19       -5.05    3.72s
    ‖ρε - ρref‖ = 7.506902437735291e-6 ‖Δρ‖ = 1.9229248384150186e-6  ‖vε - vref‖ = 1.306748006090214  α = 0.00025
 298   -37.31328280924      -13.15       -5.09    3.75s
    ‖ρε - ρref‖ = 6.758814140157176e-6 ‖Δρ‖ = 1.6690856053782915e-6  ‖vε - vref‖ = 1.3067476733201042  α = 0.000254
 299   -37.31328280924      -13.30       -4.90    3.86s
    ‖ρε - ρref‖ = 7.34471762939341e-6 ‖Δρ‖ = 2.6666850395358863e-6  ‖vε - vref‖ = 1.3067473871039506  α = 0.000154
 300   -37.31328280924      -13.15       -5.40    4.12s
    ‖ρε - ρref‖ = 7.131392460550536e-6 ‖Δρ‖ = 7.52941944161692e-7  ‖vε - vref‖ = 1.3067471747383796  α = 0.000561
Trying again with Newton's method ...
n     Energy            log10(ΔE)   log10(Δρ)   Δtime 
---   ---------------   ---------   ---------   ------
  1   -37.31328280924                   -7.85     314s
    ‖ρε - ρref‖ = 6.894519977560703e-6 ‖Δρ‖ = 1.545806648572232e-9  ‖vε - vref‖ = 1.3067486194566205
  2   -37.31328280924      -12.25       -8.01     313s
    ‖ρε - ρref‖ = 6.894511301768309e-6 ‖Δρ‖ = 1.0383922520834019e-9  ‖vε - vref‖ = 1.3067512024033945
    Stopping to avoid numerical instabilities.

#-- ‖ρε - ρref‖ = 6.894511301768309e-6 vs. 1.7782794100389228e-8 = δ*ε ‖vε - vref‖ = 1.3067512024033945


# --- ε=1.0e-6

n     Energy            log10(ΔE)   log10(Δρ)   Δtime 
---   ---------------   ---------   ---------   ------
  1   -37.31327193323                   -0.11    7.00s
    ‖ρε - ρref‖ = 0.39549951371472736 ‖Δρ‖ = 0.39549638950712335  ‖vε - vref‖ = 2.3592335657282457  α = 6.85e-6
  2   -37.31327237208       -6.36       -1.05    3.75s
    ‖ρε - ρref‖ = 0.03467966697465777 ‖Δρ‖ = 0.03467890761248113  ‖vε - vref‖ = 2.104369908847685  α = 2.27e-5
  3   -37.31327280823       -6.36       -0.89    3.62s
    ‖ρε - ρref‖ = 0.05166376915411938 ‖Δρ‖ = 0.051662570019836686  ‖vε - vref‖ = 1.7745474192111321  α = 1.63e-5
  4   -37.31327315771       -6.46       -1.44    3.46s
    ‖ρε - ρref‖ = 0.00912474703731727 ‖Δρ‖ = 0.009123863674943774  ‖vε - vref‖ = 1.5405100008666976  α = 8.49e-5
  5   -37.31327326910       -6.95       -1.94    3.52s
    ‖ρε - ρref‖ = 0.0030773935444281986 ‖Δρ‖ = 0.0030765784145000367  ‖vε - vref‖ = 1.4702946945230126  α = 0.000137
  6   -37.31327342239       -6.81       -1.62    3.90s
    ‖ρε - ρref‖ = 0.004941878339654852 ‖Δρ‖ = 0.004941058836685662  ‖vε - vref‖ = 1.3521688616730596  α = 0.000104
  7   -37.31327347396       -7.29       -2.04    3.76s
    ‖ρε - ρref‖ = 0.0020868979007650675 ‖Δρ‖ = 0.002086596983722302  ‖vε - vref‖ = 1.3090780209503408  α = 0.000142
  8   -37.31327348932       -7.81       -2.24    3.54s
    ‖ρε - ρref‖ = 0.0014747982470978223 ‖Δρ‖ = 0.001474679222723394  ‖vε - vref‖ = 1.2975200511997356  α = 0.000112
  9   -37.31327351299       -7.63       -2.39    3.96s
    ‖ρε - ρref‖ = 0.0009057298911406917 ‖Δρ‖ = 0.0009054166734602908  ‖vε - vref‖ = 1.2790995329199404  α = 0.000224
 10   -37.31327352482       -7.93       -2.36    4.66s
    ‖ρε - ρref‖ = 0.001064774553303147 ‖Δρ‖ = 0.0010646084139941674  ‖vε - vref‖ = 1.2705328383722412  α = 0.000136
 11   -37.31327354578       -7.68       -2.54    4.08s
    ‖ρε - ρref‖ = 0.0005975822188124359 ‖Δρ‖ = 0.0005970985287289107  ‖vε - vref‖ = 1.2557403115684203  α = 0.000315
 12   -37.31327354713       -8.87       -2.16    3.78s
    ‖ρε - ρref‖ = 0.003216558393753843 ‖Δρ‖ = 0.0032196386634584994  ‖vε - vref‖ = 1.2547783491490272  α = 1.32e-5
 13   -37.31327355736       -7.99       -2.27    3.75s
    ‖ρε - ρref‖ = 0.0012592424447562403 ‖Δρ‖ = 0.0012587139339860773  ‖vε - vref‖ = 1.2472766647312414  α = 0.000108
 14   -37.31327355847       -8.96       -2.03    3.71s
    ‖ρε - ρref‖ = 0.004411850989872231 ‖Δρ‖ = 0.004411755550248862  ‖vε - vref‖ = 1.2462322391604885  α = 8.32e-6
 15   -37.31327356853       -8.00       -2.69    3.76s
    ‖ρε - ρref‖ = 0.00039491253904125106 ‖Δρ‖ = 0.00039450922631790195  ‖vε - vref‖ = 1.2400422050529136  α = 0.000342
 16   -37.31327357474       -8.21       -2.82    3.82s
    ‖ρε - ρref‖ = 0.000382282254378329 ‖Δρ‖ = 0.00038231540366005855  ‖vε - vref‖ = 1.2365851249329736  α = 0.000269
 17   -37.31327357773       -8.52       -2.42    3.88s
    ‖ρε - ρref‖ = 0.0009942098138542197 ‖Δρ‖ = 0.0009936425600043984  ‖vε - vref‖ = 1.2350191991188935  α = 7.13e-5
 18   -37.31327358632       -8.07       -2.80    3.98s
    ‖ρε - ρref‖ = 0.0003059765825142073 ‖Δρ‖ = 0.0003058394385068426  ‖vε - vref‖ = 1.2314363737541363  α = 0.000412
 19   -37.31327358899       -8.57       -2.41    4.07s
    ‖ρε - ρref‖ = 0.0010258057397705112 ‖Δρ‖ = 0.001025607232840356  ‖vε - vref‖ = 1.2302747653290693  α = 6.41e-5
 20   -37.31327359349       -8.35       -2.68    4.40s
    ‖ρε - ρref‖ = 0.00042497469443783894 ‖Δρ‖ = 0.000425086896514639  ‖vε - vref‖ = 1.2285877153244795  α = 0.0002
 21   -37.31327359889       -8.27       -2.54    3.69s
    ‖ρε - ρref‖ = 0.0005460791729868668 ‖Δρ‖ = 0.0005458324201942656  ‖vε - vref‖ = 1.2266234007352623  α = 0.000183
 22   -37.31327360258       -8.43       -2.50    3.76s
    ‖ρε - ρref‖ = 0.0007021429509265561 ‖Δρ‖ = 0.0007018697023617572  ‖vε - vref‖ = 1.2251292448644988  α = 0.000114
 23   -37.31327360564       -8.51       -2.90    3.68s
    ‖ρε - ρref‖ = 0.0002849809397016389 ‖Δρ‖ = 0.00028487287783857877  ‖vε - vref‖ = 1.2244067488181332  α = 0.000258
 24   -37.31327361167       -8.22       -2.57    3.77s
    ‖ρε - ρref‖ = 0.00047561194631883435 ‖Δρ‖ = 0.0004749520549992777  ‖vε - vref‖ = 1.223071935452753  α = 0.000219
 25   -37.31327361223       -9.25       -2.00    3.71s
    ‖ρε - ρref‖ = 0.0036346868091742604 ‖Δρ‖ = 0.0036375289863746552  ‖vε - vref‖ = 1.2228130814110905  α = 7.69e-6
 26   -37.31327361304       -9.09       -2.92    4.03s
    ‖ρε - ρref‖ = 0.0003507720488082314 ‖Δρ‖ = 0.00035065044922561595  ‖vε - vref‖ = 1.2229480906099102  α = 9.48e-5
 27   -37.31327361434       -8.89       -2.03    4.22s
    ‖ρε - ρref‖ = 0.002434334450065552 ‖Δρ‖ = 0.002433112840259269  ‖vε - vref‖ = 1.2225364257577098  α = 1.86e-5
 28   -37.31327361762       -8.48       -3.08    3.83s
    ‖ρε - ρref‖ = 0.00015791115419953368 ‖Δρ‖ = 0.0001579360941545567  ‖vε - vref‖ = 1.2225412517228011  α = 0.000482
 29   -37.31327361932       -8.77       -2.66    4.21s
    ‖ρε - ρref‖ = 0.0005258834922699952 ‖Δρ‖ = 0.0005255077213259239  ‖vε - vref‖ = 1.222574488699355  α = 0.000102
 30   -37.31327362291       -8.45       -2.64    4.67s
    ‖ρε - ρref‖ = 0.0004499184234804995 ‖Δρ‖ = 0.00045010870644827386  ‖vε - vref‖ = 1.2225662836347726  α = 0.000177
 31   -37.31327362486       -8.71       -2.81    3.94s
    ‖ρε - ρref‖ = 0.00034969130016460276 ‖Δρ‖ = 0.00034916729056819553  ‖vε - vref‖ = 1.2228791073634284  α = 0.000168
 32   -37.31327362687       -8.70       -2.56    4.13s
    ‖ρε - ρref‖ = 0.0006428665900400745 ‖Δρ‖ = 0.0006424402771796953  ‖vε - vref‖ = 1.223023271800154  α = 8.5e-5
 33   -37.31327362929       -8.62       -2.89    4.07s
    ‖ρε - ρref‖ = 0.0002352111332883192 ‖Δρ‖ = 0.00023528166138843135  ‖vε - vref‖ = 1.2232365648614123  α = 0.000279
 34   -37.31327363061       -8.88       -2.66    3.71s
    ‖ρε - ρref‖ = 0.0004762095767538027 ‖Δρ‖ = 0.0004764792459120363  ‖vε - vref‖ = 1.2234824466460033  α = 0.000103
 35   -37.31327363206       -8.84       -2.94    3.84s
    ‖ρε - ρref‖ = 0.00022464007311910083 ‖Δρ‖ = 0.00022470250130316764  ‖vε - vref‖ = 1.223840792716504  α = 0.000227
 36   -37.31327363354       -8.83       -2.92    4.00s
    ‖ρε - ρref‖ = 0.000262432129151995 ‖Δρ‖ = 0.0002615132410224303  ‖vε - vref‖ = 1.224393949046135  α = 0.000191
 37   -37.31327363380       -9.60       -2.35    3.72s
    ‖ρε - ρref‖ = 0.0015867783938255638 ‖Δρ‖ = 0.0015894346895557916  ‖vε - vref‖ = 1.2244308608649972  α = 1.2e-5
 38   -37.31327363555       -8.76       -2.62    4.14s
    ‖ρε - ρref‖ = 0.00047893700621847254 ‖Δρ‖ = 0.00047849215994360845  ‖vε - vref‖ = 1.225239259927528  α = 0.000113
 39   -37.31327363601       -9.34       -2.07    3.75s
    ‖ρε - ρref‖ = 0.0026550523999803737 ‖Δρ‖ = 0.0026539225853039936  ‖vε - vref‖ = 1.2252294090529028  α = 9.27e-6
 40   -37.31327363741       -8.85       -2.99    3.69s
    ‖ρε - ρref‖ = 0.00020159826527907325 ‖Δρ‖ = 0.00020207477065596483  ‖vε - vref‖ = 1.2259404462922838  α = 0.000243
 41   -37.31327363906       -8.78       -3.10    3.93s
    ‖ρε - ρref‖ = 0.0001521095743726173 ‖Δρ‖ = 0.00015151475814211346  ‖vε - vref‖ = 1.2267449805158785  α = 0.000348
 42   -37.31327363947       -9.39       -3.04    3.93s
    ‖ρε - ρref‖ = 0.00024355289008179257 ‖Δρ‖ = 0.00024376097426751788  ‖vε - vref‖ = 1.2269905849941365  α = 0.000107
 43   -37.31327364203       -8.59       -2.94    3.79s
    ‖ρε - ρref‖ = 0.00017155781309998266 ‖Δρ‖ = 0.00017098086376062338  ‖vε - vref‖ = 1.2286583994550069  α = 0.000402
 44   -37.31327364250       -9.32       -2.82    3.71s
    ‖ρε - ρref‖ = 0.0003773319988540786 ‖Δρ‖ = 0.00037751662507434536  ‖vε - vref‖ = 1.228997515786616  α = 7.45e-5
 45   -37.31327364334       -9.08       -2.97    3.97s
    ‖ρε - ρref‖ = 0.00022825291601832626 ‖Δρ‖ = 0.0002285801341233767  ‖vε - vref‖ = 1.229606264218943  α = 0.000158
 46   -37.31327364454       -8.92       -3.05    3.76s
    ‖ρε - ρref‖ = 0.0001616027859518531 ‖Δρ‖ = 0.00016167005014791283  ‖vε - vref‖ = 1.2304533884741202  α = 0.000283
 47   -37.31327364530       -9.12       -2.74    3.85s
    ‖ρε - ρref‖ = 0.00035583986045233205 ‖Δρ‖ = 0.0003555465566930964  ‖vε - vref‖ = 1.2310553863771962  α = 0.000104
 48   -37.31327364601       -9.15       -3.05    3.64s
    ‖ρε - ρref‖ = 0.0001639833366893037 ‖Δρ‖ = 0.00016383693327248565  ‖vε - vref‖ = 1.2316470936258295  α = 0.000221
 49   -37.31327364611      -10.02       -2.83    3.66s
    ‖ρε - ρref‖ = 0.0005426738875718313 ‖Δρ‖ = 0.0005399593666710665  ‖vε - vref‖ = 1.2317607594783315  α = 2.18e-5
 50   -37.31327364658       -9.32       -2.63    3.65s
    ‖ρε - ρref‖ = 0.0005430694981747811 ‖Δρ‖ = 0.0005436794385022394  ‖vε - vref‖ = 1.2322027343771762  α = 5.15e-5
 51   -37.31327364667      -10.05       -2.86    3.64s
    ‖ρε - ρref‖ = 0.0005117790044204322 ‖Δρ‖ = 0.0005132222335426588  ‖vε - vref‖ = 1.232313917341693  α = 2.03e-5
 52   -37.31327364732       -9.19       -2.70    3.56s
    ‖ρε - ρref‖ = 0.0003948934454754847 ‖Δρ‖ = 0.0003950026905265602  ‖vε - vref‖ = 1.2328909289742642  α = 8.43e-5
 53   -37.31327364796       -9.19       -3.25    3.59s
    ‖ρε - ρref‖ = 9.600084800807266e-5 ‖Δρ‖ = 9.52657487724535e-5  ‖vε - vref‖ = 1.233600115674855  α = 0.000355
 54   -37.31327364835       -9.40       -3.23    3.71s
    ‖ρε - ρref‖ = 0.0001235406911120508 ‖Δρ‖ = 0.00012389231616926185  ‖vε - vref‖ = 1.234048773496945  α = 0.000202
 55   -37.31327364868       -9.48       -2.87    3.63s
    ‖ρε - ρref‖ = 0.00028492677006630533 ‖Δρ‖ = 0.00028468430743741987  ‖vε - vref‖ = 1.2344274870933434  α = 8.53e-5
 56   -37.31327364939       -9.15       -3.20    3.66s
    ‖ρε - ρref‖ = 0.00010794720699696577 ‖Δρ‖ = 0.00010792003237921352  ‖vε - vref‖ = 1.2352998765542134  α = 0.000329
 57   -37.31327364967       -9.55       -2.91    3.57s
    ‖ρε - ρref‖ = 0.0002989810786334728 ‖Δρ‖ = 0.00029870293734402036  ‖vε - vref‖ = 1.2356785181152496  α = 6.87e-5
 58   -37.31327365026       -9.23       -3.09    3.69s
    ‖ρε - ρref‖ = 0.00014254949850155607 ‖Δρ‖ = 0.000142154140521923  ‖vε - vref‖ = 1.236383132922798  α = 0.000227
 59   -37.31327365077       -9.29       -3.18    3.70s
    ‖ρε - ρref‖ = 0.00011524592587771654 ‖Δρ‖ = 0.00011513091202352279  ‖vε - vref‖ = 1.2370706317287994  α = 0.000267
 60   -37.31327365109       -9.51       -2.95    3.70s
    ‖ρε - ρref‖ = 0.00024945867983847066 ‖Δρ‖ = 0.000249785518226193  ‖vε - vref‖ = 1.2374903881065171  α = 9.33e-5
 61   -37.31327365113      -10.36       -3.23    3.60s
    ‖ρε - ρref‖ = 0.00020466926184514693 ‖Δρ‖ = 0.00020210587814767416  ‖vε - vref‖ = 1.237562034329511  α = 3.94e-5
 62   -37.31327365153       -9.40       -2.69    3.68s
    ‖ρε - ρref‖ = 0.00034722118994707477 ‖Δρ‖ = 0.0003479619894225551  ‖vε - vref‖ = 1.2381715787782899  α = 7.58e-5
 63   -37.31327365160      -10.13       -2.77    3.59s
    ‖ρε - ρref‖ = 0.0005203381850672902 ‖Δρ‖ = 0.000521779650100284  ‖vε - vref‖ = 1.2382695654588096  α = 1.84e-5
 64   -37.31327365191       -9.51       -2.65    3.69s
    ‖ρε - ρref‖ = 0.00041835276409340767 ‖Δρ‖ = 0.00041803863864846243  ‖vε - vref‖ = 1.2387046439471174  α = 5.44e-5
 65   -37.31327365221       -9.53       -3.35    3.74s
    ‖ρε - ρref‖ = 8.120827890004946e-5 ‖Δρ‖ = 8.050817795589997e-5  ‖vε - vref‖ = 1.2391691429198284  α = 0.000279
 66   -37.31327365246       -9.59       -3.34    3.70s
    ‖ρε - ρref‖ = 8.38150792435003e-5 ‖Δρ‖ = 8.377740310022908e-5  ‖vε - vref‖ = 1.2395902816823183  α = 0.00025
 67   -37.31327365256      -10.00       -3.30    3.72s
    ‖ρε - ρref‖ = 0.00012085279909656332 ‖Δρ‖ = 0.00012037930675361636  ‖vε - vref‖ = 1.2397522169469748  α = 0.000107
 68   -37.31327365287       -9.51       -3.19    3.73s
    ‖ρε - ρref‖ = 0.00010668980906976409 ‖Δρ‖ = 0.00010689440222951784  ‖vε - vref‖ = 1.2402994705099013  α = 0.00022
 69   -37.31327365300       -9.89       -3.33    3.71s
    ‖ρε - ρref‖ = 0.00010948022175114992 ‖Δρ‖ = 0.00010918077996026179  ‖vε - vref‖ = 1.2405504187792844  α = 0.000133
 70   -37.31327365321       -9.67       -3.10    3.74s
    ‖ρε - ρref‖ = 0.00015503846098639768 ‖Δρ‖ = 0.00015473138843022426  ‖vε - vref‖ = 1.2409328403988746  α = 0.000119
 71   -37.31327365350       -9.54       -3.37    3.78s
    ‖ρε - ρref‖ = 6.705527948145914e-5 ‖Δρ‖ = 6.681314855082859e-5  ‖vε - vref‖ = 1.241480094895953  α = 0.000346
 72   -37.31327365364       -9.87       -3.20    3.61s
    ‖ρε - ρref‖ = 0.00012162420288918939 ‖Δρ‖ = 0.00012213261566830977  ‖vε - vref‖ = 1.2417457092142654  α = 0.000129
 73   -37.31327365367      -10.43       -3.11    3.66s
    ‖ρε - ρref‖ = 0.0002424271148760184 ‖Δρ‖ = 0.00024011070799505863  ‖vε - vref‖ = 1.2418269452726278  α = 3.11e-5
 74   -37.31327365381       -9.87       -2.70    3.65s
    ‖ρε - ρref‖ = 0.0004202172804109568 ‖Δρ‖ = 0.0004212700076773989  ‖vε - vref‖ = 1.242092768433922  α = 3.53e-5
 75   -37.31327365383      -10.64       -3.27    3.57s
    ‖ρε - ρref‖ = 0.00020347913109544055 ‖Δρ‖ = 0.00020489092455298834  ‖vε - vref‖ = 1.2421479821374004  α = 2.59e-5
 76   -37.31327365402       -9.72       -2.94    3.64s
    ‖ρε - ρref‖ = 0.00021060557291813418 ‖Δρ‖ = 0.00020996441218626858  ‖vε - vref‖ = 1.2425440422563525  α = 8.55e-5
 77   -37.31327365411      -10.05       -3.44    3.70s
    ‖ρε - ρref‖ = 8.953294216562764e-5 ‖Δρ‖ = 8.94201994344926e-5  ‖vε - vref‖ = 1.242733759003865  α = 0.000138
 78   -37.31327365431       -9.70       -3.58    3.70s
    ‖ρε - ρref‖ = 4.4933673256901914e-5 ‖Δρ‖ = 4.533771020494789e-5  ‖vε - vref‖ = 1.2431887165737137  α = 0.000418
 79   -37.31327365448       -9.76       -3.36    3.77s
    ‖ρε - ρref‖ = 7.88286820119452e-5 ‖Δρ‖ = 7.789356636549581e-5  ‖vε - vref‖ = 1.2435898168015178  α = 0.00022
 80   -37.31327365454      -10.22       -3.11    3.71s
    ‖ρε - ρref‖ = 0.00017698071134799237 ‖Δρ‖ = 0.0001769405631753438  ‖vε - vref‖ = 1.2437272175573433  α = 5.8e-5
 81   -37.31327365467       -9.89       -3.76    3.71s
    ‖ρε - ρref‖ = 3.281117511407195e-5 ‖Δρ‖ = 3.2367924636580366e-5  ‖vε - vref‖ = 1.2440514442000095  α = 0.000472
 82   -37.31327365477       -9.99       -3.09    3.80s
    ‖ρε - ρref‖ = 0.00016818391021258727 ‖Δρ‖ = 0.00016815570811389144  ‖vε - vref‖ = 1.2443133721026103  α = 7.55e-5
 83   -37.31327365487      -10.00       -3.44    4.33s
    ‖ρε - ρref‖ = 7.740726547476805e-5 ‖Δρ‖ = 7.745805201502983e-5  ‖vε - vref‖ = 1.2445519541665833  α = 0.000162
 84   -37.31327365501       -9.88       -3.71    3.62s
    ‖ρε - ρref‖ = 3.290531503039913e-5 ‖Δρ‖ = 3.356638730059545e-5  ‖vε - vref‖ = 1.2448943855448549  α = 0.000461
 85   -37.31327365503      -10.69       -2.85    3.68s
    ‖ρε - ρref‖ = 0.00046110973776857184 ‖Δρ‖ = 0.0004586503345074491  ‖vε - vref‖ = 1.2449493489791037  α = 1.2e-5
 86   -37.31327365509      -10.17       -3.02    3.70s
    ‖ρε - ρref‖ = 0.0002026648353263205 ‖Δρ‖ = 0.00020285788889263135  ‖vε - vref‖ = 1.245124155249265  α = 5.38e-5
 87   -37.31327365510      -11.01       -3.23    3.71s
    ‖ρε - ρref‖ = 0.0002303223527422675 ‖Δρ‖ = 0.00023177973702643044  ‖vε - vref‖ = 1.2451494834132355  α = 1.49e-5
 88   -37.31327365518      -10.12       -3.28    3.67s
    ‖ρε - ρref‖ = 0.00010358242425545237 ‖Δρ‖ = 0.00010289096894278094  ‖vε - vref‖ = 1.2453550968183729  α = 0.000114
 89   -37.31327365525      -10.15       -3.80    3.81s
    ‖ρε - ρref‖ = 3.367355599621371e-5 ‖Δρ‖ = 3.3573750602892204e-5  ‖vε - vref‖ = 1.2455592371466526  α = 0.000326
 90   -37.31327365536       -9.96       -3.41    3.76s
    ‖ρε - ρref‖ = 6.994358806901719e-5 ‖Δρ‖ = 7.010517251056472e-5  ‖vε - vref‖ = 1.2458643370833788  α = 0.000197
 91   -37.31327365542      -10.23       -3.72    3.88s
    ‖ρε - ρref‖ = 4.39078780912878e-5 ‖Δρ‖ = 4.28919949538936e-5  ‖vε - vref‖ = 1.246041700082347  α = 0.000228
 92   -37.31327365545      -10.46       -3.55    4.23s
    ‖ρε - ρref‖ = 7.135269523064403e-5 ‖Δρ‖ = 7.149741396552372e-5  ‖vε - vref‖ = 1.2461407855313467  α = 0.000107
 93   -37.31327365554      -10.05       -3.45    4.24s
    ‖ρε - ρref‖ = 6.421077888793673e-5 ‖Δρ‖ = 6.409907385057443e-5  ‖vε - vref‖ = 1.2464051785508274  α = 0.000196
 94   -37.31327365557      -10.50       -3.60    3.93s
    ‖ρε - ρref‖ = 6.248001040649065e-5 ‖Δρ‖ = 6.249313609761885e-5  ‖vε - vref‖ = 1.2465043530531283  α = 0.000115
 95   -37.31327365563      -10.27       -3.42    3.82s
    ‖ρε - ρref‖ = 7.563487385347588e-5 ‖Δρ‖ = 7.550380841958323e-5  ‖vε - vref‖ = 1.2466663429985214  α = 0.000126
 96   -37.31327365567      -10.35       -3.80    3.81s
    ‖ρε - ρref‖ = 3.119850984633498e-5 ‖Δρ‖ = 3.1403803961806305e-5  ‖vε - vref‖ = 1.24680588029076  α = 0.000278
 97   -37.31327365568      -11.12       -2.95    3.86s
    ‖ρε - ρref‖ = 0.00039845643978031535 ‖Δρ‖ = 0.0003958595920068255  ‖vε - vref‖ = 1.246828388522182  α = 8.49e-6
 98   -37.31327365571      -10.59       -3.69    3.75s
    ‖ρε - ρref‖ = 4.787394544725463e-5 ‖Δρ‖ = 4.712073433271388e-5  ‖vε - vref‖ = 1.2469144986903722  α = 0.000139
 99   -37.31327365572      -10.87       -2.95    3.83s
    ‖ρε - ρref‖ = 0.0003318368044808336 ‖Δρ‖ = 0.0003332919923556817  ‖vε - vref‖ = 1.246953007458605  α = 1.26e-5
 100   -37.31327365577      -10.35       -3.45    4.14s
    ‖ρε - ρref‖ = 7.601536314961732e-5 ‖Δρ‖ = 7.611435460767552e-5  ‖vε - vref‖ = 1.2470950939684013  α = 0.000116
 101   -37.31327365581      -10.39       -3.76    3.74s
    ‖ρε - ρref‖ = 3.467254125944867e-5 ‖Δρ‖ = 3.480078960213235e-5  ‖vε - vref‖ = 1.2472256934782424  α = 0.000244
 102   -37.31327365584      -10.52       -3.85    3.72s
    ‖ρε - ρref‖ = 3.136563952387191e-5 ‖Δρ‖ = 3.093470672145052e-5  ‖vε - vref‖ = 1.2473302437322469  α = 0.000235
 103   -37.31327365587      -10.46       -3.77    3.75s
    ‖ρε - ρref‖ = 3.8768612210901405e-5 ‖Δρ‖ = 3.804852740701832e-5  ‖vε - vref‖ = 1.247451615696561  α = 0.000202
 104   -37.31327365591      -10.41       -3.72    3.75s
    ‖ρε - ρref‖ = 3.675703538364015e-5 ‖Δρ‖ = 3.6932136936123056e-5  ‖vε - vref‖ = 1.2475944013068132  α = 0.00022
 105   -37.31327365594      -10.58       -3.36    4.27s
    ‖ρε - ρref‖ = 9.131747952461119e-5 ‖Δρ‖ = 9.096386852985698e-5  ‖vε - vref‖ = 1.2476840478249607  α = 7.43e-5
 106   -37.31327365597      -10.46       -3.81    4.22s
    ‖ρε - ρref‖ = 3.224067699962298e-5 ‖Δρ‖ = 3.2058281179602283e-5  ‖vε - vref‖ = 1.2478113317474446  α = 0.000241
 107   -37.31327365598      -10.98       -3.62    3.78s
    ‖ρε - ρref‖ = 6.949999936716183e-5 ‖Δρ‖ = 6.931630637837636e-5  ‖vε - vref‖ = 1.2478493621759834  α = 5.75e-5
 108   -37.31327365601      -10.55       -4.13    3.77s
    ‖ρε - ρref‖ = 1.5000148552001636e-5 ‖Δρ‖ = 1.640970032455546e-5  ‖vε - vref‖ = 1.2479568814349986  α = 0.000394
 109   -37.31327365604      -10.49       -2.62    3.74s
    ‖ρε - ρref‖ = 0.0005380221827896416 ‖Δρ‖ = 0.0005362958500584467  ‖vε - vref‖ = 1.2480735146604534  α = 1.36e-5
 110   -37.31327365605      -11.00       -3.64    3.78s
    ‖ρε - ρref‖ = 6.666184443794001e-5 ‖Δρ‖ = 6.5134937742766e-5  ‖vε - vref‖ = 1.2481145159560398  α = 5.66e-5
 111   -37.31327365607      -10.68       -2.94    3.77s
    ‖ρε - ρref‖ = 0.0002395755670098153 ‖Δρ‖ = 0.00024029598450946512  ‖vε - vref‖ = 1.2481858385976126  α = 2.39e-5
 112   -37.31327365609      -10.81       -3.74    3.71s
    ‖ρε - ρref‖ = 4.312945651340787e-5 ‖Δρ‖ = 4.311311113573647e-5  ‖vε - vref‖ = 1.2482442686781359  α = 0.000121
 113   -37.31327365611      -10.64       -3.86    3.74s
    ‖ρε - ρref‖ = 3.0239011910064538e-5 ‖Δρ‖ = 3.0261538557204865e-5  ‖vε - vref‖ = 1.2483294254271964  α = 0.000209
 114   -37.31327365613      -10.65       -4.05    3.78s
    ‖ρε - ρref‖ = 1.813408287356215e-5 ‖Δρ‖ = 1.7392610468673254e-5  ‖vε - vref‖ = 1.2484190500618084  α = 0.000368
 115   -37.31327365615      -10.83       -3.85    3.74s
    ‖ρε - ρref‖ = 3.3158752034423216e-5 ‖Δρ‖ = 3.284374378984068e-5  ‖vε - vref‖ = 1.2484781760915102  α = 0.000155
 116   -37.31327365616      -10.86       -3.97    3.78s
    ‖ρε - ρref‖ = 2.5040686562550515e-5 ‖Δρ‖ = 2.55884986008335e-5  ‖vε - vref‖ = 1.248533776338588  α = 0.000189
 117   -37.31327365617      -10.98       -3.73    3.65s
    ‖ρε - ρref‖ = 4.4701056903543005e-5 ‖Δρ‖ = 4.4339393565004e-5  ‖vε - vref‖ = 1.2485764141421225  α = 9.43e-5
 118   -37.31327365621      -10.44       -3.84    3.69s
    ‖ρε - ρref‖ = 2.593717556880962e-5 ‖Δρ‖ = 2.527095360594565e-5  ‖vε - vref‖ = 1.248728889362118  α = 0.00032
 119   -37.31327365622      -10.91       -3.63    3.66s
    ‖ρε - ρref‖ = 6.172673721751572e-5 ‖Δρ‖ = 6.10943225806066e-5  ‖vε - vref‖ = 1.2487813598784556  α = 7.17e-5
 120   -37.31327365623      -11.27       -3.66    3.67s
    ‖ρε - ρref‖ = 6.140794570372177e-5 ‖Δρ‖ = 6.346178993728587e-5  ‖vε - vref‖ = 1.2488022873293423  α = 4.35e-5
 121   -37.31327365624      -10.92       -3.04    3.61s
    ‖ρε - ρref‖ = 0.00019838225658303727 ‖Δρ‖ = 0.0001971549592447054  ‖vε - vref‖ = 1.2488522125891548  α = 2.29e-5
 122   -37.31327365624      -11.53       -3.95    3.75s
    ‖ρε - ρref‖ = 4.1652904401812427e-5 ‖Δρ‖ = 3.9982964427073526e-5  ‖vε - vref‖ = 1.248866541570724  α = 4.79e-5
 123   -37.31327365627      -10.60       -3.32    3.76s
    ‖ρε - ρref‖ = 8.294453667112036e-5 ‖Δρ‖ = 8.39016506303392e-5  ‖vε - vref‖ = 1.2489672718452447  α = 7.77e-5
 124   -37.31327365629      -10.73       -3.84    3.83s
    ‖ρε - ρref‖ = 2.729629399240392e-5 ‖Δρ‖ = 2.702230418646659e-5  ‖vε - vref‖ = 1.2490456527256342  α = 0.000214
 125   -37.31327365630      -10.81       -3.69    3.71s
    ‖ρε - ρref‖ = 4.4565716978132556e-5 ‖Δρ‖ = 4.4104536479577765e-5  ‖vε - vref‖ = 1.2491129039467983  α = 0.00012
 126   -37.31327365633      -10.51       -3.97    3.68s
    ‖ρε - ρref‖ = 1.958126090006627e-5 ‖Δρ‖ = 1.9020849288112755e-5  ‖vε - vref‖ = 1.249247219474335  α = 0.00039
 127   -37.31327365635      -10.84       -4.10    3.66s
    ‖ρε - ρref‖ = 1.742638835141455e-5 ‖Δρ‖ = 1.7107094883536667e-5  ‖vε - vref‖ = 1.2493098867549255  α = 0.000289
 128   -37.31327365637      -10.58       -3.72    3.71s
    ‖ρε - ρref‖ = 3.232563948653316e-5 ‖Δρ‖ = 3.2485842100472136e-5  ‖vε - vref‖ = 1.2494242327489735  α = 0.000209
 129   -37.31327365638      -10.93       -3.58    3.96s
    ‖ρε - ρref‖ = 5.8840013758335196e-5 ‖Δρ‖ = 5.803487189663084e-5  ‖vε - vref‖ = 1.2494756727191125  α = 7.21e-5
 130   -37.31327365639      -10.98       -3.81    3.67s
    ‖ρε - ρref‖ = 3.292321893578548e-5 ‖Δρ‖ = 3.2299484112791945e-5  ‖vε - vref‖ = 1.2495222937545964  α = 0.000134
 131   -37.31327365640      -11.15       -4.03    3.77s
    ‖ρε - ρref‖ = 2.6116433870697723e-5 ‖Δρ‖ = 2.4921860641259025e-5  ‖vε - vref‖ = 1.2495538497038474  α = 0.000134
 132   -37.31327365640      -11.53       -3.31    3.85s
    ‖ρε - ρref‖ = 0.00015789818894062894 ‖Δρ‖ = 0.0001602293118407482  ‖vε - vref‖ = 1.2495647740135514  α = 1.28e-5
 133   -37.31327365642      -10.98       -3.57    3.69s
    ‖ρε - ρref‖ = 6.487472199994768e-5 ‖Δρ‖ = 6.485189318584433e-5  ‖vε - vref‖ = 1.2496088662514726  α = 6.4e-5
 134   -37.31327365642      -11.96       -3.75    3.74s
    ‖ρε - ρref‖ = 8.282263471241169e-5 ‖Δρ‖ = 8.097696834643574e-5  ‖vε - vref‖ = 1.249614154344768  α = 1.4e-5
 135   -37.31327365643      -10.82       -3.89    3.96s
    ‖ρε - ρref‖ = 2.3638073012040044e-5 ‖Δρ‖ = 2.396035644649581e-5  ‖vε - vref‖ = 1.2496781840395834  α = 0.000213
 136   -37.31327365644      -10.98       -4.18    3.73s
    ‖ρε - ρref‖ = 1.4499637418213555e-5 ‖Δρ‖ = 1.357648719076342e-5  ‖vε - vref‖ = 1.249724775230373  α = 0.000317
 137   -37.31327365645      -11.08       -3.87    4.02s
    ‖ρε - ρref‖ = 2.9891487412993124e-5 ‖Δρ‖ = 2.9322331011537473e-5  ‖vε - vref‖ = 1.2497623860070837  α = 0.000131
 138   -37.31327365647      -10.77       -3.93    3.81s
    ‖ρε - ρref‖ = 2.081794835148453e-5 ‖Δρ‖ = 2.0663866424605268e-5  ‖vε - vref‖ = 1.249836487833161  α = 0.000265
 139   -37.31327365648      -11.02       -4.14    3.62s
    ‖ρε - ρref‖ = 1.5651034274219723e-5 ‖Δρ‖ = 1.5153915631310559e-5  ‖vε - vref‖ = 1.24987874438204  α = 0.000271
 140   -37.31327365649      -11.05       -4.10    3.77s
    ‖ρε - ρref‖ = 1.7558547702529618e-5 ‖Δρ‖ = 1.7169886397001362e-5  ‖vε - vref‖ = 1.2499184112070654  α = 0.000228
 141   -37.31327365649      -11.04       -3.75    3.73s
    ‖ρε - ρref‖ = 3.8485533794872265e-5 ‖Δρ‖ = 3.764947351550181e-5  ‖vε - vref‖ = 1.2499599995406616  α = 0.000104
 142   -37.31327365650      -11.22       -3.86    3.83s
    ‖ρε - ρref‖ = 3.258333686762365e-5 ‖Δρ‖ = 3.263198307583922e-5  ‖vε - vref‖ = 1.2499854900770775  α = 9.4e-5
 143   -37.31327365650      -11.58       -4.08    3.92s
    ‖ρε - ρref‖ = 2.479454038481112e-5 ‖Δρ‖ = 2.291664922212064e-5  ‖vε - vref‖ = 1.2499977814401213  α = 8.7e-5
 144   -37.31327365651      -11.36       -3.22    4.63s
    ‖ρε - ρref‖ = 0.00014508067165615565 ‖Δρ‖ = 0.00014681511640537667  ‖vε - vref‖ = 1.2500161387878277  α = 1.81e-5
 145   -37.31327365651      -11.26       -3.80    4.13s
    ‖ρε - ρref‖ = 3.867723928579166e-5 ‖Δρ‖ = 3.935834464307336e-5  ‖vε - vref‖ = 1.2500396745681013  α = 7.61e-5
 146   -37.31327365652      -11.60       -3.40    4.43s
    ‖ρε - ρref‖ = 0.0001326581645083074 ‖Δρ‖ = 0.0001309155626858832  ‖vε - vref‖ = 1.250051010034258  α = 1.29e-5
 147   -37.31327365653      -10.76       -3.78    3.77s
    ‖ρε - ρref‖ = 2.794627532730404e-5 ‖Δρ‖ = 2.766987414108461e-5  ‖vε - vref‖ = 1.2501267356591554  α = 0.000198
 148   -37.31327365654      -11.05       -4.22    3.69s
    ‖ρε - ρref‖ = 1.1232367323817244e-5 ‖Δρ‖ = 1.0599307648533517e-5  ‖vε - vref‖ = 1.2501658975105858  α = 0.000379
 149   -37.31327365655      -11.23       -3.98    3.67s
    ‖ρε - ρref‖ = 2.060398211338969e-5 ‖Δρ‖ = 1.9995206194177425e-5  ‖vε - vref‖ = 1.2501915018610619  α = 0.000163
 150   -37.31327365655      -11.52       -4.07    3.67s
    ‖ρε - ρref‖ = 2.2406094072006643e-5 ‖Δρ‖ = 2.199812577632423e-5  ‖vε - vref‖ = 1.250204925364486  α = 0.000103
 151   -37.31327365656      -10.93       -4.42    3.78s
    ‖ρε - ρref‖ = 7.167223348217922e-6 ‖Δρ‖ = 6.129059577041892e-6  ‖vε - vref‖ = 1.2502539899175629  α = 0.000761
 152   -37.31327365657      -11.03       -4.09    3.60s
    ‖ρε - ρref‖ = 1.5464636555869427e-5 ‖Δρ‖ = 1.4914033565041576e-5  ‖vε - vref‖ = 1.25029309299541  α = 0.000276
 153   -37.31327365658      -11.38       -3.80    3.88s
    ‖ρε - ρref‖ = 3.827911211294587e-5 ‖Δρ‖ = 3.750943898431982e-5  ‖vε - vref‖ = 1.2503105086813764  α = 7.13e-5
 154   -37.31327365658      -11.41       -4.12    3.72s
    ‖ρε - ρref‖ = 1.740923651996811e-5 ‖Δρ‖ = 1.773800846504444e-5  ‖vε - vref‖ = 1.2503259696798938  α = 0.000138
 155   -37.31327365658      -12.00       -3.81    3.71s
    ‖ρε - ρref‖ = 5.4969777850542774e-5 ‖Δρ‖ = 5.273756319480157e-5  ‖vε - vref‖ = 1.2503299483547823  α = 2.26e-5
 156   -37.31327365659      -11.27       -3.56    3.66s
    ‖ρε - ρref‖ = 5.438143806465316e-5 ‖Δρ‖ = 5.5162743363823904e-5  ‖vε - vref‖ = 1.250351425310567  α = 5.52e-5
 157   -37.31327365659      -11.95       -3.91    3.68s
    ‖ρε - ρref‖ = 4.092545021038149e-5 ‖Δρ‖ = 4.2197835466305576e-5  ‖vε - vref‖ = 1.2503560632341495  α = 3.04e-5
 158   -37.31327365659      -11.73       -3.63    3.61s
    ‖ρε - ρref‖ = 6.99049871496158e-5 ‖Δρ‖ = 6.860849800008082e-5  ‖vε - vref‖ = 1.2503639579110497  α = 2.31e-5
 159   -37.31327365659      -11.27       -4.13    3.62s
    ‖ρε - ρref‖ = 1.632730849337576e-5 ‖Δρ‖ = 1.5494257591837964e-5  ‖vε - vref‖ = 1.2503866940428943  α = 0.00019
 160   -37.31327365660      -11.20       -4.19    3.76s
    ‖ρε - ρref‖ = 1.1900655932505346e-5 ‖Δρ‖ = 1.1260231552923092e-5  ‖vε - vref‖ = 1.2504120931046458  α = 0.000303
 161   -37.31327365661      -11.38       -4.36    4.27s
    ‖ρε - ρref‖ = 9.512302311888867e-6 ‖Δρ‖ = 8.993733057850367e-6  ‖vε - vref‖ = 1.2504279976231674  α = 0.000306
 162   -37.31327365661      -11.58       -4.09    3.69s
    ‖ρε - ρref‖ = 1.708160491331912e-5 ‖Δρ‖ = 1.674386919374495e-5  ‖vε - vref‖ = 1.250437896693389  α = 0.000129
 163   -37.31327365661      -11.41       -4.20    4.09s
    ‖ρε - ρref‖ = 1.3898968943613646e-5 ‖Δρ‖ = 1.2953229931225546e-5  ‖vε - vref‖ = 1.2504530319351468  α = 0.000198
 164   -37.31327365662      -11.29       -4.38    3.90s
    ‖ρε - ρref‖ = 8.13103146078237e-6 ‖Δρ‖ = 6.935176805198618e-6  ‖vε - vref‖ = 1.2504728185838825  α = 0.000441
 165   -37.31327365662      -11.70       -4.18    3.70s
    ‖ρε - ρref‖ = 1.5509275766712227e-5 ‖Δρ‖ = 1.4841512732217287e-5  ‖vε - vref‖ = 1.2504799797502064  α = 0.000126
 166   -37.31327365662      -11.64       -4.09    3.69s
    ‖ρε - ρref‖ = 1.756844081189904e-5 ‖Δρ‖ = 1.8561995317617676e-5  ‖vε - vref‖ = 1.250487639635351  α = 0.0001
 167   -37.31327365662      -12.42       -3.73    3.69s
    ‖ρε - ρref‖ = 6.994880932858043e-5 ‖Δρ‖ = 6.774887429625832e-5  ‖vε - vref‖ = 1.2504890390730055  α = 1.11e-5
 168   -37.31327365662      -11.53       -4.08    3.79s
    ‖ρε - ρref‖ = 1.7163257129537383e-5 ‖Δρ‖ = 1.6681327882303744e-5  ‖vε - vref‖ = 1.2505005894203056  α = 0.000134
 169   -37.31327365663      -12.13       -3.95    3.67s
    ‖ρε - ρref‖ = 3.3980258275877e-5 ‖Δρ‖ = 3.5214197276459944e-5  ‖vε - vref‖ = 1.2505034330702862  α = 2.93e-5
 170   -37.31327365663      -11.73       -3.63    3.72s
    ‖ρε - ρref‖ = 5.406465103104842e-5 ‖Δρ‖ = 5.2779413812685525e-5  ‖vε - vref‖ = 1.250510245050195  α = 3.04e-5
 171   -37.31327365663      -11.82       -4.20    3.70s
    ‖ρε - ρref‖ = 1.674072268050025e-5 ‖Δρ‖ = 1.6463280472929266e-5  ‖vε - vref‖ = 1.2505153749423594  α = 9.38e-5
 172   -37.31327365663      -11.53       -4.33    3.79s
    ‖ρε - ρref‖ = 9.895115101461774e-6 ‖Δρ‖ = 9.530923873346217e-6  ‖vε - vref‖ = 1.2505248642419926  α = 0.000241
 173   -37.31327365664      -11.22       -4.40    4.65s
    ‖ρε - ρref‖ = 7.81069642671232e-6 ‖Δρ‖ = 6.639631403157438e-6  ‖vε - vref‖ = 1.2505452960337777  α = 0.000491
 174   -37.31327365664      -11.77       -4.49    3.72s
    ‖ρε - ρref‖ = 8.422299918212287e-6 ‖Δρ‖ = 7.189169258253857e-6  ‖vε - vref‖ = 1.2505509290096462  α = 0.000241
 175   -37.31327365664      -11.64       -4.13    3.75s
    ‖ρε - ρref‖ = 1.4699345355696275e-5 ‖Δρ‖ = 1.3757723978090535e-5  ‖vε - vref‖ = 1.2505584384812973  α = 0.000146
 176   -37.31327365664      -11.56       -4.33    3.78s
    ‖ρε - ρref‖ = 9.144976699794454e-6 ‖Δρ‖ = 8.449230417315775e-6  ‖vε - vref‖ = 1.25056629523537  α = 0.000255
 177   -37.31327365665      -11.63       -4.36    3.89s
    ‖ρε - ρref‖ = 8.564420127841451e-6 ‖Δρ‖ = 7.86457150923644e-6  ‖vε - vref‖ = 1.2505724854502411  α = 0.000262
 178   -37.31327365665      -12.31       -4.23    4.32s
    ‖ρε - ρref‖ = 1.587211251661099e-5 ‖Δρ‖ = 1.700660417292393e-5  ‖vε - vref‖ = 1.2505736106591374  α = 5.11e-5
 179   -37.31327365665      -12.79       -3.87    4.80s
    ‖ρε - ρref‖ = 4.885988811659751e-5 ‖Δρ‖ = 4.683072993648002e-5  ‖vε - vref‖ = 1.2505741082624795  α = 1.08e-5
 180   -37.31327365665      -11.70       -4.49    3.93s
    ‖ρε - ρref‖ = 7.923854074776787e-6 ‖Δρ‖ = 6.338355356410287e-6  ‖vε - vref‖ = 1.2505807708173224  α = 0.000296
 181   -37.31327365665      -11.77       -4.19    4.66s
    ‖ρε - ρref‖ = 1.34509035661454e-5 ‖Δρ‖ = 1.3761962648608741e-5  ‖vε - vref‖ = 1.2505850971436179  α = 0.000118
 182   -37.31327365665      -12.01       -3.46    3.86s
    ‖ρε - ρref‖ = 8.971702742646019e-5 ‖Δρ‖ = 8.810215972600993e-5  ‖vε - vref‖ = 1.2505878959711694  α = 1.26e-5
 183   -37.31327365665      -11.77       -4.04    4.83s
    ‖ρε - ρref‖ = 1.868767373605162e-5 ‖Δρ‖ = 1.9056341558926475e-5  ‖vε - vref‖ = 1.2505917026512707  α = 8.42e-5
 184   -37.31327365666      -11.94       -4.27    4.75s
    ‖ρε - ρref‖ = 1.389514299187369e-5 ‖Δρ‖ = 1.3656056113396818e-5  ‖vε - vref‖ = 1.2505942313316247  α = 0.0001
 185   -37.31327365666      -11.65       -4.58    3.88s
    ‖ρε - ρref‖ = 6.604644746264084e-6 ‖Δρ‖ = 4.886170821374169e-6  ‖vε - vref‖ = 1.2506003987759642  α = 0.000405
 186   -37.31327365666      -11.78       -4.47    3.89s
    ‖ρε - ρref‖ = 7.4880058877178765e-6 ‖Δρ‖ = 6.322414322468553e-6  ‖vε - vref‖ = 1.2506041044940526  α = 0.000275
 187   -37.31327365666      -11.91       -4.48    4.15s
    ‖ρε - ρref‖ = 7.32051728022605e-6 ‖Δρ‖ = 6.263926904347047e-6  ‖vε - vref‖ = 1.2506064732648892  α = 0.000237
 188   -37.31327365666      -11.90       -4.23    3.94s
    ‖ρε - ρref‖ = 1.251254241957476e-5 ‖Δρ‖ = 1.2141699103823395e-5  ‖vε - vref‖ = 1.2506088115686316  α = 0.000123
 189   -37.31327365666      -11.99       -4.58    3.93s
    ‖ρε - ρref‖ = 6.4920962581941694e-6 ‖Δρ‖ = 5.152845643017564e-6  ‖vε - vref‖ = 1.2506106067044795  α = 0.000269
 190   -37.31327365666      -11.99       -4.71    4.09s
    ‖ρε - ρref‖ = 5.2101148108418995e-6 ‖Δρ‖ = 4.070554483672453e-6  ‖vε - vref‖ = 1.2506120592852368  α = 0.000323
 191   -37.31327365666      -12.29       -3.95    3.72s
    ‖ρε - ρref‖ = 3.3327180742342e-5 ‖Δρ‖ = 3.0773440409002024e-5  ‖vε - vref‖ = 1.2506130114439142  α = 2.68e-5
 192   -37.31327365667      -12.01       -3.56    3.65s
    ‖ρε - ρref‖ = 5.6746746566889034e-5 ‖Δρ‖ = 5.715965655040629e-5  ‖vε - vref‖ = 1.2506143152141989  α = 2.33e-5
 193   -37.31327365667      -12.14       -4.58    3.67s
    ‖ρε - ρref‖ = 6.8153043768953125e-6 ‖Δρ‖ = 6.21272703447314e-6  ‖vε - vref‖ = 1.250614662358118  α = 0.000168
 194   -37.31327365667      -13.03       -4.29    3.64s
    ‖ρε - ρref‖ = 2.1976083044586782e-5 ‖Δρ‖ = 2.007590627423957e-5  ‖vε - vref‖ = 1.2506149088019478  α = 2.05e-5
 195   -37.31327365667      -12.14       -4.20    3.60s
    ‖ρε - ρref‖ = 1.539555057634476e-5 ‖Δρ‖ = 1.5790449772972023e-5  ‖vε - vref‖ = 1.250615301071307  α = 6.54e-5
 196   -37.31327365667      -11.93       -4.28    3.68s
    ‖ρε - ρref‖ = 1.165516142937204e-5 ‖Δρ‖ = 1.0947162311825471e-5  ‖vε - vref‖ = 1.2506161909251206  α = 0.000128
 197   -37.31327365667      -12.06       -4.38    3.57s
    ‖ρε - ρref‖ = 1.0463716000218485e-5 ‖Δρ‖ = 9.560098938386831e-6  ‖vε - vref‖ = 1.2506168004906735  α = 0.000126
 198   -37.31327365667      -11.76       -4.68    3.85s
    ‖ρε - ρref‖ = 5.604420007216356e-6 ‖Δρ‖ = 3.7927304463088547e-6  ‖vε - vref‖ = 1.2506180324463476  α = 0.000466
 199   -37.31327365667      -11.86       -4.58    4.18s
    ‖ρε - ρref‖ = 6.085704678833477e-6 ‖Δρ‖ = 4.753031964545856e-6  ‖vε - vref‖ = 1.2506185955177744  α = 0.00033
 200   -37.31327365667      -12.37       -4.40    3.70s
    ‖ρε - ρref‖ = 9.344714216760968e-6 ‖Δρ‖ = 8.603870375815205e-6  ‖vε - vref‖ = 1.250618670780813  α = 0.000102
 201   -37.31327365667      -12.23       -4.65    3.85s
    ‖ρε - ρref‖ = 6.424022107911486e-6 ‖Δρ‖ = 4.909619068217555e-6  ‖vε - vref‖ = 1.2506186257670502  α = 0.000201
 202   -37.31327365667      -12.11       -4.82    3.71s
    ‖ρε - ρref‖ = 4.940637581499591e-6 ‖Δρ‖ = 2.9472598489903287e-6  ‖vε - vref‖ = 1.2506184354417864  α = 0.000398
 203   -37.31327365667      -12.36       -4.50    3.99s
    ‖ρε - ρref‖ = 8.09691852920834e-6 ‖Δρ‖ = 7.738591390073349e-6  ‖vε - vref‖ = 1.250618054719252  α = 0.000111
 204   -37.31327365667      -12.79       -3.91    4.16s
    ‖ρε - ρref‖ = 4.04461840235605e-5 ‖Δρ‖ = 3.816441450442506e-5  ‖vε - vref‖ = 1.2506180542200267  α = 1.35e-5
 205   -37.31327365668      -12.01       -4.09    4.51s
    ‖ρε - ρref‖ = 1.4886683332197714e-5 ‖Δρ‖ = 1.5202560504187064e-5  ‖vε - vref‖ = 1.2506167644649435  α = 8.11e-5
 206   -37.31327365668      -13.25       -4.21    3.69s
    ‖ρε - ρref‖ = 2.4028802452627812e-5 ‖Δρ‖ = 2.589537836937496e-5  ‖vε - vref‖ = 1.2506165882880462  α = 1.25e-5
 207   -37.31327365668      -12.05       -4.46    3.79s
    ‖ρε - ρref‖ = 8.677988400762203e-6 ‖Δρ‖ = 6.9292663271290084e-6  ‖vε - vref‖ = 1.2506163197015674  α = 0.000173
 208   -37.31327365668      -12.21       -4.51    3.83s
    ‖ρε - ρref‖ = 8.76964449042863e-6 ‖Δρ‖ = 7.493799605281381e-6  ‖vε - vref‖ = 1.2506156738118368  α = 0.000132
 209   -37.31327365668      -12.14       -4.37    3.69s
    ‖ρε - ρref‖ = 1.0224119811865682e-5 ‖Δρ‖ = 9.668639866539993e-6  ‖vε - vref‖ = 1.2506146804880836  α = 0.00011
 210   -37.31327365668      -12.39       -4.48    3.82s
    ‖ρε - ρref‖ = 8.36242198385135e-6 ‖Δρ‖ = 7.828544893901e-6  ‖vε - vref‖ = 1.2506137323565492  α = 0.000115
 211   -37.31327365668      -12.11       -4.88    4.18s
    ‖ρε - ρref‖ = 4.5583551155328305e-6 ‖Δρ‖ = 2.445253807505189e-6  ‖vε - vref‖ = 1.2506123285074595  α = 0.000469
 212   -37.31327365668      -11.98       -4.65    3.78s
    ‖ρε - ρref‖ = 5.782199845712695e-6 ‖Δρ‖ = 3.948289831205885e-6  ‖vε - vref‖ = 1.2506101020300153  α = 0.000347
 213   -37.31327365668      -12.12       -4.47    3.75s
    ‖ρε - ρref‖ = 7.777361973922221e-6 ‖Δρ‖ = 6.515280503340289e-6  ‖vε - vref‖ = 1.2506082786422246  α = 0.000175
 214   -37.31327365668      -12.08       -4.35    3.70s
    ‖ρε - ρref‖ = 9.552378731687885e-6 ‖Δρ‖ = 8.867702228345834e-6  ‖vε - vref‖ = 1.250605850879046  α = 0.000137
 215   -37.31327365668      -12.30       -4.76    3.68s
    ‖ρε - ρref‖ = 5.62600957539813e-6 ‖Δρ‖ = 3.392603674768504e-6  ‖vε - vref‖ = 1.2506040195646828  α = 0.000286
 216   -37.31327365668      -12.64       -3.73    3.72s
    ‖ρε - ρref‖ = 5.368508168340185e-5 ‖Δρ‖ = 5.5832961973293365e-5  ‖vε - vref‖ = 1.2506032408521883  α = 8.73e-6
 217   -37.31327365668      -12.79       -4.56    3.79s
    ‖ρε - ρref‖ = 7.0358702577080855e-6 ‖Δρ‖ = 6.762089040051773e-6  ‖vε - vref‖ = 1.2506024204814123  α = 8.69e-5
 218   -37.31327365668      -12.97       -4.31    3.82s
    ‖ρε - ρref‖ = 1.8115762314408103e-5 ‖Δρ‖ = 1.5919872906179137e-5  ‖vε - vref‖ = 1.2506021720322469  α = 2.25e-5
 219   -37.31327365668      -12.27       -4.12    3.76s
    ‖ρε - ρref‖ = 1.4876968657212907e-5 ‖Δρ‖ = 1.4460579633683879e-5  ‖vε - vref‖ = 1.2506002997806562  α = 6.58e-5
 220   -37.31327365668      -12.39       -4.83    3.60s
    ‖ρε - ρref‖ = 4.9410739276617495e-6 ‖Δρ‖ = 3.362759555423393e-6  ‖vε - vref‖ = 1.250598646624265  α = 0.000237
 221   -37.31327365668      -12.45       -4.51    3.68s
    ‖ρε - ρref‖ = 7.926072700390431e-6 ‖Δρ‖ = 7.210942296468845e-6  ‖vε - vref‖ = 1.2505972141410275  α = 0.000106
 222   -37.31327365668      -12.45       -4.56    3.65s
    ‖ρε - ρref‖ = 7.73208112291305e-6 ‖Δρ‖ = 6.393509077882652e-6  ‖vε - vref‖ = 1.2505960262973022  α = 0.000118
 223   -37.31327365668      -12.46       -4.74    4.01s
    ‖ρε - ρref‖ = 6.015858703371358e-6 ‖Δρ‖ = 3.967976384043502e-6  ‖vε - vref‖ = 1.2505950215064199  α = 0.000199
 224   -37.31327365669      -12.01       -4.78    3.69s
    ‖ρε - ρref‖ = 4.828223955989558e-6 ‖Δρ‖ = 2.6427990550281367e-6  ‖vε - vref‖ = 1.2505910764612291  α = 0.00049
 225   -37.31327365669      -12.42       -4.76    3.57s
    ‖ρε - ρref‖ = 4.9935110582172544e-6 ‖Δρ‖ = 3.6010544101795817e-6  ‖vε - vref‖ = 1.2505890365285837  α = 0.00023
 226   -37.31327365669      -12.50       -4.64    3.92s
    ‖ρε - ρref‖ = 6.2708723280240235e-6 ‖Δρ‖ = 5.316490085523575e-6  ‖vε - vref‖ = 1.25058736299136  α = 0.000138
 227   -37.31327365669      -12.23       -4.68    3.65s
    ‖ρε - ρref‖ = 5.744919282820967e-6 ‖Δρ‖ = 4.101219612361784e-6  ‖vε - vref‖ = 1.2505840084135647  α = 0.000254
 228   -37.31327365669      -12.83       -4.85    3.67s
    ‖ρε - ρref‖ = 6.488494750283448e-6 ‖Δρ‖ = 3.95732562104742e-6  ‖vε - vref‖ = 1.2505831579249356  α = 0.000127
 229   -37.31327365669      -12.57       -3.81    3.69s
    ‖ρε - ρref‖ = 3.590516026966534e-5 ‖Δρ‖ = 3.7013536261192386e-5  ‖vε - vref‖ = 1.2505814342104433  α = 1.77e-5
 230   -37.31327365669      -12.44       -4.42    3.68s
    ‖ρε - ρref‖ = 1.041311025874704e-5 ‖Δρ‖ = 9.141512941789485e-6  ‖vε - vref‖ = 1.2505795267660977  α = 8.04e-5
 231   -37.31327365669      -12.45       -4.57    3.71s
    ‖ρε - ρref‖ = 7.279370908936013e-6 ‖Δρ‖ = 5.510918571861263e-6  ‖vε - vref‖ = 1.2505770356946488  α = 0.000141
 232   -37.31327365669      -12.83       -3.81    3.80s
    ‖ρε - ρref‖ = 4.230793119216755e-5 ‖Δρ‖ = 4.4460330259470174e-5  ‖vε - vref‖ = 1.2505757711695882  α = 1.05e-5
 233   -37.31327365669      -12.55       -4.89    3.90s
    ‖ρε - ρref‖ = 5.0636087751217765e-6 ‖Δρ‖ = 3.2349129101351024e-6  ‖vε - vref‖ = 1.2505740548023185  α = 0.000205
 234   -37.31327365669      -12.26       -4.45    3.72s
    ‖ρε - ρref‖ = 8.383210587911725e-6 ‖Δρ‖ = 7.182140463172325e-6  ‖vε - vref‖ = 1.250570909409505  α = 0.000128
 235   -37.31327365669      -12.35       -4.55    3.69s
    ‖ρε - ρref‖ = 7.2255100135711445e-6 ‖Δρ‖ = 5.866273356864504e-6  ‖vε - vref‖ = 1.2505677635007817  α = 0.000152
 236   -37.31327365669      -12.36       -4.55    4.14s
    ‖ρε - ρref‖ = 6.552493757666263e-6 ‖Δρ‖ = 5.119029104015117e-6  ‖vε - vref‖ = 1.2505650661946461  α = 0.000164
 237   -37.31327365669      -12.51       -5.08    4.47s
    ‖ρε - ρref‖ = 4.277112772658296e-6 ‖Δρ‖ = 1.6598395366965533e-6  ‖vε - vref‖ = 1.2505622603933633  α = 0.000472
 238   -37.31327365669      -12.58       -4.72    4.32s
    ‖ρε - ρref‖ = 5.220893678108791e-6 ‖Δρ‖ = 3.7727070992793493e-6  ‖vε - vref‖ = 1.2505600299473456  α = 0.000173
 239   -37.31327365669      -12.75       -4.70    3.98s
    ‖ρε - ρref‖ = 5.864816875929656e-6 ‖Δρ‖ = 4.515804614126795e-6  ‖vε - vref‖ = 1.2505580162467609  α = 0.000132
 240   -37.31327365669      -12.36       -4.90    4.09s
    ‖ρε - ρref‖ = 4.8093790511869965e-6 ‖Δρ‖ = 2.4385375483373473e-6  ‖vε - vref‖ = 1.2505541050848767  α = 0.000343
 241   -37.31327365669      -13.45       -4.05    4.49s
    ‖ρε - ρref‖ = 3.0476694494979765e-5 ‖Δρ‖ = 3.223162259290677e-5  ‖vε - vref‖ = 1.2505535440275752  α = 8.39e-6
 242   -37.31327365669      -12.70       -4.69    3.82s
    ‖ρε - ρref‖ = 6.038560694153856e-6 ‖Δρ‖ = 4.270174130764602e-6  ‖vε - vref‖ = 1.2505514853466715  α = 0.000139
 243   -37.31327365669      -12.49       -4.43    3.78s
    ‖ρε - ρref‖ = 7.98305298836724e-6 ‖Δρ‖ = 7.101368538680535e-6  ‖vε - vref‖ = 1.25054819799241  α = 0.000103
 244   -37.31327365669      -13.37       -4.36    4.15s
    ‖ρε - ρref‖ = 1.600023408326007e-5 ‖Δρ‖ = 1.813563878117308e-5  ‖vε - vref‖ = 1.2505477932968545  α = 1.09e-5
 245   -37.31327365669      -12.53       -4.73    3.85s
    ‖ρε - ρref‖ = 5.821169475888364e-6 ‖Δρ‖ = 3.440440123078007e-6  ‖vε - vref‖ = 1.2505453085527374  α = 0.0002
 246   -37.31327365669      -13.00       -4.68    3.63s
    ‖ρε - ρref‖ = 6.888541959202269e-6 ‖Δρ‖ = 5.204721889572919e-6  ‖vε - vref‖ = 1.2505440122559441  α = 8.47e-5
 247   -37.31327365669      -12.58       -4.77    3.70s
    ‖ρε - ρref‖ = 5.051910332997142e-6 ‖Δρ‖ = 3.332309117079248e-6  ‖vε - vref‖ = 1.250541139786929  α = 0.000198
 248   -37.31327365669      -12.70       -4.75    3.62s
    ‖ρε - ρref‖ = 5.211314267969832e-6 ‖Δρ‖ = 3.830503098734655e-6  ‖vε - vref‖ = 1.2505385936399576  α = 0.000155
 249   -37.31327365669      -12.64       -4.85    3.68s
    ‖ρε - ρref‖ = 4.649225602747678e-6 ‖Δρ‖ = 2.624890748600191e-6  ‖vε - vref‖ = 1.2505360289535727  α = 0.000229
 250   -37.31327365669      -12.79       -5.12    4.09s
    ‖ρε - ρref‖ = 4.26293500676224e-6 ‖Δρ‖ = 1.592695316491357e-6  ‖vε - vref‖ = 1.2505332270107143  α = 0.000371
 251   -37.31327365669      -12.87       -4.82    3.91s
    ‖ρε - ρref‖ = 4.960044034168921e-6 ‖Δρ‖ = 3.0763302613664447e-6  ‖vε - vref‖ = 1.2505310671291816  α = 0.000168
 252   -37.31327365669      -12.63       -4.77    3.81s
    ‖ρε - ρref‖ = 5.16023709828995e-6 ‖Δρ‖ = 3.5416007358112995e-6  ‖vε - vref‖ = 1.2505275460683127  α = 0.000179
 253   -37.31327365669      -13.67       -4.57    4.20s
    ‖ρε - ρref‖ = 8.936643597349768e-6 ‖Δρ‖ = 1.031193982938977e-5  ‖vε - vref‖ = 1.2505270277913632  α = 2.02e-5
 254   -37.31327365669      -12.38       -4.41    3.96s
    ‖ρε - ρref‖ = 8.154436155347562e-6 ‖Δρ‖ = 6.74051755462789e-6  ‖vε - vref‖ = 1.2505207826218618  α = 0.000127
 255   -37.31327365669      -13.03       -4.59    3.71s
    ‖ρε - ρref‖ = 7.882005083155466e-6 ‖Δρ‖ = 6.85620343378105e-6  ‖vε - vref‖ = 1.2505194401480613  α = 5.57e-5
 256   -37.31327365669      -13.45       -4.74    3.88s
    ‖ρε - ρref‖ = 6.116161108798784e-6 ‖Δρ‖ = 7.31127451162841e-6  ‖vε - vref‖ = 1.2505190679548202  α = 2.26e-5
 257   -37.31327365669      -12.85       -4.56    4.08s
    ‖ρε - ρref‖ = 8.01927790151422e-6 ‖Δρ‖ = 5.885574835776082e-6  ‖vε - vref‖ = 1.2505166590484629  α = 8.91e-5
 258   -37.31327365669      -12.83       -4.93    4.25s
    ‖ρε - ρref‖ = 4.532070856564854e-6 ‖Δρ‖ = 2.5362535532585527e-6  ‖vε - vref‖ = 1.2505140780045754  α = 0.000188
 259   -37.31327365669      -13.03       -4.69    4.06s
    ‖ρε - ρref‖ = 6.024281839784491e-6 ‖Δρ‖ = 5.1194199292795076e-6  ‖vε - vref‖ = 1.2505125041169272  α = 7.23e-5
 260   -37.31327365669      -12.81       -5.14    3.74s
    ‖ρε - ρref‖ = 4.168560895386047e-6 ‖Δρ‖ = 1.5178918854048453e-6  ‖vε - vref‖ = 1.2505099763563392  α = 0.000329
 261   -37.31327365669      -12.85       -4.88    3.77s
    ‖ρε - ρref‖ = 5.092822388189799e-6 ‖Δρ‖ = 2.986568802832307e-6  ‖vε - vref‖ = 1.2505076728660247  α = 0.000164
 262   -37.31327365669      -12.51       -5.01    3.83s
    ‖ρε - ρref‖ = 4.3640969391037025e-6 ‖Δρ‖ = 1.67252571271752e-6  ‖vε - vref‖ = 1.2505022674990023  α = 0.000447
 263   -37.31327365669      -12.70       -4.89    3.64s
    ‖ρε - ρref‖ = 4.419652054493159e-6 ‖Δρ‖ = 2.469903569665511e-6  ‖vε - vref‖ = 1.2504987224346515  α = 0.000235
 264   -37.31327365669      -13.15       -4.73    4.13s
    ‖ρε - ρref‖ = 5.601106037344364e-6 ‖Δρ‖ = 4.192061846056422e-6  ‖vε - vref‖ = 1.250496838169891  α = 9.89e-5
 265   -37.31327365669      -13.67       -4.73    3.90s
    ‖ρε - ρref‖ = 6.272503415983801e-6 ‖Δρ‖ = 7.369035350694692e-6  ‖vε - vref‖ = 1.2504964849245634  α = 2.04e-5
 266   -37.31327365670      -12.54       -4.59    4.00s
    ‖ρε - ρref‖ = 6.393751872958331e-6 ‖Δρ‖ = 4.594953090621071e-6  ‖vε - vref‖ = 1.2504916374808464  α = 0.000146
 267   -37.31327365670      -12.85       -4.70    3.98s
    ‖ρε - ρref‖ = 5.670160154796393e-6 ‖Δρ‖ = 3.95799753509482e-6  ‖vε - vref‖ = 1.2504887862394622  α = 0.000128
 268   -37.31327365670      -13.30       -4.35    4.24s
    ‖ρε - ρref‖ = 1.2039696450140503e-5 ‖Δρ‖ = 1.3707873373731969e-5  ‖vε - vref‖ = 1.2504877781106098  α = 1.78e-5
 269   -37.31327365670      -12.97       -4.34    4.04s
    ‖ρε - ρref‖ = 1.284125751240207e-5 ‖Δρ‖ = 1.1196206838062763e-5  ‖vε - vref‖ = 1.250485655351289  α = 3.77e-5
 270   -37.31327365670      -12.73       -5.14    3.63s
    ‖ρε - ρref‖ = 3.98317348761695e-6 ‖Δρ‖ = 1.436697606446857e-6  ‖vε - vref‖ = 1.2504815347066685  α = 0.000402
 271   -37.31327365670      -12.92       -4.65    3.86s
    ‖ρε - ρref‖ = 6.191060472935221e-6 ‖Δρ‖ = 5.031428571520103e-6  ‖vε - vref‖ = 1.2504785934835076  α = 9.77e-5
 272   -37.31327365670      -12.54       -4.64    3.71s
    ‖ρε - ρref‖ = 6.035021657859402e-6 ‖Δρ‖ = 4.104901578408855e-6  ‖vε - vref‖ = 1.2504739365151811  α = 0.00016
 273   -37.31327365670      -12.97       -5.11    3.78s
    ‖ρε - ρref‖ = 4.4251169047333185e-6 ‖Δρ‖ = 1.920285574377976e-6  ‖vε - vref‖ = 1.2504716307267871  α = 0.000231
 274   -37.31327365670      -12.55       -4.86    3.88s
    ‖ρε - ρref‖ = 4.62286305112619e-6 ‖Δρ‖ = 2.599529360760551e-6  ‖vε - vref‖ = 1.2504669580774628  α = 0.000249
 275   -37.31327365670      -12.85       -5.04    4.03s
    ‖ρε - ρref‖ = 4.303474116101269e-6 ‖Δρ‖ = 1.7748682819061996e-6  ‖vε - vref‖ = 1.25046357249114  α = 0.000307
 276   -37.31327365670      -12.87       -4.83    3.72s
    ‖ρε - ρref‖ = 5.103741929342349e-6 ‖Δρ‖ = 2.9508299585706815e-6  ‖vε - vref‖ = 1.2504612607759782  α = 0.000153
 277   -37.31327365670      -14.15       -4.33    3.66s
    ‖ρε - ρref‖ = 1.4652187595496042e-5 ‖Δρ‖ = 1.6241131027839785e-5  ‖vε - vref‖ = 1.2504606813116044  α = 1.16e-5
 278   -37.31327365670      -12.87       -4.59    3.79s
    ‖ρε - ρref‖ = 7.000193124178782e-6 ‖Δρ‖ = 5.454751807536392e-6  ‖vε - vref‖ = 1.2504578960607502  α = 8.8e-5
 279   -37.31327365670      -12.97       -5.03    3.66s
    ‖ρε - ρref‖ = 4.567618960394287e-6 ‖Δρ‖ = 1.8928063374015323e-6  ‖vε - vref‖ = 1.2504553886251983  α = 0.000243
 280   -37.31327365670      -13.67       -4.30    3.76s
    ‖ρε - ρref‖ = 1.5236203830548764e-5 ‖Δρ‖ = 1.697435958755555e-5  ‖vε - vref‖ = 1.2504546926001952  α = 1.17e-5
 281   -37.31327365670      -13.45       -4.68    3.79s
    ‖ρε - ρref‖ = 7.415209688136163e-6 ‖Δρ‖ = 5.515129731173814e-6  ‖vε - vref‖ = 1.2504534332926758  α = 5.75e-5
 282   -37.31327365670      -12.53       -4.93    4.14s
    ‖ρε - ρref‖ = 4.035352668898892e-6 ‖Δρ‖ = 1.9691198340595317e-6  ‖vε - vref‖ = 1.2504484726457241  α = 0.000325
 283   -37.31327365670      -13.45       -4.94    3.86s
    ‖ρε - ρref‖ = 5.010848322307939e-6 ‖Δρ‖ = 3.1510908597257867e-6  ‖vε - vref‖ = 1.2504473447345261  α = 9.46e-5
 284   -37.31327365670      -12.89       -4.90    3.82s
    ‖ρε - ρref‖ = 5.183182044723013e-6 ‖Δρ‖ = 2.7860816418942323e-6  ‖vε - vref‖ = 1.2504453416441812  α = 0.000158
 285   -37.31327365670      -12.89       -5.07    3.71s
    ‖ρε - ρref‖ = 4.2571268640360695e-6 ‖Δρ‖ = 1.6773372423869352e-6  ‖vε - vref‖ = 1.2504431522209243  α = 0.000266
 286   -37.31327365670      -12.97       -4.99    3.82s
    ‖ρε - ρref‖ = 4.355532303188577e-6 ‖Δρ‖ = 2.145296133974926e-6  ‖vε - vref‖ = 1.2504413438484148  α = 0.00019
 287   -37.31327365670      -13.00       -4.97    3.63s
    ‖ρε - ρref‖ = 4.477406212131106e-6 ‖Δρ‖ = 2.0137624001157327e-6  ‖vε - vref‖ = 1.2504392655085592  α = 0.000231
 288   -37.31327365670      -13.25       -5.07    3.83s
    ‖ρε - ρref‖ = 5.01589037777695e-6 ‖Δρ‖ = 2.0016200095332992e-6  ‖vε - vref‖ = 1.2504384262402226  α = 0.000148
 289   -37.31327365670      -13.30       -4.05    3.80s
    ‖ρε - ρref‖ = 2.029808464219904e-5 ‖Δρ‖ = 2.1219604280551095e-5  ‖vε - vref‖ = 1.2504375781433696  α = 1.25e-5
 290   -37.31327365670      -13.19       -4.82    3.72s
    ‖ρε - ρref‖ = 5.099302072654833e-6 ‖Δρ‖ = 3.077486013502448e-6  ‖vε - vref‖ = 1.2504362892973981  α = 0.000119
 291   -37.31327365670      -13.11       -4.96    3.75s
    ‖ρε - ρref‖ = 4.87608261485905e-6 ‖Δρ‖ = 2.4063176719391647e-6  ‖vε - vref‖ = 1.2504350322752293  α = 0.000143
 292   -37.31327365670      -13.85       -4.19    3.85s
    ‖ρε - ρref‖ = 1.6624769398541987e-5 ‖Δρ‖ = 1.8678804418631203e-5  ‖vε - vref‖ = 1.250434383510198  α = 1.08e-5
 293   -37.31327365670      -13.85       -5.09    4.35s
    ‖ρε - ρref‖ = 4.596261982128967e-6 ‖Δρ‖ = 2.0401034390292875e-6  ‖vε - vref‖ = 1.2504339249876035  α = 0.000104
 294   -37.31327365670      -12.94       -5.00    3.73s
    ‖ρε - ρref‖ = 4.0971356848962654e-6 ‖Δρ‖ = 1.7724082034489135e-6  ‖vε - vref‖ = 1.250431982929566  α = 0.000252
 295   -37.31327365670      -13.15       -5.07    3.70s
    ‖ρε - ρref‖ = 4.364514416212778e-6 ‖Δρ‖ = 1.932112563171973e-6  ‖vε - vref‖ = 1.2504311879728405  α = 0.000153
 296   -37.31327365670      -13.15       -4.82    3.78s
    ‖ρε - ρref‖ = 5.287495090975151e-6 ‖Δρ‖ = 3.2265284252558192e-6  ‖vε - vref‖ = 1.2504301227849905  α = 0.000107
 297   -37.31327365670      -12.94       -5.21    3.63s
    ‖ρε - ρref‖ = 3.922570011993339e-6 ‖Δρ‖ = 1.0856606791874196e-6  ‖vε - vref‖ = 1.2504281642788488  α = 0.000421
 298   -37.31327365670      -13.15       -4.95    3.66s
    ‖ρε - ρref‖ = 4.543955126939945e-6 ‖Δρ‖ = 2.184255185646307e-6  ‖vε - vref‖ = 1.250426876349162  α = 0.000182
 299   -37.31327365670      -13.15       -5.03    3.70s
    ‖ρε - ρref‖ = 4.614101366458461e-6 ‖Δρ‖ = 2.0717149080414643e-6  ‖vε - vref‖ = 1.2504263818939143  α = 0.00014
 300   -37.31327365670      -13.45       -4.97    3.73s
    ‖ρε - ρref‖ = 7.011769324508966e-6 ‖Δρ‖ = 4.085518270820031e-6  ‖vε - vref‖ = 1.2504263437513359  α = 2.19e-5
Trying again with Newton's method ...
n     Energy            log10(ΔE)   log10(Δρ)   Δtime 
---   ---------------   ---------   ---------   ------
  1   -37.31327365670                   -7.87     316s
    ‖ρε - ρref‖ = 3.899715325726127e-6 ‖Δρ‖ = 1.4525745418500362e-9  ‖vε - vref‖ = 1.2504551414690486
  2   -37.31327365670      -12.11       -8.02     322s
    ‖ρε - ρref‖ = 3.899683616035115e-6 ‖Δρ‖ = 1.0380401095474964e-9  ‖vε - vref‖ = 1.2504428357955375
    Stopping to avoid numerical instabilities.

#-- ‖ρε - ρref‖ = 3.899683616035115e-6 vs. 1.0e-8 = δ*ε ‖vε - vref‖ = 1.2504428357955375


# --- ε=5.62341325190349e-7

n     Energy            log10(ΔE)   log10(Δρ)   Δtime 
---   ---------------   ---------   ---------   ------
  1   -37.31326747055                   -0.11    6.54s
    ‖ρε - ρref‖ = 0.3955024792390802 ‖Δρ‖ = 0.39550072243461964  ‖vε - vref‖ = 2.3589234698041794  α = 3.85e-6
  2   -37.31326771761       -6.61       -1.05    3.75s
    ‖ρε - ρref‖ = 0.03467780262605071 ‖Δρ‖ = 0.03467737534971615  ‖vε - vref‖ = 2.103604945852313  α = 1.28e-5
  3   -37.31326796313       -6.61       -0.89    3.90s
    ‖ρε - ρref‖ = 0.05170242676533919 ‖Δρ‖ = 0.051701752065847977  ‖vε - vref‖ = 1.7730733602814028  α = 9.18e-6
  4   -37.31326816018       -6.71       -1.44    3.80s
    ‖ρε - ρref‖ = 0.009132119221275992 ‖Δρ‖ = 0.00913162212001494  ‖vε - vref‖ = 1.5376909280381994  α = 4.78e-5
  5   -37.31326822333       -7.20       -1.94    3.80s
    ‖ρε - ρref‖ = 0.003080743291083554 ‖Δρ‖ = 0.0030802841726948822  ‖vε - vref‖ = 1.4663865952444055  α = 7.73e-5
  6   -37.31326831025       -7.06       -1.62    4.53s
    ‖ρε - ρref‖ = 0.004964744929307194 ‖Δρ‖ = 0.00496428296427948  ‖vε - vref‖ = 1.346225509021825  α = 5.85e-5
  7   -37.31326833966       -7.53       -2.04    4.42s
    ‖ρε - ρref‖ = 0.0020954423743269053 ‖Δρ‖ = 0.0020952725756860917  ‖vε - vref‖ = 1.3019898859624386  α = 7.99e-5
  8   -37.31326834853       -8.05       -2.24    4.12s
    ‖ρε - ρref‖ = 0.0014845632182247366 ‖Δρ‖ = 0.0014844956974055094  ‖vε - vref‖ = 1.2898513848887925  α = 6.34e-5
  9   -37.31326836243       -7.86       -2.38    4.17s
    ‖ρε - ρref‖ = 0.0009194369676997925 ‖Δρ‖ = 0.00091925902168087  ‖vε - vref‖ = 1.2700482808211961  α = 0.000127
 10   -37.31326836949       -8.15       -2.35    3.69s
    ‖ρε - ρref‖ = 0.0010880733412783172 ‖Δρ‖ = 0.0010879778879611104  ‖vε - vref‖ = 1.260543714948109  α = 7.73e-5
 11   -37.31326838224       -7.89       -2.53    3.97s
    ‖ρε - ρref‖ = 0.0006166944078148078 ‖Δρ‖ = 0.0006164186804321623  ‖vε - vref‖ = 1.2436112040288259  α = 0.000179
 12   -37.31326838307       -9.08       -2.16    4.05s
    ‖ρε - ρref‖ = 0.0032316954672747394 ‖Δρ‖ = 0.0032334230048698892  ‖vε - vref‖ = 1.2425460180375303  α = 7.72e-6
 13   -37.31326838940       -8.20       -2.24    3.80s
    ‖ρε - ρref‖ = 0.0013624499080622883 ‖Δρ‖ = 0.0013621387429629162  ‖vε - vref‖ = 1.2336658665180025  α = 5.89e-5
 14   -37.31326839008       -9.16       -2.01    3.68s
    ‖ρε - ρref‖ = 0.004586727772722418 ‖Δρ‖ = 0.004586667387141574  ‖vε - vref‖ = 1.232469047964232  α = 4.72e-6
 15   -37.31326839652       -8.19       -2.66    3.74s
    ‖ρε - ρref‖ = 0.0004196082488303051 ‖Δρ‖ = 0.0004193669095828897  ‖vε - vref‖ = 1.2246080072480052  α = 0.000193
 16   -37.31326839952       -8.52       -2.74    3.97s
    ‖ρε - ρref‖ = 0.0005158144760220863 ‖Δρ‖ = 0.0005159216817012669  ‖vε - vref‖ = 1.2210307522111632  α = 0.000102
 17   -37.31326840265       -8.50       -2.33    3.74s
    ‖ρε - ρref‖ = 0.0011089922248738837 ‖Δρ‖ = 0.001108700216937157  ‖vε - vref‖ = 1.2174445526686826  α = 5.03e-5
 18   -37.31326840656       -8.41       -2.78    3.89s
    ‖ρε - ρref‖ = 0.0003630193273706832 ‖Δρ‖ = 0.00036292507776657627  ‖vε - vref‖ = 1.2144368819682292  α = 0.000169
 19   -37.31326841052       -8.40       -2.22    3.77s
    ‖ρε - ρref‖ = 0.0013679145620131051 ‖Δρ‖ = 0.0013677813093012012  ‖vε - vref‖ = 1.2096140496595114  α = 4.43e-5
 20   -37.31326841388       -8.47       -2.72    4.56s
    ‖ρε - ρref‖ = 0.0003729203852997546 ‖Δρ‖ = 0.0003729414904048806  ‖vε - vref‖ = 1.2064692345048151  α = 0.000152
 21   -37.31326841776       -8.41       -2.47    4.52s
    ‖ρε - ρref‖ = 0.000656075090233526 ‖Δρ‖ = 0.0006559384594338509  ‖vε - vref‖ = 1.2029740896822931  α = 9.69e-5
 22   -37.31326842060       -8.55       -2.47    4.21s
    ‖ρε - ρref‖ = 0.0007535077415450273 ‖Δρ‖ = 0.0007533348298341182  ‖vε - vref‖ = 1.1999463525241043  α = 6.94e-5
 23   -37.31326842290       -8.64       -2.84    4.50s
    ‖ρε - ρref‖ = 0.0003343178755425 ‖Δρ‖ = 0.0003342451538723356  ‖vε - vref‖ = 1.198136360334612  α = 0.000143
 24   -37.31326842772       -8.32       -2.52    3.75s
    ‖ρε - ρref‖ = 0.0005237093088157969 ‖Δρ‖ = 0.00052342968323944  ‖vε - vref‖ = 1.1943472366125014  α = 0.000134
 25   -37.31326842802       -9.53       -2.06    3.70s
    ‖ρε - ρref‖ = 0.0034166651947147024 ‖Δρ‖ = 0.0034182567996132087  ‖vε - vref‖ = 1.194024909476473  α = 4.45e-6
 26   -37.31326842889       -9.06       -2.85    3.75s
    ‖ρε - ρref‖ = 0.0003786210157707476 ‖Δρ‖ = 0.00037847478273366365  ‖vε - vref‖ = 1.193825676554088  α = 7.08e-5
 27   -37.31326842970       -9.09       -1.92    3.82s
    ‖ρε - ρref‖ = 0.0033842553927039836 ‖Δρ‖ = 0.003383478344596758  ‖vε - vref‖ = 1.192863229897466  α = 7.71e-6
 28   -37.31326843246       -8.56       -2.99    3.83s
    ‖ρε - ρref‖ = 0.00019112198200201084 ‖Δρ‖ = 0.000191158031440174  ‖vε - vref‖ = 1.1914913633579725  α = 0.000274
 29   -37.31326843387       -8.85       -2.55    3.76s
    ‖ρε - ρref‖ = 0.000675110759990356 ‖Δρ‖ = 0.0006748677039128432  ‖vε - vref‖ = 1.1907605485636281  α = 5.44e-5
 30   -37.31326843690       -8.52       -2.56    3.94s
    ‖ρε - ρref‖ = 0.0005437281139530588 ‖Δρ‖ = 0.0005438071791258982  ‖vε - vref‖ = 1.1890606683710312  α = 0.000102
 31   -37.31326843829       -8.86       -2.67    4.16s
    ‖ρε - ρref‖ = 0.0005151446353383777 ‖Δρ‖ = 0.0005149167722665599  ‖vε - vref‖ = 1.1887623006478432  α = 7.03e-5
 32   -37.31326844036       -8.68       -2.52    4.06s
    ‖ρε - ρref‖ = 0.0006559868926043982 ‖Δρ‖ = 0.0006556417284610357  ‖vε - vref‖ = 1.1876897232667547  α = 6.46e-5
 33   -37.31326844261       -8.65       -2.83    3.97s
    ‖ρε - ρref‖ = 0.0002680776383823128 ‖Δρ‖ = 0.0002681505618785678  ‖vε - vref‖ = 1.1866221492052142  α = 0.000178
 34   -37.31326844364       -8.99       -2.59    3.66s
    ‖ρε - ρref‖ = 0.0005574804547400143 ‖Δρ‖ = 0.0005576187440652122  ‖vε - vref‖ = 1.1862806127388628  α = 5.86e-5
 35   -37.31326844499       -8.87       -2.83    3.73s
    ‖ρε - ρref‖ = 0.00028625504376661524 ‖Δρ‖ = 0.0002862469148499573  ‖vε - vref‖ = 1.1858819291129694  α = 0.000129
 36   -37.31326844637       -8.86       -2.82    4.19s
    ‖ρε - ρref‖ = 0.0003225554322834624 ‖Δρ‖ = 0.0003226806009792202  ‖vε - vref‖ = 1.1856511195901234  α = 0.000113
 37   -37.31326844660       -9.64       -2.35    3.85s
    ‖ρε - ρref‖ = 0.0016493175147223355 ‖Δρ‖ = 0.0016476800952001875  ‖vε - vref‖ = 1.1857214923195545  α = 8.19e-6
 38   -37.31326844832       -8.76       -2.40    3.79s
    ‖ρε - ρref‖ = 0.0007660268505989022 ‖Δρ‖ = 0.0007659047656716789  ‖vε - vref‖ = 1.185385588375734  α = 5.37e-5
 39   -37.31326844850       -9.75       -2.31    3.83s
    ‖ρε - ρref‖ = 0.0019598962752602634 ‖Δρ‖ = 0.001960579221760362  ‖vε - vref‖ = 1.1852809822727262  α = 5.54e-6
 40   -37.31326844977       -8.89       -2.81    3.79s
    ‖ρε - ρref‖ = 0.00030856954270448185 ‖Δρ‖ = 0.0003087488835682646  ‖vε - vref‖ = 1.18525104637446  α = 0.000113
 41   -37.31326845087       -8.96       -2.93    3.94s
    ‖ρε - ρref‖ = 0.00025194868212802507 ‖Δρ‖ = 0.0002515534814358237  ‖vε - vref‖ = 1.1849882357537527  α = 0.000125
 42   -37.31326845154       -9.17       -2.53    4.08s
    ‖ρε - ρref‖ = 0.0006800964848436131 ‖Δρ‖ = 0.0006801069949808544  ‖vε - vref‖ = 1.1849380908787843  α = 3.83e-5
 43   -37.31326845295       -8.85       -3.13    3.99s
    ‖ρε - ρref‖ = 0.0001361157547330123 ‖Δρ‖ = 0.00013587416179176176  ‖vε - vref‖ = 1.185291593912856  α = 0.000271
 44   -37.31326845444       -8.83       -2.31    3.77s
    ‖ρε - ρref‖ = 0.0008534211726537763 ‖Δρ‖ = 0.0008532365661821598  ‖vε - vref‖ = 1.1850837565095524  α = 4.36e-5
 45   -37.31326845534       -9.05       -3.01    4.12s
    ‖ρε - ρref‖ = 0.00020594074951745426 ‖Δρ‖ = 0.0002062262662774334  ‖vε - vref‖ = 1.185161706397173  α = 0.000142
 46   -37.31326845616       -9.09       -2.89    4.63s
    ‖ρε - ρref‖ = 0.00025308634337499014 ‖Δρ‖ = 0.00025318212919302636  ‖vε - vref‖ = 1.185246794685799  α = 0.000114
 47   -37.31326845732       -8.94       -2.67    4.37s
    ‖ρε - ρref‖ = 0.0003838212255239451 ‖Δρ‖ = 0.0003836302781629386  ‖vε - vref‖ = 1.185480305132802  α = 8.92e-5
 48   -37.31326845778       -9.33       -2.88    4.85s
    ‖ρε - ρref‖ = 0.000279485369277245 ‖Δρ‖ = 0.0002800366499157371  ‖vε - vref‖ = 1.185613462917045  α = 7.67e-5
 49   -37.31326845797       -9.73       -2.12    4.29s
    ‖ρε - ρref‖ = 0.002238121332848606 ‖Δρ‖ = 0.0022366666450740805  ‖vε - vref‖ = 1.1856026543999878  α = 5.5e-6
 50   -37.31326845839       -9.38       -2.94    4.30s
    ‖ρε - ρref‖ = 0.0002796846729226145 ‖Δρ‖ = 0.0002793340061646696  ‖vε - vref‖ = 1.185805200379279  α = 6.9e-5
 51   -37.31326845860       -9.68       -2.18    3.89s
    ‖ρε - ρref‖ = 0.0019303588956975741 ‖Δρ‖ = 0.0019309722216798344  ‖vε - vref‖ = 1.1857931077264596  α = 6.32e-6
 52   -37.31326845935       -9.13       -2.96    3.79s
    ‖ρε - ρref‖ = 0.00020564104070311309 ‖Δρ‖ = 0.0002058233393087996  ‖vε - vref‖ = 1.1859856082914273  α = 0.000133
 53   -37.31326845984       -9.31       -3.10    3.87s
    ‖ρε - ρref‖ = 0.00014910993102085074 ‖Δρ‖ = 0.00014866002545530855  ‖vε - vref‖ = 1.1862781095868704  α = 0.000146
 54   -37.31326846016       -9.50       -2.70    4.00s
    ‖ρε - ρref‖ = 0.0004162365351567958 ‖Δρ‖ = 0.00041629814577764164  ‖vε - vref‖ = 1.1863597462657411  α = 4.24e-5
 55   -37.31326846074       -9.23       -3.04    4.65s
    ‖ρε - ρref‖ = 0.0001663194550502468 ‖Δρ‖ = 0.00016633274690773818  ‖vε - vref‖ = 1.1867250102816902  α = 0.000145
 56   -37.31326846101       -9.57       -2.86    3.85s
    ‖ρε - ρref‖ = 0.0003353117285045213 ‖Δρ‖ = 0.0003352927827566666  ‖vε - vref‖ = 1.1869316817264854  α = 4.57e-5
 57   -37.31326846177       -9.12       -2.96    3.77s
    ‖ρε - ρref‖ = 0.00018320185899327443 ‖Δρ‖ = 0.00018308007494950376  ‖vε - vref‖ = 1.1873894914229572  α = 0.000145
 58   -37.31326846240       -9.21       -2.99    3.78s
    ‖ρε - ρref‖ = 0.00017320073834376263 ‖Δρ‖ = 0.00017311870852437545  ‖vε - vref‖ = 1.1877494130437238  α = 0.000147
 59   -37.31326846275       -9.44       -2.95    3.89s
    ‖ρε - ρref‖ = 0.0002362151973593054 ‖Δρ‖ = 0.00023606433604721265  ‖vε - vref‖ = 1.1880169555742663  α = 8.07e-5
 60   -37.31326846316       -9.39       -2.88    4.63s
    ‖ρε - ρref‖ = 0.0002656370215722675 ‖Δρ‖ = 0.00026647881229373375  ‖vε - vref‖ = 1.1883723575980827  α = 7.24e-5
 61   -37.31326846337       -9.68       -2.04    4.13s
    ‖ρε - ρref‖ = 0.002420346059814824 ‖Δρ‖ = 0.002419134181293093  ‖vε - vref‖ = 1.1884546671996228  α = 5.56e-6
 62   -37.31326846347       -9.98       -3.21    3.76s
    ‖ρε - ρref‖ = 0.00017330133869506004 ‖Δρ‖ = 0.00017278737458359703  ‖vε - vref‖ = 1.1886341329611523  α = 5.18e-5
 63   -37.31326846370       -9.64       -2.31    4.06s
    ‖ρε - ρref‖ = 0.00107332551912192 ‖Δρ‖ = 0.0010738761933763049  ‖vε - vref‖ = 1.1888029968867362  α = 1.33e-5
 64   -37.31326846424       -9.27       -2.87    3.68s
    ‖ρε - ρref‖ = 0.00020908149404162075 ‖Δρ‖ = 0.0002092648442925903  ‖vε - vref‖ = 1.1892582760193569  α = 0.000112
 65   -37.31326846454       -9.52       -3.21    4.12s
    ‖ρε - ρref‖ = 0.00011581927143148049 ‖Δρ‖ = 0.00011523720124137167  ‖vε - vref‖ = 1.189595088719847  α = 0.000149
 66   -37.31326846469       -9.84       -3.01    3.67s
    ‖ρε - ρref‖ = 0.00022623522322977153 ‖Δρ‖ = 0.00022630099442078874  ‖vε - vref‖ = 1.189738237409937  α = 5.06e-5
 67   -37.31326846496       -9.56       -3.00    3.70s
    ‖ρε - ρref‖ = 0.00017819443720886054 ‖Δρ‖ = 0.00017809816779119317  ‖vε - vref‖ = 1.1900618461068477  α = 9.48e-5
 68   -37.31326846511       -9.83       -3.19    3.68s
    ‖ρε - ρref‖ = 0.00014666756101951346 ‖Δρ‖ = 0.00014666807966901005  ‖vε - vref‖ = 1.1902686248698335  α = 7.94e-5
 69   -37.31326846537       -9.59       -2.94    3.62s
    ‖ρε - ρref‖ = 0.00021096226973265104 ‖Δρ‖ = 0.00021097992341567043  ‖vε - vref‖ = 1.1906090293556943  α = 7.18e-5
 70   -37.31326846571       -9.46       -3.24    3.63s
    ‖ρε - ρref‖ = 9.918107694785065e-5 ‖Δρ‖ = 9.89517243039747e-5  ‖vε - vref‖ = 1.1910684923254655  α = 0.000185
 71   -37.31326846593       -9.67       -3.19    3.88s
    ‖ρε - ρref‖ = 0.00011357082119393948 ‖Δρ‖ = 0.00011342415991154557  ‖vε - vref‖ = 1.1914015539681893  α = 0.000133
 72   -37.31326846605       -9.93       -2.89    4.04s
    ‖ρε - ρref‖ = 0.00030065954046039784 ‖Δρ‖ = 0.00030183263005602583  ‖vε - vref‖ = 1.191606716276525  α = 3.4e-5
 73   -37.31326846618       -9.87       -2.21    3.97s
    ‖ρε - ρref‖ = 0.0013610936815841694 ‖Δρ‖ = 0.001360258609532417  ‖vε - vref‖ = 1.1917909798435735  α = 8.23e-6
 74   -37.31326846626      -10.14       -3.16    4.48s
    ‖ρε - ρref‖ = 0.0001840499676200349 ‖Δρ‖ = 0.0001833880971088937  ‖vε - vref‖ = 1.1919505844871787  α = 4.03e-5
 75   -37.31326846644       -9.74       -2.35    3.69s
    ‖ρε - ρref‖ = 0.0008701503073415598 ‖Δρ‖ = 0.000870557766541962  ‖vε - vref‖ = 1.1922048605561206  α = 1.47e-5
 76   -37.31326846659       -9.81       -3.29    4.07s
    ‖ρε - ρref‖ = 0.00011029667299104764 ‖Δρ‖ = 0.00011023301048294913  ‖vε - vref‖ = 1.192470490051216  α = 0.000109
 77   -37.31326846679       -9.71       -3.21    4.51s
    ‖ρε - ρref‖ = 0.00012207432254402164 ‖Δρ‖ = 0.00012194278610029878  ‖vε - vref‖ = 1.1928138132528312  α = 0.000114
 78   -37.31326846690       -9.94       -3.42    3.91s
    ‖ρε - ρref‖ = 8.377476360049691e-5 ‖Δρ‖ = 8.420394813458638e-5  ‖vε - vref‖ = 1.1930381067408387  α = 0.000119
 79   -37.31326846704       -9.84       -2.98    4.24s
    ‖ρε - ρref‖ = 0.00020979374543616205 ‖Δρ‖ = 0.00020972983793538397  ‖vε - vref‖ = 1.1933068316450595  α = 5.78e-5
 80   -37.31326846728       -9.62       -3.12    3.97s
    ‖ρε - ρref‖ = 0.00012352007720199147 ‖Δρ‖ = 0.00012319700523702546  ‖vε - vref‖ = 1.1937774567081367  α = 0.000125
 81   -37.31326846734      -10.26       -3.10    4.02s
    ‖ρε - ρref‖ = 0.00022103643815675396 ‖Δρ‖ = 0.00022088723212468329  ‖vε - vref‖ = 1.1938775445233156  α = 3.15e-5
 82   -37.31326846756       -9.66       -3.58    4.52s
    ‖ρε - ρref‖ = 4.291032745990411e-5 ‖Δρ‖ = 4.271250604795924e-5  ‖vε - vref‖ = 1.1943666459458908  α = 0.000348
 83   -37.31326846770       -9.84       -3.30    4.04s
    ‖ρε - ρref‖ = 9.8890538402882e-5 ‖Δρ‖ = 9.885420575874603e-5  ‖vε - vref‖ = 1.1946743935291526  α = 0.000119
 84   -37.31326846772      -10.72       -3.13    4.38s
    ‖ρε - ρref‖ = 0.0002546787343352429 ‖Δρ‖ = 0.0002561263402475557  ‖vε - vref‖ = 1.194719017300863  α = 1.57e-5
 85   -37.31326846778      -10.19       -2.74    4.17s
    ‖ρε - ρref‖ = 0.00041758390579806634 ‖Δρ‖ = 0.00041725343657823507  ‖vε - vref‖ = 1.1948716739710534  α = 1.89e-5
 86   -37.31326846782      -10.45       -3.19    4.37s
    ‖ρε - ρref‖ = 0.0001896901202182812 ‖Δρ‖ = 0.0001889400240386228  ‖vε - vref‖ = 1.1949670771807173  α = 2.63e-5
 87   -37.31326846794       -9.92       -2.56    3.82s
    ‖ρε - ρref‖ = 0.0005449280911987535 ‖Δρ‖ = 0.000545288160673683  ‖vε - vref‖ = 1.1952333592109186  α = 1.97e-5
 88   -37.31326846807       -9.86       -3.33    4.08s
    ‖ρε - ρref‖ = 8.415441272642936e-5 ‖Δρ‖ = 8.395096435910129e-5  ‖vε - vref‖ = 1.1955701244332717  α = 0.000142
 89   -37.31326846813      -10.26       -3.46    3.71s
    ‖ρε - ρref‖ = 8.84270853045417e-5 ‖Δρ‖ = 8.834377719753896e-5  ‖vε - vref‖ = 1.1957114932548263  α = 8.22e-5
 90   -37.31326846825       -9.91       -3.50    4.24s
    ‖ρε - ρref‖ = 5.5060920307529116e-5 ‖Δρ‖ = 5.538293970264149e-5  ‖vε - vref‖ = 1.1960374969735357  α = 0.000199
 91   -37.31326846831      -10.25       -3.13    3.90s
    ‖ρε - ρref‖ = 0.00016813903789210572 ‖Δρ‖ = 0.00016782489514128015  ‖vε - vref‖ = 1.1961901972054425  α = 4.32e-5
 92   -37.31326846840      -10.02       -3.27    3.73s
    ‖ρε - ρref‖ = 9.95119691177535e-5 ‖Δρ‖ = 9.915983982985554e-5  ‖vε - vref‖ = 1.1964476822988508  α = 9.94e-5
 93   -37.31326846844      -10.40       -3.49    4.37s
    ‖ρε - ρref‖ = 8.7581092766792e-5 ‖Δρ‖ = 8.754318268824956e-5  ‖vε - vref‖ = 1.1965591936784263  α = 6.75e-5
 94   -37.31326846856       -9.95       -3.27    4.16s
    ‖ρε - ρref‖ = 9.6247086898305e-5 ‖Δρ‖ = 9.629721807224643e-5  ‖vε - vref‖ = 1.196883284358629  α = 0.000106
 95   -37.31326846864      -10.08       -3.62    4.24s
    ‖ρε - ρref‖ = 4.658983206825996e-5 ‖Δρ‖ = 4.627183723929348e-5  ‖vε - vref‖ = 1.1971238384173766  α = 0.00019
 96   -37.31326846865      -11.13       -3.06    3.84s
    ‖ρε - ρref‖ = 0.00033791762591955276 ‖Δρ‖ = 0.0003393593513408141  ‖vε - vref‖ = 1.197141866551822  α = 7.26e-6
 97   -37.31326846870      -10.32       -3.15    4.18s
    ‖ρε - ρref‖ = 0.00014403397011584102 ‖Δρ‖ = 0.00014396141777400423  ‖vε - vref‖ = 1.1972836565376073  α = 4.89e-5
 98   -37.31326846870      -11.05       -3.09    3.81s
    ‖ρε - ρref‖ = 0.0003144445543160194 ‖Δρ‖ = 0.00031353399127711726  ‖vε - vref‖ = 1.197307898801617  α = 7.9e-6
 99   -37.31326846874      -10.46       -3.19    3.81s
    ‖ρε - ρref‖ = 0.00015368100317658776 ‖Δρ‖ = 0.00015378882506328053  ‖vε - vref‖ = 1.1974095080602443  α = 3.75e-5
 100   -37.31326846881      -10.15       -3.61    4.01s
    ‖ρε - ρref‖ = 4.464477037865772e-5 ‖Δρ‖ = 4.44879095690543e-5  ‖vε - vref‖ = 1.1976282682785024  α = 0.000191
 101   -37.31326846887      -10.26       -3.61    3.83s
    ‖ρε - ρref‖ = 5.199287194378858e-5 ‖Δρ‖ = 5.203505556087485e-5  ‖vε - vref‖ = 1.197805780715841  α = 0.000142
 102   -37.31326846891      -10.35       -3.44    4.19s
    ‖ρε - ρref‖ = 7.89113180403102e-5 ‖Δρ‖ = 7.914796505018101e-5  ‖vε - vref‖ = 1.197951813404639  α = 8.29e-5
 103   -37.31326846894      -10.58       -3.61    4.63s
    ‖ρε - ρref‖ = 6.333060890491929e-5 ‖Δρ‖ = 6.296803694510183e-5  ‖vε - vref‖ = 1.198044349937234  α = 7.74e-5
 104   -37.31326846898      -10.35       -3.35    3.66s
    ‖ρε - ρref‖ = 9.447951983031448e-5 ‖Δρ‖ = 9.440980428140833e-5  ‖vε - vref‖ = 1.1981972539844203  α = 7.07e-5
 105   -37.31326846902      -10.42       -3.60    4.16s
    ‖ρε - ρref‖ = 5.149398718755853e-5 ‖Δρ‖ = 5.15206123663634e-5  ‖vε - vref‖ = 1.1983390124497424  α = 0.000118
 106   -37.31326846906      -10.36       -3.26    3.82s
    ‖ρε - ρref‖ = 0.00011386998272339257 ‖Δρ‖ = 0.00011386208169184399  ‖vε - vref‖ = 1.1984905441058828  α = 5.48e-5
 107   -37.31326846912      -10.25       -3.49    4.21s
    ‖ρε - ρref‖ = 6.038289034056637e-5 ‖Δρ‖ = 5.998595544234552e-5  ‖vε - vref‖ = 1.1986915205640545  α = 0.000124
 108   -37.31326846912      -11.42       -2.97    4.82s
    ‖ρε - ρref‖ = 0.0004008240537869956 ‖Δρ‖ = 0.00040221466959807845  ‖vε - vref‖ = 1.1987032096085135  α = 4.4e-6
 109   -37.31326846914      -10.64       -3.84    4.85s
    ‖ρε - ρref‖ = 3.37574629183669e-5 ‖Δρ‖ = 3.3965397490512406e-5  ‖vε - vref‖ = 1.1987980230410964  α = 0.000134
 110   -37.31326846916      -10.75       -2.73    4.44s
    ‖ρε - ρref‖ = 0.0004841871322878198 ‖Δρ‖ = 0.00048326716685332657  ‖vε - vref‖ = 1.1988634369455895  α = 7.59e-6
 111   -37.31326846920      -10.43       -3.40    4.44s
    ‖ρε - ρref‖ = 8.434782308542098e-5 ‖Δρ‖ = 8.430719407644691e-5  ‖vε - vref‖ = 1.1990091058548957  α = 7.34e-5
 112   -37.31326846925      -10.28       -3.48    4.79s
    ‖ρε - ρref‖ = 6.616691861101941e-5 ‖Δρ‖ = 6.639050403632534e-5  ‖vε - vref‖ = 1.1992100203568348  α = 0.000107
 113   -37.31326846929      -10.45       -3.79    4.20s
    ‖ρε - ρref‖ = 3.384221938903586e-5 ‖Δρ‖ = 3.3744021109838196e-5  ‖vε - vref‖ = 1.1993504727492486  α = 0.000175
 114   -37.31326846931      -10.72       -3.63    4.46s
    ‖ρε - ρref‖ = 5.677907792148869e-5 ‖Δρ‖ = 5.670627823814211e-5  ‖vε - vref‖ = 1.1994294302772393  α = 7.67e-5
 115   -37.31326846932      -10.77       -3.73    4.08s
    ‖ρε - ρref‖ = 4.559531664662273e-5 ‖Δρ‖ = 4.5165827457676466e-5  ‖vε - vref‖ = 1.1995060902496117  α = 8.77e-5
 116   -37.31326846935      -10.65       -3.44    4.66s
    ‖ρε - ρref‖ = 7.812964706655287e-5 ‖Δρ‖ = 7.822735880140658e-5  ‖vε - vref‖ = 1.1995998841054727  α = 6.0e-5
 117   -37.31326846937      -10.70       -3.65    4.15s
    ‖ρε - ρref‖ = 4.471124219696371e-5 ‖Δρ‖ = 4.5020820674102215e-5  ‖vε - vref‖ = 1.1996891453156353  α = 9.93e-5
 118   -37.31326846938      -10.91       -3.58    3.98s
    ‖ρε - ρref‖ = 6.576424273464074e-5 ‖Δρ‖ = 6.584431901040779e-5  ‖vε - vref‖ = 1.1997425014629584  α = 5.01e-5
 119   -37.31326846941      -10.54       -3.70    4.57s
    ‖ρε - ρref‖ = 4.1665726926035684e-5 ‖Δρ‖ = 4.047681102474005e-5  ‖vε - vref‖ = 1.1998836351208073  α = 0.000123
 120   -37.31326846943      -10.63       -2.50    4.65s
    ‖ρε - ρref‖ = 0.0007090788208986001 ‖Δρ‖ = 0.0007098635428047547  ‖vε - vref‖ = 1.1999830208865667  α = 6.53e-6
 121   -37.31326846944      -10.93       -3.63    4.34s
    ‖ρε - ρref‖ = 6.392106138625139e-5 ‖Δρ‖ = 6.45459448676366e-5  ‖vε - vref‖ = 1.2000435858516978  α = 4.66e-5
 122   -37.31326846947      -10.53       -2.75    4.82s
    ‖ρε - ρref‖ = 0.0003514574407290161 ‖Δρ‖ = 0.00035078267848252543  ‖vε - vref‖ = 1.2001685933798296  α = 1.45e-5
 123   -37.31326846949      -10.81       -3.74    4.58s
    ‖ρε - ρref‖ = 3.932232308544959e-5 ‖Δρ‖ = 3.936691156929959e-5  ‖vε - vref‖ = 1.2002401352233232  α = 0.0001
 124   -37.31326846953      -10.42       -3.54    4.34s
    ‖ρε - ρref‖ = 4.947193361614229e-5 ‖Δρ‖ = 4.976559307797192e-5  ‖vε - vref‖ = 1.2004162739922057  α = 0.000125
 125   -37.31326846955      -10.56       -3.79    4.51s
    ‖ρε - ρref‖ = 3.215026396516154e-5 ‖Δρ‖ = 3.193496421417655e-5  ‖vε - vref‖ = 1.2005495029499635  α = 0.000161
 126   -37.31326846958      -10.51       -3.68    3.83s
    ‖ρε - ρref‖ = 3.9025513737801906e-5 ‖Δρ‖ = 3.896780685171135e-5  ‖vε - vref‖ = 1.2007018219084393  α = 0.000144
 127   -37.31326846961      -10.66       -3.45    3.86s
    ‖ρε - ρref‖ = 8.055714770142793e-5 ‖Δρ‖ = 8.030252458197862e-5  ‖vε - vref‖ = 1.2008095759564743  α = 5.67e-5
 128   -37.31326846962      -10.82       -3.54    4.42s
    ‖ρε - ρref‖ = 7.201617185354879e-5 ‖Δρ‖ = 7.223335148636998e-5  ‖vε - vref‖ = 1.2008846292007271  α = 5.14e-5
 129   -37.31326846965      -10.50       -3.70    4.53s
    ‖ρε - ρref‖ = 3.5689623417055836e-5 ‖Δρ‖ = 3.578756217764738e-5  ‖vε - vref‖ = 1.2010463868969232  α = 0.000158
 130   -37.31326846967      -10.75       -3.42    3.89s
    ‖ρε - ρref‖ = 8.63613814510349e-5 ‖Δρ‖ = 8.637480700168242e-5  ‖vε - vref‖ = 1.2011315869258192  α = 4.5e-5
 131   -37.31326846967      -11.32       -3.38    3.93s
    ‖ρε - ρref‖ = 0.0001403496885392036 ‖Δρ‖ = 0.00013882720754928587  ‖vε - vref‖ = 1.2011561290889519  α = 1.39e-5
 132   -37.31326846970      -10.69       -3.03    3.74s
    ‖ρε - ρref‖ = 0.00018748386156882088 ‖Δρ‖ = 0.00018750730511995605  ‖vε - vref‖ = 1.2012578877470368  α = 2.4e-5
 133   -37.31326846970      -11.73       -3.65    3.69s
    ‖ρε - ρref‖ = 9.63846942868636e-5 ‖Δρ‖ = 9.739975617966745e-5  ‖vε - vref‖ = 1.2012673571384118  α = 1.14e-5
 134   -37.31326846972      -10.55       -3.51    4.23s
    ‖ρε - ρref‖ = 5.5279990793403014e-5 ‖Δρ‖ = 5.5261931616483805e-5  ‖vε - vref‖ = 1.2014031637553286  α = 9.58e-5
 135   -37.31326846974      -10.83       -3.81    4.64s
    ‖ρε - ρref‖ = 3.305184831687823e-5 ‖Δρ‖ = 3.29625817695579e-5  ‖vε - vref‖ = 1.2014769869452946  α = 0.000118
 136   -37.31326846975      -10.88       -3.62    3.97s
    ‖ρε - ρref‖ = 5.297665517738971e-5 ‖Δρ‖ = 5.2942515711799846e-5  ‖vε - vref‖ = 1.2015452620074998  α = 6.88e-5
 137   -37.31326846977      -10.82       -3.90    4.72s
    ‖ρε - ρref‖ = 2.638578400488406e-5 ‖Δρ‖ = 2.624812564547801e-5  ‖vε - vref‖ = 1.2016244826491633  α = 0.000143
 138   -37.31326846979      -10.59       -3.96    4.87s
    ‖ρε - ρref‖ = 1.9159530494121237e-5 ‖Δρ‖ = 1.9069137456810464e-5  ‖vε - vref‖ = 1.2017606803050265  α = 0.00027
 139   -37.31326846981      -10.93       -3.49    4.19s
    ‖ρε - ρref‖ = 7.177036880107219e-5 ‖Δρ‖ = 7.152503573188897e-5  ‖vε - vref‖ = 1.2018240618651403  α = 4.7e-5
 140   -37.31326846982      -10.95       -3.65    3.97s
    ‖ρε - ρref‖ = 5.1008917852058894e-5 ‖Δρ‖ = 5.1226345498635575e-5  ‖vε - vref‖ = 1.20188323189019  α = 6.39e-5
 141   -37.31326846983      -10.92       -3.77    4.58s
    ‖ρε - ρref‖ = 3.898891087257494e-5 ‖Δρ‖ = 3.903312038457967e-5  ‖vε - vref‖ = 1.2019493438176398  α = 8.53e-5
 142   -37.31326846984      -11.15       -3.80    3.63s
    ‖ρε - ρref‖ = 4.167928664121753e-5 ‖Δρ‖ = 4.2201730957786674e-5  ‖vε - vref‖ = 1.2019901822708308  α = 5.82e-5
 143   -37.31326846984      -11.32       -3.04    4.12s
    ‖ρε - ρref‖ = 0.000278795035718525 ‖Δρ‖ = 0.0002774903753160339  ‖vε - vref‖ = 1.2020182661810361  α = 7.21e-6
 144   -37.31326846986      -10.68       -3.41    4.02s
    ‖ρε - ρref‖ = 7.264750155615004e-5 ‖Δρ‖ = 7.221993405483507e-5  ‖vε - vref‖ = 1.2021366312353845  α = 6.25e-5
 145   -37.31326846986      -11.56       -3.11    4.18s
    ‖ρε - ρref‖ = 0.00027602258047469935 ‖Δρ‖ = 0.0002769925074764835  ‖vε - vref‖ = 1.20214976129333  α = 4.92e-6
 146   -37.31326846988      -10.90       -3.99    4.07s
    ‖ρε - ρref‖ = 1.9757401936208926e-5 ‖Δρ‖ = 1.9903880794398987e-5  ‖vε - vref‖ = 1.202219998024079  α = 0.000177
 147   -37.31326846990      -10.62       -3.90    4.38s
    ‖ρε - ρref‖ = 2.222842151899261e-5 ‖Δρ‖ = 2.212730764393324e-5  ‖vε - vref‖ = 1.2023538356744397  α = 0.000219
 148   -37.31326846991      -10.97       -3.54    4.33s
    ‖ρε - ρref‖ = 5.94350158729402e-5 ‖Δρ‖ = 5.934820235370844e-5  ‖vε - vref‖ = 1.2024148599164892  α = 5.58e-5
 149   -37.31326846993      -10.77       -3.83    4.11s
    ‖ρε - ρref‖ = 2.7443079892572695e-5 ‖Δρ‖ = 2.717192589450613e-5  ‖vε - vref‖ = 1.2025134165810252  α = 0.00015
 150   -37.31326846994      -10.83       -3.86    4.04s
    ‖ρε - ρref‖ = 2.5513368977781283e-5 ‖Δρ‖ = 2.568240466065148e-5  ‖vε - vref‖ = 1.2025958711868632  α = 0.00015
 151   -37.31326846995      -11.50       -3.84    4.15s
    ‖ρε - ρref‖ = 3.706891743727029e-5 ‖Δρ‖ = 3.679892466107181e-5  ‖vε - vref‖ = 1.202614210139659  α = 4.69e-5
 152   -37.31326846995      -11.11       -3.93    4.14s
    ‖ρε - ρref‖ = 2.4039482610292622e-5 ‖Δρ‖ = 2.4025240669214996e-5  ‖vε - vref‖ = 1.2026601608130836  α = 0.000115
 153   -37.31326846996      -10.97       -3.80    4.06s
    ‖ρε - ρref‖ = 3.419136570284861e-5 ‖Δρ‖ = 3.387999187909927e-5  ‖vε - vref‖ = 1.2027281195473145  α = 9.33e-5
 154   -37.31326846997      -11.57       -3.59    4.54s
    ‖ρε - ρref‖ = 8.307589770001285e-5 ‖Δρ‖ = 8.422114602291627e-5  ‖vε - vref‖ = 1.2027442588407564  α = 1.76e-5
 155   -37.31326846998      -10.98       -3.17    4.28s
    ‖ρε - ρref‖ = 0.00014835269791961127 ‖Δρ‖ = 0.00014765819547273923  ‖vε - vref‖ = 1.2028115933022983  α = 2.09e-5
 156   -37.31326846999      -11.11       -3.44    4.16s
    ‖ρε - ρref‖ = 8.826721523031366e-5 ‖Δρ‖ = 8.757155168598516e-5  ‖vε - vref‖ = 1.2028629734665597  α = 2.95e-5
 157   -37.31326846999      -11.19       -2.96    4.75s
    ‖ρε - ρref‖ = 0.00027028255756886564 ‖Δρ‖ = 0.00027106596984802944  ‖vε - vref‖ = 1.2028976336522246  α = 7.97e-6
 158   -37.31326847000      -10.92       -3.94    4.64s
    ‖ρε - ρref‖ = 2.0699295609994077e-5 ‖Δρ‖ = 2.094706468793036e-5  ‖vε - vref‖ = 1.20297008926973  α = 0.000165
 159   -37.31326847001      -11.04       -4.03    4.06s
    ‖ρε - ρref‖ = 1.9054638518700794e-5 ‖Δρ‖ = 1.8749634801256922e-5  ‖vε - vref‖ = 1.2030280024181912  α = 0.00016
 160   -37.31326847002      -11.13       -3.96    4.11s
    ‖ρε - ρref‖ = 2.332881288797453e-5 ‖Δρ‖ = 2.3239049990360398e-5  ‖vε - vref‖ = 1.2030752156847346  α = 0.000119
 161   -37.31326847003      -10.99       -3.68    4.17s
    ‖ρε - ρref‖ = 3.901986246017467e-5 ‖Δρ‖ = 3.900360860702446e-5  ‖vε - vref‖ = 1.2031390891813305  α = 8.18e-5
 162   -37.31326847004      -11.04       -4.14    4.54s
    ‖ρε - ρref‖ = 1.3805608232930922e-5 ‖Δρ‖ = 1.3800308303907472e-5  ‖vε - vref‖ = 1.203198179176123  α = 0.00022
 163   -37.31326847004      -11.35       -3.88    3.97s
    ‖ρε - ρref‖ = 2.990012088304174e-5 ‖Δρ‖ = 2.949369596850191e-5  ‖vε - vref‖ = 1.2032273946884882  α = 7.18e-5
 164   -37.31326847005      -11.30       -3.79    4.50s
    ‖ρε - ρref‖ = 3.7619999200811305e-5 ‖Δρ‖ = 3.754080206854395e-5  ‖vε - vref‖ = 1.2032602560497216  α = 5.46e-5
 165   -37.31326847005      -11.28       -4.03    4.65s
    ‖ρε - ρref‖ = 2.0009247635228235e-5 ‖Δρ‖ = 1.9405347704978977e-5  ‖vε - vref‖ = 1.203296475626035  α = 0.000114
 166   -37.31326847006      -11.95       -3.37    4.19s
    ‖ρε - ρref‖ = 0.0001401056834060861 ‖Δρ‖ = 0.00014131225859151107  ‖vε - vref‖ = 1.2033038692390905  α = 6.87e-6
 167   -37.31326847006      -11.27       -3.57    3.95s
    ‖ρε - ρref‖ = 5.486881645272008e-5 ‖Δρ‖ = 5.462328223599072e-5  ‖vε - vref‖ = 1.2033420835905897  α = 4.2e-5
 168   -37.31326847006      -11.93       -3.63    3.87s
    ‖ρε - ρref‖ = 7.935568790649891e-5 ‖Δρ‖ = 7.845055353620579e-5  ‖vε - vref‖ = 1.203351685125036  α = 1.23e-5
 169   -37.31326847007      -11.49       -3.48    3.97s
    ‖ρε - ρref‖ = 7.918571870375833e-5 ‖Δρ‖ = 7.978262110817402e-5  ‖vε - vref‖ = 1.203373467262084  α = 2.03e-5
 170   -37.31326847007      -11.23       -3.99    4.24s
    ‖ρε - ρref‖ = 2.1206850060791367e-5 ‖Δρ‖ = 2.1237987636612894e-5  ‖vε - vref‖ = 1.2034149049179022  α = 0.000112
 171   -37.31326847008      -11.03       -4.10    4.29s
    ‖ρε - ρref‖ = 1.312069459638603e-5 ‖Δρ‖ = 1.2689916427033763e-5  ‖vε - vref‖ = 1.2034830278785358  α = 0.000243
 172   -37.31326847009      -11.32       -4.12    4.13s
    ‖ρε - ρref‖ = 1.5472495365760676e-5 ‖Δρ‖ = 1.562260751934121e-5  ‖vε - vref‖ = 1.203516133142548  α = 0.000139
 173   -37.31326847009      -11.47       -3.87    4.28s
    ‖ρε - ρref‖ = 2.7614667559476485e-5 ‖Δρ‖ = 2.767249509493738e-5  ‖vε - vref‖ = 1.2035399752031788  α = 6.8e-5
 174   -37.31326847010      -11.02       -4.11    3.85s
    ‖ρε - ρref‖ = 1.3896290233818494e-5 ‖Δρ‖ = 1.3725086611515074e-5  ‖vε - vref‖ = 1.2036093377798858  α = 0.00022
 175   -37.31326847010      -11.33       -4.07    4.61s
    ‖ρε - ρref‖ = 1.79900494621652e-5 ‖Δρ‖ = 1.758521106572713e-5  ‖vε - vref‖ = 1.2036424332644622  α = 0.000123
 176   -37.31326847011      -11.49       -3.77    4.33s
    ‖ρε - ρref‖ = 3.9155659707170646e-5 ‖Δρ‖ = 3.923141243581392e-5  ‖vε - vref‖ = 1.2036660202542413  α = 4.23e-5
 177   -37.31326847011      -11.45       -4.00    4.26s
    ‖ρε - ρref‖ = 2.0293033566587288e-5 ‖Δρ‖ = 1.949181190644503e-5  ‖vε - vref‖ = 1.203691933466462  α = 9.03e-5
 178   -37.31326847011      -12.10       -3.28    4.81s
    ‖ρε - ρref‖ = 0.0001610241833263638 ‖Δρ‖ = 0.00016213719246076482  ‖vε - vref‖ = 1.2036971170824964  α = 5.06e-6
 179   -37.31326847011      -11.53       -4.01    4.53s
    ‖ρε - ρref‖ = 2.2390035679131e-5 ‖Δρ‖ = 2.2375119262437516e-5  ‖vε - vref‖ = 1.203719190170908  α = 7.59e-5
 180   -37.31326847011      -11.98       -3.53    3.62s
    ‖ρε - ρref‖ = 9.335704054044307e-5 ‖Δρ‖ = 9.23444924612995e-5  ‖vε - vref‖ = 1.2037278442641686  α = 9.4e-6
 181   -37.31326847012      -11.35       -3.53    4.30s
    ‖ρε - ρref‖ = 5.421199022965172e-5 ‖Δρ‖ = 5.4635132664418026e-5  ‖vε - vref‖ = 1.2037600891759255  α = 3.69e-5
 182   -37.31326847012      -11.62       -3.89    4.46s
    ‖ρε - ρref‖ = 3.031629753347375e-5 ‖Δρ‖ = 3.0245918751364734e-5  ‖vε - vref‖ = 1.203777689771376  α = 5.03e-5
 183   -37.31326847013      -11.29       -4.47    3.90s
    ‖ρε - ρref‖ = 6.813708224210761e-6 ‖Δρ‖ = 6.1946289124447065e-6  ‖vε - vref‖ = 1.2038168352664773  α = 0.000365
 184   -37.31326847013      -11.20       -4.06    4.39s
    ‖ρε - ρref‖ = 1.4081955760198433e-5 ‖Δρ‖ = 1.4193131887752516e-5  ‖vε - vref‖ = 1.2038623789308367  α = 0.000178
 185   -37.31326847014      -11.56       -4.00    4.12s
    ‖ρε - ρref‖ = 2.2072601348368434e-5 ‖Δρ‖ = 2.2000243012092206e-5  ‖vε - vref‖ = 1.2038819980110107  α = 7.51e-5
 186   -37.31326847014      -11.33       -3.96    4.70s
    ‖ρε - ρref‖ = 1.934925130142101e-5 ‖Δρ‖ = 1.9164160041934652e-5  ‖vε - vref‖ = 1.203917380628825  α = 0.000114
 187   -37.31326847014      -11.48       -4.18    4.16s
    ‖ρε - ρref‖ = 1.3689872305171001e-5 ‖Δρ‖ = 1.3162123459898861e-5  ‖vε - vref‖ = 1.203941875137985  α = 0.000139
 188   -37.31326847015      -11.92       -4.06    3.99s
    ‖ρε - ρref‖ = 2.0471249841104434e-5 ‖Δρ‖ = 2.0648442472515424e-5  ‖vε - vref‖ = 1.2039508511252894  α = 5.08e-5
 189   -37.31326847015      -11.52       -4.07    4.37s
    ‖ρε - ρref‖ = 1.712738983782575e-5 ‖Δρ‖ = 1.635776333427851e-5  ‖vε - vref‖ = 1.2039731126087554  α = 9.85e-5
 190   -37.31326847015      -11.86       -3.09    3.96s
    ‖ρε - ρref‖ = 0.00020582125060519108 ‖Δρ‖ = 0.00020690549210719607  ‖vε - vref‖ = 1.2039826190067378  α = 5.45e-6
 191   -37.31326847015      -11.72       -4.06    3.87s
    ‖ρε - ρref‖ = 1.9794847695465882e-5 ‖Δρ‖ = 1.998919817007356e-5  ‖vε - vref‖ = 1.2039963619083076  α = 6.64e-5
 192   -37.31326847015      -12.22       -3.50    4.32s
    ‖ρε - ρref‖ = 0.00010084034131890665 ‖Δρ‖ = 9.978112155348592e-5  ‖vε - vref‖ = 1.2040010551696707  α = 6.5e-6
 193   -37.31326847015      -11.87       -3.95    3.66s
    ‖ρε - ρref‖ = 2.7279627722642252e-5 ‖Δρ‖ = 2.7384131378983722e-5  ‖vε - vref‖ = 1.2040107509643234  α = 4.05e-5
 194   -37.31326847015      -11.80       -4.28    3.69s
    ‖ρε - ρref‖ = 1.3378877730969086e-5 ‖Δρ‖ = 1.2981838457005518e-5  ‖vε - vref‖ = 1.204022841988089  α = 9.17e-5
 195   -37.31326847016      -11.42       -4.17    4.12s
    ‖ρε - ρref‖ = 1.2598083235354412e-5 ‖Δρ‖ = 1.2292771727596356e-5  ‖vε - vref‖ = 1.2040505254841223  α = 0.000157
 196   -37.31326847016      -11.65       -4.36    4.62s
    ‖ρε - ρref‖ = 8.949382398280633e-6 ‖Δρ‖ = 9.084867104540115e-6  ‖vε - vref‖ = 1.2040659975204446  α = 0.000164
 197   -37.31326847016      -11.46       -4.28    3.75s
    ‖ρε - ρref‖ = 1.006025445371991e-5 ‖Δρ‖ = 9.734555168854499e-6  ‖vε - vref‖ = 1.204090694748587  α = 0.000193
 198   -37.31326847017      -11.75       -3.93    3.80s
    ‖ρε - ρref‖ = 2.5320889665022257e-5 ‖Δρ‖ = 2.5176980873311922e-5  ‖vε - vref‖ = 1.204103413335666  α = 5.31e-5
 199   -37.31326847017      -11.53       -4.31    3.86s
    ‖ρε - ρref‖ = 9.28854350340237e-6 ‖Δρ‖ = 8.953402721919495e-6  ‖vε - vref‖ = 1.2041244928072206  α = 0.000195
 200   -37.31326847017      -11.75       -4.25    4.02s
    ‖ρε - ρref‖ = 1.214231778839902e-5 ‖Δρ‖ = 1.2380683915105177e-5  ‖vε - vref‖ = 1.2041365679539104  α = 0.000104
 201   -37.31326847017      -11.71       -3.82    4.42s
    ‖ρε - ρref‖ = 3.325505183039784e-5 ‖Δρ‖ = 3.225991633936153e-5  ‖vε - vref‖ = 1.204151081997565  α = 3.9e-5
 202   -37.31326847017      -11.82       -3.13    4.03s
    ‖ρε - ρref‖ = 0.0001811234151554506 ‖Δρ‖ = 0.0001819485354776831  ‖vε - vref‖ = 1.2041611043779321  α = 6.49e-6
 203   -37.31326847018      -11.86       -4.20    4.29s
    ‖ρε - ρref‖ = 1.4132181236434634e-5 ‖Δρ‖ = 1.4231668037186322e-5  ‖vε - vref‖ = 1.2041709686834303  α = 7.85e-5
 204   -37.31326847018      -12.15       -3.41    3.68s
    ‖ρε - ρref‖ = 0.00010708910307271757 ‖Δρ‖ = 0.00010590028444040238  ‖vε - vref‖ = 1.204176083880287  α = 6.51e-6
 205   -37.31326847018      -12.10       -4.09    4.54s
    ‖ρε - ρref‖ = 1.973014917368208e-5 ‖Δρ‖ = 1.9656540813208343e-5  ‖vε - vref‖ = 1.2041815725409333  α = 4.36e-5
 206   -37.31326847018      -12.06       -4.29    3.90s
    ‖ρε - ρref‖ = 1.1980410125147026e-5 ‖Δρ‖ = 1.1668383705005378e-5  ‖vε - vref‖ = 1.2041877335525972  α = 7.99e-5
 207   -37.31326847018      -11.86       -4.41    3.63s
    ‖ρε - ρref‖ = 9.376170398680392e-6 ‖Δρ‖ = 9.257795523030527e-6  ‖vε - vref‖ = 1.2041968417368802  α = 0.000124
 208   -37.31326847018      -11.48       -4.33    3.64s
    ‖ρε - ρref‖ = 8.150152888689386e-6 ‖Δρ‖ = 8.010108068171668e-6  ‖vε - vref‖ = 1.204218634426025  α = 0.000226
 209   -37.31326847019      -11.58       -4.27    4.09s
    ‖ρε - ρref‖ = 1.0665750634582495e-5 ‖Δρ‖ = 1.0109916430303212e-5  ‖vε - vref‖ = 1.2042359914829825  α = 0.000159
 210   -37.31326847019      -11.78       -4.18    3.87s
    ‖ρε - ρref‖ = 1.4302895352745229e-5 ‖Δρ‖ = 1.4214274419039633e-5  ‖vε - vref‖ = 1.2042460955807393  α = 9.01e-5
 211   -37.31326847019      -11.73       -4.06    4.46s
    ‖ρε - ρref‖ = 1.7216166749522016e-5 ‖Δρ‖ = 1.72481765167152e-5  ‖vε - vref‖ = 1.2042574831283548  α = 7.84e-5
 212   -37.31326847019      -11.82       -4.60    4.61s
    ‖ρε - ρref‖ = 5.830529133542111e-6 ‖Δρ‖ = 5.73775513649086e-6  ‖vε - vref‖ = 1.2042667571197785  α = 0.000211
 213   -37.31326847019      -12.27       -3.88    3.85s
    ‖ρε - ρref‖ = 4.267269962228056e-5 ‖Δρ‖ = 4.1306425613944134e-5  ‖vε - vref‖ = 1.2042701027619045  α = 1.49e-5
 214   -37.31326847019      -12.10       -3.50    4.57s
    ‖ρε - ρref‖ = 8.001455445753668e-5 ‖Δρ‖ = 8.036377563241792e-5  ‖vε - vref‖ = 1.2042751716362596  α = 1.09e-5
 215   -37.31326847019      -11.82       -4.30    4.68s
    ‖ρε - ρref‖ = 1.0850489068084963e-5 ‖Δρ‖ = 1.0982526224532098e-5  ‖vε - vref‖ = 1.2042841938112305  α = 0.000105
 216   -37.31326847019      -12.30       -3.48    3.78s
    ‖ρε - ρref‖ = 0.00010695443999655669 ‖Δρ‖ = 0.00010586936802537378  ‖vε - vref‖ = 1.2042874946197153  α = 5.95e-6
 217   -37.31326847020      -11.78       -4.24    4.34s
    ‖ρε - ρref‖ = 1.185344622490936e-5 ‖Δρ‖ = 1.1647662694760108e-5  ‖vε - vref‖ = 1.2042977832822468  α = 0.000107
 218   -37.31326847020      -11.67       -3.91    4.06s
    ‖ρε - ρref‖ = 2.4215578234575077e-5 ‖Δρ‖ = 2.3887090497556247e-5  ‖vε - vref‖ = 1.204309464384155  α = 5.85e-5
 219   -37.31326847020      -11.77       -4.15    4.12s
    ‖ρε - ρref‖ = 1.4074304837980013e-5 ‖Δρ‖ = 1.406876108493171e-5  ‖vε - vref‖ = 1.2043183983531611  α = 9.26e-5
 220   -37.31326847020      -11.87       -4.20    4.41s
    ‖ρε - ρref‖ = 1.2904995554748812e-5 ‖Δρ‖ = 1.2961757737701969e-5  ‖vε - vref‖ = 1.204324916318442  α = 8.9e-5
 221   -37.31326847020      -11.82       -4.48    4.81s
    ‖ρε - ρref‖ = 6.377988118725789e-6 ‖Δρ‖ = 5.943295585501498e-6  ‖vε - vref‖ = 1.2043323973430469  α = 0.000212
 222   -37.31326847020      -12.08       -4.53    4.71s
    ‖ρε - ρref‖ = 6.7043257881597736e-6 ‖Δρ‖ = 6.622225644885888e-6  ‖vε - vref‖ = 1.2043361256139613  α = 0.000139
 223   -37.31326847020      -11.94       -4.20    4.95s
    ‖ρε - ρref‖ = 1.2936052332598336e-5 ‖Δρ‖ = 1.285381280970587e-5  ‖vε - vref‖ = 1.2043409594750856  α = 8.23e-5
 224   -37.31326847021      -11.86       -4.34    4.70s
    ‖ρε - ρref‖ = 9.038513338927343e-6 ‖Δρ‖ = 8.72861839624203e-6  ‖vε - vref‖ = 1.2043476114486118  α = 0.000137
 225   -37.31326847021      -12.85       -4.09    4.28s
    ‖ρε - ρref‖ = 3.341759846768348e-5 ‖Δρ‖ = 3.190150817335632e-5  ‖vε - vref‖ = 1.2043485142259318  α = 1.07e-5
 226   -37.31326847021      -12.14       -3.89    4.56s
    ‖ρε - ρref‖ = 2.9732982379006948e-5 ‖Δρ‖ = 2.962048870076153e-5  ‖vε - vref‖ = 1.204351994892021  α = 2.91e-5
 227   -37.31326847021      -11.81       -4.02    4.01s
    ‖ρε - ρref‖ = 1.7772786970822288e-5 ‖Δρ‖ = 1.796889353415051e-5  ‖vε - vref‖ = 1.204358470061686  α = 6.6e-5
 228   -37.31326847021      -12.69       -3.65    4.63s
    ‖ρε - ρref‖ = 7.827701518423454e-5 ‖Δρ‖ = 7.719956270116078e-5  ‖vε - vref‖ = 1.204359635195617  α = 5.29e-6
 229   -37.31326847021      -12.00       -4.41    4.63s
    ‖ρε - ρref‖ = 8.49450844330266e-6 ‖Δρ‖ = 8.566280656152355e-6  ‖vε - vref‖ = 1.204363208011743  α = 0.000108
 230   -37.31326847021      -12.27       -4.35    4.48s
    ‖ρε - ρref‖ = 1.2478537481109908e-5 ‖Δρ‖ = 1.2199896114785433e-5  ‖vε - vref‖ = 1.2043651151567225  α = 5.76e-5
 231   -37.31326847021      -11.76       -4.32    4.49s
    ‖ρε - ρref‖ = 9.29662577093997e-6 ‖Δρ‖ = 8.933725614474716e-6  ‖vε - vref‖ = 1.2043712146390197  α = 0.000148
 232   -37.31326847021      -12.14       -4.32    4.26s
    ‖ρε - ρref‖ = 1.2022804408347108e-5 ‖Δρ‖ = 1.1670067880256419e-5  ‖vε - vref‖ = 1.2043735387012133  α = 7.05e-5
 233   -37.31326847021      -11.72       -4.56    4.27s
    ‖ρε - ρref‖ = 5.469254500425112e-6 ‖Δρ‖ = 4.9058125267389605e-6  ‖vε - vref‖ = 1.2043783906054215  α = 0.000283
 234   -37.31326847022      -11.83       -4.34    3.97s
    ‖ρε - ρref‖ = 7.930619613245567e-6 ‖Δρ‖ = 8.112699134455227e-6  ‖vε - vref‖ = 1.2043810225046983  α = 0.000151
 235   -37.31326847022      -12.18       -4.27    4.68s
    ‖ρε - ρref‖ = 1.2577002056189618e-5 ‖Δρ‖ = 1.2403724185056262e-5  ‖vε - vref‖ = 1.2043821913646795  α = 6.43e-5
 236   -37.31326847022      -11.98       -4.41    4.69s
    ‖ρε - ρref‖ = 8.137578655878788e-6 ‖Δρ‖ = 7.841829125465362e-6  ‖vε - vref‖ = 1.2043845047007793  α = 0.000133
 237   -37.31326847022      -12.77       -4.03    4.42s
    ‖ρε - ρref‖ = 3.769752913781113e-5 ‖Δρ‖ = 3.626526764432996e-5  ‖vε - vref‖ = 1.2043849670633215  α = 9.07e-6
 238   -37.31326847022      -11.93       -3.97    4.37s
    ‖ρε - ρref‖ = 2.0764623983749375e-5 ‖Δρ‖ = 2.0631811417517605e-5  ‖vε - vref‖ = 1.204386776915691  α = 5.35e-5
 239   -37.31326847022      -12.13       -3.99    4.33s
    ‖ρε - ρref‖ = 2.3502049290108134e-5 ‖Δρ‖ = 2.4046711098282403e-5  ‖vε - vref‖ = 1.2043874730772282  α = 3.17e-5
 240   -37.31326847022      -12.77       -3.80    3.80s
    ‖ρε - ρref‖ = 5.846465301946457e-5 ‖Δρ‖ = 5.750071007037306e-5  ‖vε - vref‖ = 1.204387749808645  α = 6.0e-6
 241   -37.31326847022      -11.93       -4.43    4.23s
    ‖ρε - ρref‖ = 7.469858297254924e-6 ‖Δρ‖ = 7.187399438928334e-6  ‖vε - vref‖ = 1.2043889104725902  α = 0.000145
 242   -37.31326847022      -12.41       -4.44    4.18s
    ‖ρε - ρref‖ = 1.009344516799792e-5 ‖Δρ‖ = 9.566095761355198e-6  ‖vε - vref‖ = 1.2043890847645968  α = 6.13e-5
 243   -37.31326847022      -12.17       -4.32    4.11s
    ‖ρε - ρref‖ = 1.0580731098036098e-5 ‖Δρ‖ = 1.0215593332165405e-5  ‖vε - vref‖ = 1.204389207487635  α = 8.15e-5
 244   -37.31326847022      -12.23       -4.53    4.03s
    ‖ρε - ρref‖ = 6.715693592511737e-6 ‖Δρ‖ = 6.427678722677189e-6  ‖vε - vref‖ = 1.2043887680328307  α = 0.000117
 245   -37.31326847022      -12.25       -4.55    3.90s
    ‖ρε - ρref‖ = 6.841794938440332e-6 ‖Δρ‖ = 6.710144732820595e-6  ‖vε - vref‖ = 1.2043878565440165  α = 0.00011
 246   -37.31326847022      -11.76       -4.58    4.33s
    ‖ρε - ρref‖ = 4.5010283545146554e-6 ‖Δρ‖ = 4.197693184811534e-6  ‖vε - vref‖ = 1.2043845240904878  α = 0.000315
 247   -37.31326847023      -12.10       -4.34    4.08s
    ‖ρε - ρref‖ = 1.0175244632454366e-5 ‖Δρ‖ = 9.661367876073287e-6  ‖vε - vref‖ = 1.2043830912442803  α = 9.06e-5
 248   -37.31326847023      -12.50       -4.28    4.21s
    ‖ρε - ρref‖ = 1.156618162090146e-5 ‖Δρ‖ = 1.1455055647818948e-5  ‖vε - vref‖ = 1.2043823288410502  α = 5.38e-5
 249   -37.31326847023      -13.19       -4.17    4.19s
    ‖ρε - ρref‖ = 2.8216181155876252e-5 ‖Δρ‖ = 2.6816113772787133e-5  ‖vε - vref‖ = 1.2043822840087934  α = 7.23e-6
 250   -37.31326847023      -12.22       -4.30    4.22s
    ‖ρε - ρref‖ = 8.970679535137032e-6 ‖Δρ‖ = 8.613858902134108e-6  ‖vε - vref‖ = 1.2043805742825175  α = 9.13e-5
 251   -37.31326847023      -12.85       -4.31    4.73s
    ‖ρε - ρref‖ = 1.3571523483025265e-5 ‖Δρ‖ = 1.4280261578251796e-5  ‖vε - vref‖ = 1.2043800369071707  α = 2.39e-5
 252   -37.31326847023      -12.92       -3.95    4.26s
    ‖ρε - ρref‖ = 3.537400150247883e-5 ‖Δρ‖ = 3.463039433350856e-5  ‖vε - vref‖ = 1.2043796578867025  α = 8.6e-6
 253   -37.31326847023      -12.27       -4.45    3.74s
    ‖ρε - ρref‖ = 6.821241476979884e-6 ‖Δρ‖ = 6.32721876267054e-6  ‖vε - vref‖ = 1.2043773101648225  α = 0.000119
 254   -37.31326847023      -12.35       -4.68    3.67s
    ‖ρε - ρref‖ = 5.349415939327389e-6 ‖Δρ‖ = 4.75049997237604e-6  ‖vε - vref‖ = 1.2043751147340487  α = 0.000121
 255   -37.31326847023      -12.36       -4.27    4.16s
    ‖ρε - ρref‖ = 1.1932694558318647e-5 ‖Δρ‖ = 1.1862455336144065e-5  ‖vε - vref‖ = 1.2043724284461477  α = 5.35e-5
 256   -37.31326847023      -12.39       -4.61    4.64s
    ‖ρε - ρref‖ = 5.373379522029767e-6 ‖Δρ‖ = 4.916135065362899e-6  ‖vε - vref‖ = 1.2043692898606637  α = 0.000133
 257   -37.31326847023      -12.17       -4.61    4.69s
    ‖ρε - ρref‖ = 5.208195994296974e-6 ‖Δρ‖ = 4.874162792434756e-6  ‖vε - vref‖ = 1.2043635517949607  α = 0.000172
 258   -37.31326847023      -12.08       -4.31    4.33s
    ‖ρε - ρref‖ = 9.194444179431973e-6 ‖Δρ‖ = 9.11101974915907e-6  ‖vε - vref‖ = 1.20435678124175  α = 9.78e-5
 259   -37.31326847023      -12.44       -4.73    4.59s
    ‖ρε - ρref‖ = 4.590660833224712e-6 ‖Δρ‖ = 3.5993736795443607e-6  ‖vε - vref‖ = 1.2043535393364075  α = 0.000171
 260   -37.31326847023      -12.70       -4.50    4.79s
    ‖ρε - ρref‖ = 7.466314526809986e-6 ‖Δρ‖ = 7.742168925647335e-6  ‖vε - vref‖ = 1.2043516649039683  α = 5.31e-5
 261   -37.31326847023      -13.19       -3.89    3.98s
    ‖ρε - ρref‖ = 4.465196664908829e-5 ‖Δρ‖ = 4.352656819069529e-5  ‖vε - vref‖ = 1.2043509484109762  α = 5.75e-6
 262   -37.31326847023      -12.42       -4.48    4.02s
    ‖ρε - ρref‖ = 6.43231339547624e-6 ‖Δρ‖ = 6.174346119256083e-6  ‖vε - vref‖ = 1.2043465758194847  α = 0.000102
 263   -37.31326847023      -13.25       -4.45    3.82s
    ‖ρε - ρref‖ = 1.2117844496846328e-5 ‖Δρ‖ = 1.3117730645218937e-5  ‖vε - vref‖ = 1.2043459502121423  α = 1.45e-5
 264   -37.31326847023      -12.81       -4.15    4.18s
    ‖ρε - ρref‖ = 1.777540425030643e-5 ‖Δρ‖ = 1.7349818616401546e-5  ‖vε - vref‖ = 1.204344080338816  α = 2.22e-5
 265   -37.31326847023      -12.45       -4.42    4.69s
    ‖ρε - ρref‖ = 8.640018842778563e-6 ‖Δρ‖ = 7.983514367052909e-6  ‖vε - vref‖ = 1.2043397218614795  α = 7.26e-5
 266   -37.31326847023      -12.38       -4.82    4.45s
    ‖ρε - ρref‖ = 3.915208828620617e-6 ‖Δρ‖ = 3.0704499999823978e-6  ‖vε - vref‖ = 1.2043341191498689  α = 0.000194
 267   -37.31326847023      -12.45       -4.25    3.99s
    ‖ρε - ρref‖ = 1.15818053269322e-5 ‖Δρ‖ = 1.1534438691858536e-5  ‖vε - vref‖ = 1.2043287164824463  α = 5.06e-5
 268   -37.31326847023      -12.28       -4.46    4.39s
    ‖ρε - ρref‖ = 6.321085456547368e-6 ‖Δρ‖ = 6.080931504793994e-6  ‖vε - vref‖ = 1.2043204458335368  α = 0.000119
 269   -37.31326847023      -12.64       -4.66    3.64s
    ‖ρε - ρref‖ = 4.989662073773301e-6 ‖Δρ‖ = 4.5585689402187796e-6  ‖vε - vref‖ = 1.2043163182382228  α = 0.00011
 270   -37.31326847023      -12.45       -4.72    4.74s
    ‖ρε - ρref‖ = 4.672263824097237e-6 ‖Δρ‖ = 4.156736162005446e-6  ‖vε - vref‖ = 1.2043108413878088  α = 0.000133
 271   -37.31326847023      -12.17       -4.60    4.43s
    ‖ρε - ρref‖ = 4.8019633903236575e-6 ‖Δρ‖ = 4.130928250290457e-6  ‖vε - vref‖ = 1.2042984257392704  α = 0.000203
 272   -37.31326847023      -12.97       -4.51    4.16s
    ‖ρε - ρref‖ = 9.45878019582665e-6 ‖Δρ‖ = 1.0561495156207336e-5  ‖vε - vref‖ = 1.2042970275265439  α = 2.25e-5
 273   -37.31326847023      -12.70       -3.94    4.43s
    ‖ρε - ρref‖ = 2.8369766094878147e-5 ‖Δρ‖ = 2.7968714161357134e-5  ‖vε - vref‖ = 1.2042929780648457  α = 1.64e-5
 274   -37.31326847023      -12.29       -4.45    4.56s
    ‖ρε - ρref‖ = 7.4339153753832516e-6 ‖Δρ‖ = 6.989434444679715e-6  ‖vε - vref‖ = 1.2042825331729194  α = 0.000105
 275   -37.31326847024      -13.07       -4.09    4.15s
    ‖ρε - ρref‖ = 3.07879716944114e-5 ‖Δρ‖ = 3.187632173818026e-5  ‖vε - vref‖ = 1.204281193641527  α = 6.76e-6
 276   -37.31326847024      -12.53       -4.32    4.71s
    ‖ρε - ρref‖ = 1.079628398553259e-5 ‖Δρ‖ = 1.0337138954668499e-5  ‖vε - vref‖ = 1.2042754830500413  α = 5.23e-5
 277   -37.31326847024      -12.51       -4.33    4.29s
    ‖ρε - ρref‖ = 1.1210297800918819e-5 ‖Δρ‖ = 1.0541273983069418e-5  ‖vε - vref‖ = 1.204269869820819  α = 4.86e-5
 278   -37.31326847024      -12.36       -4.62    4.22s
    ‖ρε - ρref‖ = 4.632033791812006e-6 ‖Δρ‖ = 4.1708094870984635e-6  ‖vε - vref‖ = 1.2042602053621734  α = 0.000165
 279   -37.31326847024      -12.85       -4.58    4.19s
    ‖ρε - ρref‖ = 7.633526699803766e-6 ‖Δρ‖ = 7.575996864719181e-6  ‖vε - vref‖ = 1.204257273466903  α = 4.48e-5
 280   -37.31326847024      -12.37       -4.68    4.56s
    ‖ρε - ρref‖ = 4.5902216447451305e-6 ‖Δρ‖ = 4.009693108714854e-6  ‖vε - vref‖ = 1.204248239897041  α = 0.000158
 281   -37.31326847024      -12.38       -4.71    3.76s
    ‖ρε - ρref‖ = 4.595001835955588e-6 ‖Δρ‖ = 3.7730344611478124e-6  ‖vε - vref‖ = 1.204237928713889  α = 0.000174
 282   -37.31326847024      -12.47       -4.55    3.82s
    ‖ρε - ρref‖ = 6.295208086155908e-6 ‖Δρ‖ = 5.86197338004796e-6  ‖vε - vref‖ = 1.2042298849145945  α = 9.99e-5
 283   -37.31326847024      -12.32       -4.57    4.43s
    ‖ρε - ρref‖ = 5.419550687740295e-6 ‖Δρ‖ = 5.0100391328711196e-6  ‖vε - vref‖ = 1.2042184839347005  α = 0.000136
 284   -37.31326847024      -13.45       -4.32    4.20s
    ‖ρε - ρref‖ = 1.9319603323095055e-5 ‖Δρ‖ = 2.0627823086715366e-5  ‖vε - vref‖ = 1.204217823260912  α = 6.65e-6
 285   -37.31326847024      -12.67       -4.50    4.64s
    ‖ρε - ρref‖ = 6.977187560859429e-6 ‖Δρ‖ = 6.794697262660277e-6  ‖vε - vref‖ = 1.2042126790638132  α = 6.62e-5
 286   -37.31326847024      -12.72       -4.55    4.52s
    ‖ρε - ρref‖ = 7.743518075255293e-6 ‖Δρ‖ = 6.8922204982378785e-6  ‖vε - vref‖ = 1.2042083757141095  α = 5.74e-5
 287   -37.31326847024      -13.07       -3.92    4.08s
    ‖ρε - ρref‖ = 3.671651077261428e-5 ‖Δρ‖ = 3.758827054228632e-5  ‖vε - vref‖ = 1.2042061316427828  α = 6.72e-6
 288   -37.31326847024      -12.53       -4.55    4.51s
    ‖ρε - ρref‖ = 6.104980191445664e-6 ‖Δρ‖ = 5.579059323691365e-6  ‖vε - vref‖ = 1.2041976493156301  α = 0.000103
 289   -37.31326847024      -12.73       -4.34    4.20s
    ‖ρε - ρref‖ = 1.1033504872742674e-5 ‖Δρ‖ = 1.0486692992124565e-5  ‖vε - vref‖ = 1.2041927280828326  α = 4.03e-5
 290   -37.31326847024      -12.48       -4.63    4.00s
    ‖ρε - ρref‖ = 4.528866633657015e-6 ‖Δρ‖ = 4.067579370144086e-6  ‖vε - vref‖ = 1.2041838455616094  α = 0.000138
 291   -37.31326847024      -12.62       -4.67    4.21s
    ‖ρε - ρref‖ = 5.064011722333718e-6 ‖Δρ‖ = 4.753175285806976e-6  ‖vε - vref‖ = 1.2041778932336187  α = 9.43e-5
 292   -37.31326847024      -12.50       -4.33    4.62s
    ‖ρε - ρref‖ = 9.1640934987319e-6 ‖Δρ‖ = 8.78140300402222e-6  ‖vε - vref‖ = 1.2041692385245804  α = 6.17e-5
 293   -37.31326847024      -12.66       -5.04    4.27s
    ‖ρε - ρref‖ = 2.946094960643339e-6 ‖Δρ‖ = 1.7213083694095592e-6  ‖vε - vref‖ = 1.2041625492651409  α = 0.000274
 294   -37.31326847024      -12.69       -4.68    4.22s
    ‖ρε - ρref‖ = 4.791002588512825e-6 ‖Δρ‖ = 4.26130191903106e-6  ‖vε - vref‖ = 1.204156712553777  α = 0.000103
 295   -37.31326847024      -12.75       -4.69    4.40s
    ‖ρε - ρref‖ = 5.136168064029608e-6 ‖Δρ‖ = 4.3018018153149255e-6  ‖vε - vref‖ = 1.2041519185413196  α = 9.14e-5
 296   -37.31326847024      -13.55       -3.95    4.65s
    ‖ρε - ρref‖ = 3.623055700394807e-5 ‖Δρ‖ = 3.742969698136651e-5  ‖vε - vref‖ = 1.2041506090996066  α = 4.88e-6
 297   -37.31326847024      -12.57       -4.80    4.51s
    ‖ρε - ρref‖ = 3.3224390890506326e-6 ‖Δρ‖ = 2.8675634117347907e-6  ‖vε - vref‖ = 1.2041427286752782  α = 0.000177
 298   -37.31326847024      -13.19       -4.39    3.81s
    ‖ρε - ρref‖ = 1.433786778921159e-5 ‖Δρ‖ = 1.3145498977146494e-5  ‖vε - vref‖ = 1.2041410609016137  α = 1.54e-5
 299   -37.31326847024      -12.87       -4.06    4.21s
    ‖ρε - ρref‖ = 1.98778397728486e-5 ‖Δρ‖ = 2.0079014567826033e-5  ‖vε - vref‖ = 1.2041363718111442  α = 1.86e-5
 300   -37.31326847024      -12.83       -4.60    3.76s
    ‖ρε - ρref‖ = 5.6162098985473135e-6 ‖Δρ‖ = 5.163099425411027e-6  ‖vε - vref‖ = 1.2041307687986589  α = 8.32e-5
Trying again with Newton's method ...
n     Energy            log10(ΔE)   log10(Δρ)   Δtime 
---   ---------------   ---------   ---------   ------
  1   -37.31326847025                   -7.76     340s
    ‖ρε - ρref‖ = 2.2055650897724864e-6 ‖Δρ‖ = 1.9177780440496417e-9  ‖vε - vref‖ = 1.2040513236817239
  2   -37.31326847025      -11.77       -7.96     326s
    ‖ρε - ρref‖ = 2.205562115832497e-6 ‖Δρ‖ = 1.2284216595893298e-9  ‖vε - vref‖ = 1.204038460084239
    Stopping to avoid numerical instabilities.

#-- ‖ρε - ρref‖ = 2.205562115832497e-6 vs. 5.62341325190349e-9 = δ*ε ‖vε - vref‖ = 1.204038460084239


# --- ε=3.162277660168379e-7

n     Energy            log10(ΔE)   log10(Δρ)   Δtime 
---   ---------------   ---------   ---------   ------
  1   -37.31326495238                   -0.11    6.49s
    ‖ρε - ρref‖ = 0.395504215709936 ‖Δρ‖ = 0.395503227810996  ‖vε - vref‖ = 2.3693565775445387  α = 2.17e-6
  2   -37.31326509141       -6.86       -1.05    4.13s
    ‖ρε - ρref‖ = 0.03467401620083566 ‖Δρ‖ = 0.03467377577362022  ‖vε - vref‖ = 2.1150317934462506  α = 7.2e-6
  3   -37.31326522953       -6.86       -0.89    3.73s
    ‖ρε - ρref‖ = 0.0517272412020077 ‖Δρ‖ = 0.05172686172810298  ‖vε - vref‖ = 1.7863514702624355  α = 5.16e-6
  4   -37.31326534050       -6.95       -1.44    4.36s
    ‖ρε - ρref‖ = 0.009135317890992109 ‖Δρ‖ = 0.009135038214356763  ‖vε - vref‖ = 1.552349146338032  α = 2.69e-5
  5   -37.31326537618       -7.45       -1.94    4.00s
    ‖ρε - ρref‖ = 0.0030823960200230165 ‖Δρ‖ = 0.003082137541868888  ‖vε - vref‖ = 1.4811623375942127  α = 4.36e-5
  6   -37.31326542532       -7.31       -1.62    4.09s
    ‖ρε - ρref‖ = 0.004978611242220586 ‖Δρ‖ = 0.004978351017573543  ‖vε - vref‖ = 1.3612335219301845  α = 3.29e-5
  7   -37.31326544200       -7.78       -2.04    4.57s
    ‖ρε - ρref‖ = 0.0021022341198858097 ‖Δρ‖ = 0.0021021383213446023  ‖vε - vref‖ = 1.316886084338699  α = 4.5e-5
  8   -37.31326544709       -8.29       -2.24    3.64s
    ‖ρε - ρref‖ = 0.001494963502714348 ‖Δρ‖ = 0.0014949252784864399  ‖vε - vref‖ = 1.3045251059703447  α = 3.58e-5
  9   -37.31326545516       -8.09       -2.38    3.87s
    ‖ρε - ρref‖ = 0.0009268427617595199 ‖Δρ‖ = 0.0009267417735746914  ‖vε - vref‖ = 1.2839891397770198  α = 7.2e-5
 10   -37.31326545930       -8.38       -2.35    4.00s
    ‖ρε - ρref‖ = 0.0011038991982283946 ‖Δρ‖ = 0.0011038444302234262  ‖vε - vref‖ = 1.273916208614989  α = 4.38e-5
 11   -37.31326546689       -8.12       -2.52    3.68s
    ‖ρε - ρref‖ = 0.0006308198630922179 ‖Δρ‖ = 0.0006306629009202087  ‖vε - vref‖ = 1.2555780734689186  α = 0.000101
 12   -37.31326546738       -9.30       -2.16    3.79s
    ‖ρε - ρref‖ = 0.003243112520163123 ‖Δρ‖ = 0.0032440819641504047  ‖vε - vref‖ = 1.2544436306717457  α = 4.47e-6
 13   -37.31326547120       -8.42       -2.21    4.03s
    ‖ρε - ρref‖ = 0.001443347941248852 ‖Δρ‖ = 0.0014431667758854716  ‖vε - vref‖ = 1.2445895287549447  α = 3.24e-5
 14   -37.31326547161       -9.38       -2.00    3.84s
    ‖ρε - ρref‖ = 0.004714352038929399 ‖Δρ‖ = 0.004714315172438383  ‖vε - vref‖ = 1.2432902335707252  α = 2.67e-6
 15   -37.31326547558       -8.40       -2.64    3.87s
    ‖ρε - ρref‖ = 0.00043942141094627945 ‖Δρ‖ = 0.00043927939847015953  ‖vε - vref‖ = 1.2341637012947662  α = 0.000108
 16   -37.31326547717       -8.80       -2.66    4.75s
    ‖ρε - ρref‖ = 0.0006417280596605462 ‖Δρ‖ = 0.000641804964683539  ‖vε - vref‖ = 1.2303988963135795  α = 4.48e-5
 17   -37.31326547952       -8.63       -2.35    4.08s
    ‖ρε - ρref‖ = 0.001021961834365803 ‖Δρ‖ = 0.0010218112326633017  ‖vε - vref‖ = 1.2251676839991776  α = 3.57e-5
 18   -37.31326548148       -8.71       -2.73    4.06s
    ‖ρε - ρref‖ = 0.00044515040116691187 ‖Δρ‖ = 0.00044509242386947827  ‖vε - vref‖ = 1.2222237534075464  α = 7.17e-5
 19   -37.31326548476       -8.48       -2.23    3.69s
    ‖ρε - ρref‖ = 0.0012387537286717941 ‖Δρ‖ = 0.0012386706848409375  ‖vε - vref‖ = 1.214445405922175  α = 3.4e-5
 20   -37.31326548700       -8.65       -2.70    3.82s
    ‖ρε - ρref‖ = 0.00039579754665138185 ‖Δρ‖ = 0.0003957990176151211  ‖vε - vref‖ = 1.209983328177922  α = 8.82e-5
 21   -37.31326548965       -8.58       -2.41    4.11s
    ‖ρε - ρref‖ = 0.0007540404648212373 ‖Δρ‖ = 0.0007539581166322577  ‖vε - vref‖ = 1.2048994696466275  α = 5.22e-5
 22   -37.31326549162       -8.71       -2.44    4.40s
    ‖ρε - ρref‖ = 0.0007942664977495228 ‖Δρ‖ = 0.0007941627743529673  ‖vε - vref‖ = 1.2003861718737434  α = 4.09e-5
 23   -37.31326549323       -8.79       -2.79    4.06s
    ‖ρε - ρref‖ = 0.0003747514953768956 ‖Δρ‖ = 0.0003747044766174431  ‖vε - vref‖ = 1.1974170051018467  α = 8.04e-5
 24   -37.31326549670       -8.46       -2.48    4.64s
    ‖ρε - ρref‖ = 0.0005701747221642855 ‖Δρ‖ = 0.0005700492101261168  ‖vε - vref‖ = 1.1909426250328858  α = 7.89e-5
 25   -37.31326549686       -9.80       -2.11    4.78s
    ‖ρε - ρref‖ = 0.0031365542444212868 ‖Δρ‖ = 0.0031374338794666924  ‖vε - vref‖ = 1.1905979316545479  α = 2.66e-6
 26   -37.31326549765       -9.10       -2.77    4.44s
    ‖ρε - ρref‖ = 0.00042002739268248436 ‖Δρ‖ = 0.00041989957689218083  ‖vε - vref‖ = 1.1896986548874304  α = 4.66e-5
 27   -37.31326549809       -9.35       -1.89    4.04s
    ‖ρε - ρref‖ = 0.003936787439122851 ‖Δρ‖ = 0.003936304189146224  ‖vε - vref‖ = 1.1884152776366639  α = 3.57e-6
 28   -37.31326550012       -8.69       -2.92    4.16s
    ‖ρε - ρref‖ = 0.00022587395623632322 ‖Δρ‖ = 0.0002259081118875844  ‖vε - vref‖ = 1.1853704211743317  α = 0.000149
 29   -37.31326550118       -8.98       -2.44    3.76s
    ‖ρε - ρref‖ = 0.0008588681305394064 ‖Δρ‖ = 0.0008587213673450923  ‖vε - vref‖ = 1.183668836769647  α = 2.78e-5
 30   -37.31326550352       -8.63       -2.53    4.41s
    ‖ρε - ρref‖ = 0.0005727692929401921 ‖Δρ‖ = 0.0005727949648816164  ‖vε - vref‖ = 1.1797714338576382  α = 6.39e-5
 31   -37.31326550450       -9.01       -2.58    4.26s
    ‖ρε - ρref‖ = 0.0006604982366470792 ‖Δρ‖ = 0.0006603801196540147  ‖vε - vref‖ = 1.1787193639478193  α = 3.42e-5
 32   -37.31326550618       -8.77       -2.48    4.40s
    ‖ρε - ρref‖ = 0.0006831667335842073 ‖Δρ‖ = 0.0006829534053922938  ‖vε - vref‖ = 1.1759733790246536  α = 4.23e-5
 33   -37.31326550791       -8.76       -2.76    3.94s
    ‖ρε - ρref‖ = 0.0003118552028802898 ‖Δρ‖ = 0.00031189625033508863  ‖vε - vref‖ = 1.1731858082971032  α = 0.000101
 34   -37.31326550870       -9.10       -2.52    4.07s
    ‖ρε - ρref‖ = 0.0006565294801184312 ‖Δρ‖ = 0.0006566040026625415  ‖vε - vref‖ = 1.1720880396308626  α = 3.28e-5
 35   -37.31326550979       -8.96       -2.76    4.21s
    ‖ρε - ρref‖ = 0.00033046528425052823 ‖Δρ‖ = 0.00033045399695256426  ‖vε - vref‖ = 1.1705885092217165  α = 7.57e-5
 36   -37.31326551087       -8.97       -2.75    4.50s
    ‖ρε - ρref‖ = 0.00038514515507955476 ‖Δρ‖ = 0.00038522883945613415  ‖vε - vref‖ = 1.1693007624233627  α = 6.29e-5
 37   -37.31326551105       -9.74       -2.23    4.40s
    ‖ρε - ρref‖ = 0.002150004359004248 ‖Δρ‖ = 0.00214909575289582  ‖vε - vref‖ = 1.1692150586303989  α = 4.19e-6
 38   -37.31326551244       -8.86       -2.36    3.70s
    ‖ρε - ρref‖ = 0.0008242009882492526 ‖Δρ‖ = 0.0008241044133606968  ‖vε - vref‖ = 1.1673987873834848  α = 3.37e-5
 39   -37.31326551258       -9.85       -2.23    3.90s
    ‖ρε - ρref‖ = 0.0023348377271116463 ‖Δρ‖ = 0.0023352429460860337  ‖vε - vref‖ = 1.1671165258489051  α = 3.09e-6
 40   -37.31326551361       -8.99       -2.75    4.11s
    ‖ρε - ρref‖ = 0.0003558397936870999 ‖Δρ‖ = 0.0003559260447812796  ‖vε - vref‖ = 1.1661168249037082  α = 6.65e-5
 41   -37.31326551454       -9.03       -2.84    3.80s
    ‖ρε - ρref‖ = 0.0002992617997691899 ‖Δρ‖ = 0.0002990263884233077  ‖vε - vref‖ = 1.164785868921251  α = 7.28e-5
 42   -37.31326551503       -9.31       -2.47    4.11s
    ‖ρε - ρref‖ = 0.0008071380889698172 ‖Δρ‖ = 0.000807150490117278  ‖vε - vref‖ = 1.1642121561028835  α = 2.06e-5
 43   -37.31326551635       -8.88       -3.03    3.77s
    ‖ρε - ρref‖ = 0.00016041093577227807 ‖Δρ‖ = 0.00016027848198546142  ‖vε - vref‖ = 1.1632816709060456  α = 0.000168
 44   -37.31326551747       -8.95       -2.22    4.02s
    ‖ρε - ρref‖ = 0.0010866206258625462 ‖Δρ‖ = 0.0010865178609245753  ‖vε - vref‖ = 1.1617298218794887  α = 2.22e-5
 45   -37.31326551824       -9.11       -2.94    3.79s
    ‖ρε - ρref‖ = 0.00023664916742528757 ‖Δρ‖ = 0.00023682225370411469  ‖vε - vref‖ = 1.160978981886823  α = 8.6e-5
 46   -37.31326551898       -9.13       -2.81    4.18s
    ‖ρε - ρref‖ = 0.0002931599788156201 ‖Δρ‖ = 0.00029318628836375884  ‖vε - vref‖ = 1.1602524718203984  α = 7.03e-5
 47   -37.31326551991       -9.03       -2.54    4.53s
    ‖ρε - ρref‖ = 0.0005107233550413159 ‖Δρ‖ = 0.0005105953541549332  ‖vε - vref‖ = 1.159451158332111  α = 4.54e-5
 48   -37.31326552034       -9.37       -2.84    4.01s
    ‖ρε - ρref‖ = 0.00030304144886617615 ‖Δρ‖ = 0.00030325543516698827  ‖vε - vref‖ = 1.1590754732353763  α = 5.12e-5
 49   -37.31326552044       -9.98       -2.16    4.13s
    ‖ρε - ρref‖ = 0.0023027912750782755 ‖Δρ‖ = 0.002301942257446436  ‖vε - vref‖ = 1.158958045490604  α = 2.96e-6
 50   -37.31326552088       -9.35       -2.83    4.15s
    ‖ρε - ρref‖ = 0.000334739580701715 ‖Δρ‖ = 0.0003346450560761058  ‖vε - vref‖ = 1.1586731939337238  α = 4.56e-5
 51   -37.31326552099       -9.97       -2.25    4.26s
    ‖ρε - ρref‖ = 0.0019351716299391435 ‖Δρ‖ = 0.0019356031668608517  ‖vε - vref‖ = 1.1585703590925982  α = 3.3e-6
 52   -37.31326552161       -9.21       -2.79    3.98s
    ‖ρε - ρref‖ = 0.00030623425115917566 ‖Δρ‖ = 0.00030630018206169376  ‖vε - vref‖ = 1.157995157594588  α = 6.1e-5
 53   -37.31326552209       -9.33       -3.01    4.35s
    ‖ρε - ρref‖ = 0.0001729891998451313 ‖Δρ‖ = 0.0001727369333623535  ‖vε - vref‖ = 1.1578043577192363  α = 9.38e-5
 54   -37.31326552232       -9.62       -2.70    3.99s
    ‖ρε - ρref‖ = 0.00044892793426114556 ‖Δρ‖ = 0.0004489972530181048  ‖vε - vref‖ = 1.1575636134516765  α = 2.5e-5
 55   -37.31326552289       -9.25       -2.87    3.63s
    ‖ρε - ρref‖ = 0.00023905995543694822 ‖Δρ‖ = 0.00023904823819131002  ‖vε - vref‖ = 1.157353533913227  α = 7.53e-5
 56   -37.31326552313       -9.62       -2.83    4.63s
    ‖ρε - ρref‖ = 0.00035320292178373934 ‖Δρ‖ = 0.00035317113902124476  ‖vε - vref‖ = 1.157320387687282  α = 3.1e-5
 57   -37.31326552378       -9.19       -2.79    3.87s
    ‖ρε - ρref‖ = 0.00028295725535529634 ‖Δρ‖ = 0.0002828949549950058  ‖vε - vref‖ = 1.1570001844692455  α = 6.42e-5
 58   -37.31326552436       -9.24       -2.89    4.00s
    ‖ρε - ρref‖ = 0.00021315778933948823 ‖Δρ‖ = 0.00021312980696468797  ‖vε - vref‖ = 1.1566382780193147  α = 8.66e-5
 59   -37.31326552472       -9.44       -2.88    3.76s
    ‖ρε - ρref‖ = 0.00025811588852765505 ‖Δρ‖ = 0.0002580439555030194  ‖vε - vref‖ = 1.1565079703119376  α = 5.61e-5
 60   -37.31326552513       -9.39       -2.72    4.34s
    ‖ρε - ρref‖ = 0.0003658652259298786 ‖Δρ‖ = 0.00036608300316553577  ‖vε - vref‖ = 1.1563742098441412  α = 4.07e-5
 61   -37.31326552518      -10.32       -2.31    4.64s
    ‖ρε - ρref‖ = 0.00185035853630899 ‖Δρ‖ = 0.0018495417022493818  ‖vε - vref‖ = 1.1563223274075334  α = 2.55e-6
 62   -37.31326552547       -9.54       -3.13    3.69s
    ‖ρε - ρref‖ = 0.00014085583855153965 ‖Δρ‖ = 0.00014078089185614302  ‖vε - vref‖ = 1.156480911752329  α = 8.65e-5
 63   -37.31326552559       -9.89       -2.09    4.23s
    ‖ρε - ρref‖ = 0.001999643701765568 ‖Δρ‖ = 0.002000100541810183  ‖vε - vref‖ = 1.1563265034044508  α = 3.64e-6
 64   -37.31326552600       -9.39       -2.65    4.40s
    ‖ρε - ρref‖ = 0.00037580266065565383 ‖Δρ‖ = 0.00037583914679707  ‖vε - vref‖ = 1.1561471601812618  α = 4.03e-5
 65   -37.31326552629       -9.54       -3.14    4.31s
    ‖ρε - ρref‖ = 0.00013271076528638756 ‖Δρ‖ = 0.00013239020844829476  ‖vε - vref‖ = 1.1561559275150568  α = 9.58e-5
 66   -37.31326552646       -9.79       -3.02    4.54s
    ‖ρε - ρref‖ = 0.00021048377029577343 ‖Δρ‖ = 0.0002105629593949322  ‖vε - vref‖ = 1.156166895669218  α = 4.33e-5
 67   -37.31326552668       -9.65       -2.74    3.93s
    ‖ρε - ρref‖ = 0.00033392443545027933 ‖Δρ‖ = 0.00033385845732270003  ‖vε - vref‖ = 1.1561508411844135  α = 3.44e-5
 68   -37.31326552687       -9.73       -3.13    3.91s
    ‖ρε - ρref‖ = 0.00015052989652889517 ‖Δρ‖ = 0.00015053925905008026  ‖vε - vref‖ = 1.1562171188332488  α = 6.69e-5
 69   -37.31326552706       -9.72       -2.78    4.35s
    ‖ρε - ρref‖ = 0.00033836763007588996 ‖Δρ‖ = 0.0003383750933748852  ‖vε - vref‖ = 1.1562872234611854  α = 2.84e-5
 70   -37.31326552740       -9.46       -3.07    4.22s
    ‖ρε - ρref‖ = 0.00014361677141939253 ‖Δρ‖ = 0.00014349198816590166  ‖vε - vref‖ = 1.1563339986348389  α = 9.47e-5
 71   -37.31326552766       -9.59       -3.12    4.12s
    ‖ρε - ρref‖ = 0.00012267098310411023 ‖Δρ‖ = 0.00012264130002419252  ‖vε - vref‖ = 1.156399139298241  α = 0.0001
 72   -37.31326552781       -9.81       -2.83    3.79s
    ‖ρε - ρref‖ = 0.00030437413230120395 ‖Δρ‖ = 0.0003047209195450961  ‖vε - vref‖ = 1.1564683052528617  α = 3.06e-5
 73   -37.31326552785      -10.42       -2.35    3.92s
    ‖ρε - ρref‖ = 0.0014017200570484753 ‖Δρ‖ = 0.001400971705637173  ‖vε - vref‖ = 1.156469556150865  α = 3.02e-6
 74   -37.31326552808       -9.65       -2.97    4.60s
    ‖ρε - ρref‖ = 0.00019298929171696503 ‖Δρ‖ = 0.00019294373207170656  ‖vε - vref‖ = 1.1565884448795212  α = 5.79e-5
 75   -37.31326552811      -10.56       -2.54    4.37s
    ‖ρε - ρref‖ = 0.0010763809485698247 ‖Δρ‖ = 0.0010768514432460312  ‖vε - vref‖ = 1.1565793080055018  α = 3.03e-6
 76   -37.31326552827       -9.78       -3.15    4.53s
    ‖ρε - ρref‖ = 0.00014252508422934467 ‖Δρ‖ = 0.00014245109406974996  ‖vε - vref‖ = 1.1566762856339623  α = 6.61e-5
 77   -37.31326552843       -9.81       -3.07    3.66s
    ‖ρε - ρref‖ = 0.00018130858633954474 ‖Δρ‖ = 0.0001812861227715002  ‖vε - vref‖ = 1.1567456434455066  α = 5.11e-5
 78   -37.31326552861       -9.75       -3.30    3.64s
    ‖ρε - ρref‖ = 9.443924437941736e-5 ‖Δρ‖ = 9.464650628247874e-5  ‖vε - vref‖ = 1.1569047928714933  α = 0.000103
 79   -37.31326552873       -9.90       -2.93    3.76s
    ‖ρε - ρref‖ = 0.0002484724106939041 ‖Δρ‖ = 0.0002482905480855112  ‖vε - vref‖ = 1.156963482791454  α = 3.33e-5
 80   -37.31326552894       -9.69       -2.83    3.96s
    ‖ρε - ρref‖ = 0.0002549941533811255 ‖Δρ‖ = 0.0002548441109325295  ‖vε - vref‖ = 1.157108107035704  α = 4.27e-5
 81   -37.31326552898      -10.33       -3.33    4.01s
    ‖ρε - ρref‖ = 0.0001312304526304061 ‖Δρ‖ = 0.0001311895787283463  ‖vε - vref‖ = 1.1571631663049635  α = 3.66e-5
 82   -37.31326552923       -9.61       -3.13    3.77s
    ‖ρε - ρref‖ = 0.00011740485681281483 ‖Δρ‖ = 0.00011732423018590639  ‖vε - vref‖ = 1.1574150846788223  α = 9.95e-5
 83   -37.31326552936       -9.88       -3.25    3.89s
    ‖ρε - ρref‖ = 0.00011724283572907335 ‖Δρ‖ = 0.00011730654560435948  ‖vε - vref‖ = 1.1575235025162567  α = 7.11e-5
 84   -37.31326552944      -10.08       -3.26    3.75s
    ‖ρε - ρref‖ = 0.00011551037125065275 ‖Δρ‖ = 0.00011597641931651734  ‖vε - vref‖ = 1.1576326870066538  α = 5.8e-5
 85   -37.31326552948      -10.42       -2.33    3.67s
    ‖ρε - ρref‖ = 0.00127563728807451 ‖Δρ‖ = 0.0012749808994619103  ‖vε - vref‖ = 1.1576692451180186  α = 3.39e-6
 86   -37.31326552960       -9.92       -2.90    3.94s
    ‖ρε - ρref‖ = 0.00024285255771732306 ‖Δρ‖ = 0.0002427898723651179  ‖vε - vref‖ = 1.1578202605703278  α = 3.36e-5
 87   -37.31326552962      -10.73       -2.66    4.07s
    ‖ρε - ρref‖ = 0.0007963100482840787 ‖Δρ‖ = 0.0007967668164976933  ‖vε - vref‖ = 1.1578191425471307  α = 3.4e-6
 88   -37.31326552974       -9.93       -3.07    4.07s
    ‖ρε - ρref‖ = 0.00016226617825502518 ‖Δρ‖ = 0.00016208771087017763  ‖vε - vref‖ = 1.1579648812680852  α = 5.1e-5
 89   -37.31326552981      -10.11       -3.46    4.24s
    ‖ρε - ρref‖ = 7.364625088501221e-5 ‖Δρ‖ = 7.367137079265941e-5  ‖vε - vref‖ = 1.1580866263433107  α = 8.85e-5
 90   -37.31326552995       -9.85       -3.15    3.65s
    ‖ρε - ρref‖ = 0.0001233312760917326 ‖Δρ‖ = 0.0001234630583798697  ‖vε - vref‖ = 1.1582806604085625  α = 7.17e-5
 91   -37.31326553002      -10.18       -3.25    4.56s
    ‖ρε - ρref‖ = 0.00012539320072975867 ‖Δρ‖ = 0.00012510312437676534  ‖vε - vref‖ = 1.15839654051658  α = 4.7e-5
 92   -37.31326553008      -10.19       -2.98    3.84s
    ‖ρε - ρref‖ = 0.00021736661996278888 ‖Δρ‖ = 0.00021728818195160184  ‖vε - vref‖ = 1.1584785251357246  α = 2.77e-5
 93   -37.31326553019       -9.99       -3.44    4.06s
    ‖ρε - ρref‖ = 7.132147947112168e-5 ‖Δρ‖ = 7.135087026593947e-5  ‖vε - vref‖ = 1.1586679475227122  α = 0.000102
 94   -37.31326553025      -10.20       -2.94    4.08s
    ‖ρε - ρref‖ = 0.00026868259059219886 ‖Δρ‖ = 0.00026867756104819677  ‖vε - vref‖ = 1.1587657848077824  α = 2.12e-5
 95   -37.31326553034      -10.06       -3.46    3.71s
    ‖ρε - ρref‖ = 6.563161927333702e-5 ‖Δρ‖ = 6.55554908016793e-5  ‖vε - vref‖ = 1.1589180501208094  α = 0.000106
 96   -37.31326553038      -10.42       -3.35    3.89s
    ‖ρε - ρref‖ = 0.00010156833186540929 ‖Δρ‖ = 0.00010213433691729478  ‖vε - vref‖ = 1.1589926847576588  α = 4.26e-5
 97   -37.31326553041      -10.46       -2.35    4.41s
    ‖ρε - ρref‖ = 0.0010823559503407934 ‖Δρ‖ = 0.0010818115472418218  ‖vε - vref‖ = 1.1590367752616026  α = 3.95e-6
 98   -37.31326553044      -10.60       -3.32    3.91s
    ‖ρε - ρref‖ = 0.00012426018712229344 ‖Δρ‖ = 0.00012398451186319904  ‖vε - vref‖ = 1.1591013740258662  α = 2.87e-5
 99   -37.31326553045      -10.80       -2.66    4.06s
    ‖ρε - ρref‖ = 0.000638876917840988 ‖Δρ‖ = 0.0006392495424828743  ‖vε - vref‖ = 1.1591190814703356  α = 4.12e-6
 100   -37.31326553052      -10.18       -3.28    4.21s
    ‖ρε - ρref‖ = 0.00010611450087990771 ‖Δρ‖ = 0.00010605504889699706  ‖vε - vref‖ = 1.1592536679657968  α = 5.74e-5
 101   -37.31326553060      -10.09       -3.49    4.36s
    ‖ρε - ρref‖ = 6.263146799330984e-5 ‖Δρ‖ = 6.268388923728081e-5  ‖vε - vref‖ = 1.1594340717112686  α = 0.000109
 102   -37.31326553064      -10.45       -3.41    4.18s
    ‖ρε - ρref‖ = 9.757079431856444e-5 ‖Δρ‖ = 9.761405123242265e-5  ‖vε - vref‖ = 1.1595159321097621  α = 4.5e-5
 103   -37.31326553068      -10.33       -3.53    4.04s
    ‖ρε - ρref‖ = 6.569390686346755e-5 ‖Δρ‖ = 6.550162715575845e-5  ‖vε - vref‖ = 1.1596406699931838  α = 7.69e-5
 104   -37.31326553072      -10.46       -3.19    4.31s
    ‖ρε - ρref‖ = 0.00014981576111941817 ‖Δρ‖ = 0.00014990229824838865  ‖vε - vref‖ = 1.1597243592817448  α = 2.83e-5
 105   -37.31326553079      -10.15       -3.26    3.76s
    ‖ρε - ρref‖ = 9.969715220481946e-5 ‖Δρ‖ = 9.969477474683217e-5  ‖vε - vref‖ = 1.1599052299859192  α = 6.43e-5
 106   -37.31326553082      -10.46       -3.31    4.01s
    ‖ρε - ρref‖ = 0.0001185730690841983 ‖Δρ‖ = 0.00011853541526509681  ‖vε - vref‖ = 1.1600107089448783  α = 3.57e-5
 107   -37.31326553086      -10.40       -3.19    3.70s
    ‖ρε - ρref‖ = 0.00013704189016236403 ‖Δρ‖ = 0.00013700221092430542  ‖vε - vref‖ = 1.1600984395211749  α = 3.32e-5
 108   -37.31326553087      -11.34       -3.56    3.80s
    ‖ρε - ρref‖ = 0.00010428667881077937 ‖Δρ‖ = 0.00010506813093125148  ‖vε - vref‖ = 1.1601127492454657  α = 1.36e-5
 109   -37.31326553094      -10.12       -3.05    3.81s
    ‖ρε - ρref‖ = 0.0001638255194747303 ‖Δρ‖ = 0.00016357871281730702  ‖vε - vref‖ = 1.1603311635227633  α = 4.04e-5
 110   -37.31326553095      -11.02       -3.02    4.03s
    ‖ρε - ρref‖ = 0.0003436838871589383 ‖Δρ‖ = 0.0003431582130098741  ‖vε - vref‖ = 1.1603712540146456  α = 5.67e-6
 111   -37.31326553099      -10.41       -2.88    3.86s
    ‖ρε - ρref‖ = 0.000270620914396833 ‖Δρ‖ = 0.0002707593566355829  ‖vε - vref‖ = 1.160468413303308  α = 1.73e-5
 112   -37.31326553103      -10.46       -3.33    3.97s
    ‖ρε - ρref‖ = 0.00010749972420361126 ‖Δρ‖ = 0.0001076531520156663  ‖vε - vref‖ = 1.1605697763665934  α = 4.05e-5
 113   -37.31326553108      -10.30       -3.70    4.51s
    ‖ρε - ρref‖ = 3.9056513547056564e-5 ‖Δρ‖ = 3.9142608088899234e-5  ‖vε - vref‖ = 1.160723340653486  α = 0.000136
 114   -37.31326553110      -10.60       -3.46    3.92s
    ‖ρε - ρref‖ = 7.58257433748955e-5 ‖Δρ‖ = 7.574125049715361e-5  ‖vε - vref‖ = 1.160804693359515  α = 4.94e-5
 115   -37.31326553112      -10.71       -3.59    4.15s
    ‖ρε - ρref‖ = 6.302355462214157e-5 ‖Δρ‖ = 6.27647426423292e-5  ‖vε - vref‖ = 1.1608788378686175  α = 5.18e-5
 116   -37.31326553114      -10.70       -3.42    4.07s
    ‖ρε - ρref‖ = 9.201824506783775e-5 ‖Δρ‖ = 9.210334708496806e-5  ‖vε - vref‖ = 1.160948208937756  α = 3.47e-5
 117   -37.31326553118      -10.44       -3.35    4.32s
    ‖ρε - ρref‖ = 8.364117307397293e-5 ‖Δρ‖ = 8.371033621508374e-5  ‖vε - vref‖ = 1.1610822704229637  α = 5.47e-5
 118   -37.31326553120      -10.68       -3.52    4.09s
    ‖ρε - ρref‖ = 7.493778274719692e-5 ‖Δρ‖ = 7.486753712076379e-5  ‖vε - vref‖ = 1.1611662361009099  α = 4.37e-5
 119   -37.31326553124      -10.34       -3.27    3.91s
    ‖ρε - ρref‖ = 0.0001038194962212128 ‖Δρ‖ = 0.00010345625957246046  ‖vε - vref‖ = 1.161345830853118  α = 4.66e-5
 120   -37.31326553125      -11.13       -2.69    3.66s
    ‖ρε - ρref‖ = 0.0006945334988477712 ‖Δρ‖ = 0.0006952537312440867  ‖vε - vref‖ = 1.1613647816154107  α = 2.67e-6
 121   -37.31326553129      -10.40       -3.44    4.02s
    ‖ρε - ρref‖ = 6.70510545064146e-5 ‖Δρ‖ = 6.714339484581216e-5  ‖vε - vref‖ = 1.1615209878695838  α = 6.98e-5
 122   -37.31326553130      -11.00       -2.63    4.64s
    ‖ρε - ρref‖ = 0.0006755305704580668 ‖Δρ‖ = 0.0006750118485538516  ‖vε - vref‖ = 1.1615486164172184  α = 2.94e-6
 123   -37.31326553132      -10.66       -3.60    4.40s
    ‖ρε - ρref‖ = 5.471292043538656e-5 ‖Δρ‖ = 5.479491589732226e-5  ‖vε - vref‖ = 1.1616354310873702  α = 6.46e-5
 124   -37.31326553136      -10.40       -3.33    4.55s
    ‖ρε - ρref‖ = 8.568876640566769e-5 ‖Δρ‖ = 8.5840668026125e-5  ‖vε - vref‖ = 1.1617935545481948  α = 5.58e-5
 125   -37.31326553140      -10.39       -3.48    3.91s
    ‖ρε - ρref‖ = 6.290286325435538e-5 ‖Δρ‖ = 6.286812290042468e-5  ‖vε - vref‖ = 1.1619660806308822  α = 7.63e-5
 126   -37.31326553145      -10.35       -3.63    3.79s
    ‖ρε - ρref‖ = 4.31537846553298e-5 ‖Δρ‖ = 4.304892343434687e-5  ‖vε - vref‖ = 1.1621527953905513  α = 0.000117
 127   -37.31326553147      -10.64       -3.32    4.20s
    ‖ρε - ρref‖ = 0.00011326124965992695 ‖Δρ‖ = 0.00011309522596856562  ‖vε - vref‖ = 1.1622531356743409  α = 3.1e-5
 128   -37.31326553149      -10.73       -3.45    3.98s
    ‖ρε - ρref‖ = 8.858931878968177e-5 ‖Δρ‖ = 8.874302386844985e-5  ‖vε - vref‖ = 1.162339535694253  α = 3.44e-5
 129   -37.31326553154      -10.30       -3.38    3.95s
    ‖ρε - ρref‖ = 6.942342604328805e-5 ‖Δρ‖ = 6.95177395626601e-5  ‖vε - vref‖ = 1.1625595087073546  α = 7.67e-5
 130   -37.31326553156      -10.79       -3.36    4.31s
    ‖ρε - ρref‖ = 0.00010730119412500671 ‖Δρ‖ = 0.00010724008191388171  ‖vε - vref‖ = 1.1626310058827414  α = 2.59e-5
 131   -37.31326553156      -11.23       -3.31    4.25s
    ‖ρε - ρref‖ = 0.00015692108154681967 ‖Δρ‖ = 0.0001560634636180006  ‖vε - vref‖ = 1.1626630764216963  α = 1.05e-5
 132   -37.31326553158      -10.80       -2.81    4.18s
    ‖ρε - ρref‖ = 0.0003467638970635119 ‖Δρ‖ = 0.00034689219848897993  ‖vε - vref‖ = 1.1627328356758686  α = 8.63e-6
 133   -37.31326553158      -11.20       -3.64    4.45s
    ‖ρε - ρref‖ = 7.483684423538487e-5 ‖Δρ‖ = 7.533609874047219e-5  ‖vε - vref‖ = 1.162767584763983  α = 2.11e-5
 134   -37.31326553162      -10.44       -2.83    3.79s
    ‖ρε - ρref‖ = 0.00026630918542236935 ‖Δρ‖ = 0.00026616146439275434  ‖vε - vref‖ = 1.1629250031206075  α = 1.65e-5
 135   -37.31326553164      -10.81       -3.56    4.07s
    ‖ρε - ρref‖ = 5.86327682220876e-5 ‖Δρ‖ = 5.867374642338378e-5  ‖vε - vref‖ = 1.1629932377485994  α = 5.07e-5
 136   -37.31326553165      -11.00       -3.62    3.91s
    ‖ρε - ρref‖ = 5.9752040343586415e-5 ‖Δρ‖ = 5.9808971738233554e-5  ‖vε - vref‖ = 1.1630433816894732  α = 3.92e-5
 137   -37.31326553169      -10.39       -3.73    3.72s
    ‖ρε - ρref‖ = 2.8514916970512483e-5 ‖Δρ‖ = 2.8467449922564822e-5  ‖vε - vref‖ = 1.1632482568342304  α = 0.000173
 138   -37.31326553171      -10.63       -3.59    4.04s
    ‖ρε - ρref‖ = 4.764832581121446e-5 ‖Δρ‖ = 4.76630469151971e-5  ‖vε - vref‖ = 1.1633687317014179  α = 7.8e-5
 139   -37.31326553172      -11.03       -3.48    3.85s
    ‖ρε - ρref‖ = 8.299215915969192e-5 ‖Δρ‖ = 8.284151254806762e-5  ‖vε - vref‖ = 1.1634188818649214  α = 2.73e-5
 140   -37.31326553173      -10.85       -3.62    3.83s
    ‖ρε - ρref‖ = 5.5035793118932e-5 ‖Δρ‖ = 5.510909336652238e-5  ‖vε - vref‖ = 1.163498482988708  α = 4.9e-5
 141   -37.31326553176      -10.53       -3.45    3.97s
    ‖ρε - ρref‖ = 6.274286250793813e-5 ‖Δρ‖ = 6.271643542473736e-5  ‖vε - vref‖ = 1.1636598325532428  α = 6.45e-5
 142   -37.31326553177      -11.13       -3.41    3.73s
    ‖ρε - ρref‖ = 0.0001033657727027391 ‖Δρ‖ = 0.00010369983884737864  ‖vε - vref‖ = 1.1637035301636356  α = 1.85e-5
 143   -37.31326553178      -11.37       -2.91    3.69s
    ‖ρε - ρref‖ = 0.00038568267474152273 ‖Δρ‖ = 0.00038494618263956953  ‖vε - vref‖ = 1.163727323236196  α = 3.68e-6
 144   -37.31326553179      -10.82       -3.48    4.12s
    ‖ρε - ρref‖ = 7.272510961042609e-5 ‖Δρ‖ = 7.251412501922661e-5  ‖vε - vref‖ = 1.1638109622157375  α = 3.93e-5
 145   -37.31326553179      -11.58       -3.10    4.42s
    ‖ρε - ρref‖ = 0.0003082738950734333 ‖Δρ‖ = 0.0003087943377931926  ‖vε - vref‖ = 1.1638243773043833  α = 3.16e-6
 146   -37.31326553181      -10.70       -3.69    4.10s
    ‖ρε - ρref‖ = 3.8497402321388336e-5 ‖Δρ‖ = 3.850501870603821e-5  ‖vε - vref‖ = 1.1639423250436562  α = 8.56e-5
 147   -37.31326553185      -10.47       -3.68    3.86s
    ‖ρε - ρref‖ = 3.421622319651549e-5 ‖Δρ‖ = 3.4239256498682e-5  ‖vε - vref‖ = 1.1641351260558743  α = 0.000129
 148   -37.31326553186      -10.78       -3.25    4.07s
    ‖ρε - ρref‖ = 0.00011077897005854249 ‖Δρ‖ = 0.00011081215386423996  ‖vε - vref‖ = 1.1642328551764638  α = 2.81e-5
 149   -37.31326553188      -10.76       -3.69    4.82s
    ‖ρε - ρref‖ = 3.6787816419231995e-5 ‖Δρ‖ = 3.6669280027656456e-5  ‖vε - vref‖ = 1.1643364308599773  α = 8.51e-5
 150   -37.31326553189      -10.90       -3.81    4.41s
    ‖ρε - ρref‖ = 3.0219022491594484e-5 ‖Δρ‖ = 3.0241610287158632e-5  ‖vε - vref‖ = 1.1644125116446469  α = 8.86e-5
 151   -37.31326553190      -11.25       -3.60    4.93s
    ‖ρε - ρref‖ = 6.154839400786204e-5 ‖Δρ‖ = 6.142032409170765e-5  ‖vε - vref‖ = 1.1644501382994694  α = 2.87e-5
 152   -37.31326553191      -10.91       -3.67    4.07s
    ‖ρε - ρref‖ = 4.378494316486331e-5 ‖Δρ‖ = 4.387682580547311e-5  ‖vε - vref‖ = 1.1645289214241177  α = 5.83e-5
 153   -37.31326553193      -10.78       -3.58    4.27s
    ‖ρε - ρref‖ = 5.3553065406270495e-5 ‖Δρ‖ = 5.339327527270111e-5  ‖vε - vref‖ = 1.1646412108175979  α = 5.6e-5
 154   -37.31326553193      -11.49       -3.18    4.35s
    ‖ρε - ρref‖ = 0.00021942901164995402 ‖Δρ‖ = 0.0002201256341175231  ‖vε - vref‖ = 1.1646625624834914  α = 5.55e-6
 155   -37.31326553195      -10.84       -3.11    4.32s
    ‖ρε - ρref‖ = 0.00016816400158328745 ‖Δρ‖ = 0.00016781666736766514  ‖vε - vref‖ = 1.164759799550636  α = 1.61e-5
 156   -37.31326553195      -11.23       -3.32    4.18s
    ‖ρε - ρref‖ = 0.0001328453621009423 ‖Δρ‖ = 0.00013242189196788242  ‖vε - vref‖ = 1.1648063982183172  α = 1.26e-5
 157   -37.31326553196      -11.18       -2.91    3.87s
    ‖ρε - ρref‖ = 0.0003173075095603315 ‖Δρ‖ = 0.0003176582738583257  ‖vε - vref‖ = 1.1648414268620255  α = 5.33e-6
 158   -37.31326553197      -10.81       -3.87    4.60s
    ‖ρε - ρref‖ = 2.467499894348627e-5 ‖Δρ‖ = 2.490487539627105e-5  ‖vε - vref‖ = 1.1649468447469737  α = 0.000119
 159   -37.31326553199      -10.78       -3.77    4.17s
    ‖ρε - ρref‖ = 3.213905131827895e-5 ‖Δρ‖ = 3.202916128675853e-5  ‖vε - vref‖ = 1.1650620768687174  α = 9.52e-5
 160   -37.31326553200      -11.29       -3.66    4.52s
    ‖ρε - ρref‖ = 5.056312823052659e-5 ‖Δρ‖ = 5.051591350184664e-5  ‖vε - vref‖ = 1.165098228301695  α = 3.4e-5
 161   -37.31326553201      -10.72       -3.85    4.76s
    ‖ρε - ρref‖ = 2.4333444030235302e-5 ‖Δρ‖ = 2.4220612246547312e-5  ‖vε - vref‖ = 1.1652355317145378  α = 0.000133
 162   -37.31326553202      -11.14       -3.81    3.84s
    ‖ρε - ρref‖ = 3.440808037183867e-5 ‖Δρ‖ = 3.4467528182880015e-5  ‖vε - vref‖ = 1.1652883440474038  α = 5.79e-5
 163   -37.31326553203      -11.40       -3.81    4.30s
    ‖ρε - ρref‖ = 3.8695295363192944e-5 ‖Δρ‖ = 3.855926800493791e-5  ‖vε - vref‖ = 1.1653207181564726  α = 3.72e-5
 164   -37.31326553204      -10.89       -3.65    4.09s
    ‖ρε - ρref‖ = 3.990941545714825e-5 ‖Δρ‖ = 3.999913334755191e-5  ‖vε - vref‖ = 1.1654156675930594  α = 6.57e-5
 165   -37.31326553204      -11.51       -3.69    4.62s
    ‖ρε - ρref‖ = 5.819229231952974e-5 ‖Δρ‖ = 5.762860194700073e-5  ‖vε - vref‖ = 1.1654412243804446  α = 2.12e-5
 166   -37.31326553204      -11.60       -3.00    4.83s
    ‖ρε - ρref‖ = 0.00028500483795052315 ‖Δρ‖ = 0.0002855098893191085  ‖vε - vref‖ = 1.1654603737134366  α = 3.95e-6
 167   -37.31326553205      -11.31       -3.73    4.75s
    ‖ρε - ρref‖ = 4.420038224737339e-5 ‖Δρ‖ = 4.416258131581418e-5  ‖vε - vref‖ = 1.1655023604057657  α = 3.7e-5
 168   -37.31326553205      -11.71       -3.19    4.36s
    ‖ρε - ρref‖ = 0.00021043586321126755 ‖Δρ‖ = 0.00020979359289260508  ‖vε - vref‖ = 1.1655204116513993  α = 4.1e-6
 169   -37.31326553206      -11.16       -3.52    3.86s
    ‖ρε - ρref‖ = 6.594312835642155e-5 ‖Δρ‖ = 6.598645121080936e-5  ‖vε - vref‖ = 1.1655762289366924  α = 2.78e-5
 170   -37.31326553207      -10.96       -3.79    3.71s
    ‖ρε - ρref‖ = 2.7770044843698487e-5 ‖Δρ‖ = 2.7927949994741627e-5  ‖vε - vref‖ = 1.1656674760432197  α = 8.94e-5
 171   -37.31326553208      -11.13       -4.05    4.59s
    ‖ρε - ρref‖ = 1.7555570284995995e-5 ‖Δρ‖ = 1.7396928586119365e-5  ‖vε - vref‖ = 1.165732601690878  α = 0.000115
 172   -37.31326553208      -11.25       -3.74    3.85s
    ‖ρε - ρref‖ = 3.80768032532054e-5 ‖Δρ‖ = 3.810175080817499e-5  ‖vε - vref‖ = 1.1657820923019457  α = 4.72e-5
 173   -37.31326553209      -11.03       -3.72    4.04s
    ‖ρε - ρref‖ = 3.6166300160771956e-5 ‖Δρ‖ = 3.623896572378969e-5  ‖vε - vref‖ = 1.1658627485026314  α = 6.22e-5
 174   -37.31326553210      -11.01       -3.86    4.50s
    ‖ρε - ρref‖ = 2.412134002964464e-5 ‖Δρ‖ = 2.4061865517405812e-5  ‖vε - vref‖ = 1.1659496317350677  α = 9.87e-5
 175   -37.31326553210      -11.57       -3.75    4.78s
    ‖ρε - ρref‖ = 4.4016727756417676e-5 ‖Δρ‖ = 4.377470185664585e-5  ‖vε - vref‖ = 1.1659748488739339  α = 2.75e-5
 176   -37.31326553211      -11.23       -3.78    4.00s
    ‖ρε - ρref‖ = 3.1987241396213976e-5 ‖Δρ‖ = 3.199478726497081e-5  ‖vε - vref‖ = 1.1660320623176017  α = 5.49e-5
 177   -37.31326553211      -12.05       -3.58    3.88s
    ‖ρε - ρref‖ = 9.094193509532268e-5 ‖Δρ‖ = 9.017262214084245e-5  ‖vε - vref‖ = 1.1660403552892606  α = 7.06e-6
 178   -37.31326553212      -11.14       -3.33    4.30s
    ‖ρε - ρref‖ = 8.175133921082142e-5 ‖Δρ‖ = 8.19224915827144e-5  ‖vε - vref‖ = 1.1661108697083562  α = 2.43e-5
 179   -37.31326553212      -11.67       -3.45    3.85s
    ‖ρε - ρref‖ = 9.583570386763314e-5 ‖Δρ‖ = 9.624598366905173e-5  ‖vε - vref‖ = 1.166133102727734  α = 1.04e-5
 180   -37.31326553212      -11.58       -3.13    3.81s
    ‖ρε - ρref‖ = 0.00018263854826642805 ‖Δρ‖ = 0.00018229103320619943  ‖vε - vref‖ = 1.1661559415846359  α = 5.86e-6
 181   -37.31326553212      -11.63       -3.92    3.65s
    ‖ρε - ρref‖ = 3.090830670288989e-5 ‖Δρ‖ = 3.100918374695521e-5  ‖vε - vref‖ = 1.1661788885500664  α = 3.59e-5
 182   -37.31326553213      -11.22       -4.03    3.77s
    ‖ρε - ρref‖ = 1.754700134397767e-5 ‖Δρ‖ = 1.7565695185538352e-5  ‖vε - vref‖ = 1.1662412581681012  α = 0.000105
 183   -37.31326553214      -11.20       -3.96    4.43s
    ‖ρε - ρref‖ = 2.0229967963662195e-5 ‖Δρ‖ = 2.0072050970418695e-5  ‖vε - vref‖ = 1.1663055468038586  α = 9.25e-5
 184   -37.31326553214      -11.15       -3.90    4.52s
    ‖ρε - ρref‖ = 2.2071370494163848e-5 ‖Δρ‖ = 2.2046154317473637e-5  ‖vε - vref‖ = 1.1663796741250014  α = 9.21e-5
 185   -37.31326553215      -11.32       -3.53    3.99s
    ‖ρε - ρref‖ = 5.411252153851211e-5 ‖Δρ‖ = 5.408505719842464e-5  ‖vε - vref‖ = 1.1664301399254882  α = 3.13e-5
 186   -37.31326553215      -11.22       -4.06    3.82s
    ‖ρε - ρref‖ = 1.601475364652941e-5 ‖Δρ‖ = 1.6041871866925167e-5  ‖vε - vref‖ = 1.1664946848425657  α = 0.000116
 187   -37.31326553216      -11.68       -3.92    4.05s
    ‖ρε - ρref‖ = 2.9263486398254302e-5 ‖Δρ‖ = 2.904029503279885e-5  ‖vε - vref‖ = 1.1665177062248748  α = 3.68e-5
 188   -37.31326553216      -11.35       -3.77    4.74s
    ‖ρε - ρref‖ = 3.1685035566067566e-5 ‖Δρ‖ = 3.193807093526114e-5  ‖vε - vref‖ = 1.1665682409310818  α = 4.43e-5
 189   -37.31326553216      -12.05       -3.13    4.78s
    ‖ρε - ρref‖ = 0.00024430797790140973 ‖Δρ‖ = 0.00024360141053959833  ‖vε - vref‖ = 1.166577261261647  α = 2.67e-6
 190   -37.31326553217      -11.48       -3.94    4.73s
    ‖ρε - ρref‖ = 2.330993865119027e-5 ‖Δρ‖ = 2.3193867261636427e-5  ‖vε - vref‖ = 1.1666144536658718  α = 5.7e-5
 191   -37.31326553217      -12.10       -3.34    4.31s
    ‖ρε - ρref‖ = 0.00014820729341586121 ‖Δρ‖ = 0.00014876783055944954  ‖vε - vref‖ = 1.1666236580308156  α = 3.75e-6
 192   -37.31326553217      -11.68       -3.69    4.20s
    ‖ρε - ρref‖ = 4.900867085117495e-5 ‖Δρ‖ = 4.8876405956725115e-5  ‖vε - vref‖ = 1.1666476873871392  α = 2.12e-5
 193   -37.31326553217      -11.61       -3.91    4.36s
    ‖ρε - ρref‖ = 2.625586674484036e-5 ‖Δρ‖ = 2.633375450041026e-5  ‖vε - vref‖ = 1.166675899781663  α = 4.33e-5
 194   -37.31326553217      -11.57       -4.02    4.63s
    ‖ρε - ρref‖ = 2.0262927563297953e-5 ‖Δρ‖ = 2.0186837625769194e-5  ‖vε - vref‖ = 1.1667082482246052  α = 6.12e-5
 195   -37.31326553218      -11.29       -4.00    4.02s
    ‖ρε - ρref‖ = 1.67538364870654e-5 ‖Δρ‖ = 1.655188724695434e-5  ‖vε - vref‖ = 1.1667704915106043  α = 0.000105
 196   -37.31326553218      -11.50       -4.12    4.08s
    ‖ρε - ρref‖ = 1.5971564886648393e-5 ‖Δρ‖ = 1.615787931834051e-5  ‖vε - vref‖ = 1.166808376241842  α = 8.23e-5
 197   -37.31326553218      -11.62       -3.90    3.70s
    ‖ρε - ρref‖ = 2.710952440088217e-5 ‖Δρ‖ = 2.7149044724560353e-5  ‖vε - vref‖ = 1.1668380672169802  α = 4.36e-5
 198   -37.31326553219      -11.30       -3.90    3.78s
    ‖ρε - ρref‖ = 2.1790425301715808e-5 ‖Δρ‖ = 2.170981921995511e-5  ‖vε - vref‖ = 1.1669010204831116  α = 7.98e-5
 199   -37.31326553219      -11.71       -4.16    3.91s
    ‖ρε - ρref‖ = 1.70778274346156e-5 ‖Δρ‖ = 1.676812129337743e-5  ‖vε - vref‖ = 1.1669263898554905  α = 6.09e-5
 200   -37.31326553219      -11.78       -3.68    4.21s
    ‖ρε - ρref‖ = 5.2907474406665895e-5 ‖Δρ‖ = 5.354798066469098e-5  ‖vε - vref‖ = 1.1669484335028966  α = 1.59e-5
 201   -37.31326553220      -11.61       -3.02    4.07s
    ‖ρε - ρref‖ = 0.0002154602102180258 ‖Δρ‖ = 0.00021508441668335852  ‖vε - vref‖ = 1.1669811358431044  α = 5.42e-6
 202   -37.31326553220      -11.43       -3.87    4.13s
    ‖ρε - ρref‖ = 2.718712962633438e-5 ‖Δρ‖ = 2.688821979917489e-5  ‖vε - vref‖ = 1.1670303802381086  α = 5.11e-5
 203   -37.31326553220      -11.66       -2.96    4.42s
    ‖ρε - ρref‖ = 0.00025294024384402624 ‖Δρ‖ = 0.0002534318362796758  ‖vε - vref‖ = 1.1670570819846695  α = 3.68e-6
 204   -37.31326553220      -11.99       -3.96    4.58s
    ‖ρε - ρref‖ = 2.8851896336379656e-5 ‖Δρ‖ = 2.8704609722401567e-5  ‖vε - vref‖ = 1.1670702252492489  α = 2.48e-5
 205   -37.31326553220      -11.96       -4.08    4.12s
    ‖ρε - ρref‖ = 2.012310326410755e-5 ‖Δρ‖ = 2.0077862365592196e-5  ‖vε - vref‖ = 1.1670851228920291  α = 3.95e-5
 206   -37.31326553221      -11.69       -4.38    4.05s
    ‖ρε - ρref‖ = 9.80310181444977e-6 ‖Δρ‖ = 9.655984205829343e-6  ‖vε - vref‖ = 1.1671142733628577  α = 0.000107
 207   -37.31326553221      -11.27       -3.94    3.82s
    ‖ρε - ρref‖ = 1.9184285783076702e-5 ‖Δρ‖ = 1.9106766688340083e-5  ‖vε - vref‖ = 1.167188788628659  α = 9.17e-5
 208   -37.31326553221      -11.43       -4.15    3.72s
    ‖ρε - ρref‖ = 1.2730864954802494e-5 ‖Δρ‖ = 1.2858880536405439e-5  ‖vε - vref‖ = 1.1672390275917943  α = 0.000112
 209   -37.31326553222      -11.66       -3.83    3.88s
    ‖ρε - ρref‖ = 3.1249656477859885e-5 ‖Δρ‖ = 3.117830477893598e-5  ‖vε - vref‖ = 1.1672696538530534  α = 3.61e-5
 210   -37.31326553222      -11.63       -3.98    3.92s
    ‖ρε - ρref‖ = 2.0729289184739886e-5 ‖Δρ‖ = 2.0553393864835984e-5  ‖vε - vref‖ = 1.167302762934153  α = 5.65e-5
 211   -37.31326553222      -11.72       -4.14    4.48s
    ‖ρε - ρref‖ = 1.595169522339911e-5 ‖Δρ‖ = 1.5542780618921193e-5  ‖vε - vref‖ = 1.1673303421427808  α = 6.47e-5
 212   -37.31326553222      -12.20       -3.31    3.87s
    ‖ρε - ρref‖ = 0.0001480492631455854 ‖Δρ‖ = 0.00014875096233677365  ‖vε - vref‖ = 1.1673381952436261  α = 3.59e-6
 213   -37.31326553222      -11.86       -3.64    4.66s
    ‖ρε - ρref‖ = 5.575750225196234e-5 ‖Δρ‖ = 5.58064738480565e-5  ‖vε - vref‖ = 1.1673592157084591  α = 1.54e-5
 214   -37.31326553222      -12.21       -4.14    3.96s
    ‖ρε - ρref‖ = 2.4654576999667028e-5 ‖Δρ‖ = 2.4129013104881914e-5  ‖vε - vref‖ = 1.1673695407555933  α = 2.13e-5
 215   -37.31326553223      -11.49       -3.36    4.76s
    ‖ρε - ρref‖ = 8.295989024091128e-5 ‖Δρ‖ = 8.321378118318409e-5  ‖vε - vref‖ = 1.1674167634352632  α = 1.48e-5
 216   -37.31326553223      -11.64       -4.01    4.73s
    ‖ρε - ρref‖ = 2.1509669778529344e-5 ‖Δρ‖ = 2.1278679476994088e-5  ‖vε - vref‖ = 1.1674516251145055  α = 5.02e-5
 217   -37.31326553223      -11.55       -3.74    4.69s
    ‖ρε - ρref‖ = 3.7648496899736414e-5 ‖Δρ‖ = 3.7528287985804695e-5  ‖vε - vref‖ = 1.1674938446475625  α = 3.33e-5
 218   -37.31326553223      -11.52       -4.11    3.84s
    ‖ρε - ρref‖ = 1.527946682818415e-5 ‖Δρ‖ = 1.5250134493797868e-5  ‖vε - vref‖ = 1.167539210399811  α = 8.62e-5
 219   -37.31326553224      -11.60       -3.90    3.75s
    ‖ρε - ρref‖ = 2.6051734650843145e-5 ‖Δρ‖ = 2.6130955092137657e-5  ‖vε - vref‖ = 1.1675758145285982  α = 4.5e-5
 220   -37.31326553224      -11.72       -4.30    3.81s
    ‖ρε - ρref‖ = 1.024682543039166e-5 ‖Δρ‖ = 1.0324345556451278e-5  ‖vε - vref‖ = 1.1676042305416412  α = 9.98e-5
 221   -37.31326553224      -11.83       -4.16    4.12s
    ‖ρε - ρref‖ = 1.4944718000315103e-5 ‖Δρ‖ = 1.4832347871201603e-5  ‖vε - vref‖ = 1.1676265817844562  α = 6.17e-5
 222   -37.31326553224      -11.81       -3.94    4.18s
    ‖ρε - ρref‖ = 2.282098611113777e-5 ‖Δρ‖ = 2.2800468681998632e-5  ‖vε - vref‖ = 1.1676492922612745  α = 4.15e-5
 223   -37.31326553224      -12.27       -4.15    4.41s
    ‖ρε - ρref‖ = 2.0513146164628244e-5 ‖Δρ‖ = 1.9798795228828465e-5  ‖vε - vref‖ = 1.1676584589151209  α = 2.64e-5
 224   -37.31326553224      -11.89       -3.24    4.44s
    ‖ρε - ρref‖ = 0.00012138640848926544 ‖Δρ‖ = 0.00012169119570646976  ‖vε - vref‖ = 1.1676764057344307  α = 6.83e-6
 225   -37.31326553225      -11.90       -3.85    3.87s
    ‖ρε - ρref‖ = 3.237880362838901e-5 ‖Δρ‖ = 3.255787081035669e-5  ‖vε - vref‖ = 1.1676960551782485  α = 2.49e-5
 226   -37.31326553225      -12.34       -3.74    3.87s
    ‖ρε - ρref‖ = 6.457787377250261e-5 ‖Δρ‖ = 6.39878029901587e-5  ‖vε - vref‖ = 1.1677030388188363  α = 6.34e-6
 227   -37.31326553225      -11.47       -3.60    4.14s
    ‖ρε - ρref‖ = 4.177239484443073e-5 ‖Δρ‖ = 4.1729571548296334e-5  ‖vε - vref‖ = 1.167754528405034  α = 3.21e-5
 228   -37.31326553225      -12.06       -4.33    3.79s
    ‖ρε - ρref‖ = 1.1998517709380566e-5 ‖Δρ‖ = 1.1853731271938138e-5  ‖vε - vref‖ = 1.1677677681619587  α = 5.53e-5
 229   -37.31326553225      -11.78       -4.00    4.05s
    ‖ρε - ρref‖ = 2.189634399338135e-5 ‖Δρ‖ = 2.192864513885726e-5  ‖vε - vref‖ = 1.1677928311389416  α = 4.31e-5
 230   -37.31326553225      -11.59       -4.14    4.51s
    ‖ρε - ρref‖ = 1.3707636175103829e-5 ‖Δρ‖ = 1.3662171095855636e-5  ‖vε - vref‖ = 1.1678305266383973  α = 8.38e-5
 231   -37.31326553226      -11.70       -4.07    3.70s
    ‖ρε - ρref‖ = 1.742594211330723e-5 ‖Δρ‖ = 1.7422535146807473e-5  ‖vε - vref‖ = 1.1678601377993338  α = 6.13e-5
 232   -37.31326553226      -11.67       -4.06    4.05s
    ‖ρε - ρref‖ = 1.773585982569534e-5 ‖Δρ‖ = 1.773867709693404e-5  ‖vε - vref‖ = 1.167891465768457  α = 6.2e-5
 233   -37.31326553226      -11.80       -4.33    4.56s
    ‖ρε - ρref‖ = 1.004885420334338e-5 ‖Δρ‖ = 9.7568803725973e-6  ‖vε - vref‖ = 1.16791458955063  α = 9.59e-5
 234   -37.31326553226      -11.78       -3.94    4.23s
    ‖ρε - ρref‖ = 2.3635901181250795e-5 ‖Δρ‖ = 2.37446283055916e-5  ‖vε - vref‖ = 1.1679386802630216  α = 4.14e-5
 235   -37.31326553226      -12.56       -3.60    3.75s
    ‖ρε - ρref‖ = 9.286304958721259e-5 ‖Δρ‖ = 9.212997979994918e-5  ‖vε - vref‖ = 1.1679430623532432  α = 3.97e-6
 236   -37.31326553226      -11.57       -3.75    4.04s
    ‖ρε - ρref‖ = 3.081683678793432e-5 ‖Δρ‖ = 3.0983951048842386e-5  ‖vε - vref‖ = 1.1679799398445143  α = 4.05e-5
 237   -37.31326553227      -12.17       -3.75    4.52s
    ‖ρε - ρref‖ = 4.908696467835749e-5 ‖Δρ‖ = 4.9647413936141454e-5  ‖vε - vref‖ = 1.1679898137143532  α = 1.14e-5
 238   -37.31326553227      -12.23       -3.43    4.01s
    ‖ρε - ρref‖ = 0.00010558876726496446 ‖Δρ‖ = 0.00010532190005473001  ‖vε - vref‖ = 1.1679968960468274  α = 4.64e-6
 239   -37.31326553227      -11.60       -4.11    4.32s
    ‖ρε - ρref‖ = 1.3588291604303244e-5 ‖Δρ‖ = 1.3379834946900144e-5  ‖vε - vref‖ = 1.1680321775634657  α = 8.83e-5
 240   -37.31326553227      -11.82       -4.15    4.02s
    ‖ρε - ρref‖ = 1.5466669831404394e-5 ‖Δρ‖ = 1.5254948472438718e-5  ‖vε - vref‖ = 1.1680523828582572  α = 5.61e-5
 241   -37.31326553227      -11.91       -3.86    4.29s
    ‖ρε - ρref‖ = 3.0905562058369596e-5 ‖Δρ‖ = 3.08926074891478e-5  ‖vε - vref‖ = 1.1680681656194505  α = 2.6e-5
 242   -37.31326553227      -11.92       -4.35    3.82s
    ‖ρε - ρref‖ = 9.288767845484979e-6 ‖Δρ‖ = 9.223300069657003e-6  ‖vε - vref‖ = 1.168083972434459  α = 8.81e-5
 243   -37.31326553227      -11.81       -4.26    4.26s
    ‖ρε - ρref‖ = 1.1040939742433983e-5 ‖Δρ‖ = 1.096392138099114e-5  ‖vε - vref‖ = 1.1681033571660837  α = 8.51e-5
 244   -37.31326553228      -11.93       -4.11    4.10s
    ‖ρε - ρref‖ = 1.6823789360474816e-5 ‖Δρ‖ = 1.678170762068067e-5  ‖vε - vref‖ = 1.1681181618829624  α = 4.83e-5
 245   -37.31326553228      -11.65       -4.39    4.25s
    ‖ρε - ρref‖ = 7.4154548598938165e-6 ‖Δρ‖ = 7.231848146075608e-6  ‖vε - vref‖ = 1.1681454750332763  α = 0.000157
 246   -37.31326553228      -12.22       -3.77    4.19s
    ‖ρε - ρref‖ = 4.5460382786748725e-5 ‖Δρ‖ = 4.613523136667996e-5  ‖vε - vref‖ = 1.1681527443065787  α = 1.18e-5
 247   -37.31326553228      -12.07       -3.28    4.26s
    ‖ρε - ρref‖ = 0.00012819431638835653 ‖Δρ‖ = 0.00012788972101588825  ‖vε - vref‖ = 1.1681620486486288  α = 5.18e-6
 248   -37.31326553228      -12.04       -4.17    3.73s
    ‖ρε - ρref‖ = 1.4145114654898696e-5 ‖Δρ‖ = 1.399030820155513e-5  ‖vε - vref‖ = 1.168172942378447  α = 5.14e-5
 249   -37.31326553228      -12.54       -3.55    4.25s
    ‖ρε - ρref‖ = 8.722542971294491e-5 ‖Δρ‖ = 8.784991712451765e-5  ‖vε - vref‖ = 1.168176410364638  α = 4.04e-6
 250   -37.31326553228      -12.15       -3.84    4.20s
    ‖ρε - ρref‖ = 3.456208134365458e-5 ‖Δρ‖ = 3.458743356135153e-5  ‖vε - vref‖ = 1.1681842522234913  α = 1.75e-5
 251   -37.31326553228      -11.79       -4.19    4.63s
    ‖ρε - ρref‖ = 1.148572408599543e-5 ‖Δρ‖ = 1.1139867234130005e-5  ‖vε - vref‖ = 1.1682031033547333  α = 8.52e-5
 252   -37.31326553228      -12.23       -4.28    4.32s
    ‖ρε - ρref‖ = 1.2752340693606562e-5 ‖Δρ‖ = 1.2579996921660078e-5  ‖vε - vref‖ = 1.1682094188339258  α = 4.36e-5
 253   -37.31326553228      -12.19       -4.15    4.72s
    ‖ρε - ρref‖ = 1.7344593697932764e-5 ‖Δρ‖ = 1.7395240113927936e-5  ‖vε - vref‖ = 1.1682160965356594  α = 3.24e-5
 254   -37.31326553228      -11.90       -4.44    4.63s
    ‖ρε - ρref‖ = 6.904848659142962e-6 ‖Δρ‖ = 6.812464771056442e-6  ‖vε - vref‖ = 1.1682283976868901  α = 0.000121
 255   -37.31326553229      -12.14       -4.41    4.84s
    ‖ρε - ρref‖ = 9.235282485935618e-6 ‖Δρ‖ = 9.098943222246134e-6  ‖vε - vref‖ = 1.1682355757081184  α = 7.08e-5
 256   -37.31326553229      -11.87       -4.25    4.47s
    ‖ρε - ρref‖ = 1.0911436794956654e-5 ‖Δρ‖ = 1.0855298838155563e-5  ‖vε - vref‖ = 1.168247492153384  α = 8.0e-5
 257   -37.31326553229      -11.86       -4.18    4.42s
    ‖ρε - ρref‖ = 1.2863042611474754e-5 ‖Δρ‖ = 1.2589823639821635e-5  ‖vε - vref‖ = 1.1682598877650932  α = 6.93e-5
 258   -37.31326553229      -12.50       -3.39    4.31s
    ‖ρε - ρref‖ = 0.0001298594590023902 ‖Δρ‖ = 0.00013058702837250247  ‖vε - vref‖ = 1.168261741826834  α = 2.79e-6
 259   -37.31326553229      -12.18       -4.04    4.08s
    ‖ρε - ρref‖ = 2.2346001502679297e-5 ‖Δρ‖ = 2.239537307032845e-5  ‖vε - vref‖ = 1.1682669567886772  α = 2.71e-5
 260   -37.31326553229      -12.56       -4.16    4.66s
    ‖ρε - ρref‖ = 2.1690850485645123e-5 ‖Δρ‖ = 2.1101337734092456e-5  ‖vε - vref‖ = 1.1682694075322924  α = 1.64e-5
 261   -37.31326553229      -12.15       -3.50    4.69s
    ‖ρε - ρref‖ = 6.954908586957643e-5 ‖Δρ‖ = 6.971454271824264e-5  ‖vε - vref‖ = 1.1682744240004361  α = 8.7e-6
 262   -37.31326553229      -12.42       -4.08    4.64s
    ‖ρε - ρref‖ = 2.1830887703339407e-5 ‖Δρ‖ = 2.1832334826610123e-5  ‖vε - vref‖ = 1.1682775012475968  α = 2.11e-5
 263   -37.31326553229      -12.11       -4.39    4.32s
    ‖ρε - ρref‖ = 8.228392689809311e-6 ‖Δρ‖ = 8.003599352125479e-6  ‖vε - vref‖ = 1.1682827287714295  α = 8.07e-5
 264   -37.31326553229      -12.32       -4.36    4.31s
    ‖ρε - ρref‖ = 9.407593798222693e-6 ‖Δρ‖ = 9.329603053443025e-6  ‖vε - vref‖ = 1.1682857763353451  α = 5.48e-5
 265   -37.31326553229      -12.35       -4.10    4.33s
    ‖ρε - ρref‖ = 1.7605900047420767e-5 ‖Δρ‖ = 1.7729137904917458e-5  ‖vε - vref‖ = 1.1682880680023255  α = 2.73e-5
 266   -37.31326553229      -11.62       -4.64    3.96s
    ‖ρε - ρref‖ = 3.531416275563369e-6 ‖Δρ‖ = 3.321728234638922e-6  ‖vε - vref‖ = 1.1683004765464233  α = 0.000349
 267   -37.31326553230      -12.14       -4.19    4.16s
    ‖ρε - ρref‖ = 1.4708833247761493e-5 ‖Δρ‖ = 1.4549797050037971e-5  ‖vε - vref‖ = 1.1683036540379776  α = 4.18e-5
 268   -37.31326553230      -12.30       -4.36    4.28s
    ‖ρε - ρref‖ = 9.8341775331818e-6 ‖Δρ‖ = 9.722228449580775e-6  ‖vε - vref‖ = 1.168305737933303  α = 5.47e-5
 269   -37.31326553230      -12.97       -4.26    4.77s
    ‖ρε - ρref‖ = 2.1146501109580318e-5 ‖Δρ‖ = 2.0341361653313258e-5  ‖vε - vref‖ = 1.1683061369547119  α = 9.93e-6
 270   -37.31326553230      -12.11       -3.81    4.21s
    ‖ρε - ρref‖ = 2.9161219885481257e-5 ‖Δρ‖ = 2.923272971510083e-5  ‖vε - vref‖ = 1.1683086842867016  α = 2.31e-5
 271   -37.31326553230      -12.17       -4.08    4.24s
    ‖ρε - ρref‖ = 1.869543931623405e-5 ‖Δρ‖ = 1.9071725972232932e-5  ‖vε - vref‖ = 1.1683107602865015  α = 3.05e-5
 272   -37.31326553230      -12.58       -3.51    4.26s
    ‖ρε - ρref‖ = 9.34738806664359e-5 ‖Δρ‖ = 9.305597208430472e-5  ‖vε - vref‖ = 1.168311341274146  α = 3.76e-6
 273   -37.31326553230      -12.03       -4.04    3.85s
    ‖ρε - ρref‖ = 1.8130428723434592e-5 ‖Δρ‖ = 1.8192557382281946e-5  ‖vε - vref‖ = 1.1683136739947027  α = 3.97e-5
 274   -37.31326553230      -12.17       -4.00    4.42s
    ‖ρε - ρref‖ = 2.275803820648224e-5 ‖Δρ‖ = 2.288349880215484e-5  ‖vε - vref‖ = 1.1683150530936737  α = 2.7e-5
 275   -37.31326553230      -11.87       -4.31    4.52s
    ‖ρε - ρref‖ = 9.969724269232952e-6 ‖Δρ‖ = 9.757494021973838e-6  ‖vε - vref‖ = 1.1683180198969914  α = 8.83e-5
 276   -37.31326553230      -12.28       -4.29    4.30s
    ‖ρε - ρref‖ = 1.3225589286414905e-5 ‖Δρ‖ = 1.3089350174347889e-5  ‖vε - vref‖ = 1.1683190255250795  α = 3.75e-5
 277   -37.31326553230      -12.00       -4.11    4.65s
    ‖ρε - ρref‖ = 1.4474259461322708e-5 ‖Δρ‖ = 1.4526196623639941e-5  ‖vε - vref‖ = 1.1683204363681792  α = 5.05e-5
 278   -37.31326553230      -11.90       -4.38    4.34s
    ‖ρε - ρref‖ = 7.884847882517524e-6 ‖Δρ‖ = 7.568693084164368e-6  ‖vε - vref‖ = 1.1683220645944763  α = 0.00011
 279   -37.31326553230      -12.13       -4.51    3.78s
    ‖ρε - ρref‖ = 7.237353807886672e-6 ‖Δρ‖ = 7.025706417352695e-6  ‖vε - vref‖ = 1.1683223371674396  α = 9.05e-5
 280   -37.31326553231      -12.12       -4.21    4.67s
    ‖ρε - ρref‖ = 1.353008776835747e-5 ‖Δρ‖ = 1.3931651856014529e-5  ‖vε - vref‖ = 1.1683222497191597  α = 4.4e-5
 281   -37.31326553231      -12.50       -3.36    4.29s
    ‖ρε - ρref‖ = 0.00012693970830534844 ‖Δρ‖ = 0.0001263571240504071  ‖vε - vref‖ = 1.1683219982535988  α = 3.05e-6
 282   -37.31326553231      -12.03       -4.26    4.22s
    ‖ρε - ρref‖ = 1.1398944872230828e-5 ‖Δρ‖ = 1.1349628075592238e-5  ‖vε - vref‖ = 1.1683210979131704  α = 6.38e-5
 283   -37.31326553231      -12.72       -3.87    4.26s
    ‖ρε - ρref‖ = 4.64181449537092e-5 ‖Δρ‖ = 4.707974839224765e-5  ‖vε - vref‖ = 1.168320920127129  α = 5.68e-6
 284   -37.31326553231      -12.18       -3.74    4.12s
    ‖ρε - ρref‖ = 3.694707965579882e-5 ‖Δρ‖ = 3.693847379013045e-5  ‖vε - vref‖ = 1.1683197162746117  α = 1.67e-5
 285   -37.31326553231      -12.17       -4.11    4.12s
    ‖ρε - ρref‖ = 1.738081130647925e-5 ‖Δρ‖ = 1.7255180169547643e-5  ‖vε - vref‖ = 1.1683186822960745  α = 3.57e-5
 286   -37.31326553231      -12.38       -4.12    4.37s
    ‖ρε - ρref‖ = 1.7835933959661848e-5 ‖Δρ‖ = 1.7818469193127518e-5  ‖vε - vref‖ = 1.1683179379658837  α = 2.6e-5
 287   -37.31326553231      -12.01       -4.50    4.51s
    ‖ρε - ρref‖ = 6.0452910359807694e-6 ‖Δρ‖ = 5.8449782424168965e-6  ‖vε - vref‖ = 1.168315887045115  α = 0.000125
 288   -37.31326553231      -12.30       -4.23    4.01s
    ‖ρε - ρref‖ = 1.4618783060225387e-5 ‖Δρ‖ = 1.451365349369641e-5  ‖vε - vref‖ = 1.1683145051034052  α = 3.49e-5
 289   -37.31326553231      -11.92       -4.11    4.01s
    ‖ρε - ρref‖ = 1.3675086778228904e-5 ‖Δρ‖ = 1.3768997242652823e-5  ‖vε - vref‖ = 1.16831086177262  α = 5.98e-5
 290   -37.31326553231      -12.03       -4.41    3.94s
    ‖ρε - ρref‖ = 7.384066001777664e-6 ‖Δρ‖ = 7.0420680568047356e-6  ‖vε - vref‖ = 1.1683081105675475  α = 0.000102
 291   -37.31326553231      -12.07       -4.36    4.03s
    ‖ρε - ρref‖ = 8.398101707186731e-6 ‖Δρ‖ = 8.176726136886508e-6  ‖vε - vref‖ = 1.1683046249493323  α = 8.33e-5
 292   -37.31326553231      -13.15       -3.95    3.65s
    ‖ρε - ρref‖ = 4.315290142695991e-5 ‖Δρ‖ = 4.391547615628035e-5  ‖vε - vref‖ = 1.1683043305921965  α = 3.82e-6
 293   -37.31326553231      -12.45       -4.14    4.20s
    ‖ρε - ρref‖ = 1.781416966592414e-5 ‖Δρ‖ = 1.777939706149865e-5  ‖vε - vref‖ = 1.168302644506986  α = 2.36e-5
 294   -37.31326553231      -12.62       -4.44    3.94s
    ‖ρε - ρref‖ = 9.649942651292441e-6 ‖Δρ‖ = 9.169506402166277e-6  ‖vε - vref‖ = 1.1683015263235543  α = 3.74e-5
 295   -37.31326553231      -12.46       -3.50    4.15s
    ‖ρε - ρref‖ = 7.145833069210181e-5 ‖Δρ‖ = 7.185340465204349e-5  ‖vε - vref‖ = 1.1682994428095839  α = 5.54e-6
 296   -37.31326553231      -12.38       -4.18    4.48s
    ‖ρε - ρref‖ = 1.3857309730702504e-5 ‖Δρ‖ = 1.3897754004757152e-5  ‖vε - vref‖ = 1.1682970233944403  α = 3.36e-5
 297   -37.31326553231      -12.29       -4.19    4.72s
    ‖ρε - ρref‖ = 1.2602874789262357e-5 ‖Δρ‖ = 1.2440077237646838e-5  ‖vε - vref‖ = 1.1682937694917057  α = 4.45e-5
 298   -37.31326553232      -12.32       -4.12    3.85s
    ‖ρε - ρref‖ = 1.604646157578468e-5 ‖Δρ‖ = 1.6050352641921483e-5  ‖vε - vref‖ = 1.168290524772513  α = 3.18e-5
 299   -37.31326553232      -12.22       -4.43    3.71s
    ‖ρε - ρref‖ = 7.561767505993898e-6 ‖Δρ‖ = 7.597623700807866e-6  ‖vε - vref‖ = 1.1682862869211659  α = 7.52e-5
 300   -37.31326553232      -12.64       -4.43    3.75s
    ‖ρε - ρref‖ = 1.073374274790763e-5 ‖Δρ‖ = 1.0618505165477543e-5  ‖vε - vref‖ = 1.1682845186750157  α = 3.24e-5
Trying again with Newton's method ...
n     Energy            log10(ΔE)   log10(Δρ)   Δtime 
---   ---------------   ---------   ---------   ------
  1   -37.31326553233                   -7.67     340s
    ‖ρε - ρref‖ = 1.2467873111607064e-6 ‖Δρ‖ = 2.3716684111299586e-9  ‖vε - vref‖ = 1.1680536351174788
  2   -37.31326553233      -11.37       -7.87     337s
    ‖ρε - ρref‖ = 1.2467549189597184e-6 ‖Δρ‖ = 1.5194448546939575e-9  ‖vε - vref‖ = 1.1679657371359597
    Stopping to avoid numerical instabilities.

#-- ‖ρε - ρref‖ = 1.2467549189597184e-6 vs. 3.162277660168379e-9 = δ*ε ‖vε - vref‖ = 1.1679657371359597


# --- ε=1.7782794100389227e-7

n     Energy            log10(ΔE)   log10(Δρ)   Δtime 
---   ---------------   ---------   ---------   ------
  1   -37.31326353401                   -0.11    7.08s
    ‖ρε - ρref‖ = 0.3955059395337201 ‖Δρ‖ = 0.3955053839914899  ‖vε - vref‖ = 2.385450205043383  α = 1.22e-6
  2   -37.31326361212       -7.11       -1.05    3.59s
    ‖ρε - ρref‖ = 0.03467513548908012 ‖Δρ‖ = 0.03467500032660745  ‖vε - vref‖ = 2.1332023170705265  α = 4.05e-6
  3   -37.31326368979       -7.11       -0.89    3.72s
    ‖ρε - ρref‖ = 0.05169805239240888 ‖Δρ‖ = 0.05169783896310793  ‖vε - vref‖ = 1.8078540403007044  α = 2.9e-6
  4   -37.31326375222       -7.20       -1.44    3.50s
    ‖ρε - ρref‖ = 0.009131549330477315 ‖Δρ‖ = 0.009131391947706395  ‖vε - vref‖ = 1.5767756052052122  α = 1.51e-5
  5   -37.31326377234       -7.70       -1.94    3.68s
    ‖ρε - ρref‖ = 0.003084278352337434 ‖Δρ‖ = 0.003084132874145096  ‖vε - vref‖ = 1.5064121717665033  α = 2.45e-5
  6   -37.31326380007       -7.56       -1.62    4.24s
    ‖ρε - ρref‖ = 0.004984928404774334 ‖Δρ‖ = 0.004984781930379333  ‖vε - vref‖ = 1.3879644958489346  α = 1.85e-5
  7   -37.31326380952       -8.02       -2.04    3.86s
    ‖ρε - ρref‖ = 0.002105086149468097 ‖Δρ‖ = 0.002105032089668205  ‖vε - vref‖ = 1.3440532518894392  α = 2.53e-5
  8   -37.31326381242       -8.54       -2.24    3.93s
    ‖ρε - ρref‖ = 0.001496309517567055 ‖Δρ‖ = 0.0014962877910310432  ‖vε - vref‖ = 1.3316840160967502  α = 2.02e-5
  9   -37.31326381704       -8.33       -2.37    3.75s
    ‖ρε - ρref‖ = 0.000935144849288121 ‖Δρ‖ = 0.0009350876922115018  ‖vε - vref‖ = 1.310952457076388  α = 4.05e-5
 10   -37.31326381944       -8.62       -2.34    3.72s
    ‖ρε - ρref‖ = 0.0011171735015380441 ‖Δρ‖ = 0.0011171423659875814  ‖vε - vref‖ = 1.3006120808592943  α = 2.47e-5
 11   -37.31326382388       -8.35       -2.51    3.84s
    ‖ρε - ρref‖ = 0.0006399856598503994 ‖Δρ‖ = 0.0006398965667896889  ‖vε - vref‖ = 1.2814830692705184  α = 5.72e-5
 12   -37.31326382417       -9.53       -2.16    3.79s
    ‖ρε - ρref‖ = 0.003242460175994192 ‖Δρ‖ = 0.003243004406368971  ‖vε - vref‖ = 1.2803127608539766  α = 2.58e-6
 13   -37.31326382642       -8.65       -2.20    3.70s
    ‖ρε - ρref‖ = 0.0015059861630390687 ‖Δρ‖ = 0.0015058814577571056  ‖vε - vref‖ = 1.269864438909878  α = 1.79e-5
 14   -37.31326382667       -9.61       -1.99    3.97s
    ‖ρε - ρref‖ = 0.004801732083751776 ‖Δρ‖ = 0.00480171012929156  ‖vε - vref‖ = 1.268508213025613  α = 1.51e-6
 15   -37.31326382904       -8.62       -2.63    3.98s
    ‖ρε - ρref‖ = 0.00045455956861457626 ‖Δρ‖ = 0.0004544770359562609  ‖vε - vref‖ = 1.258553391496146  α = 6.06e-5
 16   -37.31326382993       -9.05       -2.60    3.79s
    ‖ρε - ρref‖ = 0.0007396157016433203 ‖Δρ‖ = 0.0007396622997470747  ‖vε - vref‖ = 1.2545997334326866  α = 2.18e-5
 17   -37.31326383148       -8.81       -2.37    3.76s
    ‖ρε - ρref‖ = 0.0009588615770269789 ‖Δρ‖ = 0.0009587812063463661  ‖vε - vref‖ = 1.2481990304651345  α = 2.32e-5
 18   -37.31326383254       -8.97       -2.69    3.89s
    ‖ρε - ρref‖ = 0.0005127450517886907 ‖Δρ‖ = 0.0005127109666148453  ‖vε - vref‖ = 1.2451485283491615  α = 3.39e-5
 19   -37.31326383480       -8.65       -2.25    3.66s
    ‖ρε - ρref‖ = 0.0011409115018381803 ‖Δρ‖ = 0.0011408622181105904  ‖vε - vref‖ = 1.235187071532353  α = 2.32e-5
 20   -37.31326383622       -8.85       -2.67    3.81s
    ‖ρε - ρref‖ = 0.00041677549450819007 ‖Δρ‖ = 0.0004167719721801107  ‖vε - vref‖ = 1.2296836139617136  α = 5.02e-5
 21   -37.31326383794       -8.76       -2.37    3.67s
    ‖ρε - ρref‖ = 0.0008249535839927521 ‖Δρ‖ = 0.0008249041053189126  ‖vε - vref‖ = 1.2232216396573214  α = 2.88e-5
 22   -37.31326383921       -8.90       -2.42    3.65s
    ‖ρε - ρref‖ = 0.0008269761916421018 ‖Δρ‖ = 0.0008269157200556142  ‖vε - vref‖ = 1.2175244689425713  α = 2.36e-5
 23   -37.31326384027       -8.97       -2.75    3.78s
    ‖ρε - ρref‖ = 0.00040732892206508627 ‖Δρ‖ = 0.0004072997649019874  ‖vε - vref‖ = 1.2135442240637528  α = 4.5e-5
 24   -37.31326384259       -8.63       -2.45    4.15s
    ‖ρε - ρref‖ = 0.0006060861069292634 ‖Δρ‖ = 0.0006060276618694375  ‖vε - vref‖ = 1.2046832367576874  α = 4.56e-5
 25   -37.31326384267      -10.06       -2.16    3.77s
    ‖ρε - ρref‖ = 0.0028447124308413896 ‖Δρ‖ = 0.0028451943813972203  ‖vε - vref‖ = 1.2043365497451992  α = 1.63e-6
 26   -37.31326384328       -9.21       -2.70    3.68s
    ‖ρε - ρref‖ = 0.00047383186762535613 ‖Δρ‖ = 0.00047373456334249317  ‖vε - vref‖ = 1.2025216772452236  α = 2.79e-5
 27   -37.31326384350       -9.66       -1.93    3.67s
    ‖ρε - ρref‖ = 0.0040106687804009784 ‖Δρ‖ = 0.004010373617406367  ‖vε - vref‖ = 1.2012173249342306  α = 1.8e-6
 28   -37.31326384487       -8.86       -2.87    3.74s
    ‖ρε - ρref‖ = 0.0002594352806089653 ‖Δρ‖ = 0.00025946177417574505  ‖vε - vref‖ = 1.1966577228267017  α = 7.95e-5
 29   -37.31326384561       -9.13       -2.36    3.70s
    ‖ρε - ρref‖ = 0.0010264720921451303 ‖Δρ‖ = 0.0010263857291390036  ‖vε - vref‖ = 1.193948919594563  α = 1.47e-5
 30   -37.31326384725       -8.79       -2.52    3.77s
    ‖ρε - ρref‖ = 0.0005891204698164769 ‖Δρ‖ = 0.0005891261166438671  ‖vε - vref‖ = 1.1879178341436263  α = 3.9e-5
 31   -37.31326384790       -9.19       -2.51    3.74s
    ‖ρε - ρref‖ = 0.0007951227566043847 ‖Δρ‖ = 0.0007950595621363614  ‖vε - vref‖ = 1.186141919127551  α = 1.73e-5
 32   -37.31326384911       -8.92       -2.47    3.76s
    ‖ρε - ρref‖ = 0.0006929409116608821 ‖Δρ‖ = 0.0006928150081923478  ‖vε - vref‖ = 1.1816748057650703  α = 2.68e-5
 33   -37.31326385031       -8.92       -2.71    3.80s
    ‖ρε - ρref‖ = 0.00034952244382163125 ‖Δρ‖ = 0.0003495441059856342  ‖vε - vref‖ = 1.1772201468190864  α = 5.61e-5
 34   -37.31326385087       -9.25       -2.47    3.93s
    ‖ρε - ρref‖ = 0.0007398672518170988 ‖Δρ‖ = 0.0007399076092761669  ‖vε - vref‖ = 1.175341147085185  α = 1.84e-5
 35   -37.31326385165       -9.11       -2.71    3.78s
    ‖ρε - ρref‖ = 0.000365037119534689 ‖Δρ‖ = 0.00036502812379281073  ‖vε - vref‖ = 1.1726846340480301  α = 4.37e-5
 36   -37.31326385242       -9.11       -2.70    3.74s
    ‖ρε - ρref‖ = 0.000433964750513147 ‖Δρ‖ = 0.00043399815248655924  ‖vε - vref‖ = 1.1702916831313868  α = 3.54e-5
 37   -37.31326385255       -9.89       -2.22    3.82s
    ‖ρε - ρref‖ = 0.002183985910732487 ‖Δρ‖ = 0.0021834830196549946  ‖vε - vref‖ = 1.1700679360685622  α = 2.62e-6
 38   -37.31326385358       -8.99       -2.26    4.20s
    ‖ρε - ρref‖ = 0.0010207060755738598 ‖Δρ‖ = 0.0010206584021183014  ‖vε - vref‖ = 1.1665231600808574  α = 1.76e-5
 39   -37.31326385366      -10.08       -2.29    3.75s
    ‖ρε - ρref‖ = 0.0021595506991260657 ‖Δρ‖ = 0.0021598058637864277  ‖vε - vref‖ = 1.166186090286676  α = 1.93e-6
 40   -37.31326385441       -9.13       -2.65    3.66s
    ‖ρε - ρref‖ = 0.00044218468828775153 ‖Δρ‖ = 0.0004422214931505663  ‖vε - vref‖ = 1.1641251686572514  α = 3.41e-5
 41   -37.31326385508       -9.17       -2.78    3.80s
    ‖ρε - ρref‖ = 0.00034682842513488013 ‖Δρ‖ = 0.0003466898485821836  ‖vε - vref‖ = 1.161658732242871  α = 3.99e-5
 42   -37.31326385543       -9.45       -2.41    3.81s
    ‖ρε - ρref‖ = 0.0009075148322462985 ‖Δρ‖ = 0.000907519585749326  ‖vε - vref‖ = 1.1605311996969507  α = 1.16e-5
 43   -37.31326385643       -9.00       -2.97    3.82s
    ‖ρε - ρref‖ = 0.00018365091332629607 ‖Δρ‖ = 0.00018357640230339122  ‖vε - vref‖ = 1.1580679893989527  α = 9.57e-5
 44   -37.31326385723       -9.10       -2.16    3.85s
    ‖ρε - ρref‖ = 0.001250926252974883 ‖Δρ‖ = 0.0012508658399267307  ‖vε - vref‖ = 1.1550983871074099  α = 1.23e-5
 45   -37.31326385780       -9.24       -2.88    3.74s
    ‖ρε - ρref‖ = 0.000268094343947772 ‖Δρ‖ = 0.00026819389980803284  ‖vε - vref‖ = 1.1533614825021117  α = 4.95e-5
 46   -37.31326385836       -9.25       -2.76    3.80s
    ‖ρε - ρref‖ = 0.0003263720274746605 ‖Δρ‖ = 0.0003263766514157445  ‖vε - vref‖ = 1.1516806366481653  α = 4.12e-5
 47   -37.31326385906       -9.16       -2.47    3.75s
    ‖ρε - ρref‖ = 0.0006037892028270336 ‖Δρ‖ = 0.0006037104445333412  ‖vε - vref‖ = 1.1496766062166326  α = 2.49e-5
 48   -37.31326385939       -9.48       -2.80    3.80s
    ‖ρε - ρref‖ = 0.00032721187160811283 ‖Δρ‖ = 0.0003272847284493086  ‖vε - vref‖ = 1.1486622913058926  α = 3.15e-5
 49   -37.31326385945      -10.27       -2.27    3.71s
    ‖ρε - ρref‖ = 0.0019633030849977194 ‖Δρ‖ = 0.0019628240241939664  ‖vε - vref‖ = 1.1485214434883257  α = 1.87e-6
 50   -37.31326385982       -9.43       -2.69    3.70s
    ‖ρε - ρref‖ = 0.00045123568941040206 ‖Δρ‖ = 0.00045123170797463775  ‖vε - vref‖ = 1.1475030323395035  α = 2.34e-5
 51   -37.31326385987      -10.24       -2.39    3.77s
    ‖ρε - ρref‖ = 0.0015543620288607225 ‖Δρ‖ = 0.00155463730967375  ‖vε - vref‖ = 1.1473995191808255  α = 2.25e-6
 52   -37.31326386034       -9.34       -2.61    3.68s
    ‖ρε - ρref‖ = 0.0004673495467363817 ‖Δρ‖ = 0.0004673612574882033  ‖vε - vref‖ = 1.14594194066267  α = 2.57e-5
 53   -37.31326386070       -9.44       -2.94    3.71s
    ‖ρε - ρref‖ = 0.00020063204390235336 ‖Δρ‖ = 0.00020048870440368734  ‖vε - vref‖ = 1.1451045851200694  α = 5.35e-5
 54   -37.31326386088       -9.75       -2.68    3.84s
    ‖ρε - ρref‖ = 0.0004798863439545004 ‖Δρ‖ = 0.0004799293570924122  ‖vε - vref‖ = 1.1445165372513142  α = 1.51e-5
 55   -37.31326386134       -9.34       -2.75    3.81s
    ‖ρε - ρref‖ = 0.0003032178457356193 ‖Δρ‖ = 0.00030319945775195145  ‖vε - vref‖ = 1.1434826636396513  α = 4.01e-5
 56   -37.31326386152       -9.73       -2.79    3.75s
    ‖ρε - ρref‖ = 0.0003895174329385726 ‖Δρ‖ = 0.0003894957738126322  ‖vε - vref‖ = 1.143113871745891  α = 1.86e-5
 57   -37.31326386203       -9.30       -2.70    3.62s
    ‖ρε - ρref‖ = 0.0003473808463700769 ‖Δρ‖ = 0.00034735053160485515  ‖vε - vref‖ = 1.1418587166653076  α = 3.45e-5
 58   -37.31326386248       -9.34       -2.82    3.74s
    ‖ρε - ρref‖ = 0.000251704055882285 ‖Δρ‖ = 0.00025169690874085935  ‖vε - vref‖ = 1.1405426124967748  α = 4.85e-5
 59   -37.31326386278       -9.53       -2.81    3.89s
    ‖ρε - ρref‖ = 0.0002969397479120446 ‖Δρ‖ = 0.0002968983119050897  ‖vε - vref‖ = 1.1398253548861623  α = 3.31e-5
 60   -37.31326386308       -9.52       -2.65    3.72s
    ‖ρε - ρref‖ = 0.00043993595042715757 ‖Δρ‖ = 0.0004399825429553013  ‖vε - vref‖ = 1.1390821047581938  α = 2.21e-5
 61   -37.31326386310      -10.73       -2.57    3.80s
    ‖ρε - ρref‖ = 0.001107070723074235 ‖Δρ‖ = 0.001106604252356364  ‖vε - vref‖ = 1.1390301819567836  α = 1.96e-6
 62   -37.31326386341       -9.51       -2.90    3.86s
    ‖ρε - ρref‖ = 0.0002157363398921804 ‖Δρ‖ = 0.00021576593574914105  ‖vε - vref‖ = 1.138558673425226  α = 4.53e-5
 63   -37.31326386347      -10.18       -2.23    3.75s
    ‖ρε - ρref‖ = 0.0016895040414525687 ‖Δρ‖ = 0.0016897949648283224  ‖vε - vref‖ = 1.1383275002419904  α = 2.25e-6
 64   -37.31326386376       -9.54       -2.45    3.82s
    ‖ρε - ρref‖ = 0.0006175979332600017 ‖Δρ‖ = 0.0006175828279776707  ‖vε - vref‖ = 1.137516062206942  α = 1.54e-5
 65   -37.31326386399       -9.63       -3.08    3.65s
    ‖ρε - ρref‖ = 0.00015091372112191026 ‖Δρ‖ = 0.00015073435134134105  ‖vε - vref‖ = 1.1370595964389185  α = 5.69e-5
 66   -37.31326386415       -9.82       -2.98    3.76s
    ‖ρε - ρref‖ = 0.00022143306206550456 ‖Δρ‖ = 0.00022149044709209294  ‖vε - vref‖ = 1.1367828009804803  α = 3.0e-5
 67   -37.31326386432       -9.76       -2.61    3.73s
    ‖ρε - ρref‖ = 0.00045619395204092925 ‖Δρ‖ = 0.0004561561826315195  ‖vε - vref‖ = 1.1363755015539043  α = 1.65e-5
 68   -37.31326386448       -9.81       -3.06    3.62s
    ‖ρε - ρref‖ = 0.00017364329792189244 ‖Δρ‖ = 0.0001736408325936737  ‖vε - vref‖ = 1.1361410503762202  α = 4.02e-5
 69   -37.31326386462       -9.84       -2.72    3.77s
    ‖ρε - ρref‖ = 0.00039623950857697513 ‖Δρ‖ = 0.0003962327767920635  ‖vε - vref‖ = 1.1359575179610153  α = 1.59e-5
 70   -37.31326386492       -9.52       -2.94    3.66s
    ‖ρε - ρref‖ = 0.00019146811833204341 ‖Δρ‖ = 0.00019140201695200831  ‖vε - vref‖ = 1.1353431245441437  α = 4.95e-5
 71   -37.31326386512       -9.70       -3.05    3.67s
    ‖ρε - ρref‖ = 0.0001449918231553362 ‖Δρ‖ = 0.000144993930675672  ‖vε - vref‖ = 1.1349521326977086  α = 5.65e-5
 72   -37.31326386526       -9.86       -2.80    3.90s
    ‖ρε - ρref‖ = 0.00031240696501308923 ‖Δρ‖ = 0.00031250675097112393  ‖vε - vref‖ = 1.134726882500303  α = 2.13e-5
 73   -37.31326386529      -10.58       -2.61    4.01s
    ‖ρε - ρref‖ = 0.0008278966461958788 ‖Δρ‖ = 0.0008274489962280498  ‖vε - vref‖ = 1.1347066948685802  α = 3.16e-6
 74   -37.31326386549       -9.68       -2.52    3.77s
    ‖ρε - ρref‖ = 0.0005361425069387314 ‖Δρ‖ = 0.0005361940986545274  ‖vε - vref‖ = 1.1343423778929789  α = 1.5e-5
 75   -37.31326386551      -10.89       -2.80    3.93s
    ‖ρε - ρref‖ = 0.000695970676310193 ‖Δρ‖ = 0.000696254537393913  ‖vε - vref‖ = 1.1343283105492221  α = 2.4e-6
 76   -37.31326386563       -9.92       -2.95    4.30s
    ‖ρε - ρref‖ = 0.0002336123271668785 ‖Δρ‖ = 0.0002335480803909023  ‖vε - vref‖ = 1.1341614109573308  α = 2.54e-5
 77   -37.31326386577       -9.84       -2.99    3.84s
    ‖ρε - ρref‖ = 0.0002077588711443076 ‖Δρ‖ = 0.0002077490040492345  ‖vε - vref‖ = 1.133928045593749  α = 3.24e-5
 78   -37.31326386594       -9.77       -3.16    3.81s
    ‖ρε - ρref‖ = 0.00012571091730879022 ‖Δρ‖ = 0.0001258172367673201  ‖vε - vref‖ = 1.1337445566799036  α = 5.71e-5
 79   -37.31326386604       -9.99       -2.88    3.69s
    ‖ρε - ρref‖ = 0.00028606176726134327 ‖Δρ‖ = 0.00028593842005717455  ‖vε - vref‖ = 1.1335619453590717  α = 1.94e-5
 80   -37.31326386618       -9.85       -2.74    3.81s
    ‖ρε - ρref‖ = 0.0003285924015579866 ‖Δρ‖ = 0.00032851126728606256  ‖vε - vref‖ = 1.1333694708041218  α = 2.08e-5
 81   -37.31326386624      -10.26       -3.27    3.87s
    ‖ρε - ρref‖ = 0.00013532060298186049 ‖Δρ‖ = 0.0001352941147045376  ‖vε - vref‖ = 1.1333462566654633  α = 2.94e-5
 82   -37.31326386641       -9.76       -2.87    4.21s
    ‖ρε - ρref‖ = 0.00022463545774623056 ‖Δρ‖ = 0.00022459305295079675  ‖vε - vref‖ = 1.1331698922282951  α = 3.24e-5
 83   -37.31326386655       -9.85       -3.16    4.50s
    ‖ρε - ρref‖ = 0.0001310444019816807 ‖Δρ‖ = 0.00013109192590929277  ‖vε - vref‖ = 1.1329920164523999  α = 5.03e-5
 84   -37.31326386664      -10.05       -3.15    4.44s
    ‖ρε - ρref‖ = 0.00013739241462406887 ‖Δρ‖ = 0.0001374902775721676  ‖vε - vref‖ = 1.1329138212381211  α = 3.86e-5
 85   -37.31326386666      -10.72       -2.68    3.66s
    ‖ρε - ρref‖ = 0.0006847604443739813 ‖Δρ‖ = 0.0006843223531142256  ‖vε - vref‖ = 1.1329073150231743  α = 3.3e-6
 86   -37.31326386675      -10.03       -2.55    3.87s
    ‖ρε - ρref‖ = 0.0005644334240716203 ‖Δρ‖ = 0.0005644900410015543  ‖vε - vref‖ = 1.1328373964167289  α = 9.47e-6
 87   -37.31326386677      -10.69       -2.87    4.38s
    ‖ρε - ρref‖ = 0.0004536868402074715 ‖Δρ‖ = 0.00045395328659940496  ‖vε - vref‖ = 1.132818691542487  α = 4.61e-6
 88   -37.31326386688       -9.98       -2.53    4.33s
    ‖ρε - ρref‖ = 0.0005663506889606958 ‖Δρ‖ = 0.0005662303479018313  ‖vε - vref‖ = 1.13271908405286  α = 1.03e-5
 89   -37.31326386695      -10.14       -3.38    3.88s
    ‖ρε - ρref‖ = 8.652705951271498e-5 ‖Δρ‖ = 8.657386676073923e-5  ‖vε - vref‖ = 1.1326950579056005  α = 5.5e-5
 90   -37.31326386707       -9.93       -3.06    3.70s
    ‖ρε - ρref‖ = 0.00015932441266234876 ‖Δρ‖ = 0.00015938232025592883  ‖vε - vref‖ = 1.1326322026791154  α = 3.77e-5
 91   -37.31326386715      -10.10       -3.14    3.76s
    ‖ρε - ρref‖ = 0.00014739556602308667 ‖Δρ‖ = 0.00014722226185835344  ‖vε - vref‖ = 1.1326146611094121  α = 3.37e-5
 92   -37.31326386719      -10.38       -2.91    3.82s
    ‖ρε - ρref‖ = 0.00028575939946534623 ‖Δρ‖ = 0.00028575900226966017  ‖vε - vref‖ = 1.1325658397629146  α = 1.24e-5
 93   -37.31326386730       -9.95       -3.31    4.02s
    ‖ρε - ρref‖ = 8.919605656973626e-5 ‖Δρ‖ = 8.921105236811645e-5  ‖vε - vref‖ = 1.1325567053825285  α = 6.51e-5
 94   -37.31326386734      -10.40       -2.94    3.86s
    ‖ρε - ρref‖ = 0.0002984725399652942 ‖Δρ‖ = 0.0002984565497149843  ‖vε - vref‖ = 1.1325298965794843  α = 1.12e-5
 95   -37.31326386743      -10.06       -3.29    3.73s
    ‖ρε - ρref‖ = 9.309244539076407e-5 ‖Δρ‖ = 9.305905926238044e-5  ‖vε - vref‖ = 1.1325246763006678  α = 5.67e-5
 96   -37.31326386749      -10.21       -3.32    3.66s
    ‖ρε - ρref‖ = 9.427412021575272e-5 ‖Δρ‖ = 9.436228513915341e-5  ‖vε - vref‖ = 1.1325155929570017  α = 4.61e-5
 97   -37.31326386749      -11.21       -2.78    3.74s
    ‖ρε - ρref‖ = 0.0006485582364603987 ‖Δρ‖ = 0.0006481115085365777  ‖vε - vref‖ = 1.1325050746192413  α = 1.96e-6
 98   -37.31326386753      -10.43       -3.04    3.77s
    ‖ρε - ρref‖ = 0.0001958248225644466 ‖Δρ‖ = 0.0001958106252904994  ‖vε - vref‖ = 1.1325115272079582  α = 1.75e-5
 99   -37.31326386754      -11.02       -2.91    3.79s
    ‖ρε - ρref‖ = 0.0004478387957491294 ‖Δρ‖ = 0.00044812770760781743  ‖vε - vref‖ = 1.1325126107640873  α = 3.22e-6
 100   -37.31326386759      -10.30       -2.86    4.38s
    ‖ρε - ρref‖ = 0.0003082182709306148 ‖Δρ‖ = 0.00030814253087390264  ‖vε - vref‖ = 1.1325120162689395  α = 1.25e-5
 101   -37.31326386767      -10.09       -3.34    3.74s
    ‖ρε - ρref‖ = 8.479519815505896e-5 ‖Δρ‖ = 8.483876599171933e-5  ‖vε - vref‖ = 1.1325427881736667  α = 6.04e-5
 102   -37.31326386771      -10.43       -3.35    3.78s
    ‖ρε - ρref‖ = 0.00010538798439006021 ‖Δρ‖ = 0.00010538551286919059  ‖vε - vref‖ = 1.1325663778125064  α = 3.23e-5
 103   -37.31326386776      -10.29       -3.32    3.77s
    ‖ρε - ρref‖ = 0.00010297338421418467 ‖Δρ‖ = 0.00010287255922440909  ‖vε - vref‖ = 1.13259267773084  α = 3.85e-5
 104   -37.31326386779      -10.54       -3.24    3.82s
    ‖ρε - ρref‖ = 0.00013761051348226317 ‖Δρ‖ = 0.00013769054439804484  ‖vε - vref‖ = 1.1326323342578088  α = 2.09e-5
 105   -37.31326386786      -10.14       -3.05    3.83s
    ‖ρε - ρref‖ = 0.00015641310896871344 ‖Δρ‖ = 0.0001564113604503709  ‖vε - vref‖ = 1.1326730229246518  α = 3.11e-5
 106   -37.31326386791      -10.35       -3.16    4.45s
    ‖ρε - ρref‖ = 0.00014878054323362483 ‖Δρ‖ = 0.00014875428946630725  ‖vε - vref‖ = 1.1327232208981723  α = 2.51e-5
 107   -37.31326386793      -10.60       -3.08    3.80s
    ‖ρε - ρref‖ = 0.00021020437354405576 ‖Δρ‖ = 0.00021019427277314384  ‖vε - vref‖ = 1.1327220116451975  α = 1.23e-5
 108   -37.31326386800      -10.14       -3.73    3.83s
    ‖ρε - ρref‖ = 3.4742861579527544e-5 ‖Δρ‖ = 3.4796248379185136e-5  ‖vε - vref‖ = 1.1328396056671242  α = 0.000137
 109   -37.31326386802      -10.78       -2.35    3.98s
    ‖ρε - ρref‖ = 0.0013923785800784045 ‖Δρ‖ = 0.001391924770486436  ‖vε - vref‖ = 1.1328369310306914  α = 1.51e-6
 110   -37.31326386806      -10.36       -3.16    4.58s
    ‖ρε - ρref‖ = 0.00014626997132765902 ‖Δρ‖ = 0.00014622396029422731  ‖vε - vref‖ = 1.1329136048665087  α = 2.53e-5
 111   -37.31326386808      -10.85       -2.51    3.68s
    ‖ρε - ρref‖ = 0.0009533149293345689 ‖Δρ‖ = 0.000953647003179555  ‖vε - vref‖ = 1.1328956520080475  α = 1.84e-6
 112   -37.31326386810      -10.66       -3.16    3.87s
    ‖ρε - ρref‖ = 0.00016900701315708414 ‖Δρ‖ = 0.0001690606668728382  ‖vε - vref‖ = 1.1329260041679925  α = 1.57e-5
 113   -37.31326386816      -10.24       -3.52    4.14s
    ‖ρε - ρref‖ = 5.860504473734628e-5 ‖Δρ‖ = 5.8633041020470386e-5  ‖vε - vref‖ = 1.1330042848260622  α = 7.27e-5
 114   -37.31326386818      -10.61       -3.42    3.64s
    ‖ρε - ρref‖ = 8.008723986706837e-5 ‖Δρ‖ = 8.002029066138883e-5  ‖vε - vref‖ = 1.1330460830219675  α = 3.46e-5
 115   -37.31326386821      -10.57       -3.48    3.71s
    ‖ρε - ρref‖ = 7.689933584523234e-5 ‖Δρ‖ = 7.681100469563308e-5  ‖vε - vref‖ = 1.1331001347593672  α = 3.75e-5
 116   -37.31326386824      -10.57       -3.32    3.60s
    ‖ρε - ρref‖ = 0.00010717686329210252 ‖Δρ‖ = 0.00010727200101379893  ‖vε - vref‖ = 1.1331638001959596  α = 2.59e-5
 117   -37.31326386827      -10.52       -3.06    3.78s
    ‖ρε - ρref‖ = 0.00017374738792865467 ‖Δρ‖ = 0.00017372507769640468  ‖vε - vref‖ = 1.133212027851805  α = 1.78e-5
 118   -37.31326386831      -10.38       -3.39    3.66s
    ‖ρε - ρref‖ = 8.131182652532917e-5 ‖Δρ‖ = 8.122940001591806e-5  ‖vε - vref‖ = 1.1333113189868864  α = 4.38e-5
 119   -37.31326386833      -10.56       -3.09    3.71s
    ‖ρε - ρref‖ = 0.00019204430031095218 ‖Δρ‖ = 0.00019200763017155476  ‖vε - vref‖ = 1.1333707078957005  α = 1.46e-5
 120   -37.31326386837      -10.40       -3.25    3.72s
    ‖ρε - ρref‖ = 0.00010757487589552596 ‖Δρ‖ = 0.00010782839445153957  ‖vε - vref‖ = 1.1334642020598291  α = 3.09e-5
 121   -37.31326386840      -10.65       -2.23    3.66s
    ‖ρε - ρref‖ = 0.0014308526634311796 ‖Δρ‖ = 0.0014305145155219339  ‖vε - vref‖ = 1.1334870105776544  α = 1.78e-6
 122   -37.31326386841      -10.96       -3.60    4.10s
    ‖ρε - ρref‖ = 7.407829014140539e-5 ‖Δρ‖ = 7.385223388508213e-5  ‖vε - vref‖ = 1.133542648344589  α = 2.21e-5
 123   -37.31326386845      -10.41       -2.53    3.80s
    ‖ρε - ρref‖ = 0.0005533466596143523 ‖Δρ‖ = 0.0005535683638095497  ‖vε - vref‖ = 1.1336127665585438  α = 5.98e-6
 124   -37.31326386848      -10.51       -3.12    3.69s
    ‖ρε - ρref‖ = 0.0001486368942415422 ‖Δρ‖ = 0.00014865683994627548  ‖vε - vref‖ = 1.1336878181493373  α = 2.14e-5
 125   -37.31326386852      -10.38       -3.26    3.84s
    ‖ρε - ρref‖ = 0.00010467441506526037 ‖Δρ‖ = 0.00010459223567690544  ‖vε - vref‖ = 1.1337904983493357  α = 3.43e-5
 126   -37.31326386857      -10.33       -3.41    3.93s
    ‖ρε - ρref‖ = 6.83107894018983e-5 ‖Δρ‖ = 6.827242038918894e-5  ‖vε - vref‖ = 1.1339121231069518  α = 5.69e-5
 127   -37.31326386860      -10.49       -3.42    3.72s
    ‖ρε - ρref‖ = 7.816020347570704e-5 ‖Δρ‖ = 7.815839989354283e-5  ‖vε - vref‖ = 1.134007838701076  α = 4.1e-5
 128   -37.31326386864      -10.41       -3.15    3.77s
    ‖ρε - ρref‖ = 0.00013935632866964785 ‖Δρ‖ = 0.00013945148951486245  ‖vε - vref‖ = 1.1341223101158915  α = 2.51e-5
 129   -37.31326386866      -10.59       -3.05    3.74s
    ‖ρε - ρref‖ = 0.0001918237375562008 ‖Δρ‖ = 0.00019174187755336956  ‖vε - vref‖ = 1.1341804100660642  α = 1.38e-5
 130   -37.31326386869      -10.63       -3.40    4.00s
    ‖ρε - ρref‖ = 8.162402298351467e-5 ‖Δρ‖ = 8.149650683316881e-5  ‖vε - vref‖ = 1.1342600456745195  α = 3.33e-5
 131   -37.31326386870      -10.83       -3.36    4.20s
    ‖ρε - ρref‖ = 0.0001119920862556068 ‖Δρ‖ = 0.00011192856865153533  ‖vε - vref‖ = 1.1343020834675244  α = 1.81e-5
 132   -37.31326386871      -11.08       -3.18    3.85s
    ‖ρε - ρref‖ = 0.0002066948106893781 ‖Δρ‖ = 0.00020712803392284777  ‖vε - vref‖ = 1.13431855132193  α = 6.93e-6
 133   -37.31326386875      -10.43       -2.61    3.96s
    ‖ρε - ρref‖ = 0.00048227240902213155 ‖Δρ‖ = 0.00048217816039890037  ‖vε - vref‖ = 1.1344123037393037  α = 7.05e-6
 134   -37.31326386875      -11.71       -3.42    3.81s
    ‖ρε - ρref‖ = 0.00016928631219908466 ‖Δρ‖ = 0.00016895876298426846  ‖vε - vref‖ = 1.134421513176854  α = 3.86e-6
 135   -37.31326386876      -10.80       -3.23    3.67s
    ‖ρε - ρref‖ = 0.00013416999952185364 ‖Δρ‖ = 0.0001342397387607073  ‖vε - vref‖ = 1.1344648317875712  α = 1.62e-5
 136   -37.31326386879      -10.53       -3.55    3.88s
    ‖ρε - ρref‖ = 4.6834237603523444e-5 ‖Δρ‖ = 4.685244475729979e-5  ‖vε - vref‖ = 1.1345660931168613  α = 6.75e-5
 137   -37.31326386882      -10.58       -3.10    3.68s
    ‖ρε - ρref‖ = 0.00014792035311480086 ‖Δρ‖ = 0.0001479106275885608  ‖vε - vref‖ = 1.1346499420762313  α = 1.96e-5
 138   -37.31326386884      -10.63       -3.49    3.69s
    ‖ρε - ρref‖ = 6.041121241613785e-5 ‖Δρ‖ = 6.038341147829778e-5  ‖vε - vref‖ = 1.134730703083964  α = 4.61e-5
 139   -37.31326386888      -10.46       -3.67    3.90s
    ‖ρε - ρref‖ = 3.644050203809943e-5 ‖Δρ‖ = 3.6400604764097935e-5  ‖vε - vref‖ = 1.1348649138332971  α = 9.31e-5
 140   -37.31326386890      -10.73       -3.07    3.81s
    ‖ρε - ρref‖ = 0.00017368872510571697 ‖Δρ‖ = 0.0001737507660035305  ‖vε - vref‖ = 1.1349321678207953  α = 1.39e-5
 141   -37.31326386891      -11.00       -3.40    3.73s
    ‖ρε - ρref‖ = 0.00010392079127178098 ‖Δρ‖ = 0.0001038337870511712  ‖vε - vref‖ = 1.1349710015103958  α = 1.61e-5
 142   -37.31326386893      -10.60       -3.58    3.66s
    ‖ρε - ρref‖ = 5.013792617786571e-5 ‖Δρ‖ = 5.004903615979624e-5  ‖vε - vref‖ = 1.1350732057498727  α = 5.65e-5
 143   -37.31326386894      -10.99       -3.23    3.72s
    ‖ρε - ρref‖ = 0.00015437903366265785 ‖Δρ‖ = 0.00015418960662767618  ‖vε - vref‖ = 1.13511765623885  α = 1.08e-5
 144   -37.31326386895      -11.38       -2.79    3.84s
    ‖ρε - ρref‖ = 0.0005516560820378352 ‖Δρ‖ = 0.0005520582425528427  ‖vε - vref‖ = 1.1351308681786063  α = 1.87e-6
 145   -37.31326386897      -10.74       -3.32    3.70s
    ‖ρε - ρref‖ = 9.366707086088018e-5 ‖Δρ‖ = 9.380970026949298e-5  ‖vε - vref‖ = 1.135208458128796  α = 2.55e-5
 146   -37.31326386897      -11.50       -2.92    3.69s
    ‖ρε - ρref‖ = 0.00043394393975037154 ‖Δρ‖ = 0.00043364200484574916  ‖vε - vref‖ = 1.1352205102873538  α = 1.89e-6
 147   -37.31326386901      -10.39       -3.47    4.22s
    ‖ρε - ρref‖ = 5.56145268530369e-5 ‖Δρ‖ = 5.5655342285232216e-5  ‖vε - vref‖ = 1.1353886758026654  α = 6.43e-5
 148   -37.31326386903      -10.70       -3.39    4.02s
    ‖ρε - ρref‖ = 7.609285198540855e-5 ‖Δρ‖ = 7.604389246120805e-5  ‖vε - vref‖ = 1.1354634681707914  α = 3.32e-5
 149   -37.31326386904      -11.14       -3.39    3.81s
    ‖ρε - ρref‖ = 9.12369654096944e-5 ‖Δρ‖ = 9.118441916785089e-5  ‖vε - vref‖ = 1.1354957452956909  α = 1.67e-5
 150   -37.31326386905      -10.79       -3.80    3.80s
    ‖ρε - ρref‖ = 3.3160779344739074e-5 ‖Δρ‖ = 3.31521360071756e-5  ‖vε - vref‖ = 1.1355691221084148  α = 6.83e-5
 151   -37.31326386908      -10.65       -3.64    3.88s
    ‖ρε - ρref‖ = 3.919560495707336e-5 ‖Δρ‖ = 3.914317509977764e-5  ‖vε - vref‖ = 1.1356757641143358  α = 6.99e-5
 152   -37.31326386909      -11.00       -3.35    3.78s
    ‖ρε - ρref‖ = 0.00010308076204098218 ‖Δρ‖ = 0.0001031321445232095  ‖vε - vref‖ = 1.1357255787928324  α = 1.71e-5
 153   -37.31326386911      -10.70       -3.38    4.11s
    ‖ρε - ρref‖ = 8.199629554477071e-5 ‖Δρ‖ = 8.191787724836313e-5  ‖vε - vref‖ = 1.135825593737817  α = 2.92e-5
 154   -37.31326386912      -10.77       -3.29    3.84s
    ‖ρε - ρref‖ = 0.00010291455178030154 ‖Δρ‖ = 0.00010296339035930574  ‖vε - vref‖ = 1.1359059267806577  α = 2.2e-5
 155   -37.31326386912      -11.70       -3.32    4.02s
    ‖ρε - ρref‖ = 0.00017076559836248518 ‖Δρ‖ = 0.0001704228868857378  ‖vε - vref‖ = 1.13591424919772  α = 4.16e-6
 156   -37.31326386913      -11.25       -3.10    3.83s
    ‖ρε - ρref‖ = 0.0002194058160551579 ‖Δρ‖ = 0.00021967971541062977  ‖vε - vref‖ = 1.135938746765894  α = 5.55e-6
 157   -37.31326386914      -11.22       -3.48    4.53s
    ‖ρε - ρref‖ = 8.921082950095671e-5 ‖Δρ‖ = 8.946057209114006e-5  ‖vε - vref‖ = 1.1359792614521942  α = 1.45e-5
 158   -37.31326386914      -11.33       -2.83    3.81s
    ‖ρε - ρref‖ = 0.0004373897962793796 ‖Δρ‖ = 0.0004371704565981384  ‖vε - vref‖ = 1.1359936767441974  α = 2.45e-6
 159   -37.31326386916      -10.66       -3.56    3.88s
    ‖ρε - ρref‖ = 4.7266235888074784e-5 ‖Δρ‖ = 4.719937532928511e-5  ‖vε - vref‖ = 1.1361084562568091  α = 5.65e-5
 160   -37.31326386918      -10.84       -3.79    3.72s
    ‖ρε - ρref‖ = 3.1745261106287784e-5 ‖Δρ‖ = 3.173730546259852e-5  ‖vε - vref‖ = 1.136184356666318  α = 6.68e-5
 161   -37.31326386918      -11.23       -3.54    3.85s
    ‖ρε - ρref‖ = 6.654439840740963e-5 ‖Δρ‖ = 6.654417091164824e-5  ‖vε - vref‖ = 1.1362172889848587  α = 2.08e-5
 162   -37.31326386919      -10.95       -3.64    3.64s
    ‖ρε - ρref‖ = 4.39706785303168e-5 ‖Δρ‖ = 4.400857470159511e-5  ‖vε - vref‖ = 1.1362834582093888  α = 4.24e-5
 163   -37.31326386921      -10.90       -3.69    4.00s
    ‖ρε - ρref‖ = 3.647417310102994e-5 ‖Δρ‖ = 3.640680235110673e-5  ‖vε - vref‖ = 1.1363542260351307  α = 5.51e-5
 164   -37.31326386921      -11.22       -3.60    3.72s
    ‖ρε - ρref‖ = 5.3483234170917604e-5 ‖Δρ‖ = 5.348042712994365e-5  ‖vε - vref‖ = 1.136391490238731  α = 2.58e-5
 165   -37.31326386922      -11.20       -3.42    3.66s
    ‖ρε - ρref‖ = 8.34785970224661e-5 ‖Δρ‖ = 8.33520782958365e-5  ‖vε - vref‖ = 1.1364267780084276  α = 1.62e-5
 166   -37.31326386923      -11.09       -3.75    3.77s
    ‖ρε - ρref‖ = 3.6812359042397084e-5 ‖Δρ‖ = 3.6981857874642726e-5  ‖vε - vref‖ = 1.13648239536279  α = 4.19e-5
 167   -37.31326386923      -11.66       -2.89    3.86s
    ‖ρε - ρref‖ = 0.0003917764675210452 ‖Δρ‖ = 0.00039141798979589224  ‖vε - vref‖ = 1.1364943355184098  α = 1.96e-6
 168   -37.31326386924      -11.07       -3.22    3.91s
    ‖ρε - ρref‖ = 0.00011689228754262574 ‖Δρ‖ = 0.00011700168749944263  ‖vε - vref‖ = 1.1365480647067165  α = 1.38e-5
 169   -37.31326386924      -11.84       -3.33    3.96s
    ‖ρε - ρref‖ = 0.0001624676065939894 ‖Δρ‖ = 0.00016277222793485347  ‖vε - vref‖ = 1.1365604635185689  α = 3.59e-6
 170   -37.31326386924      -11.48       -3.25    4.36s
    ‖ρε - ρref‖ = 0.0001514381368771265 ‖Δρ‖ = 0.0001512562461919535  ‖vε - vref‖ = 1.1365778658633618  α = 5.89e-6
 171   -37.31326386925      -11.04       -3.77    3.70s
    ‖ρε - ρref‖ = 3.1812765481336256e-5 ‖Δρ‖ = 3.172608773382702e-5  ‖vε - vref‖ = 1.1366397291318935  α = 5.42e-5
 172   -37.31326386927      -10.87       -3.74    3.87s
    ‖ρε - ρref‖ = 3.043094781343423e-5 ‖Δρ‖ = 3.0506458558072182e-5  ‖vε - vref‖ = 1.1367342451385787  α = 6.89e-5
 173   -37.31326386927      -11.12       -3.78    3.77s
    ‖ρε - ρref‖ = 3.349669587922216e-5 ‖Δρ‖ = 3.344313517108716e-5  ‖vε - vref‖ = 1.1367881446663093  α = 4.7e-5
 174   -37.31326386928      -11.16       -3.42    3.82s
    ‖ρε - ρref‖ = 7.465985255260687e-5 ‖Δρ‖ = 7.462288146854729e-5  ‖vε - vref‖ = 1.1368399930800508  α = 2.0e-5
 175   -37.31326386929      -11.11       -3.83    3.77s
    ‖ρε - ρref‖ = 2.6527884957016662e-5 ‖Δρ‖ = 2.649856191553713e-5  ‖vε - vref‖ = 1.1368974675224124  α = 5.83e-5
 176   -37.31326386930      -11.09       -3.66    3.71s
    ‖ρε - ρref‖ = 3.789204988587825e-5 ‖Δρ‖ = 3.7922556714230705e-5  ‖vε - vref‖ = 1.13696084686014  α = 4.3e-5
 177   -37.31326386930      -11.45       -3.39    3.85s
    ‖ρε - ρref‖ = 9.407146750069522e-5 ‖Δρ‖ = 9.39823488096687e-5  ‖vε - vref‖ = 1.1369862673738056  α = 1.07e-5
 178   -37.31326386930      -11.49       -3.87    3.78s
    ‖ρε - ρref‖ = 3.140814677719321e-5 ‖Δρ‖ = 3.1728808907949967e-5  ‖vε - vref‖ = 1.137015517152652  α = 2.95e-5
 179   -37.31326386931      -11.55       -2.76    4.20s
    ‖ρε - ρref‖ = 0.00042088954487468273 ‖Δρ‖ = 0.00042064440716448124  ‖vε - vref‖ = 1.137035963877117  α = 2.17e-6
 180   -37.31326386931      -11.56       -3.65    3.80s
    ‖ρε - ρref‖ = 5.890740864488146e-5 ‖Δρ‖ = 5.8858883384196716e-5  ‖vε - vref‖ = 1.1370595091865134  α = 1.55e-5
 181   -37.31326386931      -12.11       -3.32    3.81s
    ‖ρε - ρref‖ = 0.00018424620232090439 ‖Δρ‖ = 0.0001845877615468844  ‖vε - vref‖ = 1.137066864372734  α = 2.24e-6
 182   -37.31326386931      -11.44       -3.62    3.80s
    ‖ρε - ρref‖ = 5.6093209892605846e-5 ‖Δρ‖ = 5.5962752885208994e-5  ‖vε - vref‖ = 1.1370992107526936  α = 1.83e-5
 183   -37.31326386932      -11.08       -3.64    3.86s
    ‖ρε - ρref‖ = 4.1809162633732625e-5 ‖Δρ‖ = 4.174879054091677e-5  ‖vε - vref‖ = 1.137172983206621  α = 3.78e-5
 184   -37.31326386933      -11.00       -3.63    3.88s
    ‖ρε - ρref‖ = 3.929322372222851e-5 ‖Δρ‖ = 3.933173406853794e-5  ‖vε - vref‖ = 1.1372588957018952  α = 4.52e-5
 185   -37.31326386934      -11.36       -3.90    4.59s
    ‖ρε - ρref‖ = 2.6407131102399302e-5 ‖Δρ‖ = 2.641588522358881e-5  ‖vε - vref‖ = 1.137298442269532  α = 4.43e-5
 186   -37.31326386934      -11.43       -3.84    3.65s
    ‖ρε - ρref‖ = 2.8838613733676714e-5 ‖Δρ‖ = 2.8820802608819102e-5  ‖vε - vref‖ = 1.1373342901347385  α = 3.87e-5
 187   -37.31326386935      -11.08       -3.54    3.68s
    ‖ρε - ρref‖ = 4.7195999226210154e-5 ‖Δρ‖ = 4.713018284038435e-5  ‖vε - vref‖ = 1.1374129871242284  α = 3.48e-5
 188   -37.31326386935      -11.48       -3.99    3.63s
    ‖ρε - ρref‖ = 2.081354469140845e-5 ‖Δρ‖ = 2.0926193177763597e-5  ‖vε - vref‖ = 1.1374451690070977  α = 4.93e-5
 189   -37.31326386935      -11.74       -3.70    3.72s
    ‖ρε - ρref‖ = 4.856906662374299e-5 ‖Δρ‖ = 4.849086365293174e-5  ‖vε - vref‖ = 1.1374653017277514  α = 1.5e-5
 190   -37.31326386935      -11.73       -3.71    3.76s
    ‖ρε - ρref‖ = 4.836660326384204e-5 ‖Δρ‖ = 4.870641695872715e-5  ‖vε - vref‖ = 1.1374847337940328  α = 1.41e-5
 191   -37.31326386936      -11.46       -2.82    3.72s
    ‖ρε - ρref‖ = 0.0003059484636298806 ‖Δρ‖ = 0.0003057385553898408  ‖vε - vref‖ = 1.1375206390155015  α = 3.41e-6
 192   -37.31326386936      -11.90       -3.86    3.76s
    ‖ρε - ρref‖ = 3.925290473989142e-5 ‖Δρ‖ = 3.900648458702949e-5  ‖vε - vref‖ = 1.1375355488946481  α = 1.5e-5
 193   -37.31326386936      -11.89       -3.15    3.77s
    ‖ρε - ρref‖ = 0.0001895877886554675 ‖Δρ‖ = 0.0001898065701104421  ‖vε - vref‖ = 1.1375500621350003  α = 2.93e-6
 194   -37.31326386936      -11.44       -3.63    3.80s
    ‖ρε - ρref‖ = 4.627201907543884e-5 ‖Δρ‖ = 4.614993213771574e-5  ‖vε - vref‖ = 1.137591029629018  α = 2.24e-5
 195   -37.31326386937      -11.45       -3.67    3.78s
    ‖ρε - ρref‖ = 4.552444813658773e-5 ‖Δρ‖ = 4.55644007630076e-5  ‖vε - vref‖ = 1.1376294482762552  α = 2.27e-5
 196   -37.31326386937      -11.46       -3.86    3.68s
    ‖ρε - ρref‖ = 2.7318335752698964e-5 ‖Δρ‖ = 2.742156043964511e-5  ‖vε - vref‖ = 1.1376694138902022  α = 3.86e-5
 197   -37.31326386938      -11.29       -3.95    3.73s
    ‖ρε - ρref‖ = 2.062767018428758e-5 ‖Δρ‖ = 2.05861262838881e-5  ‖vε - vref‖ = 1.1377304830882011  α = 6.24e-5
 198   -37.31326386938      -11.32       -4.01    3.70s
    ‖ρε - ρref‖ = 1.9735430698824732e-5 ‖Δρ‖ = 1.970913945630241e-5  ‖vε - vref‖ = 1.1377876065597559  α = 6.21e-5
 199   -37.31326386939      -11.36       -3.50    3.74s
    ‖ρε - ρref‖ = 6.009382899270748e-5 ‖Δρ‖ = 6.006578899708568e-5  ‖vε - vref‖ = 1.1378421177090678  α = 1.96e-5
 200   -37.31326386939      -11.36       -3.90    3.71s
    ‖ρε - ρref‖ = 2.2854858380327584e-5 ‖Δρ‖ = 2.2904238198451374e-5  ‖vε - vref‖ = 1.137893214638908  α = 5.13e-5
 201   -37.31326386939      -11.93       -3.88    3.72s
    ‖ρε - ρref‖ = 3.1773771105692966e-5 ‖Δρ‖ = 3.1577869640698916e-5  ‖vε - vref‖ = 1.1379083590187815  α = 1.83e-5
 202   -37.31326386939      -12.31       -3.63    3.71s
    ‖ρε - ρref‖ = 8.042526556929877e-5 ‖Δρ‖ = 8.077095923375219e-5  ‖vε - vref‖ = 1.1379143514811976  α = 4.42e-6
 203   -37.31326386939      -11.78       -3.33    3.69s
    ‖ρε - ρref‖ = 0.00011804274077931465 ‖Δρ‖ = 0.00011788331666858893  ‖vε - vref‖ = 1.1379362347518596  α = 6.03e-6
 204   -37.31326386939      -12.10       -4.09    3.67s
    ‖ρε - ρref‖ = 2.5351956547890614e-5 ‖Δρ‖ = 2.5071834494807404e-5  ‖vε - vref‖ = 1.1379492966464133  α = 1.83e-5
 205   -37.31326386940      -11.77       -3.18    3.69s
    ‖ρε - ρref‖ = 0.00015376977684890213 ‖Δρ‖ = 0.0001539717577689835  ‖vε - vref‖ = 1.1379727075562098  α = 4.14e-6
 206   -37.31326386940      -11.65       -3.81    3.66s
    ‖ρε - ρref‖ = 3.644278702436923e-5 ‖Δρ‖ = 3.640465223784834e-5  ‖vε - vref‖ = 1.138002987822642  α = 2.22e-5
 207   -37.31326386940      -11.22       -3.66    3.73s
    ‖ρε - ρref‖ = 3.575251616586015e-5 ‖Δρ‖ = 3.581693535692027e-5  ‖vε - vref‖ = 1.1380878931947527  α = 3.83e-5
 208   -37.31326386941      -11.49       -3.64    3.86s
    ‖ρε - ρref‖ = 4.940260006131637e-5 ‖Δρ‖ = 4.938154856540738e-5  ‖vε - vref‖ = 1.1381328772360821  α = 2.0e-5
 209   -37.31326386941      -11.58       -4.06    4.48s
    ‖ρε - ρref‖ = 1.7328063829954544e-5 ‖Δρ‖ = 1.7193393567149268e-5  ‖vε - vref‖ = 1.1381711136861055  α = 5.34e-5
 210   -37.31326386941      -11.35       -4.01    3.84s
    ‖ρε - ρref‖ = 1.6429184718483475e-5 ‖Δρ‖ = 1.647367222878351e-5  ‖vε - vref‖ = 1.1382369732480229  α = 7.24e-5
 211   -37.31326386942      -11.82       -3.76    4.05s
    ‖ρε - ρref‖ = 3.728370401728384e-5 ‖Δρ‖ = 3.726995754354265e-5  ‖vε - vref‖ = 1.1382592048156748  α = 1.89e-5
 212   -37.31326386942      -11.52       -4.01    3.70s
    ‖ρε - ρref‖ = 1.9889356738591645e-5 ‖Δρ‖ = 1.9854867751524282e-5  ‖vε - vref‖ = 1.1383055845359737  α = 4.75e-5
 213   -37.31326386942      -11.35       -3.90    3.71s
    ‖ρε - ρref‖ = 2.287836461594389e-5 ‖Δρ‖ = 2.2662150796822133e-5  ‖vε - vref‖ = 1.1383778332759649  α = 5.2e-5
 214   -37.31326386942      -11.94       -3.01    3.97s
    ‖ρε - ρref‖ = 0.0002836585531110778 ‖Δρ‖ = 0.0002840284262295825  ‖vε - vref‖ = 1.1383911354000404  α = 1.88e-6
 215   -37.31326386943      -11.65       -3.35    3.65s
    ‖ρε - ρref‖ = 0.00010065543564582325 ‖Δρ‖ = 0.00010065074419405232  ‖vε - vref‖ = 1.1384255956093092  α = 8.16e-6
 216   -37.31326386943      -11.79       -3.79    3.69s
    ‖ρε - ρref‖ = 3.880167411703897e-5 ‖Δρ‖ = 3.855664849720299e-5  ‖vε - vref‖ = 1.1384531812765744  α = 1.71e-5
 217   -37.31326386943      -11.75       -2.97    3.69s
    ‖ρε - ρref‖ = 0.0002455755483051002 ‖Δρ‖ = 0.00024580136126342074  ‖vε - vref‖ = 1.1384782333439902  α = 2.78e-6
 218   -37.31326386943      -11.76       -4.06    3.85s
    ‖ρε - ρref‖ = 1.928601552138393e-5 ‖Δρ‖ = 1.929293045479793e-5  ‖vε - vref‖ = 1.138506666493337  α = 3.65e-5
 219   -37.31326386943      -11.69       -3.63    3.85s
    ‖ρε - ρref‖ = 4.603412313700167e-5 ‖Δρ‖ = 4.6132889885197335e-5  ‖vε - vref‖ = 1.1385380666350204  α = 1.73e-5
 220   -37.31326386943      -11.89       -4.13    3.72s
    ‖ρε - ρref‖ = 1.8027554173160386e-5 ‖Δρ‖ = 1.7982036503785205e-5  ‖vε - vref‖ = 1.138559698145596  α = 3.48e-5
 221   -37.31326386944      -11.53       -3.98    3.75s
    ‖ρε - ρref‖ = 1.9152147609207262e-5 ‖Δρ‖ = 1.9063663909907726e-5  ‖vε - vref‖ = 1.1386095594342784  α = 5.04e-5
 222   -37.31326386944      -11.54       -4.09    3.63s
    ‖ρε - ρref‖ = 1.4956403182165734e-5 ‖Δρ‖ = 1.5021381807378445e-5  ‖vε - vref‖ = 1.1386591503367425  α = 6.41e-5
 223   -37.31326386944      -11.55       -3.89    3.87s
    ‖ρε - ρref‖ = 2.385973028522193e-5 ‖Δρ‖ = 2.3819338500665452e-5  ‖vε - vref‖ = 1.138708000478333  α = 4.01e-5
 224   -37.31326386944      -11.78       -3.66    3.64s
    ‖ρε - ρref‖ = 4.2082936293861854e-5 ‖Δρ‖ = 4.204864101756438e-5  ‖vε - vref‖ = 1.1387364172918593  α = 1.74e-5
 225   -37.31326386945      -11.75       -4.18    3.78s
    ‖ρε - ρref‖ = 1.5171980564167458e-5 ‖Δρ‖ = 1.4891358735227171e-5  ‖vε - vref‖ = 1.138768766417939  α = 4.9e-5
 226   -37.31326386945      -12.29       -3.16    4.08s
    ‖ρε - ρref‖ = 0.00021888685441943525 ‖Δρ‖ = 0.00021922009142507108  ‖vε - vref‖ = 1.1387773977198798  α = 1.65e-6
 227   -37.31326386945      -11.88       -3.78    3.82s
    ‖ρε - ρref‖ = 3.5610163697725174e-5 ‖Δρ‖ = 3.567023748880881e-5  ‖vε - vref‖ = 1.1388027721991898  α = 1.8e-5
 228   -37.31326386945      -11.83       -3.67    3.70s
    ‖ρε - ρref‖ = 5.033136433068237e-5 ‖Δρ‖ = 5.009438661576669e-5  ‖vε - vref‖ = 1.138830447878  α = 1.25e-5
 229   -37.31326386945      -11.82       -3.01    4.00s
    ‖ρε - ρref‖ = 0.0002209377013362459 ‖Δρ‖ = 0.0002211741592274813  ‖vε - vref‖ = 1.1388545833165848  α = 2.74e-6
 230   -37.31326386945      -11.58       -4.09    4.28s
    ‖ρε - ρref‖ = 1.5476072308490493e-5 ‖Δρ‖ = 1.54605609457521e-5  ‖vε - vref‖ = 1.138903058483784  α = 5.89e-5
 231   -37.31326386946      -11.85       -3.71    3.88s
    ‖ρε - ρref‖ = 4.697737251362931e-5 ‖Δρ‖ = 4.701619520276331e-5  ‖vε - vref‖ = 1.138927920233036  α = 1.35e-5
 232   -37.31326386946      -11.67       -3.96    3.71s
    ‖ρε - ρref‖ = 2.145505049792653e-5 ‖Δρ‖ = 2.1390871644319504e-5  ‖vε - vref‖ = 1.138968258414742  α = 3.84e-5
 233   -37.31326386946      -11.72       -4.05    3.64s
    ‖ρε - ρref‖ = 2.0542883174255914e-5 ‖Δρ‖ = 2.05631913964142e-5  ‖vε - vref‖ = 1.139003439318621  α = 3.67e-5
 234   -37.31326386946      -11.42       -3.90    3.92s
    ‖ρε - ρref‖ = 2.129758737967418e-5 ‖Δρ‖ = 2.1368925940513367e-5  ‖vε - vref‖ = 1.1390743000981658  α = 5.22e-5
 235   -37.31326386947      -11.62       -3.96    3.73s
    ‖ρε - ρref‖ = 2.163975887825824e-5 ‖Δρ‖ = 2.1517007688059906e-5  ‖vε - vref‖ = 1.1391181240973607  α = 4.02e-5
 236   -37.31326386947      -11.78       -4.02    3.75s
    ‖ρε - ρref‖ = 2.0327327334616207e-5 ‖Δρ‖ = 2.0300599279693363e-5  ‖vε - vref‖ = 1.1391483082120055  α = 3.55e-5
 237   -37.31326386947      -11.58       -3.74    3.65s
    ‖ρε - ρref‖ = 3.4363756754944756e-5 ‖Δρ‖ = 3.4167378461888713e-5  ‖vε - vref‖ = 1.139198058207801  α = 2.67e-5
 238   -37.31326386947      -12.26       -3.04    3.82s
    ‖ρε - ρref‖ = 0.0002723013637737077 ‖Δρ‖ = 0.000272660107462276  ‖vε - vref‖ = 1.1392077407977073  α = 1.41e-6
 239   -37.31326386947      -12.10       -4.13    4.01s
    ‖ρε - ρref‖ = 1.8019420937465963e-5 ‖Δρ‖ = 1.8129861029665348e-5  ‖vε - vref‖ = 1.139222747344332  α = 2.74e-5
 240   -37.31326386947      -12.36       -3.75    3.74s
    ‖ρε - ρref‖ = 5.8944932707342726e-5 ‖Δρ‖ = 5.863135460525722e-5  ‖vε - vref‖ = 1.1392313892911825  α = 5.53e-6
 241   -37.31326386947      -12.06       -3.39    3.82s
    ‖ρε - ρref‖ = 0.00010203675871195535 ‖Δρ‖ = 0.00010215523473409434  ‖vε - vref‖ = 1.139247463202299  α = 4.62e-6
 242   -37.31326386947      -11.76       -4.16    3.88s
    ‖ρε - ρref‖ = 1.3669556560322523e-5 ‖Δρ‖ = 1.3615845665512817e-5  ‖vε - vref‖ = 1.1392807215573302  α = 5.18e-5
 243   -37.31326386948      -11.85       -3.99    3.91s
    ‖ρε - ρref‖ = 2.2198423519953445e-5 ‖Δρ‖ = 2.2210689050604188e-5  ‖vε - vref‖ = 1.1393065574916013  α = 2.83e-5
 244   -37.31326386948      -11.63       -3.71    4.24s
    ‖ρε - ρref‖ = 3.7637475069767446e-5 ‖Δρ‖ = 3.7597715365747155e-5  ‖vε - vref‖ = 1.1393507416224307  α = 2.3e-5
 245   -37.31326386948      -11.73       -4.08    3.70s
    ‖ρε - ρref‖ = 1.566241027275611e-5 ‖Δρ‖ = 1.5762277633434135e-5  ‖vε - vref‖ = 1.1393861452810063  α = 4.92e-5
 246   -37.31326386948      -11.76       -3.92    3.70s
    ‖ρε - ρref‖ = 2.41726405542204e-5 ‖Δρ‖ = 2.4213476382119743e-5  ‖vε - vref‖ = 1.1394181754695785  α = 2.99e-5
 247   -37.31326386948      -11.82       -4.03    4.17s
    ‖ρε - ρref‖ = 1.773596903365343e-5 ‖Δρ‖ = 1.7588259677848328e-5  ‖vε - vref‖ = 1.1394465438009378  α = 3.93e-5
 248   -37.31326386948      -11.99       -4.30    3.79s
    ‖ρε - ρref‖ = 1.0257340728352536e-5 ‖Δρ‖ = 1.0261056103183941e-5  ‖vε - vref‖ = 1.1394669839763456  α = 5.66e-5
 249   -37.31326386949      -12.21       -3.78    3.68s
    ‖ρε - ρref‖ = 3.8462956623334826e-5 ‖Δρ‖ = 3.816270174307826e-5  ‖vε - vref‖ = 1.1394794817065899  α = 1.12e-5
 250   -37.31326386949      -12.23       -3.12    3.82s
    ‖ρε - ρref‖ = 0.00017929189923994421 ‖Δρ‖ = 0.00017953671129483222  ‖vε - vref‖ = 1.1394898149457013  α = 2.26e-6
 251   -37.31326386949      -12.01       -4.14    3.82s
    ‖ρε - ρref‖ = 1.4414324923332289e-5 ‖Δρ‖ = 1.4471508033089954e-5  ‖vε - vref‖ = 1.1395087692798218  α = 3.87e-5
 252   -37.31326386949      -12.70       -3.59    3.87s
    ‖ρε - ρref‖ = 9.21453283145091e-5 ‖Δρ‖ = 9.176880494285073e-5  ‖vε - vref‖ = 1.139512597649207  α = 2.3e-6
 253   -37.31326386949      -12.30       -3.80    4.27s
    ‖ρε - ρref‖ = 4.034341703036536e-5 ‖Δρ‖ = 4.033203552268866e-5  ‖vε - vref‖ = 1.1395223572365818  α = 9.33e-6
 254   -37.31326386949      -11.65       -4.12    3.60s
    ‖ρε - ρref‖ = 1.3475418343355168e-5 ‖Δρ‖ = 1.3499295199266763e-5  ‖vε - vref‖ = 1.1395638519337155  α = 6.09e-5
 255   -37.31326386949      -11.95       -3.97    3.75s
    ‖ρε - ρref‖ = 2.2120990268083983e-5 ‖Δρ‖ = 2.2141669512732875e-5  ‖vε - vref‖ = 1.1395844077164812  α = 2.6e-5
 256   -37.31326386949      -12.06       -3.87    3.68s
    ‖ρε - ρref‖ = 3.2120246887965296e-5 ‖Δρ‖ = 3.206098576061306e-5  ‖vε - vref‖ = 1.1395996623330724  α = 1.54e-5
 257   -37.31326386949      -11.65       -4.19    3.75s
    ‖ρε - ρref‖ = 1.1010515307778051e-5 ‖Δρ‖ = 1.1007926328390299e-5  ‖vε - vref‖ = 1.1396405725614511  α = 7.8e-5
 258   -37.31326386949      -12.26       -4.11    3.72s
    ‖ρε - ρref‖ = 1.9397424122559024e-5 ‖Δρ‖ = 1.936262968890621e-5  ‖vε - vref‖ = 1.139651587746747  α = 2.23e-5
 259   -37.31326386950      -11.99       -4.33    3.81s
    ‖ρε - ρref‖ = 9.883053397409732e-6 ‖Δρ‖ = 9.789907734737653e-6  ‖vε - vref‖ = 1.1396693093541541  α = 5.63e-5
 260   -37.31326386950      -12.08       -4.22    3.83s
    ‖ρε - ρref‖ = 1.2142572670707359e-5 ‖Δρ‖ = 1.2264897467176091e-5  ‖vε - vref‖ = 1.1396845806181206  α = 4.14e-5
 261   -37.31326386950      -13.07       -3.81    3.77s
    ‖ρε - ρref‖ = 5.526486681198226e-5 ‖Δρ‖ = 5.489197065508951e-5  ‖vε - vref‖ = 1.1396862442374893  α = 2.85e-6
 262   -37.31326386950      -12.27       -3.80    3.88s
    ‖ρε - ρref‖ = 3.564544882009971e-5 ‖Δρ‖ = 3.5751167969530046e-5  ‖vε - vref‖ = 1.139695940922037  α = 1.18e-5
 263   -37.31326386950      -11.84       -4.05    4.42s
    ‖ρε - ρref‖ = 1.587971207446403e-5 ‖Δρ‖ = 1.610679168455133e-5  ‖vε - vref‖ = 1.1397233104580593  α = 3.99e-5
 264   -37.31326386950      -12.11       -3.03    3.79s
    ‖ρε - ρref‖ = 0.0002144019357471234 ‖Δρ‖ = 0.00021413761131843884  ‖vε - vref‖ = 1.139735460160279  α = 2.07e-6
 265   -37.31326386950      -12.05       -3.79    3.73s
    ‖ρε - ρref‖ = 3.430432569292707e-5 ‖Δρ‖ = 3.4199500195526575e-5  ‖vε - vref‖ = 1.1397515551046762  α = 1.51e-5
 266   -37.31326386950      -11.97       -3.84    3.69s
    ‖ρε - ρref‖ = 2.8771225467594288e-5 ‖Δρ‖ = 2.8692635273472786e-5  ‖vε - vref‖ = 1.1397702908574197  α = 1.97e-5
 267   -37.31326386950      -12.11       -4.43    3.66s
    ‖ρε - ρref‖ = 7.951903350672029e-6 ‖Δρ‖ = 7.970168917254213e-6  ‖vε - vref‖ = 1.1397842822975204  α = 5.83e-5
 268   -37.31326386950      -12.04       -3.86    3.60s
    ‖ρε - ρref‖ = 2.9743701748892543e-5 ‖Δρ‖ = 2.9712045436691115e-5  ‖vε - vref‖ = 1.1397992400369008  α = 1.76e-5
 269   -37.31326386950      -11.67       -4.08    3.73s
    ‖ρε - ρref‖ = 1.3788339396663388e-5 ‖Δρ‖ = 1.3775658032233083e-5  ‖vε - vref‖ = 1.1398362471852037  α = 6.11e-5
 270   -37.31326386951      -11.89       -4.16    4.13s
    ‖ρε - ρref‖ = 1.4646757537753274e-5 ‖Δρ‖ = 1.4606502706876473e-5  ‖vε - vref‖ = 1.1398591984418567  α = 4.29e-5
 271   -37.31326386951      -11.81       -4.02    3.76s
    ‖ρε - ρref‖ = 1.998750340893802e-5 ‖Δρ‖ = 1.998968458221459e-5  ‖vε - vref‖ = 1.139884460409847  α = 3.4e-5
 272   -37.31326386951      -11.92       -4.12    3.79s
    ‖ρε - ρref‖ = 1.5098096754545672e-5 ‖Δρ‖ = 1.5340777246380523e-5  ‖vε - vref‖ = 1.1399063204573643  α = 3.94e-5
 273   -37.31326386951      -12.50       -3.24    4.18s
    ‖ρε - ρref‖ = 0.00018092789516603196 ‖Δρ‖ = 0.00018060172744223347  ‖vε - vref‖ = 1.1399107196092548  α = 1.57e-6
 274   -37.31326386951      -11.92       -4.00    3.78s
    ‖ρε - ρref‖ = 2.1184800562622378e-5 ‖Δρ‖ = 2.1090307699608912e-5  ‖vε - vref‖ = 1.1399308098653789  α = 2.91e-5
 275   -37.31326386951      -12.49       -3.80    3.67s
    ‖ρε - ρref‖ = 4.575868704732084e-5 ‖Δρ‖ = 4.600802961211868e-5  ‖vε - vref‖ = 1.139937018265707  α = 6.3e-6
 276   -37.31326386951      -12.23       -3.37    3.78s
    ‖ρε - ρref‖ = 0.00010319523173248718 ‖Δρ‖ = 0.00010296447984140001  ‖vε - vref‖ = 1.1399459519180606  α = 3.92e-6
 277   -37.31326386951      -12.10       -4.23    3.60s
    ‖ρε - ρref‖ = 1.2883998909916472e-5 ‖Δρ‖ = 1.2749549765663296e-5  ‖vε - vref‖ = 1.1399602540481566  α = 3.92e-5
 278   -37.31326386951      -11.75       -3.74    3.59s
    ‖ρε - ρref‖ = 3.197525917801571e-5 ‖Δρ‖ = 3.196375377946719e-5  ‖vε - vref‖ = 1.1399892577013044  α = 2.32e-5
 279   -37.31326386952      -11.75       -4.11    3.58s
    ‖ρε - ρref‖ = 1.4366542626297613e-5 ‖Δρ‖ = 1.443671349803835e-5  ‖vε - vref‖ = 1.1400186918111568  α = 5.1e-5
 280   -37.31326386952      -12.16       -3.85    3.77s
    ‖ρε - ρref‖ = 3.568141505032002e-5 ‖Δρ‖ = 3.5646941351529506e-5  ‖vε - vref‖ = 1.1400288551836344  α = 1.21e-5
 281   -37.31326386952      -11.83       -4.20    3.73s
    ‖ρε - ρref‖ = 1.2192020923924437e-5 ‖Δρ‖ = 1.215639467935529e-5  ‖vε - vref‖ = 1.140052204354886  α = 5.6e-5
 282   -37.31326386952      -11.90       -4.21    3.61s
    ‖ρε - ρref‖ = 1.2859504970743634e-5 ‖Δρ‖ = 1.2879539474582471e-5  ‖vε - vref‖ = 1.1400712614174624  α = 4.85e-5
 283   -37.31326386952      -11.96       -4.20    4.06s
    ‖ρε - ρref‖ = 1.4613319035913804e-5 ‖Δρ‖ = 1.4640931760359063e-5  ‖vε - vref‖ = 1.1400886295898127  α = 3.94e-5
 284   -37.31326386952      -12.16       -3.99    3.67s
    ‖ρε - ρref‖ = 2.6821115586110246e-5 ‖Δρ‖ = 2.7174201291522812e-5  ‖vε - vref‖ = 1.140099744476931  α = 1.56e-5
 285   -37.31326386952      -11.96       -3.07    3.95s
    ‖ρε - ρref‖ = 0.00018672085366517775 ‖Δρ‖ = 0.00018653262160765014  ‖vε - vref‖ = 1.1401161535987308  α = 3.13e-6
 286   -37.31326386952      -12.01       -4.13    4.03s
    ‖ρε - ρref‖ = 1.6130758414178237e-5 ‖Δρ‖ = 1.58849352345627e-5  ‖vε - vref‖ = 1.1401307829718588  α = 3.32e-5
 287   -37.31326386952      -12.62       -3.48    3.73s
    ‖ρε - ρref‖ = 0.00011014576006798473 ‖Δρ‖ = 0.00011042847932086377  ‖vε - vref‖ = 1.1401343312612124  α = 2.16e-6
 288   -37.31326386952      -12.05       -3.78    3.77s
    ‖ρε - ρref‖ = 3.413150775084247e-5 ‖Δρ‖ = 3.4045236184437686e-5  ‖vε - vref‖ = 1.1401480935034125  α = 1.6e-5
 289   -37.31326386953      -11.92       -3.97    3.66s
    ‖ρε - ρref‖ = 2.0679307506099018e-5 ‖Δρ‖ = 2.0627399013746375e-5  ‖vε - vref‖ = 1.1401652039147545  α = 2.94e-5
 290   -37.31326386953      -12.16       -3.76    3.96s
    ‖ρε - ρref‖ = 3.66895978126325e-5 ‖Δρ‖ = 3.6752350567723325e-5  ‖vε - vref‖ = 1.1401755475139377  α = 1.26e-5
 291   -37.31326386953      -11.99       -4.26    3.79s
    ‖ρε - ρref‖ = 1.0258389808504478e-5 ‖Δρ‖ = 1.019291841951857e-5  ‖vε - vref‖ = 1.140190596100974  α = 5.55e-5
 292   -37.31326386953      -12.41       -4.13    3.73s
    ‖ρε - ρref‖ = 1.956818685941629e-5 ‖Δρ‖ = 1.9489801719333075e-5  ‖vε - vref‖ = 1.1401957711304225  α = 1.66e-5
 293   -37.31326386953      -12.00       -4.16    3.69s
    ‖ρε - ρref‖ = 1.3048630608060448e-5 ‖Δρ‖ = 1.308340116044679e-5  ‖vε - vref‖ = 1.1402094238331915  α = 4.11e-5
 294   -37.31326386953      -11.79       -4.15    3.78s
    ‖ρε - ρref‖ = 1.1939744419950084e-5 ‖Δρ‖ = 1.1970145897493082e-5  ‖vε - vref‖ = 1.140230886993745  α = 6.05e-5
 295   -37.31326386953      -12.04       -4.33    3.74s
    ‖ρε - ρref‖ = 9.593565856917148e-6 ‖Δρ‖ = 9.562539770524797e-6  ‖vε - vref‖ = 1.1402431660876209  α = 5.65e-5
 296   -37.31326386953      -12.73       -3.61    3.62s
    ‖ρε - ρref‖ = 8.61194775590844e-5 ‖Δρ‖ = 8.653868790786442e-5  ‖vε - vref‖ = 1.1402455614390965  α = 2.4e-6
 297   -37.31326386953      -11.90       -3.72    3.77s
    ‖ρε - ρref‖ = 3.608869944497465e-5 ‖Δρ‖ = 3.607424902144809e-5  ‖vε - vref‖ = 1.140262314966735  α = 1.72e-5
 298   -37.31326386953      -12.28       -4.07    3.86s
    ‖ρε - ρref‖ = 2.129410081315584e-5 ‖Δρ‖ = 2.0927773171788486e-5  ‖vε - vref‖ = 1.1402699923394066  α = 1.74e-5
 299   -37.31326386953      -12.19       -3.20    3.75s
    ‖ρε - ρref‖ = 0.00014041735160645637 ‖Δρ‖ = 0.0001405317629608432  ‖vε - vref‖ = 1.1402778310696038  α = 2.99e-6
 300   -37.31326386953      -12.38       -4.10    3.63s
    ‖ρε - ρref‖ = 1.996502205221804e-5 ‖Δρ‖ = 1.9946267279324065e-5  ‖vε - vref‖ = 1.1402828315121887  α = 1.74e-5
Trying again with Newton's method ...
n     Energy            log10(ΔE)   log10(Δρ)   Δtime 
---   ---------------   ---------   ---------   ------
  1   -37.31326386955                   -7.65     324s
    ‖ρε - ρref‖ = 7.042377531255456e-7 ‖Δρ‖ = 2.4473497200824437e-9  ‖vε - vref‖ = 1.1400765892768128
  2   -37.31326386956      -11.05       -7.83     340s
    ‖ρε - ρref‖ = 7.042089791079179e-7 ‖Δρ‖ = 1.6449364119315784e-9  ‖vε - vref‖ = 1.1400176783756801
    Stopping to avoid numerical instabilities.

#-- ‖ρε - ρref‖ = 7.042089791079179e-7 vs. 1.7782794100389228e-9 = δ*ε ‖vε - vref‖ = 1.1400176783756801


# --- ε=1.0e-7

n     Energy            log10(ΔE)   log10(Δρ)   Δtime 
---   ---------------   ---------   ---------   ------
  1   -37.31326273613                   -0.11    7.62s
    ‖ρε - ρref‖ = 0.39550705478599807 ‖Δρ‖ = 0.3955067423805088  ‖vε - vref‖ = 2.402578124549413  α = 6.85e-7
  2   -37.31326278007       -7.36       -1.05    4.08s
    ‖ρε - ρref‖ = 0.03468902469398078 ‖Δρ‖ = 0.034688948769091885  ‖vε - vref‖ = 2.1522602111006592  α = 2.27e-6
  3   -37.31326282376       -7.36       -0.89    3.98s
    ‖ρε - ρref‖ = 0.051706097984344175 ‖Δρ‖ = 0.05170597789953856  ‖vε - vref‖ = 1.8301005308021279  α = 1.63e-6
  4   -37.31326285888       -7.45       -1.44    4.31s
    ‖ρε - ρref‖ = 0.009134769702859846 ‖Δρ‖ = 0.009134681195789396  ‖vε - vref‖ = 1.6020548305665578  α = 8.5e-6
  5   -37.31326287018       -7.95       -1.94    3.85s
    ‖ρε - ρref‖ = 0.0030845330567676184 ‖Δρ‖ = 0.0030844513078008002  ‖vε - vref‖ = 1.5328253450004938  α = 1.38e-5
  6   -37.31326288579       -7.81       -1.62    4.50s
    ‖ρε - ρref‖ = 0.004979744707643804 ‖Δρ‖ = 0.004979662190461602  ‖vε - vref‖ = 1.416291410833374  α = 1.04e-5
  7   -37.31326289113       -8.27       -2.04    4.32s
    ‖ρε - ρref‖ = 0.002102004667555708 ‖Δρ‖ = 0.0021019741265728936  ‖vε - vref‖ = 1.373000526163226  α = 1.43e-5
  8   -37.31326289277       -8.78       -2.24    4.38s
    ‖ρε - ρref‖ = 0.0014912597813445273 ‖Δρ‖ = 0.0014912474313992894  ‖vε - vref‖ = 1.3607190709709573  α = 1.15e-5
  9   -37.31326289541       -8.58       -2.37    4.13s
    ‖ρε - ρref‖ = 0.000944458161664896 ‖Δρ‖ = 0.0009444258149347036  ‖vε - vref‖ = 1.340002889632111  α = 2.27e-5
 10   -37.31326289678       -8.86       -2.34    4.45s
    ‖ρε - ρref‖ = 0.0011229296748553903 ‖Δρ‖ = 0.0011229119803998202  ‖vε - vref‖ = 1.3295786373955194  α = 1.39e-5
 11   -37.31326289934       -8.59       -2.51    3.54s
    ‖ρε - ρref‖ = 0.0006483747753677492 ‖Δρ‖ = 0.0006483243438887955  ‖vε - vref‖ = 1.3101044924464367  α = 3.21e-5
 12   -37.31326289951       -9.77       -2.16    3.90s
    ‖ρε - ρref‖ = 0.003243952992166858 ‖Δρ‖ = 0.0032442587131560684  ‖vε - vref‖ = 1.3089163878435668  α = 1.47e-6
 13   -37.31326290082       -8.88       -2.18    3.70s
    ‖ρε - ρref‖ = 0.001549817397787682 ‖Δρ‖ = 0.0015497575103492803  ‖vε - vref‖ = 1.2981422289601279  α = 9.92e-6
 14   -37.31326290096       -9.85       -1.99    3.60s
    ‖ρε - ρref‖ = 0.004863426650715516 ‖Δρ‖ = 0.004863413982614643  ‖vε - vref‖ = 1.2967571887947542  α = 8.53e-7
 15   -37.31326290236       -8.86       -2.62    4.22s
    ‖ρε - ρref‖ = 0.00046481316857342823 ‖Δρ‖ = 0.00046476596455422643  ‖vε - vref‖ = 1.286292197549234  α = 3.4e-5
 16   -37.31326290286       -9.29       -2.57    3.90s
    ‖ρε - ρref‖ = 0.0008032542766183452 ‖Δρ‖ = 0.0008032811054418061  ‖vε - vref‖ = 1.2821865637751952  α = 1.14e-5
 17   -37.31326290382       -9.02       -2.38    4.50s
    ‖ρε - ρref‖ = 0.0009289631911535674 ‖Δρ‖ = 0.0009289190720853203  ‖vε - vref‖ = 1.2750361307641178  α = 1.41e-5
 18   -37.31326290441       -9.23       -2.66    3.90s
    ‖ρε - ρref‖ = 0.0005584311525517059 ‖Δρ‖ = 0.0005584113210522412  ‖vε - vref‖ = 1.271843787688232  α = 1.74e-5
 19   -37.31326290584       -8.85       -2.26    4.21s
    ‖ρε - ρref‖ = 0.0010941873593948946 ‖Δρ‖ = 0.0010941587462434883  ‖vε - vref‖ = 1.2604229675500298  α = 1.45e-5
 20   -37.31326290671       -9.06       -2.66    3.83s
    ‖ρε - ρref‖ = 0.0004298878478870897 ‖Δρ‖ = 0.0004298840651075794  ‖vε - vref‖ = 1.2541534084692665  α = 2.86e-5
 21   -37.31326290778       -8.97       -2.34    4.56s
    ‖ρε - ρref‖ = 0.0008760435609270708 ‖Δρ‖ = 0.0008760141309304731  ‖vε - vref‖ = 1.2466632074793342  α = 1.6e-5
 22   -37.31326290855       -9.11       -2.41    4.33s
    ‖ρε - ρref‖ = 0.0008514529629996448 ‖Δρ‖ = 0.0008514182612814266  ‖vε - vref‖ = 1.2401674557926519  α = 1.34e-5
 23   -37.31326290922       -9.18       -2.73    4.08s
    ‖ρε - ρref‖ = 0.00042814652498684595 ‖Δρ‖ = 0.0004281291900706575  ‖vε - vref‖ = 1.2353889844562747  α = 2.55e-5
 24   -37.31326291068       -8.84       -2.43    4.01s
    ‖ρε - ρref‖ = 0.0006378332145078106 ‖Δρ‖ = 0.000637807691210836  ‖vε - vref‖ = 1.2247186316772425  α = 2.58e-5
 25   -37.31326291073      -10.33       -2.24    3.93s
    ‖ρε - ρref‖ = 0.002390777613084626 ‖Δρ‖ = 0.002391035622724825  ‖vε - vref‖ = 1.2243989241363262  α = 1.07e-6
 26   -37.31326291117       -9.36       -2.61    3.77s
    ‖ρε - ρref‖ = 0.0005616311179530394 ‖Δρ‖ = 0.0005615573422602484  ‖vε - vref‖ = 1.2215108529496628  α = 1.53e-5
 27   -37.31326291125      -10.06       -2.06    4.15s
    ‖ρε - ρref‖ = 0.0034214178023436897 ‖Δρ‖ = 0.0034212354688890638  ‖vε - vref‖ = 1.2205416580675839  α = 9.73e-7
 28   -37.31326291211       -9.07       -2.80    3.90s
    ‖ρε - ρref‖ = 0.00030396513119308933 ‖Δρ‖ = 0.00030398528815830646  ‖vε - vref‖ = 1.21486070503298  α = 4.02e-5
 29   -37.31326291260       -9.31       -2.31    4.86s
    ‖ρε - ρref‖ = 0.0011433334225378208 ‖Δρ‖ = 0.001143283119870389  ‖vε - vref‖ = 1.211282227367083  α = 8.08e-6
 30   -37.31326291366       -8.98       -2.51    4.23s
    ‖ρε - ρref‖ = 0.0006066933599110928 ‖Δρ‖ = 0.0006066925688949792  ‖vε - vref‖ = 1.2035523547781866  α = 2.29e-5
 31   -37.31326291407       -9.38       -2.46    3.89s
    ‖ρε - ρref‖ = 0.0008942829887141119 ‖Δρ‖ = 0.0008942479601698428  ‖vε - vref‖ = 1.2011686961107526  α = 9.13e-6
 32   -37.31326291488       -9.09       -2.46    4.17s
    ‖ρε - ρref‖ = 0.0007031782838346017 ‖Δρ‖ = 0.0007031057923082384  ‖vε - vref‖ = 1.1952714249198813  α = 1.62e-5
 33   -37.31326291565       -9.11       -2.68    4.77s
    ‖ρε - ρref‖ = 0.00037952574784729404 ‖Δρ‖ = 0.00037953718471660133  ‖vε - vref‖ = 1.1894904566726487  α = 3.11e-5
 34   -37.31326291602       -9.43       -2.43    4.67s
    ‖ρε - ρref‖ = 0.0007960703842195321 ‖Δρ‖ = 0.0007960923187200842  ‖vε - vref‖ = 1.186946322018232  α = 1.04e-5
 35   -37.31326291654       -9.28       -2.68    4.38s
    ‖ρε - ρref‖ = 0.000394842770338229 ‖Δρ‖ = 0.0003948363906805018  ‖vε - vref‖ = 1.1832924516048178  α = 2.47e-5
 36   -37.31326291704       -9.30       -2.66    4.58s
    ‖ρε - ρref‖ = 0.00046646297636330076 ‖Δρ‖ = 0.0004664737203249937  ‖vε - vref‖ = 1.1799818774718194  α = 2.0e-5
 37   -37.31326291713      -10.06       -2.23    3.78s
    ‖ρε - ρref‖ = 0.0021259273909587373 ‖Δρ‖ = 0.002125653063229957  ‖vε - vref‖ = 1.179632268969082  α = 1.66e-6
 38   -37.31326291783       -9.16       -2.17    4.26s
    ‖ρε - ρref‖ = 0.0012416041257771382 ‖Δρ‖ = 0.0012415818796279584  ‖vε - vref‖ = 1.1745070398802595  α = 8.9e-6
 39   -37.31326291788      -10.31       -2.39    4.37s
    ‖ρε - ρref‖ = 0.001746892538598126 ‖Δρ‖ = 0.001747057143560825  ‖vε - vref‖ = 1.174182030832905  α = 1.37e-6
 40   -37.31326291837       -9.31       -2.52    4.45s
    ‖ρε - ρref‖ = 0.0005978418923912402 ‖Δρ‖ = 0.0005978520315174288  ‖vε - vref‖ = 1.1711824323294304  α = 1.54e-5
 41   -37.31326291882       -9.34       -2.74    4.44s
    ‖ρε - ρref‖ = 0.00037822711279066897 ‖Δρ‖ = 0.0003781459584607462  ‖vε - vref‖ = 1.1677028232613882  α = 2.26e-5
 42   -37.31326291905       -9.65       -2.39    4.10s
    ‖ρε - ρref‖ = 0.0009736233797893869 ‖Δρ‖ = 0.0009736269071653764  ‖vε - vref‖ = 1.166144099374666  α = 6.5e-6
 43   -37.31326291975       -9.15       -2.92    3.70s
    ‖ρε - ρref‖ = 0.00020090183214954802 ‖Δρ‖ = 0.00020085984064819573  ‖vε - vref‖ = 1.1620916936908525  α = 5.53e-5
 44   -37.31326292026       -9.29       -2.13    4.16s
    ‖ρε - ρref‖ = 0.0013794195316939055 ‖Δρ‖ = 0.001379386471332502  ‖vε - vref‖ = 1.158087936793133  α = 6.63e-6
 45   -37.31326292065       -9.40       -2.84    4.66s
    ‖ρε - ρref‖ = 0.00029564700776731355 ‖Δρ‖ = 0.0002957017466728393  ‖vε - vref‖ = 1.1554045670732982  α = 2.8e-5
 46   -37.31326292104       -9.42       -2.73    4.33s
    ‖ρε - ρref‖ = 0.00034562136941674253 ‖Δρ‖ = 0.0003456179664794788  ‖vε - vref‖ = 1.1528431784222204  α = 2.42e-5
 47   -37.31326292150       -9.33       -2.42    4.17s
    ‖ρε - ρref‖ = 0.0006759142793361669 ‖Δρ‖ = 0.0006758675493753566  ‖vε - vref‖ = 1.149799683827409  α = 1.37e-5
 48   -37.31326292174       -9.62       -2.76    4.21s
    ‖ρε - ρref‖ = 0.00035131850677383653 ‖Δρ‖ = 0.0003513428975046265  ‖vε - vref‖ = 1.1481496540398823  α = 1.86e-5
 49   -37.31326292177      -10.48       -2.38    3.88s
    ‖ρε - ρref‖ = 0.001557353247568776 ‖Δρ‖ = 0.0015570943389060991  ‖vε - vref‖ = 1.1479934082616015  α = 1.39e-6
 50   -37.31326292202       -9.60       -2.52    4.93s
    ‖ρε - ρref‖ = 0.000674068273683235 ‖Δρ‖ = 0.0006740933839768323  ‖vε - vref‖ = 1.1463223698095788  α = 9.75e-6
 51   -37.31326292207      -10.38       -2.53    4.56s
    ‖ρε - ρref‖ = 0.0010942303590989804 ‖Δρ‖ = 0.001094400671158443  ‖vε - vref‖ = 1.1462179397597  α = 2.06e-6
 52   -37.31326292238       -9.50       -2.36    4.50s
    ‖ρε - ρref‖ = 0.0008315660969637485 ‖Δρ‖ = 0.0008315496362300651  ‖vε - vref‖ = 1.1439186681951965  α = 8.88e-6
 53   -37.31326292263       -9.60       -2.90    4.07s
    ‖ρε - ρref‖ = 0.0002273328572690892 ‖Δρ‖ = 0.00022724879268579866  ‖vε - vref‖ = 1.1424489608411978  α = 2.94e-5
 54   -37.31326292276       -9.90       -2.70    4.22s
    ‖ρε - ρref‖ = 0.0004608843473658873 ‖Δρ‖ = 0.00046091064548488476  ‖vε - vref‖ = 1.1415456834445041  α = 9.83e-6
 55   -37.31326292309       -9.48       -2.64    4.21s
    ‖ρε - ρref‖ = 0.0003845519595324438 ‖Δρ‖ = 0.0003845342504259949  ‖vε - vref‖ = 1.1396386425375962  α = 2.03e-5
 56   -37.31326292322       -9.87       -2.79    4.14s
    ‖ρε - ρref‖ = 0.0003936982502856664 ‖Δρ‖ = 0.00039368588946831997  ‖vε - vref‖ = 1.1389148483816978  α = 1.16e-5
 57   -37.31326292356       -9.47       -2.63    4.54s
    ‖ρε - ρref‖ = 0.0004196247287545466 ‖Δρ‖ = 0.00041961202993085964  ‖vε - vref‖ = 1.1368329509893573  α = 1.76e-5
 58   -37.31326292389       -9.48       -2.76    3.79s
    ‖ρε - ρref‖ = 0.00028151619157281517 ‖Δρ‖ = 0.0002815143584008703  ‖vε - vref‖ = 1.1345140667697344  α = 2.76e-5
 59   -37.31326292410       -9.67       -2.75    4.20s
    ‖ρε - ρref‖ = 0.00032750470207264465 ‖Δρ‖ = 0.00032747922770866517  ‖vε - vref‖ = 1.1332016059170598  α = 1.91e-5
 60   -37.31326292430       -9.71       -2.61    4.75s
    ‖ρε - ρref‖ = 0.0004942461609086423 ‖Δρ‖ = 0.000494247850240403  ‖vε - vref‖ = 1.1319696196305777  α = 1.2e-5
 61   -37.31326292432      -10.67       -2.81    4.31s
    ‖ρε - ρref‖ = 0.0005474535333848085 ‖Δρ‖ = 0.000547209925225497  ‖vε - vref‖ = 1.1318816983675812  α = 3.24e-6
 62   -37.31326292455       -9.65       -2.35    4.63s
    ‖ρε - ρref‖ = 0.0007263846566617462 ‖Δρ‖ = 0.0007264483220112787  ‖vε - vref‖ = 1.1306641383931888  α = 8.7e-6
 63   -37.31326292459      -10.33       -2.48    3.93s
    ‖ρε - ρref‖ = 0.0009581756049946964 ‖Δρ‖ = 0.0009583430986034639  ‖vε - vref‖ = 1.1304294461574635  α = 2.51e-6
 64   -37.31326292476       -9.79       -2.18    4.48s
    ‖ρε - ρref‖ = 0.001266636723454218 ‖Δρ‖ = 0.0012665879260547574  ‖vε - vref‖ = 1.1292241691624283  α = 4.16e-6
 65   -37.31326292494       -9.74       -2.93    4.36s
    ‖ρε - ρref‖ = 0.00021085748821925873 ‖Δρ‖ = 0.00021079088589489765  ‖vε - vref‖ = 1.1281404995583237  α = 2.74e-5
 66   -37.31326292506       -9.92       -3.06    4.69s
    ‖ρε - ρref‖ = 0.00017871093674255386 ‖Δρ‖ = 0.00017875790517695437  ‖vε - vref‖ = 1.1275358907165867  α = 2.49e-5
 67   -37.31326292518       -9.91       -2.54    3.88s
    ‖ρε - ρref‖ = 0.0005490637512640357 ‖Δρ‖ = 0.0005490296338483961  ‖vε - vref‖ = 1.1267327819214996  α = 8.58e-6
 68   -37.31326292531       -9.90       -2.90    4.57s
    ‖ρε - ρref‖ = 0.0002364127926961638 ‖Δρ‖ = 0.00023637245127137345  ‖vε - vref‖ = 1.126097005845257  α = 2.02e-5
 69   -37.31326292538      -10.14       -2.79    3.81s
    ‖ρε - ρref‖ = 0.0003886371688850717 ‖Δρ‖ = 0.0003886100274259705  ‖vε - vref‖ = 1.1257738460697992  α = 8.66e-6
 70   -37.31326292563       -9.61       -2.88    4.65s
    ‖ρε - ρref‖ = 0.0002075424117624743 ‖Δρ‖ = 0.00020750983104083885  ‖vε - vref‖ = 1.124382298842207  α = 3.12e-5
 71   -37.31326292576       -9.86       -2.94    4.61s
    ‖ρε - ρref‖ = 0.0002059383485175025 ‖Δρ‖ = 0.00020597650571320668  ‖vε - vref‖ = 1.1235472247281575  α = 2.43e-5
 72   -37.31326292586      -10.04       -2.91    3.93s
    ‖ρε - ρref‖ = 0.0002501964019037853 ‖Δρ‖ = 0.0002502309858999938  ‖vε - vref‖ = 1.1230882225839038  α = 1.62e-5
 73   -37.31326292600       -9.84       -2.76    3.94s
    ‖ρε - ρref‖ = 0.0003196217953086809 ‖Δρ‖ = 0.00031947400297238816  ‖vε - vref‖ = 1.1224557377316817  α = 1.55e-5
 74   -37.31326292607      -10.13       -1.82    4.48s
    ‖ρε - ρref‖ = 0.003420276860997477 ‖Δρ‖ = 0.0034204595743963727  ‖vε - vref‖ = 1.1218709850044906  α = 9.62e-7
 75   -37.31326292610      -10.61       -3.10    4.17s
    ‖ρε - ρref‖ = 0.0002441642618180149 ‖Δρ‖ = 0.00024427130681379497  ‖vε - vref‖ = 1.12183906977135  α = 7.55e-6
 76   -37.31326292614      -10.33       -2.30    4.41s
    ‖ρε - ρref‖ = 0.0012041765500265913 ‖Δρ‖ = 0.0012040475694244394  ‖vε - vref‖ = 1.1215362925099759  α = 2.24e-6
 77   -37.31326292628       -9.87       -2.98    3.98s
    ‖ρε - ρref‖ = 0.0001897013246612 ‖Δρ‖ = 0.00018966924474356458  ‖vε - vref‖ = 1.1208667918770987  α = 2.57e-5
 78   -37.31326292643       -9.82       -2.90    3.87s
    ‖ρε - ρref‖ = 0.0002072782097659258 ‖Δρ‖ = 0.0002073311154662189  ‖vε - vref‖ = 1.120102349739394  α = 2.53e-5
 79   -37.31326292648      -10.33       -2.98    4.07s
    ‖ρε - ρref‖ = 0.00025894161808278027 ‖Δρ‖ = 0.000258872278667924  ‖vε - vref‖ = 1.1198270110938935  α = 1.05e-5
 80   -37.31326292656      -10.07       -2.85    3.98s
    ‖ρε - ρref‖ = 0.0002793686841309579 ‖Δρ‖ = 0.0002793389846833891  ‖vε - vref‖ = 1.1194452641782993  α = 1.42e-5
 81   -37.31326292665      -10.08       -3.05    4.02s
    ‖ρε - ρref‖ = 0.00017508273341756945 ‖Δρ‖ = 0.00017506634084898278  ‖vε - vref‖ = 1.1190918353269996  α = 2.12e-5
 82   -37.31326292673      -10.10       -2.66    3.87s
    ‖ρε - ρref‖ = 0.00044058263703871764 ‖Δρ‖ = 0.0004405660397506277  ‖vε - vref‖ = 1.1186410609640522  α = 8.2e-6
 83   -37.31326292686       -9.86       -3.25    4.20s
    ‖ρε - ρref‖ = 9.841243340303177e-5 ‖Δρ‖ = 9.843819579834676e-5  ‖vε - vref‖ = 1.1180311616436422  α = 5.05e-5
 84   -37.31326292694      -10.12       -2.99    4.21s
    ‖ρε - ρref‖ = 0.0001968070915425346 ‖Δρ‖ = 0.00019680788979468947  ‖vε - vref‖ = 1.1176755522060273  α = 1.87e-5
 85   -37.31326292700      -10.22       -2.94    3.71s
    ‖ρε - ρref‖ = 0.00024918252085331027 ‖Δρ‖ = 0.0002491575826974007  ‖vε - vref‖ = 1.1174255108336577  α = 1.31e-5
 86   -37.31326292706      -10.23       -3.01    4.47s
    ‖ρε - ρref‖ = 0.00020358227583562778 ‖Δρ‖ = 0.00020344656689801646  ‖vε - vref‖ = 1.1172474872526994  α = 1.46e-5
 87   -37.31326292710      -10.36       -2.00    4.25s
    ‖ρε - ρref‖ = 0.0023881409709180386 ‖Δρ‖ = 0.0023882514348878905  ‖vε - vref‖ = 1.1169598967725844  α = 1.11e-6
 88   -37.31326292715      -10.35       -3.22    4.17s
    ‖ρε - ρref‖ = 0.00013043308884937488 ‖Δρ‖ = 0.00013036260537469034  ‖vε - vref‖ = 1.1168113744391202  α = 2.13e-5
 89   -37.31326292716      -10.76       -2.36    3.99s
    ‖ρε - ρref‖ = 0.0013254796864490598 ‖Δρ‖ = 0.0013257229358988026  ‖vε - vref‖ = 1.1167118602760293  α = 1.14e-6
 90   -37.31326292724      -10.11       -2.97    3.74s
    ‖ρε - ρref‖ = 0.00020997079088523393 ‖Δρ‖ = 0.00020998361150992038  ‖vε - vref‖ = 1.1164001714565281  α = 1.74e-5
 91   -37.31326292732      -10.12       -3.03    3.67s
    ‖ρε - ρref‖ = 0.00017316012754208668 ‖Δρ‖ = 0.0001730751059881033  ‖vε - vref‖ = 1.1160853353872435  α = 2.14e-5
 92   -37.31326292734      -10.58       -2.98    3.68s
    ‖ρε - ρref‖ = 0.0002633150725546766 ‖Δρ‖ = 0.0002633387565369092  ‖vε - vref‖ = 1.1159501588929077  α = 7.91e-6
 93   -37.31326292744      -10.01       -3.11    4.01s
    ‖ρε - ρref‖ = 0.00013479573064829886 ‖Δρ‖ = 0.00013478323375329466  ‖vε - vref‖ = 1.1155932892040687  α = 3.04e-5
 94   -37.31326292746      -10.62       -3.04    3.80s
    ‖ρε - ρref‖ = 0.00025754347722819544 ‖Δρ‖ = 0.00025752808555256875  ‖vε - vref‖ = 1.115498060690209  α = 7.47e-6
 95   -37.31326292754      -10.15       -3.14    4.77s
    ‖ρε - ρref‖ = 0.00013205762956917792 ‖Δρ‖ = 0.00013205100946399507  ‖vε - vref‖ = 1.1152402106712649  α = 2.69e-5
 96   -37.31326292759      -10.25       -3.25    4.73s
    ‖ρε - ρref‖ = 0.00010853904368598475 ‖Δρ‖ = 0.00010854317754781221  ‖vε - vref‖ = 1.115007839862239  α = 2.88e-5
 97   -37.31326292762      -10.52       -3.16    4.34s
    ‖ρε - ρref‖ = 0.00013978170555276553 ‖Δρ‖ = 0.00013975478652430615  ‖vε - vref‖ = 1.1149022883527366  α = 1.68e-5
 98   -37.31326292765      -10.57       -3.12    3.93s
    ‖ρε - ρref‖ = 0.00019317152438746025 ‖Δρ‖ = 0.00019327422201044787  ‖vε - vref‖ = 1.1148396315875642  α = 1.09e-5
 99   -37.31326292767      -10.75       -2.30    4.73s
    ‖ρε - ρref‖ = 0.0014417023869297038 ‖Δρ‖ = 0.0014415511372047616  ‖vε - vref‖ = 1.114781509233386  α = 1.11e-6
 100   -37.31326292773      -10.19       -3.14    4.23s
    ‖ρε - ρref‖ = 0.00013550151079139982 ‖Δρ‖ = 0.00013560251652686684  ‖vε - vref‖ = 1.1146322971122724  α = 2.48e-5
 101   -37.31326292774      -11.03       -2.47    4.59s
    ‖ρε - ρref‖ = 0.0012176851753781777 ‖Δρ‖ = 0.001217459084531701  ‖vε - vref‖ = 1.1145789041215524  α = 8.96e-7
 102   -37.31326292777      -10.51       -3.32    3.90s
    ‖ρε - ρref‖ = 0.00011006359882417897 ‖Δρ‖ = 0.00011005428177669254  ‖vε - vref‖ = 1.1145082912440463  α = 2.12e-5
 103   -37.31326292782      -10.33       -3.21    4.14s
    ‖ρε - ρref‖ = 0.00012763338488027662 ‖Δρ‖ = 0.0001275800437198053  ‖vε - vref‖ = 1.114391793350049  α = 2.22e-5
 104   -37.31326292788      -10.23       -3.22    4.41s
    ‖ρε - ρref‖ = 0.00010978959364084112 ‖Δρ‖ = 0.00010983379240537736  ‖vε - vref‖ = 1.1142911806519866  α = 2.93e-5
 105   -37.31326292790      -10.54       -2.90    4.66s
    ‖ρε - ρref‖ = 0.00027916286887222873 ‖Δρ‖ = 0.0002791250755387313  ‖vε - vref‖ = 1.1141820973599177  α = 7.91e-6
 106   -37.31326292795      -10.39       -3.06    4.31s
    ‖ρε - ρref‖ = 0.00017710517272499245 ‖Δρ‖ = 0.0001771099863053536  ‖vε - vref‖ = 1.1140809433701728  α = 1.54e-5
 107   -37.31326292796      -10.90       -3.36    4.01s
    ‖ρε - ρref‖ = 0.00012946268732000297 ‖Δρ‖ = 0.00012944321524333336  ‖vε - vref‖ = 1.1140770688594028  α = 1.08e-5
 108   -37.31326292802      -10.21       -3.26    4.11s
    ‖ρε - ρref‖ = 0.00010423662756144345 ‖Δρ‖ = 0.00010416890037188477  ‖vε - vref‖ = 1.113976411359835  α = 3.14e-5
 109   -37.31326292808      -10.22       -3.19    4.46s
    ‖ρε - ρref‖ = 0.00012246703641192154 ‖Δρ‖ = 0.00012251313352091176  ‖vε - vref‖ = 1.1138267961492117  α = 2.68e-5
 110   -37.31326292809      -11.02       -3.22    3.95s
    ‖ρε - ρref‖ = 0.0001676763266143603 ‖Δρ‖ = 0.0001675598551401259  ‖vε - vref‖ = 1.113838343116654  α = 7.34e-6
 111   -37.31326292811      -10.83       -2.45    4.12s
    ‖ρε - ρref‖ = 0.0008963123961523948 ‖Δρ‖ = 0.0008964518269357006  ‖vε - vref‖ = 1.113783530411808  α = 1.72e-6
 112   -37.31326292814      -10.42       -3.10    4.20s
    ‖ρε - ρref‖ = 0.00016806605471876 ‖Δρ‖ = 0.00016799644802308853  ‖vε - vref‖ = 1.1137334841834894  α = 1.54e-5
 113   -37.31326292815      -11.31       -2.67    4.65s
    ‖ρε - ρref‖ = 0.0008419424389311228 ‖Δρ‖ = 0.0008421725505870174  ‖vε - vref‖ = 1.113706095158689  α = 9.34e-7
 114   -37.31326292818      -10.55       -3.34    4.85s
    ‖ρε - ρref‖ = 9.0058332932312e-5 ‖Δρ‖ = 9.00101894395034e-5  ‖vε - vref‖ = 1.1136714884294072  α = 2.52e-5
 115   -37.31326292820      -10.58       -3.39    4.45s
    ‖ρε - ρref‖ = 9.11177369687181e-5 ‖Δρ‖ = 9.111828536031314e-5  ‖vε - vref‖ = 1.1136499372272362  α = 2.3e-5
 116   -37.31326292824      -10.44       -3.23    4.51s
    ‖ρε - ρref‖ = 0.00011286784864448852 ‖Δρ‖ = 0.00011289103100191855  ‖vε - vref‖ = 1.1136050944640783  α = 2.25e-5
 117   -37.31326292827      -10.51       -3.27    4.59s
    ‖ρε - ρref‖ = 0.00010884359252132751 ‖Δρ‖ = 0.00010875865092246963  ‖vε - vref‖ = 1.1135842152960853  α = 2.09e-5
 118   -37.31326292829      -10.65       -3.00    4.36s
    ‖ρε - ρref‖ = 0.0002281521461248555 ‖Δρ‖ = 0.00022815845639345548  ‖vε - vref‖ = 1.1135417764997628  α = 8.76e-6
 119   -37.31326292835      -10.21       -3.13    4.68s
    ‖ρε - ρref‖ = 0.00012187991131716865 ‖Δρ‖ = 0.00012186015210696288  ‖vε - vref‖ = 1.1134924493588876  α = 2.78e-5
 120   -37.31326292837      -10.90       -3.07    4.45s
    ‖ρε - ρref‖ = 0.0002343308514384247 ‖Δρ‖ = 0.00023433484640276067  ‖vε - vref‖ = 1.1134790216667434  α = 5.94e-6
 121   -37.31326292841      -10.35       -3.43    4.46s
    ‖ρε - ρref‖ = 6.511974869787626e-5 ‖Δρ‖ = 6.518040479820386e-5  ‖vε - vref‖ = 1.113465431143488  α = 4.29e-5
 122   -37.31326292842      -11.24       -3.10    4.48s
    ‖ρε - ρref‖ = 0.0002691014031813263 ‖Δρ‖ = 0.0002692820810158534  ‖vε - vref‖ = 1.113462390475244  α = 3.34e-6
 123   -37.31326292847      -10.30       -2.59    5.00s
    ‖ρε - ρref‖ = 0.0004237449184247574 ‖Δρ‖ = 0.00042365322127903884  ‖vε - vref‖ = 1.113424549602829  α = 7.18e-6
 124   -37.31326292848      -11.10       -3.19    4.21s
    ‖ρε - ρref‖ = 0.00018476573226920085 ‖Δρ‖ = 0.00018495597713313793  ‖vε - vref‖ = 1.1134368291440528  α = 5.61e-6
 125   -37.31326292849      -10.72       -2.51    4.31s
    ‖ρε - ρref‖ = 0.0006660143105516281 ‖Δρ‖ = 0.0006658874580463053  ‖vε - vref‖ = 1.1134169278554298  α = 2.7e-6
 126   -37.31326292853      -10.46       -3.07    4.09s
    ‖ρε - ρref‖ = 0.0001693412852969686 ‖Δρ‖ = 0.00016935583956744244  ‖vε - vref‖ = 1.1134106242206414  α = 1.47e-5
 127   -37.31326292858      -10.29       -3.29    4.18s
    ‖ρε - ρref‖ = 8.65086145595273e-5 ‖Δρ‖ = 8.650156990170314e-5  ‖vε - vref‖ = 1.113394591079799  α = 3.55e-5
 128   -37.31326292861      -10.55       -3.19    4.81s
    ‖ρε - ρref‖ = 0.00013401691271516382 ‖Δρ‖ = 0.00013399185241406758  ‖vε - vref‖ = 1.1133811286095519  α = 1.6e-5
 129   -37.31326292863      -10.58       -3.30    4.80s
    ‖ρε - ρref‖ = 0.0001046166008462738 ‖Δρ‖ = 0.00010457940777690567  ‖vε - vref‖ = 1.1133904555560714  α = 2.05e-5
 130   -37.31326292866      -10.56       -3.35    4.70s
    ‖ρε - ρref‖ = 8.425436790057526e-5 ‖Δρ‖ = 8.431063448713775e-5  ‖vε - vref‖ = 1.1133653780636688  α = 2.54e-5
 131   -37.31326292868      -10.83       -3.07    4.68s
    ‖ρε - ρref‖ = 0.0002018529465529626 ‖Δρ‖ = 0.00020181528304417202  ‖vε - vref‖ = 1.113353059130321  α = 7.95e-6
 132   -37.31326292870      -10.59       -3.25    4.71s
    ‖ρε - ρref‖ = 0.00011148556256834734 ‖Δρ‖ = 0.00011147378946111988  ‖vε - vref‖ = 1.1133543944794275  α = 1.94e-5
 133   -37.31326292871      -11.21       -3.38    4.12s
    ‖ρε - ρref‖ = 0.0001233002679011645 ‖Δρ‖ = 0.0001233244059275323  ‖vε - vref‖ = 1.1133515360655655  α = 7.93e-6
 134   -37.31326292871      -11.48       -3.21    4.60s
    ‖ρε - ρref‖ = 0.00021723062425617508 ‖Δρ‖ = 0.00021703629747679693  ‖vε - vref‖ = 1.113369382999482  α = 3.12e-6
 135   -37.31326292875      -10.44       -2.77    3.86s
    ‖ρε - ρref‖ = 0.00027141905181418446 ‖Δρ‖ = 0.0002714553672663522  ‖vε - vref‖ = 1.1133725970889756  α = 9.28e-6
 136   -37.31326292876      -10.89       -3.27    4.12s
    ‖ρε - ρref‖ = 0.00011969493574945485 ‖Δρ‖ = 0.00011954088640100096  ‖vε - vref‖ = 1.1133905210948776  α = 1.15e-5
 137   -37.31326292877      -10.89       -2.39    4.33s
    ‖ρε - ρref‖ = 0.000931401907667764 ‖Δρ‖ = 0.0009315671435873519  ‖vε - vref‖ = 1.1133529397203321  α = 1.48e-6
 138   -37.31326292879      -10.74       -3.42    4.18s
    ‖ρε - ρref‖ = 7.51439494782563e-5 ‖Δρ‖ = 7.5168495229049e-5  ‖vε - vref‖ = 1.1133672948179636  α = 2.44e-5
 139   -37.31326292882      -10.59       -3.11    4.25s
    ‖ρε - ρref‖ = 0.00014932992644561366 ‖Δρ‖ = 0.0001493327376437416  ‖vε - vref‖ = 1.1133722417654401  α = 1.44e-5
 140   -37.31326292884      -10.61       -3.42    3.87s
    ‖ρε - ρref‖ = 6.693369436831006e-5 ‖Δρ‖ = 6.684985446912134e-5  ‖vε - vref‖ = 1.1133904694459458  α = 3.17e-5
 141   -37.31326292886      -10.71       -3.38    4.73s
    ‖ρε - ρref‖ = 8.625150766767043e-5 ‖Δρ‖ = 8.623492673057427e-5  ‖vε - vref‖ = 1.113402554164566  α = 2.1e-5
 142   -37.31326292888      -10.70       -3.27    4.56s
    ‖ρε - ρref‖ = 0.00010444316713813829 ‖Δρ‖ = 0.00010449724848623106  ‖vε - vref‖ = 1.1134090031488486  α = 1.8e-5
 143   -37.31326292889      -10.84       -3.54    4.92s
    ‖ρε - ρref‖ = 6.112522097462393e-5 ‖Δρ‖ = 6.106343642365331e-5  ‖vε - vref‖ = 1.1134333100133031  α = 2.51e-5
 144   -37.31326292892      -10.64       -3.00    4.46s
    ‖ρε - ρref‖ = 0.0001824356285470511 ‖Δρ‖ = 0.0001824496330320626  ‖vε - vref‖ = 1.1134357939928192  α = 1.13e-5
 145   -37.31326292895      -10.55       -3.20    4.20s
    ‖ρε - ρref‖ = 0.00010690931111059035 ‖Δρ‖ = 0.00010690329256289175  ‖vε - vref‖ = 1.1134659802691067  α = 2.11e-5
 146   -37.31326292895      -11.32       -2.86    4.87s
    ‖ρε - ρref‖ = 0.00041006267189435416 ‖Δρ‖ = 0.00041024864879961917  ‖vε - vref‖ = 1.1134645083903016  α = 1.93e-6
 147   -37.31326292896      -11.15       -2.69    4.55s
    ‖ρε - ρref‖ = 0.0005412380977640911 ‖Δρ‖ = 0.0005411540682891208  ‖vε - vref‖ = 1.1134696492061638  α = 2.0e-6
 148   -37.31326292897      -11.01       -3.58    4.04s
    ‖ρε - ρref‖ = 5.7410595367840254e-5 ‖Δρ‖ = 5.750250387227272e-5  ‖vε - vref‖ = 1.1134852212134994  α = 2.06e-5
 149   -37.31326292897      -11.55       -2.77    4.03s
    ‖ρε - ρref‖ = 0.0005982672336755624 ‖Δρ‖ = 0.0005980512371401111  ‖vε - vref‖ = 1.1134779233056114  α = 1.02e-6
 150   -37.31326292899      -10.77       -3.50    4.73s
    ‖ρε - ρref‖ = 5.7059032269324715e-5 ‖Δρ‖ = 5.703767086805754e-5  ‖vε - vref‖ = 1.113494225847328  α = 3.11e-5
 151   -37.31326292900      -10.92       -3.52    4.81s
    ‖ρε - ρref‖ = 6.421796876328643e-5 ‖Δρ‖ = 6.41919644090774e-5  ‖vε - vref‖ = 1.1135128341196614  α = 2.32e-5
 152   -37.31326292903      -10.55       -3.18    4.31s
    ‖ρε - ρref‖ = 0.0001137162028374919 ‖Δρ‖ = 0.00011370898485419002  ‖vε - vref‖ = 1.1135494123862741  α = 2.0e-5
 153   -37.31326292905      -10.71       -3.54    4.24s
    ‖ρε - ρref‖ = 5.130363366019378e-5 ‖Δρ‖ = 5.1356142245153543e-5  ‖vε - vref‖ = 1.113578144026825  α = 3.67e-5
 154   -37.31326292906      -10.90       -3.30    4.44s
    ‖ρε - ρref‖ = 0.00010544662085839644 ‖Δρ‖ = 0.00010545968944114422  ‖vε - vref‖ = 1.1135921954615449  α = 1.39e-5
 155   -37.31326292907      -10.96       -3.55    4.71s
    ‖ρε - ρref‖ = 6.013906485261497e-5 ‖Δρ‖ = 6.004244431524644e-5  ‖vε - vref‖ = 1.1136100163654348  α = 2.33e-5
 156   -37.31326292908      -11.20       -3.50    4.41s
    ‖ρε - ρref‖ = 7.910481578137319e-5 ‖Δρ‖ = 7.914626487282957e-5  ‖vε - vref‖ = 1.1136220811465014  α = 1.27e-5
 157   -37.31326292909      -10.75       -3.26    4.28s
    ‖ρε - ρref‖ = 9.56861209404987e-5 ‖Δρ‖ = 9.572248181268417e-5  ‖vε - vref‖ = 1.1136575352000817  α = 1.89e-5
 158   -37.31326292910      -11.90       -3.05    4.43s
    ‖ρε - ρref‖ = 0.00034213756316815047 ‖Δρ‖ = 0.0003419457563861632  ‖vε - vref‖ = 1.1136573257492015  α = 1.22e-6
 159   -37.31326292910      -11.20       -3.22    4.36s
    ‖ρε - ρref‖ = 0.00014025798635379925 ‖Δρ‖ = 0.00014030314442822571  ‖vε - vref‖ = 1.1136712441622758  α = 7.22e-6
 160   -37.31326292911      -11.19       -3.28    3.93s
    ‖ρε - ρref‖ = 0.00012125388184336374 ‖Δρ‖ = 0.00012116429139761084  ‖vε - vref‖ = 1.1136852978386824  α = 8.41e-6
 161   -37.31326292911      -11.90       -3.03    4.00s
    ‖ρε - ρref‖ = 0.000358471520284739 ‖Δρ‖ = 0.0003586950582883563  ‖vε - vref‖ = 1.1136887571003462  α = 1.1e-6
 162   -37.31326292912      -10.93       -3.52    4.37s
    ‖ρε - ρref‖ = 5.565091772958609e-5 ‖Δρ‖ = 5.562199512492617e-5  ‖vε - vref‖ = 1.1137048494932327  α = 2.56e-5
 163   -37.31326292913      -10.98       -3.54    4.27s
    ‖ρε - ρref‖ = 4.834530738059765e-5 ‖Δρ‖ = 4.833169268591748e-5  ‖vε - vref‖ = 1.113725536216992  α = 2.88e-5
 164   -37.31326292914      -11.22       -3.44    4.14s
    ‖ρε - ρref‖ = 7.976457616055829e-5 ‖Δρ‖ = 7.976714580834548e-5  ‖vε - vref‖ = 1.1137387628233275  α = 1.31e-5
 165   -37.31326292915      -10.89       -3.46    4.34s
    ‖ρε - ρref‖ = 6.16012827312422e-5 ‖Δρ‖ = 6.15964730578036e-5  ‖vε - vref‖ = 1.1137650949195683  α = 2.49e-5
 166   -37.31326292916      -11.06       -3.73    3.76s
    ‖ρε - ρref‖ = 3.3757269105033994e-5 ‖Δρ‖ = 3.374928488892455e-5  ‖vε - vref‖ = 1.113790663266595  α = 3.76e-5
 167   -37.31326292917      -11.10       -3.42    4.26s
    ‖ρε - ρref‖ = 7.711144830502375e-5 ‖Δρ‖ = 7.71014625160819e-5  ‖vε - vref‖ = 1.1138084954179441  α = 1.53e-5
 168   -37.31326292918      -11.07       -3.60    4.22s
    ‖ρε - ρref‖ = 4.4723341877913103e-5 ‖Δρ‖ = 4.478874377879423e-5  ‖vε - vref‖ = 1.1138336161692202  α = 2.78e-5
 169   -37.31326292918      -11.28       -3.26    4.55s
    ‖ρε - ρref‖ = 0.00011896914920254174 ‖Δρ‖ = 0.00011892733650683238  ‖vε - vref‖ = 1.1138450813039782  α = 7.92e-6
 170   -37.31326292919      -11.30       -3.46    4.32s
    ‖ρε - ρref‖ = 7.759178948538063e-5 ‖Δρ‖ = 7.769410115724947e-5  ‖vε - vref‖ = 1.1138651125812928  α = 1.17e-5
 171   -37.31326292919      -11.50       -2.60    4.75s
    ‖ρε - ρref‖ = 0.0006578937187866268 ‖Δρ‖ = 0.0006577281151073729  ‖vε - vref‖ = 1.1138680958388194  α = 1.08e-6
 172   -37.31326292919      -11.39       -3.59    4.33s
    ‖ρε - ρref‖ = 6.41344675504075e-5 ‖Δρ‖ = 6.413779441917351e-5  ‖vε - vref‖ = 1.1138896092205886  α = 1.26e-5
 173   -37.31326292920      -11.20       -3.31    3.87s
    ‖ρε - ρref‖ = 0.0001002854387968664 ‖Δρ‖ = 0.00010008925170260771  ‖vε - vref‖ = 1.1139144886095176  α = 9.14e-6
 174   -37.31326292921      -11.16       -2.49    4.18s
    ‖ρε - ρref‖ = 0.0006650055783797559 ‖Δρ‖ = 0.0006651235799764291  ‖vε - vref‖ = 1.1139242804592662  α = 1.55e-6
 175   -37.31326292921      -11.20       -3.66    4.70s
    ‖ρε - ρref‖ = 4.3190337541083305e-5 ‖Δρ‖ = 4.323388084229553e-5  ‖vε - vref‖ = 1.1139406869525776  α = 2.41e-5
 176   -37.31326292922      -11.20       -3.72    3.83s
    ‖ρε - ρref‖ = 3.363981286257724e-5 ‖Δρ‖ = 3.365370561397146e-5  ‖vε - vref‖ = 1.113962379826493  α = 3.24e-5
 177   -37.31326292923      -11.25       -3.34    4.73s
    ‖ρε - ρref‖ = 9.111867523331573e-5 ‖Δρ‖ = 9.109509158850017e-5  ‖vε - vref‖ = 1.1139812080159195  α = 1.1e-5
 178   -37.31326292923      -11.31       -3.73    4.19s
    ‖ρε - ρref‖ = 3.666076210674037e-5 ‖Δρ‖ = 3.661487925779244e-5  ‖vε - vref‖ = 1.1140004523316784  α = 2.58e-5
 179   -37.31326292924      -11.08       -3.78    4.08s
    ‖ρε - ρref‖ = 2.8636165937560643e-5 ‖Δρ‖ = 2.8671027260057923e-5  ‖vε - vref‖ = 1.1140394120464474  α = 4.17e-5
 180   -37.31326292925      -11.15       -3.44    4.15s
    ‖ρε - ρref‖ = 6.91715622116307e-5 ‖Δρ‖ = 6.921065021185344e-5  ‖vε - vref‖ = 1.1140634196143797  α = 1.6e-5
 181   -37.31326292925      -11.31       -3.56    3.78s
    ‖ρε - ρref‖ = 5.673177019077978e-5 ‖Δρ‖ = 5.6657616580092345e-5  ‖vε - vref‖ = 1.114086895417437  α = 1.57e-5
 182   -37.31326292925      -11.48       -3.39    4.26s
    ‖ρε - ρref‖ = 9.315435065678475e-5 ‖Δρ‖ = 9.312250250825714e-5  ‖vε - vref‖ = 1.1140979569630602  α = 8.2e-6
 183   -37.31326292925      -12.15       -3.27    4.38s
    ‖ρε - ρref‖ = 0.0002035400985373546 ‖Δρ‖ = 0.0002037429597452008  ‖vε - vref‖ = 1.1141006307290013  α = 1.56e-6
 184   -37.31326292926      -11.10       -3.28    4.71s
    ‖ρε - ρref‖ = 9.438904378849088e-5 ‖Δρ‖ = 9.434433969082328e-5  ‖vε - vref‖ = 1.1141347814280602  α = 1.26e-5
 185   -37.31326292926      -11.76       -3.49    4.52s
    ‖ρε - ρref‖ = 9.065326156188703e-5 ‖Δρ‖ = 9.065097680696022e-5  ‖vε - vref‖ = 1.1141401374367172  α = 5.63e-6
 186   -37.31326292927      -11.37       -3.90    4.00s
    ‖ρε - ρref‖ = 2.4474512798291833e-5 ‖Δρ‖ = 2.4650068899776454e-5  ‖vε - vref‖ = 1.114170970828469  α = 3.27e-5
 187   -37.31326292927      -11.42       -2.56    3.93s
    ‖ρε - ρref‖ = 0.0005699939423707571 ‖Δρ‖ = 0.0005698658902018615  ‖vε - vref‖ = 1.114177379175776  α = 1.36e-6
 188   -37.31326292928      -11.37       -3.78    4.44s
    ‖ρε - ρref‖ = 3.3094578233060404e-5 ‖Δρ‖ = 3.3064947148718356e-5  ‖vε - vref‖ = 1.1141999235197442  α = 2.64e-5
 189   -37.31326292928      -11.60       -3.68    4.08s
    ‖ρε - ρref‖ = 4.549800932124542e-5 ‖Δρ‖ = 4.547265572072654e-5  ‖vε - vref‖ = 1.114213138163707  α = 1.48e-5
 190   -37.31326292928      -11.38       -3.68    4.41s
    ‖ρε - ρref‖ = 4.3335047467705e-5 ‖Δρ‖ = 4.3346424785651324e-5  ‖vε - vref‖ = 1.1142369011499647  α = 1.95e-5
 191   -37.31326292929      -11.31       -3.84    4.28s
    ‖ρε - ρref‖ = 2.6782759285168114e-5 ‖Δρ‖ = 2.6809888397339814e-5  ‖vε - vref‖ = 1.1142622858612055  α = 3.49e-5
 192   -37.31326292929      -11.32       -3.69    4.51s
    ‖ρε - ρref‖ = 3.921177962598943e-5 ‖Δρ‖ = 3.917902911757223e-5  ‖vε - vref‖ = 1.114291152337085  α = 2.37e-5
 193   -37.31326292930      -11.49       -3.66    4.18s
    ‖ρε - ρref‖ = 5.082843607014172e-5 ‖Δρ‖ = 5.076594728437086e-5  ‖vε - vref‖ = 1.1143099372168452  α = 1.48e-5
 194   -37.31326292930      -11.58       -3.66    4.82s
    ‖ρε - ρref‖ = 4.772683044627427e-5 ‖Δρ‖ = 4.779524809411845e-5  ‖vε - vref‖ = 1.1143285934330385  α = 1.38e-5
 195   -37.31326292930      -11.36       -3.44    4.75s
    ‖ρε - ρref‖ = 6.888401916111715e-5 ‖Δρ‖ = 6.891441121117635e-5  ‖vε - vref‖ = 1.1143548262798124  α = 1.29e-5
 196   -37.31326292931      -11.45       -3.77    4.58s
    ‖ρε - ρref‖ = 3.692250499140334e-5 ‖Δρ‖ = 3.692630387344522e-5  ‖vε - vref‖ = 1.114383889975064  α = 2.07e-5
 197   -37.31326292931      -11.31       -3.31    4.13s
    ‖ρε - ρref‖ = 9.148364503609182e-5 ‖Δρ‖ = 9.153632710398028e-5  ‖vε - vref‖ = 1.1144118558068776  α = 9.74e-6
 198   -37.31326292931      -12.32       -3.27    3.82s
    ‖ρε - ρref‖ = 0.00021723741635970649 ‖Δρ‖ = 0.00021695991256517736  ‖vε - vref‖ = 1.1144145104192875  α = 1.14e-6
 199   -37.31326292932      -11.40       -3.59    3.98s
    ‖ρε - ρref‖ = 4.560727627493442e-5 ‖Δρ‖ = 4.5633319398925245e-5  ‖vε - vref‖ = 1.1144423182568592  α = 1.79e-5
 200   -37.31326292932      -12.34       -3.03    3.59s
    ‖ρε - ρref‖ = 0.00034391498055294555 ‖Δρ‖ = 0.0003437776765212033  ‖vε - vref‖ = 1.114443693010127  α = 7.45e-7
 201   -37.31326292932      -11.59       -4.13    3.71s
    ‖ρε - ρref‖ = 1.4410896507927603e-5 ‖Δρ‖ = 1.4411014069046228e-5  ‖vε - vref‖ = 1.1144640500606953  α = 4.77e-5
 202   -37.31326292932      -11.42       -3.52    4.45s
    ‖ρε - ρref‖ = 5.643858882797369e-5 ‖Δρ‖ = 5.644781932925625e-5  ‖vε - vref‖ = 1.1144967069661627  α = 1.46e-5
 203   -37.31326292933      -11.41       -3.69    4.76s
    ‖ρε - ρref‖ = 3.964864187288293e-5 ‖Δρ‖ = 3.961889879553355e-5  ‖vε - vref‖ = 1.1145270373264728  α = 2.07e-5
 204   -37.31326292933      -11.34       -3.91    4.47s
    ‖ρε - ρref‖ = 2.227551850310268e-5 ‖Δρ‖ = 2.224371115292104e-5  ‖vε - vref‖ = 1.1145663181564303  α = 4.1e-5
 205   -37.31326292934      -11.34       -3.61    4.57s
    ‖ρε - ρref‖ = 4.682190765572364e-5 ‖Δρ‖ = 4.68344374030423e-5  ‖vε - vref‖ = 1.1146048716881203  α = 1.92e-5
 206   -37.31326292934      -11.55       -3.59    3.82s
    ‖ρε - ρref‖ = 5.590486928421417e-5 ‖Δρ‖ = 5.5995259936917804e-5  ‖vε - vref‖ = 1.1146303785085045  α = 1.23e-5
 207   -37.31326292934      -11.83       -3.57    4.61s
    ‖ρε - ρref‖ = 6.287361180384486e-5 ‖Δρ‖ = 6.284708639688464e-5  ‖vε - vref‖ = 1.1146409080986495  α = 7.96e-6
 208   -37.31326292934      -11.52       -3.82    3.81s
    ‖ρε - ρref‖ = 2.862429003028479e-5 ‖Δρ‖ = 2.857503112841759e-5  ‖vε - vref‖ = 1.114668874204606  α = 2.56e-5
 209   -37.31326292935      -11.85       -3.66    4.43s
    ‖ρε - ρref‖ = 5.604885539257775e-5 ‖Δρ‖ = 5.6044472214965e-5  ‖vε - vref‖ = 1.1146828791282537  α = 8.35e-6
 210   -37.31326292935      -11.65       -3.70    4.03s
    ‖ρε - ρref‖ = 4.3830594328637335e-5 ‖Δρ‖ = 4.364383350260751e-5  ‖vε - vref‖ = 1.114708851594418  α = 1.34e-5
 211   -37.31326292935      -11.56       -2.70    4.20s
    ‖ρε - ρref‖ = 0.0004063238800085846 ‖Δρ‖ = 0.00040649697620843603  ‖vε - vref‖ = 1.1147291746886212  α = 1.62e-6
 212   -37.31326292935      -11.77       -3.75    4.74s
    ‖ρε - ρref‖ = 4.579996544030717e-5 ‖Δρ‖ = 4.566186378734914e-5  ‖vε - vref‖ = 1.114751878865814  α = 1.06e-5
 213   -37.31326292936      -11.14       -2.69    3.90s
    ‖ρε - ρref‖ = 0.00032911984371862074 ‖Δρ‖ = 0.00032916516068222005  ‖vε - vref‖ = 1.1148160144720918  α = 3.48e-6
 214   -37.31326292936      -11.87       -3.78    3.98s
    ‖ρε - ρref‖ = 3.915917851771887e-5 ‖Δρ‖ = 3.9145707135863556e-5  ‖vε - vref‖ = 1.1148286923592325  α = 1.26e-5
 215   -37.31326292936      -11.64       -3.80    3.76s
    ‖ρε - ρref‖ = 3.2544468057564704e-5 ‖Δρ‖ = 3.251422782941157e-5  ‖vε - vref‖ = 1.1148537940418426  α = 1.95e-5
 216   -37.31326292937      -11.61       -3.94    4.03s
    ‖ρε - ρref‖ = 2.300897654006296e-5 ‖Δρ‖ = 2.304550434762276e-5  ‖vε - vref‖ = 1.1148782582855674  α = 2.83e-5
 217   -37.31326292937      -11.61       -3.96    4.15s
    ‖ρε - ρref‖ = 2.1818756997815486e-5 ‖Δρ‖ = 2.1850751822427867e-5  ‖vε - vref‖ = 1.1149056644976012  α = 3.06e-5
 218   -37.31326292937      -11.62       -3.75    3.96s
    ‖ρε - ρref‖ = 3.78272859866062e-5 ‖Δρ‖ = 3.785137394070423e-5  ‖vε - vref‖ = 1.1149342293914182  α = 1.72e-5
 219   -37.31326292937      -11.65       -3.66    3.93s
    ‖ρε - ρref‖ = 4.713327110354197e-5 ‖Δρ‖ = 4.704910648837412e-5  ‖vε - vref‖ = 1.1149613895469022  α = 1.28e-5
 220   -37.31326292938      -11.55       -3.51    3.85s
    ‖ρε - ρref‖ = 6.06912781207853e-5 ‖Δρ‖ = 6.067661783750795e-5  ‖vε - vref‖ = 1.1149926159429273  α = 1.16e-5
 221   -37.31326292938      -11.74       -3.80    4.22s
    ‖ρε - ρref‖ = 3.447581368704021e-5 ‖Δρ‖ = 3.4518041612845064e-5  ‖vε - vref‖ = 1.1150155518502254  α = 1.59e-5
 222   -37.31326292938      -11.82       -3.59    4.43s
    ‖ρε - ρref‖ = 6.084781085429028e-5 ‖Δρ‖ = 6.083510511100264e-5  ‖vε - vref‖ = 1.115031845454912  α = 8.08e-6
 223   -37.31326292938      -12.63       -3.63    3.96s
    ‖ρε - ρref‖ = 0.00010092501354194212 ‖Δρ‖ = 0.0001011864602504591  ‖vε - vref‖ = 1.1150347619798857  α = 1.71e-6
 224   -37.31326292938      -11.41       -3.68    4.32s
    ‖ρε - ρref‖ = 3.747213511290911e-5 ‖Δρ‖ = 3.73672019592472e-5  ‖vε - vref‖ = 1.1150853002367587  α = 2.19e-5
 225   -37.31326292938      -12.46       -3.21    4.23s
    ‖ρε - ρref‖ = 0.00023017824401173182 ‖Δρ‖ = 0.00023031690425840453  ‖vε - vref‖ = 1.1150883920026013  α = 9.56e-7
 226   -37.31326292939      -11.46       -3.67    4.48s
    ‖ρε - ρref‖ = 3.935841566018254e-5 ‖Δρ‖ = 3.9348890677825205e-5  ‖vε - vref‖ = 1.115129564457078  α = 1.98e-5
 227   -37.31326292939      -11.89       -3.83    3.82s
    ‖ρε - ρref‖ = 2.9874671299548876e-5 ‖Δρ‖ = 2.9875108248063326e-5  ‖vε - vref‖ = 1.1151472733512886  α = 1.69e-5
 228   -37.31326292939      -11.50       -3.78    4.68s
    ‖ρε - ρref‖ = 3.285260254727673e-5 ‖Δρ‖ = 3.287101743220817e-5  ‖vε - vref‖ = 1.1151886271386269  α = 2.28e-5
 229   -37.31326292939      -11.39       -3.74    4.25s
    ‖ρε - ρref‖ = 3.131881643396659e-5 ‖Δρ‖ = 3.132995862960715e-5  ‖vε - vref‖ = 1.115241934590316  α = 2.76e-5
 230   -37.31326292940      -11.55       -4.07    4.78s
    ‖ρε - ρref‖ = 1.6937380131352804e-5 ‖Δρ‖ = 1.694382751604964e-5  ‖vε - vref‖ = 1.1152804884961864  α = 4.2e-5
 231   -37.31326292940      -11.50       -3.53    4.66s
    ‖ρε - ρref‖ = 5.751300144659815e-5 ‖Δρ‖ = 5.747186037285076e-5  ‖vε - vref‖ = 1.1153247499769947  α = 1.3e-5
 232   -37.31326292940      -11.84       -3.58    4.51s
    ‖ρε - ρref‖ = 6.327041902574789e-5 ‖Δρ‖ = 6.332205140011922e-5  ‖vε - vref‖ = 1.1153438562253204  α = 7.55e-6
 233   -37.31326292940      -11.60       -3.83    4.81s
    ‖ρε - ρref‖ = 2.8166101534419362e-5 ‖Δρ‖ = 2.8181453621559495e-5  ‖vε - vref‖ = 1.1153780429457025  α = 2.36e-5
 234   -37.31326292941      -11.98       -3.67    4.49s
    ‖ρε - ρref‖ = 5.445934367411229e-5 ‖Δρ‖ = 5.440174399924344e-5  ‖vε - vref‖ = 1.1153923151639813  α = 7.48e-6
 235   -37.31326292941      -12.29       -3.71    4.32s
    ‖ρε - ρref‖ = 5.6101889385289655e-5 ‖Δρ‖ = 5.6284048082681295e-5  ‖vε - vref‖ = 1.115399791421773  α = 4.58e-6
 236   -37.31326292941      -11.94       -3.15    4.58s
    ‖ρε - ρref‖ = 0.00015801468898801028 ‖Δρ‖ = 0.00015782192095355045  ‖vε - vref‖ = 1.1154169429238354  α = 2.81e-6
 237   -37.31326292941      -12.36       -3.96    4.23s
    ‖ρε - ρref‖ = 3.6011171539912474e-5 ‖Δρ‖ = 3.615467457232173e-5  ‖vε - vref‖ = 1.1154228429855384  α = 6.31e-6
 238   -37.31326292941      -11.66       -3.14    4.94s
    ‖ρε - ρref‖ = 0.00013998836219803127 ‖Δρ‖ = 0.00013994523147737068  ‖vε - vref‖ = 1.1154555662705  α = 4.42e-6
 239   -37.31326292941      -11.61       -3.91    4.53s
    ‖ρε - ρref‖ = 2.1953994025499744e-5 ‖Δρ‖ = 2.1998472769479207e-5  ‖vε - vref‖ = 1.115491845999857  α = 3.05e-5
 240   -37.31326292941      -11.87       -3.76    4.25s
    ‖ρε - ρref‖ = 3.60250256104382e-5 ‖Δρ‖ = 3.603351742178385e-5  ‖vε - vref‖ = 1.115512985606568  α = 1.37e-5
 241   -37.31326292942      -11.49       -3.78    4.56s
    ‖ρε - ρref‖ = 2.9140987986828145e-5 ‖Δρ‖ = 2.909784593408582e-5  ‖vε - vref‖ = 1.1155639332561311  α = 2.65e-5
 242   -37.31326292942      -11.64       -3.92    4.01s
    ‖ρε - ρref‖ = 2.08181257838798e-5 ‖Δρ‖ = 2.0834725363946223e-5  ‖vε - vref‖ = 1.115599931899358  α = 3.13e-5
 243   -37.31326292942      -11.93       -3.98    4.70s
    ‖ρε - ρref‖ = 2.2396011190248235e-5 ‖Δρ‖ = 2.23801071661942e-5  ‖vε - vref‖ = 1.1156188949988788  α = 2.04e-5
 244   -37.31326292942      -11.98       -3.72    4.03s
    ‖ρε - ρref‖ = 4.203795506549368e-5 ‖Δρ‖ = 4.2088515045657274e-5  ‖vε - vref‖ = 1.1156364205946863  α = 1.02e-5
 245   -37.31326292942      -12.14       -3.86    4.37s
    ‖ρε - ρref‖ = 3.5110055688623744e-5 ‖Δρ‖ = 3.5074434407777785e-5  ‖vε - vref‖ = 1.1156481478782552  α = 9.41e-6
 246   -37.31326292942      -11.83       -4.10    3.80s
    ‖ρε - ρref‖ = 1.5532741667346573e-5 ‖Δρ‖ = 1.546947539590537e-5  ‖vε - vref‖ = 1.115675350131847  α = 3.25e-5
 247   -37.31326292942      -12.01       -3.51    3.87s
    ‖ρε - ρref‖ = 7.149813289695166e-5 ‖Δρ‖ = 7.164785961778303e-5  ‖vε - vref‖ = 1.115690690991995  α = 5.07e-6
 248   -37.31326292943      -12.29       -3.10    3.77s
    ‖ρε - ρref‖ = 0.00023728126649492521 ‖Δρ‖ = 0.00023707657167690622  ‖vε - vref‖ = 1.1156988381884039  α = 1.19e-6
 249   -37.31326292943      -12.13       -4.08    3.88s
    ‖ρε - ρref‖ = 2.056087985985149e-5 ‖Δρ‖ = 2.0718786866387078e-5  ‖vε - vref‖ = 1.11571384956488  α = 1.56e-5
 250   -37.31326292943      -12.10       -2.94    4.03s
    ‖ρε - ρref‖ = 0.00026980035553363953 ‖Δρ‖ = 0.0002697527871369501  ‖vε - vref‖ = 1.1157262918812494  α = 1.37e-6
 251   -37.31326292943      -11.54       -3.99    4.29s
    ‖ρε - ρref‖ = 1.8365728708437777e-5 ‖Δρ‖ = 1.834290121933489e-5  ‖vε - vref‖ = 1.115777848961095  α = 3.81e-5
 252   -37.31326292943      -11.91       -3.93    4.27s
    ‖ρε - ρref‖ = 2.3696720634761013e-5 ‖Δρ‖ = 2.3656903553902744e-5  ‖vε - vref‖ = 1.115798689534307  α = 1.97e-5
 253   -37.31326292943      -11.94       -3.78    3.93s
    ‖ρε - ρref‖ = 3.4981430936508e-5 ‖Δρ‖ = 3.494831293292017e-5  ‖vε - vref‖ = 1.1158191438412892  α = 1.27e-5
 254   -37.31326292943      -11.72       -4.04    4.55s
    ‖ρε - ρref‖ = 1.7466002486520598e-5 ‖Δρ‖ = 1.7507975025057736e-5  ‖vε - vref‖ = 1.1158532143984417  α = 3.33e-5
 255   -37.31326292944      -11.97       -4.14    4.23s
    ‖ρε - ρref‖ = 1.4386540542720231e-5 ‖Δρ‖ = 1.4367339976575416e-5  ‖vε - vref‖ = 1.1158722104623446  α = 3.02e-5
 256   -37.31326292944      -12.38       -3.95    4.78s
    ‖ρε - ρref‖ = 2.68836200945777e-5 ‖Δρ‖ = 2.6926894320470502e-5  ‖vε - vref‖ = 1.1158813318593739  α = 1.07e-5
 257   -37.31326292944      -12.07       -3.99    4.00s
    ‖ρε - ρref‖ = 2.2831155029125827e-5 ‖Δρ‖ = 2.2803510292838094e-5  ‖vε - vref‖ = 1.1158991954077464  α = 1.67e-5
 258   -37.31326292944      -11.81       -3.80    4.39s
    ‖ρε - ρref‖ = 2.9865952488564786e-5 ‖Δρ‖ = 2.9873780643504544e-5  ‖vε - vref‖ = 1.115929183964362  α = 1.7e-5
 259   -37.31326292944      -12.19       -3.80    4.17s
    ‖ρε - ρref‖ = 4.070874478119798e-5 ‖Δρ‖ = 4.0893720392794215e-5  ‖vε - vref‖ = 1.1159437863874877  α = 7.21e-6
 260   -37.31326292944      -12.21       -3.16    3.97s
    ‖ρε - ρref‖ = 0.00019219996662048344 ‖Δρ‖ = 0.0001920123610061166  ‖vε - vref‖ = 1.115954535763074  α = 1.58e-6
 261   -37.31326292944      -11.74       -3.56    4.53s
    ‖ρε - ρref‖ = 4.988981218652597e-5 ‖Δρ‖ = 4.9946695248381265e-5  ‖vε - vref‖ = 1.1159909923864988  α = 1.09e-5
 262   -37.31326292944      -12.58       -3.11    4.36s
    ‖ρε - ρref‖ = 0.00025904042008859286 ‖Δρ‖ = 0.00025890166237709807  ‖vε - vref‖ = 1.1159953819876276  α = 7.92e-7
 263   -37.31326292944      -11.80       -4.07    3.72s
    ‖ρε - ρref‖ = 1.5484311699520886e-5 ‖Δρ‖ = 1.5417240656210825e-5  ‖vε - vref‖ = 1.1160278171237985  α = 3.44e-5
 264   -37.31326292944      -11.93       -4.01    4.25s
    ‖ρε - ρref‖ = 1.912808597201704e-5 ‖Δρ‖ = 1.915403064960806e-5  ‖vε - vref‖ = 1.1160513934879501  α = 2.41e-5
 265   -37.31326292945      -11.96       -4.01    4.34s
    ‖ρε - ρref‖ = 1.9520990684413034e-5 ‖Δρ‖ = 1.9540033667721473e-5  ‖vε - vref‖ = 1.1160739306677518  α = 2.29e-5
 266   -37.31326292945      -11.54       -3.68    4.25s
    ‖ρε - ρref‖ = 3.1758347254218805e-5 ‖Δρ‖ = 3.178467511422564e-5  ‖vε - vref‖ = 1.1161347541372866  α = 2.31e-5
 267   -37.31326292945      -11.67       -3.96    4.41s
    ‖ρε - ρref‖ = 2.0931005974293278e-5 ‖Δρ‖ = 2.0882379996038895e-5  ‖vε - vref‖ = 1.116178338058526  α = 2.9e-5
 268   -37.31326292945      -11.87       -4.08    4.69s
    ‖ρε - ρref‖ = 1.7362423368708324e-5 ‖Δρ‖ = 1.7399139015436207e-5  ‖vε - vref‖ = 1.1162080208906593  α = 2.83e-5
 269   -37.31326292945      -11.89       -3.60    4.68s
    ‖ρε - ρref‖ = 5.16964071370958e-5 ‖Δρ‖ = 5.16603465336026e-5  ‖vε - vref‖ = 1.1162349558948943  α = 9.01e-6
 270   -37.31326292945      -11.98       -3.81    4.52s
    ‖ρε - ρref‖ = 3.3301000266076635e-5 ‖Δρ‖ = 3.33002516628443e-5  ‖vε - vref‖ = 1.1162580004060532  α = 1.29e-5
 271   -37.31326292945      -12.08       -3.82    4.44s
    ‖ρε - ρref‖ = 3.418339363910336e-5 ‖Δρ‖ = 3.432258401942502e-5  ‖vε - vref‖ = 1.1162780378180663  α = 1.01e-5
 272   -37.31326292946      -12.21       -3.09    4.76s
    ‖ρε - ρref‖ = 0.00021678071754606913 ‖Δρ‖ = 0.00021655614720857402  ‖vε - vref‖ = 1.1162889925653399  α = 1.36e-6
 273   -37.31326292946      -12.04       -3.69    4.14s
    ‖ρε - ρref‖ = 4.8521277887975785e-5 ‖Δρ‖ = 4.856523910921812e-5  ‖vε - vref‖ = 1.11630877137067  α = 7.67e-6
 274   -37.31326292946      -12.57       -3.29    4.09s
    ‖ρε - ρref‖ = 0.0001729939571626967 ‖Δρ‖ = 0.00017285772248566754  ‖vε - vref‖ = 1.1163142907037853  α = 1.13e-6
 275   -37.31326292946      -11.65       -3.63    3.82s
    ‖ρε - ρref‖ = 3.950299333164994e-5 ‖Δρ‖ = 3.951310332995457e-5  ‖vε - vref‖ = 1.1163611732497076  α = 1.6e-5
 276   -37.31326292946      -11.72       -4.20    3.95s
    ‖ρε - ρref‖ = 1.1477135096683434e-5 ‖Δρ‖ = 1.1537939466055373e-5  ‖vε - vref‖ = 1.116403723452841  α = 5.03e-5
 277   -37.31326292946      -11.65       -3.83    3.79s
    ‖ρε - ρref‖ = 2.540821245964854e-5 ‖Δρ‖ = 2.5367892807732105e-5  ‖vε - vref‖ = 1.1164515905466037  α = 2.52e-5
 278   -37.31326292946      -12.09       -3.75    4.13s
    ‖ρε - ρref‖ = 4.071624756069433e-5 ‖Δρ‖ = 4.069342407685073e-5  ‖vε - vref‖ = 1.1164695209901156  α = 9.35e-6
 279   -37.31326292947      -11.64       -4.11    4.47s
    ‖ρε - ρref‖ = 1.4097814603185142e-5 ‖Δρ‖ = 1.4090874092709485e-5  ‖vε - vref‖ = 1.1165202141210537  α = 4.55e-5
 280   -37.31326292947      -11.70       -3.96    3.72s
    ‖ρε - ρref‖ = 1.9676571215540674e-5 ‖Δρ‖ = 1.9714947906515956e-5  ‖vε - vref‖ = 1.116566507785485  α = 3.0e-5
 281   -37.31326292947      -12.01       -3.82    4.23s
    ‖ρε - ρref‖ = 3.240521141023615e-5 ‖Δρ‖ = 3.2356833090947607e-5  ‖vε - vref‖ = 1.1165872256173652  α = 1.24e-5
 282   -37.31326292947      -12.01       -3.74    4.30s
    ‖ρε - ρref‖ = 4.0118869688393287e-5 ‖Δρ‖ = 4.0122921932879465e-5  ‖vε - vref‖ = 1.1166083544197698  α = 9.93e-6
 283   -37.31326292947      -12.27       -3.98    3.70s
    ‖ρε - ρref‖ = 2.786545995232648e-5 ‖Δρ‖ = 2.800794505441357e-5  ‖vε - vref‖ = 1.116620454706478  α = 9.76e-6
 284   -37.31326292947      -12.35       -3.20    3.98s
    ‖ρε - ρref‖ = 0.00017570057751877994 ‖Δρ‖ = 0.0001754719981892456  ‖vε - vref‖ = 1.11663075147325  α = 1.57e-6
 285   -37.31326292947      -12.01       -3.71    4.06s
    ‖ρε - ρref‖ = 4.163298139649649e-5 ‖Δρ‖ = 4.166595103375854e-5  ‖vε - vref‖ = 1.1166543093765762  α = 9.47e-6
 286   -37.31326292947      -12.39       -3.13    4.73s
    ‖ρε - ρref‖ = 0.00022494115045241126 ‖Δρ‖ = 0.0002248065961223784  ‖vε - vref‖ = 1.116661452178434  α = 1.05e-6
 287   -37.31326292947      -11.97       -3.67    4.35s
    ‖ρε - ρref‖ = 4.8904010068636285e-5 ‖Δρ‖ = 4.8917363550808116e-5  ‖vε - vref‖ = 1.1166847002537146  α = 8.61e-6
 288   -37.31326292947      -11.93       -4.01    3.98s
    ‖ρε - ρref‖ = 2.071299563388737e-5 ‖Δρ‖ = 2.0748556738451302e-5  ‖vε - vref‖ = 1.1167105103060961  α = 2.19e-5
 289   -37.31326292948      -11.77       -4.27    3.90s
    ‖ρε - ρref‖ = 9.188044944160704e-6 ‖Δρ‖ = 9.158579984256698e-6  ‖vε - vref‖ = 1.1167493406222588  α = 6.15e-5
 290   -37.31326292948      -11.99       -4.02    3.81s
    ‖ρε - ρref‖ = 2.1560377444512816e-5 ‖Δρ‖ = 2.1611872207064464e-5  ‖vε - vref‖ = 1.1167725972024478  α = 1.98e-5
 291   -37.31326292948      -11.95       -3.75    3.96s
    ‖ρε - ρref‖ = 3.3790907270389635e-5 ‖Δρ‖ = 3.384042256312404e-5  ‖vε - vref‖ = 1.1167983291617443  α = 1.35e-5
 292   -37.31326292948      -11.61       -4.05    4.05s
    ‖ρε - ρref‖ = 1.42562805459362e-5 ‖Δρ‖ = 1.4258884856745269e-5  ‖vε - vref‖ = 1.1168538365419558  α = 4.67e-5
 293   -37.31326292948      -12.04       -4.08    4.67s
    ‖ρε - ρref‖ = 1.778732474987003e-5 ‖Δρ‖ = 1.7721445838729713e-5  ‖vε - vref‖ = 1.1168739660227531  α = 2.23e-5
 294   -37.31326292948      -12.04       -3.74    4.12s
    ‖ρε - ρref‖ = 3.949347696347649e-5 ‖Δρ‖ = 3.9475781906179415e-5  ‖vε - vref‖ = 1.1168968617323407  α = 9.8e-6
 295   -37.31326292948      -12.32       -3.75    4.38s
    ‖ρε - ρref‖ = 4.4033506778784095e-5 ‖Δρ‖ = 4.420127293112202e-5  ‖vε - vref‖ = 1.1169081550863555  α = 5.95e-6
 296   -37.31326292948      -12.17       -3.12    4.26s
    ‖ρε - ρref‖ = 0.00017483789406509462 ‖Δρ‖ = 0.00017461151215393553  ‖vε - vref‖ = 1.1169218988945038  α = 1.82e-6
 297   -37.31326292948      -12.81       -3.95    4.17s
    ‖ρε - ρref‖ = 3.678690058051132e-5 ‖Δρ‖ = 3.687264887964748e-5  ‖vε - vref‖ = 1.116925321400545  α = 3.91e-6
 298   -37.31326292948      -12.81       -3.48    4.04s
    ‖ρε - ρref‖ = 0.00010739285474791069 ‖Δρ‖ = 0.00010730317157198646  ‖vε - vref‖ = 1.116928874082878  α = 1.5e-6
 299   -37.31326292948      -12.20       -4.18    4.48s
    ‖ρε - ρref‖ = 1.5665880753425934e-5 ‖Δρ‖ = 1.569887257341546e-5  ‖vε - vref‖ = 1.1169431619173464  α = 2.06e-5
 300   -37.31326292949      -11.79       -3.91    3.72s
    ‖ρε - ρref‖ = 2.2125810440106283e-5 ‖Δρ‖ = 2.2158557623007384e-5  ‖vε - vref‖ = 1.1169803473851851  α = 2.43e-5
Trying again with Newton's method ...
n     Energy            log10(ΔE)   log10(Δρ)   Δtime 
---   ---------------   ---------   ---------   ------
  1   -37.31326292951                   -7.72     334s
    ‖ρε - ρref‖ = 3.974851213402961e-7 ‖Δρ‖ = 2.059909059673265e-9  ‖vε - vref‖ = 1.1169738484411271
  2   -37.31326292952      -11.00       -7.91     335s
    ‖ρε - ρref‖ = 3.9740207952369e-7 ‖Δρ‖ = 1.3501146936261977e-9  ‖vε - vref‖ = 1.1171159695008972
    Stopping to avoid numerical instabilities.

#-- ‖ρε - ρref‖ = 3.9740207952369e-7 vs. 1.0e-9 = δ*ε ‖vε - vref‖ = 1.1171159695008972

|v-vref|h1 = [1.3067512024033945, 1.2504428357955375, 1.204038460084239, 1.1679657371359597, 1.1400176783756801, 1.117115969500897]
|v-vref|l2 = [0.10203930512982408, 0.09323532809439597, 0.08630555113639643, 0.08123887160781346, 0.07761139832435643, 0.0748739542899257]
──────────────────────────────────────────────────────────────────────────────────────────────
                                                     Time                    Allocations      
                                            ───────────────────────   ────────────────────────
             Tot / % measured:                   5.67h /  69.5%           36.8TiB /  58.8%    

Section                             ncalls     time    %tot     avg     alloc    %tot      avg
──────────────────────────────────────────────────────────────────────────────────────────────
solve_ΩplusK                            18    1.64h   41.6%    328s   7.26TiB   33.5%   413GiB
  apply_K                            1.80k    3534s   24.9%   1.96s   1.81TiB    8.4%  1.03GiB
    compute_δρ                       1.80k     298s    2.1%   166ms   1.07TiB    4.9%   621MiB
      symmetrize_ρ                   1.80k    80.9s    0.6%  45.0ms   38.7GiB    0.2%  22.0MiB
    apply_kernel                     1.80k     172s    1.2%  95.4ms    192GiB    0.9%   109MiB
  apply_Ω                            1.80k    1349s    9.5%   749ms   1.52TiB    7.0%   886MiB
    DftHamiltonian multiplication     216k    1048s    7.4%  4.85ms    428GiB    1.9%  2.03MiB
      nonlocal                        216k     266s    1.9%  1.23ms   3.34GiB    0.0%  16.2KiB
  DftHamiltonian multiplication      2.16k    10.3s    0.1%  4.77ms   4.28GiB    0.0%  2.03MiB
    nonlocal                         2.16k    2.69s    0.0%  1.25ms   34.2MiB    0.0%  16.2KiB
  energy_hamiltonian                    18    7.56s    0.1%   420ms   19.7GiB    0.1%  1.10GiB
    ene_ops                             18    5.42s    0.0%   301ms   3.55GiB    0.0%   202MiB
      ene_ops: dualmap                  18    1.86s    0.0%   103ms   1.61GiB    0.0%  91.4MiB
      ene_ops: external_Hartree         18    1.78s    0.0%  98.7ms   1.47GiB    0.0%  83.4MiB
      ene_ops: nonlocal                 18    1.49s    0.0%  83.0ms   40.1MiB    0.0%  2.23MiB
      ene_ops: kinetic                  18    169ms    0.0%  9.41ms   6.33MiB    0.0%   360KiB
      ene_ops: hartree                  18    110ms    0.0%  6.09ms    362MiB    0.0%  20.1MiB
      ene_ops: local                    18   8.85ms    0.0%   492μs   73.6MiB    0.0%  4.09MiB
  compute_density                       18    2.17s    0.0%   120ms   7.40GiB    0.0%   421MiB
    symmetrize_ρ                        18    831ms    0.0%  46.1ms    396MiB    0.0%  22.0MiB
DftHamiltonian multiplication         836k    1.11h   28.1%  4.76ms   1.62TiB    7.5%  2.03MiB
  nonlocal                            836k    1035s    7.3%  1.24ms   12.9GiB    0.1%  16.2KiB
energy_hamiltonian                   6.96k    2524s   17.8%   363ms   7.45TiB   34.4%  1.10GiB
  ene_ops                            6.96k    1994s   14.1%   286ms   1.34TiB    6.2%   202MiB
    ene_ops: external_Hartree        6.96k     674s    4.8%  96.8ms    567GiB    2.6%  83.4MiB
    ene_ops: dualmap                 6.96k     637s    4.5%  91.5ms    621GiB    2.8%  91.4MiB
    ene_ops: nonlocal                6.96k     583s    4.1%  83.8ms   15.1GiB    0.1%  2.23MiB
    ene_ops: kinetic                 6.96k    66.8s    0.5%  9.60ms   2.39GiB    0.0%   360KiB
    ene_ops: hartree                 6.96k    26.3s    0.2%  3.78ms    137GiB    0.6%  20.1MiB
    ene_ops: local                   6.96k    4.20s    0.0%   603μs   27.8GiB    0.1%  4.09MiB
compute_density                      10.3k    1050s    7.4%   102ms   4.12TiB   19.0%   421MiB
  symmetrize_ρ                       10.3k     466s    3.3%  45.3ms    221GiB    1.0%  22.0MiB
ortho_qr                              399k     380s    2.7%   952μs   1.02TiB    4.7%  2.68MiB
PlaneWaveBasis                          29     296s    2.1%   10.2s    152GiB    0.7%  5.23GiB
  Instantiation AtomicNonlocal          29     275s    1.9%   9.47s    116GiB    0.5%  4.01GiB
  Instantiation AtomicLocal             29    9.46s    0.1%   326ms   1.97GiB    0.0%  69.7MiB
    enforce_real!                       29   37.5ms    0.0%  1.29ms   10.9KiB    0.0%     384B
  Instantiation ExternalHartree         29    4.13s    0.0%   142ms   2.50GiB    0.0%  88.2MiB
  build_kpoints                         29    3.49s    0.0%   120ms   25.6GiB    0.1%   903MiB
  Instantiation DualMap                 29    2.84s    0.0%  98.0ms   2.26GiB    0.0%  79.9MiB
  Instantiation Kinetic                 29    462ms    0.0%  15.9ms   1.99GiB    0.0%  70.2MiB
  _check_kpoint_reduction               29    462ms    0.0%  15.9ms     0.00B    0.0%    0.00B
  Instantiation Hartree                 29    232ms    0.0%  7.99ms    118MiB    0.0%  4.08MiB
    enforce_real!                       29   34.8ms    0.0%  1.20ms   12.2KiB    0.0%     432B
  Instantiation Ewald                   29   11.7ms    0.0%   405μs   82.2KiB    0.0%  2.84KiB
    precomp: Ewald                      29   11.1ms    0.0%   381μs   57.5KiB    0.0%  1.98KiB
  Instantiation PspCorrection           29   1.32ms    0.0%  45.6μs   23.6KiB    0.0%     832B
load_scfres                              1    20.3s    0.1%   20.3s   7.74GiB    0.0%  7.74GiB
  Instantiation AtomicNonlocal           1    10.0s    0.1%   10.0s   4.07GiB    0.0%  4.07GiB
  energy_hamiltonian                     1    3.34s    0.0%   3.34s   1.04GiB    0.0%  1.04GiB
    ene_ops                              1    3.16s    0.0%   3.16s    378MiB    0.0%   378MiB
      ene_ops: xc                        1    2.15s    0.0%   2.15s    328MiB    0.0%   328MiB
      ene_ops: nonlocal                  1    106ms    0.0%   106ms   3.04MiB    0.0%  3.04MiB
      ene_ops: kinetic                   1   42.2ms    0.0%  42.2ms    416KiB    0.0%   416KiB
      ene_ops: hartree                   1   6.81ms    0.0%  6.81ms   20.1MiB    0.0%  20.1MiB
      ene_ops: local                     1    830μs    0.0%   830μs   4.09MiB    0.0%  4.09MiB
  Instantiation Xc                       1    1.10s    0.0%   1.10s    147MiB    0.0%   147MiB
    enforce_real!                        1   1.29ms    0.0%  1.29ms      384B    0.0%     384B
  Instantiation AtomicLocal              1    406ms    0.0%   406ms   71.3MiB    0.0%  71.3MiB
    enforce_real!                        1   1.29ms    0.0%  1.29ms      384B    0.0%     384B
  build_kpoints                          1    367ms    0.0%   367ms    903MiB    0.0%   903MiB
  Instantiation Ewald                    1   68.3ms    0.0%  68.3ms   18.4MiB    0.0%  18.4MiB
    precomp: Ewald                       1    450μs    0.0%   450μs   3.06KiB    0.0%  3.06KiB
  Instantiation Kinetic                  1   24.8ms    0.0%  24.8ms   70.2MiB    0.0%  70.2MiB
  Instantiation PspCorrection            1   21.8ms    0.0%  21.8ms   2.76MiB    0.0%  2.76MiB
  Instantiation Hartree                  1   21.7ms    0.0%  21.7ms   11.7MiB    0.0%  11.7MiB
    enforce_real!                        1   1.21ms    0.0%  1.21ms      432B    0.0%     432B
  _check_kpoint_reduction                1   16.0ms    0.0%  16.0ms     0.00B    0.0%    0.00B
compute_projected_gradient              18    19.9s    0.1%   1.10s   37.1GiB    0.2%  2.06GiB
  DftHamiltonian multiplication      2.16k    9.91s    0.1%  4.59ms   4.28GiB    0.0%  2.03MiB
    nonlocal                         2.16k    2.63s    0.0%  1.22ms   34.2MiB    0.0%  16.2KiB
  energy_hamiltonian                    18    6.89s    0.0%   383ms   19.7GiB    0.1%  1.10GiB
    ene_ops                             18    5.09s    0.0%   283ms   3.55GiB    0.0%   202MiB
      ene_ops: external_Hartree         18    1.78s    0.0%  98.8ms   1.47GiB    0.0%  83.4MiB
      ene_ops: dualmap                  18    1.57s    0.0%  87.2ms   1.61GiB    0.0%  91.4MiB
      ene_ops: nonlocal                 18    1.45s    0.0%  80.7ms   40.1MiB    0.0%  2.23MiB
      ene_ops: kinetic                  18    169ms    0.0%  9.40ms   6.33MiB    0.0%   360KiB
      ene_ops: hartree                  18    106ms    0.0%  5.91ms    362MiB    0.0%  20.1MiB
      ene_ops: local                    18   8.91ms    0.0%   495μs   73.6MiB    0.0%  4.09MiB
  compute_density                       18    2.30s    0.0%   128ms   7.40GiB    0.0%   421MiB
    symmetrize_ρ                        18    821ms    0.0%  45.6ms    396MiB    0.0%  22.0MiB
save_scfres                              2    6.49s    0.0%   3.25s    657MiB    0.0%   329MiB
symmetry_operations                     29    286ms    0.0%  9.86ms   10.3MiB    0.0%   365KiB
  _check_symmetries                     29   4.60ms    0.0%   158μs   1.38MiB    0.0%  48.8KiB
──────────────────────────────────────────────────────────────────────────────────────────────
