
DFTK Version      0.7.20
Julia Version     1.12.4
libxc Version     7.0.0
FFTW.jl provider  fftw v3.3.10

BLAS.get_config()
  LinearAlgebra.BLAS.LBTConfig
  Libraries: 
  └ [ILP64] libopenblas64_.so

MPI.versioninfo()
  MPIPreferences:
    binary:  MPICH_jll
    abi:     MPICH
  
  Package versions
    MPI.jl:             0.20.23
    MPIPreferences.jl:  0.1.11
    MPICH_jll:          4.3.2+0
  
  Library information:
    libmpi:  /data/vebak3345/.julia/artifacts/117d9048128625bb3418b0b4cca48739c5d28740/lib/libmpi.so
    libmpi dlpath:  /data/vebak3345/.julia/artifacts/117d9048128625bb3418b0b4cca48739c5d28740/lib/libmpi.so
    MPI version:  4.1.0
    Library version:  
      MPICH Version:      4.3.1
      MPICH Release date: Fri Jun 20 09:24:41 AM CDT 2025
      MPICH ABI:          17:1:5
      MPICH Device:       ch3:nemesis
      MPICH configure:    --build=x86_64-linux-musl --disable-dependency-tracking --disable-doc --enable-fast=ndebug,O3 --enable-static=no --host=x86_64-linux-gnu --prefix=/workspace/destdir --with-device=ch3 --with-hwloc=/workspace/destdir
      MPICH CC:           cc     -DNDEBUG -DNVALGRIND -O3
      MPICH CXX:          c++   -DNDEBUG -DNVALGRIND -O3
      MPICH F77:          gfortran   -O3
      MPICH FC:           gfortran   -O3
      MPICH features:     
      
    MPI launcher: /data/vebak3345/.julia/artifacts/117d9048128625bb3418b0b4cca48739c5d28740/bin/mpiexec
    MPI launcher path: /data/vebak3345/.julia/artifacts/117d9048128625bb3418b0b4cca48739c5d28740/bin/mpiexec
  


‖ρref - ρorig‖H-1 = 0.0
‖ρref - ρorig‖L2  = 0.0

# --- ε=1.0

n     Energy            log10(ΔE)   log10(Δρ)   Δtime 
---   ---------------   ---------   ---------   ------
  1   -17.28877889937                    0.03    18.5s
    ‖ρε - ρref‖ = 0.13575668123214704 ‖Δρ‖ = 0.6852992687729565  ‖vε - vref‖ = 35.741880973549726  α = 1.0
  2   -19.89252015803        0.42       -0.60    10.8s
    ‖ρε - ρref‖ = 0.5079815689004065 ‖Δρ‖ = 0.10269057156751962  ‖vε - vref‖ = 35.74015908486852  α = 0.458
  3   -20.72123670506       -0.08       -0.75    9.86s
    ‖ρε - ρref‖ = 0.5988057725515401 ‖Δρ‖ = 0.10422428561089946  ‖vε - vref‖ = 35.832754341266934  α = 0.496
  4   -20.84782091024       -0.90       -1.22    9.40s
    ‖ρε - ρref‖ = 0.5120886368161668 ‖Δρ‖ = 0.031953959598139646  ‖vε - vref‖ = 35.851529056338165  α = 0.431
  5   -20.89529154536       -1.32       -1.74    6.98s
    ‖ρε - ρref‖ = 0.4825480512077437 ‖Δρ‖ = 0.0087084980225147  ‖vε - vref‖ = 35.84383590278167  α = 1.0
  6   -20.94720093727       -1.28       -1.51    6.17s
    ‖ρε - ρref‖ = 0.48605333594551275 ‖Δρ‖ = 0.02076506665308777  ‖vε - vref‖ = 35.81509336240671  α = 1.0
  7   -20.95624773097       -2.04       -1.66    6.86s
    ‖ρε - ρref‖ = 0.5059291710694639 ‖Δρ‖ = 0.012608603663116582  ‖vε - vref‖ = 35.800664404707256  α = 1.0
  8   -20.98516564468       -1.54       -2.03    6.58s
    ‖ρε - ρref‖ = 0.5175770983816189 ‖Δρ‖ = 0.00607981454189462  ‖vε - vref‖ = 35.809225448871736  α = 1.0
  9   -21.00443212145       -1.72       -1.97    9.79s
    ‖ρε - ρref‖ = 0.5143284963724499 ‖Δρ‖ = 0.005731661915446563  ‖vε - vref‖ = 35.81247887143038  α = 0.51

#-- ‖ρε - ρref‖ = 0.5104970962584208 vs. 0.01 = δ*ε ‖vε - vref‖ = 35.81005599010688


# --- ε=0.5623413251903491

n     Energy            log10(ΔE)   log10(Δρ)   Δtime 
---   ---------------   ---------   ---------   ------
  1   -20.83020475256                   -1.73    16.2s
    ‖ρε - ρref‖ = 0.5184444570174288 ‖Δρ‖ = 0.012145559398343086  ‖vε - vref‖ = 35.21151842154403  α = 0.3
  2   -20.83260865169       -2.62       -1.83    6.16s
    ‖ρε - ρref‖ = 0.5068317810338286 ‖Δρ‖ = 0.009902324810622747  ‖vε - vref‖ = 35.2359628838917  α = 1.0
  3   -20.83689010767       -2.37       -2.45    6.52s
    ‖ρε - ρref‖ = 0.49737065022181964 ‖Δρ‖ = 0.0021894946334889104  ‖vε - vref‖ = 35.24023031001079  α = 1.0
  4   -20.83934679364       -2.61       -2.18    6.78s
    ‖ρε - ρref‖ = 0.4954835094615969 ‖Δρ‖ = 0.004495358513499872  ‖vε - vref‖ = 35.228385891427344  α = 1.0

#-- ‖ρε - ρref‖ = 0.5020224191803401 vs. 0.005623413251903491 = δ*ε ‖vε - vref‖ = 35.223206784331744


# --- ε=0.31622776601683794

n     Energy            log10(ΔE)   log10(Δρ)   Δtime 
---   ---------------   ---------   ---------   ------
  1   -20.52627311714                   -1.39    12.8s
    ‖ρε - ρref‖ = 0.5020328609191317 ‖Δρ‖ = 0.026894468774973625  ‖vε - vref‖ = 34.28798286227839  α = 1.0
  2   -20.53343019950       -2.15       -2.02    9.42s
    ‖ρε - ρref‖ = 0.47860713296125007 ‖Δρ‖ = 0.0057759298035538415  ‖vε - vref‖ = 34.29707650403064  α = 0.458
  3   -20.53425921979       -3.08       -1.80    6.88s
    ‖ρε - ρref‖ = 0.47361518875316455 ‖Δρ‖ = 0.01068976300967916  ‖vε - vref‖ = 34.24705409357154  α = 1.0
  4   -20.53627926718       -2.69       -2.72    6.06s
    ‖ρε - ρref‖ = 0.4841319241299247 ‖Δρ‖ = 0.0009975789613630198  ‖vε - vref‖ = 34.25186165414771  α = 1.0
  5   -20.53671596591       -3.36       -2.07    6.73s
    ‖ρε - ρref‖ = 0.4834574617567875 ‖Δρ‖ = 0.005639408371838084  ‖vε - vref‖ = 34.277174764201234  α = 1.0
  6   -20.53751064155       -3.10       -2.93    6.24s
    ‖ρε - ρref‖ = 0.47795829138702706 ‖Δρ‖ = 0.0006869882519977687  ‖vε - vref‖ = 34.27356292078017  α = 1.0
  7   -20.53786021419       -3.46       -2.27    6.98s
    ‖ρε - ρref‖ = 0.47855147734633086 ‖Δρ‖ = 0.0036136788734735244  ‖vε - vref‖ = 34.2571898809186  α = 1.0
  8   -20.53838698878       -3.28       -3.05    6.96s
    ‖ρε - ρref‖ = 0.48208248104613177 ‖Δρ‖ = 0.0005567350288867139  ‖vε - vref‖ = 34.260129234818436  α = 1.0
  9   -20.53868839865       -3.52       -2.40    6.32s
    ‖ρε - ρref‖ = 0.48155944525468547 ‖Δρ‖ = 0.0026779804699277867  ‖vε - vref‖ = 34.27259689877926  α = 1.0

#-- ‖ρε - ρref‖ = 0.4792554363459692 vs. 0.0031622776601683794 = δ*ε ‖vε - vref‖ = 34.270655501990895


# --- ε=0.1778279410038923

n     Energy            log10(ΔE)   log10(Δρ)   Δtime 
---   ---------------   ---------   ---------   ------
  1   -20.04178526352                   -1.22    13.0s
    ‖ρε - ρref‖ = 0.47928580710407503 ‖Δρ‖ = 0.04029515828911624  ‖vε - vref‖ = 32.81356886558023  α = 1.0
  2   -20.04317217655       -2.86       -2.09    5.80s
    ‖ρε - ρref‖ = 0.44035654825792897 ‖Δρ‖ = 0.00477255633493122  ‖vε - vref‖ = 32.76959692890552  α = 1.0
  3   -20.04756443050       -2.36       -1.87    5.96s
    ‖ρε - ρref‖ = 0.44449652723171035 ‖Δρ‖ = 0.008768310217722694  ‖vε - vref‖ = 32.70828560130912  α = 1.0
  4   -20.05064824501       -2.51       -2.23    9.16s
    ‖ρε - ρref‖ = 0.45451076594183665 ‖Δρ‖ = 0.0037977990624386174  ‖vε - vref‖ = 32.72615311632372  α = 0.504
  5   -20.05171150813       -2.97       -2.00    9.78s
    ‖ρε - ρref‖ = 0.45385047133732165 ‖Δρ‖ = 0.006518962338445326  ‖vε - vref‖ = 32.750398924613044  α = 0.515
  6   -20.05196172439       -3.60       -2.35    9.20s
    ‖ρε - ρref‖ = 0.44913327487458093 ‖Δρ‖ = 0.0028314406097746134  ‖vε - vref‖ = 32.758573572400444  α = 0.433
  7   -20.05214423185       -3.74       -2.99    6.90s
    ‖ρε - ρref‖ = 0.44652456561588116 ‖Δρ‖ = 0.0005796086147956151  ‖vε - vref‖ = 32.76114365833257  α = 1.0
  8   -20.05237802048       -3.63       -3.32    6.34s
    ‖ρε - ρref‖ = 0.4460798040925798 ‖Δρ‖ = 0.00020852313575014513  ‖vε - vref‖ = 32.76050773503259  α = 1.0

#-- ‖ρε - ρref‖ = 0.44597102525437743 vs. 0.001778279410038923 = δ*ε ‖vε - vref‖ = 32.76221347212419


# --- ε=0.1

n     Energy            log10(ΔE)   log10(Δρ)   Δtime 
---   ---------------   ---------   ---------   ------
  1   -19.30658253550                   -0.97    12.5s
    ‖ρε - ρref‖ = 0.4461328331481976 ‖Δρ‖ = 0.07051313548917446  ‖vε - vref‖ = 30.83527279606344  α = 1.0
  2   -19.32587624626       -1.71       -1.60    5.71s
    ‖ρε - ρref‖ = 0.3780105482803283 ‖Δρ‖ = 0.016690580983483246  ‖vε - vref‖ = 30.581139982435587  α = 1.0
  3   -19.33747347788       -1.94       -1.57    8.98s
    ‖ρε - ρref‖ = 0.38593074712419334 ‖Δρ‖ = 0.01735705877170862  ‖vε - vref‖ = 30.48824339330374  α = 0.467
  4   -19.34020229280       -2.56       -2.22    10.0s
    ‖ρε - ρref‖ = 0.40363290506201754 ‖Δρ‖ = 0.0034523312580226994  ‖vε - vref‖ = 30.51244469267119  α = 0.425
  5   -19.34117304220       -3.01       -2.02    6.46s
    ‖ρε - ρref‖ = 0.40063475384716185 ‖Δρ‖ = 0.006334640365958899  ‖vε - vref‖ = 30.59832738892585  α = 1.0
  6   -19.34206083428       -3.05       -2.76    6.24s
    ‖ρε - ρref‖ = 0.39443013157262125 ‖Δρ‖ = 0.0009657539021701298  ‖vε - vref‖ = 30.604961985241925  α = 1.0
  7   -19.34264666692       -3.23       -2.42    6.90s
    ‖ρε - ρref‖ = 0.39371842940843615 ‖Δρ‖ = 0.0025481397547377524  ‖vε - vref‖ = 30.56741998851897  α = 1.0
  8   -19.34308801394       -3.36       -3.05    6.84s
    ‖ρε - ρref‖ = 0.3962467391711284 ‖Δρ‖ = 0.0004900238930246058  ‖vε - vref‖ = 30.5636405419275  α = 1.0
  9   -19.34356216615       -3.32       -2.48    6.33s
    ‖ρε - ρref‖ = 0.39663173872428137 ‖Δρ‖ = 0.0022235553308988334  ‖vε - vref‖ = 30.594972869011258  α = 1.0
 10   -19.34375581106       -3.71       -2.76    5.83s
    ‖ρε - ρref‖ = 0.39443592288539586 ‖Δρ‖ = 0.001061222677804895  ‖vε - vref‖ = 30.605407751655058  α = 1.0
 11   -19.34400052968       -3.61       -2.87    6.38s
    ‖ρε - ρref‖ = 0.39351567212629107 ‖Δρ‖ = 0.0009024474243796681  ‖vε - vref‖ = 30.592225730021617  α = 1.0
 12   -19.34405951144       -4.23       -2.85    6.65s
    ‖ρε - ρref‖ = 0.39441226964548753 ‖Δρ‖ = 0.0008973244040064804  ‖vε - vref‖ = 30.58164229959451  α = 1.0

#-- ‖ρε - ρref‖ = 0.39467874168101774 vs. 0.001 = δ*ε ‖vε - vref‖ = 30.590085444986116


# --- ε=0.05623413251903491

n     Energy            log10(ΔE)   log10(Δρ)   Δtime 
---   ---------------   ---------   ---------   ------
  1   -18.28507651287                   -0.77    12.1s
    ‖ρε - ρref‖ = 0.3953052695337068 ‖Δρ‖ = 0.11065715638468757  ‖vε - vref‖ = 28.712942207967277  α = 1.0
  2   -18.39442959762       -0.96       -1.21    5.60s
    ‖ρε - ρref‖ = 0.2887327606065196 ‖Δρ‖ = 0.04103177904425074  ‖vε - vref‖ = 27.704797138428656  α = 1.0
  3   -18.41189692427       -1.76       -1.40    9.87s
    ‖ρε - ρref‖ = 0.31528192735581706 ‖Δρ‖ = 0.024964266335796695  ‖vε - vref‖ = 27.557298250476364  α = 0.359
  4   -18.41255261102       -3.18       -2.13    5.86s
    ‖ρε - ρref‖ = 0.33679517618044175 ‖Δρ‖ = 0.00453199462842435  ‖vε - vref‖ = 27.676126419583067  α = 1.0
  5   -18.41576173477       -2.49       -2.11    6.78s
    ‖ρε - ρref‖ = 0.3323972098330968 ‖Δρ‖ = 0.004909866012456093  ‖vε - vref‖ = 27.770873700549274  α = 1.0
  6   -18.41713058368       -2.86       -2.50    9.47s
    ‖ρε - ρref‖ = 0.3272033589094349 ‖Δρ‖ = 0.001664588669752199  ‖vε - vref‖ = 27.75058347226257  α = 0.487
  7   -18.41769179059       -3.25       -2.37    6.65s
    ‖ρε - ρref‖ = 0.3284508154129433 ‖Δρ‖ = 0.0027228508140556018  ‖vε - vref‖ = 27.68588291601068  α = 1.0
  8   -18.41818153679       -3.31       -3.12    6.54s
    ‖ρε - ρref‖ = 0.331147936052305 ‖Δρ‖ = 0.00034337051675856114  ‖vε - vref‖ = 27.687475467157185  α = 1.0
  9   -18.41854629941       -3.44       -2.51    6.50s
    ‖ρε - ρref‖ = 0.33123240957553046 ‖Δρ‖ = 0.0019842516108420556  ‖vε - vref‖ = 27.73270447391042  α = 1.0
 10   -18.41873519571       -3.72       -2.84    6.92s
    ‖ρε - ρref‖ = 0.3292881135998973 ‖Δρ‖ = 0.0008780834652795413  ‖vε - vref‖ = 27.74705049185597  α = 1.0
 11   -18.41892540629       -3.72       -2.79    6.75s
    ‖ρε - ρref‖ = 0.3285322795434137 ‖Δρ‖ = 0.0010301151653071912  ‖vε - vref‖ = 27.722032487029264  α = 1.0
 12   -18.41898507368       -4.22       -2.94    6.81s
    ‖ρε - ρref‖ = 0.3295532860063893 ‖Δρ‖ = 0.0006904415122991129  ‖vε - vref‖ = 27.71030268226416  α = 1.0
 13   -18.41908696352       -3.99       -3.01    6.71s
    ‖ρε - ρref‖ = 0.33016317361990044 ‖Δρ‖ = 0.0006145931628216484  ‖vε - vref‖ = 27.725083056879175  α = 1.0
 14   -18.41909828841       -4.95       -3.10    6.07s
    ‖ρε - ρref‖ = 0.3295542509942174 ‖Δρ‖ = 0.000474869703479778  ‖vε - vref‖ = 27.733702454805453  α = 1.0
 15   -18.41915102508       -4.28       -3.27    6.64s
    ‖ρε - ρref‖ = 0.32912222036286115 ‖Δρ‖ = 0.00034812654034239434  ‖vε - vref‖ = 27.725088337839264  α = 1.0

#-- ‖ρε - ρref‖ = 0.32962645387012973 vs. 0.0005623413251903491 = δ*ε ‖vε - vref‖ = 27.72200999875437


# --- ε=0.03162277660168379

n     Energy            log10(ΔE)   log10(Δρ)   Δtime 
---   ---------------   ---------   ---------   ------
  1   -17.32969565370                   -0.60    14.5s
    ‖ρε - ρref‖ = 0.4217245186852014 ‖Δρ‖ = 0.16473399839604488  ‖vε - vref‖ = 24.177862326727602  α = 0.424
  2   -17.34053571143       -1.96       -1.77    9.41s
    ‖ρε - ρref‖ = 0.26547859946279884 ‖Δρ‖ = 0.008175322137792419  ‖vε - vref‖ = 24.208812813293907  α = 0.492
  3   -17.34585077109       -2.27       -2.25    6.27s
    ‖ρε - ρref‖ = 0.26052760591731056 ‖Δρ‖ = 0.0026580371473910345  ‖vε - vref‖ = 24.29721265965036  α = 1.0
  4   -17.34686438588       -2.99       -2.70    5.80s
    ‖ρε - ρref‖ = 0.25820761728291786 ‖Δρ‖ = 0.0007514898914731143  ‖vε - vref‖ = 24.321659406724876  α = 1.0
  5   -17.34925796077       -2.62       -2.51    6.09s
    ‖ρε - ρref‖ = 0.25804670166395843 ‖Δρ‖ = 0.0013177614885920483  ‖vε - vref‖ = 24.28640843562237  α = 1.0
  6   -17.35026926076       -3.00       -2.81    9.30s
    ‖ρε - ρref‖ = 0.2587697098583454 ‖Δρ‖ = 0.0006220913989005371  ‖vε - vref‖ = 24.281549325134122  α = 0.486
  7   -17.35039908052       -3.89       -2.76    6.31s
    ‖ρε - ρref‖ = 0.25868296303741883 ‖Δρ‖ = 0.0007131813525488399  ‖vε - vref‖ = 24.30003324056115  α = 1.0
  8   -17.35066765498       -3.57       -3.38    6.62s
    ‖ρε - ρref‖ = 0.25819488125809215 ‖Δρ‖ = 0.0001854493463933486  ‖vε - vref‖ = 24.307664104545417  α = 1.0
  9   -17.35071635015       -4.31       -2.97    7.21s
    ‖ρε - ρref‖ = 0.2580946239584057 ‖Δρ‖ = 0.00042645353020009875  ‖vε - vref‖ = 24.299035340653425  α = 1.0
 10   -17.35083734872       -3.92       -3.54    6.65s
    ‖ρε - ρref‖ = 0.2583035656874167 ‖Δρ‖ = 0.00012626799621377654  ‖vε - vref‖ = 24.29565993362554  α = 1.0
 11   -17.35089995198       -4.20       -3.15    9.86s
    ‖ρε - ρref‖ = 0.25840049638427337 ‖Δρ‖ = 0.00028367992070909133  ‖vε - vref‖ = 24.299071304374284  α = 0.522

#-- ‖ρε - ρref‖ = 0.2581299948449735 vs. 0.00031622776601683794 = δ*ε ‖vε - vref‖ = 24.30490359427003


# --- ε=0.01778279410038923

n     Energy            log10(ΔE)   log10(Δρ)   Δtime 
---   ---------------   ---------   ---------   ------
  1   -16.25169141157                   -0.45    14.5s
    ‖ρε - ρref‖ = 0.41353384920083447 ‖Δρ‖ = 0.22932407115197692  ‖vε - vref‖ = 20.410442673469394  α = 0.3
  2   -16.25659517539       -2.31       -1.86    5.93s
    ‖ρε - ρref‖ = 0.19352974069911527 ‖Δρ‖ = 0.005367333500487598  ‖vε - vref‖ = 20.57636813397116  α = 1.0
  3   -16.26466877415       -2.09       -2.09    6.01s
    ‖ρε - ρref‖ = 0.18945587549199402 ‖Δρ‖ = 0.0037051777242869963  ‖vε - vref‖ = 20.72357241283128  α = 1.0
  4   -16.26659209664       -2.72       -1.99    6.39s
    ‖ρε - ρref‖ = 0.18891726572210807 ‖Δρ‖ = 0.004065411549466564  ‖vε - vref‖ = 20.581382634016247  α = 1.0
  5   -16.26831648319       -2.76       -2.48    5.94s
    ‖ρε - ρref‖ = 0.19066172875221524 ‖Δρ‖ = 0.0015116050048403634  ‖vε - vref‖ = 20.530611164988077  α = 1.0
  6   -16.26915318715       -3.08       -2.17    6.50s
    ‖ρε - ρref‖ = 0.19069186436435526 ‖Δρ‖ = 0.0027924560970086494  ‖vε - vref‖ = 20.636422384501053  α = 1.0
  7   -16.26975496937       -3.22       -2.96    6.07s
    ‖ρε - ρref‖ = 0.18949521856662951 ‖Δρ‖ = 0.00044422917240770506  ‖vε - vref‖ = 20.650539008853038  α = 1.0
  8   -16.27005273980       -3.53       -2.37    6.47s
    ‖ρε - ρref‖ = 0.18955848180070095 ‖Δρ‖ = 0.0017794796064461629  ‖vε - vref‖ = 20.586748403625794  α = 1.0
  9   -16.27028984489       -3.63       -3.07    5.96s
    ‖ρε - ρref‖ = 0.1901787558273366 ‖Δρ‖ = 0.00029336223890894534  ‖vε - vref‖ = 20.592206466137142  α = 1.0
 10   -16.27037385278       -4.08       -2.59    6.93s
    ‖ρε - ρref‖ = 0.19001801303617366 ‖Δρ‖ = 0.0010703169947268061  ‖vε - vref‖ = 20.632112632928813  α = 1.0
 11   -16.27049238843       -3.93       -3.03    7.02s
    ‖ρε - ρref‖ = 0.18963899699716716 ‖Δρ‖ = 0.00035692871965313787  ‖vε - vref‖ = 20.621061916753305  α = 1.0
 12   -16.27056078941       -4.16       -2.83    9.78s
    ‖ρε - ρref‖ = 0.1896883214492165 ‖Δρ‖ = 0.0006203963899787882  ‖vε - vref‖ = 20.610151028880495  α = 0.505
 13   -16.27057792293       -4.77       -3.88    11.2s
    ‖ρε - ρref‖ = 0.18988493367343168 ‖Δρ‖ = 4.286665363440991e-5  ‖vε - vref‖ = 20.609996831847397  α = 0.503
 14   -16.27058316682       -5.28       -3.38    9.87s
    ‖ρε - ρref‖ = 0.1899015499551649 ‖Δρ‖ = 0.00016802865018988216  ‖vε - vref‖ = 20.61310976726838  α = 0.507

#-- ‖ρε - ρref‖ = 0.1898114532275384 vs. 0.0001778279410038923 = δ*ε ‖vε - vref‖ = 20.615406781468252


# --- ε=0.01

n     Energy            log10(ΔE)   log10(Δρ)   Δtime 
---   ---------------   ---------   ---------   ------
  1   -15.28702632486                   -0.34    14.9s
    ‖ρε - ρref‖ = 0.41964282373858214 ‖Δρ‖ = 0.29616103574103336  ‖vε - vref‖ = 16.559671700548336  α = 0.197
  2   -15.29271739337       -2.24       -1.45    6.52s
    ‖ρε - ρref‖ = 0.1359036813342283 ‖Δρ‖ = 0.014549509899053832  ‖vε - vref‖ = 17.40387747248882  α = 1.0
  3   -15.30424807252       -1.94       -1.79    5.76s
    ‖ρε - ρref‖ = 0.12952388439086332 ‖Δρ‖ = 0.006739604530326395  ‖vε - vref‖ = 17.023037791420563  α = 1.0
  4   -15.30537323249       -2.95       -2.09    9.08s
    ‖ρε - ρref‖ = 0.13088716891681793 ‖Δρ‖ = 0.003417424568206905  ‖vε - vref‖ = 16.957752727383614  α = 0.353
  5   -15.30569715028       -3.49       -2.70    5.79s
    ‖ρε - ρref‖ = 0.13209831915971554 ‖Δρ‖ = 0.0008287870415890426  ‖vε - vref‖ = 17.017814694451715  α = 1.0
  6   -15.30590235233       -3.69       -2.95    6.28s
    ‖ρε - ρref‖ = 0.1319388748935328 ‖Δρ‖ = 0.0003960628630619892  ‖vε - vref‖ = 17.0280330986175  α = 1.0
  7   -15.30592871512       -4.58       -2.89    6.37s
    ‖ρε - ρref‖ = 0.13170950006198462 ‖Δρ‖ = 0.0005262799477553682  ‖vε - vref‖ = 16.9997632768533  α = 1.0
  8   -15.30604063302       -3.95       -3.10    6.31s
    ‖ρε - ρref‖ = 0.1316949017921925 ‖Δρ‖ = 0.0002822071630178659  ‖vε - vref‖ = 17.01606499664631  α = 1.0
  9   -15.30607242140       -4.50       -3.38    9.36s
    ‖ρε - ρref‖ = 0.1317261400562185 ‖Δρ‖ = 0.00015715255010580366  ‖vε - vref‖ = 17.017277554005577  α = 0.469
 10   -15.30608218395       -5.01       -3.57    9.53s
    ‖ρε - ρref‖ = 0.1317641280302066 ‖Δρ‖ = 0.00010356470144454023  ‖vε - vref‖ = 17.013425881147782  α = 0.512
 11   -15.30608393496       -5.76       -3.82    6.76s
    ‖ρε - ρref‖ = 0.13176750313794158 ‖Δρ‖ = 5.2118979934193386e-5  ‖vε - vref‖ = 17.01342009543686  α = 1.0
 12   -15.30608665615       -5.57       -4.35    6.98s
    ‖ρε - ρref‖ = 0.13174323465994253 ‖Δρ‖ = 1.978869118295214e-5  ‖vε - vref‖ = 17.01561617326952  α = 1.0

#-- ‖ρε - ρref‖ = 0.1317904040676837 vs. 0.0001 = δ*ε ‖vε - vref‖ = 17.010447950077268


# --- ε=0.005623413251903491

n     Energy            log10(ΔE)   log10(Δρ)   Δtime 
---   ---------------   ---------   ---------   ------
  1   -14.51244804026                   -0.26    15.0s
    ‖ρε - ρref‖ = 0.43339227177657885 ‖Δρ‖ = 0.35527990827196765  ‖vε - vref‖ = 13.086554439047493  α = 0.123
  2   -14.53121478312       -1.73       -1.13    9.61s
    ‖ρε - ρref‖ = 0.10317229648066284 ‖Δρ‖ = 0.031022315772960038  ‖vε - vref‖ = 13.864675525958978  α = 0.322
  3   -14.53238459656       -2.93       -2.21    6.46s
    ‖ρε - ρref‖ = 0.0872344917002878 ‖Δρ‖ = 0.002025550655363282  ‖vε - vref‖ = 13.692909708848239  α = 1.0
  4   -14.53478727204       -2.62       -2.49    6.54s
    ‖ρε - ρref‖ = 0.08665802717194171 ‖Δρ‖ = 0.0011127928919448646  ‖vε - vref‖ = 13.850230353522019  α = 1.0
  5   -14.53548674767       -3.16       -2.56    9.26s
    ‖ρε - ρref‖ = 0.08650801435900671 ‖Δρ‖ = 0.0010329842025252188  ‖vε - vref‖ = 13.842238285764113  α = 0.51
  6   -14.53552861508       -4.38       -2.99    5.92s
    ‖ρε - ρref‖ = 0.08684017140655892 ‖Δρ‖ = 0.0003594447164972648  ‖vε - vref‖ = 13.796028444916706  α = 1.0
  7   -14.53567938191       -3.82       -3.12    6.37s
    ‖ρε - ρref‖ = 0.08686934383284375 ‖Δρ‖ = 0.0002869914743010611  ‖vε - vref‖ = 13.803730586017881  α = 1.0
  8   -14.53573646818       -4.24       -3.19    10.1s
    ‖ρε - ρref‖ = 0.08678298133968598 ‖Δρ‖ = 0.00023978730716986063  ‖vε - vref‖ = 13.814581776000551  α = 0.506
  9   -14.53575044728       -4.85       -3.41    10.3s
    ‖ρε - ρref‖ = 0.08677121635624628 ‖Δρ‖ = 0.0001436839347006212  ‖vε - vref‖ = 13.816548764051921  α = 0.52
 10   -14.53575282836       -5.62       -3.85    6.29s
    ‖ρε - ρref‖ = 0.08679523100301645 ‖Δρ‖ = 5.274158693284175e-5  ‖vε - vref‖ = 13.815137455873911  α = 1.0
 11   -14.53575679285       -5.40       -4.03    6.05s
    ‖ρε - ρref‖ = 0.08679824348160278 ‖Δρ‖ = 3.374302631643759e-5  ‖vε - vref‖ = 13.814776986926576  α = 1.0

#-- ‖ρε - ρref‖ = 0.08679048425578545 vs. 5.6234132519034914e-5 = δ*ε ‖vε - vref‖ = 13.815927568381634


# --- ε=0.0031622776601683794

n     Energy            log10(ΔE)   log10(Δρ)   Δtime 
---   ---------------   ---------   ---------   ------
  1   -13.95148626113                   -0.20    14.2s
    ‖ρε - ρref‖ = 0.4473032550065204 ‖Δρ‖ = 0.40023459430878827  ‖vε - vref‖ = 10.443243517905735  α = 0.0751
  2   -13.97369139621       -1.65       -0.95    9.05s
    ‖ρε - ρref‖ = 0.08613714117960046 ‖Δρ‖ = 0.04835549072787729  ‖vε - vref‖ = 11.185759216027071  α = 0.188
  3   -13.97593756074       -2.65       -2.17    9.46s
    ‖ρε - ρref‖ = 0.0551177947898396 ‖Δρ‖ = 0.0021828238400133887  ‖vε - vref‖ = 11.095380989623902  α = 0.502
  4   -13.97649505311       -3.25       -2.74    6.03s
    ‖ρε - ρref‖ = 0.054616016451703164 ‖Δρ‖ = 0.0006143664829163203  ‖vε - vref‖ = 11.145801020077103  α = 1.0
  5   -13.97677958434       -3.55       -2.85    6.10s
    ‖ρε - ρref‖ = 0.0546927527715243 ‖Δρ‖ = 0.0005313991570785873  ‖vε - vref‖ = 11.106418638974349  α = 1.0
  6   -13.97692501489       -3.84       -2.98    6.43s
    ‖ρε - ρref‖ = 0.054727962423986184 ‖Δρ‖ = 0.00036391328508714014  ‖vε - vref‖ = 11.091626341096154  α = 1.0
  7   -13.97698033202       -4.26       -3.06    5.83s
    ‖ρε - ρref‖ = 0.054661616120375345 ‖Δρ‖ = 0.0003364437159033671  ‖vε - vref‖ = 11.115446877917034  α = 1.0
  8   -13.97702515698       -4.35       -3.14    6.50s
    ‖ρε - ρref‖ = 0.0546582910381504 ‖Δρ‖ = 0.0002728350300114139  ‖vε - vref‖ = 11.122765132131088  α = 1.0
  9   -13.97704383198       -4.73       -3.35    6.09s
    ‖ρε - ρref‖ = 0.05465757399767533 ‖Δρ‖ = 0.0001361501378653043  ‖vε - vref‖ = 11.106683620396085  α = 1.0
 10   -13.97705276687       -5.05       -3.59    6.69s
    ‖ρε - ρref‖ = 0.05466833676290019 ‖Δρ‖ = 9.916924704142062e-5  ‖vε - vref‖ = 11.109271105344229  α = 1.0
 11   -13.97705914042       -5.20       -3.51    6.68s
    ‖ρε - ρref‖ = 0.054660641922936404 ‖Δρ‖ = 0.00010187478230279989  ‖vε - vref‖ = 11.115348345733668  α = 1.0
 12   -13.97706157829       -5.61       -3.87    6.79s
    ‖ρε - ρref‖ = 0.05465462843170352 ‖Δρ‖ = 4.866354424701846e-5  ‖vε - vref‖ = 11.112732843227322  α = 1.0
 13   -13.97706326542       -5.77       -3.81    7.43s
    ‖ρε - ρref‖ = 0.05466156191758786 ‖Δρ‖ = 5.663718241773775e-5  ‖vε - vref‖ = 11.11164419918109  α = 1.0
 14   -13.97706395331       -6.16       -4.04    6.05s
    ‖ρε - ρref‖ = 0.054662072035929155 ‖Δρ‖ = 3.859495175337804e-5  ‖vε - vref‖ = 11.11584860309405  α = 1.0
 15   -13.97706427938       -6.49       -3.51    9.71s
    ‖ρε - ρref‖ = 0.05451795769486584 ‖Δρ‖ = 0.00017995743760253267  ‖vε - vref‖ = 11.110793492208055  α = 0.171
 16   -13.97706482619       -6.26       -4.09    10.2s
    ‖ρε - ρref‖ = 0.05468391144510515 ‖Δρ‖ = 3.998109659641974e-5  ‖vε - vref‖ = 11.113099010270505  α = 0.298
 17   -13.97706495587       -6.89       -4.36    9.49s
    ‖ρε - ρref‖ = 0.054653264313049885 ‖Δρ‖ = 1.6905671482225547e-5  ‖vε - vref‖ = 11.112921783497399  α = 0.437
 18   -13.97706497791       -7.66       -4.82    10.5s
    ‖ρε - ρref‖ = 0.054657262481834785 ‖Δρ‖ = 5.085089310908876e-6  ‖vε - vref‖ = 11.112358321929285  α = 0.512

#-- ‖ρε - ρref‖ = 0.054658572958005656 vs. 3.1622776601683795e-5 = δ*ε ‖vε - vref‖ = 11.112668941894205


# --- ε=0.0017782794100389228

n     Energy            log10(ΔE)   log10(Δρ)   Δtime 
---   ---------------   ---------   ---------   ------
  1   -13.57845019788                   -0.17    14.9s
    ‖ρε - ρref‖ = 0.45851808206158584 ‖Δρ‖ = 0.4311694140036491  ‖vε - vref‖ = 8.644623709825304  α = 0.0447
  2   -13.59951668160       -1.68       -0.83    9.38s
    ‖ρε - ρref‖ = 0.08200269293013204 ‖Δρ‖ = 0.06295863312308636  ‖vε - vref‖ = 8.792890319399104  α = 0.111
  3   -13.60094113747       -2.85       -2.00    9.06s
    ‖ρε - ρref‖ = 0.03370293899830218 ‖Δρ‖ = 0.0036746577317804743  ‖vε - vref‖ = 8.909812932878028  α = 0.371
  4   -13.60138027310       -3.36       -2.34    9.05s
    ‖ρε - ρref‖ = 0.0328860507770357 ‖Δρ‖ = 0.0018456924695582513  ‖vε - vref‖ = 8.833894753425803  α = 0.386
  5   -13.60158591768       -3.69       -2.62    9.04s
    ‖ρε - ρref‖ = 0.0331862254926932 ‖Δρ‖ = 0.0009942069548075367  ‖vε - vref‖ = 8.804895653169297  α = 0.437
  6   -13.60166469506       -4.10       -2.82    9.52s
    ‖ρε - ρref‖ = 0.03324812827794616 ‖Δρ‖ = 0.0005477341248034019  ‖vε - vref‖ = 8.80146757856963  α = 0.486
  7   -13.60168727911       -4.65       -3.32    6.34s
    ‖ρε - ρref‖ = 0.033314075400395375 ‖Δρ‖ = 0.00016076364293979374  ‖vε - vref‖ = 8.767392565976772  α = 1.0
  8   -13.60169922663       -4.92       -3.43    6.47s
    ‖ρε - ρref‖ = 0.03329904586694355 ‖Δρ‖ = 0.000125251385351714  ‖vε - vref‖ = 8.813115554095718  α = 1.0
  9   -13.60170452071       -5.28       -3.65    6.64s
    ‖ρε - ρref‖ = 0.0332681832501521 ‖Δρ‖ = 7.317205403495313e-5  ‖vε - vref‖ = 8.79699430615  α = 1.0
 10   -13.60170759784       -5.51       -3.83    6.44s
    ‖ρε - ρref‖ = 0.033268931262982006 ‖Δρ‖ = 4.6875207330034144e-5  ‖vε - vref‖ = 8.797590895559773  α = 1.0
 11   -13.60170835775       -6.12       -4.17    6.85s
    ‖ρε - ρref‖ = 0.03327781254867504 ‖Δρ‖ = 2.037879438519764e-5  ‖vε - vref‖ = 8.797883384921843  α = 1.0
 12   -13.60170913959       -6.11       -4.09    6.63s
    ‖ρε - ρref‖ = 0.03327810558250135 ‖Δρ‖ = 2.5090581798973397e-5  ‖vε - vref‖ = 8.79637674078064  α = 1.0
 13   -13.60170940633       -6.57       -4.18    9.40s
    ‖ρε - ρref‖ = 0.033292999471201304 ‖Δρ‖ = 3.4965197320525196e-5  ‖vε - vref‖ = 8.800339783740574  α = 0.397
 14   -13.60170953569       -6.89       -3.51    9.74s
    ‖ρε - ρref‖ = 0.033143769535008645 ‖Δρ‖ = 0.00017420512603576855  ‖vε - vref‖ = 8.798075072064368  α = 0.0727
 15   -13.60170960784       -7.14       -4.50    8.82s
    ‖ρε - ρref‖ = 0.03327420753817473 ‖Δρ‖ = 1.0071247693966807e-5  ‖vε - vref‖ = 8.797743978129171  α = 0.487
 16   -13.60170962396       -7.79       -4.48    9.59s
    ‖ρε - ρref‖ = 0.03328096397190009 ‖Δρ‖ = 1.3684779246998987e-5  ‖vε - vref‖ = 8.798621302883868  α = 0.341

#-- ‖ρε - ρref‖ = 0.03327619490210661 vs. 1.778279410038923e-5 = δ*ε ‖vε - vref‖ = 8.797604406424622


# --- ε=0.001

n     Energy            log10(ΔE)   log10(Δρ)   Δtime 
---   ---------------   ---------   ---------   ------
  1   -13.34424827594                   -0.15    13.9s
    ‖ρε - ρref‖ = 0.4658920102106465 ‖Δρ‖ = 0.45035275772564587  ‖vε - vref‖ = 7.543628758411641  α = 0.0261
  2   -13.36101105958       -1.78       -0.77    9.19s
    ‖ρε - ρref‖ = 0.0833738775254419 ‖Δρ‖ = 0.0735843984050676  ‖vε - vref‖ = 6.506247188302244  α = 0.0656
  3   -13.36219016402       -2.93       -1.78    8.61s
    ‖ρε - ρref‖ = 0.021382062524111584 ‖Δρ‖ = 0.006216621527700774  ‖vε - vref‖ = 6.871940344411521  α = 0.193
  4   -13.36253038825       -3.47       -2.23    9.05s
    ‖ρε - ρref‖ = 0.019469687696047133 ‖Δρ‖ = 0.0022763621519129185  ‖vε - vref‖ = 6.938164149903649  α = 0.248
  5   -13.36268870125       -3.80       -2.48    9.04s
    ‖ρε - ρref‖ = 0.019587384929932204 ‖Δρ‖ = 0.0013044572325810915  ‖vε - vref‖ = 6.860874000376483  α = 0.272
  6   -13.36277393160       -4.07       -2.74    9.23s
    ‖ρε - ρref‖ = 0.01961995893029084 ‖Δρ‖ = 0.0006349730617372228  ‖vε - vref‖ = 6.766418507205917  α = 0.387
  7   -13.36280552554       -4.50       -3.23    8.87s
    ‖ρε - ρref‖ = 0.019768927255120045 ‖Δρ‖ = 0.00019367295850224119  ‖vε - vref‖ = 6.783333195596569  α = 0.522
  8   -13.36281485646       -5.03       -3.74    6.29s
    ‖ρε - ρref‖ = 0.019824127920641386 ‖Δρ‖ = 5.5427050648513625e-5  ‖vε - vref‖ = 6.748803326602546  α = 1.0
  9   -13.36281977122       -5.31       -3.87    5.90s
    ‖ρε - ρref‖ = 0.019817984200298754 ‖Δρ‖ = 4.2511523057716334e-5  ‖vε - vref‖ = 6.777293672125487  α = 1.0
 10   -13.36282137955       -5.79       -3.96    6.24s
    ‖ρε - ρref‖ = 0.019797377305298895 ‖Δρ‖ = 2.6999148761249674e-5  ‖vε - vref‖ = 6.779820798702713  α = 1.0
 11   -13.36282258260       -5.92       -4.27    6.22s
    ‖ρε - ρref‖ = 0.019794278807827283 ‖Δρ‖ = 1.8007287402757076e-5  ‖vε - vref‖ = 6.77586174965605  α = 1.0
 12   -13.36282276367       -6.74       -3.94    9.30s
    ‖ρε - ρref‖ = 0.019751079834610576 ‖Δρ‖ = 6.688720269549384e-5  ‖vε - vref‖ = 6.770777894675514  α = 0.164
 13   -13.36282312240       -6.45       -3.61    8.96s
    ‖ρε - ρref‖ = 0.01986217129004772 ‖Δρ‖ = 0.00010499050180891999  ‖vε - vref‖ = 6.7710890228481695  α = 0.109
 14   -13.36282317638       -7.27       -3.81    9.68s
    ‖ρε - ρref‖ = 0.01983328184906914 ‖Δρ‖ = 6.709420366083462e-5  ‖vε - vref‖ = 6.774036318724786  α = 0.123
 15   -13.36282326437       -7.06       -4.37    10.1s
    ‖ρε - ρref‖ = 0.019798340968131704 ‖Δρ‖ = 1.5069299383436349e-5  ‖vε - vref‖ = 6.774133573641765  α = 0.322
 16   -13.36282328810       -7.62       -4.70    10.0s
    ‖ρε - ρref‖ = 0.01979987374915381 ‖Δρ‖ = 7.563845880946632e-6  ‖vε - vref‖ = 6.773908724944612  α = 0.45
 17   -13.36282329930       -7.95       -4.49    10.0s
    ‖ρε - ρref‖ = 0.01980316530834359 ‖Δρ‖ = 1.3338608227184113e-5  ‖vε - vref‖ = 6.774676020154793  α = 0.234
 18   -13.36282331088       -7.94       -4.90    10.2s
    ‖ρε - ρref‖ = 0.01979981410452189 ‖Δρ‖ = 4.834517559184495e-6  ‖vε - vref‖ = 6.7749779766833935  α = 0.491
 19   -13.36282331718       -8.20       -4.78    9.30s
    ‖ρε - ρref‖ = 0.019799795056360103 ‖Δρ‖ = 6.326413475457863e-6  ‖vε - vref‖ = 6.774386145768976  α = 0.326

#-- ‖ρε - ρref‖ = 0.019800292800934954 vs. 1.0e-5 = δ*ε ‖vε - vref‖ = 6.774167547781421


# --- ε=0.0005623413251903491

n     Energy            log10(ΔE)   log10(Δρ)   Δtime 
---   ---------------   ---------   ---------   ------
  1   -13.20236562675                   -0.14    13.8s
    ‖ρε - ρref‖ = 0.4701618582461094 ‖Δρ‖ = 0.46143479050651864  ‖vε - vref‖ = 7.2186029736768775  α = 0.015
  2   -13.21427047326       -1.92       -0.73    8.86s
    ‖ρε - ρref‖ = 0.08584853941250549 ‖Δρ‖ = 0.08065062631818404  ‖vε - vref‖ = 4.521844444135728  α = 0.0383
  3   -13.21567102475       -2.85       -1.61    9.44s
    ‖ρε - ρref‖ = 0.015813447599953442 ‖Δρ‖ = 0.008960287454824151  ‖vε - vref‖ = 4.998230835455279  α = 0.117
  4   -13.21593180485       -3.58       -2.02    9.71s
    ‖ρε - ρref‖ = 0.011826836475378532 ‖Δρ‖ = 0.0035593200475498837  ‖vε - vref‖ = 5.180135018141356  α = 0.123
  5   -13.21603999372       -3.97       -2.39    9.90s
    ‖ρε - ρref‖ = 0.011490602114955884 ‖Δρ‖ = 0.001494254139945814  ‖vε - vref‖ = 5.207717726914968  α = 0.174
  6   -13.21613395513       -4.03       -2.73    9.64s
    ‖ρε - ρref‖ = 0.011359324860142085 ‖Δρ‖ = 0.0006435732315023234  ‖vε - vref‖ = 5.1071832280044145  α = 0.282
  7   -13.21616232708       -4.55       -3.11    9.25s
    ‖ρε - ρref‖ = 0.01150312106148835 ‖Δρ‖ = 0.00024457463696444447  ‖vε - vref‖ = 5.053382356277091  α = 0.428
  8   -13.21617168216       -5.03       -3.44    9.01s
    ‖ρε - ρref‖ = 0.011574676211398462 ‖Δρ‖ = 0.0001261547049505464  ‖vε - vref‖ = 5.054707318741759  α = 0.426
  9   -13.21617536552       -5.43       -3.70    9.62s
    ‖ρε - ρref‖ = 0.01160731459637365 ‖Δρ‖ = 6.240162977244599e-5  ‖vε - vref‖ = 5.036425862720488  α = 0.496
 10   -13.21617698863       -5.79       -3.71    9.38s
    ‖ρε - ρref‖ = 0.011619062693351225 ‖Δρ‖ = 5.5679085489155895e-5  ‖vε - vref‖ = 5.0333459137552605  α = 0.451
 11   -13.21617783378       -6.07       -3.96    9.92s
    ‖ρε - ρref‖ = 0.011615299287190354 ‖Δρ‖ = 3.248743838086329e-5  ‖vε - vref‖ = 5.042294679269409  α = 0.466
 12   -13.21617787137       -7.42       -3.79    10.0s
    ‖ρε - ρref‖ = 0.011681522244139205 ‖Δρ‖ = 9.187554312063427e-5  ‖vε - vref‖ = 5.044780675494819  α = 0.0413
 13   -13.21617809564       -6.65       -4.29    9.49s
    ‖ρε - ρref‖ = 0.011597975578404326 ‖Δρ‖ = 1.4816189520288835e-5  ‖vε - vref‖ = 5.0455078683745  α = 0.345
 14   -13.21617812548       -7.53       -4.19    9.20s
    ‖ρε - ρref‖ = 0.011592376903330202 ‖Δρ‖ = 2.7459543834523065e-5  ‖vε - vref‖ = 5.042960777601075  α = 0.164
 15   -13.21617818704       -7.21       -4.02    8.58s
    ‖ρε - ρref‖ = 0.011611579245559717 ‖Δρ‖ = 3.3019604615661475e-5  ‖vε - vref‖ = 5.043356189169017  α = 0.137
 16   -13.21617820752       -7.69       -4.59    10.2s
    ‖ρε - ρref‖ = 0.011603357033299896 ‖Δρ‖ = 1.0153808030406161e-5  ‖vε - vref‖ = 5.044170507471781  α = 0.31
 17   -13.21617822107       -7.87       -4.27    9.03s
    ‖ρε - ρref‖ = 0.011598964697995668 ‖Δρ‖ = 1.9659430283746922e-5  ‖vε - vref‖ = 5.0438606791195415  α = 0.139
 18   -13.21617822988       -8.05       -4.76    9.33s
    ‖ρε - ρref‖ = 0.011601636052402631 ‖Δρ‖ = 6.3189603934696745e-6  ‖vε - vref‖ = 5.04361864911698  α = 0.315
 19   -13.21617823478       -8.31       -4.62    9.83s
    ‖ρε - ρref‖ = 0.011604365720950064 ‖Δρ‖ = 8.219765005854734e-6  ‖vε - vref‖ = 5.044252318990161  α = 0.178
 20   -13.21617823613       -8.87       -4.81    10.6s
    ‖ρε - ρref‖ = 0.011598324775331476 ‖Δρ‖ = 7.017143068704086e-6  ‖vε - vref‖ = 5.044123016750824  α = 0.0826
 21   -13.21617823907       -8.53       -5.02    8.93s
    ‖ρε - ρref‖ = 0.011602454482268244 ‖Δρ‖ = 2.9949096757429893e-6  ‖vε - vref‖ = 5.043901674967462  α = 0.275
 22   -13.21617824066       -8.80       -5.25    8.86s
    ‖ρε - ρref‖ = 0.011601882985063334 ‖Δρ‖ = 1.7824420586881255e-6  ‖vε - vref‖ = 5.0439046099607  α = 0.394

#-- ‖ρε - ρref‖ = 0.011601811778964133 vs. 5.623413251903491e-6 = δ*ε ‖vε - vref‖ = 5.044145463088224


# --- ε=0.00031622776601683794

n     Energy            log10(ΔE)   log10(Δρ)   Δtime 
---   ---------------   ---------   ---------   ------
  1   -13.11859357247                   -0.13    14.2s
    ‖ρε - ρref‖ = 0.4723448732461879 ‖Δρ‖ = 0.46746661249548255  ‖vε - vref‖ = 7.660284227440585  α = 0.00854
  2   -13.12645070085       -2.10       -0.70    9.55s
    ‖ρε - ρref‖ = 0.08798071364278431 ‖Δρ‖ = 0.08515461338894484  ‖vε - vref‖ = 3.437012047786932  α = 0.0222
  3   -13.12792972963       -2.83       -1.49    9.35s
    ‖ρε - ρref‖ = 0.014424790593849424 ‖Δρ‖ = 0.011422431328418213  ‖vε - vref‖ = 3.4841265467832567  α = 0.0731
  4   -13.12818325893       -3.60       -1.85    10.2s
    ‖ρε - ρref‖ = 0.008382295904340727 ‖Δρ‖ = 0.005118743825658838  ‖vε - vref‖ = 3.66878512782762  α = 0.0668
  5   -13.12824815777       -4.19       -2.25    8.62s
    ‖ρε - ρref‖ = 0.006966909705492467 ‖Δρ‖ = 0.002032748575330365  ‖vε - vref‖ = 3.7438688411946965  α = 0.084
  6   -13.12832209766       -4.13       -2.68    9.68s
    ‖ρε - ρref‖ = 0.006571645369181899 ‖Δρ‖ = 0.0006159333780631608  ‖vε - vref‖ = 3.7929884251461075  α = 0.234
  7   -13.12835410844       -4.49       -2.88    10.0s
    ‖ρε - ρref‖ = 0.006588584654054089 ‖Δρ‖ = 0.00040035583060082436  ‖vε - vref‖ = 3.715047153279604  α = 0.24
  8   -13.12836380454       -5.01       -3.35    9.34s
    ‖ρε - ρref‖ = 0.006660064610805701 ‖Δρ‖ = 0.00015267611372693287  ‖vε - vref‖ = 3.666546720586179  α = 0.339
  9   -13.12836756295       -5.42       -3.34    10.2s
    ‖ρε - ρref‖ = 0.006680534629940008 ‖Δρ‖ = 0.00013995950070796472  ‖vε - vref‖ = 3.6491968974636806  α = 0.243
 10   -13.12836896860       -5.85       -3.60    9.80s
    ‖ρε - ρref‖ = 0.006713210474616631 ‖Δρ‖ = 6.96781660333034e-5  ‖vε - vref‖ = 3.647339973617213  α = 0.29
 11   -13.12836977596       -6.09       -3.98    10.2s
    ‖ρε - ρref‖ = 0.006723732683774327 ‖Δρ‖ = 2.927580511504385e-5  ‖vε - vref‖ = 3.643270847774364  α = 0.412
 12   -13.12836992310       -6.83       -3.24    9.42s
    ‖ρε - ρref‖ = 0.007031397607422708 ‖Δρ‖ = 0.00033945039169592286  ‖vε - vref‖ = 3.648989725614378  α = 0.0159
 13   -13.12837008661       -6.79       -3.95    9.88s
    ‖ρε - ρref‖ = 0.0067068180387732665 ‖Δρ‖ = 4.223061358451731e-5  ‖vε - vref‖ = 3.6414332507925242  α = 0.183
 14   -13.12837030571       -6.66       -3.37    9.64s
    ‖ρε - ρref‖ = 0.006760607452743176 ‖Δρ‖ = 0.00014487624853395782  ‖vε - vref‖ = 3.6424565789010312  α = 0.0542
 15   -13.12837038823       -7.08       -3.98    9.94s
    ‖ρε - ρref‖ = 0.006727565603426947 ‖Δρ‖ = 3.352037728261633e-5  ‖vε - vref‖ = 3.6473564960530624  α = 0.167
 16   -13.12837043831       -7.30       -3.91    9.33s
    ‖ρε - ρref‖ = 0.0067158964478399 ‖Δρ‖ = 4.764634054441922e-5  ‖vε - vref‖ = 3.6474858590932797  α = 0.0898
 17   -13.12837047357       -7.45       -4.15    9.65s
    ‖ρε - ρref‖ = 0.006720200867218301 ‖Δρ‖ = 2.618982116787542e-5  ‖vε - vref‖ = 3.645942844454097  α = 0.136
 18   -13.12837050824       -7.46       -4.20    9.82s
    ‖ρε - ρref‖ = 0.006721676289650195 ‖Δρ‖ = 2.1216501570090913e-5  ‖vε - vref‖ = 3.6459118154128487  α = 0.152
 19   -13.12837052167       -7.87       -4.65    9.43s
    ‖ρε - ρref‖ = 0.006724875359365373 ‖Δρ‖ = 7.88592287960823e-6  ‖vε - vref‖ = 3.6476746169308143  α = 0.207
 20   -13.12837052753       -8.23       -4.04    10.2s
    ‖ρε - ρref‖ = 0.006704575432536207 ‖Δρ‖ = 3.497029218359136e-5  ‖vε - vref‖ = 3.647378701179979  α = 0.0314
 21   -13.12837053837       -7.96       -4.53    9.12s
    ‖ρε - ρref‖ = 0.006721875651973136 ‖Δρ‖ = 9.104442419537322e-6  ‖vε - vref‖ = 3.6456053189197513  α = 0.187
 22   -13.12837054382       -8.26       -4.77    9.30s
    ‖ρε - ρref‖ = 0.006721367926563751 ‖Δρ‖ = 4.715082487749077e-6  ‖vε - vref‖ = 3.6456234650260138  α = 0.258
 23   -13.12837054475       -9.03       -4.75    8.85s
    ‖ρε - ρref‖ = 0.006728363024159372 ‖Δρ‖ = 8.14776744491341e-6  ‖vε - vref‖ = 3.6461833488707978  α = 0.0548
 24   -13.12837054817       -8.47       -4.43    9.60s
    ‖ρε - ρref‖ = 0.0067192004375339065 ‖Δρ‖ = 1.0506168026189109e-5  ‖vε - vref‖ = 3.6463703462443338  α = 0.0866
 25   -13.12837054891       -9.13       -4.81    9.71s
    ‖ρε - ρref‖ = 0.006719766305802649 ‖Δρ‖ = 6.199821618306639e-6  ‖vε - vref‖ = 3.6461535067149318  α = 0.0902
 26   -13.12837055060       -8.77       -4.59    9.57s
    ‖ρε - ρref‖ = 0.006724158061921904 ‖Δρ‖ = 7.984475568233765e-6  ‖vε - vref‖ = 3.6467395195929933  α = 0.0869
 27   -13.12837055142       -9.09       -5.09    10.0s
    ‖ρε - ρref‖ = 0.006721919583595829 ‖Δρ‖ = 2.5643561128966403e-6  ‖vε - vref‖ = 3.646512041033598  α = 0.206
 28   -13.12837055180       -9.42       -4.91    9.68s
    ‖ρε - ρref‖ = 0.00672074629867209 ‖Δρ‖ = 4.964055030960329e-6  ‖vε - vref‖ = 3.6461989860888626  α = 0.076
 29   -13.12837055218       -9.41       -5.33    9.40s
    ‖ρε - ρref‖ = 0.006721826498039106 ‖Δρ‖ = 1.717378830472061e-6  ‖vε - vref‖ = 3.6461576030589002  α = 0.202
 30   -13.12837055250       -9.50       -5.14    9.79s
    ‖ρε - ρref‖ = 0.0067221022324332694 ‖Δρ‖ = 2.502430458074104e-6  ‖vε - vref‖ = 3.646430509666155  α = 0.126

#-- ‖ρε - ρref‖ = 0.006721767769842489 vs. 3.1622776601683796e-6 = δ*ε ‖vε - vref‖ = 3.6465111332349522


# --- ε=0.00017782794100389227

n     Energy            log10(ΔE)   log10(Δρ)   Δtime 
---   ---------------   ---------   ---------   ------
  1   -13.07016497976                   -0.13    14.5s
    ‖ρε - ρref‖ = 0.473413779096688 ‖Δρ‖ = 0.47068965869497503  ‖vε - vref‖ = 8.51134686916977  α = 0.00484
  2   -13.07509121879       -2.31       -0.69    8.91s
    ‖ρε - ρref‖ = 0.08950612882871263 ‖Δρ‖ = 0.08794809669045339  ‖vε - vref‖ = 3.631144078879112  α = 0.0128
  3   -13.07637405548       -2.89       -1.42    9.18s
    ‖ρε - ρref‖ = 0.014762488434153306 ‖Δρ‖ = 0.013367209711227738  ‖vε - vref‖ = 2.53940686629629  α = 0.0446
  4   -13.07660698414       -3.63       -1.74    9.11s
    ‖ρε - ρref‖ = 0.007669641005229166 ‖Δρ‖ = 0.006536288547938349  ‖vε - vref‖ = 2.528714371636811  α = 0.0386
  5   -13.07665895959       -4.28       -2.13    9.13s
    ‖ρε - ρref‖ = 0.004773440405380491 ‖Δρ‖ = 0.002667628629519646  ‖vε - vref‖ = 2.5832052783473003  α = 0.0445
  6   -13.07670301880       -4.36       -2.50    9.16s
    ‖ρε - ρref‖ = 0.0038688175632143286 ‖Δρ‖ = 0.0008862164894751186  ‖vε - vref‖ = 2.713829104499159  α = 0.118
  7   -13.07673448701       -4.50       -2.86    9.48s
    ‖ρε - ρref‖ = 0.0037717709953074517 ‖Δρ‖ = 0.00037465344500470677  ‖vε - vref‖ = 2.736432848274029  α = 0.2
  8   -13.07674635724       -4.93       -3.09    9.73s
    ‖ρε - ρref‖ = 0.003788450305860566 ‖Δρ‖ = 0.0002555268628586722  ‖vε - vref‖ = 2.672141517170673  α = 0.188
  9   -13.07675111818       -5.32       -3.12    8.79s
    ‖ρε - ρref‖ = 0.0038006340166805773 ‖Δρ‖ = 0.00020926689541273156  ‖vε - vref‖ = 2.6215937150266453  α = 0.158
 10   -13.07675369421       -5.59       -3.40    9.89s
    ‖ρε - ρref‖ = 0.0038249781322198945 ‖Δρ‖ = 0.00011375003076870369  ‖vε - vref‖ = 2.5953349982986373  α = 0.201
 11   -13.07675492366       -5.91       -3.64    10.0s
    ‖ρε - ρref‖ = 0.0038418047988463466 ‖Δρ‖ = 6.210491470771975e-5  ‖vε - vref‖ = 2.5897633978435235  α = 0.235
 12   -13.07675497577       -7.28       -3.62    10.0s
    ‖ρε - ρref‖ = 0.003795319093682365 ‖Δρ‖ = 8.640493027387983e-5  ‖vε - vref‖ = 2.585861447175275  α = 0.0304
 13   -13.07675528576       -6.51       -3.57    9.93s
    ‖ρε - ρref‖ = 0.003874770712046321 ‖Δρ‖ = 7.006339498354931e-5  ‖vε - vref‖ = 2.591043140391039  α = 0.0945
 14   -13.07675535056       -7.19       -3.76    10.4s
    ‖ρε - ρref‖ = 0.003882603034999823 ‖Δρ‖ = 6.467202970362848e-5  ‖vε - vref‖ = 2.594788337721955  α = 0.062
 15   -13.07675546770       -6.93       -3.39    10.4s
    ‖ρε - ρref‖ = 0.0038331215669362797 ‖Δρ‖ = 0.00012607597122462366  ‖vε - vref‖ = 2.5920169151391663  α = 0.0398
 16   -13.07675555255       -7.07       -4.17    9.63s
    ‖ρε - ρref‖ = 0.0038573699314087676 ‖Δρ‖ = 2.119134874124413e-5  ‖vε - vref‖ = 2.5886897379868286  α = 0.19
 17   -13.07675560531       -7.28       -3.67    9.94s
    ‖ρε - ρref‖ = 0.0038737673675746406 ‖Δρ‖ = 7.795722214023772e-5  ‖vε - vref‖ = 2.5895394918860917  α = 0.0425
 18   -13.07675563085       -7.59       -4.16    10.4s
    ‖ρε - ρref‖ = 0.003862288946083727 ‖Δρ‖ = 2.409546742002956e-5  ‖vε - vref‖ = 2.590838558997356  α = 0.102
 19   -13.07675567278       -7.38       -4.09    9.69s
    ‖ρε - ρref‖ = 0.0038590042076278824 ‖Δρ‖ = 2.3110196455663377e-5  ‖vε - vref‖ = 2.589016108377532  α = 0.116
 20   -13.07675567931       -8.19       -4.45    8.58s
    ‖ρε - ρref‖ = 0.0038545732688397 ‖Δρ‖ = 1.0320092436553252e-5  ‖vε - vref‖ = 2.5885527367933787  α = 0.0765
 21   -13.07675568685       -8.12       -3.80    10.0s
    ‖ρε - ρref‖ = 0.0038730401480292394 ‖Δρ‖ = 4.2748266676694546e-5  ‖vε - vref‖ = 2.5892739911385148  α = 0.0269
 22   -13.07675569911       -7.91       -4.41    9.90s
    ‖ρε - ρref‖ = 0.003859427932475176 ‖Δρ‖ = 9.721368279038088e-6  ‖vε - vref‖ = 2.5909978214939  α = 0.141
 23   -13.07675570064       -8.82       -4.10    9.21s
    ‖ρε - ρref‖ = 0.003882395632183162 ‖Δρ‖ = 3.0208331070599805e-5  ‖vε - vref‖ = 2.5916706004601866  α = 0.0159
 24   -13.07675570715       -8.19       -4.42    9.03s
    ‖ρε - ρref‖ = 0.0038563859384302145 ‖Δρ‖ = 1.109004004165986e-5  ‖vε - vref‖ = 2.5897955911909807  α = 0.0906
 25   -13.07675571070       -8.45       -4.58    9.64s
    ‖ρε - ρref‖ = 0.0038592797478717578 ‖Δρ‖ = 7.758032166077853e-6  ‖vε - vref‖ = 2.5895883707635563  α = 0.117
 26   -13.07675571239       -8.77       -4.07    10.1s
    ‖ρε - ρref‖ = 0.00387292026100075 ‖Δρ‖ = 3.1974126457868715e-5  ‖vε - vref‖ = 2.590167132046454  α = 0.0203
 27   -13.07675571603       -8.44       -4.87    9.36s
    ‖ρε - ρref‖ = 0.003859797685549399 ‖Δρ‖ = 3.951237036068025e-6  ‖vε - vref‖ = 2.589114401142302  α = 0.191
 28   -13.07675571669       -9.18       -4.68    9.93s
    ‖ρε - ρref‖ = 0.0038581521455460445 ‖Δρ‖ = 8.712386916957841e-6  ‖vε - vref‖ = 2.588777578917689  α = 0.0457
 29   -13.07675571808       -8.86       -4.88    9.77s
    ‖ρε - ρref‖ = 0.003860083972745711 ‖Δρ‖ = 3.876540914374303e-6  ‖vε - vref‖ = 2.5889684767868526  α = 0.133
 30   -13.07675571874       -9.18       -4.81    10.3s
    ‖ρε - ρref‖ = 0.003860845975073745 ‖Δρ‖ = 5.646290319001339e-6  ‖vε - vref‖ = 2.589611152111887  α = 0.0691
 31   -13.07675571963       -9.05       -5.15    10.2s
    ‖ρε - ρref‖ = 0.0038602062752924105 ‖Δρ‖ = 2.158162994986329e-6  ‖vε - vref‖ = 2.590213111322014  α = 0.164
 32   -13.07675571995       -9.49       -5.37    9.09s
    ‖ρε - ρref‖ = 0.0038593329549302217 ‖Δρ‖ = 1.3840464595681381e-6  ‖vε - vref‖ = 2.5897272010383805  α = 0.138
 33   -13.07675572018       -9.64       -4.44    9.89s
    ‖ρε - ρref‖ = 0.0038633711250391596 ‖Δρ‖ = 1.1843170137854836e-5  ‖vε - vref‖ = 2.5894393388542043  α = 0.0166
 34   -13.07675572039       -9.67       -5.47    10.1s
    ‖ρε - ρref‖ = 0.0038595294688319078 ‖Δρ‖ = 1.1246818775130703e-6  ‖vε - vref‖ = 2.5892337259373264  α = 0.16
 35   -13.07675572058       -9.74       -4.62    10.0s
    ‖ρε - ρref‖ = 0.0038663685407379004 ‖Δρ‖ = 8.749400762998502e-6  ‖vε - vref‖ = 2.5894974348723285  α = 0.0164
 36   -13.07675572075       -9.77       -5.42    9.73s
    ‖ρε - ρref‖ = 0.0038601262968555624 ‖Δρ‖ = 1.1271606781017948e-6  ‖vε - vref‖ = 2.589694902195228  α = 0.154
 37   -13.07675572077      -10.56       -5.34    10.7s
    ‖ρε - ρref‖ = 0.003859289177702189 ‖Δρ‖ = 1.878013729905712e-6  ‖vε - vref‖ = 2.5895760492087  α = 0.045
 38   -13.07675572084      -10.17       -5.14    10.3s
    ‖ρε - ρref‖ = 0.0038601977429916006 ‖Δρ‖ = 2.2876593567387365e-6  ‖vε - vref‖ = 2.5894612192514197  α = 0.0535
 39   -13.07675572093      -10.04       -5.77    9.65s
    ‖ρε - ρref‖ = 0.003860098140565097 ‖Δρ‖ = 4.6261458025319353e-7  ‖vε - vref‖ = 2.5895594462442397  α = 0.244
 40   -13.07675572095      -10.79       -5.41    9.75s
    ‖ρε - ρref‖ = 0.003859720530237635 ‖Δρ‖ = 1.665699726916316e-6  ‖vε - vref‖ = 2.589532732318461  α = 0.0374

#-- ‖ρε - ρref‖ = 0.003860035732514923 vs. 1.7782794100389227e-6 = δ*ε ‖vε - vref‖ = 2.589489475715643


# --- ε=0.0001

n     Energy            log10(ΔE)   log10(Δρ)   Δtime 
---   ---------------   ---------   ---------   ------
  1   -13.04260445220                   -0.13    14.8s
    ‖ρε - ρref‖ = 0.47389846319818124 ‖Δρ‖ = 0.4723759260287566  ‖vε - vref‖ = 9.388822552950884  α = 0.00274
  2   -13.04558010288       -2.53       -0.68    9.75s
    ‖ρε - ρref‖ = 0.09050721328905635 ‖Δρ‖ = 0.0896417025070887  ‖vε - vref‖ = 4.432295541605552  α = 0.00729
  3   -13.04653233213       -3.02       -1.37    8.51s
    ‖ρε - ρref‖ = 0.015450547050924954 ‖Δρ‖ = 0.014753171977654132  ‖vε - vref‖ = 2.3153428377049754  α = 0.0264
  4   -13.04671808964       -3.73       -1.67    9.86s
    ‖ρε - ρref‖ = 0.008036568922286578 ‖Δρ‖ = 0.007629720180962825  ‖vε - vref‖ = 1.8873750281021267  α = 0.0225
  5   -13.04676254768       -4.35       -2.04    9.50s
    ‖ρε - ρref‖ = 0.004042286817609875 ‖Δρ‖ = 0.003237757200867383  ‖vε - vref‖ = 1.8239101911959559  α = 0.0258
  6   -13.04679653628       -4.47       -2.34    8.51s
    ‖ρε - ρref‖ = 0.0025120367132578786 ‖Δρ‖ = 0.0012454258175378667  ‖vε - vref‖ = 1.9162178696009573  α = 0.0593
  7   -13.04681530578       -4.73       -2.73    8.97s
    ‖ρε - ρref‖ = 0.0021939046434349394 ‖Δρ‖ = 0.0004702688740452808  ‖vε - vref‖ = 1.9867745297205301  α = 0.11
  8   -13.04682595418       -4.97       -3.05    9.42s
    ‖ρε - ρref‖ = 0.0021578705382263408 ‖Δρ‖ = 0.0002568955330751174  ‖vε - vref‖ = 1.975928274390949  α = 0.14
  9   -13.04683231114       -5.20       -2.98    8.71s
    ‖ρε - ρref‖ = 0.002146431890857706 ‖Δρ‖ = 0.0002771669128463161  ‖vε - vref‖ = 1.9298492695377725  α = 0.103
 10   -13.04683563408       -5.48       -3.17    10.0s
    ‖ρε - ρref‖ = 0.002162418328336639 ‖Δρ‖ = 0.0001849887533184771  ‖vε - vref‖ = 1.8853613118932284  α = 0.115
 11   -13.04683762028       -5.70       -3.43    9.12s
    ‖ρε - ρref‖ = 0.0021740639507361052 ‖Δρ‖ = 9.176912002226294e-5  ‖vε - vref‖ = 1.850171563781725  α = 0.174
 12   -13.04683817098       -6.26       -2.38    8.47s
    ‖ρε - ρref‖ = 0.0011204439619642132 ‖Δρ‖ = 0.001689815371375829  ‖vε - vref‖ = 1.8248591616947338  α = 0.00421
 13   -13.04683823453       -7.20       -3.17    10.5s
    ‖ρε - ρref‖ = 0.002341478815953266 ‖Δρ‖ = 0.00028800175077713265  ‖vε - vref‖ = 1.8310436636838945  α = 0.0109
 14   -13.04683853249       -6.53       -3.62    9.64s
    ‖ρε - ρref‖ = 0.0022103201708069437 ‖Δρ‖ = 6.670495061001938e-5  ‖vε - vref‖ = 1.8448462615716408  α = 0.09
 15   -13.04683869286       -6.79       -3.43    10.2s
    ‖ρε - ρref‖ = 0.0021792203812043844 ‖Δρ‖ = 0.0001256637094960888  ‖vε - vref‖ = 1.8371246537789334  α = 0.0363
 16   -13.04683880542       -6.95       -3.46    8.85s
    ‖ρε - ρref‖ = 0.0021978451747976632 ‖Δρ‖ = 0.0001093402097735077  ‖vε - vref‖ = 1.8291403912290012  α = 0.0359
 17   -13.04683887565       -7.15       -3.55    10.0s
    ‖ρε - ρref‖ = 0.0022015347367766408 ‖Δρ‖ = 8.742710814866437e-5  ‖vε - vref‖ = 1.8276006406923475  α = 0.0371
 18   -13.04683896244       -7.06       -3.86    9.71s
    ‖ρε - ρref‖ = 0.002205520012150736 ‖Δρ‖ = 3.7395323090328936e-5  ‖vε - vref‖ = 1.8333193619618087  α = 0.0904
 19   -13.04683902781       -7.18       -4.00    9.00s
    ‖ρε - ρref‖ = 0.0022005853460244063 ‖Δρ‖ = 2.750980177816424e-5  ‖vε - vref‖ = 1.8308672072458645  α = 0.103
 20   -13.04683907003       -7.37       -4.13    10.5s
    ‖ρε - ρref‖ = 0.0021989504869798764 ‖Δρ‖ = 1.7295244743199495e-5  ‖vε - vref‖ = 1.8354371431935013  α = 0.113
 21   -13.04683908579       -7.80       -3.60    8.68s
    ‖ρε - ρref‖ = 0.002229167480483773 ‖Δρ‖ = 7.105862603257843e-5  ‖vε - vref‖ = 1.8355030076502523  α = 0.015
 22   -13.04683910152       -7.80       -4.02    10.3s
    ‖ρε - ρref‖ = 0.0021982043603853063 ‖Δρ‖ = 2.3854886678766613e-5  ‖vε - vref‖ = 1.8344631965915619  α = 0.0609
 23   -13.04683910377       -8.65       -3.75    8.48s
    ‖ρε - ρref‖ = 0.0022616396924338396 ‖Δρ‖ = 7.352981401867818e-5  ‖vε - vref‖ = 1.835890701816861  α = 0.00633
 24   -13.04683913084       -7.57       -4.25    10.0s
    ‖ρε - ρref‖ = 0.0021992633358295334 ‖Δρ‖ = 1.5074953487992132e-5  ‖vε - vref‖ = 1.8327532615516806  α = 0.111
 25   -13.04683914728       -7.78       -4.42    8.41s
    ‖ρε - ρref‖ = 0.002202129491057229 ‖Δρ‖ = 1.0605788165658685e-5  ‖vε - vref‖ = 1.833261531152696  α = 0.128
 26   -13.04683915283       -8.26       -4.52    10.0s
    ‖ρε - ρref‖ = 0.0021984883586053175 ‖Δρ‖ = 9.858715052662165e-6  ‖vε - vref‖ = 1.8316291190653415  α = 0.0857
 27   -13.04683915763       -8.32       -3.74    9.13s
    ‖ρε - ρref‖ = 0.0022163433979476873 ‖Δρ‖ = 6.017494436502082e-5  ‖vε - vref‖ = 1.8317472727045858  α = 0.0135
 28   -13.04683916465       -8.15       -4.61    10.1s
    ‖ρε - ρref‖ = 0.0022014318025171974 ‖Δρ‖ = 6.0990164782950015e-6  ‖vε - vref‖ = 1.8338809460701404  α = 0.143
 29   -13.04683916599       -8.87       -4.28    10.8s
    ‖ρε - ρref‖ = 0.0022066505046871112 ‖Δρ‖ = 1.982979611026959e-5  ‖vε - vref‖ = 1.8347498405904583  α = 0.0221
 30   -13.04683916745       -8.84       -4.69    8.53s
    ‖ρε - ρref‖ = 0.0022016917389125366 ‖Δρ‖ = 6.907302059383993e-6  ‖vε - vref‖ = 1.8347248512167917  α = 0.0655
 31   -13.04683917044       -8.52       -4.48    9.43s
    ‖ρε - ρref‖ = 0.002200710089677503 ‖Δρ‖ = 8.683279366765603e-6  ‖vε - vref‖ = 1.832924084018106  α = 0.0655
 32   -13.04683917167       -8.91       -4.82    9.01s
    ‖ρε - ρref‖ = 0.002200760923600561 ‖Δρ‖ = 4.133952528768534e-6  ‖vε - vref‖ = 1.8321700087864543  α = 0.0948
 33   -13.04683917201       -9.47       -4.69    9.83s
    ‖ρε - ρref‖ = 0.0022043953424960654 ‖Δρ‖ = 5.837383806347998e-6  ‖vε - vref‖ = 1.8323906440659004  α = 0.0281
 34   -13.04683917214       -9.88       -4.24    9.61s
    ‖ρε - ρref‖ = 0.0021854196186810227 ‖Δρ‖ = 2.3441881588513357e-5  ‖vε - vref‖ = 1.832272957950988  α = 0.00508
 35   -13.04683917315       -9.00       -4.83    9.37s
    ‖ρε - ρref‖ = 0.0022026354990822366 ‖Δρ‖ = 3.871793700965617e-6  ‖vε - vref‖ = 1.8336243233681984  α = 0.0859
 36   -13.04683917386       -9.15       -5.07    9.63s
    ‖ρε - ρref‖ = 0.0022013978867336634 ‖Δρ‖ = 2.4328082268516237e-6  ‖vε - vref‖ = 1.8337242835882988  α = 0.119
 37   -13.04683917428       -9.38       -5.16    9.19s
    ‖ρε - ρref‖ = 0.0022015628111096983 ‖Δρ‖ = 1.9548408692956965e-6  ‖vε - vref‖ = 1.8335054070846326  α = 0.115
 38   -13.04683917433      -10.28       -4.76    10.2s
    ‖ρε - ρref‖ = 0.0021988426310738233 ‖Δρ‖ = 7.344498660937372e-6  ‖vε - vref‖ = 1.8333603245153516  α = 0.0122
 39   -13.04683917468       -9.46       -5.16    8.94s
    ‖ρε - ρref‖ = 0.0022017420936986834 ‖Δρ‖ = 1.6724338426932734e-6  ‖vε - vref‖ = 1.8333109349103878  α = 0.113
 40   -13.04683917483       -9.83       -5.22    10.5s
    ‖ρε - ρref‖ = 0.002201148287039104 ‖Δρ‖ = 1.8310852882886565e-6  ‖vε - vref‖ = 1.833126372067876  α = 0.0762
 41   -13.04683917492      -10.01       -4.94    8.74s
    ‖ρε - ρref‖ = 0.0022020770577325555 ‖Δρ‖ = 4.0999370373834305e-6  ‖vε - vref‖ = 1.8331945236000176  α = 0.0269
 42   -13.04683917498      -10.22       -5.27    9.32s
    ‖ρε - ρref‖ = 0.00220168700607788 ‖Δρ‖ = 1.724965059922193e-6  ‖vε - vref‖ = 1.8333515550181905  α = 0.0541
 43   -13.04683917507      -10.07       -5.26    8.80s
    ‖ρε - ρref‖ = 0.0022015734152067267 ‖Δρ‖ = 1.6748448631216484e-6  ‖vε - vref‖ = 1.833460177319437  α = 0.0625
 44   -13.04683917517       -9.99       -5.61    10.5s
    ‖ρε - ρref‖ = 0.00220139699794249 ‖Δρ‖ = 6.342287592516167e-7  ‖vε - vref‖ = 1.833317460047707  α = 0.145
 45   -13.04683917518      -11.46       -5.08    9.86s
    ‖ρε - ρref‖ = 0.002205242434901052 ‖Δρ‖ = 4.5931048243762985e-6  ‖vε - vref‖ = 1.8333522641644333  α = 0.00429
 46   -13.04683917522      -10.35       -5.46    9.04s
    ‖ρε - ρref‖ = 0.002201499897322676 ‖Δρ‖ = 8.478762077016528e-7  ‖vε - vref‖ = 1.8334139907933151  α = 0.0853
 47   -13.04683917525      -10.52       -5.64    9.39s
    ‖ρε - ρref‖ = 0.0022015171383413337 ‖Δρ‖ = 5.770765464185545e-7  ‖vε - vref‖ = 1.8333354984392236  α = 0.11

#-- ‖ρε - ρref‖ = 0.002201528351455981 vs. 1.0000000000000002e-6 = δ*ε ‖vε - vref‖ = 1.8333029296718237


# --- ε=5.623413251903491e-5

n     Energy            log10(ΔE)   log10(Δρ)   Δtime 
---   ---------------   ---------   ---------   ------
  1   -13.02706716129                   -0.13    15.1s
    ‖ρε - ρref‖ = 0.4740977707904326 ‖Δρ‖ = 0.4732455375112274  ‖vε - vref‖ = 10.10219422849123  α = 0.00154
  2   -13.02881777724       -2.76       -0.68    9.41s
    ‖ρε - ρref‖ = 0.09113194166560908 ‖Δρ‖ = 0.09064904691549985  ‖vε - vref‖ = 5.213608093740723  α = 0.00414
  3   -13.02945291792       -3.20       -1.35    8.13s
    ‖ρε - ρref‖ = 0.016028498260955353 ‖Δρ‖ = 0.0156619889626941  ‖vε - vref‖ = 2.5664947288200675  α = 0.0154
  4   -13.02958407080       -3.88       -1.63    8.98s
    ‖ρε - ρref‖ = 0.008549265867811889 ‖Δρ‖ = 0.008386319712011458  ‖vε - vref‖ = 1.7754147177727362  α = 0.013
  5   -13.02961887345       -4.46       -1.98    8.74s
    ‖ρε - ρref‖ = 0.003984569175450442 ‖Δρ‖ = 0.003675317745342056  ‖vε - vref‖ = 1.5148615425572336  α = 0.0152
  6   -13.02964661604       -4.56       -2.24    8.74s
    ‖ρε - ρref‖ = 0.002041508736733792 ‖Δρ‖ = 0.0015864820971275414  ‖vε - vref‖ = 1.448369492175559  α = 0.0324
  7   -13.02965916308       -4.90       -2.61    10.1s
    ‖ρε - ρref‖ = 0.0013654187393399087 ‖Δρ‖ = 0.0006009224093060267  ‖vε - vref‖ = 1.4688035392338747  α = 0.0564
  8   -13.02966494884       -5.24       -2.97    8.98s
    ‖ρε - ρref‖ = 0.0012506713856915304 ‖Δρ‖ = 0.00028435871942359477  ‖vε - vref‖ = 1.477062408704701  α = 0.0778
  9   -13.02966939835       -5.35       -2.95    10.4s
    ‖ρε - ρref‖ = 0.0012312284272488685 ‖Δρ‖ = 0.000276322113337207  ‖vε - vref‖ = 1.4674245994264676  α = 0.0691
 10   -13.02967285418       -5.46       -3.08    9.71s
    ‖ρε - ρref‖ = 0.0012242847370675521 ‖Δρ‖ = 0.0002103702649797987  ‖vε - vref‖ = 1.432950455468261  α = 0.0778
 11   -13.02967531160       -5.61       -3.27    10.9s
    ‖ρε - ρref‖ = 0.0012222477420997207 ‖Δρ‖ = 0.00012810851142074767  ‖vε - vref‖ = 1.3851696420206219  α = 0.107
 12   -13.02967675493       -5.84       -1.88    9.50s
    ‖ρε - ρref‖ = 0.004229169615839094 ‖Δρ‖ = 0.005280821593385053  ‖vε - vref‖ = 1.300151685502606  α = 0.00189
 13   -13.02967686384       -6.96       -2.80    8.87s
    ‖ρε - ρref‖ = 0.0016546834706986388 ‖Δρ‖ = 0.0006677044929829381  ‖vε - vref‖ = 1.30698539828939  α = 0.00464
 14   -13.02967709546       -6.64       -3.47    9.82s
    ‖ρε - ρref‖ = 0.0012722336632557374 ‖Δρ‖ = 9.812721977426349e-5  ‖vε - vref‖ = 1.3262488145105844  α = 0.0454
 15   -13.02967730770       -6.67       -3.27    9.11s
    ‖ρε - ρref‖ = 0.0012366814094209144 ‖Δρ‖ = 0.00015563818410126734  ‖vε - vref‖ = 1.3217138757932754  α = 0.0259
 16   -13.02967746150       -6.81       -3.25    9.59s
    ‖ρε - ρref‖ = 0.0012493106599806938 ‖Δρ‖ = 0.0001753840344062352  ‖vε - vref‖ = 1.3099127488572897  α = 0.0199
 17   -13.02967756365       -6.99       -3.33    10.7s
    ‖ρε - ρref‖ = 0.0012485399451688023 ‖Δρ‖ = 0.00013643173820440666  ‖vε - vref‖ = 1.3027464545803082  α = 0.0218
 18   -13.02967768015       -6.93       -3.63    8.69s
    ‖ρε - ρref‖ = 0.0012551225727161141 ‖Δρ‖ = 5.907565581285972e-5  ‖vε - vref‖ = 1.3042434699689245  α = 0.0525
 19   -13.02967776796       -7.06       -3.82    9.78s
    ‖ρε - ρref‖ = 0.0012497152771992258 ‖Δρ‖ = 4.028789186436303e-5  ‖vε - vref‖ = 1.3010423220729501  α = 0.065
 20   -13.02967786714       -7.00       -4.07    9.47s
    ‖ρε - ρref‖ = 0.0012495397181128275 ‖Δρ‖ = 1.9163191946099016e-5  ‖vε - vref‖ = 1.3035551108280383  α = 0.129
 21   -13.02967789069       -7.63       -3.98    9.61s
    ‖ρε - ρref‖ = 0.0012527700010236977 ‖Δρ‖ = 2.97787190887998e-5  ‖vε - vref‖ = 1.3023704565440408  α = 0.0453
 22   -13.02967789855       -8.10       -3.76    9.93s
    ‖ρε - ρref‖ = 0.0012378008123973517 ‖Δρ‖ = 3.77071949152058e-5  ‖vε - vref‖ = 1.3047107296890093  α = 0.0169
 23   -13.02967790114       -8.59       -3.42    10.0s
    ‖ρε - ρref‖ = 0.001360507186191564 ‖Δρ‖ = 0.0001365274902094088  ‖vε - vref‖ = 1.3068454280221409  α = 0.0029
 24   -13.02967794245       -7.38       -4.05    9.20s
    ‖ρε - ρref‖ = 0.0012463201514820552 ‖Δρ‖ = 1.8681184372723983e-5  ‖vε - vref‖ = 1.3037611072129596  α = 0.0812
 25   -13.02967794717       -8.33       -4.20    9.50s
    ‖ρε - ρref‖ = 0.0012582952807758004 ‖Δρ‖ = 2.2599521807350745e-5  ‖vε - vref‖ = 1.30624136213097  α = 0.0279
 26   -13.02967795745       -7.99       -3.59    9.01s
    ‖ρε - ρref‖ = 0.0012447486514080138 ‖Δρ‖ = 6.877554781387204e-5  ‖vε - vref‖ = 1.3091001340299433  α = 0.0135
 27   -13.02967796739       -8.00       -4.32    9.53s
    ‖ρε - ρref‖ = 0.0012470377756522051 ‖Δρ‖ = 1.2778063659964748e-5  ‖vε - vref‖ = 1.3077153653895754  α = 0.0676
 28   -13.02967797440       -8.15       -3.79    8.45s
    ‖ρε - ρref‖ = 0.0012549187406368542 ‖Δρ‖ = 5.0618924157928754e-5  ‖vε - vref‖ = 1.3076071451950877  α = 0.0144
 29   -13.02967797831       -8.41       -4.28    9.75s
    ‖ρε - ρref‖ = 0.0012509988497144803 ‖Δρ‖ = 1.6754414579430728e-5  ‖vε - vref‖ = 1.308403420905983  α = 0.0343
 30   -13.02967798360       -8.28       -4.15    10.8s
    ‖ρε - ρref‖ = 0.0012489845120647897 ‖Δρ‖ = 1.8778835801855205e-5  ‖vε - vref‖ = 1.3085391285071932  α = 0.0346
 31   -13.02967799006       -8.19       -4.52    10.1s
    ‖ρε - ρref‖ = 0.0012496050153620003 ‖Δρ‖ = 7.339164764594898e-6  ‖vε - vref‖ = 1.3086553702678185  α = 0.0908
 32   -13.02967799375       -8.43       -4.61    9.72s
    ‖ρε - ρref‖ = 0.001248931803367748 ‖Δρ‖ = 5.991968277254343e-6  ‖vε - vref‖ = 1.3071002863308856  α = 0.0887
 33   -13.02967799500       -8.90       -4.55    8.88s
    ‖ρε - ρref‖ = 0.001250637432055512 ‖Δρ‖ = 6.974602781108433e-6  ‖vε - vref‖ = 1.3061414696826845  α = 0.041
 34   -13.02967799521       -9.68       -3.91    9.58s
    ‖ρε - ρref‖ = 0.0012047954917345665 ‖Δρ‖ = 5.581371657935226e-5  ‖vε - vref‖ = 1.3056802800013223  α = 0.00205
 35   -13.02967799786       -8.58       -4.75    9.46s
    ‖ρε - ρref‖ = 0.001250335056277855 ‖Δρ‖ = 4.0806343529169805e-6  ‖vε - vref‖ = 1.3076877433173735  α = 0.0999
 36   -13.02967799890       -8.98       -4.60    9.79s
    ‖ρε - ρref‖ = 0.0012494196369530846 ‖Δρ‖ = 7.019306418011955e-6  ‖vε - vref‖ = 1.3075758976524126  α = 0.0413
 37   -13.02967799920       -9.52       -4.19    10.2s
    ‖ρε - ρref‖ = 0.0012396550485985459 ‖Δρ‖ = 2.4097126397684884e-5  ‖vε - vref‖ = 1.3072441608248466  α = 0.00665
 38   -13.02967800067       -8.83       -4.63    9.47s
    ‖ρε - ρref‖ = 0.0012495805032212003 ‖Δρ‖ = 5.125319802890858e-6  ‖vε - vref‖ = 1.3077784141866156  α = 0.0648
 39   -13.02967800087       -9.71       -4.78    10.3s
    ‖ρε - ρref‖ = 0.0012507400048360753 ‖Δρ‖ = 6.1038861113985165e-6  ‖vε - vref‖ = 1.308110636475047  α = 0.0209
 40   -13.02967800149       -9.21       -4.77    8.83s
    ‖ρε - ρref‖ = 0.0012495997632592688 ‖Δρ‖ = 4.570556876370799e-6  ‖vε - vref‖ = 1.3087400359575885  α = 0.0455
 41   -13.02967800183       -9.46       -4.76    9.65s
    ‖ρε - ρref‖ = 0.0012487455966896967 ‖Δρ‖ = 5.783057118581739e-6  ‖vε - vref‖ = 1.3084479084387237  α = 0.0288
 42   -13.02967800238       -9.26       -4.76    9.80s
    ‖ρε - ρref‖ = 0.0012493066343554815 ‖Δρ‖ = 4.396975461013794e-6  ‖vε - vref‖ = 1.307825500420544  α = 0.0454
 43   -13.02967800270       -9.50       -5.04    9.15s
    ‖ρε - ρref‖ = 0.001249277090828884 ‖Δρ‖ = 2.2909469629276233e-6  ‖vε - vref‖ = 1.3074315883660959  α = 0.0693
 44   -13.02967800288       -9.75       -5.20    10.8s
    ‖ρε - ρref‖ = 0.0012496925939377115 ‖Δρ‖ = 1.6362506089722753e-6  ‖vε - vref‖ = 1.307477196407981  α = 0.0729
 45   -13.02967800290      -10.70       -4.53    9.18s
    ‖ρε - ρref‖ = 0.0012376983563715306 ‖Δρ‖ = 1.4559716740156427e-5  ‖vε - vref‖ = 1.3073669330630537  α = 0.00244
 46   -13.02967800310       -9.69       -4.94    9.30s
    ‖ρε - ρref‖ = 0.0012497029936001252 ‖Δρ‖ = 2.898174281638539e-6  ‖vε - vref‖ = 1.3073928581944596  α = 0.0402
 47   -13.02967800325       -9.84       -5.33    8.98s
    ‖ρε - ρref‖ = 0.0012493620706763426 ‖Δρ‖ = 1.1033095704333699e-6  ‖vε - vref‖ = 1.3075114052241932  α = 0.0941
 48   -13.02967800327      -10.68       -4.86    9.02s
    ‖ρε - ρref‖ = 0.0012478330180543075 ‖Δρ‖ = 5.205181397438063e-6  ‖vε - vref‖ = 1.307512586538656  α = 0.00821
 49   -13.02967800332      -10.28       -4.98    8.88s
    ‖ρε - ρref‖ = 0.0012503947204907258 ‖Δρ‖ = 3.0285131825971104e-6  ‖vε - vref‖ = 1.3079374560497605  α = 0.0224
 50   -13.02967800341      -10.06       -5.58    10.2s
    ‖ρε - ρref‖ = 0.0012494226642163402 ‖Δρ‖ = 6.343241921903838e-7  ‖vε - vref‖ = 1.3079838020469259  α = 0.123
 51   -13.02967800345      -10.38       -4.84    9.22s
    ‖ρε - ρref‖ = 0.0012484109769966354 ‖Δρ‖ = 4.672256270164671e-6  ‖vε - vref‖ = 1.3078763965030409  α = 0.0122
 52   -13.02967800349      -10.40       -5.47    9.76s
    ‖ρε - ρref‖ = 0.0012492702510433315 ‖Δρ‖ = 9.848512414863584e-7  ‖vε - vref‖ = 1.3077137666098821  α = 0.0578
 53   -13.02967800353      -10.46       -5.14    9.01s
    ‖ρε - ρref‖ = 0.0012495607368037912 ‖Δρ‖ = 2.0632183830303156e-6  ‖vε - vref‖ = 1.307722416892554  α = 0.0255
 54   -13.02967800355      -10.56       -5.50    9.77s
    ‖ρε - ρref‖ = 0.0012494029886474356 ‖Δρ‖ = 8.641796240720894e-7  ‖vε - vref‖ = 1.3077790524865502  α = 0.055
 55   -13.02967800359      -10.44       -5.80    9.01s
    ‖ρε - ρref‖ = 0.001249411721680919 ‖Δρ‖ = 3.481390390339494e-7  ‖vε - vref‖ = 1.307869229703905  α = 0.141
 56   -13.02967800359      -11.73       -5.48    9.26s
    ‖ρε - ρref‖ = 0.0012479252080589412 ‖Δρ‖ = 1.7761979782001553e-6  ‖vε - vref‖ = 1.307827553214733  α = 0.00616
 57   -13.02967800361      -10.76       -5.15    9.75s
    ‖ρε - ρref‖ = 0.0012496415357746266 ‖Δρ‖ = 1.946277233704878e-6  ‖vε - vref‖ = 1.3077380711354045  α = 0.0184
 58   -13.02967800362      -10.85       -5.62    9.23s
    ‖ρε - ρref‖ = 0.0012493528946493414 ‖Δρ‖ = 5.973791883604942e-7  ‖vε - vref‖ = 1.3076323395193095  α = 0.0557
 59   -13.02967800363      -11.47       -5.88    9.77s
    ‖ρε - ρref‖ = 0.0012493073706806755 ‖Δρ‖ = 4.245327647023462e-7  ‖vε - vref‖ = 1.3076358108156065  α = 0.0405
 60   -13.02967800363      -11.21       -5.16    9.26s
    ‖ρε - ρref‖ = 0.0012501347616265509 ‖Δρ‖ = 1.9537316960278223e-6  ‖vε - vref‖ = 1.3077208567809704  α = 0.0115
 61   -13.02967800364      -11.08       -5.82    10.0s
    ‖ρε - ρref‖ = 0.0012493012924382977 ‖Δρ‖ = 4.115964684550002e-7  ‖vε - vref‖ = 1.3075927488685013  α = 0.0602
 62   -13.02967800364      -11.44       -5.75    9.79s
    ‖ρε - ρref‖ = 0.0012492760555320732 ‖Δρ‖ = 5.868299698402562e-7  ‖vε - vref‖ = 1.3075600903571907  α = 0.0289
 63   -13.02967800365      -11.23       -5.49    8.82s
    ‖ρε - ρref‖ = 0.0012495048290497785 ‖Δρ‖ = 8.740658023562633e-7  ‖vε - vref‖ = 1.3075931808093724  α = 0.0242
 64   -13.02967800365      -11.54       -5.91    8.77s
    ‖ρε - ρref‖ = 0.001249434931283439 ‖Δρ‖ = 3.652800307262488e-7  ‖vε - vref‖ = 1.307662941630114  α = 0.0428
 65   -13.02967800366      -11.67       -5.73    8.96s
    ‖ρε - ρref‖ = 0.0012493462281063154 ‖Δρ‖ = 5.361933877037323e-7  ‖vε - vref‖ = 1.3076909072369254  α = 0.0254

#-- ‖ρε - ρref‖ = 0.001249383254095508 vs. 5.62341325190349e-7 = δ*ε ‖vε - vref‖ = 1.307741690307819


# --- ε=3.1622776601683795e-5

n     Energy            log10(ΔE)   log10(Δρ)   Δtime 
---   ---------------   ---------   ---------   ------
  1   -13.01834489841                   -0.13    14.4s
    ‖ρε - ρref‖ = 0.47417714902689595 ‖Δρ‖ = 0.47369944507172235  ‖vε - vref‖ = 10.614268349063634  α = 0.00087
  2   -13.01935677895       -2.99       -0.68    9.01s
    ‖ρε - ρref‖ = 0.09150540264640832 ‖Δρ‖ = 0.09123524406495023  ‖vε - vref‖ = 5.803228683670108  α = 0.00234
  3   -13.01975232708       -3.40       -1.33    8.88s
    ‖ρε - ρref‖ = 0.01642390385719474 ‖Δρ‖ = 0.016225581315398124  ‖vε - vref‖ = 2.922466116635153  α = 0.00881
  4   -13.01983728228       -4.07       -1.60    8.95s
    ‖ρε - ρref‖ = 0.008944611897795279 ‖Δρ‖ = 0.008871845060301262  ‖vε - vref‖ = 1.9569990847656586  α = 0.00746
  5   -13.01986177241       -4.61       -1.94    8.81s
    ‖ρε - ρref‖ = 0.00410703857902414 ‖Δρ‖ = 0.003977881188426654  ‖vε - vref‖ = 1.5468198905820696  α = 0.00889
  6   -13.01988247982       -4.68       -2.17    10.3s
    ‖ρε - ρref‖ = 0.002011519599004412 ‖Δρ‖ = 0.001855112095726748  ‖vε - vref‖ = 1.2726103804266087  α = 0.0182
  7   -13.01989150461       -5.04       -2.53    9.33s
    ‖ρε - ρref‖ = 0.0010069708751027158 ‖Δρ‖ = 0.0007172862670086726  ‖vε - vref‖ = 1.1871334727667315  α = 0.0308
  8   -13.01989495132       -5.46       -2.90    9.07s
    ‖ρε - ρref‖ = 0.0007673734457709539 ‖Δρ‖ = 0.0003277381151242306  ‖vε - vref‖ = 1.1669425040882675  α = 0.0408
  9   -13.01989733210       -5.62       -2.91    9.25s
    ‖ρε - ρref‖ = 0.0007389912476173239 ‖Δρ‖ = 0.0002917839259104876  ‖vε - vref‖ = 1.1617182657280087  α = 0.0382
 10   -13.01989932508       -5.70       -3.05    8.71s
    ‖ρε - ρref‖ = 0.0007132827297440564 ‖Δρ‖ = 0.0002111830571454197  ‖vε - vref‖ = 1.144481540018032  α = 0.0472
 11   -13.01990113750       -5.74       -3.22    9.61s
    ‖ρε - ρref‖ = 0.0006937075161013111 ‖Δρ‖ = 0.0001308495648351585  ‖vε - vref‖ = 1.113370872428834  α = 0.0707
 12   -13.01990329158       -5.67       -1.61    8.74s
    ‖ρε - ρref‖ = 0.009681715265763282 ‖Δρ‖ = 0.010278713609601602  ‖vε - vref‖ = 0.9185073928621074  α = 0.000898
 13   -13.01990344001       -6.83       -2.58    8.73s
    ‖ρε - ρref‖ = 0.0015801949401554809 ‖Δρ‖ = 0.001135769348846548  ‖vε - vref‖ = 0.9233486684153952  α = 0.0024
 14   -13.01990360576       -6.78       -3.32    9.16s
    ‖ρε - ρref‖ = 0.0007550616913920991 ‖Δρ‖ = 0.0001463363406297824  ‖vε - vref‖ = 0.9484081986371737  α = 0.02
 15   -13.01990382876       -6.65       -3.22    9.19s
    ‖ρε - ρref‖ = 0.0007109297803036458 ‖Δρ‖ = 0.00016073989724933388  ‖vε - vref‖ = 0.9592303375242005  α = 0.0198
 16   -13.01990401567       -6.73       -3.07    9.32s
    ‖ρε - ρref‖ = 0.0007361264114328369 ‖Δρ‖ = 0.00025525212338997784  ‖vε - vref‖ = 0.9537984247783143  α = 0.0114
 17   -13.01990414523       -6.89       -3.15    10.5s
    ‖ρε - ρref‖ = 0.0007184809546213872 ‖Δρ‖ = 0.00020004619737829752  ‖vε - vref‖ = 0.9473138036843936  α = 0.0127
 18   -13.01990429192       -6.83       -3.45    8.62s
    ‖ρε - ρref‖ = 0.000715691660622372 ‖Δρ‖ = 8.642220090408159e-5  ‖vε - vref‖ = 0.9478737996669768  α = 0.0309
 19   -13.01990439094       -7.00       -3.63    9.06s
    ‖ρε - ρref‖ = 0.0007092749710545979 ‖Δρ‖ = 5.958158852036263e-5  ‖vε - vref‖ = 0.9450295021633623  α = 0.0366
 20   -13.01990449270       -6.99       -3.90    8.92s
    ‖ρε - ρref‖ = 0.0007071377285757242 ‖Δρ‖ = 2.7318549318410436e-5  ‖vε - vref‖ = 0.9395919536780168  α = 0.0762
 21   -13.01990452960       -7.43       -3.73    9.14s
    ‖ρε - ρref‖ = 0.000709506065564147 ‖Δρ‖ = 4.941228140073589e-5  ‖vε - vref‖ = 0.9392863441274945  α = 0.0273
 22   -13.01990458016       -7.30       -4.00    9.13s
    ‖ρε - ρref‖ = 0.0007065192929765876 ‖Δρ‖ = 2.110773111589308e-5  ‖vε - vref‖ = 0.9364916962671794  α = 0.071
 23   -13.01990461389       -7.47       -3.99    10.1s
    ‖ρε - ρref‖ = 0.0007104306514043969 ‖Δρ‖ = 2.350662990699636e-5  ‖vε - vref‖ = 0.9397341845955539  α = 0.0521
 24   -13.01990461503       -8.94       -3.46    9.61s
    ‖ρε - ρref‖ = 0.0005773589221842977 ‖Δρ‖ = 0.00019411870563834708  ‖vε - vref‖ = 0.9390459163396759  α = 0.00104
 25   -13.01990462958       -7.84       -4.14    10.2s
    ‖ρε - ρref‖ = 0.0007019836833357004 ‖Δρ‖ = 1.9149617433514753e-5  ‖vε - vref‖ = 0.9379886582419669  α = 0.0429
 26   -13.01990463979       -7.99       -3.25    9.44s
    ‖ρε - ρref‖ = 0.0007902018014223757 ‖Δρ‖ = 0.00016804897320594193  ‖vε - vref‖ = 0.9402078244516284  α = 0.00411
 27   -13.01990464987       -8.00       -4.02    9.42s
    ‖ρε - ρref‖ = 0.0007079079822917652 ‖Δρ‖ = 2.589853725693253e-5  ‖vε - vref‖ = 0.9389986403566922  α = 0.0266
 28   -13.01990465348       -8.44       -3.80    8.92s
    ‖ρε - ρref‖ = 0.0006954193498019479 ‖Δρ‖ = 5.370493313606658e-5  ‖vε - vref‖ = 0.937402977526498  α = 0.00783
 29   -13.01990465943       -8.23       -4.16    8.52s
    ‖ρε - ρref‖ = 0.0007043994410004729 ‖Δρ‖ = 1.9739073557057426e-5  ‖vε - vref‖ = 0.9363236463242354  α = 0.027
 30   -13.01990466732       -8.10       -3.87    9.57s
    ‖ρε - ρref‖ = 0.0007106974402802081 ‖Δρ‖ = 3.507455197853573e-5  ‖vε - vref‖ = 0.9388516252024125  α = 0.0174
 31   -13.01990467329       -8.22       -4.18    9.30s
    ‖ρε - ρref‖ = 0.000710367141519593 ‖Δρ‖ = 1.714725138181398e-5  ‖vε - vref‖ = 0.9437733678629654  α = 0.0311
 32   -13.01990467823       -8.31       -4.21    9.51s
    ‖ρε - ρref‖ = 0.0007047290495014946 ‖Δρ‖ = 1.4710640772620792e-5  ‖vε - vref‖ = 0.9428855227882601  α = 0.0333
 33   -13.01990468284       -8.34       -4.63    10.1s
    ‖ρε - ρref‖ = 0.0007063816002183213 ‖Δρ‖ = 5.394588812106203e-6  ‖vε - vref‖ = 0.9424509978537688  α = 0.0846
 34   -13.01990468658       -8.43       -4.29    9.22s
    ‖ρε - ρref‖ = 0.0007077793246867671 ‖Δρ‖ = 1.2113382119531884e-5  ‖vε - vref‖ = 0.9436650710379908  α = 0.0338
 35   -13.01990468868       -8.68       -4.58    9.12s
    ‖ρε - ρref‖ = 0.0007057232450626062 ‖Δρ‖ = 6.27329510709218e-6  ‖vε - vref‖ = 0.9430093457459431  α = 0.0505
 36   -13.01990468887       -9.73       -3.88    9.83s
    ‖ρε - ρref‖ = 0.0007555170307331683 ‖Δρ‖ = 6.732150658881261e-5  ‖vε - vref‖ = 0.943243454148987  α = 0.00121
 37   -13.01990469095       -8.68       -4.31    10.5s
    ‖ρε - ρref‖ = 0.0007062161038365178 ‖Δρ‖ = 1.1279332329538017e-5  ‖vε - vref‖ = 0.9424325286331992  α = 0.0278
 38   -13.01990469116       -9.68       -4.45    8.63s
    ‖ρε - ρref‖ = 0.0006997176626500903 ‖Δρ‖ = 1.4573517444337235e-5  ‖vε - vref‖ = 0.942106102119424  α = 0.007
 39   -13.01990469399       -8.55       -4.45    9.19s
    ‖ρε - ρref‖ = 0.0007077481931886425 ‖Δρ‖ = 6.703755705036396e-6  ‖vε - vref‖ = 0.9436262618889377  α = 0.048
 40   -13.01990469462       -9.21       -4.78    10.1s
    ‖ρε - ρref‖ = 0.0007069735373652343 ‖Δρ‖ = 4.702800984266279e-6  ‖vε - vref‖ = 0.9431583200116822  α = 0.0366
 41   -13.01990469504       -9.37       -4.26    9.90s
    ‖ρε - ρref‖ = 0.0007035651852054981 ‖Δρ‖ = 1.7829341731150076e-5  ‖vε - vref‖ = 0.9424920963011476  α = 0.00794
 42   -13.01990469566       -9.21       -4.83    8.96s
    ‖ρε - ρref‖ = 0.0007065308022287249 ‖Δρ‖ = 3.986913710847483e-6  ‖vε - vref‖ = 0.9417753243614772  α = 0.0429
 43   -13.01990469613       -9.33       -4.87    8.64s
    ‖ρε - ρref‖ = 0.0007068789603045829 ‖Δρ‖ = 3.6346658413324026e-6  ‖vε - vref‖ = 0.941992158587275  α = 0.0413
 44   -13.01990469652       -9.41       -4.53    8.88s
    ‖ρε - ρref‖ = 0.000705964744309814 ‖Δρ‖ = 8.683251890288434e-6  ‖vε - vref‖ = 0.9421321923359592  α = 0.0155
 45   -13.01990469691       -9.41       -4.73    9.03s
    ‖ρε - ρref‖ = 0.00070769965624666 ‖Δρ‖ = 4.815104636431193e-6  ‖vε - vref‖ = 0.9429933252667502  α = 0.0281
 46   -13.01990469715       -9.62       -4.89    9.35s
    ‖ρε - ρref‖ = 0.0007058213996515362 ‖Δρ‖ = 3.4601287831532507e-6  ‖vε - vref‖ = 0.94225509407916  α = 0.0312
 47   -13.01990469745       -9.53       -5.09    9.11s
    ‖ρε - ρref‖ = 0.0007069727223931705 ‖Δρ‖ = 1.778367668903459e-6  ‖vε - vref‖ = 0.9424967502395789  α = 0.0638
 48   -13.01990469747      -10.61       -4.18    9.53s
    ‖ρε - ρref‖ = 0.0006854540818950529 ‖Δρ‖ = 3.169402306450562e-5  ‖vε - vref‖ = 0.9424124391367517  α = 0.00094
 49   -13.01990469761       -9.84       -5.11    10.0s
    ‖ρε - ρref‖ = 0.0007068839916468528 ‖Δρ‖ = 2.0779108388985166e-6  ‖vε - vref‖ = 0.9427524144527585  α = 0.0399
 50   -13.01990469774       -9.90       -5.03    9.11s
    ‖ρε - ρref‖ = 0.0007074794025013293 ‖Δρ‖ = 2.650202524803668e-6  ‖vε - vref‖ = 0.9428665357145245  α = 0.0288
 51   -13.01990469786       -9.93       -4.26    9.80s
    ‖ρε - ρref‖ = 0.0007001147126342329 ‖Δρ‖ = 1.5739669634968406e-5  ‖vε - vref‖ = 0.9425474240818764  α = 0.00464
 52   -13.01990469797       -9.96       -5.12    10.0s
    ‖ρε - ρref‖ = 0.0007065949584557059 ‖Δρ‖ = 1.7762086473707683e-6  ‖vε - vref‖ = 0.9424183745103266  α = 0.041
 53   -13.01990469804      -10.16       -5.25    9.55s
    ‖ρε - ρref‖ = 0.0007067841900757767 ‖Δρ‖ = 1.3911765024071023e-6  ‖vε - vref‖ = 0.9425981478623288  α = 0.0423
 54   -13.01990469806      -10.66       -4.97    9.26s
    ‖ρε - ρref‖ = 0.0007060583277307256 ‖Δρ‖ = 3.866521722676639e-6  ‖vε - vref‖ = 0.9425996826751519  α = 0.00833
 55   -13.01990469819       -9.87       -5.24    8.83s
    ‖ρε - ρref‖ = 0.0007066748301367907 ‖Δρ‖ = 1.0873312472176499e-6  ‖vε - vref‖ = 0.942769715621135  α = 0.0648
 56   -13.01990469824      -10.33       -5.71    10.1s
    ‖ρε - ρref‖ = 0.000706657235222735 ‖Δρ‖ = 4.6493458220307437e-7  ‖vε - vref‖ = 0.9426864353269586  α = 0.0981
 57   -13.01990469826      -10.61       -5.21    10.1s
    ‖ρε - ρref‖ = 0.0007062769186323603 ‖Δρ‖ = 1.818885400318276e-6  ‖vε - vref‖ = 0.9425070294652264  α = 0.0188
 58   -13.01990469828      -10.72       -5.18    9.90s
    ‖ρε - ρref‖ = 0.0007068016182241844 ‖Δρ‖ = 1.9166863435692382e-6  ‖vε - vref‖ = 0.9425006776611408  α = 0.016
 59   -13.01990469830      -10.75       -5.57    10.2s
    ‖ρε - ρref‖ = 0.000706492921399807 ‖Δρ‖ = 7.385989197067633e-7  ‖vε - vref‖ = 0.942542959097955  α = 0.0386
 60   -13.01990469831      -11.16       -4.43    9.47s
    ‖ρε - ρref‖ = 0.0007162840080985472 ‖Δρ‖ = 1.4065919221932682e-5  ‖vε - vref‖ = 0.9426194944072467  α = 0.00114
 61   -13.01990469833      -10.68       -5.39    9.91s
    ‖ρε - ρref‖ = 0.0007064567956349179 ‖Δρ‖ = 1.0274146353105502e-6  ‖vε - vref‖ = 0.9424701134359401  α = 0.0301
 62   -13.01990469833      -11.19       -5.56    8.78s
    ‖ρε - ρref‖ = 0.0007063168504448322 ‖Δρ‖ = 8.993934831215978e-7  ‖vε - vref‖ = 0.9424639023912302  α = 0.0197
 63   -13.01990469835      -10.96       -4.93    8.85s
    ‖ρε - ρref‖ = 0.000707953142201092 ‖Δρ‖ = 3.3744067776952702e-6  ‖vε - vref‖ = 0.9426116859297363  α = 0.00673
 64   -13.01990469836      -10.85       -5.76    9.71s
    ‖ρε - ρref‖ = 0.0007066459647160639 ‖Δρ‖ = 3.9855104856595657e-7  ‖vε - vref‖ = 0.9426380071725915  α = 0.0629
 65   -13.01990469837      -11.04       -5.58    9.26s
    ‖ρε - ρref‖ = 0.0007065363247661915 ‖Δρ‖ = 6.379431885641807e-7  ‖vε - vref‖ = 0.9425439650279716  α = 0.0323
 66   -13.01990469837      -11.63       -5.57    9.23s
    ‖ρε - ρref‖ = 0.0007067882691688534 ‖Δρ‖ = 9.536537266737289e-7  ‖vε - vref‖ = 0.9425532649188325  α = 0.0111
 67   -13.01990469838      -11.18       -5.55    10.0s
    ‖ρε - ρref‖ = 0.0007066318667995281 ‖Δρ‖ = 7.350361217207959e-7  ‖vε - vref‖ = 0.9425766387056358  α = 0.0242
 68   -13.01990469839      -11.04       -5.82    8.83s
    ‖ρε - ρref‖ = 0.0007066474730240424 ‖Δρ‖ = 3.163584592831082e-7  ‖vε - vref‖ = 0.9426053154605333  α = 0.0625
 69   -13.01990469839      -11.41       -5.77    10.1s
    ‖ρε - ρref‖ = 0.0007066030695089077 ‖Δρ‖ = 3.9645369741124074e-7  ‖vε - vref‖ = 0.9425561852224502  α = 0.0355
 70   -13.01990469839      -11.44       -6.18    10.2s
    ‖ρε - ρref‖ = 0.0007066246755542431 ‖Δρ‖ = 1.5400896092118393e-7  ‖vε - vref‖ = 0.9425739587517239  α = 0.0842
 71   -13.01990469840      -12.16       -5.44    10.0s
    ‖ρε - ρref‖ = 0.0007076822418661656 ‖Δρ‖ = 1.4894302945484162e-6  ‖vε - vref‖ = 0.942599601895467  α = 0.00343
 72   -13.01990469840      -11.90       -5.07    8.82s
    ‖ρε - ρref‖ = 0.0007061868076365399 ‖Δρ‖ = 2.8291888723671822e-6  ‖vε - vref‖ = 0.9426090884235643  α = 0.00271
 73   -13.01990469840      -11.47       -6.11    8.91s
    ‖ρε - ρref‖ = 0.0007066059460475753 ‖Δρ‖ = 1.7968763023086507e-7  ‖vε - vref‖ = 0.9425333214471849  α = 0.0667
 74   -13.01990469840      -11.96       -5.83    10.0s
    ‖ρε - ρref‖ = 0.0007068290447121203 ‖Δρ‖ = 4.6425088328661866e-7  ‖vε - vref‖ = 0.9425569547578825  α = 0.0158
 75   -13.01990469840      -12.14       -5.39    9.14s
    ‖ρε - ρref‖ = 0.0007062093408987623 ‖Δρ‖ = 1.4155161277499356e-6  ‖vε - vref‖ = 0.9425466696638524  α = 0.00423
 76   -13.01990469840      -11.81       -6.19    9.59s
    ‖ρε - ρref‖ = 0.0007066178147944643 ‖Δρ‖ = 1.5815290952148244e-7  ‖vε - vref‖ = 0.9425278666610413  α = 0.0536
 77   -13.01990469840      -11.86       -6.04    9.61s
    ‖ρε - ρref‖ = 0.0007066741893019247 ‖Δρ‖ = 2.2101749386467878e-7  ‖vε - vref‖ = 0.9425895785964881  α = 0.036

#-- ‖ρε - ρref‖ = 0.0007066360504978955 vs. 3.1622776601683797e-7 = δ*ε ‖vε - vref‖ = 0.9425767029915725


# --- ε=1.778279410038923e-5

n     Energy            log10(ΔE)   log10(Δρ)   Δtime 
---   ---------------   ---------   ---------   ------
  1   -13.01345367732                   -0.13    14.4s
    ‖ρε - ρref‖ = 0.4742056139696014 ‖Δρ‖ = 0.4739375515275524  ‖vε - vref‖ = 10.957275831058707  α = 0.00049
  2   -13.01403206925       -3.24       -0.67    9.48s
    ‖ρε - ρref‖ = 0.0917252191537004 ‖Δρ‖ = 0.09157380695734625  ‖vε - vref‖ = 6.207629611002845  α = 0.00132
  3   -13.01426822812       -3.63       -1.32    8.64s
    ‖ρε - ρref‖ = 0.016671246236546963 ‖Δρ‖ = 0.01656215151336335  ‖vε - vref‖ = 3.227885584493939  α = 0.00501
  4   -13.01432025385       -4.28       -1.59    9.25s
    ‖ρε - ρref‖ = 0.00920422379647783 ‖Δρ‖ = 0.009168888008321073  ‖vε - vref‖ = 2.1962435675993723  α = 0.00425
  5   -13.01433612280       -4.80       -1.92    9.03s
    ‖ρε - ρref‖ = 0.004231693904057539 ‖Δρ‖ = 0.004172505214530267  ‖vε - vref‖ = 1.71273682184256  α = 0.00513
  6   -13.01435016525       -4.85       -2.12    9.11s
    ‖ρε - ρref‖ = 0.002100063564758904 ‖Δρ‖ = 0.002042532056582401  ‖vε - vref‖ = 1.2921782002098583  α = 0.0103
  7   -13.01435641622       -5.20       -2.48    9.64s
    ‖ρε - ρref‖ = 0.0009043517859766739 ‖Δρ‖ = 0.0008043671358591092  ‖vε - vref‖ = 1.0979607330700674  α = 0.0174
  8   -13.01435871835       -5.64       -2.85    10.0s
    ‖ρε - ρref‖ = 0.000542480267394283 ‖Δρ‖ = 0.0003688845836187635  ‖vε - vref‖ = 1.0305938147734819  α = 0.0227
  9   -13.01436016898       -5.84       -2.85    9.72s
    ‖ρε - ρref‖ = 0.0005021425966349689 ‖Δρ‖ = 0.0003234835420387822  ‖vε - vref‖ = 1.0043810013224128  α = 0.0207
 10   -13.01436126502       -5.96       -3.00    9.41s
    ‖ρε - ρref‖ = 0.00044795512687297755 ‖Δρ‖ = 0.00022594998696628428  ‖vε - vref‖ = 0.9789081847063323  α = 0.0256
 11   -13.01436218249       -6.04       -3.19    10.2s
    ‖ρε - ρref‖ = 0.0004071763896721817 ‖Δρ‖ = 0.00013339966368219468  ‖vε - vref‖ = 0.9570620633580806  α = 0.0393
 12   -13.01436421025       -5.69       -1.55    10.1s
    ‖ρε - ρref‖ = 0.01361996104473568 ‖Δρ‖ = 0.013956632389866202  ‖vε - vref‖ = 0.6323871686419879  α = 0.000464
 13   -13.01436434884       -6.86       -2.45    10.2s
    ‖ρε - ρref‖ = 0.0017404766378559461 ‖Δρ‖ = 0.001526669977606674  ‖vε - vref‖ = 0.6300566091904168  α = 0.00129
 14   -13.01436443951       -7.04       -3.22    9.78s
    ‖ρε - ρref‖ = 0.00048352380165860877 ‖Δρ‖ = 0.00018905335331917048  ‖vε - vref‖ = 0.6517123834279057  α = 0.00873
 15   -13.01436458053       -6.85       -3.24    9.74s
    ‖ρε - ρref‖ = 0.0004161161038872019 ‖Δρ‖ = 0.00014017039225032218  ‖vε - vref‖ = 0.6722222271263093  α = 0.0142
 16   -13.01436470794       -6.89       -2.97    9.86s
    ‖ρε - ρref‖ = 0.00048371613227530575 ‖Δρ‖ = 0.00029218299659424104  ‖vε - vref‖ = 0.676064775755585  α = 0.0064
 17   -13.01436480314       -7.02       -3.07    9.34s
    ‖ρε - ρref‖ = 0.0004408414239654901 ‖Δρ‖ = 0.00022351225087759445  ‖vε - vref‖ = 0.6767044667465201  α = 0.00747
 18   -13.01436492588       -6.91       -3.35    9.76s
    ‖ρε - ρref‖ = 0.00041405121049145654 ‖Δρ‖ = 9.985313089220165e-5  ‖vε - vref‖ = 0.6859992274639118  α = 0.0188
 19   -13.01436501767       -7.04       -3.52    10.0s
    ‖ρε - ρref‖ = 0.00040588327364333597 ‖Δρ‖ = 7.338951288590112e-5  ‖vε - vref‖ = 0.6911788610786889  α = 0.0219
 20   -13.01436511655       -7.00       -3.79    9.17s
    ‖ρε - ρref‖ = 0.0003999606305077971 ‖Δρ‖ = 3.5240143134119155e-5  ‖vε - vref‖ = 0.6929941894035626  α = 0.045
 21   -13.01436516203       -7.34       -3.53    9.32s
    ‖ρε - ρref‖ = 0.00040730000273428283 ‖Δρ‖ = 7.415655421485569e-5  ‖vε - vref‖ = 0.6927414399516076  α = 0.0153
 22   -13.01436521670       -7.26       -3.89    9.59s
    ‖ρε - ρref‖ = 0.0003990084145334859 ‖Δρ‖ = 2.7222565394822684e-5  ‖vε - vref‖ = 0.6878959405616915  α = 0.0444
 23   -13.01436524387       -7.57       -3.77    10.1s
    ‖ρε - ρref‖ = 0.0003828174039918051 ‖Δρ‖ = 4.115363175063795e-5  ‖vε - vref‖ = 0.6852903850329238  α = 0.0197
 24   -13.01436525955       -7.80       -2.54    10.1s
    ‖ρε - ρref‖ = 0.0011088992801684403 ‖Δρ‖ = 0.0008395648960084992  ‖vε - vref‖ = 0.6863928248657242  α = 0.000701
 25   -13.01436526208       -8.60       -3.65    9.86s
    ‖ρε - ρref‖ = 0.00044921360108550923 ‖Δρ‖ = 9.076818911495026e-5  ‖vε - vref‖ = 0.6876858442962166  α = 0.00294
 26   -13.01436528316       -7.68       -3.75    10.1s
    ‖ρε - ρref‖ = 0.00040107564742132443 ‖Δρ‖ = 3.852461025432177e-5  ‖vε - vref‖ = 0.6870855720622929  α = 0.02
 27   -13.01436528987       -8.17       -3.65    10.1s
    ‖ρε - ρref‖ = 0.0003891112083189201 ‖Δρ‖ = 6.939068569859794e-5  ‖vε - vref‖ = 0.684289289120916  α = 0.0062
 28   -13.01436529938       -8.02       -3.64    10.1s
    ‖ρε - ρref‖ = 0.0004011491764283622 ‖Δρ‖ = 6.095498958485276e-5  ‖vε - vref‖ = 0.6806919417157279  α = 0.00849
 29   -13.01436530357       -8.38       -3.82    9.39s
    ‖ρε - ρref‖ = 0.00040519095417180953 ‖Δρ‖ = 4.829408439512799e-5  ‖vε - vref‖ = 0.6804887867608885  α = 0.00723
 30   -13.01436531602       -7.90       -4.06    9.36s
    ‖ρε - ρref‖ = 0.0003991161531903879 ‖Δρ‖ = 1.8864129329461373e-5  ‖vε - vref‖ = 0.6809304480463396  α = 0.0309
 31   -13.01436532822       -7.91       -4.15    10.1s
    ‖ρε - ρref‖ = 0.00040081723627352216 ‖Δρ‖ = 1.4473498655226269e-5  ‖vε - vref‖ = 0.6844617824715986  α = 0.0393
 32   -13.01436533256       -8.36       -4.07    10.4s
    ‖ρε - ρref‖ = 0.00039414589145449284 ‖Δρ‖ = 2.1496764772127163e-5  ‖vε - vref‖ = 0.6809517213282007  α = 0.0167
 33   -13.01436533905       -8.19       -4.31    8.48s
    ‖ρε - ρref‖ = 0.00040000463692820666 ‖Δρ‖ = 1.0717322488631186e-5  ‖vε - vref‖ = 0.6828080115667041  α = 0.0392
 34   -13.01436534418       -8.29       -4.04    10.0s
    ‖ρε - ρref‖ = 0.0003997126075078069 ‖Δρ‖ = 2.0448763421185766e-5  ‖vε - vref‖ = 0.6831239694528187  α = 0.0183
 35   -13.01436534438       -9.70       -3.99    9.61s
    ‖ρε - ρref‖ = 0.0003587362867814416 ‖Δρ‖ = 5.593540264976448e-5  ‖vε - vref‖ = 0.6828229794581151  α = 0.00113
 36   -13.01436534760       -8.49       -3.98    9.94s
    ‖ρε - ρref‖ = 0.0003983397855127115 ‖Δρ‖ = 2.464149577763237e-5  ‖vε - vref‖ = 0.6834196287121207  α = 0.012
 37   -13.01436534851       -9.04       -3.70    10.1s
    ‖ρε - ρref‖ = 0.0004350323398551422 ‖Δρ‖ = 6.964122127113219e-5  ‖vε - vref‖ = 0.684363660945982  α = 0.00229
 38   -13.01436535082       -8.64       -4.01    10.2s
    ‖ρε - ρref‖ = 0.00039667127429087644 ‖Δρ‖ = 2.404183620386173e-5  ‖vε - vref‖ = 0.6843035390834743  α = 0.0107
 39   -13.01436535167       -9.07       -4.60    10.1s
    ‖ρε - ρref‖ = 0.00039748506214779645 ‖Δρ‖ = 8.210574856986443e-6  ‖vε - vref‖ = 0.6845060306845503  α = 0.0184
 40   -13.01436535512       -8.46       -3.95    9.64s
    ‖ρε - ρref‖ = 0.0004018485978486166 ‖Δρ‖ = 2.2014715276288265e-5  ‖vε - vref‖ = 0.6870472252344529  α = 0.0133
 41   -13.01436535590       -9.11       -4.28    8.81s
    ‖ρε - ρref‖ = 0.00040070425709062433 ‖Δρ‖ = 1.665234580606181e-5  ‖vε - vref‖ = 0.6873566036184058  α = 0.00896
 42   -13.01436535712       -8.91       -4.27    9.35s
    ‖ρε - ρref‖ = 0.00039671648542777364 ‖Δρ‖ = 1.363374743737919e-5  ‖vε - vref‖ = 0.6862323590453183  α = 0.0137
 43   -13.01436535827       -8.94       -4.59    10.2s
    ‖ρε - ρref‖ = 0.0003991890105656133 ‖Δρ‖ = 6.028176262703537e-6  ‖vε - vref‖ = 0.6868392421775762  α = 0.0301
 44   -13.01436535936       -8.96       -4.64    10.1s
    ‖ρε - ρref‖ = 0.00039901813267741767 ‖Δρ‖ = 5.345110093557816e-6  ‖vε - vref‖ = 0.6873029139015758  α = 0.0323
 45   -13.01436536050       -8.94       -4.67    9.95s
    ‖ρε - ρref‖ = 0.0003981142330376871 ‖Δρ‖ = 4.570032336990326e-6  ‖vε - vref‖ = 0.6863649904035806  α = 0.0382
 46   -13.01436536091       -9.39       -4.58    8.02s
    ‖ρε - ρref‖ = 0.0004040264447520778 ‖Δρ‖ = 8.020776754306786e-6  ‖vε - vref‖ = 0.6875540087276594  α = 0.0122
 47   -13.01436536123       -9.50       -3.46    9.74s
    ‖ρε - ρref‖ = 0.0003777832818691476 ‖Δρ‖ = 0.00010854111009556312  ‖vε - vref‖ = 0.6879115079183521  α = 0.000807
 48   -13.01436536163       -9.39       -4.54    9.61s
    ‖ρε - ρref‖ = 0.00039622303244744904 ‖Δρ‖ = 7.426942830582372e-6  ‖vε - vref‖ = 0.6873893047073121  α = 0.0144
 49   -13.01436536186       -9.64       -3.92    10.6s
    ‖ρε - ρref‖ = 0.00041236579702558896 ‖Δρ‖ = 3.6779247938906597e-5  ‖vε - vref‖ = 0.6875304405348647  α = 0.00218
 50   -13.01436536225       -9.40       -4.76    10.3s
    ‖ρε - ρref‖ = 0.0003988507692743208 ‖Δρ‖ = 4.273513081463293e-6  ‖vε - vref‖ = 0.6872684813582622  α = 0.0248
 51   -13.01436536254       -9.54       -4.67    9.80s
    ‖ρε - ρref‖ = 0.0003977567079756361 ‖Δρ‖ = 5.862994574204856e-6  ‖vε - vref‖ = 0.6867238796174524  α = 0.0153
 52   -13.01436536282       -9.56       -4.26    9.79s
    ‖ρε - ρref‖ = 0.00040048481043476557 ‖Δρ‖ = 1.5684573582195765e-5  ‖vε - vref‖ = 0.6865215726603748  α = 0.0054
 53   -13.01436536316       -9.46       -4.71    9.80s
    ‖ρε - ρref‖ = 0.0003992254819357493 ‖Δρ‖ = 4.78496623227747e-6  ‖vε - vref‖ = 0.6868012526090002  α = 0.0203
 54   -13.01436536335       -9.72       -4.70    9.11s
    ‖ρε - ρref‖ = 0.0003981386283763815 ‖Δρ‖ = 5.613822241407806e-6  ‖vε - vref‖ = 0.6866490320201862  α = 0.0131
 55   -13.01436536349       -9.86       -4.54    9.93s
    ‖ρε - ρref‖ = 0.00039961106475138076 ‖Δρ‖ = 7.936476510879523e-6  ‖vε - vref‖ = 0.6867904556656514  α = 0.00806
 56   -13.01436536392       -9.37       -5.13    8.90s
    ‖ρε - ρref‖ = 0.00039881923661248467 ‖Δρ‖ = 1.3445261234768001e-6  ‖vε - vref‖ = 0.6871134834891072  α = 0.0753
 57   -13.01436536409       -9.76       -5.24    10.5s
    ‖ρε - ρref‖ = 0.00039866911900491377 ‖Δρ‖ = 1.3461146267893829e-6  ‖vε - vref‖ = 0.686661566461939  α = 0.0507
 58   -13.01436536411      -10.72       -4.69    9.78s
    ‖ρε - ρref‖ = 0.0004051522977050287 ‖Δρ‖ = 9.211635766605808e-6  ‖vε - vref‖ = 0.686721069872216  α = 0.00214
 59   -13.01436536425       -9.85       -4.25    10.2s
    ‖ρε - ρref‖ = 0.0003966571572600751 ‖Δρ‖ = 1.3607515664861536e-5  ‖vε - vref‖ = 0.6864008465257591  α = 0.00448
 60   -13.01436536428      -10.59       -5.13    9.04s
    ‖ρε - ρref‖ = 0.0003978330229036806 ‖Δρ‖ = 2.554798943569026e-6  ‖vε - vref‖ = 0.6863341266596846  α = 0.0106
 61   -13.01436536437      -10.05       -4.49    9.36s
    ‖ρε - ρref‖ = 0.00040148894744678794 ‖Δρ‖ = 7.821407401540107e-6  ‖vε - vref‖ = 0.6866387044021616  α = 0.00634
 62   -13.01436536444      -10.12       -4.95    10.0s
    ‖ρε - ρref‖ = 0.00039826162060121236 ‖Δρ‖ = 2.6190819371633457e-6  ‖vε - vref‖ = 0.6863061209768384  α = 0.0178
 63   -13.01436536448      -10.44       -5.09    10.2s
    ‖ρε - ρref‖ = 0.0003986254426615514 ‖Δρ‖ = 2.3378414426605282e-6  ‖vε - vref‖ = 0.6864052732220891  α = 0.0135
 64   -13.01436536452      -10.35       -4.66    8.04s
    ‖ρε - ρref‖ = 0.0004001882445448371 ‖Δρ‖ = 5.787003414491625e-6  ‖vε - vref‖ = 0.686707095221035  α = 0.00612
 65   -13.01436536458      -10.23       -5.20    9.47s
    ‖ρε - ρref‖ = 0.00039877479809176185 ‖Δρ‖ = 1.5132411183149756e-6  ‖vε - vref‖ = 0.6867852823464989  α = 0.0264
 66   -13.01436536463      -10.31       -5.04    10.5s
    ‖ρε - ρref‖ = 0.00039858028330962635 ‖Δρ‖ = 2.1121419198789227e-6  ‖vε - vref‖ = 0.6866876280440081  α = 0.0176
 67   -13.01436536465      -10.64       -4.89    10.4s
    ‖ρε - ρref‖ = 0.00039922974884774984 ‖Δρ‖ = 3.7396948980723754e-6  ‖vε - vref‖ = 0.6867132638777484  α = 0.00691
 68   -13.01436536467      -10.74       -5.29    10.3s
    ‖ρε - ρref‖ = 0.00039860044319204647 ‖Δρ‖ = 1.4174758709752004e-6  ‖vε - vref‖ = 0.6866075856166979  α = 0.0163
 69   -13.01436536473      -10.24       -5.51    10.6s
    ‖ρε - ρref‖ = 0.00039879859673946975 ‖Δρ‖ = 5.90037947212625e-7  ‖vε - vref‖ = 0.6868626758345044  α = 0.0631
 70   -13.01436536473      -11.65       -4.76    10.3s
    ‖ρε - ρref‖ = 0.00040549913067083426 ‖Δρ‖ = 9.261351865808939e-6  ‖vε - vref‖ = 0.6868995041462377  α = 0.000717
 71   -13.01436536476      -10.53       -5.10    8.83s
    ‖ρε - ρref‖ = 0.0003985430605146365 ‖Δρ‖ = 1.7991457332286168e-6  ‖vε - vref‖ = 0.6867734635242242  α = 0.0158
 72   -13.01436536477      -11.07       -5.55    10.4s
    ‖ρε - ρref‖ = 0.0003984167390384538 ‖Δρ‖ = 8.931493076256496e-7  ‖vε - vref‖ = 0.6867257368703471  α = 0.0171
 73   -13.01436536479      -10.64       -4.67    9.29s
    ‖ρε - ρref‖ = 0.00040022587105897927 ‖Δρ‖ = 4.873471333886355e-6  ‖vε - vref‖ = 0.6868525845865393  α = 0.00504
 74   -13.01436536480      -10.98       -5.45    9.57s
    ‖ρε - ρref‖ = 0.00039880100376552924 ‖Δρ‖ = 8.856909602422705e-7  ‖vε - vref‖ = 0.6868474649170326  α = 0.0197
 75   -13.01436536481      -11.07       -5.60    10.1s
    ‖ρε - ρref‖ = 0.00039863892952450976 ‖Δρ‖ = 6.389307146292991e-7  ‖vε - vref‖ = 0.6867431557591644  α = 0.0239
 76   -13.01436536482      -11.23       -5.00    10.4s
    ‖ρε - ρref‖ = 0.00039903836945738916 ‖Δρ‖ = 2.8402382375727065e-6  ‖vε - vref‖ = 0.6867323773967368  α = 0.0045
 77   -13.01436536483      -11.01       -5.58    9.75s
    ‖ρε - ρref‖ = 0.00039893399578899805 ‖Δρ‖ = 6.474595375480855e-7  ‖vε - vref‖ = 0.6869322391314253  α = 0.0253
 78   -13.01436536484      -11.04       -5.48    8.80s
    ‖ρε - ρref‖ = 0.0003986917000463068 ‖Δρ‖ = 7.860176409702505e-7  ‖vε - vref‖ = 0.6869053177326064  α = 0.0201
 79   -13.01436536484      -11.32       -5.69    10.4s
    ‖ρε - ρref‖ = 0.0003988553201775707 ‖Δρ‖ = 5.864915187276933e-7  ‖vε - vref‖ = 0.686899281971043  α = 0.0195
 80   -13.01436536485      -11.18       -5.30    10.5s
    ‖ρε - ρref‖ = 0.00039865123912966635 ‖Δρ‖ = 1.2276055173258526e-6  ‖vε - vref‖ = 0.6868039287803949  α = 0.011
 81   -13.01436536485      -11.42       -5.53    10.4s
    ‖ρε - ρref‖ = 0.00039857595975059223 ‖Δρ‖ = 8.166920493773923e-7  ‖vε - vref‖ = 0.6867368130048415  α = 0.0122
 82   -13.01436536485      -12.13       -4.81    9.42s
    ‖ρε - ρref‖ = 0.00040327866994941536 ‖Δρ‖ = 6.9776473379373e-6  ‖vε - vref‖ = 0.6867458936838848  α = 0.000574
 83   -13.01436536486      -11.27       -5.73    10.6s
    ‖ρε - ρref‖ = 0.00039879929243947165 ‖Δρ‖ = 4.017325041053701e-7  ‖vε - vref‖ = 0.6867307917963376  α = 0.0305
 84   -13.01436536486      -11.65       -5.74    9.79s
    ‖ρε - ρref‖ = 0.0003986110489878463 ‖Δρ‖ = 4.841840575410984e-7  ‖vε - vref‖ = 0.686678297954481  α = 0.0166
 85   -13.01436536486      -11.89       -5.05    7.89s
    ‖ρε - ρref‖ = 0.000399746835137256 ‖Δρ‖ = 2.723031798313341e-6  ‖vε - vref‖ = 0.6866910812374152  α = 0.00221
 86   -13.01436536487      -11.30       -5.89    8.89s
    ‖ρε - ρref‖ = 0.00039880831346315014 ‖Δρ‖ = 2.6330384211614923e-7  ‖vε - vref‖ = 0.6868097435026016  α = 0.0434
 87   -13.01436536487      -11.40       -6.15    9.50s
    ‖ρε - ρref‖ = 0.0003987744178580042 ‖Δρ‖ = 1.4500599939534568e-7  ‖vε - vref‖ = 0.6867586976675805  α = 0.0688
 88   -13.01436536487      -11.97       -5.35    10.3s
    ‖ρε - ρref‖ = 0.0003989805495674796 ‖Δρ‖ = 1.4320623736298446e-6  ‖vε - vref‖ = 0.6867506951620438  α = 0.00376
 89   -13.01436536487      -11.84       -5.78    9.84s
    ‖ρε - ρref‖ = 0.0003987293044844358 ‖Δρ‖ = 4.525912060019395e-7  ‖vε - vref‖ = 0.6867152448057647  α = 0.014
 90   -13.01436536487      -11.71       -6.08    7.96s
    ‖ρε - ρref‖ = 0.00039880709558696043 ‖Δρ‖ = 1.8278333673132984e-7  ‖vε - vref‖ = 0.6867538122217792  α = 0.0399
 91   -13.01436536488      -11.99       -5.91    9.62s
    ‖ρε - ρref‖ = 0.0003987535023271994 ‖Δρ‖ = 3.154215610346934e-7  ‖vε - vref‖ = 0.6867382937690804  α = 0.0174
 92   -13.01436536488      -12.25       -6.01    9.93s
    ‖ρε - ρref‖ = 0.0003987850448532125 ‖Δρ‖ = 3.0687710334093783e-7  ‖vε - vref‖ = 0.6867426205540995  α = 0.0128
 93   -13.01436536488      -12.81       -5.67    10.1s
    ‖ρε - ρref‖ = 0.00039825367873576003 ‖Δρ‖ = 9.399512740147754e-7  ‖vε - vref‖ = 0.6867400425758261  α = 0.00195
 94   -13.01436536488      -12.14       -5.28    10.4s
    ‖ρε - ρref‖ = 0.0003994146501535377 ‖Δρ‖ = 1.4249363060432784e-6  ‖vε - vref‖ = 0.6867794167725988  α = 0.00312
 95   -13.01436536488      -11.81       -6.03    9.93s
    ‖ρε - ρref‖ = 0.00039875979099700785 ‖Δρ‖ = 2.069343394700603e-7  ‖vε - vref‖ = 0.6867387066388644  α = 0.0299
 96   -13.01436536488      -12.42       -5.95    8.88s
    ‖ρε - ρref‖ = 0.0003986837723819432 ‖Δρ‖ = 3.476908123035762e-7  ‖vε - vref‖ = 0.6867289505544174  α = 0.00939
 97   -13.01436536488      -12.61       -5.49    10.4s
    ‖ρε - ρref‖ = 0.0003992375161410053 ‖Δρ‖ = 1.0984006004135647e-6  ‖vε - vref‖ = 0.6867409689128849  α = 0.00234
 98   -13.01436536488      -12.22       -6.24    9.62s
    ‖ρε - ρref‖ = 0.0003987855876183914 ‖Δρ‖ = 1.3766279670973498e-7  ‖vε - vref‖ = 0.686754580806719  α = 0.0301
 99   -13.01436536488      -12.20       -6.35    9.78s
    ‖ρε - ρref‖ = 0.00039879160121137085 ‖Δρ‖ = 9.328187692217439e-8  ‖vε - vref‖ = 0.6867713671922028  α = 0.0448

#-- ‖ρε - ρref‖ = 0.0003987859126173832 vs. 1.778279410038923e-7 = δ*ε ‖vε - vref‖ = 0.6867564128530543


# --- ε=1.0e-5

n     Energy            log10(ΔE)   log10(Δρ)   Δtime 
---   ---------------   ---------   ---------   ------
  1   -13.01071009256                   -0.13    15.2s
    ‖ρε - ρref‖ = 0.4742149763884372 ‖Δρ‖ = 0.47406443822019  ‖vε - vref‖ = 11.178362156627982  α = 0.000276
  2   -13.01103845353       -3.48       -0.67    7.81s
    ‖ρε - ρref‖ = 0.091852111878065 ‖Δρ‖ = 0.09176715071705276  ‖vε - vref‖ = 6.473431103852569  α = 0.000745
  3   -13.01117594246       -3.86       -1.31    10.0s
    ‖ρε - ρref‖ = 0.01681865651518765 ‖Δρ‖ = 0.016758081412002603  ‖vε - vref‖ = 3.4560022441608576  α = 0.00284
  4   -13.01120670573       -4.51       -1.58    9.55s
    ‖ρε - ρref‖ = 0.00936240870290561 ‖Δρ‖ = 0.00934424300319226  ‖vε - vref‖ = 2.4041860327486124  α = 0.00241
  5   -13.01121643142       -5.01       -1.91    9.28s
    ‖ρε - ρref‖ = 0.004320868020216064 ‖Δρ‖ = 0.004291650643887988  ‖vε - vref‖ = 1.8909131372853822  α = 0.00293
  6   -13.01122530621       -5.05       -2.10    9.86s
    ‖ρε - ρref‖ = 0.002186851223346008 ‖Δρ‖ = 0.002163403777845965  ‖vε - vref‖ = 1.3963516180688396  α = 0.00581
  7   -13.01122937887       -5.39       -2.45    10.2s
    ‖ρε - ρref‖ = 0.0008980235605109817 ‖Δρ‖ = 0.0008632693211052197  ‖vε - vref‖ = 1.130951370738411  α = 0.00988
  8   -13.01123092294       -5.81       -2.81    7.78s
    ‖ρε - ρref‖ = 0.00046261759297658485 ‖Δρ‖ = 0.000400921579029261  ‖vε - vref‖ = 1.0201616174534673  α = 0.0129
  9   -13.01123188027       -6.02       -2.81    10.0s
    ‖ρε - ρref‖ = 0.00041828394191297755 ‖Δρ‖ = 0.00035718350854384247  ‖vε - vref‖ = 0.966012410496314  α = 0.0116
 10   -13.01123256617       -6.16       -2.95    10.0s
    ‖ρε - ρref‖ = 0.0003329207277813256 ‖Δρ‖ = 0.0002491579943595805  ‖vε - vref‖ = 0.9201649372002884  α = 0.014
 11   -13.01123307458       -6.29       -3.14    9.93s
    ‖ρε - ρref‖ = 0.000261255881685709 ‖Δρ‖ = 0.00014421223928500528  ‖vε - vref‖ = 0.8901643275850444  α = 0.0209
 12   -13.01123452305       -5.84       -1.55    10.5s
    ‖ρε - ρref‖ = 0.015733312199050636 ‖Δρ‖ = 0.015923725217229442  ‖vε - vref‖ = 0.45537582715519503  α = 0.000255
 13   -13.01123462725       -6.98       -2.39    9.64s
    ‖ρε - ρref‖ = 0.0018912720346857537 ‖Δρ‖ = 0.001780692532269902  ‖vε - vref‖ = 0.43940011411310753  α = 0.000721
 14   -13.01123468686       -7.22       -3.15    8.42s
    ‖ρε - ρref‖ = 0.0003574474018721865 ‖Δρ‖ = 0.0002247879268621859  ‖vε - vref‖ = 0.4537308008166979  α = 0.00449
 15   -13.01123477735       -7.04       -3.21    9.68s
    ‖ρε - ρref‖ = 0.00026296175010639673 ‖Δρ‖ = 0.00014566062836275577  ‖vε - vref‖ = 0.4696837377827741  α = 0.00845
 16   -13.01123485581       -7.11       -2.90    10.1s
    ‖ρε - ρref‖ = 0.00038781069327715984 ‖Δρ‖ = 0.0003243868207328995  ‖vε - vref‖ = 0.47066491973679403  α = 0.00348
 17   -13.01123491289       -7.24       -3.03    9.81s
    ‖ρε - ρref‖ = 0.0003139161846823894 ‖Δρ‖ = 0.00023732166121238178  ‖vε - vref‖ = 0.47085869774898736  α = 0.00418
 18   -13.01123498545       -7.14       -3.30    9.95s
    ‖ρε - ρref‖ = 0.00025151258772183974 ‖Δρ‖ = 0.00010644809094002456  ‖vε - vref‖ = 0.4807066826186603  α = 0.0106
 19   -13.01123503805       -7.28       -3.47    7.68s
    ‖ρε - ρref‖ = 0.00023827390666648636 ‖Δρ‖ = 7.746077066806393e-5  ‖vε - vref‖ = 0.48896430817846964  α = 0.0122
 20   -13.01123509501       -7.24       -3.75    9.68s
    ‖ρε - ρref‖ = 0.00022727122124003476 ‖Δρ‖ = 3.652539433679591e-5  ‖vε - vref‖ = 0.4992040191048453  α = 0.0262
 21   -13.01123512578       -7.51       -3.46    9.30s
    ‖ρε - ρref‖ = 0.0002400955180673283 ‖Δρ‖ = 7.994498249428427e-5  ‖vε - vref‖ = 0.5042816247689536  α = 0.00898
 22   -13.01123516671       -7.39       -3.85    9.72s
    ‖ρε - ρref‖ = 0.000225752770290541 ‖Δρ‖ = 2.8912820086707727e-5  ‖vε - vref‖ = 0.5072955539633773  α = 0.0279
 23   -13.01123520152       -7.46       -3.70    9.36s
    ‖ρε - ρref‖ = 0.00021767014293880876 ‖Δρ‖ = 4.1981843350117175e-5  ‖vε - vref‖ = 0.5102505204552263  α = 0.0171
 24   -13.01123520819       -8.18       -2.61    8.27s
    ‖ρε - ρref‖ = 0.00108211412427215 ‖Δρ‖ = 0.0009176799532763318  ‖vε - vref‖ = 0.511832519546737  α = 0.000302
 25   -13.01123521217       -8.40       -3.71    10.2s
    ‖ρε - ρref‖ = 0.0002658488221491448 ‖Δρ‖ = 7.242174541545361e-5  ‖vε - vref‖ = 0.5140350143815942  α = 0.00346
 26   -13.01123523516       -7.64       -3.33    10.6s
    ‖ρε - ρref‖ = 0.00023779330862207368 ‖Δρ‖ = 0.0001022896117016914  ‖vε - vref‖ = 0.5149859060659276  α = 0.00589
 27   -13.01123524461       -8.02       -3.62    10.3s
    ‖ρε - ρref‖ = 0.0002209895405193788 ‖Δρ‖ = 6.616790757961294e-5  ‖vε - vref‖ = 0.512220630234632  α = 0.00584
 28   -13.01123525332       -8.06       -3.37    9.62s
    ‖ρε - ρref‖ = 0.0002600248968841111 ‖Δρ‖ = 0.00012017803732378703  ‖vε - vref‖ = 0.5104448616422627  α = 0.00308
 29   -13.01123525815       -8.32       -3.84    8.27s
    ‖ρε - ρref‖ = 0.0002316164760927627 ‖Δρ‖ = 4.2179374399804756e-5  ‖vε - vref‖ = 0.5107127769277623  α = 0.00674
 30   -13.01123526842       -7.99       -3.68    9.90s
    ‖ρε - ρref‖ = 0.0002264700966386173 ‖Δρ‖ = 4.7875391380167693e-5  ‖vε - vref‖ = 0.5099229660358627  α = 0.00851
 31   -13.01123527822       -8.01       -3.96    10.4s
    ‖ρε - ρref‖ = 0.00023123322043240235 ‖Δρ‖ = 2.3767538421034846e-5  ‖vε - vref‖ = 0.5142485284322493  α = 0.0168
 32   -13.01123528431       -8.22       -3.79    10.1s
    ‖ρε - ρref‖ = 0.00021983426304446376 ‖Δρ‖ = 3.762462053654654e-5  ‖vε - vref‖ = 0.5097481194628727  α = 0.00847
 33   -13.01123528954       -8.28       -4.24    9.49s
    ‖ρε - ρref‖ = 0.00022480763502337415 ‖Δρ‖ = 1.2774257486552562e-5  ‖vε - vref‖ = 0.5075746228888987  α = 0.0231
 34   -13.01123529550       -8.22       -3.96    7.97s
    ‖ρε - ρref‖ = 0.00022729354224929044 ‖Δρ‖ = 2.268549380556772e-5  ‖vε - vref‖ = 0.5065976520224122  α = 0.0136
 35   -13.01123529744       -8.71       -4.17    10.5s
    ‖ρε - ρref‖ = 0.00021645102347806543 ‖Δρ‖ = 1.862957864409255e-5  ‖vε - vref‖ = 0.5052366940600439  α = 0.00886
 36   -13.01123529928       -8.74       -2.94    10.6s
    ‖ρε - ρref‖ = 0.00046499773617629764 ‖Δρ‖ = 0.0003183316741049933  ‖vε - vref‖ = 0.5051124562778833  α = 0.000495
 37   -13.01123530230       -8.52       -3.97    10.2s
    ‖ρε - ρref‖ = 0.00023183546878686152 ‖Δρ‖ = 2.4796351413313316e-5  ‖vε - vref‖ = 0.5046270990756433  α = 0.00891
 38   -13.01123530348       -8.93       -3.38    9.18s
    ‖ρε - ρref‖ = 0.00020672009018118769 ‖Δρ‖ = 0.00013103354964026328  ‖vε - vref‖ = 0.5032688059359347  α = 0.00105
 39   -13.01123530854       -8.30       -4.66    8.26s
    ‖ρε - ρref‖ = 0.0002248059608718358 ‖Δρ‖ = 3.961018844733864e-6  ‖vε - vref‖ = 0.504673797322239  α = 0.0679
 40   -13.01123530927       -9.13       -3.80    9.82s
    ‖ρε - ρref‖ = 0.0002409318276742666 ‖Δρ‖ = 5.511552575589635e-5  ‖vε - vref‖ = 0.5049541583768611  α = 0.00192
 41   -13.01123531145       -8.66       -4.33    10.6s
    ‖ρε - ρref‖ = 0.00022401080235652157 ‖Δρ‖ = 1.1129464681281231e-5  ‖vε - vref‖ = 0.5031225809998419  α = 0.0167
 42   -13.01123531247       -8.99       -4.20    10.7s
    ‖ρε - ρref‖ = 0.00022291886715726728 ‖Δρ‖ = 1.797362750950265e-5  ‖vε - vref‖ = 0.5024449234802792  α = 0.00718
 43   -13.01123531337       -9.05       -4.04    8.75s
    ‖ρε - ρref‖ = 0.00022961576340670492 ‖Δρ‖ = 2.433705738885794e-5  ‖vε - vref‖ = 0.5032552898777124  α = 0.00506
 44   -13.01123531484       -8.83       -4.47    9.24s
    ‖ρε - ρref‖ = 0.00022570918883739563 ‖Δρ‖ = 7.43219005072145e-6  ‖vε - vref‖ = 0.5051647822037444  α = 0.0207
 45   -13.01123531596       -8.95       -4.35    10.3s
    ‖ρε - ρref‖ = 0.00022255622737367656 ‖Δρ‖ = 1.0471153233878105e-5  ‖vε - vref‖ = 0.5040602667793116  α = 0.0129
 46   -13.01123531711       -8.94       -4.35    9.53s
    ‖ρε - ρref‖ = 0.00022646776978732703 ‖Δρ‖ = 1.0475943064504032e-5  ‖vε - vref‖ = 0.5056694120496484  α = 0.013
 47   -13.01123531732       -9.68       -4.33    10.1s
    ‖ρε - ρref‖ = 0.0002150480835435996 ‖Δρ‖ = 1.632060100909243e-5  ‖vε - vref‖ = 0.5056168420707996  α = 0.00308
 48   -13.01123531809       -9.11       -3.40    8.72s
    ‖ρε - ρref‖ = 0.0002633371328471014 ‖Δρ‖ = 8.912424454620898e-5  ‖vε - vref‖ = 0.5067258685490538  α = 0.00123
 49   -13.01123531843       -9.47       -4.55    10.0s
    ‖ρε - ρref‖ = 0.00022640211051212712 ‖Δρ‖ = 8.044490873665577e-6  ‖vε - vref‖ = 0.5070233224951233  α = 0.00931
 50   -13.01123531860       -9.78       -3.94    9.67s
    ‖ρε - ρref‖ = 0.00020925457019835785 ‖Δρ‖ = 4.0250944107144394e-5  ‖vε - vref‖ = 0.5067349610718248  α = 0.00127
 51   -13.01123531947       -9.06       -4.51    10.5s
    ‖ρε - ρref‖ = 0.00022503913382355945 ‖Δρ‖ = 6.204626004869383e-6  ‖vε - vref‖ = 0.5073892141336435  α = 0.0189
 52   -13.01123532002       -9.26       -4.44    8.40s
    ‖ρε - ρref‖ = 0.00022544860880536143 ‖Δρ‖ = 8.036699638372985e-6  ‖vε - vref‖ = 0.508175114857902  α = 0.0119
 53   -13.01123532015       -9.90       -4.37    9.93s
    ‖ρε - ρref‖ = 0.00022270707597552236 ‖Δρ‖ = 1.4930122443478743e-5  ‖vε - vref‖ = 0.5081942163113504  α = 0.00294
 54   -13.01123532051       -9.44       -4.43    9.71s
    ‖ρε - ρref‖ = 0.00022517040369175267 ‖Δρ‖ = 8.898343722499179e-6  ‖vε - vref‖ = 0.5085572185670735  α = 0.00877
 55   -13.01123532116       -9.19       -4.89    9.29s
    ‖ρε - ρref‖ = 0.0002249452078036796 ‖Δρ‖ = 2.47162901349933e-6  ‖vε - vref‖ = 0.509685768684318  α = 0.0402
 56   -13.01123532127       -9.96       -4.39    7.73s
    ‖ρε - ρref‖ = 0.00022304104670683623 ‖Δρ‖ = 1.3138202188652041e-5  ‖vε - vref‖ = 0.5095850458332392  α = 0.00326
 57   -13.01123532184       -9.25       -4.85    9.50s
    ‖ρε - ρref‖ = 0.00022479308478525297 ‖Δρ‖ = 2.561106100027607e-6  ‖vε - vref‖ = 0.5092735337861479  α = 0.0358
 58   -13.01123532204       -9.70       -4.95    10.1s
    ‖ρε - ρref‖ = 0.00022470063306463686 ‖Δρ‖ = 2.80398591862262e-6  ‖vε - vref‖ = 0.5087957082681337  α = 0.0203
 59   -13.01123532205      -10.77       -4.24    9.50s
    ‖ρε - ρref‖ = 0.00020518963593330622 ‖Δρ‖ = 2.913317800025702e-5  ‖vε - vref‖ = 0.5086837731124555  α = 0.000476
 60   -13.01123532227       -9.66       -4.44    8.68s
    ‖ρε - ρref‖ = 0.00022643243184977725 ‖Δρ‖ = 8.234509048742552e-6  ‖vε - vref‖ = 0.5089263967990757  α = 0.0072
 61   -13.01123532240       -9.90       -4.75    10.1s
    ‖ρε - ρref‖ = 0.0002254942414048299 ‖Δρ‖ = 4.756351465502521e-6  ‖vε - vref‖ = 0.5088391528857524  α = 0.00951
 62   -13.01123532246      -10.23       -4.10    9.77s
    ‖ρε - ρref‖ = 0.0002137774668619693 ‖Δρ‖ = 2.560344964022489e-5  ‖vε - vref‖ = 0.5085788492071442  α = 0.00119
 63   -13.01123532258       -9.92       -4.77    9.90s
    ‖ρε - ρref‖ = 0.00022568312486711642 ‖Δρ‖ = 4.207376821293611e-6  ‖vε - vref‖ = 0.5090242089857131  α = 0.0107
 64   -13.01123532284       -9.59       -5.00    8.15s
    ‖ρε - ρref‖ = 0.0002247987363988428 ‖Δρ‖ = 1.8828936292811538e-6  ‖vε - vref‖ = 0.5085825168133818  α = 0.0324
 65   -13.01123532290      -10.18       -4.54    10.3s
    ‖ρε - ρref‖ = 0.00022296253096559302 ‖Δρ‖ = 9.04733992033943e-6  ‖vε - vref‖ = 0.5082584612933195  α = 0.00346
 66   -13.01123532296      -10.22       -4.50    9.67s
    ‖ρε - ρref‖ = 0.00022505326980086474 ‖Δρ‖ = 9.222343168393212e-6  ‖vε - vref‖ = 0.5080343249121801  α = 0.00341
 67   -13.01123532305      -10.07       -5.17    10.4s
    ‖ρε - ρref‖ = 0.00022479190696299089 ‖Δρ‖ = 1.5970425544975587e-6  ‖vε - vref‖ = 0.5080288994419696  α = 0.0235
 68   -13.01123532313      -10.08       -5.00    8.52s
    ‖ρε - ρref‖ = 0.00022475759507837353 ‖Δρ‖ = 2.1612377264441472e-6  ‖vε - vref‖ = 0.5080465110681459  α = 0.0173
 69   -13.01123532317      -10.46       -4.93    10.6s
    ‖ρε - ρref‖ = 0.00022520045930340257 ‖Δρ‖ = 3.577464125660459e-6  ‖vε - vref‖ = 0.508073736316396  α = 0.00663
 70   -13.01123532325      -10.08       -4.77    10.5s
    ‖ρε - ρref‖ = 0.00022442620994310582 ‖Δρ‖ = 3.6987442011176613e-6  ‖vε - vref‖ = 0.5077790316888061  α = 0.00987
 71   -13.01123532326      -11.28       -4.65    10.2s
    ‖ρε - ρref‖ = 0.00021706991691932006 ‖Δρ‖ = 1.1229334336967558e-5  ‖vε - vref‖ = 0.5077295335931347  α = 0.000689
 72   -13.01123532333      -10.14       -4.54    8.41s
    ‖ρε - ρref‖ = 0.00022616357583651515 ‖Δρ‖ = 6.114411008252372e-6  ‖vε - vref‖ = 0.5079956237875628  α = 0.00559
 73   -13.01123532340      -10.13       -5.28    10.4s
    ‖ρε - ρref‖ = 0.00022481951443398138 ‖Δρ‖ = 1.0365578840823194e-6  ‖vε - vref‖ = 0.5077057842677809  α = 0.0328
 74   -13.01123532341      -11.00       -4.43    9.51s
    ‖ρε - ρref‖ = 0.00021820199833759874 ‖Δρ‖ = 1.371763226106799e-5  ‖vε - vref‖ = 0.5075836605264098  α = 0.000915
 75   -13.01123532347      -10.22       -5.33    10.1s
    ‖ρε - ρref‖ = 0.00022478957978281597 ‖Δρ‖ = 8.857407108463867e-7  ‖vε - vref‖ = 0.507908829416235  α = 0.0346
 76   -13.01123532349      -10.78       -5.22    8.64s
    ‖ρε - ρref‖ = 0.00022511158408744942 ‖Δρ‖ = 1.6137341498962782e-6  ‖vε - vref‖ = 0.5081065183144998  α = 0.0105
 77   -13.01123532351      -10.73       -5.17    10.5s
    ‖ρε - ρref‖ = 0.00022434853561463926 ‖Δρ‖ = 1.7588780381199142e-6  ‖vε - vref‖ = 0.5079487484845829  α = 0.0098
 78   -13.01123532353      -10.72       -4.65    10.5s
    ‖ρε - ρref‖ = 0.00022467097606544047 ‖Δρ‖ = 5.7870808046455995e-6  ‖vε - vref‖ = 0.507808562975717  α = 0.003
 79   -13.01123532355      -10.73       -5.34    10.4s
    ‖ρε - ρref‖ = 0.00022482850461221418 ‖Δρ‖ = 1.1167324842542072e-6  ‖vε - vref‖ = 0.5078966098676678  α = 0.0156
 80   -13.01123532358      -10.43       -5.22    8.87s
    ‖ρε - ρref‖ = 0.00022474696234789067 ‖Δρ‖ = 1.2347134595333258e-6  ‖vε - vref‖ = 0.5079767418499961  α = 0.0189
 81   -13.01123532359      -10.92       -5.27    10.3s
    ‖ρε - ρref‖ = 0.00022471891770231114 ‖Δρ‖ = 1.4785756763556039e-6  ‖vε - vref‖ = 0.5079705533756217  α = 0.00936
 82   -13.01123532360      -11.30       -5.20    9.07s
    ‖ρε - ρref‖ = 0.00022504524602694098 ‖Δρ‖ = 1.996311236880602e-6  ‖vε - vref‖ = 0.5079736860495642  α = 0.00441
 83   -13.01123532360      -11.67       -4.52    10.3s
    ‖ρε - ρref‖ = 0.00021637774957775568 ‖Δρ‖ = 1.2615521363063643e-5  ‖vε - vref‖ = 0.507939484137675  α = 0.000408
 84   -13.01123532361      -10.96       -5.15    8.25s
    ‖ρε - ρref‖ = 0.00022502867973059882 ‖Δρ‖ = 1.8576909163513106e-6  ‖vε - vref‖ = 0.5080625558895927  α = 0.00723
 85   -13.01123532364      -10.59       -5.52    10.4s
    ‖ρε - ρref‖ = 0.00022482055077911002 ‖Δρ‖ = 5.903434356085996e-7  ‖vε - vref‖ = 0.5083676968221225  α = 0.0329
 86   -13.01123532364      -11.79       -5.00    9.79s
    ‖ρε - ρref‖ = 0.0002227592080447628 ‖Δρ‖ = 4.015224704781635e-6  ‖vε - vref‖ = 0.5083351745746931  α = 0.00127
 87   -13.01123532365      -10.91       -5.32    8.14s
    ‖ρε - ρref‖ = 0.00022469354370988848 ‖Δρ‖ = 1.0402435641496962e-6  ‖vε - vref‖ = 0.5082076107226134  α = 0.0136
 88   -13.01123532367      -10.84       -5.46    9.48s
    ‖ρε - ρref‖ = 0.00022478152669635964 ‖Δρ‖ = 6.909979541198457e-7  ‖vε - vref‖ = 0.5082354651939804  α = 0.0217
 89   -13.01123532367      -11.29       -5.56    9.94s
    ‖ρε - ρref‖ = 0.00022466614867247995 ‖Δρ‖ = 6.945254293651244e-7  ‖vε - vref‖ = 0.5081989483447545  α = 0.0134
 90   -13.01123532367      -11.77       -5.28    9.76s
    ‖ρε - ρref‖ = 0.0002250111143228737 ‖Δρ‖ = 1.7583270755188452e-6  ‖vε - vref‖ = 0.5082127248894129  α = 0.00292
 91   -13.01123532368      -11.13       -5.38    8.49s
    ‖ρε - ρref‖ = 0.00022473805717245486 ‖Δρ‖ = 8.264934706571919e-7  ‖vε - vref‖ = 0.5082743099290795  α = 0.0133
 92   -13.01123532369      -11.32       -5.90    10.0s
    ‖ρε - ρref‖ = 0.0002247957886635566 ‖Δρ‖ = 2.88197920964626e-7  ‖vε - vref‖ = 0.5083608767652177  α = 0.0306
 93   -13.01123532369      -11.19       -5.38    9.71s
    ‖ρε - ρref‖ = 0.00022455866335849257 ‖Δρ‖ = 8.975086575756332e-7  ‖vε - vref‖ = 0.5082482879821656  α = 0.0111
 94   -13.01123532369      -12.54       -5.39    7.99s
    ‖ρε - ρref‖ = 0.0002260601078436981 ‖Δρ‖ = 2.0207583410230822e-6  ‖vε - vref‖ = 0.5082571709664546  α = 0.000936
 95   -13.01123532370      -11.55       -5.10    9.59s
    ‖ρε - ρref‖ = 0.000224276389962108 ‖Δρ‖ = 2.067630592052254e-6  ‖vε - vref‖ = 0.5082200908698472  α = 0.00327
 96   -13.01123532370      -11.69       -5.35    10.6s
    ‖ρε - ρref‖ = 0.00022499112183181128 ‖Δρ‖ = 1.3240109658273958e-6  ‖vε - vref‖ = 0.508243696925162  α = 0.00439
 97   -13.01123532370      -11.50       -5.74    9.71s
    ‖ρε - ρref‖ = 0.00022475519750385673 ‖Δρ‖ = 4.747695009638194e-7  ‖vε - vref‖ = 0.5082203216926725  α = 0.0149
 98   -13.01123532370      -11.79       -5.36    8.84s
    ‖ρε - ρref‖ = 0.00022410547906207242 ‖Δρ‖ = 1.3809069055315576e-6  ‖vε - vref‖ = 0.5081757036038848  α = 0.00363
 99   -13.01123532371      -11.33       -4.94    10.8s
    ‖ρε - ρref‖ = 0.00022529197712737987 ‖Δρ‖ = 2.474792462798818e-6  ‖vε - vref‖ = 0.5081687673434677  α = 0.00334
 100   -13.01123532371      -11.79       -5.93    10.2s
    ‖ρε - ρref‖ = 0.00022474938681998753 ‖Δρ‖ = 3.023513040866207e-7  ‖vε - vref‖ = 0.5081677660504605  α = 0.017
 101   -13.01123532371      -11.72       -5.78    8.84s
    ‖ρε - ρref‖ = 0.00022473169331937106 ‖Δρ‖ = 3.569406706762991e-7  ‖vε - vref‖ = 0.508148654931626  α = 0.0158
 102   -13.01123532371      -11.92       -6.06    10.1s
    ‖ρε - ρref‖ = 0.00022477163210456825 ‖Δρ‖ = 2.3155572394735377e-7  ‖vε - vref‖ = 0.5081502111638296  α = 0.0187
 103   -13.01123532371      -11.91       -5.22    10.7s
    ‖ρε - ρref‖ = 0.00022455959700780296 ‖Δρ‖ = 1.5609555175898437e-6  ‖vε - vref‖ = 0.5081350537248981  α = 0.00282
 104   -13.01123532371      -11.73       -6.13    10.2s
    ‖ρε - ρref‖ = 0.00022473687296135783 ‖Δρ‖ = 1.565580318496473e-7  ‖vε - vref‖ = 0.508118901929355  α = 0.0347
 105   -13.01123532372      -11.76       -5.92    8.35s
    ‖ρε - ρref‖ = 0.00022473211260993698 ‖Δρ‖ = 2.641768919700278e-7  ‖vε - vref‖ = 0.5081455298743505  α = 0.0195
 106   -13.01123532372      -13.11       -5.19    11.0s
    ‖ρε - ρref‖ = 0.0002271817135788052 ‖Δρ‖ = 3.3993611255098384e-6  ‖vε - vref‖ = 0.5081534863741303  α = 0.000301
 107   -13.01123532372      -11.93       -6.06    10.7s
    ‖ρε - ρref‖ = 0.00022470003250156973 ‖Δρ‖ = 2.041924609390175e-7  ‖vε - vref‖ = 0.5081027895174614  α = 0.0211
 108   -13.01123532372      -12.21       -5.64    8.25s
    ‖ρε - ρref‖ = 0.00022484594717059686 ‖Δρ‖ = 6.440024917289367e-7  ‖vε - vref‖ = 0.5081096770139465  α = 0.00504
 109   -13.01123532372      -12.34       -5.73    9.37s
    ‖ρε - ρref‖ = 0.0002247925930115171 ‖Δρ‖ = 5.188603191062376e-7  ‖vε - vref‖ = 0.5081131655678912  α = 0.00519
 110   -13.01123532372      -12.83       -5.79    9.65s
    ‖ρε - ρref‖ = 0.00022441722328400817 ‖Δρ‖ = 6.295936906972195e-7  ‖vε - vref‖ = 0.5081020021304219  α = 0.00227
 111   -13.01123532372      -12.09       -5.70    8.77s
    ‖ρε - ρref‖ = 0.00022474110082622685 ‖Δρ‖ = 4.604784028781784e-7  ‖vε - vref‖ = 0.5080985007369541  α = 0.00794
 112   -13.01123532372      -12.16       -5.89    10.8s
    ‖ρε - ρref‖ = 0.00022480122662552355 ‖Δρ‖ = 3.0758848063847666e-7  ‖vε - vref‖ = 0.5081601055531259  α = 0.0109
 113   -13.01123532372      -12.34       -6.19    9.78s
    ‖ρε - ρref‖ = 0.0002247448856227038 ‖Δρ‖ = 1.6146423627079633e-7  ‖vε - vref‖ = 0.5081675476073085  α = 0.017
 114   -13.01123532372      -12.30       -6.03    10.1s
    ‖ρε - ρref‖ = 0.00022472279297309938 ‖Δρ‖ = 2.3087253929969418e-7  ‖vε - vref‖ = 0.5081458972702456  α = 0.0121
 115   -13.01123532372      -13.06       -6.07    8.81s
    ‖ρε - ρref‖ = 0.00022469014467373896 ‖Δρ‖ = 3.0276926721694646e-7  ‖vε - vref‖ = 0.5081417035555741  α = 0.00418
 116   -13.01123532372      -12.35       -5.91    11.1s
    ‖ρε - ρref‖ = 0.0002247707380293736 ‖Δρ‖ = 2.7676929621890354e-7  ‖vε - vref‖ = 0.5081489893456758  α = 0.00961
 117   -13.01123532372      -12.33       -6.31    10.7s
    ‖ρε - ρref‖ = 0.00022472791444825988 ‖Δρ‖ = 1.0284902468328794e-7  ‖vε - vref‖ = 0.5081357506174212  α = 0.0262
 118   -13.01123532372      -13.60       -5.49    8.33s
    ‖ρε - ρref‖ = 0.000225841461271087 ‖Δρ‖ = 1.580000682885253e-6  ‖vε - vref‖ = 0.5081390609048527  α = 0.000364
 119   -13.01123532372      -12.58       -5.96    10.0s
    ‖ρε - ρref‖ = 0.00022471986989263667 ‖Δρ‖ = 2.7149807063442636e-7  ‖vε - vref‖ = 0.508132877901669  α = 0.00758
 120   -13.01123532372      -12.30       -6.57    10.4s
    ‖ρε - ρref‖ = 0.00022474374169977968 ‖Δρ‖ = 4.9045359258776446e-8  ‖vε - vref‖ = 0.5081555617854074  α = 0.0558
 121   -13.01123532372      -13.15       -6.24    8.41s
    ‖ρε - ρref‖ = 0.0002247625642829451 ‖Δρ‖ = 1.9327088173523712e-7  ‖vε - vref‖ = 0.5081548228507546  α = 0.0053
 122   -13.01123532372      -13.23       -5.86    10.4s
    ‖ρε - ρref‖ = 0.00022453094990335763 ‖Δρ‖ = 4.532051332315539e-7  ‖vε - vref‖ = 0.5081454650707851  α = 0.00233
 123   -13.01123532372      -12.72       -5.80    10.7s
    ‖ρε - ρref‖ = 0.000224822051179359 ‖Δρ‖ = 3.856122210648882e-7  ‖vε - vref‖ = 0.508146071301086  α = 0.00439
 124   -13.01123532372      -12.67       -6.35    8.84s
    ‖ρε - ρref‖ = 0.00022473153962627792 ‖Δρ‖ = 1.027103000586031e-7  ‖vε - vref‖ = 0.5081343666987593  α = 0.0176
 125   -13.01123532372      -12.93       -6.35    10.9s
    ‖ρε - ρref‖ = 0.00022476561757356133 ‖Δρ‖ = 1.159640577884967e-7  ‖vε - vref‖ = 0.5081464905733969  α = 0.0118
 126   -13.01123532372      -12.70       -6.31    10.2s
    ‖ρε - ρref‖ = 0.00022472799678652821 ‖Δρ‖ = 9.820533670139455e-8  ‖vε - vref‖ = 0.5081287478470636  α = 0.0187
 127   -13.01123532372      -13.26       -6.36    8.80s
    ‖ρε - ρref‖ = 0.0002247275231885603 ‖Δρ‖ = 1.4008080814199558e-7  ‖vε - vref‖ = 0.5081313590938804  α = 0.00566
 128   -13.01123532372      -13.39       -6.02    10.9s
    ‖ρε - ρref‖ = 0.00022479098640886756 ‖Δρ‖ = 2.5032784557384884e-7  ‖vε - vref‖ = 0.508142505020186  α = 0.00388
 129   -13.01123532372      -13.12       -6.42    9.84s
    ‖ρε - ρref‖ = 0.00022473438556040468 ‖Δρ‖ = 9.774141147766304e-8  ‖vε - vref‖ = 0.5081505736816803  α = 0.0104
 130   -13.01123532372   +  -14.27       -5.85    9.35s
    ‖ρε - ρref‖ = 0.00022526748903044672 ‖Δρ‖ = 7.436724419480922e-7  ‖vε - vref‖ = 0.5081529017350047  α = 0.00035
 131   -13.01123532372      -12.73       -6.54    8.32s
    ‖ρε - ρref‖ = 0.00022473617905364136 ‖Δρ‖ = 5.493558240719356e-8  ‖vε - vref‖ = 0.5081426317655652  α = 0.0285
 132   -13.01123532372      -13.34       -6.60    10.4s
    ‖ρε - ρref‖ = 0.00022474377204014968 ‖Δρ‖ = 6.279730800195347e-8  ‖vε - vref‖ = 0.5081419566832187  α = 0.0168

#-- ‖ρε - ρref‖ = 0.00022474133863721924 vs. 1.0000000000000001e-7 = δ*ε ‖vε - vref‖ = 0.5081374623966654


# --- ε=5.623413251903491e-6

n     Energy            log10(ΔE)   log10(Δρ)   Δtime 
---   ---------------   ---------   ---------   ------
  1   -13.00917020500                   -0.13    14.1s
    ‖ρε - ρref‖ = 0.4742157420714686 ‖Δρ‖ = 0.47413115934683614  ‖vε - vref‖ = 11.317920705022239  α = 0.000155
  2   -13.00935587093       -3.73       -0.67    9.66s
    ‖ρε - ρref‖ = 0.09192432509902318 ‖Δρ‖ = 0.09187661256893552  ‖vε - vref‖ = 6.644372663398972  α = 0.000419
  3   -13.00943473730       -4.10       -1.31    9.36s
    ‖ρε - ρref‖ = 0.01690488208325769 ‖Δρ‖ = 0.01687106784728831  ‖vε - vref‖ = 3.6170250672365807  α = 0.0016
  4   -13.00945255018       -4.75       -1.57    8.17s
    ‖ρε - ρref‖ = 0.009456226924172693 ‖Δρ‖ = 0.009446538980259434  ‖vε - vref‖ = 2.5633003245270287  α = 0.00136
  5   -13.00945830646       -5.24       -1.90    10.6s
    ‖ρε - ρref‖ = 0.004377558356282172 ‖Δρ‖ = 0.004362380031853721  ‖vε - vref‖ = 2.040314843906601  α = 0.00167
  6   -13.00946366304       -5.27       -2.08    9.77s
    ‖ρε - ρref‖ = 0.002248081131169125 ‖Δρ‖ = 0.002237541893631075  ‖vε - vref‖ = 1.514338930759232  α = 0.00328
  7   -13.00946618438       -5.60       -2.43    8.66s
    ‖ρε - ρref‖ = 0.0009136250682686839 ‖Δρ‖ = 0.0009007281966817889  ‖vε - vref‖ = 1.2130473430030657  α = 0.00561
  8   -13.00946717915       -6.00       -2.78    10.7s
    ‖ρε - ρref‖ = 0.00044482251913983636 ‖Δρ‖ = 0.00042330472765626494  ‖vε - vref‖ = 1.0733702575471238  α = 0.00741
  9   -13.00946780503       -6.20       -2.77    10.3s
    ‖ρε - ρref‖ = 0.00040451866120450145 ‖Δρ‖ = 0.00038502172250801233  ‖vε - vref‖ = 0.9957621261930499  α = 0.00654
 10   -13.00946825142       -6.35       -2.91    7.67s
    ‖ρε - ρref‖ = 0.00030011322854285534 ‖Δρ‖ = 0.00027168074193289555  ‖vε - vref‖ = 0.9293943068712068  α = 0.00784
 11   -13.00946856686       -6.50       -3.10    10.5s
    ‖ρε - ρref‖ = 0.00020051333510299538 ‖Δρ‖ = 0.00015762759462065057  ‖vε - vref‖ = 0.8858412172517839  α = 0.0114
 12   -13.00946948758       -6.04       -1.55    9.73s
    ‖ρε - ρref‖ = 0.016870885080167857 ‖Δρ‖ = 0.016978106370413013  ‖vε - vref‖ = 0.3943663577643024  α = 0.000142
 13   -13.00946955765       -7.15       -2.35    8.30s
    ‖ρε - ρref‖ = 0.0019998255701384176 ‖Δρ‖ = 0.0019403300646875002  ‖vε - vref‖ = 0.3633819226951023  α = 0.000407
 14   -13.00946960074       -7.37       -3.09    10.2s
    ‖ρε - ρref‖ = 0.0003112853439068037 ‖Δρ‖ = 0.00025280716370069717  ‖vε - vref‖ = 0.36500765015507686  α = 0.00255
 15   -13.00946966491       -7.19       -3.14    10.4s
    ‖ρε - ρref‖ = 0.00020736170909326429 ‖Δρ‖ = 0.00016913624991369227  ‖vε - vref‖ = 0.3661213786651085  α = 0.00465
 16   -13.00946972008       -7.26       -2.84    8.81s
    ‖ρε - ρref‖ = 0.00038539364368905983 ‖Δρ‖ = 0.00036848751280510575  ‖vε - vref‖ = 0.3551698876549462  α = 0.00194
 17   -13.00946975920       -7.41       -2.97    10.5s
    ‖ρε - ρref‖ = 0.0002877629077162963 ‖Δρ‖ = 0.0002682638804901652  ‖vε - vref‖ = 0.34744876113694506  α = 0.00232
 18   -13.00946980688       -7.32       -3.25    10.1s
    ‖ρε - ρref‖ = 0.00017598374507529535 ‖Δρ‖ = 0.00011853815463092977  ‖vε - vref‖ = 0.3471522939279455  α = 0.00586
 19   -13.00946983872       -7.50       -3.42    8.81s
    ‖ρε - ρref‖ = 0.00015309302006214276 ‖Δρ‖ = 8.498101774445184e-5  ‖vε - vref‖ = 0.34939057451253397  α = 0.00662
 20   -13.00946986922       -7.52       -3.70    10.9s
    ‖ρε - ρref‖ = 0.0001320984140077949 ‖Δρ‖ = 3.9153165856915525e-5  ‖vε - vref‖ = 0.3558875649680845  α = 0.0139
 21   -13.00946988533       -7.79       -3.44    10.7s
    ‖ρε - ρref‖ = 0.0001512479886467091 ‖Δρ‖ = 8.026442296811072e-5  ‖vε - vref‖ = 0.3598763990963736  α = 0.00497
 22   -13.00946990483       -7.71       -3.84    8.76s
    ‖ρε - ρref‖ = 0.00012884318677013862 ‖Δρ‖ = 2.848895325387685e-5  ‖vε - vref‖ = 0.3652733579324526  α = 0.0154
 23   -13.00946991766       -7.89       -3.68    10.9s
    ‖ρε - ρref‖ = 0.00011341145960025467 ‖Δρ‖ = 4.544483127391374e-5  ‖vε - vref‖ = 0.370293405078255  α = 0.00713
 24   -13.00946992680       -8.04       -2.35    10.7s
    ‖ρε - ρref‖ = 0.0011505033024546158 ‖Δρ‖ = 0.0010838818198384873  ‖vε - vref‖ = 0.37341664885092135  α = 0.00024
 25   -13.00946992820       -8.85       -3.49    8.54s
    ‖ρε - ρref‖ = 0.00021759224489754803 ‖Δρ‖ = 0.0001266539937924858  ‖vε - vref‖ = 0.37506985138707016  α = 0.000883
 26   -13.00946994209       -7.86       -3.64    10.8s
    ‖ρε - ρref‖ = 0.00013642441113354621 ‖Δρ‖ = 4.6606327220132975e-5  ‖vε - vref‖ = 0.3811912115925164  α = 0.00779
 27   -13.00946994683       -8.32       -3.41    10.6s
    ‖ρε - ρref‖ = 0.00014895724837286903 ‖Δρ‖ = 0.00011302362759336205  ‖vε - vref‖ = 0.3808897154327784  α = 0.00182
 28   -13.00946995364       -8.17       -3.47    8.79s
    ‖ρε - ρref‖ = 0.00014815666635146002 ‖Δρ‖ = 8.676657570801052e-5  ‖vε - vref‖ = 0.3803700612260655  α = 0.0029
 29   -13.00946995727       -8.44       -3.56    11.0s
    ‖ρε - ρref‖ = 0.00015478145603156193 ‖Δρ‖ = 8.160764882746798e-5  ‖vε - vref‖ = 0.3814815855492183  α = 0.00226
 30   -13.00946996684       -8.02       -3.87    8.69s
    ‖ρε - ρref‖ = 0.0001310625806407014 ‖Δρ‖ = 2.8602504935488043e-5  ‖vε - vref‖ = 0.386409838550847  α = 0.0105
 31   -13.00946997794       -7.95       -3.93    11.1s
    ‖ρε - ρref‖ = 0.00012809679589173217 ‖Δρ‖ = 2.3084255577914807e-5  ‖vε - vref‖ = 0.38913426154428055  α = 0.0138
 32   -13.00946998209       -8.38       -3.78    10.7s
    ‖ρε - ρref‖ = 0.00013700137455100974 ‖Δρ‖ = 4.284279338220279e-5  ‖vε - vref‖ = 0.39060399515314875  α = 0.0046
 33   -13.00946998761       -8.26       -4.06    8.72s
    ‖ρε - ρref‖ = 0.00012463664319260938 ‖Δρ‖ = 1.9188327329609506e-5  ‖vε - vref‖ = 0.3875508248729435  α = 0.0118
 34   -13.00946999362       -8.22       -3.81    11.0s
    ‖ρε - ρref‖ = 0.00013666593882039044 ‖Δρ‖ = 3.1611942023966834e-5  ‖vε - vref‖ = 0.3898414733842742  α = 0.00749
 35   -13.00946999382       -9.70       -3.69    10.9s
    ‖ρε - ρref‖ = 8.52444384113687e-5 ‖Δρ‖ = 0.000110582546099509  ‖vε - vref‖ = 0.3894819428334932  α = 0.000322
 36   -13.00946999877       -8.31       -3.78    8.77s
    ‖ρε - ρref‖ = 0.00012303833604589343 ‖Δρ‖ = 3.42004932615261e-5  ‖vε - vref‖ = 0.38666444453716486  α = 0.00619
 37   -13.00947000040       -8.79       -3.17    10.8s
    ‖ρε - ρref‖ = 0.00027831907222508 ‖Δρ‖ = 0.00020218717357228954  ‖vε - vref‖ = 0.3868955340537391  α = 0.000595
 38   -13.00947000208       -8.78       -3.86    10.2s
    ‖ρε - ρref‖ = 0.00013482239240809502 ‖Δρ‖ = 3.6146601218475764e-5  ‖vε - vref‖ = 0.38733780041383054  α = 0.00353
 39   -13.00947000271       -9.19       -4.23    8.05s
    ‖ρε - ρref‖ = 0.00012468622568179963 ‖Δρ‖ = 1.9802518636589148e-5  ‖vε - vref‖ = 0.38693958960727337  α = 0.00377
 40   -13.00947000640       -8.43       -3.80    9.93s
    ‖ρε - ρref‖ = 0.00013066999622059542 ‖Δρ‖ = 2.980040328917349e-5  ‖vε - vref‖ = 0.38556064759129904  α = 0.00615
 41   -13.00947000728       -9.06       -3.88    10.6s
    ‖ρε - ρref‖ = 0.00013663333210163763 ‖Δρ‖ = 3.961155846799924e-5  ‖vε - vref‖ = 0.385367938716975  α = 0.00228
 42   -13.00947000907       -8.75       -4.04    8.69s
    ‖ρε - ρref‖ = 0.00012588996215143273 ‖Δρ‖ = 2.041598645965905e-5  ‖vε - vref‖ = 0.38330937466720033  α = 0.0064
 43   -13.00947001046       -8.86       -4.22    10.6s
    ‖ρε - ρref‖ = 0.00012851670693359425 ‖Δρ‖ = 1.3425771943522941e-5  ‖vε - vref‖ = 0.3836196217106559  α = 0.00863
 44   -13.00947001165       -8.92       -4.33    9.94s
    ‖ρε - ρref‖ = 0.0001267611550631872 ‖Δρ‖ = 1.016621079477165e-5  ‖vε - vref‖ = 0.3828067562856571  α = 0.0105
 45   -13.00947001294       -8.89       -4.41    8.26s
    ‖ρε - ρref‖ = 0.00012604268998965085 ‖Δρ‖ = 7.819198707165996e-6  ‖vε - vref‖ = 0.38129257244429526  α = 0.0142
 46   -13.00947001325       -9.52       -4.24    10.7s
    ‖ρε - ρref‖ = 0.0001398210193624361 ‖Δρ‖ = 1.9041876916921797e-5  ‖vε - vref‖ = 0.3818965523213558  α = 0.00244
 47   -13.00947001415       -9.04       -3.17    8.79s
    ‖ρε - ρref‖ = 0.0001755945785457812 ‖Δρ‖ = 0.00015296967095275162  ‖vε - vref‖ = 0.3820019769222085  α = 0.000574
 48   -13.00947001442       -9.56       -4.09    10.8s
    ‖ρε - ρref‖ = 0.00011989500292789973 ‖Δρ‖ = 2.5748145870499566e-5  ‖vε - vref‖ = 0.3818798206317287  α = 0.00193
 49   -13.00947001498       -9.26       -3.73    11.0s
    ‖ρε - ρref‖ = 0.00014954548671962996 ‖Δρ‖ = 4.8589695266199334e-5  ‖vε - vref‖ = 0.3827239241237207  α = 0.00147
 50   -13.00947001551       -9.27       -4.37    8.70s
    ‖ρε - ρref‖ = 0.00012572980427623745 ‖Δρ‖ = 1.0675112231520354e-5  ‖vε - vref‖ = 0.3819017668777723  α = 0.00665
 51   -13.00947001575       -9.62       -4.14    11.0s
    ‖ρε - ρref‖ = 0.00012418422949706087 ‖Δρ‖ = 2.3017308358748366e-5  ‖vε - vref‖ = 0.3816142116970493  α = 0.00202
 52   -13.00947001647       -9.14       -4.10    10.4s
    ‖ρε - ρref‖ = 0.00013011574003307045 ‖Δρ‖ = 1.756279034997371e-5  ‖vε - vref‖ = 0.38215763543000636  α = 0.0047
 53   -13.00947001702       -9.26       -4.31    8.79s
    ‖ρε - ρref‖ = 0.00012777476217853238 ‖Δρ‖ = 1.217799604980495e-5  ‖vε - vref‖ = 0.3822753886229171  α = 0.00583
 54   -13.00947001763       -9.22       -3.99    10.6s
    ‖ρε - ρref‖ = 0.00012439469516100485 ‖Δρ‖ = 2.5194058995072133e-5  ‖vε - vref‖ = 0.3817403317259356  α = 0.00297
 55   -13.00947001793       -9.52       -4.40    7.90s
    ‖ρε - ρref‖ = 0.00012896801485705778 ‖Δρ‖ = 1.0490395486118724e-5  ‖vε - vref‖ = 0.3827132523121434  α = 0.00516
 56   -13.00947001885       -9.03       -4.61    11.2s
    ‖ρε - ρref‖ = 0.0001266718018509286 ‖Δρ‖ = 4.582862086325308e-6  ‖vε - vref‖ = 0.3843132103088143  α = 0.0199
 57   -13.00947001937       -9.28       -4.74    10.1s
    ‖ρε - ρref‖ = 0.00012596272413854692 ‖Δρ‖ = 3.736853889031319e-6  ‖vε - vref‖ = 0.38384358074845454  α = 0.0184
 58   -13.00947001940      -10.45       -3.91    8.41s
    ‖ρε - ρref‖ = 0.00017314806830036927 ‖Δρ‖ = 5.893034754303226e-5  ‖vε - vref‖ = 0.38397762829051435  α = 0.000257
 59   -13.00947001984       -9.36       -4.14    10.4s
    ‖ρε - ρref‖ = 0.0001275856773032869 ‖Δρ‖ = 1.6145589614044165e-5  ‖vε - vref‖ = 0.3841961308003384  α = 0.00389
 60   -13.00947001988      -10.36       -4.36    10.4s
    ‖ρε - ρref‖ = 0.00011966733317844952 ‖Δρ‖ = 1.660013935231646e-5  ‖vε - vref‖ = 0.38407362735890965  α = 0.00119
 61   -13.00947002024       -9.45       -4.32    8.10s
    ‖ρε - ρref‖ = 0.00012837356949960713 ‖Δρ‖ = 1.0496525644309232e-5  ‖vε - vref‖ = 0.3847771067876457  α = 0.00549
 62   -13.00947002046       -9.66       -4.58    9.80s
    ‖ρε - ρref‖ = 0.00012720566739234053 ‖Δρ‖ = 6.071830480684624e-6  ‖vε - vref‖ = 0.38511151031988344  α = 0.00751
 63   -13.00947002055      -10.03       -4.17    10.2s
    ‖ρε - ρref‖ = 0.00012452469101423093 ‖Δρ‖ = 2.070905221096774e-5  ‖vε - vref‖ = 0.3850731493963063  α = 0.00138
 64   -13.00947002069       -9.85       -4.49    8.71s
    ‖ρε - ρref‖ = 0.00012653779616641345 ‖Δρ‖ = 8.023215706950953e-6  ‖vε - vref‖ = 0.38508167308431834  α = 0.00452
 65   -13.00947002084       -9.81       -4.72    10.6s
    ‖ρε - ρref‖ = 0.00012757676338638044 ‖Δρ‖ = 4.673206984662573e-6  ‖vε - vref‖ = 0.385620766318998  α = 0.00811
 66   -13.00947002102       -9.76       -4.32    8.75s
    ‖ρε - ρref‖ = 0.0001256619066841116 ‖Δρ‖ = 1.1225467864645696e-5  ‖vε - vref‖ = 0.3855512634121764  α = 0.0036
 67   -13.00947002129       -9.56       -4.31    9.63s
    ‖ρε - ρref‖ = 0.0001258515970661858 ‖Δρ‖ = 9.685542424508431e-6  ‖vε - vref‖ = 0.3852719281066927  α = 0.00517
 68   -13.00947002139      -10.01       -4.71    9.61s
    ‖ρε - ρref‖ = 0.00012773843412605508 ‖Δρ‖ = 4.718128719006833e-6  ‖vε - vref‖ = 0.38604415049465274  α = 0.00656
 69   -13.00947002149      -10.00       -4.80    8.34s
    ‖ρε - ρref‖ = 0.00012587513606706694 ‖Δρ‖ = 3.641187780318013e-6  ‖vε - vref‖ = 0.3861533597592715  α = 0.00849
 70   -13.00947002150      -10.89       -3.95    11.0s
    ‖ρε - ρref‖ = 0.0001633155743459769 ‖Δρ‖ = 4.9126712561602764e-5  ‖vε - vref‖ = 0.3862480135378793  α = 0.000187
 71   -13.00947002164       -9.86       -4.67    8.79s
    ‖ρε - ρref‖ = 0.0001264526658558831 ‖Δρ‖ = 4.471834769134536e-6  ‖vε - vref‖ = 0.38609987420301917  α = 0.0081
 72   -13.00947002166      -10.72       -4.75    11.0s
    ‖ρε - ρref‖ = 0.0001235696069081306 ‖Δρ‖ = 6.527842760728879e-6  ‖vε - vref‖ = 0.38597106432407274  α = 0.00199
 73   -13.00947002179       -9.87       -4.36    9.76s
    ‖ρε - ρref‖ = 0.00012805650957305526 ‖Δρ‖ = 8.77551607405073e-6  ‖vε - vref‖ = 0.3859816107976338  α = 0.00407
 74   -13.00947002192       -9.91       -4.96    8.22s
    ‖ρε - ρref‖ = 0.00012656579987414625 ‖Δρ‖ = 2.466081717883485e-6  ‖vε - vref‖ = 0.3859176845399962  α = 0.0135
 75   -13.00947002196      -10.37       -4.57    10.8s
    ‖ρε - ρref‖ = 0.00012556768364415294 ‖Δρ‖ = 8.553353185215221e-6  ‖vε - vref‖ = 0.385899047077249  α = 0.00223
 76   -13.00947002204      -10.09       -4.43    10.6s
    ‖ρε - ρref‖ = 0.0001279222921153271 ‖Δρ‖ = 9.15624512269409e-6  ‖vε - vref‖ = 0.38610217563359195  α = 0.003
 77   -13.00947002216       -9.94       -4.93    8.08s
    ‖ρε - ρref‖ = 0.00012665560726368228 ‖Δρ‖ = 2.4326431378397674e-6  ‖vε - vref‖ = 0.3862928483492975  α = 0.0134
 78   -13.00947002219      -10.43       -4.72    10.9s
    ‖ρε - ρref‖ = 0.00012616815808256515 ‖Δρ‖ = 5.426848420217329e-6  ‖vε - vref‖ = 0.38623905032128725  α = 0.00347
 79   -13.00947002225      -10.26       -4.68    8.70s
    ‖ρε - ρref‖ = 0.00012722958428313245 ‖Δρ‖ = 5.215493949299281e-6  ‖vε - vref‖ = 0.3862598223698315  α = 0.00429
 80   -13.00947002231      -10.21       -4.70    9.74s
    ‖ρε - ρref‖ = 0.00012601826266962958 ‖Δρ‖ = 4.571866932075374e-6  ‖vε - vref‖ = 0.38594926329078166  α = 0.00521
 81   -13.00947002233      -10.77       -5.02    9.85s
    ‖ρε - ρref‖ = 0.00012523036831375714 ‖Δρ‖ = 3.0887682457684836e-6  ‖vε - vref‖ = 0.38595012052695066  α = 0.00364
 82   -13.00947002237      -10.35       -3.80    7.62s
    ‖ρε - ρref‖ = 0.00014987041328478937 ‖Δρ‖ = 3.773719418815515e-5  ‖vε - vref‖ = 0.38623987532785414  α = 0.000511
 83   -13.00947002243      -10.26       -4.79    10.2s
    ‖ρε - ρref‖ = 0.0001260387290090058 ‖Δρ‖ = 3.594489929262143e-6  ‖vε - vref‖ = 0.3857870706956782  α = 0.00637
 84   -13.00947002244      -11.01       -4.84    8.37s
    ‖ρε - ρref‖ = 0.00012421557266628747 ‖Δρ‖ = 5.062808697099705e-6  ‖vε - vref‖ = 0.38565005157718935  α = 0.00185
 85   -13.00947002247      -10.44       -4.46    10.6s
    ‖ρε - ρref‖ = 0.00012826121807395322 ‖Δρ‖ = 7.911662014676501e-6  ‖vε - vref‖ = 0.38554908743501476  α = 0.00235
 86   -13.00947002252      -10.35       -4.90    11.0s
    ‖ρε - ρref‖ = 0.0001265930847929825 ‖Δρ‖ = 2.590357573480927e-6  ‖vε - vref‖ = 0.38548871277053176  α = 0.00799
 87   -13.00947002254      -10.64       -5.32    8.80s
    ‖ρε - ρref‖ = 0.00012648125432626993 ‖Δρ‖ = 1.1691771408774576e-6  ‖vε - vref‖ = 0.3855527179783741  α = 0.0124
 88   -13.00947002255      -10.83       -4.53    11.2s
    ‖ρε - ρref‖ = 0.000128262318610941 ‖Δρ‖ = 8.440241491285823e-6  ‖vε - vref‖ = 0.3856401372540743  α = 0.00136
 89   -13.00947002258      -10.57       -5.10    8.84s
    ‖ρε - ρref‖ = 0.00012652694023638716 ‖Δρ‖ = 1.7294413227098192e-6  ‖vε - vref‖ = 0.38562592859603273  α = 0.00929
 90   -13.00947002261      -10.51       -5.36    11.1s
    ‖ρε - ρref‖ = 0.0001264707310861502 ‖Δρ‖ = 1.0152240020221383e-6  ‖vε - vref‖ = 0.3854521966075808  α = 0.0165
 91   -13.00947002264      -10.51       -4.87    10.9s
    ‖ρε - ρref‖ = 0.00012706757732768853 ‖Δρ‖ = 3.2249907985522167e-6  ‖vε - vref‖ = 0.3854506884271192  α = 0.00515
 92   -13.00947002267      -10.60       -4.65    8.06s
    ‖ρε - ρref‖ = 0.00012645662188208987 ‖Δρ‖ = 5.80786810131327e-6  ‖vε - vref‖ = 0.38532635486006794  α = 0.00259
 93   -13.00947002267      -11.88       -4.77    10.9s
    ‖ρε - ρref‖ = 0.00011994146253692529 ‖Δρ‖ = 9.196182064547952e-6  ‖vε - vref‖ = 0.38529146041263873  α = 0.000313
 94   -13.00947002269      -10.74       -4.83    8.87s
    ‖ρε - ρref‖ = 0.00012662049433323212 ‖Δρ‖ = 3.5766399240851545e-6  ‖vε - vref‖ = 0.3851937111226182  α = 0.00369
 95   -13.00947002270      -10.78       -5.10    11.0s
    ‖ρε - ρref‖ = 0.0001268582699228353 ‖Δρ‖ = 1.9588007308492053e-6  ‖vε - vref‖ = 0.38530368524466263  α = 0.00631
 96   -13.00947002271      -11.31       -5.00    10.9s
    ‖ρε - ρref‖ = 0.00012504462494078629 ‖Δρ‖ = 3.309524856397753e-6  ‖vε - vref‖ = 0.3852611404522475  α = 0.002
 97   -13.00947002273      -10.71       -4.59    8.31s
    ‖ρε - ρref‖ = 0.00012743815860234752 ‖Δρ‖ = 5.474950314006759e-6  ‖vε - vref‖ = 0.38535348646536216  α = 0.00245
 98   -13.00947002274      -11.03       -5.25    10.3s
    ‖ρε - ρref‖ = 0.00012683566691844633 ‖Δρ‖ = 1.383533458350909e-6  ‖vε - vref‖ = 0.38549176709003424  α = 0.00689
 99   -13.00947002275      -10.81       -5.20    8.70s
    ‖ρε - ρref‖ = 0.00012636640560581748 ‖Δρ‖ = 1.2433000881616475e-6  ‖vε - vref‖ = 0.38530555562855473  α = 0.00974
 100   -13.00947002275      -11.81       -5.25    10.9s
    ‖ρε - ρref‖ = 0.00012681108605438232 ‖Δρ‖ = 2.1048687088691794e-6  ‖vε - vref‖ = 0.3852993005189779  α = 0.00175
 101   -13.00947002276      -11.04       -5.33    10.5s
    ‖ρε - ρref‖ = 0.00012639692028604022 ‖Δρ‖ = 1.1046930470198679e-6  ‖vε - vref‖ = 0.38522055417140744  α = 0.00845
 102   -13.00947002278      -10.70       -5.23    8.05s
    ‖ρε - ρref‖ = 0.0001266544413310292 ‖Δρ‖ = 1.1042088323382205e-6  ‖vε - vref‖ = 0.3854357899818567  α = 0.012
 103   -13.00947002279      -11.01       -5.60    9.90s
    ‖ρε - ρref‖ = 0.00012655556430346567 ‖Δρ‖ = 5.815118319437548e-7  ‖vε - vref‖ = 0.38550684491441145  α = 0.0162
 104   -13.00947002279      -11.77       -5.09    7.66s
    ‖ρε - ρref‖ = 0.00012804798405589425 ‖Δρ‖ = 3.074036356039147e-6  ‖vε - vref‖ = 0.38553257662136114  α = 0.00113
 105   -13.00947002280      -11.47       -4.43    10.6s
    ‖ρε - ρref‖ = 0.00012173536454045492 ‖Δρ‖ = 1.1483371507353413e-5  ‖vε - vref‖ = 0.38550596071772447  α = 0.000464
 106   -13.00947002281      -11.10       -5.06    11.0s
    ‖ρε - ρref‖ = 0.00012680961569303047 ‖Δρ‖ = 1.989169945539653e-6  ‖vε - vref‖ = 0.38557655619902825  α = 0.00435
 107   -13.00947002281      -11.31       -5.29    8.93s
    ‖ρε - ρref‖ = 0.00012655761403077812 ‖Δρ‖ = 1.1856156364981152e-6  ‖vε - vref‖ = 0.3855380970791514  α = 0.00581
 108   -13.00947002281      -12.13       -5.11    11.1s
    ‖ρε - ρref‖ = 0.00012510578650977382 ‖Δρ‖ = 2.9970830683823355e-6  ‖vε - vref‖ = 0.38550993320942173  α = 0.00086
 109   -13.00947002282      -11.38       -5.29    8.74s
    ‖ρε - ρref‖ = 0.00012670878920677736 ‖Δρ‖ = 1.2596180115127889e-6  ‖vε - vref‖ = 0.38551420190782987  α = 0.00501
 110   -13.00947002282      -11.25       -5.42    10.6s
    ‖ρε - ρref‖ = 0.00012643489900144848 ‖Δρ‖ = 8.777421586634452e-7  ‖vε - vref‖ = 0.38547808091758556  α = 0.00819
 111   -13.00947002283      -11.25       -5.42    10.0s
    ‖ρε - ρref‖ = 0.00012671202777606342 ‖Δρ‖ = 8.351630366068687e-7  ‖vε - vref‖ = 0.38566482428978255  α = 0.00869
 112   -13.00947002283      -11.72       -5.44    7.89s
    ‖ρε - ρref‖ = 0.00012659892426408466 ‖Δρ‖ = 1.0537705581798457e-6  ‖vε - vref‖ = 0.3856683253740949  α = 0.00397
 113   -13.00947002283      -11.60       -5.07    10.0s
    ‖ρε - ρref‖ = 0.00012601839332688429 ‖Δρ‖ = 2.2971752354765325e-6  ‖vε - vref‖ = 0.3856316924047519  α = 0.00207
 114   -13.00947002283      -11.47       -5.41    8.26s
    ‖ρε - ρref‖ = 0.000126622569752577 ‖Δρ‖ = 9.035971729553494e-7  ‖vε - vref‖ = 0.3856615915944325  α = 0.0063
 115   -13.00947002284      -11.32       -5.74    11.1s
    ‖ρε - ρref‖ = 0.0001265378642122607 ‖Δρ‖ = 3.833562021295349e-7  ‖vε - vref‖ = 0.3856835345257506  α = 0.0174
 116   -13.00947002284      -12.83       -5.40    8.78s
    ‖ρε - ρref‖ = 0.00012802383272816895 ‖Δρ‖ = 2.1222067802920458e-6  ‖vε - vref‖ = 0.38569277517333445  α = 0.000475
 117   -13.00947002284      -11.37       -5.25    11.0s
    ‖ρε - ρref‖ = 0.00012634078922708474 ‖Δρ‖ = 1.1588482544071378e-6  ‖vε - vref‖ = 0.3856701813583081  α = 0.00537
 118   -13.00947002285      -11.68       -5.40    11.0s
    ‖ρε - ρref‖ = 0.00012674694892646736 ‖Δρ‖ = 1.0289752542070594e-6  ‖vε - vref‖ = 0.38573789102445627  α = 0.00427
 119   -13.00947002285      -11.90       -5.27    8.38s
    ‖ρε - ρref‖ = 0.00012667529637605242 ‖Δρ‖ = 1.5023210479598368e-6  ‖vε - vref‖ = 0.3857646453949328  α = 0.00232
 120   -13.00947002285      -12.46       -5.42    10.5s
    ‖ρε - ρref‖ = 0.00012582244833992694 ‖Δρ‖ = 1.4714551544631347e-6  ‖vε - vref‖ = 0.3857479634122196  α = 0.00116
 121   -13.00947002285      -11.50       -5.44    8.35s
    ‖ρε - ρref‖ = 0.0001265967823306761 ‖Δρ‖ = 7.925748008141051e-7  ‖vε - vref‖ = 0.38571687176724934  α = 0.00677
 122   -13.00947002285      -11.65       -5.62    10.4s
    ‖ρε - ρref‖ = 0.00012655412716966515 ‖Δρ‖ = 5.518113770446083e-7  ‖vε - vref‖ = 0.3856996645402452  α = 0.00828
 123   -13.00947002285      -11.77       -5.54    8.67s
    ‖ρε - ρref‖ = 0.00012649066325936035 ‖Δρ‖ = 6.853970621882412e-7  ‖vε - vref‖ = 0.3856735444049628  α = 0.00585
 124   -13.00947002286      -11.95       -5.79    11.0s
    ‖ρε - ρref‖ = 0.00012665367987514133 ‖Δρ‖ = 4.2267029852771527e-7  ‖vε - vref‖ = 0.385724438440348  α = 0.00761
 125   -13.00947002286      -12.08       -5.25    9.79s
    ‖ρε - ρref‖ = 0.00012644902509169044 ‖Δρ‖ = 1.5931547665483885e-6  ‖vε - vref‖ = 0.3857375620280188  α = 0.00167
 126   -13.00947002286      -11.77       -5.45    7.93s
    ‖ρε - ρref‖ = 0.0001264928400162871 ‖Δρ‖ = 7.396844120743275e-7  ‖vε - vref‖ = 0.3857129963278593  α = 0.00546
 127   -13.00947002286      -11.99       -5.85    10.9s
    ‖ρε - ρref‖ = 0.00012654045275563194 ‖Δρ‖ = 3.243804367194573e-7  ‖vε - vref‖ = 0.38570136632422314  α = 0.00969
 128   -13.00947002286      -12.99       -5.16    8.78s
    ‖ρε - ρref‖ = 0.00012887977923726714 ‖Δρ‖ = 3.3119047349117823e-6  ‖vε - vref‖ = 0.38570624577995233  α = 0.000241
 129   -13.00947002286      -11.92       -5.44    11.2s
    ‖ρε - ρref‖ = 0.00012639964979448763 ‖Δρ‖ = 7.664962565837488e-7  ‖vε - vref‖ = 0.3856387802095974  α = 0.00445
 130   -13.00947002286      -12.05       -6.03    10.3s
    ‖ρε - ρref‖ = 0.00012656171898126935 ‖Δρ‖ = 2.175245283284471e-7  ‖vε - vref‖ = 0.3856534002687123  α = 0.0134
 131   -13.00947002286      -12.09       -5.87    8.72s
    ‖ρε - ρref‖ = 0.00012663692803378682 ‖Δρ‖ = 3.3530751926226126e-7  ‖vε - vref‖ = 0.38566687809666234  α = 0.00788
 132   -13.00947002286      -12.13       -4.92    11.2s
    ‖ρε - ρref‖ = 0.0001254580126740599 ‖Δρ‖ = 2.948294815088358e-6  ‖vε - vref‖ = 0.3856489266860491  α = 0.000898
 133   -13.00947002286      -12.42       -5.44    8.18s
    ‖ρε - ρref‖ = 0.00012681954718744221 ‖Δρ‖ = 1.1271295010687193e-6  ‖vε - vref‖ = 0.3856604878791153  α = 0.00161
 134   -13.00947002286      -12.01       -6.03    10.5s
    ‖ρε - ρref‖ = 0.00012653049349270996 ‖Δρ‖ = 1.9807865107463982e-7  ‖vε - vref‖ = 0.3856307632979536  α = 0.0151
 135   -13.00947002286      -12.24       -5.84    7.90s
    ‖ρε - ρref‖ = 0.00012659029724850838 ‖Δρ‖ = 3.4130460542587466e-7  ‖vε - vref‖ = 0.3856437428970574  α = 0.00698
 136   -13.00947002287      -12.20       -5.99    11.4s
    ‖ρε - ρref‖ = 0.00012653844871811056 ‖Δρ‖ = 2.341782539584385e-7  ‖vε - vref‖ = 0.3856085340154141  α = 0.0102
 137   -13.00947002287      -12.59       -5.52    8.80s
    ‖ρε - ρref‖ = 0.00012638571800175868 ‖Δρ‖ = 8.960373224535628e-7  ‖vε - vref‖ = 0.385590665559885  α = 0.00169
 138   -13.00947002287      -12.35       -5.62    11.1s
    ‖ρε - ρref‖ = 0.00012660649482463103 ‖Δρ‖ = 6.015746273873244e-7  ‖vε - vref‖ = 0.3855814707251384  α = 0.00331
 139   -13.00947002287      -12.42       -5.99    10.3s
    ‖ρε - ρref‖ = 0.00012645316875329988 ‖Δρ‖ = 2.4509156988602193e-7  ‖vε - vref‖ = 0.385562884742219  α = 0.00763
 140   -13.00947002287      -12.78       -4.79    8.55s
    ‖ρε - ρref‖ = 0.000129521126617458 ‖Δρ‖ = 5.352617959287878e-6  ‖vε - vref‖ = 0.38556769774047206  α = 0.000196
 141   -13.00947002287      -12.49       -5.97    10.9s
    ‖ρε - ρref‖ = 0.00012659794895972256 ‖Δρ‖ = 2.562194545856362e-7  ‖vε - vref‖ = 0.38559843261772314  α = 0.007
 142   -13.00947002287      -12.37       -6.01    8.20s
    ‖ρε - ρref‖ = 0.00012651803695016984 ‖Δρ‖ = 2.106602150539397e-7  ‖vε - vref‖ = 0.3855853319855069  α = 0.00949
 143   -13.00947002287      -12.69       -6.06    10.8s
    ‖ρε - ρref‖ = 0.00012660988779287613 ‖Δρ‖ = 2.198913540319241e-7  ‖vε - vref‖ = 0.38560012529308635  α = 0.00651
 144   -13.00947002287      -13.03       -5.38    7.59s
    ‖ρε - ρref‖ = 0.00012602748044334485 ‖Δρ‖ = 1.3638185511503192e-6  ‖vε - vref‖ = 0.3855968237216685  α = 0.000698
 145   -13.00947002287      -12.33       -5.99    11.0s
    ‖ρε - ρref‖ = 0.00012657331788951505 ‖Δρ‖ = 2.109475176226235e-7  ‖vε - vref‖ = 0.3856164357312485  α = 0.00977
 146   -13.00947002287      -12.79       -5.95    10.9s
    ‖ρε - ρref‖ = 0.0001264859379564331 ‖Δρ‖ = 3.2571190354301524e-7  ‖vε - vref‖ = 0.3856033706370223  α = 0.00382
 147   -13.00947002287      -12.24       -5.77    7.67s
    ‖ρε - ρref‖ = 0.00012654431034191948 ‖Δρ‖ = 3.183674166557593e-7  ‖vε - vref‖ = 0.385574941921405  α = 0.00709
 148   -13.00947002287      -12.64       -6.32    10.7s
    ‖ρε - ρref‖ = 0.00012656095377484942 ‖Δρ‖ = 1.0810775821220489e-7  ‖vε - vref‖ = 0.38559078563041055  α = 0.0136
 149   -13.00947002287      -12.91       -6.01    8.31s
    ‖ρε - ρref‖ = 0.00012649602708216616 ‖Δρ‖ = 2.702289185229464e-7  ‖vε - vref‖ = 0.3855858188106898  α = 0.0037
 150   -13.00947002287      -12.66       -5.64    11.0s
    ‖ρε - ρref‖ = 0.00012657036213953746 ‖Δρ‖ = 5.210600127348486e-7  ‖vε - vref‖ = 0.3855818988996497  α = 0.00268
 151   -13.00947002287      -13.41       -5.94    8.46s
    ‖ρε - ρref‖ = 0.00012627756158483587 ‖Δρ‖ = 4.596138207149056e-7  ‖vε - vref‖ = 0.3855795894692397  α = 0.000979
 152   -13.00947002287      -13.03       -5.29    11.0s
    ‖ρε - ρref‖ = 0.0001269601282337423 ‖Δρ‖ = 1.279916233067141e-6  ‖vε - vref‖ = 0.38558982501294203  α = 0.000794
 153   -13.00947002287      -12.65       -6.24    10.0s
    ‖ρε - ρref‖ = 0.00012654214186545568 ‖Δρ‖ = 1.2197889296252217e-7  ‖vε - vref‖ = 0.38559023938376924  α = 0.0116
 154   -13.00947002287      -12.83       -6.07    8.07s
    ‖ρε - ρref‖ = 0.00012656192574978122 ‖Δρ‖ = 2.0150281881765004e-7  ‖vε - vref‖ = 0.3855961475487517  α = 0.00565
 155   -13.00947002287      -13.16       -6.37    10.6s
    ‖ρε - ρref‖ = 0.00012655730045719855 ‖Δρ‖ = 1.0820321365739564e-7  ‖vε - vref‖ = 0.3855885852253988  α = 0.00782
 156   -13.00947002287      -13.34       -5.55    8.81s
    ‖ρε - ρref‖ = 0.00012610095008208812 ‖Δρ‖ = 8.650031166930302e-7  ‖vε - vref‖ = 0.38557807739867  α = 0.000747
 157   -13.00947002287      -12.85       -6.15    10.2s
    ‖ρε - ρref‖ = 0.00012657891538911308 ‖Δρ‖ = 1.5515195590085486e-7  ‖vε - vref‖ = 0.38559508289961064  α = 0.0072
 158   -13.00947002287      -12.94       -6.26    7.91s
    ‖ρε - ρref‖ = 0.0001265468168372808 ‖Δρ‖ = 1.1842907307143255e-7  ‖vε - vref‖ = 0.38560380454070736  α = 0.00915
 159   -13.00947002287      -13.57       -6.32    10.9s
    ‖ρε - ρref‖ = 0.00012656379459967615 ‖Δρ‖ = 1.4298050704443367e-7  ‖vε - vref‖ = 0.38560528525824356  α = 0.00375
 160   -13.00947002287      -13.01       -6.23    8.74s
    ‖ρε - ρref‖ = 0.00012652766182168467 ‖Δρ‖ = 1.4578881152685985e-7  ‖vε - vref‖ = 0.3855961250880516  α = 0.00576
 161   -13.00947002287      -12.72       -6.25    10.1s
    ‖ρε - ρref‖ = 0.00012654508288524756 ‖Δρ‖ = 1.0547696985631326e-7  ‖vε - vref‖ = 0.3855884460881287  α = 0.0123
 162   -13.00947002287      -13.85       -6.07    8.32s
    ‖ρε - ρref‖ = 0.000126655294418759 ‖Δρ‖ = 3.1881846852698636e-7  ‖vε - vref‖ = 0.38559050841171144  α = 0.00119
 163   -13.00947002287      -14.45       -6.05    11.3s
    ‖ρε - ρref‖ = 0.00012623164126578974 ‖Δρ‖ = 4.887368592498899e-7  ‖vε - vref‖ = 0.38558914160537033  α = 0.000368
 164   -13.00947002287      -12.92       -6.04    11.0s
    ‖ρε - ρref‖ = 0.00012655422005565544 ‖Δρ‖ = 1.8389464862431849e-7  ‖vε - vref‖ = 0.38559391222888934  α = 0.00571
 165   -13.00947002287      -13.22       -6.42    8.70s
    ‖ρε - ρref‖ = 0.0001265568160315069 ‖Δρ‖ = 9.174684064421195e-8  ‖vε - vref‖ = 0.3856019764952446  α = 0.00858
 166   -13.00947002287      -13.09       -6.28    11.0s
    ‖ρε - ρref‖ = 0.00012653274739400704 ‖Δρ‖ = 1.2181598928256712e-7  ‖vε - vref‖ = 0.3855977425121683  α = 0.00636
 167   -13.00947002287      -13.52       -6.44    8.51s
    ‖ρε - ρref‖ = 0.0001265788046792007 ‖Δρ‖ = 8.899447650999805e-8  ‖vε - vref‖ = 0.3856046823854154  α = 0.00748
 168   -13.00947002287      -13.57       -5.62    10.2s
    ‖ρε - ρref‖ = 0.00012629125907943206 ‖Δρ‖ = 7.114052407232997e-7  ‖vε - vref‖ = 0.385602312471187  α = 0.000679
 169   -13.00947002287      -13.39       -6.34    7.75s
    ‖ρε - ρref‖ = 0.00012653830038542694 ‖Δρ‖ = 1.1015902499229352e-7  ‖vε - vref‖ = 0.3855970961851048  α = 0.00538
 170   -13.00947002287      -13.34       -6.63    11.5s
    ‖ρε - ρref‖ = 0.00012655143810808242 ‖Δρ‖ = 5.2730230913959797e-8  ‖vε - vref‖ = 0.3855993581179953  α = 0.012
 171   -13.00947002287      -13.34       -6.43    8.74s
    ‖ρε - ρref‖ = 0.00012653902288784424 ‖Δρ‖ = 7.925146373465875e-8  ‖vε - vref‖ = 0.3855958721878422  α = 0.0084
 172   -13.00947002287      -13.60       -6.52    11.1s
    ‖ρε - ρref‖ = 0.00012654841538948681 ‖Δρ‖ = 8.297464412879454e-8  ‖vε - vref‖ = 0.38560129490668643  α = 0.00536
 173   -13.00947002287      -14.05       -6.31    11.0s
    ‖ρε - ρref‖ = 0.0001265754714686001 ‖Δρ‖ = 1.4428803384503018e-7  ‖vε - vref‖ = 0.3856080942399474  α = 0.00245
 174   -13.00947002287   +    -Inf       -6.57    8.76s
    ‖ρε - ρref‖ = 0.00012660888404501062 ‖Δρ‖ = 9.248274334250136e-8  ‖vε - vref‖ = 0.38561203748996703  α = 0.00273
 175   -13.00947002287      -13.57       -5.48    10.8s
    ‖ρε - ρref‖ = 0.0001263910367496748 ‖Δρ‖ = 7.664852646634219e-7  ‖vε - vref‖ = 0.38561540829299074  α = 0.000601
 176   -13.00947002287      -13.71       -5.92    7.89s
    ‖ρε - ρref‖ = 0.00012650067792739801 ‖Δρ‖ = 3.229562260458788e-7  ‖vε - vref‖ = 0.38561558673697344  α = 0.00127
 177   -13.00947002287      -13.55       -6.57    11.2s
    ‖ρε - ρref‖ = 0.0001265413806504433 ‖Δρ‖ = 5.512125015891941e-8  ‖vε - vref‖ = 0.3856064310285834  α = 0.0106
 178   -13.00947002287      -13.64       -6.53    8.58s
    ‖ρε - ρref‖ = 0.0001265524103824108 ‖Δρ‖ = 6.479388469653414e-8  ‖vε - vref‖ = 0.38560759809480977  α = 0.00738
 179   -13.00947002287      -13.55       -6.91    9.95s
    ‖ρε - ρref‖ = 0.0001265536320375671 ‖Δρ‖ = 2.9775314770528264e-8  ‖vε - vref‖ = 0.3856063159550585  α = 0.0151
 180   -13.00947002287      -13.71       -5.76    8.37s
    ‖ρε - ρref‖ = 0.00012633022323860996 ‖Δρ‖ = 4.883014789418564e-7  ‖vε - vref‖ = 0.38560155917589733  α = 0.000756
 181   -13.00947002287      -13.80       -6.36    10.1s
    ‖ρε - ρref‖ = 0.0001265665154809402 ‖Δρ‖ = 1.0906973169396008e-7  ‖vε - vref‖ = 0.385604654095117  α = 0.0039
 182   -13.00947002287      -13.64       -6.80    8.00s
    ‖ρε - ρref‖ = 0.00012654581886562086 ‖Δρ‖ = 3.2514804248168624e-8  ‖vε - vref‖ = 0.38560306162577584  α = 0.0155
 183   -13.00947002287      -13.67       -6.61    14.1s
    ‖ρε - ρref‖ = 0.00012655529618821773 ‖Δρ‖ = 6.051995509075446e-8  ‖vε - vref‖ = 0.3856036685910324  α = 0.00154
 184   -13.00947002287      -14.15       -6.83    11.3s
    ‖ρε - ρref‖ = 0.00012654247277292985 ‖Δρ‖ = 3.249277576919947e-8  ‖vε - vref‖ = 0.38559808500134457  α = 0.0116
 185   -13.00947002287      -14.15       -6.77    7.60s
    ‖ρε - ρref‖ = 0.0001265412029466026 ‖Δρ‖ = 4.396735115907053e-8  ‖vε - vref‖ = 0.38560030659553907  α = 0.00643

#-- ‖ρε - ρref‖ = 0.00012654752010452105 vs. 5.623413251903491e-8 = δ*ε ‖vε - vref‖ = 0.38560255661768017


# --- ε=3.162277660168379e-6

n     Energy            log10(ΔE)   log10(Δρ)   Δtime 
---   ---------------   ---------   ---------   ------
  1   -13.00830541892                   -0.13    14.6s
    ‖ρε - ρref‖ = 0.47421441358267274 ‖Δρ‖ = 0.474166873656896  ‖vε - vref‖ = 11.404679367588143  α = 8.72e-5
  2   -13.00841015450       -3.98       -0.67    8.01s
    ‖ρε - ρref‖ = 0.09196589891037356 ‖Δρ‖ = 0.09193909084926598  ‖vε - vref‖ = 6.7525590522740275  α = 0.000236
  3   -13.00845500925       -4.35       -1.31    9.73s
    ‖ρε - ρref‖ = 0.016954254261035268 ‖Δρ‖ = 0.016935319623506525  ‖vε - vref‖ = 3.7263505276730275  α = 0.000903
  4   -13.00846519586       -4.99       -1.57    7.78s
    ‖ρε - ρref‖ = 0.00951037937955012 ‖Δρ‖ = 0.009505097396179453  ‖vε - vref‖ = 2.676986092820103  α = 0.000767
  5   -13.00846853094       -5.48       -1.89    11.1s
    ‖ρε - ρref‖ = 0.0044116089359206995 ‖Δρ‖ = 0.004403462977392076  ‖vε - vref‖ = 2.1526219624987273  α = 0.000943
  6   -13.00847167212       -5.50       -2.08    10.6s
    ‖ρε - ρref‖ = 0.002286724671067054 ‖Δρ‖ = 0.0022816019544246295  ‖vε - vref‖ = 1.6154135322929202  α = 0.00185
  7   -13.00847317750       -5.82       -2.42    8.56s
    ‖ρε - ρref‖ = 0.0009287635379678139 ‖Δρ‖ = 0.0009235399627922804  ‖vε - vref‖ = 1.2984404010806383  α = 0.00318
  8   -13.00847379120       -6.21       -2.77    11.2s
    ‖ρε - ρref‖ = 0.0004457338782841902 ‖Δρ‖ = 0.0004378744306125136  ‖vε - vref‖ = 1.1425111279631948  α = 0.00424
  9   -13.00847418481       -6.40       -2.75    8.66s
    ‖ρε - ρref‖ = 0.0004113085041210271 ‖Δρ‖ = 0.0004050522711344539  ‖vε - vref‖ = 1.0492215438951809  α = 0.00371
 10   -13.00847446880       -6.55       -2.88    11.4s
    ‖ρε - ρref‖ = 0.00029888817708206665 ‖Δρ‖ = 0.00028930950338074607  ‖vε - vref‖ = 0.9674323664227703  α = 0.00442
 11   -13.00847466832       -6.70       -3.07    8.16s
    ‖ρε - ρref‖ = 0.00018368070655953812 ‖Δρ‖ = 0.00016933455945045869  ‖vε - vref‖ = 0.9114700115343564  α = 0.00638
 12   -13.00847522272       -6.26       -1.54    10.5s
    ‖ρε - ρref‖ = 0.01751633617811327 ‖Δρ‖ = 0.01757661653442605  ‖vε - vref‖ = 0.4151615384463992  α = 7.97e-5
 13   -13.00847526681       -7.36       -2.33    8.70s
    ‖ρε - ρref‖ = 0.002071712331912388 ‖Δρ‖ = 0.0020390374592967777  ‖vε - vref‖ = 0.3771186146561102  α = 0.00023
 14   -13.00847529715       -7.52       -3.06    10.5s
    ‖ρε - ρref‖ = 0.00030010210526021846 ‖Δρ‖ = 0.00027329328144884267  ‖vε - vref‖ = 0.3655908858604444  α = 0.00149
 15   -13.00847534214       -7.35       -3.07    8.15s
    ‖ρε - ρref‖ = 0.00020591676811615046 ‖Δρ‖ = 0.00019596784174366727  ‖vε - vref‖ = 0.3489796531105411  α = 0.00253
 16   -13.00847538132       -7.41       -2.79    10.9s
    ‖ρε - ρref‖ = 0.00041592529068663745 ‖Δρ‖ = 0.0004123092918696566  ‖vε - vref‖ = 0.3232169387735156  α = 0.0011
 17   -13.00847540900       -7.56       -2.91    8.34s
    ‖ρε - ρref‖ = 0.0003068294702545979 ‖Δρ‖ = 0.0003039015079609024  ‖vε - vref‖ = 0.3043177964448883  α = 0.0013
 18   -13.00847544240       -7.48       -3.19    10.6s
    ‖ρε - ρref‖ = 0.00015273241951948403 ‖Δρ‖ = 0.00013294413821214338  ‖vε - vref‖ = 0.28750432636080925  α = 0.0033
 19   -13.00847546404       -7.66       -3.36    7.64s
    ‖ρε - ρref‖ = 0.00011968555787234087 ‖Δρ‖ = 9.543199653676342e-5  ‖vε - vref‖ = 0.27834540870540275  α = 0.00367
 20   -13.00847548378       -7.70       -3.65    10.5s
    ‖ρε - ρref‖ = 8.342144518946288e-5 ‖Δρ‖ = 4.399484418580884e-5  ‖vε - vref‖ = 0.27433648006030487  α = 0.00758
 21   -13.00847549383       -8.00       -3.40    8.00s
    ‖ρε - ρref‖ = 0.00011341129500912954 ‖Δρ‖ = 8.679585387008583e-5  ‖vε - vref‖ = 0.2727821971469616  α = 0.00275
 22   -13.00847550472       -7.96       -3.80    11.4s
    ‖ρε - ρref‖ = 7.663204992664358e-5 ‖Δρ‖ = 3.064975453350895e-5  ‖vε - vref‖ = 0.2731941841052765  α = 0.00816
 23   -13.00847550921       -8.35       -3.65    8.73s
    ‖ρε - ρref‖ = 5.9426497935302626e-5 ‖Δρ‖ = 5.473043950778204e-5  ‖vε - vref‖ = 0.2752368598436472  α = 0.00255
 24   -13.00847551641       -8.14       -2.36    10.2s
    ‖ρε - ρref‖ = 0.0009232792857922262 ‖Δρ‖ = 0.0008964661681908775  ‖vε - vref‖ = 0.2759352904736774  α = 0.000208
 25   -13.00847551719       -9.11       -3.32    10.4s
    ‖ρε - ρref‖ = 0.00022444851995785173 ‖Δρ‖ = 0.00018161880158236825  ‖vε - vref‖ = 0.2769319742477444  α = 0.000346
 26   -13.00847552343       -8.20       -3.78    8.08s
    ‖ρε - ρref‖ = 8.147100862574891e-5 ‖Δρ‖ = 3.2571916527859585e-5  ‖vε - vref‖ = 0.28087900991928  α = 0.00574
 27   -13.00847552611       -8.57       -3.29    10.8s
    ‖ρε - ρref‖ = 0.00013953420161860888 ‖Δρ‖ = 0.0001358572613869052  ‖vε - vref‖ = 0.28065387521745205  α = 0.000865
 28   -13.00847552868       -8.59       -3.53    8.43s
    ‖ρε - ρref‖ = 9.757094051065158e-5 ‖Δρ‖ = 7.620528143156647e-5  ‖vε - vref‖ = 0.27995739253562874  α = 0.00154
 29   -13.00847553101       -8.63       -3.55    10.0s
    ‖ρε - ρref‖ = 0.00010193197718973692 ‖Δρ‖ = 7.34007548707909e-5  ‖vε - vref‖ = 0.2805165200399255  α = 0.00153
 30   -13.00847553494       -8.40       -3.92    7.97s
    ‖ρε - ρref‖ = 7.875098705246601e-5 ‖Δρ‖ = 2.5695415416747094e-5  ‖vε - vref‖ = 0.2859137446006592  α = 0.00577
 31   -13.00847553851       -8.45       -3.84    10.9s
    ‖ρε - ρref‖ = 7.45570569147075e-5 ‖Δρ‖ = 3.137835090778432e-5  ‖vε - vref‖ = 0.28810154725994064  α = 0.00445
 32   -13.00847554261       -8.39       -3.72    8.62s
    ‖ρε - ρref‖ = 8.354867676434765e-5 ‖Δρ‖ = 3.855661370653108e-5  ‖vε - vref‖ = 0.2925508031497407  α = 0.00388
 33   -13.00847554575       -8.50       -4.13    10.4s
    ‖ρε - ρref‖ = 7.136338299824266e-5 ‖Δρ‖ = 1.546443239035589e-5  ‖vε - vref‖ = 0.2940604693863462  α = 0.00856
 34   -13.00847554962       -8.41       -3.83    7.84s
    ‖ρε - ρref‖ = 8.120288954344268e-5 ‖Δρ‖ = 2.901406901247958e-5  ‖vε - vref‖ = 0.29894232336189813  α = 0.00498
 35   -13.00847554978       -9.80       -3.39    10.5s
    ‖ρε - ρref‖ = 0.00016485960961679718 ‖Δρ‖ = 0.00020997382650637326  ‖vε - vref‖ = 0.2987536888399683  α = 0.000114
 36   -13.00847555246       -8.57       -3.94    8.37s
    ‖ρε - ρref‖ = 6.930169646708576e-5 ‖Δρ‖ = 2.6658233192338375e-5  ‖vε - vref‖ = 0.3007489364019981  α = 0.00443
 37   -13.00847555488       -8.62       -2.99    11.2s
    ‖ρε - ρref‖ = 0.00027689400590291614 ‖Δρ‖ = 0.00024346216453177276  ‖vε - vref‖ = 0.30340929810917205  α = 0.000448
 38   -13.00847555619       -8.88       -3.79    8.79s
    ‖ρε - ρref‖ = 8.185809530003803e-5 ‖Δρ‖ = 4.259880577193875e-5  ‖vε - vref‖ = 0.3037418507229625  α = 0.00198
 39   -13.00847555660       -9.38       -3.91    11.4s
    ‖ρε - ρref‖ = 7.606767645031237e-5 ‖Δρ‖ = 4.8343885656034555e-5  ‖vε - vref‖ = 0.3035720607612776  α = 0.000929
 40   -13.00847555898       -8.62       -4.04    8.71s
    ‖ρε - ρref‖ = 7.298821527062638e-5 ‖Δρ‖ = 1.9866833003646647e-5  ‖vε - vref‖ = 0.30451193140540195  α = 0.0056
 41   -13.00847556082       -8.73       -3.49    11.4s
    ‖ρε - ρref‖ = 0.00011189476035350342 ‖Δρ‖ = 7.737643529827205e-5  ‖vε - vref‖ = 0.30576214974642385  α = 0.00127
 42   -13.00847556319       -8.63       -4.02    8.75s
    ‖ρε - ρref‖ = 7.335952916136479e-5 ‖Δρ‖ = 1.960515314839818e-5  ‖vε - vref‖ = 0.3057314461901455  α = 0.00574
 43   -13.00847556462       -8.84       -4.14    11.4s
    ‖ρε - ρref‖ = 7.16374172684219e-5 ‖Δρ‖ = 1.6875076785114413e-5  ‖vε - vref‖ = 0.30527516365575685  α = 0.00521
 44   -13.00847556568       -8.98       -3.98    8.26s
    ‖ρε - ρref‖ = 8.032708254065898e-5 ‖Δρ‖ = 2.5639828442849887e-5  ‖vε - vref‖ = 0.3064781023831151  α = 0.00293
 45   -13.00847556701       -8.88       -4.25    11.3s
    ‖ρε - ρref‖ = 7.032529060020331e-5 ‖Δρ‖ = 1.1184522673643176e-5  ‖vε - vref‖ = 0.3043371553999864  α = 0.00765
 46   -13.00847556717       -9.80       -4.19    8.01s
    ‖ρε - ρref‖ = 9.187768090952177e-5 ‖Δρ‖ = 2.5816176054435802e-5  ‖vε - vref‖ = 0.3047453884826504  α = 0.000937
 47   -13.00847556849       -8.88       -3.26    10.4s
    ‖ρε - ρref‖ = 0.00012446638331962357 ‖Δρ‖ = 0.00010619840186109933  ‖vε - vref‖ = 0.30477908854228025  α = 0.000782
 48   -13.00847556864       -9.82       -3.81    8.72s
    ‖ρε - ρref‖ = 6.786589094676987e-5 ‖Δρ‖ = 5.574608392828172e-5  ‖vε - vref‖ = 0.30444615313101286  α = 0.000496
 49   -13.00847556923       -9.23       -3.89    11.4s
    ‖ρε - ρref‖ = 8.010453576299463e-5 ‖Δρ‖ = 2.9438145527805076e-5  ‖vε - vref‖ = 0.30435119709359454  α = 0.00195
 50   -13.00847556960       -9.44       -4.23    8.75s
    ‖ρε - ρref‖ = 7.455755337196685e-5 ‖Δρ‖ = 1.569977217315008e-5  ‖vε - vref‖ = 0.3041473482153634  α = 0.00278
 51   -13.00847556994       -9.47       -3.79    10.0s
    ‖ρε - ρref‖ = 7.729063507281756e-5 ‖Δρ‖ = 4.404334978054544e-5  ‖vε - vref‖ = 0.3035381587282308  α = 0.000945
 52   -13.00847557024       -9.51       -4.27    7.59s
    ‖ρε - ρref‖ = 7.195857706694843e-5 ‖Δρ‖ = 1.3782887312693206e-5  ‖vε - vref‖ = 0.30319436238235337  α = 0.00294
 53   -13.00847557073       -9.31       -3.98    10.1s
    ‖ρε - ρref‖ = 7.821537607438254e-5 ‖Δρ‖ = 2.339267872789574e-5  ‖vε - vref‖ = 0.3031110050767975  α = 0.0022
 54   -13.00847557125       -9.28       -4.07    8.36s
    ‖ρε - ρref‖ = 7.125882114067176e-5 ‖Δρ‖ = 1.7976568359384532e-5  ‖vε - vref‖ = 0.30192106705706934  α = 0.00298
 55   -13.00847557170       -9.35       -4.62    11.3s
    ‖ρε - ρref‖ = 7.103681491057167e-5 ‖Δρ‖ = 5.016257823356362e-6  ‖vε - vref‖ = 0.3017488206676357  α = 0.00982
 56   -13.00847557207       -9.43       -4.25    8.26s
    ‖ρε - ρref‖ = 7.492174720259244e-5 ‖Δρ‖ = 1.2292267498345875e-5  ‖vε - vref‖ = 0.30292860231000884  α = 0.00367
 57   -13.00847557228       -9.68       -4.47    10.6s
    ‖ρε - ρref‖ = 6.917496105290581e-5 ‖Δρ‖ = 8.236575218614667e-6  ‖vε - vref‖ = 0.3023173832030013  α = 0.00404
 58   -13.00847557231      -10.57       -3.73    8.68s
    ‖ρε - ρref‖ = 0.00013934413492434891 ‖Δρ‖ = 8.230526061649448e-5  ‖vε - vref‖ = 0.3023674316206344  α = 0.000122
 59   -13.00847557270       -9.41       -4.20    11.5s
    ‖ρε - ρref‖ = 7.287867767502409e-5 ‖Δρ‖ = 1.240498154942353e-5  ‖vε - vref‖ = 0.30186779169937855  α = 0.0037
 60   -13.00847557274      -10.31       -4.02    8.25s
    ‖ρε - ρref‖ = 6.252977349422041e-5 ‖Δρ‖ = 3.531317694873198e-5  ‖vε - vref‖ = 0.3016244340811095  α = 0.000443
 61   -13.00847557317       -9.37       -4.27    10.5s
    ‖ρε - ρref‖ = 7.251983895260758e-5 ‖Δρ‖ = 1.044607464393621e-5  ‖vε - vref‖ = 0.30134487611427574  α = 0.00459
 62   -13.00847557329       -9.93       -4.57    8.29s
    ‖ρε - ρref‖ = 7.316492798677279e-5 ‖Δρ‖ = 7.755979957595134e-6  ‖vε - vref‖ = 0.3015863178021782  α = 0.00313
 63   -13.00847557360       -9.50       -3.94    11.2s
    ‖ρε - ρref‖ = 7.40522555021984e-5 ‖Δρ‖ = 2.355739759436411e-5  ‖vε - vref‖ = 0.3017350860031473  α = 0.00173
 64   -13.00847557369      -10.06       -4.46    8.18s
    ‖ρε - ρref‖ = 7.057634673391522e-5 ‖Δρ‖ = 1.0464738408292765e-5  ‖vε - vref‖ = 0.30154111937473677  α = 0.00205
 65   -13.00847557385       -9.81       -4.36    10.8s
    ‖ρε - ρref‖ = 7.275946604696367e-5 ‖Δρ‖ = 1.1575586334087994e-5  ‖vε - vref‖ = 0.3014701777120228  α = 0.0025
 66   -13.00847557420       -9.45       -4.57    8.79s
    ‖ρε - ρref‖ = 7.0921827231027e-5 ‖Δρ‖ = 5.374318776831223e-6  ‖vε - vref‖ = 0.30112423216629536  α = 0.00795
 67   -13.00847557456       -9.44       -4.21    11.2s
    ‖ρε - ρref‖ = 7.315104830066149e-5 ‖Δρ‖ = 1.2395586120771806e-5  ‖vε - vref‖ = 0.30148742843616727  α = 0.00349
 68   -13.00847557478       -9.67       -4.74    8.14s
    ‖ρε - ρref‖ = 7.198765684944352e-5 ‖Δρ‖ = 3.8683081294771125e-6  ‖vε - vref‖ = 0.30213599772814426  α = 0.00877
 69   -13.00847557479      -10.78       -4.29    10.7s
    ‖ρε - ρref‖ = 5.507777538578233e-5 ‖Δρ‖ = 2.377624224937239e-5  ‖vε - vref‖ = 0.3020016281833152  α = 0.000325
 70   -13.00847557490       -9.96       -3.89    8.73s
    ‖ρε - ρref‖ = 7.57045158504668e-5 ‖Δρ‖ = 3.206122123036863e-5  ‖vε - vref‖ = 0.3015970642530581  α = 0.000756
 71   -13.00847557499      -10.05       -4.51    10.3s
    ‖ρε - ρref‖ = 7.447519015393312e-5 ‖Δρ‖ = 7.77624239870096e-6  ‖vε - vref‖ = 0.3018478488504611  α = 0.00278
 72   -13.00847557507      -10.09       -3.76    7.93s
    ‖ρε - ρref‖ = 7.241805697092602e-5 ‖Δρ‖ = 4.445212041500539e-5  ‖vε - vref‖ = 0.3017597307358413  α = 0.000468
 73   -13.00847557517      -10.02       -4.68    10.6s
    ‖ρε - ρref‖ = 7.154876769573864e-5 ‖Δρ‖ = 4.602192656056151e-6  ‖vε - vref‖ = 0.3019009699434264  α = 0.00504
 74   -13.00847557523      -10.24       -4.62    7.92s
    ‖ρε - ρref‖ = 7.233535701983772e-5 ‖Δρ‖ = 6.7372530008274525e-6  ‖vε - vref‖ = 0.301909663264482  α = 0.00255
 75   -13.00847557535       -9.92       -4.11    10.5s
    ‖ρε - ρref‖ = 7.036580563007976e-5 ‖Δρ‖ = 1.702716239219782e-5  ‖vε - vref‖ = 0.30162546863857576  α = 0.00147
 76   -13.00847557544      -10.01       -4.71    7.51s
    ‖ρε - ρref‖ = 7.11372869394279e-5 ‖Δρ‖ = 4.403703839824128e-6  ‖vε - vref‖ = 0.30187046681769797  α = 0.00518
 77   -13.00847557551      -10.15       -4.22    10.6s
    ‖ρε - ρref‖ = 7.563842086570471e-5 ‖Δρ‖ = 1.5555335608598484e-5  ‖vε - vref‖ = 0.30229295807549506  α = 0.00125
 78   -13.00847557567       -9.81       -4.93    8.20s
    ‖ρε - ρref‖ = 7.116844791334297e-5 ‖Δρ‖ = 2.1490367139685264e-6  ‖vε - vref‖ = 0.3025078672539731  α = 0.0135
 79   -13.00847557572      -10.30       -4.63    10.2s
    ‖ρε - ρref‖ = 7.16911215441258e-5 ‖Δρ‖ = 5.830099470341023e-6  ‖vε - vref‖ = 0.30263961241860876  α = 0.00285
 80   -13.00847557581      -10.04       -4.90    8.37s
    ‖ρε - ρref‖ = 7.217903149188148e-5 ‖Δρ‖ = 2.7459194508928874e-6  ‖vε - vref‖ = 0.3028996072022594  α = 0.00763
 81   -13.00847557584      -10.52       -3.49    10.5s
    ‖ρε - ρref‖ = 8.410970076089823e-5 ‖Δρ‖ = 0.00010325423028029048  ‖vε - vref‖ = 0.3028011596447715  α = 0.000107
 82   -13.00847557590      -10.25       -4.72    8.07s
    ‖ρε - ρref‖ = 7.031321467901696e-5 ‖Δρ‖ = 4.925406402589824e-6  ‖vε - vref‖ = 0.30254866587300644  α = 0.0035
 83   -13.00847557591      -10.90       -4.42    10.3s
    ‖ρε - ρref‖ = 7.870822844056256e-5 ‖Δρ‖ = 1.3892443035920577e-5  ‖vε - vref‖ = 0.30264315547341464  α = 0.000579
 84   -13.00847557599      -10.12       -4.45    8.56s
    ‖ρε - ρref‖ = 7.164481526045845e-5 ‖Δρ‖ = 7.752118465478515e-6  ‖vε - vref‖ = 0.3028044037226788  α = 0.00262
 85   -13.00847557606      -10.13       -4.60    11.0s
    ‖ρε - ρref‖ = 7.062688390997578e-5 ‖Δρ‖ = 5.336017502264104e-6  ‖vε - vref‖ = 0.3026775247651385  α = 0.00374
 86   -13.00847557608      -10.66       -4.66    7.64s
    ‖ρε - ρref‖ = 7.292620063359799e-5 ‖Δρ‖ = 6.525005848705644e-6  ‖vε - vref‖ = 0.3028491398030444  α = 0.00163
 87   -13.00847557611      -10.53       -4.43    10.0s
    ‖ρε - ρref‖ = 7.222788943567798e-5 ‖Δρ‖ = 1.0144403508845733e-5  ‖vε - vref‖ = 0.30304150346466513  α = 0.00122
 88   -13.00847557616      -10.30       -4.89    7.62s
    ‖ρε - ρref‖ = 7.101148137764243e-5 ‖Δρ‖ = 2.560860901421492e-6  ‖vε - vref‖ = 0.30301808262183594  α = 0.00651
 89   -13.00847557617      -11.05       -4.72    10.6s
    ‖ρε - ρref‖ = 7.244290717871688e-5 ‖Δρ‖ = 6.230344805559828e-6  ‖vε - vref‖ = 0.3030885416647165  α = 0.00111
 90   -13.00847557621      -10.38       -5.11    8.25s
    ‖ρε - ρref‖ = 7.132996878923409e-5 ‖Δρ‖ = 1.6455115200756697e-6  ‖vε - vref‖ = 0.30329389740635637  α = 0.00915
 91   -13.00847557628      -10.15       -5.03    10.2s
    ‖ρε - ρref‖ = 7.100217527541772e-5 ‖Δρ‖ = 1.7269091410634885e-6  ‖vε - vref‖ = 0.30295687739318733  α = 0.0111
 92   -13.00847557629      -11.54       -4.70    8.76s
    ‖ρε - ρref‖ = 7.836350518803074e-5 ‖Δρ‖ = 9.527463222095697e-6  ‖vε - vref‖ = 0.30300682925940936  α = 0.000338
 93   -13.00847557631      -10.60       -4.30    10.4s
    ‖ρε - ρref‖ = 7.17298731903375e-5 ‖Δρ‖ = 1.207721190054086e-5  ‖vε - vref‖ = 0.3031319943516948  α = 0.000972
 94   -13.00847557635      -10.42       -4.99    7.64s
    ‖ρε - ρref‖ = 7.077382745672972e-5 ‖Δρ‖ = 2.2359665025752964e-6  ‖vε - vref‖ = 0.3031852190538061  α = 0.00632
 95   -13.00847557637      -10.80       -4.09    11.0s
    ‖ρε - ρref‖ = 8.484228687389291e-5 ‖Δρ‖ = 2.4455638045416776e-5  ‖vε - vref‖ = 0.30332438906369724  α = 0.000365
 96   -13.00847557639      -10.58       -4.74    7.85s
    ‖ρε - ρref‖ = 7.116052191342494e-5 ‖Δρ‖ = 4.520939839773688e-6  ‖vε - vref‖ = 0.30333130534620184  α = 0.00257
 97   -13.00847557644      -10.35       -5.01    10.6s
    ‖ρε - ρref‖ = 7.09591475158517e-5 ‖Δρ‖ = 1.8786841837518608e-6  ‖vε - vref‖ = 0.3030762317362766  α = 0.00819
 98   -13.00847557645      -11.05       -4.59    7.72s
    ‖ρε - ρref‖ = 7.35260233635003e-5 ‖Δρ‖ = 8.018288019111982e-6  ‖vε - vref‖ = 0.30312636542861243  α = 0.000835
 99   -13.00847557646      -10.95       -4.73    10.0s
    ‖ρε - ρref‖ = 7.20377905378799e-5 ‖Δρ‖ = 4.894634962526475e-6  ‖vε - vref‖ = 0.30321488341668246  α = 0.00159
 100   -13.00847557647      -10.76       -5.10    8.07s
    ‖ρε - ρref‖ = 7.09610290458866e-5 ‖Δρ‖ = 1.7891751630219815e-6  ‖vε - vref‖ = 0.30302463219977865  α = 0.00551
 101   -13.00847557648      -11.08       -5.04    10.7s
    ‖ρε - ρref‖ = 7.16170114472275e-5 ‖Δρ‖ = 2.6506904507441622e-6  ‖vε - vref‖ = 0.30305215320416745  α = 0.00253
 102   -13.00847557651      -10.52       -4.77    7.67s
    ‖ρε - ρref‖ = 7.124595757687734e-5 ‖Δρ‖ = 3.263529620628147e-6  ‖vε - vref‖ = 0.30306381414325617  α = 0.00389
 103   -13.00847557653      -10.73       -5.38    10.2s
    ‖ρε - ρref‖ = 7.111776123597373e-5 ‖Δρ‖ = 9.4447393600581e-7  ‖vε - vref‖ = 0.30307893079545256  α = 0.0104
 104   -13.00847557653      -11.61       -4.17    7.72s
    ‖ρε - ρref‖ = 9.423176503531696e-5 ‖Δρ‖ = 2.948618832987305e-5  ‖vε - vref‖ = 0.3031154984669835  α = 0.000102
 105   -13.00847557656      -10.56       -4.95    11.0s
    ‖ρε - ρref‖ = 7.1191030646273e-5 ‖Δρ‖ = 2.2016661512681763e-6  ‖vε - vref‖ = 0.3029251057464366  α = 0.00543
 106   -13.00847557657      -11.25       -5.02    8.80s
    ‖ρε - ρref‖ = 6.999439734223054e-5 ‖Δρ‖ = 2.9578388050524156e-6  ‖vε - vref‖ = 0.302790687878973  α = 0.00182
 107   -13.00847557657      -11.21       -4.43    8.00s
    ‖ρε - ρref‖ = 7.466304161975655e-5 ‖Δρ‖ = 1.0830722429975247e-5  ‖vε - vref‖ = 0.3027394426276092  α = 0.000527
 108   -13.00847557659      -10.82       -5.29    10.4s
    ‖ρε - ρref‖ = 7.125396025430941e-5 ‖Δρ‖ = 1.134966622071346e-6  ‖vε - vref‖ = 0.3026923199597107  α = 0.00797
 109   -13.00847557660      -10.99       -5.14    8.24s
    ‖ρε - ρref‖ = 7.102473225993448e-5 ‖Δρ‖ = 1.8097154977962963e-6  ‖vε - vref‖ = 0.3026464199777989  α = 0.00408
 110   -13.00847557661      -11.16       -4.80    11.2s
    ‖ρε - ρref‖ = 7.220540333352733e-5 ‖Δρ‖ = 4.655203865822869e-6  ‖vε - vref‖ = 0.3026945092803083  α = 0.00125
 111   -13.00847557662      -10.84       -4.69    7.80s
    ‖ρε - ρref‖ = 7.154675808534124e-5 ‖Δρ‖ = 4.439990356910397e-6  ‖vε - vref‖ = 0.30278326137885847  α = 0.00192
 112   -13.00847557663      -11.09       -5.39    11.6s
    ‖ρε - ρref‖ = 7.098683132442305e-5 ‖Δρ‖ = 9.83654837878397e-7  ‖vε - vref‖ = 0.30262922908875206  α = 0.00681
 113   -13.00847557664      -11.04       -4.90    8.38s
    ‖ρε - ρref‖ = 7.172513182262142e-5 ‖Δρ‖ = 2.9746761560294462e-6  ‖vε - vref‖ = 0.30265281479446426  α = 0.00233
 114   -13.00847557664      -11.20       -4.82    10.8s
    ‖ρε - ρref‖ = 7.150367341019386e-5 ‖Δρ‖ = 3.93642183478529e-6  ‖vε - vref‖ = 0.3026744536322522  α = 0.00149
 115   -13.00847557665      -11.25       -5.37    7.71s
    ‖ρε - ρref‖ = 7.073675976712275e-5 ‖Δρ‖ = 1.0776413328563286e-6  ‖vε - vref‖ = 0.30261888424448435  α = 0.00473
 116   -13.00847557665      -11.34       -3.93    10.5s
    ‖ρε - ρref‖ = 8.986383037098926e-5 ‖Δρ‖ = 3.1298916167813046e-5  ‖vε - vref‖ = 0.3026382815015122  α = 0.000143
 117   -13.00847557666      -11.01       -5.30    8.30s
    ‖ρε - ρref‖ = 7.121726284027803e-5 ‖Δρ‖ = 9.923112196208793e-7  ‖vε - vref‖ = 0.30266380310504154  α = 0.00736
 118   -13.00847557667      -11.59       -5.12    10.3s
    ‖ρε - ρref‖ = 7.054570616633382e-5 ‖Δρ‖ = 2.224165742929483e-6  ‖vε - vref‖ = 0.3026770607813473  α = 0.00164
 119   -13.00847557667      -11.38       -4.57    7.64s
    ‖ρε - ρref‖ = 7.422938710567665e-5 ‖Δρ‖ = 6.97488467745642e-6  ‖vε - vref‖ = 0.3027951813114484  α = 0.000673
 120   -13.00847557668      -10.96       -5.45    11.1s
    ‖ρε - ρref‖ = 7.117444655797391e-5 ‖Δρ‖ = 6.425324716579277e-7  ‖vε - vref‖ = 0.302718704188462  α = 0.0119
 121   -13.00847557668      -11.52       -5.51    7.65s
    ‖ρε - ρref‖ = 7.110730521861394e-5 ‖Δρ‖ = 8.039454844825463e-7  ‖vε - vref‖ = 0.3027202139675428  α = 0.00503
 122   -13.00847557669      -11.45       -4.84    11.0s
    ‖ρε - ρref‖ = 7.187734180074964e-5 ‖Δρ‖ = 3.884630159748732e-6  ‖vε - vref‖ = 0.30277135163979424  α = 0.00108
 123   -13.00847557669      -11.25       -5.09    8.00s
    ‖ρε - ρref‖ = 7.145944160975946e-5 ‖Δρ‖ = 1.8805935190396813e-6  ‖vε - vref‖ = 0.3028777918915591  α = 0.00286
 124   -13.00847557670      -11.34       -5.31    10.4s
    ‖ρε - ρref‖ = 7.103123556288942e-5 ‖Δρ‖ = 1.1381846621601223e-6  ‖vε - vref‖ = 0.3028082723186426  α = 0.00436
 125   -13.00847557670      -11.70       -5.26    8.02s
    ‖ρε - ρref‖ = 7.149904749231427e-5 ‖Δρ‖ = 1.5717034195958457e-6  ‖vε - vref‖ = 0.3028305414976517  α = 0.00208
 126   -13.00847557670      -11.38       -5.11    7.68s
    ‖ρε - ρref‖ = 7.134539686978691e-5 ‖Δρ‖ = 1.6695743551517679e-6  ‖vε - vref‖ = 0.302833076614178  α = 0.00283
 127   -13.00847557670      -12.49       -5.00    10.6s
    ‖ρε - ρref‖ = 6.783418875926813e-5 ‖Δρ‖ = 4.773857513421947e-6  ‖vε - vref‖ = 0.3028156744534015  α = 0.000228
 128   -13.00847557671      -11.53       -4.83    8.42s
    ‖ρε - ρref‖ = 7.131316303085489e-5 ‖Δρ‖ = 3.455000345648608e-6  ‖vε - vref‖ = 0.3027652412579961  α = 0.00117
 129   -13.00847557671      -11.45       -5.49    11.2s
    ‖ρε - ρref‖ = 7.128103919005316e-5 ‖Δρ‖ = 7.238557320213411e-7  ‖vε - vref‖ = 0.3027824803552141  α = 0.00604
 130   -13.00847557671      -12.05       -5.31    8.73s
    ‖ρε - ρref‖ = 7.050642694302284e-5 ‖Δρ‖ = 1.5880924874887156e-6  ‖vε - vref‖ = 0.3027632421300304  α = 0.00136
 131   -13.00847557671      -11.62       -4.82    11.8s
    ‖ρε - ρref‖ = 7.197548395602021e-5 ‖Δρ‖ = 3.7214520618163516e-6  ‖vε - vref‖ = 0.3027969313441516  α = 0.000957
 132   -13.00847557672      -11.47       -5.42    7.83s
    ‖ρε - ρref‖ = 7.131733942476702e-5 ‖Δρ‖ = 8.039446742708839e-7  ‖vε - vref‖ = 0.302911257085964  α = 0.00535
 133   -13.00847557672      -11.34       -5.72    10.5s
    ‖ρε - ρref‖ = 7.117966066511836e-5 ‖Δρ‖ = 3.6997168091545556e-7  ‖vε - vref‖ = 0.30286412681095726  α = 0.0132
 134   -13.00847557672      -12.15       -5.05    8.44s
    ‖ρε - ρref‖ = 7.176375958336117e-5 ‖Δρ‖ = 3.027180914718508e-6  ‖vε - vref‖ = 0.3028678375024404  α = 0.000625
 135   -13.00847557673      -11.40       -5.58    10.1s
    ‖ρε - ρref‖ = 7.123783100381125e-5 ‖Δρ‖ = 5.155679176822298e-7  ‖vε - vref‖ = 0.3028737668236139  α = 0.00889
 136   -13.00847557673      -11.84       -5.52    8.83s
    ‖ρε - ρref‖ = 7.1041509624495e-5 ‖Δρ‖ = 8.410828493000505e-7  ‖vε - vref‖ = 0.30282591888983607  α = 0.00324
 137   -13.00847557673      -11.59       -5.42    12.1s
    ‖ρε - ρref‖ = 7.131278966023554e-5 ‖Δρ‖ = 8.847171561586117e-7  ‖vε - vref‖ = 0.30285186846898854  α = 0.00411
 138   -13.00847557673      -11.68       -4.96    8.78s
    ‖ρε - ρref‖ = 7.200207247570825e-5 ‖Δρ‖ = 2.5936829048035595e-6  ‖vε - vref‖ = 0.30288388629604196  α = 0.00121
 139   -13.00847557673      -12.16       -4.35    10.1s
    ‖ρε - ρref‖ = 6.300178190736396e-5 ‖Δρ‖ = 1.5447656263424733e-5  ‖vε - vref‖ = 0.30287156147773225  α = 0.000108
 140   -13.00847557674      -11.67       -5.55    8.00s
    ‖ρε - ρref‖ = 7.122894213024872e-5 ‖Δρ‖ = 5.857429829419919e-7  ‖vε - vref‖ = 0.3029188846804678  α = 0.00589
 141   -13.00847557674      -11.99       -5.48    7.83s
    ‖ρε - ρref‖ = 7.14057838610503e-5 ‖Δρ‖ = 8.022991110344727e-7  ‖vε - vref‖ = 0.30296471076340276  α = 0.00297
 142   -13.00847557674      -12.70       -5.27    11.1s
    ‖ρε - ρref‖ = 7.027406757632706e-5 ‖Δρ‖ = 2.0444881658265507e-6  ‖vε - vref‖ = 0.30295477944553245  α = 0.000472
 143   -13.00847557674      -11.92       -5.47    8.57s
    ‖ρε - ρref‖ = 7.11734873482464e-5 ‖Δρ‖ = 7.605069851719195e-7  ‖vε - vref‖ = 0.302927642102844  α = 0.00343
 144   -13.00847557674      -11.78       -5.69    11.0s
    ‖ρε - ρref‖ = 7.127933415153898e-5 ‖Δρ‖ = 4.052227225048684e-7  ‖vε - vref‖ = 0.30298402280498876  α = 0.00741
 145   -13.00847557674      -11.82       -5.52    8.69s
    ‖ρε - ρref‖ = 7.114266397271302e-5 ‖Δρ‖ = 6.116108185705328e-7  ‖vε - vref‖ = 0.3029583402439557  α = 0.0046
 146   -13.00847557674      -12.70       -5.37    11.0s
    ‖ρε - ρref‖ = 7.143997263247822e-5 ‖Δρ‖ = 1.4731562051283318e-6  ‖vε - vref‖ = 0.3029597706737792  α = 0.000693
 147   -13.00847557674      -12.09       -5.74    8.83s
    ‖ρε - ρref‖ = 7.120413208181164e-5 ‖Δρ‖ = 4.2270165646621293e-7  ‖vε - vref‖ = 0.3029560370946895  α = 0.00499
 148   -13.00847557674      -11.87       -5.73    11.3s
    ‖ρε - ρref‖ = 7.12213518261653e-5 ‖Δρ‖ = 3.4596449781750937e-7  ‖vε - vref‖ = 0.30297519286609  α = 0.00791
 149   -13.00847557674      -12.36       -5.61    8.74s
    ‖ρε - ρref‖ = 7.125428535891288e-5 ‖Δρ‖ = 6.607830912014483e-7  ‖vε - vref‖ = 0.30298803201988145  α = 0.00235
 150   -13.00847557674      -13.00       -5.22    12.1s
    ‖ρε - ρref‖ = 7.309536749653837e-5 ‖Δρ‖ = 2.7636251597904007e-6  ‖vε - vref‖ = 0.3029943774951635  α = 0.000195
 151   -13.00847557674      -12.38       -5.20    8.82s
    ‖ρε - ρref‖ = 7.071472357753433e-5 ‖Δρ‖ = 1.8579503901397603e-6  ‖vε - vref‖ = 0.3029797383300937  α = 0.000794
 152   -13.00847557675      -11.87       -5.69    11.4s
    ‖ρε - ρref‖ = 7.11812103502317e-5 ‖Δρ‖ = 4.037081478648073e-7  ‖vε - vref‖ = 0.3029504775966663  α = 0.00658
 153   -13.00847557675      -12.25       -5.53    8.66s
    ‖ρε - ρref‖ = 7.144111122732848e-5 ‖Δρ‖ = 7.644079728345945e-7  ‖vε - vref‖ = 0.3029835475799498  α = 0.00227
 154   -13.00847557675      -13.03       -5.38    8.53s
    ‖ρε - ρref‖ = 7.054859594376674e-5 ‖Δρ‖ = 1.5922632396580776e-6  ‖vε - vref‖ = 0.3029790330436603  α = 0.000466
 155   -13.00847557675      -11.73       -5.69    10.6s
    ‖ρε - ρref‖ = 7.123622452649862e-5 ‖Δρ‖ = 3.5156234412127996e-7  ‖vε - vref‖ = 0.3030123276264534  α = 0.00869
 156   -13.00847557675      -12.26       -5.80    7.70s
    ‖ρε - ρref‖ = 7.125466139438661e-5 ‖Δρ‖ = 3.7226918595085244e-7  ‖vε - vref‖ = 0.30301708567694385  α = 0.00464
 157   -13.00847557675      -12.22       -5.73    12.0s
    ‖ρε - ρref‖ = 7.114039571937635e-5 ‖Δρ‖ = 4.3409429718950717e-7  ‖vε - vref‖ = 0.30297234955238833  α = 0.00422
 158   -13.00847557675      -12.73       -5.56    8.36s
    ‖ρε - ρref‖ = 7.134976086375172e-5 ‖Δρ‖ = 9.024863118744956e-7  ‖vε - vref‖ = 0.30296888790360743  α = 0.00106
 159   -13.00847557675      -12.05       -5.56    11.4s
    ‖ρε - ρref‖ = 7.122466618256505e-5 ‖Δρ‖ = 5.575765095033405e-7  ‖vε - vref‖ = 0.3029533346587616  α = 0.00387
 160   -13.00847557675      -12.09       -6.16    8.03s
    ‖ρε - ρref‖ = 7.121129640955545e-5 ‖Δρ‖ = 1.2534576981217214e-7  ‖vε - vref‖ = 0.3029215661809297  α = 0.0168
 161   -13.00847557675      -13.10       -5.59    12.3s
    ‖ρε - ρref‖ = 7.07528013620578e-5 ‖Δρ‖ = 1.0260506273653752e-6  ‖vε - vref‖ = 0.30291959988728895  α = 0.000513
 162   -13.00847557675      -12.85       -5.02    8.37s
    ‖ρε - ρref‖ = 7.275770429624736e-5 ‖Δρ‖ = 2.9272396834811267e-6  ‖vε - vref‖ = 0.3029346259184328  α = 0.000306
 163   -13.00847557675      -12.50       -5.64    10.6s
    ‖ρε - ρref‖ = 7.12181057581519e-5 ‖Δρ‖ = 5.86667382468292e-7  ‖vε - vref‖ = 0.30294009095722485  α = 0.00218
 164   -13.00847557675      -12.43       -5.86    7.97s
    ‖ρε - ρref‖ = 7.118567911253856e-5 ‖Δρ‖ = 3.122616329066079e-7  ‖vε - vref‖ = 0.30292155925465986  α = 0.00453
 165   -13.00847557675      -12.74       -5.76    8.76s
    ‖ρε - ρref‖ = 7.14272514561845e-5 ‖Δρ‖ = 4.989279462212697e-7  ‖vε - vref‖ = 0.3029274063878852  α = 0.00188
 166   -13.00847557675      -12.72       -5.16    11.5s
    ‖ρε - ρref‖ = 7.075429596131753e-5 ‖Δρ‖ = 1.8508982316249477e-6  ‖vε - vref‖ = 0.3029158044644852  α = 0.000555
 167   -13.00847557675      -12.54       -5.89    8.23s
    ‖ρε - ρref‖ = 7.118859948173015e-5 ‖Δρ‖ = 3.048021380791855e-7  ‖vε - vref‖ = 0.30289037888986703  α = 0.00405
 168   -13.00847557675      -12.33       -5.96    10.7s
    ‖ρε - ρref‖ = 7.123400490709157e-5 ‖Δρ‖ = 2.1267237287929568e-7  ‖vε - vref‖ = 0.3028870970049824  α = 0.00744
 169   -13.00847557675      -12.56       -5.95    8.27s
    ‖ρε - ρref‖ = 7.118359596578897e-5 ‖Δρ‖ = 2.472790194090866e-7  ‖vε - vref‖ = 0.3028721902669002  α = 0.00499
 170   -13.00847557675      -13.06       -5.56    11.6s
    ‖ρε - ρref‖ = 7.137098914898907e-5 ‖Δρ‖ = 9.007219847478857e-7  ‖vε - vref‖ = 0.3028745448722512  α = 0.000671
 171   -13.00847557675      -12.87       -6.00    8.88s
    ‖ρε - ρref‖ = 7.125223402512286e-5 ‖Δρ‖ = 2.5264851513842095e-7  ‖vε - vref‖ = 0.30289001200745486  α = 0.00353
 172   -13.00847557675      -12.49       -6.02    12.2s
    ‖ρε - ρref‖ = 7.122552561958708e-5 ‖Δρ‖ = 1.9501877987437409e-7  ‖vε - vref‖ = 0.302898304403097  α = 0.00681
 173   -13.00847557675      -13.55       -5.74    8.54s
    ‖ρε - ρref‖ = 7.052490708215233e-5 ‖Δρ‖ = 9.7419166996168e-7  ‖vε - vref‖ = 0.3028955669344765  α = 0.000198
 174   -13.00847557675      -12.62       -5.76    8.26s
    ‖ρε - ρref‖ = 7.123764941760305e-5 ‖Δρ‖ = 3.721108662980921e-7  ‖vε - vref‖ = 0.3028796244264257  α = 0.00309
 175   -13.00847557675      -13.25       -5.75    11.6s
    ‖ρε - ρref‖ = 7.112749853683264e-5 ‖Δρ‖ = 5.489945257882677e-7  ‖vε - vref‖ = 0.30287217997508603  α = 0.00111
 176   -13.00847557676      -12.81       -6.11    7.62s
    ‖ρε - ρref‖ = 7.123352023177372e-5 ‖Δρ‖ = 1.729579874776722e-7  ‖vε - vref‖ = 0.30288437508189675  α = 0.00527
 177   -13.00847557676      -13.17       -5.88    11.3s
    ‖ρε - ρref‖ = 7.140096587910501e-5 ‖Δρ‖ = 3.9499815420369523e-7  ‖vε - vref‖ = 0.30289319173703977  α = 0.00151
 178   -13.00847557676      -12.68       -5.31    7.93s
    ‖ρε - ρref‖ = 7.100114967951112e-5 ‖Δρ‖ = 1.035825700231689e-6  ‖vε - vref‖ = 0.30289097582458835  α = 0.000985
 179   -13.00847557676      -13.03       -6.32    11.3s
    ‖ρε - ρref‖ = 7.118953874542746e-5 ‖Δρ‖ = 1.3277642189254677e-7  ‖vε - vref‖ = 0.30287521041161525  α = 0.00503
 180   -13.00847557676      -12.53       -6.06    8.72s
    ‖ρε - ρref‖ = 7.122952259109212e-5 ‖Δρ‖ = 1.6103443401019346e-7  ‖vε - vref‖ = 0.3028734303485017  α = 0.00781
 181   -13.00847557676      -12.81       -6.17    12.1s
    ‖ρε - ρref‖ = 7.120582438174036e-5 ‖Δρ‖ = 1.5546265108474588e-7  ‖vε - vref‖ = 0.3028767443098885  α = 0.00557
 182   -13.00847557676      -13.07       -5.48    8.25s
    ‖ρε - ρref‖ = 7.136748249667201e-5 ‖Δρ‖ = 8.91148495845731e-7  ‖vε - vref‖ = 0.3028830227702714  α = 0.000734
 183   -13.00847557676      -13.06       -6.09    11.9s
    ‖ρε - ρref‖ = 7.122408565259867e-5 ‖Δρ‖ = 1.890132544624364e-7  ‖vε - vref‖ = 0.302887244564048  α = 0.00383
 184   -13.00847557676      -13.18       -6.20    8.72s
    ‖ρε - ρref‖ = 7.125913388082823e-5 ‖Δρ‖ = 1.6871648125961182e-7  ‖vε - vref‖ = 0.3028864661313224  α = 0.00328
 185   -13.00847557676      -13.91       -5.08    7.85s
    ‖ρε - ρref‖ = 6.942210288891513e-5 ‖Δρ‖ = 2.924743731550634e-6  ‖vε - vref‖ = 0.3028814816877408  α = 0.000117
 186   -13.00847557676      -12.89       -6.31    10.8s
    ‖ρε - ρref‖ = 7.123906624688549e-5 ‖Δρ‖ = 1.1393363797907306e-7  ‖vε - vref‖ = 0.30289557939916734  α = 0.00698
 187   -13.00847557676      -13.05       -5.90    7.68s
    ‖ρε - ρref‖ = 7.118027553298019e-5 ‖Δρ‖ = 3.162154785056364e-7  ‖vε - vref‖ = 0.30289349281133177  α = 0.00219
 188   -13.00847557676      -12.99       -5.80    11.4s
    ‖ρε - ρref‖ = 7.120178659529997e-5 ‖Δρ‖ = 3.9114619930783955e-7  ‖vε - vref‖ = 0.3028920723555151  α = 0.00183
 189   -13.00847557676      -13.71       -5.97    8.45s
    ‖ρε - ρref‖ = 7.139946326090999e-5 ‖Δρ‖ = 3.854105425671189e-7  ‖vε - vref‖ = 0.302895134493509  α = 0.00079
 190   -13.00847557676      -12.96       -5.79    10.7s
    ‖ρε - ρref‖ = 7.115868152110187e-5 ‖Δρ‖ = 3.6744758727384666e-7  ‖vε - vref‖ = 0.30288917406286753  α = 0.00194
 191   -13.00847557676      -13.04       -6.26    8.32s
    ‖ρε - ρref‖ = 7.121734764157066e-5 ‖Δρ‖ = 1.1154959040310135e-7  ‖vε - vref‖ = 0.30288889662191054  α = 0.00647
 192   -13.00847557676      -13.26       -6.50    8.19s
    ‖ρε - ρref‖ = 7.123246076785212e-5 ‖Δρ‖ = 7.45151542994585e-8  ‖vε - vref‖ = 0.3028999988856377  α = 0.00792
 193   -13.00847557676      -13.04       -5.98    11.9s
    ‖ρε - ρref‖ = 7.118393544624663e-5 ‖Δρ‖ = 2.0452120900104537e-7  ‖vε - vref‖ = 0.302895367027568  α = 0.00363
 194   -13.00847557676      -13.52       -5.84    8.36s
    ‖ρε - ρref‖ = 7.12808957697166e-5 ‖Δρ‖ = 4.898001144668628e-7  ‖vε - vref‖ = 0.3028963282216373  α = 0.000633
 195   -13.00847557676      -13.35       -6.30    12.1s
    ‖ρε - ρref‖ = 7.122162907050772e-5 ‖Δρ‖ = 1.021612768153648e-7  ‖vε - vref‖ = 0.30290277457663756  α = 0.00593
 196   -13.00847557676      -13.80       -6.26    8.81s
    ‖ρε - ρref‖ = 7.142091317229324e-5 ‖Δρ‖ = 2.9121921995832054e-7  ‖vε - vref‖ = 0.3029036311818231  α = 0.000302
 197   -13.00847557676      -13.18       -6.02    11.7s
    ‖ρε - ρref‖ = 7.118087436891669e-5 ‖Δρ‖ = 1.925256356504988e-7  ‖vε - vref‖ = 0.3028925017259609  α = 0.00295
 198   -13.00847557676      -13.45       -6.24    8.46s
    ‖ρε - ρref‖ = 7.123970077525242e-5 ‖Δρ‖ = 1.379657109218577e-7  ‖vε - vref‖ = 0.3028951677132593  α = 0.00322
 199   -13.00847557676      -13.43       -6.25    12.1s
    ‖ρε - ρref‖ = 7.120608134075861e-5 ‖Δρ‖ = 1.49053747410234e-7  ‖vε - vref‖ = 0.30289277982164575  α = 0.00266
 200   -13.00847557676      -13.26       -5.95    8.80s
    ‖ρε - ρref‖ = 7.118489660219642e-5 ‖Δρ‖ = 2.400345947347197e-7  ‖vε - vref‖ = 0.30289014147907845  α = 0.00208
 201   -13.00847557676   +    -Inf       -5.72    8.67s
    ‖ρε - ρref‖ = 7.153884970720087e-5 ‖Δρ‖ = 6.596267461656414e-7  ‖vε - vref‖ = 0.3028925540267603  α = 0.000325
 202   -13.00847557676      -13.26       -6.42    11.5s
    ‖ρε - ρref‖ = 7.12169103411905e-5 ‖Δρ‖ = 8.201447130801061e-8  ‖vε - vref‖ = 0.30289119578229684  α = 0.00551
 203   -13.00847557676      -13.52       -6.33    8.61s
    ‖ρε - ρref‖ = 7.121502310368231e-5 ‖Δρ‖ = 1.0104158431668532e-7  ‖vε - vref‖ = 0.3028878233298634  α = 0.00435
 204   -13.00847557676      -13.37       -6.63    12.3s
    ‖ρε - ρref‖ = 7.122385795663818e-5 ‖Δρ‖ = 4.28793416912516e-8  ‖vε - vref‖ = 0.30288964645102406  α = 0.0128
 205   -13.00847557676      -13.64       -6.22    8.37s
    ‖ρε - ρref‖ = 7.117081806411983e-5 ‖Δρ‖ = 1.6582234617975323e-7  ‖vε - vref‖ = 0.30288299995128365  α = 0.00181
 206   -13.00847557676      -13.67       -6.07    12.1s
    ‖ρε - ρref‖ = 7.121188219874524e-5 ‖Δρ‖ = 2.623252866098487e-7  ‖vε - vref‖ = 0.3028797685819728  α = 0.000963
 207   -13.00847557676      -13.57       -6.38    8.17s
    ‖ρε - ρref‖ = 7.12079344007839e-5 ‖Δρ‖ = 9.228224378845808e-8  ‖vε - vref‖ = 0.3028826674704666  α = 0.00444
 208   -13.00847557676      -14.45       -5.63    26.9s
    ‖ρε - ρref‖ = 7.197555094967918e-5 ‖Δρ‖ = 1.0580397189521965e-6  ‖vε - vref‖ = 0.30288266746960724  α = 2.45e-10
 209   -13.00847557676   +    -Inf       -5.90    14.3s
    ‖ρε - ρref‖ = 7.153529951297947e-5 ‖Δρ‖ = 4.408873502645145e-7  ‖vε - vref‖ = 0.3028831847827305  α = 4.75e-5
 210   -13.00847557676      -13.67       -6.13    8.78s
    ‖ρε - ρref‖ = 7.12047763098288e-5 ‖Δρ‖ = 1.5998867457420512e-7  ‖vε - vref‖ = 0.302891365127838  α = 0.00242
 211   -13.00847557676      -13.97       -6.34    11.5s
    ‖ρε - ρref‖ = 7.122455730995718e-5 ‖Δρ‖ = 1.4425452744692878e-7  ‖vε - vref‖ = 0.3028934853993685  α = 0.00138
 212   -13.00847557676      -13.85       -6.36    8.74s
    ‖ρε - ρref‖ = 7.127866707024143e-5 ‖Δρ‖ = 1.4284870387123508e-7  ‖vε - vref‖ = 0.3028953103297482  α = 0.00129
 213   -13.00847557676   +    -Inf       -5.93    11.3s
    ‖ρε - ρref‖ = 7.112746507241057e-5 ‖Δρ‖ = 3.076943021154393e-7  ‖vε - vref‖ = 0.30289183525450514  α = 0.000942
 214   -13.00847557676      -13.39       -6.44    8.40s
    ‖ρε - ρref‖ = 7.121572868537684e-5 ‖Δρ‖ = 6.962821003435908e-8  ‖vε - vref‖ = 0.30288630794925286  α = 0.00645
 215   -13.00847557676      -13.97       -6.41    8.87s
    ‖ρε - ρref‖ = 7.122925452100202e-5 ‖Δρ‖ = 9.22198539545267e-8  ‖vε - vref‖ = 0.3028891314427477  α = 0.00314
 216   -13.00847557676      -13.75       -6.67    10.9s
    ‖ρε - ρref‖ = 7.121424501887775e-5 ‖Δρ‖ = 5.429320740886537e-8  ‖vε - vref‖ = 0.3028880746713287  α = 0.00457
 217   -13.00847557676      -13.85       -6.75    7.99s
    ‖ρε - ρref‖ = 7.122948124141332e-5 ‖Δρ‖ = 4.84520490196938e-8  ‖vε - vref‖ = 0.30289282353139785  α = 0.00474
 218   -13.00847557676      -13.50       -5.93    11.8s
    ‖ρε - ρref‖ = 7.121183489782293e-5 ‖Δρ‖ = 2.43467251944662e-7  ‖vε - vref‖ = 0.3029004030367853  α = 0.00141
 219   -13.00847557676   +    -Inf       -6.39    8.35s
    ‖ρε - ρref‖ = 7.122134885332351e-5 ‖Δρ‖ = 9.359468002321383e-8  ‖vε - vref‖ = 0.30289844287152473  α = 0.00201
 220   -13.00847557676      -14.15       -5.45    78.9s
    ‖ρε - ρref‖ = 7.222122745670577e-5 ‖Δρ‖ = 1.3358869717742549e-6  ‖vε - vref‖ = 0.3028984429243531  α = 1.21e-9
 221   -13.00847557676      -14.15       -6.65    11.8s
    ‖ρε - ρref‖ = 7.123457040221875e-5 ‖Δρ‖ = 5.075023866505145e-8  ‖vε - vref‖ = 0.30290701124298364  α = 0.00656
 222   -13.00847557676      -13.75       -6.14    8.02s
    ‖ρε - ρref‖ = 7.125148274237056e-5 ‖Δρ‖ = 1.6069910851891673e-7  ‖vε - vref‖ = 0.3029031690696555  α = 0.00173
 223   -13.00847557676   +  -14.15       -6.52    11.5s
    ‖ρε - ρref‖ = 7.12244696321777e-5 ‖Δρ‖ = 8.644757577558651e-8  ‖vε - vref‖ = 0.3029013355377353  α = 0.00236
 224   -13.00847557676      -14.27       -6.09    8.62s
    ‖ρε - ρref‖ = 7.110505151867364e-5 ‖Δρ‖ = 2.4974660361907323e-7  ‖vε - vref‖ = 0.30289935029514936  α = 0.000638
 225   -13.00847557676      -13.85       -6.10    8.91s
    ‖ρε - ρref‖ = 7.126122702660126e-5 ‖Δρ‖ = 2.0320400033708399e-7  ‖vε - vref‖ = 0.3029013967681678  α = 0.00109
 226   -13.00847557676      -14.05       -6.30    12.0s
    ‖ρε - ρref‖ = 7.120554463848213e-5 ‖Δρ‖ = 9.735793767239668e-8  ‖vε - vref‖ = 0.302897374042461  α = 0.00302
 227   -13.00847557676      -13.55       -6.67    8.56s
    ‖ρε - ρref‖ = 7.12126134564727e-5 ‖Δρ‖ = 4.1551594826649903e-8  ‖vε - vref‖ = 0.3028958450444819  α = 0.00633
 228   -13.00847557676      -14.45       -6.73    12.3s
    ‖ρε - ρref‖ = 7.12138421668363e-5 ‖Δρ‖ = 4.182752240531755e-8  ‖vε - vref‖ = 0.30289389096000896  α = 0.00501
 229   -13.00847557676      -13.85       -6.89    8.87s
    ‖ρε - ρref‖ = 7.122744417252198e-5 ‖Δρ‖ = 2.8573289561029586e-8  ‖vε - vref‖ = 0.30289760537725124  α = 0.00726
 230   -13.00847557676      -13.85       -6.53    11.4s
    ‖ρε - ρref‖ = 7.12275890999273e-5 ‖Δρ‖ = 6.091101186714107e-8  ‖vε - vref‖ = 0.30289568789847693  α = 0.00381
 231   -13.00847557676   +  -14.45       -5.56    7.69s
    ‖ρε - ρref‖ = 7.097241022550259e-5 ‖Δρ‖ = 5.999819763591256e-7  ‖vε - vref‖ = 0.30289437447988066  α = 0.000224
 232   -13.00847557676      -14.27       -6.73    8.29s
    ‖ρε - ρref‖ = 7.123542396341432e-5 ‖Δρ‖ = 5.374103177148606e-8  ‖vε - vref‖ = 0.30289584919844326  α = 0.00205
 233   -13.00847557676   +  -14.27       -6.33    12.3s
    ‖ρε - ρref‖ = 7.11995301799876e-5 ‖Δρ‖ = 1.1671906024935829e-7  ‖vε - vref‖ = 0.30289606615119846  α = 0.00103
 234   -13.00847557676      -14.75       -6.47    8.88s
    ‖ρε - ρref‖ = 7.123083285761861e-5 ‖Δρ‖ = 7.726150987803198e-8  ‖vε - vref‖ = 0.3028948408964152  α = 0.00128
 235   -13.00847557676      -13.80       -6.21    12.2s
    ‖ρε - ρref‖ = 7.118472143374268e-5 ‖Δρ‖ = 1.2876943443216811e-7  ‖vε - vref‖ = 0.3028917455395778  α = 0.00121
 236   -13.00847557676   +    -Inf       -6.41    8.81s
    ‖ρε - ρref‖ = 7.126615193399452e-5 ‖Δρ‖ = 1.30293964950673e-7  ‖vε - vref‖ = 0.30289205208580017  α = 0.000647
 237   -13.00847557676      -13.97       -6.35    12.3s
    ‖ρε - ρref‖ = 7.119398721048978e-5 ‖Δρ‖ = 1.092181094369613e-7  ‖vε - vref‖ = 0.3028911426421469  α = 0.00133
 238   -13.00847557676      -14.15       -6.29    8.11s
    ‖ρε - ρref‖ = 7.123187742292599e-5 ‖Δρ‖ = 1.1584569175167878e-7  ‖vε - vref‖ = 0.30289348816891093  α = 0.00139
 239   -13.00847557676   +  -13.64       -6.22    7.61s
    ‖ρε - ρref‖ = 7.124305921430227e-5 ‖Δρ‖ = 1.0803896962960623e-7  ‖vε - vref‖ = 0.3028948315425691  α = 0.000921
 240   -13.00847557676      -14.15       -6.69    11.3s
    ‖ρε - ρref‖ = 7.120619423025332e-5 ‖Δρ‖ = 4.169885807071478e-8  ‖vε - vref‖ = 0.3028920735716007  α = 0.00313
 241   -13.00847557676      -13.60       -6.34    8.86s
    ‖ρε - ρref‖ = 7.123895487028893e-5 ‖Δρ‖ = 9.005802670379604e-8  ‖vε - vref‖ = 0.302892028677476  α = 0.00139
 242   -13.00847557676   +  -13.64       -6.03    12.3s
    ‖ρε - ρref‖ = 7.114171822531e-5 ‖Δρ‖ = 2.168557867788411e-7  ‖vε - vref‖ = 0.3028917159497303  α = 0.000341
 243   -13.00847557676      -13.85       -6.44    8.94s
    ‖ρε - ρref‖ = 7.124906852402185e-5 ‖Δρ‖ = 9.329836976383913e-8  ‖vε - vref‖ = 0.30289370991933046  α = 0.00143
 244   -13.00847557676   +  -14.75       -6.39    8.87s
    ‖ρε - ρref‖ = 7.119674582124747e-5 ‖Δρ‖ = 1.063211244759565e-7  ‖vε - vref‖ = 0.30289364233099025  α = 0.00101
 245   -13.00847557676      -13.97       -6.47    12.0s
    ‖ρε - ρref‖ = 7.123129010053097e-5 ‖Δρ‖ = 8.39227329116233e-8  ‖vε - vref‖ = 0.302892855836071  α = 0.00124
 246   -13.00847557676   +  -14.45       -6.16    8.13s
    ‖ρε - ρref‖ = 7.118653479963443e-5 ‖Δρ‖ = 1.3982026061989308e-7  ‖vε - vref‖ = 0.302892342076927  α = 0.000784
 247   -13.00847557676      -13.91       -6.62    10.9s
    ‖ρε - ρref‖ = 7.124917883761091e-5 ‖Δρ‖ = 7.675783519580203e-8  ‖vε - vref‖ = 0.30289362577872697  α = 0.00117
 248   -13.00847557676   +    -Inf       -6.23    7.84s
    ‖ρε - ρref‖ = 7.118613644340061e-5 ‖Δρ‖ = 1.5355964634187737e-7  ‖vε - vref‖ = 0.3028941420361558  α = 0.000818
 249   -13.00847557676      -14.45       -6.47    10.9s
    ‖ρε - ρref‖ = 7.123153378634166e-5 ‖Δρ‖ = 8.964622942584873e-8  ‖vε - vref‖ = 0.3028958001269036  α = 0.00138
 250   -13.00847557676      -14.27       -6.37    96.5s
    ‖ρε - ρref‖ = 7.122701217893783e-5 ‖Δρ‖ = 9.393502907618425e-8  ‖vε - vref‖ = 0.302895800127542  α = 2.32e-12
 251   -13.00847557676   +  -14.75       -5.65    8.55s
    ‖ρε - ρref‖ = 7.115885301805644e-5 ‖Δρ‖ = 5.257260959824952e-7  ‖vε - vref‖ = 0.302893593741009  α = 0.000247
 252   -13.00847557676      -14.15       -6.77    26.2s
    ‖ρε - ρref‖ = 7.1225323650869e-5 ‖Δρ‖ = 3.795180548164818e-8  ‖vε - vref‖ = 0.302893637941013  α = 0.000334
 253   -13.00847557676      -13.85       -6.09    8.60s
    ‖ρε - ρref‖ = 7.10973230061143e-5 ‖Δρ‖ = 2.2244220531189612e-7  ‖vε - vref‖ = 0.3028929716644871  α = 0.000187
 254   -13.00847557676      -14.75       -6.80    35.5s
    ‖ρε - ρref‖ = 7.122530801516228e-5 ‖Δρ‖ = 3.692539753013721e-8  ‖vε - vref‖ = 0.30289297166610507  α = 1.16e-6
 255   -13.00847557676   +  -13.75       -6.51    7.97s
    ‖ρε - ρref‖ = 7.118711380375676e-5 ‖Δρ‖ = 8.81444779611101e-8  ‖vε - vref‖ = 0.3028919303951249  α = 0.000792
 256   -13.00847557676      -14.45       -6.79    7.86s
    ‖ρε - ρref‖ = 7.12221045753718e-5 ‖Δρ‖ = 3.522339825082389e-8  ‖vε - vref‖ = 0.30289132822260234  α = 0.00388
 257   -13.00847557676   +  -14.05       -6.19    11.0s
    ‖ρε - ρref‖ = 7.118189989220278e-5 ‖Δρ‖ = 1.5322607766797784e-7  ‖vε - vref‖ = 0.30289125274436896  α = 0.000501
 258   -13.00847557676      -13.80       -6.52    7.58s
    ‖ρε - ρref‖ = 7.123823993366022e-5 ‖Δρ‖ = 6.788963827911156e-8  ‖vε - vref‖ = 0.30289421299654345  α = 0.00181
 259   -13.00847557676   +    -Inf       -6.40    10.8s
    ‖ρε - ρref‖ = 7.11661302110155e-5 ‖Δρ‖ = 1.410136427741728e-7  ‖vε - vref‖ = 0.30289404189734437  α = 0.000379
 260   -13.00847557676      -14.75       -6.87    85.2s
    ‖ρε - ρref‖ = 7.122222521735161e-5 ‖Δρ‖ = 3.248527011133299e-8  ‖vε - vref‖ = 0.30289404189795593  α = 4.9e-11
 261   -13.00847557676   +  -14.75       -2.10    20.1s
    ‖ρε - ρref‖ = 0.0018917688444764584 ‖Δρ‖ = 0.0018863786152683603  ‖vε - vref‖ = 0.3028940418974108  α = 0.0
 262   -13.00847557676   +    -Inf       -6.06    19.8s
    ‖ρε - ρref‖ = 7.161595891895333e-5 ‖Δρ‖ = 4.928630986453794e-7  ‖vε - vref‖ = 0.3028940418975277  α = 0.0
 263   -13.00847557676   +  -14.45       -6.06    16.6s
    ‖ρε - ρref‖ = 7.161595891782081e-5 ‖Δρ‖ = 4.92863101379779e-7  ‖vε - vref‖ = 0.30289404189744706  α = 0.0
 264   -13.00847557676      -14.05       -6.06    57.2s
    ‖ρε - ρref‖ = 7.161595857593156e-5 ‖Δρ‖ = 4.928631102381403e-7  ‖vε - vref‖ = 0.30289404844806245  α = 8.78e-7
 265   -13.00847557676   +  -13.71       -6.42    12.3s
    ‖ρε - ρref‖ = 7.125816172041504e-5 ‖Δρ‖ = 1.3007136359065663e-7  ‖vε - vref‖ = 0.3028951184734153  α = 0.000806
 266   -13.00847557676      -13.91       -6.30    8.44s
    ‖ρε - ρref‖ = 7.11747563904893e-5 ‖Δρ‖ = 1.6047435659035198e-7  ‖vε - vref‖ = 0.3028944078559949  α = 0.000614
 267   -13.00847557676      -14.05       -6.41    12.3s
    ‖ρε - ρref‖ = 7.12343508281602e-5 ‖Δρ‖ = 1.3087296196771712e-7  ‖vε - vref‖ = 0.30289426427148797  α = 0.000505
 268   -13.00847557676   +  -13.85       -6.87    8.10s
    ‖ρε - ρref‖ = 7.121092946616096e-5 ‖Δρ‖ = 3.6057639273002476e-8  ‖vε - vref‖ = 0.3028925352588097  α = 0.00186
    Stopping to avoid numerical instabilities.
 269   -13.00847557676      -13.75       -7.37    8.07s
    ‖ρε - ρref‖ = 7.122012595924097e-5 ‖Δρ‖ = 9.072269302642306e-9  ‖vε - vref‖ = 0.30289242836087843  α = 0.00929

#-- ‖ρε - ρref‖ = 7.1219049847048e-5 vs. 3.162277660168379e-8 = δ*ε ‖vε - vref‖ = 0.3028915873224849


# --- ε=1.778279410038923e-6

n     Energy            log10(ΔE)   log10(Δρ)   Δtime 
---   ---------------   ---------   ---------   ------
  1   -13.00781954928                   -0.13    15.4s
    ‖ρε - ρref‖ = 0.47421393122020866 ‖Δρ‖ = 0.47418720590469005  ‖vε - vref‖ = 11.457859036632392  α = 4.9e-5
  2   -13.00787855153       -4.23       -0.67    8.10s
    ‖ρε - ρref‖ = 0.09198935359803154 ‖Δρ‖ = 0.09197428607575922  ‖vε - vref‖ = 6.819944897145454  α = 0.000133
  3   -13.00790393768       -4.60       -1.31    8.01s
    ‖ρε - ρref‖ = 0.01698244627156104 ‖Δρ‖ = 0.016971824644434405  ‖vε - vref‖ = 3.7982189175273158  α = 0.000508
  4   -13.00790972131       -5.24       -1.57    12.0s
    ‖ρε - ρref‖ = 0.009541251010444994 ‖Δρ‖ = 0.009538333074326536  ‖vε - vref‖ = 2.754293574987995  α = 0.000432
  5   -13.00791162938       -5.72       -1.89    8.51s
    ‖ρε - ρref‖ = 0.004431590233077109 ‖Δρ‖ = 0.004427131457200571  ‖vε - vref‖ = 2.231405337238211  α = 0.000532
  6   -13.00791343958       -5.74       -2.07    8.47s
    ‖ρε - ρref‖ = 0.0023098972287257367 ‖Δρ‖ = 0.0023072649833778803  ‖vε - vref‖ = 1.691400350898508  α = 0.00104
  7   -13.00791431729       -6.06       -2.42    10.9s
    ‖ρε - ρref‖ = 0.0009393826298759225 ‖Δρ‖ = 0.0009370695059047245  ‖vε - vref‖ = 1.3683603092291694  α = 0.0018
  8   -13.00791468333       -6.44       -2.76    8.21s
    ‖ρε - ρref‖ = 0.00044999186320012803 ‖Δρ‖ = 0.0004468903267531281  ‖vε - vref‖ = 1.2040308539615339  α = 0.00241
  9   -13.00791492173       -6.62       -2.74    12.2s
    ‖ρε - ρref‖ = 0.00042035298008012836 ‖Δρ‖ = 0.0004182627067028213  ‖vε - vref‖ = 1.1014469596952408  α = 0.0021
 10   -13.00791509593       -6.76       -2.87    8.73s
    ‖ρε - ρref‖ = 0.00030492394478927055 ‖Δρ‖ = 0.0003015169359291042  ‖vε - vref‖ = 1.0097585741667818  α = 0.0025
 11   -13.00791521917       -6.91       -3.05    8.29s
    ‖ρε - ρref‖ = 0.00018270351647142104 ‖Δρ‖ = 0.0001779257799917209  ‖vε - vref‖ = 0.9447562336760178  α = 0.00359
 12   -13.00791554344       -6.49       -1.53    11.6s
    ‖ρε - ρref‖ = 0.017890667280199855 ‖Δρ‖ = 0.01792455069605028  ‖vε - vref‖ = 0.4642032519589652  α = 4.48e-5
 13   -13.00791557003       -7.58       -2.32    8.77s
    ‖ρε - ρref‖ = 0.002116790062189509 ‖Δρ‖ = 0.0020986500619199202  ‖vε - vref‖ = 0.4252734927836524  α = 0.00013
 14   -13.00791559012       -7.70       -3.03    11.3s
    ‖ρε - ρref‖ = 0.00030032748781356236 ‖Δρ‖ = 0.00028726352532306863  ‖vε - vref‖ = 0.40570209800669876  α = 0.000865
 15   -13.00791561991       -7.53       -3.02    8.27s
    ‖ρε - ρref‖ = 0.00022069722608327098 ‖Δρ‖ = 0.00021861497149782522  ‖vε - vref‖ = 0.37737118083008925  α = 0.00139
 16   -13.00791564621       -7.58       -2.75    7.96s
    ‖ρε - ρref‖ = 0.00044748092919226745 ‖Δρ‖ = 0.00044713066300270575  ‖vε - vref‖ = 0.34175087246388897  α = 0.000627
 17   -13.00791566488       -7.73       -2.87    11.2s
    ‖ρε - ρref‖ = 0.0003332012613189798 ‖Δρ‖ = 0.0003338364558690582  ‖vε - vref‖ = 0.314802060680823  α = 0.000728
 18   -13.00791568751       -7.65       -3.15    8.23s
    ‖ρε - ρref‖ = 0.0001520498875571685 ‖Δρ‖ = 0.0001454325010226411  ‖vε - vref‖ = 0.28393697645081156  α = 0.00187
 19   -13.00791570220       -7.83       -3.32    12.7s
    ‖ρε - ρref‖ = 0.00011292061528128483 ‖Δρ‖ = 0.00010511282987698189  ‖vε - vref‖ = 0.2635461047150675  α = 0.00207
 20   -13.00791571571       -7.87       -3.60    8.05s
    ‖ρε - ρref‖ = 6.308973413447895e-5 ‖Δρ‖ = 4.8981606969718035e-5  ‖vε - vref‖ = 0.24700042620223528  α = 0.00425
 21   -13.00791572255       -8.16       -3.35    7.59s
    ‖ρε - ρref‖ = 0.0001047554229823181 ‖Δρ‖ = 9.596186314410994e-5  ‖vε - vref‖ = 0.2381626651827574  α = 0.00155
 22   -13.00791572979       -8.14       -3.75    11.2s
    ‖ρε - ρref‖ = 5.181842527428082e-5 ‖Δρ‖ = 3.4176917170495685e-5  ‖vε - vref‖ = 0.23075590752387004  α = 0.00451
 23   -13.00791573235       -8.59       -3.60    8.08s
    ‖ρε - ρref‖ = 5.01880876686678e-5 ‖Δρ‖ = 6.314779293286737e-5  ‖vε - vref‖ = 0.2306872117805581  α = 0.00125
 24   -13.00791573735       -8.30       -2.35    11.5s
    ‖ρε - ρref‖ = 0.0009078298633384388 ‖Δρ‖ = 0.000894588919678244  ‖vε - vref‖ = 0.22447616446766383  α = 0.000133
 25   -13.00791573788       -9.28       -3.24    8.00s
    ‖ρε - ρref‖ = 0.00023538153206748895 ‖Δρ‖ = 0.0002136958374229576  ‖vε - vref‖ = 0.2245738591522957  α = 0.000182
 26   -13.00791574154       -8.44       -3.78    8.75s
    ‖ρε - ρref‖ = 5.473321001874484e-5 ‖Δρ‖ = 3.256770568474985e-5  ‖vε - vref‖ = 0.22382690529884283  α = 0.00333
 27   -13.00791574328       -8.76       -3.23    11.8s
    ‖ρε - ρref‖ = 0.00014775492975519438 ‖Δρ‖ = 0.00015041824543578157  ‖vε - vref‖ = 0.22183456891533626  α = 0.000475
 28   -13.00791574455       -8.90       -3.52    8.71s
    ‖ρε - ρref‖ = 8.415763273774935e-5 ‖Δρ‖ = 7.969763207686113e-5  ‖vε - vref‖ = 0.22001169799443918  α = 0.000778
 29   -13.00791574594       -8.86       -3.57    12.2s
    ‖ρε - ρref‖ = 7.610429423362378e-5 ‖Δρ‖ = 6.629128124772488e-5  ‖vε - vref‖ = 0.2189839980249776  α = 0.000995
 30   -13.00791574779       -8.73       -3.88    8.82s
    ‖ρε - ρref‖ = 5.222587711718544e-5 ‖Δρ‖ = 2.7877869787825105e-5  ‖vε - vref‖ = 0.2212522045176989  α = 0.00276
 31   -13.00791574954       -8.76       -3.82    8.77s
    ‖ρε - ρref‖ = 4.895984344943006e-5 ‖Δρ‖ = 3.184713635002461e-5  ‖vε - vref‖ = 0.2219573917403175  α = 0.00233
 32   -13.00791575157       -8.69       -3.77    12.5s
    ‖ρε - ρref‖ = 5.289057690719858e-5 ‖Δρ‖ = 3.283281912331783e-5  ‖vε - vref‖ = 0.22383749599200717  α = 0.00245
 33   -13.00791575299       -8.85       -4.16    8.32s
    ‖ρε - ρref‖ = 4.142843118167336e-5 ‖Δρ‖ = 1.3793871046641426e-5  ‖vε - vref‖ = 0.22515708635631232  α = 0.00492
 34   -13.00791575457       -8.80       -3.85    7.93s
    ‖ρε - ρref‖ = 5.187350685480647e-5 ‖Δρ‖ = 2.7464593068926068e-5  ‖vε - vref‖ = 0.22855995629477244  α = 0.00259
 35   -13.00791575465      -10.12       -3.40    12.6s
    ‖ρε - ρref‖ = 0.00016871491728163052 ‖Δρ‖ = 0.00019573245513417766  ‖vε - vref‖ = 0.22844459032417685  α = 6.34e-5
 36   -13.00791575570       -8.98       -3.94    8.81s
    ‖ρε - ρref‖ = 4.356247768087353e-5 ‖Δρ‖ = 2.6502446753481236e-5  ‖vε - vref‖ = 0.23066725737162747  α = 0.00214
 37   -13.00791575651       -9.09       -3.10    12.6s
    ‖ρε - ρref‖ = 0.00021560138221784656 ‖Δρ‖ = 0.00019630166585465761  ‖vε - vref‖ = 0.2329204577198092  α = 0.000248
 38   -13.00791575755       -8.99       -3.70    8.60s
    ‖ρε - ρref‖ = 5.7135273576664274e-5 ‖Δρ‖ = 4.3308638835745594e-5  ‖vε - vref‖ = 0.23431542605436717  α = 0.00132
 39   -13.00791575772       -9.77       -3.91    8.26s
    ‖ρε - ρref‖ = 5.4101600649261e-5 ‖Δρ‖ = 4.721893181407695e-5  ‖vε - vref‖ = 0.23439451312810902  α = 0.000457
 40   -13.00791575873       -8.99       -4.14    12.5s
    ‖ρε - ρref‖ = 4.212282681820164e-5 ‖Δρ‖ = 1.5984384883419835e-5  ‖vε - vref‖ = 0.23650858929736232  α = 0.00349
 41   -13.00791575977       -8.98       -3.49    8.70s
    ‖ρε - ρref‖ = 8.508072835770968e-5 ‖Δρ‖ = 7.048522123923021e-5  ‖vε - vref‖ = 0.2390382850849703  α = 0.000799
 42   -13.00791576110       -8.88       -4.00    10.8s
    ‖ρε - ρref‖ = 4.4940980037705374e-5 ‖Δρ‖ = 2.0009769904798807e-5  ‖vε - vref‖ = 0.24161737593368074  α = 0.00321
 43   -13.00791576191       -9.09       -4.07    7.89s
    ‖ρε - ρref‖ = 4.196431114874079e-5 ‖Δρ‖ = 2.022228017486103e-5  ‖vε - vref‖ = 0.24242844556237753  α = 0.00247
 44   -13.00791576279       -9.06       -3.95    8.04s
    ‖ρε - ρref‖ = 5.0939775658939837e-5 ‖Δρ‖ = 2.5101914289835365e-5  ‖vε - vref‖ = 0.2450701599137674  α = 0.00206
 45   -13.00791576370       -9.04       -4.23    11.9s
    ‖ρε - ρref‖ = 4.102463390852159e-5 ‖Δρ‖ = 1.2386271985369456e-5  ‖vε - vref‖ = 0.24584754351021929  α = 0.00429
 46   -13.00791576391       -9.69       -4.06    8.04s
    ‖ρε - ρref‖ = 6.204368510561435e-5 ‖Δρ‖ = 2.9340836184688376e-5  ‖vε - vref‖ = 0.24650759508714762  α = 0.000727
 47   -13.00791576456       -9.19       -3.02    7.75s
    ‖ρε - ρref‖ = 0.00021100388579821142 ‖Δρ‖ = 0.00022161614263720562  ‖vε - vref‖ = 0.24643900517958772  α = 0.000194
 48   -13.00791576484       -9.55       -3.91    12.4s
    ‖ρε - ρref‖ = 4.239167700143987e-5 ‖Δρ‖ = 3.6744544563826845e-5  ‖vε - vref‖ = 0.24669548651722392  α = 0.000777
 49   -13.00791576564       -9.09       -3.40    8.32s
    ‖ρε - ρref‖ = 0.00010429665269600756 ‖Δρ‖ = 8.540099016545554e-5  ‖vε - vref‖ = 0.24861791525195082  α = 0.000569
 50   -13.00791576599       -9.46       -4.17    12.2s
    ‖ρε - ρref‖ = 4.557520705724855e-5 ‖Δρ‖ = 1.7348454674354635e-5  ‖vε - vref‖ = 0.24920017913268558  α = 0.00187
 51   -13.00791576627       -9.56       -3.73    8.54s
    ‖ρε - ρref‖ = 6.11821277629653e-5 ‖Δρ‖ = 5.3431314504963804e-5  ‖vε - vref‖ = 0.24921815534710484  α = 0.000525
 52   -13.00791576665       -9.42       -4.02    8.53s
    ‖ρε - ρref‖ = 4.491571981553745e-5 ‖Δρ‖ = 2.2825148016031454e-5  ‖vε - vref‖ = 0.24912085838889164  α = 0.0015
 53   -13.00791576691       -9.59       -3.95    12.6s
    ‖ρε - ρref‖ = 5.230678539563763e-5 ‖Δρ‖ = 2.9599260076718915e-5  ‖vε - vref‖ = 0.24928557061139456  α = 0.000943
 54   -13.00791576767       -9.12       -4.04    8.69s
    ‖ρε - ρref‖ = 4.203562649083168e-5 ‖Δρ‖ = 1.7274144275511945e-5  ‖vε - vref‖ = 0.24879444313688578  α = 0.00279
 55   -13.00791576793       -9.57       -4.25    12.2s
    ‖ρε - ρref‖ = 4.329613837199689e-5 ‖Δρ‖ = 1.3114264172544524e-5  ‖vε - vref‖ = 0.2493982667295598  α = 0.00223
 56   -13.00791576845       -9.28       -4.37    8.23s
    ‖ρε - ρref‖ = 4.193297295920059e-5 ‖Δρ‖ = 8.154315268005385e-6  ‖vε - vref‖ = 0.25061828773629546  α = 0.00493
 57   -13.00791576864       -9.73       -4.12    8.05s
    ‖ρε - ρref‖ = 3.852745233168639e-5 ‖Δρ‖ = 1.856162297999378e-5  ‖vε - vref‖ = 0.2500441627281489  α = 0.0013
 58   -13.00791576866      -10.92       -3.96    11.4s
    ‖ρε - ρref‖ = 8.844049381836455e-5 ‖Δρ‖ = 5.609888172351119e-5  ‖vε - vref‖ = 0.250096289307982  α = 8.88e-5
 59   -13.00791576906       -9.40       -4.17    8.37s
    ‖ρε - ρref‖ = 4.246738110899388e-5 ‖Δρ‖ = 1.198733431810949e-5  ‖vε - vref‖ = 0.2499118073238254  α = 0.00297
 60   -13.00791576910      -10.41       -3.92    7.60s
    ‖ρε - ρref‖ = 4.3275465270335194e-5 ‖Δρ‖ = 4.432350213903043e-5  ‖vε - vref‖ = 0.24972398598481457  α = 0.000238
 61   -13.00791576945       -9.45       -4.19    12.8s
    ‖ρε - ρref‖ = 4.2207210645063835e-5 ‖Δρ‖ = 1.2012550098658202e-5  ‖vε - vref‖ = 0.2494043601675106  α = 0.00279
 62   -13.00791576952      -10.15       -4.38    8.16s
    ‖ρε - ρref‖ = 4.408102053459553e-5 ‖Δρ‖ = 1.2710633070795619e-5  ‖vε - vref‖ = 0.2495011763818413  α = 0.00112
 63   -13.00791576972       -9.72       -4.00    11.9s
    ‖ρε - ρref‖ = 4.427763274360349e-5 ‖Δρ‖ = 2.2123526817401282e-5  ‖vε - vref‖ = 0.24944094853075086  α = 0.00108
 64   -13.00791576984       -9.92       -4.20    8.19s
    ‖ρε - ρref‖ = 4.2715718958643054e-5 ‖Δρ‖ = 1.6031618619530086e-5  ‖vε - vref‖ = 0.24940063160782552  α = 0.00119
 65   -13.00791576991      -10.16       -4.20    7.86s
    ‖ρε - ρref‖ = 4.6576408698167915e-5 ‖Δρ‖ = 1.824936586876701e-5  ‖vε - vref‖ = 0.24950774110331844  α = 0.000798
 66   -13.00791577008       -9.76       -4.54    12.2s
    ‖ρε - ρref‖ = 3.9824748842437444e-5 ‖Δρ‖ = 5.985027193370404e-6  ‖vε - vref‖ = 0.2489821174939887  α = 0.00391
 67   -13.00791577041       -9.48       -4.34    8.76s
    ‖ρε - ρref‖ = 4.0775381557079445e-5 ‖Δρ‖ = 8.04739109958335e-6  ‖vε - vref‖ = 0.24854965222426548  α = 0.00392
 68   -13.00791577056       -9.82       -4.31    8.73s
    ‖ρε - ρref‖ = 4.316572779955796e-5 ‖Δρ‖ = 1.1293245819813605e-5  ‖vε - vref‖ = 0.24877552282771423  α = 0.0019
 69   -13.00791577059      -10.52       -4.53    12.7s
    ‖ρε - ρref‖ = 3.350203567336592e-5 ‖Δρ‖ = 1.0435970405657913e-5  ‖vε - vref‖ = 0.24860880500489302  α = 0.000777
 70   -13.00791577071       -9.91       -3.43    8.75s
    ‖ρε - ρref‖ = 9.574154879036656e-5 ‖Δρ‖ = 8.256523648551312e-5  ‖vε - vref‖ = 0.2482908788863049  α = 0.00023
 71   -13.00791577081      -10.02       -4.27    12.5s
    ‖ρε - ρref‖ = 4.566143839579745e-5 ‖Δρ‖ = 1.2539911526337657e-5  ‖vε - vref‖ = 0.24849458136170283  α = 0.00137
 72   -13.00791577083      -10.61       -3.90    8.70s
    ‖ρε - ρref‖ = 4.622933552818786e-5 ‖Δρ‖ = 4.3131019716968114e-5  ‖vε - vref‖ = 0.24838623813370456  α = 0.000196
 73   -13.00791577096       -9.88       -4.50    8.32s
    ‖ρε - ρref‖ = 4.0352023405206066e-5 ‖Δρ‖ = 6.007676682924654e-6  ‖vε - vref‖ = 0.24798359190952834  α = 0.0034
 74   -13.00791577102      -10.24       -4.74    12.5s
    ‖ρε - ρref‖ = 4.108396143562654e-5 ‖Δρ‖ = 4.536263752483468e-6  ‖vε - vref‖ = 0.24798436608598837  α = 0.00288
 75   -13.00791577109      -10.13       -3.97    7.69s
    ‖ρε - ρref‖ = 4.5159934562384924e-5 ‖Δρ‖ = 2.51877975326498e-5  ‖vε - vref‖ = 0.24777278527693178  α = 0.000585
 76   -13.00791577118      -10.05       -4.48    8.22s
    ‖ρε - ρref‖ = 3.9645236997179955e-5 ‖Δρ‖ = 6.877061967722484e-6  ‖vε - vref‖ = 0.2473288553194504  α = 0.00244
 77   -13.00791577122      -10.42       -4.34    12.5s
    ‖ρε - ρref‖ = 4.3770144395185305e-5 ‖Δρ‖ = 1.2722523178064632e-5  ‖vε - vref‖ = 0.24738989878648848  α = 0.000844
 78   -13.00791577130      -10.10       -4.44    7.78s
    ‖ρε - ρref‖ = 4.132639575093729e-5 ‖Δρ‖ = 7.812912158900412e-6  ‖vε - vref‖ = 0.24759874693461603  α = 0.00203
 79   -13.00791577143       -9.90       -4.78    11.0s
    ‖ρε - ρref‖ = 4.0192914564432e-5 ‖Δρ‖ = 3.039169237758673e-6  ‖vε - vref‖ = 0.24744477928607186  α = 0.0065
 80   -13.00791577147      -10.37       -4.55    8.90s
    ‖ρε - ρref‖ = 4.104113150421788e-5 ‖Δρ‖ = 7.310399373066264e-6  ‖vε - vref‖ = 0.24730184298248353  α = 0.00154
 81   -13.00791577147      -11.44       -4.16    8.68s
    ‖ρε - ρref‖ = 2.8848346795817102e-5 ‖Δρ‖ = 3.694615751531562e-5  ‖vε - vref‖ = 0.2472454022552417  α = 7.35e-5
 82   -13.00791577160       -9.90       -4.60    12.3s
    ‖ρε - ρref‖ = 4.0231294994247754e-5 ‖Δρ‖ = 4.80663201130621e-6  ‖vε - vref‖ = 0.2468852032277279  α = 0.00408
 83   -13.00791577161      -10.82       -4.42    8.24s
    ‖ρε - ρref‖ = 4.817383303145609e-5 ‖Δρ‖ = 1.3205869975536604e-5  ‖vε - vref‖ = 0.24698293561026757  α = 0.0005
 84   -13.00791577167      -10.28       -4.15    8.26s
    ‖ρε - ρref‖ = 4.2698582970528286e-5 ‖Δρ‖ = 1.7354617233576567e-5  ‖vε - vref‖ = 0.2469346453132079  α = 0.000731
 85   -13.00791577176      -10.02       -4.54    12.4s
    ‖ρε - ρref‖ = 3.9350897489191324e-5 ‖Δρ‖ = 6.319482937034771e-6  ‖vε - vref‖ = 0.24633788516404467  α = 0.00266
 86   -13.00791577186      -10.02       -4.50    8.27s
    ‖ρε - ρref‖ = 4.15552644086416e-5 ‖Δρ‖ = 6.366857241727457e-6  ‖vε - vref‖ = 0.24645691561603048  α = 0.00268
 87   -13.00791577187      -10.76       -4.25    12.6s
    ‖ρε - ρref‖ = 4.200090740647276e-5 ‖Δρ‖ = 1.8770097205727264e-5  ‖vε - vref‖ = 0.24642599310006696  α = 0.000369
 88   -13.00791577193      -10.22       -4.69    8.62s
    ‖ρε - ρref‖ = 4.03741618838615e-5 ‖Δρ‖ = 4.482121752746199e-6  ‖vε - vref‖ = 0.24638140602790165  α = 0.00304
 89   -13.00791577197      -10.47       -4.60    8.06s
    ‖ρε - ρref‖ = 4.0823071067111375e-5 ‖Δρ‖ = 6.065474362469135e-6  ‖vε - vref‖ = 0.2463503980922443  α = 0.00169
 90   -13.00791577198      -10.89       -4.50    11.2s
    ‖ρε - ρref‖ = 3.967898435668846e-5 ‖Δρ‖ = 9.204926257388537e-6  ‖vε - vref‖ = 0.2462731562393529  α = 0.000685
 91   -13.00791577203      -10.28       -4.92    7.69s
    ‖ρε - ρref‖ = 4.029493362989612e-5 ‖Δρ‖ = 2.39931147536685e-6  ‖vε - vref‖ = 0.24636001497436297  α = 0.00533
 92   -13.00791577208      -10.36       -4.83    7.87s
    ‖ρε - ρref‖ = 4.1397282423902275e-5 ‖Δρ‖ = 3.200050403857974e-6  ‖vε - vref‖ = 0.24636512749296202  α = 0.00337
 93   -13.00791577211      -10.52       -3.33    13.1s
    ‖ρε - ρref‖ = 0.00010031355719159526 ‖Δρ‖ = 0.00011568862253497265  ‖vε - vref‖ = 0.246148842434376  α = 7.44e-5
 94   -13.00791577214      -10.52       -4.85    8.82s
    ‖ρε - ρref‖ = 3.963198426809487e-5 ‖Δρ‖ = 3.2495824217555706e-6  ‖vε - vref‖ = 0.24598185308443743  α = 0.00302
 95   -13.00791577215      -11.00       -4.49    8.75s
    ‖ρε - ρref‖ = 4.625042932427769e-5 ‖Δρ‖ = 1.0928742478634841e-5  ‖vε - vref‖ = 0.24608112692765904  α = 0.000489
 96   -13.00791577220      -10.26       -4.22    12.4s
    ‖ρε - ρref‖ = 4.1106790638897894e-5 ‖Δρ‖ = 1.1717742459878596e-5  ‖vε - vref‖ = 0.2462788639279069  α = 0.0011
 97   -13.00791577223      -10.50       -4.68    8.44s
    ‖ρε - ρref‖ = 4.056491596068363e-5 ‖Δρ‖ = 5.012385834252619e-6  ‖vε - vref‖ = 0.24636651644275465  α = 0.00193
 98   -13.00791577229      -10.25       -4.74    12.6s
    ‖ρε - ρref‖ = 4.0453760560436035e-5 ‖Δρ‖ = 3.3644813574335946e-6  ‖vε - vref‖ = 0.2463149913867307  α = 0.00391
 99   -13.00791577230      -11.01       -4.40    7.97s
    ‖ρε - ρref‖ = 3.899220812660992e-5 ‖Δρ‖ = 1.3044485223430282e-5  ‖vε - vref‖ = 0.246215267339708  α = 0.0004
 100   -13.00791577231      -10.85       -4.66    8.09s
    ‖ρε - ρref‖ = 3.9483754813406394e-5 ‖Δρ‖ = 5.544409151430737e-6  ‖vε - vref‖ = 0.2460342057194509  α = 0.0012
 101   -13.00791577234      -10.65       -4.89    11.4s
    ‖ρε - ρref‖ = 4.061476102351498e-5 ‖Δρ‖ = 2.8488756418074837e-6  ‖vε - vref‖ = 0.24617463406815526  α = 0.00296
 102   -13.00791577235      -10.77       -4.91    7.75s
    ‖ρε - ρref‖ = 3.976835118110336e-5 ‖Δρ‖ = 2.9757062897563754e-6  ‖vε - vref‖ = 0.2461380811357272  α = 0.00242
 103   -13.00791577238      -10.62       -4.39    8.18s
    ‖ρε - ρref‖ = 4.140647858690383e-5 ‖Δρ‖ = 8.640138760671595e-6  ‖vε - vref‖ = 0.24618494721267456  α = 0.000993
 104   -13.00791577238      -11.43       -5.06    12.2s
    ‖ρε - ρref‖ = 4.2338296442029934e-5 ‖Δρ‖ = 3.2945203981750136e-6  ‖vε - vref‖ = 0.24625328818362885  α = 0.000862
 105   -13.00791577240      -10.77       -3.92    8.79s
    ‖ρε - ρref‖ = 4.432163402611105e-5 ‖Δρ‖ = 2.7695620573473392e-5  ‖vε - vref‖ = 0.24632377434700678  α = 0.000255
 106   -13.00791577243      -10.51       -4.91    11.9s
    ‖ρε - ρref‖ = 4.002923675672928e-5 ‖Δρ‖ = 2.3223871052883856e-6  ‖vε - vref‖ = 0.24628046024137404  α = 0.0042
 107   -13.00791577243      -11.38       -4.62    8.76s
    ‖ρε - ρref‖ = 4.403847182962024e-5 ‖Δρ‖ = 8.135118007087635e-6  ‖vε - vref‖ = 0.24629881580436688  α = 0.000426
 108   -13.00791577245      -10.91       -4.44    8.73s
    ‖ρε - ρref‖ = 3.859231293078184e-5 ‖Δρ‖ = 9.026491926494066e-6  ‖vε - vref‖ = 0.2461415934382935  α = 0.00068
 109   -13.00791577246      -10.77       -5.14    12.1s
    ‖ρε - ρref‖ = 4.006859381985073e-5 ‖Δρ‖ = 1.5226440502460548e-6  ‖vε - vref‖ = 0.24612330673892963  α = 0.00485
 110   -13.00791577248      -10.70       -5.14    7.95s
    ‖ρε - ρref‖ = 4.035933978139972e-5 ‖Δρ‖ = 1.5476401011039628e-6  ‖vε - vref‖ = 0.2463751641723344  α = 0.00502
 111   -13.00791577249      -10.99       -4.44    7.93s
    ‖ρε - ρref‖ = 3.978761070292561e-5 ‖Δρ‖ = 9.441354603689465e-6  ‖vε - vref‖ = 0.24642217496800206  α = 0.000575
 112   -13.00791577250      -10.95       -4.53    12.8s
    ‖ρε - ρref‖ = 4.065483982547439e-5 ‖Δρ‖ = 7.436945812915813e-6  ‖vε - vref‖ = 0.24645090059294894  α = 0.00076
 113   -13.00791577252      -10.81       -5.24    8.81s
    ‖ρε - ρref‖ = 4.01785505248452e-5 ‖Δρ‖ = 1.2182566431783131e-6  ‖vε - vref‖ = 0.24652400724187873  α = 0.00571
 114   -13.00791577253      -10.83       -4.75    8.75s
    ‖ρε - ρref‖ = 3.949932312633181e-5 ‖Δρ‖ = 3.979016144012033e-6  ‖vε - vref‖ = 0.24644511211181883  α = 0.0017
 115   -13.00791577254      -11.22       -4.68    12.6s
    ‖ρε - ρref‖ = 4.079388620907374e-5 ‖Δρ‖ = 6.071515590465876e-6  ‖vε - vref‖ = 0.2464861051118662  α = 0.000703
 116   -13.00791577254      -12.07       -4.74    8.69s
    ‖ρε - ρref‖ = 4.7203409137414617e-5 ‖Δρ‖ = 9.08355284776272e-6  ‖vε - vref‖ = 0.24651739111875162  α = 0.000145
 117   -13.00791577255      -11.01       -4.52    11.7s
    ‖ρε - ρref‖ = 4.063463263201833e-5 ‖Δρ‖ = 7.116232576671895e-6  ‖vε - vref‖ = 0.24664142110064866  α = 0.000777
 118   -13.00791577257      -10.82       -4.95    8.14s
    ‖ρε - ρref‖ = 3.9753810000503564e-5 ‖Δρ‖ = 2.246410564352887e-6  ‖vε - vref‖ = 0.24663874601707703  α = 0.00305
 119   -13.00791577257      -11.35       -4.97    8.04s
    ‖ρε - ρref‖ = 4.183942089789951e-5 ‖Δρ‖ = 3.3860273253256666e-6  ‖vε - vref‖ = 0.24676755265772654  α = 0.00106
 120   -13.00791577258      -10.91       -4.29    13.2s
    ‖ρε - ρref‖ = 4.052292205107985e-5 ‖Δρ‖ = 1.1557849823360862e-5  ‖vε - vref‖ = 0.2469672031222164  α = 0.00053
 121   -13.00791577260      -10.74       -5.23    8.64s
    ‖ρε - ρref‖ = 4.0001135505165504e-5 ‖Δρ‖ = 1.0572835009680647e-6  ‖vε - vref‖ = 0.24695004450481595  α = 0.00711
 122   -13.00791577261      -11.09       -5.25    8.33s
    ‖ρε - ρref‖ = 4.0209545307688775e-5 ‖Δρ‖ = 1.351106285539375e-6  ‖vε - vref‖ = 0.2470471885054389  α = 0.00368
 123   -13.00791577261      -11.47       -4.82    12.6s
    ‖ρε - ρref‖ = 3.9615062948104844e-5 ‖Δρ‖ = 4.832156721115211e-6  ‖vε - vref‖ = 0.24706370894609184  α = 0.000636
 124   -13.00791577263      -10.84       -4.80    7.86s
    ‖ρε - ρref‖ = 4.033495560928376e-5 ‖Δρ‖ = 3.2593361793001045e-6  ‖vε - vref‖ = 0.24719168935836505  α = 0.00198
 125   -13.00791577264      -11.07       -4.90    8.79s
    ‖ρε - ρref‖ = 4.034605194747387e-5 ‖Δρ‖ = 2.8823094020750305e-6  ‖vε - vref‖ = 0.24726955548875554  α = 0.00176
 126   -13.00791577264      -11.26       -5.15    11.5s
    ‖ρε - ρref‖ = 3.97653418817203e-5 ‖Δρ‖ = 1.7668272422477096e-6  ‖vε - vref‖ = 0.24720422265847877  α = 0.00232
 127   -13.00791577265      -11.44       -4.86    8.27s
    ‖ρε - ρref‖ = 3.911997672216604e-5 ‖Δρ‖ = 3.7619960964643595e-6  ‖vε - vref‖ = 0.24720551716719494  α = 0.000814
 128   -13.00791577265      -11.55       -3.98    12.9s
    ‖ρε - ρref‖ = 6.35841430377393e-5 ‖Δρ‖ = 3.0741495288904944e-5  ‖vε - vref‖ = 0.24725449586241202  α = 8.57e-5
 129   -13.00791577266      -11.14       -4.69    8.85s
    ‖ρε - ρref‖ = 4.0286337555741334e-5 ‖Δρ‖ = 4.538826143212176e-6  ‖vε - vref‖ = 0.24728867555381126  α = 0.00104
 130   -13.00791577266      -11.22       -5.16    8.90s
    ‖ρε - ρref‖ = 3.9833359900733066e-5 ‖Δρ‖ = 1.447563782134145e-6  ‖vε - vref‖ = 0.24721355113036422  α = 0.00303
 131   -13.00791577266      -12.05       -4.98    13.0s
    ‖ρε - ρref‖ = 4.199676190721657e-5 ‖Δρ‖ = 3.6741573473082707e-6  ‖vε - vref‖ = 0.2472464709803307  α = 0.000434
 132   -13.00791577267      -11.49       -4.79    7.98s
    ‖ρε - ρref‖ = 4.009731485558531e-5 ‖Δρ‖ = 3.951920584017083e-6  ‖vε - vref‖ = 0.2472987625434686  α = 0.000806
 133   -13.00791577267      -11.17       -5.12    7.64s
    ‖ρε - ρref‖ = 4.0100306109162736e-5 ‖Δρ‖ = 1.4006865536644446e-6  ‖vε - vref‖ = 0.2473793344278635  α = 0.0033
 134   -13.00791577268      -11.22       -5.51    11.8s
    ‖ρε - ρref‖ = 4.010987993535272e-5 ‖Δρ‖ = 5.691612648119809e-7  ‖vε - vref‖ = 0.24738262230198405  α = 0.00771
 135   -13.00791577268      -11.86       -5.12    8.30s
    ‖ρε - ρref‖ = 3.959789504638741e-5 ‖Δρ‖ = 2.2528726632782026e-6  ‖vε - vref‖ = 0.24733453376301587  α = 0.000889
 136   -13.00791577268      -11.72       -4.88    8.00s
    ‖ρε - ρref‖ = 4.007413429336117e-5 ‖Δρ‖ = 3.4573550880084486e-6  ‖vε - vref‖ = 0.2472763748388615  α = 0.000698
 137   -13.00791577269      -11.16       -5.47    12.3s
    ‖ρε - ρref‖ = 4.009930843242618e-5 ‖Δρ‖ = 6.256607130555627e-7  ‖vε - vref‖ = 0.24725445810538144  α = 0.00742
 138   -13.00791577269      -11.32       -5.33    7.70s
    ‖ρε - ρref‖ = 4.0041950332467646e-5 ‖Δρ‖ = 1.0152372544416168e-6  ‖vε - vref‖ = 0.24721142737797416  α = 0.0037
 139   -13.00791577269      -12.16       -4.43    8.10s
    ‖ρε - ρref‖ = 3.155999640088895e-5 ‖Δρ‖ = 1.5270456136506426e-5  ‖vε - vref‖ = 0.24719298904683162  α = 7.87e-5
 140   -13.00791577270      -11.48       -4.66    11.7s
    ‖ρε - ρref‖ = 4.198405588891057e-5 ‖Δρ‖ = 5.484211511676941e-6  ‖vε - vref‖ = 0.24725075330421992  α = 0.000565
 141   -13.00791577270      -11.55       -4.99    8.78s
    ‖ρε - ρref‖ = 4.031551926638218e-5 ‖Δρ‖ = 2.597998703401134e-6  ‖vε - vref‖ = 0.24729947967527796  α = 0.00112
 142   -13.00791577270      -11.46       -5.21    12.9s
    ‖ρε - ρref‖ = 3.9949458122076366e-5 ‖Δρ‖ = 1.3888329034665495e-6  ‖vε - vref‖ = 0.24730598573834883  α = 0.00237
 143   -13.00791577270      -12.35       -4.93    8.22s
    ‖ρε - ρref‖ = 4.245289214164475e-5 ‖Δρ‖ = 4.540274922725943e-6  ‖vε - vref‖ = 0.2473226702530159  α = 0.000249
 144   -13.00791577271      -11.39       -5.22    8.12s
    ‖ρε - ρref‖ = 4.004209305034402e-5 ‖Δρ‖ = 1.3117231505094088e-6  ‖vε - vref‖ = 0.2472888563479219  α = 0.00269
 145   -13.00791577271      -11.32       -5.16    13.2s
    ‖ρε - ρref‖ = 3.984607687851647e-5 ‖Δρ‖ = 1.4042572663690377e-6  ‖vε - vref‖ = 0.2471696939871389  α = 0.00272
 146   -13.00791577272      -11.39       -5.16    8.72s
    ‖ρε - ρref‖ = 4.030013288100441e-5 ‖Δρ‖ = 1.4223440685814783e-6  ‖vε - vref‖ = 0.24722787360523343  α = 0.00249
 147   -13.00791577272      -11.69       -5.31    7.63s
    ‖ρε - ρref‖ = 3.998743342363487e-5 ‖Δρ‖ = 1.2301442413924153e-6  ‖vε - vref‖ = 0.247237331705653  α = 0.00199
 148   -13.00791577272      -11.92       -4.84    11.9s
    ‖ρε - ρref‖ = 4.0846611547489876e-5 ‖Δρ‖ = 4.067596983481553e-6  ‖vε - vref‖ = 0.24725205213495158  α = 0.000464
 149   -13.00791577272      -11.53       -5.25    8.78s
    ‖ρε - ρref‖ = 4.0065490866928874e-5 ‖Δρ‖ = 1.2147518074695523e-6  ‖vε - vref‖ = 0.24724517620041445  α = 0.00249
 150   -13.00791577273      -11.46       -5.39    8.65s
    ‖ρε - ρref‖ = 4.0166657847858125e-5 ‖Δρ‖ = 7.573680328674538e-7  ‖vε - vref‖ = 0.2472101870959841  α = 0.00431
 151   -13.00791577273      -12.49       -4.39    12.6s
    ‖ρε - ρref‖ = 3.105224656244557e-5 ‖Δρ‖ = 1.667842923975086e-5  ‖vε - vref‖ = 0.24719316909631672  α = 5.04e-5
 152   -13.00791577273      -11.72       -5.62    7.63s
    ‖ρε - ρref‖ = 4.016859503334113e-5 ‖Δρ‖ = 5.53283932828816e-7  ‖vε - vref‖ = 0.24721678382805753  α = 0.00433
 153   -13.00791577273      -11.61       -4.84    8.12s
    ‖ρε - ρref‖ = 3.988984560822187e-5 ‖Δρ‖ = 3.036340600605698e-6  ‖vε - vref‖ = 0.24719711837167313  α = 0.000901
 154   -13.00791577273      -11.91       -5.46    12.6s
    ‖ρε - ρref‖ = 3.97516651167322e-5 ‖Δρ‖ = 8.916537008632878e-7  ‖vε - vref‖ = 0.24716199515514178  α = 0.00215
 155   -13.00791577273      -12.18       -4.73    8.58s
    ‖ρε - ρref‖ = 4.253544894887087e-5 ‖Δρ‖ = 5.7092116813170925e-6  ‖vε - vref‖ = 0.24717683469219853  α = 0.000243
 156   -13.00791577274      -11.63       -5.18    8.93s
    ‖ρε - ρref‖ = 4.025499035418424e-5 ‖Δρ‖ = 1.4031059166817082e-6  ‖vε - vref‖ = 0.2472459949778904  α = 0.00191
 157   -13.00791577274      -11.73       -5.34    12.3s
    ‖ρε - ρref‖ = 4.006657082511447e-5 ‖Δρ‖ = 9.926404411005385e-7  ‖vε - vref‖ = 0.24724499448575432  α = 0.00244
 158   -13.00791577274      -11.73       -5.43    8.72s
    ‖ρε - ρref‖ = 4.0028756876039264e-5 ‖Δρ‖ = 7.709835192768269e-7  ‖vε - vref‖ = 0.24719160802539894  α = 0.00314
 159   -13.00791577274      -11.86       -5.55    12.2s
    ‖ρε - ρref‖ = 3.995996877243849e-5 ‖Δρ‖ = 6.675958781052757e-7  ‖vε - vref‖ = 0.24715598038433753  α = 0.00301
 160   -13.00791577274      -11.96       -4.82    7.85s
    ‖ρε - ρref‖ = 4.0696241764551864e-5 ‖Δρ‖ = 3.813896584065131e-6  ‖vε - vref‖ = 0.24715023316040483  α = 0.000471
 161   -13.00791577274      -12.09       -5.34    8.73s
    ‖ρε - ρref‖ = 4.023447543349741e-5 ‖Δρ‖ = 1.155060972792377e-6  ‖vε - vref‖ = 0.2471717076242254  α = 0.00138
 162   -13.00791577274      -12.24       -5.68    13.1s
    ‖ρε - ρref‖ = 4.038505344796524e-5 ‖Δρ‖ = 5.851037119015295e-7  ‖vε - vref‖ = 0.24717624600949673  α = 0.00193
 163   -13.00791577274      -11.80       -4.20    8.76s
    ‖ρε - ρref‖ = 3.7166300711838896e-5 ‖Δρ‖ = 1.2354985979587376e-5  ‖vε - vref‖ = 0.2471296027036814  α = 0.000173
 164   -13.00791577275      -11.96       -5.45    8.74s
    ‖ρε - ρref‖ = 4.016422224879813e-5 ‖Δρ‖ = 7.713618587237494e-7  ‖vε - vref‖ = 0.24715020919833838  α = 0.00241
 165   -13.00791577275      -12.46       -5.48    13.0s
    ‖ρε - ρref‖ = 3.998274523778769e-5 ‖Δρ‖ = 1.0745440004642621e-6  ‖vε - vref‖ = 0.24714466513989128  α = 0.000921
 166   -13.00791577275      -12.11       -5.48    8.40s
    ‖ρε - ρref‖ = 3.995509794612374e-5 ‖Δρ‖ = 8.100594756658178e-7  ‖vε - vref‖ = 0.2471338138344504  α = 0.00194
 167   -13.00791577275      -12.49       -4.87    8.20s
    ‖ρε - ρref‖ = 4.2262855948043634e-5 ‖Δρ‖ = 4.309402506101291e-6  ‖vε - vref‖ = 0.24714440139285146  α = 0.000219
 168   -13.00791577275      -11.95       -5.38    12.5s
    ‖ρε - ρref‖ = 3.997456500621204e-5 ‖Δρ‖ = 8.977556962257508e-7  ‖vε - vref‖ = 0.24710466302844214  α = 0.00207
 169   -13.00791577275      -11.88       -5.73    7.85s
    ‖ρε - ρref‖ = 4.0041790578048195e-5 ‖Δρ‖ = 3.7833281524493034e-7  ‖vε - vref‖ = 0.24707045456634688  α = 0.00533
 170   -13.00791577275      -12.10       -5.44    8.21s
    ‖ρε - ρref‖ = 4.02446506142937e-5 ‖Δρ‖ = 8.498003225557834e-7  ‖vε - vref‖ = 0.24709560080071902  α = 0.00183
 171   -13.00791577275      -12.00       -5.49    11.5s
    ‖ρε - ρref‖ = 3.997995802822284e-5 ‖Δρ‖ = 6.923668773954832e-7  ‖vε - vref‖ = 0.24706780550818008  α = 0.00253
 172   -13.00791577275      -12.73       -5.30    7.77s
    ‖ρε - ρref‖ = 4.03578949503844e-5 ‖Δρ‖ = 1.8327007155991142e-6  ‖vε - vref‖ = 0.24706790174533852  α = 0.000386
 173   -13.00791577275      -11.82       -5.71    7.92s
    ‖ρε - ρref‖ = 4.005249628655032e-5 ‖Δρ‖ = 3.490867442440998e-7  ‖vε - vref‖ = 0.24706677724870127  α = 0.00619
 174   -13.00791577275      -13.29       -5.13    13.1s
    ‖ρε - ρref‖ = 4.2935421682217466e-5 ‖Δρ‖ = 3.93358312537334e-6  ‖vε - vref‖ = 0.24707140316061482  α = 7.83e-5
 175   -13.00791577275      -12.10       -5.38    8.58s
    ‖ρε - ρref‖ = 3.997091991906242e-5 ‖Δρ‖ = 9.009694073184162e-7  ‖vε - vref‖ = 0.24706245726662335  α = 0.00177
 176   -13.00791577275      -12.06       -5.47    7.74s
    ‖ρε - ρref‖ = 4.01505651522418e-5 ‖Δρ‖ = 7.452988470019256e-7  ‖vε - vref‖ = 0.24707948866835777  α = 0.00215
 177   -13.00791577276      -12.34       -5.71    11.5s
    ‖ρε - ρref‖ = 4.000875624013352e-5 ‖Δρ‖ = 4.985068842469537e-7  ‖vε - vref‖ = 0.24706236297276377  α = 0.00238
 178   -13.00791577276      -12.30       -5.17    8.21s
    ‖ρε - ρref‖ = 3.961045587283082e-5 ‖Δρ‖ = 1.676467293070863e-6  ‖vε - vref‖ = 0.24704771385085947  α = 0.000722
 179   -13.00791577276      -12.50       -4.88    8.22s
    ‖ρε - ρref‖ = 4.184636491155729e-5 ‖Δρ‖ = 3.777330057109307e-6  ‖vε - vref‖ = 0.24706170383723897  α = 0.000254
 180   -13.00791577276      -12.27       -5.40    12.8s
    ‖ρε - ρref‖ = 4.0121267056894405e-5 ‖Δρ‖ = 8.857545635971869e-7  ‖vε - vref‖ = 0.24707851849246276  α = 0.00147
 181   -13.00791577276      -11.95       -6.06    7.83s
    ‖ρε - ρref‖ = 4.004694366099966e-5 ‖Δρ‖ = 1.6449903413962797e-7  ‖vε - vref‖ = 0.2470250028086097  α = 0.0112
 182   -13.00791577276      -12.05       -5.56    12.8s
    ‖ρε - ρref‖ = 4.015110084911878e-5 ‖Δρ‖ = 5.70113984620566e-7  ‖vε - vref‖ = 0.24705272822774707  α = 0.00284
 183   -13.00791577276      -12.46       -5.52    8.85s
    ‖ρε - ρref‖ = 3.996152559451059e-5 ‖Δρ‖ = 7.749638658332846e-7  ‖vε - vref‖ = 0.24705077737661763  α = 0.00133
 184   -13.00791577276      -12.82       -5.37    8.68s
    ‖ρε - ρref‖ = 4.029009999456189e-5 ‖Δρ‖ = 1.3918243952576018e-6  ‖vε - vref‖ = 0.2470571673219258  α = 0.000471
 185   -13.00791577276      -12.42       -5.61    12.4s
    ‖ρε - ρref‖ = 4.0013690643761546e-5 ‖Δρ‖ = 5.785862067998795e-7  ‖vε - vref‖ = 0.24707339961058666  α = 0.0018
 186   -13.00791577276      -13.52       -4.91    8.55s
    ‖ρε - ρref‖ = 4.408754511600996e-5 ‖Δρ‖ = 5.483907635772724e-6  ‖vε - vref‖ = 0.2470801854058885  α = 5.67e-5
 187   -13.00791577276      -12.42       -5.70    8.58s
    ‖ρε - ρref‖ = 4.000776186641465e-5 ‖Δρ‖ = 4.4426569310260887e-7  ‖vε - vref‖ = 0.24707271537239348  α = 0.00241
 188   -13.00791577276      -12.31       -5.84    13.2s
    ‖ρε - ρref‖ = 4.01008209757193e-5 ‖Δρ‖ = 3.106919801477399e-7  ‖vε - vref‖ = 0.24709890413626007  α = 0.004
 189   -13.00791577276      -12.21       -5.76    8.83s
    ‖ρε - ρref‖ = 4.006561183832624e-5 ‖Δρ‖ = 3.3094768368716627e-7  ‖vε - vref‖ = 0.24709254229345265  α = 0.00413
 190   -13.00791577276      -12.97       -5.16    8.43s
    ‖ρε - ρref‖ = 3.92837891564176e-5 ‖Δρ‖ = 2.302185871261584e-6  ‖vε - vref‖ = 0.24708670261002988  α = 0.000245
 191   -13.00791577276      -13.05       -5.39    13.2s
    ‖ρε - ρref‖ = 4.0594017318055e-5 ‖Δρ‖ = 1.3329609887751405e-6  ‖vε - vref‖ = 0.24709496696143274  α = 0.000385
 192   -13.00791577276      -12.57       -5.85    8.83s
    ‖ρε - ρref‖ = 4.0070203503743866e-5 ‖Δρ‖ = 3.1165713282510374e-7  ‖vε - vref‖ = 0.2470970506110639  α = 0.003
 193   -13.00791577276      -12.46       -5.63    8.73s
    ‖ρε - ρref‖ = 4.0028706552218585e-5 ‖Δρ‖ = 4.981837769716638e-7  ‖vε - vref‖ = 0.24708728224069654  α = 0.00203
 194   -13.00791577276      -12.30       -6.02    13.1s
    ‖ρε - ρref‖ = 4.007939296012195e-5 ‖Δρ‖ = 1.6871053369780685e-7  ‖vε - vref‖ = 0.24711059394140442  α = 0.00745
 195   -13.00791577276      -12.53       -5.83    8.39s
    ‖ρε - ρref‖ = 4.001921184346594e-5 ‖Δρ‖ = 3.131110428602973e-7  ‖vε - vref‖ = 0.24710660538877505  α = 0.00307
 196   -13.00791577276      -12.88       -5.25    7.92s
    ‖ρε - ρref‖ = 4.0383375664757754e-5 ‖Δρ‖ = 1.6176475209097053e-6  ‖vε - vref‖ = 0.24711174050534312  α = 0.00037
 197   -13.00791577276      -13.85       -5.76    12.9s
    ‖ρε - ρref‖ = 3.969419819425141e-5 ‖Δρ‖ = 7.089262204288531e-7  ‖vε - vref‖ = 0.24711119791137315  α = 0.000338
 198   -13.00791577276      -12.97       -5.09    8.87s
    ‖ρε - ρref‖ = 4.096981709139293e-5 ‖Δρ‖ = 2.12926480287159e-6  ‖vε - vref‖ = 0.24712620683718922  α = 0.000262
 199   -13.00791577276      -12.56       -5.91    8.28s
    ‖ρε - ρref‖ = 4.0035389295612895e-5 ‖Δρ‖ = 2.587531906297286e-7  ‖vε - vref‖ = 0.2471109623067858  α = 0.0034
 200   -13.00791577276      -12.73       -5.73    11.6s
    ‖ρε - ρref‖ = 4.006868401693579e-5 ‖Δρ‖ = 3.914383797997798e-7  ‖vε - vref‖ = 0.2471077046593539  α = 0.00211
 201   -13.00791577276      -12.54       -6.02    8.80s
    ‖ρε - ρref‖ = 4.010655207033443e-5 ‖Δρ‖ = 1.831869110236501e-7  ‖vε - vref‖ = 0.24712798596427735  α = 0.00524
 202   -13.00791577276      -13.04       -5.10    8.79s
    ‖ρε - ρref‖ = 3.917648476610711e-5 ‖Δρ‖ = 2.424496213572577e-6  ‖vε - vref‖ = 0.24712546671115793  α = 0.000185
 203   -13.00791577276      -13.14       -5.73    13.1s
    ‖ρε - ρref‖ = 4.020363905141368e-5 ‖Δρ‖ = 5.33505607799537e-7  ‖vε - vref‖ = 0.2471289723713024  α = 0.000884
 204   -13.00791577276      -12.98       -5.74    8.48s
    ‖ρε - ρref‖ = 4.0009157008320735e-5 ‖Δρ‖ = 4.4414984910331287e-7  ‖vε - vref‖ = 0.24711254011449837  α = 0.00141
 205   -13.00791577276      -12.67       -5.99    7.96s
    ‖ρε - ρref‖ = 4.003514666884944e-5 ‖Δρ‖ = 2.239221054837311e-7  ‖vε - vref‖ = 0.2470793854816456  α = 0.00344
 206   -13.00791577276      -12.75       -5.92    13.2s
    ‖ρε - ρref‖ = 4.0104186607399076e-5 ‖Δρ‖ = 2.5704576866405963e-7  ‖vε - vref‖ = 0.2470847605823082  α = 0.0029
 207   -13.00791577276      -12.72       -5.97    8.61s
    ‖ρε - ρref‖ = 4.004753939787477e-5 ‖Δρ‖ = 2.304400288946629e-7  ‖vε - vref‖ = 0.24708109427182454  α = 0.00337
 208   -13.00791577276      -13.04       -5.62    7.99s
    ‖ρε - ρref‖ = 4.031090446339382e-5 ‖Δρ‖ = 7.26790341249344e-7  ‖vε - vref‖ = 0.2470860214862498  α = 0.000646
 209   -13.00791577276      -13.57       -5.25    11.3s
    ‖ρε - ρref‖ = 3.872786835663256e-5 ‖Δρ‖ = 2.2354760549014046e-6  ‖vε - vref‖ = 0.24708335285387253  α = 0.00011
 210   -13.00791577276      -12.89       -5.19    7.72s
    ‖ρε - ρref‖ = 4.0239404947338695e-5 ‖Δρ‖ = 1.5134460684128094e-6  ‖vε - vref‖ = 0.24708726173389994  α = 0.000416
 211   -13.00791577276      -12.62       -5.98    8.70s
    ‖ρε - ρref‖ = 4.006566442528698e-5 ‖Δρ‖ = 1.973907476310996e-7  ‖vε - vref‖ = 0.24709117655834087  α = 0.0045
 212   -13.00791577277      -12.69       -6.24    12.9s
    ‖ρε - ρref‖ = 4.008759832381177e-5 ‖Δρ‖ = 1.2627449337794417e-7  ‖vε - vref‖ = 0.24710883484500032  α = 0.00612
 213   -13.00791577277      -12.62       -5.67    8.62s
    ‖ρε - ρref‖ = 4.008059691743162e-5 ‖Δρ‖ = 4.638066902339424e-7  ‖vε - vref‖ = 0.24710376852271917  α = 0.00177
 214   -13.00791577277      -13.11       -5.25    8.98s
    ‖ρε - ρref‖ = 3.913013795398742e-5 ‖Δρ‖ = 1.9113301899541864e-6  ‖vε - vref‖ = 0.24709682485177134  α = 0.000199
 215   -13.00791577277      -12.81       -5.76    13.3s
    ‖ρε - ρref‖ = 4.01232160225352e-5 ‖Δρ‖ = 3.7273395409823176e-7  ‖vε - vref‖ = 0.247104084972674  α = 0.00204
 216   -13.00791577277      -13.50       -5.75    7.72s
    ‖ρε - ρref‖ = 3.9987239879366305e-5 ‖Δρ‖ = 5.774739674422708e-7  ‖vε - vref‖ = 0.24710211125584217  α = 0.000532
 217   -13.00791577277      -12.73       -6.32    8.31s
    ‖ρε - ρref‖ = 4.007142886739955e-5 ‖Δρ‖ = 8.144466887036614e-8  ‖vε - vref‖ = 0.24710790562679097  α = 0.00901
 218   -13.00791577277      -13.11       -5.92    13.0s
    ‖ρε - ρref‖ = 4.006012125633812e-5 ‖Δρ‖ = 2.568179415250871e-7  ‖vε - vref‖ = 0.24710523659451297  α = 0.00191
 219   -13.00791577277      -13.14       -6.30    8.86s
    ‖ρε - ρref‖ = 4.004935945737868e-5 ‖Δρ‖ = 1.131874740109764e-7  ‖vε - vref‖ = 0.24710140245934473  α = 0.00409
 220   -13.00791577277      -14.75       -5.55    8.38s
    ‖ρε - ρref‖ = 4.076300054495155e-5 ‖Δρ‖ = 1.0625666611071769e-6  ‖vε - vref‖ = 0.24710400881886943  α = 0.000158
 221   -13.00791577277      -13.52       -5.37    12.4s
    ‖ρε - ρref‖ = 3.986693417646383e-5 ‖Δρ‖ = 1.4075128791071042e-6  ‖vε - vref‖ = 0.24710409675894712  α = 0.00016
 222   -13.00791577277      -13.12       -5.86    7.56s
    ‖ρε - ρref‖ = 4.008931674865174e-5 ‖Δρ‖ = 2.9810991775246207e-7  ‖vε - vref‖ = 0.2471090487503048  α = 0.00164
 223   -13.00791577277      -12.99       -5.98    8.48s
    ‖ρε - ρref‖ = 4.003865573444961e-5 ‖Δρ‖ = 2.1136416998866664e-7  ‖vε - vref‖ = 0.2471025595781013  α = 0.00244
 224   -13.00791577277      -13.15       -6.19    13.0s
    ‖ρε - ρref‖ = 4.008197816060141e-5 ‖Δρ‖ = 1.3200686458081675e-7  ‖vε - vref‖ = 0.24711865417001516  α = 0.00371
 225   -13.00791577277      -13.45       -6.08    8.35s
    ‖ρε - ρref‖ = 4.013183043685917e-5 ‖Δρ‖ = 2.117039923064866e-7  ‖vε - vref‖ = 0.24712617311156065  α = 0.00152
 226   -13.00791577277      -13.64       -5.41    8.70s
    ‖ρε - ρref‖ = 3.966580546648306e-5 ‖Δρ‖ = 1.1090944561949223e-6  ‖vε - vref‖ = 0.247125611633274  α = 0.000221
 227   -13.00791577277      -13.52       -6.28    13.0s
    ‖ρε - ρref‖ = 4.008346919824594e-5 ‖Δρ‖ = 1.270296612003316e-7  ‖vε - vref‖ = 0.2471259615989001  α = 0.00269
 228   -13.00791577277      -13.30       -6.04    8.41s
    ‖ρε - ρref‖ = 4.0009841129895914e-5 ‖Δρ‖ = 2.3364315624967663e-7  ‖vε - vref‖ = 0.2471153840078372  α = 0.00144
 229   -13.00791577277      -14.15       -5.85    8.82s
    ‖ρε - ρref‖ = 4.0055681729061056e-5 ‖Δρ‖ = 3.2135819744780407e-7  ‖vε - vref‖ = 0.24710707761178316  α = 0.00128
 230   -13.00791577277      -13.21       -6.01    13.1s
    ‖ρε - ρref‖ = 4.010077330404135e-5 ‖Δρ‖ = 2.3040898829017553e-7  ‖vε - vref‖ = 0.24711239397440118  α = 0.00161
 231   -13.00791577277      -12.99       -6.49    8.76s
    ‖ρε - ρref‖ = 4.006242888317003e-5 ‖Δρ‖ = 5.492401484941441e-8  ‖vε - vref‖ = 0.24711766823268716  α = 0.0101
 232   -13.00791577277      -13.75       -5.41    8.01s
    ‖ρε - ρref‖ = 4.136369900537055e-5 ‖Δρ‖ = 1.793195567815463e-6  ‖vε - vref‖ = 0.2471193938822027  α = 5.26e-5
 233   -13.00791577277      -13.80       -6.20    13.1s
    ‖ρε - ρref‖ = 4.0090643589661285e-5 ‖Δρ‖ = 2.2542221036877362e-7  ‖vε - vref‖ = 0.24712004820901756  α = 0.000693
 234   -13.00791577277      -13.26       -6.06    8.65s
    ‖ρε - ρref‖ = 4.005652906246416e-5 ‖Δρ‖ = 1.7603579112441915e-7  ‖vε - vref‖ = 0.24711776025254759  α = 0.00248
 235   -13.00791577277      -13.35       -6.27    7.57s
    ‖ρε - ρref‖ = 4.006346699233655e-5 ‖Δρ‖ = 1.0750218498912812e-7  ‖vε - vref‖ = 0.2471186517511968  α = 0.00403
 236   -13.00791577277      -13.45       -6.10    11.9s
    ‖ρε - ρref‖ = 4.008921119220964e-5 ‖Δρ‖ = 1.8964662561493668e-7  ‖vε - vref‖ = 0.24712555935290687  α = 0.00172
 237   -13.00791577277      -13.80       -6.28    8.69s
    ‖ρε - ρref‖ = 4.013522343740703e-5 ‖Δρ‖ = 1.6709226476309736e-7  ‖vε - vref‖ = 0.2471281617906572  α = 0.00118
 238   -13.00791577277      -13.32       -5.57    8.59s
    ‖ρε - ρref‖ = 3.989186801669583e-5 ‖Δρ‖ = 6.144460084249241e-7  ‖vε - vref‖ = 0.24712481776067416  α = 0.000572
 239   -13.00791577277      -13.97       -6.26    12.9s
    ‖ρε - ρref‖ = 4.0091987177268945e-5 ‖Δρ‖ = 1.2817935879609122e-7  ‖vε - vref‖ = 0.24712975257493242  α = 0.00237
 240   -13.00791577277      -13.41       -6.18    8.21s
    ‖ρε - ρref‖ = 4.003210937782382e-5 ‖Δρ‖ = 1.8086001795147786e-7  ‖vε - vref‖ = 0.2471246062044281  α = 0.00148
 241   -13.00791577277      -13.29       -5.93    8.75s
    ‖ρε - ρref‖ = 4.005415988871459e-5 ‖Δρ‖ = 2.5492815147412493e-7  ‖vε - vref‖ = 0.24711797488880796  α = 0.00151
 242   -13.00791577277      -13.41       -6.14    11.6s
    ‖ρε - ρref‖ = 4.008733730837404e-5 ‖Δρ‖ = 1.7261542039377755e-7  ‖vε - vref‖ = 0.24712307168496525  α = 0.00193
 243   -13.00791577277      -13.50       -6.14    7.58s
    ‖ρε - ρref‖ = 4.002140309197813e-5 ‖Δρ‖ = 1.5531050560044086e-7  ‖vε - vref‖ = 0.24712567997632487  α = 0.00209
 244   -13.00791577277      -13.64       -5.02    8.32s
    ‖ρε - ρref‖ = 4.1858489980479386e-5 ‖Δρ‖ = 2.92900057430658e-6  ‖vε - vref‖ = 0.247129748114459  α = 6.18e-5
 245   -13.00791577277      -14.27       -6.27    13.0s
    ‖ρε - ρref‖ = 4.0084753451426444e-5 ‖Δρ‖ = 1.3928345083846535e-7  ‖vε - vref‖ = 0.24713167306982428  α = 0.0017
 246   -13.00791577277      -13.55       -5.85    8.51s
    ‖ρε - ρref‖ = 4.001672008768773e-5 ‖Δρ‖ = 4.181535247274441e-7  ‖vε - vref‖ = 0.2471308286343157  α = 0.000451
 247   -13.00791577277      -13.80       -6.41    8.35s
    ‖ρε - ρref‖ = 4.005944849166955e-5 ‖Δρ‖ = 8.089477909823085e-8  ‖vε - vref‖ = 0.2471237121813017  α = 0.0037
 248   -13.00791577277      -13.55       -6.33    13.4s
    ‖ρε - ρref‖ = 4.007807772076034e-5 ‖Δρ‖ = 9.540930606481535e-8  ‖vε - vref‖ = 0.24712695258924786  α = 0.00295
 249   -13.00791577277      -13.91       -6.44    8.48s
    ‖ρε - ρref‖ = 4.010250528199991e-5 ‖Δρ‖ = 9.480448779886813e-8  ‖vε - vref‖ = 0.24712750123535038  α = 0.00205
 250   -13.00791577277      -13.45       -5.48    8.79s
    ‖ρε - ρref‖ = 3.9841384220753426e-5 ‖Δρ‖ = 7.080687183479712e-7  ‖vε - vref‖ = 0.24712176557162277  α = 0.000366
 251   -13.00791577277      -13.64       -6.58    12.1s
    ‖ρε - ρref‖ = 4.0074568301673146e-5 ‖Δρ‖ = 5.217026306921778e-8  ‖vε - vref‖ = 0.24712241044974403  α = 0.0054
 252   -13.00791577277      -14.75       -6.18    8.78s
    ‖ρε - ρref‖ = 4.003496840375396e-5 ‖Δρ‖ = 1.5306601408417763e-7  ‖vε - vref‖ = 0.24711700782575793  α = 0.0014
 253   -13.00791577277      -13.71       -6.13    8.76s
    ‖ρε - ρref‖ = 4.008109509339236e-5 ‖Δρ‖ = 1.9087434355668085e-7  ‖vε - vref‖ = 0.24711624060568887  α = 0.000932
 254   -13.00791577277      -14.27       -6.25    13.2s
    ‖ρε - ρref‖ = 4.0079192224303105e-5 ‖Δρ‖ = 1.1809170058473583e-7  ‖vε - vref‖ = 0.2471171260630983  α = 0.00198
 255   -13.00791577277      -13.55       -6.49    8.78s
    ‖ρε - ρref‖ = 3.994751930604149e-5 ‖Δρ‖ = 1.642399437648623e-7  ‖vε - vref‖ = 0.24711623492763032  α = 0.000256
 256   -13.00791577277      -14.75       -6.01    8.65s
    ‖ρε - ρref‖ = 4.006375507222715e-5 ‖Δρ‖ = 2.2198387603115952e-7  ‖vε - vref‖ = 0.24711152553214377  α = 0.000984
 257   -13.00791577277      -14.45       -6.16    47.7s
    ‖ρε - ρref‖ = 4.009261957505996e-5 ‖Δρ‖ = 1.548946031205585e-7  ‖vε - vref‖ = 0.247111525496004  α = 2.19e-7
 258   -13.00791577277   +  -13.91       -5.99    8.74s
    ‖ρε - ρref‖ = 4.0037184740648834e-5 ‖Δρ‖ = 3.4408351738998683e-7  ‖vε - vref‖ = 0.2471107631434591  α = 0.000364
 259   -13.00791577277      -13.52       -6.67    8.69s
    ‖ρε - ρref‖ = 4.006750117238568e-5 ‖Δρ‖ = 4.1636656231800506e-8  ‖vε - vref‖ = 0.2471043776272298  α = 0.0069
 260   -13.00791577277      -13.64       -6.31    13.5s
    ‖ρε - ρref‖ = 4.006138439010941e-5 ‖Δρ‖ = 1.008357338512934e-7  ‖vε - vref‖ = 0.24709987590512691  α = 0.00258
 261   -13.00791577277   +  -14.75       -6.30    8.70s
    ‖ρε - ρref‖ = 4.014290665909736e-5 ‖Δρ‖ = 1.639812259683794e-7  ‖vε - vref‖ = 0.24710160174920776  α = 0.000722
 262   -13.00791577277      -13.60       -5.81    8.29s
    ‖ρε - ρref‖ = 4.0008989383389134e-5 ‖Δρ‖ = 3.473839495744502e-7  ‖vε - vref‖ = 0.24710135944969444  α = 0.000626
 263   -13.00791577277      -14.05       -6.56    11.8s
    ‖ρε - ρref‖ = 4.0072213382487635e-5 ‖Δρ‖ = 6.028203477220113e-8  ‖vε - vref‖ = 0.24710425414059584  α = 0.00343
    Stopping to avoid numerical instabilities.
 264   -13.00791577277   +  -14.75       -6.70    7.93s
    ‖ρε - ρref‖ = 4.0061265585436755e-5 ‖Δρ‖ = 5.1061868799416575e-8  ‖vε - vref‖ = 0.24710316785352301  α = 0.00279

#-- ‖ρε - ρref‖ = 4.006821288866181e-5 vs. 1.7782794100389228e-8 = δ*ε ‖vε - vref‖ = 0.2471050293628209


# --- ε=1.0e-6

n     Energy            log10(ΔE)   log10(Δρ)   Δtime 
---   ---------------   ---------   ---------   ------
  1   -13.00754648293                   -0.13    13.0s
    ‖ρε - ρref‖ = 0.4742116842076074 ‖Δρ‖ = 0.47419665822655943  ‖vε - vref‖ = 11.490069233870768  α = 2.76e-5
  2   -13.00757969606       -4.48       -0.67    10.9s
    ‖ρε - ρref‖ = 0.09200253123792002 ‖Δρ‖ = 0.09199406076085936  ‖vε - vref‖ = 6.861293094926653  α = 7.47e-5
  3   -13.00759402398       -4.84       -1.31    7.51s
    ‖ρε - ρref‖ = 0.016998592904433334 ‖Δρ‖ = 0.016992628364743734  ‖vε - vref‖ = 3.844092853182458  α = 0.000286
  4   -13.00759729415       -5.49       -1.57    7.81s
    ‖ρε - ρref‖ = 0.0095591082676452 ‖Δρ‖ = 0.009557484013602525  ‖vε - vref‖ = 2.8048060857074573  α = 0.000243
  5   -13.00759837775       -5.97       -1.89    12.3s
    ‖ρε - ρref‖ = 0.004442986285232969 ‖Δρ‖ = 0.004440517608182098  ‖vε - vref‖ = 2.283964839713443  α = 0.0003
  6   -13.00759941011       -5.99       -2.07    8.48s
    ‖ρε - ρref‖ = 0.002323370696499971 ‖Δρ‖ = 0.0023219679061879826  ‖vε - vref‖ = 1.7442908248585383  α = 0.000586
  7   -13.00759991429       -6.30       -2.41    8.48s
    ‖ρε - ρref‖ = 0.0009460131631844219 ‖Δρ‖ = 0.0009449063847894541  ‖vε - vref‖ = 1.4193924132319768  α = 0.00101
  8   -13.00760012762       -6.67       -2.75    13.2s
    ‖ρε - ρref‖ = 0.00045359469488654873 ‖Δρ‖ = 0.0004522594982488373  ‖vε - vref‖ = 1.2510000533979841  α = 0.00136
  9   -13.00760026804       -6.85       -2.73    8.21s
    ‖ρε - ρref‖ = 0.0004272109529659256 ‖Δρ‖ = 0.00042646991188495287  ‖vε - vref‖ = 1.1433062151354239  α = 0.00119
 10   -13.00760037162       -6.98       -2.85    8.31s
    ‖ρε - ρref‖ = 0.00031065442084363896 ‖Δρ‖ = 0.00030933956378661017  ‖vε - vref‖ = 1.0458564289749153  α = 0.00141
 11   -13.00760044551       -7.13       -3.03    11.9s
    ‖ρε - ρref‖ = 0.0001852879901073738 ‖Δρ‖ = 0.00018362201837936532  ‖vε - vref‖ = 0.9750991042016904  α = 0.00203
 12   -13.00760063200       -6.73       -1.53    8.27s
    ‖ρε - ρref‖ = 0.018105713652434543 ‖Δρ‖ = 0.018124761484442163  ‖vε - vref‖ = 0.5123271160806387  α = 2.52e-5
 13   -13.00760064760       -7.81       -2.31    8.82s
    ‖ρε - ρref‖ = 0.0021441049848630925 ‖Δρ‖ = 0.002133975874895729  ‖vε - vref‖ = 0.4743272087809719  α = 7.36e-5
 14   -13.00760066018       -7.90       -3.01    12.2s
    ‖ρε - ρref‖ = 0.00030296185568715555 ‖Δρ‖ = 0.00029625283040647996  ‖vε - vref‖ = 0.45075684081255196  α = 0.000498
 15   -13.00760067884       -7.73       -2.99    8.84s
    ‖ρε - ρref‖ = 0.0002351410153747901 ‖Δρ‖ = 0.00023496723924863497  ‖vε - vref‖ = 0.41651264348904876  α = 0.000767
 16   -13.00760069548       -7.78       -2.72    8.76s
    ‖ρε - ρref‖ = 0.0004711525097052438 ‖Δρ‖ = 0.00047144047331935246  ‖vε - vref‖ = 0.3762353595773638  α = 0.000356
 17   -13.00760070737       -7.93       -2.84    8.62s
    ‖ρε - ρref‖ = 0.0003542940768661894 ‖Δρ‖ = 0.00035529083326986296  ‖vε - vref‖ = 0.3454461554893474  α = 0.00041
 18   -13.00760072187       -7.84       -3.13    12.5s
    ‖ρε - ρref‖ = 0.00015691040645318487 ‖Δρ‖ = 0.00015457452048012548  ‖vε - vref‖ = 0.3070156157003451  α = 0.00106
 19   -13.00760073137       -8.02       -3.29    8.52s
    ‖ρε - ρref‖ = 0.00011494825313400262 ‖Δρ‖ = 0.00011244732754820017  ‖vε - vref‖ = 0.2799293807715531  α = 0.00117
 20   -13.00760074031       -8.05       -3.56    7.95s
    ‖ρε - ρref‖ = 5.744971991334096e-5 ‖Δρ‖ = 5.296104394820514e-5  ‖vε - vref‖ = 0.2544120973399912  α = 0.00241
 21   -13.00760074487       -8.34       -3.32    13.2s
    ‖ρε - ρref‖ = 0.00010701099851578447 ‖Δρ‖ = 0.00010414482273375112  ‖vε - vref‖ = 0.2398870676012239  α = 0.000874
 22   -13.00760074975       -8.31       -3.71    8.75s
    ‖ρε - ρref‖ = 4.311970958647678e-5 ‖Δρ‖ = 3.75016514342603e-5  ‖vε - vref‖ = 0.22540463387604612  α = 0.00254
 23   -13.00760075149       -8.76       -3.56    8.17s
    ‖ρε - ρref‖ = 5.852568896522289e-5 ‖Δρ‖ = 6.933110858495055e-5  ‖vε - vref‖ = 0.22347588980007863  α = 0.000702
 24   -13.00760075487       -8.47       -2.30    12.6s
    ‖ρε - ρref‖ = 0.0009927993875732115 ‖Δρ‖ = 0.0009855415996019826  ‖vε - vref‖ = 0.21010661192719837  α = 7.48e-5
 25   -13.00760075523       -9.45       -3.20    8.81s
    ‖ρε - ρref‖ = 0.0002461153002106726 ‖Δρ‖ = 0.00023460909611344887  ‖vε - vref‖ = 0.20928080930613313  α = 0.000102
 26   -13.00760075769       -8.61       -3.74    8.22s
    ‖ρε - ρref‖ = 4.40574997915519e-5 ‖Δρ‖ = 3.510451835150984e-5  ‖vε - vref‖ = 0.20335594725330283  α = 0.00191
 27   -13.00760075887       -8.93       -3.17    12.0s
    ‖ρε - ρref‖ = 0.00016558307726792683 ‖Δρ‖ = 0.00016855510871451528  ‖vε - vref‖ = 0.19904859937366914  α = 0.000263
 28   -13.00760075964       -9.11       -3.49    8.92s
    ‖ρε - ρref‖ = 8.610744751648911e-5 ‖Δρ‖ = 8.632868261232595e-5  ‖vε - vref‖ = 0.19602489948527563  α = 0.000419
 29   -13.00760076058       -9.03       -3.55    8.82s
    ‖ρε - ρref‖ = 6.949822468362761e-5 ‖Δρ‖ = 6.691281231954373e-5  ‖vε - vref‖ = 0.1930787040227514  α = 0.000608
 30   -13.00760076170       -8.95       -3.83    13.2s
    ‖ρε - ρref‖ = 4.201861749510792e-5 ‖Δρ‖ = 3.1923848941185036e-5  ‖vε - vref‖ = 0.19202176599924953  α = 0.00141
 31   -13.00760076282       -8.95       -3.80    8.77s
    ‖ρε - ρref‖ = 3.886949988995829e-5 ‖Δρ‖ = 3.32970983393563e-5  ‖vε - vref‖ = 0.19017103058165807  α = 0.00135
 32   -13.00760076402       -8.92       -3.75    7.83s
    ‖ρε - ρref‖ = 4.167800162372104e-5 ‖Δρ‖ = 3.445214806131027e-5  ‖vε - vref‖ = 0.1885682374866912  α = 0.00136
 33   -13.00760076487       -9.07       -4.15    13.2s
    ‖ρε - ρref‖ = 2.5767462764795975e-5 ‖Δρ‖ = 1.3838836558974603e-5  ‖vε - vref‖ = 0.1879775873074358  α = 0.00286
 34   -13.00760076569       -9.09       -3.83    8.84s
    ‖ρε - ρref‖ = 3.931877268365084e-5 ‖Δρ‖ = 2.9193085636536257e-5  ‖vε - vref‖ = 0.18864939729041474  α = 0.00133
 35   -13.00760076573      -10.39       -3.42    8.49s
    ‖ρε - ρref‖ = 0.00017126914363277518 ‖Δρ‖ = 0.00018701021772002556  ‖vε - vref‖ = 0.188477253457484  α = 3.65e-5
 36   -13.00760076629       -9.25       -3.90    12.2s
    ‖ρε - ρref‖ = 3.269201507421144e-5 ‖Δρ‖ = 2.7634017227018826e-5  ‖vε - vref‖ = 0.18923807776658913  α = 0.00114
 37   -13.00760076667       -9.42       -3.13    8.56s
    ‖ρε - ρref‖ = 0.00019801479124956835 ‖Δρ‖ = 0.00018747446904531276  ‖vε - vref‖ = 0.19001730243010934  α = 0.000134
 38   -13.00760076725       -9.24       -3.70    8.76s
    ‖ρε - ρref‖ = 4.5816619032068853e-5 ‖Δρ‖ = 4.139961434304386e-5  ‖vε - vref‖ = 0.19020565555079816  α = 0.000782
 39   -13.00760076733      -10.08       -3.92    13.5s
    ‖ρε - ρref‖ = 4.5333024529036166e-5 ‖Δρ‖ = 4.5098654671985535e-5  ‖vε - vref‖ = 0.19016090521576143  α = 0.000252
 40   -13.00760076781       -9.32       -4.16    8.40s
    ‖ρε - ρref‖ = 2.6294529455235065e-5 ‖Δρ‖ = 1.5149590261491254e-5  ‖vε - vref‖ = 0.19121782151487715  α = 0.00192
 41   -13.00760076830       -9.31       -3.51    7.58s
    ‖ρε - ρref‖ = 7.151289943339242e-5 ‖Δρ‖ = 6.526499381460455e-5  ‖vε - vref‖ = 0.19252682679873226  α = 0.000452
 42   -13.00760076893       -9.20       -4.01    8.34s
    ‖ρε - ρref‖ = 2.9779772279259982e-5 ‖Δρ‖ = 1.909630166131591e-5  ‖vε - vref‖ = 0.19408476502029479  α = 0.00177
 43   -13.00760076931       -9.42       -4.07    13.0s
    ‖ρε - ρref‖ = 2.732591864979039e-5 ‖Δρ‖ = 1.953057782378669e-5  ‖vε - vref‖ = 0.19464604869753957  α = 0.00132
 44   -13.00760076974       -9.36       -3.98    8.20s
    ‖ρε - ρref‖ = 3.462909985577708e-5 ‖Δρ‖ = 2.268665525941612e-5  ‖vε - vref‖ = 0.19657383675065476  α = 0.00122
 45   -13.00760077017       -9.36       -4.25    8.28s
    ‖ρε - ρref‖ = 2.470103391094596e-5 ‖Δρ‖ = 1.153167796377893e-5  ‖vε - vref‖ = 0.19757012381743458  α = 0.00242
 46   -13.00760077029       -9.95       -4.07    12.4s
    ‖ρε - ρref‖ = 4.2961755057482864e-5 ‖Δρ‖ = 2.6201688432779068e-5  ‖vε - vref‖ = 0.19827103371649382  α = 0.000464
 47   -13.00760077059       -9.52       -2.99    8.62s
    ‖ρε - ρref‖ = 0.00022658947584157867 ‖Δρ‖ = 0.0002341643770251161  ‖vε - vref‖ = 0.19841456553670897  α = 9.36e-5
 48   -13.00760077074       -9.82       -3.96    8.16s
    ‖ρε - ρref‖ = 3.0887373153498e-5 ‖Δρ‖ = 3.153577189898263e-5  ‖vε - vref‖ = 0.19888202553412485  α = 0.000501
 49   -13.00760077116       -9.38       -3.37    12.1s
    ‖ρε - ρref‖ = 9.651464140938495e-5 ‖Δρ‖ = 8.742107740019582e-5  ‖vε - vref‖ = 0.20082399808556642  α = 0.000305
 50   -13.00760077134       -9.73       -4.13    8.54s
    ‖ρε - ρref‖ = 3.0517681066096375e-5 ‖Δρ‖ = 1.812319563588551e-5  ‖vε - vref‖ = 0.20163370515554085  α = 0.001
 51   -13.00760077147       -9.89       -3.77    8.79s
    ‖ρε - ρref‖ = 5.0443603283381995e-5 ‖Δρ‖ = 4.91234311854032e-5  ‖vε - vref‖ = 0.20193278556712083  α = 0.000291
 52   -13.00760077171       -9.63       -4.01    13.6s
    ‖ρε - ρref‖ = 3.075643577815641e-5 ‖Δρ‖ = 2.2074355741065843e-5  ‖vε - vref‖ = 0.20246532230306002  α = 0.000923
 53   -13.00760077184       -9.87       -3.94    8.85s
    ‖ρε - ρref‖ = 3.9457271530041146e-5 ‖Δρ‖ = 3.0026210217278796e-5  ‖vε - vref‖ = 0.20293715441043936  α = 0.000508
 54   -13.00760077229       -9.35       -4.04    8.50s
    ‖ρε - ρref‖ = 2.6626385140574867e-5 ‖Δρ‖ = 1.665545491236079e-5  ‖vε - vref‖ = 0.20377960509332638  α = 0.00169
 55   -13.00760077246       -9.76       -4.17    13.4s
    ‖ρε - ρref‖ = 2.823709464235455e-5 ‖Δρ‖ = 1.5257086196057355e-5  ‖vε - vref‖ = 0.2046628950283107  α = 0.00116
 56   -13.00760077279       -9.48       -4.38    8.83s
    ‖ρε - ρref‖ = 2.4943237152488085e-5 ‖Δρ‖ = 7.828474627670213e-6  ‖vε - vref‖ = 0.20666519929110097  α = 0.00309
 57   -13.00760077293       -9.85       -4.03    8.47s
    ‖ρε - ρref‖ = 2.643501873490456e-5 ‖Δρ‖ = 2.1719981203299034e-5  ‖vε - vref‖ = 0.20673015746743453  α = 0.000724
 58   -13.00760077294      -11.11       -3.98    8.56s
    ‖ρε - ρref‖ = 7.17446737724901e-5 ‖Δρ‖ = 5.427012801509502e-5  ‖vε - vref‖ = 0.2068005606914144  α = 5.5e-5
 59   -13.00760077322       -9.55       -4.11    13.1s
    ‖ρε - ρref‖ = 2.678669577125341e-5 ‖Δρ‖ = 1.3583794647718004e-5  ‖vε - vref‖ = 0.20766753124476406  α = 0.00166
 60   -13.00760077325      -10.56       -3.87    8.18s
    ‖ρε - ρref‖ = 4.305302528205721e-5 ‖Δρ‖ = 4.903456917035976e-5  ‖vε - vref‖ = 0.20762624054819212  α = 0.000136
 61   -13.00760077351       -9.58       -4.13    8.17s
    ‖ρε - ρref‖ = 2.6876250722346572e-5 ‖Δρ‖ = 1.3759970940337558e-5  ‖vε - vref‖ = 0.2083737004669776  α = 0.00157
 62   -13.00760077356      -10.25       -4.29    13.1s
    ‖ρε - ρref‖ = 2.902131428902736e-5 ‖Δρ‖ = 1.5187344408866695e-5  ‖vε - vref‖ = 0.20864909051420508  α = 0.000632
 63   -13.00760077369       -9.91       -3.93    8.19s
    ‖ρε - ρref‖ = 3.3558574682938484e-5 ‖Δρ‖ = 2.7478518756361e-5  ‖vε - vref‖ = 0.20901877596948348  α = 0.00052
 64   -13.00760077380       -9.94       -4.13    7.61s
    ‖ρε - ρref‖ = 2.8387800342686806e-5 ‖Δρ‖ = 1.7464626955395814e-5  ‖vε - vref‖ = 0.20944167415377268  α = 0.000809
 65   -13.00760077386      -10.27       -4.08    11.6s
    ‖ρε - ρref‖ = 3.5618737803613916e-5 ‖Δρ‖ = 2.3989521661427604e-5  ‖vε - vref‖ = 0.20974220344410194  α = 0.0004
 66   -13.00760077398       -9.90       -4.48    7.58s
    ‖ρε - ρref‖ = 2.294670747603609e-5 ‖Δρ‖ = 7.072787181685684e-6  ‖vε - vref‖ = 0.20989909921229188  α = 0.00212
 67   -13.00760077425       -9.57       -4.29    7.62s
    ‖ρε - ρref‖ = 2.4016764791167792e-5 ‖Δρ‖ = 9.204676294063438e-6  ‖vε - vref‖ = 0.21044834119094863  α = 0.00234
 68   -13.00760077441       -9.81       -4.20    12.8s
    ‖ρε - ρref‖ = 2.8087461521792846e-5 ‖Δρ‖ = 1.3868927403877475e-5  ‖vε - vref‖ = 0.21114070514741526  α = 0.00118
 69   -13.00760077444      -10.51       -4.43    7.67s
    ‖ρε - ρref‖ = 1.6619895199381225e-5 ‖Δρ‖ = 1.2373918542607095e-5  ‖vε - vref‖ = 0.21112139393067755  α = 0.000502
 70   -13.00760077453      -10.03       -3.29    8.78s
    ‖ρε - ρref‖ = 0.00012533735010704223 ‖Δρ‖ = 0.00012010402523782888  ‖vε - vref‖ = 0.2111513372800973  α = 0.000103
 71   -13.00760077463       -9.99       -4.17    12.0s
    ‖ρε - ρref‖ = 3.0518307763073884e-5 ‖Δρ‖ = 1.5231280347137544e-5  ‖vε - vref‖ = 0.21158749173669938  α = 0.000875
 72   -13.00760077465      -10.70       -3.82    7.64s
    ‖ρε - ρref‖ = 4.808326624023747e-5 ‖Δρ‖ = 5.281998459942035e-5  ‖vε - vref‖ = 0.21153810054096675  α = 0.000108
 73   -13.00760077477       -9.92       -4.39    7.94s
    ‖ρε - ρref‖ = 2.350525625063839e-5 ‖Δρ‖ = 7.5870023089256874e-6  ‖vε - vref‖ = 0.21149526089634785  α = 0.00194
 74   -13.00760077482      -10.35       -4.55    8.19s
    ‖ρε - ρref‖ = 2.490606394978634e-5 ‖Δρ‖ = 7.000515001966645e-6  ‖vε - vref‖ = 0.21168879717659794  α = 0.00125
 75   -13.00760077486      -10.38       -3.97    12.6s
    ‖ρε - ρref‖ = 3.428344557649008e-5 ‖Δρ‖ = 2.7751582575361872e-5  ‖vε - vref‖ = 0.21170793288732734  α = 0.000299
 76   -13.00760077496      -10.00       -4.36    7.90s
    ‖ρε - ρref‖ = 2.2988414455505222e-5 ‖Δρ‖ = 8.250018881385124e-6  ‖vε - vref‖ = 0.21145787274394132  α = 0.00163
 77   -13.00760077499      -10.57       -4.29    8.24s
    ‖ρε - ρref‖ = 2.869316056759719e-5 ‖Δρ‖ = 1.484150319513786e-5  ‖vε - vref‖ = 0.21153755970675925  α = 0.000456
 78   -13.00760077506      -10.13       -4.39    12.6s
    ‖ρε - ρref‖ = 2.4318296751249655e-5 ‖Δρ‖ = 8.536382809363507e-6  ‖vε - vref‖ = 0.21173891083973442  α = 0.00135
 79   -13.00760077514      -10.12       -4.67    8.56s
    ‖ρε - ρref‖ = 2.3163599572434258e-5 ‖Δρ‖ = 4.307552179271783e-6  ‖vε - vref‖ = 0.2118314922890208  α = 0.00268
 80   -13.00760077519      -10.27       -4.33    7.59s
    ‖ρε - ρref‖ = 2.4788844071187843e-5 ‖Δρ‖ = 1.047010525848454e-5  ‖vε - vref‖ = 0.2116890232901885  α = 0.00092
 81   -13.00760077519      -11.68       -4.20    12.7s
    ‖ρε - ρref‖ = 2.403399552680258e-5 ‖Δρ‖ = 3.50564803805395e-5  ‖vε - vref‖ = 0.21165236678368435  α = 4.38e-5
 82   -13.00760077528      -10.05       -4.58    8.35s
    ‖ρε - ρref‖ = 2.2783597886507832e-5 ‖Δρ‖ = 5.049102563481595e-6  ‖vε - vref‖ = 0.21135216501438292  α = 0.00251
 83   -13.00760077530      -10.78       -4.31    8.53s
    ‖ρε - ρref‖ = 3.332011632386032e-5 ‖Δρ‖ = 1.559715378918062e-5  ‖vε - vref‖ = 0.21145875531092423  α = 0.000335
 84   -13.00760077533      -10.52       -3.95    12.0s
    ‖ρε - ρref‖ = 3.525436115539424e-5 ‖Δρ‖ = 2.9491692165396782e-5  ‖vε - vref‖ = 0.21144290600929538  α = 0.000245
 85   -13.00760077541      -10.10       -4.57    8.02s
    ‖ρε - ρref‖ = 2.2393087613829027e-5 ‖Δρ‖ = 5.595070961369691e-6  ‖vε - vref‖ = 0.21096770461097636  α = 0.00209
 86   -13.00760077548      -10.13       -4.38    7.96s
    ‖ρε - ρref‖ = 2.5011013493702325e-5 ‖Δρ‖ = 8.55287150601686e-6  ‖vε - vref‖ = 0.21088223696638972  α = 0.00132
 87   -13.00760077550      -10.76       -4.16    8.28s
    ‖ρε - ρref‖ = 2.914286961639552e-5 ‖Δρ‖ = 2.1759368088064375e-5  ‖vε - vref‖ = 0.21082080487241223  α = 0.00024
 88   -13.00760077555      -10.34       -4.43    12.1s
    ‖ρε - ρref‖ = 2.454811728728768e-5 ‖Δρ‖ = 8.466923780631593e-6  ‖vε - vref‖ = 0.2107851326562968  α = 0.00106
 89   -13.00760077559      -10.36       -4.58    8.41s
    ‖ρε - ρref‖ = 2.3482163255709078e-5 ‖Δρ‖ = 5.451601394270121e-6  ‖vε - vref‖ = 0.21067920070043877  α = 0.00163
 90   -13.00760077560      -10.90       -4.28    8.34s
    ‖ρε - ρref‖ = 2.4895027277430035e-5 ‖Δρ‖ = 1.4938584130393232e-5  ‖vε - vref‖ = 0.21057066461993174  α = 0.000315
 91   -13.00760077564      -10.40       -4.93    13.3s
    ‖ρε - ρref‖ = 2.2680731564961387e-5 ‖Δρ‖ = 2.3324662389768317e-6  ‖vε - vref‖ = 0.21043290101962236  α = 0.00363
 92   -13.00760077568      -10.50       -4.66    8.38s
    ‖ρε - ρref‖ = 2.4677828131570894e-5 ‖Δρ‖ = 4.629483398131231e-6  ‖vε - vref‖ = 0.21043187760498744  α = 0.00154
 93   -13.00760077569      -10.87       -3.39    8.65s
    ‖ρε - ρref‖ = 0.00010705238660164334 ‖Δρ‖ = 0.00011733200710623748  ‖vε - vref‖ = 0.21029012218832854  α = 3.61e-5
 94   -13.00760077572      -10.49       -4.59    12.1s
    ‖ρε - ρref‖ = 2.2480699975747447e-5 ‖Δρ‖ = 5.596939044168733e-6  ‖vε - vref‖ = 0.2099351062894215  α = 0.00137
 95   -13.00760077573      -11.10       -4.66    8.26s
    ‖ρε - ρref‖ = 2.64961590323732e-5 ‖Δρ‖ = 7.3604746419545315e-6  ‖vε - vref‖ = 0.20995941667521312  α = 0.000491
 96   -13.00760077576      -10.52       -4.09    8.11s
    ‖ρε - ρref‖ = 2.5718666804638222e-5 ‖Δρ‖ = 1.824173743604194e-5  ‖vε - vref‖ = 0.20980400757728887  α = 0.000392
 97   -13.00760077581      -10.33       -4.45    12.0s
    ‖ρε - ρref‖ = 2.4258874878063692e-5 ‖Δρ‖ = 7.124965704816235e-6  ‖vε - vref‖ = 0.20977973663928728  α = 0.00126
 98   -13.00760077585      -10.33       -4.77    8.05s
    ‖ρε - ρref‖ = 2.3323710003596765e-5 ‖Δρ‖ = 3.2757468965183783e-6  ‖vε - vref‖ = 0.20963648774956636  α = 0.00276
 99   -13.00760077587      -10.73       -4.19    8.64s
    ‖ρε - ρref‖ = 2.4649812608762862e-5 ‖Δρ‖ = 1.6972262317451733e-5  ‖vε - vref‖ = 0.20938918615133414  α = 0.000324
 100   -13.00760077589      -10.75       -4.24    8.50s
    ‖ρε - ρref‖ = 2.496505252371772e-5 ‖Δρ‖ = 1.45816833535012e-5  ‖vε - vref‖ = 0.20909053804560562  α = 0.000375
 101   -13.00760077591      -10.59       -4.91    12.7s
    ‖ρε - ρref‖ = 2.288628515511656e-5 ‖Δρ‖ = 2.592991243796244e-6  ‖vε - vref‖ = 0.2089720931469456  α = 0.00262
 102   -13.00760077593      -10.87       -4.71    8.22s
    ‖ρε - ρref‖ = 2.246338524994326e-5 ‖Δρ‖ = 5.1461914013068356e-6  ‖vε - vref‖ = 0.20885202441397865  α = 0.00093
 103   -13.00760077595      -10.65       -4.36    7.66s
    ‖ρε - ρref‖ = 2.4996153688300817e-5 ‖Δρ‖ = 9.242342701189472e-6  ‖vε - vref‖ = 0.20875472975331333  α = 0.000679
 104   -13.00760077596      -11.00       -4.72    11.6s
    ‖ρε - ρref‖ = 2.5030432929701934e-5 ‖Δρ‖ = 5.271827210158765e-6  ‖vε - vref‖ = 0.2087488038263669  α = 0.000735
 105   -13.00760077597      -11.18       -3.64    7.61s
    ‖ρε - ρref‖ = 6.277752702771028e-5 ‖Δρ‖ = 7.154019094916582e-5  ‖vε - vref‖ = 0.20865630319503303  α = 4.22e-5
 106   -13.00760077600      -10.52       -4.95    7.62s
    ‖ρε - ρref‖ = 2.274373554252854e-5 ‖Δρ‖ = 2.1193560646106636e-6  ‖vε - vref‖ = 0.20853618494454865  α = 0.00345
 107   -13.00760077601      -10.99       -4.66    13.1s
    ‖ρε - ρref‖ = 2.5167917266287e-5 ‖Δρ‖ = 5.771320562253489e-6  ‖vε - vref‖ = 0.2084683717486162  α = 0.000715
 108   -13.00760077602      -10.78       -3.93    8.60s
    ‖ρε - ρref‖ = 2.8212539351022625e-5 ‖Δρ‖ = 2.6289472100792882e-5  ‖vε - vref‖ = 0.2081681289664007  α = 0.000202
 109   -13.00760077604      -10.87       -4.97    8.60s
    ‖ρε - ρref‖ = 2.247804330835105e-5 ‖Δρ‖ = 2.3436342116667496e-6  ‖vε - vref‖ = 0.20796457958235964  α = 0.00211
 110   -13.00760077605      -10.97       -4.89    8.05s
    ‖ρε - ρref‖ = 2.3091511552849468e-5 ‖Δρ‖ = 3.090876951609263e-6  ‖vε - vref‖ = 0.20797514418288446  α = 0.00141
 111   -13.00760077606      -10.97       -4.72    13.6s
    ‖ρε - ρref‖ = 2.2493702584093453e-5 ‖Δρ‖ = 4.640713753494557e-6  ‖vε - vref‖ = 0.20795269810816494  α = 0.000907
 112   -13.00760077608      -10.78       -4.20    8.54s
    ‖ρε - ρref‖ = 2.7545307907429003e-5 ‖Δρ‖ = 1.344761992193074e-5  ‖vε - vref‖ = 0.20794292831864888  α = 0.000388
 113   -13.00760077608      -11.04       -4.71    8.04s
    ‖ρε - ρref‖ = 2.3011780072323943e-5 ‖Δρ‖ = 4.458505178402747e-6  ‖vε - vref‖ = 0.20789522561209922  α = 0.000904
 114   -13.00760077610      -10.89       -5.09    12.6s
    ‖ρε - ρref‖ = 2.2112975777223973e-5 ‖Δρ‖ = 1.8418532328968746e-6  ‖vε - vref‖ = 0.207657644486984  α = 0.00257
 115   -13.00760077611      -10.90       -4.51    8.50s
    ‖ρε - ρref‖ = 2.445367040779605e-5 ‖Δρ‖ = 7.108373954371283e-6  ‖vε - vref‖ = 0.20764332185706777  α = 0.000654
 116   -13.00760077611      -11.52       -4.44    8.49s
    ‖ρε - ρref‖ = 3.197437507762956e-5 ‖Δρ‖ = 1.257519569979509e-5  ‖vε - vref‖ = 0.20768514949581404  α = 0.000158
 117   -13.00760077612      -11.29       -3.87    11.9s
    ‖ρε - ρref‖ = 3.907222251028667e-5 ‖Δρ‖ = 3.846553176378372e-5  ‖vε - vref‖ = 0.20767092597508494  α = 7.47e-5
 118   -13.00760077614      -10.70       -5.14    8.49s
    ‖ρε - ρref‖ = 2.250757480662072e-5 ‖Δρ‖ = 1.274659461499935e-6  ‖vε - vref‖ = 0.20762859551097676  α = 0.00472
 119   -13.00760077614      -11.28       -4.93    8.37s
    ‖ρε - ρref‖ = 2.4266507429669844e-5 ‖Δρ‖ = 3.497163702277655e-6  ‖vε - vref‖ = 0.2077075615337969  α = 0.000838
 120   -13.00760077615      -11.00       -4.11    7.94s
    ‖ρε - ρref‖ = 2.581937609756206e-5 ‖Δρ‖ = 1.8516782491253962e-5  ‖vε - vref‖ = 0.2077278880117697  α = 0.000224
 121   -13.00760077616      -10.95       -4.95    13.3s
    ‖ρε - ρref‖ = 2.2763880513497938e-5 ‖Δρ‖ = 2.488452413257574e-6  ‖vε - vref‖ = 0.2077475998562696  α = 0.00177
 122   -13.00760077618      -10.85       -4.87    7.88s
    ‖ρε - ρref‖ = 2.252020704297424e-5 ‖Δρ‖ = 2.7145164825914635e-6  ‖vε - vref‖ = 0.2076509313354108  α = 0.00184
 123   -13.00760077618      -11.38       -5.04    7.64s
    ‖ρε - ρref‖ = 2.2274441858992185e-5 ‖Δρ‖ = 2.7298705485460735e-6  ‖vε - vref‖ = 0.20765059060366964  α = 0.000958
 124   -13.00760077620      -10.88       -4.47    12.6s
    ‖ρε - ρref‖ = 2.4484897953035565e-5 ‖Δρ‖ = 7.551066784562267e-6  ‖vε - vref‖ = 0.20773570994244947  α = 0.00062
 125   -13.00760077621      -10.83       -4.71    8.72s
    ‖ρε - ρref‖ = 2.328760441828357e-5 ‖Δρ‖ = 4.117586395218994e-6  ‖vε - vref‖ = 0.20785494240205177  α = 0.00122
 126   -13.00760077622      -11.00       -4.80    8.73s
    ‖ρε - ρref‖ = 2.2318801665944513e-5 ‖Δρ‖ = 3.8976943735426015e-6  ‖vε - vref‖ = 0.20778483209363796  α = 0.00105
 127   -13.00760077623      -11.29       -4.91    13.2s
    ‖ρε - ρref‖ = 2.235444015258147e-5 ‖Δρ‖ = 3.3312824277612383e-6  ‖vε - vref‖ = 0.2077926631337068  α = 0.00086
 128   -13.00760077623      -11.63       -3.96    8.22s
    ‖ρε - ρref‖ = 5.657472117063738e-5 ‖Δρ‖ = 3.8676760320852136e-5  ‖vε - vref‖ = 0.20782432876014362  α = 4.44e-5
 129   -13.00760077624      -10.84       -4.39    8.34s
    ‖ρε - ρref‖ = 2.302371342885314e-5 ‖Δρ‖ = 8.108080961512443e-6  ‖vε - vref‖ = 0.2077663882698075  α = 0.000615
 130   -13.00760077625      -11.06       -4.68    7.81s
    ‖ρε - ρref‖ = 2.2435845636787904e-5 ‖Δρ‖ = 4.6493534139630885e-6  ‖vε - vref‖ = 0.20770231517521823  α = 0.000853
 131   -13.00760077626      -11.25       -4.95    13.5s
    ‖ρε - ρref‖ = 2.3844802123383838e-5 ‖Δρ‖ = 2.849191436099779e-6  ‖vε - vref‖ = 0.20780541599383734  α = 0.00108
 132   -13.00760077626      -11.41       -4.15    8.77s
    ‖ρε - ρref‖ = 2.5088555121978158e-5 ‖Δρ‖ = 1.939634822600194e-5  ‖vε - vref‖ = 0.20781278294520225  α = 0.000133
 133   -13.00760077627      -11.08       -4.92    8.53s
    ‖ρε - ρref‖ = 2.241812701811645e-5 ‖Δρ‖ = 2.3319369631567947e-6  ‖vε - vref‖ = 0.20779798577713124  α = 0.00166
 134   -13.00760077628      -11.09       -4.97    13.9s
    ‖ρε - ρref‖ = 2.2941697602175278e-5 ‖Δρ‖ = 2.1162216815364932e-6  ‖vε - vref‖ = 0.2079552161339088  α = 0.00181
 135   -13.00760077628      -11.17       -5.25    8.55s
    ‖ρε - ρref‖ = 2.2401887948723956e-5 ‖Δρ‖ = 1.1164253493069486e-6  ‖vε - vref‖ = 0.20788152304578972  α = 0.00308
 136   -13.00760077629      -11.61       -4.42    7.70s
    ‖ρε - ρref‖ = 2.5846542132158897e-5 ‖Δρ‖ = 1.0424093211402185e-5  ‖vε - vref‖ = 0.2078674462257172  α = 0.000191
 137   -13.00760077629      -11.33       -5.34    12.8s
    ‖ρε - ρref‖ = 2.254502971247655e-5 ‖Δρ‖ = 1.0005102110436022e-6  ‖vε - vref‖ = 0.20786566316284666  α = 0.00285
 138   -13.00760077630      -11.32       -5.01    8.70s
    ‖ρε - ρref‖ = 2.260451660057825e-5 ‖Δρ‖ = 2.1265851989943785e-6  ‖vε - vref‖ = 0.20788028835961117  α = 0.00135
 139   -13.00760077630      -12.22       -4.88    8.35s
    ‖ρε - ρref‖ = 1.9827028221566097e-5 ‖Δρ‖ = 5.493750363057323e-6  ‖vε - vref‖ = 0.20787837772936454  α = 0.000156
 140   -13.00760077630      -11.38       -4.30    7.96s
    ‖ρε - ρref‖ = 2.8943920895440013e-5 ‖Δρ‖ = 1.1490810159902772e-5  ‖vε - vref‖ = 0.20797946113977187  α = 0.000227
 141   -13.00760077631      -11.29       -4.59    13.4s
    ‖ρε - ρref‖ = 2.2617111238882916e-5 ‖Δρ‖ = 5.435602464535021e-6  ‖vε - vref‖ = 0.20801442204259696  α = 0.00055
 142   -13.00760077631      -11.51       -4.82    8.87s
    ‖ρε - ρref‖ = 2.245023998021078e-5 ‖Δρ‖ = 3.5452465700751637e-6  ‖vε - vref‖ = 0.20801656364125184  α = 0.000657
 143   -13.00760077631      -11.86       -5.22    8.30s
    ‖ρε - ρref‖ = 2.3490495829974935e-5 ‖Δρ‖ = 1.826205157798438e-6  ‖vε - vref‖ = 0.2080747601794345  α = 0.000829
 144   -13.00760077631      -11.42       -4.39    13.7s
    ‖ρε - ρref‖ = 2.320582926161528e-5 ‖Δρ‖ = 8.971500439242955e-6  ‖vε - vref‖ = 0.20814134077669172  α = 0.000288
 145   -13.00760077632      -11.38       -5.04    8.82s
    ‖ρε - ρref‖ = 2.2329261835686443e-5 ‖Δρ‖ = 1.9451386190471304e-6  ‖vε - vref‖ = 0.2081182140030752  α = 0.00141
 146   -13.00760077632      -11.28       -5.01    8.50s
    ‖ρε - ρref‖ = 2.2702618617862564e-5 ‖Δρ‖ = 1.959810907527652e-6  ‖vε - vref‖ = 0.20816800263346483  α = 0.00156
 147   -13.00760077633      -11.23       -5.12    12.3s
    ‖ρε - ρref‖ = 2.2517176469846895e-5 ‖Δρ‖ = 1.4893784658262466e-6  ‖vε - vref‖ = 0.20823752074716628  α = 0.00215
 148   -13.00760077633      -12.04       -4.86    7.60s
    ‖ρε - ρref‖ = 2.384978741303369e-5 ‖Δρ‖ = 4.64498198258994e-6  ‖vε - vref‖ = 0.20826173131416023  α = 0.000257
 149   -13.00760077633      -11.37       -5.05    7.57s
    ‖ρε - ρref‖ = 2.270105001102298e-5 ‖Δρ‖ = 1.838077985600168e-6  ‖vε - vref‖ = 0.20835457021104023  α = 0.00149
 150   -13.00760077634      -11.36       -5.13    7.58s
    ‖ρε - ρref‖ = 2.2498364554519612e-5 ‖Δρ‖ = 1.4237587845770755e-6  ‖vε - vref‖ = 0.2083472502236648  α = 0.00198
 151   -13.00760077634      -12.61       -4.61    12.4s
    ‖ρε - ρref‖ = 1.6324366146780425e-5 ‖Δρ‖ = 1.202461411600279e-5  ‖vε - vref‖ = 0.2083397748041612  α = 4.19e-5
 152   -13.00760077634      -11.49       -4.91    8.32s
    ‖ρε - ρref‖ = 2.3172431244337272e-5 ‖Δρ‖ = 2.5760242476861233e-6  ‖vε - vref‖ = 0.20843346190705458  α = 0.000936
 153   -13.00760077634      -11.97       -5.11    7.78s
    ‖ρε - ρref‖ = 2.229208162259301e-5 ‖Δρ‖ = 2.402028859183854e-6  ‖vε - vref‖ = 0.20843768268582294  α = 0.000554
 154   -13.00760077635      -11.30       -5.08    12.2s
    ‖ρε - ρref‖ = 2.2480790678621495e-5 ‖Δρ‖ = 1.5602052055289336e-6  ‖vε - vref‖ = 0.20851220632609624  α = 0.00192
 155   -13.00760077635      -12.12       -4.82    8.25s
    ‖ρε - ρref‖ = 2.5456188334601683e-5 ‖Δρ‖ = 5.153186625843213e-6  ‖vε - vref‖ = 0.20855129955549864  α = 0.000212
 156   -13.00760077635      -11.83       -4.73    7.49s
    ‖ρε - ρref‖ = 2.2556562218223012e-5 ‖Δρ‖ = 5.2299913200524396e-6  ‖vε - vref‖ = 0.20859002049452824  α = 0.000305
 157   -13.00760077636      -11.22       -5.29    7.70s
    ‖ρε - ρref‖ = 2.251174008942855e-5 ‖Δρ‖ = 9.157090350090037e-7  ‖vε - vref‖ = 0.20869730374694917  α = 0.00354
 158   -13.00760077636      -11.60       -5.10    12.9s
    ‖ρε - ρref‖ = 2.292443880538215e-5 ‖Δρ‖ = 1.928907572673421e-6  ‖vε - vref‖ = 0.2087845403755343  α = 0.00108
 159   -13.00760077636      -11.42       -5.23    7.58s
    ‖ρε - ρref‖ = 2.236961231365347e-5 ‖Δρ‖ = 1.1915128113079828e-6  ‖vε - vref‖ = 0.2087766629125488  α = 0.00217
 160   -13.00760077636      -11.95       -4.92    7.69s
    ‖ρε - ρref‖ = 2.3413786286033554e-5 ‖Δρ‖ = 3.7300014147373067e-6  ‖vε - vref‖ = 0.20879693631096155  α = 0.000355
 161   -13.00760077637      -11.59       -4.84    13.3s
    ‖ρε - ρref‖ = 2.2795732870902278e-5 ‖Δρ‖ = 3.284175033247662e-6  ‖vε - vref‖ = 0.20884206595164106  α = 0.000646
 162   -13.00760077637      -11.59       -5.13    8.02s
    ‖ρε - ρref‖ = 2.2841974077692787e-5 ‖Δρ‖ = 1.62255358266137e-6  ‖vε - vref‖ = 0.20888759319400507  α = 0.00131
 163   -13.00760077637      -12.57       -4.39    7.80s
    ‖ρε - ρref‖ = 1.6696934860835548e-5 ‖Δρ‖ = 1.8105724218377966e-5  ‖vε - vref‖ = 0.20888045426866625  α = 3.0e-5
 164   -13.00760077637      -11.33       -5.39    13.5s
    ‖ρε - ρref‖ = 2.2552399653451626e-5 ‖Δρ‖ = 7.004891516885163e-7  ‖vε - vref‖ = 0.20892645273979488  α = 0.00411
 165   -13.00760077638      -11.96       -5.20    8.80s
    ‖ρε - ρref‖ = 2.242437479831271e-5 ‖Δρ‖ = 1.7272211871529088e-6  ‖vε - vref‖ = 0.20893781736249112  α = 0.000799
 166   -13.00760077638      -11.85       -4.95    8.01s
    ‖ρε - ρref‖ = 2.284612680486296e-5 ‖Δρ‖ = 2.7328859561063035e-6  ‖vε - vref‖ = 0.2089819676038757  α = 0.000577
 167   -13.00760077638      -12.57       -5.04    8.04s
    ‖ρε - ρref‖ = 2.4469616669004204e-5 ‖Δρ‖ = 3.35912038777476e-6  ‖vε - vref‖ = 0.2090022033807536  α = 0.000204
 168   -13.00760077638      -11.66       -4.98    12.6s
    ‖ρε - ρref‖ = 2.255439326875514e-5 ‖Δρ‖ = 2.1012319121407227e-6  ‖vε - vref‖ = 0.20903311608008093  α = 0.00095
 169   -13.00760077638      -11.87       -5.31    8.15s
    ‖ρε - ρref‖ = 2.2299281763512764e-5 ‖Δρ‖ = 1.1647158519332633e-6  ‖vε - vref‖ = 0.20897387853684332  α = 0.00131
 170   -13.00760077638      -11.70       -5.24    8.68s
    ‖ρε - ρref‖ = 2.261013093209442e-5 ‖Δρ‖ = 1.1895946832978476e-6  ‖vε - vref‖ = 0.20896386751550017  α = 0.00157
 171   -13.00760077638      -11.82       -5.21    13.5s
    ‖ρε - ρref‖ = 2.257003617604608e-5 ‖Δρ‖ = 1.2708515159843645e-6  ‖vε - vref‖ = 0.2089801832136134  α = 0.00131
 172   -13.00760077638      -12.22       -5.27    8.66s
    ‖ρε - ρref‖ = 2.2912561507483e-5 ‖Δρ‖ = 1.6087951896438994e-6  ‖vε - vref‖ = 0.20900057919376439  α = 0.000605
 173   -13.00760077639      -11.83       -4.86    8.22s
    ‖ρε - ρref‖ = 2.2643531738288773e-5 ‖Δρ‖ = 2.9128919228176932e-6  ‖vε - vref‖ = 0.20902914462305153  α = 0.000557
 174   -13.00760077639      -12.55       -5.41    8.19s
    ‖ρε - ρref‖ = 2.3261940852367067e-5 ‖Δρ‖ = 1.3774339395806448e-6  ‖vε - vref‖ = 0.20903404997631422  α = 0.000426
 175   -13.00760077639      -12.09       -4.37    13.0s
    ‖ρε - ρref‖ = 2.0338698876700598e-5 ‖Δρ‖ = 1.0872189265501814e-5  ‖vε - vref‖ = 0.20900833136336908  α = 0.000105
 176   -13.00760077639      -11.67       -5.23    7.64s
    ‖ρε - ρref‖ = 2.267569724622871e-5 ‖Δρ‖ = 1.0819804444743702e-6  ‖vε - vref‖ = 0.20903977584036917  α = 0.00181
 177   -13.00760077639      -11.88       -5.44    7.87s
    ‖ρε - ρref‖ = 2.2496435833791104e-5 ‖Δρ‖ = 8.089837821141893e-7  ‖vε - vref‖ = 0.20902367772767028  α = 0.00188
 178   -13.00760077639      -12.38       -5.17    12.4s
    ‖ρε - ρref‖ = 2.2491957181779433e-5 ‖Δρ‖ = 2.096019358782613e-6  ‖vε - vref‖ = 0.2090228632939128  α = 0.000393
 179   -13.00760077639      -12.56       -5.04    7.91s
    ‖ρε - ρref‖ = 2.409781756108835e-5 ‖Δρ‖ = 3.0213447223769263e-6  ‖vε - vref‖ = 0.2090348554305833  α = 0.000221
 180   -13.00760077639      -11.97       -4.97    8.05s
    ‖ρε - ρref‖ = 2.219569319138042e-5 ‖Δρ‖ = 2.346484614013697e-6  ‖vε - vref‖ = 0.20902158555119815  α = 0.000593
 181   -13.00760077639      -11.84       -5.23    7.60s
    ‖ρε - ρref‖ = 2.263093628195037e-5 ‖Δρ‖ = 1.1673803944908756e-6  ‖vε - vref‖ = 0.20903623028380294  α = 0.00137
 182   -13.00760077640      -11.66       -5.92    12.9s
    ‖ρε - ρref‖ = 2.255126191602024e-5 ‖Δρ‖ = 2.1753085159230828e-7  ‖vε - vref‖ = 0.20900915389459793  α = 0.00898
 183   -13.00760077640      -11.83       -5.01    8.80s
    ‖ρε - ρref‖ = 2.219014464526771e-5 ‖Δρ‖ = 2.0838488374379256e-6  ‖vε - vref‖ = 0.2089497237479466  α = 0.000767
 184   -13.00760077640      -12.48       -5.24    8.47s
    ‖ρε - ρref‖ = 2.2979614324555684e-5 ‖Δρ‖ = 1.885291083430128e-6  ‖vε - vref‖ = 0.208959146762529  α = 0.000384
 185   -13.00760077640      -12.09       -5.10    12.2s
    ‖ρε - ρref‖ = 2.262959288498278e-5 ‖Δρ‖ = 1.8611961736514692e-6  ‖vε - vref‖ = 0.20898951782910422  α = 0.000637
 186   -13.00760077640      -13.41       -5.02    8.55s
    ‖ρε - ρref‖ = 2.6509813180202052e-5 ‖Δρ‖ = 5.133163050061145e-6  ‖vε - vref‖ = 0.20899507428408495  α = 4.41e-5
 187   -13.00760077640      -11.94       -5.32    8.30s
    ‖ρε - ρref‖ = 2.2499933698825453e-5 ‖Δρ‖ = 9.772334427021161e-7  ‖vε - vref‖ = 0.209002638096001  α = 0.00147
 188   -13.00760077640      -12.07       -5.50    8.62s
    ‖ρε - ρref‖ = 2.257855963237469e-5 ‖Δρ‖ = 7.106191157720857e-7  ‖vε - vref‖ = 0.20900170123862225  α = 0.00175
 189   -13.00760077640      -11.86       -5.36    12.8s
    ‖ρε - ρref‖ = 2.247518132044108e-5 ‖Δρ‖ = 8.888900501108565e-7  ‖vε - vref‖ = 0.2089665849814407  α = 0.00173
 190   -13.00760077640      -12.39       -5.13    7.98s
    ‖ρε - ρref‖ = 2.211515815674102e-5 ‖Δρ‖ = 2.2690650317896413e-6  ‖vε - vref‖ = 0.208960735018107  α = 0.00035
 191   -13.00760077640      -12.28       -4.81    7.90s
    ‖ρε - ρref‖ = 2.4815743689500497e-5 ‖Δρ‖ = 4.250264456792176e-6  ‖vε - vref‖ = 0.2089805176743539  α = 0.000222
 192   -13.00760077640      -12.18       -5.01    13.5s
    ‖ρε - ρref‖ = 2.2413869802547093e-5 ‖Δρ‖ = 2.4359536137622206e-6  ‖vε - vref‖ = 0.2089706497757567  α = 0.000447
 193   -13.00760077640      -12.14       -5.46    8.82s
    ‖ρε - ρref‖ = 2.245112093667371e-5 ‖Δρ‖ = 7.764885476191535e-7  ‖vε - vref‖ = 0.20893028258787255  α = 0.00147
 194   -13.00760077641      -11.77       -5.57    8.75s
    ‖ρε - ρref‖ = 2.255991175498791e-5 ‖Δρ‖ = 4.7444465355218935e-7  ‖vε - vref‖ = 0.20891576039590887  α = 0.00364
 195   -13.00760077641      -12.03       -5.63    8.72s
    ‖ρε - ρref‖ = 2.251703273347829e-5 ‖Δρ‖ = 5.354394191200478e-7  ‖vε - vref‖ = 0.20890932659770708  α = 0.00237
 196   -13.00760077641      -12.25       -5.09    14.0s
    ‖ρε - ρref‖ = 2.31038759987346e-5 ‖Δρ‖ = 2.157962295360892e-6  ‖vε - vref‖ = 0.20891707609500826  α = 0.000437
 197   -13.00760077641      -12.13       -4.91    8.71s
    ‖ρε - ρref‖ = 2.1729126096814175e-5 ‖Δρ‖ = 2.9281118330634034e-6  ‖vε - vref‖ = 0.2089057113742309  α = 0.00037
 198   -13.00760077641      -12.54       -4.30    8.67s
    ‖ρε - ρref‖ = 3.4480342355216145e-5 ‖Δρ‖ = 1.6325404932189288e-5  ‖vε - vref‖ = 0.20891217797274972  α = 3.55e-5
 199   -13.00760077641      -12.30       -5.47    13.3s
    ‖ρε - ρref‖ = 2.2394742028041015e-5 ‖Δρ‖ = 8.459590581027476e-7  ‖vε - vref‖ = 0.20888101260039377  α = 0.00112
 200   -13.00760077641      -12.10       -5.46    8.85s
    ‖ρε - ρref‖ = 2.2628492995006584e-5 ‖Δρ‖ = 7.233032430058754e-7  ‖vε - vref‖ = 0.2088835992522595  α = 0.00163
 201   -13.00760077641      -11.93       -5.60    8.42s
    ‖ρε - ρref‖ = 2.2539611204752936e-5 ‖Δρ‖ = 4.6018811161824164e-7  ‖vε - vref‖ = 0.20885011173050388  α = 0.00311
 202   -13.00760077641      -12.99       -5.19    8.45s
    ‖ρε - ρref‖ = 2.1694558709003764e-5 ‖Δρ‖ = 2.4073303615386182e-6  ‖vε - vref‖ = 0.20884339077851652  α = 0.000166
 203   -13.00760077641      -12.39       -5.25    12.7s
    ‖ρε - ρref‖ = 2.304614207128486e-5 ‖Δρ‖ = 1.3460206713459766e-6  ‖vε - vref‖ = 0.20885625917272993  α = 0.000624
 204   -13.00760077641      -12.22       -5.07    8.22s
    ‖ρε - ρref‖ = 2.247086986606947e-5 ‖Δρ‖ = 1.7986562804821068e-6  ‖vε - vref‖ = 0.20884169054343696  α = 0.000566
 205   -13.00760077641      -12.50       -5.39    8.83s
    ‖ρε - ρref‖ = 2.2475750822355387e-5 ‖Δρ‖ = 9.704420639441413e-7  ‖vε - vref‖ = 0.20881808025004875  α = 0.000761
 206   -13.00760077641      -12.28       -5.78    13.8s
    ‖ρε - ρref‖ = 2.252106315690788e-5 ‖Δρ‖ = 3.2865249067738e-7  ‖vε - vref‖ = 0.20876291589576287  α = 0.00301
 207   -13.00760077641      -12.37       -5.63    8.40s
    ‖ρε - ρref‖ = 2.251423999428177e-5 ‖Δρ‖ = 4.806886869907293e-7  ‖vε - vref‖ = 0.20873543023240487  α = 0.00182
 208   -13.00760077641      -13.06       -5.56    7.64s
    ‖ρε - ρref‖ = 2.287770137482529e-5 ‖Δρ‖ = 8.838088287191505e-7  ‖vε - vref‖ = 0.20874117772374615  α = 0.00045
 209   -13.00760077641      -13.15       -5.11    7.71s
    ‖ρε - ρref‖ = 2.1030954577741705e-5 ‖Δρ‖ = 2.906742683869677e-6  ‖vε - vref‖ = 0.20873888395359874  α = 9.0e-5
 210   -13.00760077641      -12.43       -4.83    12.5s
    ‖ρε - ρref‖ = 2.3390701619111332e-5 ‖Δρ‖ = 3.0375797852175504e-6  ‖vε - vref‖ = 0.2087526733024826  α = 0.000262
 211   -13.00760077641      -12.55       -5.54    8.04s
    ‖ρε - ρref‖ = 2.2447693612967714e-5 ‖Δρ‖ = 6.11190908170419e-7  ‖vε - vref‖ = 0.2087291697826559  α = 0.00117
 212   -13.00760077641      -12.65       -5.76    8.77s
    ‖ρε - ρref‖ = 2.257588857376812e-5 ‖Δρ‖ = 4.119157854023787e-7  ‖vε - vref‖ = 0.20872685942982241  α = 0.00153
 213   -13.00760077642      -12.47       -5.59    13.8s
    ‖ρε - ρref‖ = 2.2541643951159147e-5 ‖Δρ‖ = 5.304508240715946e-7  ‖vε - vref‖ = 0.20871232131749734  α = 0.00146
 214   -13.00760077642      -13.34       -5.42    8.60s
    ‖ρε - ρref‖ = 2.1944172252075842e-5 ‖Δρ‖ = 1.383311974659719e-6  ‖vε - vref‖ = 0.20870597795571671  α = 0.00023
 215   -13.00760077642      -12.14       -5.32    8.06s
    ‖ρε - ρref‖ = 2.2751361302157232e-5 ‖Δρ‖ = 8.572882508121147e-7  ‖vε - vref‖ = 0.2087132058024065  α = 0.0013
 216   -13.00760077642      -12.62       -5.20    8.67s
    ‖ρε - ρref‖ = 2.2284922734575447e-5 ‖Δρ‖ = 1.633812131155469e-6  ‖vε - vref‖ = 0.20869862666094882  α = 0.000381
 217   -13.00760077642      -12.64       -5.53    13.4s
    ‖ρε - ρref‖ = 2.250466203370879e-5 ‖Δρ‖ = 7.853995234324171e-7  ‖vε - vref‖ = 0.2086838675520966  α = 0.000781
 218   -13.00760077642      -12.37       -5.82    8.03s
    ‖ρε - ρref‖ = 2.2559356159742054e-5 ‖Δρ‖ = 2.9769603249996186e-7  ‖vε - vref‖ = 0.2086806434551723  α = 0.00296
 219   -13.00760077642      -12.40       -5.62    8.15s
    ‖ρε - ρref‖ = 2.2491906665924886e-5 ‖Δρ‖ = 4.6152356651648547e-7  ‖vε - vref‖ = 0.20865938349260044  α = 0.00185
 220   -13.00760077642      -12.97       -5.47    13.9s
    ‖ρε - ρref‖ = 2.3156645081957784e-5 ‖Δρ‖ = 1.0971091310236462e-6  ‖vε - vref‖ = 0.2086639880771841  α = 0.00034
 221   -13.00760077642      -13.04       -4.70    8.37s
    ‖ρε - ρref‖ = 2.096062969756031e-5 ‖Δρ‖ = 6.440000792102344e-6  ‖vε - vref‖ = 0.20865988164875068  α = 5.17e-5
 222   -13.00760077642      -13.21       -5.30    7.67s
    ‖ρε - ρref‖ = 2.252260299459557e-5 ‖Δρ‖ = 1.5589700539754437e-6  ‖vε - vref‖ = 0.20865822771130238  α = 0.000219
 223   -13.00760077642      -12.21       -5.97    7.97s
    ‖ρε - ρref‖ = 2.253296131834448e-5 ‖Δρ‖ = 1.7860405496946906e-7  ‖vε - vref‖ = 0.20863845293871583  α = 0.00582
 224   -13.00760077642      -12.41       -5.81    12.2s
    ‖ρε - ρref‖ = 2.256446497016454e-5 ‖Δρ‖ = 3.1117397791682166e-7  ‖vε - vref‖ = 0.20864948852289103  α = 0.00269
 225   -13.00760077642      -12.61       -5.48    7.71s
    ‖ρε - ρref‖ = 2.2591161446107633e-5 ‖Δρ‖ = 7.682155731518264e-7  ‖vε - vref‖ = 0.2086477649440489  α = 0.000813
 226   -13.00760077642      -13.16       -5.07    8.18s
    ‖ρε - ρref‖ = 2.1338580542394947e-5 ‖Δρ‖ = 2.7870805825286325e-6  ‖vε - vref‖ = 0.20864231423498902  α = 0.000119
 227   -13.00760077642      -12.66       -5.56    13.8s
    ‖ρε - ρref‖ = 2.2702216936674672e-5 ‖Δρ‖ = 6.165575477389018e-7  ‖vε - vref‖ = 0.20866586001575466  α = 0.00103
 228   -13.00760077642      -13.02       -5.74    8.51s
    ‖ρε - ρref‖ = 2.2475721688378336e-5 ‖Δρ‖ = 5.140111266597006e-7  ‖vε - vref‖ = 0.20866143102686094  α = 0.000788
 229   -13.00760077642      -12.60       -5.52    8.77s
    ‖ρε - ρref‖ = 2.2564343879955628e-5 ‖Δρ‖ = 6.666732402111654e-7  ‖vε - vref‖ = 0.2086516054567097  α = 0.000984
 230   -13.00760077642      -12.51       -5.68    8.33s
    ‖ρε - ρref‖ = 2.250743504459476e-5 ‖Δρ‖ = 4.247739648825958e-7  ‖vε - vref‖ = 0.20862713818090453  α = 0.00175
 231   -13.00760077642      -12.74       -5.74    13.8s
    ‖ρε - ρref‖ = 2.2513864483176663e-5 ‖Δρ‖ = 3.959766713841304e-7  ‖vε - vref‖ = 0.20862509755742945  α = 0.00149
 232   -13.00760077642      -13.50       -5.38    8.72s
    ‖ρε - ρref‖ = 2.4126075312806436e-5 ‖Δρ‖ = 2.1055098143211837e-6  ‖vε - vref‖ = 0.20862766202175947  α = 5.33e-5
 233   -13.00760077642      -12.83       -5.55    8.51s
    ‖ρε - ρref‖ = 2.264217015142665e-5 ‖Δρ‖ = 7.159756605203469e-7  ‖vε - vref‖ = 0.20863933183497807  α = 0.000674
 234   -13.00760077642      -12.73       -5.10    13.5s
    ‖ρε - ρref‖ = 2.255627000241265e-5 ‖Δρ‖ = 1.7391254571753328e-6  ‖vε - vref‖ = 0.20864867905162623  α = 0.000337
 235   -13.00760077642      -12.93       -5.64    8.40s
    ‖ρε - ρref‖ = 2.2457163510495503e-5 ‖Δρ‖ = 5.493774548344049e-7  ‖vε - vref‖ = 0.20864042217529594  α = 0.000845
 236   -13.00760077642      -12.58       -6.03    8.49s
    ‖ρε - ρref‖ = 2.2539613291158925e-5 ‖Δρ‖ = 1.8408098237945854e-7  ‖vε - vref‖ = 0.2086482594251095  α = 0.00355
 237   -13.00760077642      -12.78       -5.61    8.30s
    ‖ρε - ρref‖ = 2.2655841455402798e-5 ‖Δρ‖ = 5.275679194131018e-7  ‖vε - vref‖ = 0.2086626748206541  α = 0.00105
 238   -13.00760077642      -13.39       -5.15    13.7s
    ‖ρε - ρref‖ = 2.1599888709963592e-5 ‖Δρ‖ = 2.419960776667319e-6  ‖vε - vref‖ = 0.20866061170484163  α = 0.000101
 239   -13.00760077642      -12.73       -5.90    8.18s
    ‖ρε - ρref‖ = 2.2561104056922095e-5 ‖Δρ‖ = 2.5706783096676495e-7  ‖vε - vref‖ = 0.20866657669648675  α = 0.00215
 240   -13.00760077642      -13.47       -5.83    8.68s
    ‖ρε - ρref‖ = 2.2426495647168706e-5 ‖Δρ‖ = 4.2537555252121365e-7  ‖vε - vref‖ = 0.20865930932509721  α = 0.000688
 241   -13.00760077642      -13.09       -5.74    8.43s
    ‖ρε - ρref‖ = 2.254580405308554e-5 ‖Δρ‖ = 4.4609813582538566e-7  ‖vε - vref‖ = 0.20865974022897413  α = 0.000846
 242   -13.00760077642      -12.85       -5.64    13.0s
    ‖ρε - ρref‖ = 2.2583991149398826e-5 ‖Δρ‖ = 4.876576610923368e-7  ‖vε - vref‖ = 0.20867316787878396  α = 0.00105
 243   -13.00760077642      -12.72       -6.04    8.82s
    ‖ρε - ρref‖ = 2.2487349571854153e-5 ‖Δρ‖ = 1.8078043125013898e-7  ‖vε - vref‖ = 0.20868171697709242  α = 0.00315
 244   -13.00760077642      -13.19       -4.59    8.53s
    ‖ρε - ρref‖ = 2.8162993412157662e-5 ‖Δρ‖ = 8.052151505585e-6  ‖vε - vref‖ = 0.20868922560933725  α = 3.23e-5
 245   -13.00760077642      -12.91       -5.82    13.2s
    ‖ρε - ρref‖ = 2.2588251860157778e-5 ‖Δρ‖ = 3.600549442598341e-7  ‖vε - vref‖ = 0.20870120331652028  α = 0.00127
 246   -13.00760077642      -12.83       -5.14    8.78s
    ‖ρε - ρref‖ = 2.2437626968398418e-5 ‖Δρ‖ = 1.6139332087812821e-6  ‖vε - vref‖ = 0.2087094281433732  α = 0.000303
 247   -13.00760077642      -13.08       -5.94    8.12s
    ‖ρε - ρref‖ = 2.251994241741053e-5 ‖Δρ‖ = 2.7577311828064565e-7  ‖vε - vref‖ = 0.20871050326816248  α = 0.0015
 248   -13.00760077642      -12.71       -5.88    8.63s
    ‖ρε - ρref‖ = 2.2550252509807357e-5 ‖Δρ‖ = 2.5648309257251817e-7  ‖vε - vref‖ = 0.2087248799208836  α = 0.00217
 249   -13.00760077642      -13.16       -5.71    13.6s
    ‖ρε - ρref‖ = 2.2672142121757145e-5 ‖Δρ‖ = 4.886772659376069e-7  ‖vε - vref‖ = 0.20873231328254385  α = 0.000739
 250   -13.00760077642      -13.27       -5.09    8.69s
    ‖ρε - ρref‖ = 2.1733812803500175e-5 ‖Δρ‖ = 2.252550360045755e-6  ‖vε - vref‖ = 0.2087305931200375  α = 0.000134
 251   -13.00760077642      -13.01       -5.95    8.79s
    ‖ρε - ρref‖ = 2.2580743121953798e-5 ‖Δρ‖ = 2.4026146570810337e-7  ‖vε - vref‖ = 0.20874389297143378  α = 0.00174
 252   -13.00760077642      -12.85       -5.87    13.3s
    ‖ρε - ρref‖ = 2.2491746427411757e-5 ‖Δρ‖ = 2.668770151267178e-7  ‖vε - vref‖ = 0.2087348116179971  α = 0.00186
 253   -13.00760077642      -13.18       -5.52    7.99s
    ‖ρε - ρref‖ = 2.2643550811461915e-5 ‖Δρ‖ = 8.272286528524974e-7  ‖vε - vref‖ = 0.2087365441545032  α = 0.000363
 254   -13.00760077642      -13.00       -5.94    8.26s
    ‖ρε - ρref‖ = 2.2550604663632416e-5 ‖Δρ‖ = 2.411209793674299e-7  ‖vε - vref‖ = 0.20874251235357902  α = 0.00181
 255   -13.00760077642      -13.45       -5.64    8.84s
    ‖ρε - ρref‖ = 2.217287141714448e-5 ‖Δρ‖ = 6.36511043591454e-7  ‖vε - vref‖ = 0.2087403361962153  α = 0.000346
 256   -13.00760077642      -13.26       -4.73    14.0s
    ‖ρε - ρref‖ = 2.4290494879914794e-5 ‖Δρ‖ = 4.495256227456918e-6  ‖vε - vref‖ = 0.20874473417450798  α = 6.77e-5
 257   -13.00760077642      -13.35       -6.02    8.45s
    ‖ρε - ρref‖ = 2.2593366590308326e-5 ‖Δρ‖ = 2.2406089984079393e-7  ‖vε - vref‖ = 0.20875672247992713  α = 0.00133
 258   -13.00760077642      -13.47       -5.71    8.80s
    ‖ρε - ρref‖ = 2.2478218635901197e-5 ‖Δρ‖ = 6.113323461816616e-7  ‖vε - vref‖ = 0.2087573480688837  α = 0.000297
 259   -13.00760077642      -13.12       -5.83    8.70s
    ‖ρε - ρref‖ = 2.2513587985471286e-5 ‖Δρ‖ = 3.1349636594336637e-7  ‖vε - vref‖ = 0.2087497785792927  α = 0.00114
 260   -13.00760077642      -13.07       -6.11    13.3s
    ‖ρε - ρref‖ = 2.25354743884991e-5 ‖Δρ‖ = 1.5041174433803487e-7  ‖vε - vref‖ = 0.2087435384841409  α = 0.00264
 261   -13.00760077642      -13.52       -6.21    8.12s
    ‖ρε - ρref‖ = 2.261260813988799e-5 ‖Δρ‖ = 1.805919970616692e-7  ‖vε - vref‖ = 0.20874568624504128  α = 0.00129
 262   -13.00760077642      -12.91       -5.16    7.84s
    ‖ρε - ρref‖ = 2.224201811813758e-5 ‖Δρ‖ = 1.2533569034221894e-6  ‖vε - vref‖ = 0.20873569768668712  α = 0.000388
 263   -13.00760077642      -13.10       -5.85    12.6s
    ‖ρε - ρref‖ = 2.2597295538794088e-5 ‖Δρ‖ = 3.278145455357369e-7  ‖vε - vref‖ = 0.2087435452643537  α = 0.000953
 264   -13.00760077642      -13.14       -5.99    8.66s
    ‖ρε - ρref‖ = 2.252334159271801e-5 ‖Δρ‖ = 1.9693650191380503e-7  ‖vε - vref‖ = 0.20874624116975937  α = 0.002
 265   -13.00760077642      -13.57       -5.79    8.40s
    ‖ρε - ρref‖ = 2.2626119694936705e-5 ‖Δρ‖ = 5.088101871631162e-7  ‖vε - vref‖ = 0.20874915931556443  α = 0.000341
 266   -13.00760077642      -13.57       -6.13    8.21s
    ‖ρε - ρref‖ = 2.2561994250963325e-5 ‖Δρ‖ = 1.7494398741979092e-7  ‖vε - vref‖ = 0.208750731983028  α = 0.00134
 267   -13.00760077642      -14.75       -5.51    12.9s
    ‖ρε - ρref‖ = 2.1503105286453706e-5 ‖Δρ‖ = 1.5011934060262956e-6  ‖vε - vref‖ = 0.20874961381878723  α = 3.76e-5
 268   -13.00760077642      -13.37       -6.04    8.31s
    ‖ρε - ρref‖ = 2.2518720202249458e-5 ‖Δρ‖ = 2.0589515190286634e-7  ‖vε - vref‖ = 0.20874376413949142  α = 0.00139
 269   -13.00760077642      -13.19       -5.93    8.47s
    ‖ρε - ρref‖ = 2.2584776737629686e-5 ‖Δρ‖ = 2.5176409470880485e-7  ‖vε - vref‖ = 0.2087486774957897  α = 0.00126
 270   -13.00760077642      -13.64       -5.56    13.3s
    ‖ρε - ρref‖ = 2.2466425269523265e-5 ‖Δρ‖ = 7.872788938608698e-7  ‖vε - vref‖ = 0.20874853200941826  α = 0.000246
 271   -13.00760077642      -13.39       -5.88    8.81s
    ‖ρε - ρref‖ = 2.2528387938855646e-5 ‖Δρ‖ = 3.081910719252408e-7  ‖vε - vref‖ = 0.2087461640958348  α = 0.000854
 272   -13.00760077642      -13.04       -6.17    8.68s
    ‖ρε - ρref‖ = 2.253644779976082e-5 ‖Δρ‖ = 1.3969705416638763e-7  ‖vε - vref‖ = 0.20874549220726468  α = 0.00243
 273   -13.00760077642      -14.75       -6.01    8.70s
    ‖ρε - ρref‖ = 2.2642340519002143e-5 ‖Δρ‖ = 2.631831186923688e-7  ‖vε - vref‖ = 0.20874885261465337  α = 0.00085
 274   -13.00760077642      -13.26       -5.20    14.0s
    ‖ρε - ρref‖ = 2.2175376704204377e-5 ‖Δρ‖ = 1.447749748581373e-6  ‖vε - vref‖ = 0.20874592700411687  α = 0.000197
 275   -13.00760077642      -13.22       -6.25    8.80s
    ‖ρε - ρref‖ = 2.2547200904493182e-5 ‖Δρ‖ = 1.1350011383468138e-7  ‖vε - vref‖ = 0.208745508778803  α = 0.00305
 276   -13.00760077642      -13.30       -6.00    8.56s
    ‖ρε - ρref‖ = 2.2489487964914526e-5 ‖Δρ‖ = 2.2230219645269842e-7  ‖vε - vref‖ = 0.20873319386679037  α = 0.00135
 277   -13.00760077642      -14.27       -6.11    8.80s
    ‖ρε - ρref‖ = 2.2578569130251617e-5 ‖Δρ‖ = 2.094185277683747e-7  ‖vε - vref‖ = 0.2087388218212961  α = 0.000946
 278   -13.00760077642      -13.43       -5.75    14.3s
    ‖ρε - ρref‖ = 2.272624440793863e-5 ‖Δρ‖ = 4.347040464000872e-7  ‖vε - vref‖ = 0.20874714956720805  α = 0.000481
 279   -13.00760077642      -13.80       -4.89    8.12s
    ‖ρε - ρref‖ = 2.0941077525870108e-5 ‖Δρ‖ = 3.7275687535062777e-6  ‖vε - vref‖ = 0.20874836271666705  α = 3.99e-5
 280   -13.00760077642      -13.47       -6.08    8.07s
    ‖ρε - ρref‖ = 2.2526496824176635e-5 ‖Δρ‖ = 1.9605309047811412e-7  ‖vε - vref‖ = 0.2087493949248887  α = 0.00114
 281   -13.00760077642      -13.34       -6.09    13.5s
    ‖ρε - ρref‖ = 2.2554788986250425e-5 ‖Δρ‖ = 1.5833570721328493e-7  ‖vε - vref‖ = 0.2087541167180299  α = 0.00188
 282   -13.00760077642      -13.75       -5.72    8.75s
    ‖ρε - ρref‖ = 2.2441965077105135e-5 ‖Δρ‖ = 6.127401724304349e-7  ‖vε - vref‖ = 0.20875344057558237  α = 0.000195
 283   -13.00760077642      -13.43       -6.32    8.75s
    ‖ρε - ρref‖ = 2.2524642904135774e-5 ‖Δρ‖ = 1.0523209666847942e-7  ‖vε - vref‖ = 0.2087477224335355  α = 0.00236
 284   -13.00760077642      -13.52       -5.86    8.75s
    ‖ρε - ρref‖ = 2.255350531304226e-5 ‖Δρ‖ = 2.659539389495422e-7  ‖vε - vref‖ = 0.20875001554911843  α = 0.0011
 285   -13.00760077642      -13.67       -6.12    13.0s
    ‖ρε - ρref‖ = 2.2667489241808122e-5 ‖Δρ‖ = 2.7375942633403244e-7  ‖vε - vref‖ = 0.20875226307808856  α = 0.000369
 286   -13.00760077642      -13.39       -5.70    8.37s
    ‖ρε - ρref‖ = 2.2465960196314846e-5 ‖Δρ‖ = 4.75536332304146e-7  ‖vε - vref‖ = 0.20875314715670779  α = 0.000459
 287   -13.00760077642      -13.97       -6.32    8.43s
    ‖ρε - ρref‖ = 2.2543724187570782e-5 ‖Δρ‖ = 9.791917928881456e-8  ‖vε - vref‖ = 0.20875667063702447  α = 0.0027
 288   -13.00760077642      -13.27       -6.01    8.73s
    ‖ρε - ρref‖ = 2.2533336629862822e-5 ‖Δρ‖ = 1.8738119733801774e-7  ‖vε - vref‖ = 0.20875526687261492  α = 0.00152
 289   -13.00760077642      -13.71       -6.40    14.1s
    ‖ρε - ρref‖ = 2.2531249534322013e-5 ‖Δρ‖ = 1.0905846349443217e-7  ‖vε - vref‖ = 0.20875314810236448  α = 0.0014
 290   -13.00760077642      -14.45       -5.53    10.8s
    ‖ρε - ρref‖ = 2.3361744229027823e-5 ‖Δρ‖ = 1.2399263261136843e-6  ‖vε - vref‖ = 0.20875321576252082  α = 8.22e-6
 291   -13.00760077642      -13.75       -5.66    8.70s
    ‖ρε - ρref‖ = 2.238433554401708e-5 ‖Δρ‖ = 5.568854061827381e-7  ‖vε - vref‖ = 0.20874732248737243  α = 0.00031
 292   -13.00760077642      -13.27       -6.16    12.4s
    ‖ρε - ρref‖ = 2.2533496707034087e-5 ‖Δρ‖ = 1.322973209876387e-7  ‖vε - vref‖ = 0.2087421115188248  α = 0.00213
 293   -13.00760077642      -13.64       -6.21    8.31s
    ‖ρε - ρref‖ = 2.258688042736563e-5 ‖Δρ‖ = 1.6292682025180664e-7  ‖vε - vref‖ = 0.20874740804314054  α = 0.001
 294   -13.00760077642   +  -14.15       -5.80    7.82s
    ‖ρε - ρref‖ = 2.2526305148155334e-5 ‖Δρ‖ = 4.4223883527043695e-7  ‖vε - vref‖ = 0.20874894650709722  α = 0.000318
 295   -13.00760077642      -13.41       -5.99    8.37s
    ‖ρε - ρref‖ = 2.2522191303545164e-5 ‖Δρ‖ = 2.047023363207292e-7  ‖vε - vref‖ = 0.20874602377219562  α = 0.00126
 296   -13.00760077642      -13.50       -6.20    14.2s
    ‖ρε - ρref‖ = 2.2529905375010366e-5 ‖Δρ‖ = 1.4449182812486794e-7  ‖vε - vref‖ = 0.20874542005433921  α = 0.0014
 297   -13.00760077642   +    -Inf       -5.89    11.6s
    ‖ρε - ρref‖ = 2.274292307559298e-5 ‖Δρ‖ = 4.4384730715427304e-7  ‖vε - vref‖ = 0.2087455717716912  α = 2.1e-5
 298   -13.00760077642      -14.15       -5.83    8.79s
    ‖ρε - ρref‖ = 2.2482464685621893e-5 ‖Δρ‖ = 3.3392688696802944e-7  ‖vε - vref‖ = 0.2087442893937663  α = 0.000559
 299   -13.00760077642      -13.60       -6.20    13.2s
    ‖ρε - ρref‖ = 2.2556510491782874e-5 ‖Δρ‖ = 1.4206475714143832e-7  ‖vε - vref‖ = 0.20874726592058962  α = 0.00121
 300   -13.00760077642      -13.67       -6.26    8.24s
    ‖ρε - ρref‖ = 2.2524311104971103e-5 ‖Δρ‖ = 1.1543823802272075e-7  ‖vε - vref‖ = 0.20874388427577456  α = 0.00141
Trying again with Newton's method ...
n     Energy            log10(ΔE)   log10(Δρ)   Δtime 
---   ---------------   ---------   ---------   ------
  1   -13.00760077642                   -8.38     522s
    ‖ρε - ρref‖ = 2.253825458231985e-5 ‖Δρ‖ = 4.844262451913877e-10  ‖vε - vref‖ = 0.20874405134328014
  2   -13.00760077642      -13.04       -8.53     510s
    ‖ρε - ρref‖ = 2.2538256939180808e-5 ‖Δρ‖ = 3.362785215326105e-10  ‖vε - vref‖ = 0.20874343767450698
    Stopping to avoid numerical instabilities.

#-- ‖ρε - ρref‖ = 2.2538256939180808e-5 vs. 1.0e-8 = δ*ε ‖vε - vref‖ = 0.20874343767450698


# --- ε=5.62341325190349e-7

n     Energy            log10(ΔE)   log10(Δρ)   Δtime 
---   ---------------   ---------   ---------   ------
  1   -13.00739298318                   -0.13    13.7s
    ‖ρε - ρref‖ = 0.4742114445519598 ‖Δρ‖ = 0.47420299576609853  ‖vε - vref‖ = 11.509281525518487  α = 1.55e-5
  2   -13.00741167082       -4.73       -0.67    8.51s
    ‖ρε - ρref‖ = 0.09200990903790772 ‖Δρ‖ = 0.09200514664009185  ‖vε - vref‖ = 6.886273722175225  α = 4.2e-5
  3   -13.00741974441       -5.09       -1.31    13.3s
    ‖ρε - ρref‖ = 0.017007452768740158 ‖Δρ‖ = 0.017004101382143904  ‖vε - vref‖ = 3.872790747939647  α = 0.000161
  4   -13.00742158904       -5.73       -1.57    8.49s
    ‖ρε - ρref‖ = 0.009568764213476582 ‖Δρ‖ = 0.009567856098726391  ‖vε - vref‖ = 2.836998236086014  α = 0.000137
  5   -13.00742220181       -6.21       -1.89    8.32s
    ‖ρε - ρref‖ = 0.004449601893599687 ‖Δρ‖ = 0.004448225740906258  ‖vε - vref‖ = 2.3179731775588635  α = 0.000169
  6   -13.00742278706       -6.23       -2.07    9.51s
    ‖ρε - ρref‖ = 0.0023311415464397356 ‖Δρ‖ = 0.0023303771733843284  ‖vε - vref‖ = 1.7795086120724681  α = 0.00033
  7   -13.00742307409       -6.54       -2.41    14.3s
    ‖ρε - ρref‖ = 0.0009499738342648476 ‖Δρ‖ = 0.0009494121706933201  ‖vε - vref‖ = 1.4544446333232746  α = 0.000571
  8   -13.00742319662       -6.91       -2.75    8.52s
    ‖ρε - ρref‖ = 0.00045603923788711353 ‖Δρ‖ = 0.00045541603711649964  ‖vε - vref‖ = 1.2842383533214208  α = 0.00077
  9   -13.00742327780       -7.09       -2.72    8.38s
    ‖ρε - ρref‖ = 0.00043166742481241213 ‖Δρ‖ = 0.00043138440236212435  ‖vε - vref‖ = 1.1739110604053666  α = 0.000671
 10   -13.00742333807       -7.22       -2.85    8.35s
    ‖ρε - ρref‖ = 0.0003146618722304245 ‖Δρ‖ = 0.00031410663847972854  ‖vε - vref‖ = 1.0733563961493269  α = 0.000796
 11   -13.00742338133       -7.36       -3.03    12.8s
    ‖ρε - ρref‖ = 0.00018778909598453917 ‖Δρ‖ = 0.00018716529836773442  ‖vε - vref‖ = 0.9992731603122463  α = 0.00114
 12   -13.00742348758       -6.97       -1.53    8.18s
    ‖ρε - ρref‖ = 0.018230381378262984 ‖Δρ‖ = 0.018241090538864656  ‖vε - vref‖ = 0.5509041197616483  α = 1.42e-5
 13   -13.00742349657       -8.05       -2.31    7.97s
    ‖ρε - ρref‖ = 0.0021599805784199115 ‖Δρ‖ = 0.002154306834224351  ‖vε - vref‖ = 0.5140525896543867  α = 4.15e-5
 14   -13.00742350413       -8.12       -3.00    13.7s
    ‖ρε - ρref‖ = 0.000305337491415345 ‖Δρ‖ = 0.0003017647082435313  ‖vε - vref‖ = 0.4886387836091127  α = 0.000284
 15   -13.00742351535       -7.95       -2.97    8.87s
    ‖ρε - ρref‖ = 0.00024552241561258555 ‖Δρ‖ = 0.0002457130965605433  ‖vε - vref‖ = 0.4517241714023885  α = 0.000427
 16   -13.00742352542       -8.00       -2.71    7.75s
    ‖ρε - ρref‖ = 0.00048678970218926605 ‖Δρ‖ = 0.0004870952282881484  ‖vε - vref‖ = 0.4096465018777234  α = 0.000201
 17   -13.00742353265       -8.14       -2.83    8.53s
    ‖ρε - ρref‖ = 0.000368565762430895 ‖Δρ‖ = 0.0003693115126263472  ‖vε - vref‖ = 0.3774282266446121  α = 0.000231
 18   -13.00742354152       -8.05       -3.11    12.7s
    ‖ρε - ρref‖ = 0.00016152477035032674 ‖Δρ‖ = 0.0001606243853752376  ‖vε - vref‖ = 0.3358263187311657  α = 0.000599
 19   -13.00742354738       -8.23       -3.27    8.90s
    ‖ρε - ρref‖ = 0.00011824707241545348 ‖Δρ‖ = 0.00011741047866484476  ‖vε - vref‖ = 0.30579015834104645  α = 0.000659
 20   -13.00742355300       -8.25       -3.54    8.64s
    ‖ρε - ρref‖ = 5.710351181650714e-5 ‖Δρ‖ = 5.573637521025889e-5  ‖vε - vref‖ = 0.2756899963389036  α = 0.00136
 21   -13.00742355589       -8.54       -3.29    8.80s
    ‖ρε - ρref‖ = 0.00011116674228398485 ‖Δρ‖ = 0.00011018000715132094  ‖vε - vref‖ = 0.2581440926604845  α = 0.000494
 22   -13.00742355905       -8.50       -3.68    13.6s
    ‖ρε - ρref‖ = 4.1589320985066344e-5 ‖Δρ‖ = 4.0027760562170164e-5  ‖vε - vref‖ = 0.23938089242497276  α = 0.00144
 23   -13.00742356022       -8.93       -3.53    8.33s
    ‖ρε - ρref‖ = 6.676385159410911e-5 ‖Δρ‖ = 7.354531003669319e-5  ‖vε - vref‖ = 0.23604927916081397  α = 0.000408
 24   -13.00742356240       -8.66       -2.26    8.76s
    ‖ρε - ρref‖ = 0.001088038383258276 ‖Δρ‖ = 0.0010839260947598268  ‖vε - vref‖ = 0.21809232928479522  α = 4.1e-5
 25   -13.00742356262       -9.64       -3.18    8.26s
    ‖ρε - ρref‖ = 0.0002544918766698067 ‖Δρ‖ = 0.0002482216957555124  ‖vε - vref‖ = 0.21664910051677297  α = 5.76e-5
 26   -13.00742356427       -8.78       -3.71    13.6s
    ‖ρε - ρref‖ = 4.127690774563244e-5 ‖Δρ‖ = 3.774551704426222e-5  ‖vε - vref‖ = 0.2067224298871342  α = 0.00109
 27   -13.00742356505       -9.11       -3.13    7.74s
    ‖ρε - ρref‖ = 0.0001830613976981763 ‖Δρ‖ = 0.00018515809549151023  ‖vε - vref‖ = 0.20068801558649144  α = 0.000146
 28   -13.00742356554       -9.32       -3.47    8.86s
    ‖ρε - ρref‖ = 9.154885345991897e-5 ‖Δρ‖ = 9.2477093486306e-5  ‖vε - vref‖ = 0.19684136259130539  α = 0.000232
 29   -13.00742356617       -9.20       -3.53    8.92s
    ‖ρε - ρref‖ = 7.021885648110102e-5 ‖Δρ‖ = 6.977790615911899e-5  ‖vε - vref‖ = 0.19227801086618113  α = 0.000361
 30   -13.00742356690       -9.14       -3.78    14.0s
    ‖ρε - ρref‖ = 4.024854078859647e-5 ‖Δρ‖ = 3.6078475668393965e-5  ‖vε - vref‖ = 0.1884348235575289  α = 0.000756
 31   -13.00742356766       -9.11       -3.76    8.89s
    ‖ρε - ρref‖ = 3.6943653762914615e-5 ‖Δρ‖ = 3.548205014742737e-5  ‖vε - vref‖ = 0.18393091257963956  α = 0.000788
 32   -13.00742356844       -9.11       -3.71    8.85s
    ‖ρε - ρref‖ = 4.027834703720416e-5 ‖Δρ‖ = 3.80105494647163e-5  ‖vε - vref‖ = 0.17921935417545526  α = 0.000744
 33   -13.00742356903       -9.24       -4.12    8.80s
    ‖ρε - ρref‖ = 1.8937752881801704e-5 ‖Δρ‖ = 1.4691140261461273e-5  ‖vε - vref‖ = 0.17628872791322267  α = 0.00168
 34   -13.00742356954       -9.29       -3.78    14.2s
    ‖ρε - ρref‖ = 3.666613457999785e-5 ‖Δρ‖ = 3.2740150406948426e-5  ‖vε - vref‖ = 0.17441202322679467  α = 0.000705
 35   -13.00742356957      -10.59       -3.40    8.05s
    ‖ρε - ρref‖ = 0.00018391218021075986 ‖Δρ‖ = 0.00019295544637207044  ‖vε - vref‖ = 0.1741551932494441  α = 2.12e-5
 36   -13.00742356995       -9.42       -3.85    8.62s
    ‖ρε - ρref‖ = 3.159511638821004e-5 ‖Δρ‖ = 3.0864800968129897e-5  ‖vε - vref‖ = 0.17310700843937138  α = 0.000632
 37   -13.00742357018       -9.64       -3.11    7.78s
    ‖ρε - ρref‖ = 0.00020789415690961304 ‖Δρ‖ = 0.0002021556331063928  ‖vε - vref‖ = 0.17251236634696518  α = 7.29e-5
 38   -13.00742357055       -9.43       -3.67    12.6s
    ‖ρε - ρref‖ = 4.506765364588142e-5 ‖Δρ‖ = 4.412858147978739e-5  ‖vε - vref‖ = 0.1709420225361811  α = 0.000442
 39   -13.00742357060      -10.28       -3.90    7.64s
    ‖ρε - ρref‖ = 4.563922545339982e-5 ‖Δρ‖ = 4.6979676496263696e-5  ‖vε - vref‖ = 0.1706892188359254  α = 0.000144
 40   -13.00742357090       -9.52       -4.12    8.39s
    ‖ρε - ρref‖ = 2.001561457939952e-5 ‖Δρ‖ = 1.6329561786804792e-5  ‖vε - vref‖ = 0.1702685573676126  α = 0.00107
 41   -13.00742357120       -9.52       -3.49    8.91s
    ‖ρε - ρref‖ = 7.207144878393449e-5 ‖Δρ‖ = 6.945012323509058e-5  ‖vε - vref‖ = 0.1698581994786085  α = 0.000249
 42   -13.00742357158       -9.42       -3.98    14.3s
    ‖ρε - ρref‖ = 2.4097529299517013e-5 ‖Δρ‖ = 2.0272421549049545e-5  ‖vε - vref‖ = 0.16941700891528025  α = 0.000977
 43   -13.00742357181       -9.65       -4.04    8.34s
    ‖ρε - ρref‖ = 2.2317737279866245e-5 ‖Δρ‖ = 2.052292801873624e-5  ‖vε - vref‖ = 0.1689746110834184  α = 0.000731
 44   -13.00742357206       -9.60       -3.96    8.83s
    ‖ρε - ρref‖ = 2.8432116196554228e-5 ‖Δρ‖ = 2.33544401806487e-5  ‖vε - vref‖ = 0.169326993867611  α = 0.000684
 45   -13.00742357231       -9.60       -4.23    8.50s
    ‖ρε - ρref‖ = 1.6774392645247796e-5 ‖Δρ‖ = 1.1717231108065417e-5  ‖vε - vref‖ = 0.16918798753050143  α = 0.00137
 46   -13.00742357238      -10.17       -4.06    13.2s
    ‖ρε - ρref‖ = 3.411579218662084e-5 ‖Δρ‖ = 2.5633302656163325e-5  ‖vε - vref‖ = 0.16960455625255688  α = 0.000278
 47   -13.00742357254       -9.79       -2.96    8.79s
    ‖ρε - ρref‖ = 0.00024345805109310303 ‖Δρ‖ = 0.0002481190020818119  ‖vε - vref‖ = 0.16904324570255827  α = 4.86e-5
 48   -13.00742357263      -10.05       -3.96    8.76s
    ‖ρε - ρref‖ = 2.8181716135758665e-5 ‖Δρ‖ = 3.0355955812688982e-5  ‖vε - vref‖ = 0.169179663308087  α = 0.000301
 49   -13.00742357285       -9.65       -3.34    8.90s
    ‖ρε - ρref‖ = 9.809347226467428e-5 ‖Δρ‖ = 9.343184412072637e-5  ‖vε - vref‖ = 0.16977379924834096  α = 0.000159
 50   -13.00742357296       -9.98       -4.11    14.2s
    ‖ρε - ρref‖ = 2.336187491739215e-5 ‖Δρ‖ = 1.827652711657154e-5  ‖vε - vref‖ = 0.17007671420411113  α = 0.00056
 51   -13.00742357302      -10.19       -3.79    7.93s
    ‖ρε - ρref‖ = 4.667669233861718e-5 ‖Δρ‖ = 4.7172974271889905e-5  ‖vε - vref‖ = 0.17011498378423245  α = 0.000162
 52   -13.00742357315       -9.89       -4.01    8.22s
    ‖ρε - ρref‖ = 2.4620024947620634e-5 ‖Δρ‖ = 2.1680604699653983e-5  ‖vε - vref‖ = 0.17022408085054705  α = 0.000526
 53   -13.00742357322      -10.16       -3.96    7.93s
    ‖ρε - ρref‖ = 3.2820065978048235e-5 ‖Δρ‖ = 2.8910812686832417e-5  ‖vε - vref‖ = 0.17041998473465447  α = 0.000286
 54   -13.00742357346       -9.63       -4.03    13.8s
    ‖ρε - ρref‖ = 1.987950438030215e-5 ‖Δρ‖ = 1.6607878482896828e-5  ‖vε - vref‖ = 0.1706321149595952  α = 0.000939
 55   -13.00742357355      -10.05       -4.17    8.01s
    ‖ρε - ρref‖ = 2.035106142450059e-5 ‖Δρ‖ = 1.4952881373241707e-5  ‖vε - vref‖ = 0.17110283745821914  α = 0.000642
 56   -13.00742357371       -9.78       -4.39    8.30s
    ‖ρε - ρref‖ = 1.5704790944080692e-5 ‖Δρ‖ = 7.5572670172935144e-6  ‖vε - vref‖ = 0.17232558322282604  α = 0.00173
 57   -13.00742357379      -10.14       -4.04    8.77s
    ‖ρε - ρref‖ = 2.1288017041425044e-5 ‖Δρ‖ = 2.0969274792084803e-5  ‖vε - vref‖ = 0.17236686697355727  α = 0.000408
 58   -13.00742357379      -11.40       -4.03    14.1s
    ‖ρε - ρref‖ = 5.754298068966484e-5 ‖Δρ‖ = 4.799939758534254e-5  ‖vε - vref‖ = 0.17241693787755621  α = 3.34e-5
 59   -13.00742357393       -9.85       -4.08    8.81s
    ‖ρε - ρref‖ = 1.9291519167182998e-5 ‖Δρ‖ = 1.4134523733041131e-5  ‖vε - vref‖ = 0.17309086447003907  α = 0.000857
 60   -13.00742357395      -10.86       -3.92    8.65s
    ‖ρε - ρref‖ = 3.9218666463822806e-5 ‖Δρ‖ = 4.3669795004297025e-5  ‖vε - vref‖ = 0.17308189176475935  α = 8.1e-5
 61   -13.00742357408       -9.88       -4.11    7.79s
    ‖ρε - ρref‖ = 1.927205400059624e-5 ‖Δρ‖ = 1.39275806352213e-5  ‖vε - vref‖ = 0.17376443589685042  α = 0.000835
 62   -13.00742357411      -10.52       -4.31    13.3s
    ‖ρε - ρref‖ = 2.0165691669585313e-5 ‖Δρ‖ = 1.4014509018950874e-5  ‖vε - vref‖ = 0.17401867302712581  α = 0.000378
 63   -13.00742357416      -10.24       -3.93    8.81s
    ‖ρε - ρref‖ = 2.9065489406741953e-5 ‖Δρ‖ = 2.7763522453621962e-5  ‖vε - vref‖ = 0.1743646262216521  α = 0.000264
 64   -13.00742357423      -10.21       -4.14    8.53s
    ‖ρε - ρref‖ = 2.046103761129536e-5 ‖Δρ‖ = 1.6032643823181032e-5  ‖vε - vref‖ = 0.1748262106880241  α = 0.000488
 65   -13.00742357425      -10.59       -4.10    8.83s
    ‖ρε - ρref‖ = 2.807834392894966e-5 ‖Δρ‖ = 2.2945436815250114e-5  ‖vε - vref‖ = 0.17509280885683873  α = 0.000219
 66   -13.00742357431      -10.22       -4.49    14.1s
    ‖ρε - ρref‖ = 1.387268284334543e-5 ‖Δρ‖ = 6.957607053105224e-6  ‖vε - vref‖ = 0.17545000147319453  α = 0.00113
 67   -13.00742357445       -9.86       -4.32    8.78s
    ‖ρε - ρref‖ = 1.4929004934066116e-5 ‖Δρ‖ = 8.460744939979349e-6  ‖vε - vref‖ = 0.176429454230389  α = 0.00139
 68   -13.00742357454      -10.07       -4.19    8.80s
    ‖ρε - ρref‖ = 1.9734755287798363e-5 ‖Δρ‖ = 1.3466609956217734e-5  ‖vε - vref‖ = 0.17729907748999804  α = 0.000685
 69   -13.00742357456      -10.72       -4.43    8.85s
    ‖ρε - ρref‖ = 9.871777982038616e-6 ‖Δρ‖ = 1.1511494250988798e-5  ‖vε - vref‖ = 0.17743304529384954  α = 0.000323
 70   -13.00742357460      -10.32       -3.24    14.3s
    ‖ρε - ρref‖ = 0.00013503874524188058 ‖Δρ‖ = 0.00013222062542789538  ‖vε - vref‖ = 0.17768501287681596  α = 5.04e-5
 71   -13.00742357466      -10.23       -4.16    8.32s
    ‖ρε - ρref‖ = 2.1954545494372817e-5 ‖Δρ‖ = 1.4921215871219255e-5  ‖vε - vref‖ = 0.17831495306723263  α = 0.000514
 72   -13.00742357467      -10.98       -3.85    7.58s
    ‖ρε - ρref‖ = 4.571861758340459e-5 ‖Δρ‖ = 4.9652460439211686e-5  ‖vε - vref‖ = 0.17833714750504226  α = 6.22e-5
 73   -13.00742357474      -10.16       -4.36    8.33s
    ‖ρε - ρref‖ = 1.4720447174674585e-5 ‖Δρ‖ = 8.00991197451103e-6  ‖vε - vref‖ = 0.1787515026168769  α = 0.00106
 74   -13.00742357477      -10.56       -4.50    13.7s
    ‖ρε - ρref‖ = 1.595359884575193e-5 ‖Δρ‖ = 7.471812335117661e-6  ‖vε - vref‖ = 0.17910202371972728  α = 0.000698
 75   -13.00742357479      -10.72       -4.01    8.57s
    ‖ρε - ρref‖ = 2.8834983483693927e-5 ‖Δρ‖ = 2.7120805677219267e-5  ‖vε - vref‖ = 0.17924592812148626  α = 0.000156
 76   -13.00742357486      -10.18       -4.36    8.28s
    ‖ρε - ρref‖ = 1.4190694739083851e-5 ‖Δρ‖ = 7.941558781664923e-6  ‖vε - vref‖ = 0.17958767692899422  α = 0.00104
 77   -13.00742357487      -10.81       -4.30    8.34s
    ‖ρε - ρref‖ = 2.074599721394451e-5 ‖Δρ‖ = 1.4690028606044608e-5  ‖vε - vref‖ = 0.17976469956814362  α = 0.000264
 78   -13.00742357492      -10.35       -4.36    14.1s
    ‖ρε - ρref‖ = 1.5622144385659872e-5 ‖Δρ‖ = 8.96613256724798e-6  ‖vε - vref‖ = 0.18024351184781837  α = 0.000757
 79   -13.00742357496      -10.37       -4.62    8.81s
    ‖ρε - ρref‖ = 1.3897421330940254e-5 ‖Δρ‖ = 4.9373313624086275e-6  ‖vε - vref‖ = 0.18069522169987645  α = 0.00133
 80   -13.00742357500      -10.42       -4.30    7.95s
    ‖ρε - ρref‖ = 1.6414951673486837e-5 ‖Δρ‖ = 1.0630226618939751e-5  ‖vε - vref‖ = 0.18090754450216343  α = 0.000576
 81   -13.00742357500      -11.89       -4.22    8.50s
    ‖ρε - ρref‖ = 2.554638718214172e-5 ‖Δρ‖ = 3.336846578605512e-5  ‖vε - vref‖ = 0.1808933968406623  α = 2.71e-5
 82   -13.00742357506      -10.25       -4.51    13.2s
    ‖ρε - ρref‖ = 1.3668322795298072e-5 ‖Δρ‖ = 5.962540832552003e-6  ‖vε - vref‖ = 0.18119968970895492  α = 0.00127
 83   -13.00742357507      -10.87       -4.28    8.36s
    ‖ρε - ρref‖ = 2.4583590911776855e-5 ‖Δρ‖ = 1.5676873092545365e-5  ‖vε - vref‖ = 0.18140897745019696  α = 0.000225
 84   -13.00742357509      -10.72       -3.85    7.94s
    ‖ρε - ρref‖ = 3.78812874120621e-5 ‖Δρ‖ = 3.7573426004896446e-5  ‖vε - vref‖ = 0.18155612784265973  α = 0.000114
 85   -13.00742357514      -10.27       -4.54    8.41s
    ‖ρε - ρref‖ = 1.3197315049539509e-5 ‖Δρ‖ = 5.985259911418353e-6  ‖vε - vref‖ = 0.18172698180075267  α = 0.00121
 86   -13.00742357520      -10.25       -4.31    13.4s
    ‖ρε - ρref‖ = 1.684000803904582e-5 ‖Δρ‖ = 9.850895791093018e-6  ‖vε - vref‖ = 0.18214818180103157  α = 0.000751
 87   -13.00742357521      -10.89       -4.11    8.81s
    ‖ρε - ρref‖ = 2.5523890099268484e-5 ‖Δρ‖ = 2.3988703943899575e-5  ‖vε - vref‖ = 0.18220904259914303  α = 0.000141
 88   -13.00742357525      -10.43       -4.33    8.70s
    ‖ρε - ρref‖ = 1.6834386870547925e-5 ‖Δρ‖ = 1.0297908467568542e-5  ‖vε - vref‖ = 0.18250175110478692  α = 0.000591
 89   -13.00742357528      -10.44       -4.52    8.80s
    ‖ρε - ρref‖ = 1.4477128469732033e-5 ‖Δρ‖ = 6.230590124854038e-6  ‖vε - vref‖ = 0.1827372947118422  α = 0.000972
 90   -13.00742357530      -10.97       -4.18    14.2s
    ‖ρε - ρref‖ = 2.065293751328509e-5 ‖Δρ‖ = 1.8527972442487575e-5  ‖vε - vref‖ = 0.1827350878530102  α = 0.000175
 91   -13.00742357533      -10.52       -4.86    7.69s
    ‖ρε - ρref‖ = 1.2938920305590785e-5 ‖Δρ‖ = 2.774299548337998e-6  ‖vε - vref‖ = 0.182850894982  α = 0.002
 92   -13.00742357535      -10.57       -4.54    7.70s
    ‖ρε - ρref‖ = 1.5794509236538352e-5 ‖Δρ‖ = 5.970563797155932e-6  ‖vε - vref‖ = 0.183092984771694  α = 0.000837
 93   -13.00742357536      -11.09       -3.38    8.46s
    ‖ρε - ρref‖ = 0.00012270037397501957 ‖Δρ‖ = 0.00012942787177960897  ‖vε - vref‖ = 0.18304651362191737  α = 1.88e-5
 94   -13.00742357539      -10.53       -4.53    13.8s
    ‖ρε - ρref‖ = 1.3484140847125954e-5 ‖Δρ‖ = 6.182155276929357e-6  ‖vε - vref‖ = 0.1829892876323632  α = 0.00088
 95   -13.00742357540      -11.11       -4.57    8.49s
    ‖ρε - ρref‖ = 1.7811206355308213e-5 ‖Δρ‖ = 8.60324464667863e-6  ‖vε - vref‖ = 0.18305502929495931  α = 0.000311
 96   -13.00742357542      -10.73       -3.96    7.92s
    ‖ρε - ρref‖ = 2.612844104551777e-5 ‖Δρ‖ = 2.685290686479243e-5  ‖vε - vref‖ = 0.18305905649159976  α = 0.000158
 97   -13.00742357546      -10.33       -4.42    8.03s
    ‖ρε - ρref‖ = 1.5154818705166994e-5 ‖Δρ‖ = 7.231176892666533e-6  ‖vε - vref‖ = 0.18334078757913494  α = 0.000939
 98   -13.00742357550      -10.42       -4.67    14.1s
    ‖ρε - ρref‖ = 1.4218877426467857e-5 ‖Δρ‖ = 4.369639063668443e-6  ‖vε - vref‖ = 0.1835128317165736  α = 0.0014
 99   -13.00742357552      -10.69       -4.10    7.91s
    ‖ρε - ρref‖ = 2.1103723165700036e-5 ‖Δρ‖ = 2.0124222114407707e-5  ‖vε - vref‖ = 0.18340590379390137  α = 0.000214
 100   -13.00742357554      -10.70       -4.05    8.59s
    ‖ρε - ρref‖ = 2.36170078379452e-5 ‖Δρ‖ = 2.1704664927826067e-5  ‖vε - vref‖ = 0.18321663139185476  α = 0.000201
 101   -13.00742357556      -10.62       -4.81    8.63s
    ‖ρε - ρref‖ = 1.3287688508678476e-5 ‖Δρ‖ = 3.2697432904127743e-6  ‖vε - vref‖ = 0.18320415294329784  α = 0.00151
 102   -13.00742357558      -10.88       -4.54    12.8s
    ‖ρε - ρref‖ = 1.3907446863173085e-5 ‖Δρ‖ = 7.506165702800419e-6  ‖vε - vref‖ = 0.1831494747984776  α = 0.000472
 103   -13.00742357560      -10.72       -4.27    8.44s
    ‖ρε - ρref‖ = 1.8111563251406467e-5 ‖Δρ‖ = 1.1896411221511755e-5  ‖vε - vref‖ = 0.183143035070384  α = 0.000366
 104   -13.00742357561      -10.88       -4.57    7.86s
    ‖ρε - ρref‖ = 1.6022293422145644e-5 ‖Δρ‖ = 6.595545337483455e-6  ‖vε - vref‖ = 0.18316590165307933  α = 0.000521
 105   -13.00742357562      -11.23       -3.50    8.20s
    ‖ρε - ρref‖ = 9.482626683441656e-5 ‖Δρ‖ = 0.00010162722336820994  ‖vε - vref‖ = 0.18308635083429228  α = 2.04e-5
 106   -13.00742357564      -10.56       -4.84    13.8s
    ‖ρε - ρref‖ = 1.310838786251788e-5 ‖Δρ‖ = 2.7180221244051196e-6  ‖vε - vref‖ = 0.18304621812938285  α = 0.00194
 107   -13.00742357566      -10.92       -4.57    8.18s
    ‖ρε - ρref‖ = 1.607411074051507e-5 ‖Δρ‖ = 6.506576974445365e-6  ‖vε - vref‖ = 0.18299117649104127  α = 0.000521
 108   -13.00742357567      -10.83       -3.76    8.39s
    ‖ρε - ρref‖ = 3.7241787773412703e-5 ‖Δρ‖ = 3.98573761681247e-5  ‖vε - vref‖ = 0.18275792178615483  α = 9.53e-5
 109   -13.00742357568      -10.94       -4.78    8.30s
    ‖ρε - ρref‖ = 1.2871576649078727e-5 ‖Δρ‖ = 3.676468157421644e-6  ‖vε - vref‖ = 0.18257794752218087  α = 0.000928
 110   -13.00742357569      -11.01       -4.78    12.6s
    ‖ρε - ρref‖ = 1.3578226231346373e-5 ‖Δρ‖ = 3.970338296928405e-6  ‖vε - vref‖ = 0.18254985651734626  α = 0.000782
 111   -13.00742357570      -11.04       -4.68    8.11s
    ‖ρε - ρref‖ = 1.3186458383332295e-5 ‖Δρ‖ = 5.079104056745337e-6  ‖vε - vref‖ = 0.1825232391411698  α = 0.00058
 112   -13.00742357571      -10.88       -4.12    8.80s
    ‖ρε - ρref‖ = 2.241697230067166e-5 ‖Δρ‖ = 1.6772406493138078e-5  ‖vε - vref‖ = 0.1824960448312021  α = 0.000208
 113   -13.00742357572      -10.98       -4.53    8.82s
    ‖ρε - ρref‖ = 1.4202091283590674e-5 ‖Δρ‖ = 6.321140960157504e-6  ‖vε - vref‖ = 0.18242161120439532  α = 0.000513
 114   -13.00742357573      -11.12       -4.99    12.8s
    ‖ρε - ρref‖ = 1.2176482223136453e-5 ‖Δρ‖ = 2.49804772274054e-6  ‖vε - vref‖ = 0.18223067016976305  α = 0.0011
 115   -13.00742357574      -10.96       -4.52    7.79s
    ‖ρε - ρref‖ = 1.4830384570684188e-5 ‖Δρ‖ = 6.482865250164555e-6  ‖vε - vref‖ = 0.18215529666920138  α = 0.000507
 116   -13.00742357575      -11.40       -4.29    7.89s
    ‖ρε - ρref‖ = 2.4324149981377093e-5 ‖Δρ‖ = 1.506376098409687e-5  ‖vε - vref‖ = 0.18216999103683018  α = 0.000116
 117   -13.00742357575      -11.39       -3.66    8.06s
    ‖ρε - ρref‖ = 5.806305944150332e-5 ‖Δρ‖ = 6.164296841747097e-5  ‖vε - vref‖ = 0.18211234278707425  α = 3.03e-5
 118   -13.00742357577      -10.82       -5.10    13.4s
    ‖ρε - ρref‖ = 1.2711820069372104e-5 ‖Δρ‖ = 1.3574287131846756e-6  ‖vε - vref‖ = 0.18198571173019962  α = 0.00293
 119   -13.00742357577      -11.29       -4.88    8.69s
    ‖ρε - ρref‖ = 1.4190646357697633e-5 ‖Δρ‖ = 3.4931778185507223e-6  ‖vε - vref‖ = 0.1819970690462521  α = 0.000633
 120   -13.00742357578      -11.43       -4.06    8.83s
    ‖ρε - ρref‖ = 2.337806116534599e-5 ‖Δρ‖ = 2.4639589251240784e-5  ‖vε - vref‖ = 0.18194935431928946  α = 7.62e-5
 121   -13.00742357578      -11.06       -4.81    8.73s
    ‖ρε - ρref‖ = 1.3340741313767529e-5 ‖Δρ‖ = 3.254531166865249e-6  ‖vε - vref‖ = 0.18191812901740198  α = 0.000902
 122   -13.00742357579      -10.99       -4.89    13.7s
    ‖ρε - ρref‖ = 1.275389737369216e-5 ‖Δρ‖ = 2.464303170842225e-6  ‖vε - vref‖ = 0.18175085244958566  α = 0.00132
 123   -13.00742357580      -11.45       -4.99    8.22s
    ‖ρε - ρref‖ = 1.2563910729326455e-5 ‖Δρ‖ = 2.7540943366368453e-6  ‖vε - vref‖ = 0.1817130221666604  α = 0.000665
 124   -13.00742357580      -11.17       -4.37    8.41s
    ‖ρε - ρref‖ = 1.7112217719845673e-5 ‖Δρ‖ = 1.0172494800155867e-5  ‖vε - vref‖ = 0.18168252170918736  α = 0.000247
 125   -13.00742357582      -10.96       -4.64    8.78s
    ‖ρε - ρref‖ = 1.3896902783016783e-5 ‖Δρ‖ = 4.673753679766298e-6  ‖vε - vref‖ = 0.18165869330810805  α = 0.000698
 126   -13.00742357582      -11.09       -4.74    13.9s
    ‖ρε - ρref‖ = 1.2922726756164894e-5 ‖Δρ‖ = 4.209252689760248e-6  ‖vε - vref‖ = 0.18152625850874404  α = 0.000668
 127   -13.00742357583      -11.32       -4.83    8.58s
    ‖ρε - ρref‖ = 1.3051535318992472e-5 ‖Δρ‖ = 3.6881620760051993e-6  ‖vε - vref‖ = 0.18147888659836356  α = 0.000574
 128   -13.00742357583      -11.85       -4.00    8.34s
    ‖ρε - ρref‖ = 4.7361228381600526e-5 ‖Δρ‖ = 3.7627234524359565e-5  ‖vε - vref‖ = 0.18147970557198484  α = 2.6e-5
 129   -13.00742357584      -11.02       -4.26    8.26s
    ‖ρε - ρref‖ = 1.544593681034441e-5 ‖Δρ‖ = 1.1501669875867782e-5  ‖vε - vref‖ = 0.1812898283955033  α = 0.000266
 130   -13.00742357585      -11.04       -4.53    8.31s
    ‖ρε - ρref‖ = 1.3506690190121442e-5 ‖Δρ‖ = 6.105816141135521e-6  ‖vε - vref‖ = 0.18111078128311478  α = 0.000499
 131   -13.00742357585      -11.18       -4.85    14.5s
    ‖ρε - ρref‖ = 1.4070201552283236e-5 ‖Δρ‖ = 3.1779573062914927e-6  ‖vε - vref‖ = 0.18114077136048362  α = 0.000806
 132   -13.00742357586      -11.78       -4.27    8.38s
    ‖ρε - ρref‖ = 1.710038920747445e-5 ‖Δρ‖ = 1.774999401268012e-5  ‖vε - vref‖ = 0.18110813123173725  α = 7.02e-5
 133   -13.00742357587      -11.06       -4.63    8.27s
    ‖ρε - ρref‖ = 1.3168020067595414e-5 ‖Δρ‖ = 4.418388575977688e-6  ‖vε - vref‖ = 0.180975871343613  α = 0.000674
 134   -13.00742357587      -11.07       -4.94    8.73s
    ‖ρε - ρref‖ = 1.3076067433508416e-5 ‖Δρ‖ = 2.141217254248176e-6  ‖vε - vref‖ = 0.18097163247995612  α = 0.00138
 135   -13.00742357588      -11.14       -5.10    14.2s
    ‖ρε - ρref‖ = 1.2609338888962363e-5 ‖Δρ‖ = 1.4908981739064706e-6  ‖vε - vref‖ = 0.18081056196160866  α = 0.0018
 136   -13.00742357588      -11.82       -4.45    7.56s
    ‖ρε - ρref‖ = 1.7770537366924427e-5 ‖Δρ‖ = 1.085615574271068e-5  ‖vε - vref‖ = 0.1807831492071037  α = 0.000107
 137   -13.00742357589      -11.51       -5.07    8.03s
    ‖ρε - ρref‖ = 1.2699479356100905e-5 ‖Δρ‖ = 2.0758481584976713e-6  ‖vε - vref‖ = 0.18070845964665086  α = 0.000835
 138   -13.00742357589      -11.31       -4.98    7.94s
    ‖ρε - ρref‖ = 1.282206880758675e-5 ‖Δρ‖ = 2.09834722528863e-6  ‖vε - vref‖ = 0.1806331573419095  α = 0.00106
 139   -13.00742357589      -11.96       -4.94    14.2s
    ‖ρε - ρref‖ = 1.1466497241303228e-5 ‖Δρ‖ = 3.7895069077728643e-6  ‖vε - vref‖ = 0.180625093493659  α = 0.00024
 140   -13.00742357589      -11.51       -3.91    8.38s
    ‖ρε - ρref‖ = 3.733843768941379e-5 ‖Δρ‖ = 2.9435148979973545e-5  ‖vε - vref‖ = 0.1806454630271826  α = 5.47e-5
 141   -13.00742357590      -11.33       -4.53    8.76s
    ‖ρε - ρref‖ = 1.329123733135229e-5 ‖Δρ‖ = 6.130445453424705e-6  ‖vε - vref‖ = 0.18058704678847082  α = 0.000349
 142   -13.00742357590      -11.48       -4.58    8.58s
    ‖ρε - ρref‖ = 1.3783592719659498e-5 ‖Δρ‖ = 5.889835537375659e-6  ‖vε - vref‖ = 0.18054374543883295  α = 0.00031
 143   -13.00742357591      -11.59       -5.21    13.2s
    ‖ρε - ρref‖ = 1.3314963882364273e-5 ‖Δρ‖ = 1.453046593920729e-6  ‖vε - vref‖ = 0.18058110629244636  α = 0.00108
 144   -13.00742357591      -11.79       -4.21    8.09s
    ‖ρε - ρref‖ = 1.75051731897414e-5 ‖Δρ‖ = 1.6826412830769516e-5  ‖vε - vref‖ = 0.18056211525877786  α = 7.42e-5
 145   -13.00742357591      -11.48       -4.83    8.79s
    ‖ρε - ρref‖ = 1.2718064419404684e-5 ‖Δρ‖ = 3.1477277171956362e-6  ‖vε - vref‖ = 0.1804950491591648  α = 0.000585
 146   -13.00742357591      -11.31       -5.01    8.79s
    ‖ρε - ρref‖ = 1.2871182507091968e-5 ‖Δρ‖ = 1.888054877483968e-6  ‖vε - vref‖ = 0.1804525369132668  α = 0.00118
 147   -13.00742357592      -11.27       -4.98    14.6s
    ‖ρε - ρref‖ = 1.269650741676575e-5 ‖Δρ‖ = 1.9709056618308603e-6  ‖vε - vref‖ = 0.18039747748542345  α = 0.00118
 148   -13.00742357592      -11.99       -4.93    8.68s
    ‖ρε - ρref‖ = 1.3935713361137168e-5 ‖Δρ‖ = 3.6247480116454654e-6  ‖vε - vref‖ = 0.18041386465852824  α = 0.000266
 149   -13.00742357592      -11.54       -4.68    8.81s
    ‖ρε - ρref‖ = 1.3759635625013725e-5 ‖Δρ‖ = 4.6465730184330565e-6  ‖vε - vref‖ = 0.18044175820225994  α = 0.000365
 150   -13.00742357593      -11.32       -5.00    8.26s
    ‖ρε - ρref‖ = 1.2659096227792446e-5 ‖Δρ‖ = 1.8350373586895788e-6  ‖vε - vref‖ = 0.18036652153023391  α = 0.00121
 151   -13.00742357593      -12.62       -4.89    12.6s
    ‖ρε - ρref‖ = 9.602139959340738e-6 ‖Δρ‖ = 6.08105926333015e-6  ‖vε - vref‖ = 0.18035879307787428  α = 6.31e-5
 152   -13.00742357593      -11.50       -4.49    8.11s
    ‖ρε - ρref‖ = 1.5401359943770645e-5 ‖Δρ‖ = 6.7092666863608936e-6  ‖vε - vref‖ = 0.1803716355771865  α = 0.000264
 153   -13.00742357593      -11.93       -5.06    8.42s
    ‖ρε - ρref‖ = 1.2486222065152883e-5 ‖Δρ‖ = 2.585025503095032e-6  ‖vε - vref‖ = 0.18035737904175683  α = 0.000406
 154   -13.00742357594      -11.40       -4.85    8.53s
    ‖ρε - ρref‖ = 1.3040360227786918e-5 ‖Δρ‖ = 2.8340327139282883e-6  ‖vε - vref‖ = 0.1803741069299796  α = 0.0007
 155   -13.00742357594      -11.78       -4.83    7.89s
    ‖ρε - ρref‖ = 1.4409734988575746e-5 ‖Δρ‖ = 3.881321475957781e-6  ‖vε - vref‖ = 0.18040930861854437  α = 0.000324
 156   -13.00742357594      -12.14       -4.43    14.7s
    ‖ρε - ρref‖ = 1.3801911947527964e-5 ‖Δρ‖ = 1.2080620860955523e-5  ‖vε - vref‖ = 0.1804016500216538  α = 6.8e-5
 157   -13.00742357594      -11.33       -5.18    8.77s
    ‖ρε - ρref‖ = 1.2631466297778491e-5 ‖Δρ‖ = 1.2890829877531138e-6  ‖vε - vref‖ = 0.18039795901499994  α = 0.00167
 158   -13.00742357595      -11.41       -4.82    8.37s
    ‖ρε - ρref‖ = 1.3566449549651496e-5 ‖Δρ‖ = 3.2413727123230826e-6  ‖vε - vref‖ = 0.18046913421932967  α = 0.000603
 159   -13.00742357595      -11.42       -5.18    8.14s
    ‖ρε - ρref‖ = 1.2556986341985004e-5 ‖Δρ‖ = 1.361846666450282e-6  ‖vε - vref‖ = 0.1804393334215668  α = 0.00143
 160   -13.00742357596      -11.54       -4.82    13.8s
    ‖ρε - ρref‖ = 1.3670256858594623e-5 ‖Δρ‖ = 3.5274142706970677e-6  ‖vε - vref‖ = 0.18046438012508192  α = 0.000468
 161   -13.00742357596      -11.75       -4.46    8.04s
    ‖ρε - ρref‖ = 1.5014814779104712e-5 ‖Δρ‖ = 9.140484121676249e-6  ‖vε - vref‖ = 0.18046716343151512  α = 0.000142
 162   -13.00742357596      -11.36       -5.04    8.05s
    ‖ρε - ρref‖ = 1.2918811617847095e-5 ‖Δρ‖ = 1.8605643626167566e-6  ‖vε - vref‖ = 0.18048288629734582  α = 0.00113
 163   -13.00742357596      -12.83       -4.64    8.27s
    ‖ρε - ρref‖ = 9.511322282296501e-6 ‖Δρ‖ = 1.2503752396889977e-5  ‖vε - vref‖ = 0.18047639227053214  α = 2.37e-5
 164   -13.00742357597      -11.21       -5.04    13.3s
    ‖ρε - ρref‖ = 1.2837298680069502e-5 ‖Δρ‖ = 1.6336980885157962e-6  ‖vε - vref‖ = 0.18049586213995988  α = 0.00151
 165   -13.00742357597      -11.60       -5.01    8.55s
    ‖ρε - ρref‖ = 1.2612565347745303e-5 ‖Δρ‖ = 2.341229465598221e-6  ‖vε - vref‖ = 0.1804979609846578  α = 0.000673
 166   -13.00742357597      -11.78       -4.71    8.38s
    ‖ρε - ρref‖ = 1.4276169418563961e-5 ‖Δρ‖ = 5.204392351926408e-6  ‖vε - vref‖ = 0.18053112303064578  α = 0.000242
 167   -13.00742357597      -11.80       -5.01    8.54s
    ‖ρε - ρref‖ = 1.4048991171118967e-5 ‖Δρ‖ = 2.6318543483393775e-6  ‖vε - vref‖ = 0.1805868380446973  α = 0.000462
 168   -13.00742357597      -11.80       -4.25    13.9s
    ‖ρε - ρref‖ = 1.6325163673320266e-5 ‖Δρ‖ = 1.4112222282003528e-5  ‖vε - vref‖ = 0.18059642467245104  α = 8.91e-5
 169   -13.00742357598      -11.57       -5.12    7.96s
    ‖ρε - ρref‖ = 1.2486033383441587e-5 ‖Δρ‖ = 1.6843293384204771e-6  ‖vε - vref‖ = 0.1805269581562534  α = 0.000967
 170   -13.00742357598      -11.58       -5.01    8.78s
    ‖ρε - ρref‖ = 1.295976958374615e-5 ‖Δρ‖ = 2.205078365498494e-6  ‖vε - vref‖ = 0.18051728667930386  α = 0.00073
 171   -13.00742357598      -11.56       -4.96    8.01s
    ‖ρε - ρref‖ = 1.2787809805382087e-5 ‖Δρ‖ = 2.209599218002411e-6  ‖vε - vref‖ = 0.18051757689314896  α = 0.00076
 172   -13.00742357599      -11.65       -5.19    13.9s
    ‖ρε - ρref‖ = 1.3053341359803604e-5 ‖Δρ‖ = 1.4456881529457633e-6  ‖vε - vref‖ = 0.18057771798264177  α = 0.001
 173   -13.00742357599      -11.86       -4.48    8.55s
    ‖ρε - ρref‖ = 1.460043782455438e-5 ‖Δρ‖ = 8.509245787533122e-6  ‖vε - vref‖ = 0.18059426106032606  α = 0.000135
 174   -13.00742357599      -11.96       -5.09    7.69s
    ‖ρε - ρref‖ = 1.2987064086203839e-5 ‖Δρ‖ = 2.118570123620957e-6  ‖vε - vref‖ = 0.1805860268404907  α = 0.000481
 175   -13.00742357599      -12.69       -4.35    8.68s
    ‖ρε - ρref‖ = 1.3745247417532991e-5 ‖Δρ‖ = 1.9743867046597053e-5  ‖vε - vref‖ = 0.18057483760753418  α = 1.91e-5
 176   -13.00742357599      -11.42       -5.15    8.83s
    ‖ρε - ρref‖ = 1.2808821435718723e-5 ‖Δρ‖ = 1.2247414433546188e-6  ‖vε - vref‖ = 0.18061201358824897  α = 0.00161
 177   -13.00742357599      -11.82       -5.11    14.2s
    ‖ρε - ρref‖ = 1.276952972858695e-5 ‖Δρ‖ = 1.8326349678183104e-6  ‖vε - vref‖ = 0.1806220237203332  α = 0.000666
 178   -13.00742357599      -11.89       -5.21    7.65s
    ‖ρε - ρref‖ = 1.2812050260777093e-5 ‖Δρ‖ = 1.470795266616066e-6  ‖vε - vref‖ = 0.1806406876477171  α = 0.000756
 179   -13.00742357600      -12.10       -4.71    8.22s
    ‖ρε - ρref‖ = 1.4770532623112847e-5 ‖Δρ‖ = 5.181212454863844e-6  ‖vε - vref‖ = 0.18065489675363963  α = 0.00017
 180   -13.00742357600      -12.27       -4.55    8.70s
    ‖ρε - ρref‖ = 1.1593177480103497e-5 ‖Δρ‖ = 8.22920592097664e-6  ‖vε - vref‖ = 0.18064316423642132  α = 8.57e-5
 181   -13.00742357600      -11.67       -5.05    14.6s
    ‖ρε - ρref‖ = 1.2886349609430634e-5 ‖Δρ‖ = 1.6335284957700498e-6  ‖vε - vref‖ = 0.18067621946103105  α = 0.00091
 182   -13.00742357600      -11.66       -5.73    8.12s
    ‖ρε - ρref‖ = 1.2711936630248318e-5 ‖Δρ‖ = 3.442960186852811e-7  ‖vε - vref‖ = 0.18070870166740294  α = 0.00428
 183   -13.00742357600      -11.71       -4.84    7.61s
    ‖ρε - ρref‖ = 1.2452346114725006e-5 ‖Δρ‖ = 2.8018001706263953e-6  ‖vε - vref‖ = 0.18068239290562504  α = 0.000494
 184   -13.00742357600      -12.19       -5.21    7.71s
    ‖ρε - ρref‖ = 1.3041601914948915e-5 ‖Δρ‖ = 1.5748474341512784e-6  ‖vε - vref‖ = 0.180710033827037  α = 0.000502
 185   -13.00742357600      -12.33       -4.80    14.7s
    ‖ρε - ρref‖ = 1.3018270588535351e-5 ‖Δρ‖ = 4.351388272612022e-6  ‖vε - vref‖ = 0.18072591118974624  α = 0.00015
 186   -13.00742357600      -12.76       -5.20    8.67s
    ‖ρε - ρref‖ = 1.425424756770514e-5 ‖Δρ‖ = 2.2475318690709318e-6  ‖vε - vref‖ = 0.18074257622121245  α = 0.000159
 187   -13.00742357600      -12.05       -4.29    8.80s
    ‖ρε - ρref‖ = 1.5107534243106242e-5 ‖Δρ‖ = 1.0694496312826658e-5  ‖vε - vref‖ = 0.18077518490891764  α = 8.63e-5
 188   -13.00742357601      -12.05       -5.35    8.32s
    ‖ρε - ρref‖ = 1.2733708735314316e-5 ‖Δρ‖ = 9.829385855853318e-7  ‖vε - vref‖ = 0.18079649066790682  α = 0.000962
 189   -13.00742357601      -11.94       -5.30    13.3s
    ‖ρε - ρref‖ = 1.2553787401695473e-5 ‖Δρ‖ = 1.013880562025301e-6  ‖vε - vref‖ = 0.18079382165688154  α = 0.00107
 190   -13.00742357601      -11.96       -5.11    7.68s
    ‖ρε - ρref‖ = 1.289957079555334e-5 ‖Δρ‖ = 1.5819705001464717e-6  ‖vε - vref‖ = 0.1808442048003478  α = 0.000664
 191   -13.00742357601      -12.62       -4.78    8.05s
    ‖ρε - ρref‖ = 1.6016787491074317e-5 ‖Δρ‖ = 5.69452667788245e-6  ‖vε - vref‖ = 0.18086039122750475  α = 7.95e-5
 192   -13.00742357601      -12.56       -4.99    8.57s
    ‖ρε - ρref‖ = 1.2080821351344678e-5 ‖Δρ‖ = 3.0793196402093095e-6  ‖vε - vref‖ = 0.18085748091447984  α = 0.000176
 193   -13.00742357601      -12.06       -5.17    8.39s
    ‖ρε - ρref‖ = 1.2755677662759387e-5 ‖Δρ‖ = 1.4654386021267816e-6  ‖vε - vref‖ = 0.18086343312212322  α = 0.000636
 194   -13.00742357601      -11.87       -5.47    15.0s
    ‖ρε - ρref‖ = 1.2668038457287845e-5 ‖Δρ‖ = 6.452603487767323e-7  ‖vε - vref‖ = 0.1808856066173254  α = 0.00182
 195   -13.00742357601      -12.07       -5.27    8.75s
    ‖ρε - ρref‖ = 1.2784839563392659e-5 ‖Δρ‖ = 1.2496966123641169e-6  ‖vε - vref‖ = 0.1809213362643588  α = 0.000731
 196   -13.00742357601      -11.78       -5.41    8.88s
    ‖ρε - ρref‖ = 1.281752205485185e-5 ‖Δρ‖ = 7.137957310861034e-7  ‖vε - vref‖ = 0.1810101567772273  α = 0.0018
 197   -13.00742357601      -12.21       -4.58    8.77s
    ‖ρε - ρref‖ = 1.2594861867114659e-5 ‖Δρ‖ = 6.866427946959493e-6  ‖vε - vref‖ = 0.18102452532177976  α = 0.00011
 198   -13.00742357601      -13.14       -4.75    14.7s
    ‖ρε - ρref‖ = 1.944481513570425e-5 ‖Δρ‖ = 8.841298159164967e-6  ‖vε - vref‖ = 0.18103005358480398  α = 2.36e-5
 199   -13.00742357601      -12.26       -5.06    8.49s
    ‖ρε - ρref‖ = 1.231915561453113e-5 ‖Δρ‖ = 2.2606897913266343e-6  ‖vε - vref‖ = 0.18102261886963275  α = 0.000322
 200   -13.00742357602      -11.85       -5.28    8.18s
    ‖ρε - ρref‖ = 1.2769327781296814e-5 ‖Δρ‖ = 1.0194707579087273e-6  ‖vε - vref‖ = 0.181063329049783  α = 0.00116
 201   -13.00742357602      -11.77       -5.44    7.97s
    ‖ρε - ρref‖ = 1.2681890287327768e-5 ‖Δρ‖ = 6.774095364324818e-7  ‖vε - vref‖ = 0.18111234970826956  α = 0.00193
 202   -13.00742357602      -12.12       -5.20    13.5s
    ‖ρε - ρref‖ = 1.26281063528219e-5 ‖Δρ‖ = 1.4753452456785738e-6  ‖vε - vref‖ = 0.18114452784852464  α = 0.000595
 203   -13.00742357602      -12.32       -4.54    7.68s
    ‖ρε - ρref‖ = 1.8048583166134724e-5 ‖Δρ‖ = 8.209715013899655e-6  ‖vε - vref‖ = 0.18117580108900697  α = 7.96e-5
 204   -13.00742357602      -12.08       -4.93    7.76s
    ‖ρε - ρref‖ = 1.2335598729850644e-5 ‖Δρ‖ = 2.7878996358453017e-6  ‖vε - vref‖ = 0.18118165111120468  α = 0.000322
 205   -13.00742357602      -12.19       -4.92    8.27s
    ‖ρε - ρref‖ = 1.3172382120083438e-5 ‖Δρ‖ = 2.952585173190142e-6  ‖vε - vref‖ = 0.18119299352023488  α = 0.000268
 206   -13.00742357602      -12.01       -5.45    15.2s
    ‖ρε - ρref‖ = 1.2699257520024902e-5 ‖Δρ‖ = 7.161842536381239e-7  ‖vε - vref‖ = 0.18118668719053455  α = 0.00137
 207   -13.00742357602      -12.04       -5.27    8.86s
    ‖ρε - ρref‖ = 1.2558725770020016e-5 ‖Δρ‖ = 1.0885867874948585e-6  ‖vε - vref‖ = 0.1811557724334873  α = 0.000884
 208   -13.00742357602      -12.06       -5.41    8.72s
    ‖ρε - ρref‖ = 1.2856889705092183e-5 ‖Δρ‖ = 7.519381063180364e-7  ‖vε - vref‖ = 0.18119988977759338  α = 0.00124
 209   -13.00742357602      -12.99       -4.87    8.93s
    ‖ρε - ρref‖ = 1.074619351917474e-5 ‖Δρ‖ = 4.7821535229091055e-6  ‖vε - vref‖ = 0.18119797078476035  α = 6.37e-5
 210   -13.00742357602      -12.86       -4.64    8.79s
    ‖ρε - ρref‖ = 1.7299560309299874e-5 ‖Δρ‖ = 8.43954679219736e-6  ‖vε - vref‖ = 0.18120349685959192  α = 3.48e-5
 211   -13.00742357602      -12.23       -5.20    14.9s
    ‖ρε - ρref‖ = 1.2685021569837306e-5 ‖Δρ‖ = 1.3375743600748939e-6  ‖vε - vref‖ = 0.18120810851274985  α = 0.000576
 212   -13.00742357602      -12.31       -5.46    8.42s
    ‖ρε - ρref‖ = 1.275047366498204e-5 ‖Δρ‖ = 7.661794221560992e-7  ‖vε - vref‖ = 0.18122306901310625  α = 0.000921
 213   -13.00742357602      -12.32       -5.31    7.62s
    ‖ρε - ρref‖ = 1.2620527747567314e-5 ‖Δρ‖ = 1.072138279603647e-6  ‖vε - vref‖ = 0.18122235562658268  α = 0.000653
 214   -13.00742357602      -12.24       -5.51    8.23s
    ‖ρε - ρref‖ = 1.2704116773570796e-5 ‖Δρ‖ = 6.960567681180595e-7  ‖vε - vref‖ = 0.1812476999974596  α = 0.00106
 215   -13.00742357603      -12.72       -4.78    15.1s
    ‖ρε - ρref‖ = 1.601756880221535e-5 ‖Δρ‖ = 5.320297790570264e-6  ‖vε - vref‖ = 0.18126240633528373  α = 7.93e-5
 216   -13.00742357603      -11.94       -5.04    8.35s
    ‖ρε - ρref‖ = 1.2431463354221326e-5 ‖Δρ‖ = 1.6105881314842887e-6  ‖vε - vref‖ = 0.18124591260953982  α = 0.000666
 217   -13.00742357603      -12.73       -5.17    7.70s
    ‖ρε - ρref‖ = 1.3162159611726771e-5 ‖Δρ‖ = 2.1768414621824957e-6  ‖vε - vref‖ = 0.18125015435872943  α = 0.000183
 218   -13.00742357603      -11.99       -5.62    8.83s
    ‖ρε - ρref‖ = 1.2690273011758661e-5 ‖Δρ‖ = 4.2692859322737197e-7  ‖vε - vref‖ = 0.1812574518036478  α = 0.0024
 219   -13.00742357603      -12.26       -5.21    13.5s
    ‖ρε - ρref‖ = 1.2622276609254736e-5 ‖Δρ‖ = 1.2816333654635552e-6  ‖vε - vref‖ = 0.1812498059746171  α = 0.000583
 220   -13.00742357603      -12.35       -5.40    7.78s
    ‖ρε - ρref‖ = 1.2873301396981813e-5 ‖Δρ‖ = 9.046835528260077e-7  ‖vε - vref‖ = 0.1812620379244617  α = 0.000713
 221   -13.00742357603      -13.52       -4.98    8.22s
    ‖ρε - ρref‖ = 9.748963722658197e-6 ‖Δρ‖ = 5.218070142894245e-6  ‖vε - vref‖ = 0.18125968645649568  α = 2.14e-5
 222   -13.00742357603      -13.09       -5.45    7.92s
    ‖ρε - ρref‖ = 1.2629832011573272e-5 ‖Δρ‖ = 1.193504480212619e-6  ‖vε - vref‖ = 0.18125682397988516  α = 0.000259
 223   -13.00742357603      -12.03       -5.17    8.80s
    ‖ρε - ρref‖ = 1.269424757996132e-5 ‖Δρ‖ = 1.179475370417119e-6  ‖vε - vref‖ = 0.18123990530515968  α = 0.000821
 224   -13.00742357603      -12.26       -5.48    15.0s
    ‖ρε - ρref‖ = 1.2788023905470602e-5 ‖Δρ‖ = 7.048028140235083e-7  ‖vε - vref‖ = 0.18126342765929443  α = 0.00104
 225   -13.00742357603      -12.15       -5.34    8.30s
    ‖ρε - ρref‖ = 1.2636773840075293e-5 ‖Δρ‖ = 8.680524023591497e-7  ‖vε - vref‖ = 0.18126606895531883  α = 0.000984
 226   -13.00742357603      -12.63       -5.29    7.65s
    ‖ρε - ρref‖ = 1.252820647430385e-5 ‖Δρ‖ = 1.400157350403635e-6  ‖vε - vref‖ = 0.1812725641557007  α = 0.000332
 227   -13.00742357603      -12.81       -4.82    8.04s
    ‖ρε - ρref‖ = 1.559061663605638e-5 ‖Δρ‖ = 4.797881792106069e-6  ‖vε - vref‖ = 0.18128575388056148  α = 7.41e-5
 228   -13.00742357603      -12.41       -5.50    14.8s
    ‖ρε - ρref‖ = 1.2627949268460452e-5 ‖Δρ‖ = 6.998020204535294e-7  ‖vε - vref‖ = 0.18127877857753116  α = 0.00091
 229   -13.00742357603      -12.62       -5.37    8.08s
    ‖ρε - ρref‖ = 1.2872703909563902e-5 ‖Δρ‖ = 1.1504446278493447e-6  ‖vε - vref‖ = 0.18127588006599812  α = 0.00042
 230   -13.00742357603      -12.24       -5.16    7.97s
    ‖ρε - ρref‖ = 1.2597930928888526e-5 ‖Δρ‖ = 1.4214424787423204e-6  ‖vε - vref‖ = 0.18124405278825145  α = 0.000525
 231   -13.00742357603      -12.39       -5.51    8.31s
    ‖ρε - ρref‖ = 1.2623719222790158e-5 ‖Δρ‖ = 7.067500964871207e-7  ‖vε - vref‖ = 0.18122514848469096  α = 0.00089
 232   -13.00742357603      -12.43       -5.55    13.2s
    ‖ρε - ρref‖ = 1.3012427020009202e-5 ‖Δρ‖ = 6.420190099031411e-7  ‖vε - vref‖ = 0.1812513699167753  α = 0.000893
 233   -13.00742357603      -12.79       -4.23    8.26s
    ‖ρε - ρref‖ = 1.6115732070369505e-5 ‖Δρ‖ = 1.706052054160167e-5  ‖vε - vref‖ = 0.18125280089718646  α = 2.08e-5
 234   -13.00742357603      -12.61       -5.33    7.65s
    ‖ρε - ρref‖ = 1.2542090581356736e-5 ‖Δρ‖ = 1.1702106025147559e-6  ‖vε - vref‖ = 0.18124740766194672  α = 0.000403
 235   -13.00742357603      -12.62       -4.93    8.51s
    ‖ρε - ρref‖ = 1.306173468415756e-5 ‖Δρ‖ = 2.831595537401865e-6  ‖vε - vref‖ = 0.1812433968957246  α = 0.000171
 236   -13.00742357603      -12.63       -5.59    8.00s
    ‖ρε - ρref‖ = 1.270617792860626e-5 ‖Δρ‖ = 5.946727869213622e-7  ‖vε - vref‖ = 0.1812433647554773  α = 0.000818
 237   -13.00742357603      -12.15       -5.49    13.6s
    ‖ρε - ρref‖ = 1.268021342731843e-5 ‖Δρ‖ = 5.310015836389955e-7  ‖vε - vref‖ = 0.18123713436053854  α = 0.00161
 238   -13.00742357603      -12.92       -5.73    8.93s
    ‖ρε - ρref‖ = 1.2513510346859596e-5 ‖Δρ‖ = 5.078606999491589e-7  ‖vε - vref‖ = 0.18123565078200785  α = 0.000656
 239   -13.00742357604      -12.53       -4.75    8.80s
    ‖ρε - ρref‖ = 1.435259608170467e-5 ‖Δρ‖ = 3.673267042473354e-6  ‖vε - vref‖ = 0.1812507327452021  α = 0.000143
 240   -13.00742357604      -13.00       -5.57    8.58s
    ‖ρε - ρref‖ = 1.2505825269125337e-5 ‖Δρ‖ = 7.138873881262642e-7  ‖vε - vref‖ = 0.18123710809406987  α = 0.000463
 241   -13.00742357604      -12.81       -5.63    13.2s
    ‖ρε - ρref‖ = 1.2732258730445452e-5 ‖Δρ‖ = 5.381917688454593e-7  ‖vε - vref‖ = 0.18123396003763784  α = 0.00072
 242   -13.00742357604      -12.82       -5.24    8.83s
    ‖ρε - ρref‖ = 1.2647220846008759e-5 ‖Δρ‖ = 1.3551133489984446e-6  ‖vε - vref‖ = 0.18122839293796442  α = 0.00029
 243   -13.00742357604      -12.43       -5.68    8.82s
    ‖ρε - ρref‖ = 1.2681817839331382e-5 ‖Δρ‖ = 3.9311416072812096e-7  ‖vε - vref‖ = 0.18123399692416317  α = 0.00151
 244   -13.00742357604      -13.52       -5.37    8.78s
    ‖ρε - ρref‖ = 1.37204169736859e-5 ‖Δρ‖ = 1.5103410195937623e-6  ‖vε - vref‖ = 0.18123920373387598  α = 0.000117
 245   -13.00742357604      -12.66       -4.61    14.0s
    ‖ρε - ρref‖ = 1.2767485212730714e-5 ‖Δρ‖ = 5.081797338625531e-6  ‖vε - vref‖ = 0.18124325854239318  α = 9.34e-5
 246   -13.00742357604      -12.81       -5.65    7.64s
    ‖ρε - ρref‖ = 1.2616025342178554e-5 ‖Δρ‖ = 5.863602409256923e-7  ‖vε - vref‖ = 0.1812456616933017  α = 0.000615
 247   -13.00742357604      -12.72       -5.04    8.97s
    ‖ρε - ρref‖ = 1.3131629056467898e-5 ‖Δρ‖ = 2.227153017743595e-6  ‖vε - vref‖ = 0.18125372814950014  α = 0.00019
 248   -13.00742357604      -12.59       -5.69    8.59s
    ‖ρε - ρref‖ = 1.271896852686028e-5 ‖Δρ‖ = 4.3565538116845855e-7  ‖vε - vref‖ = 0.18125956139878482  α = 0.00117
 249   -13.00742357604      -12.61       -5.46    7.58s
    ‖ρε - ρref‖ = 1.2595330791461906e-5 ‖Δρ‖ = 7.024273662077699e-7  ‖vε - vref‖ = 0.18124177407330308  α = 0.000728
 250   -13.00742357604      -12.88       -5.63    15.0s
    ‖ρε - ρref‖ = 1.2512445121927247e-5 ‖Δρ‖ = 6.318027825053179e-7  ‖vε - vref‖ = 0.1812388393376127  α = 0.000514
 251   -13.00742357604      -13.03       -4.87    7.96s
    ‖ρε - ρref‖ = 1.453589663653556e-5 ‖Δρ‖ = 3.6456256514019416e-6  ‖vε - vref‖ = 0.18124613526092515  α = 8.76e-5
 252   -13.00742357604      -12.52       -5.60    7.63s
    ‖ρε - ρref‖ = 1.2689081947679264e-5 ‖Δρ‖ = 5.006690286562655e-7  ‖vε - vref‖ = 0.1812490861490154  α = 0.0011
 253   -13.00742357604      -12.55       -5.60    8.75s
    ‖ρε - ρref‖ = 1.2698066854537627e-5 ‖Δρ‖ = 5.284297127328064e-7  ‖vε - vref‖ = 0.18124095163928275  α = 0.000986
 254   -13.00742357604      -12.91       -5.30    14.9s
    ‖ρε - ρref‖ = 1.2471535663544874e-5 ‖Δρ‖ = 1.31866588612673e-6  ‖vε - vref‖ = 0.18123043899863558  α = 0.000273
 255   -13.00742357604      -12.49       -5.39    8.03s
    ‖ρε - ρref‖ = 1.2674883848717186e-5 ‖Δρ‖ = 7.888779094669817e-7  ‖vε - vref‖ = 0.1812268960827638  α = 0.000712
 256   -13.00742357604      -13.67       -5.24    8.88s
    ‖ρε - ρref‖ = 1.494723608389389e-5 ‖Δρ‖ = 2.8360475070679427e-6  ‖vε - vref‖ = 0.18122973949413676  α = 3.38e-5
 257   -13.00742357604      -13.04       -5.19    8.57s
    ‖ρε - ρref‖ = 1.2940683563952598e-5 ‖Δρ‖ = 1.7025236610081495e-6  ‖vε - vref‖ = 0.1812380980167015  α = 0.00019
 258   -13.00742357604      -12.55       -5.76    14.4s
    ‖ρε - ρref‖ = 1.2647240535357104e-5 ‖Δρ‖ = 3.275701255301387e-7  ‖vε - vref‖ = 0.1812217739521396  α = 0.00163
 259   -13.00742357604      -13.30       -5.26    8.86s
    ‖ρε - ρref‖ = 1.3068684975625153e-5 ‖Δρ‖ = 1.8598452771493795e-6  ‖vε - vref‖ = 0.18122022186489703  α = 0.00011
 260   -13.00742357604      -12.67       -5.76    7.89s
    ‖ρε - ρref‖ = 1.266828121583757e-5 ‖Δρ‖ = 3.527424787385143e-7  ‖vε - vref‖ = 0.1812043020822858  α = 0.00129
 261   -13.00742357604      -12.54       -5.90    8.18s
    ‖ρε - ρref‖ = 1.267640296423643e-5 ‖Δρ‖ = 2.4442612852426475e-7  ‖vε - vref‖ = 0.1811814663873899  α = 0.00232
 262   -13.00742357604      -12.81       -5.32    8.02s
    ‖ρε - ρref‖ = 1.22972109341855e-5 ‖Δρ‖ = 1.26503307559996e-6  ‖vε - vref‖ = 0.1811703232633365  α = 0.000273
 263   -13.00742357604      -12.78       -4.79    15.4s
    ‖ρε - ρref‖ = 1.4419377192927302e-5 ‖Δρ‖ = 3.8091571580459796e-6  ‖vε - vref‖ = 0.18116900429548988  α = 0.000105
 264   -13.00742357604      -12.57       -5.68    8.69s
    ‖ρε - ρref‖ = 1.2637361316556497e-5 ‖Δρ‖ = 4.0429327127149945e-7  ‖vε - vref‖ = 0.18115073506856175  α = 0.00135
 265   -13.00742357604      -12.68       -5.42    8.41s
    ‖ρε - ρref‖ = 1.283945450191408e-5 ‖Δρ‖ = 8.266054121476448e-7  ‖vε - vref‖ = 0.18115636485780587  α = 0.000511
 266   -13.00742357604      -13.50       -5.82    8.34s
    ‖ρε - ρref‖ = 1.262156454365568e-5 ‖Δρ‖ = 4.694862701617824e-7  ‖vε - vref‖ = 0.18115233467252384  α = 0.000427
 267   -13.00742357604      -12.87       -5.58    15.1s
    ‖ρε - ρref‖ = 1.2541304531467381e-5 ‖Δρ‖ = 5.607994033134697e-7  ‖vε - vref‖ = 0.18114174468313138  α = 0.000646
 268   -13.00742357604      -13.32       -4.50    8.58s
    ‖ρε - ρref‖ = 2.0017879723402813e-5 ‖Δρ‖ = 9.554393478756363e-6  ‖vε - vref‖ = 0.1811425168139317  α = 1.94e-5
 269   -13.00742357604      -12.86       -5.60    8.47s
    ‖ρε - ρref‖ = 1.2695895231986286e-5 ‖Δρ‖ = 5.563703551827015e-7  ‖vε - vref‖ = 0.1811340045817516  α = 0.00069
 270   -13.00742357604      -12.92       -5.67    8.82s
    ‖ρε - ρref‖ = 1.2605785735595344e-5 ‖Δρ‖ = 4.943482267053791e-7  ‖vε - vref‖ = 0.1811220447772104  α = 0.000646
 271   -13.00742357604      -13.21       -5.43    8.78s
    ‖ρε - ρref‖ = 1.2908843832209501e-5 ‖Δρ‖ = 1.1087573468612004e-6  ‖vε - vref‖ = 0.18112097965911717  α = 0.000195
 272   -13.00742357604      -12.88       -5.46    14.6s
    ‖ρε - ρref‖ = 1.27722429897611e-5 ‖Δρ‖ = 7.769590278638533e-7  ‖vε - vref‖ = 0.18111871327307524  α = 0.00049
 273   -13.00742357604      -12.75       -5.65    7.70s
    ‖ρε - ρref‖ = 1.2630880246018575e-5 ‖Δρ‖ = 4.6239873470447484e-7  ‖vε - vref‖ = 0.18109403169183658  α = 0.000931
 274   -13.00742357604      -12.91       -5.80    8.48s
    ‖ρε - ρref‖ = 1.257801447383482e-5 ‖Δρ‖ = 3.8857272044342044e-7  ‖vε - vref‖ = 0.1810863428637555  α = 0.000806
 275   -13.00742357604      -12.99       -4.83    8.38s
    ‖ρε - ρref‖ = 1.4560025925325125e-5 ‖Δρ‖ = 3.6461542375220068e-6  ‖vε - vref‖ = 0.18108764343245104  α = 8.74e-5
 276   -13.00742357604      -12.66       -5.76    15.2s
    ‖ρε - ρref‖ = 1.2636644103180777e-5 ‖Δρ‖ = 3.4350286012634134e-7  ‖vε - vref‖ = 0.18105671698057085  α = 0.00136
 277   -13.00742357604      -12.94       -5.94    8.70s
    ‖ρε - ρref‖ = 1.2710975374575292e-5 ‖Δρ‖ = 2.460008374653185e-7  ‖vε - vref‖ = 0.181057559861941  α = 0.00155
 278   -13.00742357604      -12.82       -5.47    8.59s
    ‖ρε - ρref‖ = 1.2631597182345771e-5 ‖Δρ‖ = 7.365844223378566e-7  ‖vε - vref‖ = 0.18104953581461866  α = 0.000494
 279   -13.00742357604      -13.60       -5.31    7.91s
    ‖ρε - ρref‖ = 1.163933035168253e-5 ‖Δρ‖ = 2.0167521434033965e-6  ‖vε - vref‖ = 0.18104739843147485  α = 5.36e-5
 280   -13.00742357604      -13.27       -4.99    7.85s
    ‖ρε - ρref‖ = 1.4161010963114297e-5 ‖Δρ‖ = 3.1545708299518374e-6  ‖vε - vref‖ = 0.18104972973506842  α = 6.1e-5
 281   -13.00742357604      -12.85       -5.81    14.6s
    ‖ρε - ρref‖ = 1.270184968284484e-5 ‖Δρ‖ = 3.27227281646158e-7  ‖vε - vref‖ = 0.18105174565939125  α = 0.00112
 282   -13.00742357604      -13.29       -5.85    8.07s
    ‖ρε - ρref‖ = 1.2621044229002584e-5 ‖Δρ‖ = 3.296863756380807e-7  ‖vε - vref‖ = 0.18104082471923139  α = 0.000833
 283   -13.00742357604      -13.23       -5.48    8.86s
    ‖ρε - ρref‖ = 1.283582209842381e-5 ‖Δρ‖ = 9.261218023834728e-7  ‖vε - vref‖ = 0.18103857613450067  α = 0.000216
 284   -13.00742357604      -12.87       -5.39    8.30s
    ‖ρε - ρref‖ = 1.2710176705449876e-5 ‖Δρ‖ = 7.638259555638563e-7  ‖vε - vref‖ = 0.18103118541596105  α = 0.000485
 285   -13.00742357604      -13.43       -5.78    15.0s
    ‖ρε - ρref‖ = 1.2645713965959282e-5 ‖Δρ‖ = 4.415148466620453e-7  ‖vε - vref‖ = 0.18102572268747966  α = 0.000479
 286   -13.00742357604      -13.07       -5.93    8.90s
    ‖ρε - ρref‖ = 1.2598451514727737e-5 ‖Δρ‖ = 2.797802491247108e-7  ‖vε - vref‖ = 0.1810230786588201  α = 0.000897
 287   -13.00742357604      -13.13       -4.88    8.70s
    ‖ρε - ρref‖ = 1.4103520983061452e-5 ‖Δρ‖ = 2.950842421765946e-6  ‖vε - vref‖ = 0.18102850068579152  α = 9.37e-5
 288   -13.00742357604      -13.06       -5.80    8.01s
    ‖ρε - ρref‖ = 1.2649456784293211e-5 ‖Δρ‖ = 3.1062438613631374e-7  ‖vε - vref‖ = 0.18101763609306118  α = 0.00105
 289   -13.00742357604      -13.26       -5.93    14.5s
    ‖ρε - ρref‖ = 1.2706753072421959e-5 ‖Δρ‖ = 2.7902875260015366e-7  ‖vε - vref‖ = 0.18101739319599458  α = 0.000793
 290   -13.00742357604      -13.06       -6.08    8.64s
    ‖ρε - ρref‖ = 1.2688893927451567e-5 ‖Δρ‖ = 1.5945484866029394e-7  ‖vε - vref‖ = 0.18100122914643227  α = 0.00191
 291   -13.00742357604      -13.55       -4.67    8.37s
    ‖ρε - ρref‖ = 9.314249163531005e-6 ‖Δρ‖ = 6.746304006342042e-6  ‖vε - vref‖ = 0.1809946779299986  α = 1.85e-5
 292   -13.00742357604      -13.41       -5.52    8.66s
    ‖ρε - ρref‖ = 1.289163299317361e-5 ‖Δρ‖ = 8.483614133718008e-7  ‖vε - vref‖ = 0.1809951374007588  α = 0.000202
 293   -13.00742357604      -13.19       -5.79    8.76s
    ‖ρε - ρref‖ = 1.2719133400457869e-5 ‖Δρ‖ = 3.604518373936732e-7  ‖vε - vref‖ = 0.18099875521975087  α = 0.000672
 294   -13.00742357604      -13.10       -5.92    13.9s
    ‖ρε - ρref‖ = 1.2647990547023871e-5 ‖Δρ‖ = 2.573126819653803e-7  ‖vε - vref‖ = 0.18099286674964835  α = 0.00107
 295   -13.00742357604      -13.45       -5.58    8.06s
    ‖ρε - ρref‖ = 1.2809990305898975e-5 ‖Δρ‖ = 7.17012806333201e-7  ‖vε - vref‖ = 0.18099271635596667  α = 0.000281
 296   -13.00742357604      -13.14       -5.33    8.52s
    ‖ρε - ρref‖ = 1.2684755772635768e-5 ‖Δρ‖ = 1.0802530700264993e-6  ‖vε - vref‖ = 0.18099015996965245  α = 0.000242
 297   -13.00742357604      -12.96       -5.99    8.67s
    ‖ρε - ρref‖ = 1.267109050557703e-5 ‖Δρ‖ = 1.9448253534824665e-7  ‖vε - vref‖ = 0.18098036509255225  α = 0.0018
 298   -13.00742357604      -13.50       -5.61    14.7s
    ‖ρε - ρref‖ = 1.2446400591151035e-5 ‖Δρ‖ = 7.850667396141084e-7  ‖vε - vref‖ = 0.18097873895535196  α = 0.000171
 299   -13.00742357604      -13.80       -5.33    8.79s
    ‖ρε - ρref‖ = 1.3262133204019466e-5 ‖Δρ‖ = 1.3415658833960485e-6  ‖vε - vref‖ = 0.1809825992458282  α = 0.000122
 300   -13.00742357604      -13.17       -5.93    8.87s
    ‖ρε - ρref‖ = 1.2652023707453322e-5 ‖Δρ‖ = 2.3894333557190476e-7  ‖vε - vref‖ = 0.1809776799698746  α = 0.001
Trying again with Newton's method ...
n     Energy            log10(ΔE)   log10(Δρ)   Δtime 
---   ---------------   ---------   ---------   ------
  1   -13.00742357604                   -8.13     517s
    ‖ρε - ρref‖ = 1.2676262312410386e-5 ‖Δρ‖ = 8.211560824316269e-10  ‖vε - vref‖ = 0.18110483270073338
  2   -13.00742357604      -12.32       -8.26     501s
    ‖ρε - ρref‖ = 1.2676254638131646e-5 ‖Δρ‖ = 6.342994819130345e-10  ‖vε - vref‖ = 0.1810878470859626
    Stopping to avoid numerical instabilities.

#-- ‖ρε - ρref‖ = 1.2676254638131646e-5 vs. 5.62341325190349e-9 = δ*ε ‖vε - vref‖ = 0.1810878470859626


# --- ε=3.162277660168379e-7

n     Energy            log10(ΔE)   log10(Δρ)   Δtime 
---   ---------------   ---------   ---------   ------
  1   -13.00730668315                   -0.13    12.8s
    ‖ρε - ρref‖ = 0.4742094329185023 ‖Δρ‖ = 0.4742046821184618  ‖vε - vref‖ = 11.520688330037597  α = 8.72e-6
  2   -13.00731719535       -4.98       -0.67    8.24s
    ‖ρε - ρref‖ = 0.09201409717667058 ‖Δρ‖ = 0.09201141938814489  ‖vε - vref‖ = 6.901235770472849  α = 2.36e-5
  3   -13.00732174078       -5.34       -1.31    8.23s
    ‖ρε - ρref‖ = 0.01701241211981378 ‖Δρ‖ = 0.017010528356758467  ‖vε - vref‖ = 3.8903205865880714  α = 9.05e-5
  4   -13.00732277986       -5.98       -1.57    13.0s
    ‖ρε - ρref‖ = 0.009574458763590081 ‖Δρ‖ = 0.009573949825738797  ‖vε - vref‖ = 2.8569518228896333  α = 7.7e-5
  5   -13.00732312552       -6.46       -1.89    8.03s
    ‖ρε - ρref‖ = 0.004453123378276481 ‖Δρ‖ = 0.004452353404557972  ‖vε - vref‖ = 2.3393058575375134  α = 9.5e-5
  6   -13.00732345612       -6.48       -2.06    8.14s
    ‖ρε - ρref‖ = 0.002335545211448598 ‖Δρ‖ = 0.0023351230150136194  ‖vε - vref‖ = 1.802086344653861  α = 0.000186
  7   -13.00732361866       -6.79       -2.41    7.44s
    ‖ρε - ρref‖ = 0.0009522411691730383 ‖Δρ‖ = 0.0009519444517969752  ‖vε - vref‖ = 1.4774300745133118  α = 0.000321
  8   -13.00732368840       -7.16       -2.75    13.4s
    ‖ρε - ρref‖ = 0.0004575258356809027 ‖Δρ‖ = 0.00045721542203434776  ‖vε - vref‖ = 1.3065242182396117  α = 0.000434
  9   -13.00732373479       -7.33       -2.72    8.57s
    ‖ρε - ρref‖ = 0.0004343341323167588 ‖Δρ‖ = 0.00043421655682914444  ‖vε - vref‖ = 1.194936091616846  α = 0.000378
 10   -13.00732376936       -7.46       -2.84    8.36s
    ‖ρε - ρref‖ = 0.0003171267511431904 ‖Δρ‖ = 0.00031687155507531246  ‖vε - vref‖ = 1.0928307016579348  α = 0.000448
 11   -13.00732379428       -7.60       -3.02    7.83s
    ‖ρε - ρref‖ = 0.00018950695583660028 ‖Δρ‖ = 0.0001892528196012501  ‖vε - vref‖ = 1.0169681967741155  α = 0.000643
 12   -13.00732385446       -7.22       -1.53    8.04s
    ‖ρε - ρref‖ = 0.018300219964994 ‖Δρ‖ = 0.018306241421975233  ‖vε - vref‖ = 0.5791506971011239  α = 7.96e-6
 13   -13.00732385959       -8.29       -2.30    15.0s
    ‖ρε - ρref‖ = 0.002169211288426831 ‖Δρ‖ = 0.0021660276820390386  ‖vε - vref‖ = 0.5432510661006534  α = 2.34e-5
 14   -13.00732386402       -8.35       -3.00    8.75s
    ‖ρε - ρref‖ = 0.00030699377681975303 ‖Δρ‖ = 0.00030504734184189357  ‖vε - vref‖ = 0.5170518410051346  α = 0.000161
 15   -13.00732387059       -8.18       -2.96    8.69s
    ‖ρε - ρref‖ = 0.0002521205184332729 ‖Δρ‖ = 0.0002523135347061408  ‖vε - vref‖ = 0.47905489620465724  α = 0.000239
 16   -13.00732387650       -8.23       -2.70    8.27s
    ‖ρε - ρref‖ = 0.0004964484845623662 ‖Δρ‖ = 0.0004966638632077459  ‖vε - vref‖ = 0.4364725066844426  α = 0.000113
 17   -13.00732388076       -8.37       -2.82    8.47s
    ‖ρε - ρref‖ = 0.000377482869875296 ‖Δρ‖ = 0.00037795742583521816  ‖vε - vref‖ = 0.4039045314479995  α = 0.00013
 18   -13.00732388601       -8.28       -3.10    14.3s
    ‖ρε - ρref‖ = 0.00016477314742229784 ‖Δρ‖ = 0.00016439151791302646  ‖vε - vref‖ = 0.36123552727961616  α = 0.000338
 19   -13.00732388950       -8.46       -3.26    7.97s
    ‖ρε - ρref‖ = 0.000120849895157945 ‖Δρ‖ = 0.00012055102550243987  ‖vε - vref‖ = 0.3301462870936627  α = 0.000372
 20   -13.00732389290       -8.47       -3.52    8.20s
    ‖ρε - ρref‖ = 5.793974610411997e-5 ‖Δρ‖ = 5.752913436305532e-5  ‖vε - vref‖ = 0.2980896063745759  α = 0.000771
 21   -13.00732389466       -8.76       -3.28    8.65s
    ‖ρε - ρref‖ = 0.00011458308886298133 ‖Δρ‖ = 0.00011421415068115003  ‖vε - vref‖ = 0.2792487320561521  α = 0.000279
 22   -13.00732389661       -8.71       -3.66    14.3s
    ‖ρε - ρref‖ = 4.211597461215866e-5 ‖Δρ‖ = 4.174324296624365e-5  ‖vε - vref‖ = 0.2584131091916802  α = 0.000815
 23   -13.00732389735       -9.13       -3.50    8.04s
    ‖ρε - ρref‖ = 7.22920833875835e-5 ‖Δρ‖ = 7.626333113317098e-5  ‖vε - vref‖ = 0.2542059816634127  α = 0.000237
 24   -13.00732389870       -8.87       -2.23    8.71s
    ‖ρε - ρref‖ = 0.0011641451524048816 ‖Δρ‖ = 0.0011618032862659511  ‖vε - vref‖ = 0.2340468578367859  α = 2.25e-5
 25   -13.00732389884       -9.86       -3.16    8.71s
    ‖ρε - ρref‖ = 0.00026020216574304056 ‖Δρ‖ = 0.0002567357502247206  ‖vε - vref‖ = 0.2322908614054493  α = 3.27e-5
 26   -13.00732389989       -8.98       -3.68    8.59s
    ‖ρε - ρref‖ = 4.130702320387273e-5 ‖Δρ‖ = 3.983700323706574e-5  ‖vε - vref‖ = 0.2200031661400601  α = 0.00062
 27   -13.00732390038       -9.31       -3.10    14.7s
    ‖ρε - ρref‖ = 0.00019641674520174716 ‖Δρ‖ = 0.00019771907570227063  ‖vε - vref‖ = 0.21305835972456214  α = 8.14e-5
 28   -13.00732390068       -9.53       -3.45    8.68s
    ‖ρε - ρref‖ = 9.633743746777768e-5 ‖Δρ‖ = 9.708861025260733e-5  ‖vε - vref‖ = 0.2088043308679927  α = 0.00013
 29   -13.00732390109       -9.39       -3.51    8.31s
    ‖ρε - ρref‖ = 7.261051328606636e-5 ‖Δρ‖ = 7.266956338973533e-5  ‖vε - vref‖ = 0.20322385022842646  α = 0.00021
 30   -13.00732390155       -9.33       -3.74    7.62s
    ‖ρε - ρref‖ = 4.1286632500046815e-5 ‖Δρ‖ = 3.942902977472474e-5  ‖vε - vref‖ = 0.19758019869505397  α = 0.000414
 31   -13.00732390206       -9.29       -3.73    7.78s
    ‖ρε - ρref‖ = 3.776054984332893e-5 ‖Δρ‖ = 3.748024432316963e-5  ‖vε - vref‖ = 0.19109335709566752  α = 0.000457
 32   -13.00732390256       -9.30       -3.68    14.8s
    ‖ρε - ρref‖ = 4.2094557103257684e-5 ‖Δρ‖ = 4.140380634882263e-5  ‖vε - vref‖ = 0.18427143006847638  α = 0.00041
 33   -13.00732390296       -9.40       -4.09    7.62s
    ‖ρε - ρref‖ = 1.6903427189223232e-5 ‖Δρ‖ = 1.563364460745879e-5  ‖vε - vref‖ = 0.17931308440185995  α = 0.000979
 34   -13.00732390329       -9.48       -3.74    7.64s
    ‖ρε - ρref‖ = 3.786951839259702e-5 ‖Δρ‖ = 3.627383050362788e-5  ‖vε - vref‖ = 0.17547262586290927  α = 0.000384
 35   -13.00732390331      -10.77       -3.38    8.82s
    ‖ρε - ρref‖ = 0.00019763549776670493 ‖Δρ‖ = 0.00020277854951366626  ‖vε - vref‖ = 0.17514507510868607  α = 1.23e-5
 36   -13.00732390358       -9.58       -3.79    14.8s
    ‖ρε - ρref‖ = 3.4242665195321116e-5 ‖Δρ‖ = 3.449204206051602e-5  ‖vε - vref‖ = 0.17237748267297687  α = 0.000355
 37   -13.00732390373       -9.82       -3.07    7.88s
    ‖ρε - ρref‖ = 0.00022546513663115382 ‖Δρ‖ = 0.00022230114614727638  ‖vε - vref‖ = 0.17064692353228103  α = 4.02e-5
 38   -13.00732390397       -9.61       -3.63    7.59s
    ‖ρε - ρref‖ = 4.8101112120283455e-5 ‖Δρ‖ = 4.8079301788220856e-5  ‖vε - vref‖ = 0.1675008911028349  α = 0.000248
 39   -13.00732390401      -10.46       -3.87    8.00s
    ‖ρε - ρref‖ = 4.900957956858827e-5 ‖Δρ‖ = 5.02218847880876e-5  ‖vε - vref‖ = 0.16704419505846002  α = 8.26e-5
 40   -13.00732390422       -9.68       -4.06    8.67s
    ‖ρε - ρref‖ = 1.9089584417774956e-5 ‖Δρ‖ = 1.8155353386607783e-5  ‖vε - vref‖ = 0.16510194699731515  α = 0.000601
 41   -13.00732390442       -9.70       -3.44    15.0s
    ‖ρε - ρref‖ = 7.82654114860944e-5 ‖Δρ‖ = 7.708471822716489e-5  ‖vε - vref‖ = 0.16304731827186195  α = 0.000137
 42   -13.00732390467       -9.59       -3.93    8.60s
    ‖ρε - ρref‖ = 2.3597005885870538e-5 ‖Δρ‖ = 2.237123000206123e-5  ‖vε - vref‖ = 0.16053230059027854  α = 0.000547
 43   -13.00732390482       -9.82       -4.00    7.82s
    ‖ρε - ρref‖ = 2.252899569899038e-5 ‖Δρ‖ = 2.2537318907972005e-5  ‖vε - vref‖ = 0.1589579854129055  α = 0.00041
 44   -13.00732390499       -9.77       -3.91    8.59s
    ‖ρε - ρref‖ = 2.7745568205968787e-5 ‖Δρ‖ = 2.560405440464242e-5  ‖vε - vref‖ = 0.15767435191442955  α = 0.000382
 45   -13.00732390516       -9.77       -4.19    8.00s
    ‖ρε - ρref‖ = 1.4229328592945817e-5 ‖Δρ‖ = 1.271990757998835e-5  ‖vε - vref‖ = 0.15612249697387579  α = 0.000777
 46   -13.00732390521      -10.33       -4.03    14.3s
    ‖ρε - ρref‖ = 3.154713175275709e-5 ‖Δρ‖ = 2.7237512365721045e-5  ‖vε - vref‖ = 0.15620544683647275  α = 0.000164
 47   -13.00732390531       -9.98       -2.91    8.36s
    ‖ρε - ρref‖ = 0.00027569957686833225 ‖Δρ‖ = 0.00027846337288091013  ‖vε - vref‖ = 0.15472486637103872  α = 2.6e-5
 48   -13.00732390537      -10.21       -3.92    8.79s
    ‖ρε - ρref‖ = 3.037478919760461e-5 ‖Δρ‖ = 3.2238430784840144e-5  ‖vε - vref‖ = 0.15436379131596928  α = 0.000177
 49   -13.00732390552       -9.85       -3.28    8.53s
    ‖ρε - ρref‖ = 0.00010881166468923216 ‖Δρ‖ = 0.0001063222715155953  ‖vε - vref‖ = 0.1534460641152644  α = 8.35e-5
 50   -13.00732390558      -10.16       -4.08    14.6s
    ‖ρε - ρref‖ = 2.160432946870228e-5 ‖Δρ‖ = 1.9653119585242235e-5  ‖vε - vref‖ = 0.15307120807271307  α = 0.000319
 51   -13.00732390563      -10.40       -3.77    8.00s
    ‖ρε - ρref‖ = 4.916715333223029e-5 ‖Δρ‖ = 4.991940999167874e-5  ‖vε - vref‖ = 0.15275576488522138  α = 9.04e-5
 52   -13.00732390571      -10.08       -3.97    8.55s
    ‖ρε - ρref‖ = 2.4166120982089996e-5 ‖Δρ‖ = 2.3394440939227927e-5  ‖vε - vref‖ = 0.15212763390727715  α = 0.000295
 53   -13.00732390575      -10.35       -3.93    8.58s
    ‖ρε - ρref‖ = 3.1893518010911083e-5 ‖Δρ‖ = 3.0308902081352133e-5  ‖vε - vref‖ = 0.15190722613576155  α = 0.000163
 54   -13.00732390590       -9.82       -3.98    8.30s
    ‖ρε - ρref‖ = 1.8925141362323105e-5 ‖Δρ‖ = 1.8225547295596083e-5  ‖vε - vref‖ = 0.1508096111711253  α = 0.000513
 55   -13.00732390596      -10.26       -4.15    14.7s
    ‖ρε - ρref‖ = 1.772380520802579e-5 ‖Δρ‖ = 1.5680914837940583e-5  ‖vε - vref‖ = 0.15067822739526618  α = 0.000361
 56   -13.00732390606       -9.99       -4.35    8.34s
    ‖ρε - ρref‖ = 1.1499131427399625e-5 ‖Δρ‖ = 8.029470908588434e-6  ‖vε - vref‖ = 0.1507148703329483  α = 0.000961
 57   -13.00732390610      -10.36       -4.02    8.70s
    ‖ρε - ρref‖ = 2.0927971675298655e-5 ‖Δρ‖ = 2.1721345855738316e-5  ‖vε - vref‖ = 0.1503994343455433  α = 0.000229
 58   -13.00732390611      -11.61       -4.03    8.57s
    ‖ρε - ρref‖ = 5.232190037275817e-5 ‖Δρ‖ = 4.710199598897545e-5  ‖vε - vref‖ = 0.1504187904897659  α = 2.0e-5
 59   -13.00732390619      -10.08       -4.03    8.57s
    ‖ρε - ρref‖ = 1.7567105028848384e-5 ‖Δρ‖ = 1.5868276834229597e-5  ‖vε - vref‖ = 0.1502924615348539  α = 0.000441
 60   -13.00732390620      -11.10       -3.93    14.2s
    ‖ρε - ρref‖ = 3.892165429641421e-5 ‖Δρ‖ = 4.182110905702502e-5  ‖vε - vref‖ = 0.150234477907064  α = 4.84e-5
 61   -13.00732390627      -10.12       -4.07    8.77s
    ‖ρε - ρref‖ = 1.715309880593348e-5 ‖Δρ‖ = 1.5223998718265038e-5  ‖vε - vref‖ = 0.15019056351989443  α = 0.000437
 62   -13.00732390629      -10.75       -4.31    8.82s
    ‖ρε - ρref‖ = 1.626613729688639e-5 ‖Δρ‖ = 1.3709209032370034e-5  ‖vε - vref‖ = 0.15026620866871992  α = 0.000224
 63   -13.00732390632      -10.51       -3.91    8.70s
    ‖ρε - ρref‖ = 2.9054843421229142e-5 ‖Δρ‖ = 2.9106459633714074e-5  ‖vε - vref‖ = 0.15029839758244934  α = 0.000139
 64   -13.00732390636      -10.46       -4.14    8.62s
    ‖ρε - ρref‖ = 1.7442708220095233e-5 ‖Δρ‖ = 1.5846029923997146e-5  ‖vε - vref‖ = 0.1504000092270632  α = 0.00028
 65   -13.00732390637      -10.87       -4.11    14.6s
    ‖ρε - ρref‖ = 2.4758711019140885e-5 ‖Δρ‖ = 2.2497638260770538e-5  ‖vε - vref‖ = 0.1504909494076528  α = 0.000122
 66   -13.00732390640      -10.50       -4.48    8.81s
    ‖ρε - ρref‖ = 9.55935033691957e-6 ‖Δρ‖ = 7.072113482749334e-6  ‖vε - vref‖ = 0.1505853033339785  α = 0.000603
 67   -13.00732390647      -10.14       -4.32    8.07s
    ‖ρε - ρref‖ = 1.060533605282599e-5 ‖Δρ‖ = 8.171943675818962e-6  ‖vε - vref‖ = 0.1509246496701153  α = 0.000792
 68   -13.00732390652      -10.35       -4.19    7.61s
    ‖ρε - ρref‖ = 1.577911651469335e-5 ‖Δρ‖ = 1.31327032237042e-5  ‖vε - vref‖ = 0.15130772885150084  α = 0.000385
 69   -13.00732390653      -10.96       -4.45    14.4s
    ‖ρε - ρref‖ = 8.01988589176384e-6 ‖Δρ‖ = 1.060086964998498e-5  ‖vε - vref‖ = 0.1514142321326493  α = 0.0002
 70   -13.00732390655      -10.62       -3.23    7.91s
    ‖ρε - ρref‖ = 0.0001382180589645308 ‖Δρ‖ = 0.00013656852167408698  ‖vε - vref‖ = 0.15146205313976666  α = 2.57e-5
 71   -13.00732390658      -10.52       -4.17    8.31s
    ‖ρε - ρref‖ = 1.7464532299848965e-5 ‖Δρ‖ = 1.425786560487131e-5  ‖vε - vref‖ = 0.15178477025708073  α = 0.00029
 72   -13.00732390659      -11.31       -3.90    8.56s
    ‖ρε - ρref‖ = 4.168663427369827e-5 ‖Δρ‖ = 4.427177195629076e-5  ‖vε - vref‖ = 0.1517829146935663  α = 3.6e-5
 73   -13.00732390662      -10.46       -4.35    8.75s
    ‖ρε - ρref‖ = 1.0532536186066665e-5 ‖Δρ‖ = 8.026350034916175e-6  ‖vε - vref‖ = 0.15199437699470783  α = 0.000562
 74   -13.00732390664      -10.85       -4.51    15.5s
    ‖ρε - ρref‖ = 1.1022091858892997e-5 ‖Δρ‖ = 7.11836503502321e-6  ‖vε - vref‖ = 0.1522221877425554  α = 0.000395
 75   -13.00732390664      -11.09       -4.07    8.22s
    ‖ρε - ρref‖ = 2.4530940330078763e-5 ‖Δρ‖ = 2.423153658411615e-5  ‖vε - vref‖ = 0.1522947554269263  α = 8.49e-5
 76   -13.00732390668      -10.49       -4.39    8.78s
    ‖ρε - ρref‖ = 9.711478567069432e-6 ‖Δρ‖ = 7.351347003690686e-6  ‖vε - vref‖ = 0.15254755539506057  α = 0.000593
 77   -13.00732390668      -11.14       -4.35    8.46s
    ‖ρε - ρref‖ = 1.5512883460504775e-5 ‖Δρ‖ = 1.2767513726159748e-5  ‖vε - vref‖ = 0.15266843905271224  α = 0.000156
 78   -13.00732390670      -10.69       -4.37    8.54s
    ‖ρε - ρref‖ = 1.1223398783178884e-5 ‖Δρ‖ = 8.62352629449767e-6  ‖vε - vref‖ = 0.15299555539067966  α = 0.000401
 79   -13.00732390672      -10.72       -4.64    15.2s
    ‖ρε - ρref‖ = 8.769346380064068e-6 ‖Δρ‖ = 4.6375252445474354e-6  ‖vε - vref‖ = 0.15333891948590236  α = 0.000709
 80   -13.00732390674      -10.76       -4.34    8.77s
    ‖ρε - ρref‖ = 1.1694657057837364e-5 ‖Δρ‖ = 9.4251494915094e-6  ‖vε - vref‖ = 0.15354090004559862  α = 0.000333
 81   -13.00732390674      -12.24       -4.31    8.78s
    ‖ρε - ρref‖ = 2.210220339134372e-5 ‖Δρ‖ = 2.6802061489723715e-5  ‖vε - vref‖ = 0.15353611460709218  α = 1.68e-5
 82   -13.00732390677      -10.61       -4.50    8.68s
    ‖ρε - ρref‖ = 9.042392684504792e-6 ‖Δρ‖ = 5.944600843925718e-6  ‖vε - vref‖ = 0.15387730223527218  α = 0.000635
 83   -13.00732390677      -11.19       -4.35    8.71s
    ‖ρε - ρref‖ = 1.7537056764036358e-5 ‖Δρ‖ = 1.2928873600217694e-5  ‖vε - vref‖ = 0.1540605000830076  α = 0.000144
 84   -13.00732390678      -11.10       -3.87    14.7s
    ‖ρε - ρref‖ = 3.537370797912386e-5 ‖Δρ‖ = 3.5898047483507815e-5  ‖vε - vref‖ = 0.15419447902418634  α = 5.8e-5
 85   -13.00732390680      -10.64       -4.58    8.43s
    ‖ρε - ρref‖ = 8.297719785520131e-6 ‖Δρ‖ = 5.419926957731884e-6  ‖vε - vref‖ = 0.15449874857439727  α = 0.00066
 86   -13.00732390683      -10.58       -4.34    7.56s
    ‖ρε - ρref‖ = 1.1892190969936857e-5 ‖Δρ‖ = 8.825968083926393e-6  ‖vε - vref‖ = 0.15500265383031  α = 0.000432
 87   -13.00732390684      -11.23       -4.17    7.99s
    ‖ρε - ρref‖ = 2.0674560436949692e-5 ‖Δρ‖ = 2.0424586424834703e-5  ‖vε - vref‖ = 0.15509682089207866  α = 8.39e-5
 88   -13.00732390685      -10.77       -4.33    8.29s
    ‖ρε - ρref‖ = 1.2628493187685019e-5 ‖Δρ‖ = 9.955569428107674e-6  ‖vε - vref‖ = 0.15545422236832104  α = 0.000313
 89   -13.00732390687      -10.75       -4.55    14.3s
    ‖ρε - ρref‖ = 9.30992675175774e-6 ‖Δρ‖ = 5.552706840832804e-6  ‖vε - vref‖ = 0.15581427631966394  α = 0.000574
 90   -13.00732390688      -11.32       -4.22    8.77s
    ‖ρε - ρref‖ = 1.7017572677715372e-5 ‖Δρ‖ = 1.667498529381354e-5  ‖vε - vref‖ = 0.1558694684803721  α = 9.75e-5
 91   -13.00732390689      -10.88       -4.88    8.40s
    ‖ρε - ρref‖ = 7.5468192335041245e-6 ‖Δρ‖ = 2.6314094758187366e-6  ‖vε - vref‖ = 0.15612351439352692  α = 0.00106
 92   -13.00732390690      -10.87       -4.57    8.54s
    ‖ρε - ρref‖ = 1.0256330922586129e-5 ‖Δρ‖ = 5.443259948365863e-6  ‖vε - vref‖ = 0.15649382970376272  α = 0.000495
 93   -13.00732390690      -11.51       -3.48    8.10s
    ‖ρε - ρref‖ = 0.00010554935298081747 ‖Δρ‖ = 0.00010958987727417705  ‖vε - vref‖ = 0.15650191884338474  α = 1.01e-5
 94   -13.00732390692      -10.84       -4.57    14.5s
    ‖ρε - ρref‖ = 8.585376769142613e-6 ‖Δρ‖ = 5.526328525331474e-6  ‖vε - vref‖ = 0.15670896945986976  α = 0.000521
 95   -13.00732390692      -11.39       -4.60    7.69s
    ‖ρε - ρref‖ = 1.224676761826757e-5 ‖Δρ‖ = 7.728014692932376e-6  ‖vε - vref‖ = 0.15682225629440932  α = 0.000189
 96   -13.00732390693      -11.08       -3.97    8.21s
    ‖ρε - ρref‖ = 2.5655675782116316e-5 ‖Δρ‖ = 2.7004099343367335e-5  ‖vε - vref‖ = 0.15696476708438  α = 7.79e-5
 97   -13.00732390696      -10.61       -4.46    8.73s
    ‖ρε - ρref‖ = 9.982000836916074e-6 ‖Δρ‖ = 6.384959493377127e-6  ‖vε - vref‖ = 0.15759463128699577  α = 0.000586
 98   -13.00732390698      -10.71       -4.67    14.4s
    ‖ρε - ρref‖ = 9.076947102354045e-6 ‖Δρ‖ = 4.307302402386351e-6  ‖vε - vref‖ = 0.15809391780988208  α = 0.000774
 99   -13.00732390699      -10.93       -4.09    8.52s
    ‖ρε - ρref‖ = 1.934175430736972e-5 ‖Δρ‖ = 1.9662807873806923e-5  ‖vε - vref‖ = 0.15825912575336903  α = 0.000126
 100   -13.00732390700      -10.91       -4.02    7.63s
    ‖ρε - ρref‖ = 2.242479434903016e-5 ‖Δρ‖ = 2.2222691948693986e-5  ‖vε - vref‖ = 0.15835377659839608  α = 0.000116
 101   -13.00732390701      -10.84       -4.80    8.29s
    ‖ρε - ρref‖ = 8.040487384203997e-6 ‖Δρ‖ = 3.329836466533387e-6  ‖vε - vref‖ = 0.158628020029563  α = 0.000866
 102   -13.00732390702      -11.09       -4.50    8.43s
    ‖ρε - ρref‖ = 1.0130481395183129e-5 ‖Δρ‖ = 8.144498711488222e-6  ‖vε - vref‖ = 0.15875044633927468  α = 0.000256
 103   -13.00732390703      -10.92       -4.26    15.4s
    ‖ρε - ρref‖ = 1.4674458727619772e-5 ‖Δρ‖ = 1.2240749973538162e-5  ‖vε - vref‖ = 0.15898154831016928  α = 0.000213
 104   -13.00732390704      -11.05       -4.54    8.44s
    ‖ρε - ρref‖ = 1.1480147485744812e-5 ‖Δρ‖ = 6.982701766507607e-6  ‖vε - vref‖ = 0.15919377498658702  α = 0.000303
 105   -13.00732390705      -11.38       -3.43    8.64s
    ‖ρε - ρref‖ = 0.00011004337234798696 ‖Δρ‖ = 0.00011398871347487667  ‖vε - vref‖ = 0.15919785643732542  α = 1.17e-5
 106   -13.00732390707      -10.74       -4.80    8.76s
    ‖ρε - ρref‖ = 7.873503050999364e-6 ‖Δρ‖ = 2.9866462046177303e-6  ‖vε - vref‖ = 0.15953813590518487  α = 0.00109
 107   -13.00732390707      -11.09       -4.52    8.68s
    ‖ρε - ρref‖ = 1.2029171207925373e-5 ‖Δρ‖ = 7.472937409746554e-6  ‖vε - vref‖ = 0.15967418637398328  α = 0.000277
 108   -13.00732390709      -10.92       -3.71    14.5s
    ‖ρε - ρref‖ = 4.0956036004600694e-5 ‖Δρ‖ = 4.282704246206909e-5  ‖vε - vref‖ = 0.15971479318420004  α = 6.02e-5
 109   -13.00732390709      -11.08       -4.68    8.25s
    ‖ρε - ρref‖ = 8.09810838356452e-6 ‖Δρ‖ = 4.5689092850055905e-6  ‖vε - vref‖ = 0.15974028874543586  α = 0.000481
 110   -13.00732390710      -11.13       -4.72    7.70s
    ‖ρε - ρref‖ = 8.742291151805246e-6 ‖Δρ‖ = 4.587809911496351e-6  ‖vε - vref‖ = 0.15985459062814053  α = 0.00044
 111   -13.00732390711      -11.21       -4.61    8.01s
    ‖ρε - ρref‖ = 8.909042016946499e-6 ‖Δρ‖ = 6.163616290633889e-6  ‖vε - vref‖ = 0.15996205181136108  α = 0.000294
 112   -13.00732390712      -10.95       -4.08    8.13s
    ‖ρε - ρref‖ = 2.0092013832257246e-5 ‖Δρ‖ = 1.785226117430576e-5  ‖vε - vref‖ = 0.16014165194330987  α = 0.000135
 113   -13.00732390713      -11.04       -4.44    14.1s
    ‖ρε - ρref‖ = 1.0461536498678987e-5 ‖Δρ‖ = 7.5348799896968225e-6  ‖vε - vref‖ = 0.16024794543460105  α = 0.000303
 114   -13.00732390713      -11.27       -4.88    8.06s
    ‖ρε - ρref‖ = 6.883346165268203e-6 ‖Δρ‖ = 3.2955283382620683e-6  ‖vε - vref‖ = 0.1602116153712594  α = 0.000528
 115   -13.00732390714      -11.07       -4.49    8.26s
    ‖ρε - ρref‖ = 1.0514577182218384e-5 ‖Δρ‖ = 7.175172465379176e-6  ‖vε - vref‖ = 0.16030492455983167  α = 0.000303
 116   -13.00732390715      -11.43       -4.18    8.17s
    ‖ρε - ρref‖ = 2.3032111318030463e-5 ‖Δρ‖ = 1.8356546739701962e-5  ‖vε - vref‖ = 0.1603899576526217  α = 6.89e-5
 117   -13.00732390715      -11.37       -3.52    7.67s
    ‖ρε - ρref‖ = 7.780781956173862e-5 ‖Δρ‖ = 8.014412795503816e-5  ‖vε - vref‖ = 0.16039492952754816  α = 1.8e-5
 118   -13.00732390716      -10.89       -5.03    14.0s
    ‖ρε - ρref‖ = 7.270943291341633e-6 ‖Δρ‖ = 1.6125245530518827e-6  ‖vε - vref‖ = 0.1605176612033682  α = 0.0017
 119   -13.00732390717      -11.34       -4.78    8.07s
    ‖ρε - ρref‖ = 9.260363069068668e-6 ‖Δρ‖ = 4.245861092836787e-6  ‖vε - vref‖ = 0.1605966855273557  α = 0.000371
 120   -13.00732390717      -11.60       -4.02    8.17s
    ‖ρε - ρref‖ = 2.7241339419957458e-5 ‖Δρ‖ = 2.921093395991078e-5  ‖vε - vref‖ = 0.16060058322638746  α = 3.94e-5
 121   -13.00732390718      -11.11       -4.72    8.08s
    ‖ρε - ρref‖ = 8.478075477495006e-6 ‖Δρ‖ = 3.985013537770503e-6  ‖vε - vref‖ = 0.16070034744746317  α = 0.000522
 122   -13.00732390719      -11.05       -4.81    8.02s
    ‖ρε - ρref‖ = 7.543381859503313e-6 ‖Δρ‖ = 2.9516302731804873e-6  ‖vε - vref‖ = 0.16070523844076637  α = 0.000767
 123   -13.00732390719      -11.53       -4.89    15.0s
    ‖ρε - ρref‖ = 7.4497427929332205e-6 ‖Δρ‖ = 3.48635251927645e-6  ‖vε - vref‖ = 0.1607211228241458  α = 0.000363
 124   -13.00732390720      -11.29       -4.30    7.61s
    ‖ρε - ρref‖ = 1.4969385676062633e-5 ‖Δρ‖ = 1.2406901761858839e-5  ‖vε - vref‖ = 0.16077307747302938  α = 0.000133
 125   -13.00732390720      -11.02       -4.55    7.65s
    ‖ρε - ρref‖ = 9.493703205095445e-6 ‖Δρ‖ = 5.68192482620797e-6  ‖vε - vref‖ = 0.16088719027408616  α = 0.000404
 126   -13.00732390721      -11.12       -4.65    8.17s
    ‖ρε - ρref‖ = 8.365381976782068e-6 ‖Δρ‖ = 5.133352482563469e-6  ‖vε - vref‖ = 0.1608788816603178  α = 0.000394
 127   -13.00732390722      -11.35       -4.72    7.87s
    ‖ρε - ρref‖ = 8.506923016580668e-6 ‖Δρ‖ = 4.7684149946660855e-6  ‖vε - vref‖ = 0.16090106767607193  α = 0.000324
 128   -13.00732390722      -11.93       -3.95    15.5s
    ‖ρε - ρref‖ = 4.869259192544812e-5 ‖Δρ‖ = 4.3462537838022327e-5  ‖vε - vref‖ = 0.1609157306765289  α = 1.53e-5
 129   -13.00732390723      -11.09       -4.14    8.72s
    ‖ρε - ρref‖ = 1.5594398712441484e-5 ‖Δρ‖ = 1.5454558557263607e-5  ‖vε - vref‖ = 0.16085897142275102  α = 0.000136
 130   -13.00732390723      -11.04       -4.42    8.69s
    ‖ρε - ρref‖ = 9.950325207494958e-6 ‖Δρ‖ = 7.721606940652592e-6  ‖vε - vref‖ = 0.1607979753187331  α = 0.000293
 131   -13.00732390724      -11.16       -4.71    8.15s
    ‖ρε - ρref‖ = 9.306742483750996e-6 ‖Δρ‖ = 4.2278128945465065e-6  ‖vε - vref‖ = 0.16088473177681073  α = 0.000465
 132   -13.00732390724      -11.84       -4.30    14.7s
    ‖ρε - ρref‖ = 1.5319357524765507e-5 ‖Δρ‖ = 1.7109247052241398e-5  ‖vε - vref‖ = 0.16086782197288577  α = 5.07e-5
 133   -13.00732390725      -11.06       -4.38    7.87s
    ‖ρε - ρref‖ = 1.0405687712245327e-5 ‖Δρ‖ = 7.764298716466358e-6  ‖vε - vref‖ = 0.1608288440044523  α = 0.000289
 134   -13.00732390726      -11.06       -4.83    8.36s
    ‖ρε - ρref‖ = 7.866948467368845e-6 ‖Δρ‖ = 2.7126133613006354e-6  ‖vε - vref‖ = 0.16088132623715956  α = 0.000827
 135   -13.00732390727      -11.13       -4.97    8.58s
    ‖ρε - ρref‖ = 7.254767640029783e-6 ‖Δρ‖ = 2.026493281940674e-6  ‖vε - vref‖ = 0.1607934158040681  α = 0.00101
 136   -13.00732390727      -11.92       -4.44    8.43s
    ‖ρε - ρref‖ = 1.4392067382678466e-5 ‖Δρ‖ = 1.1545394231245886e-5  ‖vε - vref‖ = 0.16078023108627032  α = 6.74e-5
 137   -13.00732390727      -11.53       -4.84    15.7s
    ‖ρε - ρref‖ = 7.654996874481786e-6 ‖Δρ‖ = 3.5484121082704602e-6  ‖vε - vref‖ = 0.16072230236855975  α = 0.00036
 138   -13.00732390728      -11.36       -4.88    8.70s
    ‖ρε - ρref‖ = 7.580523393395872e-6 ‖Δρ‖ = 2.6734459512071428e-6  ‖vε - vref‖ = 0.16066947894231626  α = 0.000595
 139   -13.00732390728      -11.75       -4.92    8.07s
    ‖ρε - ρref‖ = 6.788173149542443e-6 ‖Δρ‖ = 3.345279132373001e-6  ‖vε - vref‖ = 0.1606728463299156  α = 0.000271
 140   -13.00732390728      -11.63       -3.66    7.73s
    ‖ρε - ρref‖ = 5.844553641332189e-5 ‖Δρ‖ = 5.409244109650096e-5  ‖vε - vref‖ = 0.16068474128986138  α = 1.86e-5
 141   -13.00732390729      -11.36       -4.42    8.00s
    ‖ρε - ρref‖ = 9.580726709497728e-6 ‖Δρ‖ = 7.687774960900925e-6  ‖vε - vref‖ = 0.16063185275482822  α = 0.000203
 142   -13.00732390729      -11.55       -4.43    14.4s
    ‖ρε - ρref‖ = 1.0975796366354896e-5 ‖Δρ‖ = 8.350882354172716e-6  ‖vε - vref‖ = 0.1606012764143559  α = 0.000151
 143   -13.00732390729      -11.55       -5.11    8.47s
    ‖ρε - ρref‖ = 7.78421176143294e-6 ‖Δρ‖ = 1.681576200763347e-6  ‖vε - vref‖ = 0.1606239000411175  α = 0.000748
 144   -13.00732390729      -12.11       -4.31    8.59s
    ‖ρε - ρref‖ = 1.4318537293858716e-5 ‖Δρ‖ = 1.5869736664249942e-5  ‖vε - vref‖ = 0.16060386254552422  α = 4.03e-5
 145   -13.00732390729      -11.60       -4.64    8.61s
    ‖ρε - ρref‖ = 8.419144249706173e-6 ‖Δρ‖ = 4.973252090045689e-6  ‖vε - vref‖ = 0.16055096176793196  α = 0.000243
 146   -13.00732390730      -11.41       -4.96    8.65s
    ‖ρε - ρref‖ = 7.495634992767921e-6 ‖Δρ‖ = 2.081091043884191e-6  ‖vε - vref‖ = 0.16050475286332086  α = 0.000722
 147   -13.00732390730      -11.38       -4.87    15.0s
    ‖ρε - ρref‖ = 7.380406725108474e-6 ‖Δρ‖ = 2.5171772463811903e-6  ‖vε - vref‖ = 0.1604313586914752  α = 0.000616
 148   -13.00732390730      -11.88       -4.95    8.61s
    ‖ρε - ρref‖ = 8.306898388135963e-6 ‖Δρ‖ = 2.905393028183096e-6  ‖vε - vref‖ = 0.16044591559959898  α = 0.000285
 149   -13.00732390730      -11.83       -4.45    8.08s
    ‖ρε - ρref‖ = 1.123014582910141e-5 ‖Δρ‖ = 8.697936579054144e-6  ‖vε - vref‖ = 0.160444127327372  α = 0.000104
 150   -13.00732390731      -11.44       -4.93    7.67s
    ‖ρε - ρref‖ = 7.264139882535899e-6 ‖Δρ‖ = 2.0768422981021595e-6  ‖vε - vref‖ = 0.16035755829197473  α = 0.000702
 151   -13.00732390731      -12.26       -5.04    7.92s
    ‖ρε - ρref‖ = 5.9479073667431555e-6 ‖Δρ‖ = 2.9715628122153885e-6  ‖vε - vref‖ = 0.16034718867641506  α = 0.000159
 152   -13.00732390731      -11.74       -3.89    15.1s
    ‖ρε - ρref‖ = 3.093096033188688e-5 ‖Δρ‖ = 2.7921719351607438e-5  ‖vε - vref‖ = 0.16033281968891516  α = 3.45e-5
 153   -13.00732390731      -11.93       -5.11    8.78s
    ‖ρε - ρref‖ = 7.090034256386533e-6 ‖Δρ‖ = 2.0196537869134596e-6  ‖vε - vref‖ = 0.16030944691485322  α = 0.000388
 154   -13.00732390731      -11.69       -4.63    8.77s
    ‖ρε - ρref‖ = 8.982168959156597e-6 ‖Δρ‖ = 4.850083525518632e-6  ‖vε - vref‖ = 0.16030052361639194  α = 0.000223
 155   -13.00732390732      -11.91       -4.83    7.96s
    ‖ρε - ρref‖ = 8.419799737830432e-6 ‖Δρ‖ = 3.549001422266647e-6  ‖vε - vref‖ = 0.1603000363717162  α = 0.000233
 156   -13.00732390732      -12.62       -4.74    8.38s
    ‖ρε - ρref‖ = 7.036440430940129e-6 ‖Δρ‖ = 6.779461640235743e-6  ‖vε - vref‖ = 0.16028839726521316  α = 5.16e-5
 157   -13.00732390732      -11.60       -4.90    14.0s
    ‖ρε - ρref‖ = 7.455864899914538e-6 ‖Δρ‖ = 2.5054745524292754e-6  ‖vε - vref‖ = 0.16024486360657167  α = 0.000473
 158   -13.00732390732      -11.61       -4.78    7.63s
    ‖ρε - ρref‖ = 8.295602611690565e-6 ‖Δρ‖ = 3.334283220487623e-6  ‖vε - vref‖ = 0.1602504009668755  α = 0.000357
 159   -13.00732390732      -11.66       -5.16    8.13s
    ‖ρε - ρref‖ = 7.089874608800849e-6 ‖Δρ‖ = 1.4160212719208687e-6  ‖vε - vref‖ = 0.16019631253079974  α = 0.000793
 160   -13.00732390732      -11.64       -4.82    8.08s
    ‖ρε - ρref‖ = 8.133250526488625e-6 ‖Δρ‖ = 3.1114281179633194e-6  ‖vε - vref‖ = 0.16017789573612431  α = 0.000368
 161   -13.00732390733      -12.20       -4.71    7.88s
    ‖ρε - ρref‖ = 8.681312294574917e-6 ‖Δρ‖ = 6.061095933240987e-6  ‖vε - vref‖ = 0.16016415298907294  α = 9.22e-5
 162   -13.00732390733      -11.55       -4.82    14.7s
    ‖ρε - ρref‖ = 7.772571041323154e-6 ‖Δρ‖ = 2.976680315604641e-6  ‖vε - vref‖ = 0.16011061667462642  α = 0.000429
 163   -13.00732390733      -12.49       -5.11    7.92s
    ‖ρε - ρref‖ = 5.520353703679277e-6 ‖Δρ‖ = 3.1011855135613714e-6  ‖vε - vref‖ = 0.16010031707821962  α = 0.000112
 164   -13.00732390733      -11.45       -4.11    8.21s
    ‖ρε - ρref‖ = 1.68658767561526e-5 ‖Δρ‖ = 1.4223735500821335e-5  ‖vε - vref‖ = 0.16004148521597314  α = 9.89e-5
 165   -13.00732390733      -11.64       -4.96    7.64s
    ‖ρε - ρref‖ = 7.288353194352434e-6 ‖Δρ‖ = 2.274771983174202e-6  ‖vε - vref‖ = 0.15999576109786925  α = 0.000507
 166   -13.00732390734      -11.98       -4.87    7.85s
    ‖ρε - ρref‖ = 8.65661668671039e-6 ‖Δρ‖ = 3.651917035006461e-6  ‖vε - vref‖ = 0.16000643531168757  α = 0.000206
 167   -13.00732390734      -11.77       -4.72    13.8s
    ‖ρε - ρref‖ = 8.824084953431172e-6 ‖Δρ‖ = 4.212606930923865e-6  ‖vε - vref‖ = 0.16000804520510603  α = 0.000234
 168   -13.00732390734      -12.53       -4.69    7.76s
    ‖ρε - ρref‖ = 7.337764379137301e-6 ‖Δρ‖ = 7.540490452107476e-6  ‖vε - vref‖ = 0.15999091291630688  α = 5.02e-5
 169   -13.00732390734      -11.63       -4.85    7.57s
    ‖ρε - ρref‖ = 7.476796477240631e-6 ‖Δρ‖ = 2.9028159893237862e-6  ‖vε - vref‖ = 0.15988647391119018  α = 0.000398
 170   -13.00732390734      -11.69       -4.92    8.30s
    ‖ρε - ρref‖ = 7.781349790711892e-6 ‖Δρ‖ = 2.7074176975475435e-6  ‖vε - vref‖ = 0.1598366528819137  α = 0.000391
 171   -13.00732390734      -11.69       -4.89    8.68s
    ‖ρε - ρref‖ = 7.506624285067234e-6 ‖Δρ‖ = 2.6869201560713675e-6  ‖vε - vref‖ = 0.1597851654942283  α = 0.000402
 172   -13.00732390735      -11.55       -5.10    15.6s
    ‖ρε - ρref‖ = 7.515445599167867e-6 ‖Δρ‖ = 1.5297687224357548e-6  ‖vε - vref‖ = 0.15977133638019037  α = 0.000828
 173   -13.00732390735      -12.24       -4.78    8.85s
    ‖ρε - ρref‖ = 7.834426305816548e-6 ‖Δρ‖ = 5.199330430625858e-6  ‖vε - vref‖ = 0.15974931103251697  α = 0.000103
 174   -13.00732390735      -12.02       -4.78    8.36s
    ‖ρε - ρref‖ = 8.123124485078893e-6 ‖Δρ‖ = 4.324187248413576e-6  ‖vε - vref‖ = 0.15971181027619105  α = 0.000167
 175   -13.00732390735      -12.57       -4.98    8.48s
    ‖ρε - ρref‖ = 5.287434655288525e-6 ‖Δρ‖ = 4.201701101084585e-6  ‖vε - vref‖ = 0.15970109695830437  α = 7.8e-5
 176   -13.00732390735      -11.48       -4.14    8.66s
    ‖ρε - ρref‖ = 1.5732615369158917e-5 ‖Δρ‖ = 1.2766815805880411e-5  ‖vε - vref‖ = 0.15963874858457472  α = 0.000107
 177   -13.00732390735      -11.84       -4.94    13.9s
    ‖ρε - ρref‖ = 7.577898466968769e-6 ‖Δρ‖ = 2.704459757198086e-6  ‖vε - vref‖ = 0.15960514327413383  α = 0.000334
 178   -13.00732390736      -11.67       -5.18    7.82s
    ‖ρε - ρref‖ = 7.292718601249498e-6 ‖Δρ‖ = 1.293911774223668e-6  ‖vε - vref‖ = 0.15956701629099063  α = 0.000853
 179   -13.00732390736      -12.10       -4.90    7.68s
    ‖ρε - ρref‖ = 7.909495557872119e-6 ‖Δρ‖ = 3.3803859331553822e-6  ‖vε - vref‖ = 0.15954628920318598  α = 0.000195
 180   -13.00732390736      -12.11       -4.58    8.04s
    ‖ρε - ρref‖ = 7.63575734555993e-6 ‖Δρ‖ = 7.071876363332367e-6  ‖vε - vref‖ = 0.1595154312125298  α = 9.02e-5
 181   -13.00732390736      -11.90       -4.32    7.97s
    ‖ρε - ρref‖ = 1.434214929454522e-5 ‖Δρ‖ = 1.0559434727761276e-5  ‖vε - vref‖ = 0.15950159219096016  α = 7.91e-5
 182   -13.00732390736      -11.58       -5.59    15.2s
    ‖ρε - ρref‖ = 7.168738513494839e-6 ‖Δρ‖ = 4.341121937566073e-7  ‖vε - vref‖ = 0.15944606523844507  α = 0.00283
 183   -13.00732390736      -11.80       -4.78    8.69s
    ‖ρε - ρref‖ = 7.306173160485068e-6 ‖Δρ‖ = 3.4049372046118204e-6  ‖vε - vref‖ = 0.15937072863410479  α = 0.000278
 184   -13.00732390736      -12.06       -5.09    8.11s
    ‖ρε - ρref‖ = 7.590530743397833e-6 ‖Δρ‖ = 1.860676508522878e-6  ‖vε - vref‖ = 0.1593718779150539  α = 0.000375
 185   -13.00732390736      -12.29       -5.05    8.30s
    ‖ρε - ρref‖ = 7.241700063964836e-6 ‖Δρ‖ = 2.250181653440619e-6  ‖vε - vref‖ = 0.15937113958260957  α = 0.000234
 186   -13.00732390736      -12.14       -4.62    8.69s
    ‖ρε - ρref‖ = 9.999852984592327e-6 ‖Δρ‖ = 5.524021979826583e-6  ‖vε - vref‖ = 0.15937789896173427  α = 0.000112
 187   -13.00732390736      -13.35       -4.66    14.7s
    ‖ρε - ρref‖ = 8.292110170078416e-6 ‖Δρ‖ = 1.1252122120179739e-5  ‖vε - vref‖ = 0.15937423324214478  α = 1.19e-5
 188   -13.00732390737      -12.03       -5.12    8.30s
    ‖ρε - ρref‖ = 7.365766720163576e-6 ‖Δρ‖ = 1.5823637414912166e-6  ‖vε - vref‖ = 0.15936180793984994  α = 0.000464
 189   -13.00732390737      -11.96       -5.14    8.47s
    ‖ρε - ρref‖ = 7.073454638802381e-6 ‖Δρ‖ = 1.441070257542795e-6  ‖vε - vref‖ = 0.1593282143615515  α = 0.000546
 190   -13.00732390737      -11.97       -5.03    8.76s
    ‖ρε - ρref‖ = 7.665215156879076e-6 ‖Δρ‖ = 1.8922818931580597e-6  ‖vε - vref‖ = 0.15934174495304282  α = 0.000414
 191   -13.00732390737      -12.28       -5.26    8.68s
    ‖ρε - ρref‖ = 7.374578812804921e-6 ‖Δρ‖ = 1.3334181268821674e-6  ‖vε - vref‖ = 0.1593303076770931  α = 0.000403
 192   -13.00732390737      -12.53       -4.54    15.8s
    ‖ρε - ρref‖ = 8.299152482768377e-6 ‖Δρ‖ = 8.475675918917094e-6  ‖vε - vref‖ = 0.15931284678550756  α = 4.62e-5
 193   -13.00732390737      -12.53       -4.86    8.84s
    ‖ρε - ρref‖ = 8.923240493706612e-6 ‖Δρ‖ = 3.955316596721216e-6  ‖vε - vref‖ = 0.1593115092809212  α = 0.000105
 194   -13.00732390737      -12.00       -5.17    8.49s
    ‖ρε - ρref‖ = 7.1400942340213474e-6 ‖Δρ‖ = 1.3596658924727081e-6  ‖vε - vref‖ = 0.15928833697902214  α = 0.000556
 195   -13.00732390737      -12.14       -5.18    7.56s
    ‖ρε - ρref‖ = 7.36818568149019e-6 ‖Δρ‖ = 1.478884125921379e-6  ‖vε - vref‖ = 0.15929576954182367  α = 0.000429
 196   -13.00732390737      -11.73       -5.36    7.75s
    ‖ρε - ρref‖ = 7.210073128861972e-6 ‖Δρ‖ = 7.063155569094169e-7  ‖vε - vref‖ = 0.1593240245884892  α = 0.00148
 197   -13.00732390737      -12.42       -5.22    13.8s
    ‖ρε - ρref‖ = 6.827696571526351e-6 ‖Δρ‖ = 1.6433210045364475e-6  ‖vε - vref‖ = 0.1593083053498754  α = 0.000278
 198   -13.00732390737      -12.45       -4.74    8.29s
    ‖ρε - ρref‖ = 1.0263776869874576e-5 ‖Δρ‖ = 5.244805610885668e-6  ‖vε - vref‖ = 0.1593078578782666  α = 8.16e-5
 199   -13.00732390737      -12.62       -4.21    8.27s
    ‖ρε - ρref‖ = 1.794965280141137e-5 ‖Δρ‖ = 2.0690164779987588e-5  ‖vε - vref‖ = 0.1592977419406156  α = 1.43e-5
 200   -13.00732390737      -12.05       -4.89    8.55s
    ‖ρε - ρref‖ = 7.943567795754729e-6 ‖Δρ‖ = 2.801175566356049e-6  ‖vε - vref‖ = 0.15930580295623145  α = 0.00025
 201   -13.00732390738      -11.82       -5.35    8.05s
    ‖ρε - ρref‖ = 7.1769092419329016e-6 ‖Δρ‖ = 8.395116309701478e-7  ‖vε - vref‖ = 0.15931577387355716  α = 0.0011
 202   -13.00732390738      -11.90       -5.13    14.0s
    ‖ρε - ρref‖ = 7.349857096090888e-6 ‖Δρ‖ = 1.410306720541281e-6  ‖vε - vref‖ = 0.1593298983752117  α = 0.000613
 203   -13.00732390738      -12.01       -4.97    7.68s
    ‖ρε - ρref‖ = 7.716643222119797e-6 ‖Δρ‖ = 2.331146488416892e-6  ‖vε - vref‖ = 0.15932672324913227  α = 0.000314
 204   -13.00732390738      -12.57       -4.47    8.10s
    ‖ρε - ρref‖ = 9.81074078323574e-6 ‖Δρ‖ = 1.0693167571894832e-5  ‖vε - vref‖ = 0.1593156955701021  α = 3.44e-5
 205   -13.00732390738      -12.35       -5.09    8.35s
    ‖ρε - ρref‖ = 7.936781964492918e-6 ‖Δρ‖ = 2.109398744561434e-6  ‖vε - vref‖ = 0.15932258346015  α = 0.000239
 206   -13.00732390738      -12.14       -4.90    7.76s
    ‖ρε - ρref‖ = 7.505512108061029e-6 ‖Δρ‖ = 2.9073274939196133e-6  ‖vε - vref‖ = 0.15930580318175316  α = 0.000217
 207   -13.00732390738      -11.96       -5.05    13.6s
    ‖ρε - ρref‖ = 7.105856478879107e-6 ‖Δρ‖ = 1.7783910414951257e-6  ‖vε - vref‖ = 0.1592582504312143  α = 0.000444
 208   -13.00732390738      -11.93       -5.26    7.83s
    ‖ρε - ρref‖ = 7.286626123863456e-6 ‖Δρ‖ = 9.897768587875735e-7  ‖vε - vref‖ = 0.1592716832485853  α = 0.00084
 209   -13.00732390738      -12.22       -5.32    8.21s
    ‖ρε - ρref‖ = 7.067220123695315e-6 ‖Δρ‖ = 1.0969463413619663e-6  ‖vε - vref‖ = 0.15926713028216624  α = 0.000522
 210   -13.00732390738      -13.35       -4.74    7.65s
    ‖ρε - ρref‖ = 1.3486723720208975e-5 ‖Δρ‖ = 7.589805621558364e-6  ‖vε - vref‖ = 0.15927148553394843  α = 2.07e-5
 211   -13.00732390738      -12.69       -4.71    7.91s
    ‖ρε - ρref‖ = 9.007467453345692e-6 ‖Δρ‖ = 6.085311608524802e-6  ‖vε - vref‖ = 0.1592712370938497  α = 4.85e-5
 212   -13.00732390738      -12.16       -4.94    13.7s
    ‖ρε - ρref‖ = 7.41239183867661e-6 ‖Δρ‖ = 2.3817693007398645e-6  ‖vε - vref‖ = 0.159270090078643  α = 0.000259
 213   -13.00732390738      -12.26       -5.26    7.64s
    ‖ρε - ρref‖ = 7.222443366856674e-6 ‖Δρ‖ = 1.2290549132405023e-6  ‖vε - vref‖ = 0.15927476246602046  α = 0.00045
 214   -13.00732390738      -12.15       -5.30    7.62s
    ‖ρε - ρref‖ = 7.417034779481635e-6 ‖Δρ‖ = 1.0776402641915629e-6  ‖vε - vref‖ = 0.15929911206666444  α = 0.000583
 215   -13.00732390739      -11.92       -5.01    7.63s
    ‖ρε - ρref‖ = 7.2102049377484455e-6 ‖Δρ‖ = 1.7620587901810896e-6  ‖vε - vref‖ = 0.15927109923655994  α = 0.00047
 216   -13.00732390739      -13.29       -4.92    7.64s
    ‖ρε - ρref‖ = 6.307834570950326e-6 ‖Δρ‖ = 4.855033099748171e-6  ‖vε - vref‖ = 0.1592653563238371  α = 3.75e-5
 217   -13.00732390739      -11.93       -5.39    13.6s
    ‖ρε - ρref‖ = 7.267017910900467e-6 ‖Δρ‖ = 7.380365279669622e-7  ‖vε - vref‖ = 0.1592711637321012  α = 0.00111
 218   -13.00732390739      -12.24       -4.71    7.63s
    ‖ρε - ρref‖ = 7.827544188641957e-6 ‖Δρ‖ = 4.667833688524858e-6  ‖vε - vref‖ = 0.15925946901693205  α = 0.00012
 219   -13.00732390739      -12.22       -5.07    7.63s
    ‖ρε - ρref‖ = 7.35379149027117e-6 ‖Δρ‖ = 1.8436923357845186e-6  ‖vε - vref‖ = 0.15925902609656706  α = 0.000318
 220   -13.00732390739      -12.40       -5.22    7.70s
    ‖ρε - ρref‖ = 7.42663660133909e-6 ‖Δρ‖ = 1.4446244554469043e-6  ‖vε - vref‖ = 0.15927076386250416  α = 0.000331
 221   -13.00732390739      -12.01       -5.59    8.03s
    ‖ρε - ρref‖ = 7.028672465846119e-6 ‖Δρ‖ = 4.6713646600470805e-7  ‖vε - vref‖ = 0.1592538816044612  α = 0.00159
 222   -13.00732390739      -12.99       -4.33    14.4s
    ‖ρε - ρref‖ = 2.3983872466526577e-5 ‖Δρ‖ = 1.8638754670664454e-5  ‖vε - vref‖ = 0.15925719020655102  α = 9.99e-6
 223   -13.00732390739      -12.51       -5.06    7.82s
    ‖ρε - ρref‖ = 7.83410631838981e-6 ‖Δρ‖ = 2.384109478734425e-6  ‖vε - vref‖ = 0.15926698995119515  α = 0.000166
 224   -13.00732390739      -12.33       -4.78    8.19s
    ‖ρε - ρref‖ = 8.152238587972417e-6 ‖Δρ‖ = 3.983298366300756e-6  ‖vε - vref‖ = 0.15927759847903397  α = 0.000128
 225   -13.00732390739      -11.91       -5.23    8.06s
    ‖ρε - ρref‖ = 7.163783605427211e-6 ‖Δρ‖ = 1.0547895461418497e-6  ‖vε - vref‖ = 0.15928460793813204  α = 0.000794
 226   -13.00732390739      -12.26       -5.38    7.59s
    ‖ρε - ρref‖ = 7.3186322773112615e-6 ‖Δρ‖ = 1.0211887795040688e-6  ‖vε - vref‖ = 0.15930266196454443  α = 0.000531
 227   -13.00732390739      -12.27       -5.20    8.00s
    ‖ρε - ρref‖ = 7.302763705772825e-6 ‖Δρ‖ = 1.4923610411257356e-6  ‖vε - vref‖ = 0.15929890242524283  α = 0.000359
 228   -13.00732390739      -12.97       -4.87    13.9s
    ‖ρε - ρref‖ = 6.4474116671086036e-6 ‖Δρ‖ = 4.905016959491723e-6  ‖vε - vref‖ = 0.1592922185932134  α = 4.88e-5
 229   -13.00732390739      -12.16       -5.03    8.11s
    ‖ρε - ρref‖ = 7.723839943419708e-6 ‖Δρ‖ = 1.9876532231349716e-6  ‖vε - vref‖ = 0.15929582748054552  α = 0.000316
 230   -13.00732390739      -12.20       -5.19    7.78s
    ‖ρε - ρref‖ = 6.950938436853019e-6 ‖Δρ‖ = 1.4764000390489407e-6  ‖vε - vref‖ = 0.15926854695110432  α = 0.000403
 231   -13.00732390739      -12.48       -4.98    7.62s
    ‖ρε - ρref‖ = 7.974099273166273e-6 ‖Δρ‖ = 2.938175609063575e-6  ‖vε - vref‖ = 0.15927033491031461  α = 0.000141
 232   -13.00732390740      -12.08       -5.20    7.53s
    ‖ρε - ρref‖ = 7.364813195927848e-6 ‖Δρ‖ = 1.3119270172082208e-6  ‖vε - vref‖ = 0.15929665677497154  α = 0.000527
 233   -13.00732390740      -12.13       -5.29    13.5s
    ‖ρε - ρref‖ = 6.959042215472807e-6 ‖Δρ‖ = 1.0371177565687757e-6  ‖vε - vref‖ = 0.1592958738251671  α = 0.000618
 234   -13.00732390740      -13.13       -4.39    7.59s
    ‖ρε - ρref‖ = 2.262312815496085e-5 ‖Δρ‖ = 1.7278942053310715e-5  ‖vε - vref‖ = 0.15929986042044725  α = 9.59e-6
 235   -13.00732390740      -12.31       -5.28    7.61s
    ‖ρε - ρref‖ = 7.396315704097102e-6 ‖Δρ‖ = 1.2122515746609177e-6  ‖vε - vref‖ = 0.15932126577382175  α = 0.000419
 236   -13.00732390740      -12.65       -4.94    7.71s
    ‖ρε - ρref‖ = 7.4400370295077085e-6 ‖Δρ‖ = 3.1926480607533558e-6  ‖vε - vref‖ = 0.15932449994824271  α = 0.00011
 237   -13.00732390740      -12.24       -4.92    7.58s
    ‖ρε - ρref‖ = 7.591751000480363e-6 ‖Δρ‖ = 2.5234135939916354e-6  ‖vε - vref‖ = 0.1593312073309864  α = 0.000226
 238   -13.00732390740      -12.00       -5.31    14.1s
    ‖ρε - ρref‖ = 7.1519355212804955e-6 ‖Δρ‖ = 8.599809011116181e-7  ‖vε - vref‖ = 0.15932800631050972  α = 0.000881
 239   -13.00732390740      -12.31       -5.63    7.55s
    ‖ρε - ρref‖ = 7.162213126589387e-6 ‖Δρ‖ = 4.4709183942312114e-7  ‖vε - vref‖ = 0.1593360869195068  α = 0.00117
 240   -13.00732390740      -12.98       -4.73    7.91s
    ‖ρε - ρref‖ = 6.984191394593543e-6 ‖Δρ‖ = 5.947660127078381e-6  ‖vε - vref‖ = 0.15933432816570994  α = 3.75e-5
 241   -13.00732390740      -12.69       -5.12    8.03s
    ‖ρε - ρref‖ = 7.866272276000515e-6 ‖Δρ‖ = 1.800197642347917e-6  ‖vε - vref‖ = 0.15935950810238655  α = 0.000202
 242   -13.00732390740      -12.51       -5.53    8.63s
    ‖ρε - ρref‖ = 7.085600789676631e-6 ‖Δρ‖ = 6.676193466535593e-7  ‖vε - vref‖ = 0.1593663261971633  α = 0.000592
 243   -13.00732390740      -12.44       -5.16    15.8s
    ‖ρε - ρref‖ = 7.445326713111839e-6 ‖Δρ‖ = 1.4621049214971267e-6  ‖vε - vref‖ = 0.15938490334110098  α = 0.000306
 244   -13.00732390740      -12.55       -4.90    8.25s
    ‖ρε - ρref‖ = 7.445735443769486e-6 ‖Δρ‖ = 2.7589319135693133e-6  ‖vε - vref‖ = 0.1593924608304973  α = 0.000149
 245   -13.00732390740      -12.53       -5.53    7.74s
    ‖ρε - ρref‖ = 6.898024157199058e-6 ‖Δρ‖ = 6.706621002075857e-7  ‖vε - vref‖ = 0.15939628638077707  α = 0.000553
 246   -13.00732390740      -12.98       -4.18    7.76s
    ‖ρε - ρref‖ = 2.4018791985198525e-5 ‖Δρ‖ = 1.951636493216649e-5  ‖vε - vref‖ = 0.159403320493542  α = 1.15e-5
 247   -13.00732390740      -12.41       -5.42    7.62s
    ‖ρε - ρref‖ = 7.268960454821824e-6 ‖Δρ‖ = 7.577136209164918e-7  ‖vε - vref‖ = 0.15943588159803973  α = 0.000616
 248   -13.00732390740      -12.89       -5.19    13.6s
    ‖ρε - ρref‖ = 7.036082572953103e-6 ‖Δρ‖ = 1.782661888593315e-6  ‖vε - vref‖ = 0.1594400598334244  α = 0.000154
 249   -13.00732390740      -12.55       -4.95    8.12s
    ‖ρε - ρref‖ = 7.582397883683084e-6 ‖Δρ‖ = 2.5717394267911596e-6  ‖vε - vref‖ = 0.15944851538694854  α = 0.000145
 250   -13.00732390740      -12.56       -5.55    7.92s
    ‖ρε - ρref‖ = 7.199862597743557e-6 ‖Δρ‖ = 5.563816760986053e-7  ‖vε - vref‖ = 0.1594687468606053  α = 0.00074
 251   -13.00732390740      -12.60       -5.31    7.64s
    ‖ρε - ρref‖ = 7.156137469761459e-6 ‖Δρ‖ = 1.0460099651278792e-6  ‖vε - vref‖ = 0.15947404722343275  α = 0.000371
 252   -13.00732390740      -13.00       -5.42    7.67s
    ‖ρε - ρref‖ = 6.636491443498575e-6 ‖Δρ‖ = 1.2031916552511396e-6  ‖vε - vref‖ = 0.15947128541389707  α = 0.000178
 253   -13.00732390740      -12.42       -4.75    15.5s
    ‖ρε - ρref‖ = 8.327442571660489e-6 ‖Δρ‖ = 3.45169856622408e-6  ‖vε - vref‖ = 0.15948558955693712  α = 0.000136
 254   -13.00732390740      -12.34       -5.35    8.44s
    ‖ρε - ρref‖ = 7.202232594492432e-6 ‖Δρ‖ = 8.260317742617974e-7  ‖vε - vref‖ = 0.15952120160787117  α = 0.000623
 255   -13.00732390740      -12.84       -5.61    8.50s
    ‖ρε - ρref‖ = 7.331390770103064e-6 ‖Δρ‖ = 6.424327243214278e-7  ‖vε - vref‖ = 0.15954201838239512  α = 0.000431
 256   -13.00732390740      -12.66       -5.13    8.29s
    ‖ρε - ρref‖ = 7.241021377232052e-6 ‖Δρ‖ = 1.5890120082336736e-6  ‖vε - vref‖ = 0.1595551550095739  α = 0.000225
 257   -13.00732390740      -12.91       -5.15    7.78s
    ‖ρε - ρref‖ = 6.310162913111644e-6 ‖Δρ‖ = 1.9523101654945726e-6  ‖vε - vref‖ = 0.1595524564362144  α = 0.000109
 258   -13.00732390740      -13.08       -4.35    14.9s
    ‖ρε - ρref‖ = 1.722984251768031e-5 ‖Δρ‖ = 1.3224193923937505e-5  ‖vε - vref‖ = 0.1595552189744313  α = 1.48e-5
 259   -13.00732390740      -12.69       -5.63    8.47s
    ‖ρε - ρref‖ = 7.135641193664377e-6 ‖Δρ‖ = 4.895878112474745e-7  ‖vε - vref‖ = 0.15955454145482076  α = 0.000698
 260   -13.00732390740      -12.92       -5.65    7.77s
    ‖ρε - ρref‖ = 7.078987633934278e-6 ‖Δρ‖ = 5.382340475968375e-7  ‖vε - vref‖ = 0.15955367415448946  α = 0.000525
 261   -13.00732390740      -12.70       -4.90    7.58s
    ‖ρε - ρref‖ = 7.998297015824753e-6 ‖Δρ‖ = 2.935604072063577e-6  ‖vε - vref‖ = 0.1595567075984048  α = 0.000104
 262   -13.00732390740      -12.51       -5.28    7.73s
    ‖ρε - ρref‖ = 7.159556308423977e-6 ‖Δρ‖ = 1.0068841731562781e-6  ‖vε - vref‖ = 0.1595606683403972  α = 0.000422
 263   -13.00732390740      -12.35       -5.59    7.63s
    ‖ρε - ρref‖ = 7.142569432882361e-6 ‖Δρ‖ = 4.4701161226872306e-7  ‖vε - vref‖ = 0.1595847588093883  α = 0.00113
 264   -13.00732390740      -13.21       -5.13    15.1s
    ‖ρε - ρref‖ = 6.746944538862068e-6 ‖Δρ‖ = 2.284570091236854e-6  ‖vε - vref‖ = 0.15958835175559077  α = 8.26e-5
 265   -13.00732390741      -12.90       -4.93    8.03s
    ‖ρε - ρref‖ = 8.930380675258784e-6 ‖Δρ‖ = 3.194197465878878e-6  ‖vε - vref‖ = 0.1596068859701974  α = 7.85e-5
 266   -13.00732390741      -12.70       -5.70    8.29s
    ‖ρε - ρref‖ = 7.1179915413192755e-6 ‖Δρ‖ = 4.0071735263110215e-7  ‖vε - vref‖ = 0.15961160446817918  α = 0.000848
 267   -13.00732390741      -12.74       -5.43    8.55s
    ‖ρε - ρref‖ = 7.158474726889647e-6 ‖Δρ‖ = 7.776116968848984e-7  ‖vε - vref‖ = 0.1596143840215633  α = 0.000415
 268   -13.00732390741      -12.96       -5.61    8.50s
    ‖ρε - ρref‖ = 7.135539582942635e-6 ‖Δρ‖ = 5.942029940455626e-7  ‖vε - vref‖ = 0.15961761984040185  α = 0.000409
 269   -13.00732390741      -13.75       -4.97    14.3s
    ‖ρε - ρref‖ = 5.728122975749871e-6 ‖Δρ‖ = 3.859780608650946e-6  ‖vε - vref‖ = 0.15961720538540897  α = 2.81e-5
 270   -13.00732390741      -12.87       -4.68    8.26s
    ‖ρε - ρref‖ = 1.0028424756282745e-5 ‖Δρ‖ = 4.976473691359496e-6  ‖vε - vref‖ = 0.15962833596753262  α = 4.94e-5
 271   -13.00732390741      -12.73       -5.68    8.78s
    ‖ρε - ρref‖ = 7.175347444436309e-6 ‖Δρ‖ = 4.372676785504676e-7  ‖vε - vref‖ = 0.1596354287525185  α = 0.000769
 272   -13.00732390741      -12.71       -5.34    8.67s
    ‖ρε - ρref‖ = 6.983644987627202e-6 ‖Δρ‖ = 1.004590771685022e-6  ‖vε - vref‖ = 0.1596251144555319  α = 0.00033
 273   -13.00732390741      -13.16       -5.31    8.10s
    ‖ρε - ρref‖ = 7.484325968453708e-6 ‖Δρ‖ = 1.433864581680253e-6  ‖vε - vref‖ = 0.159627552841162  α = 0.000138
 274   -13.00732390741      -12.75       -5.13    14.5s
    ‖ρε - ρref‖ = 7.352960508761341e-6 ‖Δρ‖ = 1.6396553464034074e-6  ‖vε - vref‖ = 0.15963308486695854  α = 0.000193
 275   -13.00732390741      -12.54       -5.68    8.38s
    ‖ρε - ρref‖ = 7.119162481377607e-6 ‖Δρ‖ = 3.902391855035973e-7  ‖vε - vref‖ = 0.15963040785817376  α = 0.00105
 276   -13.00732390741      -13.03       -5.53    8.48s
    ‖ρε - ρref‖ = 6.870793455801331e-6 ‖Δρ‖ = 8.416146562954013e-7  ‖vε - vref‖ = 0.15963146329474062  α = 0.000257
 277   -13.00732390741      -12.71       -4.73    8.82s
    ‖ρε - ρref‖ = 9.383909457849388e-6 ‖Δρ‖ = 4.1901145339740184e-6  ‖vε - vref‖ = 0.1596481442347473  α = 7.69e-5
 278   -13.00732390741      -12.68       -5.54    8.71s
    ‖ρε - ρref‖ = 7.134811687094457e-6 ‖Δρ‖ = 6.147035024581696e-7  ‖vε - vref‖ = 0.15965469679762562  α = 0.000561
 279   -13.00732390741      -12.54       -5.39    16.6s
    ‖ρε - ρref‖ = 7.208402033169811e-6 ‖Δρ‖ = 7.755294739907798e-7  ‖vε - vref‖ = 0.15966298830073386  α = 0.000524
 280   -13.00732390741      -12.96       -5.57    8.30s
    ‖ρε - ρref‖ = 7.154304916780988e-6 ‖Δρ‖ = 6.797876298728646e-7  ‖vε - vref‖ = 0.15965786572091276  α = 0.000331
 281   -13.00732390741      -14.45       -4.77    7.70s
    ‖ρε - ρref‖ = 5.295457166250662e-6 ‖Δρ‖ = 7.357307749509386e-6  ‖vε - vref‖ = 0.15965470646393265  α = 1.14e-5
 282   -13.00732390741      -12.86       -5.39    7.66s
    ‖ρε - ρref‖ = 7.349352451025828e-6 ‖Δρ‖ = 9.638149020763639e-7  ‖vε - vref‖ = 0.15966021439146755  α = 0.000293
 283   -13.00732390741      -12.57       -5.03    7.81s
    ‖ρε - ρref‖ = 7.309613924956271e-6 ‖Δρ‖ = 1.7438311270658848e-6  ‖vε - vref‖ = 0.15966654195312707  α = 0.000228
 284   -13.00732390741      -12.81       -5.78    15.9s
    ‖ρε - ρref‖ = 7.142113716712291e-6 ‖Δρ‖ = 3.8282628573233915e-7  ‖vε - vref‖ = 0.15967378035407273  α = 0.00076
 285   -13.00732390741      -12.92       -5.31    8.68s
    ‖ρε - ρref‖ = 7.481872689185617e-6 ‖Δρ‖ = 1.2422733033908477e-6  ‖vε - vref‖ = 0.15968078920786663  α = 0.000199
 286   -13.00732390741      -12.65       -4.95    8.12s
    ‖ρε - ρref‖ = 7.401114046909781e-6 ‖Δρ‖ = 2.31409020699696e-6  ‖vε - vref‖ = 0.15968371348473623  α = 0.000145
 287   -13.00732390741      -12.93       -5.39    8.77s
    ‖ρε - ρref‖ = 7.0262129547453855e-6 ‖Δρ‖ = 9.291189202793272e-7  ‖vε - vref‖ = 0.1596725756123726  α = 0.000303
 288   -13.00732390741      -12.96       -5.56    8.33s
    ‖ρε - ρref‖ = 7.096752444680679e-6 ‖Δρ‖ = 6.576686603593817e-7  ‖vε - vref‖ = 0.15967256057484405  α = 0.000372
 289   -13.00732390741      -13.67       -5.00    8.37s
    ‖ρε - ρref‖ = 9.390180702184264e-6 ‖Δρ‖ = 3.534693645078335e-6  ‖vε - vref‖ = 0.15967577012755407  α = 3.41e-5
 290   -13.00732390741      -12.46       -5.74    16.4s
    ‖ρε - ρref‖ = 7.1111408442127416e-6 ‖Δρ‖ = 3.099593126775221e-7  ‖vε - vref‖ = 0.15966074925728746  α = 0.00138
 291   -13.00732390741      -12.89       -5.74    8.57s
    ‖ρε - ρref‖ = 7.171773007026975e-6 ‖Δρ‖ = 3.7011335746078997e-7  ‖vε - vref‖ = 0.15966553152824087  α = 0.000813
 292   -13.00732390741      -13.22       -5.61    8.15s
    ‖ρε - ρref‖ = 7.445962342157341e-6 ‖Δρ‖ = 6.820771992485552e-7  ‖vε - vref‖ = 0.1596656041717755  α = 0.000259
 293   -13.00732390741      -12.84       -4.33    8.61s
    ‖ρε - ρref‖ = 1.0044460606645902e-5 ‖Δρ‖ = 1.131663784776709e-5  ‖vε - vref‖ = 0.15965490200916183  α = 2.13e-5
 294   -13.00732390741      -13.01       -5.44    8.72s
    ‖ρε - ρref‖ = 7.348777339647806e-6 ‖Δρ‖ = 9.323687792516411e-7  ‖vε - vref‖ = 0.1596569762401233  α = 0.000267
 295   -13.00732390741      -12.91       -5.29    16.5s
    ‖ρε - ρref‖ = 7.162984630744921e-6 ‖Δρ‖ = 1.3147776938205718e-6  ‖vε - vref‖ = 0.1596533740339272  α = 0.000196
 296   -13.00732390741      -12.48       -5.37    8.28s
    ‖ρε - ρref‖ = 7.158107365576523e-6 ‖Δρ‖ = 8.176015571874763e-7  ‖vε - vref‖ = 0.15964471881163972  α = 0.000506
 297   -13.00732390741      -13.17       -5.54    7.99s
    ‖ρε - ρref‖ = 7.2937259460807485e-6 ‖Δρ‖ = 7.324510280109535e-7  ‖vε - vref‖ = 0.1596457640834954  α = 0.000298
 298   -13.00732390741      -13.08       -5.06    8.79s
    ‖ρε - ρref‖ = 7.242078282394971e-6 ‖Δρ‖ = 2.1735010318402296e-6  ‖vε - vref‖ = 0.15964237886585636  α = 9.44e-5
 299   -13.00732390741      -12.74       -5.47    8.88s
    ‖ρε - ρref‖ = 7.087328523271002e-6 ‖Δρ‖ = 6.774257506179036e-7  ‖vε - vref‖ = 0.15962819662430994  α = 0.000456
 300   -13.00732390741      -13.05       -5.60    16.4s
    ‖ρε - ρref‖ = 7.081290487678745e-6 ‖Δρ‖ = 5.987281902769649e-7  ‖vε - vref‖ = 0.15962965042367566  α = 0.000394
Trying again with Newton's method ...
n     Energy            log10(ΔE)   log10(Δρ)   Δtime 
---   ---------------   ---------   ---------   ------
  1   -13.00732390741                   -8.04     506s
    ‖ρε - ρref‖ = 7.129064199638061e-6 ‖Δρ‖ = 9.788716313980301e-10  ‖vε - vref‖ = 0.15954623549261499
  2   -13.00732390741      -12.09       -8.22     515s
    ‖ρε - ρref‖ = 7.129103498192713e-6 ‖Δρ‖ = 6.634326504750169e-10  ‖vε - vref‖ = 0.1595212156046777
    Stopping to avoid numerical instabilities.

#-- ‖ρε - ρref‖ = 7.129103498192713e-6 vs. 3.162277660168379e-9 = δ*ε ‖vε - vref‖ = 0.1595212156046777


# --- ε=1.7782794100389227e-7

n     Energy            log10(ΔE)   log10(Δρ)   Δtime 
---   ---------------   ---------   ---------   ------
  1   -13.00725815937                   -0.13    14.1s
    ‖ρε - ρref‖ = 0.4742094095175084 ‖Δρ‖ = 0.4742067380495281  ‖vε - vref‖ = 11.527585960902789  α = 4.9e-6
  2   -13.00726407209       -5.23       -0.67    9.37s
    ‖ρε - ρref‖ = 0.09201823833740916 ‖Δρ‖ = 0.09201673261662018  ‖vε - vref‖ = 6.910172513627855  α = 1.33e-5
  3   -13.00726662976       -5.59       -1.31    8.58s
    ‖ρε - ρref‖ = 0.01701562097736789 ‖Δρ‖ = 0.01701456196207272  ‖vε - vref‖ = 3.90118620471252  α = 5.09e-5
  4   -13.00726721470       -6.23       -1.57    15.5s
    ‖ρε - ρref‖ = 0.009577801385406018 ‖Δρ‖ = 0.00957751564460814  ‖vε - vref‖ = 2.869353311403244  α = 4.33e-5
  5   -13.00726740945       -6.71       -1.89    7.76s
    ‖ρε - ρref‖ = 0.004455503958350159 ‖Δρ‖ = 0.0044550721947555025  ‖vε - vref‖ = 2.3526494447918056  α = 5.34e-5
  6   -13.00726759586       -6.73       -2.06    8.07s
    ‖ρε - ρref‖ = 0.002338032761671395 ‖Δρ‖ = 0.002337797816432431  ‖vε - vref‖ = 1.8163921280935573  α = 0.000104
  7   -13.00726768763       -7.04       -2.41    8.07s
    ‖ρε - ρref‖ = 0.0009536013609829318 ‖Δρ‖ = 0.0009534405332236951  ‖vε - vref‖ = 1.49224293520044  α = 0.000181
  8   -13.00726772712       -7.40       -2.75    8.14s
    ‖ρε - ρref‖ = 0.000458386422959967 ‖Δρ‖ = 0.00045822448549376034  ‖vε - vref‖ = 1.321129767342568  α = 0.000244
  9   -13.00726775346       -7.58       -2.72    8.92s
    ‖ρε - ρref‖ = 0.00043591139642132793 ‖Δρ‖ = 0.0004358582953575945  ‖vε - vref‖ = 1.2089392293267198  α = 0.000213
 10   -13.00726777313       -7.71       -2.84    15.3s
    ‖ρε - ρref‖ = 0.00031866303546104725 ‖Δρ‖ = 0.0003185373158644862  ‖vε - vref‖ = 1.1060546441214665  α = 0.000252
 11   -13.00726778735       -7.85       -3.02    8.90s
    ‖ρε - ρref‖ = 0.0001906341163959866 ‖Δρ‖ = 0.00019052130601868053  ‖vε - vref‖ = 1.0292481764636618  α = 0.000362
 12   -13.00726782133       -7.47       -1.52    8.01s
    ‖ρε - ρref‖ = 0.018338939789891213 ‖Δρ‖ = 0.01834232566284066  ‖vε - vref‖ = 0.5987400546244546  α = 4.48e-6
 13   -13.00726782424       -8.54       -2.30    8.65s
    ‖ρε - ρref‖ = 0.002174571287470768 ‖Δρ‖ = 0.0021727832154846676  ‖vε - vref‖ = 0.5635383447668043  α = 1.32e-5
 14   -13.00726782679       -8.59       -3.00    8.84s
    ‖ρε - ρref‖ = 0.00030802429168090345 ‖Δρ‖ = 0.00030694955220660243  ‖vε - vref‖ = 0.53703693814471  α = 9.13e-5
 15   -13.00726783057       -8.42       -2.96    14.9s
    ‖ρε - ρref‖ = 0.0002561904478676722 ‖Δρ‖ = 0.0002563252376932813  ‖vε - vref‖ = 0.4986691225831018  α = 0.000134
 16   -13.00726783398       -8.47       -2.69    8.91s
    ‖ρε - ρref‖ = 0.0005022161185325695 ‖Δρ‖ = 0.0005023508108968922  ‖vε - vref‖ = 0.45609553027897815  α = 6.39e-5
 17   -13.00726783644       -8.61       -2.81    8.55s
    ‖ρε - ρref‖ = 0.0003828595959185654 ‖Δρ‖ = 0.0003831433978860116  ‖vε - vref‖ = 0.4235830143638753  α = 7.3e-5
 18   -13.00726783949       -8.52       -3.09    8.28s
    ‖ρε - ρref‖ = 0.00016684374853656256 ‖Δρ‖ = 0.00016666726274263433  ‖vε - vref‖ = 0.3807226625197252  α = 0.00019
 19   -13.00726784152       -8.69       -3.25    8.54s
    ‖ρε - ρref‖ = 0.0001225656602909768 ‖Δρ‖ = 0.00012245006302267426  ‖vε - vref‖ = 0.3493897945087084  α = 0.000209
 20   -13.00726784352       -8.70       -3.51    8.48s
    ‖ρε - ρref‖ = 5.874597999385254e-5 ‖Δρ‖ = 5.862482008395648e-5  ‖vε - vref‖ = 0.3166244264964452  α = 0.000435
 21   -13.00726784455       -8.98       -3.27    16.0s
    ‖ρε - ρref‖ = 0.00011690289960646968 ‖Δρ‖ = 0.00011675154836102097  ‖vε - vref‖ = 0.29731491367120366  α = 0.000157
 22   -13.00726784572       -8.93       -3.65    8.83s
    ‖ρε - ρref‖ = 4.289413398769699e-5 ‖Δρ‖ = 4.28385804287037e-5  ‖vε - vref‖ = 0.27557845123506713  α = 0.000461
 23   -13.00726784617       -9.34       -3.49    8.12s
    ‖ρε - ρref‖ = 7.569049323431974e-5 ‖Δρ‖ = 7.796193015008543e-5  ‖vε - vref‖ = 0.2708733828749901  α = 0.000136
 24   -13.00726784697       -9.10       -2.21    8.30s
    ‖ρε - ρref‖ = 0.0012175692929665472 ‖Δρ‖ = 0.0012162383601323763  ‖vε - vref‖ = 0.24981557914056815  α = 1.24e-5
 25   -13.00726784705      -10.08       -3.15    8.44s
    ‖ρε - ρref‖ = 0.00026376874312656365 ‖Δρ‖ = 0.00026183747658006367  ‖vε - vref‖ = 0.24792043057457694  α = 1.86e-5
 26   -13.00726784770       -9.19       -3.66    16.0s
    ‖ρε - ρref‖ = 4.197448502544826e-5 ‖Δρ‖ = 4.131161881025209e-5  ‖vε - vref‖ = 0.2344039350290327  α = 0.000351
 27   -13.00726784800       -9.53       -3.08    8.94s
    ‖ρε - ρref‖ = 0.00020549652158166954 ‖Δρ‖ = 0.00020626573128474586  ‖vε - vref‖ = 0.2270613389515106  α = 4.55e-5
 28   -13.00726784818       -9.75       -3.44    8.86s
    ‖ρε - ρref‖ = 9.973363319326243e-5 ‖Δρ‖ = 0.00010022262648632567  ‖vε - vref‖ = 0.22263676275967237  α = 7.35e-5
 29   -13.00726784843       -9.60       -3.49    7.85s
    ‖ρε - ρref‖ = 7.485952597384305e-5 ‖Δρ‖ = 7.498303791105388e-5  ‖vε - vref‖ = 0.21650741354144012  α = 0.00012
 30   -13.00726784871       -9.55       -3.71    7.89s
    ‖ρε - ρref‖ = 4.267043747584157e-5 ‖Δρ‖ = 4.1771577654916085e-5  ‖vε - vref‖ = 0.20985620647835934  α = 0.00023
 31   -13.00726784904       -9.49       -3.71    8.42s
    ‖ρε - ρref‖ = 3.9013763881201885e-5 ‖Δρ‖ = 3.902012375020747e-5  ‖vε - vref‖ = 0.20214337980127473  α = 0.000263
 32   -13.00726784935       -9.51       -3.65    14.8s
    ‖ρε - ρref‖ = 4.421175205027463e-5 ‖Δρ‖ = 4.399627872451898e-5  ‖vε - vref‖ = 0.1941062455987228  α = 0.000228
 33   -13.00726784961       -9.59       -4.06    8.82s
    ‖ρε - ρref‖ = 1.6733951186874556e-5 ‖Δρ‖ = 1.6406677484878512e-5  ‖vε - vref‖ = 0.1877359312184603  α = 0.000564
 34   -13.00726784982       -9.68       -3.71    8.34s
    ‖ρε - ρref‖ = 3.976351943739402e-5 ‖Δρ‖ = 3.905091164356953e-5  ‖vε - vref‖ = 0.18260553804191595  α = 0.000213
 35   -13.00726784983      -10.96       -3.36    8.83s
    ‖ρε - ρref‖ = 0.00020885027112492748 ‖Δρ‖ = 0.00021175918153299204  ‖vε - vref‖ = 0.18223076611153996  α = 7.05e-6
 36   -13.00726785000       -9.75       -3.75    8.42s
    ‖ρε - ρref‖ = 3.721771308734689e-5 ‖Δρ‖ = 3.7539270538829966e-5  ‖vε - vref‖ = 0.17815453781754462  α = 0.0002
 37   -13.00726785010      -10.01       -3.03    15.4s
    ‖ρε - ρref‖ = 0.00024166710404058007 ‖Δρ‖ = 0.00023990666914918972  ‖vε - vref‖ = 0.1756226459392429  α = 2.23e-5
 38   -13.00726785026       -9.81       -3.60    8.49s
    ‖ρε - ρref‖ = 5.1443985147734536e-5 ‖Δρ‖ = 5.157945451707093e-5  ‖vε - vref‖ = 0.17134612114798112  α = 0.000139
 39   -13.00726785028      -10.64       -3.84    8.79s
    ‖ρε - ρref‖ = 5.24040630913625e-5 ‖Δρ‖ = 5.321713811723758e-5  ‖vε - vref‖ = 0.1707301555834204  α = 4.74e-5
 40   -13.00726785042       -9.85       -4.02    8.47s
    ‖ρε - ρref‖ = 1.9991502060501373e-5 ‖Δρ‖ = 1.9828765148919878e-5  ‖vε - vref‖ = 0.16750936939516506  α = 0.00034
 41   -13.00726785055       -9.89       -3.40    7.91s
    ‖ρε - ρref‖ = 8.491789423689379e-5 ‖Δρ‖ = 8.433873413056201e-5  ‖vε - vref‖ = 0.1641461663959186  α = 7.63e-5
 42   -13.00726785072       -9.77       -3.89    8.74s
    ‖ρε - ρref‖ = 2.4713934129773125e-5 ‖Δρ‖ = 2.4317509461898257e-5  ‖vε - vref‖ = 0.15988357051775046  α = 0.000308
 43   -13.00726785082      -10.00       -3.96    15.7s
    ‖ρε - ρref‖ = 2.423888982781598e-5 ‖Δρ‖ = 2.454602369652113e-5  ‖vε - vref‖ = 0.15730546964497047  α = 0.000231
 44   -13.00726785094       -9.95       -3.88    8.16s
    ‖ρε - ρref‖ = 2.890119467714203e-5 ‖Δρ‖ = 2.7930642808776726e-5  ‖vε - vref‖ = 0.1546078737013365  α = 0.000214
 45   -13.00726785105       -9.94       -4.15    8.72s
    ‖ρε - ρref‖ = 1.4170836240384586e-5 ‖Δρ‖ = 1.3821757926283694e-5  ‖vε - vref‖ = 0.15171312702426878  α = 0.000442
 46   -13.00726785108      -10.49       -3.99    8.30s
    ‖ρε - ρref‖ = 3.156463694591017e-5 ‖Δρ‖ = 2.931021983619931e-5  ‖vε - vref‖ = 0.1514766442453212  α = 9.49e-5
 47   -13.00726785115      -10.16       -2.86    8.85s
    ‖ρε - ρref‖ = 0.0003084526297104847 ‖Δρ‖ = 0.00031005086748207194  ‖vε - vref‖ = 0.1491089325651803  α = 1.43e-5
 48   -13.00726785119      -10.37       -3.88    14.7s
    ‖ρε - ρref‖ = 3.3656484457323776e-5 ‖Δρ‖ = 3.4882426599375924e-5  ‖vε - vref‖ = 0.14822512018400805  α = 0.000103
 49   -13.00726785129      -10.03       -3.23    8.67s
    ‖ρε - ρref‖ = 0.0001211969276723092 ‖Δρ‖ = 0.00011982941074078948  ‖vε - vref‖ = 0.14591968697046923  α = 4.5e-5
 50   -13.00726785133      -10.33       -4.04    8.29s
    ‖ρε - ρref‖ = 2.2118237877225022e-5 ‖Δρ‖ = 2.1342060792737262e-5  ‖vε - vref‖ = 0.14486262897483182  α = 0.000182
 51   -13.00726785136      -10.58       -3.73    8.39s
    ‖ρε - ρref‖ = 5.354630211266793e-5 ‖Δρ‖ = 5.411466165698964e-5  ‖vε - vref‖ = 0.1441979673295408  α = 5.08e-5
 52   -13.00726785142      -10.25       -3.93    8.31s
    ‖ρε - ρref‖ = 2.5854331942151948e-5 ‖Δρ‖ = 2.5707738975423476e-5  ‖vε - vref‖ = 0.14279296512248688  α = 0.000165
 53   -13.00726785145      -10.53       -3.90    8.30s
    ‖ρε - ρref‖ = 3.3323789280134136e-5 ‖Δρ‖ = 3.264126122283408e-5  ‖vε - vref‖ = 0.1421399789367966  α = 9.32e-5
 54   -13.00726785155      -10.00       -3.93    17.0s
    ‖ρε - ρref‖ = 2.040690511902539e-5 ‖Δρ‖ = 2.0389434294097715e-5  ‖vε - vref‖ = 0.1395957115462665  α = 0.000283
 55   -13.00726785158      -10.44       -4.11    7.84s
    ‖ρε - ρref‖ = 1.7667245353722035e-5 ‖Δρ‖ = 1.689727742859012e-5  ‖vε - vref‖ = 0.13885411518900456  α = 0.000204
 56   -13.00726785165      -10.17       -4.31    8.35s
    ‖ρε - ρref‖ = 1.0218844372513806e-5 ‖Δρ‖ = 8.835106462014554e-6  ‖vε - vref‖ = 0.13766878139096048  α = 0.000536
 57   -13.00726785168      -10.54       -3.99    8.53s
    ‖ρε - ρref‖ = 2.268249716750919e-5 ‖Δρ‖ = 2.3443578026213468e-5  ‖vε - vref‖ = 0.13692720971624053  α = 0.000129
 58   -13.00726785168      -11.78       -4.01    8.71s
    ‖ρε - ρref‖ = 5.231559401181777e-5 ‖Δρ‖ = 4.943930674147037e-5  ‖vε - vref‖ = 0.13691477646965552  α = 1.18e-5
 59   -13.00726785174      -10.27       -3.97    16.8s
    ‖ρε - ρref‖ = 1.8873814609120997e-5 ‖Δρ‖ = 1.8353973200194625e-5  ‖vε - vref‖ = 0.13587603288233838  α = 0.000232
 60   -13.00726785174      -11.27       -3.92    8.42s
    ‖ρε - ρref‖ = 4.129591010000889e-5 ‖Δρ‖ = 4.305942220674587e-5  ‖vε - vref‖ = 0.1357469605533364  α = 2.87e-5
 61   -13.00726785179      -10.31       -4.01    7.61s
    ‖ρε - ρref‖ = 1.8097120573517682e-5 ‖Δρ‖ = 1.7416629857358568e-5  ‖vε - vref‖ = 0.13484502738527296  α = 0.000233
 62   -13.00726785180      -10.92       -4.28    8.13s
    ‖ρε - ρref‖ = 1.544530184282344e-5 ‖Δρ‖ = 1.4412823520054782e-5  ‖vε - vref‖ = 0.13470697438373153  α = 0.000131
 63   -13.00726785182      -10.71       -3.87    8.79s
    ‖ρε - ρref‖ = 3.188773279421375e-5 ‖Δρ‖ = 3.2174250859525034e-5  ‖vε - vref‖ = 0.13438989113194286  α = 7.51e-5
 64   -13.00726785185      -10.64       -4.10    8.29s
    ‖ρε - ρref‖ = 1.7536241388067124e-5 ‖Δρ‖ = 1.7010888172000262e-5  ‖vε - vref‖ = 0.1340468671128997  α = 0.000159
 65   -13.00726785185      -11.07       -4.08    15.3s
    ‖ρε - ρref‖ = 2.4824001953870295e-5 ‖Δρ‖ = 2.3807561238432523e-5  ‖vε - vref‖ = 0.13395567068436018  α = 6.84e-5
 66   -13.00726785187      -10.70       -4.44    7.69s
    ‖ρε - ρref‖ = 8.336448364999208e-6 ‖Δρ‖ = 7.695067030609557e-6  ‖vε - vref‖ = 0.13370429604830977  α = 0.000333
 67   -13.00726785192      -10.34       -4.29    7.95s
    ‖ρε - ρref‖ = 9.463810574676103e-6 ‖Δρ‖ = 8.748107938134657e-6  ‖vε - vref‖ = 0.13319361869424728  α = 0.000444
 68   -13.00726785195      -10.55       -4.16    8.55s
    ‖ρε - ρref‖ = 1.5027109781909685e-5 ‖Δρ‖ = 1.3947083476191886e-5  ‖vε - vref‖ = 0.13297591544696316  α = 0.000216
 69   -13.00726785196      -11.14       -4.42    8.44s
    ‖ρε - ρref‖ = 8.822592227939365e-6 ‖Δρ‖ = 1.0846502085909054e-5  ‖vε - vref‖ = 0.13300167108144023  α = 0.00012
 70   -13.00726785197      -10.84       -3.18    15.5s
    ‖ρε - ρref‖ = 0.0001517519448242386 ‖Δρ‖ = 0.00015079829199553805  ‖vε - vref‖ = 0.13274535163806905  α = 1.35e-5
 71   -13.00726785199      -10.74       -4.15    8.90s
    ‖ρε - ρref‖ = 1.6406179565090558e-5 ‖Δρ‖ = 1.4960301899260786e-5  ‖vε - vref‖ = 0.1326716664262645  α = 0.000162
 72   -13.00726785199      -11.54       -3.90    8.86s
    ‖ρε - ρref‖ = 4.232925951393359e-5 ‖Δρ‖ = 4.392721640708686e-5  ‖vε - vref‖ = 0.13262189232277605  α = 2.08e-5
 73   -13.00726785201      -10.68       -4.31    8.59s
    ‖ρε - ρref‖ = 9.490705051646017e-6 ‖Δρ‖ = 8.741387268655248e-6  ‖vε - vref‖ = 0.13245049968129766  α = 0.000301
 74   -13.00726785202      -11.07       -4.49    8.86s
    ‖ρε - ρref‖ = 9.027770945848668e-6 ‖Δρ‖ = 7.3488461009243575e-6  ‖vε - vref‖ = 0.1324908174870999  α = 0.000225
 75   -13.00726785203      -11.35       -4.08    8.20s
    ‖ρε - ρref‖ = 2.3939010246515444e-5 ‖Δρ‖ = 2.40573315396714e-5  ‖vε - vref‖ = 0.13246638499481234  α = 4.75e-5
 76   -13.00726785204      -10.72       -4.36    15.8s
    ‖ρε - ρref‖ = 8.31661014489749e-6 ‖Δρ‖ = 7.677478035818711e-6  ‖vε - vref‖ = 0.13238147782118223  α = 0.000328
 77   -13.00726785205      -11.38       -4.37    8.54s
    ‖ρε - ρref‖ = 1.3499140500420311e-5 ‖Δρ‖ = 1.2305765382391267e-5  ‖vε - vref‖ = 0.13240866797371606  α = 9.21e-5
 78   -13.00726785206      -10.94       -4.34    8.46s
    ‖ρε - ρref‖ = 1.0015889851876051e-5 ‖Δρ‖ = 9.168938233248013e-6  ‖vε - vref‖ = 0.13247181707277575  α = 0.000212
 79   -13.00726785207      -10.98       -4.64    8.41s
    ‖ρε - ρref‖ = 6.3697425814283195e-6 ‖Δρ‖ = 4.674824824263515e-6  ‖vε - vref‖ = 0.1325838960855115  α = 0.000393
 80   -13.00726785208      -11.03       -4.34    8.74s
    ‖ρε - ρref‖ = 1.0066579352578835e-5 ‖Δρ‖ = 9.341611630197972e-6  ‖vε - vref‖ = 0.1326018106708801  α = 0.000186
 81   -13.00726785208      -12.49       -4.36    16.6s
    ‖ρε - ρref‖ = 2.113970367219101e-5 ‖Δρ‖ = 2.3906582855032736e-5  ‖vε - vref‖ = 0.13259651474320358  α = 1.04e-5
 82   -13.00726785209      -10.89       -4.46    8.44s
    ‖ρε - ρref‖ = 7.446128436654186e-6 ‖Δρ‖ = 6.442096393520821e-6  ‖vε - vref‖ = 0.13269933515135074  α = 0.00032
 83   -13.00726785210      -11.44       -4.38    7.64s
    ‖ρε - ρref‖ = 1.4121199587019101e-5 ‖Δρ‖ = 1.1767860230668104e-5  ‖vε - vref‖ = 0.13279374430984411  α = 8.84e-5
 84   -13.00726785210      -11.41       -3.88    7.95s
    ‖ρε - ρref‖ = 3.541674337155839e-5 ‖Δρ‖ = 3.597788570370069e-5  ‖vε - vref‖ = 0.1328355889609675  α = 3.04e-5
 85   -13.00726785211      -10.94       -4.58    7.70s
    ‖ρε - ρref‖ = 6.1649085818574054e-6 ‖Δρ‖ = 5.308224973700083e-6  ‖vε - vref‖ = 0.1329474687786195  α = 0.000359
 86   -13.00726785213      -10.88       -4.35    8.60s
    ‖ρε - ρref‖ = 9.720341842323557e-6 ‖Δρ‖ = 8.458495308906519e-6  ‖vε - vref‖ = 0.1331767650937609  α = 0.000242
 87   -13.00726785213      -11.54       -4.23    17.0s
    ‖ρε - ρref‖ = 1.785721122185482e-5 ‖Δρ‖ = 1.7966581485152215e-5  ‖vε - vref‖ = 0.1332169081898944  α = 5.03e-5
 88   -13.00726785214      -11.08       -4.32    8.74s
    ‖ρε - ρref‖ = 1.1154639400530456e-5 ‖Δρ‖ = 1.0129663572655377e-5  ‖vε - vref‖ = 0.13338654718112794  α = 0.000162
 89   -13.00726785215      -11.06       -4.58    8.30s
    ‖ρε - ρref‖ = 6.695621393564381e-6 ‖Δρ‖ = 5.130483818083205e-6  ‖vε - vref‖ = 0.1335771095933563  α = 0.000331
 90   -13.00726785215      -11.68       -4.28    7.67s
    ‖ρε - ρref‖ = 1.4657994055485311e-5 ‖Δρ‖ = 1.4784287511570827e-5  ‖vε - vref‖ = 0.1335978195670385  α = 5.45e-5
 91   -13.00726785215      -11.23       -4.89    8.70s
    ‖ρε - ρref‖ = 4.706722262628141e-6 ‖Δρ‖ = 2.5523896142384183e-6  ‖vε - vref‖ = 0.13374083148386884  α = 0.000548
 92   -13.00726785216      -11.20       -4.60    15.6s
    ‖ρε - ρref‖ = 7.117428163939603e-6 ‖Δρ‖ = 4.835057262896087e-6  ‖vε - vref‖ = 0.13397938685104221  α = 0.000292
 93   -13.00726785216      -11.95       -3.59    8.18s
    ‖ρε - ρref‖ = 8.69496089141523e-5 ‖Δρ‖ = 8.933952438312604e-5  ‖vε - vref‖ = 0.13397223451309528  α = 5.55e-6
 94   -13.00726785217      -11.19       -4.61    8.59s
    ‖ρε - ρref‖ = 6.113862307633491e-6 ‖Δρ‖ = 4.9917513905363746e-6  ‖vε - vref‖ = 0.13411179890680316  α = 0.000292
 95   -13.00726785217      -11.72       -4.67    8.80s
    ‖ρε - ρref‖ = 8.66036448271312e-6 ‖Δρ‖ = 6.4288642173782626e-6  ‖vε - vref‖ = 0.13419279441016893  α = 0.000118
 96   -13.00726785217      -11.48       -4.00    8.46s
    ‖ρε - ρref‖ = 2.4488499858618364e-5 ‖Δρ‖ = 2.5522214128020505e-5  ‖vε - vref‖ = 0.13428619572000447  α = 3.95e-5
 97   -13.00726785218      -10.97       -4.50    8.65s
    ‖ρε - ρref‖ = 7.257449862673396e-6 ‖Δρ‖ = 5.694566067647081e-6  ‖vε - vref‖ = 0.13471462107622054  α = 0.000329
 98   -13.00726785219      -11.06       -4.72    16.8s
    ‖ρε - ρref‖ = 6.043475684859211e-6 ‖Δρ‖ = 3.7638784952863083e-6  ‖vε - vref‖ = 0.13508549216778612  α = 0.000446
 99   -13.00726785220      -11.29       -4.14    8.73s
    ‖ρε - ρref‖ = 1.6735775106649124e-5 ‖Δρ‖ = 1.71817297603039e-5  ‖vε - vref‖ = 0.13523172733415373  α = 7.19e-5
 100   -13.00726785220      -11.29       -4.06    8.07s
    ‖ρε - ρref‖ = 1.9875523292317883e-5 ‖Δρ‖ = 1.9967134953186295e-5  ‖vε - vref‖ = 0.13532649173137384  α = 6.31e-5
 101   -13.00726785221      -11.19       -4.84    8.21s
    ‖ρε - ρref‖ = 5.125060094146471e-6 ‖Δρ‖ = 2.97772914157809e-6  ‖vε - vref‖ = 0.13556447517256218  α = 0.000485
 102   -13.00726785221      -11.45       -4.56    8.30s
    ‖ρε - ρref‖ = 7.661292901524178e-6 ‖Δρ‖ = 7.039034970063595e-6  ‖vε - vref‖ = 0.1356865093541395  α = 0.000149
 103   -13.00726785222      -11.29       -4.29    7.68s
    ‖ρε - ρref‖ = 1.2098373985360784e-5 ‖Δρ‖ = 1.1067289258699295e-5  ‖vε - vref‖ = 0.1358910616536479  α = 0.000116
 104   -13.00726785222      -11.38       -4.57    16.0s
    ‖ρε - ρref‖ = 8.319869338703e-6 ‖Δρ‖ = 6.166093834301475e-6  ‖vε - vref‖ = 0.1360937776483767  α = 0.000177
 105   -13.00726785222      -11.76       -3.48    8.92s
    ‖ρε - ρref‖ = 9.806334244480038e-5 ‖Δρ‖ = 0.00010033516094347099  ‖vε - vref‖ = 0.13610930527600454  α = 6.37e-6
 106   -13.00726785223      -11.09       -4.84    8.06s
    ‖ρε - ρref‖ = 4.9422569331822294e-6 ‖Δρ‖ = 2.681513979717485e-6  ‖vε - vref‖ = 0.13645476636564988  α = 0.000608
 107   -13.00726785224      -11.44       -4.57    8.78s
    ‖ρε - ρref‖ = 8.877725884486506e-6 ‖Δρ‖ = 6.614301717574001e-6  ‖vε - vref‖ = 0.13661224654822499  α = 0.000158
 108   -13.00726785224      -11.26       -3.74    8.80s
    ‖ρε - ρref‖ = 3.722965296333578e-5 ‖Δρ‖ = 3.835941065238712e-5  ‖vε - vref‖ = 0.13673941551310162  α = 3.41e-5
 109   -13.00726785224      -11.42       -4.71    15.8s
    ‖ρε - ρref‖ = 5.578303192386071e-6 ‖Δρ‖ = 4.264323632438834e-6  ‖vε - vref‖ = 0.13683742499316476  α = 0.000262
 110   -13.00726785225      -11.48       -4.76    8.07s
    ‖ρε - ρref‖ = 5.941923834487409e-6 ‖Δρ‖ = 4.12181475664829e-6  ‖vε - vref‖ = 0.13698140078913018  α = 0.000247
 111   -13.00726785225      -11.56       -4.65    8.65s
    ‖ρε - ρref‖ = 6.5130318327818135e-6 ‖Δρ‖ = 5.5910514314044475e-6  ‖vε - vref‖ = 0.13711753314556252  α = 0.000162
 112   -13.00726785226      -11.28       -4.12    8.28s
    ‖ρε - ρref‖ = 1.6804804038204953e-5 ‖Δρ‖ = 1.5792342997554747e-5  ‖vε - vref‖ = 0.13735703996409912  α = 7.95e-5
 113   -13.00726785226      -11.37       -4.47    7.95s
    ‖ρε - ρref‖ = 8.035961729530018e-6 ‖Δρ‖ = 6.8820121341170385e-6  ‖vε - vref‖ = 0.13753531716749332  α = 0.000172
 114   -13.00726785226      -11.61       -4.90    8.37s
    ‖ρε - ρref‖ = 4.250854699503634e-6 ‖Δρ‖ = 3.0936070073525254e-6  ‖vε - vref‖ = 0.13758652991198853  α = 0.000285
 115   -13.00726785227      -11.41       -4.53    17.3s
    ‖ρε - ρref‖ = 7.850604334441249e-6 ‖Δρ‖ = 6.457132614230929e-6  ‖vε - vref‖ = 0.13776148218850212  α = 0.000172
 116   -13.00726785227      -11.75       -4.21    7.74s
    ‖ρε - ρref‖ = 1.9461072545269263e-5 ‖Δρ‖ = 1.6950348509839008e-5  ‖vε - vref‖ = 0.13787416118439552  α = 3.86e-5
 117   -13.00726785227      -11.66       -3.54    7.69s
    ‖ρε - ρref‖ = 7.253129361184332e-5 ‖Δρ‖ = 7.38352547178372e-5  ‖vε - vref‖ = 0.13793545901257284  α = 1.05e-5
 118   -13.00726785228      -11.21       -5.06    8.65s
    ‖ρε - ρref‖ = 4.234877926608561e-6 ‖Δρ‖ = 1.499366093870306e-6  ‖vε - vref‖ = 0.13821814894337117  α = 0.000958
 119   -13.00726785228      -11.82       -4.77    8.26s
    ‖ρε - ρref‖ = 7.355166389800759e-6 ‖Δρ‖ = 4.83864220997949e-6  ‖vε - vref‖ = 0.13831204705264333  α = 0.000139
 120   -13.00726785228      -11.70       -4.03    7.87s
    ‖ρε - ρref‖ = 2.330307841294213e-5 ‖Δρ‖ = 2.4173552286157142e-5  ‖vε - vref‖ = 0.13839577677809697  α = 3.24e-5
 121   -13.00726785228      -11.43       -4.77    17.2s
    ‖ρε - ρref‖ = 5.555550420895611e-6 ‖Δρ‖ = 3.551881295081793e-6  ‖vε - vref‖ = 0.13859154548817548  α = 0.000307
 122   -13.00726785229      -11.35       -4.83    8.37s
    ‖ρε - ρref‖ = 4.766350424715656e-6 ‖Δρ‖ = 2.7959488983223442e-6  ‖vε - vref‖ = 0.13877083365797047  α = 0.000435
 123   -13.00726785229      -12.03       -4.81    7.90s
    ‖ρε - ρref‖ = 5.553211096515428e-6 ‖Δρ‖ = 4.6016875394263804e-6  ‖vε - vref‖ = 0.1388152227595592  α = 0.000116
 124   -13.00726785229      -11.54       -4.47    8.92s
    ‖ρε - ρref‖ = 9.229110072578604e-6 ‖Δρ‖ = 8.031538984565802e-6  ‖vε - vref‖ = 0.13896686073637698  α = 0.000116
 125   -13.00726785230      -11.28       -4.58    8.44s
    ‖ρε - ρref‖ = 6.896413944976198e-6 ‖Δρ‖ = 5.225409438614955e-6  ‖vε - vref‖ = 0.13926450288031844  α = 0.000246
 126   -13.00726785230      -11.39       -4.67    15.2s
    ‖ρε - ρref‖ = 5.883695767729537e-6 ‖Δρ‖ = 4.79741184147761e-6  ‖vε - vref‖ = 0.13943188772878562  α = 0.000236
 127   -13.00726785230      -11.72       -4.65    7.74s
    ‖ρε - ρref‖ = 7.138817122505065e-6 ‖Δρ‖ = 6.143361563432952e-6  ‖vε - vref‖ = 0.13953394961158164  α = 0.000122
 128   -13.00726785230      -12.21       -3.93    7.78s
    ‖ρε - ρref‖ = 4.891306233167553e-5 ‖Δρ‖ = 4.599401794506715e-5  ‖vε - vref‖ = 0.13956847247846474  α = 7.86e-6
 129   -13.00726785231      -11.31       -4.27    7.54s
    ‖ρε - ρref‖ = 1.1191301856440044e-5 ‖Δρ‖ = 1.0973974661895507e-5  ‖vε - vref‖ = 0.13976029861171685  α = 0.000114
 130   -13.00726785231      -11.24       -4.43    7.64s
    ‖ρε - ρref‖ = 7.921430850066127e-6 ‖Δρ‖ = 7.398420861215445e-6  ‖vε - vref‖ = 0.13996254254432403  α = 0.000184
 131   -13.00726785232      -11.42       -4.69    7.79s
    ‖ρε - ρref‖ = 7.1816682038266975e-6 ‖Δρ‖ = 4.597332830583753e-6  ‖vε - vref‖ = 0.1401896018296787  α = 0.000236
 132   -13.00726785232      -11.79       -3.95    15.7s
    ‖ρε - ρref‖ = 3.167910459464281e-5 ‖Δρ‖ = 3.281638232403632e-5  ‖vε - vref‖ = 0.14024996199536174  α = 2.11e-5
 133   -13.00726785233      -11.23       -4.56    7.65s
    ‖ρε - ρref‖ = 6.182544282447094e-6 ‖Δρ‖ = 5.0293511562826785e-6  ‖vε - vref‖ = 0.14047569739117802  α = 0.000276
 134   -13.00726785233      -11.22       -4.78    7.98s
    ‖ρε - ρref‖ = 5.250508148031355e-6 ‖Δρ‖ = 3.0077728595345415e-6  ‖vε - vref‖ = 0.1407785118635971  α = 0.000467
 135   -13.00726785234      -11.38       -4.90    7.69s
    ‖ρε - ρref‖ = 4.475077743404051e-6 ‖Δρ‖ = 2.5461663879430594e-6  ‖vε - vref‖ = 0.14092054438705937  α = 0.000447
 136   -13.00726785234      -11.70       -4.10    8.17s
    ‖ρε - ρref‖ = 2.1211186073348204e-5 ‖Δρ‖ = 2.0385914249347356e-5  ‖vε - vref‖ = 0.14097796245646457  α = 3.75e-5
 137   -13.00726785234      -11.64       -4.88    8.72s
    ‖ρε - ρref‖ = 4.962113204683251e-6 ‖Δρ‖ = 3.184361993227025e-6  ‖vε - vref‖ = 0.14103936554740867  α = 0.000265
 138   -13.00726785234      -11.51       -4.80    16.8s
    ‖ρε - ρref‖ = 5.102612847418944e-6 ‖Δρ‖ = 3.279301755381302e-6  ‖vε - vref‖ = 0.14113561123182466  α = 0.000304
 139   -13.00726785234      -12.34       -4.71    8.34s
    ‖ρε - ρref‖ = 6.340037888194591e-6 ‖Δρ‖ = 7.293966574844769e-6  ‖vε - vref‖ = 0.14115986969732452  α = 4.47e-5
 140   -13.00726785235      -11.76       -3.91    7.96s
    ‖ρε - ρref‖ = 3.269624455540262e-5 ‖Δρ‖ = 3.0648864000893605e-5  ‖vε - vref‖ = 0.14124695759602873  α = 2.27e-5
 141   -13.00726785235      -11.47       -4.42    8.82s
    ‖ρε - ρref‖ = 8.387569702374539e-6 ‖Δρ‖ = 7.7766636517656e-6  ‖vε - vref‖ = 0.14136924479180177  α = 0.000132
 142   -13.00726785235      -11.44       -4.36    8.78s
    ‖ρε - ρref‖ = 9.2132799552258e-6 ‖Δρ‖ = 8.542931297521735e-6  ‖vε - vref‖ = 0.14147771466693448  α = 0.000126
 143   -13.00726785235      -11.99       -4.97    16.0s
    ‖ρε - ρref‖ = 6.012258767574613e-6 ‖Δρ‖ = 2.972062931010605e-6  ‖vε - vref‖ = 0.14154356569677962  α = 0.000187
 144   -13.00726785236      -11.82       -4.09    7.68s
    ‖ρε - ρref‖ = 1.95553718983521e-5 ‖Δρ‖ = 1.9959978001271253e-5  ‖vε - vref‖ = 0.14159773492135577  α = 3.43e-5
 145   -13.00726785236      -11.63       -4.66    7.65s
    ‖ρε - ρref‖ = 5.787887680266801e-6 ‖Δρ‖ = 4.621627085625436e-6  ‖vε - vref‖ = 0.14165340116847575  α = 0.000189
 146   -13.00726785236      -11.46       -4.94    8.07s
    ‖ρε - ρref‖ = 4.578023649543211e-6 ‖Δρ‖ = 2.1566942382084295e-6  ‖vε - vref‖ = 0.1417570406055372  α = 0.000494
 147   -13.00726785236      -11.46       -4.78    8.56s
    ‖ρε - ρref‖ = 4.875407096823429e-6 ‖Δρ‖ = 3.139394013253725e-6  ‖vε - vref‖ = 0.1418460242895266  α = 0.000335
 148   -13.00726785237      -12.27       -4.58    8.08s
    ‖ρε - ρref‖ = 1.0141358160067898e-5 ‖Δρ‖ = 8.559300789546762e-6  ‖vε - vref‖ = 0.14186894453697682  α = 4.61e-5
 149   -13.00726785237      -11.71       -4.73    16.5s
    ‖ρε - ρref‖ = 5.858587178762219e-6 ‖Δρ‖ = 3.887060579024015e-6  ‖vε - vref‖ = 0.14195530106306575  α = 0.000205
 150   -13.00726785237      -11.52       -4.86    8.80s
    ‖ρε - ρref‖ = 4.584345242958415e-6 ‖Δρ‖ = 2.4661187249474247e-6  ‖vε - vref‖ = 0.1420113578172328  α = 0.000405
 151   -13.00726785237      -12.96       -4.51    8.11s
    ‖ρε - ρref‖ = 1.3309600480476982e-5 ‖Δρ‖ = 1.5837645588761087e-5  ‖vε - vref‖ = 0.14201006534541552  α = 8.69e-6
 152   -13.00726785237      -11.76       -4.69    7.91s
    ‖ρε - ρref‖ = 6.373463891520237e-6 ‖Δρ‖ = 4.3357102864983324e-6  ‖vε - vref‖ = 0.1420703856611273  α = 0.00017
 153   -13.00726785237      -12.19       -4.71    7.87s
    ‖ρε - ρref‖ = 6.364909838728375e-6 ‖Δρ‖ = 5.638109055096926e-6  ‖vε - vref‖ = 0.14207953240739807  α = 7.76e-5
 154   -13.00726785237      -11.76       -4.90    8.25s
    ‖ρε - ρref‖ = 4.7328804021073215e-6 ‖Δρ‖ = 2.670390985179022e-6  ‖vε - vref‖ = 0.14212866940705668  α = 0.000277
 155   -13.00726785238      -12.04       -4.63    16.2s
    ‖ρε - ρref‖ = 8.281286966560924e-6 ‖Δρ‖ = 5.8555600548131114e-6  ‖vε - vref‖ = 0.14217288074238443  α = 9.03e-5
 156   -13.00726785238      -12.14       -4.17    8.41s
    ‖ρε - ρref‖ = 1.7616038568987477e-5 ‖Δρ‖ = 1.8393009120932218e-5  ‖vε - vref‖ = 0.1421856552073789  α = 2.51e-5
 157   -13.00726785238      -11.70       -5.15    8.28s
    ‖ρε - ρref‖ = 4.094572771153572e-6 ‖Δρ‖ = 1.4610391563258263e-6  ‖vε - vref‖ = 0.14222479030818203  α = 0.000546
 158   -13.00726785238      -11.65       -4.70    8.36s
    ‖ρε - ρref‖ = 6.0138679104083935e-6 ‖Δρ‖ = 3.9150403305892615e-6  ‖vε - vref‖ = 0.1423126976481043  α = 0.000218
 159   -13.00726785238      -11.83       -5.04    8.17s
    ‖ρε - ρref‖ = 4.244761799459409e-6 ‖Δρ‖ = 2.0004235204396043e-6  ‖vε - vref‖ = 0.14233479079156866  α = 0.000343
 160   -13.00726785238      -11.93       -4.73    8.15s
    ‖ρε - ρref‖ = 6.54057022028481e-6 ‖Δρ‖ = 4.611555824314297e-6  ‖vε - vref‖ = 0.14236888712338777  α = 0.000127
 161   -13.00726785238      -11.82       -4.30    15.4s
    ‖ρε - ρref‖ = 1.143094432922815e-5 ‖Δρ‖ = 1.0947165162856179e-5  ‖vε - vref‖ = 0.14239664417713424  α = 6.33e-5
 162   -13.00726785239      -11.60       -4.97    8.74s
    ‖ρε - ρref‖ = 4.707535325787769e-6 ‖Δρ‖ = 2.0710090438124054e-6  ‖vε - vref‖ = 0.14244853560992762  α = 0.000435
 163   -13.00726785239      -12.91       -4.15    8.72s
    ‖ρε - ρref‖ = 3.0449813815544308e-5 ‖Δρ‖ = 3.3118209019900716e-5  ‖vε - vref‖ = 0.14244290331030138  α = 5.3e-6
 164   -13.00726785239      -11.49       -5.09    8.31s
    ‖ρε - ρref‖ = 4.311435195280531e-6 ‖Δρ‖ = 1.4609620962739876e-6  ‖vε - vref‖ = 0.1424986859003566  α = 0.000702
 165   -13.00726785239      -11.97       -4.76    8.35s
    ‖ρε - ρref‖ = 5.5529058998902834e-6 ‖Δρ‖ = 4.564217576603935e-6  ‖vε - vref‖ = 0.1425074648124805  α = 0.000126
 166   -13.00726785239      -11.78       -4.57    16.9s
    ‖ρε - ρref‖ = 7.210889812727122e-6 ‖Δρ‖ = 5.888689660825474e-6  ‖vε - vref‖ = 0.14254413527104318  α = 0.000124
 167   -13.00726785239      -12.32       -4.74    8.93s
    ‖ρε - ρref‖ = 8.84694883357049e-6 ‖Δρ‖ = 6.052624468683112e-6  ‖vε - vref‖ = 0.14257160093675125  α = 6.18e-5
 168   -13.00726785239      -11.84       -4.31    8.87s
    ‖ρε - ρref‖ = 1.146889143174297e-5 ‖Δρ‖ = 1.102477344544617e-5  ‖vε - vref‖ = 0.1426084957427574  α = 6.18e-5
 169   -13.00726785240      -11.81       -4.98    8.76s
    ‖ρε - ρref‖ = 4.332864978361338e-6 ‖Δρ‖ = 2.436711126801285e-6  ‖vε - vref‖ = 0.14259041701039657  α = 0.000285
 170   -13.00726785240      -11.66       -4.79    7.63s
    ‖ρε - ρref‖ = 5.149282796709278e-6 ‖Δρ‖ = 3.2951816516640373e-6  ‖vε - vref‖ = 0.1425791861001651  α = 0.000255
 171   -13.00726785240      -11.68       -4.85    7.89s
    ‖ρε - ρref‖ = 4.796256194312476e-6 ‖Δρ‖ = 2.7735835720336604e-6  ‖vε - vref‖ = 0.1425880600250534  α = 0.000298
 172   -13.00726785240      -12.02       -4.90    15.6s
    ‖ρε - ρref‖ = 5.884872991798488e-6 ‖Δρ‖ = 3.446104261541803e-6  ‖vε - vref‖ = 0.14261737998516702  α = 0.000153
 173   -13.00726785240      -11.76       -4.35    7.90s
    ‖ρε - ρref‖ = 1.0583466530100904e-5 ‖Δρ‖ = 9.785692917587763e-6  ‖vε - vref‖ = 0.14264101982493607  α = 7.51e-5
 174   -13.00726785240      -12.01       -4.76    8.87s
    ‖ρε - ρref‖ = 6.3631659708357474e-6 ‖Δρ‖ = 4.367321098965901e-6  ‖vε - vref‖ = 0.14264265456934563  α = 0.000123
 175   -13.00726785240      -12.50       -3.92    8.67s
    ‖ρε - ρref‖ = 4.117394989811296e-5 ‖Δρ‖ = 4.382123924248223e-5  ‖vε - vref‖ = 0.1426258229396422  α = 6.12e-6
 176   -13.00726785241      -11.46       -5.12    8.74s
    ‖ρε - ρref‖ = 4.247453674621972e-6 ‖Δρ‖ = 1.309253907578285e-6  ‖vε - vref‖ = 0.1426319632386969  α = 0.000809
 177   -13.00726785241      -11.81       -4.80    8.24s
    ‖ρε - ρref‖ = 5.4072255435214145e-6 ‖Δρ‖ = 3.672648193047851e-6  ‖vε - vref‖ = 0.14262993477477778  α = 0.00019
 178   -13.00726785241      -12.11       -4.91    15.9s
    ‖ρε - ρref‖ = 5.392111595185671e-6 ‖Δρ‖ = 3.4486014865364374e-6  ‖vε - vref‖ = 0.14263425901629348  α = 0.000139
 179   -13.00726785241      -12.07       -4.54    8.84s
    ‖ρε - ρref‖ = 9.657073593283839e-6 ‖Δρ‖ = 7.495164074421578e-6  ‖vε - vref‖ = 0.14264371163006007  α = 6.78e-5
 180   -13.00726785241      -11.99       -4.16    8.13s
    ‖ρε - ρref‖ = 1.568872018698892e-5 ‖Δρ‖ = 1.6727849876810502e-5  ‖vε - vref‖ = 0.14262243402738706  α = 3.35e-5
 181   -13.00726785241      -11.63       -4.91    7.66s
    ‖ρε - ρref‖ = 4.5925021011914705e-6 ‖Δρ‖ = 2.1718872826255607e-6  ‖vε - vref‖ = 0.14260862410896677  α = 0.000402
 182   -13.00726785242      -11.98       -5.40    7.99s
    ‖ρε - ρref‖ = 4.250309351284879e-6 ‖Δρ‖ = 9.20539792201152e-7  ‖vε - vref‖ = 0.14261618249297828  α = 0.000614
 183   -13.00726785242      -11.55       -4.71    8.13s
    ‖ρε - ρref‖ = 4.726030234893133e-6 ‖Δρ‖ = 3.1824240430687764e-6  ‖vε - vref‖ = 0.14254328298329666  α = 0.0003
 184   -13.00726785242      -12.41       -4.85    15.1s
    ‖ρε - ρref‖ = 6.205934935759686e-6 ‖Δρ‖ = 4.106263861539491e-6  ‖vε - vref‖ = 0.1425447943058699  α = 8.3e-5
 185   -13.00726785242      -12.13       -4.60    8.32s
    ‖ρε - ρref‖ = 6.706162489883083e-6 ‖Δρ‖ = 5.6773595736340286e-6  ‖vε - vref‖ = 0.14254076890510864  α = 8.5e-5
 186   -13.00726785242      -13.16       -4.81    8.68s
    ‖ρε - ρref‖ = 1.0188151274810144e-5 ‖Δρ‖ = 6.979384975083152e-6  ‖vε - vref‖ = 0.14254572663724455  α = 1.76e-5
 187   -13.00726785242      -12.06       -4.45    8.75s
    ‖ρε - ρref‖ = 7.927968485824876e-6 ‖Δρ‖ = 7.2448882629053646e-6  ‖vε - vref‖ = 0.14254447831065276  α = 7.29e-5
 188   -13.00726785242      -12.16       -5.12    8.48s
    ‖ρε - ρref‖ = 4.506348670761044e-6 ‖Δρ‖ = 1.7209902272497262e-6  ‖vε - vref‖ = 0.1425469612119467  α = 0.000276
 189   -13.00726785242      -12.01       -5.05    17.0s
    ‖ρε - ρref‖ = 4.0951708397627735e-6 ‖Δρ‖ = 1.7464438740749567e-6  ‖vε - vref‖ = 0.14251285593576263  α = 0.00032
 190   -13.00726785242      -12.17       -4.95    8.16s
    ‖ρε - ρref‖ = 4.6913479997598746e-6 ‖Δρ‖ = 2.5188588887189333e-6  ‖vε - vref‖ = 0.14251373642859466  α = 0.000183
 191   -13.00726785242      -12.47       -4.38    8.15s
    ‖ρε - ρref‖ = 1.4112138688173494e-5 ‖Δρ‖ = 1.1777382061026326e-5  ‖vε - vref‖ = 0.14252106824333433  α = 2.67e-5
 192   -13.00726785242      -12.57       -4.62    8.31s
    ‖ρε - ρref‖ = 6.951293409064387e-6 ‖Δρ‖ = 6.739300469508993e-6  ‖vε - vref‖ = 0.14251203682369348  α = 4.55e-5
 193   -13.00726785242      -12.21       -5.16    8.75s
    ‖ρε - ρref‖ = 4.212782273902439e-6 ‖Δρ‖ = 1.4437097968565443e-6  ‖vε - vref‖ = 0.14249040063695947  α = 0.000312
 194   -13.00726785242      -12.10       -5.28    8.69s
    ‖ρε - ρref‖ = 4.0874713467217215e-6 ‖Δρ‖ = 1.0397187202678688e-6  ‖vε - vref‖ = 0.14246570519481633  α = 0.000487
 195   -13.00726785243      -12.23       -5.06    16.1s
    ‖ρε - ρref‖ = 4.452224773447518e-6 ‖Δρ‖ = 1.8591426546034782e-6  ‖vε - vref‖ = 0.1424608303423762  α = 0.000231
 196   -13.00726785243      -12.31       -5.24    8.17s
    ‖ρε - ρref‖ = 4.513287362446042e-6 ‖Δρ‖ = 1.3022321899473826e-6  ‖vε - vref‖ = 0.14247249147641852  α = 0.000299
 197   -13.00726785243      -12.23       -4.44    8.83s
    ‖ρε - ρref‖ = 7.902139551540449e-6 ‖Δρ‖ = 7.67656381768653e-6  ‖vε - vref‖ = 0.1424689904989828  α = 5.63e-5
 198   -13.00726785243      -13.04       -4.32    7.93s
    ‖ρε - ρref‖ = 2.267854032136295e-5 ‖Δρ‖ = 1.990384297709812e-5  ‖vε - vref‖ = 0.14247171464389777  α = 6.45e-6
 199   -13.00726785243      -12.36       -4.80    8.83s
    ‖ρε - ρref‖ = 4.895783706051365e-6 ‖Δρ‖ = 3.857377390516604e-6  ‖vε - vref‖ = 0.1424516201748103  α = 9.12e-5
 200   -13.00726785243      -12.05       -5.30    7.74s
    ‖ρε - ρref‖ = 4.122749013671465e-6 ‖Δρ‖ = 9.225033744806735e-7  ‖vε - vref‖ = 0.14243079457256785  α = 0.000592
 201   -13.00726785243      -12.09       -5.28    15.2s
    ‖ρε - ρref‖ = 4.092891541714693e-6 ‖Δρ‖ = 1.0001858807737593e-6  ‖vε - vref‖ = 0.14241378446253045  α = 0.000521
 202   -13.00726785243      -12.42       -4.92    8.81s
    ‖ρε - ρref‖ = 4.691868181745364e-6 ‖Δρ‖ = 3.0578313143640955e-6  ‖vε - vref‖ = 0.14241171670221828  α = 0.000114
 203   -13.00726785243      -12.50       -4.38    7.88s
    ‖ρε - ρref‖ = 1.3609783988142515e-5 ‖Δρ‖ = 1.1227472729886064e-5  ‖vε - vref‖ = 0.14241924348847024  α = 2.69e-5
 204   -13.00726785243      -12.35       -4.86    7.93s
    ‖ρε - ρref‖ = 4.738333688144341e-6 ‖Δρ‖ = 3.36891111171374e-6  ‖vε - vref‖ = 0.142405039220366  α = 0.000112
 205   -13.00726785243      -12.11       -4.74    8.63s
    ‖ρε - ρref‖ = 5.480705340253267e-6 ‖Δρ‖ = 3.625416833252471e-6  ‖vε - vref‖ = 0.14238404791510395  α = 0.000138
 206   -13.00726785243      -12.18       -5.28    8.29s
    ‖ρε - ρref‖ = 4.163596480601543e-6 ‖Δρ‖ = 1.0378879042139374e-6  ‖vε - vref‖ = 0.14235432985466603  α = 0.000451
 207   -13.00726785243      -12.15       -5.08    16.9s
    ‖ρε - ρref‖ = 4.090265530614949e-6 ‖Δρ‖ = 1.6242689985330296e-6  ‖vε - vref‖ = 0.14230179945190594  α = 0.000293
 208   -13.00726785243      -12.29       -5.19    7.99s
    ‖ρε - ρref‖ = 4.514890628200509e-6 ‖Δρ‖ = 1.3173281116724142e-6  ‖vε - vref‖ = 0.14229666555830284  α = 0.000311
 209   -13.00726785243      -12.74       -4.41    8.48s
    ‖ρε - ρref‖ = 9.675435036750032e-6 ‖Δρ‖ = 1.1182765723545932e-5  ‖vε - vref‖ = 0.14228957524357488  α = 1.86e-5
 210   -13.00726785243      -12.81       -4.19    8.63s
    ‖ρε - ρref‖ = 2.0682944727787278e-5 ‖Δρ‖ = 1.9047581333734103e-5  ‖vε - vref‖ = 0.1422855178911481  α = 1.02e-5
 211   -13.00726785243      -12.47       -5.22    8.61s
    ‖ρε - ρref‖ = 4.150886058723806e-6 ‖Δρ‖ = 1.4145418810738741e-6  ‖vε - vref‖ = 0.14226987888890624  α = 0.000231
 212   -13.00726785243      -12.42       -5.18    8.06s
    ‖ρε - ρref‖ = 4.36553368181355e-6 ‖Δρ‖ = 1.3989987470666571e-6  ‖vε - vref‖ = 0.14226369285067686  α = 0.000249
 213   -13.00726785243      -12.43       -5.14    17.0s
    ‖ρε - ρref‖ = 4.162979846478466e-6 ‖Δρ‖ = 1.5036688709365061e-6  ‖vε - vref‖ = 0.14224602158734592  α = 0.000234
 214   -13.00726785243      -12.60       -5.31    8.14s
    ‖ρε - ρref‖ = 4.056119602205788e-6 ‖Δρ‖ = 1.1765239844851977e-6  ‖vε - vref‖ = 0.14224352242211352  α = 0.000239
 215   -13.00726785243      -12.81       -4.50    8.41s
    ‖ρε - ρref‖ = 1.1653319158642733e-5 ‖Δρ‖ = 9.11967910738131e-6  ‖vε - vref‖ = 0.14224796182935134  α = 2.42e-5
 216   -13.00726785244      -12.19       -5.08    8.44s
    ‖ρε - ρref‖ = 3.9872990895203886e-6 ‖Δρ‖ = 1.536564654847839e-6  ‖vε - vref‖ = 0.14220470453614578  α = 0.000296
 217   -13.00726785244      -12.53       -4.69    8.81s
    ‖ρε - ρref‖ = 6.6878364034556035e-6 ‖Δρ‖ = 5.031616846819051e-6  ‖vε - vref‖ = 0.14219006820775404  α = 5.84e-5
 218   -13.00726785244      -12.30       -5.49    8.76s
    ‖ρε - ρref‖ = 4.094574433201803e-6 ‖Δρ‖ = 6.397076251106751e-7  ‖vε - vref‖ = 0.14217057251950804  α = 0.000638
 219   -13.00726785244      -12.20       -4.94    17.2s
    ‖ρε - ρref‖ = 4.367106758881084e-6 ‖Δρ‖ = 2.0988759333999963e-6  ‖vε - vref‖ = 0.1421337829850488  α = 0.000215
 220   -13.00726785244      -12.44       -5.21    8.84s
    ‖ρε - ρref‖ = 4.491887571605405e-6 ‖Δρ‖ = 1.284351394412724e-6  ‖vε - vref‖ = 0.14212402263295557  α = 0.00027
 221   -13.00726785244      -13.37       -4.45    8.70s
    ‖ρε - ρref‖ = 1.2809968436138867e-5 ‖Δρ‖ = 1.5136937522124543e-5  ‖vε - vref‖ = 0.14211985898603272  α = 5.71e-6
 222   -13.00726785244      -13.29       -5.09    8.56s
    ‖ρε - ρref‖ = 4.855313419556871e-6 ‖Δρ‖ = 3.036071420970294e-6  ‖vε - vref‖ = 0.14211657039638667  α = 3.66e-5
 223   -13.00726785244      -12.18       -5.46    8.89s
    ‖ρε - ρref‖ = 4.010108970629436e-6 ‖Δρ‖ = 6.047073453913932e-7  ‖vε - vref‖ = 0.1420681839533985  α = 0.00078
 224   -13.00726785244      -12.43       -5.18    17.0s
    ‖ρε - ρref‖ = 4.475627599417971e-6 ‖Δρ‖ = 1.4617671636629948e-6  ‖vε - vref‖ = 0.14206294431308442  α = 0.000232
 225   -13.00726785244      -12.27       -5.21    8.13s
    ‖ρε - ρref‖ = 4.12035149973687e-6 ‖Δρ‖ = 1.2507126768143878e-6  ‖vε - vref‖ = 0.14203513329067724  α = 0.000331
 226   -13.00726785244      -12.65       -4.95    7.71s
    ‖ρε - ρref‖ = 4.238660713936306e-6 ‖Δρ‖ = 2.907284228871812e-6  ‖vε - vref‖ = 0.14202404104966726  α = 9.08e-5
 227   -13.00726785244      -12.64       -4.44    7.59s
    ‖ρε - ρref‖ = 1.1504809916324254e-5 ‖Δρ‖ = 9.282207733150897e-6  ‖vε - vref‖ = 0.14202324713061074  α = 2.84e-5
 228   -13.00726785244      -12.45       -5.32    7.65s
    ‖ρε - ρref‖ = 4.050601974272222e-6 ‖Δρ‖ = 1.077072912815556e-6  ‖vε - vref‖ = 0.14200302428109463  α = 0.000311
 229   -13.00726785244      -12.75       -4.98    7.76s
    ‖ρε - ρref‖ = 5.318748329098647e-6 ‖Δρ‖ = 2.940189302078106e-6  ‖vε - vref‖ = 0.1419965971894182  α = 7.92e-5
 230   -13.00726785244      -12.20       -5.21    15.3s
    ‖ρε - ρref‖ = 4.153449390709184e-6 ‖Δρ‖ = 1.202465552469141e-6  ‖vε - vref‖ = 0.1419482134802461  α = 0.000374
 231   -13.00726785244      -12.31       -5.15    8.87s
    ‖ρε - ρref‖ = 4.063562075840322e-6 ‖Δρ‖ = 1.5731258249727645e-6  ‖vε - vref‖ = 0.1418993959937435  α = 0.00025
 232   -13.00726785244      -12.63       -5.27    8.85s
    ‖ρε - ρref‖ = 5.034688753898289e-6 ‖Δρ‖ = 1.4448168003506309e-6  ‖vε - vref‖ = 0.14190245546860303  α = 0.000176
 233   -13.00726785244      -12.45       -3.93    8.78s
    ‖ρε - ρref‖ = 2.7686721649883157e-5 ‖Δρ‖ = 2.848817591710968e-5  ‖vε - vref‖ = 0.14188626489618472  α = 1.06e-5
 234   -13.00726785244      -12.61       -4.93    8.62s
    ‖ρε - ρref‖ = 4.859438388969733e-6 ‖Δρ‖ = 3.30716501002079e-6  ‖vε - vref‖ = 0.14187329515485694  α = 7.79e-5
 235   -13.00726785244      -12.39       -4.72    8.75s
    ‖ρε - ρref‖ = 5.837789930974825e-6 ‖Δρ‖ = 4.197899309235203e-6  ‖vε - vref‖ = 0.1418487084841705  α = 8.8e-5
 236   -13.00726785244      -12.34       -5.19    17.4s
    ‖ρε - ρref‖ = 4.234619561528603e-6 ‖Δρ‖ = 1.462389493463601e-6  ‖vε - vref‖ = 0.1418226912584778  α = 0.000256
 237   -13.00726785244      -12.02       -5.26    8.57s
    ‖ρε - ρref‖ = 4.15088872493979e-6 ‖Δρ‖ = 9.266069629789987e-7  ‖vε - vref‖ = 0.1417768519165086  α = 0.000608
 238   -13.00726785244      -12.70       -5.17    8.81s
    ‖ρε - ρref‖ = 3.722180627517017e-6 ‖Δρ‖ = 1.968534625491508e-6  ‖vε - vref‖ = 0.14176069392174623  α = 0.000126
 239   -13.00726785244      -12.21       -4.40    8.01s
    ‖ρε - ρref‖ = 9.85609020410965e-6 ‖Δρ‖ = 7.974469767739782e-6  ‖vε - vref‖ = 0.1417316357912994  α = 5.53e-5
 240   -13.00726785244      -12.63       -5.10    8.61s
    ‖ρε - ρref‖ = 4.002261465966838e-6 ‖Δρ‖ = 2.129755874472029e-6  ‖vε - vref‖ = 0.14170432933806693  α = 0.000124
 241   -13.00726785244      -12.59       -5.31    8.47s
    ‖ρε - ρref‖ = 4.301053591265437e-6 ‖Δρ‖ = 1.1694589731280823e-6  ‖vε - vref‖ = 0.14169308815421708  α = 0.00025
 242   -13.00726785245      -12.40       -4.78    17.4s
    ‖ρε - ρref‖ = 5.184117997814645e-6 ‖Δρ‖ = 3.4358018395487895e-6  ‖vε - vref‖ = 0.14167237010529551  α = 0.000104
 243   -13.00726785245      -12.45       -5.47    8.52s
    ‖ρε - ρref‖ = 4.076445784374034e-6 ‖Δρ‖ = 7.197219387123e-7  ‖vε - vref‖ = 0.14166238743693088  α = 0.000483
 244   -13.00726785245      -13.15       -5.00    8.03s
    ‖ρε - ρref‖ = 7.345706289762506e-6 ‖Δρ‖ = 3.975893822268094e-6  ‖vε - vref‖ = 0.1416647917394952  α = 2.83e-5
 245   -13.00726785245      -12.25       -4.37    8.22s
    ‖ρε - ρref‖ = 8.416011262930522e-6 ‖Δρ‖ = 7.904476378793867e-6  ‖vε - vref‖ = 0.14164118979273477  α = 5.34e-5
 246   -13.00726785245      -12.73       -5.13    8.71s
    ‖ρε - ρref‖ = 4.158585453919056e-6 ‖Δρ‖ = 2.1571563924499995e-6  ‖vε - vref‖ = 0.1416301395291398  α = 9.96e-5
 247   -13.00726785245      -12.47       -4.79    8.26s
    ‖ρε - ρref‖ = 5.460192178947243e-6 ‖Δρ‖ = 3.670967834811745e-6  ‖vε - vref‖ = 0.14161143591478023  α = 9.09e-5
 248   -13.00726785245      -12.52       -5.31    15.2s
    ‖ρε - ρref‖ = 4.297745870148275e-6 ‖Δρ‖ = 1.0834915758243171e-6  ‖vε - vref‖ = 0.14161041534695795  α = 0.000296
 249   -13.00726785245      -12.24       -5.13    8.23s
    ‖ρε - ρref‖ = 4.1712364862193455e-6 ‖Δρ‖ = 1.3372789236212156e-6  ‖vε - vref‖ = 0.14158574949128605  α = 0.000319
 250   -13.00726785245      -12.92       -5.23    8.70s
    ‖ρε - ρref‖ = 3.6772548809106533e-6 ‖Δρ‖ = 1.822977574838996e-6  ‖vε - vref‖ = 0.14157702965942406  α = 0.000102
 251   -13.00726785245      -12.65       -4.59    7.86s
    ‖ρε - ρref‖ = 8.368745265946094e-6 ‖Δρ‖ = 6.33623611087983e-6  ‖vε - vref‖ = 0.14157288406205848  α = 4.1e-5
 252   -13.00726785245      -12.34       -5.25    8.43s
    ‖ρε - ρref‖ = 4.138877647076423e-6 ‖Δρ‖ = 1.0700727366008163e-6  ‖vε - vref‖ = 0.141557027409168  α = 0.000363
 253   -13.00726785245      -12.56       -5.34    8.74s
    ‖ρε - ρref‖ = 4.296589657356244e-6 ‖Δρ‖ = 1.1157517241535734e-6  ‖vε - vref‖ = 0.14154972849247424  α = 0.000263
 254   -13.00726785245      -12.46       -4.85    17.3s
    ‖ρε - ρref‖ = 4.639945148225369e-6 ‖Δρ‖ = 3.1338813443456206e-6  ‖vε - vref‖ = 0.14152625603807706  α = 0.000106
 255   -13.00726785245      -12.32       -5.01    8.28s
    ‖ρε - ρref‖ = 4.208828863477853e-6 ‖Δρ‖ = 1.986572423569478e-6  ‖vε - vref‖ = 0.14150337358849369  α = 0.000196
 256   -13.00726785245      -13.50       -4.78    7.89s
    ‖ρε - ρref‖ = 1.0849475643495709e-5 ‖Δρ‖ = 7.5390583686513185e-6  ‖vε - vref‖ = 0.14150579174168892  α = 1.18e-5
 257   -13.00726785245      -12.48       -4.66    8.87s
    ‖ρε - ρref‖ = 6.713076530808602e-6 ‖Δρ‖ = 5.025097166390509e-6  ‖vε - vref‖ = 0.14151173164815092  α = 6.29e-5
 258   -13.00726785245      -12.48       -5.49    8.75s
    ‖ρε - ρref‖ = 3.992652135555976e-6 ‖Δρ‖ = 6.572404159056771e-7  ‖vε - vref‖ = 0.14149772137184435  α = 0.000503
 259   -13.00726785245      -12.75       -4.66    8.73s
    ‖ρε - ρref‖ = 7.422039815578853e-6 ‖Δρ‖ = 5.765190940917984e-6  ‖vε - vref‖ = 0.1414916917642167  α = 3.81e-5
 260   -13.00726785245      -12.48       -5.37    17.4s
    ‖ρε - ρref‖ = 4.080698254215524e-6 ‖Δρ‖ = 8.58538262152934e-7  ‖vε - vref‖ = 0.14147306868266707  α = 0.000383
 261   -13.00726785245      -12.63       -5.55    8.29s
    ‖ρε - ρref‖ = 4.031173528287908e-6 ‖Δρ‖ = 6.512026847896579e-7  ‖vε - vref‖ = 0.14145787224633072  α = 0.000412
 262   -13.00726785245      -12.73       -5.11    8.87s
    ‖ρε - ρref‖ = 3.707469692343435e-6 ‖Δρ‖ = 2.079585989323393e-6  ‖vε - vref‖ = 0.14144523556473756  α = 0.000113
 263   -13.00726785245      -12.35       -4.40    8.54s
    ‖ρε - ρref‖ = 9.671085499031958e-6 ‖Δρ‖ = 7.758626296632436e-6  ‖vε - vref‖ = 0.14143261698678217  α = 4.85e-5
 264   -13.00726785245      -12.48       -5.25    8.46s
    ‖ρε - ρref‖ = 4.041600352363044e-6 ‖Δρ‖ = 1.1887059448320196e-6  ‖vε - vref‖ = 0.1414157382581013  α = 0.000279
 265   -13.00726785245      -12.31       -5.15    8.56s
    ‖ρε - ρref‖ = 4.4075804893572e-6 ‖Δρ‖ = 1.3364687937548595e-6  ‖vε - vref‖ = 0.14141846509344463  α = 0.000295
 266   -13.00726785245      -13.10       -5.17    17.5s
    ‖ρε - ρref‖ = 4.259686653063654e-6 ‖Δρ‖ = 2.11331409162581e-6  ‖vε - vref‖ = 0.1414143731475856  α = 6.92e-5
 267   -13.00726785245      -12.78       -5.39    9.00s
    ‖ρε - ρref‖ = 3.799035291370276e-6 ‖Δρ‖ = 9.424786774895676e-7  ‖vε - vref‖ = 0.1414055644172618  α = 0.000234
 268   -13.00726785245      -13.11       -4.17    8.91s
    ‖ρε - ρref‖ = 2.2810060084482915e-5 ‖Δρ‖ = 2.0327038245501245e-5  ‖vε - vref‖ = 0.1414043595296806  α = 6.55e-6
 269   -13.00726785245      -12.71       -5.26    8.81s
    ‖ρε - ρref‖ = 4.245112317157888e-6 ‖Δρ‖ = 1.2302764433756603e-6  ‖vε - vref‖ = 0.14139865493228432  α = 0.000201
 270   -13.00726785245      -12.69       -5.28    8.85s
    ‖ρε - ρref‖ = 3.9537901012365625e-6 ‖Δρ‖ = 1.092923760005916e-6  ‖vε - vref‖ = 0.141384435641475  α = 0.000238
 271   -13.00726785245      -13.12       -4.99    8.58s
    ‖ρε - ρref‖ = 5.411841768273574e-6 ‖Δρ‖ = 3.060629682779039e-6  ‖vε - vref‖ = 0.14138414621124598  α = 4.86e-5
 272   -13.00726785245      -12.75       -5.17    17.4s
    ‖ρε - ρref‖ = 4.488298860730076e-6 ‖Δρ‖ = 1.553388367764296e-6  ‖vε - vref‖ = 0.14138910768272558  α = 0.00015
 273   -13.00726785245      -12.48       -5.53    8.36s
    ‖ρε - ρref‖ = 4.0211349677739245e-6 ‖Δρ‖ = 5.586876850230003e-7  ‖vε - vref‖ = 0.14137266817848224  α = 0.000584
 274   -13.00726785245      -13.00       -5.29    7.88s
    ‖ρε - ρref‖ = 3.7118327919630843e-6 ‖Δρ‖ = 1.3861608082318453e-6  ‖vε - vref‖ = 0.14136534645339427  α = 0.00013
 275   -13.00726785245      -12.62       -4.52    8.76s
    ‖ρε - ρref‖ = 8.38975801058904e-6 ‖Δρ‖ = 6.285941406187033e-6  ‖vε - vref‖ = 0.14136189505195543  α = 4.3e-5
 276   -13.00726785245      -12.60       -5.54    8.78s
    ‖ρε - ρref‖ = 3.950582479675873e-6 ‖Δρ‖ = 6.255905105432042e-7  ‖vε - vref‖ = 0.14133987403831416  α = 0.000444
 277   -13.00726785245      -12.60       -5.32    8.64s
    ‖ρε - ρref‖ = 4.2473962301826155e-6 ‖Δρ‖ = 1.0123105566301912e-6  ‖vε - vref‖ = 0.1413386934119828  α = 0.000283
 278   -13.00726785245      -12.60       -5.17    16.6s
    ‖ρε - ρref‖ = 4.1977704164319505e-6 ‖Δρ‖ = 1.4375380466961873e-6  ‖vε - vref‖ = 0.14133508938124348  α = 0.000194
 279   -13.00726785245      -13.64       -4.90    8.44s
    ‖ρε - ρref‖ = 4.3509361463012335e-6 ‖Δρ‖ = 4.595915732688582e-6  ‖vε - vref‖ = 0.14133379725795145  α = 2.14e-5
 280   -13.00726785245      -13.12       -4.49    8.35s
    ‖ρε - ρref‖ = 1.2261822201040443e-5 ‖Δρ‖ = 9.931370181051828e-6  ‖vε - vref‖ = 0.14133719896117702  α = 1.46e-5
 281   -13.00726785246      -12.41       -5.49    8.32s
    ‖ρε - ρref‖ = 4.092877434126447e-6 ‖Δρ‖ = 6.00334421359411e-7  ‖vε - vref‖ = 0.1413414942929264  α = 0.000594
 282   -13.00726785246      -12.88       -5.23    7.83s
    ‖ρε - ρref‖ = 3.992434596062394e-6 ‖Δρ‖ = 1.3994927806725384e-6  ‖vε - vref‖ = 0.1413318813594757  α = 0.000153
 283   -13.00726785246      -13.15       -5.19    8.61s
    ‖ρε - ρref‖ = 4.755539378923599e-6 ‖Δρ‖ = 2.0609363396289104e-6  ‖vε - vref‖ = 0.14133136007668873  α = 5.84e-5
 284   -13.00726785246      -12.60       -5.25    15.7s
    ‖ρε - ρref‖ = 4.188295717042441e-6 ‖Δρ‖ = 1.0846047508356357e-6  ‖vε - vref‖ = 0.1413265190031401  α = 0.000274
 285   -13.00726785246      -12.56       -5.06    7.87s
    ‖ρε - ρref‖ = 4.24197132810904e-6 ‖Δρ‖ = 1.7389525748613617e-6  ‖vε - vref‖ = 0.14131382952554586  α = 0.000165
 286   -13.00726785246      -12.94       -5.47    8.37s
    ‖ρε - ρref‖ = 3.790882412319095e-6 ‖Δρ‖ = 9.472985374753197e-7  ‖vε - vref‖ = 0.14131212683512734  α = 0.000176
 287   -13.00726785246      -12.74       -4.58    8.24s
    ‖ρε - ρref‖ = 8.154127678882698e-6 ‖Δρ‖ = 5.843857302837366e-6  ‖vε - vref‖ = 0.14131998767656534  α = 4.15e-5
 288   -13.00726785246      -12.47       -5.42    8.55s
    ‖ρε - ρref‖ = 3.998871327254424e-6 ‖Δρ‖ = 6.709312513517283e-7  ‖vε - vref‖ = 0.1413085243314144  α = 0.000504
 289   -13.00726785246      -12.78       -5.28    7.76s
    ‖ρε - ρref‖ = 4.314926192990763e-6 ‖Δρ‖ = 1.1653250397291757e-6  ‖vε - vref‖ = 0.14131233888464967  α = 0.000202
 290   -13.00726785246      -12.75       -5.71    15.3s
    ‖ρε - ρref‖ = 4.0802607351916295e-6 ‖Δρ‖ = 4.3843332432452165e-7  ‖vε - vref‖ = 0.14130286561959657  α = 0.000493
 291   -13.00726785246      -13.21       -4.22    7.90s
    ‖ρε - ρref‖ = 1.539763940985714e-5 ‖Δρ‖ = 1.7893789206363946e-5  ‖vε - vref‖ = 0.14129311698369143  α = 7.12e-6
 292   -13.00726785246      -12.79       -4.84    8.81s
    ‖ρε - ρref‖ = 5.63212651908047e-6 ‖Δρ‖ = 3.3607586575795293e-6  ‖vε - vref‖ = 0.14128858017892718  α = 6.55e-5
 293   -13.00726785246      -12.92       -5.26    8.85s
    ‖ρε - ρref‖ = 4.31505901985779e-6 ‖Δρ‖ = 1.2665079998111623e-6  ‖vε - vref‖ = 0.141289616174661  α = 0.000161
 294   -13.00726785246      -12.66       -5.44    8.19s
    ‖ρε - ρref‖ = 4.036523094074232e-6 ‖Δρ‖ = 7.549554907360614e-7  ‖vε - vref‖ = 0.1412856026574176  α = 0.000335
 295   -13.00726785246      -13.34       -5.19    7.65s
    ‖ρε - ρref‖ = 4.7645872363038205e-6 ‖Δρ‖ = 1.9935980567852207e-6  ‖vε - vref‖ = 0.14128589801906755  α = 7.18e-5
 296   -13.00726785246      -12.56       -5.07    15.4s
    ‖ρε - ρref‖ = 4.330337181938982e-6 ‖Δρ‖ = 1.802611119547596e-6  ‖vε - vref‖ = 0.14127910161039392  α = 0.000163
 297   -13.00726785246      -12.53       -5.43    7.98s
    ‖ρε - ρref‖ = 4.033717422117666e-6 ‖Δρ‖ = 8.211542614135896e-7  ‖vε - vref‖ = 0.1412684729836855  α = 0.000348
 298   -13.00726785246      -12.85       -5.02    7.65s
    ‖ρε - ρref‖ = 4.031343690973097e-6 ‖Δρ‖ = 2.5229706108913715e-6  ‖vε - vref‖ = 0.141264296382234  α = 8.44e-5
 299   -13.00726785246      -12.69       -4.52    8.78s
    ‖ρε - ρref‖ = 9.670313382996693e-6 ‖Δρ‖ = 7.316036949777262e-6  ‖vε - vref‖ = 0.14127002590844992  α = 3.37e-5
 300   -13.00726785246      -12.66       -5.37    8.89s
    ‖ρε - ρref‖ = 4.018849222207266e-6 ‖Δρ‖ = 8.549389058862801e-7  ‖vε - vref‖ = 0.14125790890984766  α = 0.000322
Trying again with Newton's method ...
n     Energy            log10(ΔE)   log10(Δρ)   Δtime 
---   ---------------   ---------   ---------   ------
  1   -13.00726785246                   -8.06     521s
    ‖ρε - ρref‖ = 4.009258993755015e-6 ‖Δρ‖ = 9.659538796145819e-10  ‖vε - vref‖ = 0.14141788186043916
  2   -13.00726785246      -11.89       -8.24     509s
    ‖ρε - ρref‖ = 4.00921040961576e-6 ‖Δρ‖ = 6.405751758965647e-10  ‖vε - vref‖ = 0.1414715242360485
    Stopping to avoid numerical instabilities.

#-- ‖ρε - ρref‖ = 4.00921040961576e-6 vs. 1.7782794100389228e-9 = δ*ε ‖vε - vref‖ = 0.1414715242360485


# --- ε=1.0e-7

n     Energy            log10(ΔE)   log10(Δρ)   Δtime 
---   ---------------   ---------   ---------   ------
  1   -13.00723087496                   -0.13    13.8s
    ‖ρε - ρref‖ = 0.47420886242510063 ‖Δρ‖ = 0.4742073601845847  ‖vε - vref‖ = 11.53146529249238  α = 2.76e-6
  2   -13.00723420021       -5.48       -0.67    8.05s
    ‖ρε - ρref‖ = 0.09201884178036566 ‖Δρ‖ = 0.09201799508433482  ‖vε - vref‖ = 6.915402011400972  α = 7.47e-6
  3   -13.00723563904       -5.84       -1.31    7.57s
    ‖ρε - ρref‖ = 0.0170171229170374 ‖Δρ‖ = 0.017016527480361598  ‖vε - vref‖ = 3.9075112816479156  α = 2.86e-5
  4   -13.00723596815       -6.48       -1.57    7.64s
    ‖ρε - ρref‖ = 0.009579336726527582 ‖Δρ‖ = 0.009579176228552684  ‖vε - vref‖ = 2.8767161495401234  α = 2.44e-5
  5   -13.00723607777       -6.96       -1.89    14.0s
    ‖ρε - ρref‖ = 0.004456659195305431 ‖Δρ‖ = 0.004456416775920829  ‖vε - vref‖ = 2.360670329987407  α = 3.01e-5
  6   -13.00723618273       -6.98       -2.06    8.16s
    ‖ρε - ρref‖ = 0.002339388386523351 ‖Δρ‖ = 0.0023392570481739127  ‖vε - vref‖ = 1.8252185358188386  α = 5.87e-5
  7   -13.00723623445       -7.29       -2.41    8.55s
    ‖ρε - ρref‖ = 0.00095423784394498 ‖Δρ‖ = 0.0009541493009335206  ‖vε - vref‖ = 1.501523513659194  α = 0.000102
  8   -13.00723625674       -7.65       -2.75    7.88s
    ‖ρε - ρref‖ = 0.00045889444908165994 ‖Δρ‖ = 0.00045880731323297356  ‖vε - vref‖ = 1.3304005493091342  α = 0.000138
  9   -13.00723627163       -7.83       -2.72    8.15s
    ‖ρε - ρref‖ = 0.000436788225765936 ‖Δρ‖ = 0.00043676251373139655  ‖vε - vref‖ = 1.2180026451337167  α = 0.00012
 10   -13.00723628276       -7.95       -2.84    8.40s
    ‖ρε - ρref‖ = 0.00031950018135110526 ‖Δρ‖ = 0.00031943509336826925  ‖vε - vref‖ = 1.114811645891482  α = 0.000142
 11   -13.00723629082       -8.09       -3.02    16.8s
    ‖ρε - ρref‖ = 0.00019127132592292788 ‖Δρ‖ = 0.0001912173412095917  ‖vε - vref‖ = 1.037573776466783  α = 0.000204
 12   -13.00723630998       -7.72       -1.52    8.34s
    ‖ρε - ρref‖ = 0.01836235084766108 ‖Δρ‖ = 0.01836425478223143  ‖vε - vref‖ = 0.611920846910694  α = 2.52e-6
 13   -13.00723631162       -8.78       -2.30    8.10s
    ‖ρε - ρref‖ = 0.0021774998738694124 ‖Δρ‖ = 0.002176495057872218  ‖vε - vref‖ = 0.5772138977845315  α = 7.41e-6
 14   -13.00723631307       -8.84       -2.99    8.16s
    ‖ρε - ρref‖ = 0.0003086463747077166 ‖Δρ‖ = 0.00030804821575154066  ‖vε - vref‖ = 0.550636113069123  α = 5.15e-5
 15   -13.00723631523       -8.67       -2.95    7.57s
    ‖ρε - ρref‖ = 0.00025850862023286036 ‖Δρ‖ = 0.00025859251170615356  ‖vε - vref‖ = 0.5122239995644118  α = 7.51e-5
 16   -13.00723631718       -8.71       -2.69    8.22s
    ‖ρε - ρref‖ = 0.0005055073020313382 ‖Δρ‖ = 0.0005055872175858547  ‖vε - vref‖ = 0.46986190991015975  α = 3.6e-5
 17   -13.00723631858       -8.85       -2.81    8.24s
    ‖ρε - ρref‖ = 0.0003859097109906051 ‖Δρ‖ = 0.00038607454194079484  ‖vε - vref‖ = 0.43756084576948384  α = 4.11e-5
 18   -13.00723632032       -8.76       -3.09    18.0s
    ‖ρε - ρref‖ = 0.00016805623902258908 ‖Δρ‖ = 0.00016796886415079454  ‖vε - vref‖ = 0.39484775242629283  α = 0.000107
 19   -13.00723632149       -8.93       -3.25    8.64s
    ‖ρε - ρref‖ = 0.00012362697047070784 ‖Δρ‖ = 0.00012357817173494408  ‖vε - vref‖ = 0.363597057487857  α = 0.000118
 20   -13.00723632264       -8.94       -3.51    7.86s
    ‖ρε - ρref‖ = 5.9303617529593404e-5 ‖Δρ‖ = 5.9269361902411154e-5  ‖vε - vref‖ = 0.3306975395867011  α = 0.000245
 21   -13.00723632324       -9.22       -3.26    7.99s
    ‖ρε - ρref‖ = 0.00011832916546275684 ‖Δρ‖ = 0.00011826126487093538  ‖vε - vref‖ = 0.3113035016640031  α = 8.85e-5
 22   -13.00723632392       -9.17       -3.64    8.23s
    ‖ρε - ρref‖ = 4.3487253397909066e-5 ‖Δρ‖ = 4.350320875043642e-5  ‖vε - vref‖ = 0.2892768934326651  α = 0.00026
 23   -13.00723632419       -9.57       -3.48    8.77s
    ‖ρε - ρref‖ = 7.768788392461887e-5 ‖Δρ‖ = 7.897576966398572e-5  ‖vε - vref‖ = 0.2843243549096539  α = 7.77e-5
 24   -13.00723632465       -9.33       -2.20    17.9s
    ‖ρε - ρref‖ = 0.0012509375778762346 ‖Δρ‖ = 0.0012501845601193174  ‖vε - vref‖ = 0.26299720822381734  α = 6.89e-6
 25   -13.00723632470      -10.32       -3.15    8.39s
    ‖ρε - ρref‖ = 0.00026609837727327717 ‖Δρ‖ = 0.0002650179408118985  ‖vε - vref‖ = 0.26104715013901375  α = 1.05e-5
 26   -13.00723632509       -9.42       -3.65    8.15s
    ‖ρε - ρref‖ = 4.25701875550644e-5 ‖Δρ‖ = 4.224816640743691e-5  ‖vε - vref‖ = 0.24696955047143004  α = 0.000199
 27   -13.00723632526       -9.76       -3.07    7.67s
    ‖ρε - ρref‖ = 0.00021129491814284512 ‖Δρ‖ = 0.0002117386126691497  ‖vε - vref‖ = 0.23949114953848447  α = 2.55e-5
 28   -13.00723632537       -9.98       -3.43    7.61s
    ‖ρε - ρref‖ = 0.00010193657965129999 ‖Δρ‖ = 0.00010223148374950225  ‖vε - vref‖ = 0.23502405085745723  α = 4.14e-5
 29   -13.00723632552       -9.82       -3.48    8.34s
    ‖ρε - ρref‖ = 7.639344645428974e-5 ‖Δρ‖ = 7.649020913451101e-5  ‖vε - vref‖ = 0.22863340951221187  α = 6.84e-5
 30   -13.00723632569       -9.77       -3.70    17.2s
    ‖ρε - ρref‖ = 4.380165852682404e-5 ‖Δρ‖ = 4.3339534274235076e-5  ‖vε - vref‖ = 0.2214813042466413  α = 0.000128
 31   -13.00723632588       -9.70       -3.70    8.01s
    ‖ρε - ρref‖ = 3.997779760517022e-5 ‖Δρ‖ = 4.002981225944e-5  ‖vε - vref‖ = 0.21309247780354096  α = 0.00015
 32   -13.00723632607       -9.73       -3.64    8.83s
    ‖ρε - ρref‖ = 4.5838960723226624e-5 ‖Δρ‖ = 4.576968661580283e-5  ‖vε - vref‖ = 0.2044409201143974  α = 0.000127
 33   -13.00723632623       -9.80       -4.05    8.84s
    ‖ρε - ρref‖ = 1.7005922610019227e-5 ‖Δρ‖ = 1.6941172561802642e-5  ‖vε - vref‖ = 0.1972229433206697  α = 0.000323
 34   -13.00723632636       -9.89       -3.69    7.78s
    ‖ρε - ρref‖ = 4.134237706633186e-5 ‖Δρ‖ = 4.099688438861531e-5  ‖vε - vref‖ = 0.19135061940845696  α = 0.000119
 35   -13.00723632637      -11.17       -3.35    8.62s
    ‖ρε - ρref‖ = 0.00021643677397977857 ‖Δρ‖ = 0.0002180775975914258  ‖vε - vref‖ = 0.19095027492287373  α = 4.03e-6
 36   -13.00723632648       -9.95       -3.72    18.1s
    ‖ρε - ρref‖ = 3.955256326505911e-5 ‖Δρ‖ = 3.978283296281921e-5  ‖vε - vref‖ = 0.1860247228130843  α = 0.000112
 37   -13.00723632654      -10.22       -3.01    8.23s
    ‖ρε - ρref‖ = 0.00025370341136400734 ‖Δρ‖ = 0.00025271882691552024  ‖vε - vref‖ = 0.18300629151384581  α = 1.24e-5
 38   -13.00723632663      -10.02       -3.58    8.61s
    ‖ρε - ρref‖ = 5.401228204027686e-5 ‖Δρ‖ = 5.4131557931182205e-5  ‖vε - vref‖ = 0.17803677558022285  α = 7.79e-5
 39   -13.00723632665      -10.84       -3.83    8.55s
    ‖ρε - ρref‖ = 5.493974726558765e-5 ‖Δρ‖ = 5.543454659539265e-5  ‖vε - vref‖ = 0.1773168516875973  α = 2.7e-5
 40   -13.00723632674      -10.04       -3.99    8.00s
    ‖ρε - ρref‖ = 2.1097524956851434e-5 ‖Δρ‖ = 2.1110020740892805e-5  ‖vε - vref‖ = 0.17320256526443667  α = 0.000192
 41   -13.00723632682      -10.09       -3.37    8.21s
    ‖ρε - ρref‖ = 9.012267531855333e-5 ‖Δρ‖ = 8.982061100905881e-5  ‖vε - vref‖ = 0.16896209787775632  α = 4.26e-5
 42   -13.00723632693       -9.97       -3.87    8.25s
    ‖ρε - ρref‖ = 2.6017679494743094e-5 ‖Δρ‖ = 2.5882443062665895e-5  ‖vε - vref‖ = 0.16346915289047667  α = 0.000173
 43   -13.00723632699      -10.19       -3.93    16.7s
    ‖ρε - ρref‖ = 2.5791770218478597e-5 ‖Δρ‖ = 2.604953679710621e-5  ‖vε - vref‖ = 0.1601618086095494  α = 0.00013
 44   -13.00723632706      -10.15       -3.85    8.33s
    ‖ρε - ρref‖ = 3.028760140153521e-5 ‖Δρ‖ = 2.981152888599263e-5  ‖vε - vref‖ = 0.15642938536294831  α = 0.00012
 45   -13.00723632714      -10.13       -4.12    8.18s
    ‖ρε - ρref‖ = 1.4761392425190662e-5 ‖Δρ‖ = 1.471785771876369e-5  ‖vε - vref‖ = 0.1525012095142411  α = 0.000251
 46   -13.00723632716      -10.67       -3.96    8.36s
    ‖ρε - ρref‖ = 3.2205443478158446e-5 ‖Δρ‖ = 3.099487501670448e-5  ‖vε - vref‖ = 0.15200256170395846  α = 5.47e-5
 47   -13.00723632720      -10.35       -2.83    8.53s
    ‖ρε - ρref‖ = 0.0003363105933067987 ‖Δρ‖ = 0.00033722655210606186  ‖vε - vref‖ = 0.14894142115365067  α = 7.87e-6
 48   -13.00723632723      -10.55       -3.85    8.37s
    ‖ρε - ρref‖ = 3.637931579787971e-5 ‖Δρ‖ = 3.711424637905124e-5  ‖vε - vref‖ = 0.14761322768777396  α = 5.89e-5
 49   -13.00723632729      -10.23       -3.19    18.3s
    ‖ρε - ρref‖ = 0.00013219913951866265 ‖Δρ‖ = 0.0001314363990995765  ‖vε - vref‖ = 0.14423113555303485  α = 2.45e-5
 50   -13.00723632732      -10.51       -4.01    8.55s
    ‖ρε - ρref‖ = 2.3108975146358803e-5 ‖Δρ‖ = 2.2771370704846722e-5  ‖vε - vref‖ = 0.1426050232051597  α = 0.000103
 51   -13.00723632734      -10.77       -3.70    8.75s
    ‖ρε - ρref‖ = 5.742441607885492e-5 ‖Δρ‖ = 5.7785843014732806e-5  ‖vε - vref‖ = 0.14165462835337916  α = 2.86e-5
 52   -13.00723632738      -10.44       -3.89    8.28s
    ‖ρε - ρref‖ = 2.779720679935993e-5 ‖Δρ‖ = 2.7796723638594037e-5  ‖vε - vref‖ = 0.13958102643667905  α = 9.25e-5
 53   -13.00723632739      -10.71       -3.87    8.76s
    ‖ρε - ρref‖ = 3.510581912421826e-5 ‖Δρ‖ = 3.478485223978922e-5  ‖vε - vref‖ = 0.13855346282552525  α = 5.31e-5
 54   -13.00723632746      -10.18       -3.89    8.79s
    ‖ρε - ρref‖ = 2.22617674713754e-5 ‖Δρ‖ = 2.2358880222565367e-5  ‖vε - vref‖ = 0.13472412727102218  α = 0.000157
 55   -13.00723632748      -10.63       -4.08    17.7s
    ‖ρε - ρref‖ = 1.841133249019215e-5 ‖Δρ‖ = 1.8098241181930843e-5  ‖vε - vref‖ = 0.1334449015060875  α = 0.000116
 56   -13.00723632753      -10.35       -4.27    8.80s
    ‖ρε - ρref‖ = 1.0148812021474736e-5 ‖Δρ‖ = 9.577032876918056e-6  ‖vε - vref‖ = 0.13115379726719048  α = 0.000302
 57   -13.00723632755      -10.73       -3.95    8.30s
    ‖ρε - ρref‖ = 2.4696536606160868e-5 ‖Δρ‖ = 2.5212762104005745e-5  ‖vε - vref‖ = 0.13000952665786053  α = 7.28e-5
 58   -13.00723632755      -11.94       -3.98    8.76s
    ‖ρε - ρref‖ = 5.363856072348569e-5 ‖Δρ‖ = 5.203993585842073e-5  ‖vε - vref‖ = 0.12996725132601766  α = 6.9e-6
 59   -13.00723632758      -10.45       -3.91    8.41s
    ‖ρε - ρref‖ = 2.104063671347322e-5 ‖Δρ‖ = 2.0877099289496808e-5  ‖vε - vref‖ = 0.12805016875975436  α = 0.000125
 60   -13.00723632759      -11.45       -3.90    8.62s
    ‖ρε - ρref‖ = 4.383663991203863e-5 ‖Δρ‖ = 4.4867471090089636e-5  ‖vε - vref‖ = 0.1278467890762201  α = 1.69e-5
 61   -13.00723632762      -10.49       -3.95    17.8s
    ‖ρε - ρref‖ = 2.004749349672848e-5 ‖Δρ‖ = 1.9782429201587687e-5  ‖vε - vref‖ = 0.1260960343608286  α = 0.000125
 62   -13.00723632763      -11.09       -4.25    8.34s
    ‖ρε - ρref‖ = 1.575723778135535e-5 ‖Δρ‖ = 1.5316761294575323e-5  ‖vε - vref‖ = 0.12573684868298907  α = 7.67e-5
 63   -13.00723632764      -10.89       -3.82    8.20s
    ‖ρε - ρref‖ = 3.546320266839378e-5 ‖Δρ‖ = 3.569926327582313e-5  ‖vε - vref‖ = 0.12507829450241637  α = 4.1e-5
 64   -13.00723632766      -10.81       -4.07    8.19s
    ‖ρε - ρref‖ = 1.8635612285880014e-5 ‖Δρ‖ = 1.8456190556429876e-5  ‖vε - vref‖ = 0.12427876034005206  α = 8.97e-5
 65   -13.00723632766      -11.25       -4.05    7.92s
    ‖ρε - ρref‖ = 2.6047514795041156e-5 ‖Δρ‖ = 2.5559922788472907e-5  ‖vε - vref‖ = 0.12401176610951338  α = 3.87e-5
 66   -13.00723632768      -10.88       -4.39    8.38s
    ‖ρε - ρref‖ = 8.625961984052482e-6 ‖Δρ‖ = 8.54369517890768e-6  ‖vε - vref‖ = 0.1233937031824057  α = 0.000184
 67   -13.00723632771      -10.51       -4.25    8.57s
    ‖ρε - ρref‖ = 9.677526390510567e-6 ‖Δρ‖ = 9.508374913155477e-6  ‖vε - vref‖ = 0.1219748754190537  α = 0.000251
 68   -13.00723632773      -10.73       -4.12    18.0s
    ‖ρε - ρref‖ = 1.574231627395063e-5 ‖Δρ‖ = 1.5279190997835573e-5  ‖vε - vref‖ = 0.12112984515567173  α = 0.000121
 69   -13.00723632773      -11.29       -4.39    8.66s
    ‖ρε - ρref‖ = 1.0168560141413323e-5 ‖Δρ‖ = 1.1444443004982135e-5  ‖vε - vref‖ = 0.1210565948002675  α = 7.2e-5
 70   -13.00723632774      -11.03       -3.13    8.10s
    ‖ρε - ρref‖ = 0.00017092856724205383 ‖Δρ‖ = 0.00017037569845273438  ‖vε - vref‖ = 0.12046686071750826  α = 7.22e-6
 71   -13.00723632775      -10.92       -4.11    7.93s
    ‖ρε - ρref‖ = 1.6989989732031164e-5 ‖Δρ‖ = 1.630814669412861e-5  ‖vε - vref‖ = 0.11998085041230187  α = 9.07e-5
 72   -13.00723632775      -11.73       -3.89    7.65s
    ‖ρε - ρref‖ = 4.482956532637022e-5 ‖Δρ‖ = 4.577692928014919e-5  ‖vε - vref‖ = 0.11987807228248391  α = 1.2e-5
 73   -13.00723632777      -10.86       -4.26    7.90s
    ‖ρε - ρref‖ = 1.0033778432515113e-5 ‖Δρ‖ = 9.850465010313023e-6  ‖vε - vref‖ = 0.11927522991721942  α = 0.000163
 74   -13.00723632777      -11.24       -4.45    17.3s
    ‖ρε - ρref‖ = 8.671628178618952e-6 ‖Δρ‖ = 7.95444999579033e-6  ‖vε - vref‖ = 0.11910887274035437  α = 0.000129
 75   -13.00723632778      -11.54       -4.06    8.71s
    ‖ρε - ρref‖ = 2.5132964234062444e-5 ‖Δρ‖ = 2.530283563790856e-5  ‖vε - vref‖ = 0.11898748557389295  α = 2.69e-5
 76   -13.00723632779      -10.90       -4.31    8.21s
    ‖ρε - ρref‖ = 8.621714932397523e-6 ‖Δρ‖ = 8.528850423621833e-6  ‖vε - vref‖ = 0.11849801523317323  α = 0.000181
 77   -13.00723632779      -11.55       -4.35    8.31s
    ‖ρε - ρref‖ = 1.3216048157091682e-5 ‖Δρ‖ = 1.2686841162763418e-5  ‖vε - vref‖ = 0.11842298772682273  α = 5.48e-5
 78   -13.00723632780      -11.13       -4.29    8.90s
    ‖ρε - ρref‖ = 1.0714018940934183e-5 ‖Δρ‖ = 1.0476582934119142e-5  ‖vε - vref‖ = 0.11820785092205925  α = 0.000112
 79   -13.00723632781      -11.16       -4.60    8.34s
    ‖ρε - ρref‖ = 5.657813882871121e-6 ‖Δρ‖ = 5.032272660461802e-6  ‖vε - vref‖ = 0.11807047287556431  α = 0.000223
 80   -13.00723632781      -11.21       -4.30    17.3s
    ‖ρε - ρref‖ = 1.0316333242907887e-5 ‖Δρ‖ = 1.0137649593562319e-5  ‖vε - vref‖ = 0.11786982544300778  α = 0.000104
 81   -13.00723632781      -12.65       -4.36    8.46s
    ‖ρε - ρref‖ = 2.211887992650199e-5 ‖Δρ‖ = 2.3719371399794817e-5  ‖vε - vref‖ = 0.11786118573953012  α = 6.46e-6
 82   -13.00723632782      -11.08       -4.38    8.66s
    ‖ρε - ρref‖ = 7.926621736765231e-6 ‖Δρ‖ = 7.669023382557281e-6  ‖vε - vref‖ = 0.1176757475780251  α = 0.000162
 83   -13.00723632782      -11.60       -4.36    7.93s
    ‖ρε - ρref‖ = 1.3200276184224139e-5 ‖Δρ‖ = 1.2000384188004456e-5  ‖vε - vref‖ = 0.11767162786147546  α = 5.39e-5
 84   -13.00723632783      -11.62       -3.84    8.09s
    ‖ρε - ρref‖ = 3.942611050998799e-5 ‖Δρ‖ = 3.984985195327771e-5  ‖vε - vref‖ = 0.11761761248396638  α = 1.62e-5
 85   -13.00723632783      -11.14       -4.54    7.69s
    ‖ρε - ρref‖ = 5.92356904764584e-6 ‖Δρ‖ = 5.822028438273028e-6  ‖vε - vref‖ = 0.11748384843840437  α = 0.000196
 86   -13.00723632784      -11.08       -4.32    8.85s
    ‖ρε - ρref‖ = 9.556946048657917e-6 ‖Δρ‖ = 9.060287229331004e-6  ‖vε - vref‖ = 0.1173881527448347  α = 0.000136
 87   -13.00723632784      -11.73       -4.22    18.6s
    ‖ρε - ρref‖ = 1.770147222871598e-5 ‖Δρ‖ = 1.787152581934562e-5  ‖vε - vref‖ = 0.11736061164007708  α = 3.04e-5
 88   -13.00723632785      -11.29       -4.26    8.60s
    ‖ρε - ρref‖ = 1.2078304561049613e-5 ‖Δρ‖ = 1.1699878062089503e-5  ‖vε - vref‖ = 0.1173165246160225  α = 8.26e-5
 89   -13.00723632785      -11.25       -4.55    8.24s
    ‖ρε - ρref‖ = 5.91206337490886e-6 ‖Δρ‖ = 5.343117932433638e-6  ‖vε - vref‖ = 0.1172893155175427  α = 0.000192
 90   -13.00723632786      -11.93       -4.29    7.69s
    ‖ρε - ρref‖ = 1.4556165548563245e-5 ‖Δρ‖ = 1.4766750755005285e-5  ‖vε - vref‖ = 0.1172656437507749  α = 3.09e-5
 91   -13.00723632786      -11.45       -4.85    8.04s
    ‖ρε - ρref‖ = 3.5732289445129626e-6 ‖Δρ‖ = 2.818440064205963e-6  ‖vε - vref‖ = 0.11727043861593786  α = 0.000289
 92   -13.00723632786      -11.40       -4.59    8.74s
    ‖ρε - ρref‖ = 5.976104356775093e-6 ‖Δρ‖ = 4.970369813767245e-6  ‖vε - vref‖ = 0.11734549605882255  α = 0.000171
 93   -13.00723632786      -12.26       -3.64    17.7s
    ‖ρε - ρref‖ = 8.26681295075551e-5 ‖Δρ‖ = 8.407101277269705e-5  ‖vε - vref‖ = 0.11731461425687614  α = 3.09e-6
 94   -13.00723632787      -11.40       -4.58    8.62s
    ‖ρε - ρref‖ = 5.555405655115458e-6 ‖Δρ‖ = 5.272835131001694e-6  ‖vε - vref‖ = 0.1173170568561077  α = 0.000162
 95   -13.00723632787      -11.91       -4.67    8.32s
    ‖ρε - ρref‖ = 7.240214337040818e-6 ‖Δρ‖ = 6.185434010078584e-6  ‖vε - vref‖ = 0.11735172052909902  α = 7.42e-5
 96   -13.00723632787      -11.72       -3.96    7.96s
    ‖ρε - ρref‖ = 2.7232918819137337e-5 ‖Δρ‖ = 2.7929047097925006e-5  ‖vε - vref‖ = 0.1173714328258007  α = 2.03e-5
 97   -13.00723632788      -11.20       -4.47    8.56s
    ‖ρε - ρref‖ = 6.629835388391444e-6 ‖Δρ‖ = 6.0235961344264734e-6  ‖vε - vref‖ = 0.11751676702594173  α = 0.000179
 98   -13.00723632788      -11.28       -4.71    8.01s
    ‖ρε - ρref‖ = 4.769985271287834e-6 ‖Δρ‖ = 3.7760461262160702e-6  ‖vε - vref‖ = 0.1176708487107096  α = 0.00026
 99   -13.00723632789      -11.52       -4.13    8.30s
    ‖ρε - ρref‖ = 1.682440987374984e-5 ‖Δρ‖ = 1.7207454798013577e-5  ‖vε - vref‖ = 0.11771320422999221  α = 4.11e-5
 100   -13.00723632789      -11.55       -4.05    18.2s
    ‖ρε - ρref‖ = 2.0449851501976927e-5 ‖Δρ‖ = 2.05860971725033e-5  ‖vε - vref‖ = 0.11770531394799037  α = 3.37e-5
 101   -13.00723632789      -11.44       -4.82    8.71s
    ‖ρε - ρref‖ = 3.897507370726444e-6 ‖Δρ‖ = 3.0568986758652004e-6  ‖vε - vref‖ = 0.11780073358789807  α = 0.000268
 102   -13.00723632789      -11.67       -4.56    8.36s
    ‖ρε - ρref‖ = 6.846047530496742e-6 ‖Δρ‖ = 6.737821784769843e-6  ‖vε - vref‖ = 0.11785284530173772  α = 8.97e-5
 103   -13.00723632790      -11.55       -4.27    7.71s
    ‖ρε - ρref‖ = 1.2009512567732205e-5 ‖Δρ‖ = 1.1587265506177197e-5  ‖vε - vref‖ = 0.11793622913254677  α = 6.16e-5
 104   -13.00723632790      -11.61       -4.56    7.62s
    ‖ρε - ρref‖ = 7.081025060823789e-6 ‖Δρ‖ = 6.126577215844832e-6  ‖vε - vref‖ = 0.11804753797424138  α = 0.000104
 105   -13.00723632790      -12.09       -3.52    7.99s
    ‖ρε - ρref‖ = 9.452908530627759e-5 ‖Δρ‖ = 9.586971284258428e-5  ‖vε - vref‖ = 0.11802737973694676  α = 3.38e-6
 106   -13.00723632790      -11.35       -4.83    17.2s
    ‖ρε - ρref‖ = 3.603440503637785e-6 ‖Δρ‖ = 2.6860885955674217e-6  ‖vε - vref‖ = 0.11819713978025098  α = 0.000339
 107   -13.00723632791      -11.67       -4.57    8.51s
    ‖ρε - ρref‖ = 7.313035792863091e-6 ‖Δρ‖ = 6.22722385052665e-6  ‖vε - vref‖ = 0.1182893053249643  α = 9.76e-5
 108   -13.00723632791      -11.56       -3.73    8.77s
    ‖ρε - ρref‖ = 3.939659743097509e-5 ‖Δρ‖ = 4.010804446464906e-5  ‖vε - vref‖ = 0.1183242112713363  α = 1.74e-5
 109   -13.00723632791      -11.69       -4.71    8.72s
    ‖ρε - ρref‖ = 4.593494223362487e-6 ‖Δρ‖ = 4.2109388196354866e-6  ‖vε - vref‖ = 0.11836826081364758  α = 0.000147
 110   -13.00723632791      -11.75       -4.77    8.36s
    ‖ρε - ρref‖ = 4.732011985482283e-6 ‖Δρ‖ = 4.012910768265048e-6  ‖vε - vref‖ = 0.11844796995081021  α = 0.000139
 111   -13.00723632791      -11.83       -4.66    8.40s
    ‖ρε - ρref‖ = 5.523404889160233e-6 ‖Δρ‖ = 5.2845174044545475e-6  ‖vε - vref‖ = 0.11853668910483574  α = 9.59e-5
 112   -13.00723632792      -11.56       -4.11    17.4s
    ‖ρε - ρref‖ = 1.639326599259255e-5 ‖Δρ‖ = 1.5925824888035015e-5  ‖vε - vref‖ = 0.11866418445402495  α = 4.23e-5
 113   -13.00723632792      -11.65       -4.48    8.80s
    ‖ρε - ρref‖ = 7.114287977941571e-6 ‖Δρ‖ = 6.70791012593293e-6  ‖vε - vref‖ = 0.11876625970918499  α = 9.65e-5
 114   -13.00723632792      -11.91       -4.92    8.67s
    ‖ρε - ρref‖ = 3.1263766585074596e-6 ‖Δρ‖ = 2.954707332232926e-6  ‖vε - vref‖ = 0.11879927184027762  α = 0.000161
 115   -13.00723632792      -11.69       -4.54    8.62s
    ‖ρε - ρref‖ = 6.703164072408471e-6 ‖Δρ‖ = 6.13109938491989e-6  ‖vε - vref‖ = 0.11891380101320252  α = 9.84e-5
 116   -13.00723632792      -12.04       -4.23    8.39s
    ‖ρε - ρref‖ = 1.7356219663203244e-5 ‖Δρ‖ = 1.6037333065627455e-5  ‖vε - vref‖ = 0.11899301375034216  α = 2.22e-5
 117   -13.00723632792      -11.98       -3.56    8.61s
    ‖ρε - ρref‖ = 7.043369550460011e-5 ‖Δρ‖ = 7.121915900898058e-5  ‖vε - vref‖ = 0.11901736034942421  α = 5.59e-6
 118   -13.00723632793      -11.52       -5.07    8.21s
    ‖ρε - ρref‖ = 2.636923286574372e-6 ‖Δρ‖ = 1.4484001000959334e-6  ‖vε - vref‖ = 0.11920654360689174  α = 0.000525
 119   -13.00723632793      -12.16       -4.78    16.9s
    ‖ρε - ρref‖ = 6.045150703388387e-6 ‖Δρ‖ = 4.788795676468621e-6  ‖vε - vref‖ = 0.119266331495488  α = 7.02e-5
 120   -13.00723632793      -11.97       -4.07    8.62s
    ‖ρε - ρref‖ = 2.072156306137557e-5 ‖Δρ‖ = 2.1216372049532195e-5  ‖vε - vref‖ = 0.11933147806729007  α = 2.04e-5
 121   -13.00723632793      -11.76       -4.79    8.21s
    ‖ρε - ρref‖ = 4.163562694656337e-6 ‖Δρ‖ = 3.337831222729557e-6  ‖vε - vref‖ = 0.1194649144240354  α = 0.000168
 122   -13.00723632793      -11.66       -4.85    8.42s
    ‖ρε - ρref‖ = 3.3595093041588382e-6 ‖Δρ‖ = 2.6022564376135004e-6  ‖vε - vref‖ = 0.11960423216034924  α = 0.000246
 123   -13.00723632793      -12.40       -4.82    8.68s
    ‖ρε - ρref‖ = 4.782664609163052e-6 ‖Δρ‖ = 4.634784072067117e-6  ‖vε - vref‖ = 0.1196363275725886  α = 5.63e-5
 124   -13.00723632794      -11.87       -4.54    8.70s
    ‖ρε - ρref‖ = 7.1959860949461315e-6 ‖Δρ‖ = 6.6872996322794945e-6  ‖vε - vref‖ = 0.11975108654554993  α = 7.16e-5
 125   -13.00723632794      -11.60       -4.61    18.1s
    ‖ρε - ρref‖ = 5.451836078107809e-6 ‖Δρ‖ = 4.7363297922250545e-6  ‖vε - vref‖ = 0.1199824366847399  α = 0.000141
 126   -13.00723632794      -11.71       -4.70    8.01s
    ‖ρε - ρref‖ = 4.645782246058359e-6 ‖Δρ‖ = 4.347716516008593e-6  ‖vε - vref‖ = 0.12012405684423233  α = 0.000135
 127   -13.00723632794      -12.07       -4.65    8.24s
    ‖ρε - ρref‖ = 6.3206065450207485e-6 ‖Δρ‖ = 6.0516394413172215e-6  ‖vε - vref‖ = 0.12020783650768554  α = 6.24e-5
 128   -13.00723632794      -12.58       -3.96    8.48s
    ‖ρε - ρref‖ = 4.3902805462817755e-5 ‖Δρ‖ = 4.2274597410166166e-5  ‖vε - vref‖ = 0.12023311739071145  α = 4.36e-6
 129   -13.00723632794      -11.63       -4.33    8.59s
    ‖ρε - ρref‖ = 9.466405321125298e-6 ‖Δρ‖ = 9.435833854942802e-6  ‖vε - vref‖ = 0.12040844997105239  α = 6.87e-5
 130   -13.00723632795      -11.56       -4.46    8.54s
    ‖ρε - ρref‖ = 6.7522963093360194e-6 ‖Δρ‖ = 6.689335254352643e-6  ‖vε - vref‖ = 0.12060589895988867  α = 0.000106
 131   -13.00723632795      -11.79       -4.71    8.69s
    ‖ρε - ρref‖ = 5.798024095552265e-6 ‖Δρ‖ = 4.475806068947994e-6  ‖vε - vref‖ = 0.1207820790010231  α = 0.000119
 132   -13.00723632795      -11.98       -3.91    16.8s
    ‖ρε - ρref‖ = 3.186192645707063e-5 ‖Δρ‖ = 3.243289984530121e-5  ‖vε - vref‖ = 0.12086263917137184  α = 1.3e-5
 133   -13.00723632795      -11.55       -4.61    8.49s
    ‖ρε - ρref‖ = 4.793324844902689e-6 ‖Δρ‖ = 4.427468580719272e-6  ‖vε - vref‖ = 0.12108747788528983  α = 0.000164
 134   -13.00723632795      -11.53       -4.79    8.56s
    ‖ρε - ρref‖ = 3.836366551349638e-6 ‖Δρ‖ = 2.8747764382597514e-6  ‖vε - vref‖ = 0.12137567271688149  α = 0.000258
 135   -13.00723632796      -11.76       -4.91    8.41s
    ‖ρε - ρref‖ = 3.186841757357542e-6 ‖Δρ‖ = 2.5880219360413327e-6  ‖vε - vref‖ = 0.12152451587301452  α = 0.000213
 136   -13.00723632796      -11.88       -4.08    8.13s
    ‖ρε - ρref‖ = 1.9644056358309123e-5 ‖Δρ‖ = 1.9300655253514606e-5  ‖vε - vref‖ = 0.12161804779937792  α = 2.43e-5
 137   -13.00723632796      -11.93       -4.91    7.68s
    ‖ρε - ρref‖ = 3.577553496911096e-6 ‖Δρ‖ = 2.889638141526481e-6  ‖vε - vref‖ = 0.12170831248551127  α = 0.000157
 138   -13.00723632796      -11.83       -4.81    16.3s
    ‖ρε - ρref‖ = 3.908364373930021e-6 ‖Δρ‖ = 3.2721424278912695e-6  ‖vε - vref‖ = 0.12183063916916052  α = 0.000158
 139   -13.00723632796      -12.73       -4.68    8.44s
    ‖ρε - ρref‖ = 7.325355654310048e-6 ‖Δρ‖ = 8.264721325881137e-6  ‖vε - vref‖ = 0.12185268438593423  α = 1.8e-5
 140   -13.00723632796      -12.10       -4.04    7.86s
    ‖ρε - ρref‖ = 2.4266639319597985e-5 ‖Δρ‖ = 2.318873036594294e-5  ‖vε - vref‖ = 0.12193960800484789  α = 1.56e-5
 141   -13.00723632796      -11.78       -4.47    8.12s
    ‖ρε - ρref‖ = 7.101004305731114e-6 ‖Δρ‖ = 6.9002973443340125e-6  ‖vε - vref‖ = 0.12209662744316459  α = 7.8e-5
 142   -13.00723632796      -11.69       -4.39    8.01s
    ‖ρε - ρref‖ = 7.618210339177554e-6 ‖Δρ‖ = 7.456823219606076e-6  ‖vε - vref‖ = 0.12226881669860784  α = 8.19e-5
 143   -13.00723632796      -12.47       -4.92    7.83s
    ‖ρε - ρref‖ = 5.304221792285579e-6 ‖Δρ‖ = 3.7938659583194544e-6  ‖vε - vref‖ = 0.12231577203231432  α = 6.17e-5
 144   -13.00723632797      -12.04       -4.23    8.22s
    ‖ρε - ρref‖ = 1.3442945271723766e-5 ‖Δρ‖ = 1.3484325961846355e-5  ‖vε - vref‖ = 0.122408395034314  α = 2.98e-5
 145   -13.00723632797      -11.92       -4.68    17.8s
    ‖ρε - ρref‖ = 4.603246643872726e-6 ‖Δρ‖ = 4.257086065583928e-6  ‖vε - vref‖ = 0.12251311654614203  α = 0.000112
 146   -13.00723632797      -11.72       -4.98    8.15s
    ‖ρε - ρref‖ = 2.957122037010938e-6 ‖Δρ‖ = 1.90414108480238e-6  ‖vε - vref‖ = 0.12269126980923713  α = 0.000311
 147   -13.00723632797      -11.78       -4.78    8.09s
    ‖ρε - ρref‖ = 3.7063718393580843e-6 ‖Δρ‖ = 3.1671476595242667e-6  ‖vε - vref‖ = 0.12284753486739926  α = 0.000173
 148   -13.00723632797      -12.43       -4.42    8.54s
    ‖ρε - ρref‖ = 1.2393120148242495e-5 ‖Δρ‖ = 1.180156829662013e-5  ‖vε - vref‖ = 0.12288332992368917  α = 2.05e-5
 149   -13.00723632797      -11.98       -4.87    7.99s
    ‖ρε - ρref‖ = 3.7631021628781555e-6 ‖Δρ‖ = 2.764643847814666e-6  ‖vε - vref‖ = 0.12300937447649575  α = 0.000161
 150   -13.00723632797      -11.81       -4.86    7.80s
    ‖ρε - ρref‖ = 3.2682068516851966e-6 ‖Δρ‖ = 2.4370757059792923e-6  ‖vε - vref‖ = 0.12314912028537968  α = 0.00022
 151   -13.00723632797      -13.11       -4.28    16.8s
    ‖ρε - ρref‖ = 2.370705199751422e-5 ‖Δρ‖ = 2.5268188552321237e-5  ‖vε - vref‖ = 0.12315126677392522  α = 3.46e-6
 152   -13.00723632797      -12.08       -4.82    8.76s
    ‖ρε - ρref‖ = 4.308760979989829e-6 ‖Δρ‖ = 3.3011738342960876e-6  ‖vε - vref‖ = 0.12324612756011256  α = 0.000116
 153   -13.00723632797      -12.40       -4.62    8.73s
    ‖ρε - ρref‖ = 6.556046829456244e-6 ‖Δρ‖ = 6.472754194350642e-6  ‖vε - vref‖ = 0.12328205323325682  α = 4.05e-5
 154   -13.00723632798      -12.09       -4.96    8.38s
    ‖ρε - ρref‖ = 3.1393762095421713e-6 ‖Δρ‖ = 2.384622821813944e-6  ‖vε - vref‖ = 0.12336824770150527  α = 0.00016
 155   -13.00723632798      -12.44       -4.59    8.68s
    ‖ρε - ρref‖ = 8.21671308700999e-6 ‖Δρ‖ = 6.964139607008066e-6  ‖vε - vref‖ = 0.12342010430492746  α = 3.59e-5
 156   -13.00723632798      -12.21       -4.19    8.44s
    ‖ρε - ρref‖ = 1.4419215895751254e-5 ‖Δρ‖ = 1.4684473117107664e-5  ‖vε - vref‖ = 0.12348248539295237  α = 2.23e-5
 157   -13.00723632798      -11.98       -5.17    7.72s
    ‖ρε - ρref‖ = 2.4775216935980855e-6 ‖Δρ‖ = 1.3788643015742153e-6  ‖vε - vref‖ = 0.12358996909093546  α = 0.000312
 158   -13.00723632798      -11.90       -4.70    18.0s
    ‖ρε - ρref‖ = 4.712283529413181e-6 ‖Δρ‖ = 3.8029925091994607e-6  ‖vε - vref‖ = 0.12375314454826095  α = 0.000127
 159   -13.00723632798      -12.14       -5.03    8.28s
    ‖ρε - ρref‖ = 2.8690731064610077e-6 ‖Δρ‖ = 2.09456360207499e-6  ‖vε - vref‖ = 0.12383115868331297  α = 0.000172
 160   -13.00723632798      -12.33       -4.66    8.25s
    ‖ρε - ρref‖ = 6.683724515391785e-6 ‖Δρ‖ = 5.9865748727464655e-6  ‖vε - vref‖ = 0.12388406200683807  α = 4.48e-5
 161   -13.00723632798      -11.95       -4.45    7.89s
    ‖ρε - ρref‖ = 7.276044295770019e-6 ‖Δρ‖ = 6.993324590462443e-6  ‖vε - vref‖ = 0.12400768074377876  α = 6.47e-5
 162   -13.00723632798      -11.88       -4.96    8.59s
    ‖ρε - ρref‖ = 3.409751182435936e-6 ‖Δρ‖ = 2.1249688856483098e-6  ‖vε - vref‖ = 0.12417084861751931  α = 0.000226
 163   -13.00723632798      -12.64       -3.78    8.56s
    ‖ρε - ρref‖ = 5.5442655099137014e-5 ‖Δρ‖ = 5.687043450504711e-5  ‖vε - vref‖ = 0.12418078640770887  α = 3.01e-6
 164   -13.00723632798      -11.74       -5.13    16.5s
    ‖ρε - ρref‖ = 2.6632012638130485e-6 ‖Δρ‖ = 1.3241072562845785e-6  ‖vε - vref‖ = 0.12439212508649283  α = 0.000439
 165   -13.00723632799      -12.24       -4.60    7.64s
    ‖ρε - ρref‖ = 6.862355401259374e-6 ‖Δρ‖ = 6.872551631814565e-6  ‖vε - vref‖ = 0.12444650631979355  α = 4.45e-5
 166   -13.00723632799      -11.95       -4.71    7.95s
    ‖ρε - ρref‖ = 4.52547895494487e-6 ‖Δρ‖ = 4.087383397410924e-6  ‖vε - vref‖ = 0.12458067194660331  α = 0.000112
 167   -13.00723632799      -12.67       -4.46    8.57s
    ‖ρε - ρref‖ = 1.3619149581383985e-5 ‖Δρ‖ = 1.2302503948586337e-5  ‖vε - vref‖ = 0.1246128468268151  α = 1.49e-5
 168   -13.00723632799      -12.02       -4.61    7.62s
    ‖ρε - ρref‖ = 5.924079005231662e-6 ‖Δρ‖ = 5.341105186683656e-6  ‖vε - vref‖ = 0.12474305453153718  α = 7.95e-5
 169   -13.00723632799      -12.02       -4.92    7.67s
    ‖ρε - ρref‖ = 3.3709214495606507e-6 ‖Δρ‖ = 2.8593698121171284e-6  ‖vε - vref‖ = 0.12482674586611503  α = 0.00014
 170   -13.00723632799      -11.82       -4.81    8.35s
    ‖ρε - ρref‖ = 3.6852963206465816e-6 ‖Δρ‖ = 3.01244620534136e-6  ‖vε - vref‖ = 0.12496660541425166  α = 0.000176
 171   -13.00723632799      -11.87       -4.82    16.9s
    ‖ρε - ρref‖ = 3.6463263611118735e-6 ‖Δρ‖ = 3.0042533788989394e-6  ‖vε - vref‖ = 0.12510691797367982  α = 0.000165
 172   -13.00723632799      -12.38       -4.68    8.73s
    ‖ρε - ρref‖ = 7.4080915407325705e-6 ‖Δρ‖ = 6.563887029303323e-6  ‖vε - vref‖ = 0.12515804676044132  α = 3.82e-5
 173   -13.00723632799      -11.86       -4.55    8.43s
    ‖ρε - ρref‖ = 6.352695199110842e-6 ‖Δρ‖ = 5.764781006759976e-6  ‖vε - vref‖ = 0.12532432715862757  α = 8.66e-5
 174   -13.00723632799      -12.33       -4.67    7.61s
    ‖ρε - ρref‖ = 7.038467012733778e-6 ‖Δρ‖ = 5.87573166231335e-6  ‖vε - vref‖ = 0.12538800550754567  α = 4.42e-5
 175   -13.00723632799      -12.24       -3.71    8.20s
    ‖ρε - ρref‖ = 5.062857696744056e-5 ‖Δρ‖ = 5.181481085356699e-5  ‖vε - vref‖ = 0.12541941974344153  α = 5.7e-6
 176   -13.00723632800      -11.60       -5.12    8.28s
    ‖ρε - ρref‖ = 2.630578803527387e-6 ‖Δρ‖ = 1.319235330462995e-6  ‖vε - vref‖ = 0.12568326640461375  α = 0.000516
 177   -13.00723632800      -11.93       -4.72    18.2s
    ‖ρε - ρref‖ = 4.997091073239794e-6 ‖Δρ‖ = 4.5257671378847586e-6  ‖vε - vref‖ = 0.12579568486352194  α = 9.85e-5
 178   -13.00723632800      -12.34       -4.63    8.50s
    ‖ρε - ρref‖ = 7.082475814997367e-6 ‖Δρ‖ = 6.733036682094724e-6  ‖vε - vref‖ = 0.12584561106507217  α = 4.28e-5
 179   -13.00723632800      -12.48       -4.54    8.26s
    ‖ρε - ρref‖ = 1.046795862143747e-5 ‖Δρ‖ = 9.209228069834585e-6  ‖vε - vref‖ = 0.1258870778350779  α = 2.5e-5
 180   -13.00723632800      -11.88       -4.36    7.93s
    ‖ρε - ρref‖ = 8.915062097967583e-6 ‖Δρ‖ = 9.104108093523739e-6  ‖vε - vref‖ = 0.1260031927125114  α = 5.33e-5
 181   -13.00723632800      -11.70       -4.87    8.25s
    ‖ρε - ρref‖ = 3.2454099770854647e-6 ‖Δρ‖ = 2.3469028700717835e-6  ‖vε - vref‖ = 0.12618658168586236  α = 0.000259
 182   -13.00723632800      -12.29       -5.21    8.46s
    ‖ρε - ρref‖ = 3.0077703448367765e-6 ‖Δρ‖ = 1.6287352064822264e-6  ‖vε - vref‖ = 0.12624801241714242  α = 0.000183
 183   -13.00723632801      -11.57       -4.84    8.70s
    ‖ρε - ρref‖ = 2.9733509236581104e-6 ‖Δρ‖ = 2.2923387600549496e-6  ‖vε - vref‖ = 0.12646047885541617  α = 0.000306
 184   -13.00723632801      -12.48       -4.46    16.7s
    ‖ρε - ρref‖ = 1.1618795703680647e-5 ‖Δρ‖ = 1.1047406151970958e-5  ‖vε - vref‖ = 0.12648811714463765  α = 2.07e-5
 185   -13.00723632801      -12.09       -4.79    8.74s
    ‖ρε - ρref‖ = 4.014142459454936e-6 ‖Δρ‖ = 3.490913395097772e-6  ‖vε - vref‖ = 0.12656604817356773  α = 0.000109
 186   -13.00723632801      -13.18       -4.30    8.41s
    ‖ρε - ρref‖ = 2.5426242600082272e-5 ‖Δρ‖ = 2.378318262135162e-5  ‖vε - vref‖ = 0.12657354569137078  α = 3.59e-6
 187   -13.00723632801      -12.14       -4.77    8.66s
    ‖ρε - ρref‖ = 4.055682457844688e-6 ‖Δρ‖ = 3.5127890213293225e-6  ‖vε - vref‖ = 0.12664346933319195  α = 0.000106
 188   -13.00723632801      -12.17       -5.00    8.72s
    ‖ρε - ρref‖ = 3.3473214186392715e-6 ‖Δρ‖ = 2.2409097450008903e-6  ‖vε - vref‖ = 0.12671315650522474  α = 0.000156
 189   -13.00723632801      -12.06       -4.96    8.48s
    ‖ρε - ρref‖ = 2.8748824546996715e-6 ‖Δρ‖ = 2.1447882513215824e-6  ‖vε - vref‖ = 0.12677078015327853  α = 0.000185
 190   -13.00723632801      -12.51       -4.67    16.7s
    ‖ρε - ρref‖ = 5.996052849782231e-6 ‖Δρ‖ = 6.068244618922941e-6  ‖vε - vref‖ = 0.1267963532718569  α = 3.75e-5
 191   -13.00723632801      -12.43       -4.36    7.67s
    ‖ρε - ρref‖ = 1.303869580878663e-5 ‖Δρ‖ = 1.1821627764989838e-5  ‖vε - vref‖ = 0.1268373537533001  α = 2.07e-5
 192   -13.00723632801      -12.19       -4.49    7.91s
    ‖ρε - ρref‖ = 7.180664980178534e-6 ‖Δρ‖ = 6.966646570124406e-6  ‖vε - vref‖ = 0.12689355194405239  α = 4.95e-5
 193   -13.00723632801      -12.26       -5.10    8.70s
    ‖ρε - ρref‖ = 2.713536250047429e-6 ‖Δρ‖ = 1.6687077946822777e-6  ‖vε - vref‖ = 0.12692758402999257  α = 0.000192
 194   -13.00723632801      -12.11       -5.19    8.61s
    ‖ρε - ρref‖ = 2.5420314432802097e-6 ‖Δρ‖ = 1.2690665488916136e-6  ‖vε - vref‖ = 0.12698096100765688  α = 0.000293
 195   -13.00723632801      -12.27       -4.92    8.19s
    ‖ρε - ρref‖ = 3.3834305160032914e-6 ‖Δρ‖ = 2.595099805882228e-6  ‖vε - vref‖ = 0.12702454212871256  α = 0.00012
 196   -13.00723632801      -12.78       -4.90    8.74s
    ‖ρε - ρref‖ = 4.921351363676293e-6 ‖Δρ‖ = 3.826198721635659e-6  ‖vε - vref‖ = 0.12704580677327046  α = 4.37e-5
 197   -13.00723632801      -12.29       -4.71    18.5s
    ‖ρε - ρref‖ = 4.3584960760461485e-6 ‖Δρ‖ = 4.2942455738409135e-6  ‖vε - vref‖ = 0.12710091654519917  α = 6.72e-5
 198   -13.00723632801      -12.66       -3.81    8.09s
    ‖ρε - ρref‖ = 4.525282708206087e-5 ‖Δρ‖ = 4.382096414115518e-5  ‖vε - vref‖ = 0.12712372469974265  α = 3.84e-6
 199   -13.00723632801      -12.23       -4.71    8.75s
    ‖ρε - ρref‖ = 4.300758695220033e-6 ‖Δρ‖ = 4.076227691458947e-6  ‖vε - vref‖ = 0.1271578766585727  α = 7.89e-5
 200   -13.00723632801      -12.07       -5.24    8.38s
    ‖ρε - ρref‖ = 2.494625407023023e-6 ‖Δρ‖ = 1.0636706525583113e-6  ‖vε - vref‖ = 0.127218111362528  α = 0.000375
 201   -13.00723632801      -12.20       -5.13    8.35s
    ‖ρε - ρref‖ = 2.6903916896695426e-6 ‖Δρ‖ = 1.5419833420164396e-6  ‖vε - vref‖ = 0.12726237599682336  α = 0.00022
 202   -13.00723632801      -12.65       -4.58    8.16s
    ‖ρε - ρref‖ = 7.5686731840732685e-6 ‖Δρ‖ = 8.045888618514216e-6  ‖vε - vref‖ = 0.12727679205955844  α = 2.35e-5
 203   -13.00723632802      -12.35       -4.43    18.7s
    ‖ρε - ρref‖ = 1.0078209602999637e-5 ‖Δρ‖ = 8.965099873622828e-6  ‖vε - vref‖ = 0.12732551687862137  α = 3.13e-5
 204   -13.00723632802      -12.40       -4.67    8.43s
    ‖ρε - ρref‖ = 5.629219397018891e-6 ‖Δρ‖ = 5.336514525885812e-6  ‖vε - vref‖ = 0.1273551092753448  α = 4.89e-5
 205   -13.00723632802      -12.01       -4.88    7.64s
    ‖ρε - ρref‖ = 3.2666152636697525e-6 ‖Δρ‖ = 2.371774091754731e-6  ‖vε - vref‖ = 0.12741836947502774  α = 0.000176
 206   -13.00723632802      -12.16       -5.17    7.65s
    ‖ρε - ρref‖ = 2.615880615789891e-6 ‖Δρ‖ = 1.303975102201978e-6  ‖vε - vref‖ = 0.127451126055361  α = 0.000279
 207   -13.00723632802      -12.23       -4.97    7.61s
    ‖ρε - ρref‖ = 2.866338135484479e-6 ‖Δρ‖ = 2.2145943552510757e-6  ‖vε - vref‖ = 0.12746301429649154  α = 0.000148
 208   -13.00723632802      -12.78       -4.88    7.82s
    ‖ρε - ρref‖ = 5.0396216657832684e-6 ‖Δρ‖ = 3.88724344703161e-6  ‖vε - vref‖ = 0.12747604373804733  α = 4.35e-5
 209   -13.00723632802      -12.88       -4.51    8.74s
    ‖ρε - ρref‖ = 9.205029586808544e-6 ‖Δρ‖ = 1.0334194709282636e-5  ‖vε - vref‖ = 0.12748547592221884  α = 1.13e-5
 210   -13.00723632802      -12.25       -4.08    17.8s
    ‖ρε - ρref‖ = 1.670458064908927e-5 ‖Δρ‖ = 1.607549261798215e-5  ‖vε - vref‖ = 0.1275188167072501  α = 1.9e-5
 211   -13.00723632802      -12.56       -5.08    8.16s
    ‖ρε - ρref‖ = 2.8921776820144256e-6 ‖Δρ‖ = 2.084701928476983e-6  ‖vε - vref‖ = 0.12752885017675014  α = 0.000106
 212   -13.00723632802      -12.40       -5.08    7.99s
    ‖ρε - ρref‖ = 2.906448658845899e-6 ‖Δρ‖ = 1.6656773532160454e-6  ‖vε - vref‖ = 0.12755534261144527  α = 0.000164
 213   -13.00723632802      -12.44       -5.06    8.45s
    ‖ρε - ρref‖ = 2.8402039646835318e-6 ‖Δρ‖ = 1.7647177545209793e-6  ‖vε - vref‖ = 0.1275723168104631  α = 0.000147
 214   -13.00723632802      -13.34       -4.92    7.88s
    ‖ρε - ρref‖ = 3.980862418628831e-6 ‖Δρ‖ = 4.320903452065926e-6  ‖vε - vref‖ = 0.12757340817238064  α = 2.08e-5
 215   -13.00723632802      -12.52       -4.86    8.08s
    ‖ρε - ρref‖ = 4.388705043087349e-6 ‖Δρ‖ = 3.0634176038099598e-6  ‖vε - vref‖ = 0.12760192917293672  α = 7.54e-5
 216   -13.00723632802      -12.56       -4.86    8.19s
    ‖ρε - ρref‖ = 3.68382951598695e-6 ‖Δρ‖ = 3.2657197587007807e-6  ‖vε - vref‖ = 0.1276107675881515  α = 6.69e-5
 217   -13.00723632802      -12.24       -4.73    18.6s
    ‖ρε - ρref‖ = 3.96866625973303e-6 ‖Δρ‖ = 3.414371447196818e-6  ‖vε - vref‖ = 0.12761972629791843  α = 9.54e-5
 218   -13.00723632802      -12.58       -5.31    8.23s
    ‖ρε - ρref‖ = 2.5770263125564843e-6 ‖Δρ‖ = 1.0952048532499535e-6  ‖vε - vref‖ = 0.12763210726810215  α = 0.000204
 219   -13.00723632802      -12.15       -4.99    8.07s
    ‖ρε - ρref‖ = 2.7583583568315677e-6 ‖Δρ‖ = 1.7520473801307241e-6  ‖vε - vref‖ = 0.1276499723220042  α = 0.000202
 220   -13.00723632802      -12.97       -5.02    8.57s
    ‖ρε - ρref‖ = 4.43757670238009e-6 ‖Δρ‖ = 2.7861472600886257e-6  ‖vε - vref‖ = 0.12765994973754052  α = 4.8e-5
 221   -13.00723632802      -12.86       -4.09    7.95s
    ‖ρε - ρref‖ = 2.1662486181975088e-5 ‖Δρ‖ = 2.2411988035792802e-5  ‖vε - vref‖ = 0.12766183252395824  α = 5.84e-6
 222   -13.00723632802      -12.75       -4.51    7.87s
    ‖ρε - ρref‖ = 7.907612769620123e-6 ‖Δρ‖ = 7.641585939132585e-6  ‖vε - vref‖ = 0.12766537184348115  α = 2.32e-5
 223   -13.00723632802      -12.32       -5.58    18.3s
    ‖ρε - ρref‖ = 2.2473761412514223e-6 ‖Δρ‖ = 4.6269388336985347e-7  ‖vε - vref‖ = 0.12766190799529248  α = 0.00065
 224   -13.00723632802      -12.57       -5.01    8.36s
    ‖ρε - ρref‖ = 3.417675416568445e-6 ‖Δρ‖ = 2.2218790127566134e-6  ‖vε - vref‖ = 0.1276743385500785  α = 9.66e-5
 225   -13.00723632802      -12.39       -5.14    7.96s
    ‖ρε - ρref‖ = 2.8101536607522917e-6 ‖Δρ‖ = 1.4492896289798734e-6  ‖vε - vref‖ = 0.12768594952189807  α = 0.000188
 226   -13.00723632802      -12.97       -4.44    8.67s
    ‖ρε - ρref‖ = 1.0459489850513867e-5 ‖Δρ‖ = 1.1301933642170764e-5  ‖vε - vref‖ = 0.12768374004795785  α = 1.17e-5
 227   -13.00723632802      -12.49       -4.86    8.54s
    ‖ρε - ρref‖ = 3.855953470451074e-6 ‖Δρ‖ = 2.7854042654364076e-6  ‖vε - vref‖ = 0.1276968019951677  α = 8.84e-5
 228   -13.00723632802      -12.89       -5.07    7.68s
    ‖ρε - ρref‖ = 3.0524609641187496e-6 ‖Δρ‖ = 2.390154205924514e-6  ‖vε - vref‖ = 0.1276973029830656  α = 6.24e-5
 229   -13.00723632802      -12.56       -4.96    7.90s
    ‖ρε - ρref‖ = 3.431691266783207e-6 ‖Δρ‖ = 2.417004079373239e-6  ‖vε - vref‖ = 0.12770328415885832  α = 9.1e-5
 230   -13.00723632802      -12.32       -5.33    16.6s
    ‖ρε - ρref‖ = 2.456074232832938e-6 ‖Δρ‖ = 9.257767312129406e-7  ‖vε - vref‖ = 0.12770025780022554  α = 0.000318
 231   -13.00723632803      -12.36       -5.03    7.70s
    ‖ρε - ρref‖ = 2.6163491995272023e-6 ‖Δρ‖ = 1.987591524858238e-6  ‖vε - vref‖ = 0.1276815762151675  α = 0.000135
 232   -13.00723632803      -14.27       -4.76    8.08s
    ‖ρε - ρref‖ = 1.0054016570555877e-5 ‖Δρ‖ = 8.332236897420638e-6  ‖vε - vref‖ = 0.12768364735435145  α = 6.58e-6
 233   -13.00723632803      -12.66       -4.74    7.92s
    ‖ρε - ρref‖ = 5.4988232976689924e-6 ‖Δρ‖ = 4.863248560302534e-6  ‖vε - vref‖ = 0.1276888167034669  α = 3.94e-5
 234   -13.00723632803      -12.67       -4.59    8.51s
    ‖ρε - ρref‖ = 6.911613261848641e-6 ‖Δρ‖ = 6.576990643289425e-6  ‖vε - vref‖ = 0.12769051975004012  α = 2.96e-5
 235   -13.00723632803      -12.40       -5.03    8.05s
    ‖ρε - ρref‖ = 2.9869049909988236e-6 ‖Δρ‖ = 1.9372613371128213e-6  ‖vε - vref‖ = 0.12769275548965667  α = 0.00014
 236   -13.00723632803      -12.32       -5.12    8.54s
    ‖ρε - ρref‖ = 2.6452480857895596e-6 ‖Δρ‖ = 1.501434218666886e-6  ‖vε - vref‖ = 0.12768877564156725  α = 0.00019
 237   -13.00723632803      -12.28       -5.17    17.0s
    ‖ρε - ρref‖ = 2.8184913197054194e-6 ‖Δρ‖ = 1.3371677796407402e-6  ‖vε - vref‖ = 0.12769691281639262  α = 0.000233
 238   -13.00723632803      -13.09       -4.45    8.04s
    ‖ρε - ρref‖ = 1.09204342898007e-5 ‖Δρ‖ = 1.1707931067029452e-5  ‖vε - vref‖ = 0.12769281023669352  α = 1.05e-5
 239   -13.00723632803      -12.25       -5.07    8.33s
    ‖ρε - ρref‖ = 2.9988879577460404e-6 ‖Δρ‖ = 1.6075343856059678e-6  ‖vε - vref‖ = 0.12769533262548746  α = 0.000197
 240   -13.00723632803      -12.45       -4.79    8.31s
    ‖ρε - ρref‖ = 3.859861586351495e-6 ‖Δρ‖ = 3.7661418679111446e-6  ‖vε - vref‖ = 0.12767436781261193  α = 6.4e-5
 241   -13.00723632803      -13.17       -4.97    8.06s
    ‖ρε - ρref‖ = 3.963762553555945e-6 ‖Δρ‖ = 3.1838922386133714e-6  ‖vε - vref‖ = 0.12767138806934394  α = 4.08e-5
 242   -13.00723632803      -12.31       -5.25    8.56s
    ‖ρε - ρref‖ = 2.463911122697828e-6 ‖Δρ‖ = 9.701156886472685e-7  ‖vε - vref‖ = 0.12766482975278043  α = 0.000314
 243   -13.00723632803      -12.65       -5.41    18.5s
    ‖ρε - ρref‖ = 2.149652926447985e-6 ‖Δρ‖ = 8.836740695143143e-7  ‖vε - vref‖ = 0.127664459169155  α = 0.000213
 244   -13.00723632803      -13.00       -4.03    8.23s
    ‖ρε - ρref‖ = 3.0367175592127968e-5 ‖Δρ‖ = 2.901481225393679e-5  ‖vε - vref‖ = 0.12766455762275572  α = 3.7e-6
 245   -13.00723632803      -12.50       -4.98    7.65s
    ‖ρε - ρref‖ = 3.3697992383528607e-6 ‖Δρ‖ = 2.232709892852294e-6  ‖vε - vref‖ = 0.12766831574697454  α = 0.000103
 246   -13.00723632803      -12.61       -4.47    7.56s
    ‖ρε - ρref‖ = 7.826238192537227e-6 ‖Δρ‖ = 7.739301699247157e-6  ‖vε - vref‖ = 0.1276618156514241  α = 2.68e-5
 247   -13.00723632803      -12.50       -5.11    7.90s
    ‖ρε - ρref‖ = 2.6544262911956783e-6 ‖Δρ‖ = 1.6374883687045425e-6  ‖vε - vref‖ = 0.12764970563314415  α = 0.000149
 248   -13.00723632803      -12.61       -5.17    8.90s
    ‖ρε - ρref‖ = 2.8578116742243805e-6 ‖Δρ‖ = 1.5185867665517162e-6  ‖vε - vref‖ = 0.12765281929744235  α = 0.000132
 249   -13.00723632803      -12.41       -5.18    8.46s
    ‖ρε - ρref‖ = 2.755634189350467e-6 ‖Δρ‖ = 1.2286033245520507e-6  ‖vε - vref‖ = 0.1276518598535256  α = 0.00022
 250   -13.00723632803      -12.85       -4.32    17.2s
    ‖ρε - ρref‖ = 1.2840233374490278e-5 ‖Δρ‖ = 1.369603603592819e-5  ‖vε - vref‖ = 0.12764440928976456  α = 1.0e-5
 251   -13.00723632803      -12.60       -5.25    8.79s
    ‖ρε - ρref‖ = 2.6268064049693017e-6 ‖Δρ‖ = 1.2404298726981743e-6  ‖vε - vref‖ = 0.12764072158474327  α = 0.000176
 252   -13.00723632803      -12.51       -5.13    7.82s
    ‖ρε - ρref‖ = 2.585739828812432e-6 ‖Δρ‖ = 1.5283443735245992e-6  ‖vε - vref‖ = 0.12763095404756247  α = 0.000152
 253   -13.00723632803      -12.81       -4.83    7.65s
    ‖ρε - ρref‖ = 4.8312772997993735e-6 ‖Δρ‖ = 3.904511726385454e-6  ‖vε - vref‖ = 0.12763052975503586  α = 4.26e-5
 254   -13.00723632803      -12.56       -5.12    7.61s
    ‖ρε - ρref‖ = 2.846879193086007e-6 ‖Δρ‖ = 1.6699303710114367e-6  ‖vε - vref‖ = 0.1276239330858315  α = 0.000132
 255   -13.00723632803      -12.54       -4.99    7.83s
    ‖ρε - ρref‖ = 2.1631153590441694e-6 ‖Δρ‖ = 2.203622009410977e-6  ‖vε - vref‖ = 0.1276085600594434  α = 9.76e-5
 256   -13.00723632803      -12.76       -3.82    8.91s
    ‖ρε - ρref‖ = 4.004861570988487e-5 ‖Δρ‖ = 3.911451548421848e-5  ‖vε - vref‖ = 0.12759682474023665  α = 3.97e-6
 257   -13.00723632803      -12.42       -5.01    19.2s
    ‖ρε - ρref‖ = 3.277995871938738e-6 ‖Δρ‖ = 1.9813198046769253e-6  ‖vε - vref‖ = 0.12760178005240658  α = 0.000132
 258   -13.00723632803      -13.32       -5.00    8.20s
    ‖ρε - ρref‖ = 3.884906994791913e-6 ‖Δρ‖ = 3.474621956102411e-6  ‖vε - vref‖ = 0.1276002587887079  α = 2.64e-5
 259   -13.00723632803      -12.45       -5.16    7.77s
    ‖ρε - ρref‖ = 2.5925157471464908e-6 ‖Δρ‖ = 1.2841741525593303e-6  ‖vε - vref‖ = 0.12758622545060724  α = 0.000204
 260   -13.00723632803      -12.55       -5.34    8.75s
    ‖ρε - ρref‖ = 2.4379782227355513e-6 ‖Δρ‖ = 9.170718008101871e-7  ‖vε - vref‖ = 0.12757395119087897  α = 0.000239
 261   -13.00723632803      -12.97       -5.26    8.81s
    ‖ρε - ρref‖ = 2.914215871040008e-6 ‖Δρ‖ = 1.4709006453125762e-6  ‖vε - vref‖ = 0.1275685736655959  α = 9.09e-5
 262   -13.00723632803      -13.13       -4.58    8.58s
    ‖ρε - ρref‖ = 7.0264522081111805e-6 ‖Δρ‖ = 7.76888218024007e-6  ‖vε - vref‖ = 0.12755902628137905  α = 1.49e-5
 263   -13.00723632803      -12.29       -5.13    8.81s
    ‖ρε - ρref‖ = 2.679559444798756e-6 ‖Δρ‖ = 1.2739015972450061e-6  ‖vε - vref‖ = 0.1275373799366413  α = 0.00024
 264   -13.00723632803      -12.59       -5.22    18.7s
    ‖ρε - ρref‖ = 2.4546544479340965e-6 ‖Δρ‖ = 1.309059619308727e-6  ‖vε - vref‖ = 0.1275209143736407  α = 0.000168
 265   -13.00723632803      -12.56       -4.96    8.85s
    ‖ρε - ρref‖ = 3.63118052793803e-6 ‖Δρ‖ = 2.4866684039662495e-6  ‖vε - vref‖ = 0.12751619147961327  α = 8.73e-5
 266   -13.00723632803      -12.48       -4.66    8.77s
    ‖ρε - ρref‖ = 4.907082457358973e-6 ‖Δρ‖ = 4.3045511874566705e-6  ‖vε - vref‖ = 0.1275045688481594  α = 5.7e-5
 267   -13.00723632803      -13.71       -5.09    8.72s
    ‖ρε - ρref‖ = 3.0737413518682304e-6 ‖Δρ‖ = 4.331671543979444e-6  ‖vε - vref‖ = 0.1275028819705995  α = 6.98e-6
 268   -13.00723632803      -12.92       -5.02    8.58s
    ‖ρε - ρref‖ = 3.2283004876915493e-6 ‖Δρ‖ = 2.389058556146719e-6  ‖vε - vref‖ = 0.12749125475454554  α = 6.21e-5
 269   -13.00723632804      -12.71       -5.15    8.07s
    ‖ρε - ρref‖ = 2.8315049578237086e-6 ‖Δρ‖ = 1.4760197228655414e-6  ‖vε - vref‖ = 0.1274820301226729  α = 0.000123
 270   -13.00723632804      -13.30       -5.07    16.3s
    ‖ρε - ρref‖ = 3.16378816637355e-6 ‖Δρ‖ = 2.638308988202528e-6  ‖vε - vref‖ = 0.12747688109295555  α = 3.7e-5
 271   -13.00723632804      -12.59       -4.97    7.88s
    ‖ρε - ρref‖ = 2.9644613668443428e-6 ‖Δρ‖ = 2.0182008976307073e-6  ‖vε - vref‖ = 0.12745652237727684  α = 0.000108
 272   -13.00723632804      -12.75       -5.22    8.21s
    ‖ρε - ρref‖ = 2.744694601377143e-6 ‖Δρ‖ = 1.2938321730618083e-6  ‖vε - vref‖ = 0.12745301252587715  α = 0.000142
 273   -13.00723632804      -12.76       -5.40    8.02s
    ‖ρε - ρref‖ = 2.600776464994192e-6 ‖Δρ‖ = 9.148625886923492e-7  ‖vε - vref‖ = 0.12744380865079907  α = 0.000179
 274   -13.00723632804      -13.26       -4.46    8.22s
    ‖ρε - ρref‖ = 9.028895464555678e-6 ‖Δρ‖ = 9.793824817004406e-6  ‖vε - vref‖ = 0.1274328361572271  α = 1.19e-5
 275   -13.00723632804      -12.55       -5.31    8.22s
    ‖ρε - ρref‖ = 2.509319409254508e-6 ‖Δρ‖ = 8.900270218656989e-7  ‖vε - vref‖ = 0.12741644287072532  α = 0.000253
    Stopping to avoid numerical instabilities.
 276   -13.00723632804      -12.68       -5.32    7.87s
    ‖ρε - ρref‖ = 2.296287407994801e-6 ‖Δρ‖ = 1.050335871632335e-6  ‖vε - vref‖ = 0.12738877516308333  α = 0.000183

#-- ‖ρε - ρref‖ = 2.2546257089392004e-6 vs. 1.0e-9 = δ*ε ‖vε - vref‖ = 0.12737577529330577

|v-vref|h1 = [0.247105029362821, 0.208743437674507, 0.18108784708596262, 0.15952121560467766, 0.14147152423604847, 0.12737577529330574]
|v-vref|l2 = [0.03242086724732245, 0.024166680498451536, 0.01896723433410705, 0.015493787276709503, 0.012994917822328946, 0.011172398599272555]
──────────────────────────────────────────────────────────────────────────────────────────────
                                                     Time                    Allocations      
                                            ───────────────────────   ────────────────────────
             Tot / % measured:                   9.00h /  67.9%           33.6TiB /  49.0%    

Section                             ncalls     time    %tot     avg     alloc    %tot      avg
──────────────────────────────────────────────────────────────────────────────────────────────
compute_density                      8.73k    2.48h   40.5%   1.02s   6.54TiB   39.8%   785MiB
  symmetrize_ρ                       8.73k    2.25h   36.9%   928ms   4.42TiB   26.9%   531MiB
DftHamiltonian multiplication         330k    1.32h   21.6%  14.4ms    693GiB    4.1%  2.15MiB
  nonlocal                            330k    3419s   15.5%  10.4ms   39.8GiB    0.2%   126KiB
solve_ΩplusK                             8    1.13h   18.4%    507s   4.16TiB   25.3%   532GiB
  apply_K                              800    2318s   10.5%   2.90s   1.11TiB    6.8%  1.42GiB
    compute_δρ                         800     828s    3.8%   1.04s    714GiB    4.2%   914MiB
      symmetrize_ρ                     800     718s    3.3%   897ms    415GiB    2.5%   531MiB
    apply_kernel                       800    79.5s    0.4%  99.4ms   85.4GiB    0.5%   109MiB
  apply_Ω                              800     897s    4.1%   1.12s    760GiB    4.5%  0.95GiB
    DftHamiltonian multiplication    44.8k     663s    3.0%  14.8ms   94.1GiB    0.6%  2.15MiB
      nonlocal                       44.8k     470s    2.1%  10.5ms   5.40GiB    0.0%   126KiB
  compute_density                        8    7.33s    0.0%   916ms   6.14GiB    0.0%   786MiB
    symmetrize_ρ                         8    6.87s    0.0%   858ms   4.15GiB    0.0%   531MiB
  DftHamiltonian multiplication        448    6.45s    0.0%  14.4ms   0.94GiB    0.0%  2.15MiB
    nonlocal                           448    4.70s    0.0%  10.5ms   55.3MiB    0.0%   126KiB
  energy_hamiltonian                     8    3.98s    0.0%   498ms   5.25GiB    0.0%   671MiB
    ene_ops                              8    3.83s    0.0%   479ms   1.62GiB    0.0%   207MiB
      ene_ops: nonlocal                  8    2.29s    0.0%   286ms   63.5MiB    0.0%  7.94MiB
      ene_ops: external_Hartree          8    726ms    0.0%  90.8ms    667MiB    0.0%  83.3MiB
      ene_ops: dualmap                   8    693ms    0.0%  86.7ms    731MiB    0.0%  91.3MiB
      ene_ops: kinetic                   8   92.1ms    0.0%  11.5ms   1.43MiB    0.0%   183KiB
      ene_ops: hartree                   8   27.2ms    0.0%  3.39ms    160MiB    0.0%  20.0MiB
      ene_ops: local                     8   2.43ms    0.0%   304μs   32.3MiB    0.0%  4.04MiB
energy_hamiltonian                   5.87k    3524s   16.0%   600ms   3.76TiB   22.9%   671MiB
  ene_ops                            5.87k    3068s   14.0%   523ms   1.16TiB    7.1%   207MiB
    ene_ops: nonlocal                5.87k    1756s    8.0%   299ms   45.5GiB    0.3%  7.94MiB
    ene_ops: external_Hartree        5.87k     607s    2.8%   103ms    478GiB    2.8%  83.3MiB
    ene_ops: dualmap                 5.87k     595s    2.7%   101ms    524GiB    3.1%  91.3MiB
    ene_ops: kinetic                 5.87k    69.2s    0.3%  11.8ms   1.02GiB    0.0%   183KiB
    ene_ops: hartree                 5.87k    38.1s    0.2%  6.49ms    115GiB    0.7%  20.0MiB
    ene_ops: local                   5.87k    2.02s    0.0%   344μs   23.2GiB    0.1%  4.04MiB
ortho_qr                              161k     638s    2.9%  3.97ms   1.17TiB    7.1%  7.61MiB
PlaneWaveBasis                          29    69.8s    0.3%   2.41s    106GiB    0.6%  3.65GiB
  Instantiation AtomicNonlocal          29    56.1s    0.3%   1.93s   83.2GiB    0.5%  2.87GiB
  Instantiation AtomicLocal             29    4.79s    0.0%   165ms   3.55GiB    0.0%   125MiB
    enforce_real!                       29   37.7ms    0.0%  1.30ms   10.9KiB    0.0%     384B
  Instantiation ExternalHartree         29    3.83s    0.0%   132ms   2.50GiB    0.0%  88.2MiB
  Instantiation DualMap                 29    2.50s    0.0%  86.2ms   2.26GiB    0.0%  79.9MiB
  build_kpoints                         29    1.71s    0.0%  58.9ms   12.0GiB    0.1%   422MiB
  Instantiation Kinetic                 29    285ms    0.0%  9.84ms   1.32GiB    0.0%  46.6MiB
  Instantiation Hartree                 29    237ms    0.0%  8.19ms    118MiB    0.0%  4.08MiB
    enforce_real!                       29   35.1ms    0.0%  1.21ms   12.2KiB    0.0%     432B
  Instantiation Ewald                   29    137ms    0.0%  4.72ms   84.9KiB    0.0%  2.93KiB
    precomp: Ewald                      29    136ms    0.0%  4.70ms   60.3KiB    0.0%  2.08KiB
  _check_kpoint_reduction               29   76.5ms    0.0%  2.64ms     0.00B    0.0%    0.00B
  Instantiation PspCorrection           29   1.02ms    0.0%  35.0μs   11.8KiB    0.0%     416B
compute_projected_gradient               8    22.8s    0.1%   2.85s   15.7GiB    0.1%  1.96GiB
  compute_density                        8    12.0s    0.1%   1.50s   6.14GiB    0.0%   786MiB
    symmetrize_ρ                         8    6.89s    0.0%   861ms   4.15GiB    0.0%   531MiB
  DftHamiltonian multiplication        448    6.18s    0.0%  13.8ms   0.94GiB    0.0%  2.15MiB
    nonlocal                           448    4.41s    0.0%  9.85ms   55.3MiB    0.0%   126KiB
  energy_hamiltonian                     8    3.97s    0.0%   497ms   5.25GiB    0.0%   671MiB
    ene_ops                              8    3.82s    0.0%   478ms   1.62GiB    0.0%   207MiB
      ene_ops: nonlocal                  8    2.29s    0.0%   286ms   63.5MiB    0.0%  7.94MiB
      ene_ops: external_Hartree          8    731ms    0.0%  91.4ms    667MiB    0.0%  83.3MiB
      ene_ops: dualmap                   8    682ms    0.0%  85.3ms    731MiB    0.0%  91.3MiB
      ene_ops: kinetic                   8   94.1ms    0.0%  11.8ms   1.43MiB    0.0%   183KiB
      ene_ops: hartree                   8   25.6ms    0.0%  3.19ms    160MiB    0.0%  20.0MiB
      ene_ops: local                     8   2.35ms    0.0%   294μs   32.3MiB    0.0%  4.04MiB
load_scfres                              1    13.9s    0.1%   13.9s   6.02GiB    0.0%  6.02GiB
  energy_hamiltonian                     1    3.70s    0.0%   3.70s    739MiB    0.0%   739MiB
    ene_ops                              1    3.58s    0.0%   3.58s    384MiB    0.0%   384MiB
      ene_ops: xc                        1    2.30s    0.0%   2.30s    328MiB    0.0%   328MiB
      ene_ops: nonlocal                  1    363ms    0.0%   363ms   9.42MiB    0.0%  9.42MiB
      ene_ops: kinetic                   1   44.3ms    0.0%  44.3ms    234KiB    0.0%   234KiB
      ene_ops: hartree                   1   7.22ms    0.0%  7.22ms   20.0MiB    0.0%  20.0MiB
      ene_ops: local                     1    359μs    0.0%   359μs   4.04MiB    0.0%  4.04MiB
  Instantiation AtomicNonlocal           1    3.19s    0.0%   3.19s   2.93GiB    0.0%  2.93GiB
  Instantiation Xc                       1    1.12s    0.0%   1.12s    202MiB    0.0%   202MiB
    enforce_real!                        1   1.29ms    0.0%  1.29ms      384B    0.0%     384B
  Instantiation AtomicLocal              1    374ms    0.0%   374ms    127MiB    0.0%   127MiB
    enforce_real!                        1   1.30ms    0.0%  1.30ms      384B    0.0%     384B
  build_kpoints                          1    271ms    0.0%   271ms    422MiB    0.0%   422MiB
  Instantiation Ewald                    1   82.9ms    0.0%  82.9ms   18.4MiB    0.0%  18.4MiB
    precomp: Ewald                       1   4.65ms    0.0%  4.65ms   3.16KiB    0.0%  3.16KiB
  Instantiation Kinetic                  1   67.5ms    0.0%  67.5ms   46.6MiB    0.0%  46.6MiB
  Instantiation Hartree                  1   25.2ms    0.0%  25.2ms   11.7MiB    0.0%  11.7MiB
    enforce_real!                        1   1.21ms    0.0%  1.21ms      432B    0.0%     432B
  Instantiation PspCorrection            1   22.7ms    0.0%  22.7ms   2.76MiB    0.0%  2.76MiB
  _check_kpoint_reduction                1   2.53ms    0.0%  2.53ms     0.00B    0.0%    0.00B
save_scfres                              2    6.45s    0.0%   3.22s    656MiB    0.0%   328MiB
symmetry_operations                     29    658ms    0.0%  22.7ms   16.2MiB    0.0%   570KiB
  _check_symmetries                     29   4.64ms    0.0%   160μs   5.44MiB    0.0%   192KiB
──────────────────────────────────────────────────────────────────────────────────────────────
