
DFTK Version      0.7.20
Julia Version     1.12.4
libxc Version     7.0.0
FFTW.jl provider  fftw v3.3.10

BLAS.get_config()
  LinearAlgebra.BLAS.LBTConfig
  Libraries: 
  └ [ILP64] libopenblas64_.so

MPI.versioninfo()
  MPIPreferences:
    binary:  MPICH_jll
    abi:     MPICH
  
  Package versions
    MPI.jl:             0.20.23
    MPIPreferences.jl:  0.1.11
    MPICH_jll:          4.3.2+0
  
  Library information:
    libmpi:  /data/vebak3345/.julia/artifacts/117d9048128625bb3418b0b4cca48739c5d28740/lib/libmpi.so
    libmpi dlpath:  /data/vebak3345/.julia/artifacts/117d9048128625bb3418b0b4cca48739c5d28740/lib/libmpi.so
    MPI version:  4.1.0
    Library version:  
      MPICH Version:      4.3.1
      MPICH Release date: Fri Jun 20 09:24:41 AM CDT 2025
      MPICH ABI:          17:1:5
      MPICH Device:       ch3:nemesis
      MPICH configure:    --build=x86_64-linux-musl --disable-dependency-tracking --disable-doc --enable-fast=ndebug,O3 --enable-static=no --host=x86_64-linux-gnu --prefix=/workspace/destdir --with-device=ch3 --with-hwloc=/workspace/destdir
      MPICH CC:           cc     -DNDEBUG -DNVALGRIND -O3
      MPICH CXX:          c++   -DNDEBUG -DNVALGRIND -O3
      MPICH F77:          gfortran   -O3
      MPICH FC:           gfortran   -O3
      MPICH features:     
      
    MPI launcher: /data/vebak3345/.julia/artifacts/117d9048128625bb3418b0b4cca48739c5d28740/bin/mpiexec
    MPI launcher path: /data/vebak3345/.julia/artifacts/117d9048128625bb3418b0b4cca48739c5d28740/bin/mpiexec
  


‖ρref - ρorig‖H-1 = 0.0
‖ρref - ρorig‖L2  = 0.0

# --- ε=1.0

n     Energy            log10(ΔE)   log10(Δρ)   Δtime 
---   ---------------   ---------   ---------   ------
  1   -21.61801331177                   -0.78    17.7s
    ‖ρε - ρref‖ = 0.0005781562633552171 ‖Δρ‖ = 0.10656381039219727  ‖vε - vref‖ = 4.9124148560479  α = 1.0
  2   -21.65805327379       -1.40       -1.36    7.13s
    ‖ρε - ρref‖ = 0.10599993593542063 ‖Δρ‖ = 0.027470512822698488  ‖vε - vref‖ = 4.958657872723247  α = 1.0
  3   -21.66382591273       -2.24       -1.81    10.2s
    ‖ρε - ρref‖ = 0.08317546502571212 ‖Δρ‖ = 0.008333719782985884  ‖vε - vref‖ = 4.965107631443685  α = 0.521
  4   -21.66531440510       -2.83       -2.20    6.64s
    ‖ρε - ρref‖ = 0.07541946768507289 ‖Δρ‖ = 0.0038170541188598914  ‖vε - vref‖ = 4.958598635561374  α = 1.0

#-- ‖ρε - ρref‖ = 0.082879416901346 vs. 0.01 = δ*ε ‖vε - vref‖ = 4.9523373335382805


# --- ε=0.7498942093324559

n     Energy            log10(ΔE)   log10(Δρ)   Δtime 
---   ---------------   ---------   ---------   ------
  1   -21.66452488726                   -2.21    16.6s
    ‖ρε - ρref‖ = 0.08525591300153976 ‖Δρ‖ = 0.003921282861879493  ‖vε - vref‖ = 4.9081990479677895  α = 0.386
  2   -21.66456559284       -4.39       -2.45    6.59s
    ‖ρε - ρref‖ = 0.08138538005987396 ‖Δρ‖ = 0.002261125249467525  ‖vε - vref‖ = 4.913393114842491  α = 1.0

#-- ‖ρε - ρref‖ = 0.07992748477086173 vs. 0.007498942093324559 = δ*ε ‖vε - vref‖ = 4.911549080488295


# --- ε=0.5623413251903491

n     Energy            log10(ΔE)   log10(Δρ)   Δtime 
---   ---------------   ---------   ---------   ------
  1   -21.66213399378                   -2.79    15.7s
    ‖ρε - ρref‖ = 0.08041360105806045 ‖Δρ‖ = 0.0010281992647526404  ‖vε - vref‖ = 4.8520476736822715  α = 0.526
  2   -21.66214391538       -5.00       -2.96    6.11s
    ‖ρε - ρref‖ = 0.07938830532093943 ‖Δρ‖ = 0.0006890721554309165  ‖vε - vref‖ = 4.854125156341435  α = 1.0

#-- ‖ρε - ρref‖ = 0.07895549311561922 vs. 0.005623413251903491 = δ*ε ‖vε - vref‖ = 4.8533309765238615


# --- ε=0.4216965034285822

n     Energy            log10(ΔE)   log10(Δρ)   Δtime 
---   ---------------   ---------   ---------   ------
  1   -21.65883125985                   -2.57    12.5s
    ‖ρε - ρref‖ = 0.07895549550351845 ‖Δρ‖ = 0.0017039343216840065  ‖vε - vref‖ = 4.779828600235326  α = 1.0
  2   -21.65884161954       -4.98       -3.36    6.28s
    ‖ρε - ρref‖ = 0.07725475367181442 ‖Δρ‖ = 0.00025915222649913836  ‖vε - vref‖ = 4.778846900899318  α = 1.0

#-- ‖ρε - ρref‖ = 0.07794974707383476 vs. 0.004216965034285822 = δ*ε ‖vε - vref‖ = 4.776966979878789


# --- ε=0.31622776601683794

n     Energy            log10(ΔE)   log10(Δρ)   Δtime 
---   ---------------   ---------   ---------   ------
  1   -21.65457445466                   -2.33    12.6s
    ‖ρε - ρref‖ = 0.07794975901004182 ‖Δρ‖ = 0.002945378595700502  ‖vε - vref‖ = 4.68722241220235  α = 1.0
  2   -21.65460414127       -4.53       -3.04    5.90s
    ‖ρε - ρref‖ = 0.07500917278111291 ‖Δρ‖ = 0.0005720328307004181  ‖vε - vref‖ = 4.684215283842424  α = 1.0

#-- ‖ρε - ρref‖ = 0.07631396053454076 vs. 0.0031622776601683794 = δ*ε ‖vε - vref‖ = 4.680100674023761


# --- ε=0.23713737056616552

n     Energy            log10(ΔE)   log10(Δρ)   Δtime 
---   ---------------   ---------   ---------   ------
  1   -21.64916123420                   -2.18    12.1s
    ‖ρε - ρref‖ = 0.07631399588134875 ‖Δρ‖ = 0.004143321655652361  ‖vε - vref‖ = 4.57232591347996  α = 1.0
  2   -21.64923697771       -4.12       -2.93    6.39s
    ‖ρε - ρref‖ = 0.07218028762657851 ‖Δρ‖ = 0.0007269227836655236  ‖vε - vref‖ = 4.56731857958227  α = 1.0
  3   -21.64926070358       -4.62       -2.64    6.09s
    ‖ρε - ρref‖ = 0.07285201389270358 ‖Δρ‖ = 0.0014398735811419839  ‖vε - vref‖ = 4.557047723311742  α = 1.0

#-- ‖ρε - ρref‖ = 0.07338252032804565 vs. 0.0023713737056616554 = δ*ε ‖vε - vref‖ = 4.563618259501085


# --- ε=0.1778279410038923

n     Energy            log10(ΔE)   log10(Δρ)   Δtime 
---   ---------------   ---------   ---------   ------
  1   -21.64263291935                   -2.17    12.1s
    ‖ρε - ρref‖ = 0.07338255643167442 ‖Δρ‖ = 0.004185148807006231  ‖vε - vref‖ = 4.427573435360097  α = 1.0
  2   -21.64271652925       -4.08       -2.71    6.14s
    ‖ρε - ρref‖ = 0.06920093449465613 ‖Δρ‖ = 0.0012209637380798885  ‖vε - vref‖ = 4.4160823427805065  α = 1.0
  3   -21.64272023732       -5.43       -3.69    9.52s
    ‖ρε - ρref‖ = 0.07035673403471888 ‖Δρ‖ = 0.00011488683750695387  ‖vε - vref‖ = 4.415622845687614  α = 0.454

#-- ‖ρε - ρref‖ = 0.07040350874873305 vs. 0.001778279410038923 = δ*ε ‖vε - vref‖ = 4.416125428877721


# --- ε=0.1333521432163324

n     Energy            log10(ΔE)   log10(Δρ)   Δtime 
---   ---------------   ---------   ---------   ------
  1   -21.63454368619                   -2.06    12.0s
    ‖ρε - ρref‖ = 0.07040358600732086 ‖Δρ‖ = 0.005432902247855249  ‖vε - vref‖ = 4.260979517704165  α = 1.0
  2   -21.63471425981       -3.77       -2.54    6.60s
    ‖ρε - ρref‖ = 0.06497467718723282 ‖Δρ‖ = 0.0018251003557947611  ‖vε - vref‖ = 4.238093300706399  α = 1.0
  3   -21.63472449815       -4.99       -3.18    9.56s
    ‖ρε - ρref‖ = 0.06661785496067457 ‖Δρ‖ = 0.0003389785251109105  ‖vε - vref‖ = 4.236629636552666  α = 0.445
  4   -21.63472834664       -5.41       -3.69    5.78s
    ‖ρε - ρref‖ = 0.066901987551322 ‖Δρ‖ = 0.0001125208639599824  ‖vε - vref‖ = 4.237909775805575  α = 1.0

#-- ‖ρε - ρref‖ = 0.06663493667262313 vs. 0.001333521432163324 = δ*ε ‖vε - vref‖ = 4.239788923737015


# --- ε=0.1

n     Energy            log10(ΔE)   log10(Δρ)   Δtime 
---   ---------------   ---------   ---------   ------
  1   -21.62491260513                   -1.97    12.3s
    ‖ρε - ρref‖ = 0.06663507904364552 ‖Δρ‖ = 0.006677903813138201  ‖vε - vref‖ = 4.07084443334975  α = 1.0
  2   -21.62523726326       -3.49       -2.40    6.54s
    ‖ρε - ρref‖ = 0.05996391227450176 ‖Δρ‖ = 0.0025193970674703323  ‖vε - vref‖ = 4.029064056991615  α = 1.0
  3   -21.62525551472       -4.74       -2.98    9.46s
    ‖ρε - ρref‖ = 0.06213034776626248 ‖Δρ‖ = 0.0005713740609996345  ‖vε - vref‖ = 4.025942468338805  α = 0.384
  4   -21.62525858701       -5.51       -3.59    6.57s
    ‖ρε - ρref‖ = 0.06265121341651587 ‖Δρ‖ = 0.00013966125429802355  ‖vε - vref‖ = 4.027952557680324  α = 1.0

#-- ‖ρε - ρref‖ = 0.062383857207888284 vs. 0.001 = δ*ε ‖vε - vref‖ = 4.030208169327287


# --- ε=0.07498942093324558

n     Energy            log10(ΔE)   log10(Δρ)   Δtime 
---   ---------------   ---------   ---------   ------
  1   -21.61368588284                   -1.88    11.7s
    ‖ρε - ρref‖ = 0.06238413861237926 ‖Δρ‖ = 0.008357775554609434  ‖vε - vref‖ = 3.8669831509384953  α = 1.0
  2   -21.61433554897       -3.19       -2.25    6.42s
    ‖ρε - ρref‖ = 0.05403591851420103 ‖Δρ‖ = 0.0035712486730664897  ‖vε - vref‖ = 3.788970360217181  α = 1.0
  3   -21.61435696562       -4.67       -2.98    9.07s
    ‖ρε - ρref‖ = 0.05732866885367036 ‖Δρ‖ = 0.0005217839511367769  ‖vε - vref‖ = 3.785683187713502  α = 0.405
  4   -21.61436261352       -5.25       -3.62    6.70s
    ‖ρε - ρref‖ = 0.05774049484564897 ‖Δρ‖ = 0.00012824837654497594  ‖vε - vref‖ = 3.7880936665964335  α = 1.0

#-- ‖ρε - ρref‖ = 0.0574625099245778 vs. 0.0007498942093324559 = δ*ε ‖vε - vref‖ = 3.7913287204921478


# --- ε=0.05623413251903491

n     Energy            log10(ΔE)   log10(Δρ)   Δtime 
---   ---------------   ---------   ---------   ------
  1   -21.60215340896                   -1.78    15.0s
    ‖ρε - ρref‖ = 0.06274901559169237 ‖Δρ‖ = 0.010317279073452293  ‖vε - vref‖ = 3.5164619412248905  α = 0.488
  2   -21.60219436350       -4.39       -2.97    6.51s
    ‖ρε - ρref‖ = 0.052443393177156204 ‖Δρ‖ = 0.0005138709589488525  ‖vε - vref‖ = 3.524320210332823  α = 1.0
  3   -21.60221778906       -4.63       -3.42    6.41s
    ‖ρε - ρref‖ = 0.05213211553568806 ‖Δρ‖ = 0.00014421974965644086  ‖vε - vref‖ = 3.525592149410907  α = 1.0

#-- ‖ρε - ρref‖ = 0.05212310673615062 vs. 0.0005623413251903491 = δ*ε ‖vε - vref‖ = 3.525115294721325


# --- ε=0.042169650342858224

n     Energy            log10(ΔE)   log10(Δρ)   Δtime 
---   ---------------   ---------   ---------   ------
  1   -21.58910001224                   -1.69    14.7s
    ‖ρε - ρref‖ = 0.05924139751248268 ‖Δρ‖ = 0.012643720321532421  ‖vε - vref‖ = 3.233506401417567  α = 0.437
  2   -21.58914623392       -4.34       -2.95    5.89s
    ‖ρε - ρref‖ = 0.046614380798731696 ‖Δρ‖ = 0.0005273735514503846  ‖vε - vref‖ = 3.2424921169651277  α = 1.0
  3   -21.58917646488       -4.52       -3.41    6.14s
    ‖ρε - ρref‖ = 0.04633439876376679 ‖Δρ‖ = 0.0001485719951055569  ‖vε - vref‖ = 3.24478169632383  α = 1.0
  4   -21.58918817599       -4.93       -3.45    6.46s
    ‖ρε - ρref‖ = 0.04629949250449848 ‖Δρ‖ = 0.00016302430970698825  ‖vε - vref‖ = 3.2451910603564653  α = 1.0

#-- ‖ρε - ρref‖ = 0.046312568271661164 vs. 0.00042169650342858224 = δ*ε ‖vε - vref‖ = 3.2432598520803597


# --- ε=0.03162277660168379

n     Energy            log10(ΔE)   log10(Δρ)   Δtime 
---   ---------------   ---------   ---------   ------
  1   -21.57562023605                   -1.62    14.5s
    ‖ρε - ρref‖ = 0.055649303149337664 ‖Δρ‖ = 0.015051992297498361  ‖vε - vref‖ = 2.9442475399735035  α = 0.38
  2   -21.57568107221       -4.22       -2.92    6.49s
    ‖ρε - ρref‖ = 0.04062415812176922 ‖Δρ‖ = 0.000578004990859141  ‖vε - vref‖ = 2.9569046414992948  α = 1.0
  3   -21.57571249165       -4.50       -3.26    5.93s
    ‖ρε - ρref‖ = 0.04032800827375557 ‖Δρ‖ = 0.0002214960514141584  ‖vε - vref‖ = 2.9587967534560287  α = 1.0
  4   -21.57572487616       -4.91       -3.68    6.55s
    ‖ρε - ρref‖ = 0.04032930877121153 ‖Δρ‖ = 9.550033740800916e-5  ‖vε - vref‖ = 2.957496801758706  α = 1.0

#-- ‖ρε - ρref‖ = 0.04032069536806086 vs. 0.00031622776601683794 = δ*ε ‖vε - vref‖ = 2.9571964991483135


# --- ε=0.023713737056616554

n     Energy            log10(ΔE)   log10(Δρ)   Δtime 
---   ---------------   ---------   ---------   ------
  1   -21.56224806733                   -1.55    14.7s
    ‖ρε - ρref‖ = 0.05210963653949874 ‖Δρ‖ = 0.0174834942654599  ‖vε - vref‖ = 2.6629452675533485  α = 0.326
  2   -21.56231009739       -4.21       -2.95    6.02s
    ‖ρε - ρref‖ = 0.034665358370213006 ‖Δρ‖ = 0.00053947625169762  ‖vε - vref‖ = 2.6765388513164488  α = 1.0
  3   -21.56233723443       -4.57       -3.22    5.57s
    ‖ρε - ρref‖ = 0.03443142055458629 ‖Δρ‖ = 0.00025345563831633786  ‖vε - vref‖ = 2.680043407135364  α = 1.0
  4   -21.56235004777       -4.89       -3.63    6.31s
    ‖ρε - ρref‖ = 0.03441924846354194 ‖Δρ‖ = 0.00010173526258286355  ‖vε - vref‖ = 2.6770987648234232  α = 1.0
  5   -21.56235295621       -5.54       -3.65    6.61s
    ‖ρε - ρref‖ = 0.03442897975370907 ‖Δρ‖ = 9.954075705499369e-5  ‖vε - vref‖ = 2.6771171072903623  α = 1.0

#-- ‖ρε - ρref‖ = 0.03440891103980705 vs. 0.00023713737056616554 = δ*ε ‖vε - vref‖ = 2.6785705464519984


# --- ε=0.01778279410038923

n     Energy            log10(ΔE)   log10(Δρ)   Δtime 
---   ---------------   ---------   ---------   ------
  1   -21.54949247206                   -1.50    14.6s
    ‖ρε - ρref‖ = 0.04890771423328612 ‖Δρ‖ = 0.019966637322591765  ‖vε - vref‖ = 2.400115846517548  α = 0.273
  2   -21.54953768381       -4.34       -2.98    6.02s
    ‖ρε - ρref‖ = 0.029000115951031847 ‖Δρ‖ = 0.0005041054335922069  ‖vε - vref‖ = 2.4138471155753556  α = 1.0
  3   -21.54956568095       -4.55       -3.20    6.22s
    ‖ρε - ρref‖ = 0.028823273403108585 ‖Δρ‖ = 0.00026846995350307394  ‖vε - vref‖ = 2.4190012764424136  α = 1.0
  4   -21.54957542578       -5.01       -3.53    6.41s
    ‖ρε - ρref‖ = 0.028805588325892983 ‖Δρ‖ = 0.00012765489393988337  ‖vε - vref‖ = 2.4139997576896177  α = 1.0
  5   -21.54957826931       -5.55       -3.68    6.16s
    ‖ρε - ρref‖ = 0.028820497566217268 ‖Δρ‖ = 9.28070166304917e-5  ‖vε - vref‖ = 2.4136321325950703  α = 1.0

#-- ‖ρε - ρref‖ = 0.028803971875737314 vs. 0.0001778279410038923 = δ*ε ‖vε - vref‖ = 2.416435053816985


# --- ε=0.01333521432163324

n     Energy            log10(ΔE)   log10(Δρ)   Δtime 
---   ---------------   ---------   ---------   ------
  1   -21.53774904833                   -1.45    14.8s
    ‖ρε - ρref‖ = 0.04607352330284257 ‖Δρ‖ = 0.022326788608530355  ‖vε - vref‖ = 2.161663926783085  α = 0.225
  2   -21.53778466639       -4.45       -2.99    6.26s
    ‖ρε - ρref‖ = 0.023827903145759173 ‖Δρ‖ = 0.0004924560162610291  ‖vε - vref‖ = 2.1777055291369942  α = 1.0
  3   -21.53781121633       -4.58       -3.17    6.07s
    ‖ρε - ρref‖ = 0.023694000954960825 ‖Δρ‖ = 0.0002946194910558062  ‖vε - vref‖ = 2.182923191577587  α = 1.0
  4   -21.53781946867       -5.08       -3.37    5.98s
    ‖ρε - ρref‖ = 0.023684425139162576 ‖Δρ‖ = 0.0001761502269645376  ‖vε - vref‖ = 2.1750027827646563  α = 1.0
  5   -21.53782246025       -5.52       -3.70    6.46s
    ‖ρε - ρref‖ = 0.02369332761014408 ‖Δρ‖ = 8.831429630466732e-5  ‖vε - vref‖ = 2.1761695452474314  α = 1.0
  6   -21.53782392254       -5.83       -3.74    6.34s
    ‖ρε - ρref‖ = 0.023689642591837888 ‖Δρ‖ = 7.580398939210186e-5  ‖vε - vref‖ = 2.1798015803482524  α = 1.0

#-- ‖ρε - ρref‖ = 0.023680668380441805 vs. 0.00013335214321633242 = δ*ε ‖vε - vref‖ = 2.1786990634421346


# --- ε=0.01

n     Energy            log10(ΔE)   log10(Δρ)   Δtime 
---   ---------------   ---------   ---------   ------
  1   -21.52730631258                   -1.41    14.6s
    ‖ρε - ρref‖ = 0.043665671479433656 ‖Δρ‖ = 0.024508264379643208  ‖vε - vref‖ = 1.951486812705323  α = 0.183
  2   -21.52732733658       -4.68       -2.93    5.99s
    ‖ρε - ρref‖ = 0.019260504529513573 ‖Δρ‖ = 0.000549041617978987  ‖vε - vref‖ = 1.973420029718611  α = 1.0
  3   -21.52735736355       -4.52       -3.13    5.83s
    ‖ρε - ρref‖ = 0.01916420804920833 ‖Δρ‖ = 0.0003377107773382405  ‖vε - vref‖ = 1.975464693716371  α = 1.0
  4   -21.52735976811       -5.62       -3.19    6.41s
    ‖ρε - ρref‖ = 0.019163810820233863 ‖Δρ‖ = 0.0002629057381378909  ‖vε - vref‖ = 1.9628050640811456  α = 1.0
  5   -21.52736622549       -5.19       -3.50    6.44s
    ‖ρε - ρref‖ = 0.019164669369056798 ‖Δρ‖ = 0.0001287466288991586  ‖vε - vref‖ = 1.9678382988741963  α = 1.0
  6   -21.52736720699       -6.01       -3.62    9.70s
    ‖ρε - ρref‖ = 0.019164925922669995 ‖Δρ‖ = 9.770291229605812e-5  ‖vε - vref‖ = 1.970093669648945  α = 0.451
  7   -21.52736754301       -6.47       -4.20    6.60s
    ‖ρε - ρref‖ = 0.01916103360022378 ‖Δρ‖ = 2.3495818614935605e-5  ‖vε - vref‖ = 1.970168528206683  α = 1.0

#-- ‖ρε - ρref‖ = 0.019155226263548618 vs. 0.0001 = δ*ε ‖vε - vref‖ = 1.9696128068550953


# --- ε=0.007498942093324558

n     Energy            log10(ΔE)   log10(Δρ)   Δtime 
---   ---------------   ---------   ---------   ------
  1   -21.51829197519                   -1.37    14.1s
    ‖ρε - ρref‖ = 0.04167412122087344 ‖Δρ‖ = 0.02644580257323906  ‖vε - vref‖ = 1.7686142955095574  α = 0.146
  2   -21.51829980379       -5.11       -2.87    6.25s
    ‖ρε - ρref‖ = 0.01535571492935848 ‖Δρ‖ = 0.0006117419975894164  ‖vε - vref‖ = 1.8029191373653664  α = 1.0
  3   -21.51833488505       -4.45       -3.09    6.28s
    ‖ρε - ρref‖ = 0.015282950935087733 ‖Δρ‖ = 0.00036786097858444456  ‖vε - vref‖ = 1.7962088257841904  α = 1.0
  4   -21.51833991431       -5.30       -3.11    9.35s
    ‖ρε - ρref‖ = 0.015290521343392071 ‖Δρ‖ = 0.0003216253005493879  ‖vε - vref‖ = 1.7881008358259343  α = 0.438
  5   -21.51834160402       -5.77       -3.85    5.98s
    ‖ρε - ρref‖ = 0.015286086761561806 ‖Δρ‖ = 5.1789945573665606e-5  ‖vε - vref‖ = 1.7891702011629216  α = 1.0
  6   -21.51834210164       -6.30       -4.30    6.56s
    ‖ρε - ρref‖ = 0.01528581013896951 ‖Δρ‖ = 2.2838087808952313e-5  ‖vε - vref‖ = 1.7908419909860425  α = 1.0

#-- ‖ρε - ρref‖ = 0.015278024440112956 vs. 7.498942093324559e-5 = δ*ε ‖vε - vref‖ = 1.7906940387200034


# --- ε=0.005623413251903491

n     Energy            log10(ΔE)   log10(Δρ)   Δtime 
---   ---------------   ---------   ---------   ------
  1   -21.51071145747                   -1.35    15.0s
    ‖ρε - ρref‖ = 0.040078673471617136 ‖Δρ‖ = 0.028126993209808212  ‖vε - vref‖ = 1.6114704457635496  α = 0.116
  2   -21.51073940372       -4.55       -2.80    8.70s
    ‖ρε - ρref‖ = 0.01215267719043397 ‖Δρ‖ = 0.0006964944447120391  ‖vε - vref‖ = 1.6334637400027225  α = 0.45
  3   -21.51074761837       -5.09       -3.58    5.97s
    ‖ρε - ρref‖ = 0.012070204867713409 ‖Δρ‖ = 0.0001020308999235342  ‖vε - vref‖ = 1.6411251067109711  α = 1.0
  4   -21.51075008775       -5.61       -3.35    9.00s
    ‖ρε - ρref‖ = 0.012057576260025316 ‖Δρ‖ = 0.00018956539446939478  ‖vε - vref‖ = 1.6366461696083754  α = 0.478
  5   -21.51075136152       -5.89       -3.84    6.08s
    ‖ρε - ρref‖ = 0.012044750806030043 ‖Δρ‖ = 5.265409520816815e-5  ‖vε - vref‖ = 1.6359645870046182  α = 1.0
  6   -21.51075175678       -6.40       -4.03    6.14s
    ‖ρε - ρref‖ = 0.012046705923882326 ‖Δρ‖ = 3.826377691667945e-5  ‖vε - vref‖ = 1.6366826730165878  α = 1.0

#-- ‖ρε - ρref‖ = 0.01204540255267727 vs. 5.6234132519034914e-5 = δ*ε ‖vε - vref‖ = 1.6371028575502538


# --- ε=0.004216965034285823

n     Energy            log10(ΔE)   log10(Δρ)   Δtime 
---   ---------------   ---------   ---------   ------
  1   -21.50446831154                   -1.33    14.7s
    ‖ρε - ρref‖ = 0.038823928127009744 ‖Δρ‖ = 0.029539737907293532  ‖vε - vref‖ = 1.4741096477742115  α = 0.0903
  2   -21.50449476185       -4.58       -2.72    8.88s
    ‖ρε - ρref‖ = 0.009526741670393213 ‖Δρ‖ = 0.0008291753282370276  ‖vε - vref‖ = 1.5004114305881242  α = 0.366
  3   -21.50450209959       -5.13       -3.64    5.97s
    ‖ρε - ρref‖ = 0.009423182962106636 ‖Δρ‖ = 7.841752808767758e-5  ‖vε - vref‖ = 1.5079618967097301  α = 1.0
  4   -21.50450358824       -5.83       -3.57    9.04s
    ‖ρε - ρref‖ = 0.009410709953279577 ‖Δρ‖ = 0.0001146211565544829  ‖vε - vref‖ = 1.5035838434886906  α = 0.525
  5   -21.50450449339       -6.04       -3.66    9.50s
    ‖ρε - ρref‖ = 0.00940491688881197 ‖Δρ‖ = 8.755517538738608e-5  ‖vε - vref‖ = 1.5035237386138367  α = 0.499
  6   -21.50450477773       -6.55       -4.18    6.50s
    ‖ρε - ρref‖ = 0.009404721283741731 ‖Δρ‖ = 2.640641067865242e-5  ‖vε - vref‖ = 1.5044398149897764  α = 1.0
  7   -21.50450491419       -6.87       -4.36    6.27s
    ‖ρε - ρref‖ = 0.009404802613873418 ‖Δρ‖ = 1.7537841859337868e-5  ‖vε - vref‖ = 1.504468681782423  α = 1.0

#-- ‖ρε - ρref‖ = 0.0094042546374068 vs. 4.216965034285823e-5 = δ*ε ‖vε - vref‖ = 1.5041112716501452


# --- ε=0.0031622776601683794

n     Energy            log10(ΔE)   log10(Δρ)   Δtime 
---   ---------------   ---------   ---------   ------
  1   -21.49942071701                   -1.31    14.7s
    ‖ρε - ρref‖ = 0.03784092592195665 ‖Δρ‖ = 0.030690700971214974  ‖vε - vref‖ = 1.3513673988204755  α = 0.07
  2   -21.49944619309       -4.59       -2.65    9.04s
    ‖ρε - ρref‖ = 0.007444339242842669 ‖Δρ‖ = 0.0009565093333539107  ‖vε - vref‖ = 1.3820493243396277  α = 0.294
  3   -21.49945090875       -5.33       -3.53    6.32s
    ‖ρε - ρref‖ = 0.007300385160775686 ‖Δρ‖ = 0.00010271348722040115  ‖vε - vref‖ = 1.3916997133715425  α = 1.0
  4   -21.49945244421       -5.81       -3.46    9.29s
    ‖ρε - ρref‖ = 0.007289416898533045 ‖Δρ‖ = 0.00014460394267761515  ‖vε - vref‖ = 1.3914040947964574  α = 0.459
  5   -21.49945340994       -6.02       -3.55    9.42s
    ‖ρε - ρref‖ = 0.0072876147906892905 ‖Δρ‖ = 0.00010767244142634953  ‖vε - vref‖ = 1.3864410424012914  α = 0.39
  6   -21.49945372091       -6.51       -4.40    5.99s
    ‖ρε - ρref‖ = 0.007286433942652975 ‖Δρ‖ = 1.4483087719631575e-5  ‖vε - vref‖ = 1.387939397479992  α = 1.0
  7   -21.49945384782       -6.90       -4.39    6.07s
    ‖ρε - ρref‖ = 0.007287243571435784 ‖Δρ‖ = 1.4508468080478443e-5  ‖vε - vref‖ = 1.3871959810258436  α = 1.0

#-- ‖ρε - ρref‖ = 0.0072862508204706074 vs. 3.1622776601683795e-5 = δ*ε ‖vε - vref‖ = 1.3874372293669983


# --- ε=0.0023713737056616554

n     Energy            log10(ΔE)   log10(Δρ)   Δtime 
---   ---------------   ---------   ---------   ------
  1   -21.49539659564                   -1.30    14.4s
    ‖ρε - ρref‖ = 0.03708593192517038 ‖Δρ‖ = 0.031616189634972425  ‖vε - vref‖ = 1.2401213458361988  α = 0.0538
  2   -21.49542139629       -4.61       -2.59    9.41s
    ‖ρε - ρref‖ = 0.005830830999895119 ‖Δρ‖ = 0.0010919413421272583  ‖vε - vref‖ = 1.2733163902013906  α = 0.234
  3   -21.49542453345       -5.50       -3.36    8.64s
    ‖ρε - ρref‖ = 0.00563129552214647 ‖Δρ‖ = 0.0001625200658596683  ‖vε - vref‖ = 1.280808409364893  α = 0.477
  4   -21.49542586549       -5.88       -3.35    9.55s
    ‖ρε - ρref‖ = 0.005625999382521501 ‖Δρ‖ = 0.0001925734322746312  ‖vε - vref‖ = 1.285729661002323  α = 0.265
  5   -21.49542644617       -6.24       -3.88    6.36s
    ‖ρε - ρref‖ = 0.005614343942471416 ‖Δρ‖ = 4.568682686080449e-5  ‖vε - vref‖ = 1.2782276765781095  α = 1.0
  6   -21.49542718032       -6.13       -4.12    6.12s
    ‖ρε - ρref‖ = 0.0056113093718657475 ‖Δρ‖ = 2.679799196443792e-5  ‖vε - vref‖ = 1.282334681319038  α = 1.0
  7   -21.49542730928       -6.89       -4.16    8.65s
    ‖ρε - ρref‖ = 0.005611386129858554 ‖Δρ‖ = 2.5616605778759085e-5  ‖vε - vref‖ = 1.282197805041416  α = 0.472
  8   -21.49542734917       -7.40       -4.71    5.90s
    ‖ρε - ρref‖ = 0.005612291494932769 ‖Δρ‖ = 6.148953904359371e-6  ‖vε - vref‖ = 1.281832882487605  α = 1.0
  9   -21.49542736923       -7.70       -4.81    6.66s
    ‖ρε - ρref‖ = 0.00561221805237909 ‖Δρ‖ = 5.091370830755841e-6  ‖vε - vref‖ = 1.2818683746863249  α = 1.0

#-- ‖ρε - ρref‖ = 0.005612037573192049 vs. 2.3713737056616554e-5 = δ*ε ‖vε - vref‖ = 1.2817443001523499


# --- ε=0.0017782794100389228

n     Energy            log10(ΔE)   log10(Δρ)   Δtime 
---   ---------------   ---------   ---------   ------
  1   -21.49222414633                   -1.29    14.6s
    ‖ρε - ρref‖ = 0.03651055700463432 ‖Δρ‖ = 0.03234825023979612  ‖vε - vref‖ = 1.1362002938019098  α = 0.0412
  2   -21.49224821113       -4.62       -2.54    9.30s
    ‖ρε - ρref‖ = 0.004608351904858866 ‖Δρ‖ = 0.0012170633602604701  ‖vε - vref‖ = 1.170226180794  α = 0.187
  3   -21.49225055935       -5.63       -3.23    9.00s
    ‖ρε - ρref‖ = 0.0043288598680557965 ‖Δρ‖ = 0.00022846486845433405  ‖vε - vref‖ = 1.1784684331922375  α = 0.294
  4   -21.49225180899       -5.90       -3.31    9.06s
    ‖ρε - ρref‖ = 0.0043202337503708485 ‖Δρ‖ = 0.0001955117421505175  ‖vε - vref‖ = 1.1867618531154078  α = 0.225
  5   -21.49225244592       -6.20       -4.03    6.10s
    ‖ρε - ρref‖ = 0.004305266190884158 ‖Δρ‖ = 3.115234826475653e-5  ‖vε - vref‖ = 1.1812878715119415  α = 1.0
  6   -21.49225291575       -6.33       -4.15    6.45s
    ‖ρε - ρref‖ = 0.004302886080092439 ‖Δρ‖ = 2.6254763430462523e-5  ‖vε - vref‖ = 1.183866264896534  α = 1.0
  7   -21.49225309884       -6.74       -4.05    9.52s
    ‖ρε - ρref‖ = 0.0043023237420268465 ‖Δρ‖ = 3.2789067008339755e-5  ‖vε - vref‖ = 1.1837891537790237  α = 0.467
  8   -21.49225312999       -7.51       -4.50    6.35s
    ‖ρε - ρref‖ = 0.004303239275644793 ‖Δρ‖ = 9.58867547302767e-6  ‖vε - vref‖ = 1.1831243791808745  α = 1.0
  9   -21.49225317164       -7.38       -4.60    6.98s
    ‖ρε - ρref‖ = 0.004303368881525324 ‖Δρ‖ = 7.969008052964995e-6  ‖vε - vref‖ = 1.1834335371844713  α = 1.0

#-- ‖ρε - ρref‖ = 0.00430313846197697 vs. 1.778279410038923e-5 = δ*ε ‖vε - vref‖ = 1.1832106773517856


# --- ε=0.001333521432163324

n     Energy            log10(ΔE)   log10(Δρ)   Δtime 
---   ---------------   ---------   ---------   ------
  1   -21.48974525937                   -1.28    15.0s
    ‖ρε - ρref‖ = 0.03607409005385237 ‖Δρ‖ = 0.032919474389396124  ‖vε - vref‖ = 1.0373824179423041  α = 0.0314
  2   -21.48976807472       -4.64       -2.50    9.12s
    ‖ρε - ρref‖ = 0.003706597081736433 ‖Δρ‖ = 0.001331443641595999  ‖vε - vref‖ = 1.0702060923911239  α = 0.149
  3   -21.48977022532       -5.67       -3.11    9.23s
    ‖ρε - ρref‖ = 0.003327581929088599 ‖Δρ‖ = 0.0002989582324227554  ‖vε - vref‖ = 1.0798870224766515  α = 0.199
  4   -21.48977135397       -5.95       -3.25    9.06s
    ‖ρε - ρref‖ = 0.00331149425894394 ‖Δρ‖ = 0.00021810921847661312  ‖vε - vref‖ = 1.091026810823254  α = 0.178
  5   -21.48977191760       -6.25       -4.14    6.50s
    ‖ρε - ρref‖ = 0.0032905175873134216 ‖Δρ‖ = 2.349011360509846e-5  ‖vε - vref‖ = 1.0896849303602532  α = 1.0
  6   -21.48977213070       -6.67       -4.07    6.16s
    ‖ρε - ρref‖ = 0.0032884787285822254 ‖Δρ‖ = 3.257195727422573e-5  ‖vε - vref‖ = 1.0903267121273896  α = 1.0
  7   -21.48977242321       -6.53       -3.96    9.17s
    ‖ρε - ρref‖ = 0.0032877380502073002 ‖Δρ‖ = 3.956806843669891e-5  ‖vε - vref‖ = 1.0896426043336678  α = 0.479
  8   -21.48977252911       -6.98       -4.30    9.35s
    ‖ρε - ρref‖ = 0.003288406491344254 ‖Δρ‖ = 1.5288254066263192e-5  ‖vε - vref‖ = 1.089356153621598  α = 0.504
  9   -21.48977254358       -7.84       -4.76    5.83s
    ‖ρε - ρref‖ = 0.0032887168131640904 ‖Δρ‖ = 5.409996086395131e-6  ‖vε - vref‖ = 1.089862082863305  α = 1.0
 10   -21.48977256010       -7.78       -4.99    6.34s
    ‖ρε - ρref‖ = 0.003288625324065632 ‖Δρ‖ = 3.0155685291718804e-6  ‖vε - vref‖ = 1.0894617081642495  α = 1.0

#-- ‖ρε - ρref‖ = 0.003288567181811978 vs. 1.333521432163324e-5 = δ*ε ‖vε - vref‖ = 1.0894133657817817


# --- ε=0.001

n     Energy            log10(ΔE)   log10(Δρ)   Δtime 
---   ---------------   ---------   ---------   ------
  1   -21.48782145313                   -1.27    13.9s
    ‖ρε - ρref‖ = 0.03574567009627252 ‖Δρ‖ = 0.03336207391826034  ‖vε - vref‖ = 0.9427898766629721  α = 0.0238
  2   -21.48784250766       -4.68       -2.46    8.75s
    ‖ρε - ρref‖ = 0.003062317831007475 ‖Δρ‖ = 0.0014318912199937943  ‖vε - vref‖ = 0.971965852272242  α = 0.118
  3   -21.48784475019       -5.65       -3.01    8.78s
    ‖ρε - ρref‖ = 0.002568487064157262 ‖Δρ‖ = 0.0003702947090382266  ‖vε - vref‖ = 0.9837255754049631  α = 0.147
  4   -21.48784587523       -5.95       -3.16    9.36s
    ‖ρε - ρref‖ = 0.002542057052474244 ‖Δρ‖ = 0.0002630196686809698  ‖vε - vref‖ = 0.9976541221356385  α = 0.135
  5   -21.48784620899       -6.48       -4.10    6.07s
    ‖ρε - ρref‖ = 0.0025089013356266983 ‖Δρ‖ = 2.4409704504510423e-5  ‖vε - vref‖ = 1.0020433744341812  α = 1.0
  6   -21.48784658217       -6.43       -3.98    9.38s
    ‖ρε - ρref‖ = 0.0025073490744036853 ‖Δρ‖ = 4.0739461188893496e-5  ‖vε - vref‖ = 1.0012674403367885  α = 0.48
  7   -21.48784679422       -6.67       -3.95    9.26s
    ‖ρε - ρref‖ = 0.0025060960091325074 ‖Δρ‖ = 3.4883388192268354e-5  ‖vε - vref‖ = 0.9992907588103386  α = 0.346
  8   -21.48784685136       -7.24       -4.45    9.49s
    ‖ρε - ρref‖ = 0.0025069368103108687 ‖Δρ‖ = 1.0565301964220833e-5  ‖vε - vref‖ = 0.9987557085922164  α = 0.479
  9   -21.48784687445       -7.64       -5.00    6.69s
    ‖ρε - ρref‖ = 0.002507222333891502 ‖Δρ‖ = 2.7301552204922336e-6  ‖vε - vref‖ = 0.9992540326935705  α = 1.0
 10   -21.48784688245       -8.10       -4.96    6.68s
    ‖ρε - ρref‖ = 0.0025072004021019635 ‖Δρ‖ = 2.9500505519540808e-6  ‖vε - vref‖ = 0.9989963478601671  α = 1.0

#-- ‖ρε - ρref‖ = 0.0025070692820290752 vs. 1.0e-5 = δ*ε ‖vε - vref‖ = 0.9990668286371355


# --- ε=0.0007498942093324559

n     Energy            log10(ΔE)   log10(Δρ)   Δtime 
---   ---------------   ---------   ---------   ------
  1   -21.48633634941                   -1.27    14.0s
    ‖ρε - ρref‖ = 0.035498346043668375 ‖Δρ‖ = 0.03370141238208245  ‖vε - vref‖ = 0.852772294917684  α = 0.018
  2   -21.48635526726       -4.72       -2.44    8.66s
    ‖ρε - ρref‖ = 0.002619318972372866 ‖Δρ‖ = 0.001517460837447551  ‖vε - vref‖ = 0.8757045189262409  α = 0.0928
  3   -21.48635767602       -5.62       -2.93    9.21s
    ‖ρε - ρref‖ = 0.0020039253976549924 ‖Δρ‖ = 0.00044268523507100114  ‖vε - vref‖ = 0.8896553729715102  α = 0.113
  4   -21.48635885761       -5.93       -3.07    8.83s
    ‖ρε - ρref‖ = 0.001964215862938807 ‖Δρ‖ = 0.00032289800524937733  ‖vε - vref‖ = 0.9063039953457136  α = 0.102
  5   -21.48635934409       -6.31       -3.99    9.21s
    ‖ρε - ρref‖ = 0.0019110122187645125 ‖Δρ‖ = 3.071150229904872e-5  ‖vε - vref‖ = 0.9121459613178691  α = 0.473
  6   -21.48635948846       -6.84       -3.99    9.44s
    ‖ρε - ρref‖ = 0.0019099860550286902 ‖Δρ‖ = 3.908335612416251e-5  ‖vε - vref‖ = 0.9132150159552023  α = 0.265
  7   -21.48635958895       -7.00       -4.18    9.03s
    ‖ρε - ρref‖ = 0.0019083734806588188 ‖Δρ‖ = 2.0521001200106782e-5  ‖vε - vref‖ = 0.9121841604494122  α = 0.366
  8   -21.48635961859       -7.53       -4.61    6.55s
    ‖ρε - ρref‖ = 0.001908039183431247 ‖Δρ‖ = 7.408749974945807e-6  ‖vε - vref‖ = 0.9105630264602045  α = 1.0
  9   -21.48635966273       -7.36       -4.69    6.52s
    ‖ρε - ρref‖ = 0.0019078985686251768 ‖Δρ‖ = 6.07994006069142e-6  ‖vε - vref‖ = 0.9116568746537292  α = 1.0

#-- ‖ρε - ρref‖ = 0.001908045762355524 vs. 7.498942093324559e-6 = δ*ε ‖vε - vref‖ = 0.9117183930499574


# --- ε=0.0005623413251903491

n     Energy            log10(ΔE)   log10(Δρ)   Δtime 
---   ---------------   ---------   ---------   ------
  1   -21.48519449060                   -1.27    14.4s
    ‖ρε - ρref‖ = 0.03531718802135972 ‖Δρ‖ = 0.03396468785172129  ‖vε - vref‖ = 0.7685030348546967  α = 0.0136
  2   -21.48521107804       -4.78       -2.42    8.82s
    ‖ρε - ρref‖ = 0.002328406032842683 ‖Δρ‖ = 0.0015902602713988767  ‖vε - vref‖ = 0.7822084394953948  α = 0.0728
  3   -21.48521364074       -5.59       -2.86    9.01s
    ‖ρε - ρref‖ = 0.0015951445744791198 ‖Δρ‖ = 0.0005117713600552099  ‖vε - vref‖ = 0.7981339762509009  α = 0.0892
  4   -21.48521492322       -5.89       -2.98    8.95s
    ‖ρε - ρref‖ = 0.0015422280672122471 ‖Δρ‖ = 0.00039421872157291904  ‖vε - vref‖ = 0.8175542240934024  α = 0.0776
  5   -21.48521534232       -6.38       -3.86    9.43s
    ‖ρε - ρref‖ = 0.0014539669465031618 ‖Δρ‖ = 4.053634683529995e-5  ‖vε - vref‖ = 0.8260747321267793  α = 0.354
  6   -21.48521548464       -6.85       -3.94    8.78s
    ‖ρε - ρref‖ = 0.0014527204594594477 ‖Δρ‖ = 4.322493159227277e-5  ‖vε - vref‖ = 0.8287227837409219  α = 0.213
  7   -21.48521559151       -6.97       -4.11    9.18s
    ‖ρε - ρref‖ = 0.0014506742453558768 ‖Δρ‖ = 2.360088148024799e-5  ‖vε - vref‖ = 0.8285391982058992  α = 0.296
  8   -21.48521564835       -7.25       -4.57    10.1s
    ‖ρε - ρref‖ = 0.001450171410218314 ‖Δρ‖ = 7.995777689890918e-6  ‖vε - vref‖ = 0.8270374470365329  α = 0.522
  9   -21.48521566140       -7.88       -4.84    6.45s
    ‖ρε - ρref‖ = 0.0014500152973819767 ‖Δρ‖ = 4.556882588585935e-6  ‖vε - vref‖ = 0.8268077032772718  α = 1.0
 10   -21.48521568059       -7.72       -4.84    6.93s
    ‖ρε - ρref‖ = 0.0014500074754487066 ‖Δρ‖ = 4.459269794561648e-6  ‖vε - vref‖ = 0.8274057675045614  α = 1.0

#-- ‖ρε - ρref‖ = 0.0014500267514334741 vs. 5.623413251903491e-6 = δ*ε ‖vε - vref‖ = 0.8272608395674635


# --- ε=0.00042169650342858224

n     Energy            log10(ΔE)   log10(Δρ)   Δtime 
---   ---------------   ---------   ---------   ------
  1   -21.48431965806                   -1.27    14.0s
    ‖ρε - ρref‖ = 0.035178161776599944 ‖Δρ‖ = 0.03416144559839016  ‖vε - vref‖ = 0.6912689348650208  α = 0.0103
  2   -21.48433385263       -4.85       -2.40    8.63s
    ‖ρε - ρref‖ = 0.0021441507716004776 ‖Δρ‖ = 0.001650014049618088  ‖vε - vref‖ = 0.692407756093846  α = 0.0569
  3   -21.48433646142       -5.58       -2.81    9.38s
    ‖ρε - ρref‖ = 0.0013107836268158061 ‖Δρ‖ = 0.0005775836343299942  ‖vε - vref‖ = 0.7093912907569604  α = 0.0701
  4   -21.48433780956       -5.87       -2.90    9.03s
    ‖ρε - ρref‖ = 0.0012465419968346562 ‖Δρ‖ = 0.0004690431451041754  ‖vε - vref‖ = 0.7310873690115165  α = 0.0593
  5   -21.48433820945       -6.40       -3.74    9.30s
    ‖ρε - ρref‖ = 0.0011065051603084204 ‖Δρ‖ = 5.1870237019904256e-5  ‖vε - vref‖ = 0.7426035659882809  α = 0.261
  6   -21.48433832885       -6.92       -3.86    9.00s
    ‖ρε - ρref‖ = 0.0011043851838762801 ‖Δρ‖ = 4.924848187433813e-5  ‖vε - vref‖ = 0.7465866839135166  α = 0.158
  7   -21.48433842511       -7.02       -4.08    9.34s
    ‖ρε - ρref‖ = 0.0011016592198510823 ‖Δρ‖ = 2.424436897100486e-5  ‖vε - vref‖ = 0.7479301715365989  α = 0.246
  8   -21.48433847617       -7.29       -4.53    8.97s
    ‖ρε - ρref‖ = 0.0011010447563904906 ‖Δρ‖ = 8.810575013193397e-6  ‖vε - vref‖ = 0.7468229449861975  α = 0.425
  9   -21.48433849959       -7.63       -4.78    9.22s
    ‖ρε - ρref‖ = 0.0011008150006030916 ‖Δρ‖ = 5.094704135304744e-6  ‖vε - vref‖ = 0.7463648621756493  α = 0.482
 10   -21.48433851103       -7.94       -4.86    8.70s
    ‖ρε - ρref‖ = 0.0011008454952932676 ‖Δρ‖ = 3.6969287526621674e-6  ‖vε - vref‖ = 0.746528953907552  α = 0.474
 11   -21.48433851558       -8.34       -4.88    8.96s
    ‖ρε - ρref‖ = 0.0011006325493695937 ‖Δρ‖ = 3.7247722160486145e-6  ‖vε - vref‖ = 0.7465635978933822  α = 0.346

#-- ‖ρε - ρref‖ = 0.0011012184461482149 vs. 4.216965034285822e-6 = δ*ε ‖vε - vref‖ = 0.7463307279079279


# --- ε=0.00031622776601683794

n     Energy            log10(ΔE)   log10(Δρ)   Δtime 
---   ---------------   ---------   ---------   ------
  1   -21.48365114055                   -1.26    13.9s
    ‖ρε - ρref‖ = 0.0351423716350736 ‖Δρ‖ = 0.034378735841367504  ‖vε - vref‖ = 0.6240169484115788  α = 0.00774
  2   -21.48366305999       -4.92       -2.38    8.28s
    ‖ρε - ρref‖ = 0.0020326909292391793 ‖Δρ‖ = 0.0016995588139912424  ‖vε - vref‖ = 0.6090225602484314  α = 0.0442
  3   -21.48366561580       -5.59       -2.76    8.42s
    ‖ρε - ρref‖ = 0.001124980363475067 ‖Δρ‖ = 0.0006392349159886328  ‖vε - vref‖ = 0.6255513574245739  α = 0.055
  4   -21.48366698477       -5.86       -2.84    8.08s
    ‖ρε - ρref‖ = 0.0010552643816887288 ‖Δρ‖ = 0.0005455984602799555  ‖vε - vref‖ = 0.648419308010716  α = 0.0453
  5   -21.48366740454       -6.38       -3.64    8.24s
    ‖ρε - ρref‖ = 0.0008434494396385966 ‖Δρ‖ = 6.503068652549743e-5  ‖vε - vref‖ = 0.6629470021274441  α = 0.198
  6   -21.48366751582       -6.95       -3.77    8.94s
    ‖ρε - ρref‖ = 0.0008400999669060884 ‖Δρ‖ = 5.8817571192570994e-5  ‖vε - vref‖ = 0.6681467132255463  α = 0.116
  7   -21.48366760625       -7.04       -4.01    8.54s
    ‖ρε - ρref‖ = 0.0008361309372719319 ‖Δρ‖ = 2.762332490099318e-5  ‖vε - vref‖ = 0.6712803744232224  α = 0.195
  8   -21.48366765652       -7.30       -4.49    9.04s
    ‖ρε - ρref‖ = 0.0008352064958484145 ‖Δρ‖ = 9.708538846031659e-6  ‖vε - vref‖ = 0.6711615363369204  α = 0.348
  9   -21.48366767897       -7.65       -4.68    9.14s
    ‖ρε - ρref‖ = 0.0008349029098788315 ‖Δρ‖ = 6.189104563016576e-6  ‖vε - vref‖ = 0.6706079887055759  α = 0.379
 10   -21.48366769075       -7.93       -4.74    8.92s
    ‖ρε - ρref‖ = 0.0008349914947953667 ‖Δρ‖ = 4.747681186542535e-6  ‖vε - vref‖ = 0.6705336911607166  α = 0.362
 11   -21.48366769643       -8.25       -4.75    8.62s
    ‖ρε - ρref‖ = 0.0008347009526523359 ‖Δρ‖ = 5.000640366480751e-6  ‖vε - vref‖ = 0.6705270244924394  α = 0.266
 12   -21.48366769848       -8.69       -5.00    8.61s
    ‖ρε - ρref‖ = 0.0008325326165090232 ‖Δρ‖ = 3.746907940558369e-6  ‖vε - vref‖ = 0.6702311964522307  α = 0.201
 13   -21.48366770083       -8.63       -3.88    9.34s
    ‖ρε - ρref‖ = 0.000868046266475016 ‖Δρ‖ = 4.669643357725516e-5  ‖vε - vref‖ = 0.6706987046530039  α = 0.0169
 14   -21.48366770191       -8.96       -5.08    8.25s
    ‖ρε - ρref‖ = 0.0008349950321207457 ‖Δρ‖ = 2.5245700785395266e-6  ‖vε - vref‖ = 0.6707922996499963  α = 0.241
 15   -21.48366770243       -9.29       -4.58    8.50s
    ‖ρε - ρref‖ = 0.0008339693003070894 ‖Δρ‖ = 9.459741335748106e-6  ‖vε - vref‖ = 0.6706210203380728  α = 0.0488
 16   -21.48366770271       -9.54       -4.89    8.55s
    ‖ρε - ρref‖ = 0.0008342685095913407 ‖Δρ‖ = 5.50482271399102e-6  ‖vε - vref‖ = 0.6706002781905561  α = 0.0615
 17   -21.48366770328       -9.25       -5.03    8.44s
    ‖ρε - ρref‖ = 0.0008348998904183201 ‖Δρ‖ = 2.547681538412423e-6  ‖vε - vref‖ = 0.6706097729430234  α = 0.16
 18   -21.48366770359       -9.51       -5.66    8.23s
    ‖ρε - ρref‖ = 0.0008348200078392704 ‖Δρ‖ = 6.43986274526742e-7  ‖vε - vref‖ = 0.6706809877905038  α = 0.413

#-- ‖ρε - ρref‖ = 0.000834789045703114 vs. 3.1622776601683796e-6 = δ*ε ‖vε - vref‖ = 0.6706094776048247


# --- ε=0.00023713737056616554

n     Energy            log10(ΔE)   log10(Δρ)   Δtime 
---   ---------------   ---------   ---------   ------
  1   -21.48314156793                   -1.26    13.2s
    ‖ρε - ρref‖ = 0.034999421505107715 ‖Δρ‖ = 0.03442617361050255  ‖vε - vref‖ = 0.5687637345734117  α = 0.00583
  2   -21.48315138384       -5.01       -2.37    8.21s
    ‖ρε - ρref‖ = 0.0019660002301936405 ‖Δρ‖ = 0.0017386367979023243  ‖vε - vref‖ = 0.534369058985325  α = 0.0342
  3   -21.48315378349       -5.62       -2.72    8.33s
    ‖ρε - ρref‖ = 0.0010126874184864499 ‖Δρ‖ = 0.0006945467610605066  ‖vε - vref‖ = 0.548402920634174  α = 0.0429
  4   -21.48315511465       -5.88       -2.78    8.29s
    ‖ρε - ρref‖ = 0.0009458582453845212 ‖Δρ‖ = 0.0006190865943398389  ‖vε - vref‖ = 0.5708316825158771  α = 0.0346
  5   -21.48315556755       -6.34       -3.55    8.48s
    ‖ρε - ρref‖ = 0.0006455957119111395 ‖Δρ‖ = 7.931804212725198e-5  ‖vε - vref‖ = 0.5882081254882439  α = 0.153
  6   -21.48315567743       -6.96       -3.68    8.51s
    ‖ρε - ρref‖ = 0.0006406284161109378 ‖Δρ‖ = 7.109929025282345e-5  ‖vε - vref‖ = 0.5944328235718799  α = 0.0857
  7   -21.48315576422       -7.06       -3.92    8.47s
    ‖ρε - ρref‖ = 0.0006345335502167234 ‖Δρ‖ = 3.29920194194877e-5  ‖vε - vref‖ = 0.5991742744548154  α = 0.15
  8   -21.48315581448       -7.30       -4.42    8.58s
    ‖ρε - ρref‖ = 0.0006330601341708359 ‖Δρ‖ = 1.0932970913272645e-5  ‖vε - vref‖ = 0.600596622383296  α = 0.284
  9   -21.48315583556       -7.68       -4.56    8.99s
    ‖ρε - ρref‖ = 0.0006326430100120517 ‖Δρ‖ = 7.765554641405867e-6  ‖vε - vref‖ = 0.600348912018871  α = 0.276
 10   -21.48315584606       -7.98       -4.66    8.67s
    ‖ρε - ρref‖ = 0.0006327892354261206 ‖Δρ‖ = 5.744111573358699e-6  ‖vε - vref‖ = 0.6000952590657828  α = 0.269
 11   -21.48315585207       -8.22       -4.70    9.13s
    ‖ρε - ρref‖ = 0.0006324760852275017 ‖Δρ‖ = 5.510451060648186e-6  ‖vε - vref‖ = 0.5998986773172058  α = 0.218
 12   -21.48315585436       -8.64       -4.98    9.17s
    ‖ρε - ρref‖ = 0.000630780694545539 ‖Δρ‖ = 3.323105007042891e-6  ‖vε - vref‖ = 0.5996607143158812  α = 0.212
 13   -21.48315585614       -8.75       -3.77    9.43s
    ‖ρε - ρref‖ = 0.0006774315804873919 ‖Δρ‖ = 6.0644239851926e-5  ‖vε - vref‖ = 0.6001072739989295  α = 0.0105
 14   -21.48315585757       -8.85       -4.99    8.64s
    ‖ρε - ρref‖ = 0.0006326771265619376 ‖Δρ‖ = 2.967730153910763e-6  ‖vε - vref‖ = 0.6002097121230924  α = 0.208
 15   -21.48315585802       -9.35       -4.52    8.78s
    ‖ρε - ρref‖ = 0.0006314483423762964 ‖Δρ‖ = 1.1280310718118615e-5  ‖vε - vref‖ = 0.6000547162962346  α = 0.0347
 16   -21.48315585842       -9.39       -4.87    8.98s
    ‖ρε - ρref‖ = 0.0006319843323607748 ‖Δρ‖ = 5.643680817900167e-6  ‖vε - vref‖ = 0.6000514943561241  α = 0.0617
 17   -21.48315585931       -9.05       -4.83    9.66s
    ‖ρε - ρref‖ = 0.0006327725641834543 ‖Δρ‖ = 4.06543019568855e-6  ‖vε - vref‖ = 0.6001003904424487  α = 0.11
 18   -21.48315585973       -9.37       -5.51    8.66s
    ‖ρε - ρref‖ = 0.0006325351921281485 ‖Δρ‖ = 8.93118395485304e-7  ‖vε - vref‖ = 0.6001972971645708  α = 0.332
 19   -21.48315585987       -9.88       -5.18    8.54s
    ‖ρε - ρref‖ = 0.0006323141519912155 ‖Δρ‖ = 2.4299610613521786e-6  ‖vε - vref‖ = 0.60011093352839  α = 0.0833
 20   -21.48315586002       -9.81       -5.53    8.51s
    ‖ρε - ρref‖ = 0.0006324081644319981 ‖Δρ‖ = 8.646888578334104e-7  ‖vε - vref‖ = 0.5999863151783271  α = 0.22
 21   -21.48315586011      -10.03       -5.47    8.50s
    ‖ρε - ρref‖ = 0.0006326391076566713 ‖Δρ‖ = 9.59729124983494e-7  ‖vε - vref‖ = 0.6001118116433586  α = 0.161

#-- ‖ρε - ρref‖ = 0.000632490190148725 vs. 2.3713737056616556e-6 = δ*ε ‖vε - vref‖ = 0.6000778409654364


# --- ε=0.00017782794100389227

n     Energy            log10(ΔE)   log10(Δρ)   Δtime 
---   ---------------   ---------   ---------   ------
  1   -21.48275395403                   -1.26    12.9s
    ‖ρε - ρref‖ = 0.03494361898356865 ‖Δρ‖ = 0.03451347960774182  ‖vε - vref‖ = 0.5273153529741004  α = 0.00438
  2   -21.48276191800       -5.10       -2.36    8.24s
    ‖ρε - ρref‖ = 0.001927870757197119 ‖Δρ‖ = 0.001770434415145392  ‖vε - vref‖ = 0.4708450247962418  α = 0.0264
  3   -21.48276409066       -5.66       -2.69    8.50s
    ‖ρε - ρref‖ = 0.0009523544901020493 ‖Δρ‖ = 0.0007440959223910066  ‖vε - vref‖ = 0.4798445245260745  α = 0.0333
  4   -21.48276533438       -5.91       -2.74    8.71s
    ‖ρε - ρref‖ = 0.0008959040315496537 ‖Δρ‖ = 0.0006878314682109589  ‖vε - vref‖ = 0.49970606942090345  α = 0.0264
  5   -21.48276581683       -6.32       -3.47    8.91s
    ‖ρε - ρref‖ = 0.0004982453528118834 ‖Δρ‖ = 9.355601271199079e-5  ‖vε - vref‖ = 0.5193650869796267  α = 0.119
  6   -21.48276592725       -6.96       -3.60    8.80s
    ‖ρε - ρref‖ = 0.0004913516929002837 ‖Δρ‖ = 8.431856034728405e-5  ‖vε - vref‖ = 0.5263924922301259  α = 0.0642
  7   -21.48276601115       -7.08       -3.82    8.40s
    ‖ρε - ρref‖ = 0.0004819924761432397 ‖Δρ‖ = 4.020390228353868e-5  ‖vε - vref‖ = 0.5323508722077784  α = 0.112
  8   -21.48276605974       -7.31       -4.33    8.03s
    ‖ρε - ρref‖ = 0.0004795274201324403 ‖Δρ‖ = 1.274387770784766e-5  ‖vε - vref‖ = 0.5354512324072584  α = 0.227
  9   -21.48276608110       -7.67       -4.47    8.73s
    ‖ρε - ρref‖ = 0.00047898092249667686 ‖Δρ‖ = 9.37520644493607e-6  ‖vε - vref‖ = 0.5359497126452755  α = 0.21
 10   -21.48276609142       -7.99       -4.57    8.69s
    ‖ρε - ρref‖ = 0.0004791692468912009 ‖Δρ‖ = 7.124383433228017e-6  ‖vε - vref‖ = 0.5357935579260016  α = 0.2
 11   -21.48276609850       -8.15       -4.64    8.66s
    ‖ρε - ρref‖ = 0.0004788185673327066 ‖Δρ‖ = 6.105812244653799e-6  ‖vε - vref‖ = 0.5354103900542537  α = 0.188
 12   -21.48276610241       -8.41       -4.91    8.21s
    ‖ρε - ρref‖ = 0.0004783126262619095 ‖Δρ‖ = 3.005366623937942e-6  ‖vε - vref‖ = 0.5353624909287282  α = 0.269
 13   -21.48276610270       -9.53       -4.11    8.72s
    ‖ρε - ρref‖ = 0.0005165194406501663 ‖Δρ‖ = 4.287320614624365e-5  ‖vε - vref‖ = 0.5355564987539967  α = 0.00559
 14   -21.48276610457       -8.73       -4.82    8.63s
    ‖ρε - ρref‖ = 0.00047863268836481507 ‖Δρ‖ = 3.901929459203013e-6  ‖vε - vref‖ = 0.5354990910327753  α = 0.159
 15   -21.48276610497       -9.41       -4.88    8.79s
    ‖ρε - ρref‖ = 0.00047824614504995576 ‖Δρ‖ = 5.090616909288704e-6  ‖vε - vref‖ = 0.5353760039657798  α = 0.0623
 16   -21.48276610593       -9.02       -4.64    7.89s
    ‖ρε - ρref‖ = 0.00047866302864170586 ‖Δρ‖ = 7.377166520918832e-6  ‖vε - vref‖ = 0.5355143294328879  α = 0.0574
 17   -21.48276610641       -9.32       -4.55    9.02s
    ‖ρε - ρref‖ = 0.00048022268194349314 ‖Δρ‖ = 1.035626018108499e-5  ‖vε - vref‖ = 0.5355994323500738  α = 0.0321
 18   -21.48276610711       -9.16       -5.34    8.89s
    ‖ρε - ρref‖ = 0.00047876758371320115 ‖Δρ‖ = 1.142879397454592e-6  ‖vε - vref‖ = 0.535660848204495  α = 0.291
 19   -21.48276610727       -9.80       -5.36    7.99s
    ‖ρε - ρref‖ = 0.0004786158549464041 ‖Δρ‖ = 1.5329090617092341e-6  ‖vε - vref‖ = 0.5355382533361205  α = 0.125

#-- ‖ρε - ρref‖ = 0.0004787778941613443 vs. 1.7782794100389227e-6 = δ*ε ‖vε - vref‖ = 0.5354814263093518


# --- ε=0.0001333521432163324

n     Energy            log10(ΔE)   log10(Δρ)   Δtime 
---   ---------------   ---------   ---------   ------
  1   -21.48245967775                   -1.26    14.0s
    ‖ρε - ρref‖ = 0.03490244179467105 ‖Δρ‖ = 0.034579770883885176  ‖vε - vref‖ = 0.499997814841997  α = 0.00329
  2   -21.48246606346       -5.19       -2.36    8.26s
    ‖ρε - ρref‖ = 0.0019068239345311243 ‖Δρ‖ = 0.0017961775048687687  ‖vε - vref‖ = 0.4203086416746335  α = 0.0202
  3   -21.48246797274       -5.72       -2.66    8.39s
    ‖ρε - ρref‖ = 0.0009261273854946336 ‖Δρ‖ = 0.0007884946222603943  ‖vε - vref‖ = 0.42153633747406843  α = 0.0257
  4   -21.48246909319       -5.95       -2.70    7.73s
    ‖ρε - ρref‖ = 0.0008846124698263859 ‖Δρ‖ = 0.000751013397147459  ‖vε - vref‖ = 0.4363083088780307  α = 0.0201
  5   -21.48246958878       -6.30       -3.40    8.71s
    ‖ρε - ρref‖ = 0.0003903515252112141 ‖Δρ‖ = 0.00010737206229740127  ‖vε - vref‖ = 0.45697809748056817  α = 0.0934
  6   -21.48246969967       -6.96       -3.53    8.42s
    ‖ρε - ρref‖ = 0.00038152856484375305 ‖Δρ‖ = 9.824602421800723e-5  ‖vε - vref‖ = 0.46452842085124524  α = 0.0486
  7   -21.48246978184       -7.09       -3.74    7.92s
    ‖ρε - ρref‖ = 0.00036728986180276633 ‖Δρ‖ = 4.858696182045794e-5  ‖vε - vref‖ = 0.47135431148250284  α = 0.0826
  8   -21.48246982729       -7.34       -4.24    8.75s
    ‖ρε - ρref‖ = 0.00036308998187410744 ‖Δρ‖ = 1.5157462354518057e-5  ‖vε - vref‖ = 0.475863937987851  α = 0.174
  9   -21.48246984852       -7.67       -4.38    8.52s
    ‖ρε - ρref‖ = 0.0003623704691111029 ‖Δρ‖ = 1.0971508967382314e-5  ‖vε - vref‖ = 0.47739570182293606  α = 0.163
 10   -21.48246985874       -7.99       -4.48    8.01s
    ‖ρε - ρref‖ = 0.000362591704087831 ‖Δρ‖ = 8.643751572495028e-6  ‖vε - vref‖ = 0.4776622206819329  α = 0.149
 11   -21.48246986643       -8.11       -4.57    8.92s
    ‖ρε - ρref‖ = 0.0003621768985587149 ‖Δρ‖ = 6.81928523732924e-6  ‖vε - vref‖ = 0.47733894000868854  α = 0.157
 12   -21.48246986985       -8.47       -4.81    8.50s
    ‖ρε - ρref‖ = 0.00036363972627634366 ‖Δρ‖ = 4.1540830339457025e-6  ‖vε - vref‖ = 0.4776774562285763  α = 0.169
 13   -21.48246987098       -8.95       -3.65    8.21s
    ‖ρε - ρref‖ = 0.0002983646543605906 ‖Δρ‖ = 8.984857039950097e-5  ‖vε - vref‖ = 0.47732390980552225  α = 0.00451
 14   -21.48246987315       -8.66       -4.75    8.89s
    ‖ρε - ρref‖ = 0.0003619642283053482 ‖Δρ‖ = 4.538123972161138e-6  ‖vε - vref‖ = 0.4770153513523968  α = 0.133
 15   -21.48246987350       -9.45       -4.47    8.12s
    ‖ρε - ρref‖ = 0.0003637971207755536 ‖Δρ‖ = 1.3177101281091511e-5  ‖vε - vref‖ = 0.4771395822469233  α = 0.0203
 16   -21.48246987410       -9.23       -4.76    8.88s
    ‖ρε - ρref‖ = 0.0003627562367272657 ‖Δρ‖ = 6.616285334190959e-6  ‖vε - vref‖ = 0.4771725794069269  α = 0.0495
 17   -21.48246987541       -8.88       -4.57    8.10s
    ‖ρε - ρref‖ = 0.00036165981579239004 ‖Δρ‖ = 7.7038076640965e-6  ‖vε - vref‖ = 0.47727027865122285  α = 0.055
 18   -21.48246987637       -9.02       -5.21    8.61s
    ‖ρε - ρref‖ = 0.0003619766074887701 ‖Δρ‖ = 1.4929105919243356e-6  ‖vε - vref‖ = 0.4771861979189124  α = 0.239
 19   -21.48246987658       -9.69       -4.91    8.88s
    ‖ρε - ρref‖ = 0.00036238264795372856 ‖Δρ‖ = 4.495134081964227e-6  ‖vε - vref‖ = 0.47729638381917167  α = 0.0447
 20   -21.48246987698       -9.40       -5.33    8.16s
    ‖ρε - ρref‖ = 0.0003621862552571283 ‖Δρ‖ = 1.2353829961404527e-6  ‖vε - vref‖ = 0.4775370327537141  α = 0.193
 21   -21.48246987725       -9.56       -5.12    9.04s
    ‖ρε - ρref‖ = 0.00036170794368715545 ‖Δρ‖ = 2.186522005311758e-6  ‖vε - vref‖ = 0.47733505110349195  α = 0.0923
 22   -21.48246987746       -9.68       -5.77    8.16s
    ‖ρε - ρref‖ = 0.0003620504134136314 ‖Δρ‖ = 3.650897025820272e-7  ‖vε - vref‖ = 0.47733644174808704  α = 0.391
 23   -21.48246987753      -10.16       -5.71    9.16s
    ‖ρε - ρref‖ = 0.0003620528249164498 ‖Δρ‖ = 5.135868789280622e-7  ‖vε - vref‖ = 0.47731925391851443  α = 0.201

#-- ‖ρε - ρref‖ = 0.0003620699011906916 vs. 1.3335214321633239e-6 = δ*ε ‖vε - vref‖ = 0.47727035188444394


# --- ε=0.0001

n     Energy            log10(ΔE)   log10(Δρ)   Δtime 
---   ---------------   ---------   ---------   ------
  1   -21.48223671926                   -1.26    13.4s
    ‖ρε - ρref‖ = 0.03488413642609294 ‖Δρ‖ = 0.03464213039580752  ‖vε - vref‖ = 0.4845499436988028  α = 0.00247
  2   -21.48224175637       -5.30       -2.35    7.80s
    ‖ρε - ρref‖ = 0.0018943411718903458 ‖Δρ‖ = 0.0018155926271038953  ‖vε - vref‖ = 0.3830469430268241  α = 0.0154
  3   -21.48224337466       -5.79       -2.64    8.56s
    ‖ρε - ρref‖ = 0.0009161694156979198 ‖Δρ‖ = 0.0008234657353891243  ‖vε - vref‖ = 0.37431419516138476  α = 0.0197
  4   -21.48224435186       -6.01       -2.67    7.86s
    ‖ρε - ρref‖ = 0.0008916895477866612 ‖Δρ‖ = 0.0008037942293327319  ‖vε - vref‖ = 0.3815641721585502  α = 0.0153
  5   -21.48224483702       -6.31       -3.35    8.63s
    ‖ρε - ρref‖ = 0.00031341634353768827 ‖Δρ‖ = 0.00012047837456807306  ‖vε - vref‖ = 0.4012156407210397  α = 0.0727
  6   -21.48224494654       -6.96       -3.47    8.45s
    ‖ρε - ρref‖ = 0.00030334140804252636 ‖Δρ‖ = 0.00011279736334276726  ‖vε - vref‖ = 0.40886222930949845  α = 0.0369
  7   -21.48224502721       -7.09       -3.66    7.89s
    ‖ρε - ρref‖ = 0.00028200110200867596 ‖Δρ‖ = 5.727301311727528e-5  ‖vε - vref‖ = 0.41624535407597923  α = 0.0619
  8   -21.48224506939       -7.37       -4.15    8.87s
    ‖ρε - ρref‖ = 0.0002749905425326507 ‖Δρ‖ = 1.801088206489438e-5  ‖vε - vref‖ = 0.4217916275963663  α = 0.131
  9   -21.48224508931       -7.70       -4.29    8.00s
    ‖ρε - ρref‖ = 0.00027400495318323677 ‖Δρ‖ = 1.275374612562231e-5  ‖vε - vref‖ = 0.42433651759224483  α = 0.125
 10   -21.48224509914       -8.01       -4.41    8.84s
    ‖ρε - ρref‖ = 0.0002742231400278386 ‖Δρ‖ = 1.0051052969095919e-5  ‖vε - vref‖ = 0.4252518922617769  α = 0.113
 11   -21.48224510707       -8.10       -4.52    8.09s
    ‖ρε - ρref‖ = 0.0002737356293647606 ‖Δρ‖ = 7.5806401452577955e-6  ‖vε - vref‖ = 0.4253527370303851  α = 0.127
 12   -21.48224510886       -8.75       -4.69    9.11s
    ‖ρε - ρref‖ = 0.00027821003151835486 ‖Δρ‖ = 7.02104594195557e-6  ‖vε - vref‖ = 0.4257819076518158  α = 0.0641
 13   -21.48224511175       -8.54       -3.51    8.28s
    ‖ρε - ρref‖ = 0.0002412215107049532 ‖Δρ‖ = 8.717835645798303e-5  ‖vε - vref‖ = 0.4254241868769889  α = 0.0066
 14   -21.48224511374       -8.70       -4.64    8.93s
    ‖ρε - ρref‖ = 0.0002730635704905797 ‖Δρ‖ = 6.318225749777152e-6  ‖vε - vref‖ = 0.42496063593516453  α = 0.0822
 15   -21.48224511451       -9.11       -4.14    8.57s
    ‖ρε - ρref‖ = 0.000276695950568981 ‖Δρ‖ = 2.457459057532594e-5  ‖vε - vref‖ = 0.425029466264485  α = 0.0139
 16   -21.48224511488       -9.44       -4.55    8.96s
    ‖ρε - ρref‖ = 0.0002751061465730388 ‖Δρ‖ = 1.1735058985981354e-5  ‖vε - vref‖ = 0.4250087763823541  α = 0.0196
 17   -21.48224511644       -8.81       -4.82    8.17s
    ‖ρε - ρref‖ = 0.0002735830222121573 ‖Δρ‖ = 3.7688641596125947e-6  ‖vε - vref‖ = 0.4250976536228818  α = 0.11
 18   -21.48224511719       -9.13       -5.07    8.32s
    ‖ρε - ρref‖ = 0.00027328039035094106 ‖Δρ‖ = 2.399340871125216e-6  ‖vε - vref‖ = 0.4248357848492116  α = 0.128
 19   -21.48224511775       -9.25       -4.66    8.99s
    ‖ρε - ρref‖ = 0.0002737443854822759 ‖Δρ‖ = 6.4183776583140445e-6  ‖vε - vref‖ = 0.4249027164465314  α = 0.0423
 20   -21.48224511801       -9.58       -5.06    8.15s
    ‖ρε - ρref‖ = 0.00027399763436219954 ‖Δρ‖ = 2.7809999018322362e-6  ‖vε - vref‖ = 0.42518089020791927  α = 0.0703
 21   -21.48224511861       -9.22       -5.31    8.83s
    ‖ρε - ρref‖ = 0.0002734601055086433 ‖Δρ‖ = 1.024756117302595e-6  ‖vε - vref‖ = 0.4251836564124643  α = 0.216
 22   -21.48224511883       -9.66       -5.62    8.28s
    ‖ρε - ρref‖ = 0.00027348021435983293 ‖Δρ‖ = 6.245707249776159e-7  ‖vε - vref‖ = 0.4251176441895591  α = 0.245
 23   -21.48224511896       -9.89       -5.33    8.60s
    ‖ρε - ρref‖ = 0.0002736596777210697 ‖Δρ‖ = 1.3054719894413242e-6  ‖vε - vref‖ = 0.425204514139913  α = 0.0958
 24   -21.48224511901      -10.30       -5.49    8.96s
    ‖ρε - ρref‖ = 0.0002730315921574466 ‖Δρ‖ = 9.481242058261483e-7  ‖vε - vref‖ = 0.4251421944241455  α = 0.0818
 25   -21.48224511905      -10.45       -4.33    8.27s
    ‖ρε - ρref‖ = 0.00028333976942594594 ‖Δρ‖ = 1.5012569845995812e-5  ‖vε - vref‖ = 0.42518634073668954  α = 0.00429
 26   -21.48224511910      -10.30       -5.66    9.16s
    ‖ρε - ρref‖ = 0.0002734929257044712 ‖Δρ‖ = 5.965650270686202e-7  ‖vε - vref‖ = 0.42515091820555345  α = 0.133
 27   -21.48224511911      -10.92       -5.35    8.56s
    ‖ρε - ρref‖ = 0.0002733810487540029 ‖Δρ‖ = 1.6404097794825737e-6  ‖vε - vref‖ = 0.42512684572404563  α = 0.0259
 28   -21.48224511914      -10.52       -5.19    8.46s
    ‖ρε - ρref‖ = 0.0002735336227349651 ‖Δρ‖ = 1.8062825924296612e-6  ‖vε - vref‖ = 0.42515228113529324  α = 0.0342
 29   -21.48224511915      -10.95       -5.26    9.04s
    ‖ρε - ρref‖ = 0.0002738641729002248 ‖Δρ‖ = 2.1362798244059438e-6  ‖vε - vref‖ = 0.4251666402645217  α = 0.0184
 30   -21.48224511918      -10.51       -6.05    8.36s
    ‖ρε - ρref‖ = 0.00027351249040684096 ‖Δρ‖ = 2.0123581745462086e-7  ‖vε - vref‖ = 0.42516224187093155  α = 0.26
 31   -21.48224511919      -11.12       -5.78    8.55s
    ‖ρε - ρref‖ = 0.0002734771892538273 ‖Δρ‖ = 5.11695466895537e-7  ‖vε - vref‖ = 0.42513579885114466  α = 0.0642

#-- ‖ρε - ρref‖ = 0.0002735176534097935 vs. 1.0000000000000002e-6 = δ*ε ‖vε - vref‖ = 0.42513713220649413


# --- ε=7.498942093324559e-5

n     Energy            log10(ΔE)   log10(Δρ)   Δtime 
---   ---------------   ---------   ---------   ------
  1   -21.48206802417                   -1.26    13.1s
    ‖ρε - ρref‖ = 0.03484961386800481 ‖Δρ‖ = 0.034668124554107144  ‖vε - vref‖ = 0.4791790172086289  α = 0.00186
  2   -21.48207196563       -5.40       -2.35    8.58s
    ‖ρε - ρref‖ = 0.0018877546148090803 ‖Δρ‖ = 0.0018310616886585993  ‖vε - vref‖ = 0.3587200290226388  α = 0.0118
  3   -21.48207330902       -5.87       -2.62    7.84s
    ‖ρε - ρref‖ = 0.0009174026371876944 ‖Δρ‖ = 0.000853828858067982  ‖vε - vref‖ = 0.3384954982025646  α = 0.0151
  4   -21.48207413752       -6.08       -2.65    8.29s
    ‖ρε - ρref‖ = 0.0009091932306991659 ‖Δρ‖ = 0.0008500461443038793  ‖vε - vref‖ = 0.33581444306107394  α = 0.0116
  5   -21.48207459291       -6.34       -3.31    8.72s
    ‖ρε - ρref‖ = 0.0002606295298743702 ‖Δρ‖ = 0.00013211903281251896  ‖vε - vref‖ = 0.35214762842477615  α = 0.0565
  6   -21.48207469735       -6.98       -3.42    8.07s
    ‖ρε - ρref‖ = 0.0002501103175675092 ‖Δρ‖ = 0.0001261345865399845  ‖vε - vref‖ = 0.3592918266506244  α = 0.0281
  7   -21.48207477528       -7.11       -3.59    8.74s
    ‖ρε - ρref‖ = 0.0002199354583697181 ‖Δρ‖ = 6.62777482898663e-5  ‖vε - vref‖ = 0.3667681939873951  α = 0.0464
  8   -21.48207481483       -7.40       -4.08    8.04s
    ‖ρε - ρref‖ = 0.00020858033969453418 ‖Δρ‖ = 2.1122115363588415e-5  ‖vε - vref‖ = 0.3730079469441496  α = 0.0976
  9   -21.48207483293       -7.74       -4.21    8.39s
    ‖ρε - ρref‖ = 0.00020719388736316653 ‖Δρ‖ = 1.4784977634703665e-5  ‖vε - vref‖ = 0.37632431880067113  α = 0.0935
 10   -21.48207484184       -8.05       -4.35    8.93s
    ‖ρε - ρref‖ = 0.00020734792219882556 ‖Δρ‖ = 1.1433499952838574e-5  ‖vε - vref‖ = 0.37790233507041976  α = 0.085
 11   -21.48207484943       -8.12       -4.46    8.14s
    ‖ρε - ρref‖ = 0.0002067587008493346 ‖Δρ‖ = 8.331127643483501e-6  ‖vε - vref‖ = 0.37869735919662245  α = 0.102
 12   -21.48207485047       -8.98       -4.59    9.21s
    ‖ρε - ρref‖ = 0.00021459470797231372 ‖Δρ‖ = 1.0533012099621176e-5  ‖vε - vref‖ = 0.3791356911600176  α = 0.0284
 13   -21.48207485407       -8.44       -3.59    8.14s
    ‖ρε - ρref‖ = 0.00019355499969762036 ‖Δρ‖ = 6.672571645539532e-5  ‖vε - vref‖ = 0.37914453333952536  α = 0.00863
 14   -21.48207485591       -8.74       -4.53    8.34s
    ‖ρε - ρref‖ = 0.00020568386011653294 ‖Δρ‖ = 8.637013535290051e-6  ‖vε - vref‖ = 0.3787416277461165  α = 0.0511
 15   -21.48207485714       -8.91       -4.01    9.26s
    ‖ρε - ρref‖ = 0.0002103303184071322 ‖Δρ‖ = 3.0206702171313283e-5  ‖vε - vref‖ = 0.37878033424631535  α = 0.0122
 16   -21.48207485760       -9.33       -4.34    8.25s
    ‖ρε - ρref‖ = 0.00020935555930323056 ‖Δρ‖ = 1.862882544723966e-5  ‖vε - vref‖ = 0.37873063092237613  α = 0.0121
 17   -21.48207485922       -8.79       -4.82    8.10s
    ‖ρε - ρref‖ = 0.00020662428585144015 ‖Δρ‖ = 3.6636984618562067e-6  ‖vε - vref‖ = 0.37876340113362233  α = 0.106
 18   -21.48207485982       -9.22       -4.92    8.45s
    ‖ρε - ρref‖ = 0.00020602631579095225 ‖Δρ‖ = 3.7271681108698273e-6  ‖vε - vref‖ = 0.37840757284118054  α = 0.0679
 19   -21.48207486061       -9.10       -4.64    9.00s
    ‖ρε - ρref‖ = 0.00020635357288117912 ‖Δρ‖ = 6.078680552717042e-6  ‖vε - vref‖ = 0.3782443886637557  α = 0.0455
 20   -21.48207486099       -9.43       -4.83    8.14s
    ‖ρε - ρref‖ = 0.00020724213397057523 ‖Δρ‖ = 4.562712667288943e-6  ‖vε - vref‖ = 0.37850031919778754  α = 0.0442
 21   -21.48207486168       -9.16       -5.35    8.55s
    ‖ρε - ρref‖ = 0.00020644046757570478 ‖Δρ‖ = 8.965766199829886e-7  ‖vε - vref‖ = 0.37858930472807045  α = 0.242
 22   -21.48207486186       -9.76       -5.40    8.95s
    ‖ρε - ρref‖ = 0.00020632150297952146 ‖Δρ‖ = 1.2279556844536864e-6  ‖vε - vref‖ = 0.3785055071460111  α = 0.108
 23   -21.48207486208       -9.65       -5.27    8.49s
    ‖ρε - ρref‖ = 0.00020654258216479048 ‖Δρ‖ = 1.2510467481158376e-6  ‖vε - vref‖ = 0.37863347736495795  α = 0.112
 24   -21.48207486216      -10.07       -5.33    8.16s
    ‖ρε - ρref‖ = 0.00020589825278143843 ‖Δρ‖ = 1.3247915537185024e-6  ‖vε - vref‖ = 0.37861094839825676  α = 0.0677
 25   -21.48207486220      -10.39       -4.22    8.50s
    ‖ρε - ρref‖ = 0.0002220898792857357 ‖Δρ‖ = 2.1273192735741417e-5  ‖vε - vref‖ = 0.378687663237453  α = 0.00282
 26   -21.48207486228      -10.11       -5.40    8.85s
    ‖ρε - ρref‖ = 0.00020639563907815292 ‖Δρ‖ = 1.0266316360403135e-6  ‖vε - vref‖ = 0.3786541553556902  α = 0.0866
 27   -21.48207486230      -10.84       -5.24    8.38s
    ‖ρε - ρref‖ = 0.00020621965630292642 ‖Δρ‖ = 2.1857464561744118e-6  ‖vε - vref‖ = 0.3786236808447299  α = 0.0186
 28   -21.48207486234      -10.32       -5.14    8.31s
    ‖ρε - ρref‖ = 0.0002063653509849505 ‖Δρ‖ = 2.0217594382091366e-6  ‖vε - vref‖ = 0.37863736248392477  α = 0.0338
 29   -21.48207486238      -10.49       -4.94    8.48s
    ‖ρε - ρref‖ = 0.0002069798072552265 ‖Δρ‖ = 3.6456574831466817e-6  ‖vε - vref‖ = 0.3786542205141405  α = 0.0155
 30   -21.48207486241      -10.52       -5.82    8.95s
    ‖ρε - ρref‖ = 0.00020645925093866775 ‖Δρ‖ = 3.9514446064878516e-7  ‖vε - vref‖ = 0.37868808981035973  α = 0.139
 31   -21.48207486243      -10.60       -5.59    8.44s
    ‖ρε - ρref‖ = 0.00020637250593443686 ‖Δρ‖ = 7.128019655171714e-7  ‖vε - vref‖ = 0.37862957128051694  α = 0.0676

#-- ‖ρε - ρref‖ = 0.00020644462342959432 vs. 7.498942093324558e-7 = δ*ε ‖vε - vref‖ = 0.37861378975867116


# --- ε=5.623413251903491e-5

n     Energy            log10(ΔE)   log10(Δρ)   Δtime 
---   ---------------   ---------   ---------   ------
  1   -21.48194058114                   -1.26    13.4s
    ‖ρε - ρref‖ = 0.034833041626295115 ‖Δρ‖ = 0.03469694566256135  ‖vε - vref‖ = 0.4805564930727426  α = 0.00139
  2   -21.48194363966       -5.51       -2.35    8.07s
    ‖ρε - ρref‖ = 0.0018843187648188576 ‖Δρ‖ = 0.0018431222979937779  ‖vε - vref‖ = 0.3451346763617744  α = 0.00894
  3   -21.48194473274       -5.96       -2.61    8.03s
    ‖ρε - ρref‖ = 0.0009232240653549897 ‖Δρ‖ = 0.0008788269249082908  ‖vε - vref‖ = 0.3132007652037947  α = 0.0115
  4   -21.48194541888       -6.16       -2.63    8.84s
    ‖ρε - ρref‖ = 0.0009296686383684963 ‖Δρ‖ = 0.0008889244150420822  ‖vε - vref‖ = 0.2989440042004747  α = 0.00876
  5   -21.48194582944       -6.39       -3.27    7.89s
    ‖ρε - ρref‖ = 0.00022632945707530262 ‖Δρ‖ = 0.00014236879838885457  ‖vε - vref‖ = 0.30942715160932277  α = 0.0436
  6   -21.48194592575       -7.02       -3.37    8.32s
    ‖ρε - ρref‖ = 0.00021661944769110067 ‖Δρ‖ = 0.00013844527712226297  ‖vε - vref‖ = 0.31537363476876684  α = 0.0215
  7   -21.48194599931       -7.13       -3.54    8.73s
    ‖ρε - ρref‖ = 0.0001763676521120964 ‖Δρ‖ = 7.491893352676863e-5  ‖vε - vref‖ = 0.32241402919963386  α = 0.035
  8   -21.48194603660       -7.43       -4.01    8.29s
    ‖ρε - ρref‖ = 0.000158838898409761 ‖Δρ‖ = 2.4351494426340287e-5  ‖vε - vref‖ = 0.32902341560490267  α = 0.0734
  9   -21.48194605303       -7.78       -4.14    8.14s
    ‖ρε - ρref‖ = 0.00015687600276562166 ‖Δρ‖ = 1.7070931258019244e-5  ‖vε - vref‖ = 0.3328429339051653  α = 0.0694
 10   -21.48194606079       -8.11       -4.28    8.41s
    ‖ρε - ρref‖ = 0.00015686613061121463 ‖Δρ‖ = 1.2922680028840643e-5  ‖vε - vref‖ = 0.33491797944071744  α = 0.063
 11   -21.48194606744       -8.18       -4.41    8.89s
    ‖ρε - ρref‖ = 0.0001561178690354309 ‖Δρ‖ = 9.10399869179732e-6  ‖vε - vref‖ = 0.3364200270168641  α = 0.0792
 12   -21.48194606808       -9.19       -4.51    8.50s
    ‖ρε - ρref‖ = 0.00016726017047797488 ‖Δρ‖ = 1.4100651330330967e-5  ‖vε - vref‖ = 0.3368460927074173  α = 0.0144
 13   -21.48194607168       -8.44       -3.68    8.20s
    ‖ρε - ρref‖ = 0.00015122579203872367 ‖Δρ‖ = 5.232448803916562e-5  ‖vε - vref‖ = 0.33746148422378186  α = 0.00987
 14   -21.48194607332       -8.78       -4.45    8.45s
    ‖ρε - ρref‖ = 0.00015474434819811423 ‖Δρ‖ = 1.094491777023507e-5  ‖vε - vref‖ = 0.33729050521291526  α = 0.0334
 15   -21.48194607484       -8.82       -3.95    8.92s
    ‖ρε - ρref‖ = 0.0001603380738254082 ‖Δρ‖ = 3.335394970296349e-5  ‖vε - vref‖ = 0.3374682766048353  α = 0.0106
 16   -21.48194607546       -9.21       -4.18    8.44s
    ‖ρε - ρref‖ = 0.00016050958640554823 ‖Δρ‖ = 2.568113704083392e-5  ‖vε - vref‖ = 0.3374537705017603  α = 0.00874
 17   -21.48194607711       -8.78       -4.77    8.22s
    ‖ρε - ρref‖ = 0.00015598135470319124 ‖Δρ‖ = 4.145040337294712e-6  ‖vε - vref‖ = 0.33758105470521893  α = 0.0852
 18   -21.48194607763       -9.28       -4.78    8.55s
    ‖ρε - ρref‖ = 0.0001551183062391265 ‖Δρ‖ = 5.288266803894784e-6  ‖vε - vref‖ = 0.3372142003246674  α = 0.0399
 19   -21.48194607848       -9.07       -4.63    8.14s
    ‖ρε - ρref‖ = 0.00015539192892430136 ‖Δρ‖ = 6.074896156168923e-6  ‖vε - vref‖ = 0.3368472079707862  α = 0.042
 20   -21.48194607903       -9.26       -4.69    9.22s
    ‖ρε - ρref‖ = 0.0001566658115289337 ‖Δρ‖ = 5.860997825850049e-6  ‖vε - vref‖ = 0.3370042469890525  α = 0.0359
 21   -21.48194607982       -9.10       -5.30    8.44s
    ‖ρε - ρref‖ = 0.00015570677388990903 ‖Δρ‖ = 9.871634853677341e-7  ‖vε - vref‖ = 0.33696738515930197  α = 0.213
 22   -21.48194608001       -9.72       -5.17    8.16s
    ‖ρε - ρref‖ = 0.0001554472498367548 ‖Δρ‖ = 2.14855468746949e-6  ‖vε - vref‖ = 0.3368275445131127  α = 0.0578
 23   -21.48194608027       -9.59       -5.24    8.38s
    ‖ρε - ρref‖ = 0.0001557400730476715 ‖Δρ‖ = 1.2811388267284559e-6  ‖vε - vref‖ = 0.3369113295257609  α = 0.107
 24   -21.48194608041       -9.83       -5.20    8.22s
    ‖ρε - ρref‖ = 0.00015540082118340481 ‖Δρ‖ = 1.6193538232272344e-6  ‖vε - vref‖ = 0.3369657883998372  α = 0.0656
 25   -21.48194608043      -10.75       -4.41    9.17s
    ‖ρε - ρref‖ = 0.00017181121242254032 ‖Δρ‖ = 1.8960137358881374e-5  ‖vε - vref‖ = 0.33702206059962275  α = 0.00178
 26   -21.48194608055       -9.92       -5.21    8.40s
    ‖ρε - ρref‖ = 0.00015559521307801223 ‖Δρ‖ = 1.4952776596889017e-6  ‖vε - vref‖ = 0.3370253367280863  α = 0.0651
 27   -21.48194608057      -10.71       -5.12    8.14s
    ‖ρε - ρref‖ = 0.00015535616383586712 ‖Δρ‖ = 2.88089612483337e-6  ‖vε - vref‖ = 0.33699606004930827  α = 0.0142
 28   -21.48194608063      -10.20       -5.02    8.47s
    ‖ρε - ρref‖ = 0.0001555368934812183 ‖Δρ‖ = 2.7099014400149288e-6  ‖vε - vref‖ = 0.3370307690976273  α = 0.0256
 29   -21.48194608070      -10.19       -4.74    8.50s
    ‖ρε - ρref‖ = 0.00015634438128296 ‖Δρ‖ = 5.083337335101071e-6  ‖vε - vref‖ = 0.33706968027092743  α = 0.0136
 30   -21.48194608073      -10.47       -5.50    8.26s
    ‖ρε - ρref‖ = 0.00015573671860004382 ‖Δρ‖ = 8.334591614243236e-7  ‖vε - vref‖ = 0.33713863383026066  α = 0.065
 31   -21.48194608077      -10.49       -5.57    9.27s
    ‖ρε - ρref‖ = 0.00015560598867912824 ‖Δρ‖ = 7.932194462189956e-7  ‖vε - vref‖ = 0.337089091687162  α = 0.0629
 32   -21.48194608081      -10.34       -5.14    8.45s
    ‖ρε - ρref‖ = 0.00015560020767463862 ‖Δρ‖ = 1.730871598530672e-6  ‖vε - vref‖ = 0.3370521651306082  α = 0.0324
 33   -21.48194608082      -10.91       -5.63    8.45s
    ‖ρε - ρref‖ = 0.00015582778183815215 ‖Δρ‖ = 7.2787064703538e-7  ‖vε - vref‖ = 0.33712126939965803  α = 0.0444
 34   -21.48194608085      -10.65       -5.81    8.13s
    ‖ρε - ρref‖ = 0.00015568072354298573 ‖Δρ‖ = 3.6369435417896616e-7  ‖vε - vref‖ = 0.337145927009715  α = 0.11
 35   -21.48194608086      -10.78       -5.83    8.52s
    ‖ρε - ρref‖ = 0.00015564217534973974 ‖Δρ‖ = 3.384397168336854e-7  ‖vε - vref‖ = 0.33708301102757815  α = 0.102

#-- ‖ρε - ρref‖ = 0.0001556723607021338 vs. 5.62341325190349e-7 = δ*ε ‖vε - vref‖ = 0.33709554900739613


# --- ε=4.216965034285822e-5

n     Energy            log10(ΔE)   log10(Δρ)   Δtime 
---   ---------------   ---------   ---------   ------
  1   -21.48184442952                   -1.26    13.3s
    ‖ρε - ρref‖ = 0.034814958113347505 ‖Δρ‖ = 0.03471290542971886  ‖vε - vref‖ = 0.48562581053603615  α = 0.00105
  2   -21.48184678394       -5.63       -2.34    8.10s
    ‖ρε - ρref‖ = 0.0018823477909542627 ‖Δρ‖ = 0.0018521990301446172  ‖vε - vref‖ = 0.3392819233605028  α = 0.00677
  3   -21.48184765706       -6.06       -2.60    8.11s
    ‖ρε - ρref‖ = 0.0009298397441012518 ‖Δρ‖ = 0.0008983345365340483  ‖vε - vref‖ = 0.2966542885862444  α = 0.00871
  4   -21.48184821387       -6.25       -2.61    8.16s
    ‖ρε - ρref‖ = 0.0009488607665051737 ‖Δρ‖ = 0.0009202017624104354  ‖vε - vref‖ = 0.2702168227048403  α = 0.00663
  5   -21.48184857097       -6.45       -3.25    8.31s
    ‖ρε - ρref‖ = 0.0002053897432217613 ‖Δρ‖ = 0.00015107832154040768  ‖vε - vref‖ = 0.2725320555780953  α = 0.0335
  6   -21.48184865685       -7.07       -3.34    8.10s
    ‖ρε - ρref‖ = 0.00019773784457183483 ‖Δρ‖ = 0.00014946418785783975  ‖vε - vref‖ = 0.27653515322395134  α = 0.0164
  7   -21.48184872426       -7.17       -3.49    9.09s
    ‖ρε - ρref‖ = 0.0001474711410954656 ‖Δρ‖ = 8.283783014276618e-5  ‖vε - vref‖ = 0.282507917664874  α = 0.0265
  8   -21.48184875924       -7.46       -3.95    8.39s
    ‖ρε - ρref‖ = 0.00012197040325861946 ‖Δρ‖ = 2.7514918837458147e-5  ‖vε - vref‖ = 0.28913053322064214  α = 0.0556
  9   -21.48184877430       -7.82       -4.08    8.51s
    ‖ρε - ρref‖ = 0.00011923384012332819 ‖Δρ‖ = 1.9501438541547594e-5  ‖vε - vref‖ = 0.2932396870728629  α = 0.0516
 10   -21.48184878107       -8.17       -4.22    8.20s
    ‖ρε - ρref‖ = 0.00011893014646327911 ‖Δρ‖ = 1.4572750717437783e-5  ‖vε - vref‖ = 0.2956458096104063  α = 0.0464
 11   -21.48184878664       -8.25       -4.35    8.60s
    ‖ρε - ρref‖ = 0.00011792136486592182 ‖Δρ‖ = 1.0028442203426511e-5  ‖vε - vref‖ = 0.2976793260167679  α = 0.0595
 12   -21.48184878705       -9.39       -4.45    8.45s
    ‖ρε - ρref‖ = 0.0001319346506472299 ‖Δρ‖ = 1.730362610070691e-5  ‖vε - vref‖ = 0.29807543269747394  α = 0.00812
 13   -21.48184879014       -8.51       -3.75    8.15s
    ‖ρε - ρref‖ = 0.00011702034833450974 ‖Δρ‖ = 4.345261178530428e-5  ‖vε - vref‖ = 0.2993006007199691  α = 0.00995
 14   -21.48184879150       -8.87       -4.39    9.31s
    ‖ρε - ρref‖ = 0.00011640580412411858 ‖Δρ‖ = 1.2737035083748214e-5  ‖vε - vref‖ = 0.299435505357469  α = 0.0229
 15   -21.48184879304       -8.81       -3.92    8.35s
    ‖ρε - ρref‖ = 0.0001230232037708905 ‖Δρ‖ = 3.4914811254357506e-5  ‖vε - vref‖ = 0.2999327573109208  α = 0.00889
 16   -21.48184879377       -9.14       -4.07    8.48s
    ‖ρε - ρref‖ = 0.00012455019502476643 ‖Δρ‖ = 3.134219472858251e-5  ‖vε - vref‖ = 0.30006855256813303  α = 0.00673
 17   -21.48184879540       -8.79       -4.71    8.39s
    ‖ρε - ρref‖ = 0.00011774000195794194 ‖Δρ‖ = 4.686046793709766e-6  ‖vε - vref‖ = 0.3005221701114759  α = 0.0663
 18   -21.48184879590       -9.30       -4.67    8.40s
    ‖ρε - ρref‖ = 0.0001166730786678611 ‖Δρ‖ = 6.932084376918125e-6  ‖vε - vref‖ = 0.30023464902222113  α = 0.0259
 19   -21.48184879672       -9.09       -4.60    8.65s
    ‖ρε - ρref‖ = 0.00011690740721262392 ‖Δρ‖ = 6.503735367016291e-6  ‖vε - vref‖ = 0.29986437677021455  α = 0.0344
 20   -21.48184879741       -9.16       -4.59    8.52s
    ‖ρε - ρref‖ = 0.00011840449063731707 ‖Δρ‖ = 6.750016147740719e-6  ‖vε - vref‖ = 0.2999595292939164  α = 0.0304
 21   -21.48184879821       -9.10       -5.24    8.49s
    ‖ρε - ρref‖ = 0.00011736038254136297 ‖Δρ‖ = 1.1542088985908252e-6  ‖vε - vref‖ = 0.29975493836897427  α = 0.169
 22   -21.48184879845       -9.64       -4.99    8.22s
    ‖ρε - ρref‖ = 0.00011697766958195966 ‖Δρ‖ = 3.1225269442456333e-6  ‖vε - vref‖ = 0.2995096695591834  α = 0.0383
 23   -21.48184879870       -9.59       -5.17    8.78s
    ‖ρε - ρref‖ = 0.00011734141953874664 ‖Δρ‖ = 1.4803289501665203e-6  ‖vε - vref‖ = 0.2994455243421635  α = 0.084
 24   -21.48184879888       -9.76       -5.10    9.68s
    ‖ρε - ρref‖ = 0.00011760825894198509 ‖Δρ‖ = 1.9627182688673233e-6  ‖vε - vref‖ = 0.2995130404661604  α = 0.052
 25   -21.48184879889      -11.00       -4.65    8.50s
    ‖ρε - ρref‖ = 0.00010747340592880898 ‖Δρ‖ = 1.2037400993050415e-5  ‖vε - vref‖ = 0.299478967171755  α = 0.00181
 26   -21.48184879903       -9.84       -4.97    8.44s
    ‖ρε - ρref‖ = 0.00011750170217117354 ‖Δρ‖ = 2.4903749800955692e-6  ‖vε - vref‖ = 0.299483542543185  α = 0.0376
 27   -21.48184879906      -10.54       -5.15    8.54s
    ‖ρε - ρref‖ = 0.00011693669933740615 ‖Δρ‖ = 2.582162987032867e-6  ‖vε - vref‖ = 0.2994504756981876  α = 0.0167
 28   -21.48184879913      -10.13       -4.84    8.35s
    ‖ρε - ρref‖ = 0.00011727196249937002 ‖Δρ‖ = 4.068873295745882e-6  ‖vε - vref‖ = 0.2995049409617811  α = 0.0163
 29   -21.48184879921      -10.11       -4.56    8.48s
    ‖ρε - ρref‖ = 0.00011822932876036669 ‖Δρ‖ = 7.615990039989222e-6  ‖vε - vref‖ = 0.2995392655503977  α = 0.00877
 30   -21.48184879926      -10.34       -5.25    8.64s
    ‖ρε - ρref‖ = 0.0001174210637522347 ‖Δρ‖ = 1.4365494744600761e-6  ‖vε - vref‖ = 0.2996472633138186  α = 0.0386
 31   -21.48184879929      -10.55       -5.49    8.64s
    ‖ρε - ρref‖ = 0.00011721352909282038 ‖Δρ‖ = 1.0089522827779527e-6  ‖vε - vref‖ = 0.29962288232089473  α = 0.0422
 32   -21.48184879936      -10.14       -5.14    8.91s
    ‖ρε - ρref‖ = 0.00011717513877653845 ‖Δρ‖ = 1.6050082983462301e-6  ‖vε - vref‖ = 0.2996118093708675  α = 0.0378
 33   -21.48184879938      -10.66       -5.32    9.07s
    ‖ρε - ρref‖ = 0.00011757821747681422 ‖Δρ‖ = 1.4098913200331214e-6  ‖vε - vref‖ = 0.29971213161333016  α = 0.0268
 34   -21.48184879941      -10.51       -5.73    9.38s
    ‖ρε - ρref‖ = 0.00011732708556101954 ‖Δρ‖ = 4.407564603759479e-7  ‖vε - vref‖ = 0.2997961316130578  α = 0.096
 35   -21.48184879944      -10.62       -5.72    9.02s
    ‖ρε - ρref‖ = 0.00011725076746203886 ‖Δρ‖ = 4.4240501003353563e-7  ‖vε - vref‖ = 0.29973408086706715  α = 0.0835
 36   -21.48184879945      -10.75       -5.70    8.82s
    ‖ρε - ρref‖ = 0.00011728187977946188 ‖Δρ‖ = 4.7122326958895996e-7  ‖vε - vref‖ = 0.2997283790325023  α = 0.067
 37   -21.48184879946      -11.98       -5.14    9.09s
    ‖ρε - ρref‖ = 0.0001205774517568382 ‖Δρ‖ = 3.8551272479548806e-6  ‖vε - vref‖ = 0.29973937699459374  α = 0.00184
 38   -21.48184879946      -11.03       -5.39    9.27s
    ‖ρε - ρref‖ = 0.00011716625211221063 ‖Δρ‖ = 1.0741954074994337e-6  ‖vε - vref‖ = 0.29972436089436755  α = 0.0226
 39   -21.48184879947      -11.15       -6.03    9.27s
    ‖ρε - ρref‖ = 0.00011731743529792875 ‖Δρ‖ = 2.5190745919882656e-7  ‖vε - vref‖ = 0.29972620473020495  α = 0.0818
 40   -21.48184879947      -11.53       -5.15    9.33s
    ‖ρε - ρref‖ = 0.00011712475284555438 ‖Δρ‖ = 2.426825036055985e-6  ‖vε - vref‖ = 0.2997119706330776  α = 0.0057
 41   -21.48184879948      -11.69       -5.54    10.4s
    ‖ρε - ρref‖ = 0.00011721876971298217 ‖Δρ‖ = 1.0289965882143333e-6  ‖vε - vref‖ = 0.29971253183001706  α = 0.0109
 42   -21.48184879948      -11.33       -5.63    9.34s
    ‖ρε - ρref‖ = 0.00011738166740811412 ‖Δρ‖ = 6.758764965084667e-7  ‖vε - vref‖ = 0.2997183196761166  α = 0.0247
 43   -21.48184879949      -11.14       -5.97    9.17s
    ‖ρε - ρref‖ = 0.00011729507205305655 ‖Δρ‖ = 2.3344672043208106e-7  ‖vε - vref‖ = 0.2997037954539076  α = 0.083
 44   -21.48184879949      -12.00       -5.84    9.10s
    ‖ρε - ρref‖ = 0.00011726007195388703 ‖Δρ‖ = 5.066230691023801e-7  ‖vε - vref‖ = 0.29969384566719937  α = 0.016
 45   -21.48184879949      -11.56       -6.08    9.62s
    ‖ρε - ρref‖ = 0.00011728678782699822 ‖Δρ‖ = 1.9528864203188912e-7  ‖vε - vref‖ = 0.29967768564392927  α = 0.066
 46   -21.48184879949      -11.66       -5.94    9.23s
    ‖ρε - ρref‖ = 0.00011735473802898408 ‖Δρ‖ = 2.823949412850988e-7  ‖vε - vref‖ = 0.29970342479789014  α = 0.0407

#-- ‖ρε - ρref‖ = 0.00011730154186562153 vs. 4.2169650342858225e-7 = δ*ε ‖vε - vref‖ = 0.29969577153438054


# --- ε=3.1622776601683795e-5

n     Energy            log10(ΔE)   log10(Δρ)   Δtime 
---   ---------------   ---------   ---------   ------
  1   -21.48177195729                   -1.26    13.4s
    ‖ρε - ρref‖ = 0.03481167696412267 ‖Δρ‖ = 0.03473515329418705  ‖vε - vref‖ = 0.4926182255209863  α = 0.000785
  2   -21.48177376081       -5.74       -2.34    8.27s
    ‖ρε - ρref‖ = 0.0018815559086539002 ‖Δρ‖ = 0.0018593592806797285  ‖vε - vref‖ = 0.33859160432088004  α = 0.00511
  3   -21.48177444959       -6.16       -2.59    8.52s
    ‖ρε - ρref‖ = 0.0009370545442137611 ‖Δρ‖ = 0.0009144115031576381  ‖vε - vref‖ = 0.2868337190327408  α = 0.0066
  4   -21.48177489405       -6.35       -2.60    8.57s
    ‖ρε - ρref‖ = 0.0009663861039143142 ‖Δρ‖ = 0.0009459126118170269  ‖vε - vref‖ = 0.24859230582265868  α = 0.005
  5   -21.48177519579       -6.52       -3.22    8.92s
    ‖ρε - ρref‖ = 0.00019342823545976827 ‖Δρ‖ = 0.00015825729920481639  ‖vε - vref‖ = 0.24091633278003047  α = 0.0257
  6   -21.48177527008       -7.13       -3.31    9.12s
    ‖ρε - ρref‖ = 0.00018851541087186585 ‖Δρ‖ = 0.0001588645707849872  ‖vε - vref‖ = 0.24224452727616902  α = 0.0124
  7   -21.48177533004       -7.22       -3.46    10.5s
    ‖ρε - ρref‖ = 0.0001299468200214591 ‖Δρ‖ = 9.00306330932003e-5  ‖vε - vref‖ = 0.24644662518668922  α = 0.0201
  8   -21.48177536235       -7.49       -3.90    8.76s
    ‖ρε - ρref‖ = 9.512872085229176e-5 ‖Δρ‖ = 3.052505020735994e-5  ‖vε - vref‖ = 0.25263490723989146  α = 0.0423
  9   -21.48177537623       -7.86       -4.03    8.88s
    ‖ρε - ρref‖ = 9.142390529211755e-5 ‖Δρ‖ = 2.201893246639817e-5  ‖vε - vref‖ = 0.25683535245507955  α = 0.0387
 10   -21.48177538228       -8.22       -4.17    9.05s
    ‖ρε - ρref‖ = 9.064628754410582e-5 ‖Δρ‖ = 1.6421179738967593e-5  ‖vε - vref‖ = 0.25945864051962975  α = 0.0343
 11   -21.48177538701       -8.33       -4.30    9.15s
    ‖ρε - ρref‖ = 8.923654260693627e-5 ‖Δρ‖ = 1.1144688475424764e-5  ‖vε - vref‖ = 0.2618554753146595  α = 0.0441
 12   -21.48177538730       -9.54       -4.39    9.29s
    ‖ρε - ρref‖ = 0.00010551984575306264 ‖Δρ‖ = 1.9995787017480206e-5  ‖vε - vref‖ = 0.2622274841811376  α = 0.00508
 13   -21.48177538980       -8.60       -3.77    8.71s
    ‖ρε - ρref‖ = 9.09098832616727e-5 ‖Δρ‖ = 3.974431901797309e-5  ‖vε - vref‖ = 0.2638943363927512  α = 0.00879
 14   -21.48177539086       -8.97       -4.35    9.10s
    ‖ρε - ρref‖ = 8.768244385452107e-5 ‖Δρ‖ = 1.3959963352547475e-5  ‖vε - vref‖ = 0.2642968568682283  α = 0.0163
 15   -21.48177539221       -8.87       -3.89    9.23s
    ‖ρε - ρref‖ = 9.572403045711753e-5 ‖Δρ‖ = 3.6033034807092096e-5  ‖vε - vref‖ = 0.2651476074029591  α = 0.00707
 16   -21.48177539294       -9.14       -3.99    9.34s
    ‖ρε - ρref‖ = 9.821882073187225e-5 ‖Δρ‖ = 3.489521296333132e-5  ‖vε - vref‖ = 0.2655137167868259  α = 0.00524
 17   -21.48177539442       -8.83       -4.67    9.18s
    ‖ρε - ρref‖ = 8.889229962148486e-5 ‖Δρ‖ = 5.110476001837686e-6  ‖vε - vref‖ = 0.2664649981807886  α = 0.0513
 18   -21.48177539488       -9.34       -4.59    9.41s
    ‖ρε - ρref‖ = 8.774213556583026e-5 ‖Δρ‖ = 8.300754674605948e-6  ‖vε - vref‖ = 0.2663505555866032  α = 0.0182
 19   -21.48177539564       -9.12       -4.57    9.39s
    ‖ρε - ρref‖ = 8.789500454090701e-5 ‖Δρ‖ = 7.051567714081188e-6  ‖vε - vref‖ = 0.26619767404405426  α = 0.0268
 20   -21.48177539642       -9.11       -4.53    9.40s
    ‖ρε - ρref‖ = 8.954796198006622e-5 ‖Δρ‖ = 7.41446593327325e-6  ‖vε - vref‖ = 0.2664363749842186  α = 0.0254
 21   -21.48177539720       -9.11       -5.17    9.20s
    ‖ρε - ρref‖ = 8.841467398979087e-5 ‖Δρ‖ = 1.3600853242995918e-6  ‖vε - vref‖ = 0.26625443784404096  α = 0.129
 22   -21.48177539749       -9.55       -4.84    9.23s
    ‖ρε - ρref‖ = 8.794473780524283e-5 ‖Δρ‖ = 4.081472606231431e-6  ‖vε - vref‖ = 0.26592621557899127  α = 0.0282
 23   -21.48177539775       -9.58       -5.08    9.16s
    ‖ρε - ρref‖ = 8.834804670741035e-5 ‖Δρ‖ = 1.8059415238850625e-6  ‖vε - vref‖ = 0.2657128437882208  α = 0.0618
 24   -21.48177539791       -9.78       -5.00    9.19s
    ‖ρε - ρref‖ = 8.913484894991044e-5 ‖Δρ‖ = 2.506960814933353e-6  ‖vε - vref‖ = 0.26570429813275126  α = 0.0346
 25   -21.48177539794      -10.53       -4.12    9.48s
    ‖ρε - ρref‖ = 6.677854324181987e-5 ‖Δρ‖ = 3.335049734448308e-5  ‖vε - vref‖ = 0.2656331347566494  α = 0.000993
 26   -21.48177539810       -9.79       -5.08    8.03s
    ‖ρε - ρref‖ = 8.83811677656935e-5 ‖Δρ‖ = 1.8780498280260109e-6  ‖vε - vref‖ = 0.2655211435662814  α = 0.0465
 27   -21.48177539814      -10.43       -5.14    9.78s
    ‖ρε - ρref‖ = 8.794099394999708e-5 ‖Δρ‖ = 2.4967502621941863e-6  ‖vε - vref‖ = 0.2654664336769613  α = 0.0169
 28   -21.48177539824      -10.00       -4.77    9.53s
    ‖ρε - ρref‖ = 8.8537015903245e-5 ‖Δρ‖ = 4.250861205903767e-6  ‖vε - vref‖ = 0.2654715684043242  α = 0.0159
 29   -21.48177539830      -10.24       -4.41    9.25s
    ‖ρε - ρref‖ = 8.974407072113701e-5 ‖Δρ‖ = 1.2140964416932616e-5  ‖vε - vref‖ = 0.2654378224851382  α = 0.00424
 30   -21.48177539836      -10.21       -5.07    9.43s
    ‖ρε - ρref‖ = 8.85192146079189e-5 ‖Δρ‖ = 2.1020215676576118e-6  ‖vε - vref‖ = 0.2655412121542988  α = 0.0265
 31   -21.48177539838      -10.61       -5.38    9.46s
    ‖ρε - ρref‖ = 8.821073644839457e-5 ‖Δρ‖ = 1.336127379192568e-6  ‖vε - vref‖ = 0.26551749030837013  α = 0.0262
 32   -21.48177539847      -10.08       -5.14    9.61s
    ‖ρε - ρref‖ = 8.816831767252434e-5 ‖Δρ‖ = 1.5565037316359332e-6  ‖vε - vref‖ = 0.265509466218846  α = 0.0376
 33   -21.48177539850      -10.46       -5.12    9.44s
    ‖ρε - ρref‖ = 8.870154794379238e-5 ‖Δρ‖ = 2.057106799367671e-6  ‖vε - vref‖ = 0.2656407488677381  α = 0.02
 34   -21.48177539854      -10.41       -5.62    9.20s
    ‖ρε - ρref‖ = 8.836709553405314e-5 ‖Δρ‖ = 5.461142611960539e-7  ‖vε - vref‖ = 0.2657925762412646  α = 0.0776
 35   -21.48177539857      -10.60       -5.64    9.22s
    ‖ρε - ρref‖ = 8.824882940373367e-5 ‖Δρ‖ = 5.503184655235415e-7  ‖vε - vref‖ = 0.2657528406624708  α = 0.0622
 36   -21.48177539859      -10.66       -5.55    9.38s
    ‖ρε - ρref‖ = 8.814726054272326e-5 ‖Δρ‖ = 7.008817763636761e-7  ‖vε - vref‖ = 0.265754888122657  α = 0.0432
 37   -21.48177539859      -11.34       -4.53    9.04s
    ‖ρε - ρref‖ = 9.860061676204367e-5 ‖Δρ‖ = 1.2532477954618283e-5  ‖vε - vref‖ = 0.2657813733315996  α = 0.00102
 38   -21.48177539861      -10.74       -5.42    9.69s
    ‖ρε - ρref‖ = 8.830387173807024e-5 ‖Δρ‖ = 9.1295035020733e-7  ‖vε - vref‖ = 0.2658045983644904  α = 0.0317
 39   -21.48177539862      -10.98       -5.83    9.40s
    ‖ρε - ρref‖ = 8.833975160001783e-5 ‖Δρ‖ = 3.9020150420827274e-7  ‖vε - vref‖ = 0.26581660890415865  α = 0.057
 40   -21.48177539862      -11.54       -5.28    9.28s
    ‖ρε - ρref‖ = 8.810358090386958e-5 ‖Δρ‖ = 1.8593950786271204e-6  ‖vε - vref‖ = 0.2658080150414805  α = 0.00645
 41   -21.48177539863      -11.52       -5.38    9.28s
    ‖ρε - ρref‖ = 8.832632985404944e-5 ‖Δρ‖ = 1.3977261434819129e-6  ‖vε - vref‖ = 0.26581798841298  α = 0.00864
 42   -21.48177539863      -11.28       -5.26    9.52s
    ‖ρε - ρref‖ = 8.851151497777266e-5 ‖Δρ‖ = 1.6153348844966708e-6  ‖vε - vref‖ = 0.26582330309104824  α = 0.00979
 43   -21.48177539864      -10.92       -5.89    8.35s
    ‖ρε - ρref‖ = 8.831814986913145e-5 ‖Δρ‖ = 2.6386645984488854e-7  ‖vε - vref‖ = 0.26580459536364626  α = 0.0826
 44   -21.48177539865      -11.70       -5.59    9.94s
    ‖ρε - ρref‖ = 8.824820934508715e-5 ‖Δρ‖ = 8.678961881750908e-7  ‖vε - vref‖ = 0.265787470352805  α = 0.0116
 45   -21.48177539865      -11.43       -5.83    9.43s
    ‖ρε - ρref‖ = 8.82925175377069e-5 ‖Δρ‖ = 3.6340929248888176e-7  ‖vε - vref‖ = 0.26576215978011947  α = 0.0372
 46   -21.48177539865      -11.42       -5.80    9.73s
    ‖ρε - ρref‖ = 8.838957994893982e-5 ‖Δρ‖ = 3.692051548483804e-7  ‖vε - vref‖ = 0.2657873755033279  α = 0.0362
 47   -21.48177539866      -11.59       -5.92    9.43s
    ‖ρε - ρref‖ = 8.829606270233418e-5 ‖Δρ‖ = 2.9857821382901533e-7  ‖vε - vref‖ = 0.26577141051903524  α = 0.0374
 48   -21.48177539866      -11.52       -6.02    8.92s
    ‖ρε - ρref‖ = 8.824367764832321e-5 ‖Δρ‖ = 2.2253958839141143e-7  ‖vε - vref‖ = 0.26574506992967883  α = 0.0503

#-- ‖ρε - ρref‖ = 8.832171602050612e-5 vs. 3.1622776601683797e-7 = δ*ε ‖vε - vref‖ = 0.26574959773777457


# --- ε=2.3713737056616554e-5

n     Energy            log10(ΔE)   log10(Δρ)   Δtime 
---   ---------------   ---------   ---------   ------
  1   -21.48171738412                   -1.26    13.4s
    ‖ρε - ρref‖ = 0.03480461294866255 ‖Δρ‖ = 0.03474723207868003  ‖vε - vref‖ = 0.5000517205737844  α = 0.000589
  2   -21.48171875892       -5.86       -2.34    8.70s
    ‖ρε - ρref‖ = 0.0018811525564611353 ‖Δρ‖ = 0.0018647384669268857  ‖vε - vref‖ = 0.34088442335878943  α = 0.00386
  3   -21.48171929636       -6.27       -2.58    8.98s
    ‖ρε - ρref‖ = 0.0009433602631887668 ‖Δρ‖ = 0.0009269153015548932  ‖vε - vref‖ = 0.2818418279171245  α = 0.00499
  4   -21.48171964668       -6.46       -2.59    8.80s
    ‖ρε - ρref‖ = 0.0009813885503510043 ‖Δρ‖ = 0.000966574448251065  ‖vε - vref‖ = 0.2329855694237199  α = 0.00377
  5   -21.48171989547       -6.60       -3.21    8.89s
    ‖ρε - ρref‖ = 0.00018719748623905442 ‖Δρ‖ = 0.00016421646226305863  ‖vε - vref‖ = 0.21414955883577905  α = 0.0196
  6   -21.48171995807       -7.20       -3.29    8.75s
    ‖ρε - ρref‖ = 0.00018511138803254006 ‖Δρ‖ = 0.00016676079819461282  ‖vε - vref‖ = 0.2121166992458421  α = 0.00946
  7   -21.48172000995       -7.29       -3.43    9.00s
    ‖ρε - ρref‖ = 0.00012054850262342907 ‖Δρ‖ = 9.634137521293157e-5  ‖vε - vref‖ = 0.21381268944957701  α = 0.0152
  8   -21.48172003912       -7.53       -3.86    9.53s
    ‖ρε - ρref‖ = 7.614546046676964e-5 ‖Δρ‖ = 3.32767254937345e-5  ‖vε - vref‖ = 0.2190369537093346  α = 0.0323
  9   -21.48172005185       -7.90       -3.98    8.00s
    ‖ρε - ρref‖ = 7.130221660790879e-5 ‖Δρ‖ = 2.4476045610968603e-5  ‖vε - vref‖ = 0.2230918232115943  α = 0.0292
 10   -21.48172005736       -8.26       -4.11    9.54s
    ‖ρε - ρref‖ = 6.98539675645666e-5 ‖Δρ‖ = 1.8369401281970438e-5  ‖vε - vref‖ = 0.22583823936263756  α = 0.0257
 11   -21.48172006151       -8.38       -4.25    9.43s
    ‖ρε - ρref‖ = 6.786172103208909e-5 ‖Δρ‖ = 1.2461620667125439e-5  ‖vε - vref‖ = 0.22849056566432804  α = 0.0327
 12   -21.48172006173       -9.65       -4.34    9.55s
    ‖ρε - ρref‖ = 8.578522757541728e-5 ‖Δρ‖ = 2.21962634192571e-5  ‖vε - vref‖ = 0.2288603929830953  α = 0.00353
 13   -21.48172006379       -8.69       -3.76    8.95s
    ‖ρε - ρref‖ = 7.266996029310028e-5 ‖Δρ‖ = 4.061467415915061e-5  ‖vε - vref‖ = 0.2308172007113176  α = 0.00693
 14   -21.48172006464       -9.07       -4.31    9.18s
    ‖ρε - ρref‖ = 6.630155636216299e-5 ‖Δρ‖ = 1.4964107165476398e-5  ‖vε - vref‖ = 0.23141907076300305  α = 0.0119
 15   -21.48172006575       -8.95       -3.86    9.67s
    ‖ρε - ρref‖ = 7.672872610161053e-5 ‖Δρ‖ = 3.786880220555252e-5  ‖vε - vref‖ = 0.23254107279703723  α = 0.00539
 16   -21.48172006638       -9.20       -3.94    9.25s
    ‖ρε - ρref‖ = 7.939526141010168e-5 ‖Δρ‖ = 3.723531769158795e-5  ‖vε - vref‖ = 0.23311574765448384  α = 0.00402
 17   -21.48172006762       -8.91       -4.63    9.54s
    ‖ρε - ρref‖ = 6.716113616351189e-5 ‖Δρ‖ = 5.476555839167281e-6  ‖vε - vref‖ = 0.2345411627051451  α = 0.0389
 18   -21.48172006802       -9.41       -4.54    9.16s
    ‖ρε - ρref‖ = 6.604782403261353e-5 ‖Δρ‖ = 9.168172860931025e-6  ‖vε - vref‖ = 0.234640059371168  α = 0.0133
 19   -21.48172006866       -9.19       -4.54    9.15s
    ‖ρε - ρref‖ = 6.608526246214679e-5 ‖Δρ‖ = 7.448368858992424e-6  ‖vε - vref‖ = 0.23483425079332831  α = 0.0206
 20   -21.48172006942       -9.12       -4.48    7.99s
    ‖ρε - ρref‖ = 6.782845229617428e-5 ‖Δρ‖ = 7.843602180144835e-6  ‖vε - vref‖ = 0.23544721345282627  α = 0.0208
 21   -21.48172007015       -9.14       -5.13    9.76s
    ‖ρε - ρref‖ = 6.658818627813881e-5 ‖Δρ‖ = 1.5326380410719931e-6  ‖vε - vref‖ = 0.23559313916049385  α = 0.0987
 22   -21.48172007048       -9.49       -4.74    8.92s
    ‖ρε - ρref‖ = 6.608842538481304e-5 ‖Δρ‖ = 4.906824023809485e-6  ‖vε - vref‖ = 0.23532637513400176  α = 0.0217
 23   -21.48172007074       -9.58       -5.00    9.59s
    ‖ρε - ρref‖ = 6.649022154409127e-5 ‖Δρ‖ = 2.1885151755806766e-6  ‖vε - vref‖ = 0.23508512183883984  α = 0.0453
 24   -21.48172007092       -9.73       -4.92    9.27s
    ‖ρε - ρref‖ = 6.725802326342074e-5 ‖Δρ‖ = 2.94338446670013e-6  ‖vε - vref‖ = 0.23500186903870146  α = 0.0277
 25   -21.48172007095      -10.67       -4.16    9.23s
    ‖ρε - ρref‖ = 4.5557742088221796e-5 ‖Δρ‖ = 3.277013490811032e-5  ‖vε - vref‖ = 0.23493367967518752  α = 0.000741
 26   -21.48172007112       -9.77       -4.98    9.40s
    ‖ρε - ρref‖ = 6.658677952274086e-5 ‖Δρ‖ = 2.3285883042919485e-6  ‖vε - vref‖ = 0.2347294485671161  α = 0.034
 27   -21.48172007114      -10.53       -4.99    9.39s
    ‖ρε - ρref‖ = 6.595105927873713e-5 ‖Δρ‖ = 3.6707966603597093e-6  ‖vε - vref‖ = 0.2346510021097215  α = 0.00896
 28   -21.48172007122      -10.12       -4.76    9.38s
    ‖ρε - ρref‖ = 6.653252717309904e-5 ‖Δρ‖ = 4.86308696823113e-6  ‖vε - vref‖ = 0.2345750171047015  α = 0.0107
 29   -21.48172007132      -10.01       -4.36    8.07s
    ‖ρε - ρref‖ = 6.805250528372979e-5 ‖Δρ‖ = 1.15056712972243e-5  ‖vε - vref‖ = 0.23442650160944145  α = 0.005
 30   -21.48172007140      -10.09       -4.96    9.57s
    ‖ρε - ρref‖ = 6.673013813378674e-5 ‖Δρ‖ = 2.595596966106499e-6  ‖vε - vref‖ = 0.2344521761657863  α = 0.0213
 31   -21.48172007142      -10.66       -5.24    9.57s
    ‖ρε - ρref‖ = 6.63286586200026e-5 ‖Δρ‖ = 1.8900174199383963e-6  ‖vε - vref‖ = 0.23440587285712675  α = 0.0154
 32   -21.48172007151      -10.04       -5.16    9.66s
    ‖ρε - ρref‖ = 6.628895806484442e-5 ‖Δρ‖ = 1.5069973493164906e-6  ‖vε - vref‖ = 0.23428413741530432  α = 0.0361
 33   -21.48172007156      -10.29       -4.97    9.24s
    ‖ρε - ρref‖ = 6.692976698375641e-5 ‖Δρ‖ = 2.679930433107422e-6  ‖vε - vref‖ = 0.23438134744297062  α = 0.0161
 34   -21.48172007161      -10.29       -5.50    9.22s
    ‖ρε - ρref‖ = 6.652245648009928e-5 ‖Δρ‖ = 6.735155107480095e-7  ‖vε - vref‖ = 0.2345396271915861  α = 0.0633
 35   -21.48172007164      -10.61       -5.57    9.34s
    ‖ρε - ρref‖ = 6.635567028725368e-5 ‖Δρ‖ = 6.779161232845508e-7  ‖vε - vref‖ = 0.23449486291105534  α = 0.0444
 36   -21.48172007167      -10.52       -5.40    9.42s
    ‖ρε - ρref‖ = 6.623361466106833e-5 ‖Δρ‖ = 9.229202185857301e-7  ‖vε - vref‖ = 0.23450644562389553  α = 0.0341
 37   -21.48172007167      -11.32       -4.45    8.24s
    ‖ρε - ρref‖ = 7.927900308719731e-5 ‖Δρ‖ = 1.541987216234191e-5  ‖vε - vref‖ = 0.2345353457988547  α = 0.000741
 38   -21.48172007170      -10.61       -5.35    9.66s
    ‖ρε - ρref‖ = 6.650282928048451e-5 ‖Δρ‖ = 1.0347884890812545e-6  ‖vε - vref‖ = 0.23462645543290675  α = 0.0286
 39   -21.48172007171      -10.90       -5.56    9.33s
    ‖ρε - ρref‖ = 6.652266341280779e-5 ‖Δρ‖ = 7.529940256051617e-7  ‖vε - vref‖ = 0.23467569153099233  α = 0.0286
 40   -21.48172007172      -11.29       -4.96    9.75s
    ‖ρε - ρref‖ = 6.618889851397822e-5 ‖Δρ‖ = 3.865465133585606e-6  ‖vε - vref‖ = 0.23467461242140467  α = 0.00357
 41   -21.48172007172      -11.46       -5.25    9.39s
    ‖ρε - ρref‖ = 6.630576398553594e-5 ‖Δρ‖ = 2.0663018381281867e-6  ‖vε - vref‖ = 0.23468551345545474  α = 0.00537
 42   -21.48172007173      -11.03       -5.32    9.61s
    ‖ρε - ρref‖ = 6.654700562792752e-5 ‖Δρ‖ = 1.2234322446108216e-6  ‖vε - vref‖ = 0.23470828848586095  α = 0.0152
 43   -21.48172007174      -10.81       -5.77    9.04s
    ‖ρε - ρref‖ = 6.646695768697845e-5 ‖Δρ‖ = 3.549943945831631e-7  ‖vε - vref‖ = 0.23474135543676689  α = 0.0634
 44   -21.48172007175      -11.36       -5.31    8.10s
    ‖ρε - ρref‖ = 6.636122162425745e-5 ‖Δρ‖ = 1.546665858851711e-6  ‖vε - vref‖ = 0.2347300095365709  α = 0.00825
 45   -21.48172007175      -11.24       -5.65    9.08s
    ‖ρε - ρref‖ = 6.640927005765833e-5 ‖Δρ‖ = 5.466463469396535e-7  ‖vε - vref‖ = 0.23470758934747024  α = 0.0272
 46   -21.48172007176      -11.23       -5.65    9.20s
    ‖ρε - ρref‖ = 6.655135061478572e-5 ‖Δρ‖ = 5.152876873214647e-7  ‖vε - vref‖ = 0.23474593057884882  α = 0.0288
 47   -21.48172007176      -11.39       -5.73    9.82s
    ‖ρε - ρref‖ = 6.642736503839607e-5 ‖Δρ‖ = 4.522022324790469e-7  ‖vε - vref‖ = 0.23473092589217096  α = 0.0274
 48   -21.48172007177      -11.30       -5.89    9.17s
    ‖ρε - ρref‖ = 6.636402134469389e-5 ‖Δρ‖ = 2.960205939838179e-7  ‖vε - vref‖ = 0.2346942079990518  α = 0.0435
 49   -21.48172007177      -12.04       -4.77    9.51s
    ‖ρε - ρref‖ = 7.18615657733817e-5 ‖Δρ‖ = 6.9295989336088125e-6  ‖vε - vref‖ = 0.23469928273668064  α = 0.000722
 50   -21.48172007177      -11.34       -5.96    9.19s
    ‖ρε - ρref‖ = 6.646905483524757e-5 ‖Δρ‖ = 2.455385722401487e-7  ‖vε - vref‖ = 0.23470042495209056  α = 0.0507
 51   -21.48172007178      -11.88       -6.04    7.95s
    ‖ρε - ρref‖ = 6.644932027786966e-5 ‖Δρ‖ = 2.5508000275331377e-7  ‖vε - vref‖ = 0.2346953251924858  α = 0.0278
 52   -21.48172007178      -12.28       -5.69    9.63s
    ‖ρε - ρref‖ = 6.640286596652815e-5 ‖Δρ‖ = 7.465241030103793e-7  ‖vε - vref‖ = 0.2346890612264694  α = 0.00594
 53   -21.48172007178      -11.52       -5.57    9.39s
    ‖ρε - ρref‖ = 6.645191316419508e-5 ‖Δρ‖ = 5.894841838525543e-7  ‖vε - vref‖ = 0.23468895167404663  α = 0.0166
 54   -21.48172007178      -12.02       -5.37    8.50s
    ‖ρε - ρref‖ = 6.669045403900178e-5 ‖Δρ‖ = 1.3415595639692005e-6  ‖vε - vref‖ = 0.23469049297862538  α = 0.00433
 55   -21.48172007178      -11.89       -6.15    8.71s
    ‖ρε - ρref‖ = 6.64617640697067e-5 ‖Δρ‖ = 1.7414717352922168e-7  ‖vε - vref‖ = 0.23468323345334036  α = 0.0393
 56   -21.48172007178      -11.84       -6.05    8.44s
    ‖ρε - ρref‖ = 6.643976152970009e-5 ‖Δρ‖ = 1.9756969587692272e-7  ‖vε - vref‖ = 0.2346599801441607  α = 0.0366

#-- ‖ρε - ρref‖ = 6.645939041230418e-5 vs. 2.3713737056616554e-7 = δ*ε ‖vε - vref‖ = 0.2346588529525728


# --- ε=1.778279410038923e-5

n     Energy            log10(ΔE)   log10(Δρ)   Δtime 
---   ---------------   ---------   ---------   ------
  1   -21.48167631986                   -1.26    13.7s
    ‖ρε - ρref‖ = 0.03479993536866701 ‖Δρ‖ = 0.03475690856039494  ‖vε - vref‖ = 0.5072236321746463  α = 0.000442
  2   -21.48167736399       -5.98       -2.34    8.76s
    ‖ρε - ρref‖ = 0.0018809679255275288 ‖Δρ‖ = 0.0018687889715401369  ‖vε - vref‖ = 0.34468313919632015  α = 0.00291
  3   -21.48167777957       -6.38       -2.58    7.56s
    ‖ρε - ρref‖ = 0.0009487271001177207 ‖Δρ‖ = 0.0009366904389538043  ‖vε - vref‖ = 0.28007177651059484  α = 0.00376
  4   -21.48167805257       -6.56       -2.58    8.92s
    ‖ρε - ρref‖ = 0.0009936193790847053 ‖Δρ‖ = 0.0009828016809056604  ‖vε - vref‖ = 0.22230196942103853  α = 0.00284
  5   -21.48167825379       -6.70       -3.19    9.21s
    ‖ρε - ρref‖ = 0.00018412366546457734 ‖Δρ‖ = 0.00016886173533838146  ‖vε - vref‖ = 0.1919408071473855  α = 0.0149
  6   -21.48167830529       -7.29       -3.27    8.79s
    ‖ρε - ρref‖ = 0.00018441324733318488 ‖Δρ‖ = 0.00017284730642900227  ‖vε - vref‖ = 0.1859763265078749  α = 0.00719
  7   -21.48167834899       -7.36       -3.40    9.25s
    ‖ρε - ρref‖ = 0.00011652113515873928 ‖Δρ‖ = 0.00010191865586949602  ‖vε - vref‖ = 0.184400983063392  α = 0.0115
  8   -21.48167837469       -7.59       -3.83    8.94s
    ‖ρε - ρref‖ = 6.32886746791187e-5 ‖Δρ‖ = 3.571278507150239e-5  ‖vε - vref‖ = 0.18802706019512025  α = 0.0247
  9   -21.48167838617       -7.94       -3.94    7.46s
    ‖ρε - ρref‖ = 5.726202084689912e-5 ‖Δρ‖ = 2.679922798371e-5  ‖vε - vref‖ = 0.1916401462840415  α = 0.0221
 10   -21.48167839120       -8.30       -4.07    8.83s
    ‖ρε - ρref‖ = 5.493660708468648e-5 ‖Δρ‖ = 2.0318067325036263e-5  ‖vε - vref‖ = 0.19439634071848416  α = 0.0194
 11   -21.48167839495       -8.43       -4.20    9.10s
    ‖ρε - ρref‖ = 5.216535206061873e-5 ‖Δρ‖ = 1.3921157861838802e-5  ‖vε - vref‖ = 0.1972308273661683  α = 0.0244
 12   -21.48167839515       -9.70       -4.30    9.19s
    ‖ρε - ρref‖ = 7.11323483459243e-5 ‖Δρ‖ = 2.401848648528117e-5  ‖vε - vref‖ = 0.19762400081241988  α = 0.00267
 13   -21.48167839693       -8.75       -3.71    9.59s
    ‖ρε - ρref‖ = 6.250219840400689e-5 ‖Δρ‖ = 4.537541455113553e-5  ‖vε - vref‖ = 0.19980310003229193  α = 0.00508
 14   -21.48167839765       -9.14       -4.27    9.77s
    ‖ρε - ρref‖ = 5.062841839942114e-5 ‖Δρ‖ = 1.6125487548967492e-5  ‖vε - vref‖ = 0.20057124016328873  α = 0.00893
 15   -21.48167839860       -9.02       -3.81    8.06s
    ‖ρε - ρref‖ = 6.506481995446206e-5 ‖Δρ‖ = 4.12400824353232e-5  ‖vε - vref‖ = 0.20189634938310527  α = 0.004
 16   -21.48167839914       -9.27       -3.90    9.07s
    ‖ρε - ρref‖ = 6.704123279043654e-5 ‖Δρ‖ = 3.9872521224772206e-5  ‖vε - vref‖ = 0.20261469804235666  α = 0.00303
 17   -21.48167840016       -8.99       -4.58    9.55s
    ‖ρε - ρref‖ = 5.0855052669511724e-5 ‖Δρ‖ = 5.927119733867531e-6  ‖vε - vref‖ = 0.2043948872514508  α = 0.0289
 18   -21.48167840047       -9.50       -4.51    9.45s
    ‖ρε - ρref‖ = 4.9836769210401214e-5 ‖Δρ‖ = 9.743900565915858e-6  ‖vε - vref‖ = 0.2046721622854481  α = 0.00981
 19   -21.48167840099       -9.29       -4.51    9.24s
    ‖ρε - ρref‖ = 4.975399096256476e-5 ‖Δρ‖ = 7.799350231016148e-6  ‖vε - vref‖ = 0.20519659292754475  α = 0.0155
 20   -21.48167840164       -9.19       -4.45    7.91s
    ‖ρε - ρref‖ = 5.1547789171588124e-5 ‖Δρ‖ = 8.188381229997581e-6  ‖vε - vref‖ = 0.20624046025500065  α = 0.0163
 21   -21.48167840226       -9.21       -5.11    9.53s
    ‖ρε - ρref‖ = 5.0140626720206335e-5 ‖Δρ‖ = 1.63919610082735e-6  ‖vε - vref‖ = 0.20692046663425653  α = 0.0758
 22   -21.48167840258       -9.50       -4.68    9.41s
    ‖ρε - ρref‖ = 4.9685273649959344e-5 ‖Δρ‖ = 5.4523132285387074e-6  ‖vε - vref‖ = 0.20691299231239937  α = 0.0169
 23   -21.48167840284       -9.59       -4.94    9.24s
    ‖ρε - ρref‖ = 5.0036367020356876e-5 ‖Δρ‖ = 2.51007509331612e-6  ‖vε - vref‖ = 0.2068243467159387  α = 0.034
 24   -21.48167840304       -9.68       -4.85    9.46s
    ‖ρε - ρref‖ = 5.0318283775717614e-5 ‖Δρ‖ = 3.314786481389642e-6  ‖vε - vref‖ = 0.20676897971882224  α = 0.023
 25   -21.48167840308      -10.46       -4.87    8.07s
    ‖ρε - ρref‖ = 4.643661657460578e-5 ‖Δρ‖ = 5.080851149714938e-6  ‖vε - vref‖ = 0.20668298797242396  α = 0.00539
 26   -21.48167840322       -9.84       -3.96    9.24s
    ‖ρε - ρref‖ = 6.288503482821448e-5 ‖Δρ‖ = 2.5466241429012548e-5  ‖vε - vref‖ = 0.206582821587575  α = 0.00245
 27   -21.48167840325      -10.66       -4.76    8.92s
    ‖ρε - ρref‖ = 4.933836713263893e-5 ‖Δρ‖ = 6.57767578049254e-6  ‖vε - vref‖ = 0.20651147816274662  α = 0.00377
 28   -21.48167840330      -10.28       -4.79    8.52s
    ‖ρε - ρref‖ = 4.983276478796315e-5 ‖Δρ‖ = 5.066387825802414e-6  ‖vε - vref‖ = 0.20643000000004216  α = 0.00745
 29   -21.48167840343       -9.88       -4.45    8.78s
    ‖ρε - ρref‖ = 5.101182521813364e-5 ‖Δρ‖ = 8.189101101851094e-6  ‖vε - vref‖ = 0.20617381510439675  α = 0.00715
 30   -21.48167840352      -10.02       -4.87    7.48s
    ‖ρε - ρref‖ = 5.034262216269358e-5 ‖Δρ‖ = 3.078555531088108e-6  ‖vε - vref‖ = 0.20612447830618888  α = 0.0169
 31   -21.48167840355      -10.69       -5.11    8.81s
    ‖ρε - ρref‖ = 4.985454805022665e-5 ‖Δρ‖ = 2.5701022953213945e-6  ‖vε - vref‖ = 0.20605882244231996  α = 0.0095
 32   -21.48167840363      -10.05       -5.15    8.87s
    ‖ρε - ρref‖ = 4.980296917889062e-5 ‖Δρ‖ = 1.5167125411753698e-6  ‖vε - vref‖ = 0.20579532332007952  α = 0.0317
 33   -21.48167840370      -10.21       -4.87    8.50s
    ‖ρε - ρref‖ = 5.0529536649529485e-5 ‖Δρ‖ = 3.1653103953415916e-6  ‖vε - vref‖ = 0.20578584134586309  α = 0.013
 34   -21.48167840376      -10.22       -5.40    8.86s
    ‖ρε - ρref‖ = 5.005543428868831e-5 ‖Δρ‖ = 8.115835096140021e-7  ‖vε - vref‖ = 0.20583707606825383  α = 0.05
 35   -21.48167840378      -10.65       -5.52    7.54s
    ‖ρε - ρref‖ = 4.98601443799162e-5 ‖Δρ‖ = 8.163279319860636e-7  ‖vε - vref‖ = 0.20575999632269146  α = 0.0307
 36   -21.48167840382      -10.39       -5.32    8.92s
    ‖ρε - ρref‖ = 4.991946146537889e-5 ‖Δρ‖ = 1.0147637789456097e-6  ‖vε - vref‖ = 0.2057181035001203  α = 0.0322
 37   -21.48167840382      -11.72       -5.09    8.81s
    ‖ρε - ρref‖ = 5.359447391287437e-5 ‖Δρ‖ = 4.221089511057727e-6  ‖vε - vref‖ = 0.205737193190896  α = 0.00147
 38   -21.48167840385      -10.62       -4.87    8.61s
    ‖ρε - ρref‖ = 4.992917440022118e-5 ‖Δρ‖ = 3.1005411222455605e-6  ‖vε - vref‖ = 0.20581024389609467  α = 0.00833
 39   -21.48167840385      -11.11       -5.19    8.70s
    ‖ρε - ρref‖ = 5.0305605952186127e-5 ‖Δρ‖ = 2.1352281033230807e-6  ‖vε - vref‖ = 0.20585195329787118  α = 0.00691
 40   -21.48167840387      -10.87       -4.82    7.53s
    ‖ρε - ρref‖ = 5.021308518112443e-5 ‖Δρ‖ = 4.343106133311678e-6  ‖vε - vref‖ = 0.20587330150384145  α = 0.00445
 41   -21.48167840387      -11.30       -5.04    8.86s
    ‖ρε - ρref‖ = 4.961313051039481e-5 ‖Δρ‖ = 3.4666505253026307e-6  ‖vε - vref‖ = 0.20587943826487917  α = 0.00332
 42   -21.48167840389      -10.81       -5.57    8.89s
    ‖ρε - ρref‖ = 4.994022627440153e-5 ‖Δρ‖ = 5.949779239924601e-7  ‖vε - vref‖ = 0.2058785988120072  α = 0.0349
 43   -21.48167840390      -10.93       -5.50    8.86s
    ‖ρε - ρref‖ = 5.0057347357943074e-5 ‖Δρ‖ = 7.682192581649937e-7  ‖vε - vref‖ = 0.20595270730746232  α = 0.0234
 44   -21.48167840391      -11.08       -5.13    7.38s
    ‖ρε - ρref‖ = 5.00376692286927e-5 ‖Δρ‖ = 1.994126382489953e-6  ‖vε - vref‖ = 0.2059859530600317  α = 0.00768
 45   -21.48167840392      -11.05       -5.51    8.88s
    ‖ρε - ρref‖ = 4.991732172412986e-5 ‖Δρ‖ = 7.437121211623416e-7  ‖vε - vref‖ = 0.2059889481432397  α = 0.0215
 46   -21.48167840392      -11.14       -5.53    8.89s
    ‖ρε - ρref‖ = 5.0078689719271494e-5 ‖Δρ‖ = 6.945762688689115e-7  ‖vε - vref‖ = 0.20604212033343788  α = 0.0207
 47   -21.48167840393      -11.21       -5.61    8.53s
    ‖ρε - ρref‖ = 4.993926852045537e-5 ‖Δρ‖ = 5.895156080799882e-7  ‖vε - vref‖ = 0.20604642803468803  α = 0.0226
 48   -21.48167840394      -11.13       -5.79    8.88s
    ‖ρε - ρref‖ = 4.9976605269205745e-5 ‖Δρ‖ = 3.603068327702144e-7  ‖vε - vref‖ = 0.206057950547289  α = 0.0389
 49   -21.48167840394      -11.40       -5.79    7.38s
    ‖ρε - ρref‖ = 5.022209637752786e-5 ‖Δρ‖ = 4.2776875527477686e-7  ‖vε - vref‖ = 0.2060855561083566  α = 0.0223
 50   -21.48167840394      -11.47       -4.41    8.89s
    ‖ρε - ρref‖ = 4.4938532256878324e-5 ‖Δρ‖ = 1.0621662660879346e-5  ‖vε - vref‖ = 0.20608045507940975  α = 0.000826
 51   -21.48167840395      -11.72       -5.74    8.93s
    ‖ρε - ρref‖ = 4.9946438197596894e-5 ‖Δρ‖ = 4.871280913266216e-7  ‖vε - vref‖ = 0.20607581398742444  α = 0.0156
 52   -21.48167840395      -11.45       -6.01    8.92s
    ‖ρε - ρref‖ = 5.000893554247345e-5 ‖Δρ‖ = 2.2922633663605657e-7  ‖vε - vref‖ = 0.20608593667304184  α = 0.0418
 53   -21.48167840395      -11.57       -5.13    7.39s
    ‖ρε - ρref‖ = 4.989148078744432e-5 ‖Δρ‖ = 2.0041369292075244e-6  ‖vε - vref‖ = 0.20609169088331888  α = 0.00413
 54   -21.48167840395      -12.35       -5.45    8.87s
    ‖ρε - ρref‖ = 4.991303656830181e-5 ‖Δρ‖ = 1.3217767879349562e-6  ‖vε - vref‖ = 0.2060870624065083  α = 0.00271
 55   -21.48167840395      -11.72       -5.66    8.84s
    ‖ρε - ρref‖ = 5.0027567502334304e-5 ‖Δρ‖ = 5.607602586321532e-7  ‖vε - vref‖ = 0.20608564424393708  α = 0.013
 56   -21.48167840396      -11.64       -5.90    8.96s
    ‖ρε - ρref‖ = 4.99637654435451e-5 ‖Δρ‖ = 2.867001001362585e-7  ‖vε - vref‖ = 0.20605921381922288  α = 0.0275
 57   -21.48167840396      -12.09       -5.65    7.34s
    ‖ρε - ρref‖ = 4.992648218237838e-5 ‖Δρ‖ = 6.935321194777678e-7  ‖vε - vref‖ = 0.20604519575748123  α = 0.00696
 58   -21.48167840396      -11.75       -5.90    9.00s
    ‖ρε - ρref‖ = 4.997522015350038e-5 ‖Δρ‖ = 2.6429749047337114e-7  ‖vε - vref‖ = 0.20603092194005415  α = 0.0268
 59   -21.48167840396      -12.05       -6.05    8.95s
    ‖ρε - ρref‖ = 5.0033182391920815e-5 ‖Δρ‖ = 2.2914084673753607e-7  ‖vε - vref‖ = 0.2060492003892043  α = 0.0221
 60   -21.48167840396      -11.83       -5.96    8.63s
    ‖ρε - ρref‖ = 4.99675829433912e-5 ‖Δρ‖ = 2.283046732269034e-7  ‖vε - vref‖ = 0.20604078860608446  α = 0.0277
 61   -21.48167840396      -12.33       -6.06    8.78s
    ‖ρε - ρref‖ = 4.9859690704785553e-5 ‖Δρ‖ = 2.438835784748993e-7  ‖vε - vref‖ = 0.20602979463187227  α = 0.014
 62   -21.48167840396      -12.54       -4.95    7.37s
    ‖ρε - ρref‖ = 5.211402940385787e-5 ‖Δρ‖ = 3.535248865779924e-6  ‖vε - vref‖ = 0.20603036132533117  α = 0.000743
 63   -21.48167840396      -11.86       -6.20    9.17s
    ‖ρε - ρref‖ = 4.998075424780187e-5 ‖Δρ‖ = 1.1814053008444945e-7  ‖vε - vref‖ = 0.2060221652756556  α = 0.05
 64   -21.48167840396      -12.47       -6.22    8.63s
    ‖ρε - ρref‖ = 4.9968808629364945e-5 ‖Δρ‖ = 1.620606803080981e-7  ‖vε - vref‖ = 0.20602199697162177  α = 0.0194

#-- ‖ρε - ρref‖ = 4.998146549266139e-5 vs. 1.778279410038923e-7 = δ*ε ‖vε - vref‖ = 0.20602284531097823


# --- ε=1.333521432163324e-5

n     Energy            log10(ΔE)   log10(Δρ)   Δtime 
---   ---------------   ---------   ---------   ------
  1   -21.48164543918                   -1.26    12.2s
    ‖ρε - ρref‖ = 0.03479619941234672 ‖Δρ‖ = 0.0347639356179086  ‖vε - vref‖ = 0.5138125376795535  α = 0.000331
  2   -21.48164622971       -6.10       -2.34    8.51s
    ‖ρε - ρref‖ = 0.0018810128613807983 ‖Δρ‖ = 0.00187195334035678  ‖vε - vref‖ = 0.3492187477765361  α = 0.00219
  3   -21.48164654869       -6.50       -2.57    8.54s
    ‖ρε - ρref‖ = 0.0009533689496602672 ‖Δρ‖ = 0.0009445054819512644  ‖vε - vref‖ = 0.28055495092239663  α = 0.00283
  4   -21.48164675965       -6.68       -2.58    8.66s
    ‖ρε - ρref‖ = 0.0010029817348887135 ‖Δρ‖ = 0.0009950252061277573  ‖vε - vref‖ = 0.2157220238135197  α = 0.00214
  5   -21.48164691956       -6.80       -3.18    7.16s
    ‖ρε - ρref‖ = 0.0001829877689450575 ‖Δρ‖ = 0.00017267379245832474  ‖vε - vref‖ = 0.17435067791726253  α = 0.0113
  6   -21.48164696123       -7.38       -3.26    8.71s
    ‖ρε - ρref‖ = 0.00018606483392775457 ‖Δρ‖ = 0.00017863840909495315  ‖vε - vref‖ = 0.16398715473051492  α = 0.00543
  7   -21.48164699735       -7.44       -3.38    8.69s
    ‖ρε - ρref‖ = 0.00011510008955014804 ‖Δρ‖ = 0.00010617859367034346  ‖vε - vref‖ = 0.15837901140667562  α = 0.00872
  8   -21.48164701943       -7.66       -3.81    8.81s
    ‖ρε - ρref‖ = 5.508816091700771e-5 ‖Δρ‖ = 3.78229510795344e-5  ‖vε - vref‖ = 0.1596587535368632  α = 0.0188
  9   -21.48164702958       -7.99       -3.90    7.35s
    ‖ρε - ρref‖ = 4.800773739972736e-5 ‖Δρ‖ = 2.8929743034368385e-5  ‖vε - vref‖ = 0.1624401340884714  α = 0.0168
 10   -21.48164703414       -8.34       -4.03    8.83s
    ‖ρε - ρref‖ = 4.467521090936602e-5 ‖Δρ‖ = 2.221907831170544e-5  ‖vε - vref‖ = 0.16504225227431954  α = 0.0147
 11   -21.48164703756       -8.47       -4.15    8.95s
    ‖ρε - ρref‖ = 4.094027521386848e-5 ‖Δρ‖ = 1.5435942914445454e-5  ‖vε - vref‖ = 0.1679570464128733  α = 0.0184
 12   -21.48164703775       -9.72       -4.26    8.86s
    ‖ρε - ρref‖ = 6.034705335639249e-5 ‖Δρ‖ = 2.5556693418478484e-5  ‖vε - vref‖ = 0.16839751108656736  α = 0.00213
 13   -21.48164703937       -8.79       -3.63    7.39s
    ‖ρε - ρref‖ = 6.077711417845872e-5 ‖Δρ‖ = 5.3643024889977254e-5  ‖vε - vref‖ = 0.170760380515096  α = 0.00358
 14   -21.48164704003       -9.18       -4.22    8.90s
    ‖ρε - ρref‖ = 3.95473720910437e-5 ‖Δρ‖ = 1.7558626029661555e-5  ‖vε - vref‖ = 0.17168847506811416  α = 0.00684
 15   -21.48164704087       -9.07       -3.76    8.86s
    ‖ρε - ρref‖ = 6.000646175770781e-5 ‖Δρ‖ = 4.6341595761981444e-5  ‖vε - vref‖ = 0.17318383929467082  α = 0.00294
 16   -21.48164704134       -9.33       -3.86    8.86s
    ‖ρε - ρref‖ = 6.032844400073602e-5 ‖Δρ‖ = 4.344699369471785e-5  ‖vε - vref‖ = 0.17399216746207607  α = 0.00226
 17   -21.48164704221       -9.06       -4.53    7.33s
    ‖ρε - ρref‖ = 3.8713207039410125e-5 ‖Δρ‖ = 6.56576401701504e-6  ‖vε - vref‖ = 0.176044013008319  α = 0.0214
 18   -21.48164704247       -9.58       -4.47    8.93s
    ‖ρε - ρref‖ = 3.785622434167243e-5 ‖Δρ‖ = 1.0417672667855823e-5  ‖vε - vref‖ = 0.17644743784770592  α = 0.00726
 19   -21.48164704289       -9.38       -4.48    8.86s
    ‖ρε - ρref‖ = 3.760779346708396e-5 ‖Δρ‖ = 8.279824119881912e-6  ‖vε - vref‖ = 0.17722620472536735  α = 0.0116
 20   -21.48164704342       -9.28       -4.41    8.86s
    ‖ρε - ρref‖ = 3.950228473009326e-5 ‖Δρ‖ = 8.719411992576841e-6  ‖vε - vref‖ = 0.17859615704607676  α = 0.0122
 21   -21.48164704391       -9.31       -5.08    7.42s
    ‖ρε - ρref‖ = 3.775716751354961e-5 ‖Δρ‖ = 1.731459838677668e-6  ‖vε - vref‖ = 0.1797712652099026  α = 0.057
 22   -21.48164704419       -9.56       -4.64    9.13s
    ‖ρε - ρref‖ = 3.7407175097950424e-5 ‖Δρ‖ = 5.737680491529414e-6  ‖vε - vref‖ = 0.18010392517184037  α = 0.0131
 23   -21.48164704441       -9.65       -4.90    8.60s
    ‖ρε - ρref‖ = 3.766669739513663e-5 ‖Δρ‖ = 2.7081052228020763e-6  ‖vε - vref‖ = 0.18029853734793472  α = 0.0258
 24   -21.48164704459       -9.75       -4.80    9.09s
    ‖ρε - ρref‖ = 3.7292524870546095e-5 ‖Δρ‖ = 3.687360436133653e-6  ‖vε - vref‖ = 0.18042689364622114  α = 0.0167
 25   -21.48164704460      -10.79       -4.12    7.36s
    ‖ρε - ρref‖ = 7.102931565562997e-5 ‖Δρ‖ = 3.6633416504183275e-5  ‖vε - vref‖ = 0.18047973745864737  α = 0.000429
 26   -21.48164704477       -9.79       -4.83    8.94s
    ‖ρε - ρref‖ = 3.7658299175841555e-5 ‖Δρ‖ = 3.247027113509798e-6  ‖vε - vref‖ = 0.18048615576935556  α = 0.0184
 27   -21.48164704479      -10.69       -4.57    8.81s
    ‖ρε - ρref‖ = 3.768458813013803e-5 ‖Δρ‖ = 1.0118983673143849e-5  ‖vε - vref‖ = 0.1804394357215315  α = 0.00206
 28   -21.48164704483      -10.38       -4.80    7.42s
    ‖ρε - ρref‖ = 3.73556020172208e-5 ‖Δρ‖ = 5.146361108946891e-6  ‖vε - vref‖ = 0.18039971898795898  α = 0.00569
 29   -21.48164704497       -9.85       -4.49    8.95s
    ‖ρε - ρref‖ = 3.846319014840573e-5 ‖Δρ‖ = 7.03644136792087e-6  ‖vε - vref‖ = 0.1802085379809113  α = 0.00759
 30   -21.48164704508       -9.98       -4.79    8.89s
    ‖ρε - ρref‖ = 3.805558498651073e-5 ‖Δρ‖ = 3.5821684941009367e-6  ‖vε - vref‖ = 0.18019155029750827  α = 0.0132
 31   -21.48164704510      -10.70       -5.00    8.88s
    ‖ρε - ρref‖ = 3.7490492803290303e-5 ‖Δρ‖ = 3.2887381313148992e-6  ‖vε - vref‖ = 0.18012647670072085  α = 0.00643
 32   -21.48164704519      -10.05       -5.12    7.43s
    ‖ρε - ρref‖ = 3.7386726097898215e-5 ‖Δρ‖ = 1.6431662196420975e-6  ‖vε - vref‖ = 0.17980459367227028  α = 0.026
 33   -21.48164704525      -10.16       -4.79    9.21s
    ‖ρε - ρref‖ = 3.825467430077265e-5 ‖Δρ‖ = 3.7056907149554755e-6  ‖vε - vref‖ = 0.17972427178591213  α = 0.0103
 34   -21.48164704532      -10.17       -5.29    8.91s
    ‖ρε - ρref‖ = 3.765515133896597e-5 ‖Δρ‖ = 1.0018485174808284e-6  ‖vε - vref‖ = 0.17964915120649838  α = 0.0378
 35   -21.48164704534      -10.67       -5.44    7.44s
    ‖ρε - ρref‖ = 3.745184272900498e-5 ‖Δρ‖ = 1.0236608915421343e-6  ‖vε - vref‖ = 0.17953909272214835  α = 0.0209
 36   -21.48164704538      -10.47       -5.26    8.88s
    ‖ρε - ρref‖ = 3.790716945526476e-5 ‖Δρ‖ = 1.211282436718321e-6  ‖vε - vref‖ = 0.17944670194768783  α = 0.0215
 37   -21.48164704538      -11.19       -4.20    8.94s
    ‖ρε - ρref‖ = 2.4475635398315345e-5 ‖Δρ‖ = 2.431298470826402e-5  ‖vε - vref‖ = 0.17939751074429122  α = 0.000414
 38   -21.48164704541      -10.56       -5.28    8.83s
    ‖ρε - ρref‖ = 3.7644039171092647e-5 ‖Δρ‖ = 1.1946409990873693e-6  ‖vε - vref‖ = 0.1793575069598332  α = 0.0203
 39   -21.48164704542      -11.16       -5.04    7.46s
    ‖ρε - ρref‖ = 3.801034661841584e-5 ‖Δρ‖ = 3.1186957721343363e-6  ‖vε - vref‖ = 0.17936958059319263  α = 0.00391
 40   -21.48164704544      -10.78       -4.80    9.26s
    ‖ρε - ρref‖ = 3.7947935562556714e-5 ‖Δρ‖ = 4.352077207692172e-6  ‖vε - vref‖ = 0.17934615120293618  α = 0.0043
 41   -21.48164704544      -11.21       -4.94    8.92s
    ‖ρε - ρref‖ = 3.7282069798976115e-5 ‖Δρ‖ = 4.210925715276415e-6  ‖vε - vref‖ = 0.17934018422396633  α = 0.00262
 42   -21.48164704546      -10.78       -5.47    7.46s
    ‖ρε - ρref‖ = 3.762337542279768e-5 ‖Δρ‖ = 7.867474210770201e-7  ‖vε - vref‖ = 0.1793620697792182  α = 0.024
 43   -21.48164704547      -10.88       -5.45    8.83s
    ‖ρε - ρref‖ = 3.759995464657765e-5 ‖Δρ‖ = 8.596346725855979e-7  ‖vε - vref‖ = 0.17938352714626227  α = 0.0194
 44   -21.48164704548      -11.02       -5.02    8.90s
    ‖ρε - ρref‖ = 3.74733757509699e-5 ‖Δρ‖ = 2.459615547946165e-6  ‖vε - vref‖ = 0.17937081770017793  α = 0.00588
 45   -21.48164704549      -10.93       -5.38    8.92s
    ‖ρε - ρref‖ = 3.747456332774843e-5 ‖Δρ‖ = 9.654915872689575e-7  ‖vε - vref‖ = 0.17935377323118995  α = 0.0165
 46   -21.48164704550      -11.05       -5.42    7.35s
    ‖ρε - ρref‖ = 3.7778133239912786e-5 ‖Δρ‖ = 9.010930652145455e-7  ‖vε - vref‖ = 0.17944460900441583  α = 0.0155
 47   -21.48164704551      -11.10       -5.45    9.15s
    ‖ρε - ρref‖ = 3.756478897686917e-5 ‖Δρ‖ = 7.855355658231629e-7  ‖vε - vref‖ = 0.17947550628216744  α = 0.0169
 48   -21.48164704552      -11.28       -5.64    8.89s
    ‖ρε - ρref‖ = 3.721218155944063e-5 ‖Δρ‖ = 6.276332570591166e-7  ‖vε - vref‖ = 0.17945768991224187  α = 0.0156
 49   -21.48164704552      -11.42       -4.31    7.37s
    ‖ρε - ρref‖ = 4.6501393315916695e-5 ‖Δρ‖ = 1.4157867848342655e-5  ‖vε - vref‖ = 0.17947231931868848  α = 0.000583
 50   -21.48164704553      -10.99       -5.69    9.00s
    ‖ρε - ρref‖ = 3.7605114762080796e-5 ‖Δρ‖ = 4.188899208974321e-7  ‖vε - vref‖ = 0.17954827520778915  α = 0.0338
 51   -21.48164704553      -11.90       -5.29    8.96s
    ‖ρε - ρref‖ = 3.7467224338038474e-5 ‖Δρ‖ = 1.744523911918012e-6  ‖vε - vref‖ = 0.17954820697525414  α = 0.00297
 52   -21.48164704553      -11.68       -5.18    7.47s
    ‖ρε - ρref‖ = 3.753516441304835e-5 ‖Δρ‖ = 1.945598495550361e-6  ‖vε - vref‖ = 0.17956310908133113  α = 0.00349
 53   -21.48164704553      -12.04       -5.63    9.09s
    ‖ρε - ρref‖ = 3.769946806545728e-5 ‖Δρ‖ = 8.825403201016784e-7  ‖vε - vref‖ = 0.1795716398495544  α = 0.00491
 54   -21.48164704554      -11.16       -5.57    8.90s
    ‖ρε - ρref‖ = 3.757327852721864e-5 ‖Δρ‖ = 5.093435613523914e-7  ‖vε - vref‖ = 0.17962675733060135  α = 0.0229
 55   -21.48164704554      -11.55       -5.78    9.01s
    ‖ρε - ρref‖ = 3.7587634988869995e-5 ‖Δρ‖ = 4.147217872912767e-7  ‖vε - vref‖ = 0.1796410505177894  α = 0.0187
 56   -21.48164704555      -11.78       -5.57    7.47s
    ‖ρε - ρref‖ = 3.7592385542543165e-5 ‖Δρ‖ = 7.520842343980453e-7  ‖vε - vref‖ = 0.17964683283689314  α = 0.008
 57   -21.48164704555      -11.58       -5.52    9.23s
    ‖ρε - ρref‖ = 3.752190242579622e-5 ‖Δρ‖ = 7.126384440995283e-7  ‖vε - vref‖ = 0.1796366282635576  α = 0.0106
 58   -21.48164704555      -11.51       -5.85    8.88s
    ‖ρε - ρref‖ = 3.7551318763982624e-5 ‖Δρ‖ = 2.988101112452602e-7  ‖vε - vref‖ = 0.1796252951825306  α = 0.0269
 59   -21.48164704555      -11.93       -5.82    7.40s
    ‖ρε - ρref‖ = 3.764651077867086e-5 ‖Δρ‖ = 4.078637185386994e-7  ‖vε - vref‖ = 0.1796486440833627  α = 0.0125
 60   -21.48164704555      -12.56       -5.77    9.25s
    ‖ρε - ρref‖ = 3.815706067688231e-5 ‖Δρ‖ = 7.261099021912797e-7  ‖vε - vref‖ = 0.17965540382232584  α = 0.00283
 61   -21.48164704555      -11.62       -5.01    8.96s
    ‖ρε - ρref‖ = 3.7157846765377824e-5 ‖Δρ‖ = 1.932347266473569e-6  ‖vε - vref‖ = 0.17965456728361268  α = 0.00359
 62   -21.48164704556      -11.97       -5.95    7.39s
    ‖ρε - ρref‖ = 3.755290844396138e-5 ‖Δρ‖ = 2.7426119282645715e-7  ‖vε - vref‖ = 0.179642826989635  α = 0.0177
 63   -21.48164704556      -12.54       -5.77    8.82s
    ‖ρε - ρref‖ = 3.7614203510737155e-5 ‖Δρ‖ = 5.968115745381781e-7  ‖vε - vref‖ = 0.17964541304317924  α = 0.00428
 64   -21.48164704556      -11.72       -5.45    9.07s
    ‖ρε - ρref‖ = 3.76155996157517e-5 ‖Δρ‖ = 7.06779572612634e-7  ‖vε - vref‖ = 0.179639397775802  α = 0.00869
 65   -21.48164704556      -12.48       -5.59    7.50s
    ‖ρε - ρref‖ = 3.74503918403085e-5 ‖Δρ‖ = 8.804569788900724e-7  ‖vε - vref‖ = 0.1796366805862081  α = 0.00286
 66   -21.48164704556      -12.21       -5.93    8.90s
    ‖ρε - ρref‖ = 3.756900179630455e-5 ‖Δρ‖ = 3.0519431424876757e-7  ‖vε - vref‖ = 0.17963218408653778  α = 0.012
 67   -21.48164704556      -12.07       -5.99    8.84s
    ‖ρε - ρref‖ = 3.7583712195129154e-5 ‖Δρ‖ = 2.187184512218647e-7  ‖vε - vref‖ = 0.17963153267477347  α = 0.0196
 68   -21.48164704556      -12.25       -6.24    7.36s
    ‖ρε - ρref‖ = 3.7570676954330396e-5 ‖Δρ‖ = 1.554071598305334e-7  ‖vε - vref‖ = 0.17962414850363592  α = 0.0218
 69   -21.48164704556      -11.99       -5.59    9.20s
    ‖ρε - ρref‖ = 3.75881415415459e-5 ‖Δρ‖ = 5.182799189740806e-7  ‖vε - vref‖ = 0.17961373437671285  α = 0.00884
 70   -21.48164704556      -12.41       -6.19    8.89s
    ‖ρε - ρref‖ = 3.755756564651822e-5 ‖Δρ‖ = 1.8083855713000116e-7  ‖vε - vref‖ = 0.17960449154666827  α = 0.0156
 71   -21.48164704556      -12.18       -6.25    7.38s
    ‖ρε - ρref‖ = 3.758204412787793e-5 ‖Δρ‖ = 1.1760669769868388e-7  ‖vε - vref‖ = 0.17958972803024756  α = 0.0312
 72   -21.48164704556      -13.02       -5.21    9.20s
    ‖ρε - ρref‖ = 3.5386472007616873e-5 ‖Δρ‖ = 2.6862923021014896e-6  ‖vε - vref‖ = 0.17958529644897697  α = 0.000412
 73   -21.48164704556      -12.53       -6.01    8.90s
    ‖ρε - ρref‖ = 3.764632332089835e-5 ‖Δρ‖ = 2.5607003621115755e-7  ‖vε - vref‖ = 0.17959633337622347  α = 0.00968
 74   -21.48164704556      -12.53       -6.31    8.99s
    ‖ρε - ρref‖ = 3.757894674076994e-5 ‖Δρ‖ = 1.1705458169340166e-7  ‖vε - vref‖ = 0.1796023285719867  α = 0.0224
 75   -21.48164704556      -13.30       -5.95    7.36s
    ‖ρε - ρref‖ = 3.7547752941255295e-5 ‖Δρ‖ = 4.34214033086162e-7  ‖vε - vref‖ = 0.17960077335047722  α = 0.00222
 76   -21.48164704556      -12.44       -6.06    9.02s
    ‖ρε - ρref‖ = 3.7554524799290755e-5 ‖Δρ‖ = 1.7987789519568643e-7  ‖vε - vref‖ = 0.17959509249593653  α = 0.0152
 77   -21.48164704556      -13.07       -5.98    8.93s
    ‖ρε - ρref‖ = 3.762662593096516e-5 ‖Δρ‖ = 3.5956750293502466e-7  ‖vε - vref‖ = 0.17959547454345007  α = 0.00337
 78   -21.48164704556      -12.85       -6.16    7.47s
    ‖ρε - ρref‖ = 3.7576078179309625e-5 ‖Δρ‖ = 1.7229892772075145e-7  ‖vε - vref‖ = 0.17959675591233404  α = 0.011
 79   -21.48164704556      -12.60       -6.49    9.12s
    ‖ρε - ρref‖ = 3.7566220304614895e-5 ‖Δρ‖ = 7.44192573979475e-8  ‖vε - vref‖ = 0.1795904734080231  α = 0.0305
 80   -21.48164704556      -12.61       -6.17    8.97s
    ‖ρε - ρref‖ = 3.757373627145184e-5 ‖Δρ‖ = 1.48551657672651e-7  ‖vε - vref‖ = 0.17958809369665318  α = 0.0148
 81   -21.48164704556      -13.13       -6.07    7.41s
    ‖ρε - ρref‖ = 3.7568110921051014e-5 ‖Δρ‖ = 2.6004117583259243e-7  ‖vε - vref‖ = 0.1795873027084034  α = 0.0049
 82   -21.48164704556      -13.02       -6.41    9.19s
    ‖ρε - ρref‖ = 3.757568804472847e-5 ‖Δρ‖ = 1.0057688848732609e-7  ‖vε - vref‖ = 0.17959044522676618  α = 0.0142
 83   -21.48164704556      -12.96       -6.60    8.98s
    ‖ρε - ρref‖ = 3.7549650304361646e-5 ‖Δρ‖ = 5.857157636910852e-8  ‖vε - vref‖ = 0.17959454675416717  α = 0.025

#-- ‖ρε - ρref‖ = 3.7571854477415416e-5 vs. 1.333521432163324e-7 = δ*ε ‖vε - vref‖ = 0.17960081891660679


# --- ε=1.0e-5

n     Energy            log10(ΔE)   log10(Δρ)   Δtime 
---   ---------------   ---------   ---------   ------
  1   -21.48162222761                   -1.26    12.4s
    ‖ρε - ρref‖ = 0.03479336391691256 ‖Δρ‖ = 0.03476917064193429  ‖vε - vref‖ = 0.5198746317021598  α = 0.000249
  2   -21.48162282489       -6.22       -2.34    8.49s
    ‖ρε - ρref‖ = 0.0018810094508767946 ‖Δρ‖ = 0.0018742566471315917  ‖vε - vref‖ = 0.3541335288306297  α = 0.00165
  3   -21.48162306844       -6.61       -2.57    8.83s
    ‖ρε - ρref‖ = 0.0009564486777181101 ‖Δρ‖ = 0.0009498920296830684  ‖vε - vref‖ = 0.2826304060565357  α = 0.00213
  4   -21.48162323028       -6.79       -2.57    7.18s
    ‖ρε - ρref‖ = 0.0010108782425850206 ‖Δρ‖ = 0.0010049965355118046  ‖vε - vref‖ = 0.2125875673058177  α = 0.00161
  5   -21.48162335579       -6.90       -3.18    8.90s
    ‖ρε - ρref‖ = 0.00018271527113499967 ‖Δρ‖ = 0.00017561853802330578  ‖vε - vref‖ = 0.16143175802960044  α = 0.00853
  6   -21.48162338898       -7.48       -3.25    7.18s
    ‖ρε - ρref‖ = 0.00018778979285985093 ‖Δρ‖ = 0.0001829005818020652  ‖vε - vref‖ = 0.14654459613632262  α = 0.0041
  7   -21.48162341826       -7.53       -3.37    9.13s
    ‖ρε - ρref‖ = 0.00011542867067461962 ‖Δρ‖ = 0.00010988998853994256  ‖vε - vref‖ = 0.13622525507189298  α = 0.00659
  8   -21.48162343681       -7.73       -3.78    8.79s
    ‖ρε - ρref‖ = 5.024080508788417e-5 ‖Δρ‖ = 3.9622801942001216e-5  ‖vε - vref‖ = 0.13429115002298914  α = 0.0143
  9   -21.48162344559       -8.06       -3.87    7.42s
    ‖ρε - ρref‖ = 4.23674987529463e-5 ‖Δρ‖ = 3.080821451609652e-5  ‖vε - vref‖ = 0.13573110717422182  α = 0.0128
 10   -21.48162344965       -8.39       -3.99    9.12s
    ‖ρε - ρref‖ = 3.8050447898045235e-5 ‖Δρ‖ = 2.397814858260367e-5  ‖vε - vref‖ = 0.13793946016329492  α = 0.0112
 11   -21.48162345276       -8.51       -4.11    8.99s
    ‖ρε - ρref‖ = 3.328244303076118e-5 ‖Δρ‖ = 1.6953999014941317e-5  ‖vε - vref‖ = 0.14076478795304345  α = 0.0139
 12   -21.48162345295       -9.72       -4.23    7.39s
    ‖ρε - ρref‖ = 5.249414651747248e-5 ‖Δρ‖ = 2.6875379946564448e-5  ‖vε - vref‖ = 0.14127203604041155  α = 0.00176
 13   -21.48162345444       -8.83       -3.55    9.20s
    ‖ρε - ρref‖ = 6.66773409512231e-5 ‖Δρ‖ = 6.49433198539406e-5  ‖vε - vref‖ = 0.14375238128011825  α = 0.00247
 14   -21.48162345507       -9.20       -4.18    8.93s
    ‖ρε - ρref‖ = 3.225188590466619e-5 ‖Δρ‖ = 1.917382213235927e-5  ‖vε - vref‖ = 0.14483852894180177  α = 0.00533
 15   -21.48162345585       -9.11       -3.69    7.39s
    ‖ρε - ρref‖ = 6.0461284979341025e-5 ‖Δρ‖ = 5.298651475833567e-5  ‖vε - vref‖ = 0.14647485638260024  α = 0.00215
 16   -21.48162345626       -9.39       -3.81    9.06s
    ‖ρε - ρref‖ = 5.8141638829376664e-5 ‖Δρ‖ = 4.7896734097834316e-5  ‖vε - vref‖ = 0.14733127775223592  α = 0.00167
 17   -21.48162345705       -9.10       -4.48    9.25s
    ‖ρε - ρref‖ = 2.9804839300907892e-5 ‖Δρ‖ = 7.387877278771574e-6  ‖vε - vref‖ = 0.14962340470136604  α = 0.0159
 18   -21.48162345728       -9.64       -4.43    7.36s
    ‖ρε - ρref‖ = 2.9205859472950105e-5 ‖Δρ‖ = 1.1250919716431122e-5  ‖vε - vref‖ = 0.15012182903004823  α = 0.00547
 19   -21.48162345765       -9.44       -4.43    9.21s
    ‖ρε - ρref‖ = 2.8757919531123343e-5 ‖Δρ‖ = 9.080602733941004e-6  ‖vε - vref‖ = 0.15111065030489587  α = 0.00867
 20   -21.48162345809       -9.35       -4.36    8.97s
    ‖ρε - ρref‖ = 3.084408268804301e-5 ‖Δρ‖ = 9.639335186524997e-6  ‖vε - vref‖ = 0.1526983912596373  α = 0.00889
 21   -21.48162345848       -9.41       -5.04    7.44s
    ‖ρε - ρref‖ = 2.8450327668818958e-5 ‖Δρ‖ = 1.8632038936829869e-6  ‖vε - vref‖ = 0.15423131209941265  α = 0.0421
 22   -21.48162345870       -9.66       -4.61    9.28s
    ‖ρε - ρref‖ = 2.8252025362211937e-5 ‖Δρ‖ = 5.982574542351695e-6  ‖vε - vref‖ = 0.1548274341108955  α = 0.00989
 23   -21.48162345887       -9.75       -4.87    8.95s
    ‖ρε - ρref‖ = 2.8382571296421608e-5 ‖Δρ‖ = 2.8414183280118026e-6  ‖vε - vref‖ = 0.15529032347706145  α = 0.0193
 24   -21.48162345900       -9.90       -4.77    7.41s
    ‖ρε - ρref‖ = 2.7465024796097835e-5 ‖Δρ‖ = 4.0326847445468945e-6  ‖vε - vref‖ = 0.1555995005011199  α = 0.0111
 25   -21.48162345903      -10.50       -3.79    9.19s
    ‖ρε - ρref‖ = 8.35254872504505e-5 ‖Δρ‖ = 5.9943738661069924e-5  ‖vε - vref‖ = 0.15573078655080974  α = 0.000325
 26   -21.48162345917       -9.87       -4.85    7.42s
    ‖ρε - ρref‖ = 2.8416382163045964e-5 ‖Δρ‖ = 3.043397086028716e-6  ‖vε - vref‖ = 0.1559965717161047  α = 0.0156
 27   -21.48162345918      -10.74       -4.48    9.27s
    ‖ρε - ρref‖ = 2.9452208761702517e-5 ‖Δρ‖ = 1.2303726034515608e-5  ‖vε - vref‖ = 0.15598672425923185  α = 0.00139
 28   -21.48162345922      -10.48       -4.80    9.03s
    ‖ρε - ρref‖ = 2.8099592730273988e-5 ‖Δρ‖ = 5.314358911506215e-6  ‖vε - vref‖ = 0.15601403333122693  α = 0.00423
 29   -21.48162345935       -9.89       -4.50    7.39s
    ‖ρε - ρref‖ = 2.9182281552928696e-5 ‖Δρ‖ = 6.643644151798545e-6  ‖vε - vref‖ = 0.15606117224313232  α = 0.00672
 30   -21.48162345945      -10.00       -4.74    9.25s
    ‖ρε - ρref‖ = 2.884527100047118e-5 ‖Δρ‖ = 3.926103053931891e-6  ‖vε - vref‖ = 0.15621241264713664  α = 0.0103
 31   -21.48162345947      -10.72       -4.93    9.19s
    ‖ρε - ρref‖ = 2.8242815842948142e-5 ‖Δρ‖ = 3.840380721567531e-6  ‖vε - vref‖ = 0.15617718804449726  α = 0.00465
 32   -21.48162345955      -10.06       -5.08    7.43s
    ‖ρε - ρref‖ = 2.804865717416044e-5 ‖Δρ‖ = 1.7834579450489214e-6  ‖vε - vref‖ = 0.15595250862382162  α = 0.0207
 33   -21.48162345963      -10.14       -4.73    9.80s
    ‖ρε - ρref‖ = 2.9107390141017644e-5 ‖Δρ‖ = 4.237970259046669e-6  ‖vε - vref‖ = 0.1559231377907964  α = 0.008
 34   -21.48162345970      -10.12       -5.21    9.51s
    ‖ρε - ρref‖ = 2.833131121370211e-5 ‖Δρ‖ = 1.1990191046090742e-6  ‖vε - vref‖ = 0.1558349548373666  α = 0.029
 35   -21.48162345972      -10.65       -5.33    8.07s
    ‖ρε - ρref‖ = 2.8111126410625744e-5 ‖Δρ‖ = 1.3005389444478243e-6  ‖vε - vref‖ = 0.1557132083950516  α = 0.0147
 36   -21.48162345975      -10.67       -5.18    10.2s
    ‖ρε - ρref‖ = 2.9111245401241177e-5 ‖Δρ‖ = 1.6654592739318488e-6  ‖vε - vref‖ = 0.15565006471488183  α = 0.0104
 37   -21.48162345976      -10.75       -3.90    8.12s
    ‖ρε - ρref‖ = 2.9106643155689224e-5 ‖Δρ‖ = 3.3656580978770915e-5  ‖vε - vref‖ = 0.15552520989191213  α = 0.000459
 38   -21.48162345979      -10.52       -5.19    9.44s
    ‖ρε - ρref‖ = 2.824816829855744e-5 ‖Δρ‖ = 1.4259363909471116e-6  ‖vε - vref‖ = 0.1553759373061568  α = 0.0155
 39   -21.48162345980      -11.23       -4.89    9.80s
    ‖ρε - ρref‖ = 2.896394977908754e-5 ‖Δρ‖ = 4.470904990224755e-6  ‖vε - vref‖ = 0.1553683817685269  α = 0.00218
 40   -21.48162345982      -10.75       -4.82    7.95s
    ‖ρε - ρref‖ = 2.8680267736130317e-5 ‖Δρ‖ = 3.933388377707188e-6  ‖vε - vref‖ = 0.1552912281039763  α = 0.0043
 41   -21.48162345983      -11.08       -4.80    10.1s
    ‖ρε - ρref‖ = 2.8140088690216705e-5 ‖Δρ‖ = 5.313849930580928e-6  ‖vε - vref‖ = 0.15525856439536667  α = 0.00211
 42   -21.48162345984      -10.81       -5.32    9.56s
    ‖ρε - ρref‖ = 2.8376954869875322e-5 ‖Δρ‖ = 1.1321564570657743e-6  ‖vε - vref‖ = 0.15524181653583677  α = 0.0143
 43   -21.48162345986      -10.84       -5.43    8.09s
    ‖ρε - ρref‖ = 2.8249108244630134e-5 ‖Δρ‖ = 8.61333522657684e-7  ‖vε - vref‖ = 0.15519338137281882  α = 0.0177
 44   -21.48162345987      -10.98       -4.91    9.78s
    ‖ρε - ρref‖ = 2.812267221481754e-5 ‖Δρ‖ = 3.0714183382613365e-6  ‖vε - vref‖ = 0.1551253090258444  α = 0.00425
 45   -21.48162345988      -10.91       -5.33    7.78s
    ‖ρε - ρref‖ = 2.8121128154170487e-5 ‖Δρ‖ = 1.067633440322026e-6  ‖vε - vref‖ = 0.15504580663895967  α = 0.0134
 46   -21.48162345989      -10.97       -5.30    9.56s
    ‖ρε - ρref‖ = 2.8497483200339436e-5 ‖Δρ‖ = 1.1243830708617495e-6  ‖vε - vref‖ = 0.15509835190689292  α = 0.0118
 47   -21.48162345990      -11.08       -5.37    9.78s
    ‖ρε - ρref‖ = 2.824050528112857e-5 ‖Δρ‖ = 9.66045001232798e-7  ‖vε - vref‖ = 0.155094322810705  α = 0.0122
 48   -21.48162345990      -11.64       -5.49    7.99s
    ‖ρε - ρref‖ = 2.7312164365097035e-5 ‖Δρ‖ = 1.214697252904036e-6  ‖vε - vref‖ = 0.15507267995303714  α = 0.00436
 49   -21.48162345991      -11.09       -4.40    9.79s
    ‖ρε - ρref‖ = 3.200803952381092e-5 ‖Δρ‖ = 9.545582314808444e-6  ‖vε - vref‖ = 0.1550597434738929  α = 0.00115
 50   -21.48162345992      -10.90       -5.63    9.94s
    ‖ρε - ρref‖ = 2.8270654602379577e-5 ‖Δρ‖ = 4.6829007697327906e-7  ‖vε - vref‖ = 0.15510932324221344  α = 0.0293
 51   -21.48162345992      -11.80       -5.03    7.99s
    ‖ρε - ρref‖ = 2.8169335615444196e-5 ‖Δρ‖ = 3.2368170984589344e-6  ‖vε - vref‖ = 0.155105259762037  α = 0.00157
 52   -21.48162345993      -11.51       -5.13    9.81s
    ‖ρε - ρref‖ = 2.8157954249433762e-5 ‖Δρ‖ = 2.065833496933472e-6  ‖vε - vref‖ = 0.1551161122821653  α = 0.00347
 53   -21.48162345993      -11.99       -5.44    8.12s
    ‖ρε - ρref‖ = 2.8439061363168897e-5 ‖Δρ‖ = 1.382902372949743e-6  ‖vε - vref‖ = 0.15512393161012852  α = 0.00284
 54   -21.48162345993      -11.09       -5.60    10.2s
    ‖ρε - ρref‖ = 2.824007821662725e-5 ‖Δρ‖ = 4.770120980021978e-7  ‖vε - vref‖ = 0.15519761056821588  α = 0.0236
 55   -21.48162345994      -11.47       -5.65    10.0s
    ‖ρε - ρref‖ = 2.8258291513868274e-5 ‖Δρ‖ = 5.617600948642107e-7  ‖vε - vref‖ = 0.15522623849244596  α = 0.0132
 56   -21.48162345994      -11.70       -5.43    8.30s
    ‖ρε - ρref‖ = 2.8278028984876513e-5 ‖Δρ‖ = 1.0280480493558293e-6  ‖vε - vref‖ = 0.1552433985188513  α = 0.00559
 57   -21.48162345994      -11.45       -5.43    10.0s
    ‖ρε - ρref‖ = 2.8182805623614978e-5 ‖Δρ‖ = 8.370703528882918e-7  ‖vε - vref‖ = 0.15525225582475363  α = 0.00907
 58   -21.48162345995      -11.39       -5.73    10.0s
    ‖ρε - ρref‖ = 2.8205168297511606e-5 ‖Δρ‖ = 3.8324792390429653e-7  ‖vε - vref‖ = 0.1552667344975678  α = 0.0212
 59   -21.48162345995      -11.80       -5.66    7.97s
    ‖ρε - ρref‖ = 2.8304841436543555e-5 ‖Δρ‖ = 5.825952259819182e-7  ‖vε - vref‖ = 0.15530410311693124  α = 0.00873
 60   -21.48162345995      -12.89       -5.38    9.87s
    ‖ρε - ρref‖ = 3.018369033500481e-5 ‖Δρ‖ = 2.2325019635452633e-6  ‖vε - vref‖ = 0.1553107917436269  α = 0.000565
 61   -21.48162345995      -11.47       -5.46    8.04s
    ‖ρε - ρref‖ = 2.816858156665441e-5 ‖Δρ‖ = 6.666670008126536e-7  ‖vε - vref‖ = 0.15534621434548154  α = 0.011
 62   -21.48162345995      -11.86       -5.78    10.5s
    ‖ρε - ρref‖ = 2.82103124652909e-5 ‖Δρ‖ = 4.0314647879792816e-7  ‖vε - vref‖ = 0.15534985710478258  α = 0.0119
 63   -21.48162345995      -12.54       -5.52    9.28s
    ‖ρε - ρref‖ = 2.8320337392616178e-5 ‖Δρ‖ = 1.1351242278565367e-6  ‖vε - vref‖ = 0.15535566091998962  α = 0.00185
 64   -21.48162345996      -11.59       -5.59    7.51s
    ‖ρε - ρref‖ = 2.8281008584572573e-5 ‖Δρ‖ = 5.047088328501605e-7  ‖vε - vref‖ = 0.15538286055414324  α = 0.0126
 65   -21.48162345996      -12.20       -5.30    9.77s
    ‖ρε - ρref‖ = 2.805294438944978e-5 ‖Δρ‖ = 1.552701165723097e-6  ‖vε - vref‖ = 0.15538589139795622  α = 0.002
 66   -21.48162345996      -12.05       -5.78    7.45s
    ‖ρε - ρref‖ = 2.821338639818677e-5 ‖Δρ‖ = 4.227526456118739e-7  ‖vε - vref‖ = 0.1553861489482175  α = 0.00915
 67   -21.48162345996      -11.96       -5.87    10.1s
    ‖ρε - ρref‖ = 2.8242963889738986e-5 ‖Δρ‖ = 2.867479784590862e-7  ‖vε - vref‖ = 0.1553936170639756  α = 0.0149
 68   -21.48162345996      -12.26       -6.05    9.87s
    ‖ρε - ρref‖ = 2.8241653817875304e-5 ‖Δρ‖ = 2.525174754484938e-7  ‖vε - vref‖ = 0.15539579936713965  α = 0.0119
 69   -21.48162345996      -11.95       -5.57    7.89s
    ‖ρε - ρref‖ = 2.8284527853572178e-5 ‖Δρ‖ = 5.790388602007111e-7  ‖vε - vref‖ = 0.15540258331499907  α = 0.00731
 70   -21.48162345996      -11.99       -5.91    9.25s
    ‖ρε - ρref‖ = 2.8203581126375046e-5 ‖Δρ‖ = 2.7665039562756225e-7  ‖vε - vref‖ = 0.15538292062325684  α = 0.0147
 71   -21.48162345996      -12.39       -6.11    7.45s
    ‖ρε - ρref‖ = 2.830648237325458e-5 ‖Δρ‖ = 2.2743138938026366e-7  ‖vε - vref‖ = 0.15537651632220134  α = 0.0108
 72   -21.48162345996      -12.63       -4.94    9.26s
    ‖ρε - ρref‖ = 2.5379791814136508e-5 ‖Δρ‖ = 4.1728460077932885e-6  ‖vε - vref‖ = 0.15536699630234818  α = 0.000397
 73   -21.48162345996      -11.98       -5.95    9.26s
    ‖ρε - ρref‖ = 2.8272172136918014e-5 ‖Δρ‖ = 2.3543406946229632e-7  ‖vε - vref‖ = 0.15537196933932337  α = 0.017
 74   -21.48162345996      -12.36       -5.87    7.52s
    ‖ρε - ρref‖ = 2.819701785499274e-5 ‖Δρ‖ = 3.4524129272487053e-7  ‖vε - vref‖ = 0.15536398576681842  α = 0.00773
 75   -21.48162345996      -13.19       -5.82    9.45s
    ‖ρε - ρref‖ = 2.8200933198330843e-5 ‖Δρ‖ = 5.939315783835732e-7  ‖vε - vref‖ = 0.15536159144233475  α = 0.00169
 76   -21.48162345997      -12.13       -5.96    7.98s
    ‖ρε - ρref‖ = 2.824233789412607e-5 ‖Δρ‖ = 2.101172488145073e-7  ‖vε - vref‖ = 0.1553618452382944  α = 0.0163
 77   -21.48162345997      -12.89       -5.76    10.0s
    ‖ρε - ρref‖ = 2.8344972100768454e-5 ‖Δρ‖ = 6.069824182298265e-7  ‖vε - vref‖ = 0.1553622412293975  α = 0.00219
 78   -21.48162345997      -12.53       -6.08    9.81s
    ‖ρε - ρref‖ = 2.8228183717652912e-5 ‖Δρ‖ = 1.9948798955653363e-7  ‖vε - vref‖ = 0.15535573388465623  α = 0.0115
 79   -21.48162345997      -12.57       -6.26    7.54s
    ‖ρε - ρref‖ = 2.820828993400323e-5 ‖Δρ‖ = 1.4107654036021051e-7  ‖vε - vref‖ = 0.15533813353185089  α = 0.0151
 80   -21.48162345997      -12.37       -6.17    9.80s
    ‖ρε - ρref‖ = 2.823559188208427e-5 ‖Δρ‖ = 1.4584665704374906e-7  ‖vε - vref‖ = 0.1553275683405916  α = 0.0172
 81   -21.48162345997      -12.68       -5.75    8.05s
    ‖ρε - ρref‖ = 2.824221168678074e-5 ‖Δρ‖ = 4.696210880522783e-7  ‖vε - vref‖ = 0.15532252177292713  α = 0.00411
 82   -21.48162345997      -12.74       -6.05    10.1s
    ‖ρε - ρref‖ = 2.8250431569004382e-5 ‖Δρ‖ = 2.206997312279504e-7  ‖vε - vref‖ = 0.15532432100663518  α = 0.00772
 83   -21.48162345997      -13.37       -6.45    9.37s
    ‖ρε - ρref‖ = 2.8142333224101143e-5 ‖Δρ‖ = 1.261053444639031e-7  ‖vε - vref‖ = 0.15532292450069732  α = 0.00642
 84   -21.48162345997      -12.52       -5.18    7.81s
    ‖ρε - ρref‖ = 2.871192845565092e-5 ‖Δρ‖ = 1.296659621111016e-6  ‖vε - vref‖ = 0.1553305195703473  α = 0.00162
 85   -21.48162345997      -12.97       -6.46    9.87s
    ‖ρε - ρref‖ = 2.822254114395933e-5 ‖Δρ‖ = 9.428453324796155e-8  ‖vε - vref‖ = 0.15532524044982268  α = 0.0144
 86   -21.48162345997      -12.81       -6.28    8.07s
    ‖ρε - ρref‖ = 2.8236722146129013e-5 ‖Δρ‖ = 1.2265558941456138e-7  ‖vε - vref‖ = 0.15532216345957048  α = 0.0128
 87   -21.48162345997      -13.50       -5.69    10.0s
    ‖ρε - ρref‖ = 2.827279447309869e-5 ‖Δρ‖ = 7.095648084225384e-7  ‖vε - vref‖ = 0.155322576431091  α = 0.00115
 88   -21.48162345997      -12.73       -6.27    9.50s
    ‖ρε - ρref‖ = 2.8213955908734532e-5 ‖Δρ‖ = 1.2960231382593544e-7  ‖vε - vref‖ = 0.155314207443402  α = 0.0124
 89   -21.48162345997      -13.25       -6.10    7.43s
    ‖ρε - ρref‖ = 2.8201497738760445e-5 ‖Δρ‖ = 2.476176992100958e-7  ‖vε - vref‖ = 0.15531360654201345  α = 0.004
 90   -21.48162345997      -12.93       -5.99    9.41s
    ‖ρε - ρref‖ = 2.8280843492553463e-5 ‖Δρ‖ = 2.6099997869460386e-7  ‖vε - vref‖ = 0.15531839759240523  α = 0.00516
 91   -21.48162345997      -12.86       -6.54    7.38s
    ‖ρε - ρref‖ = 2.8239134919836766e-5 ‖Δρ‖ = 5.8295898327016077e-8  ‖vε - vref‖ = 0.1553287299377651  α = 0.0259
 92   -21.48162345997      -13.34       -6.55    9.43s
    ‖ρε - ρref‖ = 2.8222164099448458e-5 ‖Δρ‖ = 7.385980954535143e-8  ‖vε - vref‖ = 0.15532652569455221  α = 0.0122

#-- ‖ρε - ρref‖ = 2.823277273965974e-5 vs. 1.0000000000000001e-7 = δ*ε ‖vε - vref‖ = 0.15532600987391193


# --- ε=7.498942093324558e-6

n     Energy            log10(ΔE)   log10(Δρ)   Δtime 
---   ---------------   ---------   ---------   ------
  1   -21.48160478738                   -1.26    12.7s
    ‖ρε - ρref‖ = 0.0347913277154932 ‖Δρ‖ = 0.03477318601868873  ‖vε - vref‖ = 0.5255319116743625  α = 0.000186
  2   -21.48160523792       -6.35       -2.34    8.84s
    ‖ρε - ρref‖ = 0.001881088676746468 ‖Δρ‖ = 0.0018760474411590898  ‖vε - vref‖ = 0.359363031087821  α = 0.00124
  3   -21.48160542319       -6.73       -2.57    7.15s
    ‖ρε - ρref‖ = 0.0009593275969196067 ‖Δρ‖ = 0.0009544604789932567  ‖vε - vref‖ = 0.28599075258779494  α = 0.0016
  4   -21.48160554676       -6.91       -2.57    8.99s
    ‖ρε - ρref‖ = 0.0010171323978400524 ‖Δρ‖ = 0.001012768446042445  ‖vε - vref‖ = 0.2123573378169982  α = 0.00121
  5   -21.48160564436       -7.01       -3.17    7.29s
    ‖ρε - ρref‖ = 0.0001828893589900824 ‖Δρ‖ = 0.00017792514619552232  ‖vε - vref‖ = 0.15323331748586694  α = 0.00644
  6   -21.48160567044       -7.58       -3.24    9.39s
    ‖ρε - ρref‖ = 0.0001894627028266737 ‖Δρ‖ = 0.0001861699623966733  ‖vε - vref‖ = 0.13410268462716815  α = 0.0031
  7   -21.48160569381       -7.63       -3.35    7.25s
    ‖ρε - ρref‖ = 0.00011650546249104219 ‖Δρ‖ = 0.00011299179107638035  ‖vε - vref‖ = 0.11869603698088507  α = 0.00497
  8   -21.48160570910       -7.82       -3.77    9.35s
    ‖ρε - ρref‖ = 4.762469836285446e-5 ‖Δρ‖ = 4.113430772357033e-5  ‖vε - vref‖ = 0.11262721691611151  α = 0.0109
  9   -21.48160571653       -8.13       -3.85    9.32s
    ‖ρε - ρref‖ = 3.9304904186626954e-5 ‖Δρ‖ = 3.2459406594979475e-5  ‖vε - vref‖ = 0.11207042965887082  α = 0.00971
 10   -21.48160572007       -8.45       -3.96    7.40s
    ‖ρε - ρref‖ = 3.416209972786031e-5 ‖Δρ‖ = 2.5587478084978606e-5  ‖vε - vref‖ = 0.11353886557285778  α = 0.00851
 11   -21.48160572285       -8.56       -4.07    9.41s
    ‖ρε - ρref‖ = 2.8434837253484854e-5 ‖Δρ‖ = 1.8396046818450668e-5  ‖vε - vref‖ = 0.11600395092180253  α = 0.0106
 12   -21.48160572304       -9.72       -4.20    7.45s
    ‖ρε - ρref‖ = 4.6841418990091775e-5 ‖Δρ‖ = 2.8010837214898395e-5  ‖vε - vref‖ = 0.11658966032495206  α = 0.00146
 13   -21.48160572441       -8.86       -3.46    9.50s
    ‖ρε - ρref‖ = 7.798428225207565e-5 ‖Δρ‖ = 7.859961700373369e-5  ‖vε - vref‖ = 0.11905453930573165  α = 0.0017
 14   -21.48160572502       -9.22       -4.13    9.37s
    ‖ρε - ρref‖ = 2.804220766397389e-5 ‖Δρ‖ = 2.086384469697491e-5  ‖vε - vref‖ = 0.12027103680353843  α = 0.00418
 15   -21.48160572574       -9.14       -3.63    7.43s
    ‖ρε - ρref‖ = 6.477780547882789e-5 ‖Δρ‖ = 6.0731321907080255e-5  ‖vε - vref‖ = 0.12198842076366054  α = 0.00158
 16   -21.48160572611       -9.44       -3.78    9.66s
    ‖ρε - ρref‖ = 5.902811464656561e-5 ‖Δρ‖ = 5.2806297702587966e-5  ‖vε - vref‖ = 0.12284946216949585  α = 0.00124
 17   -21.48160572685       -9.13       -4.42    7.36s
    ‖ρε - ρref‖ = 2.345418368174268e-5 ‖Δρ‖ = 8.34883895277611e-6  ‖vε - vref‖ = 0.12534251088108178  α = 0.0119
 18   -21.48160572706       -9.68       -4.39    9.50s
    ‖ρε - ρref‖ = 2.327212219569629e-5 ‖Δρ‖ = 1.2235826096854726e-5  ‖vε - vref‖ = 0.1259178906594053  α = 0.00418
 19   -21.48160572740       -9.47       -4.37    7.49s
    ‖ρε - ρref‖ = 2.261400883442155e-5 ‖Δρ‖ = 1.0196572230424332e-5  ‖vε - vref‖ = 0.12709752885560216  α = 0.00649
 20   -21.48160572778       -9.41       -4.30    9.48s
    ‖ρε - ρref‖ = 2.4976051757985382e-5 ‖Δρ‖ = 1.0954264757543692e-5  ‖vε - vref‖ = 0.12883925544062758  α = 0.00641
 21   -21.48160572811       -9.48       -4.99    9.36s
    ‖ρε - ρref‖ = 2.1476205024119524e-5 ‖Δρ‖ = 2.054967746809701e-6  ‖vε - vref‖ = 0.1306494972089303  α = 0.0312
 22   -21.48160572829       -9.75       -4.57    7.42s
    ‖ρε - ρref‖ = 2.151820157181343e-5 ‖Δρ‖ = 6.386298949496909e-6  ‖vε - vref‖ = 0.13140974261913552  α = 0.00734
 23   -21.48160572843       -9.85       -4.84    9.67s
    ‖ρε - ρref‖ = 2.144048944249858e-5 ‖Δρ‖ = 3.0214868043215233e-6  ‖vε - vref‖ = 0.1320582543389162  α = 0.0143
 24   -21.48160572852      -10.06       -4.75    7.33s
    ‖ρε - ρref‖ = 2.0153186239897546e-5 ‖Δρ‖ = 4.387789280354169e-6  ‖vε - vref‖ = 0.1324598672295581  α = 0.00727
 25   -21.48160572856      -10.44       -3.67    9.50s
    ‖ρε - ρref‖ = 8.493588294508735e-5 ‖Δρ‖ = 6.869005593146994e-5  ‖vε - vref‖ = 0.13268183513575532  α = 0.000271
 26   -21.48160572866       -9.98       -4.83    7.39s
    ‖ρε - ρref‖ = 2.1474229653511636e-5 ‖Δρ‖ = 3.1082111839701693e-6  ‖vε - vref‖ = 0.13314475130774006  α = 0.0118
 27   -21.48160572867      -10.84       -4.44    9.67s
    ‖ρε - ρref‖ = 2.3735106538055673e-5 ‖Δρ‖ = 1.3302674689171931e-5  ‖vε - vref‖ = 0.13316918652873005  α = 0.000991
 28   -21.48160572870      -10.61       -4.80    7.40s
    ‖ρε - ρref‖ = 2.121845776912535e-5 ‖Δρ‖ = 5.289934589378947e-6  ‖vε - vref‖ = 0.13325534264414676  α = 0.00319
 29   -21.48160572880       -9.99       -4.51    9.65s
    ‖ρε - ρref‖ = 2.2318560721806045e-5 ‖Δρ‖ = 6.441884053607544e-6  ‖vε - vref‖ = 0.13356605002190872  α = 0.00544
 30   -21.48160572888      -10.08       -4.72    9.78s
    ‖ρε - ρref‖ = 2.1936349640397545e-5 ‖Δρ‖ = 4.059244972459351e-6  ‖vε - vref‖ = 0.13392955936102635  α = 0.00793
 31   -21.48160572890      -10.81       -4.91    7.33s
    ‖ρε - ρref‖ = 2.133190833195625e-5 ‖Δρ‖ = 4.022526934987846e-6  ‖vε - vref‖ = 0.13394118021328735  α = 0.00349
 32   -21.48160572897      -10.12       -5.06    9.28s
    ‖ρε - ρref‖ = 2.104380368065154e-5 ‖Δρ‖ = 1.8517028102798822e-6  ‖vε - vref‖ = 0.13394084628891118  α = 0.0162
 33   -21.48160572904      -10.19       -4.69    7.34s
    ‖ρε - ρref‖ = 2.2284408503846552e-5 ‖Δρ‖ = 4.555189856092835e-6  ‖vε - vref‖ = 0.1340843787651245  α = 0.00615
 34   -21.48160572912      -10.11       -5.16    9.65s
    ‖ρε - ρref‖ = 2.1322624723766987e-5 ‖Δρ‖ = 1.3328822421172026e-6  ‖vε - vref‖ = 0.13415370142833674  α = 0.0227
 35   -21.48160572914      -10.63       -5.26    7.32s
    ‖ρε - ρref‖ = 2.109796821269929e-5 ‖Δρ‖ = 1.5382111207277119e-6  ‖vε - vref‖ = 0.13407111837129843  α = 0.0109
 36   -21.48160572915      -10.83       -5.11    9.46s
    ‖ρε - ρref‖ = 2.2665140641013603e-5 ‖Δρ‖ = 2.241618047250735e-6  ‖vε - vref‖ = 0.1340582402318471  α = 0.00539
 37   -21.48160572918      -10.63       -3.88    9.38s
    ‖ρε - ρref‖ = 2.99356001114689e-5 ‖Δρ‖ = 3.258798692610798e-5  ‖vε - vref‖ = 0.13392987493370756  α = 0.000492
 38   -21.48160572921      -10.48       -5.11    7.43s
    ‖ρε - ρref‖ = 2.1208594661110275e-5 ‖Δρ‖ = 1.7015318607616263e-6  ‖vε - vref‖ = 0.13375826829488982  α = 0.0119
 39   -21.48160572922      -11.24       -4.78    9.69s
    ‖ρε - ρref‖ = 2.2428900149961425e-5 ‖Δρ‖ = 5.821301277679978e-6  ‖vε - vref‖ = 0.13374843504754827  α = 0.00144
 40   -21.48160572924      -10.72       -4.80    7.38s
    ‖ρε - ρref‖ = 2.181853379886826e-5 ‖Δρ‖ = 4.160645678096784e-6  ‖vε - vref‖ = 0.13365666822907787  α = 0.00365
 41   -21.48160572925      -11.00       -4.70    9.38s
    ‖ρε - ρref‖ = 2.1503285735595392e-5 ‖Δρ‖ = 6.457840408121493e-6  ‖vε - vref‖ = 0.13361021532061834  α = 0.00165
 42   -21.48160572926      -10.78       -5.20    7.32s
    ‖ρε - ρref‖ = 2.1443689475649687e-5 ‖Δρ‖ = 1.4860807794185017e-6  ‖vε - vref‖ = 0.1335708761842732  α = 0.00978
 43   -21.48160572928      -10.82       -5.37    9.72s
    ‖ρε - ρref‖ = 2.1228685266556445e-5 ‖Δρ‖ = 9.73769704894793e-7  ‖vε - vref‖ = 0.133473024175158  α = 0.0141
 44   -21.48160572929      -10.97       -4.83    7.43s
    ‖ρε - ρref‖ = 2.118408651513325e-5 ‖Δρ‖ = 3.690858452269344e-6  ‖vε - vref‖ = 0.1333657125942098  α = 0.00313
 45   -21.48160572930      -10.89       -5.26    9.37s
    ‖ρε - ρref‖ = 2.109265978060409e-5 ‖Δρ‖ = 1.2322379857302412e-6  ‖vε - vref‖ = 0.13322877063874114  α = 0.0104
 46   -21.48160572931      -10.94       -5.21    9.29s
    ‖ρε - ρref‖ = 2.1538069815444854e-5 ‖Δρ‖ = 1.3545923724486795e-6  ‖vε - vref‖ = 0.13322717891885444  α = 0.00884
 47   -21.48160572932      -11.08       -5.29    7.33s
    ‖ρε - ρref‖ = 2.1228819259933908e-5 ‖Δρ‖ = 1.1549529594648918e-6  ‖vε - vref‖ = 0.13317583909151273  α = 0.00895
 48   -21.48160572932      -11.74       -5.38    9.72s
    ‖ρε - ρref‖ = 1.9937613177674304e-5 ‖Δρ‖ = 1.6474967601349938e-6  ‖vε - vref‖ = 0.1331463773918329  α = 0.00244
 49   -21.48160572933      -11.06       -4.42    7.39s
    ‖ρε - ρref‖ = 2.459618115001034e-5 ‖Δρ‖ = 8.822908287414075e-6  ‖vε - vref‖ = 0.13307661523910416  α = 0.00115
 50   -21.48160572935      -10.86       -5.57    9.42s
    ‖ρε - ρref‖ = 2.124953769719872e-5 ‖Δρ‖ = 5.24643152803831e-7  ‖vε - vref‖ = 0.13303188255041573  α = 0.0242
 51   -21.48160572935      -11.75       -4.92    7.48s
    ‖ρε - ρref‖ = 2.1289915595381822e-5 ‖Δρ‖ = 4.100090131728782e-6  ‖vε - vref‖ = 0.13301486632128054  α = 0.00113
 52   -21.48160572935      -11.47       -5.05    9.70s
    ‖ρε - ρref‖ = 2.115581332534675e-5 ‖Δρ‖ = 2.4292226098544124e-6  ‖vε - vref‖ = 0.13300157577200872  α = 0.00272
 53   -21.48160572935      -11.95       -5.36    7.37s
    ‖ρε - ρref‖ = 2.1478532722124328e-5 ‖Δρ‖ = 1.660499258794969e-6  ‖vε - vref‖ = 0.13300240816802525  α = 0.00216
 54   -21.48160572936      -11.06       -5.49    9.56s
    ‖ρε - ρref‖ = 2.1222327239879147e-5 ‖Δρ‖ = 6.04867051349165e-7  ‖vε - vref‖ = 0.13302425654678024  α = 0.017
 55   -21.48160572936      -11.40       -5.55    7.31s
    ‖ρε - ρref‖ = 2.1244487417173553e-5 ‖Δρ‖ = 6.77768885823468e-7  ‖vε - vref‖ = 0.13303501816653432  α = 0.0103
 56   -21.48160572937      -11.63       -5.35    9.62s
    ‖ρε - ρref‖ = 2.1271073466836164e-5 ‖Δρ‖ = 1.2320499817707877e-6  ‖vε - vref‖ = 0.13304250089577743  α = 0.00437
 57   -21.48160572937      -11.39       -5.31    9.34s
    ‖ρε - ρref‖ = 2.115232227294902e-5 ‖Δρ‖ = 1.0889521840679984e-6  ‖vε - vref‖ = 0.1330352853942602  α = 0.00655
 58   -21.48160572938      -11.28       -5.63    7.50s
    ‖ρε - ρref‖ = 2.1179379275003722e-5 ‖Δρ‖ = 4.819865084543918e-7  ‖vε - vref‖ = 0.13304105902739477  α = 0.0167
 59   -21.48160572938      -11.70       -5.56    9.67s
    ‖ρε - ρref‖ = 2.1296690513814233e-5 ‖Δρ‖ = 7.382386825011628e-7  ‖vε - vref‖ = 0.13308200282994975  α = 0.00676
 60   -21.48160572938      -12.72       -5.22    7.38s
    ‖ρε - ρref‖ = 2.4034421426091415e-5 ‖Δρ‖ = 3.207140510991636e-6  ‖vε - vref‖ = 0.13308997586175153  α = 0.000393
 61   -21.48160572938      -11.35       -5.36    9.46s
    ‖ρε - ρref‖ = 2.113057704293847e-5 ‖Δρ‖ = 8.382579171037588e-7  ‖vε - vref‖ = 0.13313423959664689  α = 0.00877
 62   -21.48160572938      -11.73       -5.64    7.38s
    ‖ρε - ρref‖ = 2.1188492036431545e-5 ‖Δρ‖ = 5.538091564840392e-7  ‖vε - vref‖ = 0.1331472580283459  α = 0.00884
 63   -21.48160572938      -12.44       -5.44    9.64s
    ‖ρε - ρref‖ = 2.1332755354922323e-5 ‖Δρ‖ = 1.342997386954913e-6  ‖vε - vref‖ = 0.13315651628997752  α = 0.00157
 64   -21.48160572939      -11.42       -5.42    7.42s
    ‖ρε - ρref‖ = 2.1281534865801828e-5 ‖Δρ‖ = 7.201641328934573e-7  ‖vε - vref‖ = 0.13321649939653085  α = 0.00929
 65   -21.48160572939      -12.08       -5.20    9.51s
    ‖ρε - ρref‖ = 2.1001296184786916e-5 ‖Δρ‖ = 1.979892451386863e-6  ‖vε - vref‖ = 0.1332253659048474  α = 0.00158
 66   -21.48160572939      -11.86       -5.58    7.28s
    ‖ρε - ρref‖ = 2.1178388599917943e-5 ‖Δρ‖ = 6.443092410463819e-7  ‖vε - vref‖ = 0.13323609684520613  α = 0.00639
 67   -21.48160572939      -11.87       -5.72    9.59s
    ‖ρε - ρref‖ = 2.1224647565720297e-5 ‖Δρ‖ = 4.090960079130526e-7  ‖vε - vref‖ = 0.13325965615957974  α = 0.0102
 68   -21.48160572939      -12.06       -5.90    9.52s
    ‖ρε - ρref‖ = 2.1228161130902238e-5 ‖Δρ‖ = 3.2404167525418577e-7  ‖vε - vref‖ = 0.13327778435105597  α = 0.0101
 69   -21.48160572939      -12.02       -5.43    8.11s
    ‖ρε - ρref‖ = 2.1296631903625512e-5 ‖Δρ‖ = 8.842806310487417e-7  ‖vε - vref‖ = 0.13329941039907392  α = 0.00391
 70   -21.48160572940      -11.81       -5.81    10.3s
    ‖ρε - ρref‖ = 2.11788739768277e-5 ‖Δρ‖ = 3.159889125338778e-7  ‖vε - vref‖ = 0.1332989181269492  α = 0.0138
 71   -21.48160572940      -12.32       -5.98    7.87s
    ‖ρε - ρref‖ = 2.1304414301980165e-5 ‖Δρ‖ = 2.9788509551105666e-7  ‖vε - vref‖ = 0.13330123200304966  α = 0.00791
 72   -21.48160572940      -12.63       -4.86    10.7s
    ‖ρε - ρref‖ = 1.7920199651311415e-5 ‖Δρ‖ = 5.086344882576734e-6  ‖vε - vref‖ = 0.13329608913670582  α = 0.000287
 73   -21.48160572940      -11.84       -5.86    8.01s
    ‖ρε - ρref‖ = 2.1249060034618376e-5 ‖Δρ‖ = 2.755809102460109e-7  ‖vε - vref‖ = 0.13332361664593234  α = 0.015
 74   -21.48160572940      -12.23       -5.72    10.2s
    ‖ρε - ρref‖ = 2.114777031573671e-5 ‖Δρ‖ = 4.824820959333068e-7  ‖vε - vref‖ = 0.13332125967716746  α = 0.00572
 75   -21.48160572940      -12.97       -5.76    7.98s
    ‖ρε - ρref‖ = 2.1180086469738468e-5 ‖Δρ‖ = 6.737087760463335e-7  ‖vε - vref‖ = 0.13331982622848362  α = 0.00163
 76   -21.48160572940      -11.93       -5.70    10.4s
    ‖ρε - ρref‖ = 2.1235744621996687e-5 ‖Δρ‖ = 3.7369860684056086e-7  ‖vε - vref‖ = 0.1333388482761531  α = 0.00991
 77   -21.48160572940      -12.78       -5.69    7.90s
    ‖ρε - ρref‖ = 2.1340119279552228e-5 ‖Δρ‖ = 7.040559852054799e-7  ‖vε - vref‖ = 0.1333414030112931  α = 0.00199
 78   -21.48160572940      -12.32       -5.82    10.3s
    ‖ρε - ρref‖ = 2.119589862123979e-5 ‖Δρ‖ = 3.5956405245909086e-7  ‖vε - vref‖ = 0.13333860280321022  α = 0.00683
 79   -21.48160572940      -12.40       -6.13    8.06s
    ‖ρε - ρref‖ = 2.1173777474021427e-5 ‖Δρ‖ = 1.957158385845842e-7  ‖vε - vref‖ = 0.13332009769411915  α = 0.0114
 80   -21.48160572940      -12.17       -6.05    10.2s
    ‖ρε - ρref‖ = 2.121195566359363e-5 ‖Δρ‖ = 1.8758757084575726e-7  ‖vε - vref‖ = 0.13330834394708538  α = 0.0152
 81   -21.48160572940      -12.42       -5.61    8.03s
    ‖ρε - ρref‖ = 2.1222374859161443e-5 ‖Δρ‖ = 6.533111786360081e-7  ‖vε - vref‖ = 0.13330284444532048  α = 0.00328
 82   -21.48160572940      -12.53       -5.81    10.7s
    ‖ρε - ρref‖ = 2.1236013523796044e-5 ‖Δρ‖ = 3.8578919160977996e-7  ‖vε - vref‖ = 0.13330426187554084  α = 0.00507
 83   -21.48160572940      -12.87       -6.28    9.82s
    ‖ρε - ρref‖ = 2.1093979445372862e-5 ‖Δρ‖ = 1.681090409876086e-7  ‖vε - vref‖ = 0.13330167495308448  α = 0.00639
 84   -21.48160572940      -12.32       -4.89    7.46s
    ‖ρε - ρref‖ = 2.2335186233338753e-5 ‖Δρ‖ = 2.5598743303149333e-6  ‖vε - vref‖ = 0.13330843223131394  α = 0.000911
 85   -21.48160572940      -12.75       -6.27    9.94s
    ‖ρε - ρref‖ = 2.1196024519303388e-5 ‖Δρ‖ = 1.405653265765682e-7  ‖vε - vref‖ = 0.13330016177832574  α = 0.0107
 86   -21.48160572940      -12.68       -6.13    8.07s
    ‖ρε - ρref‖ = 2.121523052323804e-5 ‖Δρ‖ = 1.7125861215652632e-7  ‖vε - vref‖ = 0.13329299706763928  α = 0.00971
 87   -21.48160572940      -13.37       -5.66    10.8s
    ‖ρε - ρref‖ = 2.1244879514479955e-5 ‖Δρ‖ = 7.922403378709111e-7  ‖vε - vref‖ = 0.13329232306459815  α = 0.000966
 88   -21.48160572940      -12.57       -6.05    8.26s
    ‖ρε - ρref‖ = 2.1170299119105572e-5 ‖Δρ‖ = 2.129128223420666e-7  ‖vε - vref‖ = 0.1332738590749034  α = 0.0083
 89   -21.48160572940      -12.92       -5.99    10.2s
    ‖ρε - ρref‖ = 2.118172204865122e-5 ‖Δρ‖ = 2.8920823776369183e-7  ‖vε - vref‖ = 0.13327037188428592  α = 0.00433
 90   -21.48160572940      -12.75       -5.71    8.08s
    ‖ρε - ρref‖ = 2.1313372038222035e-5 ‖Δρ‖ = 5.132307361952656e-7  ‖vε - vref‖ = 0.13327140724391745  α = 0.00279
 91   -21.48160572940      -12.51       -6.32    10.5s
    ‖ρε - ρref‖ = 2.1219083418876995e-5 ‖Δρ‖ = 9.29478760589933e-8  ‖vε - vref‖ = 0.13327938621608237  α = 0.0201
 92   -21.48160572940      -13.00       -6.32    8.13s
    ‖ρε - ρref‖ = 2.1190966753593088e-5 ‖Δρ‖ = 1.155814949941442e-7  ‖vε - vref‖ = 0.13327260526573154  α = 0.0102
 93   -21.48160572940      -13.11       -6.13    10.4s
    ‖ρε - ρref‖ = 2.1205523547333665e-5 ‖Δρ‖ = 2.0421628730362543e-7  ‖vε - vref‖ = 0.13326999363392455  α = 0.005
 94   -21.48160572940      -12.85       -6.04    8.02s
    ‖ρε - ρref‖ = 2.1201297729500714e-5 ‖Δρ‖ = 2.165747135398188e-7  ‖vε - vref‖ = 0.1332668123040612  α = 0.00579
 95   -21.48160572940      -13.97       -6.03    10.5s
    ‖ρε - ρref‖ = 2.1579862691392438e-5 ‖Δρ‖ = 4.5400857198692047e-7  ‖vε - vref‖ = 0.13326783389423352  α = 0.000668
 96   -21.48160572940      -13.03       -5.75    8.03s
    ‖ρε - ρref‖ = 2.1149561524051632e-5 ‖Δρ‖ = 4.2758654940950926e-7  ‖vε - vref‖ = 0.13326632505268604  α = 0.00264
 97   -21.48160572940      -12.97       -6.49    10.6s
    ‖ρε - ρref‖ = 2.1207714375203664e-5 ‖Δρ‖ = 6.808683782213469e-8  ‖vε - vref‖ = 0.13326520252691354  α = 0.0162
 98   -21.48160572940      -13.03       -6.48    7.97s
    ‖ρε - ρref‖ = 2.1208192869461187e-5 ‖Δρ‖ = 8.27945747008997e-8  ‖vε - vref‖ = 0.13326608376934962  α = 0.0123
 99   -21.48160572940      -13.97       -5.81    10.4s
    ‖ρε - ρref‖ = 2.1199682248724822e-5 ‖Δρ‖ = 5.543565850523568e-7  ‖vε - vref‖ = 0.13326543021979512  α = 0.000908
 100   -21.48160572940      -13.00       -6.28    8.13s
    ‖ρε - ρref‖ = 2.121979863672553e-5 ‖Δρ‖ = 1.1660986476414035e-7  ‖vε - vref‖ = 0.1332696028682232  α = 0.00988
 101   -21.48160572940      -13.34       -6.16    10.7s
    ‖ρε - ρref‖ = 2.1206517641819904e-5 ‖Δρ‖ = 1.902865156512655e-7  ‖vε - vref‖ = 0.13326796613414718  α = 0.00387
 102   -21.48160572940      -13.50       -6.09    8.04s
    ‖ρε - ρref‖ = 2.1146817607422965e-5 ‖Δρ‖ = 2.746674014791713e-7  ‖vε - vref‖ = 0.13326602633700138  α = 0.00194
 103   -21.48160572940      -12.87       -6.67    10.8s
    ‖ρε - ρref‖ = 2.1210052586302736e-5 ‖Δρ‖ = 3.8365720197439434e-8  ‖vε - vref‖ = 0.13326772747583465  α = 0.0332
 104   -21.48160572940      -13.34       -6.36    10.2s
    ‖ρε - ρref‖ = 2.1201147482644857e-5 ‖Δρ‖ = 1.1129433223275298e-7  ‖vε - vref‖ = 0.1332673251652753  α = 0.00625
 105   -21.48160572940      -13.75       -6.76    10.5s
    ‖ρε - ρref‖ = 2.120563911186043e-5 ‖Δρ‖ = 4.5961169307274696e-8  ‖vε - vref‖ = 0.13326734072551422  α = 0.00376
 106   -21.48160572940      -13.45       -6.14    10.4s
    ‖ρε - ρref‖ = 2.125519665860649e-5 ‖Δρ‖ = 1.7111594110638067e-7  ‖vε - vref‖ = 0.1332699113080338  α = 0.00387
 107   -21.48160572940   +  -14.45       -5.67    8.02s
    ‖ρε - ρref‖ = 2.0525195505028742e-5 ‖Δρ‖ = 9.19052516032032e-7  ‖vε - vref‖ = 0.13326943411676753  α = 0.000236
 108   -21.48160572940      -13.34       -6.60    10.4s
    ‖ρε - ρref‖ = 2.1214902439960827e-5 ‖Δρ‖ = 5.9128164082278535e-8  ‖vε - vref‖ = 0.1332727429628504  α = 0.0118
 109   -21.48160572940      -13.45       -6.43    7.82s
    ‖ρε - ρref‖ = 2.120098650414706e-5 ‖Δρ‖ = 7.713584317762157e-8  ‖vε - vref‖ = 0.13327354170443742  α = 0.0102
 110   -21.48160572940      -13.34       -6.70    10.5s
    ‖ρε - ρref‖ = 2.120955611526754e-5 ‖Δρ‖ = 4.661243694585503e-8  ‖vε - vref‖ = 0.13327491047701143  α = 0.013
 111   -21.48160572941      -14.45       -5.87    7.77s
    ‖ρε - ρref‖ = 2.124192142732902e-5 ‖Δρ‖ = 4.435847372109614e-7  ‖vε - vref‖ = 0.13327615887701047  α = 0.000793
 112   -21.48160572941      -13.50       -6.73    11.2s
    ‖ρε - ρref‖ = 2.1208121286528388e-5 ‖Δρ‖ = 4.486652115594894e-8  ‖vε - vref‖ = 0.13327617849476198  α = 0.012
 113   -21.48160572941      -14.15       -6.49    7.93s
    ‖ρε - ρref‖ = 2.1200108192465848e-5 ‖Δρ‖ = 8.612415057459548e-8  ‖vε - vref‖ = 0.13327576662348656  α = 0.00506
 114   -21.48160572941      -14.45       -6.17    10.5s
    ‖ρε - ρref‖ = 2.1225280657680616e-5 ‖Δρ‖ = 1.8012717170746346e-7  ‖vε - vref‖ = 0.1332753982621982  α = 0.00246
 115   -21.48160572941      -13.50       -6.68    7.95s
    ‖ρε - ρref‖ = 2.1194641902871782e-5 ‖Δρ‖ = 5.587380845670796e-8  ‖vε - vref‖ = 0.13327280401588748  α = 0.00699
 116   -21.48160572941   +    -Inf       -6.27    10.5s
    ‖ρε - ρref‖ = 2.1205829010112115e-5 ‖Δρ‖ = 1.4313470476014105e-7  ‖vε - vref‖ = 0.1332732917337404  α = 0.00297
 117   -21.48160572941      -13.67       -6.79    8.24s
    ‖ρε - ρref‖ = 2.121708371691216e-5 ‖Δρ‖ = 3.574582111387849e-8  ‖vε - vref‖ = 0.13327614273576538  α = 0.0117
 118   -21.48160572941      -14.15       -6.03    11.1s
    ‖ρε - ρref‖ = 2.086920671470817e-5 ‖Δρ‖ = 4.386655453472919e-7  ‖vε - vref‖ = 0.1332759299060504  α = 0.00029
 119   -21.48160572941      -13.85       -6.45    8.16s
    ‖ρε - ρref‖ = 2.1218343889066138e-5 ‖Δρ‖ = 7.69519855597049e-8  ‖vε - vref‖ = 0.13327790672262657  α = 0.00642
 120   -21.48160572941      -13.85       -6.60    10.8s
    ‖ρε - ρref‖ = 2.12077131687124e-5 ‖Δρ‖ = 5.854410330888387e-8  ‖vε - vref‖ = 0.13327812652157636  α = 0.00748
 121   -21.48160572941      -13.55       -6.94    8.31s
    ‖ρε - ρref‖ = 2.1207999897925155e-5 ‖Δρ‖ = 2.3356700765229062e-8  ‖vε - vref‖ = 0.13327691166850048  α = 0.0206

#-- ‖ρε - ρref‖ = 2.12079393633967e-5 vs. 7.498942093324559e-8 = δ*ε ‖vε - vref‖ = 0.13327697890431828


# --- ε=5.623413251903491e-6

n     Energy            log10(ΔE)   log10(Δρ)   Δtime 
---   ---------------   ---------   ---------   ------
  1   -21.48159168840                   -1.26    13.4s
    ‖ρε - ρref‖ = 0.034789794185427055 ‖Δρ‖ = 0.03477619026545883  ‖vε - vref‖ = 0.5307281007195429  α = 0.00014
  2   -21.48159202770       -6.47       -2.34    7.48s
    ‖ρε - ρref‖ = 0.0018811015021314287 ‖Δρ‖ = 0.0018773340642144756  ‖vε - vref‖ = 0.36466535530718147  α = 0.00093
  3   -21.48159216809       -6.85       -2.57    10.3s
    ‖ρε - ρref‖ = 0.0009613383712337181 ‖Δρ‖ = 0.0009577162642398908  ‖vε - vref‖ = 0.29023104301457103  α = 0.00121
  4   -21.48159226203       -7.03       -2.57    7.62s
    ‖ρε - ρref‖ = 0.0010217820225804453 ‖Δρ‖ = 0.0010185346600711342  ‖vε - vref‖ = 0.2144161187327636  α = 0.000906
  5   -21.48159233728       -7.12       -3.16    10.6s
    ‖ρε - ρref‖ = 0.0001832616459537068 ‖Δρ‖ = 0.000179738788689728  ‖vε - vref‖ = 0.1495169433769685  α = 0.00486
  6   -21.48159235759       -7.69       -3.23    7.97s
    ‖ρε - ρref‖ = 0.00019129019600645368 ‖Δρ‖ = 0.00018902838317630844  ‖vε - vref‖ = 0.12686635484063266  α = 0.00233
  7   -21.48159237603       -7.73       -3.34    10.2s
    ‖ρε - ρref‖ = 0.00011763401355342716 ‖Δρ‖ = 0.00011534917250137658  ‖vε - vref‖ = 0.10657567523946487  α = 0.00375
  8   -21.48159238840       -7.91       -3.75    7.93s
    ‖ρε - ρref‖ = 4.6354492969397945e-5 ‖Δρ‖ = 4.2366362376265355e-5  ‖vε - vref‖ = 0.09564759414127426  α = 0.00828
  9   -21.48159239457       -8.21       -3.83    10.6s
    ‖ρε - ρref‖ = 3.7875000364891886e-5 ‖Δρ‖ = 3.385783216177188e-5  ‖vε - vref‖ = 0.09232447910628275  α = 0.00737
 10   -21.48159239759       -8.52       -3.94    8.07s
    ‖ρε - ρref‖ = 3.215574027581778e-5 ‖Δρ‖ = 2.7006193229360046e-5  ‖vε - vref‖ = 0.09257225810756532  α = 0.00647
 11   -21.48159240003       -8.61       -4.04    10.5s
    ‖ρε - ρref‖ = 2.57007662046667e-5 ‖Δρ‖ = 1.9732896317185884e-5  ‖vε - vref‖ = 0.09425416004312405  α = 0.00801
 12   -21.48159240021       -9.73       -4.17    8.14s
    ‖ρε - ρref‖ = 4.281876980370073e-5 ‖Δρ‖ = 2.8986426249195997e-5  ‖vε - vref‖ = 0.0949166252217224  α = 0.00121
 13   -21.48159240145       -8.91       -3.38    10.2s
    ‖ρε - ρref‖ = 9.23829549098615e-5 ‖Δρ‖ = 9.37897514497478e-5  ‖vε - vref‖ = 0.0971296491915597  α = 0.00118
 14   -21.48159240203       -9.24       -4.09    8.06s
    ‖ρε - ρref‖ = 2.613741738320722e-5 ‖Δρ‖ = 2.2515573875962234e-5  ‖vε - vref‖ = 0.09839792627293567  α = 0.00329
 15   -21.48159240269       -9.18       -3.58    10.7s
    ‖ρε - ρref‖ = 7.12723877347461e-5 ‖Δρ‖ = 6.902484897231749e-5  ‖vε - vref‖ = 0.10007925665979608  α = 0.00116
 16   -21.48159240302       -9.49       -3.74    8.16s
    ‖ρε - ρref‖ = 6.160602395309166e-5 ‖Δρ‖ = 5.774641992461025e-5  ‖vε - vref‖ = 0.10088517434883747  α = 0.000922
 17   -21.48159240371       -9.16       -4.37    10.5s
    ‖ρε - ρref‖ = 1.9161793364711663e-5 ‖Δρ‖ = 9.385909937817445e-6  ‖vε - vref‖ = 0.1034807363669432  α = 0.00889
 18   -21.48159240391       -9.72       -4.35    8.04s
    ‖ρε - ρref‖ = 1.958126440717644e-5 ‖Δρ‖ = 1.3304865366016953e-5  ‖vε - vref‖ = 0.10410791731227696  α = 0.00322
 19   -21.48159240423       -9.49       -4.31    10.7s
    ‖ρε - ρref‖ = 1.8772123678343563e-5 ‖Δρ‖ = 1.1529585989601595e-5  ‖vε - vref‖ = 0.10544692904702244  α = 0.00488
 20   -21.48159240458       -9.46       -4.25    7.98s
    ‖ρε - ρref‖ = 2.1438698695594366e-5 ‖Δρ‖ = 1.2556638898614403e-5  ‖vε - vref‖ = 0.10728113854641566  α = 0.00463
 21   -21.48159240488       -9.52       -4.93    10.5s
    ‖ρε - ρref‖ = 1.6274439035758913e-5 ‖Δρ‖ = 2.2960293522003782e-6  ‖vε - vref‖ = 0.10933520029155762  α = 0.0234
 22   -21.48159240503       -9.82       -4.53    8.01s
    ‖ρε - ρref‖ = 1.6728782755455617e-5 ‖Δρ‖ = 6.981958567377051e-6  ‖vε - vref‖ = 0.11019457611390916  α = 0.00544
 23   -21.48159240515       -9.92       -4.80    10.5s
    ‖ρε - ρref‖ = 1.629628668056184e-5 ‖Δρ‖ = 3.297416729145781e-6  ‖vε - vref‖ = 0.1109702845897052  α = 0.0105
 24   -21.48159240521      -10.19       -4.71    8.20s
    ‖ρε - ρref‖ = 1.4794508769771281e-5 ‖Δρ‖ = 4.816683033655011e-6  ‖vε - vref‖ = 0.11141768093788727  α = 0.00494
 25   -21.48159240525      -10.46       -3.61    10.4s
    ‖ρε - ρref‖ = 8.493004814279155e-5 ‖Δρ‖ = 7.352135234429891e-5  ‖vε - vref‖ = 0.1117050453789251  α = 0.000219
 26   -21.48159240533      -10.09       -4.80    8.09s
    ‖ρε - ρref‖ = 1.630613214695681e-5 ‖Δρ‖ = 3.285909925202209e-6  ‖vε - vref‖ = 0.11228428821005096  α = 0.00866
 27   -21.48159240534      -10.96       -4.42    10.5s
    ‖ρε - ρref‖ = 1.9903128606125816e-5 ‖Δρ‖ = 1.3819364118796345e-5  ‖vε - vref‖ = 0.11232936231264737  α = 0.000726
 28   -21.48159240536      -10.73       -4.79    7.97s
    ‖ρε - ρref‖ = 1.6146643411775262e-5 ‖Δρ‖ = 5.27867991455277e-6  ‖vε - vref‖ = 0.11245497313582829  α = 0.00242
 29   -21.48159240544      -10.11       -4.49    10.4s
    ‖ρε - ρref‖ = 1.7369094175008238e-5 ‖Δρ‖ = 6.535741265813655e-6  ‖vε - vref‖ = 0.11294552285500203  α = 0.00411
 30   -21.48159240550      -10.21       -4.70    7.84s
    ‖ρε - ρref‖ = 1.6790220775249482e-5 ‖Δρ‖ = 4.132056747565602e-6  ‖vε - vref‖ = 0.11345269997886977  α = 0.00594
 31   -21.48159240551      -10.94       -4.91    10.4s
    ‖ρε - ρref‖ = 1.6167289561733813e-5 ‖Δρ‖ = 3.965581714271648e-6  ‖vε - vref‖ = 0.1135022935183684  α = 0.00264
 32   -21.48159240557      -10.24       -5.05    7.70s
    ‖ρε - ρref‖ = 1.579807181272266e-5 ‖Δρ‖ = 1.8648624947145623e-6  ‖vε - vref‖ = 0.1137251012254214  α = 0.0123
 33   -21.48159240562      -10.31       -4.68    10.7s
    ‖ρε - ρref‖ = 1.717397961127042e-5 ‖Δρ‖ = 4.613788948105594e-6  ‖vε - vref‖ = 0.11404643503259525  α = 0.00464
 34   -21.48159240568      -10.19       -5.13    8.17s
    ‖ρε - ρref‖ = 1.6053557342348604e-5 ‖Δρ‖ = 1.373404665102678e-6  ‖vε - vref‖ = 0.11436543359826819  α = 0.0177
 35   -21.48159240570      -10.69       -5.23    11.0s
    ‖ρε - ρref‖ = 1.584329507706104e-5 ‖Δρ‖ = 1.6367958001527583e-6  ‖vε - vref‖ = 0.11437010404099267  α = 0.00836
 36   -21.48159240571      -10.97       -5.07    7.96s
    ‖ρε - ρref‖ = 1.7792442738839275e-5 ‖Δρ‖ = 2.6389398285675446e-6  ‖vε - vref‖ = 0.11440860926131623  α = 0.00332
 37   -21.48159240573      -10.64       -3.89    10.7s
    ‖ρε - ρref‖ = 2.8765096862879435e-5 ‖Δρ‖ = 3.0859182710964614e-5  ‖vε - vref‖ = 0.11436528439637726  α = 0.000452
 38   -21.48159240577      -10.49       -5.06    7.88s
    ‖ρε - ρref‖ = 1.5942121358899517e-5 ‖Δρ‖ = 1.8779840519017736e-6  ‖vε - vref‖ = 0.11428894931640277  α = 0.00923
 39   -21.48159240577      -11.26       -4.72    9.92s
    ‖ρε - ρref‖ = 1.7763203009659755e-5 ‖Δρ‖ = 6.7659728520380795e-6  ‖vε - vref‖ = 0.11429491286182734  α = 0.00105
 40   -21.48159240579      -10.72       -4.75    7.99s
    ‖ρε - ρref‖ = 1.679125052570963e-5 ‖Δρ‖ = 4.54486708922639e-6  ‖vε - vref‖ = 0.1142516268094848  α = 0.00291
 41   -21.48159240580      -10.98       -4.63    10.3s
    ‖ρε - ρref‖ = 1.688185038778745e-5 ‖Δρ‖ = 7.492037833546313e-6  ‖vε - vref‖ = 0.1142275914224989  α = 0.00127
 42   -21.48159240582      -10.76       -5.11    7.64s
    ‖ρε - ρref‖ = 1.6263901373990733e-5 ‖Δρ‖ = 1.811414123332421e-6  ‖vε - vref‖ = 0.11421861041411091  α = 0.00712
 43   -21.48159240584      -10.79       -5.30    9.86s
    ‖ρε - ρref‖ = 1.5958745875524544e-5 ‖Δρ‖ = 1.118804070934733e-6  ‖vε - vref‖ = 0.11412306105288576  α = 0.0111
 44   -21.48159240585      -10.96       -4.76    8.15s
    ‖ρε - ρref‖ = 1.6117174606997018e-5 ‖Δρ‖ = 4.41021491109672e-6  ‖vε - vref‖ = 0.11401564128686358  α = 0.00231
 45   -21.48159240586      -10.85       -5.18    10.8s
    ‖ρε - ρref‖ = 1.5821570805103857e-5 ‖Δρ‖ = 1.4454235816633143e-6  ‖vε - vref‖ = 0.11386225391504567  α = 0.00804
 46   -21.48159240587      -10.91       -5.12    8.15s
    ‖ρε - ρref‖ = 1.6357379430463475e-5 ‖Δρ‖ = 1.6453680653618546e-6  ‖vε - vref‖ = 0.11384226353636143  α = 0.00661
 47   -21.48159240588      -11.06       -5.20    8.13s
    ‖ρε - ρref‖ = 1.5966724985577413e-5 ‖Δρ‖ = 1.3956600566895346e-6  ‖vε - vref‖ = 0.11376611133052615  α = 0.00661
 48   -21.48159240588      -11.71       -5.30    11.0s
    ‖ρε - ρref‖ = 1.4450540361743842e-5 ‖Δρ‖ = 1.960097743319256e-6  ‖vε - vref‖ = 0.1137289466492177  α = 0.00184
 49   -21.48159240589      -11.05       -4.33    8.18s
    ‖ρε - ρref‖ = 2.101607186654891e-5 ‖Δρ‖ = 1.0719745886241298e-5  ‖vε - vref‖ = 0.1136248101537694  α = 0.000836
 50   -21.48159240591      -10.82       -5.49    10.8s
    ‖ρε - ρref‖ = 1.5974889681332505e-5 ‖Δρ‖ = 6.050247202475269e-7  ‖vε - vref‖ = 0.11349391409293094  α = 0.0192
 51   -21.48159240591      -11.75       -4.86    8.13s
    ‖ρε - ρref‖ = 1.6226072813721917e-5 ‖Δρ‖ = 4.6087812344246245e-6  ‖vε - vref‖ = 0.11346620744847008  α = 0.000872
 52   -21.48159240591      -11.46       -4.97    11.1s
    ‖ρε - ρref‖ = 1.5964888742297443e-5 ‖Δρ‖ = 2.9077095721364677e-6  ‖vε - vref‖ = 0.11343118384342445  α = 0.00198
 53   -21.48159240592      -11.93       -5.30    8.06s
    ‖ρε - ρref‖ = 1.625965746139718e-5 ‖Δρ‖ = 1.8262494036692144e-6  ‖vε - vref‖ = 0.11342390781898297  α = 0.00174
 54   -21.48159240592      -11.06       -5.36    10.7s
    ‖ρε - ρref‖ = 1.5954823039168482e-5 ‖Δρ‖ = 8.121594756781164e-7  ‖vε - vref‖ = 0.11337586341700083  α = 0.0111
 55   -21.48159240593      -11.39       -5.49    8.27s
    ‖ρε - ρref‖ = 1.597428576900812e-5 ‖Δρ‖ = 7.634699016682286e-7  ‖vε - vref‖ = 0.11335090194174838  α = 0.00804
 56   -21.48159240593      -11.63       -5.30    10.5s
    ‖ρε - ρref‖ = 1.600349399017326e-5 ‖Δρ‖ = 1.3422494999211472e-6  ‖vε - vref‖ = 0.1133357040448268  α = 0.00349
 57   -21.48159240593      -11.42       -5.22    8.05s
    ‖ρε - ρref‖ = 1.587572778515753e-5 ‖Δρ‖ = 1.3435080574633662e-6  ‖vε - vref‖ = 0.11329047569702985  α = 0.00451
 58   -21.48159240594      -11.26       -5.55    10.5s
    ‖ρε - ρref‖ = 1.59026493545318e-5 ‖Δρ‖ = 5.590253163116051e-7  ‖vε - vref‖ = 0.11324469352053466  α = 0.0128
 59   -21.48159240594      -11.69       -5.51    8.06s
    ‖ρε - ρref‖ = 1.6038649406744977e-5 ‖Δρ‖ = 8.168635158966468e-7  ‖vε - vref‖ = 0.11326797072448365  α = 0.00543
 60   -21.48159240594      -12.64       -5.17    10.6s
    ‖ρε - ρref‖ = 1.8976051808460312e-5 ‖Δρ‖ = 3.4640598837476263e-6  ‖vε - vref‖ = 0.1132745956746901  α = 0.000337
 61   -21.48159240595      -11.32       -5.20    8.22s
    ‖ρε - ρref‖ = 1.581089594492301e-5 ‖Δρ‖ = 1.2009207043832652e-6  ‖vε - vref‖ = 0.11327246104321675  α = 0.00555
 62   -21.48159240595      -11.67       -5.55    11.3s
    ‖ρε - ρref‖ = 1.5916584534694883e-5 ‖Δρ‖ = 6.724073617545546e-7  ‖vε - vref‖ = 0.1132707079012703  α = 0.00676
 63   -21.48159240595      -12.30       -5.45    8.09s
    ‖ρε - ρref‖ = 1.6067781288065907e-5 ‖Δρ‖ = 1.3156444581365157e-6  ‖vε - vref‖ = 0.11327927882583343  α = 0.00162
 64   -21.48159240595      -11.31       -5.22    10.6s
    ‖ρε - ρref‖ = 1.605436279176579e-5 ‖Δρ‖ = 1.1444263931362257e-6  ‖vε - vref‖ = 0.11331891128131873  α = 0.00574
 65   -21.48159240596      -12.01       -5.15    8.16s
    ‖ρε - ρref‖ = 1.5722342632709337e-5 ‖Δρ‖ = 2.2099573259739783e-6  ‖vε - vref‖ = 0.1133218291086642  α = 0.00133
 66   -21.48159240596      -11.72       -5.40    10.9s
    ‖ρε - ρref‖ = 1.5899045103031022e-5 ‖Δρ‖ = 9.649540724550195e-7  ‖vε - vref‖ = 0.11332625261763128  α = 0.00436
 67   -21.48159240596      -11.76       -5.59    7.97s
    ‖ρε - ρref‖ = 1.595795696447306e-5 ‖Δρ‖ = 5.639741756576256e-7  ‖vε - vref‖ = 0.11335024981191764  α = 0.00729
 68   -21.48159240596      -11.86       -5.75    8.09s
    ‖ρε - ρref‖ = 1.596132390648068e-5 ‖Δρ‖ = 4.195590444626112e-7  ‖vε - vref‖ = 0.11337924223582455  α = 0.00861
 69   -21.48159240596      -12.04       -5.33    11.0s
    ‖ρε - ρref‖ = 1.6055681690765554e-5 ‖Δρ‖ = 1.2199371156042907e-6  ‖vε - vref‖ = 0.11340009522389005  α = 0.00246
 70   -21.48159240596      -11.68       -5.68    8.04s
    ‖ρε - ρref‖ = 1.5891729326763273e-5 ‖Δρ‖ = 4.1332878650451156e-7  ‖vε - vref‖ = 0.11340737580669019  α = 0.0108
 71   -21.48159240596      -12.16       -5.87    11.1s
    ‖ρε - ρref‖ = 1.6022065506251993e-5 ‖Δρ‖ = 3.6515759166323137e-7  ‖vε - vref‖ = 0.11341580335578094  α = 0.00677
 72   -21.48159240596      -12.73       -4.84    8.24s
    ‖ρε - ρref‖ = 1.2101042152989246e-5 ‖Δρ‖ = 5.926878148785375e-6  ‖vε - vref‖ = 0.11341276548775879  α = 0.000197
 73   -21.48159240597      -11.73       -5.73    11.0s
    ‖ρε - ρref‖ = 1.5980698846980833e-5 ‖Δρ‖ = 3.666862633652899e-7  ‖vε - vref‖ = 0.11346311413299633  α = 0.0112
 74   -21.48159240597      -12.15       -5.62    8.25s
    ‖ρε - ρref‖ = 1.5846490586148928e-5 ‖Δρ‖ = 6.13134078265794e-7  ‖vε - vref‖ = 0.11346797502680414  α = 0.00427
 75   -21.48159240597      -12.72       -5.75    10.6s
    ‖ρε - ρref‖ = 1.5912926251967354e-5 ‖Δρ‖ = 6.416900831762311e-7  ‖vε - vref‖ = 0.11346969747189004  α = 0.00197
 76   -21.48159240597      -11.86       -5.37    8.15s
    ‖ρε - ρref‖ = 1.601563466942485e-5 ‖Δρ‖ = 7.981415024248744e-7  ‖vε - vref‖ = 0.11351734948974808  α = 0.00453
 77   -21.48159240597      -12.61       -5.67    10.7s
    ‖ρε - ρref‖ = 1.6048796135426244e-5 ‖Δρ‖ = 6.780205044074919e-7  ‖vε - vref‖ = 0.1135242862200699  α = 0.00213
 78   -21.48159240597      -12.25       -5.56    8.14s
    ‖ρε - ρref‖ = 1.589523501506871e-5 ‖Δρ‖ = 6.601762213880814e-7  ‖vε - vref‖ = 0.11353188737923725  α = 0.00351
 79   -21.48159240597      -12.33       -6.03    10.7s
    ‖ρε - ρref‖ = 1.588527210373448e-5 ‖Δρ‖ = 2.450395913986707e-7  ‖vε - vref‖ = 0.11352242727763573  α = 0.00854
 80   -21.48159240597      -12.05       -5.97    7.97s
    ‖ρε - ρref‖ = 1.593271684818715e-5 ‖Δρ‖ = 2.18749465019236e-7  ‖vε - vref‖ = 0.11353046085951074  α = 0.0131
 81   -21.48159240597      -12.32       -5.53    11.1s
    ‖ρε - ρref‖ = 1.5947203135895147e-5 ‖Δρ‖ = 7.677923248112066e-7  ‖vε - vref‖ = 0.1135358717737325  α = 0.0027
 82   -21.48159240597      -12.48       -5.65    8.11s
    ‖ρε - ρref‖ = 1.5966111022015436e-5 ‖Δρ‖ = 5.732501633152283e-7  ‖vε - vref‖ = 0.11354565705138919  α = 0.00327
 83   -21.48159240597      -12.48       -6.16    8.04s
    ‖ρε - ρref‖ = 1.5828887060298437e-5 ‖Δρ‖ = 1.7527519867900945e-7  ‖vε - vref‖ = 0.11355034262160323  α = 0.00889
 84   -21.48159240597      -12.26       -4.57    11.4s
    ‖ρε - ρref‖ = 1.9443469382511662e-5 ‖Δρ‖ = 5.646569719500499e-6  ‖vε - vref‖ = 0.11357098413206071  α = 0.00037
 85   -21.48159240597      -12.61       -6.13    7.58s
    ‖ρε - ρref‖ = 1.5914356256915028e-5 ‖Δρ‖ = 1.8800529232236803e-7  ‖vε - vref‖ = 0.11356702352904713  α = 0.00828
 86   -21.48159240597      -12.53       -6.01    11.1s
    ‖ρε - ρref‖ = 1.5937210801508617e-5 ‖Δρ‖ = 2.2626390767503941e-7  ‖vε - vref‖ = 0.11356440263024317  α = 0.00723
 87   -21.48159240597      -13.45       -5.71    8.24s
    ‖ρε - ρref‖ = 1.594258147092867e-5 ‖Δρ‖ = 7.179418573908929e-7  ‖vε - vref‖ = 0.11356410096319489  α = 0.00101
 88   -21.48159240597      -12.46       -5.78    10.7s
    ‖ρε - ρref‖ = 1.5850117379436648e-5 ‖Δρ‖ = 3.972285390625365e-7  ‖vε - vref‖ = 0.11354651357971272  α = 0.00437
 89   -21.48159240597      -12.66       -5.92    8.01s
    ‖ρε - ρref‖ = 1.5916872102173593e-5 ‖Δρ‖ = 3.1074472961635373e-7  ‖vε - vref‖ = 0.11354564225402784  α = 0.00478
 90   -21.48159240597      -12.76       -5.55    10.6s
    ‖ρε - ρref‖ = 1.6123735600222815e-5 ‖Δρ‖ = 8.312028984493332e-7  ‖vε - vref‖ = 0.11354911016262474  α = 0.00148
 91   -21.48159240597      -12.35       -6.15    8.05s
    ‖ρε - ρref‖ = 1.5942344622690154e-5 ‖Δρ‖ = 1.353313866258404e-7  ‖vε - vref‖ = 0.11356191630778759  α = 0.0151
 92   -21.48159240597      -12.64       -6.15    10.5s
    ‖ρε - ρref‖ = 1.5904014375348014e-5 ‖Δρ‖ = 1.6374049003004409e-7  ‖vε - vref‖ = 0.11355238262796541  α = 0.00862
 93   -21.48159240597      -12.87       -6.04    7.87s
    ‖ρε - ρref‖ = 1.593193416071905e-5 ‖Δρ‖ = 2.51913905707554e-7  ‖vε - vref‖ = 0.1135492207562292  α = 0.00465
 94   -21.48159240597      -12.66       -5.82    10.9s
    ‖ρε - ρref‖ = 1.592240182141336e-5 ‖Δρ‖ = 3.6525100413208246e-7  ‖vε - vref‖ = 0.1135437135184666  α = 0.00379
 95   -21.48159240597      -13.60       -5.91    8.19s
    ‖ρε - ρref‖ = 1.628728976045784e-5 ‖Δρ‖ = 4.848852081105528e-7  ‖vε - vref‖ = 0.11354484576680825  α = 0.00107
 96   -21.48159240597      -12.79       -5.21    8.03s
    ‖ρε - ρref‖ = 1.553266379114665e-5 ‖Δρ‖ = 1.5454107059758013e-6  ‖vε - vref‖ = 0.11353891484104517  α = 0.000776
 97   -21.48159240597      -12.84       -6.34    11.4s
    ‖ρε - ρref‖ = 1.592753627542237e-5 ‖Δρ‖ = 9.792607010938589e-8  ‖vε - vref‖ = 0.11353549571351923  α = 0.0121
 98   -21.48159240597      -12.81       -6.29    8.13s
    ‖ρε - ρref‖ = 1.592984598062767e-5 ‖Δρ‖ = 1.2140352684612294e-7  ‖vε - vref‖ = 0.11353408814676243  α = 0.00956
 99   -21.48159240597      -13.75       -5.90    11.2s
    ‖ρε - ρref‖ = 1.5925553227673403e-5 ‖Δρ‖ = 4.650677341776732e-7  ‖vε - vref‖ = 0.11353281942873289  α = 0.000993
 100   -21.48159240598      -12.79       -5.98    8.02s
    ‖ρε - ρref‖ = 1.594680442794874e-5 ‖Δρ‖ = 2.27374392173086e-7  ‖vε - vref‖ = 0.11353167738247723  α = 0.00545
 101   -21.48159240598      -13.22       -6.05    10.7s
    ‖ρε - ρref‖ = 1.5910468954931628e-5 ‖Δρ‖ = 2.3520425215341281e-7  ‖vε - vref‖ = 0.11352586504936954  α = 0.00347
 102   -21.48159240598      -13.45       -6.04    8.06s
    ‖ρε - ρref‖ = 1.585795765482607e-5 ‖Δρ‖ = 3.2846605432427064e-7  ‖vε - vref‖ = 0.11352317501991423  α = 0.00145
 103   -21.48159240598      -12.58       -6.41    11.2s
    ‖ρε - ρref‖ = 1.5931478036384783e-5 ‖Δρ‖ = 6.819166806445561e-8  ‖vε - vref‖ = 0.11351563015180383  α = 0.0213
 104   -21.48159240598      -13.34       -6.14    7.97s
    ‖ρε - ρref‖ = 1.5914161147867925e-5 ‖Δρ‖ = 1.7892742180586912e-7  ‖vε - vref‖ = 0.1135117318863843  α = 0.00468
 105   -21.48159240598      -13.15       -6.62    10.6s
    ‖ρε - ρref‖ = 1.5925189992463393e-5 ‖Δρ‖ = 5.6091666368395675e-8  ‖vε - vref‖ = 0.11351006213796277  α = 0.014
 106   -21.48159240598      -13.11       -5.94    8.05s
    ‖ρε - ρref‖ = 1.5992209978648474e-5 ‖Δρ‖ = 2.9553474477355533e-7  ‖vε - vref‖ = 0.1135112088156369  α = 0.00222
 107   -21.48159240598   +  -14.45       -5.78    7.89s
    ‖ρε - ρref‖ = 1.5296150905773155e-5 ‖Δρ‖ = 8.165575208226763e-7  ‖vε - vref‖ = 0.11351052799412785  α = 0.000212
 108   -21.48159240598      -13.25       -6.30    11.4s
    ‖ρε - ρref‖ = 1.5941843656788353e-5 ‖Δρ‖ = 1.1626890238535889e-7  ‖vε - vref‖ = 0.1135121782042535  α = 0.00684
 109   -21.48159240598      -12.99       -6.26    8.13s
    ‖ρε - ρref‖ = 1.5914985811281636e-5 ‖Δρ‖ = 1.1882024554717377e-7  ‖vε - vref‖ = 0.11350974227843784  α = 0.00715
 110   -21.48159240598      -13.45       -6.50    10.9s
    ‖ρε - ρref‖ = 1.5929598496484078e-5 ‖Δρ‖ = 6.640416753281815e-8  ‖vε - vref‖ = 0.11351053381732747  α = 0.0124
 111   -21.48159240598      -13.85       -5.94    8.19s
    ‖ρε - ρref‖ = 1.595747384881252e-5 ‖Δρ‖ = 4.393964352180337e-7  ‖vε - vref‖ = 0.11351129749810462  α = 0.000634
 112   -21.48159240598      -13.37       -6.40    11.0s
    ‖ρε - ρref‖ = 1.5928970281503747e-5 ‖Δρ‖ = 9.223170853759342e-8  ‖vε - vref‖ = 0.11351121327427993  α = 0.00709
 113   -21.48159240598      -13.45       -6.37    7.74s
    ‖ρε - ρref‖ = 1.5920847090749616e-5 ‖Δρ‖ = 9.852483840090065e-8  ‖vε - vref‖ = 0.1135098655746029  α = 0.00633
 114   -21.48159240598      -13.45       -5.97    10.7s
    ‖ρε - ρref‖ = 1.5956786123527393e-5 ‖Δρ‖ = 3.192085092565076e-7  ‖vε - vref‖ = 0.1135090153434952  α = 0.00129
 115   -21.48159240598      -13.75       -6.46    8.12s
    ‖ρε - ρref‖ = 1.5903137462440875e-5 ‖Δρ‖ = 9.520495886072591e-8  ‖vε - vref‖ = 0.1135058181711255  α = 0.00438
 116   -21.48159240598      -13.30       -6.70    11.3s
    ‖ρε - ρref‖ = 1.5930457658145276e-5 ‖Δρ‖ = 3.7184404010949225e-8  ‖vε - vref‖ = 0.1135109962951751  α = 0.0191
 117   -21.48159240598      -13.45       -6.59    8.03s
    ‖ρε - ρref‖ = 1.5931328422664736e-5 ‖Δρ‖ = 6.007558319250283e-8  ‖vε - vref‖ = 0.11351438202512185  α = 0.00911
 118   -21.48159240598      -13.97       -6.36    7.90s
    ‖ρε - ρref‖ = 1.5834067429964e-5 ‖Δρ‖ = 1.5658422769781234e-7  ‖vε - vref‖ = 0.1135137946858688  α = 0.00155
 119   -21.48159240598      -14.15       -5.60    10.2s
    ‖ρε - ρref‖ = 1.6326846347008338e-5 ‖Δρ‖ = 8.150256685681266e-7  ‖vε - vref‖ = 0.11351472789664122  α = 0.000359
 120   -21.48159240598      -13.50       -6.25    8.08s
    ‖ρε - ρref‖ = 1.5925204265573244e-5 ‖Δρ‖ = 1.2274609911714563e-7  ‖vε - vref‖ = 0.11351501036304174  α = 0.00436
 121   -21.48159240598      -13.50       -6.55    10.6s
    ‖ρε - ρref‖ = 1.5922434259653195e-5 ‖Δρ‖ = 6.413648459530653e-8  ‖vε - vref‖ = 0.11351353389589933  α = 0.00796
 122   -21.48159240598      -13.85       -6.70    7.96s
    ‖ρε - ρref‖ = 1.5924021946547243e-5 ‖Δρ‖ = 4.645139662719132e-8  ‖vε - vref‖ = 0.11351287928439338  α = 0.00912
 123   -21.48159240598      -14.15       -6.26    11.1s
    ‖ρε - ρref‖ = 1.5924579942413708e-5 ‖Δρ‖ = 1.9674589221797298e-7  ‖vε - vref‖ = 0.11351257664946414  α = 0.000976
 124   -21.48159240598      -13.75       -6.32    7.87s
    ‖ρε - ρref‖ = 1.5941748200201514e-5 ‖Δρ‖ = 1.0902404998083348e-7  ‖vε - vref‖ = 0.11351457353852776  α = 0.00395
 125   -21.48159240598      -13.75       -6.65    10.9s
    ‖ρε - ρref‖ = 1.5924371523312232e-5 ‖Δρ‖ = 4.69383977530613e-8  ‖vε - vref‖ = 0.11351407628982359  α = 0.0104
 126   -21.48159240598      -13.97       -6.40    8.28s
    ‖ρε - ρref‖ = 1.590495688354513e-5 ‖Δρ‖ = 1.4340450153628472e-7  ‖vε - vref‖ = 0.11351400332932686  α = 0.00124
 127   -21.48159240598      -13.85       -6.77    8.00s
    ‖ρε - ρref‖ = 1.593051081018894e-5 ‖Δρ‖ = 3.988252723052088e-8  ‖vε - vref‖ = 0.11351597229102452  α = 0.00928
 128   -21.48159240598      -13.97       -6.62    11.3s
    ‖ρε - ρref‖ = 1.5920964264065917e-5 ‖Δρ‖ = 5.917842528579073e-8  ‖vε - vref‖ = 0.11351629504583964  α = 0.00567
 129   -21.48159240598      -13.60       -6.76    8.35s
    ‖ρε - ρref‖ = 1.59298249640718e-5 ‖Δρ‖ = 3.289747569243592e-8  ‖vε - vref‖ = 0.11352094097046626  α = 0.0141
 130   -21.48159240598   +    -Inf       -6.42    11.8s
    ‖ρε - ρref‖ = 1.607933656254929e-5 ‖Δρ‖ = 1.9295220688847853e-7  ‖vε - vref‖ = 0.11352128960640062  α = 0.000392
 131   -21.48159240598   +    -Inf       -6.30    10.9s
    ‖ρε - ρref‖ = 1.589085606887844e-5 ‖Δρ‖ = 1.3866848701506353e-7  ‖vε - vref‖ = 0.11352120247255969  α = 0.00019
Trying again with Newton's method ...
n     Energy            log10(ΔE)   log10(Δρ)   Δtime 
---   ---------------   ---------   ---------   ------
  1   -21.48159240598                   -8.52     476s
    ‖ρε - ρref‖ = 1.592663777587842e-5 ‖Δρ‖ = 4.482375152772019e-10  ‖vε - vref‖ = 0.11351564147757989
  2   -21.48159240598   +  -13.85       -9.04     482s
    ‖ρε - ρref‖ = 1.5926627930917623e-5 ‖Δρ‖ = 1.349742038659328e-10  ‖vε - vref‖ = 0.1135151407458838
    Stopping to avoid numerical instabilities.

#-- ‖ρε - ρref‖ = 1.5926627930917623e-5 vs. 5.623413251903491e-8 = δ*ε ‖vε - vref‖ = 0.1135151407458838


# --- ε=4.216965034285822e-6

n     Energy            log10(ΔE)   log10(Δρ)   Δtime 
---   ---------------   ---------   ---------   ------
  1   -21.48158185255                   -1.26    13.8s
    ‖ρε - ρref‖ = 0.03478860695735494 ‖Δρ‖ = 0.034778405704436535  ‖vε - vref‖ = 0.5355968088545388  α = 0.000105
  2   -21.48158210784       -6.59       -2.34    7.58s
    ‖ρε - ρref‖ = 0.001881207263246998 ‖Δρ‖ = 0.001878389351099409  ‖vε - vref‖ = 0.3700007527914237  α = 0.000698
  3   -21.48158221399       -6.97       -2.57    7.42s
    ‖ρε - ρref‖ = 0.0009630598115338417 ‖Δρ‖ = 0.0009603589850708807  ‖vε - vref‖ = 0.2950684127218986  α = 0.000906
  4   -21.48158228519       -7.15       -2.57    11.1s
    ‖ρε - ρref‖ = 0.0010254064631961832 ‖Δρ‖ = 0.0010229851819660769  ‖vε - vref‖ = 0.2181296018978698  α = 0.00068
  5   -21.48158234285       -7.24       -3.16    7.73s
    ‖ρε - ρref‖ = 0.00018364847011992597 ‖Δρ‖ = 0.00018111831351977543  ‖vε - vref‖ = 0.14951742211301763  α = 0.00366
  6   -21.48158235853       -7.80       -3.22    10.8s
    ‖ρε - ρref‖ = 0.0001927308311300084 ‖Δρ‖ = 0.0001911485378810372  ‖vε - vref‖ = 0.12439122764983605  α = 0.00176
  7   -21.48158237292       -7.84       -3.34    7.76s
    ‖ρε - ρref‖ = 0.00011880714058425964 ‖Δρ‖ = 0.0001172865299579757  ‖vε - vref‖ = 0.10013875230793917  α = 0.00283
  8   -21.48158238279       -8.01       -3.74    7.93s
    ‖ρε - ρref‖ = 4.586173007294394e-5 ‖Δρ‖ = 4.337856325455724e-5  ‖vε - vref‖ = 0.08426866891718177  α = 0.00627
  9   -21.48158238782       -8.30       -3.82    11.1s
    ‖ρε - ρref‖ = 3.739954234300249e-5 ‖Δρ‖ = 3.5036811797907794e-5  ‖vε - vref‖ = 0.07751620965145443  α = 0.00558
 10   -21.48158239035       -8.60       -3.92    7.86s
    ‖ρε - ρref‖ = 3.132654096401694e-5 ‖Δρ‖ = 2.8237773269672416e-5  ‖vε - vref‖ = 0.07596211467001925  α = 0.00491
 11   -21.48158239244       -8.68       -4.02    10.3s
    ‖ρε - ρref‖ = 2.4405293048769046e-5 ‖Δρ‖ = 2.092574112615521e-5  ‖vε - vref‖ = 0.07627260206619424  α = 0.00608
 12   -21.48158239261       -9.75       -4.15    7.57s
    ‖ρε - ρref‖ = 3.99853940038551e-5 ‖Δρ‖ = 2.9819215496032243e-5  ‖vε - vref‖ = 0.0769874915364986  α = 0.000997
 13   -21.48158239371       -8.96       -3.32    11.5s
    ‖ρε - ρref‖ = 0.00010812696478068477 ‖Δρ‖ = 0.00010964745627228168  ‖vε - vref‖ = 0.07858099384222345  α = 0.00082
 14   -21.48158239425       -9.27       -4.06    8.01s
    ‖ρε - ρref‖ = 2.572023886877518e-5 ‖Δρ‖ = 2.4055285194342205e-5  ‖vε - vref‖ = 0.07974750954414288  α = 0.00258
 15   -21.48158239484       -9.23       -3.53    8.08s
    ‖ρε - ρref‖ = 7.865904929496886e-5 ‖Δρ‖ = 7.73492636118739e-5  ‖vε - vref‖ = 0.08120361235413505  α = 0.000848
 16   -21.48158239512       -9.55       -3.71    10.8s
    ‖ρε - ρref‖ = 6.487103847133566e-5 ‖Δρ‖ = 6.239986118387173e-5  ‖vε - vref‖ = 0.08187115264508454  α = 0.000688
 17   -21.48158239576       -9.19       -4.32    7.99s
    ‖ρε - ρref‖ = 1.6517443909213463e-5 ‖Δρ‖ = 1.0437131615743354e-5  ‖vε - vref‖ = 0.08438408968166133  α = 0.00668
 18   -21.48158239594       -9.75       -4.32    10.9s
    ‖ρε - ρref‖ = 1.7626772808639047e-5 ‖Δρ‖ = 1.4350782792235042e-5  ‖vε - vref‖ = 0.08501884047764453  α = 0.00249
 19   -21.48158239625       -9.51       -4.25    7.70s
    ‖ρε - ρref‖ = 1.6868184216176142e-5 ‖Δρ‖ = 1.2998875639487702e-5  ‖vε - vref‖ = 0.0864418849484063  α = 0.00367
 20   -21.48158239656       -9.50       -4.19    8.13s
    ‖ρε - ρref‖ = 1.97691786546494e-5 ‖Δρ‖ = 1.4316742106115427e-5  ‖vε - vref‖ = 0.08827727793722157  α = 0.00336
 21   -21.48158239684       -9.55       -4.88    11.1s
    ‖ρε - ρref‖ = 1.2427734455684877e-5 ‖Δρ‖ = 2.5674234952199105e-6  ‖vε - vref‖ = 0.09052483067729604  α = 0.0177
 22   -21.48158239698       -9.87       -4.49    7.95s
    ‖ρε - ρref‖ = 1.3562106700056043e-5 ‖Δρ‖ = 7.724381163020408e-6  ‖vε - vref‖ = 0.09143567204603355  α = 0.00404
 23   -21.48158239708       -9.97       -4.75    11.0s
    ‖ρε - ρref‖ = 1.2552253258501221e-5 ‖Δρ‖ = 3.6623849720623763e-6  ‖vε - vref‖ = 0.09230164453692966  α = 0.00782
 24   -21.48158239714      -10.27       -4.67    7.99s
    ‖ρε - ρref‖ = 1.0992371060067927e-5 ‖Δρ‖ = 5.342520021318656e-6  ‖vε - vref‖ = 0.09278285305935015  α = 0.0035
 25   -21.48158239717      -10.48       -3.56    7.87s
    ‖ρε - ρref‖ = 8.752488877150391e-5 ‖Δρ‖ = 7.935987581019025e-5  ‖vε - vref‖ = 0.09310737515816471  α = 0.000172
 26   -21.48158239724      -10.17       -4.76    11.6s
    ‖ρε - ρref‖ = 1.2525242411914092e-5 ‖Δρ‖ = 3.5809944211937356e-6  ‖vε - vref‖ = 0.09375593384950387  α = 0.00635
 27   -21.48158239725      -11.05       -4.40    7.81s
    ‖ρε - ρref‖ = 1.772372172133692e-5 ‖Δρ‖ = 1.4452528710113928e-5  ‖vε - vref‖ = 0.09381123267212378  α = 0.00054
 28   -21.48158239726      -10.82       -4.77    10.9s
    ‖ρε - ρref‖ = 1.2507367638973434e-5 ‖Δρ‖ = 5.430929767041861e-6  ‖vε - vref‖ = 0.09396479172934963  α = 0.00185
 29   -21.48158239732      -10.21       -4.45    8.05s
    ‖ρε - ρref‖ = 1.4020177567123384e-5 ‖Δρ‖ = 6.995932194818629e-6  ‖vε - vref‖ = 0.09456032497664904  α = 0.00301
 30   -21.48158239737      -10.32       -4.68    7.95s
    ‖ρε - ρref‖ = 1.3038586493148263e-5 ‖Δρ‖ = 4.29680812150626e-6  ‖vε - vref‖ = 0.09513672922219836  α = 0.00437
 31   -21.48158239738      -11.07       -4.91    10.9s
    ‖ρε - ρref‖ = 1.233991745233833e-5 ‖Δρ‖ = 3.899411439003768e-6  ‖vε - vref‖ = 0.09520781976241807  α = 0.002
 32   -21.48158239742      -10.37       -5.03    7.56s
    ‖ρε - ρref‖ = 1.1878254395320605e-5 ‖Δρ‖ = 1.9077232134524454e-6  ‖vε - vref‖ = 0.09557466990117215  α = 0.00912
 33   -21.48158239746      -10.46       -4.67    11.2s
    ‖ρε - ρref‖ = 1.3391348449832328e-5 ‖Δρ‖ = 4.598091531973627e-6  ‖vε - vref‖ = 0.09599199564321935  α = 0.00342
 34   -21.48158239751      -10.32       -5.12    7.89s
    ‖ρε - ρref‖ = 1.209748289265883e-5 ‖Δρ‖ = 1.3763997129100404e-6  ‖vε - vref‖ = 0.096497303635507  α = 0.0134
 35   -21.48158239752      -10.82       -5.23    7.30s
    ‖ρε - ρref‖ = 1.1908679945220689e-5 ‖Δρ‖ = 1.618508362263932e-6  ‖vε - vref‖ = 0.09658464227529866  α = 0.00636
 36   -21.48158239753      -11.15       -5.06    10.4s
    ‖ρε - ρref‖ = 1.3980657235926137e-5 ‖Δρ‖ = 2.7487987922002603e-6  ‖vε - vref‖ = 0.09666061160162463  α = 0.00226
 37   -21.48158239755      -10.75       -3.91    7.40s
    ‖ρε - ρref‖ = 2.6920969161444382e-5 ‖Δρ‖ = 2.872132759109984e-5  ‖vε - vref‖ = 0.0967234308550595  α = 0.000375
 38   -21.48158239757      -10.59       -5.04    11.4s
    ‖ρε - ρref‖ = 1.2002723782649225e-5 ‖Δρ‖ = 1.8999401166548743e-6  ‖vε - vref‖ = 0.09679875148731257  α = 0.00713
 39   -21.48158239758      -11.35       -4.70    8.07s
    ‖ρε - ρref‖ = 1.4253138414734133e-5 ‖Δρ‖ = 6.936347838437561e-6  ‖vε - vref‖ = 0.0968292570703308  α = 0.000795
 40   -21.48158239759      -10.79       -4.73    7.77s
    ‖ρε - ρref‖ = 1.3066597101352059e-5 ‖Δρ‖ = 4.6741707854293435e-6  ‖vε - vref‖ = 0.09687946976893261  α = 0.00226
 41   -21.48158239760      -11.04       -4.60    11.0s
    ‖ρε - ρref‖ = 1.3646241536515589e-5 ‖Δρ‖ = 7.912755333373977e-6  ‖vε - vref‖ = 0.0969062149222484  α = 0.000961
 42   -21.48158239762      -10.81       -5.07    7.70s
    ‖ρε - ρref‖ = 1.2383498465558258e-5 ‖Δρ‖ = 1.988427260907336e-6  ‖vε - vref‖ = 0.09697873393772885  α = 0.0053
 43   -21.48158239763      -10.81       -5.27    11.5s
    ‖ρε - ρref‖ = 1.2004496690407635e-5 ‖Δρ‖ = 1.1915639744501893e-6  ‖vε - vref‖ = 0.09695397764220776  α = 0.00881
 44   -21.48158239764      -11.00       -4.71    8.05s
    ‖ρε - ρref‖ = 1.2488499945214842e-5 ‖Δρ‖ = 4.925012901713692e-6  ‖vε - vref‖ = 0.09689394053840665  α = 0.00172
 45   -21.48158239766      -10.85       -5.13    8.02s
    ‖ρε - ρref‖ = 1.1883754148515288e-5 ‖Δρ‖ = 1.6073147488860854e-6  ‖vε - vref‖ = 0.09679137130801026  α = 0.00628
 46   -21.48158239767      -10.89       -5.06    11.4s
    ‖ρε - ρref‖ = 1.2507155804380447e-5 ‖Δρ‖ = 1.907987741061113e-6  ‖vε - vref‖ = 0.09680966096109311  α = 0.00501
 47   -21.48158239768      -11.04       -5.14    7.95s
    ‖ρε - ρref‖ = 1.2033925879896869e-5 ‖Δρ‖ = 1.6412649798066189e-6  ‖vε - vref‖ = 0.09674954052459928  α = 0.00497
 48   -21.48158239768      -11.64       -5.23    11.2s
    ‖ρε - ρref‖ = 1.0362777253219379e-5 ‖Δρ‖ = 2.210259335613324e-6  ‖vε - vref‖ = 0.09671127939165514  α = 0.00155
 49   -21.48158239769      -11.03       -4.22    8.09s
    ‖ρε - ρref‖ = 2.0550595395657247e-5 ‖Δρ‖ = 1.4117101203750116e-5  ‖vε - vref‖ = 0.09661614871410147  α = 0.000557
 50   -21.48158239771      -10.76       -5.41    7.90s
    ‖ρε - ρref‖ = 1.2018795358037363e-5 ‖Δρ‖ = 7.087079548363725e-7  ‖vε - vref‖ = 0.09646300395366869  α = 0.0152
 51   -21.48158239771      -11.73       -4.82    11.2s
    ‖ρε - ρref‖ = 1.2617915535717967e-5 ‖Δρ‖ = 5.12442521518861e-6  ‖vε - vref‖ = 0.09643234878562741  α = 0.000696
 52   -21.48158239771      -11.44       -4.87    8.20s
    ‖ρε - ρref‖ = 1.2230565296787946e-5 ‖Δρ‖ = 3.61750400155405e-6  ‖vε - vref‖ = 0.09639113722522949  α = 0.00141
 53   -21.48158239771      -11.87       -5.24    11.4s
    ‖ρε - ρref‖ = 1.2388553753066604e-5 ‖Δρ‖ = 2.0396412120477133e-6  ‖vε - vref‖ = 0.09637957649541391  α = 0.00145
 54   -21.48158239772      -11.04       -5.21    8.14s
    ‖ρε - ρref‖ = 1.2021486878611648e-5 ‖Δρ‖ = 1.1466161067676104e-6  ‖vε - vref‖ = 0.09629486053584403  α = 0.00702
 55   -21.48158239773      -11.38       -5.41    8.00s
    ‖ρε - ρref‖ = 1.202394678647217e-5 ‖Δρ‖ = 8.846044810291529e-7  ‖vε - vref‖ = 0.09624556231956301  α = 0.00618
 56   -21.48158239773      -11.63       -5.25    11.1s
    ‖ρε - ρref‖ = 1.206059705207981e-5 ‖Δρ‖ = 1.4831540725695887e-6  ‖vε - vref‖ = 0.09621271884268867  α = 0.00278
 57   -21.48158239773      -11.45       -5.12    7.96s
    ‖ρε - ρref‖ = 1.1936488053962743e-5 ‖Δρ‖ = 1.6746877354198066e-6  ‖vε - vref‖ = 0.09614164064484845  α = 0.00306
 58   -21.48158239774      -11.28       -5.47    10.9s
    ‖ρε - ρref‖ = 1.1942912565944366e-5 ‖Δρ‖ = 6.54898837195809e-7  ‖vε - vref‖ = 0.09605209021428324  α = 0.0094
 59   -21.48158239774      -11.71       -5.47    8.00s
    ‖ρε - ρref‖ = 1.2095789529840578e-5 ‖Δρ‖ = 8.684677781309984e-7  ‖vε - vref‖ = 0.09605583890394426  α = 0.00433
 60   -21.48158239774      -12.64       -5.16    7.88s
    ‖ρε - ρref‖ = 1.4928880662897785e-5 ‖Δρ‖ = 3.3942727881475098e-6  ‖vε - vref‖ = 0.09606014435693547  α = 0.000308
 61   -21.48158239774      -11.36       -5.03    11.0s
    ‖ρε - ρref‖ = 1.1802217843780991e-5 ‖Δρ‖ = 1.7604904630673274e-6  ‖vε - vref‖ = 0.09600278015102987  α = 0.00317
 62   -21.48158239775      -11.71       -5.50    7.93s
    ‖ρε - ρref‖ = 1.1961015943111289e-5 ‖Δρ‖ = 7.448628208553096e-7  ‖vε - vref‖ = 0.09597724597636188  α = 0.0051
 63   -21.48158239775      -12.21       -5.48    11.0s
    ‖ρε - ρref‖ = 1.2094092087795415e-5 ‖Δρ‖ = 1.1564996535003572e-6  ‖vε - vref‖ = 0.09597983593780969  α = 0.00175
 64   -21.48158239775      -11.32       -5.02    8.00s
    ‖ρε - ρref‖ = 1.2199163791192041e-5 ‖Δρ‖ = 1.7692326214562994e-6  ‖vε - vref‖ = 0.09595422271875945  α = 0.00323
 65   -21.48158239775      -12.01       -5.15    7.77s
    ‖ρε - ρref‖ = 1.1784155815234099e-5 ‖Δρ‖ = 2.1551006535636984e-6  ‖vε - vref‖ = 0.09594296742556566  α = 0.00119
 66   -21.48158239775      -11.69       -5.26    11.0s
    ‖ρε - ρref‖ = 1.1963145875986067e-5 ‖Δρ‖ = 1.3187766645115819e-6  ‖vε - vref‖ = 0.09591980274752017  α = 0.00287
 67   -21.48158239776      -11.73       -5.50    8.01s
    ‖ρε - ρref‖ = 1.2007569957128896e-5 ‖Δρ‖ = 6.81241486901201e-7  ‖vε - vref‖ = 0.09592186173475144  α = 0.00539
 68   -21.48158239776      -11.75       -5.65    8.08s
    ‖ρε - ρref‖ = 1.2007160392902182e-5 ‖Δρ‖ = 5.039203167890111e-7  ‖vε - vref‖ = 0.09593652013131544  α = 0.00707
 69   -21.48158239776      -12.04       -5.29    11.5s
    ‖ρε - ρref‖ = 1.211739061244841e-5 ‖Δρ‖ = 1.411576157208959e-6  ‖vε - vref‖ = 0.0959434970055908  α = 0.0018
 70   -21.48158239776      -11.60       -5.55    8.02s
    ‖ρε - ρref‖ = 1.1916469157453913e-5 ‖Δρ‖ = 5.421272927218539e-7  ‖vε - vref‖ = 0.0959214189083129  α = 0.00781
 71   -21.48158239776      -12.03       -5.79    10.7s
    ‖ρε - ρref‖ = 1.204593948217408e-5 ‖Δρ‖ = 4.3106424649014514e-7  ‖vε - vref‖ = 0.09592326856806645  α = 0.00585
 72   -21.48158239776      -12.86       -4.85    8.04s
    ‖ρε - ρref‖ = 8.019373370553214e-6 ‖Δρ‖ = 6.317618099791997e-6  ‖vε - vref‖ = 0.09591874490993141  α = 0.000146
 73   -21.48158239777      -11.63       -5.58    7.92s
    ‖ρε - ρref‖ = 1.2037275997753391e-5 ‖Δρ‖ = 5.099523328715229e-7  ‖vε - vref‖ = 0.09595796518035524  α = 0.00786
 74   -21.48158239777      -12.06       -5.53    11.4s
    ‖ρε - ρref‖ = 1.1860254077068365e-5 ‖Δρ‖ = 7.662000633407373e-7  ‖vε - vref‖ = 0.09595662721234685  α = 0.00326
 75   -21.48158239777      -12.39       -5.71    8.06s
    ‖ρε - ρref‖ = 1.1960067283689598e-5 ‖Δρ‖ = 6.348134757149412e-7  ‖vε - vref‖ = 0.09596100268892396  α = 0.00251
 76   -21.48158239777      -11.75       -5.03    11.2s
    ‖ρε - ρref‖ = 1.226790931409352e-5 ‖Δρ‖ = 1.785761072797764e-6  ‖vε - vref‖ = 0.09601190981604468  α = 0.00198
 77   -21.48158239777      -12.40       -5.62    8.02s
    ‖ρε - ρref‖ = 1.207786855690197e-5 ‖Δρ‖ = 7.073264984189469e-7  ‖vε - vref‖ = 0.09602120457963714  α = 0.00233
 78   -21.48158239777      -12.17       -5.31    7.96s
    ‖ρε - ρref‖ = 1.1901485414190578e-5 ‖Δρ‖ = 1.214351344376951e-6  ‖vε - vref‖ = 0.09602870636510323  α = 0.0018
 79   -21.48158239777      -12.23       -5.91    11.3s
    ‖ρε - ρref‖ = 1.1906493625025293e-5 ‖Δρ‖ = 3.219999239285132e-7  ‖vε - vref‖ = 0.09602094497919489  α = 0.00643
 80   -21.48158239777      -11.90       -5.86    8.01s
    ‖ρε - ρref‖ = 1.196831442171153e-5 ‖Δρ‖ = 2.781706554727744e-7  ‖vε - vref‖ = 0.09604299912715217  α = 0.0106
 81   -21.48158239777      -12.23       -5.44    10.7s
    ‖ρε - ρref‖ = 1.1993745064138119e-5 ‖Δρ‖ = 9.227803760747852e-7  ‖vε - vref‖ = 0.09605598239934346  α = 0.00224
 82   -21.48158239777      -12.36       -5.51    7.57s
    ‖ρε - ρref‖ = 1.2021787666705901e-5 ‖Δρ‖ = 8.227302108500979e-7  ‖vε - vref‖ = 0.09607125562447082  α = 0.00214
 83   -21.48158239777      -12.14       -6.01    7.95s
    ‖ρε - ρref‖ = 1.1876291091847827e-5 ‖Δρ‖ = 2.0393330462034546e-7  ‖vε - vref‖ = 0.09609628052910764  α = 0.0104
 84   -21.48158239777      -12.31       -4.40    11.2s
    ‖ρε - ρref‖ = 1.9503873069333015e-5 ‖Δρ‖ = 9.510045248771446e-6  ‖vε - vref‖ = 0.09612242907665823  α = 0.000174
 85   -21.48158239777      -12.47       -6.00    8.09s
    ‖ρε - ρref‖ = 1.1945149907736523e-5 ‖Δρ‖ = 2.493000705406858e-7  ‖vε - vref‖ = 0.09612564003014637  α = 0.00633
 86   -21.48158239777      -12.47       -5.89    7.91s
    ‖ρε - ρref‖ = 1.1971182910635959e-5 ‖Δρ‖ = 2.9444489259439303e-7  ‖vε - vref‖ = 0.09613071434985883  α = 0.00532
 87   -21.48158239777      -13.22       -5.73    11.7s
    ‖ρε - ρref‖ = 1.1952492829092428e-5 ‖Δρ‖ = 6.427178908118309e-7  ‖vε - vref‖ = 0.09613152415539535  α = 0.00119
 88   -21.48158239777      -12.44       -5.49    7.83s
    ‖ρε - ρref‖ = 1.181610522238566e-5 ‖Δρ‖ = 7.878415002415809e-7  ‖vε - vref‖ = 0.09612234335923557  α = 0.00199
 89   -21.48158239777      -12.48       -5.84    10.9s
    ‖ρε - ρref‖ = 1.1967109807792949e-5 ‖Δρ‖ = 3.4631189350100227e-7  ‖vε - vref‖ = 0.09613288328768776  α = 0.0044
 90   -21.48158239778      -12.86       -5.53    7.40s
    ‖ρε - ρref‖ = 1.2209159363464402e-5 ‖Δρ‖ = 9.706752982120897e-7  ‖vε - vref‖ = 0.09614053754681905  α = 0.00097
 91   -21.48158239778      -12.28       -6.00    7.50s
    ‖ρε - ρref‖ = 1.197825057432165e-5 ‖Δρ‖ = 1.9164718437126373e-7  ‖vε - vref‖ = 0.09617196148957136  α = 0.0102
 92   -21.48158239778      -12.54       -6.04    11.4s
    ‖ρε - ρref‖ = 1.1932495438841352e-5 ‖Δρ‖ = 2.0562569886935217e-7  ‖vε - vref‖ = 0.09617072340761282  α = 0.007
 93   -21.48158239778      -12.69       -5.99    7.69s
    ‖ρε - ρref‖ = 1.1969775970703398e-5 ‖Δρ‖ = 2.686072220557796e-7  ‖vε - vref‖ = 0.09617488738464892  α = 0.00463
 94   -21.48158239778      -12.55       -5.66    10.9s
    ‖ρε - ρref‖ = 1.195842930930467e-5 ‖Δρ‖ = 5.371584977069271e-7  ‖vε - vref‖ = 0.09617747461951708  α = 0.00255
 95   -21.48158239778      -13.05       -5.77    7.72s
    ‖ρε - ρref‖ = 1.2278608371155636e-5 ‖Δρ‖ = 5.282784362068386e-7  ‖vε - vref‖ = 0.09618151663543181  α = 0.00149
 96   -21.48158239778      -12.71       -4.86    8.06s
    ‖ρε - ρref‖ = 1.0698520471589196e-5 ‖Δρ‖ = 3.7555371405850223e-6  ‖vε - vref‖ = 0.09617962183346496  α = 0.000274
 97   -21.48158239778      -12.71       -6.20    11.6s
    ‖ρε - ρref‖ = 1.196031631213998e-5 ‖Δρ‖ = 1.3295870936811554e-7  ‖vε - vref‖ = 0.09618204002316265  α = 0.00907
 98   -21.48158239778      -12.66       -6.12    8.17s
    ‖ρε - ρref‖ = 1.1965079825135498e-5 ‖Δρ‖ = 1.7007697040363504e-7  ‖vε - vref‖ = 0.09618710416521717  α = 0.0073
 99   -21.48158239778      -13.85       -5.96    7.96s
    ‖ρε - ρref‖ = 1.1959612241325032e-5 ‖Δρ‖ = 3.829179414198776e-7  ‖vε - vref‖ = 0.09618629110383056  α = 0.00141
 100   -21.48158239778      -12.62       -5.61    11.5s
    ‖ρε - ρref‖ = 1.200523701196183e-5 ‖Δρ‖ = 5.424781143760322e-7  ‖vε - vref‖ = 0.09618909481414376  α = 0.00226
 101   -21.48158239778      -13.05       -5.97    8.16s
    ‖ρε - ρref‖ = 1.1928547315915323e-5 ‖Δρ‖ = 2.859331553586943e-7  ‖vε - vref‖ = 0.09618319442526875  α = 0.00286
 102   -21.48158239778      -13.60       -6.04    11.3s
    ‖ρε - ρref‖ = 1.1896589960211535e-5 ‖Δρ‖ = 3.3264495772659077e-7  ‖vε - vref‖ = 0.09618099670904336  α = 0.00144
 103   -21.48158239778      -12.40       -6.10    7.78s
    ‖ρε - ρref‖ = 1.1970760780810449e-5 ‖Δρ‖ = 1.393429300017545e-7  ‖vε - vref‖ = 0.09617603362526642  α = 0.0111
 104   -21.48158239778      -12.97       -5.96    7.38s
    ‖ρε - ρref‖ = 1.1938474103886685e-5 ‖Δρ‖ = 2.604316292704921e-7  ‖vε - vref‖ = 0.09617115378499189  α = 0.00358
 105   -21.48158239778      -12.88       -6.45    10.7s
    ‖ρε - ρref‖ = 1.1957090038112932e-5 ‖Δρ‖ = 7.634952989653006e-8  ‖vε - vref‖ = 0.09616809628042207  α = 0.0124
 106   -21.48158239778      -13.34       -5.87    7.36s
    ‖ρε - ρref‖ = 1.2032255221448036e-5 ‖Δρ‖ = 3.8668281917899545e-7  ‖vε - vref‖ = 0.09616891911070743  α = 0.00156
 107   -21.48158239778   +  -14.15       -5.84    7.42s
    ‖ρε - ρref‖ = 1.139479206124414e-5 ‖Δρ‖ = 7.258456765892277e-7  ‖vε - vref‖ = 0.09616799329828873  α = 0.000248
 108   -21.48158239778      -12.92       -5.91    10.9s
    ‖ρε - ρref‖ = 1.2003959257898158e-5 ‖Δρ‖ = 2.8151538242745796e-7  ‖vε - vref‖ = 0.09616798326159472  α = 0.00311
 109   -21.48158239778      -12.91       -6.10    7.83s
    ‖ρε - ρref‖ = 1.1940037529081662e-5 ‖Δρ‖ = 1.7740621989985074e-7  ‖vε - vref‖ = 0.09616227407184429  α = 0.00504
 110   -21.48158239778      -12.93       -6.31    10.8s
    ‖ρε - ρref‖ = 1.1962901876134087e-5 ‖Δρ‖ = 9.881018556401244e-8  ‖vε - vref‖ = 0.09616008163376576  α = 0.00974
 111   -21.48158239778      -14.15       -6.02    7.91s
    ‖ρε - ρref‖ = 1.1984026307038995e-5 ‖Δρ‖ = 3.6385216526782693e-7  ‖vε - vref‖ = 0.09616062783401179  α = 0.000837
 112   -21.48158239778      -13.17       -5.96    7.43s
    ‖ρε - ρref‖ = 1.1967536888202704e-5 ‖Δρ‖ = 2.4507781925138397e-7  ‖vε - vref‖ = 0.09615791138826828  α = 0.00308
 113   -21.48158239778      -13.03       -6.20    10.6s
    ‖ρε - ρref‖ = 1.19513446114326e-5 ‖Δρ‖ = 1.3402566594719262e-7  ‖vε - vref‖ = 0.0961513542013085  α = 0.00601
 114   -21.48158239778      -13.45       -5.90    7.43s
    ‖ρε - ρref‖ = 1.1988501402790472e-5 ‖Δρ‖ = 4.0408523977236647e-7  ‖vε - vref‖ = 0.09614921018670732  α = 0.000948
 115   -21.48158239778      -13.45       -6.25    7.41s
    ‖ρε - ρref‖ = 1.191768202086162e-5 ‖Δρ‖ = 1.5888354494510117e-7  ‖vε - vref‖ = 0.09614414129708759  α = 0.00276
 116   -21.48158239778      -13.13       -6.49    10.5s
    ‖ρε - ρref‖ = 1.1964191995435056e-5 ‖Δρ‖ = 6.255275476130666e-8  ‖vε - vref‖ = 0.09614617023742963  α = 0.012
 117   -21.48158239778      -13.30       -6.43    7.50s
    ‖ρε - ρref‖ = 1.1963518388136167e-5 ‖Δρ‖ = 8.516483644627513e-8  ‖vε - vref‖ = 0.09614791236850334  α = 0.00713
 118   -21.48158239778      -13.60       -6.35    10.5s
    ‖ρε - ρref‖ = 1.1895216310797533e-5 ‖Δρ‖ = 1.3670120370321477e-7  ‖vε - vref‖ = 0.09614616757105311  α = 0.00252
 119   -21.48158239778      -14.45       -5.36    7.50s
    ‖ρε - ρref‖ = 1.287063106756782e-5 ‖Δρ‖ = 1.4314666281186727e-6  ‖vε - vref‖ = 0.0961466790682315  α = 0.000202
 120   -21.48158239778      -13.27       -5.98    7.50s
    ‖ρε - ρref‖ = 1.195516907254029e-5 ‖Δρ‖ = 2.3949151498871876e-7  ‖vε - vref‖ = 0.09614490542986273  α = 0.00228
 121   -21.48158239778      -13.41       -6.32    10.6s
    ‖ρε - ρref‖ = 1.1949588817795083e-5 ‖Δρ‖ = 1.0676199014753091e-7  ‖vε - vref‖ = 0.09614016913692926  α = 0.00538
 122   -21.48158239778      -13.50       -6.54    7.40s
    ‖ρε - ρref‖ = 1.1954149641183196e-5 ‖Δρ‖ = 6.372606704489982e-8  ‖vε - vref‖ = 0.096137130550121  α = 0.00777
 123   -21.48158239778   +  -14.15       -6.28    7.41s
    ‖ρε - ρref‖ = 1.1962079062212647e-5 ‖Δρ‖ = 1.6946982668132675e-7  ‖vε - vref‖ = 0.0961364050110013  α = 0.00155
 124   -21.48158239778      -13.45       -5.87    10.7s
    ‖ρε - ρref‖ = 1.2003785753150823e-5 ‖Δρ‖ = 3.248026937670123e-7  ‖vε - vref‖ = 0.09613720770683476  α = 0.00136
 125   -21.48158239778      -13.22       -6.42    7.46s
    ‖ρε - ρref‖ = 1.1953212472342445e-5 ‖Δρ‖ = 7.512344296805805e-8  ‖vε - vref‖ = 0.09613402584584979  α = 0.00775
 126   -21.48158239778   +    -Inf       -6.47    10.5s
    ‖ρε - ρref‖ = 1.1942098326717975e-5 ‖Δρ‖ = 1.1950696233155507e-7  ‖vε - vref‖ = 0.09613386922735706  α = 0.00165
 127   -21.48158239778      -13.85       -6.38    7.42s
    ‖ρε - ρref‖ = 1.1966967782382308e-5 ‖Δρ‖ = 9.721925990025058e-8  ‖vε - vref‖ = 0.09613532847665827  α = 0.00443
 128   -21.48158239778      -13.60       -6.46    7.40s
    ‖ρε - ρref‖ = 1.1949272286001806e-5 ‖Δρ‖ = 8.846332543819585e-8  ‖vε - vref‖ = 0.09613523755382851  α = 0.00433
 129   -21.48158239778      -13.19       -6.55    10.7s
    ‖ρε - ρref‖ = 1.1965664625490704e-5 ‖Δρ‖ = 5.530915274166546e-8  ‖vε - vref‖ = 0.09614158536762811  α = 0.00996
 130   -21.48158239778   +  -13.97       -6.39    7.42s
    ‖ρε - ρref‖ = 1.2064014891635076e-5 ‖Δρ‖ = 1.6097032063231032e-7  ‖vε - vref‖ = 0.09614207736605351  α = 0.000941
 131   -21.48158239778      -13.85       -5.65    7.42s
    ‖ρε - ρref‖ = 1.170201751211469e-5 ‖Δρ‖ = 6.19695605758426e-7  ‖vε - vref‖ = 0.09614036054418242  α = 0.000493
 132   -21.48158239778      -13.55       -6.53    10.5s
    ‖ρε - ρref‖ = 1.1950712507717676e-5 ‖Δρ‖ = 9.140701955020458e-8  ‖vε - vref‖ = 0.0961392178679703  α = 0.0027
 133   -21.48158239778      -13.97       -6.39    7.46s
    ‖ρε - ρref‖ = 1.1957599662117753e-5 ‖Δρ‖ = 7.776246712969793e-8  ‖vε - vref‖ = 0.09613765721492551  α = 0.00614
 134   -21.48158239778      -14.45       -6.75    10.5s
    ‖ρε - ρref‖ = 1.1958074267030757e-5 ‖Δρ‖ = 4.260806523897832e-8  ‖vε - vref‖ = 0.09613785671637236  α = 0.00627
 135   -21.48158239778   +  -14.45       -6.50    7.66s
    ‖ρε - ρref‖ = 1.1960055338107795e-5 ‖Δρ‖ = 1.0419519387507187e-7  ‖vε - vref‖ = 0.09613833008686831  α = 0.00172
 136   -21.48158239778      -13.50       -6.01    7.72s
    ‖ρε - ρref‖ = 1.1948018561825894e-5 ‖Δρ‖ = 1.8349131471425647e-7  ‖vε - vref‖ = 0.09613786047466313  α = 0.00226
 137   -21.48158239778      -13.50       -6.62    10.6s
    ‖ρε - ρref‖ = 1.1963306344820519e-5 ‖Δρ‖ = 5.7714720985835437e-8  ‖vε - vref‖ = 0.09613952763922226  α = 0.00464
 138   -21.48158239778      -14.45       -6.62    7.37s
    ‖ρε - ρref‖ = 1.1964439264992418e-5 ‖Δρ‖ = 5.924818116710706e-8  ‖vε - vref‖ = 0.09614083000071844  α = 0.00413
 139   -21.48158239778   +  -14.45       -6.04    7.35s
    ‖ρε - ρref‖ = 1.1936124728283785e-5 ‖Δρ‖ = 1.9947346316065265e-7  ‖vε - vref‖ = 0.09614203087106096  α = 0.00148
 140   -21.48158239778      -13.67       -6.87    10.9s
    ‖ρε - ρref‖ = 1.1962435452129535e-5 ‖Δρ‖ = 3.219491378299163e-8  ‖vε - vref‖ = 0.096143880124762  α = 0.00757
 141   -21.48158239778   +    -Inf       -6.82    7.37s
    ‖ρε - ρref‖ = 1.1955736922872682e-5 ‖Δρ‖ = 4.2560867587089084e-8  ‖vε - vref‖ = 0.09614293690670621  α = 0.00481
 142   -21.48158239778      -13.97       -6.42    7.40s
    ‖ρε - ρref‖ = 1.1791026161503566e-5 ‖Δρ‖ = 1.9508067000486561e-7  ‖vε - vref‖ = 0.09614254505989317  α = 0.00029
 143   -21.48158239778   +    -Inf       -6.36    10.7s
    ‖ρε - ρref‖ = 1.1960379057485875e-5 ‖Δρ‖ = 8.306208872385944e-8  ‖vε - vref‖ = 0.0961410774490497  α = 0.004
 144   -21.48158239778      -14.15       -6.62    7.36s
    ‖ρε - ρref‖ = 1.195779462592339e-5 ‖Δρ‖ = 6.745518455420835e-8  ‖vε - vref‖ = 0.09614127227314813  α = 0.00268
 145   -21.48158239778      -13.97       -6.51    10.4s
    ‖ρε - ρref‖ = 1.1956291135860568e-5 ‖Δρ‖ = 7.703975209779617e-8  ‖vε - vref‖ = 0.0961417015348429  α = 0.00272
 146   -21.48158239778   +    -Inf       -6.90    7.38s
    ‖ρε - ρref‖ = 1.1963453139846628e-5 ‖Δρ‖ = 2.6830930995782704e-8  ‖vε - vref‖ = 0.09614571510270777  α = 0.00947
 147   -21.48158239778      -13.85       -6.55    7.37s
    ‖ρε - ρref‖ = 1.195509798216517e-5 ‖Δρ‖ = 9.695856818596061e-8  ‖vε - vref‖ = 0.09614568097326116  α = 0.00115
 148   -21.48158239778   +    -Inf       -6.28    10.6s
    ‖ρε - ρref‖ = 1.1952449968745182e-5 ‖Δρ‖ = 1.1566851927158722e-7  ‖vε - vref‖ = 0.0961459991147402  α = 0.00197
 149   -21.48158239778   +  -13.97       -6.88    7.46s
    ‖ρε - ρref‖ = 1.1953968477607676e-5 ‖Δρ‖ = 2.7170993161627915e-8  ‖vε - vref‖ = 0.09614408559806012  α = 0.0092
 150   -21.48158239778      -13.75       -6.64    7.77s
    ‖ρε - ρref‖ = 1.1956108316833608e-5 ‖Δρ‖ = 5.650955239477444e-8  ‖vε - vref‖ = 0.09614416979726657  α = 0.00293
 151   -21.48158239778      -13.67       -6.37    10.6s
    ‖ρε - ρref‖ = 1.1978691331143033e-5 ‖Δρ‖ = 1.184221297897784e-7  ‖vε - vref‖ = 0.0961444984985615  α = 0.001
 152   -21.48158239778   +    -Inf       -6.95    7.33s
    ‖ρε - ρref‖ = 1.1956323945741826e-5 ‖Δρ‖ = 2.332666961272678e-8  ‖vε - vref‖ = 0.09614462251967996  α = 0.00769
    Stopping to avoid numerical instabilities.
 153   -21.48158239778      -13.85       -6.93    38.7s
    ‖ρε - ρref‖ = 1.195523277996952e-5 ‖Δρ‖ = 2.6587272921078237e-8  ‖vε - vref‖ = 0.09614462354141386  α = 8.24e-6

#-- ‖ρε - ρref‖ = 1.1957584109246218e-5 vs. 4.2169650342858225e-8 = δ*ε ‖vε - vref‖ = 0.09614500202163048


# --- ε=3.162277660168379e-6

n     Energy            log10(ΔE)   log10(Δρ)   Δtime 
---   ---------------   ---------   ---------   ------
  1   -21.48157446881                   -1.26    11.6s
    ‖ρε - ρref‖ = 0.034787150110256904 ‖Δρ‖ = 0.034779500393862316  ‖vε - vref‖ = 0.5401081920966552  α = 7.86e-5
  2   -21.48157466074       -6.72       -2.34    9.01s
    ‖ρε - ρref‖ = 0.001881249859148729 ‖Δρ‖ = 0.001879140765270283  ‖vε - vref‖ = 0.37521172935534075  α = 0.000524
  3   -21.48157474083       -7.10       -2.56    7.15s
    ‖ρε - ρref‖ = 0.0009643436196656184 ‖Δρ‖ = 0.0009623268729056585  ‖vε - vref‖ = 0.3001828526471935  α = 0.00068
  4   -21.48157479465       -7.27       -2.57    10.3s
    ‖ρε - ρref‖ = 0.0010282219364616528 ‖Δρ‖ = 0.0010264139554843584  ‖vε - vref‖ = 0.22289211907495604  α = 0.000511
  5   -21.48157483862       -7.36       -3.16    7.32s
    ‖ρε - ρref‖ = 0.00018400841365174157 ‖Δρ‖ = 0.0001821733883292057  ‖vε - vref‖ = 0.15226295645389792  α = 0.00275
  6   -21.48157485066       -7.92       -3.22    7.20s
    ‖ρε - ρref‖ = 0.00019393114976295721 ‖Δρ‖ = 0.0001928075129968969  ‖vε - vref‖ = 0.12569401492140536  α = 0.00132
  7   -21.48157486179       -7.95       -3.33    10.9s
    ‖ρε - ρref‖ = 0.0001198557700265762 ‖Δρ‖ = 0.00011882156631716344  ‖vε - vref‖ = 0.09882522700402464  α = 0.00213
  8   -21.48157486957       -8.11       -3.73    7.32s
    ‖ρε - ρref‖ = 4.576586374083702e-5 ‖Δρ‖ = 4.419083233254893e-5  ‖vε - vref‖ = 0.07885918928718617  α = 0.00474
  9   -21.48157487361       -8.39       -3.80    7.35s
    ‖ρε - ρref‖ = 3.7416104524699906e-5 ‖Δρ‖ = 3.60108842783894e-5  ‖vε - vref‖ = 0.06857426604664475  α = 0.00422
 10   -21.48157487568       -8.68       -3.90    10.6s
    ‖ρε - ρref‖ = 3.115525691216216e-5 ‖Δρ‖ = 2.928327024527341e-5  ‖vε - vref‖ = 0.06475156267890175  α = 0.00372
 11   -21.48157487744       -8.76       -4.00    7.34s
    ‖ρε - ρref‖ = 2.3984926584582407e-5 ‖Δρ‖ = 2.1965998920489854e-5  ‖vε - vref‖ = 0.06302175260661533  α = 0.0046
 12   -21.48157487760       -9.79       -4.13    7.34s
    ‖ρε - ρref‖ = 3.800363490791935e-5 ‖Δρ‖ = 3.052094085725936e-5  ‖vε - vref‖ = 0.06372640236729953  α = 0.000811
 13   -21.48157487854       -9.03       -3.26    10.9s
    ‖ρε - ρref‖ = 0.0001239160251154632 ‖Δρ‖ = 0.00012529114914211267  ‖vε - vref‖ = 0.06419698771242227  α = 0.000577
 14   -21.48157487902       -9.31       -4.03    7.44s
    ‖ρε - ρref‖ = 2.610108847932821e-5 ‖Δρ‖ = 2.5434747560490216e-5  ‖vε - vref‖ = 0.06500998557045373  α = 0.00201
 15   -21.48157487954       -9.28       -3.48    7.45s
    ‖ρε - ρref‖ = 8.608981836696742e-5 ‖Δρ‖ = 8.528259224383928e-5  ‖vε - vref‖ = 0.06596289538925824  α = 0.000623
 16   -21.48157487978       -9.63       -3.69    10.7s
    ‖ρε - ρref‖ = 6.821673403377544e-5 ‖Δρ‖ = 6.658171599235009e-5  ‖vε - vref‖ = 0.06637554536797712  α = 0.000515
 17   -21.48157488036       -9.24       -4.28    7.34s
    ‖ρε - ρref‖ = 1.5121059256102381e-5 ‖Δρ‖ = 1.1448990625307951e-5  ‖vε - vref‖ = 0.06849513071088216  α = 0.00502
 18   -21.48157488052       -9.79       -4.29    10.6s
    ‖ρε - ρref‖ = 1.6875428262033577e-5 ‖Δρ‖ = 1.532238037352002e-5  ‖vε - vref‖ = 0.06905981129886878  α = 0.00192
 19   -21.48157488080       -9.55       -4.20    7.46s
    ‖ρε - ρref‖ = 1.6401940659421213e-5 ‖Δρ‖ = 1.4498500192391743e-5  ‖vε - vref‖ = 0.07041988968227393  α = 0.00276
 20   -21.48157488108       -9.55       -4.14    7.94s
    ‖ρε - ρref‖ = 1.9415507174478023e-5 ‖Δρ‖ = 1.609445754577207e-5  ‖vε - vref‖ = 0.07210900273359032  α = 0.00245
 21   -21.48157488135       -9.58       -4.83    11.4s
    ‖ρε - ρref‖ = 9.625730658743844e-6 ‖Δρ‖ = 2.8470138923494896e-6  ‖vε - vref‖ = 0.07442943386590108  α = 0.0135
 22   -21.48157488147       -9.91       -4.44    7.43s
    ‖ρε - ρref‖ = 1.1740075106304852e-5 ‖Δρ‖ = 8.530445981615964e-6  ‖vε - vref‖ = 0.07532715825637983  α = 0.00302
 23   -21.48157488157      -10.01       -4.70    7.56s
    ‖ρε - ρref‖ = 9.919799648952707e-6 ‖Δρ‖ = 4.079569726904081e-6  ‖vε - vref‖ = 0.07623576630928572  α = 0.00585
 24   -21.48157488162      -10.33       -4.62    11.3s
    ‖ρε - ρref‖ = 8.525771437568228e-6 ‖Δρ‖ = 5.9322737491046385e-6  ‖vε - vref‖ = 0.0767416517517252  α = 0.00255
 25   -21.48157488165      -10.52       -3.51    8.06s
    ‖ρε - ρref‖ = 9.275720074579647e-5 ‖Δρ‖ = 8.682075492125699e-5  ‖vε - vref‖ = 0.0770736740284528  α = 0.000132
 26   -21.48157488171      -10.22       -4.71    8.13s
    ‖ρε - ρref‖ = 9.852346415654313e-6 ‖Δρ‖ = 3.96734801342731e-6  ‖vε - vref‖ = 0.07775650467282387  α = 0.00469
 27   -21.48157488171      -11.12       -4.37    12.0s
    ‖ρε - ρref‖ = 1.6883580949328067e-5 ‖Δρ‖ = 1.5309310451867974e-5  ‖vε - vref‖ = 0.077815207871296  α = 0.000406
 28   -21.48157488173      -10.87       -4.73    7.97s
    ‖ρε - ρref‖ = 1.0050399979410799e-5 ‖Δρ‖ = 5.754699974257312e-6  ‖vε - vref‖ = 0.07799095417891416  α = 0.00143
 29   -21.48157488178      -10.28       -4.40    8.09s
    ‖ρε - ρref‖ = 1.207445663552828e-5 ‖Δρ‖ = 7.80532456791854e-6  ‖vε - vref‖ = 0.07864461326110714  α = 0.00217
 30   -21.48157488182      -10.42       -4.64    11.8s
    ‖ρε - ρref‖ = 1.0416501911376193e-5 ‖Δρ‖ = 4.6002625518749935e-6  ‖vε - vref‖ = 0.07924724664599658  α = 0.00321
 31   -21.48157488182      -11.17       -4.91    8.06s
    ‖ρε - ρref‖ = 9.569367362448813e-6 ‖Δρ‖ = 3.939084194893689e-6  ‖vε - vref‖ = 0.07932931713461054  α = 0.00153
 32   -21.48157488186      -10.48       -4.99    11.8s
    ‖ρε - ρref‖ = 8.970586323696202e-6 ‖Δρ‖ = 2.023628730200463e-6  ‖vε - vref‖ = 0.07977602802692493  α = 0.00665
 33   -21.48157488188      -10.60       -4.66    8.12s
    ‖ρε - ρref‖ = 1.0693882316452416e-5 ‖Δρ‖ = 4.682733916898736e-6  ‖vε - vref‖ = 0.08022364678216723  α = 0.0025
 34   -21.48157488192      -10.46       -5.10    8.01s
    ‖ρε - ρref‖ = 9.14052693399878e-6 ‖Δρ‖ = 1.4031419419987261e-6  ‖vε - vref‖ = 0.08081373859067036  α = 0.00993
 35   -21.48157488193      -10.97       -5.23    11.6s
    ‖ρε - ρref‖ = 8.964977718894457e-6 ‖Δρ‖ = 1.5772798318548126e-6  ‖vε - vref‖ = 0.08094624801128762  α = 0.00478
 36   -21.48157488193      -11.33       -5.06    7.92s
    ‖ρε - ρref‖ = 1.102552846483793e-5 ‖Δρ‖ = 2.719969360535658e-6  ‖vε - vref‖ = 0.08103955359501915  α = 0.00161
 37   -21.48157488194      -10.91       -3.93    7.76s
    ‖ρε - ρref‖ = 2.5310418354917603e-5 ‖Δρ‖ = 2.6903458688132246e-5  ‖vε - vref‖ = 0.08116698313765014  α = 0.000291
 38   -21.48157488196      -10.74       -5.04    11.7s
    ‖ρε - ρref‖ = 9.059392219774216e-6 ‖Δρ‖ = 1.8444790498250294e-6  ‖vε - vref‖ = 0.08135007673172112  α = 0.00538
 39   -21.48157488197      -11.52       -4.72    8.04s
    ‖ρε - ρref‖ = 1.1489351873170281e-5 ‖Δρ‖ = 6.556713130921481e-6  ‖vε - vref‖ = 0.08139756269727715  α = 0.000608
 40   -21.48157488198      -10.94       -4.73    8.02s
    ‖ρε - ρref‖ = 1.0276228714700051e-5 ‖Δρ‖ = 4.55876942269557e-6  ‖vε - vref‖ = 0.08152424126270202  α = 0.00171
 41   -21.48157488198      -11.20       -4.60    11.8s
    ‖ρε - ρref‖ = 1.1218644417173271e-5 ‖Δρ‖ = 7.698908893722252e-6  ‖vε - vref‖ = 0.08159316096199398  α = 0.000722
 42   -21.48157488199      -10.95       -5.06    7.99s
    ‖ρε - ρref‖ = 9.454137428467247e-6 ‖Δρ‖ = 1.989274477570691e-6  ‖vε - vref‖ = 0.08174071969862377  α = 0.00393
 43   -21.48157488201      -10.92       -5.27    8.05s
    ‖ρε - ρref‖ = 9.034807653741937e-6 ‖Δρ‖ = 1.1610018441678359e-6  ‖vε - vref‖ = 0.08181232854290837  α = 0.00694
 44   -21.48157488201      -11.12       -4.71    12.3s
    ‖ρε - ρref‖ = 9.829519640451447e-6 ‖Δρ‖ = 4.957415780500672e-6  ‖vε - vref‖ = 0.0818182836547544  α = 0.00128
 45   -21.48157488203      -10.94       -5.12    8.19s
    ‖ρε - ρref‖ = 8.946587021640184e-6 ‖Δρ‖ = 1.620373889775108e-6  ‖vε - vref‖ = 0.08181534850806253  α = 0.0049
 46   -21.48157488204      -10.97       -5.03    7.66s
    ‖ρε - ρref‖ = 9.603616702332635e-6 ‖Δρ‖ = 1.9930256060731122e-6  ‖vε - vref‖ = 0.08191413315431384  α = 0.00384
 47   -21.48157488204      -11.10       -5.11    11.9s
    ‖ρε - ρref‖ = 9.096660906315234e-6 ‖Δρ‖ = 1.7520315738366697e-6  ‖vε - vref‖ = 0.08191227115349603  α = 0.00377
 48   -21.48157488205      -11.63       -5.20    8.05s
    ‖ρε - ρref‖ = 7.428678615077125e-6 ‖Δρ‖ = 2.2657634517209153e-6  ‖vε - vref‖ = 0.08188851883025595  α = 0.00134
 49   -21.48157488206      -11.08       -4.13    7.90s
    ‖ρε - ρref‖ = 2.150817232428584e-5 ‖Δρ‖ = 1.734051664197594e-5  ‖vε - vref‖ = 0.08185199480825428  α = 0.00037
 50   -21.48157488207      -10.75       -5.37    11.1s
    ‖ρε - ρref‖ = 9.051206094272587e-6 ‖Δρ‖ = 7.739895224694042e-7  ‖vε - vref‖ = 0.08178524718723111  α = 0.0122
 51   -21.48157488207      -11.74       -4.79    8.31s
    ‖ρε - ρref‖ = 1.0103788696249616e-5 ‖Δρ‖ = 5.454496885253741e-6  ‖vε - vref‖ = 0.08176275185519302  α = 0.000566
 52   -21.48157488208      -11.44       -4.80    11.2s
    ‖ρε - ρref‖ = 9.69960757130407e-6 ‖Δρ‖ = 4.3698610309438985e-6  ‖vε - vref‖ = 0.08173695245052014  α = 0.00101
 53   -21.48157488208      -11.81       -5.19    8.08s
    ‖ρε - ρref‖ = 9.535377044372931e-6 ‖Δρ‖ = 2.241826771174046e-6  ‖vε - vref‖ = 0.08172925849990481  α = 0.00123
 54   -21.48157488209      -11.01       -5.07    7.40s
    ‖ρε - ρref‖ = 9.123162237846303e-6 ‖Δρ‖ = 1.577966206305443e-6  ‖vε - vref‖ = 0.08166372428730985  α = 0.00457
 55   -21.48157488209      -11.34       -5.34    10.9s
    ‖ρε - ρref‖ = 9.074321997310195e-6 ‖Δρ‖ = 1.036274421741276e-6  ‖vε - vref‖ = 0.08161470090736865  α = 0.00479
 56   -21.48157488210      -11.57       -5.18    8.17s
    ‖ρε - ρref‖ = 9.136695819269863e-6 ‖Δρ‖ = 1.6955441742244176e-6  ‖vε - vref‖ = 0.08157694031831715  α = 0.00223
 57   -21.48157488210      -11.43       -5.02    8.14s
    ‖ρε - ρref‖ = 9.049890714277748e-6 ‖Δρ‖ = 2.1381103867877602e-6  ‖vε - vref‖ = 0.08150046015619901  α = 0.00211
 58   -21.48157488211      -11.26       -5.38    11.9s
    ‖ρε - ρref‖ = 8.9791662488075e-6 ‖Δρ‖ = 8.008181140927983e-7  ‖vε - vref‖ = 0.08139668780223892  α = 0.00685
 59   -21.48157488211      -11.69       -5.41    7.98s
    ‖ρε - ρref‖ = 9.156681033472841e-6 ‖Δρ‖ = 9.716915559839428e-7  ‖vε - vref‖ = 0.08139233091965074  α = 0.00344
 60   -21.48157488211      -12.55       -5.12    8.12s
    ‖ρε - ρref‖ = 1.2023937480901475e-5 ‖Δρ‖ = 3.4944838602191313e-6  ‖vε - vref‖ = 0.08139537126197545  α = 0.000285
 61   -21.48157488211      -11.37       -4.84    11.4s
    ‖ρε - ρref‖ = 8.864463549725728e-6 ‖Δρ‖ = 2.718872958614846e-6  ‖vε - vref‖ = 0.08130945963373051  α = 0.00176
 62   -21.48157488211      -11.73       -5.44    7.99s
    ‖ρε - ρref‖ = 8.999007922772872e-6 ‖Δρ‖ = 8.458229654950091e-7  ‖vε - vref‖ = 0.08127072558142218  α = 0.00379
 63   -21.48157488212      -12.14       -5.49    7.99s
    ‖ρε - ρref‖ = 9.11591706605024e-6 ‖Δρ‖ = 1.0663452371367642e-6  ‖vε - vref‖ = 0.08126619270193626  α = 0.00183
 64   -21.48157488212      -11.36       -4.83    11.6s
    ‖ρε - ρref‖ = 9.516368950696593e-6 ‖Δρ‖ = 2.7324496257324707e-6  ‖vε - vref‖ = 0.08119451486713157  α = 0.00177
 65   -21.48157488212      -12.02       -5.15    8.24s
    ‖ρε - ρref‖ = 8.849446460569469e-6 ‖Δρ‖ = 2.07711163511814e-6  ‖vε - vref‖ = 0.0811716895194144  α = 0.00106
 66   -21.48157488212      -11.72       -5.13    8.01s
    ‖ρε - ρref‖ = 9.07305890241257e-6 ‖Δρ‖ = 1.7267926998940757e-6  ‖vε - vref‖ = 0.08112647733969337  α = 0.00184
 67   -21.48157488212      -11.78       -5.45    11.7s
    ‖ρε - ρref‖ = 9.048469382201464e-6 ‖Δρ‖ = 7.706927152305949e-7  ‖vε - vref‖ = 0.08110761651582142  α = 0.00398
 68   -21.48157488213      -11.74       -5.58    8.00s
    ‖ρε - ρref‖ = 9.039819400568804e-6 ‖Δρ‖ = 5.71659287476508e-7  ‖vε - vref‖ = 0.08109709007033321  α = 0.00546
 69   -21.48157488213      -12.11       -5.29    7.95s
    ‖ρε - ρref‖ = 9.150958975096895e-6 ‖Δρ‖ = 1.4358507898702831e-6  ‖vε - vref‖ = 0.08109003069487773  α = 0.00141
 70   -21.48157488213      -11.63       -5.45    12.2s
    ‖ρε - ρref‖ = 8.933548370273448e-6 ‖Δρ‖ = 6.70608742994242e-7  ‖vε - vref‖ = 0.08102754388948477  α = 0.00534
 71   -21.48157488213      -12.04       -5.74    8.04s
    ‖ρε - ρref‖ = 9.052227234302429e-6 ‖Δρ‖ = 4.592759352577471e-7  ‖vε - vref‖ = 0.08101280240129598  α = 0.00484
 72   -21.48157488213      -12.87       -4.91    7.91s
    ‖ρε - ρref‖ = 5.560949456639256e-6 ‖Δρ‖ = 5.776572254519729e-6  ‖vε - vref‖ = 0.08100677198591659  α = 0.000117
 73   -21.48157488213      -11.64       -5.46    11.7s
    ‖ρε - ρref‖ = 9.090009450909677e-6 ‖Δρ‖ = 6.610032531021754e-7  ‖vε - vref‖ = 0.08100351844940844  α = 0.00524
 74   -21.48157488213      -12.09       -5.49    8.06s
    ‖ρε - ρref‖ = 8.87736972158462e-6 ‖Δρ‖ = 8.350824166309973e-7  ‖vε - vref‖ = 0.08098616032221609  α = 0.00252
 75   -21.48157488213      -12.23       -5.69    7.99s
    ‖ρε - ρref‖ = 8.992701546712065e-6 ‖Δρ‖ = 5.904716331223795e-7  ‖vε - vref‖ = 0.08098482096143203  α = 0.00296
 76   -21.48157488214      -11.75       -4.79    12.1s
    ‖ρε - ρref‖ = 9.835444215239084e-6 ‖Δρ‖ = 3.16663403435578e-6  ‖vε - vref‖ = 0.08100339658710998  α = 0.000955
 77   -21.48157488214      -12.27       -5.58    8.03s
    ‖ρε - ρref‖ = 9.090045607965878e-6 ‖Δρ‖ = 7.137347099486823e-7  ‖vε - vref‖ = 0.08100515149520986  α = 0.00236
 78   -21.48157488214      -12.19       -5.16    8.05s
    ‖ρε - ρref‖ = 8.937201645109878e-6 ‖Δρ‖ = 1.774336412840782e-6  ‖vε - vref‖ = 0.0810000717992207  α = 0.00102
 79   -21.48157488214      -12.17       -5.83    12.0s
    ‖ρε - ρref‖ = 8.919219986406465e-6 ‖Δρ‖ = 3.8653499939913636e-7  ‖vε - vref‖ = 0.08098108735888669  α = 0.00495
 80   -21.48157488214      -11.82       -5.78    8.05s
    ‖ρε - ρref‖ = 8.992501112254422e-6 ‖Δρ‖ = 3.3522534112828325e-7  ‖vε - vref‖ = 0.08098665275941289  α = 0.00845
 81   -21.48157488214      -12.12       -5.37    11.7s
    ‖ρε - ρref‖ = 9.03808144240526e-6 ‖Δρ‖ = 1.0698769928189018e-6  ‖vε - vref‖ = 0.08099239046293258  α = 0.00186
 82   -21.48157488214      -12.32       -5.41    8.21s
    ‖ρε - ρref‖ = 9.082703272249103e-6 ‖Δρ‖ = 1.0751946959011037e-6  ‖vε - vref‖ = 0.08100264896816597  α = 0.00149
 83   -21.48157488214      -11.88       -5.88    8.04s
    ‖ρε - ρref‖ = 8.908278464253983e-6 ‖Δρ‖ = 2.5436651951139407e-7  ‖vε - vref‖ = 0.08103398142584814  α = 0.00991
 84   -21.48157488214      -12.43       -4.38    11.5s
    ‖ρε - ρref‖ = 1.9719467045118856e-5 ‖Δρ‖ = 1.2135989928394242e-5  ‖vε - vref‖ = 0.08105066727805954  α = 0.000103
 85   -21.48157488214      -12.30       -5.86    7.92s
    ‖ρε - ρref‖ = 8.96342249871542e-6 ‖Δρ‖ = 3.3301252509220953e-7  ‖vε - vref‖ = 0.08105277960288608  α = 0.00493
 86   -21.48157488214      -12.34       -5.76    7.54s
    ‖ρε - ρref‖ = 8.99458144522776e-6 ‖Δρ‖ = 3.9673115355007996e-7  ‖vε - vref‖ = 0.08105757652607559  α = 0.004
 87   -21.48157488214      -12.81       -5.68    11.5s
    ‖ρε - ρref‖ = 8.95437675924877e-6 ‖Δρ‖ = 6.630710642461319e-7  ‖vε - vref‖ = 0.08105782323680122  α = 0.00137
 88   -21.48157488214      -12.38       -5.21    8.24s
    ‖ρε - ρref‖ = 8.786776026592435e-6 ‖Δρ‖ = 1.5551304975602148e-6  ‖vε - vref‖ = 0.08104851990870189  α = 0.000942
 89   -21.48157488214      -12.34       -5.72    7.57s
    ‖ρε - ρref‖ = 9.01030484020331e-6 ‖Δρ‖ = 4.4038995839306293e-7  ‖vε - vref‖ = 0.08106599493456562  α = 0.00355
 90   -21.48157488214      -12.92       -5.51    11.6s
    ‖ρε - ρref‖ = 9.27127131994308e-6 ‖Δρ‖ = 1.0636106514533986e-6  ‖vε - vref‖ = 0.08107470415680584  α = 0.000769
 91   -21.48157488214      -12.17       -5.80    7.96s
    ‖ρε - ρref‖ = 9.006781739575936e-6 ‖Δρ‖ = 3.06587158533595e-7  ‖vε - vref‖ = 0.08111675111193138  α = 0.00622
 92   -21.48157488214      -12.44       -5.92    8.09s
    ‖ρε - ρref‖ = 8.947483606508374e-6 ‖Δρ‖ = 2.659012019935993e-7  ‖vε - vref‖ = 0.08112193594990683  α = 0.00548
 93   -21.48157488215      -12.47       -5.91    11.6s
    ‖ρε - ρref‖ = 8.99488739444752e-6 ‖Δρ‖ = 3.039193482113171e-7  ‖vε - vref‖ = 0.0811348443256286  α = 0.00438
 94   -21.48157488215      -12.45       -5.51    8.03s
    ‖ρε - ρref‖ = 8.989196499398646e-6 ‖Δρ‖ = 7.554599532812599e-7  ‖vε - vref‖ = 0.08114495191607154  α = 0.00179
 95   -21.48157488215      -12.64       -5.62    7.63s
    ‖ρε - ρref‖ = 9.280313025496678e-6 ‖Δρ‖ = 6.556647376408461e-7  ‖vε - vref‖ = 0.08115494112435451  α = 0.00153
 96   -21.48157488215      -12.86       -4.73    11.6s
    ‖ρε - ρref‖ = 7.052691284191223e-6 ‖Δρ‖ = 5.9031791540094225e-6  ‖vε - vref‖ = 0.08115516549957456  α = 0.000132
 97   -21.48157488215      -12.62       -6.07    8.01s
    ‖ρε - ρref‖ = 8.981578620270256e-6 ‖Δρ‖ = 1.777612303369564e-7  ‖vε - vref‖ = 0.08116609481243482  α = 0.00673
 98   -21.48157488215      -12.53       -5.97    7.99s
    ‖ρε - ρref‖ = 8.989134350891233e-6 ‖Δρ‖ = 2.3212945661757324e-7  ‖vε - vref‖ = 0.08118283810854968  α = 0.00543
 99   -21.48157488215      -13.17       -5.96    12.0s
    ‖ρε - ρref‖ = 8.979828385411206e-6 ‖Δρ‖ = 3.385763746872649e-7  ‖vε - vref‖ = 0.08118475398555078  α = 0.00193
 100   -21.48157488215      -12.61       -5.29    8.05s
    ‖ρε - ρref‖ = 9.111204497488582e-6 ‖Δρ‖ = 1.1744040462383938e-6  ‖vε - vref‖ = 0.08119554387512953  α = 0.000935
 101   -21.48157488215      -12.99       -5.91    7.89s
    ‖ρε - ρref‖ = 8.937768329631552e-6 ‖Δρ‖ = 3.324550964030634e-7  ‖vε - vref‖ = 0.08119289164490893  α = 0.00227
 102   -21.48157488215      -13.30       -6.03    12.0s
    ‖ρε - ρref‖ = 8.926447598417246e-6 ‖Δρ‖ = 3.183779351510091e-7  ‖vε - vref‖ = 0.08119289934951857  α = 0.00161
 103   -21.48157488215      -12.39       -5.78    8.05s
    ‖ρε - ρref‖ = 9.011702677674535e-6 ‖Δρ‖ = 2.877364513465508e-7  ‖vε - vref‖ = 0.08120813271402047  α = 0.00513
 104   -21.48157488215      -12.81       -5.85    8.01s
    ‖ρε - ρref‖ = 8.95163055221905e-6 ‖Δρ‖ = 3.321671740684611e-7  ‖vε - vref‖ = 0.08120917982872104  α = 0.00275
 105   -21.48157488215      -12.76       -6.31    12.0s
    ‖ρε - ρref‖ = 8.976222222311848e-6 ‖Δρ‖ = 1.010925504575311e-7  ‖vε - vref‖ = 0.08121317004434062  α = 0.00968
 106   -21.48157488215      -13.22       -5.87    7.43s
    ‖ρε - ρref‖ = 9.046167271964606e-6 ‖Δρ‖ = 4.0165342318101965e-7  ‖vε - vref‖ = 0.08121642172484227  α = 0.00131
 107   -21.48157488215   +    -Inf       -5.84    7.69s
    ‖ρε - ρref‖ = 8.47537985975772e-6 ‖Δρ‖ = 6.60674369194137e-7  ‖vε - vref‖ = 0.08121567020120887  α = 0.000324
 108   -21.48157488215      -12.82       -5.52    12.0s
    ‖ρε - ρref‖ = 9.139697519417224e-6 ‖Δρ‖ = 6.984553085009614e-7  ‖vε - vref‖ = 0.0812217049422429  α = 0.00121
 109   -21.48157488215      -12.89       -5.98    7.53s
    ‖ρε - ρref‖ = 8.954000017046798e-6 ‖Δρ‖ = 2.3623881580580893e-7  ‖vε - vref‖ = 0.08122165820958051  α = 0.00368
 110   -21.48157488215      -12.72       -6.17    8.17s
    ‖ρε - ρref‖ = 8.984991156851984e-6 ‖Δρ‖ = 1.370016314440891e-7  ‖vε - vref‖ = 0.08122722587533117  α = 0.00721
 111   -21.48157488215      -13.45       -6.06    11.7s
    ‖ρε - ρref‖ = 8.999975217831609e-6 ‖Δρ‖ = 3.008874474787369e-7  ‖vε - vref‖ = 0.08122915866064227  α = 0.00136
 112   -21.48157488215      -12.92       -5.54    8.07s
    ‖ρε - ρref‖ = 9.018392599664642e-6 ‖Δρ‖ = 6.578929029331495e-7  ‖vε - vref‖ = 0.08122974923027748  α = 0.0012
 113   -21.48157488215      -12.80       -6.02    7.61s
    ‖ρε - ρref‖ = 8.967346192731372e-6 ‖Δρ‖ = 1.8997463645943346e-7  ‖vε - vref‖ = 0.08122456757434036  α = 0.00496
 114   -21.48157488215      -13.75       -5.86    12.0s
    ‖ρε - ρref‖ = 9.00090500768417e-6 ‖Δρ‖ = 4.5153591159499964e-7  ‖vε - vref‖ = 0.08122264355333104  α = 0.000848
 115   -21.48157488215      -13.27       -6.05    8.14s
    ‖ρε - ρref‖ = 8.910851174636078e-6 ‖Δρ‖ = 2.6330680033239455e-7  ‖vε - vref‖ = 0.0812176804725996  α = 0.00177
 116   -21.48157488215      -12.92       -6.27    8.02s
    ‖ρε - ρref‖ = 8.988290956256373e-6 ‖Δρ‖ = 1.063188754439505e-7  ‖vε - vref‖ = 0.08122272247898434  α = 0.00767
 117   -21.48157488215      -13.15       -6.26    11.6s
    ‖ρε - ρref‖ = 8.984449936105311e-6 ‖Δρ‖ = 1.2716053957785575e-7  ‖vε - vref‖ = 0.08122602684369938  α = 0.00535
 118   -21.48157488215      -13.13       -6.26    8.08s
    ‖ρε - ρref‖ = 8.930616404803208e-6 ‖Δρ‖ = 1.4401330912279666e-7  ‖vε - vref‖ = 0.08122354129525368  α = 0.00344
 119   -21.48157488215      -14.15       -5.19    36.4s
    ‖ρε - ρref‖ = 1.0659357698824906e-5 ‖Δρ‖ = 2.206825267255716e-6  ‖vε - vref‖ = 0.08122354129614362  α = 1.14e-11
 120   -21.48157488215      -13.55       -5.16    12.3s
    ‖ρε - ρref‖ = 1.0476029960943124e-5 ‖Δρ‖ = 2.043388174669844e-6  ‖vε - vref‖ = 0.08122447279668199  α = 0.00018
 121   -21.48157488215      -13.50       -5.77    7.97s
    ‖ρε - ρref‖ = 8.91722999021863e-6 ‖Δρ‖ = 4.3379250220627136e-7  ‖vε - vref‖ = 0.08122190088314525  α = 0.00121
 122   -21.48157488215      -13.15       -6.06    7.97s
    ‖ρε - ρref‖ = 8.96234171103141e-6 ‖Δρ‖ = 1.9585954556147707e-7  ‖vε - vref‖ = 0.08121521768538033  α = 0.00319
 123   -21.48157488215      -13.45       -6.36    11.3s
    ‖ρε - ρref‖ = 8.973297544096334e-6 ‖Δρ‖ = 9.715230284968063e-8  ‖vε - vref‖ = 0.08121118432496073  α = 0.00543
 124   -21.48157488215      -13.45       -5.63    7.68s
    ‖ρε - ρref‖ = 8.978262903387838e-6 ‖Δρ‖ = 7.666400770786196e-7  ‖vε - vref‖ = 0.08120916561416505  α = 0.000364
 125   -21.48157488215      -13.30       -6.19    7.94s
    ‖ρε - ρref‖ = 8.994028777950335e-6 ‖Δρ‖ = 1.4286889185076956e-7  ‖vε - vref‖ = 0.0812079474179736  α = 0.00387
 126   -21.48157488215      -13.05       -6.19    11.7s
    ‖ρε - ρref‖ = 8.971079976945859e-6 ‖Δρ‖ = 1.2811376236570416e-7  ‖vε - vref‖ = 0.08120148375700903  α = 0.00487
 127   -21.48157488215      -13.97       -6.05    8.00s
    ‖ρε - ρref‖ = 8.93014472492342e-6 ‖Δρ‖ = 3.152407498826876e-7  ‖vε - vref‖ = 0.08120059848465534  α = 0.000665
 128   -21.48157488215      -13.50       -6.49    8.01s
    ‖ρε - ρref‖ = 8.981239207775947e-6 ‖Δρ‖ = 7.14504077087574e-8  ‖vε - vref‖ = 0.08120037283355773  α = 0.00704
 129   -21.48157488215      -13.60       -6.29    12.1s
    ‖ρε - ρref‖ = 8.965138101140056e-6 ‖Δρ‖ = 1.275661338526971e-7  ‖vε - vref‖ = 0.08119840640589107  α = 0.00323
 130   -21.48157488215      -13.11       -6.37    7.91s
    ‖ρε - ρref‖ = 8.982941987479344e-6 ‖Δρ‖ = 8.290403011027568e-8  ‖vε - vref‖ = 0.08120120485149335  α = 0.00714
 131   -21.48157488215   +  -14.15       -5.85    8.01s
    ‖ρε - ρref‖ = 9.514916913497656e-6 ‖Δρ‖ = 6.679215752788802e-7  ‖vε - vref‖ = 0.0812017402031203  α = 0.00016
 132   -21.48157488215      -13.85       -5.98    8.06s
    ‖ρε - ρref‖ = 8.898685633700317e-6 ‖Δρ‖ = 3.237915465889427e-7  ‖vε - vref‖ = 0.08119969630616997  α = 0.000795
 133   -21.48157488215      -13.50       -6.18    12.3s
    ‖ρε - ρref‖ = 8.957162032672118e-6 ‖Δρ‖ = 1.8638423999953046e-7  ‖vε - vref‖ = 0.08119535150126209  α = 0.00181
 134   -21.48157488215      -13.30       -6.49    7.89s
    ‖ρε - ρref‖ = 8.975043679633205e-6 ‖Δρ‖ = 6.160935277676112e-8  ‖vε - vref‖ = 0.08118807922893319  α = 0.00868
 135   -21.48157488215      -13.97       -6.12    7.65s
    ‖ρε - ρref‖ = 8.974945035717048e-6 ‖Δρ‖ = 2.974578961134164e-7  ‖vε - vref‖ = 0.08118741607438928  α = 0.000427
 136   -21.48157488215      -13.85       -6.39    12.2s
    ‖ρε - ρref‖ = 8.986196539992062e-6 ‖Δρ‖ = 1.0251333345074256e-7  ‖vε - vref‖ = 0.08118724106193594  α = 0.00305
 137   -21.48157488215      -13.22       -6.41    8.10s
    ‖ρε - ρref‖ = 8.97025293514951e-6 ‖Δρ‖ = 7.642571313172772e-8  ‖vε - vref‖ = 0.08118271284688276  α = 0.00612
 138   -21.48157488215   +  -13.97       -6.32    7.99s
    ‖ρε - ρref‖ = 8.960973912374655e-6 ‖Δρ‖ = 1.4550507871979523e-7  ‖vε - vref‖ = 0.08118235001004818  α = 0.00152
 139   -21.48157488215      -13.55       -6.06    11.9s
    ‖ρε - ρref‖ = 9.00478718597342e-6 ‖Δρ‖ = 1.828714954589948e-7  ‖vε - vref‖ = 0.08118345325803543  α = 0.00211
 140   -21.48157488215      -13.50       -6.42    7.43s
    ‖ρε - ρref‖ = 8.970832606194758e-6 ‖Δρ‖ = 7.984286228906765e-8  ‖vε - vref‖ = 0.08118281690456797  α = 0.00454
 141   -21.48157488215      -14.15       -6.41    7.59s
    ‖ρε - ρref‖ = 8.982331969295474e-6 ‖Δρ‖ = 8.337787609436403e-8  ‖vε - vref‖ = 0.08118395705939055  α = 0.00388
 142   -21.48157488215      -14.45       -6.32    12.0s
    ‖ρε - ρref‖ = 9.098134875110353e-6 ‖Δρ‖ = 1.774138572985391e-7  ‖vε - vref‖ = 0.081184327564159  α = 0.000573
 143   -21.48157488215      -13.55       -5.67    8.04s
    ‖ρε - ρref‖ = 8.78393763447792e-6 ‖Δρ‖ = 5.430675257170118e-7  ‖vε - vref‖ = 0.08118281826766377  α = 0.000373
 144   -21.48157488215   +  -13.85       -6.42    8.02s
    ‖ρε - ρref‖ = 8.973085384321404e-6 ‖Δρ‖ = 1.2039715899427293e-7  ‖vε - vref‖ = 0.08118188695303769  α = 0.00149
 145   -21.48157488215      -13.45       -6.53    12.1s
    ‖ρε - ρref‖ = 8.978508229883706e-6 ‖Δρ‖ = 6.013068606592957e-8  ‖vε - vref‖ = 0.08118126628011173  α = 0.00557
 146   -21.48157488215   +    -Inf       -6.51    18.1s
    ‖ρε - ρref‖ = 8.970176435295783e-6 ‖Δρ‖ = 8.357736502402106e-8  ‖vε - vref‖ = 0.08118126627990026  α = 0.0
 147   -21.48157488215      -14.45       -6.50    11.8s
    ‖ρε - ρref‖ = 8.961399222685474e-6 ‖Δρ‖ = 1.0324826766777866e-7  ‖vε - vref‖ = 0.0811800875228124  α = 0.00181
 148   -21.48157488215   +  -13.97       -5.94    7.51s
    ‖ρε - ρref‖ = 9.097539000320086e-6 ‖Δρ‖ = 3.915827494390264e-7  ‖vε - vref‖ = 0.081180340384188  α = 0.000346
 149   -21.48157488215      -14.15       -6.00    7.38s
    ‖ρε - ρref‖ = 8.649457692175356e-6 ‖Δρ‖ = 4.721315850734793e-7  ‖vε - vref‖ = 0.08118008462596743  α = 0.000113
 150   -21.48157488215      -14.45       -6.75    11.1s
    ‖ρε - ρref‖ = 8.979964773507323e-6 ‖Δρ‖ = 5.04109336223981e-8  ‖vε - vref‖ = 0.08118069434281285  α = 0.00314
 151   -21.48157488215   +  -14.45       -6.43    7.59s
    ‖ρε - ρref‖ = 8.975103702717418e-6 ‖Δρ‖ = 9.086195064411061e-8  ‖vε - vref‖ = 0.08118112867661119  α = 0.00201
 152   -21.48157488215      -14.15       -6.49    7.81s
    ‖ρε - ρref‖ = 8.979832636688084e-6 ‖Δρ‖ = 6.973748552650334e-8  ‖vε - vref‖ = 0.08118212913917208  α = 0.0033
 153   -21.48157488215      -13.97       -6.51    11.6s
    ‖ρε - ρref‖ = 8.969797053995237e-6 ‖Δρ‖ = 8.758420399153742e-8  ‖vε - vref‖ = 0.0811824527502217  α = 0.00176
 154   -21.48157488215      -14.15       -6.23    7.93s
    ‖ρε - ρref‖ = 8.99379830849795e-6 ‖Δρ‖ = 1.2808564317676495e-7  ‖vε - vref‖ = 0.08118349130260216  α = 0.00197
 155   -21.48157488215      -13.45       -6.42    7.94s
    ‖ρε - ρref‖ = 8.959637336506008e-6 ‖Δρ‖ = 7.468769121773554e-8  ‖vε - vref‖ = 0.08118144394819735  α = 0.00387
 156   -21.48157488215   +    -Inf       -6.63    12.3s
    ‖ρε - ρref‖ = 8.980978125859256e-6 ‖Δρ‖ = 4.689745923342675e-8  ‖vε - vref‖ = 0.08118429010588213  α = 0.00591
 157   -21.48157488215      -13.97       -6.49    7.94s
    ‖ρε - ρref‖ = 8.973827405507936e-6 ‖Δρ‖ = 7.308721738612618e-8  ‖vε - vref‖ = 0.08118538459318196  α = 0.00294
 158   -21.48157488215      -13.85       -6.94    8.03s
    ‖ρε - ρref‖ = 8.977433197345717e-6 ‖Δρ‖ = 2.212164346432916e-8  ‖vε - vref‖ = 0.08118946815996071  α = 0.0115
 159   -21.48157488215      -13.85       -6.77    12.3s
    ‖ρε - ρref‖ = 8.979053953737005e-6 ‖Δρ‖ = 3.7749213483383374e-8  ‖vε - vref‖ = 0.08119210549045518  α = 0.00563
 160   -21.48157488215      -14.45       -6.77    8.09s
    ‖ρε - ρref‖ = 8.969445889285913e-6 ‖Δρ‖ = 3.5871625498677454e-8  ‖vε - vref‖ = 0.08119121705524869  α = 0.00626
 161   -21.48157488215   +  -14.45       -6.57    8.05s
    ‖ρε - ρref‖ = 9.085804315581582e-6 ‖Δρ‖ = 1.3707381946820623e-7  ‖vε - vref‖ = 0.08119154002134937  α = 0.000328
 162   -21.48157488215      -13.85       -6.23    12.4s
    ‖ρε - ρref‖ = 8.953887932223301e-6 ‖Δρ‖ = 1.3626587203855402e-7  ‖vε - vref‖ = 0.08119199153141968  α = 0.00138
 163   -21.48157488215      -13.85       -5.68    7.95s
    ‖ρε - ρref‖ = 8.99102935496684e-6 ‖Δρ‖ = 4.1627548547890867e-7  ‖vε - vref‖ = 0.08119203051817864  α = 0.000559
 164   -21.48157488215      -13.97       -7.14    7.98s
    ‖ρε - ρref‖ = 8.97576156135918e-6 ‖Δρ‖ = 1.2603445612658413e-8  ‖vε - vref‖ = 0.0811941008258294  α = 0.0193
 165   -21.48157488215   +  -13.75       -6.63    11.1s
    ‖ρε - ρref‖ = 8.98271050322093e-6 ‖Δρ‖ = 7.59742407266374e-8  ‖vε - vref‖ = 0.08119469745755709  α = 0.00117
 166   -21.48157488215      -14.15       -6.86    7.95s
    ‖ρε - ρref‖ = 8.975464267530016e-6 ‖Δρ‖ = 3.0368400358193583e-8  ‖vε - vref‖ = 0.081196370213121  α = 0.00536
 167   -21.48157488215   +    -Inf       -6.20    8.07s
    ‖ρε - ρref‖ = 9.003130344519363e-6 ‖Δρ‖ = 1.6677491971522798e-7  ‖vε - vref‖ = 0.08119737011451614  α = 0.000738
 168   -21.48157488215      -13.45       -7.00    7.74s
    ‖ρε - ρref‖ = 8.973977261215108e-6 ‖Δρ‖ = 2.1087390374435984e-8  ‖vε - vref‖ = 0.08119686528724278  α = 0.00939
 169   -21.48157488215   +    -Inf       -6.77    73.4s
    ‖ρε - ρref‖ = 8.979613133773662e-6 ‖Δρ‖ = 4.2481420058338385e-8  ‖vε - vref‖ = 0.0811968652868258  α = 5.88e-10
 170   -21.48157488215   +  -14.15       -4.46    8.08s
    ‖ρε - ρref‖ = 1.3057050179188101e-5 ‖Δρ‖ = 8.739854509614047e-6  ‖vε - vref‖ = 0.0811971391913535  α = 1.79e-5
 171   -21.48157488215      -13.97       -6.72    7.98s
    ‖ρε - ρref‖ = 8.971628176453813e-6 ‖Δρ‖ = 3.736211973731116e-8  ‖vε - vref‖ = 0.08119516335789892  α = 0.00573
 172   -21.48157488215      -14.15       -7.02    12.7s
    ‖ρε - ρref‖ = 8.979452307195245e-6 ‖Δρ‖ = 2.3032604186770578e-8  ‖vε - vref‖ = 0.0811961538272156  α = 0.00618
 173   -21.48157488215   +    -Inf       -6.67    7.54s
    ‖ρε - ρref‖ = 9.003082326993306e-6 ‖Δρ‖ = 4.9873366739274875e-8  ‖vε - vref‖ = 0.08119679417110898  α = 0.00257
 174   -21.48157488215   +    -Inf       -5.44    8.12s
    ‖ρε - ρref‖ = 8.569533719855228e-6 ‖Δρ‖ = 8.236405651178363e-7  ‖vε - vref‖ = 0.08119627628938494  α = 0.000171
Trying again with Newton's method ...
n     Energy            log10(ΔE)   log10(Δρ)   Δtime 
---   ---------------   ---------   ---------   ------
  1   -21.48157488215                   -8.72     485s
    ‖ρε - ρref‖ = 8.975821366479562e-6 ‖Δρ‖ = 2.6655273839185545e-10  ‖vε - vref‖ = 0.08118503237782558
  2   -21.48157488215      -13.67       -9.01     479s
    ‖ρε - ρref‖ = 8.975851363840596e-6 ‖Δρ‖ = 1.520711977218457e-10  ‖vε - vref‖ = 0.08118702834610356
    Stopping to avoid numerical instabilities.

#-- ‖ρε - ρref‖ = 8.975851363840596e-6 vs. 3.162277660168379e-8 = δ*ε ‖vε - vref‖ = 0.08118702834610356


# --- ε=2.3713737056616552e-6

n     Energy            log10(ΔE)   log10(Δρ)   Δtime 
---   ---------------   ---------   ---------   ------
  1   -21.48156892699                   -1.26    13.6s
    ‖ρε - ρref‖ = 0.03478724426678015 ‖Δρ‖ = 0.03478150787756131  ‖vε - vref‖ = 0.5442175725500745  α = 5.9e-5
  2   -21.48156907119       -6.84       -2.34    11.1s
    ‖ρε - ρref‖ = 0.0018812698092485552 ‖Δρ‖ = 0.0018796904955072388  ‖vε - vref‖ = 0.38014498058671253  α = 0.000393
  3   -21.48156913153       -7.22       -2.56    7.65s
    ‖ρε - ρref‖ = 0.0009652689032778966 ‖Δρ‖ = 0.0009637613436462451  ‖vε - vref‖ = 0.3052824776188495  α = 0.000511
  4   -21.48156917214       -7.39       -2.56    7.76s
    ‖ρε - ρref‖ = 0.0010303517540741149 ‖Δρ‖ = 0.001029000172775223  ‖vε - vref‖ = 0.2281301622506755  α = 0.000383
  5   -21.48156920553       -7.48       -3.16    8.61s
    ‖ρε - ρref‖ = 0.00018432081764078182 ‖Δρ‖ = 0.00018297965607396265  ‖vε - vref‖ = 0.1566856018853763  α = 0.00207
  6   -21.48156921472       -8.04       -3.22    12.1s
    ‖ρε - ρref‖ = 0.0001948948219073146 ‖Δρ‖ = 0.0001940870944958471  ‖vε - vref‖ = 0.12947813226108051  α = 0.000995
  7   -21.48156922328       -8.07       -3.33    7.59s
    ‖ρε - ρref‖ = 0.00012073796358343569 ‖Δρ‖ = 0.00012002085537279254  ‖vε - vref‖ = 0.10125650605464408  α = 0.0016
  8   -21.48156922935       -8.22       -3.73    7.37s
    ‖ρε - ρref‖ = 4.5858233237382004e-5 ‖Δρ‖ = 4.483777040289164e-5  ‖vε - vref‖ = 0.07860362258425467  α = 0.00358
  9   -21.48156923255       -8.49       -3.79    11.8s
    ‖ρε - ρref‖ = 3.7655555861683164e-5 ‖Δρ‖ = 3.680563921689028e-5  ‖vε - vref‖ = 0.06549285755952235  α = 0.00319
 10   -21.48156923423       -8.78       -3.89    8.15s
    ‖ρε - ρref‖ = 3.130698780587954e-5 ‖Δρ‖ = 3.0151950437430266e-5  ‖vε - vref‖ = 0.059421619563406476  α = 0.00282
 11   -21.48156923567       -8.84       -3.98    7.64s
    ‖ρε - ρref‖ = 2.4032299650725067e-5 ‖Δρ‖ = 2.2852739133667222e-5  ‖vε - vref‖ = 0.05525546362825776  α = 0.00348
 12   -21.48156923581       -9.84       -4.11    11.5s
    ‖ρε - ρref‖ = 3.662765924084095e-5 ‖Δρ‖ = 3.1108682857269435e-5  ‖vε - vref‖ = 0.05584878266503669  α = 0.000651
 13   -21.48156923660       -9.10       -3.21    7.41s
    ‖ρε - ρref‖ = 0.0001388581467433488 ‖Δρ‖ = 0.00014001158953738722  ‖vε - vref‖ = 0.05470276218975435  α = 0.00041
 14   -21.48156923703       -9.37       -4.00    7.40s
    ‖ρε - ρref‖ = 2.682470745820829e-5 ‖Δρ‖ = 2.6635802960035984e-5  ‖vε - vref‖ = 0.05484157762870296  α = 0.00156
 15   -21.48156923747       -9.36       -3.45    7.30s
    ‖ρε - ρref‖ = 9.304575159625386e-5 ‖Δρ‖ = 9.25211762921826e-5  ‖vε - vref‖ = 0.05495815073775969  α = 0.000459
 16   -21.48156923767       -9.71       -3.67    11.4s
    ‖ρε - ρref‖ = 7.131780287806843e-5 ‖Δρ‖ = 7.020376807477567e-5  ‖vε - vref‖ = 0.054977231587738824  α = 0.000386
 17   -21.48156923817       -9.30       -4.24    7.37s
    ‖ρε - ρref‖ = 1.4573936810924981e-5 ‖Δρ‖ = 1.2383723001183508e-5  ‖vε - vref‖ = 0.05626704710605079  α = 0.00377
 18   -21.48156923831       -9.85       -4.26    7.34s
    ‖ρε - ρref‖ = 1.6828764587784133e-5 ‖Δρ‖ = 1.618558617802427e-5  ‖vε - vref‖ = 0.056645630015491555  α = 0.00149
 19   -21.48156923857       -9.59       -4.16    11.4s
    ‖ρε - ρref‖ = 1.6812270281051112e-5 ‖Δρ‖ = 1.5947619972645373e-5  ‖vε - vref‖ = 0.057711035314161226  α = 0.00207
 20   -21.48156923881       -9.61       -4.10    7.41s
    ‖ρε - ρref‖ = 1.98393787346429e-5 ‖Δρ‖ = 1.778665943854894e-5  ‖vε - vref‖ = 0.05904272374593146  α = 0.0018
 21   -21.48156923906       -9.61       -4.78    7.38s
    ‖ρε - ρref‖ = 7.636897144765877e-6 ‖Δρ‖ = 3.11714381374593e-6  ‖vε - vref‖ = 0.061218243210129454  α = 0.0103
 22   -21.48156923917       -9.96       -4.41    11.5s
    ‖ρε - ρref‖ = 1.09419671616377e-5 ‖Δρ‖ = 9.330266986818987e-6  ‖vε - vref‖ = 0.06200877524779434  α = 0.00226
 23   -21.48156923926      -10.05       -4.65    7.38s
    ‖ρε - ρref‖ = 8.179853712390705e-6 ‖Δρ‖ = 4.513688325258656e-6  ‖vε - vref‖ = 0.06288331975740188  α = 0.0044
 24   -21.48156923930      -10.38       -4.58    7.36s
    ‖ρε - ρref‖ = 7.2333507201300086e-6 ‖Δρ‖ = 6.540420879572268e-6  ‖vε - vref‖ = 0.06339274232449055  α = 0.00189
 25   -21.48156923933      -10.56       -3.46    7.33s
    ‖ρε - ρref‖ = 9.964307079318939e-5 ‖Δρ‖ = 9.527754607226419e-5  ‖vε - vref‖ = 0.06369589990051125  α = 0.0001
 26   -21.48156923938      -10.27       -4.67    11.3s
    ‖ρε - ρref‖ = 8.080983635325557e-6 ‖Δρ‖ = 4.404276110602223e-6  ‖vε - vref‖ = 0.06436803543878761  α = 0.00348
 27   -21.48156923939      -11.19       -4.34    7.42s
    ‖ρε - ρref‖ = 1.6967850167672497e-5 ‖Δρ‖ = 1.6321810085972276e-5  ‖vε - vref‖ = 0.06442404541758782  α = 0.000307
 28   -21.48156923940      -10.91       -4.69    7.33s
    ‖ρε - ρref‖ = 8.581552174233932e-6 ‖Δρ‖ = 6.1974090937836385e-6  ‖vε - vref‖ = 0.06461489973513027  α = 0.0011
 29   -21.48156923945      -10.34       -4.34    11.4s
    ‖ρε - ρref‖ = 1.1323398498828782e-5 ‖Δρ‖ = 8.87626680908124e-6  ‖vε - vref‖ = 0.06528340383307331  α = 0.00156
 30   -21.48156923948      -10.49       -4.61    7.35s
    ‖ρε - ρref‖ = 8.718920571614672e-6 ‖Δρ‖ = 5.015554576877213e-6  ‖vε - vref‖ = 0.06588131501097963  α = 0.00236
 31   -21.48156923948      -11.25       -4.89    7.35s
    ‖ρε - ρref‖ = 7.650061331256198e-6 ‖Δρ‖ = 4.082994124480352e-6  ‖vε - vref‖ = 0.06596814323891873  α = 0.00117
 32   -21.48156923951      -10.56       -4.94    11.3s
    ‖ρε - ρref‖ = 6.856507331204324e-6 ‖Δρ‖ = 2.2171742533100397e-6  ‖vε - vref‖ = 0.06645647658131937  α = 0.00485
 33   -21.48156923953      -10.71       -4.64    7.46s
    ‖ρε - ρref‖ = 8.896420950325074e-6 ‖Δρ‖ = 4.9197522075216425e-6  ‖vε - vref‖ = 0.066902261598156  α = 0.00183
 34   -21.48156923956      -10.57       -5.07    7.39s
    ‖ρε - ρref‖ = 6.949231240333746e-6 ‖Δρ‖ = 1.4776048417783773e-6  ‖vε - vref‖ = 0.06751590066443112  α = 0.00728
 35   -21.48156923957      -11.10       -5.22    7.37s
    ‖ρε - ρref‖ = 6.774783413756552e-6 ‖Δρ‖ = 1.5753059842148187e-6  ‖vε - vref‖ = 0.06766551910440535  α = 0.00357
 36   -21.48156923957      -11.48       -5.06    11.6s
    ‖ρε - ρref‖ = 8.829786078566487e-6 ‖Δρ‖ = 2.7183935660663327e-6  ‖vε - vref‖ = 0.06776456639483122  α = 0.00117
 37   -21.48156923958      -11.06       -3.93    7.42s
    ‖ρε - ρref‖ = 2.473686580392698e-5 ‖Δρ‖ = 2.6148565415967157e-5  ‖vε - vref‖ = 0.06791583064391088  α = 0.00022
 38   -21.48156923959      -10.90       -5.04    7.38s
    ‖ρε - ρref‖ = 6.874686036123174e-6 ‖Δρ‖ = 1.8120850947010522e-6  ‖vε - vref‖ = 0.06814398262922192  α = 0.00399
 39   -21.48156923959      -11.68       -4.74    11.3s
    ‖ρε - ρref‖ = 9.431740657559628e-6 ‖Δρ‖ = 6.136834524087628e-6  ‖vε - vref‖ = 0.06819752851308175  α = 0.000465
 40   -21.48156923960      -11.10       -4.73    7.42s
    ‖ρε - ρref‖ = 8.248242179167255e-6 ‖Δρ‖ = 4.428272760192535e-6  ‖vε - vref‖ = 0.0683585679113911  α = 0.00127
 41   -21.48156923960      -11.38       -4.61    7.42s
    ‖ρε - ρref‖ = 9.436036479302993e-6 ‖Δρ‖ = 7.3160918752166825e-6  ‖vε - vref‖ = 0.06844446864890609  α = 0.000538
 42   -21.48156923961      -11.13       -5.06    7.43s
    ‖ρε - ρref‖ = 7.253868551151716e-6 ‖Δρ‖ = 1.925501710077709e-6  ‖vε - vref‖ = 0.06862352093886305  α = 0.00289
 43   -21.48156923962      -11.09       -5.28    11.4s
    ‖ρε - ρref‖ = 6.805761631074026e-6 ‖Δρ‖ = 1.0897547233346753e-6  ‖vε - vref‖ = 0.06875568798242265  α = 0.00533
 44   -21.48156923963      -11.32       -4.73    7.30s
    ‖ρε - ρref‖ = 7.824064658873724e-6 ‖Δρ‖ = 4.674655154861504e-6  ‖vε - vref‖ = 0.06880390049942905  α = 0.00095
 45   -21.48156923963      -11.10       -5.14    7.35s
    ‖ρε - ρref‖ = 6.7518655671313035e-6 ‖Δρ‖ = 1.5283305459692304e-6  ‖vε - vref‖ = 0.06888049132986512  α = 0.00375
 46   -21.48156923964      -11.12       -5.04    11.3s
    ‖ρε - ρref‖ = 7.3850629671933216e-6 ‖Δρ‖ = 1.9114779330942474e-6  ‖vε - vref‖ = 0.06904203939661371  α = 0.00291
 47   -21.48156923965      -11.25       -5.12    7.57s
    ‖ρε - ρref‖ = 6.8913731339769064e-6 ‖Δρ‖ = 1.6976772192347318e-6  ‖vε - vref‖ = 0.06909882697780356  α = 0.00285
 48   -21.48156923965      -11.72       -5.22    7.41s
    ‖ρε - ρref‖ = 5.391506754022977e-6 ‖Δρ‖ = 2.0965571871425774e-6  ‖vε - vref‖ = 0.06909895319301876  α = 0.00114
 49   -21.48156923965      -11.23       -4.09    11.2s
    ‖ρε - ρref‖ = 2.1795538015158667e-5 ‖Δρ‖ = 1.8912553381004646e-5  ‖vε - vref‖ = 0.06913173387521153  α = 0.000248
 50   -21.48156923967      -10.84       -5.36    7.42s
    ‖ρε - ρref‖ = 6.8196043270646956e-6 ‖Δρ‖ = 7.656347465876461e-7  ‖vε - vref‖ = 0.06922396800494399  α = 0.00969
 51   -21.48156923967      -11.82       -4.80    7.44s
    ‖ρε - ρref‖ = 8.187988758313535e-6 ‖Δρ‖ = 5.267111546856892e-6  ‖vε - vref‖ = 0.06921884545631342  α = 0.00046
 52   -21.48156923967      -11.53       -4.76    7.40s
    ‖ρε - ρref‖ = 7.982879101207673e-6 ‖Δρ‖ = 4.761617412783e-6  ‖vε - vref‖ = 0.06922568342119138  α = 0.000729
 53   -21.48156923967      -11.83       -5.18    11.8s
    ‖ρε - ρref‖ = 7.3879802429368925e-6 ‖Δρ‖ = 2.2600358217510728e-6  ‖vε - vref‖ = 0.06923274874662515  α = 0.00103
 54   -21.48156923968      -11.05       -4.98    7.47s
    ‖ρε - ρref‖ = 7.018742807542982e-6 ‖Δρ‖ = 1.940892954910729e-6  ‖vε - vref‖ = 0.06925092261447299  α = 0.00307
 55   -21.48156923969      -11.35       -5.30    7.48s
    ‖ρε - ρref‖ = 6.87138376955298e-6 ‖Δρ‖ = 1.1253825591774775e-6  ‖vε - vref‖ = 0.06923765093057589  α = 0.00376
 56   -21.48156923969      -11.56       -5.14    11.3s
    ‖ρε - ρref‖ = 6.977842575831217e-6 ‖Δρ‖ = 1.844850069968422e-6  ‖vε - vref‖ = 0.06921721305149568  α = 0.0018
 57   -21.48156923969      -11.44       -4.94    7.40s
    ‖ρε - ρref‖ = 7.003203877343604e-6 ‖Δρ‖ = 2.5726724194912282e-6  ‖vε - vref‖ = 0.06916513226874664  α = 0.0015
 58   -21.48156923970      -11.25       -5.31    7.38s
    ‖ρε - ρref‖ = 6.771059492068654e-6 ‖Δρ‖ = 9.416293582827295e-7  ‖vε - vref‖ = 0.06909197237350756  α = 0.0051
 59   -21.48156923970      -11.66       -5.36    7.34s
    ‖ρε - ρref‖ = 6.9736971963886994e-6 ‖Δρ‖ = 1.085969840609136e-6  ‖vε - vref‖ = 0.06909592793890604  α = 0.00276
 60   -21.48156923970      -12.48       -5.08    11.5s
    ‖ρε - ρref‖ = 9.968710512705566e-6 ‖Δρ‖ = 3.7013949551731474e-6  ‖vε - vref‖ = 0.0691001297993843  α = 0.000264
 61   -21.48156923971      -11.36       -4.66    7.37s
    ‖ρε - ρref‖ = 7.084579813923148e-6 ‖Δρ‖ = 4.168145276584343e-6  ‖vε - vref‖ = 0.06902034357474249  α = 0.00101
 62   -21.48156923971      -11.72       -5.38    7.37s
    ‖ρε - ρref‖ = 6.7936919226447166e-6 ‖Δρ‖ = 9.84647507794091e-7  ‖vε - vref‖ = 0.06898280937286558  α = 0.00286
 63   -21.48156923971      -12.00       -5.46    11.6s
    ‖ρε - ρref‖ = 6.899271058135853e-6 ‖Δρ‖ = 1.0695746839700703e-6  ‖vε - vref‖ = 0.06897482878366563  α = 0.00184
 64   -21.48156923971      -11.36       -4.64    7.47s
    ‖ρε - ρref‖ = 8.091350007816434e-6 ‖Δρ‖ = 4.214106107079704e-6  ‖vε - vref‖ = 0.06889409098789716  α = 0.000997
 65   -21.48156923972      -11.97       -5.12    7.38s
    ‖ρε - ρref‖ = 6.693763896724562e-6 ‖Δρ‖ = 2.1589756374406588e-6  ‖vε - vref‖ = 0.06886578623002015  α = 0.000932
 66   -21.48156923972      -11.72       -5.01    7.35s
    ‖ρε - ρref‖ = 7.062700385638196e-6 ‖Δρ‖ = 2.3128980090015986e-6  ‖vε - vref‖ = 0.06881422716185592  α = 0.00119
 67   -21.48156923972      -11.77       -5.38    11.4s
    ‖ρε - ρref‖ = 6.849005870363865e-6 ‖Δρ‖ = 9.070679877919218e-7  ‖vε - vref‖ = 0.0687878276714216  α = 0.00295
 68   -21.48156923972      -11.73       -5.49    7.37s
    ‖ρε - ρref‖ = 6.825607961809436e-6 ‖Δρ‖ = 6.802157776153649e-7  ‖vε - vref‖ = 0.068763451606  α = 0.00409
 69   -21.48156923972      -12.13       -5.27    7.29s
    ‖ρε - ρref‖ = 6.9518304878877145e-6 ‖Δρ‖ = 1.509201412490663e-6  ‖vε - vref‖ = 0.06874900427807544  α = 0.00114
 70   -21.48156923972      -11.65       -5.34    11.3s
    ‖ρε - ρref‖ = 6.702949224167834e-6 ‖Δρ‖ = 8.632871919430851e-7  ‖vε - vref‖ = 0.06866380512214992  α = 0.00353
 71   -21.48156923972      -12.04       -5.69    7.77s
    ‖ρε - ρref‖ = 6.809699011732236e-6 ‖Δρ‖ = 5.007868283963279e-7  ‖vε - vref‖ = 0.06863697021172022  α = 0.00383
 72   -21.48156923972      -13.09       -4.96    7.36s
    ‖ρε - ρref‖ = 3.986289764391871e-6 ‖Δρ‖ = 5.262985158595927e-6  ‖vε - vref‖ = 0.068630441191297  α = 9.94e-5
 73   -21.48156923973      -11.68       -5.32    7.40s
    ‖ρε - ρref‖ = 6.918997124449845e-6 ‖Δρ‖ = 8.883289935543887e-7  ‖vε - vref‖ = 0.06859639873473627  α = 0.00326
 74   -21.48156923973      -12.15       -5.47    11.8s
    ‖ρε - ρref‖ = 6.646603166701662e-6 ‖Δρ‖ = 8.773361329982063e-7  ‖vε - vref‖ = 0.06856824276108668  α = 0.00193
 75   -21.48156923973      -12.12       -5.65    7.36s
    ‖ρε - ρref‖ = 6.766489406692469e-6 ‖Δρ‖ = 5.576444233923279e-7  ‖vε - vref‖ = 0.06855445572036378  α = 0.00307
 76   -21.48156923973      -11.86       -4.64    7.45s
    ‖ρε - ρref‖ = 8.582726533801415e-6 ‖Δρ‖ = 4.6314342110997135e-6  ‖vε - vref‖ = 0.0685448096327177  α = 0.000507
 77   -21.48156923973      -12.24       -5.55    11.3s
    ‖ρε - ρref‖ = 6.843562528238015e-6 ‖Δρ‖ = 7.020799135262931e-7  ‖vε - vref‖ = 0.06853407967780158  α = 0.00214
 78   -21.48156923973      -12.34       -5.11    7.33s
    ‖ρε - ρref‖ = 6.7724918009106806e-6 ‖Δρ‖ = 2.098531273811551e-6  ‖vε - vref‖ = 0.0685192673775646  α = 0.00064
 79   -21.48156923973      -12.21       -5.78    7.37s
    ‖ρε - ρref‖ = 6.680945721835551e-6 ‖Δρ‖ = 4.1961931970935665e-7  ‖vε - vref‖ = 0.06848696964326663  α = 0.00374
 80   -21.48156923973      -11.86       -5.73    7.43s
    ‖ρε - ρref‖ = 6.758778557406161e-6 ‖Δρ‖ = 3.6554086863996855e-7  ‖vε - vref‖ = 0.06845942570220945  α = 0.00649
 81   -21.48156923973      -12.17       -5.34    11.7s
    ‖ρε - ρref‖ = 6.823027115977011e-6 ‖Δρ‖ = 1.0998272656070356e-6  ‖vε - vref‖ = 0.06844891380272397  α = 0.0015
 82   -21.48156923973      -12.43       -5.38    7.35s
    ‖ρε - ρref‖ = 6.882554935951576e-6 ‖Δρ‖ = 1.1761877195100844e-6  ‖vε - vref‖ = 0.06844841406351292  α = 0.00109
 83   -21.48156923974      -11.81       -5.79    7.40s
    ‖ρε - ρref‖ = 6.6878873719566085e-6 ‖Δρ‖ = 2.9101350725510306e-7  ‖vε - vref‖ = 0.06844858789649853  α = 0.00831
 84   -21.48156923974      -12.60       -4.47    11.4s
    ‖ρε - ρref‖ = 1.7644329789548066e-5 ‖Δρ‖ = 1.1846213401512207e-5  ‖vε - vref‖ = 0.06845379485611228  α = 6.93e-5
 85   -21.48156923974      -12.26       -5.79    7.36s
    ‖ρε - ρref‖ = 6.726069056291682e-6 ‖Δρ‖ = 3.882121559547418e-7  ‖vε - vref‖ = 0.06844260694329488  α = 0.00386
 86   -21.48156923974      -12.29       -5.68    7.37s
    ‖ρε - ρref‖ = 6.760694066552812e-6 ‖Δρ‖ = 4.7270351879959926e-7  ‖vε - vref‖ = 0.06843479021543421  α = 0.00307
 87   -21.48156923974      -12.66       -5.65    7.54s
    ‖ρε - ρref‖ = 6.703312485273649e-6 ‖Δρ‖ = 6.674535173147366e-7  ‖vε - vref‖ = 0.06842847401767013  α = 0.00144
 88   -21.48156923974      -12.39       -5.03    11.7s
    ‖ρε - ρref‖ = 6.705250426956022e-6 ‖Δρ‖ = 2.457688863033397e-6  ‖vε - vref‖ = 0.06841047308870041  α = 0.000502
 89   -21.48156923974      -12.29       -5.64    7.42s
    ‖ρε - ρref‖ = 6.800478922016136e-6 ‖Δρ‖ = 5.303613099376618e-7  ‖vε - vref‖ = 0.0684203953273841  α = 0.00274
 90   -21.48156923974      -12.86       -5.51    7.41s
    ‖ρε - ρref‖ = 7.0534209518172915e-6 ‖Δρ‖ = 1.0762287587887178e-6  ‖vε - vref‖ = 0.06842676201788565  α = 0.000681
 91   -21.48156923974      -12.11       -5.61    11.3s
    ‖ρε - ρref‖ = 6.785304436040155e-6 ‖Δρ‖ = 4.759768522381921e-7  ‖vε - vref‖ = 0.06845611587808521  α = 0.00371
 92   -21.48156923974      -12.32       -5.83    7.40s
    ‖ρε - ρref‖ = 6.706212752609044e-6 ‖Δρ‖ = 3.27318509049525e-7  ‖vε - vref‖ = 0.06845438744596323  α = 0.00432
 93   -21.48156923974      -12.33       -5.83    7.32s
    ‖ρε - ρref‖ = 6.7635995704899135e-6 ‖Δρ‖ = 3.504824151270364e-7  ‖vε - vref‖ = 0.0684652011123663  α = 0.00396
 94   -21.48156923974      -12.35       -5.39    7.33s
    ‖ρε - ρref‖ = 6.781909265932335e-6 ‖Δρ‖ = 1.0084889012855283e-6  ‖vε - vref‖ = 0.06847074702480493  α = 0.00132
 95   -21.48156923974      -12.45       -5.47    11.6s
    ‖ρε - ρref‖ = 7.056946352131773e-6 ‖Δρ‖ = 8.702187459952715e-7  ‖vε - vref‖ = 0.0684791261465029  α = 0.00129
 96   -21.48156923974      -12.94       -4.72    7.40s
    ‖ρε - ρref‖ = 5.266870806244519e-6 ‖Δρ‖ = 7.1690914125518685e-6  ‖vε - vref‖ = 0.06847666944920826  α = 7.95e-5
 97   -21.48156923974      -12.45       -5.94    7.41s
    ‖ρε - ρref‖ = 6.747914221059243e-6 ‖Δρ‖ = 2.4066020040510777e-7  ‖vε - vref‖ = 0.06848853674399277  α = 0.0051
 98   -21.48156923974      -12.38       -5.81    11.3s
    ‖ρε - ρref‖ = 6.759871784228893e-6 ‖Δρ‖ = 3.2541175776015815e-7  ‖vε - vref‖ = 0.06850890944656286  α = 0.00404
 99   -21.48156923974      -12.82       -5.89    7.36s
    ‖ρε - ρref‖ = 6.743500558407437e-6 ‖Δρ‖ = 3.5130100138912996e-7  ‖vε - vref‖ = 0.06851290610263493  α = 0.00231
 100   -21.48156923974      -12.60       -5.04    7.43s
    ‖ρε - ρref‖ = 7.171681671452844e-6 ‖Δρ‖ = 2.2099338856183893e-6  ‖vε - vref‖ = 0.06852338964960322  α = 0.000444
 101   -21.48156923974      -12.84       -5.82    7.40s
    ‖ρε - ρref‖ = 6.689894474413058e-6 ‖Δρ‖ = 4.1195938404963103e-7  ‖vε - vref‖ = 0.06852086229324465  α = 0.00179
 102   -21.48156923974      -13.13       -5.96    11.7s
    ‖ρε - ρref‖ = 6.6948487560741485e-6 ‖Δρ‖ = 3.395006830524307e-7  ‖vε - vref‖ = 0.06852333661279919  α = 0.0018
 103   -21.48156923974      -12.26       -5.47    7.37s
    ‖ρε - ρref‖ = 6.840588644002188e-6 ‖Δρ‖ = 6.045414829227119e-7  ‖vε - vref‖ = 0.0685488902488534  α = 0.00235
 104   -21.48156923974      -12.78       -5.74    7.42s
    ‖ρε - ρref‖ = 6.708082319937303e-6 ‖Δρ‖ = 4.2947504150812174e-7  ‖vε - vref‖ = 0.0685530936649247  α = 0.00207
 105   -21.48156923974      -12.63       -6.16    11.4s
    ‖ρε - ρref‖ = 6.73807399309388e-6 ‖Δρ‖ = 1.379744768520687e-7  ‖vε - vref‖ = 0.06856339587377114  α = 0.00705
 106   -21.48156923974      -13.34       -5.87    7.41s
    ‖ρε - ρref‖ = 6.803799031305432e-6 ‖Δρ‖ = 4.070537983242323e-7  ‖vε - vref‖ = 0.06856863657611979  α = 0.00118
 107   -21.48156923974      -13.27       -5.78    7.42s
    ‖ρε - ρref‖ = 6.26206060522334e-6 ‖Δρ‖ = 6.655168058706436e-7  ‖vε - vref‖ = 0.06856865701310683  α = 0.000397
 108   -21.48156923974      -12.88       -5.15    7.31s
    ‖ρε - ρref‖ = 7.326947951567044e-6 ‖Δρ‖ = 1.6153624199924693e-6  ‖vε - vref‖ = 0.06858028293313376  α = 0.00047
 109   -21.48156923974      -12.82       -5.88    11.5s
    ‖ρε - ρref‖ = 6.712224571892807e-6 ‖Δρ‖ = 2.9813762402818916e-7  ‖vε - vref‖ = 0.06858660541001264  α = 0.00266
 110   -21.48156923974      -12.73       -6.06    7.35s
    ‖ρε - ρref‖ = 6.750596595322738e-6 ‖Δρ‖ = 1.7676451565254057e-7  ‖vε - vref‖ = 0.06860220214679445  α = 0.00511
 111   -21.48156923974      -13.15       -6.06    7.45s
    ‖ρε - ρref‖ = 6.75889656336214e-6 ‖Δρ‖ = 2.559809533584592e-7  ‖vε - vref‖ = 0.06860841219343985  α = 0.00195
 112   -21.48156923974      -12.93       -5.25    11.7s
    ‖ρε - ρref‖ = 6.888368084254251e-6 ‖Δρ‖ = 1.3191041318102527e-6  ‖vε - vref‖ = 0.06861443170219103  α = 0.00052
 113   -21.48156923974      -12.63       -5.89    7.40s
    ‖ρε - ρref‖ = 6.726044883398674e-6 ‖Δρ‖ = 2.464843407574183e-7  ‖vε - vref‖ = 0.06861926203011748  α = 0.00377
 114   -21.48156923974      -13.60       -5.86    7.44s
    ‖ρε - ρref‖ = 6.751737912371215e-6 ‖Δρ‖ = 4.401193591335508e-7  ‖vε - vref‖ = 0.06861871777967875  α = 0.000816
 115   -21.48156923974      -13.45       -5.89    7.36s
    ‖ρε - ρref‖ = 6.649026799714878e-6 ‖Δρ‖ = 3.790451769587502e-7  ‖vε - vref‖ = 0.06861675790829967  α = 0.00114
 116   -21.48156923974      -12.80       -6.10    11.7s
    ‖ρε - ρref‖ = 6.757334172432848e-6 ‖Δρ‖ = 1.5618644292576623e-7  ‖vε - vref‖ = 0.06863217123868216  α = 0.00495
 117   -21.48156923974      -13.07       -6.14    7.33s
    ‖ρε - ρref‖ = 6.7477640465750196e-6 ‖Δρ‖ = 1.6423586998089924e-7  ‖vε - vref‖ = 0.06864289529233548  α = 0.00398
 118   -21.48156923974      -13.07       -6.20    7.46s
    ‖ρε - ρref‖ = 6.7068820855582305e-6 ‖Δρ‖ = 1.5104503507243152e-7  ‖vε - vref‖ = 0.06864566762425597  α = 0.00377
 119   -21.48156923974      -13.50       -5.18    11.3s
    ‖ρε - ρref‖ = 8.793897901361907e-6 ‖Δρ‖ = 2.474434943911898e-6  ‖vε - vref‖ = 0.06864804066014936  α = 9.21e-5
 120   -21.48156923974      -13.15       -5.63    7.38s
    ‖ρε - ρref‖ = 6.720494538705828e-6 ‖Δρ‖ = 5.968362878678983e-7  ‖vε - vref‖ = 0.06865022154900503  α = 0.000879
 121   -21.48156923974      -13.15       -5.90    7.48s
    ‖ρε - ρref‖ = 6.716898039606243e-6 ‖Δρ‖ = 2.771326697803454e-7  ‖vε - vref‖ = 0.06864870481023452  α = 0.00224
 122   -21.48156923974      -13.02       -6.26    7.32s
    ‖ρε - ρref‖ = 6.730968060104774e-6 ‖Δρ‖ = 1.1526036472729182e-7  ‖vε - vref‖ = 0.0686470360550488  α = 0.00507
 123   -21.48156923974      -13.17       -6.11    11.7s
    ‖ρε - ρref‖ = 6.7529601501539745e-6 ‖Δρ‖ = 1.9257536595041257e-7  ‖vε - vref‖ = 0.0686479772491432  α = 0.00241
 124   -21.48156923974      -14.15       -5.40    7.43s
    ‖ρε - ρref‖ = 6.93834608551543e-6 ‖Δρ‖ = 1.1370541604966307e-6  ‖vε - vref‖ = 0.06865019507510663  α = 0.000318
 125   -21.48156923974      -12.92       -6.00    7.43s
    ‖ρε - ρref‖ = 6.725716723822356e-6 ‖Δρ‖ = 1.9508900211897368e-7  ‖vε - vref‖ = 0.06864818955006803  α = 0.00337
 126   -21.48156923974      -13.85       -6.41    7.34s
    ‖ρε - ρref‖ = 6.72677918093092e-6 ‖Δρ‖ = 1.0915411857527251e-7  ‖vε - vref‖ = 0.0686487062667925  α = 0.00299
 127   -21.48156923974      -13.25       -5.72    11.6s
    ‖ρε - ρref‖ = 6.801173902621204e-6 ‖Δρ‖ = 4.520843272221221e-7  ‖vε - vref‖ = 0.06865069318581174  α = 0.000932
 128   -21.48156923974      -13.37       -6.18    7.49s
    ‖ρε - ρref‖ = 6.724840596702309e-6 ‖Δρ‖ = 1.6483775678746117e-7  ‖vε - vref‖ = 0.06865102321458467  α = 0.00253
 129   -21.48156923974      -13.05       -6.20    7.33s
    ‖ρε - ρref‖ = 6.759400056921063e-6 ‖Δρ‖ = 1.2461502832096824e-7  ‖vε - vref‖ = 0.06865930889083713  α = 0.00466
 130   -21.48156923974      -13.60       -6.17    11.4s
    ‖ρε - ρref‖ = 6.779995826435123e-6 ‖Δρ‖ = 1.7581025261298191e-7  ‖vε - vref‖ = 0.06865779404788765  α = 0.00208
 131   -21.48156923974      -13.97       -5.20    7.41s
    ‖ρε - ρref‖ = 5.156013136253056e-6 ‖Δρ‖ = 2.31145217452568e-6  ‖vε - vref‖ = 0.06865550996982392  α = 8.25e-5
 132   -21.48156923974      -13.41       -6.34    7.34s
    ‖ρε - ρref‖ = 6.7322150317616695e-6 ‖Δρ‖ = 1.1444182385898156e-7  ‖vε - vref‖ = 0.06865128398548831  α = 0.00353
 133   -21.48156923974      -13.15       -5.76    7.31s
    ‖ρε - ρref‖ = 6.749541331875588e-6 ‖Δρ‖ = 3.6759949643757903e-7  ‖vε - vref‖ = 0.06864691191628917  α = 0.00138
 134   -21.48156923974      -14.15       -6.45    11.7s
    ‖ρε - ρref‖ = 6.7364226523038434e-6 ‖Δρ‖ = 8.529961950619954e-8  ‖vε - vref‖ = 0.06864545973680833  α = 0.00394
 135   -21.48156923974      -13.19       -6.29    7.51s
    ‖ρε - ρref‖ = 6.736993572932235e-6 ‖Δρ‖ = 1.0904711437707742e-7  ‖vε - vref‖ = 0.06864334338288298  α = 0.00391
 136   -21.48156923974      -13.50       -5.32    7.37s
    ‖ρε - ρref‖ = 6.7837695109040034e-6 ‖Δρ‖ = 1.166723269649626e-6  ‖vε - vref‖ = 0.06864003941048306  α = 0.000307
 137   -21.48156923974      -13.45       -6.30    11.6s
    ‖ρε - ρref‖ = 6.748871750865798e-6 ‖Δρ‖ = 1.1651182138251374e-7  ‖vε - vref‖ = 0.06864057591230058  α = 0.0031
 138   -21.48156923974      -13.37       -6.23    7.42s
    ‖ρε - ρref‖ = 6.739044801203126e-6 ‖Δρ‖ = 1.1155160613392809e-7  ‖vε - vref‖ = 0.06863889686531435  α = 0.00411
 139   -21.48156923974      -13.85       -5.77    7.41s
    ‖ρε - ρref‖ = 6.682677897291343e-6 ‖Δρ‖ = 4.969462531446154e-7  ‖vε - vref‖ = 0.0686381450861177  α = 0.000464
 140   -21.48156923974      -13.55       -6.38    7.39s
    ‖ρε - ρref‖ = 6.751328571061139e-6 ‖Δρ‖ = 9.367099995161791e-8  ‖vε - vref‖ = 0.06863903557000464  α = 0.0036
 141   -21.48156923975      -13.75       -6.56    11.7s
    ‖ρε - ρref‖ = 6.727127615824503e-6 ‖Δρ‖ = 7.523072017670393e-8  ‖vε - vref‖ = 0.06863473237230742  α = 0.00349
 142   -21.48156923975      -13.97       -6.26    7.43s
    ‖ρε - ρref‖ = 6.620430014731583e-6 ‖Δρ‖ = 1.6530317825594463e-7  ‖vε - vref‖ = 0.06863195479392147  α = 0.00106
 143   -21.48156923975      -13.60       -5.18    7.40s
    ‖ρε - ρref‖ = 7.293667897729813e-6 ‖Δρ‖ = 1.3710612211744879e-6  ‖vε - vref‖ = 0.06862791833008781  α = 0.000245
 144   -21.48156923975      -13.60       -6.37    7.41s
    ‖ρε - ρref‖ = 6.733710430983443e-6 ‖Δρ‖ = 9.973733067536403e-8  ‖vε - vref‖ = 0.06862567000735557  α = 0.00283
 145   -21.48156923975      -13.85       -6.19    11.7s
    ‖ρε - ρref‖ = 6.737627338668881e-6 ‖Δρ‖ = 1.9403418529423946e-7  ‖vε - vref‖ = 0.06862508460067288  α = 0.000955
 146   -21.48156923975      -13.55       -6.52    7.38s
    ‖ρε - ρref‖ = 6.750575335388322e-6 ‖Δρ‖ = 6.486289307966423e-8  ‖vε - vref‖ = 0.06862879973803797  α = 0.00487
 147   -21.48156923975      -14.15       -6.39    7.39s
    ‖ρε - ρref‖ = 6.730590819579598e-6 ‖Δρ‖ = 9.633676713959384e-8  ‖vε - vref‖ = 0.06862649072251126  α = 0.00277
 148   -21.48156923975      -13.97       -5.66    11.8s
    ‖ρε - ρref‖ = 6.758942016327921e-6 ‖Δρ‖ = 6.567237135706246e-7  ‖vε - vref‖ = 0.06862599138108463  α = 0.000278
 149   -21.48156923975      -13.50       -6.51    7.49s
    ‖ρε - ρref‖ = 6.729876738735919e-6 ‖Δρ‖ = 5.8140348428435745e-8  ‖vε - vref‖ = 0.06861769239935378  α = 0.0066
 150   -21.48156923975      -13.75       -6.23    7.33s
    ‖ρε - ρref‖ = 6.74158707434287e-6 ‖Δρ‖ = 1.2890100505125872e-7  ‖vε - vref‖ = 0.06861605869847266  α = 0.00215
 151   -21.48156923975      -13.75       -6.27    7.36s
    ‖ρε - ρref‖ = 6.764038969654793e-6 ‖Δρ‖ = 1.73162755386124e-7  ‖vε - vref‖ = 0.06861595161900329  α = 0.000749
 152   -21.48156923975      -13.75       -6.30    11.9s
    ‖ρε - ρref‖ = 6.728794809784899e-6 ‖Δρ‖ = 1.0532136349875153e-7  ‖vε - vref‖ = 0.06861462447159163  α = 0.00253
 153   -21.48156923975   +    -Inf       -6.47    7.43s
    ‖ρε - ρref‖ = 6.743460283625384e-6 ‖Δρ‖ = 7.18092023786756e-8  ‖vε - vref‖ = 0.06861568128613303  α = 0.00373
 154   -21.48156923975      -14.45       -6.24    7.36s
    ‖ρε - ρref‖ = 6.948611346511037e-6 ‖Δρ‖ = 2.596228571441037e-7  ‖vε - vref‖ = 0.0686161881098923  α = 0.000284
 155   -21.48156923975      -13.50       -5.78    7.41s
    ‖ρε - ρref‖ = 6.6881409166575205e-6 ‖Δρ‖ = 2.971994296693213e-7  ‖vε - vref‖ = 0.06861437517550442  α = 0.00115
 156   -21.48156923975      -13.85       -6.44    11.7s
    ‖ρε - ρref‖ = 6.7452878589963185e-6 ‖Δρ‖ = 1.0052085814647046e-7  ‖vε - vref‖ = 0.06861448783485564  α = 0.00164
 157   -21.48156923975   +  -14.15       -6.68    7.32s
    ‖ρε - ρref‖ = 6.732572742202815e-6 ‖Δρ‖ = 5.521093046062709e-8  ‖vε - vref‖ = 0.06861277869043546  α = 0.00295
 158   -21.48156923975      -13.97       -6.28    7.45s
    ‖ρε - ρref‖ = 6.715217677686211e-6 ‖Δρ‖ = 1.3393157553239243e-7  ‖vε - vref‖ = 0.06860965902422814  α = 0.00137
 159   -21.48156923975      -13.50       -6.63    11.7s
    ‖ρε - ρref‖ = 6.739444181222053e-6 ‖Δρ‖ = 4.178850667070912e-8  ‖vε - vref‖ = 0.06860957703019546  α = 0.00672
 160   -21.48156923975   +  -14.45       -5.54    7.46s
    ‖ρε - ρref‖ = 6.77631724141323e-6 ‖Δρ‖ = 7.245841017300779e-7  ‖vε - vref‖ = 0.06860878073061778  α = 0.000245
 161   -21.48156923975      -13.67       -6.76    7.42s
    ‖ρε - ρref‖ = 6.734540698261321e-6 ‖Δρ‖ = 4.6091732289791836e-8  ‖vε - vref‖ = 0.06860893730166949  α = 0.00273
    Stopping to avoid numerical instabilities.
 162   -21.48156923975   +    -Inf       -6.86    30.9s
    ‖ρε - ρref‖ = 6.739901520067192e-6 ‖Δρ‖ = 2.7552735584210714e-8  ‖vε - vref‖ = 0.0686089373244557  α = 5.21e-8

#-- ‖ρε - ρref‖ = 6.736434825084513e-6 vs. 2.371373705661655e-8 = δ*ε ‖vε - vref‖ = 0.06861014643878792


# --- ε=1.778279410038923e-6

n     Energy            log10(ΔE)   log10(Δρ)   Δtime 
---   ---------------   ---------   ---------   ------
  1   -21.48156476830                   -1.26    11.7s
    ‖ρε - ρref‖ = 0.03478663372731156 ‖Δρ‖ = 0.03478233208381372  ‖vε - vref‖ = 0.5479434695584211  α = 4.42e-5
  2   -21.48156487660       -6.97       -2.34    7.05s
    ‖ρε - ρref‖ = 0.0018816251454703665 ‖Δρ‖ = 0.0018804422137978268  ‖vε - vref‖ = 0.3846961119956146  α = 0.000295
  3   -21.48156492202       -7.34       -2.56    10.2s
    ‖ρε - ρref‖ = 0.0009659627038378114 ‖Δρ‖ = 0.000964834885511655  ‖vε - vref‖ = 0.3101416409324316  α = 0.000383
  4   -21.48156495261       -7.51       -2.56    7.13s
    ‖ρε - ρref‖ = 0.0010320456351253018 ‖Δρ‖ = 0.0010310343430024258  ‖vε - vref‖ = 0.23339575486182101  α = 0.000288
  5   -21.48156497790       -7.60       -3.16    7.17s
    ‖ρε - ρref‖ = 0.0001845756566288964 ‖Δρ‖ = 0.00018358946065819736  ‖vε - vref‖ = 0.1618751351258578  α = 0.00155
  6   -21.48156498489       -8.16       -3.22    11.8s
    ‖ρε - ρref‖ = 0.000195658317835117 ‖Δρ‖ = 0.00019507194830216954  ‖vε - vref‖ = 0.13453804423063448  α = 0.000748
  7   -21.48156499143       -8.18       -3.32    7.37s
    ‖ρε - ρref‖ = 0.00012147264053942702 ‖Δρ‖ = 0.00012096721298016871  ‖vε - vref‖ = 0.10584462078039553  α = 0.0012
  8   -21.48156499613       -8.33       -3.72    7.28s
    ‖ρε - ρref‖ = 4.60234986743616e-5 ‖Δρ‖ = 4.5347908172734685e-5  ‖vε - vref‖ = 0.08179978642854761  α = 0.0027
  9   -21.48156499864       -8.60       -3.79    7.30s
    ‖ρε - ρref‖ = 3.796766996516748e-5 ‖Δρ‖ = 3.744290694345585e-5  ‖vε - vref‖ = 0.0669525750345592  α = 0.00241
 10   -21.48156499997       -8.88       -3.88    11.6s
    ‖ρε - ρref‖ = 3.1592198751899424e-5 ‖Δρ‖ = 3.086359740084645e-5  ‖vε - vref‖ = 0.05919395270733057  α = 0.00213
 11   -21.48156500114       -8.93       -3.96    7.44s
    ‖ρε - ρref‖ = 2.429265836799714e-5 ‖Δρ‖ = 2.3593121498957402e-5  ‖vε - vref‖ = 0.052830227450988004  α = 0.00263
 12   -21.48156500126       -9.91       -4.10    7.57s
    ‖ρε - ρref‖ = 3.567054579516457e-5 ‖Δρ‖ = 3.159032462798224e-5  ‖vε - vref‖ = 0.05321834549104695  α = 0.000517
 13   -21.48156500191       -9.19       -3.17    7.47s
    ‖ρε - ρref‖ = 0.000152396554263104 ‖Δρ‖ = 0.0001533268547481036  ‖vε - vref‖ = 0.05029069669509767  α = 0.000294
 14   -21.48156500227       -9.44       -3.98    11.7s
    ‖ρε - ρref‖ = 2.763380392763819e-5 ‖Δρ‖ = 2.765602610239115e-5  ‖vε - vref‖ = 0.049510498868573866  α = 0.00121
 15   -21.48156500264       -9.44       -3.42    7.42s
    ‖ρε - ρref‖ = 9.923740870306823e-5 ‖Δρ‖ = 9.888141710065807e-5  ‖vε - vref‖ = 0.048543854576622754  α = 0.000339
 16   -21.48156500280       -9.79       -3.65    7.33s
    ‖ρε - ρref‖ = 7.404325866992112e-5 ‖Δρ‖ = 7.326590993652692e-5  ‖vε - vref‖ = 0.0480625050019109  α = 0.000289
 17   -21.48156500323       -9.37       -4.21    11.7s
    ‖ρε - ρref‖ = 1.4528165418880898e-5 ‖Δρ‖ = 1.3215827086555344e-5  ‖vε - vref‖ = 0.048063912068845124  α = 0.00283
 18   -21.48156500336       -9.91       -4.24    7.41s
    ‖ρε - ρref‖ = 1.712392351895927e-5 ‖Δρ‖ = 1.6927902387186885e-5  ‖vε - vref‖ = 0.048119817862205705  α = 0.00114
 19   -21.48156500358       -9.65       -4.12    7.39s
    ‖ρε - ρref‖ = 1.7637241868756652e-5 ‖Δρ‖ = 1.728441809539366e-5  ‖vε - vref‖ = 0.04859803320859583  α = 0.00156
 20   -21.48156500379       -9.68       -4.07    7.33s
    ‖ρε - ρref‖ = 2.0625085260093378e-5 ‖Δρ‖ = 1.9320454777511373e-5  ‖vε - vref‖ = 0.04931596531080399  α = 0.00132
 21   -21.48156500401       -9.66       -4.75    11.8s
    ‖ρε - ρref‖ = 6.282389547701978e-6 ‖Δρ‖ = 3.366005364746205e-6  ‖vε - vref‖ = 0.05102878163654852  α = 0.00788
 22   -21.48156500410      -10.02       -4.37    7.41s
    ‖ρε - ρref‖ = 1.0806547727783403e-5 ‖Δρ‖ = 1.0074761503500252e-5  ‖vε - vref‖ = 0.05158666881537089  α = 0.0017
 23   -21.48156500418      -10.09       -4.61    7.42s
    ‖ρε - ρref‖ = 7.138287114252022e-6 ‖Δρ‖ = 4.933218126892341e-6  ‖vε - vref‖ = 0.052314027100637546  α = 0.00331
 24   -21.48156500422      -10.43       -4.54    7.40s
    ‖ρε - ρref‖ = 6.859170308825434e-6 ‖Δρ‖ = 7.12396542577928e-6  ‖vε - vref‖ = 0.05278853033660305  α = 0.00142
 25   -21.48156500424      -10.60       -3.42    12.0s
    ‖ρε - ρref‖ = 0.00010715849833131079 ‖Δρ‖ = 0.00010392256864838321  ‖vε - vref‖ = 0.0530158237043376  α = 7.53e-5
 26   -21.48156500429      -10.32       -4.63    7.39s
    ‖ρε - ρref‖ = 7.030797281638535e-6 ‖Δρ‖ = 4.850303750761967e-6  ‖vε - vref‖ = 0.053610700058847015  α = 0.00259
 27   -21.48156500430      -11.25       -4.32    7.54s
    ‖ρε - ρref‖ = 1.75533670324935e-5 ‖Δρ‖ = 1.736703186143679e-5  ‖vε - vref‖ = 0.053656610713522  α = 0.000233
 28   -21.48156500431      -10.94       -4.65    7.32s
    ‖ρε - ρref‖ = 7.888669843114823e-6 ‖Δρ‖ = 6.694487147601145e-6  ‖vε - vref‖ = 0.05384887161334219  α = 0.000854
 29   -21.48156500435      -10.39       -4.28    11.8s
    ‖ρε - ρref‖ = 1.1450081456259473e-5 ‖Δρ‖ = 1.00892366819748e-5  ‖vε - vref‖ = 0.054471637987100516  α = 0.00113
 30   -21.48156500438      -10.55       -4.57    7.40s
    ‖ρε - ρref‖ = 7.753882484899967e-6 ‖Δρ‖ = 5.486479956669714e-6  ‖vε - vref‖ = 0.05502627091798679  α = 0.00175
 31   -21.48156500438      -11.30       -4.86    7.40s
    ‖ρε - ρref‖ = 6.414652349282542e-6 ‖Δρ‖ = 4.287959813767705e-6  ‖vε - vref‖ = 0.055111264476024484  α = 0.000906
 32   -21.48156500441      -10.62       -4.89    11.7s
    ‖ρε - ρref‖ = 5.386267202635644e-6 ‖Δρ‖ = 2.4662194942669666e-6  ‖vε - vref‖ = 0.05560480769518393  α = 0.00356
 33   -21.48156500442      -10.80       -4.61    7.51s
    ‖ρε - ρref‖ = 7.822025282956175e-6 ‖Δρ‖ = 5.271520424354762e-6  ‖vε - vref‖ = 0.05602619118213917  α = 0.00134
 34   -21.48156500445      -10.65       -5.04    7.41s
    ‖ρε - ρref‖ = 5.350661733129267e-6 ‖Δρ‖ = 1.592120438886349e-6  ‖vε - vref‖ = 0.056624708091174245  α = 0.00535
 35   -21.48156500445      -11.21       -5.20    7.36s
    ‖ρε - ρref‖ = 5.166375232021238e-6 ‖Δρ‖ = 1.6202104551292954e-6  ‖vε - vref‖ = 0.05677617036251059  α = 0.00268
 36   -21.48156500446      -11.59       -5.04    11.7s
    ‖ρε - ρref‖ = 7.2634142657304306e-6 ‖Δρ‖ = 2.7957103309069023e-6  ‖vε - vref‖ = 0.05687666927742367  α = 0.000865
 37   -21.48156500446      -11.19       -3.92    7.55s
    ‖ρε - ρref‖ = 2.5396623411397004e-5 ‖Δρ‖ = 2.661761054258676e-5  ‖vε - vref‖ = 0.057028907188259655  α = 0.000163
 38   -21.48156500447      -11.04       -5.03    7.33s
    ‖ρε - ρref‖ = 5.280246167573967e-6 ‖Δρ‖ = 1.8416493621509383e-6  ‖vε - vref‖ = 0.057265333812763296  α = 0.00294
 39   -21.48156500447      -11.82       -4.75    7.33s
    ‖ρε - ρref‖ = 8.058549960205648e-6 ‖Δρ‖ = 5.923831155731552e-6  ‖vε - vref‖ = 0.05731885929048547  α = 0.000355
 40   -21.48156500448      -11.24       -4.72    12.1s
    ‖ρε - ρref‖ = 6.889209130480668e-6 ‖Δρ‖ = 4.433379649256004e-6  ‖vε - vref‖ = 0.05748653524632525  α = 0.000939
 41   -21.48156500448      -11.54       -4.62    7.49s
    ‖ρε - ρref‖ = 8.303255941801317e-6 ‖Δρ‖ = 7.107841273967371e-6  ‖vε - vref‖ = 0.05757311377557576  α = 0.000399
 42   -21.48156500449      -11.30       -5.07    7.30s
    ‖ρε - ρref‖ = 5.634260240697192e-6 ‖Δρ‖ = 1.8940081413335791e-6  ‖vε - vref‖ = 0.0577526537472355  α = 0.00211
 43   -21.48156500449      -11.26       -5.29    7.37s
    ‖ρε - ρref‖ = 5.140145374119488e-6 ‖Δρ‖ = 1.0384454515793738e-6  ‖vε - vref‖ = 0.05790466179756234  α = 0.00401
 44   -21.48156500449      -11.51       -4.75    11.9s
    ‖ρε - ρref‖ = 6.36827968655623e-6 ‖Δρ‖ = 4.384774295019298e-6  ‖vε - vref‖ = 0.05796682400687887  α = 0.000701
 45   -21.48156500450      -11.29       -5.16    7.50s
    ‖ρε - ρref‖ = 5.115977435565044e-6 ‖Δρ‖ = 1.4299137389021582e-6  ‖vε - vref‖ = 0.05807723750741822  α = 0.00282
 46   -21.48156500450      -11.32       -5.06    7.40s
    ‖ρε - ρref‖ = 5.707609515241232e-6 ‖Δρ‖ = 1.7855920048676592e-6  ‖vε - vref‖ = 0.05825715415520757  α = 0.00218
 47   -21.48156500451      -11.45       -5.14    11.6s
    ‖ρε - ρref‖ = 5.236569512829478e-6 ‖Δρ‖ = 1.576763306504586e-6  ‖vε - vref‖ = 0.058340762773329835  α = 0.00212
 48   -21.48156500451      -11.89       -5.25    7.42s
    ‖ρε - ρref‖ = 3.950109500874592e-6 ‖Δρ‖ = 1.846479293738952e-6  ‖vε - vref‖ = 0.05835883040235195  α = 0.000943
 49   -21.48156500451      -11.44       -4.09    7.49s
    ‖ρε - ρref‖ = 2.1013633079247825e-5 ‖Δρ‖ = 1.8931571369341626e-5  ‖vε - vref‖ = 0.058428270400823004  α = 0.000169
 50   -21.48156500452      -11.02       -5.38    7.41s
    ‖ρε - ρref‖ = 5.140475283043474e-6 ‖Δρ‖ = 7.140886523495725e-7  ‖vε - vref‖ = 0.05863579924360417  α = 0.0075
 51   -21.48156500452      -11.99       -4.85    12.0s
    ‖ρε - ρref‖ = 6.566380774457851e-6 ‖Δρ‖ = 4.652854908824669e-6  ‖vε - vref‖ = 0.058645577518111426  α = 0.00037
 52   -21.48156500453      -11.70       -4.77    7.41s
    ‖ρε - ρref‖ = 6.653239928774628e-6 ‖Δρ‖ = 4.662032974673261e-6  ‖vε - vref‖ = 0.05867920041550378  α = 0.000528
 53   -21.48156500453      -11.95       -5.20    7.42s
    ‖ρε - ρref‖ = 5.7162883737569305e-6 ‖Δρ‖ = 2.069766029854525e-6  ‖vε - vref‖ = 0.05870284820936431  α = 0.000855
 54   -21.48156500453      -11.20       -4.94    7.43s
    ‖ρε - ρref‖ = 5.479040742907706e-6 ‖Δρ‖ = 2.100548227712728e-6  ‖vε - vref‖ = 0.05881203987410644  α = 0.0021
 55   -21.48156500454      -11.47       -5.31    11.8s
    ‖ρε - ρref‖ = 5.211178229246613e-6 ‖Δρ‖ = 1.0924240230191592e-6  ‖vε - vref‖ = 0.058850218458960456  α = 0.00294
 56   -21.48156500454      -11.65       -5.14    7.40s
    ‖ρε - ρref‖ = 5.354339999367026e-6 ‖Δρ‖ = 1.803996784945308e-6  ‖vε - vref‖ = 0.058863441521231866  α = 0.00144
 57   -21.48156500454      -11.55       -4.92    7.38s
    ‖ρε - ρref‖ = 5.537714512671931e-6 ‖Δρ‖ = 2.7336791933925714e-6  ‖vε - vref‖ = 0.05885762677720132  α = 0.00108
 58   -21.48156500455      -11.34       -5.29    7.38s
    ‖ρε - ρref‖ = 5.124163871306956e-6 ‖Δρ‖ = 9.889992071130395e-7  ‖vε - vref‖ = 0.05885664881222367  α = 0.00384
 59   -21.48156500455      -11.70       -5.35    12.2s
    ‖ρε - ρref‖ = 5.3322190041170035e-6 ‖Δρ‖ = 1.1089335265304442e-6  ‖vε - vref‖ = 0.05888610759545881  α = 0.00223
 60   -21.48156500455      -12.43       -5.06    7.35s
    ‖ρε - ρref‖ = 8.263944644946249e-6 ‖Δρ‖ = 3.6662644437947763e-6  ‖vε - vref‖ = 0.058895166004091726  α = 0.00024
 61   -21.48156500455      -11.42       -4.53    7.37s
    ‖ρε - ρref‖ = 6.568638489569344e-6 ‖Δρ‖ = 5.657044823481778e-6  ‖vε - vref‖ = 0.05886350535557674  α = 0.0006
 62   -21.48156500455      -11.76       -5.35    7.38s
    ‖ρε - ρref‖ = 5.154800446932252e-6 ‖Δρ‖ = 1.0672801100128124e-6  ‖vε - vref‖ = 0.05884666675373096  α = 0.0022
 63   -21.48156500456      -11.91       -5.44    11.8s
    ‖ρε - ρref‖ = 5.241368061024702e-6 ‖Δρ‖ = 1.0545523078053296e-6  ‖vε - vref‖ = 0.058847801420688274  α = 0.00177
 64   -21.48156500456      -11.39       -4.51    7.35s
    ‖ρε - ρref‖ = 7.855402490959297e-6 ‖Δρ‖ = 5.849684609767419e-6  ‖vε - vref‖ = 0.058805266895219886  α = 0.000601
 65   -21.48156500456      -11.95       -5.10    7.42s
    ‖ρε - ρref‖ = 5.144744615374506e-6 ‖Δρ‖ = 2.2468200601229762e-6  ‖vε - vref‖ = 0.058783465330662886  α = 0.000808
 66   -21.48156500456      -11.73       -4.91    11.6s
    ‖ρε - ρref‖ = 5.813063717677852e-6 ‖Δρ‖ = 2.9511282040244786e-6  ‖vε - vref‖ = 0.05874633509131007  α = 0.000795
 67   -21.48156500456      -11.75       -5.31    7.41s
    ‖ρε - ρref‖ = 5.228315864515283e-6 ‖Δρ‖ = 1.0547373905822428e-6  ‖vε - vref‖ = 0.05873038376650701  α = 0.00223
 68   -21.48156500457      -11.70       -5.41    7.45s
    ‖ρε - ρref‖ = 5.185170885628796e-6 ‖Δρ‖ = 8.121034496959467e-7  ‖vε - vref‖ = 0.05871230531203134  α = 0.00309
 69   -21.48156500457      -12.11       -5.23    7.40s
    ‖ρε - ρref‖ = 5.353975012342486e-6 ‖Δρ‖ = 1.6430681195767152e-6  ‖vε - vref‖ = 0.05869800215706362  α = 0.00093
 70   -21.48156500457      -11.64       -5.22    12.3s
    ‖ρε - ρref‖ = 5.062739759909414e-6 ‖Δρ‖ = 1.1332185559596291e-6  ‖vε - vref‖ = 0.058612994214012566  α = 0.00237
 71   -21.48156500457      -12.02       -5.63    7.44s
    ‖ρε - ρref‖ = 5.138329695691476e-6 ‖Δρ‖ = 5.744243028623404e-7  ‖vε - vref‖ = 0.05858295080340423  α = 0.00302
 72   -21.48156500457      -12.94       -4.97    7.37s
    ‖ρε - ρref‖ = 3.181924104497928e-6 ‖Δρ‖ = 5.186820127023311e-6  ‖vε - vref‖ = 0.05857641133982879  α = 8.73e-5
 73   -21.48156500457      -11.67       -5.16    7.38s
    ‖ρε - ρref‖ = 5.40118045578662e-6 ‖Δρ‖ = 1.2832723106265829e-6  ‖vε - vref‖ = 0.05853452389013316  α = 0.00198
 74   -21.48156500457      -12.17       -5.42    11.9s
    ‖ρε - ρref‖ = 4.983741137310545e-6 ‖Δρ‖ = 9.785839063138154e-7  ‖vε - vref‖ = 0.05850273519573525  α = 0.00148
 75   -21.48156500457      -12.01       -5.59    7.39s
    ‖ρε - ρref‖ = 5.105100805534383e-6 ‖Δρ‖ = 5.896566627458883e-7  ‖vε - vref‖ = 0.05847884613769194  α = 0.00288
 76   -21.48156500458      -11.93       -4.52    7.37s
    ‖ρε - ρref‖ = 8.548590643228962e-6 ‖Δρ‖ = 6.365835381610714e-6  ‖vε - vref‖ = 0.05846102986913589  α = 0.000295
 77   -21.48156500458      -12.21       -5.50    7.32s
    ‖ρε - ρref‖ = 5.173576402578938e-6 ‖Δρ‖ = 7.522952974502426e-7  ‖vε - vref‖ = 0.058442249357973056  α = 0.00178
 78   -21.48156500458      -12.48       -5.07    12.0s
    ‖ρε - ρref‖ = 5.254819118965215e-6 ‖Δρ‖ = 2.3945416384554807e-6  ‖vε - vref‖ = 0.05842497367102137  α = 0.00043
 79   -21.48156500458      -12.24       -5.72    7.41s
    ‖ρε - ρref‖ = 5.001908218602431e-6 ‖Δρ‖ = 4.737570012824618e-7  ‖vε - vref‖ = 0.05838516184284995  α = 0.00276
 80   -21.48156500458      -11.91       -5.67    7.44s
    ‖ρε - ρref‖ = 5.087286673627752e-6 ‖Δρ‖ = 4.1185952527541616e-7  ‖vε - vref‖ = 0.058337862082681845  α = 0.00476
 81   -21.48156500458      -12.25       -5.32    7.37s
    ‖ρε - ρref‖ = 5.17791246802838e-6 ‖Δρ‖ = 1.1328281974630796e-6  ‖vε - vref‖ = 0.0583178559626009  α = 0.00118
 82   -21.48156500458      -12.49       -5.37    12.1s
    ‖ρε - ρref‖ = 5.247355654631513e-6 ‖Δρ‖ = 1.2282990164425194e-6  ‖vε - vref‖ = 0.058311270333338557  α = 0.000806
 83   -21.48156500458      -11.85       -5.71    7.35s
    ‖ρε - ρref‖ = 5.024288793053632e-6 ‖Δρ‖ = 3.3277549590326557e-7  ‖vε - vref‖ = 0.05827885967430869  α = 0.00626
 84   -21.48156500458      -12.85       -4.58    7.34s
    ‖ρε - ρref‖ = 1.4678201455291965e-5 ‖Δρ‖ = 1.0278771104659243e-5  ‖vε - vref‖ = 0.05827960527900391  α = 5.01e-5
 85   -21.48156500458      -12.31       -5.74    7.38s
    ‖ρε - ρref‖ = 5.047924126948996e-6 ‖Δρ‖ = 4.201247523522374e-7  ‖vε - vref‖ = 0.05825580011662005  α = 0.00292
 86   -21.48156500458      -12.34       -5.64    11.7s
    ‖ρε - ρref‖ = 5.084784876810209e-6 ‖Δρ‖ = 5.104337058765997e-7  ‖vε - vref‖ = 0.058234877674383  α = 0.00232
 87   -21.48156500458      -12.62       -5.64    7.41s
    ‖ρε - ρref‖ = 5.0176056703164545e-6 ‖Δρ‖ = 6.363028901164381e-7  ‖vε - vref‖ = 0.05821920723486537  α = 0.00136
 88   -21.48156500458      -12.59       -4.96    7.35s
    ‖ρε - ρref‖ = 5.40861141092699e-6 ‖Δρ‖ = 3.029127509790069e-6  ‖vε - vref‖ = 0.058196360280340156  α = 0.000298
 89   -21.48156500458      -12.36       -5.60    11.8s
    ‖ρε - ρref‖ = 5.144191924200575e-6 ‖Δρ‖ = 5.691952906386339e-7  ‖vε - vref‖ = 0.05819323390637879  α = 0.00206
 90   -21.48156500458      -12.82       -5.54    7.43s
    ‖ρε - ρref‖ = 5.351677444802834e-6 ‖Δρ‖ = 9.700481059043887e-7  ‖vε - vref‖ = 0.05819545751231113  α = 0.000618
 91   -21.48156500458      -12.20       -5.48    7.38s
    ‖ρε - ρref‖ = 5.128100814033697e-6 ‖Δρ‖ = 6.40548201956234e-7  ‖vε - vref‖ = 0.058199851675558086  α = 0.00219
 92   -21.48156500458      -12.37       -5.80    7.40s
    ‖ρε - ρref‖ = 5.0274011588052095e-6 ‖Δρ‖ = 3.4488560687081425e-7  ‖vε - vref‖ = 0.0581831187264461  α = 0.00338
 93   -21.48156500458      -12.32       -5.80    11.8s
    ‖ρε - ρref‖ = 5.086790713818173e-6 ‖Δρ‖ = 3.5764985848738624e-7  ‖vε - vref‖ = 0.05817759072829523  α = 0.00342
 94   -21.48156500458      -12.36       -5.33    7.37s
    ‖ρε - ρref‖ = 5.140897797450472e-6 ‖Δρ‖ = 1.1251822415086214e-6  ‖vε - vref‖ = 0.05816754868015476  α = 0.00101
 95   -21.48156500458      -12.46       -5.40    7.37s
    ‖ρε - ρref‖ = 5.37750831948905e-6 ‖Δρ‖ = 1.011880623053759e-6  ‖vε - vref‖ = 0.0581629442895399  α = 0.000992
 96   -21.48156500458      -13.25       -4.80    7.39s
    ‖ρε - ρref‖ = 4.376149329054874e-6 ‖Δρ‖ = 6.7968722353274175e-6  ‖vε - vref‖ = 0.058158251909615814  α = 5.5e-5
 97   -21.48156500459      -12.39       -5.86    12.0s
    ‖ρε - ρref‖ = 5.073578185813373e-6 ‖Δρ‖ = 2.845759697174932e-7  ‖vε - vref‖ = 0.058158351999919006  α = 0.00389
 98   -21.48156500459      -12.33       -5.72    7.37s
    ‖ρε - ρref‖ = 5.090288201522399e-6 ‖Δρ‖ = 3.982881361967995e-7  ‖vε - vref‖ = 0.05816499474656827  α = 0.00304
 99   -21.48156500459      -12.60       -5.84    7.34s
    ‖ρε - ρref‖ = 5.065397850124064e-6 ‖Δρ‖ = 3.6040370035873105e-7  ‖vε - vref‖ = 0.058162925023361435  α = 0.00239
 100   -21.48156500459      -12.66       -4.92    7.30s
    ‖ρε - ρref‖ = 6.042113588137725e-6 ‖Δρ‖ = 3.1564001874421863e-6  ‖vε - vref‖ = 0.05816486014195825  α = 0.000251
 101   -21.48156500459      -12.82       -5.75    11.8s
    ‖ρε - ρref‖ = 5.006121680263033e-6 ‖Δρ‖ = 4.808433269433522e-7  ‖vε - vref‖ = 0.05815745983169362  α = 0.00142
 102   -21.48156500459      -12.79       -5.89    7.47s
    ‖ρε - ρref‖ = 5.0229191391756195e-6 ‖Δρ‖ = 3.6373876694633107e-7  ‖vε - vref‖ = 0.058158098625857906  α = 0.00191
 103   -21.48156500459      -12.21       -5.22    7.37s
    ‖ρε - ρref‖ = 5.324502938332363e-6 ‖Δρ‖ = 1.0920752981280653e-6  ‖vε - vref‖ = 0.05816964015231229  α = 0.00121
 104   -21.48156500459      -12.63       -5.63    7.34s
    ‖ρε - ρref‖ = 5.027743602546976e-6 ‖Δρ‖ = 5.452989734603973e-7  ‖vε - vref‖ = 0.05816803436368419  α = 0.00158
 105   -21.48156500459      -12.52       -6.03    12.1s
    ‖ρε - ρref‖ = 5.058975706496492e-6 ‖Δρ‖ = 1.8558452636676074e-7  ‖vε - vref‖ = 0.05817403347331695  α = 0.00528
 106   -21.48156500459      -13.07       -5.82    7.37s
    ‖ρε - ρref‖ = 5.129472322225746e-6 ‖Δρ‖ = 4.45406986673202e-7  ‖vε - vref‖ = 0.05817918983673161  α = 0.0011
 107   -21.48156500459      -13.30       -5.65    7.37s
    ‖ρε - ρref‖ = 4.558226166915668e-6 ‖Δρ‖ = 7.799364592320079e-7  ‖vε - vref‖ = 0.05817937494845334  α = 0.000432
 108   -21.48156500459      -12.82       -4.85    7.42s
    ‖ρε - ρref‖ = 6.95341524365559e-6 ‖Δρ‖ = 3.3627588913152185e-6  ‖vε - vref‖ = 0.05818944129611035  α = 0.000206
 109   -21.48156500459      -12.69       -5.75    12.2s
    ‖ρε - ρref‖ = 5.0300220761822766e-6 ‖Δρ‖ = 3.9763435784797847e-7  ‖vε - vref‖ = 0.05819466889288837  α = 0.00194
 110   -21.48156500459      -12.60       -5.93    8.00s
    ‖ρε - ρref‖ = 5.077750286073786e-6 ‖Δρ‖ = 2.386558692096218e-7  ‖vε - vref‖ = 0.0582110941993588  α = 0.00368
 111   -21.48156500459      -12.97       -5.98    7.90s
    ‖ρε - ρref‖ = 5.081117324584185e-6 ‖Δρ‖ = 2.689997721078672e-7  ‖vε - vref‖ = 0.05822099808663974  α = 0.00226
 112   -21.48156500459      -12.93       -5.05    8.17s
    ‖ρε - ρref‖ = 5.527805333035779e-6 ‖Δρ‖ = 2.2063166829139398e-6  ‖vε - vref‖ = 0.058225975152317026  α = 0.000277
 113   -21.48156500459      -12.50       -5.73    12.5s
    ‖ρε - ρref‖ = 5.044178979188785e-6 ‖Δρ‖ = 3.4688452208786303e-7  ‖vε - vref‖ = 0.05823234388589659  α = 0.00273
 114   -21.48156500459      -13.17       -5.81    7.52s
    ‖ρε - ρref‖ = 5.066894234253066e-6 ‖Δρ‖ = 4.752612258540318e-7  ‖vε - vref‖ = 0.058231904205984175  α = 0.000786
 115   -21.48156500459      -13.30       -5.72    7.92s
    ‖ρε - ρref‖ = 4.9444394115893015e-6 ‖Δρ‖ = 5.653468550491382e-7  ‖vε - vref‖ = 0.058231151353145175  α = 0.000755
 116   -21.48156500459      -12.71       -5.91    7.87s
    ‖ρε - ρref‖ = 5.093110013050641e-6 ‖Δρ‖ = 2.4085141791957517e-7  ‖vε - vref‖ = 0.05825336984555887  α = 0.00321
 117   -21.48156500459      -12.89       -6.01    13.4s
    ‖ρε - ρref‖ = 5.071639244575078e-6 ‖Δρ‖ = 2.213207970558217e-7  ‖vε - vref‖ = 0.05826911091159312  α = 0.00294
 118   -21.48156500459      -12.81       -6.09    8.09s
    ‖ρε - ρref‖ = 5.035056725416057e-6 ‖Δρ‖ = 1.8029040336797156e-7  ‖vε - vref‖ = 0.05827803492265465  α = 0.00351
 119   -21.48156500459      -13.85       -5.19    7.90s
    ‖ρε - ρref‖ = 7.321819506527529e-6 ‖Δρ‖ = 2.6225003258472046e-6  ‖vε - vref‖ = 0.058281063657149336  α = 7.59e-5
 120   -21.48156500459      -13.15       -5.46    8.01s
    ‖ρε - ρref‖ = 5.036908066453814e-6 ‖Δρ‖ = 8.825224156795894e-7  ‖vε - vref‖ = 0.05828605684452871  α = 0.000579
 121   -21.48156500459      -12.96       -5.73    12.6s
    ‖ρε - ρref‖ = 5.033032909210323e-6 ‖Δρ‖ = 4.2265642896349634e-7  ‖vε - vref‖ = 0.058288452590848576  α = 0.00142
 122   -21.48156500459      -12.97       -6.14    8.00s
    ‖ρε - ρref‖ = 5.048751890643256e-6 ‖Δρ‖ = 1.4761239237546348e-7  ‖vε - vref‖ = 0.05829143945029108  α = 0.00406
 123   -21.48156500459      -12.97       -5.98    7.77s
    ‖ρε - ρref‖ = 5.080246941351957e-6 ‖Δρ‖ = 2.377293902533926e-7  ‖vε - vref‖ = 0.058297707603539126  α = 0.00219
 124   -21.48156500459      -13.55       -5.33    7.82s
    ‖ρε - ρref‖ = 5.358029750522212e-6 ‖Δρ‖ = 1.4228628699585072e-6  ‖vε - vref‖ = 0.0583016056957489  α = 0.000223
 125   -21.48156500459      -12.93       -5.80    13.1s
    ‖ρε - ρref‖ = 5.042513971512399e-6 ‖Δρ‖ = 3.0978702273419934e-7  ‖vε - vref‖ = 0.058306787336933064  α = 0.0021
 126   -21.48156500459      -13.22       -6.32    7.93s
    ‖ρε - ρref‖ = 5.047239702647957e-6 ‖Δρ‖ = 1.184970512606694e-7  ‖vε - vref‖ = 0.05831108897015511  α = 0.00321
 127   -21.48156500459      -13.22       -5.54    8.02s
    ‖ρε - ρref‖ = 5.189279739610219e-6 ‖Δρ‖ = 7.11241248009682e-7  ‖vε - vref‖ = 0.05831650466744577  α = 0.000532
 128   -21.48156500459      -13.41       -6.04    7.62s
    ‖ρε - ρref‖ = 5.043314677448371e-6 ‖Δρ‖ = 2.1902052932048722e-7  ‖vε - vref‖ = 0.05832132809308966  α = 0.00187
 129   -21.48156500459      -12.99       -6.06    13.4s
    ‖ρε - ρref‖ = 5.088328169312143e-6 ‖Δρ‖ = 1.7063374181608536e-7  ‖vε - vref‖ = 0.05833779953544367  α = 0.00322
 130   -21.48156500459      -13.45       -6.07    8.21s
    ‖ρε - ρref‖ = 5.080595488735746e-6 ‖Δρ‖ = 2.1049977637006316e-7  ‖vε - vref‖ = 0.05833905446915795  α = 0.00188
 131   -21.48156500459      -13.55       -5.28    8.03s
    ‖ρε - ρref‖ = 3.3752835718606235e-6 ‖Δρ‖ = 2.30706573159625e-6  ‖vε - vref‖ = 0.05833793806175654  α = 5.6e-5
 132   -21.48156500459      -13.17       -6.21    7.63s
    ‖ρε - ρref‖ = 5.052725976878671e-6 ‖Δρ‖ = 1.382301791004096e-7  ‖vε - vref‖ = 0.05833778220271226  α = 0.00325
 133   -21.48156500459      -13.27       -5.59    12.5s
    ‖ρε - ρref‖ = 5.09573983010245e-6 ‖Δρ‖ = 5.729893410295886e-7  ‖vε - vref‖ = 0.05833952055965325  α = 0.000774
 134   -21.48156500459      -13.27       -6.34    8.06s
    ‖ρε - ρref‖ = 5.054835311719322e-6 ‖Δρ‖ = 1.069951246589652e-7  ‖vε - vref‖ = 0.058340813110906206  α = 0.0031
 135   -21.48156500459      -13.11       -6.17    7.94s
    ‖ρε - ρref‖ = 5.055532707041141e-6 ‖Δρ‖ = 1.2976801240976097e-7  ‖vε - vref‖ = 0.0583440138994399  α = 0.00369
 136   -21.48156500459      -14.15       -5.29    7.97s
    ‖ρε - ρref‖ = 5.204119721862626e-6 ‖Δρ‖ = 1.454984478974364e-6  ‖vε - vref‖ = 0.058343747331443783  α = 0.000184
 137   -21.48156500459      -13.37       -6.19    13.4s
    ‖ρε - ρref‖ = 5.071766929693496e-6 ‖Δρ‖ = 1.4925835712905182e-7  ‖vε - vref‖ = 0.05834828924080825  α = 0.00246
 138   -21.48156500459      -13.11       -6.08    8.06s
    ‖ρε - ρref‖ = 5.0561010306082665e-6 ‖Δρ‖ = 1.5298398354544952e-7  ‖vε - vref‖ = 0.05835274353758505  α = 0.0032
 139   -21.48156500459      -14.45       -5.78    8.21s
    ‖ρε - ρref‖ = 5.010507390599237e-6 ‖Δρ‖ = 5.287325561143174e-7  ‖vε - vref‖ = 0.058353321705544386  α = 0.000375
 140   -21.48156500459      -13.37       -6.17    8.02s
    ‖ρε - ρref‖ = 5.08032164271962e-6 ‖Δρ‖ = 1.4979564890808345e-7  ‖vε - vref‖ = 0.05835744142651036  α = 0.00232
 141   -21.48156500459      -13.50       -6.44    13.4s
    ‖ρε - ρref‖ = 5.042172474056839e-6 ‖Δρ‖ = 9.474497519066047e-8  ‖vε - vref‖ = 0.0583537495685095  α = 0.00299
 142   -21.48156500459      -13.45       -6.10    8.01s
    ‖ρε - ρref‖ = 4.952532245684955e-6 ‖Δρ‖ = 1.9065581303074747e-7  ‖vε - vref‖ = 0.058350698706067856  α = 0.00135
 143   -21.48156500459      -14.45       -4.91    7.73s
    ‖ρε - ρref‖ = 6.938221700499735e-6 ‖Δρ‖ = 2.848700047402058e-6  ‖vε - vref‖ = 0.058350314970773295  α = 9.4e-5
 144   -21.48156500459      -13.41       -6.24    8.26s
    ‖ρε - ρref‖ = 5.0508398291583625e-6 ‖Δρ‖ = 1.3006886979601133e-7  ‖vε - vref‖ = 0.05834937417463083  α = 0.00228
 145   -21.48156500459      -13.75       -6.15    13.3s
    ‖ρε - ρref‖ = 5.061932970572524e-6 ‖Δρ‖ = 2.2028051504821854e-7  ‖vε - vref‖ = 0.05834969420352073  α = 0.000785
 146   -21.48156500459      -14.15       -6.32    7.51s
    ‖ρε - ρref‖ = 5.077714873741905e-6 ‖Δρ‖ = 1.0265276565893468e-7  ‖vε - vref‖ = 0.05835576086069837  α = 0.00306
 147   -21.48156500459      -13.19       -6.28    8.10s
    ‖ρε - ρref‖ = 5.047575734649926e-6 ‖Δρ‖ = 1.1710296887126831e-7  ‖vε - vref‖ = 0.058353881536159107  α = 0.00251
 148   -21.48156500459   +    -Inf       -5.68    13.3s
    ‖ρε - ρref‖ = 5.102408207588088e-6 ‖Δρ‖ = 7.132243698610231e-7  ‖vε - vref‖ = 0.0583539116781555  α = 0.000196
 149   -21.48156500459      -13.22       -6.34    8.07s
    ‖ρε - ρref‖ = 5.046144390275589e-6 ‖Δρ‖ = 8.589994078534018e-8  ‖vε - vref‖ = 0.058345258962163915  α = 0.00476
 150   -21.48156500459      -13.67       -6.09    7.94s
    ‖ρε - ρref‖ = 5.065123047388941e-6 ‖Δρ‖ = 1.763300713738574e-7  ‖vε - vref‖ = 0.0583440524186912  α = 0.00166
 151   -21.48156500459      -14.45       -6.24    7.45s
    ‖ρε - ρref‖ = 5.081467766006922e-6 ‖Δρ‖ = 1.782283569241737e-7  ‖vε - vref‖ = 0.05834397063144324  α = 0.000852
 152   -21.48156500459      -13.41       -6.00    7.42s
    ‖ρε - ρref‖ = 5.04004140311643e-6 ‖Δρ‖ = 2.155258622407212e-7  ‖vε - vref‖ = 0.05834257266997932  α = 0.00133
 153   -21.48156500459      -14.15       -6.29    12.2s
    ‖ρε - ρref‖ = 5.06884011628013e-6 ‖Δρ‖ = 1.0908873200471331e-7  ‖vε - vref‖ = 0.05834394813823278  α = 0.00289
 154   -21.48156500459      -13.97       -6.15    7.56s
    ‖ρε - ρref‖ = 5.2432281003141475e-6 ‖Δρ‖ = 2.4780480767567887e-7  ‖vε - vref‖ = 0.05834471226964234  α = 0.000532
 155   -21.48156500459      -13.37       -5.22    8.04s
    ‖ρε - ρref‖ = 4.854768595828934e-6 ‖Δρ‖ = 1.1134721900981425e-6  ‖vε - vref‖ = 0.058340894722064385  α = 0.000345
 156   -21.48156500459      -13.85       -6.30    8.00s
    ‖ρε - ρref‖ = 5.0685484870137e-6 ‖Δρ‖ = 1.4343005367290888e-7  ‖vε - vref‖ = 0.05834059492555372  α = 0.00133
 157   -21.48156500459      -13.45       -6.49    13.3s
    ‖ρε - ρref‖ = 5.047037967184121e-6 ‖Δρ‖ = 8.060946895608776e-8  ‖vε - vref‖ = 0.05833626755465655  α = 0.00284
 158   -21.48156500459      -13.85       -6.03    8.08s
    ‖ρε - ρref‖ = 5.0224485123201515e-6 ‖Δρ‖ = 2.488634621959802e-7  ‖vε - vref‖ = 0.058331521590740315  α = 0.000868
 159   -21.48156500459      -13.27       -6.36    7.97s
    ‖ρε - ρref‖ = 5.061164304891165e-6 ‖Δρ‖ = 7.22547457434839e-8  ‖vε - vref‖ = 0.05832835599872133  α = 0.0054
 160   -21.48156500459   +    -Inf       -5.52    8.23s
    ‖ρε - ρref‖ = 5.132080211357755e-6 ‖Δρ‖ = 9.511831285126363e-7  ‖vε - vref‖ = 0.05832716825394871  α = 0.000156
 161   -21.48156500459      -14.45       -6.52    12.8s
    ‖ρε - ρref‖ = 5.052126403924757e-6 ‖Δρ‖ = 7.818910119825677e-8  ‖vε - vref‖ = 0.058326842671699054  α = 0.00198
 162   -21.48156500459      -13.55       -6.63    8.11s
    ‖ρε - ρref‖ = 5.06054241618092e-6 ‖Δρ‖ = 4.5798787019332985e-8  ‖vε - vref‖ = 0.058329564547958575  α = 0.0047
 163   -21.48156500459   +  -14.45       -6.40    8.01s
    ‖ρε - ρref‖ = 5.048741096961949e-6 ‖Δρ‖ = 1.3869291320876198e-7  ‖vε - vref‖ = 0.05832992073720666  α = 0.000663
 164   -21.48156500459      -13.85       -6.29    7.65s
    ‖ρε - ρref‖ = 5.077493870555336e-6 ‖Δρ‖ = 1.262726433992582e-7  ‖vε - vref‖ = 0.05833075366496037  α = 0.00125
 165   -21.48156500459      -13.67       -6.41    13.5s
    ‖ρε - ρref‖ = 5.053087110777579e-6 ‖Δρ‖ = 6.926019535084872e-8  ‖vε - vref‖ = 0.05832606010785625  α = 0.00369
 166   -21.48156500459   +  -14.15       -5.84    7.72s
    ‖ρε - ρref‖ = 4.472251187810146e-6 ‖Δρ‖ = 7.149743041529655e-7  ‖vε - vref‖ = 0.05832551967634363  α = 5.74e-5
 167   -21.48156500459      -13.67       -6.43    8.15s
    ‖ρε - ρref‖ = 5.06941612629687e-6 ‖Δρ‖ = 9.082260375801266e-8  ‖vε - vref‖ = 0.05832495407207737  α = 0.00155
 168   -21.48156500459   +    -Inf       -6.73    7.98s
    ‖ρε - ρref‖ = 5.05113286788463e-6 ‖Δρ‖ = 3.954558314211198e-8  ‖vε - vref‖ = 0.058321223066728656  α = 0.0048
 169   -21.48156500459      -13.55       -6.33    13.6s
    ‖ρε - ρref‖ = 5.056097659801897e-6 ‖Δρ‖ = 1.0319219797402217e-7  ‖vε - vref‖ = 0.0583188117825958  α = 0.00174
 170   -21.48156500459   +  -13.55       -6.20    8.09s
    ‖ρε - ρref‖ = 5.060840747911427e-6 ‖Δρ‖ = 1.609452542104132e-7  ‖vε - vref‖ = 0.05831748365439457  α = 0.000937
 171   -21.48156500459      -13.85       -6.36    7.99s
    ‖ρε - ρref‖ = 5.044080155918203e-6 ‖Δρ‖ = 1.0775176854551277e-7  ‖vε - vref‖ = 0.058314688610072274  α = 0.00156
 172   -21.48156500459      -13.97       -6.01    7.85s
    ‖ρε - ρref‖ = 5.074150449308656e-6 ‖Δρ‖ = 3.4670794932672547e-7  ‖vε - vref‖ = 0.058314746661685735  α = 0.000235
 173   -21.48156500459      -13.55       -6.33    13.5s
    ‖ρε - ρref‖ = 5.067118861604075e-6 ‖Δρ‖ = 8.820920363349099e-8  ‖vε - vref‖ = 0.05831637563857546  α = 0.00257
 174   -21.48156500459      -14.45       -6.68    7.95s
    ‖ρε - ρref‖ = 5.051584181321535e-6 ‖Δρ‖ = 4.4156457719980836e-8  ‖vε - vref‖ = 0.05831552431818186  α = 0.00388
    Stopping to avoid numerical instabilities.
 175   -21.48156500459      -13.97       -6.72    7.85s
    ‖ρε - ρref‖ = 5.0641130324465805e-6 ‖Δρ‖ = 5.593408092222038e-8  ‖vε - vref‖ = 0.05831595056022806  α = 0.00171

#-- ‖ρε - ρref‖ = 5.054937785397931e-6 vs. 1.7782794100389228e-8 = δ*ε ‖vε - vref‖ = 0.058316490801732214


# --- ε=1.333521432163324e-6

n     Energy            log10(ΔE)   log10(Δρ)   Δtime 
---   ---------------   ---------   ---------   ------
  1   -21.48156164805                   -1.26    12.1s
    ‖ρε - ρref‖ = 0.03478624092209231 ‖Δρ‖ = 0.03478301517589965  ‖vε - vref‖ = 0.5511387249520247  α = 3.32e-5
  2   -21.48156172934       -7.09       -2.34    7.70s
    ‖ρε - ρref‖ = 0.001881375154321735 ‖Δρ‖ = 0.0018804887358280374  ‖vε - vref‖ = 0.3887328139855382  α = 0.000221
  3   -21.48156176349       -7.47       -2.56    11.2s
    ‖ρε - ρref‖ = 0.0009665697093911895 ‖Δρ‖ = 0.0009657254612324424  ‖vε - vref‖ = 0.3145492613353557  α = 0.000288
  4   -21.48156178651       -7.64       -2.56    7.61s
    ‖ρε - ρref‖ = 0.0010331869467066833 ‖Δρ‖ = 0.0010324299604832937  ‖vε - vref‖ = 0.23834696895291585  α = 0.000216
  5   -21.48156180561       -7.72       -3.15    7.66s
    ‖ρε - ρref‖ = 0.00018478025212892828 ‖Δρ‖ = 0.0001840515792750901  ‖vε - vref‖ = 0.16715276709667404  α = 0.00117
  6   -21.48156181091       -8.28       -3.21    7.67s
    ‖ρε - ρref‖ = 0.00019624850900875986 ‖Δρ‖ = 0.00019581964335206467  ‖vε - vref‖ = 0.13996842494965203  α = 0.000562
  7   -21.48156181589       -8.30       -3.32    12.6s
    ‖ρε - ρref‖ = 0.00012202921540583491 ‖Δρ‖ = 0.00012166818994731527  ‖vε - vref‖ = 0.11130226658435986  α = 0.000904
  8   -21.48156181950       -8.44       -3.72    7.60s
    ‖ρε - ρref‖ = 4.620136270907218e-5 ‖Δρ‖ = 4.5744494938706285e-5  ‖vε - vref‖ = 0.08672130812762002  α = 0.00203
  9   -21.48156182145       -8.71       -3.78    7.78s
    ‖ρε - ρref‖ = 3.828754041903537e-5 ‖Δρ‖ = 3.795614345534207e-5  ‖vε - vref‖ = 0.07102604479000411  α = 0.00181
 10   -21.48156182249       -8.98       -3.87    7.95s
    ‖ρε - ρref‖ = 3.191582252314149e-5 ‖Δρ‖ = 3.144545467516567e-5  ‖vε - vref‖ = 0.06225918378564953  α = 0.00161
 11   -21.48156182342       -9.03       -3.95    13.3s
    ‖ρε - ρref‖ = 2.4617237450547734e-5 ‖Δρ‖ = 2.4193748867688106e-5  ‖vε - vref‖ = 0.05436562568779523  α = 0.00198
 12   -21.48156182353       -9.98       -4.09    8.18s
    ‖ρε - ρref‖ = 3.500285283486547e-5 ‖Δρ‖ = 3.1979067063634695e-5  ‖vε - vref‖ = 0.054519143696212274  α = 0.000406
 13   -21.48156182405       -9.28       -3.14    7.93s
    ‖ρε - ρref‖ = 0.00016414359899498277 ‖Δρ‖ = 0.0001648766769136226  ‖vε - vref‖ = 0.05009964251362167  α = 0.000213
 14   -21.48156182435       -9.52       -3.97    7.85s
    ‖ρε - ρref‖ = 2.8402962156565318e-5 ‖Δρ‖ = 2.8506040011351394e-5  ‖vε - vref‖ = 0.04839223131890708  α = 0.000925
 15   -21.48156182465       -9.53       -3.39    12.4s
    ‖ρε - ρref‖ = 0.00010456449083013031 ‖Δρ‖ = 0.00010431501944580938  ‖vε - vref‖ = 0.046353345392138236  α = 0.000251
 16   -21.48156182478       -9.89       -3.64    7.99s
    ‖ρε - ρref‖ = 7.633097187202936e-5 ‖Δρ‖ = 7.577828676124114e-5  ‖vε - vref‖ = 0.0453741723291101  α = 0.000217
 17   -21.48156182514       -9.45       -4.19    7.97s
    ‖ρε - ρref‖ = 1.4736956790416683e-5 ‖Δρ‖ = 1.393755633483537e-5  ‖vε - vref‖ = 0.043846843584386924  α = 0.00212
 18   -21.48156182524       -9.98       -4.22    7.99s
    ‖ρε - ρref‖ = 1.7542053221517744e-5 ‖Δρ‖ = 1.754890170392448e-5  ‖vε - vref‖ = 0.04348135263692127  α = 0.000878
 19   -21.48156182543       -9.72       -4.09    12.7s
    ‖ρε - ρref‖ = 1.8582124400999253e-5 ‖Δρ‖ = 1.8468421642893774e-5  ‖vε - vref‖ = 0.04312276949261542  α = 0.00117
 20   -21.48156182561       -9.76       -4.04    7.59s
    ‖ρε - ρref‖ = 2.1514343690479404e-5 ‖Δρ‖ = 2.0658516647604995e-5  ‖vε - vref‖ = 0.043002763263535145  α = 0.000978
 21   -21.48156182580       -9.72       -4.72    8.05s
    ‖ρε - ρref‖ = 5.41244521082954e-6 ‖Δρ‖ = 3.586105754269628e-6  ‖vε - vref‖ = 0.043893767171968516  α = 0.006
 22   -21.48156182588      -10.09       -4.35    8.03s
    ‖ρε - ρref‖ = 1.1021903826916662e-5 ‖Δρ‖ = 1.0737177097102962e-5  ‖vε - vref‖ = 0.044081801591251  α = 0.00128
 23   -21.48156182595      -10.15       -4.58    13.2s
    ‖ρε - ρref‖ = 6.604151335157222e-6 ‖Δρ‖ = 5.318934309065952e-6  ‖vε - vref‖ = 0.04452459540774069  α = 0.00249
 24   -21.48156182598      -10.49       -4.51    8.02s
    ‖ρε - ρref‖ = 7.034134200274713e-6 ‖Δρ‖ = 7.655329608200422e-6  ‖vε - vref‖ = 0.04491030850070662  α = 0.00107
 25   -21.48156182600      -10.66       -3.39    8.10s
    ‖ρε - ρref‖ = 0.00011456937795099153 ‖Δρ‖ = 0.00011215965694312411  ‖vε - vref‖ = 0.0450089746684075  α = 5.65e-5
 26   -21.48156182604      -10.38       -4.59    8.01s
    ‖ρε - ρref‖ = 6.515787217072797e-6 ‖Δρ‖ = 5.276214969547337e-6  ‖vε - vref‖ = 0.045441160718138585  α = 0.00193
 27   -21.48156182605      -11.31       -4.29    7.94s
    ‖ρε - ρref‖ = 1.835042061593415e-5 ‖Δρ‖ = 1.8369988746583448e-5  ‖vε - vref‖ = 0.04546811042755227  α = 0.000177
 28   -21.48156182606      -10.98       -4.61    13.8s
    ‖ρε - ρref‖ = 7.721824920015234e-6 ‖Δρ‖ = 7.192802874415722e-6  ‖vε - vref‖ = 0.045640005347448574  α = 0.000659
 29   -21.48156182610      -10.44       -4.23    8.02s
    ‖ρε - ρref‖ = 1.209333516094687e-5 ‖Δρ‖ = 1.1334232848032241e-5  ‖vε - vref‖ = 0.04613631062503792  α = 0.00082
 30   -21.48156182612      -10.61       -4.53    7.97s
    ‖ρε - ρref‖ = 7.321737849436497e-6 ‖Δρ‖ = 5.966155469469944e-6  ‖vε - vref‖ = 0.046596069956865556  α = 0.0013
 31   -21.48156182612      -11.36       -4.84    8.04s
    ‖ρε - ρref‖ = 5.707410935866149e-6 ‖Δρ‖ = 4.516951978118908e-6  ‖vε - vref‖ = 0.04667006828521624  α = 0.0007
 32   -21.48156182615      -10.67       -4.84    13.4s
    ‖ρε - ρref‖ = 4.449657795669978e-6 ‖Δρ‖ = 2.7427529929388653e-6  ‖vε - vref‖ = 0.04711999039714331  α = 0.00262
 33   -21.48156182616      -10.87       -4.58    8.03s
    ‖ρε - ρref‖ = 7.290545137587625e-6 ‖Δρ‖ = 5.6846675691760824e-6  ‖vε - vref‖ = 0.04748973648690272  α = 0.000992
 34   -21.48156182618      -10.72       -5.00    8.09s
    ‖ρε - ρref‖ = 4.218116423603069e-6 ‖Δρ‖ = 1.7297554775965087e-6  ‖vε - vref‖ = 0.04803173512634333  α = 0.00396
 35   -21.48156182618      -11.29       -5.18    7.98s
    ‖ρε - ρref‖ = 4.012437090449366e-6 ‖Δρ‖ = 1.69501693248107e-6  ‖vε - vref‖ = 0.04817267425192818  α = 0.00203
 36   -21.48156182619      -11.69       -5.01    13.2s
    ‖ρε - ρref‖ = 6.1915222462693475e-6 ‖Δρ‖ = 2.9468838559704953e-6  ‖vε - vref‖ = 0.048272072394196425  α = 0.000648
 37   -21.48156182619      -11.28       -3.89    7.83s
    ‖ρε - ρref‖ = 2.7103196277590404e-5 ‖Δρ‖ = 2.8124958203138702e-5  ‖vε - vref‖ = 0.04840987135527177  α = 0.00012
 38   -21.48156182620      -11.14       -5.01    7.86s
    ‖ρε - ρref‖ = 4.156724740239353e-6 ‖Δρ‖ = 1.9257089195909506e-6  ‖vε - vref‖ = 0.04863303881304026  α = 0.00217
 39   -21.48156182620      -11.92       -4.75    8.20s
    ‖ρε - ρref‖ = 7.280780230949933e-6 ‖Δρ‖ = 5.9471973143076786e-6  ‖vε - vref‖ = 0.048683488000264986  α = 0.000271
 40   -21.48156182620      -11.36       -4.70    12.7s
    ‖ρε - ρref‖ = 6.111927017580767e-6 ‖Δρ‖ = 4.6079954573136035e-6  ‖vε - vref‖ = 0.04884283235814106  α = 0.000691
 41   -21.48156182621      -11.67       -4.61    8.02s
    ‖ρε - ρref‖ = 7.764420017268692e-6 ‖Δρ‖ = 7.1598728370728926e-6  ‖vε - vref‖ = 0.04892204624772224  α = 0.000296
 42   -21.48156182621      -11.43       -5.06    7.64s
    ‖ρε - ρref‖ = 4.477819026631349e-6 ‖Δρ‖ = 1.921053432079552e-6  ‖vε - vref‖ = 0.04908786350006924  α = 0.00155
 43   -21.48156182621      -11.40       -5.29    7.92s
    ‖ρε - ρref‖ = 3.907676335824597e-6 ‖Δρ‖ = 1.0310450749039377e-6  ‖vε - vref‖ = 0.04923710307767862  α = 0.00299
 44   -21.48156182622      -11.68       -4.76    13.2s
    ‖ρε - ρref‖ = 5.422105651649157e-6 ‖Δρ‖ = 4.25223221500717e-6  ‖vε - vref‖ = 0.04929796954918269  α = 0.000518
 45   -21.48156182622      -11.46       -5.17    8.01s
    ‖ρε - ρref‖ = 3.913065840149875e-6 ‖Δρ‖ = 1.3837040440265638e-6  ‖vε - vref‖ = 0.04941275967851058  α = 0.00209
 46   -21.48156182622      -11.50       -5.08    7.94s
    ‖ρε - ρref‖ = 4.47835549274367e-6 ‖Δρ‖ = 1.7098839334786407e-6  ‖vε - vref‖ = 0.049583532581233325  α = 0.00161
 47   -21.48156182622      -11.65       -5.16    7.49s
    ‖ρε - ρref‖ = 4.013502117030902e-6 ‖Δρ‖ = 1.487107707150713e-6  ‖vε - vref‖ = 0.049668940346999424  α = 0.00157
 48   -21.48156182623      -12.05       -5.27    12.4s
    ‖ρε - ρref‖ = 2.8901204199164233e-6 ‖Δρ‖ = 1.6521204855127013e-6  ‖vε - vref‖ = 0.04969517082536544  α = 0.000761
 49   -21.48156182623      -11.66       -4.09    7.40s
    ‖ρε - ρref‖ = 2.015280458109574e-5 ‖Δρ‖ = 1.8622120725913162e-5  ‖vε - vref‖ = 0.04976994629628208  α = 0.000116
 50   -21.48156182623      -11.22       -5.40    7.47s
    ‖ρε - ρref‖ = 3.8824562036859935e-6 ‖Δρ‖ = 6.669573134630475e-7  ‖vε - vref‖ = 0.050009721803069306  α = 0.00562
 51   -21.48156182623      -12.21       -4.91    7.39s
    ‖ρε - ρref‖ = 5.266347745892033e-6 ‖Δρ‖ = 4.001495633074106e-6  ‖vε - vref‖ = 0.050025524657168086  α = 0.000294
 52   -21.48156182624      -11.92       -4.79    12.3s
    ‖ρε - ρref‖ = 5.602465158073553e-6 ‖Δρ‖ = 4.361376480469662e-6  ‖vε - vref‖ = 0.05006781845259799  α = 0.000381
 53   -21.48156182624      -12.13       -5.24    7.46s
    ‖ρε - ρref‖ = 4.425450765989541e-6 ‖Δρ‖ = 1.8208254101791907e-6  ‖vε - vref‖ = 0.05009977502839282  α = 0.000691
 54   -21.48156182624      -11.40       -4.93    7.44s
    ‖ρε - ρref‖ = 4.347115007217277e-6 ‖Δρ‖ = 2.1222658755883444e-6  ‖vε - vref‖ = 0.050247432933968855  α = 0.00143
 55   -21.48156182624      -11.66       -5.34    7.44s
    ‖ρε - ρref‖ = 3.954086400268378e-6 ‖Δρ‖ = 9.886481398546192e-7  ‖vε - vref‖ = 0.050314888205067486  α = 0.00226
 56   -21.48156182624      -11.83       -5.17    7.35s
    ‖ρε - ρref‖ = 4.112041580923825e-6 ‖Δρ‖ = 1.6304641305805462e-6  ‖vε - vref‖ = 0.05035220856007271  α = 0.00113
 57   -21.48156182625      -11.74       -4.93    12.3s
    ‖ρε - ρref‖ = 4.422439017768496e-6 ‖Δρ‖ = 2.620303743960851e-6  ‖vε - vref‖ = 0.05038047487143444  α = 0.000787
 58   -21.48156182625      -11.51       -5.30    7.45s
    ‖ρε - ρref‖ = 3.8867633677123695e-6 ‖Δρ‖ = 9.407452494307143e-7  ‖vε - vref‖ = 0.05043994157655846  α = 0.00288
 59   -21.48156182625      -11.85       -5.37    7.38s
    ‖ρε - ρref‖ = 4.07320312216009e-6 ‖Δρ‖ = 1.0199154541449302e-6  ‖vε - vref‖ = 0.050492929761359176  α = 0.00177
 60   -21.48156182625      -12.54       -5.08    7.46s
    ‖ρε - ρref‖ = 6.664040266189457e-6 ‖Δρ‖ = 3.283638626144633e-6  ‖vε - vref‖ = 0.05050780978501247  α = 0.000212
 61   -21.48156182625      -11.58       -4.46    12.5s
    ‖ρε - ρref‖ = 6.651127556929223e-6 ‖Δρ‖ = 6.608112762715482e-6  ‖vε - vref‖ = 0.05053203637926654  α = 0.000371
 62   -21.48156182625      -11.89       -5.36    7.42s
    ‖ρε - ρref‖ = 3.9205974660514785e-6 ‖Δρ‖ = 1.0276634901687377e-6  ‖vε - vref‖ = 0.0505434058415043  α = 0.00169
 63   -21.48156182626      -11.95       -5.46    7.53s
    ‖ρε - ρref‖ = 3.9792022809285935e-6 ‖Δρ‖ = 9.506606660033749e-7  ‖vε - vref‖ = 0.0505664419287901  α = 0.00163
 64   -21.48156182626      -11.51       -4.44    7.43s
    ‖ρε - ρref‖ = 7.964538602857086e-6 ‖Δρ‖ = 6.908166989821308e-6  ‖vε - vref‖ = 0.05058896163931177  α = 0.000382
 65   -21.48156182626      -12.01       -5.11    12.4s
    ‖ρε - ρref‖ = 4.001112480068704e-6 ‖Δρ‖ = 2.141295403956867e-6  ‖vε - vref‖ = 0.050587020032717325  α = 0.000684
 66   -21.48156182626      -11.83       -4.87    7.39s
    ‖ρε - ρref‖ = 5.010925125048505e-6 ‖Δρ‖ = 3.29676199801234e-6  ‖vε - vref‖ = 0.05058232487041596  α = 0.00055
 67   -21.48156182626      -11.81       -5.29    7.45s
    ‖ρε - ρref‖ = 4.022720524395929e-6 ‖Δρ‖ = 1.111838825522276e-6  ‖vε - vref‖ = 0.05059544951874013  α = 0.0017
 68   -21.48156182626      -11.75       -5.37    7.47s
    ‖ρε - ρref‖ = 3.96359232108917e-6 ‖Δρ‖ = 8.799799702366846e-7  ‖vε - vref‖ = 0.05060879553767889  α = 0.00236
 69   -21.48156182627      -12.11       -5.22    12.4s
    ‖ρε - ρref‖ = 4.177727227194876e-6 ‖Δρ‖ = 1.6829319127482403e-6  ‖vε - vref‖ = 0.050605321705159335  α = 0.000764
 70   -21.48156182627      -11.67       -5.15    7.43s
    ‖ρε - ρref‖ = 3.891674678987617e-6 ‖Δρ‖ = 1.3695036746718908e-6  ‖vε - vref‖ = 0.05055469998523937  α = 0.00163
 71   -21.48156182627      -12.00       -5.59    7.45s
    ‖ρε - ρref‖ = 3.890886551675392e-6 ‖Δρ‖ = 6.269749900433412e-7  ‖vε - vref‖ = 0.050536908648158234  α = 0.00241
 72   -21.48156182627      -12.99       -4.98    7.36s
    ‖ρε - ρref‖ = 3.039574480827509e-6 ‖Δρ‖ = 5.09792142096467e-6  ‖vε - vref‖ = 0.05053177981926842  α = 7.79e-5
 73   -21.48156182627      -11.68       -5.02    12.4s
    ‖ρε - ρref‖ = 4.454755661760833e-6 ‖Δρ‖ = 1.796483972932927e-6  ‖vε - vref‖ = 0.05051308212481963  α = 0.00121
 74   -21.48156182627      -12.18       -5.39    7.42s
    ‖ρε - ρref‖ = 3.7620890880500857e-6 ‖Δρ‖ = 1.0814071586748981e-6  ‖vε - vref‖ = 0.05048760840252015  α = 0.00115
 75   -21.48156182627      -11.92       -5.52    7.37s
    ‖ρε - ρref‖ = 3.872291647679002e-6 ‖Δρ‖ = 6.471832091175333e-7  ‖vε - vref‖ = 0.050468408568512264  α = 0.00254
 76   -21.48156182627      -11.98       -4.44    7.41s
    ‖ρε - ρref‖ = 9.3866718211732e-6 ‖Δρ‖ = 8.189734328742869e-6  ‖vε - vref‖ = 0.050459560135055564  α = 0.000186
 77   -21.48156182627      -12.19       -5.45    7.42s
    ‖ρε - ρref‖ = 3.944238609036956e-6 ‖Δρ‖ = 8.436842445893075e-7  ‖vε - vref‖ = 0.05044149998833445  α = 0.00145
 78   -21.48156182627      -12.50       -5.03    12.3s
    ‖ρε - ρref‖ = 4.305984561693167e-6 ‖Δρ‖ = 2.7408539165482654e-6  ‖vε - vref‖ = 0.05042672647676862  α = 0.000305
 79   -21.48156182628      -12.22       -5.64    7.43s
    ‖ρε - ρref‖ = 3.7474524793360567e-6 ‖Δρ‖ = 5.614579722377071e-7  ‖vε - vref‖ = 0.050386421337973955  α = 0.00206
 80   -21.48156182628      -11.90       -5.59    7.36s
    ‖ρε - ρref‖ = 3.8448354712012496e-6 ‖Δρ‖ = 4.914670640370834e-7  ‖vε - vref‖ = 0.050337110529835825  α = 0.0035
 81   -21.48156182628      -12.25       -5.28    7.34s
    ‖ρε - ρref‖ = 3.993749368235484e-6 ‖Δρ‖ = 1.2571674576158427e-6  ‖vε - vref‖ = 0.05031611105981951  α = 0.000915
 82   -21.48156182628      -12.52       -5.33    12.5s
    ‖ρε - ρref‖ = 4.079852393901473e-6 ‖Δρ‖ = 1.363700699477689e-6  ‖vε - vref‖ = 0.05030863814979565  α = 0.000612
 83   -21.48156182628      -11.83       -5.61    7.38s
    ‖ρε - ρref‖ = 3.7807310519401305e-6 ‖Δρ‖ = 4.1186017118080646e-7  ‖vε - vref‖ = 0.05026352996240569  α = 0.00451
 84   -21.48156182628      -13.05       -4.67    7.40s
    ‖ρε - ρref‖ = 1.2791508512582696e-5 ‖Δρ‖ = 9.487364651355943e-6  ‖vε - vref‖ = 0.05026371884020466  α = 3.76e-5
 85   -21.48156182628      -12.33       -5.67    7.43s
    ‖ρε - ρref‖ = 3.7930086925692673e-6 ‖Δρ‖ = 4.867551108604009e-7  ‖vε - vref‖ = 0.050233650340478136  α = 0.00218
 86   -21.48156182628      -12.37       -5.57    12.6s
    ‖ρε - ρref‖ = 3.838160874364714e-6 ‖Δρ‖ = 5.848524209657438e-7  ‖vε - vref‖ = 0.05020593460776726  α = 0.00173
 87   -21.48156182628      -12.59       -5.60    7.77s
    ‖ρε - ρref‖ = 3.7600446551399594e-6 ‖Δρ‖ = 6.629213599236653e-7  ‖vε - vref‖ = 0.050183448431449756  α = 0.00117
 88   -21.48156182628      -12.66       -4.91    7.48s
    ‖ρε - ρref‖ = 4.7717628366049595e-6 ‖Δρ‖ = 3.5707944907776464e-6  ‖vε - vref‖ = 0.050161225134633274  α = 0.000192
 89   -21.48156182628      -12.41       -5.54    7.34s
    ‖ρε - ρref‖ = 3.9202443173538945e-6 ‖Δρ‖ = 6.397290163891448e-7  ‖vε - vref‖ = 0.05015188333882104  α = 0.0015
 90   -21.48156182628      -12.92       -5.54    12.2s
    ‖ρε - ρref‖ = 4.091706787933793e-6 ‖Δρ‖ = 9.211890143590697e-7  ‖vε - vref‖ = 0.050151535913397376  α = 0.000554
 91   -21.48156182628      -12.30       -5.36    7.46s
    ‖ρε - ρref‖ = 3.917897934630102e-6 ‖Δρ‖ = 8.561008685421526e-7  ‖vε - vref‖ = 0.05014214275211137  α = 0.00129
 92   -21.48156182628      -12.42       -5.78    7.44s
    ‖ρε - ρref‖ = 3.7686908508887015e-6 ‖Δρ‖ = 3.6149801419940473e-7  ‖vε - vref‖ = 0.050116396728355606  α = 0.00257
 93   -21.48156182628      -12.36       -5.77    7.44s
    ‖ρε - ρref‖ = 3.8299105704456354e-6 ‖Δρ‖ = 3.6502636766176237e-7  ‖vε - vref‖ = 0.05009721512792017  α = 0.00277
 94   -21.48156182628      -12.46       -5.30    7.44s
    ‖ρε - ρref‖ = 3.929121954391985e-6 ‖Δρ‖ = 1.1795658802070591e-6  ‖vε - vref‖ = 0.05007651451177627  α = 0.000758
 95   -21.48156182628      -12.55       -5.36    12.4s
    ‖ρε - ρref‖ = 4.1257063756605376e-6 ‖Δρ‖ = 1.0936558126083052e-6  ‖vε - vref‖ = 0.050062362149754916  α = 0.000726
 96   -21.48156182628      -13.41       -4.91    7.37s
    ‖ρε - ρref‖ = 3.6015155757659105e-6 ‖Δρ‖ = 5.760368040722882e-6  ‖vε - vref‖ = 0.05005786430477512  α = 4.08e-5
 97   -21.48156182628      -12.49       -5.81    7.40s
    ‖ρε - ρref‖ = 3.819720215935552e-6 ‖Δρ‖ = 3.1303454363658307e-7  ‖vε - vref‖ = 0.0500461252640453  α = 0.00285
 98   -21.48156182628      -12.38       -5.67    7.38s
    ‖ρε - ρref‖ = 3.838919249431009e-6 ‖Δρ‖ = 4.354846191786759e-7  ‖vε - vref‖ = 0.0500363492716092  α = 0.00225
 99   -21.48156182628      -12.60       -5.83    12.6s
    ‖ρε - ρref‖ = 3.8052840464430327e-6 ‖Δρ‖ = 3.4497690296345026e-7  ‖vε - vref‖ = 0.05002370984362103  α = 0.00218
 100   -21.48156182628      -12.92       -4.91    7.40s
    ‖ρε - ρref‖ = 5.184031475756949e-6 ‖Δρ‖ = 3.441856789233769e-6  ‖vε - vref‖ = 0.050019392728884546  α = 0.000159
 101   -21.48156182628      -12.87       -5.74    7.39s
    ‖ρε - ρref‖ = 3.7500979006273396e-6 ‖Δρ‖ = 4.880465601154534e-7  ‖vε - vref‖ = 0.05000704882022877  α = 0.00111
 102   -21.48156182628      -12.73       -5.86    7.42s
    ‖ρε - ρref‖ = 3.7734035592826312e-6 ‖Δρ‖ = 3.4893560211710917e-7  ‖vε - vref‖ = 0.05000009325617706  α = 0.00186
 103   -21.48156182628      -12.32       -5.08    12.5s
    ‖ρε - ρref‖ = 4.305786294325439e-6 ‖Δρ‖ = 1.5295658801457088e-6  ‖vε - vref‖ = 0.049988129828123444  α = 0.000671
 104   -21.48156182628      -12.66       -5.60    7.39s
    ‖ρε - ρref‖ = 3.7739904888988015e-6 ‖Δρ‖ = 5.814164556590392e-7  ‖vε - vref‖ = 0.04997655503511484  α = 0.0012
 105   -21.48156182629      -12.54       -5.97    7.39s
    ‖ρε - ρref‖ = 3.7992285892137266e-6 ‖Δρ‖ = 2.0913204547992916e-7  ‖vε - vref‖ = 0.04996861671102013  α = 0.00395
 106   -21.48156182629      -13.25       -5.83    7.39s
    ‖ρε - ρref‖ = 3.864824470594545e-6 ‖Δρ‖ = 4.234389473712567e-7  ‖vε - vref‖ = 0.049970355518087296  α = 0.001
 107   -21.48156182629      -13.09       -5.57    7.37s
    ‖ρε - ρref‖ = 3.3480051884524923e-6 ‖Δρ‖ = 8.215413413674886e-7  ‖vε - vref‖ = 0.04996821348443693  α = 0.00042
 108   -21.48156182629      -12.88       -4.70    12.4s
    ‖ρε - ρref‖ = 7.445539264966692e-6 ‖Δρ‖ = 5.0275890354472614e-6  ‖vε - vref‖ = 0.04997053375311347  α = 0.000104
 109   -21.48156182629      -12.73       -5.70    7.43s
    ‖ρε - ρref‖ = 3.7740196363193927e-6 ‖Δρ‖ = 4.515147594243624e-7  ‖vε - vref‖ = 0.04996728562285012  α = 0.00142
 110   -21.48156182629      -12.63       -5.88    7.36s
    ‖ρε - ρref‖ = 3.822879799178044e-6 ‖Δρ‖ = 2.720590951615429e-7  ‖vε - vref‖ = 0.049972690013597505  α = 0.0027
 111   -21.48156182629      -12.81       -5.94    7.37s
    ‖ρε - ρref‖ = 3.820569610442984e-6 ‖Δρ‖ = 2.662834159463469e-7  ‖vε - vref‖ = 0.04997774549884879  α = 0.00227
 112   -21.48156182629      -13.02       -5.00    12.4s
    ‖ρε - ρref‖ = 4.646408760194612e-6 ‖Δρ‖ = 2.70562947924376e-6  ‖vε - vref‖ = 0.04997662641065011  α = 0.000175
 113   -21.48156182629      -12.52       -5.63    7.36s
    ‖ρε - ρref‖ = 3.7872995654619474e-6 ‖Δρ‖ = 4.3254952972863053e-7  ‖vε - vref‖ = 0.049969834760882625  α = 0.00194
 114   -21.48156182629      -13.25       -5.80    7.35s
    ‖ρε - ρref‖ = 3.8027555413193274e-6 ‖Δρ‖ = 4.738070681917903e-7  ‖vε - vref‖ = 0.04996718950806764  α = 0.000746
 115   -21.48156182629      -13.19       -5.61    7.42s
    ‖ρε - ρref‖ = 3.687020548842722e-6 ‖Δρ‖ = 7.336531717416958e-7  ‖vε - vref‖ = 0.049964609041360145  α = 0.000524
 116   -21.48156182629      -12.65       -5.77    12.2s
    ‖ρε - ρref‖ = 3.8556583866369135e-6 ‖Δρ‖ = 3.3199750559174787e-7  ‖vε - vref‖ = 0.04998150497908553  α = 0.00213
 117   -21.48156182629      -12.82       -5.93    7.45s
    ‖ρε - ρref‖ = 3.815982600072558e-6 ‖Δρ‖ = 2.7030272135943854e-7  ‖vε - vref‖ = 0.04999347505560852  α = 0.00222
 118   -21.48156182629      -12.78       -6.01    7.49s
    ‖ρε - ρref‖ = 3.782152916503124e-6 ‖Δρ‖ = 2.0989556391188546e-7  ‖vε - vref‖ = 0.05000061910630173  α = 0.00306
 119   -21.48156182629      -13.60       -5.21    7.47s
    ‖ρε - ρref‖ = 6.080881640005005e-6 ‖Δρ‖ = 2.6036656974951205e-6  ‖vε - vref‖ = 0.05000320363960048  α = 6.84e-5
 120   -21.48156182629      -12.91       -5.31    12.3s
    ‖ρε - ρref‖ = 3.820545997178404e-6 ‖Δρ‖ = 1.2875372766476074e-6  ‖vε - vref‖ = 0.050005622231177695  α = 0.000375
 121   -21.48156182629      -12.92       -5.59    7.50s
    ‖ρε - ρref‖ = 3.782992359314972e-6 ‖Δρ‖ = 6.000496327832949e-7  ‖vε - vref‖ = 0.050004922837560126  α = 0.000927
 122   -21.48156182629      -12.77       -6.05    7.38s
    ‖ρε - ρref‖ = 3.7865328474291763e-6 ‖Δρ‖ = 1.8257753934615661e-7  ‖vε - vref‖ = 0.05000611428101162  α = 0.00332
 123   -21.48156182629      -12.89       -5.86    7.45s
    ‖ρε - ρref‖ = 3.832065995902103e-6 ‖Δρ‖ = 3.053114247990786e-7  ‖vε - vref‖ = 0.0500132515530726  α = 0.00183
 124   -21.48156182629      -13.60       -5.29    7.35s
    ‖ρε - ρref‖ = 4.233537594522953e-6 ‖Δρ‖ = 1.6516461731223656e-6  ‖vε - vref‖ = 0.05001674922097335  α = 0.000177
 125   -21.48156182629      -12.73       -5.60    12.9s
    ‖ρε - ρref‖ = 3.789541818488762e-6 ‖Δρ‖ = 4.988746842221815e-7  ‖vε - vref‖ = 0.050021147799943044  α = 0.00128
 126   -21.48156182629      -13.11       -6.22    7.31s
    ‖ρε - ρref‖ = 3.7870333398244225e-6 ‖Δρ‖ = 1.3959666635420513e-7  ‖vε - vref‖ = 0.050028253837831695  α = 0.00312
 127   -21.48156182629      -13.25       -5.41    7.36s
    ‖ρε - ρref‖ = 4.052790202308531e-6 ‖Δρ‖ = 1.0207125985106944e-6  ‖vε - vref‖ = 0.05003410594993205  α = 0.000343
 128   -21.48156182629      -13.13       -5.89    7.34s
    ‖ρε - ρref‖ = 3.783940366349382e-6 ‖Δρ‖ = 3.0579609194666367e-7  ‖vε - vref‖ = 0.05004098579261348  α = 0.00136
 129   -21.48156182629      -12.93       -5.92    12.3s
    ‖ρε - ρref‖ = 3.843077373601624e-6 ‖Δρ‖ = 2.390499015743719e-7  ‖vε - vref‖ = 0.05006117201588235  α = 0.00227
 130   -21.48156182629      -13.07       -5.94    7.35s
    ‖ρε - ρref‖ = 3.8073740946451287e-6 ‖Δρ‖ = 2.7318166782479677e-7  ‖vε - vref‖ = 0.05006344163821244  α = 0.00153
 131   -21.48156182629   +  -13.97       -5.34    7.41s
    ‖ρε - ρref‖ = 2.2105732293058647e-6 ‖Δρ‖ = 2.2379621583315483e-6  ‖vε - vref‖ = 0.05006251132512498  α = 4.45e-5
 132   -21.48156182629      -12.93       -6.02    7.37s
    ‖ρε - ρref‖ = 3.7954723445221335e-6 ‖Δρ‖ = 1.9621543732342403e-7  ‖vε - vref‖ = 0.050065750096038066  α = 0.00253
 133   -21.48156182629      -13.19       -5.47    12.5s
    ‖ρε - ρref‖ = 3.895561595553991e-6 ‖Δρ‖ = 8.155656121154951e-7  ‖vε - vref‖ = 0.05006950311487679  α = 0.000479
 134   -21.48156182629      -13.25       -6.23    7.41s
    ‖ρε - ρref‖ = 3.792973620461834e-6 ‖Δρ‖ = 1.381025362971935e-7  ‖vε - vref‖ = 0.050072903866629874  α = 0.00242
 135   -21.48156182629      -12.92       -6.03    7.37s
    ‖ρε - ρref‖ = 3.7947013742894735e-6 ‖Δρ‖ = 1.71147357986431e-7  ‖vε - vref‖ = 0.050081753375430894  α = 0.00293
 136   -21.48156182629      -14.15       -5.32    7.36s
    ‖ρε - ρref‖ = 4.0459955117316825e-6 ‖Δρ‖ = 1.5450049522744624e-6  ‖vε - vref‖ = 0.05008231246791225  α = 0.000131
 137   -21.48156182629      -13.22       -6.06    7.33s
    ‖ρε - ρref‖ = 3.817117051498642e-6 ‖Δρ‖ = 1.9667704691477485e-7  ‖vε - vref‖ = 0.05009098751518408  α = 0.00187
 138   -21.48156182629      -13.02       -5.93    12.7s
    ‖ρε - ρref‖ = 3.794253960714891e-6 ‖Δρ‖ = 2.1137321057291386e-7  ‖vε - vref‖ = 0.05010239366919606  α = 0.00233
 139   -21.48156182629      -13.97       -5.78    7.47s
    ‖ρε - ρref‖ = 3.764345716976033e-6 ‖Δρ‖ = 5.333829002723631e-7  ‖vε - vref‖ = 0.05010396945431292  α = 0.000334
 140   -21.48156182629      -13.27       -5.97    7.40s
    ‖ρε - ρref‖ = 3.837014699654891e-6 ‖Δρ‖ = 2.3610600240573753e-7  ‖vε - vref‖ = 0.050111435447161005  α = 0.0014
 141   -21.48156182629      -13.37       -6.32    7.33s
    ‖ρε - ρref‖ = 3.776743943576101e-6 ‖Δρ‖ = 1.1529911459679826e-7  ‖vε - vref‖ = 0.050109729599376755  α = 0.00248
 142   -21.48156182629      -13.50       -5.96    12.4s
    ‖ρε - ρref‖ = 3.7077243373262523e-6 ‖Δρ‖ = 2.33093377968949e-7  ‖vε - vref‖ = 0.05010961115813352  α = 0.00128
 143   -21.48156182629      -13.60       -4.87    7.40s
    ‖ρε - ρref‖ = 6.786428533706293e-6 ‖Δρ‖ = 3.675444468881121e-6  ‖vε - vref‖ = 0.050111528007407306  α = 4.89e-5
 144   -21.48156182629      -13.67       -6.14    7.41s
    ‖ρε - ρref‖ = 3.787869314985625e-6 ‖Δρ‖ = 1.5945100927120245e-7  ‖vε - vref‖ = 0.05011339560677882  α = 0.00171
 145   -21.48156182629      -13.85       -6.14    7.53s
    ‖ρε - ρref‖ = 3.8059252387472962e-6 ‖Δρ‖ = 2.2144466601100657e-7  ‖vε - vref‖ = 0.050115055287999276  α = 0.00069
 146   -21.48156182629      -13.41       -6.16    7.31s
    ‖ρε - ρref‖ = 3.826671451936944e-6 ‖Δρ‖ = 1.4936611009901576e-7  ‖vε - vref‖ = 0.050124192879980545  α = 0.00181
 147   -21.48156182629      -13.75       -6.22    12.6s
    ‖ρε - ρref‖ = 3.7843109763528764e-6 ‖Δρ‖ = 1.3067610461616242e-7  ‖vε - vref‖ = 0.05012516043594013  α = 0.00198
 148   -21.48156182629      -14.15       -5.79    7.38s
    ‖ρε - ρref‖ = 3.838043951491736e-6 ‖Δρ‖ = 5.840908136111086e-7  ‖vε - vref‖ = 0.050125695031314595  α = 0.000172
 149   -21.48156182629      -13.30       -6.17    7.35s
    ‖ρε - ρref‖ = 3.7818098118101786e-6 ‖Δρ‖ = 1.2197784406241354e-7  ‖vε - vref‖ = 0.05012309263383589  α = 0.0029
 150   -21.48156182629      -13.30       -6.05    7.31s
    ‖ρε - ρref‖ = 3.80684224729329e-6 ‖Δρ‖ = 1.9484870198917172e-7  ‖vε - vref‖ = 0.05012496959238343  α = 0.00124
 151   -21.48156182629   +  -14.45       -6.28    24.5s
    ‖ρε - ρref‖ = 3.8133949546649593e-6 ‖Δρ‖ = 1.5279437826460648e-7  ‖vε - vref‖ = 0.05012496959201449  α = 0.0
 152   -21.48156182629      -14.45       -6.26    44.0s
    ‖ρε - ρref‖ = 3.809057148553308e-6 ‖Δρ‖ = 1.8190629225105055e-7  ‖vε - vref‖ = 0.050124969592410966  α = 6.52e-10
 153   -21.48156182629   +    -Inf       -4.40    22.6s
    ‖ρε - ρref‖ = 1.371424519351377e-5 ‖Δρ‖ = 1.3084792318509932e-5  ‖vε - vref‖ = 0.05012496959190336  α = 0.0
 154   -21.48156182629   +  -13.67       -6.26    7.08s
    ‖ρε - ρref‖ = 3.80904296080751e-6 ‖Δρ‖ = 1.819059878051095e-7  ‖vε - vref‖ = 0.050125061637157124  α = 0.000689
 155   -21.48156182629      -13.55       -5.97    7.05s
    ‖ρε - ρref‖ = 3.7854700084150818e-6 ‖Δρ‖ = 2.8846281211946263e-7  ‖vε - vref‖ = 0.05012525875379532  α = 0.000538
 156   -21.48156182629   +    -Inf       -6.10    7.12s
    ‖ρε - ρref‖ = 3.5708001345195192e-6 ‖Δρ‖ = 3.1876026043714504e-7  ‖vε - vref‖ = 0.050125104923685285  α = 0.000197
 157   -21.48156182629      -13.75       -5.53    7.09s
    ‖ρε - ρref‖ = 4.08437948564113e-6 ‖Δρ‖ = 6.459454820561374e-7  ‖vε - vref‖ = 0.05012930030722822  α = 0.000316
 158   -21.48156182629      -14.15       -6.34    12.7s
    ‖ρε - ρref‖ = 3.7967171419307594e-6 ‖Δρ‖ = 1.108007041327983e-7  ‖vε - vref‖ = 0.05012989804247789  α = 0.00148
 159   -21.48156182629   +  -14.15       -5.45    7.20s
    ‖ρε - ρref‖ = 3.84601483452254e-6 ‖Δρ‖ = 8.176285272210706e-7  ‖vε - vref‖ = 0.050128797819113835  α = 0.000218
 160   -21.48156182629      -13.45       -6.33    7.24s
    ‖ρε - ρref‖ = 3.786237952095392e-6 ‖Δρ‖ = 1.1134556258460391e-7  ‖vε - vref‖ = 0.05012645401201088  α = 0.00143
 161   -21.48156182629      -14.45       -6.56    7.25s
    ‖ρε - ρref‖ = 3.7765930214928114e-6 ‖Δρ‖ = 7.286815629610751e-8  ‖vε - vref‖ = 0.0501222454280112  α = 0.00212
 162   -21.48156182629      -14.15       -6.28    12.3s
    ‖ρε - ρref‖ = 3.7934567441353957e-6 ‖Δρ‖ = 1.1508091995812338e-7  ‖vε - vref‖ = 0.05012035259692478  α = 0.00171
 163   -21.48156182629      -13.75       -5.88    7.32s
    ‖ρε - ρref‖ = 3.835817690579219e-6 ‖Δρ‖ = 2.8394170648805285e-7  ‖vε - vref‖ = 0.05012078145014387  α = 0.000736
 164   -21.48156182629      -13.85       -6.18    7.63s
    ‖ρε - ρref‖ = 3.7954604893122024e-6 ‖Δρ‖ = 1.3008724850803572e-7  ‖vε - vref‖ = 0.05012033178180662  α = 0.00182
 165   -21.48156182629      -13.55       -6.51    7.77s
    ‖ρε - ρref‖ = 3.7970713155325307e-6 ‖Δρ‖ = 6.243635912959657e-8  ‖vε - vref‖ = 0.050121378046136214  α = 0.00326
    Stopping to avoid numerical instabilities.
 166   -21.48156182629      -13.41       -6.47    7.32s
    ‖ρε - ρref‖ = 3.793586891603802e-6 ‖Δρ‖ = 6.307545980132981e-8  ‖vε - vref‖ = 0.05012102483502305  α = 0.00388

#-- ‖ρε - ρref‖ = 3.792674434312864e-6 vs. 1.3335214321633242e-8 = δ*ε ‖vε - vref‖ = 0.0501194669161569


# --- ε=1.0e-6

n     Energy            log10(ΔE)   log10(Δρ)   Δtime 
---   ---------------   ---------   ---------   ------
  1   -21.48155930717                   -1.26    11.6s
    ‖ρε - ρref‖ = 0.03478602914927333 ‖Δρ‖ = 0.03478361019900178  ‖vε - vref‖ = 0.553892024981603  α = 2.49e-5
  2   -21.48155936818       -7.21       -2.34    7.02s
    ‖ρε - ρref‖ = 0.0018813270674255399 ‖Δρ‖ = 0.0018806627584058322  ‖vε - vref‖ = 0.392236530640643  α = 0.000166
  3   -21.48155939383       -7.59       -2.56    10.8s
    ‖ρε - ρref‖ = 0.0009669588218824578 ‖Δρ‖ = 0.0009663265780406264  ‖vε - vref‖ = 0.3184360516904326  α = 0.000216
  4   -21.48155941114       -7.76       -2.56    7.13s
    ‖ρε - ρref‖ = 0.001034047390698855 ‖Δρ‖ = 0.0010334804698509815  ‖vε - vref‖ = 0.24279995989948353  α = 0.000162
  5   -21.48155942554       -7.84       -3.15    7.24s
    ‖ρε - ρref‖ = 0.00018492624715531146 ‖Δρ‖ = 0.00018438593516532508  ‖vε - vref‖ = 0.17212195848785575  α = 0.000877
  6   -21.48155942955       -8.40       -3.21    7.14s
    ‖ρε - ρref‖ = 0.00019670133781499443 ‖Δρ‖ = 0.0001963857258362361  ‖vε - vref‖ = 0.1452067777134048  α = 0.000422
  7   -21.48155943332       -8.42       -3.32    7.20s
    ‖ρε - ρref‖ = 0.00012247735302680306 ‖Δρ‖ = 0.0001222165453860351  ‖vε - vref‖ = 0.11679229145872931  α = 0.000679
  8   -21.48155943609       -8.56       -3.71    12.6s
    ‖ρε - ρref‖ = 4.637207702511729e-5 ‖Δρ‖ = 4.6057230884629235e-5  ‖vε - vref‖ = 0.09210366316863955  α = 0.00153
  9   -21.48155943759       -8.82       -3.78    7.32s
    ‖ρε - ρref‖ = 3.857235711578172e-5 ‖Δρ‖ = 3.835825062698874e-5  ‖vε - vref‖ = 0.07608469389706664  α = 0.00136
 10   -21.48155943840       -9.09       -3.86    7.36s
    ‖ρε - ρref‖ = 3.2204061453774136e-5 ‖Δρ‖ = 3.189307010213021e-5  ‖vε - vref‖ = 0.06679583386505543  α = 0.00121
 11   -21.48155943913       -9.14       -3.94    7.38s
    ‖ρε - ρref‖ = 2.4944272935408643e-5 ‖Δρ‖ = 2.4682362377316737e-5  ‖vε - vref‖ = 0.057991430166201466  α = 0.0015
 12   -21.48155943922      -10.07       -4.08    12.4s
    ‖ρε - ρref‖ = 3.454004785769222e-5 ‖Δρ‖ = 3.229448527611653e-5  ‖vε - vref‖ = 0.057938560640306114  α = 0.000316
 13   -21.48155943964       -9.38       -3.11    7.37s
    ‖ρε - ρref‖ = 0.000174235716760242 ‖Δρ‖ = 0.00017480546717027012  ‖vε - vref‖ = 0.05249486167355611  α = 0.000155
 14   -21.48155943988       -9.61       -3.95    7.50s
    ‖ρε - ρref‖ = 2.9068324507874307e-5 ‖Δρ‖ = 2.9191156754222967e-5  ‖vε - vref‖ = 0.050044630494524914  α = 0.000707
 15   -21.48155944012       -9.62       -3.38    7.32s
    ‖ρε - ρref‖ = 0.00010902674222396374 ‖Δρ‖ = 0.00010884758571481802  ‖vε - vref‖ = 0.04716930264711952  α = 0.000187
 16   -21.48155944022       -9.99       -3.63    7.32s
    ‖ρε - ρref‖ = 7.819117085203419e-5 ‖Δρ‖ = 7.779251556708847e-5  ‖vε - vref‖ = 0.045802115770303374  α = 0.000163
 17   -21.48155944051       -9.54       -4.17    12.8s
    ‖ρε - ρref‖ = 1.5040933846962546e-5 ‖Δρ‖ = 1.4542313431884971e-5  ‖vε - vref‖ = 0.04286948978718832  α = 0.00159
 18   -21.48155944060      -10.07       -4.21    7.45s
    ‖ρε - ρref‖ = 1.797017360061254e-5 ‖Δρ‖ = 1.8057757075693918e-5  ‖vε - vref‖ = 0.042079868879354505  α = 0.000671
 19   -21.48155944076       -9.80       -4.06    7.42s
    ‖ρε - ρref‖ = 1.950233036271439e-5 ‖Δρ‖ = 1.9494083210001227e-5  ‖vε - vref‖ = 0.04081173852871953  α = 0.000874
 20   -21.48155944090       -9.85       -4.02    7.33s
    ‖ρε - ρref‖ = 2.2373778588815474e-5 ‖Δρ‖ = 2.17958762217398e-5  ‖vε - vref‖ = 0.03977802383355266  α = 0.000725
 21   -21.48155944106       -9.79       -4.69    12.5s
    ‖ρε - ρref‖ = 4.893057676301336e-6 ‖Δρ‖ = 3.773233911085224e-6  ‖vε - vref‖ = 0.039586536946006966  α = 0.00455
 22   -21.48155944113      -10.17       -4.32    7.43s
    ‖ρε - ρref‖ = 1.1377492707130749e-5 ‖Δρ‖ = 1.1305034517796354e-5  ‖vε - vref‖ = 0.03930356683014017  α = 0.000961
 23   -21.48155944119      -10.22       -4.55    7.33s
    ‖ρε - ρref‖ = 6.397055321704672e-6 ‖Δρ‖ = 5.6589254782612966e-6  ‖vε - vref‖ = 0.03933996897982427  α = 0.00187
 24   -21.48155944122      -10.56       -4.48    7.40s
    ‖ρε - ρref‖ = 7.445164069975957e-6 ‖Δρ‖ = 8.121687315757442e-6  ‖vε - vref‖ = 0.039581577980594904  α = 0.000807
 25   -21.48155944123      -10.73       -3.36    7.45s
    ‖ρε - ρref‖ = 0.00012137785651497158 ‖Δρ‖ = 0.00011957769043798396  ‖vε - vref‖ = 0.03950566923144567  α = 4.23e-5
 26   -21.48155944127      -10.44       -4.56    12.6s
    ‖ρε - ρref‖ = 6.347173202832076e-6 ‖Δρ‖ = 5.6600194764516904e-6  ‖vε - vref‖ = 0.03969048314109989  α = 0.00145
 27   -21.48155944127      -11.39       -4.27    7.37s
    ‖ρε - ρref‖ = 1.9168020693390117e-5 ‖Δρ‖ = 1.926630683527674e-5  ‖vε - vref‖ = 0.03969000025671078  α = 0.000135
 28   -21.48155944128      -11.03       -4.58    7.40s
    ‖ρε - ρref‖ = 7.855040189295751e-6 ‖Δρ‖ = 7.664834899077299e-6  ‖vε - vref‖ = 0.03981550798944745  α = 0.000506
 29   -21.48155944131      -10.50       -4.19    7.38s
    ‖ρε - ρref‖ = 1.2975183528395555e-5 ‖Δρ‖ = 1.2541004812108297e-5  ‖vε - vref‖ = 0.040097639034780606  α = 0.000598
 30   -21.48155944134      -10.68       -4.50    12.6s
    ‖ρε - ρref‖ = 7.2254274980316095e-6 ‖Δρ‖ = 6.418405297969189e-6  ‖vε - vref‖ = 0.040407094886166374  α = 0.000966
 31   -21.48155944134      -11.42       -4.82    7.33s
    ‖ρε - ρref‖ = 5.368486077233066e-6 ‖Δρ‖ = 4.740307731568777e-6  ‖vε - vref‖ = 0.040459251916036096  α = 0.000541
 32   -21.48155944136      -10.72       -4.79    7.34s
    ‖ρε - ρref‖ = 3.945464342774068e-6 ‖Δρ‖ = 3.0259490122391776e-6  ‖vε - vref‖ = 0.04080655288608132  α = 0.00194
 33   -21.48155944137      -10.95       -4.55    7.32s
    ‖ρε - ρref‖ = 7.116378120036225e-6 ‖Δρ‖ = 6.105389271254864e-6  ‖vε - vref‖ = 0.041092635115804306  α = 0.000737
 34   -21.48155944139      -10.79       -4.96    7.39s
    ‖ρε - ρref‖ = 3.454725354861964e-6 ‖Δρ‖ = 1.876432469371891e-6  ‖vε - vref‖ = 0.04152917996316723  α = 0.00294
 35   -21.48155944139      -11.36       -5.15    12.8s
    ‖ρε - ρref‖ = 3.223174041142628e-6 ‖Δρ‖ = 1.7873924542003372e-6  ‖vε - vref‖ = 0.04164714478742808  α = 0.00154
 36   -21.48155944139      -11.75       -4.98    7.36s
    ‖ρε - ρref‖ = 5.484869726900383e-6 ‖Δρ‖ = 3.1366288874671938e-6  ‖vε - vref‖ = 0.04174125302603405  α = 0.000488
 37   -21.48155944140      -11.35       -3.86    7.32s
    ‖ρε - ρref‖ = 2.9342216416182255e-5 ‖Δρ‖ = 3.016653091890917e-5  ‖vε - vref‖ = 0.041849858320243245  α = 8.9e-5
 38   -21.48155944140      -11.22       -4.98    7.40s
    ‖ρε - ρref‖ = 3.4142679833386007e-6 ‖Δρ‖ = 2.0514950257825913e-6  ‖vε - vref‖ = 0.04204154262719354  α = 0.00161
 39   -21.48155944140      -12.01       -4.73    12.4s
    ‖ρε - ρref‖ = 6.930324019993017e-6 ‖Δρ‖ = 6.116414808399814e-6  ‖vε - vref‖ = 0.042086043064012986  α = 0.000207
 40   -21.48155944141      -11.44       -4.67    7.41s
    ‖ρε - ρref‖ = 5.785018474179055e-6 ‖Δρ‖ = 4.898650437517922e-6  ‖vε - vref‖ = 0.04222565514216088  α = 0.000511
 41   -21.48155944141      -11.77       -4.60    7.33s
    ‖ρε - ρref‖ = 7.67737912939879e-6 ‖Δρ‖ = 7.415413460292821e-6  ‖vε - vref‖ = 0.042292805589569236  α = 0.000221
 42   -21.48155944141      -11.54       -5.04    7.41s
    ‖ρε - ρref‖ = 3.6989172781533173e-6 ‖Δρ‖ = 2.008684597043817e-6  ‖vε - vref‖ = 0.04243695041754772  α = 0.00114
 43   -21.48155944141      -11.51       -5.27    7.98s
    ‖ρε - ρref‖ = 3.010569316459816e-6 ‖Δρ‖ = 1.0573969069465435e-6  ‖vε - vref‖ = 0.04257198907004831  α = 0.00224
 44   -21.48155944142      -11.81       -4.76    12.9s
    ‖ρε - ρref‖ = 4.919314576453818e-6 ‖Δρ‖ = 4.291906324747864e-6  ‖vε - vref‖ = 0.0426247509027062  α = 0.000384
 45   -21.48155944142      -11.59       -5.16    7.39s
    ‖ρε - ρref‖ = 3.0535250711176004e-6 ‖Δρ‖ = 1.3944535941549233e-6  ‖vε - vref‖ = 0.04272997989016199  α = 0.00156
 46   -21.48155944142      -11.64       -5.07    7.43s
    ‖ρε - ρref‖ = 3.613734231337624e-6 ‖Δρ‖ = 1.7062124917047591e-6  ‖vε - vref‖ = 0.04288158145317527  α = 0.00119
 47   -21.48155944142      -11.80       -5.17    7.33s
    ‖ρε - ρref‖ = 3.1370558472453363e-6 ‖Δρ‖ = 1.4626921250891264e-6  ‖vε - vref‖ = 0.04295819767786867  α = 0.00116
 48   -21.48155944142      -12.18       -5.29    12.6s
    ‖ρε - ρref‖ = 2.112297877502698e-6 ‖Δρ‖ = 1.55155875468906e-6  ‖vε - vref‖ = 0.042986847936818104  α = 0.000605
 49   -21.48155944142      -11.84       -4.09    7.44s
    ‖ρε - ρref‖ = 1.993344654879083e-5 ‖Δρ‖ = 1.8800355127662655e-5  ‖vε - vref‖ = 0.043053208929465486  α = 8.06e-5
 50   -21.48155944143      -11.40       -5.41    7.42s
    ‖ρε - ρref‖ = 2.947460111780089e-6 ‖Δρ‖ = 6.471667671961368e-7  ‖vε - vref‖ = 0.04327906795424284  α = 0.00414
 51   -21.48155944143      -12.39       -4.95    7.33s
    ‖ρε - ρref‖ = 4.353899294578589e-6 ‖Δρ‖ = 3.5568759352652884e-6  ‖vε - vref‖ = 0.043295082032969355  α = 0.00023
 52   -21.48155944143      -12.12       -4.81    7.27s
    ‖ρε - ρref‖ = 4.887766486230307e-6 ‖Δρ‖ = 4.143975065643167e-6  ‖vε - vref‖ = 0.04333492192268641  α = 0.000276
 53   -21.48155944143      -12.29       -5.27    12.8s
    ‖ρε - ρref‖ = 3.473980466698062e-6 ‖Δρ‖ = 1.6411663662508615e-6  ‖vε - vref‖ = 0.04336785935649665  α = 0.000547
 54   -21.48155944143      -11.61       -4.93    7.40s
    ‖ρε - ρref‖ = 3.5529123147192338e-6 ‖Δρ‖ = 2.1316804466542617e-6  ‖vε - vref‖ = 0.04351130955601724  α = 0.000984
 55   -21.48155944143      -11.88       -5.38    7.63s
    ‖ρε - ρref‖ = 3.013215612960543e-6 ‖Δρ‖ = 8.961274258398009e-7  ‖vε - vref‖ = 0.0435822714648232  α = 0.00171
 56   -21.48155944144      -12.01       -5.21    7.49s
    ‖ρε - ρref‖ = 3.178863385303375e-6 ‖Δρ‖ = 1.4572274886457055e-6  ‖vε - vref‖ = 0.04362597057980674  α = 0.000875
 57   -21.48155944144      -11.98       -4.96    12.6s
    ‖ρε - ρref‖ = 3.5838387477820612e-6 ‖Δρ‖ = 2.4337347857358336e-6  ‖vε - vref‖ = 0.04366459595466502  α = 0.000571
 58   -21.48155944144      -11.73       -5.33    7.43s
    ‖ρε - ρref‖ = 2.958385738414402e-6 ‖Δρ‖ = 8.653031385558835e-7  ‖vε - vref‖ = 0.043744121016051435  α = 0.00212
 59   -21.48155944144      -12.06       -5.42    7.44s
    ‖ρε - ρref‖ = 3.1120274596718392e-6 ‖Δρ‖ = 8.987666848714731e-7  ‖vε - vref‖ = 0.043803383900721055  α = 0.00138
 60   -21.48155944144      -12.73       -5.12    7.34s
    ‖ρε - ρref‖ = 5.285231042281627e-6 ‖Δρ‖ = 2.797561033048067e-6  ‖vε - vref‖ = 0.04382092410270208  α = 0.000181
 61   -21.48155944144      -11.80       -4.43    7.30s
    ‖ρε - ρref‖ = 6.705765091432513e-6 ‖Δρ‖ = 6.973601255452893e-6  ‖vε - vref‖ = 0.043870375303998704  α = 0.000236
 62   -21.48155944144      -12.11       -5.40    12.7s
    ‖ρε - ρref‖ = 2.9841152457575122e-6 ‖Δρ‖ = 9.192480244054906e-7  ‖vε - vref‖ = 0.04389708831277102  α = 0.00128
 63   -21.48155944144      -12.09       -5.51    7.45s
    ‖ρε - ρref‖ = 3.0140712650461454e-6 ‖Δρ‖ = 8.031987723572027e-7  ‖vε - vref‖ = 0.04393743861622485  α = 0.00143
 64   -21.48155944144      -11.73       -4.43    7.47s
    ‖ρε - ρref‖ = 7.737921168371983e-6 ‖Δρ‖ = 7.141525620734596e-6  ‖vε - vref‖ = 0.04399943126693622  α = 0.000251
 65   -21.48155944144      -12.19       -5.15    7.49s
    ‖ρε - ρref‖ = 3.106217914425097e-6 ‖Δρ‖ = 1.866706602728415e-6  ‖vε - vref‖ = 0.04401536684038969  α = 0.000567
 66   -21.48155944145      -12.02       -4.87    7.36s
    ‖ρε - ρref‖ = 4.3328711579719796e-6 ‖Δρ‖ = 3.260364568047425e-6  ‖vε - vref‖ = 0.04403631074952048  α = 0.000384
 67   -21.48155944145      -11.99       -5.31    12.8s
    ‖ρε - ρref‖ = 3.0986216765557114e-6 ‖Δρ‖ = 1.045649379170551e-6  ‖vε - vref‖ = 0.04407514712086235  α = 0.0013
 68   -21.48155944145      -11.89       -5.38    7.73s
    ‖ρε - ρref‖ = 3.0357961100475404e-6 ‖Δρ‖ = 8.500025706728051e-7  ‖vε - vref‖ = 0.044121685153756966  α = 0.00179
 69   -21.48155944145      -12.27       -5.25    7.46s
    ‖ρε - ρref‖ = 3.2536836530455278e-6 ‖Δρ‖ = 1.5408020572405676e-6  ‖vε - vref‖ = 0.04413293834627524  α = 0.000623
 70   -21.48155944145      -11.81       -5.12    7.36s
    ‖ρε - ρref‖ = 3.0501021934687235e-6 ‖Δρ‖ = 1.448788350021276e-6  ‖vε - vref‖ = 0.044131727734285  α = 0.00114
 71   -21.48155944145      -12.11       -5.59    13.6s
    ‖ρε - ρref‖ = 2.949768043550325e-6 ‖Δρ‖ = 6.112240695604983e-7  ‖vε - vref‖ = 0.04413745913794574  α = 0.00192
 72   -21.48155944145      -13.15       -5.02    7.35s
    ‖ρε - ρref‖ = 2.8551898303289554e-6 ‖Δρ‖ = 4.572366050887177e-6  ‖vε - vref‖ = 0.04413542232676653  α = 6.93e-5
 73   -21.48155944145      -11.77       -4.93    7.33s
    ‖ρε - ρref‖ = 3.899566183445667e-6 ‖Δρ‖ = 2.215869911850514e-6  ‖vε - vref‖ = 0.044161944341152885  α = 0.00076
 74   -21.48155944145      -12.25       -5.39    7.31s
    ‖ρε - ρref‖ = 2.865199531450931e-6 ‖Δρ‖ = 1.083952264004173e-6  ‖vε - vref‖ = 0.04415305494827835  α = 0.000905
 75   -21.48155944145      -11.93       -5.49    7.32s
    ‖ρε - ρref‖ = 2.9509856692744753e-6 ‖Δρ‖ = 6.582440539127219e-7  ‖vε - vref‖ = 0.04416257401603994  α = 0.00216
 76   -21.48155944146      -12.10       -4.41    13.1s
    ‖ρε - ρref‖ = 9.903876308444039e-6 ‖Δρ‖ = 9.193356432199388e-6  ‖vε - vref‖ = 0.04417370009531217  α = 0.000125
 77   -21.48155944146      -12.23       -5.42    7.42s
    ‖ρε - ρref‖ = 3.0330482813807563e-6 ‖Δρ‖ = 8.886247145975151e-7  ‖vε - vref‖ = 0.04416885966791902  α = 0.00115
 78   -21.48155944146      -12.56       -5.02    7.42s
    ‖ρε - ρref‖ = 3.705623464086289e-6 ‖Δρ‖ = 2.900104044365014e-6  ‖vε - vref‖ = 0.04416135331030853  α = 0.000224
 79   -21.48155944146      -12.25       -5.59    7.34s
    ‖ρε - ρref‖ = 2.820128889148857e-6 ‖Δρ‖ = 6.305297104147003e-7  ‖vε - vref‖ = 0.0441334271574769  α = 0.00155
 80   -21.48155944146      -11.91       -5.54    12.4s
    ‖ρε - ρref‖ = 2.924140645167259e-6 ‖Δρ‖ = 5.579819153464589e-7  ‖vε - vref‖ = 0.04410760219645078  α = 0.00262
 81   -21.48155944146      -12.26       -5.24    7.43s
    ‖ρε - ρref‖ = 3.1574357419206575e-6 ‖Δρ‖ = 1.3725234070067516e-6  ‖vε - vref‖ = 0.04409632923710823  α = 0.000713
 82   -21.48155944146      -12.53       -5.29    7.60s
    ‖ρε - ρref‖ = 3.266387821688914e-6 ‖Δρ‖ = 1.4963147026366619e-6  ‖vε - vref‖ = 0.0440935626418023  α = 0.000473
 83   -21.48155944146      -11.81       -5.53    7.78s
    ‖ρε - ρref‖ = 2.861148257628665e-6 ‖Δρ‖ = 5.030903671223327e-7  ‖vε - vref‖ = 0.044065909564117975  α = 0.00327
 84   -21.48155944146      -13.25       -4.72    7.34s
    ‖ρε - ρref‖ = 1.1576347998292103e-5 ‖Δρ‖ = 9.108242197582322e-6  ‖vε - vref‖ = 0.04406686351672723  α = 2.9e-5
 85   -21.48155944146      -12.29       -5.60    12.8s
    ‖ρε - ρref‖ = 2.8646616850281385e-6 ‖Δρ‖ = 5.812856064276627e-7  ‖vε - vref‖ = 0.04403978856473641  α = 0.00163
 86   -21.48155944146      -12.33       -5.50    7.37s
    ‖ρε - ρref‖ = 2.9254234793460995e-6 ‖Δρ‖ = 6.926086148126979e-7  ‖vε - vref‖ = 0.044013339841876165  α = 0.00131
 87   -21.48155944146      -12.50       -5.53    7.36s
    ‖ρε - ρref‖ = 2.833403043685791e-6 ‖Δρ‖ = 7.453415574068198e-7  ‖vε - vref‖ = 0.04398892468457665  α = 0.000979
 88   -21.48155944146      -12.75       -4.85    7.41s
    ‖ρε - ρref‖ = 4.77378023739015e-6 ‖Δρ‖ = 4.269077273823506e-6  ‖vε - vref‖ = 0.0439702425201589  α = 0.000132
 89   -21.48155944146      -12.38       -5.46    7.30s
    ‖ρε - ρref‖ = 3.0449455408621773e-6 ‖Δρ‖ = 7.730904992068957e-7  ‖vε - vref‖ = 0.04396206125608008  α = 0.0011
 90   -21.48155944146      -12.88       -5.50    12.7s
    ‖ρε - ρref‖ = 3.1984507533352873e-6 ‖Δρ‖ = 9.759171682354953e-7  ‖vε - vref‖ = 0.04396152594420148  α = 0.000492
 91   -21.48155944146      -12.29       -5.22    7.39s
    ‖ρε - ρref‖ = 3.1161491636532596e-6 ‖Δρ‖ = 1.2113868289923019e-6  ‖vε - vref‖ = 0.043950001641565165  α = 0.000785
 92   -21.48155944146      -12.45       -5.71    7.39s
    ‖ρε - ρref‖ = 2.828406416793773e-6 ‖Δρ‖ = 4.179389671347948e-7  ‖vε - vref‖ = 0.043921242515454435  α = 0.00196
 93   -21.48155944146      -12.31       -5.70    7.32s
    ‖ρε - ρref‖ = 2.8983346895153545e-6 ‖Δρ‖ = 4.173343092413371e-7  ‖vε - vref‖ = 0.043896063457944404  α = 0.00219
 94   -21.48155944146      -12.46       -5.24    12.8s
    ‖ρε - ρref‖ = 3.103765305040562e-6 ‖Δρ‖ = 1.3621852394265094e-6  ‖vε - vref‖ = 0.04387116266597335  α = 0.000573
 95   -21.48155944146      -12.55       -5.29    7.48s
    ‖ρε - ρref‖ = 3.286820675331328e-6 ‖Δρ‖ = 1.3019430636856986e-6  ‖vε - vref‖ = 0.04385369685054962  α = 0.000524
 96   -21.48155944146      -13.45       -4.96    7.80s
    ‖ρε - ρref‖ = 3.5740000308020118e-6 ‖Δρ‖ = 5.447750008382906e-6  ‖vε - vref‖ = 0.04384977695713274  α = 3.16e-5
 97   -21.48155944146      -12.47       -5.72    7.34s
    ‖ρε - ρref‖ = 2.892127291836845e-6 ‖Δρ‖ = 3.8698618887240374e-7  ‖vε - vref‖ = 0.04383219448788508  α = 0.00204
 98   -21.48155944147      -12.37       -5.59    7.45s
    ‖ρε - ρref‖ = 2.9178266970284493e-6 ‖Δρ‖ = 5.213323105432835e-7  ‖vε - vref‖ = 0.04381405315518324  α = 0.00164
 99   -21.48155944147      -12.60       -5.77    13.0s
    ‖ρε - ρref‖ = 2.865242384265505e-6 ‖Δρ‖ = 3.7377000830317397e-7  ‖vε - vref‖ = 0.04379371612399505  α = 0.00184
 100   -21.48155944147      -13.03       -4.90    7.34s
    ‖ρε - ρref‖ = 4.772951059269016e-6 ‖Δρ‖ = 3.7768851984501884e-6  ‖vε - vref‖ = 0.04378798031203584  α = 0.000108
 101   -21.48155944147      -12.94       -5.69    7.37s
    ‖ρε - ρref‖ = 2.814209550890699e-6 ‖Δρ‖ = 5.415879333100496e-7  ‖vε - vref‖ = 0.04377260071043369  α = 0.000849
 102   -21.48155944147      -12.59       -5.79    7.48s
    ‖ρε - ρref‖ = 2.8401528846464375e-6 ‖Δρ‖ = 3.730768250790394e-7  ‖vε - vref‖ = 0.0437578976149007  α = 0.00167
 103   -21.48155944147      -12.37       -4.96    7.44s
    ‖ρε - ρref‖ = 3.8014253870523416e-6 ‖Δρ‖ = 2.0941886227246827e-6  ‖vε - vref‖ = 0.04373437348767254  α = 0.000394
 104   -21.48155944147      -12.76       -5.55    13.1s
    ‖ρε - ρref‖ = 2.8454698086257556e-6 ‖Δρ‖ = 6.46448774314722e-7  ‖vε - vref‖ = 0.0437166486498949  α = 0.000902
 105   -21.48155944147      -12.57       -5.90    7.87s
    ‖ρε - ρref‖ = 2.856521766285429e-6 ‖Δρ‖ = 2.418615195271394e-7  ‖vε - vref‖ = 0.0436984577831864  α = 0.00289
 106   -21.48155944147      -13.13       -5.82    7.72s
    ‖ρε - ρref‖ = 2.9207478143455084e-6 ‖Δρ‖ = 4.167775543455528e-7  ‖vε - vref‖ = 0.04369704844085236  α = 0.000885
 107   -21.48155944147      -13.11       -5.50    8.06s
    ‖ρε - ρref‖ = 2.468150795673498e-6 ‖Δρ‖ = 8.951725731732047e-7  ‖vε - vref‖ = 0.04369177440174192  α = 0.00037
 108   -21.48155944147      -12.88       -4.60    13.2s
    ‖ρε - ρref‖ = 8.270372117554536e-6 ‖Δρ‖ = 6.511507620114949e-6  ‖vε - vref‖ = 0.04368947592685895  α = 5.9e-5
 109   -21.48155944147      -12.88       -5.64    7.45s
    ‖ρε - ρref‖ = 2.839577968726719e-6 ‖Δρ‖ = 5.060611298446305e-7  ‖vε - vref‖ = 0.04367968627898334  α = 0.00103
 110   -21.48155944147      -12.78       -5.84    7.40s
    ‖ρε - ρref‖ = 2.8841196626496993e-6 ‖Δρ‖ = 3.0001086788102736e-7  ‖vε - vref‖ = 0.04367547521293822  α = 0.00196
 111   -21.48155944147      -12.75       -5.91    7.46s
    ‖ρε - ρref‖ = 2.875432905218205e-6 ‖Δρ‖ = 2.6611849202506057e-7  ‖vε - vref‖ = 0.04367211105607434  α = 0.00201
 112   -21.48155944147      -13.13       -5.00    7.91s
    ‖ρε - ρref‖ = 3.9772057292454224e-6 ‖Δρ‖ = 2.824603967579359e-6  ‖vε - vref‖ = 0.04366701360468102  α = 0.000122
 113   -21.48155944147      -12.57       -5.55    12.9s
    ‖ρε - ρref‖ = 2.854307738538399e-6 ‖Δρ‖ = 5.127905025134208e-7  ‖vε - vref‖ = 0.04364675100114075  α = 0.00134
 114   -21.48155944147      -13.37       -5.81    7.46s
    ‖ρε - ρref‖ = 2.855191768415554e-6 ‖Δρ‖ = 4.4806476376516274e-7  ‖vε - vref‖ = 0.04364131143704872  α = 0.000681
 115   -21.48155944147      -13.19       -5.54    7.62s
    ‖ρε - ρref‖ = 2.7787750220421714e-6 ‖Δρ‖ = 8.444745333840333e-7  ‖vε - vref‖ = 0.043636373094519176  α = 0.000372
 116   -21.48155944147      -12.71       -5.68    7.76s
    ‖ρε - ρref‖ = 2.938484147010602e-6 ‖Δρ‖ = 4.1163501175971074e-7  ‖vε - vref‖ = 0.04364263098881056  α = 0.00141
 117   -21.48155944147      -12.88       -5.88    7.46s
    ‖ρε - ρref‖ = 2.874924950246887e-6 ‖Δρ‖ = 2.966836433241663e-7  ‖vε - vref‖ = 0.04364645840909778  α = 0.00167
 118   -21.48155944147      -12.71       -5.96    13.0s
    ‖ρε - ρref‖ = 2.8442009668067113e-6 ‖Δρ‖ = 2.2357551678504812e-7  ‖vε - vref‖ = 0.04364467554724146  α = 0.00254
 119   -21.48155944147      -13.60       -5.26    7.53s
    ‖ρε - ρref‖ = 4.889517823636882e-6 ‖Δρ‖ = 2.321148621615197e-6  ‖vε - vref‖ = 0.04364617824673927  α = 6.5e-5
 120   -21.48155944147      -13.11       -5.18    7.46s
    ‖ρε - ρref‖ = 3.037731469686373e-6 ‖Δρ‖ = 1.7343291972869847e-6  ‖vε - vref‖ = 0.043642670231412495  α = 0.000236
 121   -21.48155944147      -12.91       -5.50    7.36s
    ‖ρε - ρref‖ = 2.871126711447401e-6 ‖Δρ‖ = 7.420934676258834e-7  ‖vε - vref‖ = 0.04363564470259176  α = 0.000616
 122   -21.48155944147      -12.73       -6.00    13.2s
    ‖ρε - ρref‖ = 2.8403042762068963e-6 ‖Δρ‖ = 2.018346475840966e-7  ‖vε - vref‖ = 0.04362834797891253  α = 0.00272
 123   -21.48155944147      -12.83       -5.77    7.99s
    ‖ρε - ρref‖ = 2.90095656131667e-6 ‖Δρ‖ = 3.610206382079403e-7  ‖vε - vref‖ = 0.04362879980550868  α = 0.00146
 124   -21.48155944147      -13.45       -5.29    8.05s
    ‖ρε - ρref‖ = 3.388401780974937e-6 ‖Δρ‖ = 1.6942440674686069e-6  ‖vε - vref‖ = 0.043630202552928356  α = 0.000152
 125   -21.48155944147      -12.77       -5.43    7.87s
    ‖ρε - ρref‖ = 2.8880167607232234e-6 ‖Δρ‖ = 7.39378827869646e-7  ‖vε - vref‖ = 0.04362562061467183  α = 0.000777
 126   -21.48155944147      -12.89       -6.14    7.51s
    ‖ρε - ρref‖ = 2.8427937458150377e-6 ‖Δρ‖ = 1.570867803112512e-7  ‖vε - vref‖ = 0.04363026615224664  α = 0.00288
 127   -21.48155944147      -13.17       -5.33    12.9s
    ‖ρε - ρref‖ = 3.272039956971399e-6 ‖Δρ‖ = 1.2796196038738664e-6  ‖vε - vref‖ = 0.04363347345990454  α = 0.000243
 128   -21.48155944147      -12.94       -5.76    7.40s
    ‖ρε - ρref‖ = 2.8483046727375594e-6 ‖Δρ‖ = 4.126910831158442e-7  ‖vε - vref‖ = 0.043637602152212025  α = 0.000982
 129   -21.48155944147      -12.85       -5.81    7.37s
    ‖ρε - ρref‖ = 2.9187678579652136e-6 ‖Δρ‖ = 3.1521523320234067e-7  ‖vε - vref‖ = 0.04365344514813742  α = 0.00166
 130   -21.48155944147      -12.97       -5.82    7.37s
    ‖ρε - ρref‖ = 2.8552584440490657e-6 ‖Δρ‖ = 3.541865112287358e-7  ‖vε - vref‖ = 0.04365184497405737  α = 0.00122
 131   -21.48155944147      -14.45       -5.38    7.32s
    ‖ρε - ρref‖ = 1.4877686174472636e-6 ‖Δρ‖ = 2.1828364227933957e-6  ‖vε - vref‖ = 0.0436506742530397  α = 4.0e-5
 132   -21.48155944147      -12.77       -5.81    13.1s
    ‖ρε - ρref‖ = 2.86519421314768e-6 ‖Δρ‖ = 3.120459893882014e-7  ‖vε - vref‖ = 0.043650282220915264  α = 0.00172
 133   -21.48155944147      -13.22       -5.37    7.36s
    ‖ρε - ρref‖ = 3.073639022740239e-6 ‖Δρ‖ = 1.096455575073881e-6  ‖vε - vref‖ = 0.043651774732477146  α = 0.000325
 134   -21.48155944147      -13.07       -6.09    7.40s
    ‖ρε - ρref‖ = 2.847711953408268e-6 ‖Δρ‖ = 1.8794340941398363e-7  ‖vε - vref‖ = 0.04365430743896677  α = 0.00191
 135   -21.48155944147      -12.78       -5.87    7.37s
    ‖ρε - ρref‖ = 2.8528888978713183e-6 ‖Δρ‖ = 2.44614145711525e-7  ‖vε - vref‖ = 0.043661953694383845  α = 0.00224
 136   -21.48155944147      -13.60       -5.32    7.38s
    ‖ρε - ρref‖ = 3.27165294101082e-6 ‖Δρ‖ = 1.6997235377810338e-6  ‖vε - vref‖ = 0.04366193319071702  α = 0.000106
 137   -21.48155944147      -13.00       -5.87    12.8s
    ‖ρε - ρref‖ = 2.8907496761751706e-6 ‖Δρ‖ = 3.005594516865408e-7  ‖vε - vref‖ = 0.04367189458094219  α = 0.00135
 138   -21.48155944147      -12.78       -5.74    7.38s
    ‖ρε - ρref‖ = 2.854271264251996e-6 ‖Δρ‖ = 3.223761205503423e-7  ‖vε - vref‖ = 0.04368412258320828  α = 0.00169
 139   -21.48155944147      -13.50       -5.72    7.35s
    ‖ρε - ρref‖ = 2.8452248183599436e-6 ‖Δρ‖ = 6.155564990564968e-7  ‖vε - vref‖ = 0.043685992423286815  α = 0.000319
 140   -21.48155944147      -13.15       -5.71    7.90s
    ‖ρε - ρref‖ = 2.9476918079907666e-6 ‖Δρ‖ = 4.3612348586403343e-7  ‖vε - vref‖ = 0.04369430730860745  α = 0.000823
 141   -21.48155944147      -13.22       -6.15    12.9s
    ‖ρε - ρref‖ = 2.8237973909397954e-6 ‖Δρ‖ = 1.6423899465959016e-7  ‖vε - vref‖ = 0.043691913571273194  α = 0.00204
 142   -21.48155944147      -13.11       -5.76    7.36s
    ‖ρε - ρref‖ = 2.7726070442749004e-6 ‖Δρ‖ = 3.509342539771342e-7  ‖vε - vref‖ = 0.043692835038616484  α = 0.00103
 143   -21.48155944147      -13.55       -4.88    7.41s
    ‖ρε - ρref‖ = 6.846582094762977e-6 ‖Δρ‖ = 4.453986501369502e-6  ‖vε - vref‖ = 0.04369461575960449  α = 3.13e-5
 144   -21.48155944147      -13.41       -5.97    7.34s
    ‖ρε - ρref‖ = 2.8410922240974185e-6 ‖Δρ‖ = 2.3744431499282118e-7  ‖vε - vref‖ = 0.04369730372967693  α = 0.00124
 145   -21.48155944147      -13.55       -6.04    7.36s
    ‖ρε - ρref‖ = 2.871908314903931e-6 ‖Δρ‖ = 2.68109515013426e-7  ‖vε - vref‖ = 0.0437001290393325  α = 0.000626
 146   -21.48155944147      -13.41       -5.92    13.0s
    ‖ρε - ρref‖ = 2.9095435943802143e-6 ‖Δρ‖ = 2.595125152538463e-7  ‖vε - vref‖ = 0.04371133090229324  α = 0.00106
 147   -21.48155944147      -13.41       -6.08    7.34s
    ‖ρε - ρref‖ = 2.8352421422894906e-6 ‖Δρ‖ = 1.7862544440903935e-7  ‖vε - vref‖ = 0.04371319861182948  α = 0.00148
 148   -21.48155944147   +  -14.15       -5.81    7.41s
    ‖ρε - ρref‖ = 2.9003379207651116e-6 ‖Δρ‖ = 5.570400000722588e-7  ‖vε - vref‖ = 0.04371389661660823  α = 0.000177
 149   -21.48155944147      -13.17       -5.89    7.39s
    ‖ρε - ρref‖ = 2.8312686352483993e-6 ‖Δρ‖ = 2.3168084795629244e-7  ‖vε - vref‖ = 0.0437131961033542  α = 0.00151
 150   -21.48155944147      -13.55       -5.95    7.34s
    ‖ρε - ρref‖ = 2.868525100750272e-6 ‖Δρ‖ = 2.456062434725579e-7  ‖vε - vref‖ = 0.04371635880890052  α = 0.000914
 151   -21.48155944147      -13.55       -6.23    13.2s
    ‖ρε - ρref‖ = 2.864766927318167e-6 ‖Δρ‖ = 1.5526816960642388e-7  ‖vε - vref‖ = 0.04371870003049221  α = 0.00104
 152   -21.48155944147      -13.97       -5.63    7.53s
    ‖ρε - ρref‖ = 2.838931878938639e-6 ‖Δρ‖ = 5.348387627772155e-7  ‖vε - vref‖ = 0.04372177927991502  α = 0.000389
 153   -21.48155944147      -13.27       -6.08    8.01s
    ‖ρε - ρref‖ = 2.8735768218405154e-6 ‖Δρ‖ = 1.6960391997120947e-7  ‖vε - vref‖ = 0.04373025403301465  α = 0.00158
 154   -21.48155944147      -13.50       -6.02    8.06s
    ‖ρε - ρref‖ = 2.951216409222335e-6 ‖Δρ‖ = 2.0653078426504537e-7  ‖vε - vref‖ = 0.04373672140932978  α = 0.00111
 155   -21.48155944147      -13.27       -4.66    7.39s
    ‖ρε - ρref‖ = 3.816869895804566e-6 ‖Δρ‖ = 4.588118459330451e-6  ‖vε - vref‖ = 0.04373909815096493  α = 5.05e-5
 156   -21.48155944147   +    -Inf       -6.21    13.0s
    ‖ρε - ρref‖ = 2.8651923653031944e-6 ‖Δρ‖ = 1.7661760255405395e-7  ‖vε - vref‖ = 0.04374131095170509  α = 0.000909
 157   -21.48155944147      -13.34       -6.29    7.48s
    ‖ρε - ρref‖ = 2.8311872883326186e-6 ‖Δρ‖ = 1.1512776728473585e-7  ‖vε - vref‖ = 0.04374019990634511  α = 0.00221
 158   -21.48155944147      -13.55       -5.81    7.79s
    ‖ρε - ρref‖ = 2.825442186285328e-6 ‖Δρ‖ = 4.22878214986707e-7  ‖vε - vref‖ = 0.043739759447966924  α = 0.000473
 159   -21.48155944147      -13.02       -5.98    7.61s
    ‖ρε - ρref‖ = 2.86469336196575e-6 ‖Δρ‖ = 1.6438142854781383e-7  ‖vε - vref‖ = 0.043754681439784705  α = 0.00257
 160   -21.48155944147   +    -Inf       -5.65    12.9s
    ‖ρε - ρref‖ = 2.944931045250439e-6 ‖Δρ‖ = 8.538504256351549e-7  ‖vε - vref‖ = 0.04375480920196007  α = 0.000104
 161   -21.48155944147      -13.67       -6.13    7.53s
    ‖ρε - ρref‖ = 2.843598373221059e-6 ‖Δρ‖ = 1.8508149893526265e-7  ‖vε - vref‖ = 0.043757542158294936  α = 0.000947
 162   -21.48155944147      -13.41       -6.30    7.45s
    ‖ρε - ρref‖ = 2.8577892696508655e-6 ‖Δρ‖ = 9.719346347604805e-8  ‖vε - vref‖ = 0.04376761402641012  α = 0.00255
 163   -21.48155944147      -13.55       -6.27    7.37s
    ‖ρε - ρref‖ = 2.8462158637199556e-6 ‖Δρ‖ = 1.6225697159423667e-7  ‖vε - vref‖ = 0.04377008167705667  α = 0.000806
 164   -21.48155944147   +    -Inf       -5.79    72.3s
    ‖ρε - ρref‖ = 2.9393464036905557e-6 ‖Δρ‖ = 4.1154952071480153e-7  ‖vε - vref‖ = 0.0437700816774757  α = 8.56e-15
 165   -21.48155944147   +  -14.45       -3.14    16.9s
    ‖ρε - ρref‖ = 0.00018401711161788813 ‖Δρ‖ = 0.00018357125611425938  ‖vε - vref‖ = 0.043770081677229934  α = 0.0
 166   -21.48155944147      -14.45       -5.83     122s
    ‖ρε - ρref‖ = 2.981645580191764e-6 ‖Δρ‖ = 6.129367184490331e-7  ‖vε - vref‖ = 0.043770081677472504  α = 2.09e-11
 167   -21.48155944147   +    -Inf       -2.80    33.0s
    ‖ρε - ρref‖ = 0.0006593207688614164 ‖Δρ‖ = 0.0006589649956080371  ‖vε - vref‖ = 0.04377008167810651  α = 2.77e-15
 168   -21.48155944147   +  -14.45       -1.56    16.6s
    ‖ρε - ρref‖ = 0.011392197899800833 ‖Δρ‖ = 0.011391824350147546  ‖vε - vref‖ = 0.04377008167681363  α = 0.0
 169   -21.48155944147      -14.45       -5.83    30.0s
    ‖ρε - ρref‖ = 2.9816455318604496e-6 ‖Δρ‖ = 6.129367048411949e-7  ‖vε - vref‖ = 0.043770081292273555  α = 1.17e-7
 170   -21.48155944147   +  -14.45       -6.36    19.5s
    ‖ρε - ρref‖ = 2.8640634935900498e-6 ‖Δρ‖ = 1.0535367476131014e-7  ‖vε - vref‖ = 0.04377008129319228  α = 0.0
 171   -21.48155944147   +  -14.45       -5.83    7.00s
    ‖ρε - ρref‖ = 2.981448269249061e-6 ‖Δρ‖ = 6.123880903519713e-7  ‖vε - vref‖ = 0.04376974258974909  α = 0.000162
 172   -21.48155944147      -13.75       -6.36    13.4s
    ‖ρε - ρref‖ = 2.8512576825909166e-6 ‖Δρ‖ = 9.98018199177185e-8  ‖vε - vref‖ = 0.043765378187985  α = 0.00162
 173   -21.48155944147   +    -Inf       -5.37    46.8s
    ‖ρε - ρref‖ = 1.6788539784098173e-6 ‖Δρ‖ = 1.7045669683722943e-6  ‖vε - vref‖ = 0.043765378187069506  α = 3.65e-15
 174   -21.48155944147      -14.45       -4.58    7.20s
    ‖ρε - ρref‖ = 8.37018312190748e-6 ‖Δρ‖ = 1.0617859015687541e-5  ‖vε - vref‖ = 0.0437640014000919  α = 5.11e-6
 175   -21.48155944147   +    -Inf       -6.25    7.21s
    ‖ρε - ρref‖ = 2.8702987757306068e-6 ‖Δρ‖ = 1.3799655824967376e-7  ‖vε - vref‖ = 0.04376376197522181  α = 0.000867
 176   -21.48155944147   +  -14.15       -6.13    7.23s
    ‖ρε - ρref‖ = 2.851860000501048e-6 ‖Δρ‖ = 2.8530893442576815e-7  ‖vε - vref‖ = 0.043763307194668456  α = 0.000171
 177   -21.48155944147      -13.85       -6.26    7.28s
    ‖ρε - ρref‖ = 2.8391411266700932e-6 ‖Δρ‖ = 1.0900622289022917e-7  ‖vε - vref‖ = 0.04376066246970274  α = 0.00165
 178   -21.48155944147      -13.45       -6.07    12.9s
    ‖ρε - ρref‖ = 2.851236256644214e-6 ‖Δρ‖ = 1.5625791146625693e-7  ‖vε - vref‖ = 0.043759135223209025  α = 0.00132
 179   -21.48155944147      -14.45       -6.31    7.30s
    ‖ρε - ρref‖ = 2.8442323966948444e-6 ‖Δρ‖ = 1.2774629833419363e-7  ‖vε - vref‖ = 0.04375897189078719  α = 0.000905
 180   -21.48155944147   +  -13.97       -6.09    7.46s
    ‖ρε - ρref‖ = 2.8715892039328675e-6 ‖Δρ‖ = 2.0492979097603448e-7  ‖vε - vref‖ = 0.04376041131976382  α = 0.000589
 181   -21.48155944147      -13.60       -6.23    7.40s
    ‖ρε - ρref‖ = 2.8752085838809515e-6 ‖Δρ‖ = 1.3754839806822538e-7  ‖vε - vref‖ = 0.04376310382177966  α = 0.00098
 182   -21.48155944147      -13.67       -6.35    7.32s
    ‖ρε - ρref‖ = 2.8424264912110507e-6 ‖Δρ‖ = 8.153864105818128e-8  ‖vε - vref‖ = 0.04376141169739043  α = 0.00242
 183   -21.48155944147      -14.45       -6.29    13.3s
    ‖ρε - ρref‖ = 2.8406545133104535e-6 ‖Δρ‖ = 1.0688608479779752e-7  ‖vε - vref‖ = 0.0437582209288065  α = 0.00146
 184   -21.48155944147      -13.75       -6.35    7.42s
    ‖ρε - ρref‖ = 2.842673618833389e-6 ‖Δρ‖ = 8.517689250777771e-8  ‖vε - vref‖ = 0.043754547403344564  α = 0.00203
 185   -21.48155944147      -13.75       -6.01    7.45s
    ‖ρε - ρref‖ = 2.923032109155925e-6 ‖Δρ‖ = 3.365288820106363e-7  ‖vε - vref‖ = 0.04375430459416509  α = 0.00019
 186   -21.48155944147      -14.45       -5.84    7.36s
    ‖ρε - ρref‖ = 2.3037522999931e-6 ‖Δρ‖ = 7.085788568501861e-7  ‖vε - vref‖ = 0.04375382474775113  α = 4.54e-5
 187   -21.48155944147   +  -13.75       -6.18    13.2s
    ‖ρε - ρref‖ = 2.8749422283053516e-6 ‖Δρ‖ = 1.4019679243791932e-7  ‖vε - vref‖ = 0.043753975174279036  α = 0.00102
 188   -21.48155944147      -13.67       -6.46    7.47s
    ‖ρε - ρref‖ = 2.842997529106928e-6 ‖Δρ‖ = 9.115131864330058e-8  ‖vε - vref‖ = 0.04375244915535244  α = 0.00117
 189   -21.48155944147      -13.85       -5.51    7.44s
    ‖ρε - ρref‖ = 2.9273163890243585e-6 ‖Δρ‖ = 7.072394352746459e-7  ‖vε - vref‖ = 0.04375126758616765  α = 0.000189
 190   -21.48155944147      -13.75       -6.59    7.45s
    ‖ρε - ρref‖ = 2.8398497093229695e-6 ‖Δρ‖ = 4.690268960634878e-8  ‖vε - vref‖ = 0.0437471848290313  α = 0.0039
 191   -21.48155944147      -13.85       -6.26    7.42s
    ‖ρε - ρref‖ = 2.8697974657708775e-6 ‖Δρ‖ = 1.286966152317027e-7  ‖vε - vref‖ = 0.04374838090389879  α = 0.000957
 192   -21.48155944147      -13.97       -6.44    13.0s
    ‖ρε - ρref‖ = 2.849402894391895e-6 ‖Δρ‖ = 7.39403909537499e-8  ‖vε - vref‖ = 0.043749506353143314  α = 0.00208
 193   -21.48155944147      -13.97       -6.05    7.48s
    ‖ρε - ρref‖ = 2.8519298831925355e-6 ‖Δρ‖ = 2.432865978994535e-7  ‖vε - vref‖ = 0.04374946291665792  α = 0.000391
 194   -21.48155944147      -14.15       -6.42    7.33s
    ‖ρε - ρref‖ = 2.851201198750446e-6 ‖Δρ‖ = 9.530567447822341e-8  ‖vε - vref‖ = 0.043749469910779236  α = 0.00124
    Stopping to avoid numerical instabilities.
 195   -21.48155944147      -13.85       -6.33    7.39s
    ‖ρε - ρref‖ = 2.8394467293967433e-6 ‖Δρ‖ = 9.244805558218295e-8  ‖vε - vref‖ = 0.04374652805042463  α = 0.00183

#-- ‖ρε - ρref‖ = 2.8453167348474637e-6 vs. 1.0e-8 = δ*ε ‖vε - vref‖ = 0.04374630406918228


# --- ε=7.498942093324558e-7

n     Energy            log10(ΔE)   log10(Δρ)   Δtime 
---   ---------------   ---------   ---------   ------
  1   -21.48155755116                   -1.26    13.3s
    ‖ρε - ρref‖ = 0.03478593890706003 ‖Δρ‖ = 0.034784124959951424  ‖vε - vref‖ = 0.5562271778728031  α = 1.86e-5
  2   -21.48155759693       -7.34       -2.33    8.15s
    ‖ρε - ρref‖ = 0.0018813061781624918 ‖Δρ‖ = 0.0018808082432835763  ‖vε - vref‖ = 0.39523412091942267  α = 0.000125
  3   -21.48155761620       -7.72       -2.56    8.05s
    ‖ρε - ρref‖ = 0.0009672462391506539 ‖Δρ‖ = 0.0009667725743166665  ‖vε - vref‖ = 0.3217886726716321  α = 0.000162
  4   -21.48155762921       -7.89       -2.56    12.6s
    ‖ρε - ρref‖ = 0.0010347680335066366 ‖Δρ‖ = 0.0010343432744567569  ‖vε - vref‖ = 0.24667479614146082  α = 0.000121
  5   -21.48155764006       -7.96       -3.15    7.41s
    ‖ρε - ρref‖ = 0.00018507834563739116 ‖Δρ‖ = 0.00018467663400222324  ‖vε - vref‖ = 0.1765264122026415  α = 0.000658
  6   -21.48155764308       -8.52       -3.21    7.23s
    ‖ρε - ρref‖ = 0.00019708364987391482 ‖Δρ‖ = 0.00019685038558505888  ‖vε - vref‖ = 0.14990211619265584  α = 0.000317
  7   -21.48155764594       -8.54       -3.32    7.33s
    ‖ρε - ρref‖ = 0.00012284319334186097 ‖Δρ‖ = 0.00012265322970549472  ‖vε - vref‖ = 0.12181047746330755  α = 0.00051
  8   -21.48155764804       -8.68       -3.71    7.71s
    ‖ρε - ρref‖ = 4.651690792419731e-5 ‖Δρ‖ = 4.6296354546818145e-5  ‖vε - vref‖ = 0.09723671908786874  α = 0.00115
  9   -21.48155764919       -8.94       -3.77    13.4s
    ‖ρε - ρref‖ = 3.881059513401664e-5 ‖Δρ‖ = 3.86689980915582e-5  ‖vε - vref‖ = 0.08113823497140914  α = 0.00103
 10   -21.48155764982       -9.20       -3.86    7.44s
    ‖ρε - ρref‖ = 3.247085136074338e-5 ‖Δρ‖ = 3.22606970243071e-5  ‖vε - vref‖ = 0.07159330616313152  α = 0.000912
 11   -21.48155765039       -9.25       -3.94    7.43s
    ‖ρε - ρref‖ = 2.5240178010708335e-5 ‖Δρ‖ = 2.5073990384077312e-5  ‖vε - vref‖ = 0.062280513939956324  α = 0.00113
 12   -21.48155765046      -10.16       -4.07    7.48s
    ‖ρε - ρref‖ = 3.4210855045984075e-5 ‖Δρ‖ = 3.253973894874376e-5  ‖vε - vref‖ = 0.06206839479631051  α = 0.000244
 13   -21.48155765078       -9.49       -3.09    7.54s
    ‖ρε - ρref‖ = 0.00018241214101077588 ‖Δρ‖ = 0.0001828501554347774  ‖vε - vref‖ = 0.05598609536573638  α = 0.000114
 14   -21.48155765098       -9.70       -3.94    13.5s
    ‖ρε - ρref‖ = 2.9630819100692298e-5 ‖Δρ‖ = 2.9747516494386277e-5  ‖vε - vref‖ = 0.05301076833659555  α = 0.000538
 15   -21.48155765117       -9.73       -3.36    7.41s
    ‖ρε - ρref‖ = 0.00011266318190438878 ‖Δρ‖ = 0.00011253286297473891  ‖vε - vref‖ = 0.049570399331838426  α = 0.000139
 16   -21.48155765125      -10.10       -3.62    7.40s
    ‖ρε - ρref‖ = 7.972666920711662e-5 ‖Δρ‖ = 7.943632671484051e-5  ‖vε - vref‖ = 0.04794459915204132  α = 0.000122
 17   -21.48155765148       -9.63       -4.15    7.46s
    ‖ρε - ρref‖ = 1.536287878089664e-5 ‖Δρ‖ = 1.5043809232203736e-5  ‖vε - vref‖ = 0.043940653491958914  α = 0.00119
 18   -21.48155765155      -10.16       -4.20    7.34s
    ‖ρε - ρref‖ = 1.8361091021962807e-5 ‖Δρ‖ = 1.8471028009955337e-5  ‖vε - vref‖ = 0.042803932431260405  α = 0.000511
 19   -21.48155765168       -9.89       -4.04    13.3s
    ‖ρε - ρref‖ = 2.0310062414471774e-5 ‖Δρ‖ = 2.034330244566478e-5  ‖vε - vref‖ = 0.04074369739930653  α = 0.000655
 20   -21.48155765179       -9.95       -4.00    7.47s
    ‖ρε - ρref‖ = 2.3127060816022412e-5 ‖Δρ‖ = 2.2726930603591836e-5  ‖vε - vref‖ = 0.03890246162723859  α = 0.00054
 21   -21.48155765193       -9.88       -4.67    7.33s
    ‖ρε - ρref‖ = 4.612510791337044e-6 ‖Δρ‖ = 3.9327716333918135e-6  ‖vε - vref‖ = 0.03758293385251865  α = 0.00345
 22   -21.48155765198      -10.26       -4.31    7.42s
    ‖ρε - ρref‖ = 1.1757100045511442e-5 ‖Δρ‖ = 1.1777143059307308e-5  ‖vε - vref‖ = 0.036808632525233725  α = 0.000723
 23   -21.48155765203      -10.30       -4.53    7.47s
    ‖ρε - ρref‖ = 6.370349799405006e-6 ‖Δρ‖ = 5.94648099528437e-6  ‖vε - vref‖ = 0.03637953415446961  α = 0.00141
 24   -21.48155765205      -10.64       -4.46    13.1s
    ‖ρε - ρref‖ = 7.908846243392732e-6 ‖Δρ‖ = 8.519425034668002e-6  ‖vε - vref‖ = 0.03643998771874797  α = 0.000609
 25   -21.48155765207      -10.81       -3.34    7.60s
    ‖ρε - ρref‖ = 0.00012742528122421302 ‖Δρ‖ = 0.00012607785622231567  ‖vε - vref‖ = 0.03616750131123322  α = 3.17e-5
 26   -21.48155765210      -10.52       -4.53    7.34s
    ‖ρε - ρref‖ = 6.3733203472367e-6 ‖Δρ‖ = 5.997032169556112e-6  ‖vε - vref‖ = 0.03604849691655858  α = 0.00108
 27   -21.48155765210      -11.46       -4.26    7.30s
    ‖ρε - ρref‖ = 1.9918894584326387e-5 ‖Δρ‖ = 2.003661844805612e-5  ‖vε - vref‖ = 0.036015087134942135  α = 0.000102
 28   -21.48155765211      -11.09       -4.55    7.38s
    ‖ρε - ρref‖ = 8.117443345423326e-6 ‖Δρ‖ = 8.085454963393817e-6  ‖vε - vref‖ = 0.03607127200552985  α = 0.000387
 29   -21.48155765214      -10.57       -4.15    13.1s
    ‖ρε - ρref‖ = 1.389336612151263e-5 ‖Δρ‖ = 1.3635499735703486e-5  ‖vε - vref‖ = 0.03607139662735656  α = 0.000439
 30   -21.48155765216      -10.76       -4.47    7.46s
    ‖ρε - ρref‖ = 7.310356429090631e-6 ‖Δρ‖ = 6.823726627979114e-6  ‖vε - vref‖ = 0.03618604779019646  α = 0.000721
 31   -21.48155765216      -11.48       -4.80    7.36s
    ‖ρε - ρref‖ = 5.260089466882166e-6 ‖Δρ‖ = 4.947742192947634e-6  ‖vε - vref‖ = 0.03620624395250781  α = 0.000417
 32   -21.48155765217      -10.79       -4.75    7.39s
    ‖ρε - ρref‖ = 3.753531648976348e-6 ‖Δρ‖ = 3.2971600917782803e-6  ‖vε - vref‖ = 0.03639419604859067  α = 0.00143
 33   -21.48155765218      -11.02       -4.53    7.35s
    ‖ρε - ρref‖ = 7.143184405377874e-6 ‖Δρ‖ = 6.4972349018894385e-6  ‖vε - vref‖ = 0.03656713991859372  α = 0.00055
 34   -21.48155765220      -10.86       -4.93    13.3s
    ‖ρε - ρref‖ = 2.9780387660508083e-6 ‖Δρ‖ = 2.0170256510722734e-6  ‖vε - vref‖ = 0.03685056119327709  α = 0.00219
 35   -21.48155765220      -11.43       -5.12    7.46s
    ‖ρε - ρref‖ = 2.7177131196855797e-6 ‖Δρ‖ = 1.8810915857032543e-6  ‖vε - vref‖ = 0.03693188430295559  α = 0.00117
 36   -21.48155765220      -11.82       -4.95    7.36s
    ‖ρε - ρref‖ = 5.0366420851121525e-6 ‖Δρ‖ = 3.338925153484254e-6  ‖vε - vref‖ = 0.0370156673296824  α = 0.000369
 37   -21.48155765221      -11.43       -3.83    7.36s
    ‖ρε - ρref‖ = 3.1858703937104e-5 ‖Δρ‖ = 3.2509808665945564e-5  ‖vε - vref‖ = 0.03708030889001379  α = 6.58e-5
 38   -21.48155765221      -11.30       -4.95    7.37s
    ‖ρε - ρref‖ = 2.9725704061336285e-6 ‖Δρ‖ = 2.188257128725723e-6  ‖vε - vref‖ = 0.037222045200816886  α = 0.0012
 39   -21.48155765221      -12.09       -4.71    13.3s
    ‖ρε - ρref‖ = 6.865965327014101e-6 ‖Δρ‖ = 6.371947166950514e-6  ‖vε - vref‖ = 0.0372576477280067  α = 0.000158
 40   -21.48155765222      -11.52       -4.63    7.37s
    ‖ρε - ρref‖ = 5.769168650564331e-6 ‖Δρ‖ = 5.256187584309133e-6  ‖vε - vref‖ = 0.03736614032717979  α = 0.000378
 41   -21.48155765222      -11.86       -4.58    7.43s
    ‖ρε - ρref‖ = 7.861937228608219e-6 ‖Δρ‖ = 7.778257629959125e-6  ‖vε - vref‖ = 0.03741662632097778  α = 0.000165
 42   -21.48155765222      -11.63       -5.01    7.34s
    ‖ρε - ρref‖ = 3.2066773526577077e-6 ‖Δρ‖ = 2.1212971329371756e-6  ‖vε - vref‖ = 0.03753134585337639  α = 0.000844
 43   -21.48155765222      -11.59       -5.25    7.30s
    ‖ρε - ρref‖ = 2.377952519153895e-6 ‖Δρ‖ = 1.1073038852925516e-6  ‖vε - vref‖ = 0.037642016933000406  α = 0.00168
 44   -21.48155765222      -11.92       -4.75    13.3s
    ‖ρε - ρref‖ = 4.736929051708741e-6 ‖Δρ‖ = 4.435738595514353e-6  ‖vε - vref‖ = 0.03768221982659739  α = 0.000285
 45   -21.48155765223      -11.69       -5.14    7.49s
    ‖ρε - ρref‖ = 2.469572326197835e-6 ‖Δρ‖ = 1.4422924731206794e-6  ‖vε - vref‖ = 0.03776913418990706  α = 0.00116
 46   -21.48155765223      -11.75       -5.06    7.40s
    ‖ρε - ρref‖ = 3.036770167701474e-6 ‖Δρ‖ = 1.7559192725384908e-6  ‖vε - vref‖ = 0.03789596064066809  α = 0.000887
 47   -21.48155765223      -11.92       -5.16    7.40s
    ‖ρε - ρref‖ = 2.5393013469474237e-6 ‖Δρ‖ = 1.4878365227393339e-6  ‖vε - vref‖ = 0.037958982121151306  α = 0.000855
 48   -21.48155765223      -12.30       -5.28    7.41s
    ‖ρε - ρref‖ = 1.5829789340423882e-6 ‖Δρ‖ = 1.5235375688014545e-6  ‖vε - vref‖ = 0.037986698057003075  α = 0.000475
 49   -21.48155765223      -11.98       -4.07    13.6s
    ‖ρε - ρref‖ = 2.0325841728540797e-5 ‖Δρ‖ = 1.9484452656284297e-5  ‖vε - vref‖ = 0.03803922128804848  α = 5.7e-5
 50   -21.48155765223      -11.54       -5.40    7.42s
    ‖ρε - ρref‖ = 2.2606931370798767e-6 ‖Δρ‖ = 6.53013123703171e-7  ‖vε - vref‖ = 0.038231850380870985  α = 0.00304
 51   -21.48155765223      -12.53       -4.98    7.37s
    ‖ρε - ρref‖ = 3.7843264055971695e-6 ‖Δρ‖ = 3.3207036499191796e-6  ‖vε - vref‖ = 0.038245585633957704  α = 0.000179
 52   -21.48155765223      -12.30       -4.82    7.46s
    ‖ρε - ρref‖ = 4.491068109350935e-6 ‖Δρ‖ = 4.073330711931196e-6  ‖vε - vref‖ = 0.03827882746787828  α = 0.000201
 53   -21.48155765223      -12.44       -5.29    7.31s
    ‖ρε - ρref‖ = 2.80290870365005e-6 ‖Δρ‖ = 1.547079836519017e-6  ‖vε - vref‖ = 0.03830895502846906  α = 0.000427
 54   -21.48155765224      -11.78       -4.91    13.2s
    ‖ρε - ρref‖ = 3.0466793519555105e-6 ‖Δρ‖ = 2.1806867463505786e-6  ‖vε - vref‖ = 0.038430460196171926  α = 0.000683
 55   -21.48155765224      -12.06       -5.40    7.43s
    ‖ρε - ρref‖ = 2.320117846331653e-6 ‖Δρ‖ = 8.388938148225907e-7  ‖vε - vref‖ = 0.038492448586118735  α = 0.00129
 56   -21.48155765224      -12.21       -5.24    7.37s
    ‖ρε - ρref‖ = 2.5030887140473946e-6 ‖Δρ‖ = 1.3425034741103338e-6  ‖vε - vref‖ = 0.03853225173234733  α = 0.000667
 57   -21.48155765224      -12.17       -4.99    7.36s
    ‖ρε - ρref‖ = 2.996298755548396e-6 ‖Δρ‖ = 2.2910159900902983e-6  ‖vε - vref‖ = 0.0385677760835832  α = 0.000415
 58   -21.48155765224      -11.96       -5.36    7.33s
    ‖ρε - ρref‖ = 2.2697670510748865e-6 ‖Δρ‖ = 8.059069631941494e-7  ‖vε - vref‖ = 0.038641414070428086  α = 0.00156
 59   -21.48155765224      -12.26       -5.46    13.3s
    ‖ρε - ρref‖ = 2.39165686690334e-6 ‖Δρ‖ = 7.993204966582631e-7  ‖vε - vref‖ = 0.038694494839934944  α = 0.00106
 60   -21.48155765224      -12.81       -5.17    7.61s
    ‖ρε - ρref‖ = 4.229609237760607e-6 ‖Δρ‖ = 2.4016986341700475e-6  ‖vε - vref‖ = 0.03871139474789962  α = 0.000149
 61   -21.48155765224      -12.04       -4.43    7.41s
    ‖ρε - ρref‖ = 6.670478485874083e-6 ‖Δρ‖ = 7.025695886368811e-6  ‖vε - vref‖ = 0.03875993553033392  α = 0.000154
 62   -21.48155765224      -12.37       -5.46    7.37s
    ‖ρε - ρref‖ = 2.2775886755000503e-6 ‖Δρ‖ = 8.073116869430631e-7  ‖vε - vref‖ = 0.0387877508252676  α = 0.00096
 63   -21.48155765224      -12.30       -5.56    7.36s
    ‖ρε - ρref‖ = 2.2850283354059784e-6 ‖Δρ‖ = 6.72970239099019e-7  ‖vε - vref‖ = 0.03883159483845462  α = 0.00119
 64   -21.48155765224      -11.99       -4.44    13.2s
    ‖ρε - ρref‖ = 7.189855862865671e-6 ‖Δρ‖ = 6.8360868742725296e-6  ‖vε - vref‖ = 0.03889682767980744  α = 0.000169
 65   -21.48155765224      -12.40       -5.21    7.45s
    ‖ρε - ρref‖ = 2.4084222949714154e-6 ‖Δρ‖ = 1.5662471555490135e-6  ‖vε - vref‖ = 0.03891879010428753  α = 0.000454
 66   -21.48155765224      -12.27       -4.91    7.41s
    ‖ρε - ρref‖ = 3.671812972015846e-6 ‖Δρ‖ = 2.967657696657505e-6  ‖vε - vref‖ = 0.03894679275754243  α = 0.000273
 67   -21.48155765224      -12.22       -5.36    7.32s
    ‖ρε - ρref‖ = 2.3841259825989135e-6 ‖Δρ‖ = 9.211857194449615e-7  ‖vε - vref‖ = 0.038992043789912084  α = 0.000974
 68   -21.48155765224      -12.13       -5.42    7.33s
    ‖ρε - ρref‖ = 2.3216723259053846e-6 ‖Δρ‖ = 7.56135260241535e-7  ‖vε - vref‖ = 0.03904907466883727  α = 0.00134
 69   -21.48155765225      -12.48       -5.31    13.4s
    ‖ρε - ρref‖ = 2.512821998088045e-6 ‖Δρ‖ = 1.3070550656174566e-6  ‖vε - vref‖ = 0.039067585903522196  α = 0.000497
 70   -21.48155765225      -12.05       -5.14    7.37s
    ‖ρε - ρref‖ = 2.407688920791339e-6 ‖Δρ‖ = 1.369909556881386e-6  ‖vε - vref‖ = 0.03909493403766685  α = 0.000802
 71   -21.48155765225      -12.30       -5.64    7.36s
    ‖ρε - ρref‖ = 2.232158079168565e-6 ‖Δρ‖ = 5.375656783325607e-7  ‖vε - vref‖ = 0.03911669278078643  α = 0.00149
 72   -21.48155765225      -13.22       -5.09    7.44s
    ‖ρε - ρref‖ = 2.4156360124529127e-6 ‖Δρ‖ = 3.742180413565717e-6  ‖vε - vref‖ = 0.039117459704213924  α = 6.01e-5
 73   -21.48155765225      -12.00       -4.89    7.37s
    ‖ρε - ρref‖ = 3.4636600413222437e-6 ‖Δρ‖ = 2.364546227194498e-6  ‖vε - vref‖ = 0.03917397935964385  α = 0.000487
 74   -21.48155765225      -12.45       -5.44    13.3s
    ‖ρε - ρref‖ = 2.18445660542815e-6 ‖Δρ‖ = 9.61950001183999e-7  ‖vε - vref‖ = 0.03918016642850664  α = 0.000705
 75   -21.48155765225      -12.05       -5.52    7.47s
    ‖ρε - ρref‖ = 2.247386794096395e-6 ‖Δρ‖ = 5.983443605537625e-7  ‖vε - vref‖ = 0.03922183272639075  α = 0.00176
 76   -21.48155765225      -12.35       -4.44    7.37s
    ‖ρε - ρref‖ = 9.249641644800093e-6 ‖Δρ‖ = 8.785486195097996e-6  ‖vε - vref‖ = 0.039247398066301765  α = 8.71e-5
 77   -21.48155765225      -12.37       -5.44    7.35s
    ‖ρε - ρref‖ = 2.330923021054648e-6 ‖Δρ‖ = 8.271245342161328e-7  ‖vε - vref‖ = 0.03925942328555019  α = 0.000903
 78   -21.48155765225      -12.76       -5.06    7.36s
    ‖ρε - ρref‖ = 3.120501471440561e-6 ‖Δρ‖ = 2.674243154375379e-6  ‖vε - vref‖ = 0.03925984877359226  α = 0.000168
 79   -21.48155765225      -12.39       -5.60    13.1s
    ‖ρε - ρref‖ = 2.1328387238888896e-6 ‖Δρ‖ = 6.192892700641102e-7  ‖vε - vref‖ = 0.039252658026355775  α = 0.00117
 80   -21.48155765225      -12.04       -5.54    7.49s
    ‖ρε - ρref‖ = 2.2299133632427036e-6 ‖Δρ‖ = 5.535290590589537e-7  ‖vε - vref‖ = 0.03926613536559791  α = 0.00197
 81   -21.48155765225      -12.39       -5.25    7.38s
    ‖ρε - ρref‖ = 2.514218726247214e-6 ‖Δρ‖ = 1.3313551593822253e-6  ‖vε - vref‖ = 0.03927209217050571  α = 0.000554
 82   -21.48155765225      -12.64       -5.31    7.32s
    ‖ρε - ρref‖ = 2.6351372724564013e-6 ‖Δρ‖ = 1.4628913178702863e-6  ‖vε - vref‖ = 0.0392781781431287  α = 0.000369
 83   -21.48155765225      -11.88       -5.50    7.37s
    ‖ρε - ρref‖ = 2.180698579946238e-6 ‖Δρ‖ = 5.399788085045303e-7  ‖vε - vref‖ = 0.039298992454854575  α = 0.00241
 84   -21.48155765225      -13.60       -4.79    7.92s
    ‖ρε - ρref‖ = 1.0028900936070321e-5 ‖Δρ‖ = 8.184778300856755e-6  ‖vε - vref‖ = 0.039301097365104155  α = 2.27e-5
 85   -21.48155765225      -12.34       -5.56    13.8s
    ‖ρε - ρref‖ = 2.1807243621320806e-6 ‖Δρ‖ = 6.323186685221557e-7  ‖vε - vref‖ = 0.03929040552086609  α = 0.00122
 86   -21.48155765225      -12.37       -5.46    7.31s
    ‖ρε - ρref‖ = 2.2564172952779355e-6 ‖Δρ‖ = 7.504789113194547e-7  ‖vε - vref‖ = 0.03927809869424607  α = 0.000995
 87   -21.48155765225      -12.55       -5.50    7.36s
    ‖ρε - ρref‖ = 2.1577141356164814e-6 ‖Δρ‖ = 7.847667806855098e-7  ‖vε - vref‖ = 0.03926241407705373  α = 0.000796
 88   -21.48155765225      -12.79       -4.83    7.29s
    ‖ρε - ρref‖ = 4.825759367928248e-6 ‖Δρ‖ = 4.619129947252553e-6  ‖vε - vref‖ = 0.03925157922559215  α = 9.41e-5
 89   -21.48155765226      -12.42       -5.41    7.37s
    ‖ρε - ρref‖ = 2.4177594756889957e-6 ‖Δρ‖ = 8.741117066467501e-7  ‖vε - vref‖ = 0.03925425560340357  α = 0.000809
 90   -21.48155765226      -12.80       -5.48    13.1s
    ‖ρε - ρref‖ = 2.538844351093903e-6 ‖Δρ‖ = 9.985168635314288e-7  ‖vε - vref‖ = 0.03925748155427597  α = 0.000428
 91   -21.48155765226      -12.34       -5.12    7.40s
    ‖ρε - ρref‖ = 2.6573339949772145e-6 ‖Δρ‖ = 1.5641130356786984e-6  ‖vε - vref‖ = 0.03925676113405169  α = 0.000499
 92   -21.48155765226      -12.45       -5.67    7.41s
    ‖ρε - ρref‖ = 2.1312892444812174e-6 ‖Δρ‖ = 4.6188349790029786e-7  ‖vε - vref‖ = 0.03923603940635054  α = 0.00151
 93   -21.48155765226      -12.31       -5.65    7.37s
    ‖ρε - ρref‖ = 2.2098210719613336e-6 ‖Δρ‖ = 4.6633858016111145e-7  ‖vε - vref‖ = 0.03921905038617218  α = 0.00172
 94   -21.48155765226      -12.46       -5.20    7.28s
    ‖ρε - ρref‖ = 2.5727851457372443e-6 ‖Δρ‖ = 1.5313659845222125e-6  ‖vε - vref‖ = 0.03920021243774558  α = 0.000436
 95   -21.48155765226      -12.57       -5.23    13.6s
    ‖ρε - ρref‖ = 2.7494005667184076e-6 ‖Δρ‖ = 1.5089210851865467e-6  ‖vε - vref‖ = 0.03918735296469737  α = 0.000381
 96   -21.48155765226      -13.50       -5.00    7.44s
    ‖ρε - ρref‖ = 3.6995475477505696e-6 ‖Δρ‖ = 5.223268639027236e-6  ‖vε - vref‖ = 0.03918436719447703  α = 2.52e-5
 97   -21.48155765226      -12.47       -5.62    7.35s
    ‖ρε - ρref‖ = 2.2168506603634835e-6 ‖Δρ‖ = 4.802858207059701e-7  ‖vε - vref‖ = 0.03917021042482366  α = 0.00144
 98   -21.48155765226      -12.38       -5.52    7.35s
    ‖ρε - ρref‖ = 2.2499829729700206e-6 ‖Δρ‖ = 6.156239380808647e-7  ‖vε - vref‖ = 0.039154786899894795  α = 0.00121
 99   -21.48155765226      -12.57       -5.72    7.41s
    ‖ρε - ρref‖ = 2.1682645668702447e-6 ‖Δρ‖ = 4.1497798004273684e-7  ‖vε - vref‖ = 0.03913420938234561  α = 0.00148
 100   -21.48155765226      -13.03       -4.89    13.3s
    ‖ρε - ρref‖ = 4.607177441655827e-6 ‖Δρ‖ = 4.048978176340967e-6  ‖vε - vref‖ = 0.039129828407383604  α = 7.76e-5
 101   -21.48155765226      -12.89       -5.64    7.42s
    ‖ρε - ρref‖ = 2.1291196804107723e-6 ‖Δρ‖ = 6.154594294205265e-7  ‖vε - vref‖ = 0.03911467963698788  α = 0.000646
 102   -21.48155765226      -12.57       -5.72    7.35s
    ‖ρε - ρref‖ = 2.1494638579416973e-6 ‖Δρ‖ = 4.1371891382317897e-7  ‖vε - vref‖ = 0.039097361288663326  α = 0.00142
 103   -21.48155765226      -12.42       -4.87    7.41s
    ‖ρε - ρref‖ = 3.7151089493972538e-6 ‖Δρ‖ = 2.69558481803424e-6  ‖vε - vref‖ = 0.03907460156695541  α = 0.000247
 104   -21.48155765226      -12.77       -5.51    7.31s
    ‖ρε - ρref‖ = 2.172344209036345e-6 ‖Δρ‖ = 7.264692549643942e-7  ‖vε - vref‖ = 0.03905605164813532  α = 0.000676
 105   -21.48155765226      -12.59       -5.83    13.2s
    ‖ρε - ρref‖ = 2.1542319027565317e-6 ‖Δρ‖ = 2.825584684900593e-7  ‖vε - vref‖ = 0.03903495851334858  α = 0.00209
 106   -21.48155765226      -13.05       -5.80    7.42s
    ‖ρε - ρref‖ = 2.2186162316674975e-6 ‖Δρ‖ = 4.2092534134523113e-7  ‖vε - vref‖ = 0.039032057088210934  α = 0.000758
 107   -21.48155765226      -13.17       -5.43    7.43s
    ‖ρε - ρref‖ = 1.8599727213435966e-6 ‖Δρ‖ = 9.924534540279688e-7  ‖vε - vref‖ = 0.039025104238296436  α = 0.000304
 108   -21.48155765226      -13.15       -4.56    7.30s
    ‖ρε - ρref‖ = 8.952044322575373e-6 ‖Δρ‖ = 7.613512861857757e-6  ‖vε - vref‖ = 0.03902186056847969  α = 3.64e-5
 109   -21.48155765226      -12.87       -5.60    7.39s
    ‖ρε - ρref‖ = 2.1518739144751915e-6 ‖Δρ‖ = 5.620759155255799e-7  ‖vε - vref‖ = 0.039010191523368425  α = 0.000738
 110   -21.48155765226      -12.79       -5.80    13.5s
    ‖ρε - ρref‖ = 2.1846402030017835e-6 ‖Δρ‖ = 3.2517762125032053e-7  ‖vε - vref‖ = 0.03900226449100142  α = 0.00141
 111   -21.48155765226      -12.96       -5.89    7.43s
    ‖ρε - ρref‖ = 2.167564967039561e-6 ‖Δρ‖ = 2.6689526340302776e-7  ‖vε - vref‖ = 0.03899364490789665  α = 0.00165
 112   -21.48155765226      -13.19       -5.04    7.34s
    ‖ρε - ρref‖ = 3.3963796650691166e-6 ‖Δρ‖ = 2.6952861290576675e-6  ‖vε - vref‖ = 0.038987747990885425  α = 9.13e-5
 113   -21.48155765226      -12.68       -5.49    7.44s
    ‖ρε - ρref‖ = 2.1699495669615486e-6 ‖Δρ‖ = 5.83818348978667e-7  ‖vε - vref‖ = 0.038963101321916264  α = 0.000898
 114   -21.48155765226      -13.27       -5.84    7.38s
    ‖ρε - ρref‖ = 2.1456664344911995e-6 ‖Δρ‖ = 4.080978273534105e-7  ‖vε - vref‖ = 0.0389564433014996  α = 0.000589
 115   -21.48155765226      -13.60       -5.52    13.5s
    ‖ρε - ρref‖ = 2.1266876056443076e-6 ‖Δρ‖ = 8.721823775373895e-7  ‖vε - vref‖ = 0.03895089166315816  α = 0.00027
 116   -21.48155765226      -12.84       -5.63    7.43s
    ‖ρε - ρref‖ = 2.2573574479196424e-6 ‖Δρ‖ = 4.5998757385265477e-7  ‖vε - vref‖ = 0.0389502592788321  α = 0.000924
 117   -21.48155765226      -13.00       -5.89    7.40s
    ‖ρε - ρref‖ = 2.166687932595061e-6 ‖Δρ‖ = 2.876595546128826e-7  ‖vε - vref‖ = 0.03894857333705751  α = 0.00124
 118   -21.48155765226      -12.91       -5.97    7.37s
    ‖ρε - ρref‖ = 2.140204763539494e-6 ‖Δρ‖ = 2.13710884150743e-7  ‖vε - vref‖ = 0.038939979674022136  α = 0.00198
 119   -21.48155765226      -13.85       -5.36    7.36s
    ‖ρε - ρref‖ = 3.7125149197751788e-6 ‖Δρ‖ = 1.8104819646229456e-6  ‖vε - vref‖ = 0.03894043800206654  α = 6.2e-5
 120   -21.48155765226      -13.11       -5.11    7.49s
    ‖ρε - ρref‖ = 2.5551153442600638e-6 ‖Δρ‖ = 1.983618868644972e-6  ‖vε - vref‖ = 0.03893341243513599  α = 0.000146
 121   -21.48155765226      -13.17       -5.50    13.7s
    ‖ρε - ρref‖ = 2.192885737960093e-6 ‖Δρ‖ = 7.457416251844178e-7  ‖vε - vref‖ = 0.03892389093746356  α = 0.000418
 122   -21.48155765226      -12.91       -6.02    7.52s
    ‖ρε - ρref‖ = 2.1309911266433844e-6 ‖Δρ‖ = 1.872360594652057e-7  ‖vε - vref‖ = 0.03891040466379903  α = 0.00214
 123   -21.48155765226      -13.02       -5.78    7.42s
    ‖ρε - ρref‖ = 2.194006214526854e-6 ‖Δρ‖ = 3.471098707521894e-7  ‖vε - vref‖ = 0.03890350674181609  α = 0.00112
 124   -21.48155765226      -13.50       -5.37    7.48s
    ‖ρε - ρref‖ = 2.5980216896503864e-6 ‖Δρ‖ = 1.3896423440213858e-6  ‖vε - vref‖ = 0.03890273343824438  α = 0.000133
 125   -21.48155765226      -12.88       -5.37    7.32s
    ‖ρε - ρref‖ = 2.243475476583613e-6 ‖Δρ‖ = 8.598863679541563e-7  ‖vε - vref‖ = 0.03889118257770537  α = 0.000468
 126   -21.48155765226      -13.15       -6.16    13.6s
    ‖ρε - ρref‖ = 2.1347664798845573e-6 ‖Δρ‖ = 1.418678708526807e-7  ‖vε - vref‖ = 0.03888936149500748  α = 0.00247
 127   -21.48155765226      -13.34       -5.37    7.42s
    ‖ρε - ρref‖ = 2.5775465547316323e-6 ‖Δρ‖ = 1.1840298746579445e-6  ‖vε - vref‖ = 0.03888913121084016  α = 0.000182
 128   -21.48155765226      -13.22       -5.74    7.43s
    ‖ρε - ρref‖ = 2.150052352830228e-6 ‖Δρ‖ = 4.280075040321585e-7  ‖vε - vref‖ = 0.038887658788283715  α = 0.000694
 129   -21.48155765226      -12.86       -5.81    7.39s
    ‖ρε - ρref‖ = 2.211017779580744e-6 ‖Δρ‖ = 3.11202528862278e-7  ‖vε - vref‖ = 0.038892128964003674  α = 0.00124
 130   -21.48155765226      -13.09       -5.82    7.39s
    ‖ρε - ρref‖ = 2.1400878214503215e-6 ‖Δρ‖ = 3.500313155479628e-7  ‖vε - vref‖ = 0.038884245550491796  α = 0.000947
 131   -21.48155765226      -14.15       -5.49    15.8s
    ‖ρε - ρref‖ = 1.1207420841366585e-6 ‖Δρ‖ = 1.681459226336376e-6  ‖vε - vref‖ = 0.03888403400375974  α = 5.25e-6
 132   -21.48155765226      -12.92       -5.68    7.51s
    ‖ρε - ρref‖ = 2.184249915433961e-6 ‖Δρ‖ = 4.0397393850792164e-7  ‖vε - vref‖ = 0.03887375487690569  α = 0.00107
 133   -21.48155765226      -13.34       -5.40    7.34s
    ‖ρε - ρref‖ = 2.4144096007070898e-6 ‖Δρ‖ = 1.0751236720372493e-6  ‖vε - vref‖ = 0.03887141677451122  α = 0.000234
 134   -21.48155765226      -13.17       -6.07    7.41s
    ‖ρε - ρref‖ = 2.1386226827914245e-6 ‖Δρ‖ = 1.9597602748464245e-7  ‖vε - vref‖ = 0.03886907751740165  α = 0.0015
 135   -21.48155765226      -12.77       -5.83    7.27s
    ‖ρε - ρref‖ = 2.147402088425128e-6 ‖Δρ‖ = 2.6773555293554127e-7  ‖vε - vref‖ = 0.03886477843664395  α = 0.0017
 136   -21.48155765226      -13.85       -5.40    13.6s
    ‖ρε - ρref‖ = 2.5639116775453097e-6 ‖Δρ‖ = 1.4747248910576878e-6  ‖vε - vref‖ = 0.038863649289991746  α = 9.18e-5
 137   -21.48155765226      -13.15       -5.78    7.32s
    ‖ρε - ρref‖ = 2.203122996348323e-6 ‖Δρ‖ = 3.740203778927519e-7  ‖vε - vref‖ = 0.0388669210252627  α = 0.000948
 138   -21.48155765226      -12.72       -5.67    7.39s
    ‖ρε - ρref‖ = 2.1551408439294784e-6 ‖Δρ‖ = 3.8264340278358245e-7  ‖vε - vref‖ = 0.03886657782492461  α = 0.00126
 139   -21.48155765226      -13.45       -5.72    7.37s
    ‖ρε - ρref‖ = 2.162336585418457e-6 ‖Δρ‖ = 6.028052101267019e-7  ‖vε - vref‖ = 0.03886672649198553  α = 0.000311
 140   -21.48155765226      -13.09       -5.55    7.33s
    ‖ρε - ρref‖ = 2.3323269602365315e-6 ‖Δρ‖ = 6.514826695048158e-7  ‖vε - vref‖ = 0.0388694875110093  α = 0.000494
 141   -21.48155765226      -13.09       -6.06    13.9s
    ‖ρε - ρref‖ = 2.110839703714481e-6 ‖Δρ‖ = 1.9648643592532483e-7  ‖vε - vref‖ = 0.038861105341980715  α = 0.00168
 142   -21.48155765226      -13.75       -5.26    66.5s
    ‖ρε - ρref‖ = 1.7280531645368763e-6 ‖Δρ‖ = 2.998173507594851e-6  ‖vε - vref‖ = 0.038861041875705916  α = 8.21e-7
 143   -21.48155765226      -13.07       -5.45    7.41s
    ‖ρε - ρref‖ = 2.308315426603046e-6 ‖Δρ‖ = 6.989795155622321e-7  ‖vε - vref‖ = 0.03885565888498006  α = 0.000501
 144   -21.48155765226      -13.45       -5.78    7.41s
    ‖ρε - ρref‖ = 2.16651799506921e-6 ‖Δρ‖ = 4.4144001621455204e-7  ‖vε - vref‖ = 0.03885499233792516  α = 0.000495
 145   -21.48155765226      -13.67       -5.67    7.55s
    ‖ρε - ρref‖ = 2.1886364728672557e-6 ‖Δρ‖ = 5.435590701822051e-7  ‖vε - vref‖ = 0.03885496448336413  α = 0.00041
 146   -21.48155765226      -13.17       -6.05    14.1s
    ‖ρε - ρref‖ = 2.1817850341449787e-6 ‖Δρ‖ = 1.843666200478251e-7  ‖vε - vref‖ = 0.03886536745938977  α = 0.0015
 147   -21.48155765226      -13.60       -5.95    7.43s
    ‖ρε - ρref‖ = 2.1429735316658893e-6 ‖Δρ‖ = 2.956758599600305e-7  ‖vε - vref‖ = 0.038865754978824746  α = 0.000637
 148   -21.48155765226      -13.67       -5.21    7.30s
    ‖ρε - ρref‖ = 2.667676502760071e-6 ‖Δρ‖ = 1.6184009915106744e-6  ‖vε - vref‖ = 0.038867339455151785  α = 0.000115
 149   -21.48155765226      -13.17       -6.07    7.37s
    ‖ρε - ρref‖ = 2.1184972143194385e-6 ‖Δρ‖ = 1.6316925492493763e-7  ‖vε - vref‖ = 0.038862151751330974  α = 0.00187
 150   -21.48155765226      -13.34       -5.80    7.34s
    ‖ρε - ρref‖ = 2.1746266947485323e-6 ‖Δρ‖ = 3.436596343248369e-7  ‖vε - vref‖ = 0.03886314303662018  α = 0.000687
 151   -21.48155765226      -13.97       -5.74    13.6s
    ‖ρε - ρref‖ = 2.3015953809285644e-6 ‖Δρ‖ = 5.81530944080067e-7  ‖vε - vref‖ = 0.03886382393053675  α = 0.000188
 152   -21.48155765226      -13.34       -5.99    7.42s
    ‖ρε - ρref‖ = 2.1272342274138886e-6 ‖Δρ‖ = 2.0745388107260993e-7  ‖vε - vref‖ = 0.038864049852827716  α = 0.00115
 153   -21.48155765226      -14.15       -5.09    7.42s
    ‖ρε - ρref‖ = 3.0434097101679165e-6 ‖Δρ‖ = 4.534925671853063e-6  ‖vε - vref‖ = 0.03886210461636172  α = 2.0e-5
 154   -21.48155765226      -13.41       -6.02    7.43s
    ‖ρε - ρref‖ = 2.165122948138754e-6 ‖Δρ‖ = 2.0522239090937245e-7  ‖vε - vref‖ = 0.038863882129632536  α = 0.00105
 155   -21.48155765226      -13.45       -5.97    7.32s
    ‖ρε - ρref‖ = 2.1185752577931734e-6 ‖Δρ‖ = 2.2301990386201576e-7  ‖vε - vref‖ = 0.03886655216432912  α = 0.00113
 156   -21.48155765226      -13.17       -5.57    13.6s
    ‖ρε - ρref‖ = 2.2299742380484767e-6 ‖Δρ‖ = 5.804237614947438e-7  ‖vε - vref‖ = 0.038870533732098284  α = 0.000419
 157   -21.48155765226      -14.15       -5.77    7.48s
    ‖ρε - ρref‖ = 2.258762763779947e-6 ‖Δρ‖ = 4.882745262828902e-7  ‖vε - vref‖ = 0.038874471374279955  α = 0.000325
 158   -21.48155765226      -13.17       -6.35    7.37s
    ‖ρε - ρref‖ = 2.1346319463272426e-6 ‖Δρ‖ = 7.313603549728486e-8  ‖vε - vref‖ = 0.038884993399237094  α = 0.00434
 159   -21.48155765226      -13.50       -5.27    7.36s
    ‖ρε - ρref‖ = 2.744898522833549e-6 ‖Δρ‖ = 1.6605895677546612e-6  ‖vε - vref‖ = 0.038887441037453375  α = 7.45e-5
 160   -21.48155765226      -13.22       -6.03    7.36s
    ‖ρε - ρref‖ = 2.136637442575521e-6 ‖Δρ‖ = 1.8585531194158007e-7  ‖vε - vref‖ = 0.0388910195548694  α = 0.00156
 161   -21.48155765226      -13.45       -5.87    13.4s
    ‖ρε - ρref‖ = 2.1493416446101816e-6 ‖Δρ‖ = 2.7792448476872216e-7  ‖vε - vref‖ = 0.03889365555968858  α = 0.000875
 162   -21.48155765226      -13.60       -5.86    7.37s
    ‖ρε - ρref‖ = 2.201362509257197e-6 ‖Δρ‖ = 3.8137227934648554e-7  ‖vε - vref‖ = 0.03889471494163268  α = 0.000401
 163   -21.48155765226      -13.37       -5.53    7.42s
    ‖ρε - ρref‖ = 2.142210712343451e-6 ‖Δρ‖ = 6.104462990520111e-7  ‖vε - vref‖ = 0.038895740918552794  α = 0.000362
 164   -21.48155765226      -14.15       -6.13    7.37s
    ‖ρε - ρref‖ = 2.0841701817574575e-6 ‖Δρ‖ = 1.8143853762482333e-7  ‖vε - vref‖ = 0.03889836742982453  α = 0.000776
 165   -21.48155765226      -13.67       -4.89    7.33s
    ‖ρε - ρref‖ = 5.1862450710253815e-6 ‖Δρ‖ = 3.4734517071177767e-6  ‖vε - vref‖ = 0.038902264659856314  α = 3.42e-5
 166   -21.48155765226      -13.37       -6.11    7.32s
    ‖ρε - ρref‖ = 2.120902200474781e-6 ‖Δρ‖ = 1.6219716433411764e-7  ‖vε - vref‖ = 0.03890386695536446  α = 0.00115
 167   -21.48155765226      -13.97       -6.29    63.7s
    ‖ρε - ρref‖ = 2.1486235555650223e-6 ‖Δρ‖ = 1.1422914263332286e-7  ‖vε - vref‖ = 0.03890386727984684  α = 1.95e-7
 168   -21.48155765226   +    -Inf       -5.76    19.6s
    ‖ρε - ρref‖ = 2.172309363089808e-6 ‖Δρ‖ = 4.0731890254781677e-7  ‖vε - vref‖ = 0.038903867279991323  α = 0.0
 169   -21.48155765226   +  -14.15       -6.25    25.8s
    ‖ρε - ρref‖ = 2.20863696217319e-6 ‖Δρ‖ = 1.5880800697049461e-7  ‖vε - vref‖ = 0.03890386728206035  α = 0.0
    Stopping to avoid numerical instabilities.
 170   -21.48155765226   +  -14.15       -6.25    7.09s
    ‖ρε - ρref‖ = 2.208578197412211e-6 ‖Δρ‖ = 1.5880577892954435e-7  ‖vε - vref‖ = 0.038905150497623955  α = 0.000681

#-- ‖ρε - ρref‖ = 2.1344012498770578e-6 vs. 7.49894209332456e-9 = δ*ε ‖vε - vref‖ = 0.0389046443454845


# --- ε=5.62341325190349e-7

n     Energy            log10(ΔE)   log10(Δρ)   Δtime 
---   ---------------   ---------   ---------   ------
  1   -21.48155623400                   -1.26    11.5s
    ‖ρε - ρref‖ = 0.03478608972182837 ‖Δρ‖ = 0.034784729458822945  ‖vε - vref‖ = 0.5581248309642816  α = 1.4e-5
  2   -21.48155626834       -7.46       -2.33    7.02s
    ‖ρε - ρref‖ = 0.0018813105615460536 ‖Δρ‖ = 0.0018809373013839801  ‖vε - vref‖ = 0.3976902823861939  α = 9.34e-5
  3   -21.48155628280       -7.84       -2.56    7.16s
    ‖ρε - ρref‖ = 0.0009674024771835996 ‖Δρ‖ = 0.0009670475402122082  ‖vε - vref‖ = 0.3245664873331925  α = 0.000121
  4   -21.48155629257       -8.01       -2.56    12.2s
    ‖ρε - ρref‖ = 0.0010352173698057324 ‖Δρ‖ = 0.001034899038708591  ‖vε - vref‖ = 0.2499173734091491  α = 9.11e-5
  5   -21.48155630073       -8.09       -3.15    7.16s
    ‖ρε - ρref‖ = 0.00018521839549513508 ‖Δρ‖ = 0.00018491911941108323  ‖vε - vref‖ = 0.1803108687189142  α = 0.000494
  6   -21.48155630301       -8.64       -3.21    7.24s
    ‖ρε - ρref‖ = 0.00019758390225121434 ‖Δρ‖ = 0.00019741088296277226  ‖vε - vref‖ = 0.15395210215123584  α = 0.000237
  7   -21.48155630517       -8.67       -3.32    7.30s
    ‖ρε - ρref‖ = 0.00012301217968527784 ‖Δρ‖ = 0.00012287271242299492  ‖vε - vref‖ = 0.1261613638997056  α = 0.000383
  8   -21.48155630676       -8.80       -3.71    7.29s
    ‖ρε - ρref‖ = 4.664091555579474e-5 ‖Δρ‖ = 4.648419110788231e-5  ‖vε - vref‖ = 0.10176043253237564  α = 0.000864
  9   -21.48155630764       -9.06       -3.77    7.36s
    ‖ρε - ρref‖ = 3.900241002564205e-5 ‖Δρ‖ = 3.890684423207814e-5  ‖vε - vref‖ = 0.08569324940268484  α = 0.000772
 10   -21.48155630812       -9.32       -3.86    13.5s
    ‖ρε - ρref‖ = 3.268026706635762e-5 ‖Δρ‖ = 3.253544804686265e-5  ‖vε - vref‖ = 0.07603280521346449  α = 0.000686
 11   -21.48155630856       -9.36       -3.93    7.43s
    ‖ρε - ρref‖ = 2.548906594237875e-5 ‖Δρ‖ = 2.538113593303444e-5  ‖vε - vref‖ = 0.06643292433484255  α = 0.000847
 12   -21.48155630862      -10.27       -4.07    7.35s
    ‖ρε - ρref‖ = 3.398079304137724e-5 ‖Δρ‖ = 3.2735231072063e-5  ‖vε - vref‖ = 0.0661023125194404  α = 0.000187
 13   -21.48155630887       -9.59       -3.08    7.43s
    ‖ρε - ρref‖ = 0.00018916481034606948 ‖Δρ‖ = 0.00018949943154227678  ‖vε - vref‖ = 0.05962357580528603  α = 8.37e-5
 14   -21.48155630903       -9.81       -3.94    7.35s
    ‖ρε - ρref‖ = 3.0086887675143554e-5 ‖Δρ‖ = 3.018756054696244e-5  ‖vε - vref‖ = 0.05629004706025527  α = 0.000408
 15   -21.48155630917       -9.83       -3.35    13.6s
    ‖ρε - ρref‖ = 0.00011557359752124682 ‖Δρ‖ = 0.00011547772121907394  ‖vε - vref‖ = 0.05248954342523992  α = 0.000104
 16   -21.48155630924      -10.21       -3.61    7.49s
    ‖ρε - ρref‖ = 8.090914462975482e-5 ‖Δρ‖ = 8.069598993583578e-5  ‖vε - vref‖ = 0.05070482552131631  α = 9.19e-5
 17   -21.48155630942       -9.74       -4.14    7.46s
    ‖ρε - ρref‖ = 1.5656009734042352e-5 ‖Δρ‖ = 1.5446495852475535e-5  ‖vε - vref‖ = 0.04595682058156501  α = 0.000895
 18   -21.48155630947      -10.26       -4.19    7.28s
    ‖ρε - ρref‖ = 1.8711629723585794e-5 ‖Δρ‖ = 1.881782206242781e-5  ‖vε - vref‖ = 0.04456688882686669  α = 0.000387
 19   -21.48155630958       -9.98       -4.03    7.32s
    ‖ρε - ρref‖ = 2.0982488688836796e-5 ‖Δρ‖ = 2.102808809961771e-5  ‖vε - vref‖ = 0.041898389390878366  α = 0.000491
 20   -21.48155630967      -10.05       -3.99    13.6s
    ‖ρε - ρref‖ = 2.3763986694127545e-5 ‖Δρ‖ = 2.3481417299993698e-5  ‖vε - vref‖ = 0.03943784078708942  α = 0.000402
 21   -21.48155630977       -9.97       -4.66    7.37s
    ‖ρε - ρref‖ = 4.4736626005581455e-6 ‖Δρ‖ = 4.0600406047906015e-6  ‖vε - vref‖ = 0.03712858289071649  α = 0.0026
 22   -21.48155630982      -10.35       -4.29    7.47s
    ‖ρε - ρref‖ = 1.2108510319159331e-5 ‖Δρ‖ = 1.2162987988406439e-5  ‖vε - vref‖ = 0.035917362621098556  α = 0.000544
 23   -21.48155630986      -10.39       -4.51    7.38s
    ‖ρε - ρref‖ = 6.435913765098417e-6 ‖Δρ‖ = 6.189930887641444e-6  ‖vε - vref‖ = 0.03504114715544259  α = 0.00106
 24   -21.48155630988      -10.73       -4.44    7.38s
    ‖ρε - ρref‖ = 8.337957763611282e-6 ‖Δρ‖ = 8.848215566786388e-6  ‖vε - vref‖ = 0.03491465719984613  α = 0.000459
 25   -21.48155630989      -10.90       -3.32    7.34s
    ‖ρε - ρref‖ = 0.00013249060139844488 ‖Δρ‖ = 0.0001314819659806076  ‖vε - vref‖ = 0.03445303515403958  α = 2.37e-5
 26   -21.48155630992      -10.61       -4.51    14.0s
    ‖ρε - ρref‖ = 6.487126223656981e-6 ‖Δρ‖ = 6.281268585880447e-6  ‖vε - vref‖ = 0.03402053004975133  α = 0.00081
 27   -21.48155630992      -11.55       -4.24    7.36s
    ‖ρε - ρref‖ = 2.0586668089313007e-5 ‖Δρ‖ = 2.0698243096516462e-5  ‖vε - vref‖ = 0.03395341630041088  α = 7.73e-5
 28   -21.48155630992      -11.17       -4.53    7.35s
    ‖ρε - ρref‖ = 8.413403586881058e-6 ‖Δρ‖ = 8.447828263054846e-6  ‖vε - vref‖ = 0.03392812393127086  α = 0.000295
 29   -21.48155630995      -10.65       -4.12    7.36s
    ‖ρε - ρref‖ = 1.4746451907234252e-5 ‖Δρ‖ = 1.4587153968686624e-5  ‖vε - vref‖ = 0.03361787233837218  α = 0.000324
 30   -21.48155630996      -10.84       -4.45    7.40s
    ‖ρε - ρref‖ = 7.475464480124298e-6 ‖Δρ‖ = 7.175665321396789e-6  ‖vε - vref‖ = 0.03351743712464021  α = 0.000539
 31   -21.48155630996      -11.55       -4.78    13.6s
    ‖ρε - ρref‖ = 5.28099366680608e-6 ‖Δρ‖ = 5.1370059622662135e-6  ‖vε - vref‖ = 0.03349935297573225  α = 0.000319
 32   -21.48155630998      -10.86       -4.72    7.42s
    ‖ρε - ρref‖ = 3.7372860384072998e-6 ‖Δρ‖ = 3.5292780957687905e-6  ‖vε - vref‖ = 0.03349087825767631  α = 0.00107
 33   -21.48155630999      -11.11       -4.50    7.44s
    ‖ρε - ρref‖ = 7.278325033287725e-6 ‖Δρ‖ = 6.856735345823742e-6  ‖vε - vref‖ = 0.03353304708049139  α = 0.00041
 34   -21.48155631000      -10.93       -4.90    7.37s
    ‖ρε - ρref‖ = 2.712404025139163e-6 ‖Δρ‖ = 2.145846781144794e-6  ‖vε - vref‖ = 0.033628634688877494  α = 0.00164
 35   -21.48155631000      -11.50       -5.10    7.40s
    ‖ρε - ρref‖ = 2.4271484937565415e-6 ‖Δρ‖ = 1.9696909602071637e-6  ‖vε - vref‖ = 0.03366330297623577  α = 0.000892
 36   -21.48155631000      -11.88       -4.92    7.33s
    ‖ρε - ρref‖ = 4.773466754915863e-6 ‖Δρ‖ = 3.5425458775627236e-6  ‖vε - vref‖ = 0.033731729286530766  α = 0.000278
 37   -21.48155631000      -11.50       -3.80    13.6s
    ‖ρε - ρref‖ = 3.426950061588944e-5 ‖Δρ‖ = 3.4773767326719946e-5  ‖vε - vref‖ = 0.03374140859728732  α = 4.89e-5
 38   -21.48155631001      -11.37       -4.92    7.45s
    ‖ρε - ρref‖ = 2.7533144495218597e-6 ‖Δρ‖ = 2.3279075304294713e-6  ‖vε - vref‖ = 0.03381823825561949  α = 0.000901
 39   -21.48155631001      -12.15       -4.69    7.46s
    ‖ρε - ρref‖ = 6.966451787792673e-6 ‖Δρ‖ = 6.663763569907401e-6  ‖vε - vref‖ = 0.03384225028816815  α = 0.00012
 40   -21.48155631001      -11.60       -4.60    7.34s
    ‖ρε - ρref‖ = 5.926978165847819e-6 ‖Δρ‖ = 5.628977170228779e-6  ‖vε - vref‖ = 0.03391007195668251  α = 0.000281
 41   -21.48155631001      -11.94       -4.55    7.34s
    ‖ρε - ρref‖ = 8.191349498721893e-6 ‖Δρ‖ = 8.190929924564425e-6  ‖vε - vref‖ = 0.03394038355379063  α = 0.000123
 42   -21.48155631002      -11.71       -4.99    13.6s
    ‖ρε - ρref‖ = 2.9318831910024902e-6 ‖Δρ‖ = 2.248817405807043e-6  ‖vε - vref‖ = 0.03401907663315323  α = 0.000629
 43   -21.48155631002      -11.67       -5.22    7.38s
    ‖ρε - ρref‖ = 1.955074097211615e-6 ‖Δρ‖ = 1.1681879678127825e-6  ‖vε - vref‖ = 0.03409747343262106  α = 0.00126
 44   -21.48155631002      -12.00       -4.73    7.60s
    ‖ρε - ρref‖ = 4.77732026379802e-6 ‖Δρ‖ = 4.654740850890991e-6  ‖vε - vref‖ = 0.03412221984650371  α = 0.000213
 45   -21.48155631002      -11.78       -5.12    7.37s
    ‖ρε - ρref‖ = 2.1097981479319796e-6 ‖Δρ‖ = 1.5162287000307497e-6  ‖vε - vref‖ = 0.03418463525301695  α = 0.000871
 46   -21.48155631002      -11.84       -5.04    7.38s
    ‖ρε - ρref‖ = 2.6834634155200505e-6 ‖Δρ‖ = 1.8418230268781504e-6  ‖vε - vref‖ = 0.03428274835060791  α = 0.000661
 47   -21.48155631002      -12.02       -5.14    7.38s
    ‖ρε - ρref‖ = 2.1670717223854886e-6 ‖Δρ‖ = 1.548137079765159e-6  ‖vε - vref‖ = 0.034329788158660654  α = 0.000638
 48   -21.48155631002      -12.36       -5.27    14.1s
    ‖ρε - ρref‖ = 1.297905608663236e-6 ‖Δρ‖ = 1.5498702823035389e-6  ‖vε - vref‖ = 0.034354987116156664  α = 0.000371
 49   -21.48155631002      -12.10       -4.04    7.36s
    ‖ρε - ρref‖ = 2.1411600891451413e-5 ‖Δρ‖ = 2.0782539197570523e-5  ‖vε - vref‖ = 0.034391488963178465  α = 4.07e-5
 50   -21.48155631003      -11.65       -5.38    7.29s
    ‖ρε - ρref‖ = 1.7678767643654111e-6 ‖Δρ‖ = 6.804936841992909e-7  ‖vε - vref‖ = 0.034544514265702334  α = 0.00225
 51   -21.48155631003      -12.67       -4.99    7.34s
    ‖ρε - ρref‖ = 3.492983555753129e-6 ‖Δρ‖ = 3.2510346374233158e-6  ‖vε - vref‖ = 0.03455515308970612  α = 0.000138
 52   -21.48155631003      -12.42       -4.81    7.42s
    ‖ρε - ρref‖ = 4.385937656466071e-6 ‖Δρ‖ = 4.171410101507182e-6  ‖vε - vref‖ = 0.034580940880746945  α = 0.000147
 53   -21.48155631003      -12.53       -5.28    13.7s
    ‖ρε - ρref‖ = 2.3642109135136576e-6 ‖Δρ‖ = 1.533081968159739e-6  ‖vε - vref‖ = 0.034607160307445296  α = 0.000332
 54   -21.48155631003      -11.92       -4.88    7.38s
    ‖ρε - ρref‖ = 2.810887913742608e-6 ‖Δρ‖ = 2.3177310259259434e-6  ‖vε - vref‖ = 0.034703563332866214  α = 0.000479
 55   -21.48155631003      -12.19       -5.40    7.33s
    ‖ρε - ρref‖ = 1.8266690312180034e-6 ‖Δρ‖ = 8.27270472280846e-7  ‖vε - vref‖ = 0.034754070174055796  α = 0.000965
 56   -21.48155631003      -12.35       -5.24    7.41s
    ‖ρε - ρref‖ = 2.0488808338784386e-6 ‖Δρ‖ = 1.308018743574934e-6  ‖vε - vref‖ = 0.03478707939400871  α = 0.000505
 57   -21.48155631003      -12.34       -4.99    7.42s
    ‖ρε - ρref‖ = 2.6595752464062164e-6 ‖Δρ‖ = 2.2628900254639865e-6  ‖vε - vref‖ = 0.03481574432809699  α = 0.000303
 58   -21.48155631003      -12.10       -5.36    7.40s
    ‖ρε - ρref‖ = 1.7763491869629574e-6 ‖Δρ‖ = 7.900485661424467e-7  ‖vε - vref‖ = 0.03487665558956433  α = 0.00114
 59   -21.48155631003      -12.46       -5.48    14.1s
    ‖ρε - ρref‖ = 1.8709531121633811e-6 ‖Δρ‖ = 7.515011936744151e-7  ‖vε - vref‖ = 0.03492092287650409  α = 0.000804
 60   -21.48155631003      -13.00       -5.19    7.45s
    ‖ρε - ρref‖ = 3.523394265699271e-6 ‖Δρ‖ = 2.1883155891719117e-6  ‖vε - vref‖ = 0.0349363332417584  α = 0.000121
 61   -21.48155631003      -12.22       -4.41    7.30s
    ‖ρε - ρref‖ = 6.918685555199267e-6 ‖Δρ‖ = 7.2815924703020976e-6  ‖vε - vref‖ = 0.034975460085042855  α = 0.000103
 62   -21.48155631003      -12.55       -5.49    7.30s
    ‖ρε - ρref‖ = 1.762846629259165e-6 ‖Δρ‖ = 7.452779185711687e-7  ‖vε - vref‖ = 0.034999310580617046  α = 0.000715
 63   -21.48155631003      -12.50       -5.59    7.40s
    ‖ρε - ρref‖ = 1.7486165219626514e-6 ‖Δρ‖ = 5.959760123405291e-7  ‖vε - vref‖ = 0.03503989981772616  α = 0.000957
 64   -21.48155631003      -12.21       -4.46    13.6s
    ‖ρε - ρref‖ = 6.860692932141244e-6 ‖Δρ‖ = 6.656161606937691e-6  ‖vε - vref‖ = 0.035094090461904266  α = 0.000116
 65   -21.48155631003      -12.59       -5.26    7.43s
    ‖ρε - ρref‖ = 1.9095451973589633e-6 ‖Δρ‖ = 1.3674218535817304e-6  ‖vε - vref‖ = 0.03511503130297307  α = 0.000358
 66   -21.48155631003      -12.54       -4.94    7.39s
    ‖ρε - ρref‖ = 3.2040656790483335e-6 ‖Δρ‖ = 2.750671855813187e-6  ‖vε - vref‖ = 0.03514008159483098  α = 0.000195
 67   -21.48155631003      -12.44       -5.40    7.41s
    ‖ρε - ρref‖ = 1.8548429005888401e-6 ‖Δρ‖ = 8.271398907922464e-7  ‖vε - vref‖ = 0.035180335287999374  α = 0.000726
 68   -21.48155631003      -12.36       -5.46    7.35s
    ‖ρε - ρref‖ = 1.7894243897078758e-6 ‖Δρ‖ = 6.809256465581652e-7  ‖vε - vref‖ = 0.03523195728493447  α = 0.000994
 69   -21.48155631003      -12.72       -5.37    14.0s
    ‖ρε - ρref‖ = 1.9568883982702225e-6 ‖Δρ‖ = 1.117157355791947e-6  ‖vε - vref‖ = 0.035250368852550354  α = 0.00039
 70   -21.48155631003      -12.28       -5.17    7.44s
    ‖ρε - ρref‖ = 1.934333628673251e-6 ‖Δρ‖ = 1.2741352966225315e-6  ‖vε - vref‖ = 0.03528270035744369  α = 0.000566
 71   -21.48155631004      -12.57       -5.69    7.46s
    ‖ρε - ρref‖ = 1.6920657525837018e-6 ‖Δρ‖ = 4.663647642551753e-7  ‖vε - vref‖ = 0.03530754246507896  α = 0.00114
 72   -21.48155631004      -13.30       -5.17    7.32s
    ‖ρε - ρref‖ = 1.9952263744046286e-6 ‖Δρ‖ = 3.005141116265911e-6  ‖vε - vref‖ = 0.03530960562031129  α = 5.13e-5
 73   -21.48155631004      -12.25       -4.88    7.44s
    ‖ρε - ρref‖ = 3.125093324410635e-6 ‖Δρ‖ = 2.3946964469080966e-6  ‖vε - vref‖ = 0.03536869403415248  α = 0.000315
 74   -21.48155631004      -12.70       -5.50    7.36s
    ‖ρε - ρref‖ = 1.6676300320038909e-6 ‖Δρ‖ = 8.19053631741059e-7  ‖vε - vref‖ = 0.035380366511191884  α = 0.000541
 75   -21.48155631004      -12.28       -5.56    13.7s
    ‖ρε - ρref‖ = 1.7125709958488672e-6 ‖Δρ‖ = 5.209856393083689e-7  ‖vε - vref‖ = 0.03543342798038704  α = 0.00138
 76   -21.48155631004      -12.63       -4.51    7.39s
    ‖ρε - ρref‖ = 7.97397283006286e-6 ‖Δρ‖ = 7.654312405840919e-6  ‖vε - vref‖ = 0.03545940969812119  α = 6.18e-5
 77   -21.48155631004      -12.61       -5.49    7.42s
    ‖ρε - ρref‖ = 1.7849119872867778e-6 ‖Δρ‖ = 7.165272291826281e-7  ‖vε - vref‖ = 0.035478723248191686  α = 0.000697
 78   -21.48155631004      -13.02       -5.14    7.37s
    ‖ρε - ρref‖ = 2.529624140310578e-6 ‖Δρ‖ = 2.2612309484416524e-6  ‖vε - vref‖ = 0.03548269539548325  α = 0.000126
 79   -21.48155631004      -12.61       -5.64    7.35s
    ‖ρε - ρref‖ = 1.6173080060469576e-6 ‖Δρ‖ = 5.563080811700943e-7  ‖vε - vref‖ = 0.03548871179638291  α = 0.000865
 80   -21.48155631004      -12.27       -5.58    7.34s
    ‖ρε - ρref‖ = 1.6976844781290866e-6 ‖Δρ‖ = 4.937538060009706e-7  ‖vε - vref‖ = 0.03552490299575717  α = 0.00148
 81   -21.48155631004      -12.64       -5.31    14.0s
    ‖ρε - ρref‖ = 1.9725883303292915e-6 ‖Δρ‖ = 1.1550832257834275e-6  ‖vε - vref‖ = 0.0355413307453842  α = 0.000425
 82   -21.48155631004      -12.87       -5.37    7.36s
    ‖ρε - ρref‖ = 2.079377326350372e-6 ‖Δρ‖ = 1.2646920343250384e-6  ‖vε - vref‖ = 0.03555290933422053  α = 0.000286
 83   -21.48155631004      -12.09       -5.51    7.37s
    ‖ρε - ρref‖ = 1.667530060560527e-6 ‖Δρ‖ = 5.119571923296254e-7  ‖vε - vref‖ = 0.035611675286799815  α = 0.00176
 84   -21.48155631004      -13.75       -4.90    7.31s
    ‖ρε - ρref‖ = 7.900090270990746e-6 ‖Δρ‖ = 6.5188106167806405e-6  ‖vε - vref‖ = 0.03561422470301037  α = 1.79e-5
 85   -21.48155631004      -12.54       -5.57    7.30s
    ‖ρε - ρref‖ = 1.6662813573059835e-6 ‖Δρ‖ = 6.045507764565909e-7  ‖vε - vref‖ = 0.03562179277241864  α = 0.000898
 86   -21.48155631004      -12.54       -5.49    13.5s
    ‖ρε - ρref‖ = 1.7404204285684543e-6 ‖Δρ‖ = 7.020074751642535e-7  ‖vε - vref‖ = 0.03562722244276849  α = 0.000755
 87   -21.48155631004      -12.65       -5.53    7.53s
    ‖ρε - ρref‖ = 1.6477898502393602e-6 ‖Δρ‖ = 7.197844675661835e-7  ‖vε - vref‖ = 0.035625963848938264  α = 0.000638
 88   -21.48155631004      -13.05       -4.87    7.39s
    ‖ρε - ρref‖ = 4.381175773517336e-6 ‖Δρ‖ = 4.275595118144933e-6  ‖vε - vref‖ = 0.035623554207494426  α = 6.9e-5
 89   -21.48155631004      -12.61       -5.42    7.39s
    ‖ρε - ρref‖ = 1.927216908032943e-6 ‖Δρ‖ = 8.619408499292785e-7  ‖vε - vref‖ = 0.03564009547336084  α = 0.000594
 90   -21.48155631004      -12.91       -5.51    7.47s
    ‖ρε - ρref‖ = 1.990412432250047e-6 ‖Δρ‖ = 8.982225997320369e-7  ‖vε - vref‖ = 0.03564954484688769  α = 0.000368
 91   -21.48155631004      -12.51       -5.08    7.30s
    ‖ρε - ρref‖ = 2.3496968419854098e-6 ‖Δρ‖ = 1.723485874477414e-6  ‖vε - vref‖ = 0.035665482200667585  α = 0.000327
 92   -21.48155631004      -12.50       -5.69    14.3s
    ‖ρε - ρref‖ = 1.6125597472415423e-6 ‖Δρ‖ = 4.501943405632183e-7  ‖vε - vref‖ = 0.03566240353154125  α = 0.00117
 93   -21.48155631004      -12.41       -5.65    7.46s
    ‖ρε - ρref‖ = 1.6902978614776793e-6 ‖Δρ‖ = 4.604295735066416e-7  ‖vε - vref‖ = 0.035668013693501276  α = 0.00136
 94   -21.48155631004      -12.57       -5.19    7.36s
    ‖ρε - ρref‖ = 2.1761582343413423e-6 ‖Δρ‖ = 1.5478694268820795e-6  ‖vε - vref‖ = 0.03566539944866959  α = 0.000335
 95   -21.48155631004      -12.69       -5.22    7.34s
    ‖ρε - ρref‖ = 2.3565863404851877e-6 ‖Δρ‖ = 1.5832169549189664e-6  ‖vε - vref‖ = 0.035664363654544944  α = 0.000281
 96   -21.48155631004      -13.60       -5.05    7.51s
    ‖ρε - ρref‖ = 3.516013510653547e-6 ‖Δρ‖ = 4.703350473479837e-6  ‖vε - vref‖ = 0.03566268806969548  α = 2.05e-5
 97   -21.48155631004      -12.50       -5.56    13.9s
    ‖ρε - ρref‖ = 1.730579886099362e-6 ‖Δρ‖ = 5.54074428035414e-7  ‖vε - vref‖ = 0.03566360480069325  α = 0.00102
 98   -21.48155631004      -12.43       -5.48    7.54s
    ‖ρε - ρref‖ = 1.7673776803422156e-6 ‖Δρ‖ = 6.754498909399381e-7  ‖vε - vref‖ = 0.035664951830227956  α = 0.000908
 99   -21.48155631004      -12.57       -5.68    7.39s
    ‖ρε - ρref‖ = 1.6533819412550138e-6 ‖Δρ‖ = 4.4148867636300977e-7  ‖vε - vref‖ = 0.035655602839389317  α = 0.0012
 100   -21.48155631004      -13.19       -4.90    7.51s
    ‖ρε - ρref‖ = 4.484082548547683e-6 ‖Δρ‖ = 4.167507115427321e-6  ‖vε - vref‖ = 0.03565443765930852  α = 5.76e-5
 101   -21.48155631004      -12.91       -5.59    7.48s
    ‖ρε - ρref‖ = 1.6437530250439112e-6 ‖Δρ‖ = 6.902228299238362e-7  ‖vε - vref‖ = 0.03564414892760253  α = 0.000494
 102   -21.48155631004      -12.51       -5.66    7.41s
    ‖ρε - ρref‖ = 1.6462464012280815e-6 ‖Δρ‖ = 4.6036818905983735e-7  ‖vε - vref‖ = 0.03563575292436313  α = 0.00118
 103   -21.48155631004      -12.48       -4.80    14.1s
    ‖ρε - ρref‖ = 3.94582379715352e-6 ‖Δρ‖ = 3.334039612860844e-6  ‖vε - vref‖ = 0.035624960829717445  α = 0.000164
 104   -21.48155631004      -12.72       -5.45    7.54s
    ‖ρε - ρref‖ = 1.7146493565808966e-6 ‖Δρ‖ = 8.379507316919987e-7  ‖vε - vref‖ = 0.03561137076598865  α = 0.000516
 105   -21.48155631004      -12.54       -5.74    7.46s
    ‖ρε - ρref‖ = 1.6391322922703538e-6 ‖Δρ‖ = 3.438325719710104e-7  ‖vε - vref‖ = 0.035595601124304425  α = 0.00154
 106   -21.48155631004      -13.15       -5.76    7.40s
    ‖ρε - ρref‖ = 1.7096731933391367e-6 ‖Δρ‖ = 4.6002626597555614e-7  ‖vε - vref‖ = 0.03559374670453143  α = 0.000656
 107   -21.48155631004      -12.93       -5.32    7.39s
    ‖ρε - ρref‖ = 1.5257527279509758e-6 ‖Δρ‖ = 1.2224139767616764e-6  ‖vε - vref‖ = 0.035587760881952944  α = 0.00024
 108   -21.48155631004      -13.27       -4.51    13.7s
    ‖ρε - ρref‖ = 1.0281968503629353e-5 ‖Δρ‖ = 9.25491183096588e-6  ‖vε - vref‖ = 0.035585642368659465  α = 2.39e-5
 109   -21.48155631004      -12.82       -5.51    7.42s
    ‖ρε - ρref‖ = 1.6766458420433097e-6 ‖Δρ‖ = 6.860410414998855e-7  ‖vε - vref‖ = 0.03557573331514772  α = 0.000539
 110   -21.48155631004      -12.81       -5.72    7.43s
    ‖ρε - ρref‖ = 1.6821633309153006e-6 ‖Δρ‖ = 3.976104574732006e-7  ‖vε - vref‖ = 0.0355692436443162  α = 0.00103
 111   -21.48155631004      -12.78       -5.81    7.43s
    ‖ρε - ρref‖ = 1.6480394026458808e-6 ‖Δρ‖ = 3.0739556741568e-7  ‖vε - vref‖ = 0.03556001296661074  α = 0.00134
 112   -21.48155631004      -13.25       -5.02    7.48s
    ‖ρε - ρref‖ = 3.2952163546043254e-6 ‖Δρ‖ = 2.9318595189789144e-6  ‖vε - vref‖ = 0.03555437183049765  α = 7.12e-5
 113   -21.48155631004      -12.70       -5.37    7.38s
    ‖ρε - ρref‖ = 1.7251344070935776e-6 ‖Δρ‖ = 7.796938984802068e-7  ‖vε - vref‖ = 0.035529655725710395  α = 0.000598
 114   -21.48155631005      -13.07       -5.79    13.9s
    ‖ρε - ρref‖ = 1.6283588586057365e-6 ‖Δρ‖ = 4.445725914726829e-7  ‖vε - vref‖ = 0.03552242499232674  α = 0.000502
 115   -21.48155631005      -13.60       -5.43    7.37s
    ‖ρε - ρref‖ = 1.7304450232074997e-6 ‖Δρ‖ = 1.0517605347615773e-6  ‖vε - vref‖ = 0.03551705944668968  α = 0.0002
 116   -21.48155631005      -12.88       -5.51    7.36s
    ‖ρε - ρref‖ = 1.8079394454735443e-6 ‖Δρ‖ = 6.034793923787653e-7  ‖vε - vref‖ = 0.03551511530509972  α = 0.000614
 117   -21.48155631005      -13.05       -5.83    7.41s
    ‖ρε - ρref‖ = 1.6497556437821777e-6 ‖Δρ‖ = 3.3423413025767737e-7  ‖vε - vref‖ = 0.035511947402854  α = 0.000921
 118   -21.48155631005      -12.83       -5.90    7.32s
    ‖ρε - ρref‖ = 1.6179306256302434e-6 ‖Δρ‖ = 2.4710287193768593e-7  ‖vε - vref‖ = 0.03550073676317376  α = 0.0015
 119   -21.48155631005      -14.15       -5.36    7.29s
    ‖ρε - ρref‖ = 3.1151652958630133e-6 ‖Δρ‖ = 1.7327064605252922e-6  ‖vε - vref‖ = 0.035500829355928645  α = 5.89e-5
 120   -21.48155631005      -13.09       -4.98    14.0s
    ‖ρε - ρref‖ = 2.728196546790081e-6 ‖Δρ‖ = 2.690675945162657e-6  ‖vε - vref‖ = 0.03549233835536163  α = 9.03e-5
 121   -21.48155631005      -13.22       -5.44    7.41s
    ‖ρε - ρref‖ = 1.75168965606004e-6 ‖Δρ‖ = 8.786496005916183e-7  ‖vε - vref‖ = 0.03548236407216936  α = 0.000288
 122   -21.48155631005      -13.02       -5.97    7.48s
    ‖ρε - ρref‖ = 1.60147275371462e-6 ‖Δρ‖ = 2.0954165026415962e-7  ‖vε - vref‖ = 0.03546610789198211  α = 0.00162
 123   -21.48155631005      -12.89       -5.72    7.40s
    ‖ρε - ρref‖ = 1.6820197631378372e-6 ‖Δρ‖ = 3.877863031911653e-7  ‖vε - vref‖ = 0.035455984863640155  α = 0.000851
 124   -21.48155631005      -13.67       -5.37    7.35s
    ‖ρε - ρref‖ = 2.127124129249934e-6 ‖Δρ‖ = 1.343580749919885e-6  ‖vε - vref‖ = 0.0354542091167577  α = 0.000118
 125   -21.48155631005      -13.02       -5.25    13.9s
    ‖ρε - ρref‖ = 1.9018034555519441e-6 ‖Δρ‖ = 1.1475382917683759e-6  ‖vε - vref‖ = 0.03544072555900825  α = 0.000278
 126   -21.48155631005      -13.07       -6.13    7.40s
    ‖ρε - ρref‖ = 1.6050790336574544e-6 ‖Δρ‖ = 1.4711296157920072e-7  ‖vε - vref‖ = 0.0354356536324782  α = 0.00201
 127   -21.48155631005      -13.50       -5.37    7.39s
    ‖ρε - ρref‖ = 2.128119801134054e-6 ‖Δρ‖ = 1.1994713355278519e-6  ‖vε - vref‖ = 0.03543420099248027  α = 0.000139
 128   -21.48155631005      -13.37       -5.68    7.48s
    ‖ρε - ρref‖ = 1.6446091093595507e-6 ‖Δρ‖ = 4.904404496373724e-7  ‖vε - vref‖ = 0.03543030919128782  α = 0.000478
 129   -21.48155631005      -13.05       -5.79    7.33s
    ‖ρε - ρref‖ = 1.6891501838278564e-6 ‖Δρ‖ = 3.2895662547396844e-7  ‖vε - vref‖ = 0.035429273116421404  α = 0.000911
 130   -21.48155631005      -13.07       -5.78    7.35s
    ‖ρε - ρref‖ = 1.610966707179541e-6 ‖Δρ‖ = 3.6960997864796296e-7  ‖vε - vref‖ = 0.035418269869501605  α = 0.000716
 131   -21.48155631005      -14.15       -5.56    16.6s
    ‖ρε - ρref‖ = 8.502420995965537e-7 ‖Δρ‖ = 1.4028545131797743e-6  ‖vε - vref‖ = 0.035418057161520404  α = 4.74e-6
 132   -21.48155631005      -12.97       -5.53    7.43s
    ‖ρε - ρref‖ = 1.7226464377048204e-6 ‖Δρ‖ = 5.56552131362533e-7  ‖vε - vref‖ = 0.03540295036530995  α = 0.000616
 133   -21.48155631005      -13.45       -5.43    7.33s
    ‖ρε - ρref‖ = 1.933475055404272e-6 ‖Δρ‖ = 1.0414775264936333e-6  ‖vε - vref‖ = 0.03539952758108841  α = 0.000173
 134   -21.48155631005      -13.45       -6.05    7.37s
    ‖ρε - ρref‖ = 1.6086987115671242e-6 ‖Δρ‖ = 2.0554868218444467e-7  ‖vε - vref‖ = 0.035394310890205324  α = 0.00113
 135   -21.48155631005      -12.88       -5.80    7.34s
    ‖ρε - ρref‖ = 1.6227635000288994e-6 ‖Δρ‖ = 2.873324635430776e-7  ‖vε - vref‖ = 0.035382810915709086  α = 0.00125
 136   -21.48155631005      -13.75       -5.48    13.9s
    ‖ρε - ρref‖ = 2.001530966841515e-6 ‖Δρ‖ = 1.2346553358045617e-6  ‖vε - vref‖ = 0.03538124145518486  α = 8.26e-5
 137   -21.48155631005      -13.07       -5.68    7.33s
    ‖ρε - ρref‖ = 1.706187641884214e-6 ‖Δρ‖ = 4.539781423155163e-7  ‖vε - vref‖ = 0.03537897840241617  α = 0.000628
 138   -21.48155631005      -12.82       -5.62    7.41s
    ‖ρε - ρref‖ = 1.6397288231882323e-6 ‖Δρ‖ = 4.233718420846048e-7  ‖vε - vref‖ = 0.03536887252910699  α = 0.000907
 139   -21.48155631005      -13.37       -5.74    7.36s
    ‖ρε - ρref‖ = 1.650740761905823e-6 ‖Δρ‖ = 5.471315663333489e-7  ‖vε - vref‖ = 0.0353671937671827  α = 0.000301
 140   -21.48155631005      -13.60       -5.42    7.36s
    ‖ρε - ρref‖ = 1.9458899659770853e-6 ‖Δρ‖ = 8.67104909750718e-7  ‖vε - vref‖ = 0.03536502380875405  α = 0.000295
 141   -21.48155631005      -12.94       -6.02    7.36s
    ‖ρε - ρref‖ = 1.579737491058227e-6 ‖Δρ‖ = 2.0812789889490865e-7  ‖vε - vref‖ = 0.0353512154955094  α = 0.00136
 142   -21.48155631005      -13.97       -5.20    14.2s
    ‖ρε - ρref‖ = 2.196874241095378e-6 ‖Δρ‖ = 3.304714932704562e-6  ‖vε - vref‖ = 0.03534903817118543  α = 2.33e-5
 143   -21.48155631005      -13.00       -5.36    7.36s
    ‖ρε - ρref‖ = 1.895218483718734e-6 ‖Δρ‖ = 8.477463576854682e-7  ‖vε - vref‖ = 0.035336377645159484  α = 0.000336
 144   -21.48155631005      -13.67       -5.71    7.41s
    ‖ρε - ρref‖ = 1.664101976295071e-6 ‖Δρ‖ = 5.12919284750497e-7  ‖vε - vref‖ = 0.03533288925482321  α = 0.00036
 145   -21.48155631005      -13.34       -5.62    7.39s
    ‖ρε - ρref‖ = 1.6922953927494515e-6 ‖Δρ‖ = 6.033967742146921e-7  ‖vε - vref‖ = 0.03532989578253512  α = 0.00032
 146   -21.48155631005      -13.50       -5.97    7.32s
    ‖ρε - ρref‖ = 1.6618711139878124e-6 ‖Δρ‖ = 2.2107564053450238e-7  ‖vε - vref‖ = 0.035335596395799355  α = 0.00107
 147   -21.48155631005      -13.25       -5.91    13.9s
    ‖ρε - ρref‖ = 1.6209145476624572e-6 ‖Δρ‖ = 3.1302128371916636e-7  ‖vε - vref‖ = 0.03533424111741057  α = 0.00053
 148   -21.48155631005      -13.97       -5.15    7.42s
    ‖ρε - ρref‖ = 2.47499429311704e-6 ‖Δρ‖ = 1.887545932903118e-6  ‖vε - vref‖ = 0.035334016475733386  α = 8.28e-5
 149   -21.48155631005      -13.25       -5.98    7.39s
    ‖ρε - ρref‖ = 1.5889728794922817e-6 ‖Δρ‖ = 2.0431634064699966e-7  ‖vε - vref‖ = 0.03532432526378298  α = 0.00125
 150   -21.48155631005      -13.27       -5.76    7.33s
    ‖ρε - ρref‖ = 1.6601848439721028e-6 ‖Δρ‖ = 3.679711279248521e-7  ‖vε - vref‖ = 0.03532193777360888  α = 0.000558
 151   -21.48155631005      -13.97       -5.69    7.42s
    ‖ρε - ρref‖ = 1.8125347230363765e-6 ‖Δρ‖ = 6.38822324454819e-7  ‖vε - vref‖ = 0.03532153586809526  α = 0.000154
 152   -21.48155631005      -13.41       -5.85    7.37s
    ‖ρε - ρref‖ = 1.596001491277132e-6 ‖Δρ‖ = 2.9018723133342276e-7  ‖vε - vref‖ = 0.035317996328936514  α = 0.000711
 153   -21.48155631005      -13.50       -6.02    14.0s
    ‖ρε - ρref‖ = 1.6874514438910813e-6 ‖Δρ‖ = 2.1440375697488342e-7  ‖vε - vref‖ = 0.03531924088189055  α = 0.000749
 154   -21.48155631005      -14.45       -4.89    7.37s
    ‖ρε - ρref‖ = 3.2734352127722417e-6 ‖Δρ‖ = 4.135549798971181e-6  ‖vε - vref‖ = 0.035318040293542165  α = 2.0e-5
 155   -21.48155631005      -13.00       -5.93    7.42s
    ‖ρε - ρref‖ = 1.6203421005200416e-6 ‖Δρ‖ = 1.8407794487572648e-7  ‖vε - vref‖ = 0.03532366403061239  α = 0.00177
 156   -21.48155631005      -13.85       -5.87    7.32s
    ‖ρε - ρref‖ = 1.646020090260488e-6 ‖Δρ‖ = 4.353131325507065e-7  ‖vε - vref‖ = 0.035324046565000086  α = 0.000207
 157   -21.48155631005      -13.50       -6.21    7.32s
    ‖ρε - ρref‖ = 1.5899108432483251e-6 ‖Δρ‖ = 1.5188194394842897e-7  ‖vε - vref‖ = 0.035323527930148584  α = 0.00117
 158   -21.48155631005      -13.07       -5.77    7.43s
    ‖ρε - ρref‖ = 1.6664553166075276e-6 ‖Δρ‖ = 3.120945784921637e-7  ‖vε - vref‖ = 0.03533005315360167  α = 0.000897
 159   -21.48155631005      -13.97       -5.60    14.2s
    ‖ρε - ρref‖ = 1.749735034549183e-6 ‖Δρ‖ = 7.835941568229977e-7  ‖vε - vref‖ = 0.03532972785264526  α = 0.000158
 160   -21.48155631005      -13.37       -5.31    7.41s
    ‖ρε - ρref‖ = 1.8554358227913306e-6 ‖Δρ‖ = 1.0308102147627067e-6  ‖vε - vref‖ = 0.035331073239470115  α = 0.000228
 161   -21.48155631005      -13.30       -5.98    7.34s
    ‖ρε - ρref‖ = 1.609392145090317e-6 ‖Δρ‖ = 2.1730601465553656e-7  ‖vε - vref‖ = 0.0353331939506616  α = 0.000926
 162   -21.48155631005      -13.37       -5.99    7.37s
    ‖ρε - ρref‖ = 1.6248468395175768e-6 ‖Δρ‖ = 2.3407067699866807e-7  ‖vε - vref‖ = 0.03533733210467602  α = 0.00072
 163   -21.48155631005   +    -Inf       -5.48    62.3s
    ‖ρε - ρref‖ = 1.9974860835961244e-6 ‖Δρ‖ = 9.093958363741848e-7  ‖vε - vref‖ = 0.03533733227276036  α = 1.44e-8
 164   -21.48155631005      -13.60       -5.96    14.7s
    ‖ρε - ρref‖ = 1.5776104565531095e-6 ‖Δρ‖ = 2.2887039822190852e-7  ‖vε - vref‖ = 0.03533804857672621  α = 0.000747
 165   -21.48155631005   +  -14.45       -5.32    17.0s
    ‖ρε - ρref‖ = 3.461762679839392e-6 ‖Δρ‖ = 2.0873943995621625e-6  ‖vε - vref‖ = 0.03533804857662839  α = 0.0
 166   -21.48155631005      -13.85       -5.38    6.99s
    ‖ρε - ρref‖ = 4.046078614615063e-6 ‖Δρ‖ = 2.607815671888549e-6  ‖vε - vref‖ = 0.03533842043448493  α = 2.72e-5
 167   -21.48155631005      -13.75       -5.33    7.03s
    ‖ρε - ρref‖ = 2.29580069951237e-6 ‖Δρ‖ = 1.9617326800962235e-6  ‖vε - vref‖ = 0.03533735161678417  α = 4.74e-5
 168   -21.48155631005   +  -14.45       -5.99    7.04s
    ‖ρε - ρref‖ = 1.6020249997078034e-6 ‖Δρ‖ = 2.7707879950259423e-7  ‖vε - vref‖ = 0.035335841350348715  α = 0.000365
 169   -21.48155631005      -14.15       -6.39    14.2s
    ‖ρε - ρref‖ = 1.6069897663723196e-6 ‖Δρ‖ = 8.524317521225599e-8  ‖vε - vref‖ = 0.03533529130057373  α = 0.00171
 170   -21.48155631005      -13.85       -5.86    7.15s
    ‖ρε - ρref‖ = 1.6156350709978228e-6 ‖Δρ‖ = 3.3748611866841825e-7  ‖vε - vref‖ = 0.035334605748201374  α = 0.000317
 171   -21.48155631005   +  -14.45       -5.78    7.14s
    ‖ρε - ρref‖ = 1.6210130764483303e-6 ‖Δρ‖ = 4.982486538279117e-7  ‖vε - vref‖ = 0.03533363131045121  α = 0.000142
 172   -21.48155631005      -13.55       -5.64    7.23s
    ‖ρε - ρref‖ = 1.6955721885015092e-6 ‖Δρ‖ = 6.531168014906048e-7  ‖vε - vref‖ = 0.03533352820556637  α = 0.000121
 173   -21.48155631005      -13.97       -6.07    7.25s
    ‖ρε - ρref‖ = 1.636382260399431e-6 ‖Δρ‖ = 1.7205528864633797e-7  ‖vε - vref‖ = 0.03533670649276199  α = 0.000807
    Stopping to avoid numerical instabilities.
 174   -21.48155631005      -14.15       -6.19    7.27s
    ‖ρε - ρref‖ = 1.5983014896776e-6 ‖Δρ‖ = 1.4260699764364095e-7  ‖vε - vref‖ = 0.035336653393859746  α = 0.000746

#-- ‖ρε - ρref‖ = 1.6010005375697518e-6 vs. 5.62341325190349e-9 = δ*ε ‖vε - vref‖ = 0.035337464002082014


# --- ε=4.2169650342858225e-7

n     Energy            log10(ΔE)   log10(Δρ)   Δtime 
---   ---------------   ---------   ---------   ------
  1   -21.48155524606                   -1.26    11.5s
    ‖ρε - ρref‖ = 0.03478553671364525 ‖Δρ‖ = 0.03478451666177658  ‖vε - vref‖ = 0.5597168424058743  α = 1.05e-5
  2   -21.48155527183       -7.59       -2.33    7.06s
    ‖ρε - ρref‖ = 0.0018813885381413042 ‖Δρ‖ = 0.0018811086865923921  ‖vε - vref‖ = 0.3997153265296617  α = 7.0e-5
  3   -21.48155528269       -7.96       -2.56    7.07s
    ‖ρε - ρref‖ = 0.0009677588352079454 ‖Δρ‖ = 0.000967492819035261  ‖vε - vref‖ = 0.32682897024637025  α = 9.11e-5
  4   -21.48155529002       -8.13       -2.56    7.12s
    ‖ρε - ρref‖ = 0.0010358096417874823 ‖Δρ‖ = 0.0010355710994484045  ‖vε - vref‖ = 0.2525722388384224  α = 6.83e-5
  5   -21.48155529616       -8.21       -3.15    12.4s
    ‖ρε - ρref‖ = 0.00018523568171674386 ‖Δρ‖ = 0.00018501232133827134  ‖vε - vref‖ = 0.1834054735599847  α = 0.000371
  6   -21.48155529787       -8.77       -3.21    7.22s
    ‖ρε - ρref‖ = 0.00019755460647140737 ‖Δρ‖ = 0.0001974258504941039  ‖vε - vref‖ = 0.15730373860295965  α = 0.000178
  7   -21.48155529950       -8.79       -3.31    7.23s
    ‖ρε - ρref‖ = 0.00012334221562748855 ‖Δρ‖ = 0.00012323939178954176  ‖vε - vref‖ = 0.12982516370018177  α = 0.000287
  8   -21.48155530070       -8.92       -3.71    7.21s
    ‖ρε - ρref‖ = 4.673943999576377e-5 ‖Δρ‖ = 4.662680133718199e-5  ‖vε - vref‖ = 0.10560668641564407  α = 0.000649
  9   -21.48155530137       -9.18       -3.77    7.24s
    ‖ρε - ρref‖ = 3.9161549637267984e-5 ‖Δρ‖ = 3.9095679668151205e-5  ‖vε - vref‖ = 0.08961905884189408  α = 0.00058
 10   -21.48155530174       -9.43       -3.85    14.0s
    ‖ρε - ρref‖ = 3.28669938734978e-5 ‖Δρ‖ = 3.276549760867632e-5  ‖vε - vref‖ = 0.07990781167601348  α = 0.000515
 11   -21.48155530207       -9.47       -3.93    7.40s
    ‖ρε - ρref‖ = 2.5681307194433357e-5 ‖Δρ‖ = 2.5609648298024434e-5  ‖vε - vref‖ = 0.07014926936140488  α = 0.000637
 12   -21.48155530212      -10.37       -4.06    7.36s
    ‖ρε - ρref‖ = 3.3816462803583084e-5 ‖Δρ‖ = 3.288690161313084e-5  ‖vε - vref‖ = 0.069731957493144  α = 0.000143
 13   -21.48155530231       -9.71       -3.07    7.36s
    ‖ρε - ρref‖ = 0.00019457358245237612 ‖Δρ‖ = 0.00019482808143918916  ‖vε - vref‖ = 0.0630093279988418  α = 6.19e-5
 14   -21.48155530243       -9.92       -3.93    7.39s
    ‖ρε - ρref‖ = 3.0439451132806084e-5 ‖Δρ‖ = 3.052204975543493e-5  ‖vε - vref‖ = 0.05943280409409711  α = 0.000309
 15   -21.48155530255       -9.95       -3.34    7.34s
    ‖ρε - ρref‖ = 0.0001178787812977926 ‖Δρ‖ = 0.00011780774797576251  ‖vε - vref‖ = 0.05540408065391452  α = 7.73e-5
 16   -21.48155530259      -10.32       -3.61    14.4s
    ‖ρε - ρref‖ = 8.185751461149006e-5 ‖Δρ‖ = 8.170013948434802e-5  ‖vε - vref‖ = 0.053521948640620806  α = 6.9e-5
 17   -21.48155530274       -9.84       -4.13    7.41s
    ‖ρε - ρref‖ = 1.5911781469080663e-5 ‖Δρ‖ = 1.577095908239702e-5  ‖vε - vref‖ = 0.0482731523313801  α = 0.000671
 18   -21.48155530278      -10.37       -4.18    7.40s
    ‖ρε - ρref‖ = 1.896026725468386e-5 ‖Δρ‖ = 1.905307482822836e-5  ‖vε - vref‖ = 0.046705790240093054  α = 0.000293
 19   -21.48155530286      -10.09       -4.01    7.44s
    ‖ρε - ρref‖ = 2.1561929185250233e-5 ‖Δρ‖ = 2.160672162226226e-5  ‖vε - vref‖ = 0.043606376801384385  α = 0.000368
 20   -21.48155530293      -10.16       -3.98    7.37s
    ‖ρε - ρref‖ = 2.4297735838140042e-5 ‖Δρ‖ = 2.4095189901846126e-5  ‖vε - vref‖ = 0.04070829289723336  α = 0.0003
 21   -21.48155530302      -10.07       -4.64    7.42s
    ‖ρε - ρref‖ = 4.418872755806977e-6 ‖Δρ‖ = 4.164371720743221e-6  ‖vε - vref‖ = 0.03762268018302083  α = 0.00196
 22   -21.48155530305      -10.45       -4.28    14.1s
    ‖ρε - ρref‖ = 1.2418317756982461e-5 ‖Δρ‖ = 1.2480203287865148e-5  ‖vε - vref‖ = 0.03606404697216956  α = 0.000409
 23   -21.48155530308      -10.49       -4.49    7.42s
    ‖ρε - ρref‖ = 6.531540690542868e-6 ‖Δρ‖ = 6.386530879960582e-6  ‖vε - vref‖ = 0.034810207891706565  α = 0.000795
 24   -21.48155530310      -10.82       -4.43    7.31s
    ‖ρε - ρref‖ = 8.703401166130337e-6 ‖Δρ‖ = 9.112016441368935e-6  ‖vε - vref‖ = 0.034514179532151405  α = 0.000346
 25   -21.48155530311      -11.00       -3.30    7.36s
    ‖ρε - ρref‖ = 0.00013672802926663618 ‖Δρ‖ = 0.00013597195061992577  ‖vε - vref‖ = 0.033892210967106894  α = 1.78e-5
 26   -21.48155530313      -10.70       -4.49    7.37s
    ‖ρε - ρref‖ = 6.627796337583548e-6 ‖Δρ‖ = 6.514769066135968e-6  ‖vε - vref‖ = 0.03317511825181476  α = 0.000607
 27   -21.48155530313      -11.65       -4.23    7.31s
    ‖ρε - ρref‖ = 2.1142061233983675e-5 ‖Δρ‖ = 2.123816906276414e-5  ‖vε - vref‖ = 0.03307753170178135  α = 5.84e-5
 28   -21.48155530314      -11.25       -4.51    14.3s
    ‖ρε - ρref‖ = 8.693873922323305e-6 ‖Δρ‖ = 8.750480495919509e-6  ‖vε - vref‖ = 0.032970646660753285  α = 0.000224
 29   -21.48155530316      -10.75       -4.10    7.42s
    ‖ρε - ρref‖ = 1.5484850464220247e-5 ‖Δρ‖ = 1.5382729690492036e-5  ‖vε - vref‖ = 0.032362245903773734  α = 0.00024
 30   -21.48155530317      -10.94       -4.44    7.37s
    ‖ρε - ρref‖ = 7.658013687569228e-6 ‖Δρ‖ = 7.468428048240615e-6  ‖vε - vref‖ = 0.03205203340634174  α = 0.000404
 31   -21.48155530317      -11.64       -4.77    7.41s
    ‖ρε - ρref‖ = 5.341646994791868e-6 ‖Δρ‖ = 5.28330277496573e-6  ‖vε - vref‖ = 0.03199418426733687  α = 0.000244
 32   -21.48155530318      -10.95       -4.70    7.32s
    ‖ρε - ρref‖ = 3.822351909027439e-6 ‖Δρ‖ = 3.7401672713261307e-6  ‖vε - vref‖ = 0.03177611597986524  α = 0.000794
 33   -21.48155530319      -11.20       -4.48    7.38s
    ‖ρε - ρref‖ = 7.448149240404061e-6 ‖Δρ‖ = 7.166217743355231e-6  ‖vε - vref‖ = 0.03168287892081619  α = 0.000307
 34   -21.48155530320      -11.02       -4.88    14.2s
    ‖ρε - ρref‖ = 2.5852139711300448e-6 ‖Δρ‖ = 2.2574622657408063e-6  ‖vε - vref‖ = 0.031575633133941614  α = 0.00123
 35   -21.48155530320      -11.58       -5.08    7.44s
    ‖ρε - ρref‖ = 2.285562201966487e-6 ‖Δρ‖ = 2.0514530915074146e-6  ‖vε - vref‖ = 0.03155717333994501  α = 0.000676
 36   -21.48155530320      -11.96       -4.89    7.44s
    ‖ρε - ρref‖ = 4.612263462429919e-6 ‖Δρ‖ = 3.7160845822754806e-6  ‖vε - vref‖ = 0.03160637815462689  α = 0.000211
 37   -21.48155530320      -11.59       -3.77    7.38s
    ‖ρε - ρref‖ = 3.652292234611105e-5 ‖Δρ‖ = 3.6910195967152123e-5  ‖vε - vref‖ = 0.03155418505904248  α = 3.63e-5
 38   -21.48155530321      -11.45       -4.89    7.36s
    ‖ρε - ρref‖ = 2.6764752424844744e-6 ‖Δρ‖ = 2.4572822893685743e-6  ‖vε - vref‖ = 0.03155508818833345  α = 0.000675
 39   -21.48155530321      -12.25       -4.67    7.29s
    ‖ρε - ρref‖ = 7.1177768629844174e-6 ‖Δρ‖ = 6.928124386209861e-6  ‖vε - vref‖ = 0.03156544408833586  α = 9.14e-5
 40   -21.48155530321      -11.67       -4.57    14.3s
    ‖ρε - ρref‖ = 6.1598795959999545e-6 ‖Δρ‖ = 5.983621752517437e-6  ‖vε - vref‖ = 0.031585002887746357  α = 0.000209
 41   -21.48155530321      -12.04       -4.53    7.39s
    ‖ρε - ρref‖ = 8.552269142722785e-6 ‖Δρ‖ = 8.585021285420495e-6  ‖vε - vref‖ = 0.03159245653004728  α = 9.21e-5
 42   -21.48155530321      -11.79       -4.96    7.34s
    ‖ρε - ρref‖ = 2.803402217183568e-6 ‖Δρ‖ = 2.375395395096108e-6  ‖vε - vref‖ = 0.03162934307657459  α = 0.000469
 43   -21.48155530321      -11.75       -5.20    7.36s
    ‖ρε - ρref‖ = 1.6914843168234396e-6 ‖Δρ‖ = 1.2269264094595222e-6  ‖vε - vref‖ = 0.03166734845641014  α = 0.000955
 44   -21.48155530321      -12.08       -4.71    7.41s
    ‖ρε - ρref‖ = 4.911482855303455e-6 ‖Δρ‖ = 4.876885795888148e-6  ‖vε - vref‖ = 0.03167341596575739  α = 0.000159
 45   -21.48155530322      -11.86       -5.09    14.2s
    ‖ρε - ρref‖ = 1.917496415653114e-6 ‖Δρ‖ = 1.5974946929792632e-6  ‖vε - vref‖ = 0.03170430189394072  α = 0.000653
 46   -21.48155530322      -11.93       -5.01    7.48s
    ‖ρε - ρref‖ = 2.484627553896473e-6 ‖Δρ‖ = 1.93645089515563e-6  ‖vε - vref‖ = 0.03176843597005463  α = 0.000494
 47   -21.48155530322      -12.11       -5.12    7.37s
    ‖ρε - ρref‖ = 1.962986436006371e-6 ‖Δρ‖ = 1.6205583859093482e-6  ‖vε - vref‖ = 0.03179596870796433  α = 0.000477
 48   -21.48155530322      -12.43       -5.24    7.34s
    ‖ρε - ρref‖ = 1.221642002201577e-6 ‖Δρ‖ = 1.5988454720619436e-6  ‖vε - vref‖ = 0.03181613363461935  α = 0.000287
 49   -21.48155530322      -12.20       -4.01    7.34s
    ‖ρε - ρref‖ = 2.2673849563041306e-5 ‖Δρ‖ = 2.220227505505963e-5  ‖vε - vref‖ = 0.031833765204373435  α = 2.94e-5
 50   -21.48155530322      -11.73       -5.35    7.40s
    ‖ρε - ρref‖ = 1.425366186770503e-6 ‖Δρ‖ = 7.155776207950988e-7  ‖vε - vref‖ = 0.03193751964349932  α = 0.00167
 51   -21.48155530322      -12.80       -4.98    14.3s
    ‖ρε - ρref‖ = 3.3819304796476125e-6 ‖Δρ‖ = 3.271211361208853e-6  ‖vε - vref‖ = 0.03194412291841917  α = 0.000106
 52   -21.48155530322      -12.51       -4.79    7.49s
    ‖ρε - ρref‖ = 4.443502477919434e-6 ‖Δρ‖ = 4.34237961389368e-6  ‖vε - vref‖ = 0.03196117057406001  α = 0.000108
 53   -21.48155530322      -12.64       -5.27    7.40s
    ‖ρε - ρref‖ = 2.093535700298694e-6 ‖Δρ‖ = 1.5572950989495653e-6  ‖vε - vref‖ = 0.03198161214590967  α = 0.000255
 54   -21.48155530322      -12.02       -4.86    7.32s
    ‖ρε - ρref‖ = 2.746581791037031e-6 ‖Δρ‖ = 2.477125640820532e-6  ‖vε - vref‖ = 0.03204878401589969  α = 0.000343
 55   -21.48155530322      -12.31       -5.39    7.34s
    ‖ρε - ρref‖ = 1.487340569108935e-6 ‖Δρ‖ = 8.387728290412714e-7  ‖vε - vref‖ = 0.032085074269655144  α = 0.000724
 56   -21.48155530322      -12.46       -5.24    7.31s
    ‖ρε - ρref‖ = 1.7609495425434554e-6 ‖Δρ‖ = 1.3119826999202531e-6  ‖vε - vref‖ = 0.03210888361215535  α = 0.000383
 57   -21.48155530322      -12.45       -4.98    14.3s
    ‖ρε - ρref‖ = 2.50075706831741e-6 ‖Δρ‖ = 2.296740027473702e-6  ‖vε - vref‖ = 0.03212829186809164  α = 0.000223
 58   -21.48155530322      -12.25       -5.36    7.44s
    ‖ρε - ρref‖ = 1.4347574663796432e-6 ‖Δρ‖ = 7.978853694272494e-7  ‖vε - vref‖ = 0.03217249878084485  α = 0.00084
 59   -21.48155530322      -12.60       -5.48    7.38s
    ‖ρε - ρref‖ = 1.5027314497191598e-6 ‖Δρ‖ = 7.361685439935593e-7  ‖vε - vref‖ = 0.032206441910460196  α = 0.000608
 60   -21.48155530322      -13.02       -5.20    7.40s
    ‖ρε - ρref‖ = 3.069711240552901e-6 ‖Δρ‖ = 2.0974700335931643e-6  ‖vε - vref‖ = 0.03221957213616595  α = 9.55e-5
 61   -21.48155530322      -12.40       -4.39    7.38s
    ‖ρε - ρref‖ = 7.2573844085066455e-6 ‖Δρ‖ = 7.58118910993464e-6  ‖vε - vref‖ = 0.032246078319661954  α = 7.12e-5
 62   -21.48155530322      -12.72       -5.50    7.36s
    ‖ρε - ρref‖ = 1.3969485596721132e-6 ‖Δρ‖ = 7.180505029742454e-7  ‖vε - vref‖ = 0.03226388445919753  α = 0.000533
 63   -21.48155530323      -12.63       -5.61    14.5s
    ‖ρε - ρref‖ = 1.3600806810905538e-6 ‖Δρ‖ = 5.578267160491922e-7  ‖vε - vref‖ = 0.032296984269719164  α = 0.000749
 64   -21.48155530323      -12.42       -4.46    7.52s
    ‖ρε - ρref‖ = 6.693388769641063e-6 ‖Δρ‖ = 6.577095774819659e-6  ‖vε - vref‖ = 0.03233611340379279  α = 8.15e-5
 65   -21.48155530323      -12.71       -5.29    7.44s
    ‖ρε - ρref‖ = 1.574819995755265e-6 ‖Δρ‖ = 1.2559519192674048e-6  ‖vε - vref‖ = 0.03235266596935965  α = 0.000277
 66   -21.48155530323      -12.75       -4.96    7.41s
    ‖ρε - ρref‖ = 2.9038621883294627e-6 ‖Δρ‖ = 2.6201392692086837e-6  ‖vε - vref‖ = 0.03237120689317552  α = 0.000141
 67   -21.48155530323      -12.65       -5.43    7.30s
    ‖ρε - ρref‖ = 1.4731491384227676e-6 ‖Δρ‖ = 7.68976178831334e-7  ‖vε - vref‖ = 0.032402199251779874  α = 0.00054
 68   -21.48155530323      -12.59       -5.49    7.32s
    ‖ρε - ρref‖ = 1.4010543279752602e-6 ‖Δρ‖ = 6.326443724984189e-7  ‖vε - vref‖ = 0.03244217627018434  α = 0.000734
 69   -21.48155530323      -12.92       -5.42    14.5s
    ‖ρε - ρref‖ = 1.5574585879583525e-6 ‖Δρ‖ = 9.894255658951634e-7  ‖vε - vref‖ = 0.032456922079480525  α = 0.000302
 70   -21.48155530323      -12.49       -5.19    7.53s
    ‖ρε - ρref‖ = 1.601870021483153e-6 ‖Δρ‖ = 1.1994639794601193e-6  ‖vε - vref‖ = 0.03248292674318752  α = 0.000404
 71   -21.48155530323      -12.73       -5.74    7.36s
    ‖ρε - ρref‖ = 1.290752200890197e-6 ‖Δρ‖ = 4.1457282855260575e-7  ‖vε - vref‖ = 0.03250360034583246  α = 0.000859
 72   -21.48155530323      -13.97       -5.24    7.35s
    ‖ρε - ρref‖ = 1.7310516643023391e-6 ‖Δρ‖ = 2.508857622439192e-6  ‖vε - vref‖ = 0.03250575820859176  α = 4.19e-5
 73   -21.48155530323      -12.50       -4.89    7.43s
    ‖ρε - ρref‖ = 2.8380248227743548e-6 ‖Δρ‖ = 2.344911416783504e-6  ‖vε - vref‖ = 0.03255307364524408  α = 0.000211
 74   -21.48155530323      -12.96       -5.56    7.38s
    ‖ρε - ρref‖ = 1.2830254627635395e-6 ‖Δρ‖ = 7.045224313510881e-7  ‖vε - vref‖ = 0.03256374067006277  α = 0.000411
 75   -21.48155530323      -12.51       -5.60    14.4s
    ‖ρε - ρref‖ = 1.3107445504828685e-6 ‖Δρ‖ = 4.558444169632585e-7  ‖vε - vref‖ = 0.032610559919098704  α = 0.00106
 76   -21.48155530323      -12.93       -4.59    7.54s
    ‖ρε - ρref‖ = 6.773859573284418e-6 ‖Δρ‖ = 6.55070805436971e-6  ‖vε - vref‖ = 0.03263046049892767  α = 4.48e-5
 77   -21.48155530323      -12.83       -5.55    7.44s
    ‖ρε - ρref‖ = 1.3724061647392085e-6 ‖Δρ‖ = 6.154080175591189e-7  ‖vε - vref‖ = 0.032648193285264825  α = 0.000527
 78   -21.48155530323      -13.67       -5.22    7.31s
    ‖ρε - ρref‖ = 2.0440786554022003e-6 ‖Δρ‖ = 1.8830476136152634e-6  ‖vε - vref‖ = 0.03265223229851981  α = 9.44e-5
 79   -21.48155530323      -12.82       -5.69    7.30s
    ‖ρε - ρref‖ = 1.229670268392954e-6 ‖Δρ‖ = 4.849033341108756e-7  ‖vε - vref‖ = 0.03266130058237393  α = 0.000636
 80   -21.48155530323      -12.56       -5.64    7.33s
    ‖ρε - ρref‖ = 1.2928894018779284e-6 ‖Δρ‖ = 4.2497517096779834e-7  ‖vε - vref‖ = 0.03269844315555132  α = 0.0011
 81   -21.48155530323      -12.89       -5.38    14.2s
    ‖ρε - ρref‖ = 1.540433506623743e-6 ‖Δρ‖ = 9.672230926456574e-7  ‖vε - vref‖ = 0.03271554645782568  α = 0.000324
 82   -21.48155530323      -13.02       -5.44    7.46s
    ‖ρε - ρref‖ = 1.6275536160779187e-6 ‖Δρ‖ = 1.0517144282260984e-6  ‖vε - vref‖ = 0.03272719258132989  α = 0.00022
 83   -21.48155530323      -12.36       -5.55    7.54s
    ‖ρε - ρref‖ = 1.2768469073054585e-6 ‖Δρ‖ = 4.577775502107724e-7  ‖vε - vref‖ = 0.03279217111983101  α = 0.00129
 84   -21.48155530323      -13.85       -5.01    9.73s
    ‖ρε - ρref‖ = 6.114410314116062e-6 ‖Δρ‖ = 5.079837245186067e-6  ‖vε - vref‖ = 0.03279246893457695  α = 3.52e-6
 85   -21.48155530323      -12.82       -5.61    7.36s
    ‖ρε - ρref‖ = 1.277197894240984e-6 ‖Δρ‖ = 5.441950348125355e-7  ‖vε - vref‖ = 0.032808017379146716  α = 0.000656
 86   -21.48155530323      -12.78       -5.54    14.3s
    ‖ρε - ρref‖ = 1.340728600818747e-6 ‖Δρ‖ = 6.13597785207101e-7  ‖vε - vref‖ = 0.032821731942128875  α = 0.00057
 87   -21.48155530323      -12.97       -5.59    7.43s
    ‖ρε - ρref‖ = 1.2594369725528536e-6 ‖Δρ‖ = 6.200543769506042e-7  ‖vε - vref‖ = 0.03282936852096453  α = 0.000499
 88   -21.48155530323      -13.09       -4.94    7.41s
    ‖ρε - ρref‖ = 3.715780832347776e-6 ‖Δρ‖ = 3.65307119142461e-6  ‖vε - vref‖ = 0.03283142964643804  α = 5.14e-5
 89   -21.48155530323      -12.80       -5.46    7.38s
    ‖ρε - ρref‖ = 1.5298883637901767e-6 ‖Δρ‖ = 7.823588423865544e-7  ‖vε - vref‖ = 0.03285379273957079  α = 0.000436
 90   -21.48155530323      -13.15       -5.56    7.37s
    ‖ρε - ρref‖ = 1.5449463478275994e-6 ‖Δρ‖ = 7.586555041858826e-7  ‖vε - vref‖ = 0.03286634963991577  α = 0.000306
 91   -21.48155530323      -12.75       -5.09    7.35s
    ‖ρε - ρref‖ = 2.056714526013326e-6 ‖Δρ‖ = 1.6817296087239326e-6  ‖vε - vref‖ = 0.03289124389439602  α = 0.000222
 92   -21.48155530323      -12.77       -5.73    14.5s
    ‖ρε - ρref‖ = 1.2228019660985513e-6 ‖Δρ‖ = 4.0388550377791685e-7  ‖vε - vref‖ = 0.032901934728321806  α = 0.000895
 93   -21.48155530323      -12.55       -5.69    7.45s
    ‖ρε - ρref‖ = 1.2930317866112542e-6 ‖Δρ‖ = 4.167794394093214e-7  ‖vε - vref‖ = 0.032927353166379514  α = 0.00107
 94   -21.48155530323      -12.75       -5.22    7.36s
    ‖ρε - ρref‖ = 1.821157206341456e-6 ‖Δρ‖ = 1.425533959249376e-6  ‖vε - vref‖ = 0.03293991790053922  α = 0.000258
 95   -21.48155530323      -13.67       -4.97    7.36s
    ‖ρε - ρref‖ = 6.384406877372078e-6 ‖Δρ‖ = 5.393555847540079e-6  ‖vε - vref‖ = 0.03294212058035781  α = 2.09e-5
 96   -21.48155530323      -12.94       -4.98    7.39s
    ‖ρε - ρref‖ = 2.7608002814928397e-6 ‖Δρ‖ = 2.735048021750227e-6  ‖vε - vref‖ = 0.03295262508572578  α = 0.000108
 97   -21.48155530323      -12.68       -5.71    7.33s
    ‖ρε - ρref‖ = 1.2810880183616262e-6 ‖Δρ‖ = 3.996263574952148e-7  ‖vε - vref‖ = 0.03297498507493295  α = 0.001
 98   -21.48155530323      -12.54       -5.48    14.3s
    ‖ρε - ρref‖ = 1.3851047502660405e-6 ‖Δρ‖ = 6.707110375450157e-7  ‖vε - vref‖ = 0.03300312497114789  α = 0.000671
 99   -21.48155530323      -13.27       -5.37    7.45s
    ‖ρε - ρref‖ = 1.910419467427632e-6 ‖Δρ‖ = 1.4726920755555685e-6  ‖vε - vref‖ = 0.033006096680997694  α = 0.000113
 100   -21.48155530323      -12.85       -5.13    7.37s
    ‖ρε - ρref‖ = 2.2251267853868698e-6 ‖Δρ‖ = 1.7397950508883168e-6  ‖vε - vref‖ = 0.03302224415315565  α = 0.000194
 101   -21.48155530323      -12.83       -5.44    7.40s
    ‖ρε - ρref‖ = 1.3838409061964593e-6 ‖Δρ‖ = 8.525196962025394e-7  ‖vε - vref‖ = 0.0330252333212784  α = 0.000392
 102   -21.48155530323      -13.41       -5.44    7.36s
    ‖ρε - ρref‖ = 1.5805387651738066e-6 ‖Δρ‖ = 1.3086941589449756e-6  ‖vε - vref‖ = 0.03302599787023295  α = 0.000122
 103   -21.48155530323      -12.30       -5.62    7.36s
    ‖ρε - ρref‖ = 1.275523011636159e-6 ‖Δρ‖ = 3.979873072881141e-7  ‖vε - vref‖ = 0.03305011957933599  α = 0.00152
 104   -21.48155530323      -12.71       -5.39    14.2s
    ‖ρε - ρref‖ = 1.494305126047912e-6 ‖Δρ‖ = 8.654159248810939e-7  ‖vε - vref‖ = 0.03306016003494177  α = 0.000451
 105   -21.48155530323      -12.74       -5.64    7.41s
    ‖ρε - ρref‖ = 1.3094453795934358e-6 ‖Δρ‖ = 5.065993673576832e-7  ‖vε - vref‖ = 0.033067850042889035  α = 0.000696
 106   -21.48155530323      -13.03       -5.27    7.39s
    ‖ρε - ρref‖ = 2.0149021486723186e-6 ‖Δρ‖ = 1.3304633182239008e-6  ‖vε - vref‖ = 0.03306756695513077  α = 0.000212
 107   -21.48155530323      -13.60       -4.86    7.38s
    ‖ρε - ρref‖ = 5.287643804920977e-6 ‖Δρ‖ = 6.143426133604033e-6  ‖vε - vref‖ = 0.03306546980293543  α = 1.42e-5
 108   -21.48155530323      -12.81       -5.53    7.39s
    ‖ρε - ρref‖ = 1.3095738209051056e-6 ‖Δρ‖ = 6.172007461731487e-7  ‖vε - vref‖ = 0.033055439532640965  α = 0.000563
 109   -21.48155530323      -12.80       -5.57    7.38s
    ‖ρε - ρref‖ = 1.3364002226265943e-6 ‖Δρ‖ = 6.266751013529296e-7  ‖vε - vref‖ = 0.033053921500119036  α = 0.000516
 110   -21.48155530323      -12.85       -5.47    14.3s
    ‖ρε - ρref‖ = 1.5038182746726061e-6 ‖Δρ‖ = 7.3470917880274e-7  ‖vε - vref‖ = 0.0330561099975551  α = 0.000475
 111   -21.48155530323      -13.17       -5.67    7.47s
    ‖ρε - ρref‖ = 1.3433708058485737e-6 ‖Δρ‖ = 6.08772121907532e-7  ‖vε - vref‖ = 0.0330551646206486  α = 0.000348
 112   -21.48155530323      -12.88       -4.86    7.53s
    ‖ρε - ρref‖ = 3.185201930065469e-6 ‖Δρ‖ = 3.062441973130449e-6  ‖vε - vref‖ = 0.03304553873805446  α = 0.000105
 113   -21.48155530323      -12.62       -5.66    7.47s
    ‖ρε - ρref‖ = 1.2772731653814194e-6 ‖Δρ‖ = 3.972864022139803e-7  ‖vε - vref‖ = 0.033039345277811855  α = 0.00107
 114   -21.48155530323      -13.11       -5.11    7.38s
    ‖ρε - ρref‖ = 2.4059713419543406e-6 ‖Δρ‖ = 1.9929404363960105e-6  ‖vε - vref‖ = 0.03303537034070476  α = 0.000122
 115   -21.48155530323      -12.93       -5.25    7.29s
    ‖ρε - ρref‖ = 1.6126373544143044e-6 ‖Δρ‖ = 1.3725616248410115e-6  ‖vε - vref‖ = 0.03302679951835591  α = 0.000185
 116   -21.48155530323      -13.00       -5.82    14.4s
    ‖ρε - ρref‖ = 1.267160350172411e-6 ‖Δρ‖ = 3.373400634886248e-7  ‖vε - vref‖ = 0.03302646154323435  α = 0.000841
 117   -21.48155530323      -12.92       -5.56    7.38s
    ‖ρε - ρref‖ = 1.3050120710668055e-6 ‖Δρ‖ = 5.364494004166245e-7  ‖vε - vref‖ = 0.033026544173597704  α = 0.000614
 118   -21.48155530323      -13.60       -5.18    7.39s
    ‖ρε - ρref‖ = 4.064709046576345e-6 ‖Δρ‖ = 3.0275390603955945e-6  ‖vε - vref‖ = 0.03302766335792327  α = 2.34e-5
 119   -21.48155530323      -13.30       -5.18    7.42s
    ‖ρε - ρref‖ = 2.2146753589962373e-6 ‖Δρ‖ = 1.9938290800057745e-6  ‖vε - vref‖ = 0.03302689314481016  α = 8.28e-5
 120   -21.48155530323      -12.88       -5.78    7.44s
    ‖ρε - ρref‖ = 1.2289007769156831e-6 ‖Δρ‖ = 3.1783029915495224e-7  ‖vε - vref‖ = 0.033014215409047  α = 0.00102
 121   -21.48155530323      -13.05       -5.41    7.70s
    ‖ρε - ρref‖ = 1.398114235710255e-6 ‖Δρ‖ = 8.300436179747503e-7  ‖vε - vref‖ = 0.03300219191950657  α = 0.000344
 122   -21.48155530323      -13.15       -5.82    14.4s
    ‖ρε - ρref‖ = 1.3009044815591791e-6 ‖Δρ‖ = 3.8112655439285083e-7  ‖vε - vref‖ = 0.0329996659508355  α = 0.000554
 123   -21.48155530323      -13.55       -4.99    7.41s
    ‖ρε - ρref‖ = 3.3822180912555038e-6 ‖Δρ‖ = 3.006942457343857e-6  ‖vε - vref‖ = 0.03299915167459662  α = 5.57e-5
 124   -21.48155530323      -12.88       -5.70    7.37s
    ‖ρε - ρref‖ = 1.2146001941178848e-6 ‖Δρ‖ = 3.7353008450579537e-7  ‖vε - vref‖ = 0.03298113616698386  α = 0.00088
 125   -21.48155530323      -13.22       -5.54    7.34s
    ‖ρε - ρref‖ = 1.3677100488308013e-6 ‖Δρ‖ = 7.507862894381185e-7  ‖vε - vref‖ = 0.032976546758434325  α = 0.000244
 126   -21.48155530323      -13.13       -5.28    7.37s
    ‖ρε - ρref‖ = 1.9098819176487303e-6 ‖Δρ‖ = 1.301459185721184e-6  ‖vε - vref‖ = 0.03297111534031467  α = 0.00016
 127   -21.48155530323      -13.19       -5.66    7.35s
    ‖ρε - ρref‖ = 1.242235521787566e-6 ‖Δρ‖ = 4.491648872822052e-7  ‖vε - vref‖ = 0.032959520225718526  α = 0.000581
 128   -21.48155530323      -13.15       -5.71    14.4s
    ‖ρε - ρref‖ = 1.339137058002496e-6 ‖Δρ‖ = 4.733708499141815e-7  ‖vε - vref‖ = 0.03295614115337495  α = 0.000414
 129   -21.48155530323   +    -Inf       -5.69    7.45s
    ‖ρε - ρref‖ = 7.685606764881659e-7 ‖Δρ‖ = 8.831363551272376e-7  ‖vε - vref‖ = 0.03295473169004525  α = 6.75e-5
 130   -21.48155530323      -13.37       -5.08    7.45s
    ‖ρε - ρref‖ = 2.5648393789084597e-6 ‖Δρ‖ = 2.0465209470175315e-6  ‖vε - vref‖ = 0.032950683160991284  α = 8.52e-5
 131   -21.48155530323      -13.22       -5.41    7.30s
    ‖ρε - ρref‖ = 1.4815640374464834e-6 ‖Δρ‖ = 8.442779694955393e-7  ‖vε - vref‖ = 0.03294589481378475  α = 0.000255
 132   -21.48155530323      -13.11       -5.77    7.36s
    ‖ρε - ρref‖ = 1.2724184358375914e-6 ‖Δρ‖ = 3.439266063921989e-7  ‖vε - vref‖ = 0.032940774794726686  α = 0.000716
 133   -21.48155530324      -13.19       -5.57    7.28s
    ‖ρε - ρref‖ = 1.2994137329860552e-6 ‖Δρ‖ = 5.624534512770253e-7  ‖vε - vref‖ = 0.032933120209204955  α = 0.000398
 134   -21.48155530324      -14.15       -5.37    14.7s
    ‖ρε - ρref‖ = 1.932178873780728e-6 ‖Δρ‖ = 1.5761627735880505e-6  ‖vε - vref‖ = 0.032931182153463225  α = 5.12e-5
 135   -21.48155530324      -13.05       -5.76    7.60s
    ‖ρε - ρref‖ = 1.258789578634611e-6 ‖Δρ‖ = 3.3214003594956854e-7  ‖vε - vref‖ = 0.03292129803732214  α = 0.00076
 136   -21.48155530324      -13.37       -5.74    8.25s
    ‖ρε - ρref‖ = 1.2654974113511911e-6 ‖Δρ‖ = 4.208703437800459e-7  ‖vε - vref‖ = 0.03291320133804072  α = 0.000454
 137   -21.48155530324      -13.41       -5.39    8.05s
    ‖ρε - ρref‖ = 1.5569810725252886e-6 ‖Δρ‖ = 1.2225875984587417e-6  ‖vε - vref‖ = 0.03290889195649531  α = 0.000102
 138   -21.48155530324      -13.13       -5.80    8.29s
    ‖ρε - ρref‖ = 1.2732751220466695e-6 ‖Δρ‖ = 3.2570624313535036e-7  ‖vε - vref‖ = 0.032900918940666775  α = 0.000684
 139   -21.48155530324      -13.34       -5.72    7.90s
    ‖ρε - ρref‖ = 1.2150236830838904e-6 ‖Δρ‖ = 4.288475538123239e-7  ‖vε - vref‖ = 0.032890095935639255  α = 0.000481
 140   -21.48155530324      -13.67       -5.74    15.0s
    ‖ρε - ρref‖ = 1.64346634128201e-6 ‖Δρ‖ = 5.522049988544685e-7  ‖vε - vref‖ = 0.03289021515967331  α = 0.000205
 141   -21.48155530324      -13.19       -4.63    8.09s
    ‖ρε - ρref‖ = 5.037549537492137e-6 ‖Δρ‖ = 5.2413677499598706e-6  ‖vε - vref‖ = 0.03288328286803538  α = 3.84e-5
 142   -21.48155530324      -13.30       -5.39    8.07s
    ‖ρε - ρref‖ = 1.5394128530020875e-6 ‖Δρ‖ = 9.426934431958268e-7  ‖vε - vref‖ = 0.03287656738867007  α = 0.000214
 143   -21.48155530324      -13.13       -5.54    7.98s
    ‖ρε - ρref‖ = 1.3042749691440995e-6 ‖Δρ‖ = 5.625007771484731e-7  ‖vε - vref‖ = 0.032865026991282374  α = 0.000441
 144   -21.48155530324      -13.19       -5.77    8.17s
    ‖ρε - ρref‖ = 1.2745481956909822e-6 ‖Δρ‖ = 3.860524077120901e-7  ‖vε - vref‖ = 0.03285884862887152  α = 0.000509
 145   -21.48155530324      -13.85       -5.53    8.02s
    ‖ρε - ρref‖ = 1.5741972151684118e-6 ‖Δρ‖ = 9.669563585289154e-7  ‖vε - vref‖ = 0.032857645296626735  α = 0.00011
 146   -21.48155530324      -13.11       -5.28    16.4s
    ‖ρε - ρref‖ = 1.5843939225143762e-6 ‖Δρ‖ = 1.0461245773919602e-6  ‖vε - vref‖ = 0.032846544420531865  α = 0.000228
 147   -21.48155530324      -13.55       -5.87    8.10s
    ‖ρε - ρref‖ = 1.2601495304951298e-6 ‖Δρ‖ = 3.0069296334538264e-7  ‖vε - vref‖ = 0.03283893179431805  α = 0.000684
 148   -21.48155530324      -13.60       -5.57    8.11s
    ‖ρε - ρref‖ = 1.4883277847179557e-6 ‖Δρ‖ = 7.772499489184203e-7  ‖vε - vref‖ = 0.03283435360633389  α = 0.000162
 149   -21.48155530324      -13.09       -5.45    8.04s
    ‖ρε - ρref‖ = 1.2356958514360083e-6 ‖Δρ‖ = 7.050202118236205e-7  ‖vε - vref‖ = 0.03281587196922403  α = 0.000322
 150   -21.48155530324      -13.50       -5.89    8.12s
    ‖ρε - ρref‖ = 1.2803514638440316e-6 ‖Δρ‖ = 2.860598329519256e-7  ‖vε - vref‖ = 0.032812294933025  α = 0.000601
 151   -21.48155530324      -13.85       -5.81    8.03s
    ‖ρε - ρref‖ = 1.070821977958682e-6 ‖Δρ‖ = 4.30349542157529e-7  ‖vε - vref‖ = 0.03280815558623418  α = 0.000268
 152   -21.48155530324      -13.85       -4.81    7.95s
    ‖ρε - ρref‖ = 5.770251259360913e-6 ‖Δρ‖ = 4.986703760847766e-6  ‖vε - vref‖ = 0.03280672642133099  α = 1.76e-5
 153   -21.48155530324      -13.45       -5.82    16.7s
    ‖ρε - ρref‖ = 1.2718532492243434e-6 ‖Δρ‖ = 3.7664541496569513e-7  ‖vε - vref‖ = 0.03280378033405024  α = 0.000376
 154   -21.48155530324      -13.25       -5.51    8.04s
    ‖ρε - ρref‖ = 1.3472193128978928e-6 ‖Δρ‖ = 5.767471715273266e-7  ‖vε - vref‖ = 0.03279547654196362  α = 0.000367
 155   -21.48155530324      -13.67       -5.87    8.20s
    ‖ρε - ρref‖ = 1.2158401376865578e-6 ‖Δρ‖ = 3.150615115108969e-7  ‖vε - vref‖ = 0.03278931999299615  α = 0.000451
 156   -21.48155530324      -13.97       -5.83    8.23s
    ‖ρε - ρref‖ = 1.2652048125421664e-6 ‖Δρ‖ = 4.637217316967092e-7  ‖vε - vref‖ = 0.032786614502099486  α = 0.000179
 157   -21.48155530324      -13.37       -5.32    8.29s
    ‖ρε - ρref‖ = 1.5990904832811346e-6 ‖Δρ‖ = 1.0527469453120135e-6  ‖vε - vref‖ = 0.03278109595173321  α = 0.000139
 158   -21.48155530324      -13.55       -5.88    8.06s
    ‖ρε - ρref‖ = 1.2181839004097845e-6 ‖Δρ‖ = 2.7140718271965096e-7  ‖vε - vref‖ = 0.032772456999855114  α = 0.00065
 159   -21.48155530324      -14.45       -5.91    16.5s
    ‖ρε - ρref‖ = 1.2401397995657772e-6 ‖Δρ‖ = 3.6493728963414355e-7  ‖vε - vref‖ = 0.032771399177458645  α = 0.000239
 160   -21.48155530324      -13.45       -5.59    8.32s
    ‖ρε - ρref‖ = 1.4440794041655728e-6 ‖Δρ‖ = 5.665257405753894e-7  ‖vε - vref‖ = 0.03276973815957608  α = 0.000264
 161   -21.48155530324      -13.37       -5.84    8.08s
    ‖ρε - ρref‖ = 1.1957735999985537e-6 ‖Δρ‖ = 2.875834057173776e-7  ‖vε - vref‖ = 0.0327604587598944  α = 0.00065
 162   -21.48155530324      -13.67       -6.00    7.93s
    ‖ρε - ρref‖ = 1.3508179144767479e-6 ‖Δρ‖ = 2.899788479364239e-7  ‖vε - vref‖ = 0.032759988638743874  α = 0.000315
 163   -21.48155530324   +  -14.15       -5.07    7.58s
    ‖ρε - ρref‖ = 2.678671946746916e-6 ‖Δρ‖ = 3.270487044113882e-6  ‖vε - vref‖ = 0.032758663547955126  α = 1.57e-5
 164   -21.48155530324      -13.25       -5.93    8.07s
    ‖ρε - ρref‖ = 1.2243211581626646e-6 ‖Δρ‖ = 2.672709857816284e-7  ‖vε - vref‖ = 0.03275266984411556  α = 0.00057
 165   -21.48155530324      -13.85       -5.48    16.7s
    ‖ρε - ρref‖ = 1.3932631632518855e-6 ‖Δρ‖ = 7.146485351959619e-7  ‖vε - vref‖ = 0.03274658550310107  α = 0.000231
 166   -21.48155530324      -13.34       -5.91    8.24s
    ‖ρε - ρref‖ = 1.2443906728972757e-6 ‖Δρ‖ = 2.534392999758518e-7  ‖vε - vref‖ = 0.032741622642816236  α = 0.000681
 167   -21.48155530324      -14.45       -5.75    8.07s
    ‖ρε - ρref‖ = 1.2785433657401264e-6 ‖Δρ‖ = 4.617065933072466e-7  ‖vε - vref‖ = 0.03273831824149541  α = 0.000258
 168   -21.48155530324      -13.45       -5.14    7.90s
    ‖ρε - ρref‖ = 2.0491359202837944e-6 ‖Δρ‖ = 1.7680893425062463e-6  ‖vε - vref‖ = 0.03273216739834204  α = 7.4e-5
 169   -21.48155530324      -13.37       -5.90    7.95s
    ‖ρε - ρref‖ = 1.2297310302571575e-6 ‖Δρ‖ = 2.6575624818699244e-7  ‖vε - vref‖ = 0.032726452252956166  α = 0.000584
 170   -21.48155530324      -13.67       -5.90    7.93s
    ‖ρε - ρref‖ = 1.2533163650922854e-6 ‖Δρ‖ = 2.813795048724877e-7  ‖vε - vref‖ = 0.03272283342818533  α = 0.00049
 171   -21.48155530324      -13.85       -5.35    15.5s
    ‖ρε - ρref‖ = 1.526615169647587e-6 ‖Δρ‖ = 1.0912254577672038e-6  ‖vε - vref‖ = 0.032719448493005045  α = 0.000112
 172   -21.48155530324      -13.45       -6.00    8.16s
    ‖ρε - ρref‖ = 1.257486095957349e-6 ‖Δρ‖ = 2.248234081975059e-7  ‖vε - vref‖ = 0.03271794993877588  α = 0.000626
    Stopping to avoid numerical instabilities.
 173   -21.48155530324      -13.50       -6.07    8.09s
    ‖ρε - ρref‖ = 1.1368679749438437e-6 ‖Δρ‖ = 2.0278270117330296e-7  ‖vε - vref‖ = 0.032712564847492284  α = 0.00057

#-- ‖ρε - ρref‖ = 1.2008303727445075e-6 vs. 4.216965034285823e-9 = δ*ε ‖vε - vref‖ = 0.03271216259553064


# --- ε=3.162277660168379e-7

n     Energy            log10(ΔE)   log10(Δρ)   Δtime 
---   ---------------   ---------   ---------   ------
  1   -21.48155450509                   -1.26    12.3s
    ‖ρε - ρref‖ = 0.03478445361490834 ‖Δρ‖ = 0.03478368868517573  ‖vε - vref‖ = 0.5610556310735775  α = 7.86e-6
  2   -21.48155452443       -7.71       -2.33    7.63s
    ‖ρε - ρref‖ = 0.001881529966927516 ‖Δρ‖ = 0.0018813201310767555  ‖vε - vref‖ = 0.4013646370095081  α = 5.25e-5
  3   -21.48155453258       -8.09       -2.56    7.74s
    ‖ρε - ρref‖ = 0.0009682422522659727 ‖Δρ‖ = 0.0009680428910725516  ‖vε - vref‖ = 0.3286662977105612  α = 6.83e-5
  4   -21.48155453808       -8.26       -2.56    7.65s
    ‖ρε - ρref‖ = 0.0010362461389468896 ‖Δρ‖ = 0.0010360674202731708  ‖vε - vref‖ = 0.25475882325920646  α = 5.12e-5
  5   -21.48155454269       -8.34       -3.15    13.7s
    ‖ρε - ρref‖ = 0.00018531064175825526 ‖Δρ‖ = 0.00018514364810940094  ‖vε - vref‖ = 0.18597765439844144  α = 0.000278
  6   -21.48155454398       -8.89       -3.21    7.72s
    ‖ρε - ρref‖ = 0.00019789846799793807 ‖Δρ‖ = 0.00019780251473302263  ‖vε - vref‖ = 0.16007594794100977  α = 0.000134
  7   -21.48155454521       -8.91       -3.31    7.88s
    ‖ρε - ρref‖ = 0.00012340861828849582 ‖Δρ‖ = 0.00012333251096028206  ‖vε - vref‖ = 0.1328279752591434  α = 0.000216
  8   -21.48155454612       -9.04       -3.71    7.88s
    ‖ρε - ρref‖ = 4.679972911946768e-5 ‖Δρ‖ = 4.671791735865177e-5  ‖vε - vref‖ = 0.10877785926422448  α = 0.000488
  9   -21.48155454662       -9.30       -3.77    8.09s
    ‖ρε - ρref‖ = 3.927920556099833e-5 ‖Δρ‖ = 3.9233138587337314e-5  ‖vε - vref‖ = 0.09286885920468314  α = 0.000435
 10   -21.48155454690       -9.55       -3.85    7.91s
    ‖ρε - ρref‖ = 3.2995430943704466e-5 ‖Δρ‖ = 3.2923186739795613e-5  ‖vε - vref‖ = 0.08314556224260332  α = 0.000387
 11   -21.48155454716       -9.59       -3.92    16.2s
    ‖ρε - ρref‖ = 2.584704170094757e-5 ‖Δρ‖ = 2.5798449777420436e-5  ‖vε - vref‖ = 0.07329761375814148  α = 0.000478
 12   -21.48155454719      -10.48       -4.06    8.43s
    ‖ρε - ρref‖ = 3.36927678715623e-5 ‖Δρ‖ = 3.299822847024464e-5  ‖vε - vref‖ = 0.0728168867173011  α = 0.000108
 13   -21.48155454734       -9.82       -3.06    8.14s
    ‖ρε - ρref‖ = 0.0001986606290549303 ‖Δρ‖ = 0.00019885341344103602  ‖vε - vref‖ = 0.06593975193786035  α = 4.59e-5
 14   -21.48155454744      -10.03       -3.92    8.17s
    ‖ρε - ρref‖ = 3.072453561781677e-5 ‖Δρ‖ = 3.079039345832532e-5  ‖vε - vref‖ = 0.06219424606631219  α = 0.000233
 15   -21.48155454752      -10.06       -3.34    7.79s
    ‖ρε - ρref‖ = 0.00011969221280196471 ‖Δρ‖ = 0.00011963939868737729  ‖vε - vref‖ = 0.05801711055586114  α = 5.77e-5
 16   -21.48155454756      -10.43       -3.61    8.06s
    ‖ρε - ρref‖ = 8.259107318572808e-5 ‖Δρ‖ = 8.24744100645548e-5  ‖vε - vref‖ = 0.056074954908939795  α = 5.18e-5
 17   -21.48155454767       -9.95       -4.13    15.5s
    ‖ρε - ρref‖ = 1.6116874342192302e-5 ‖Δρ‖ = 1.6020089637645657e-5  ‖vε - vref‖ = 0.050490207937791444  α = 0.000503
 18   -21.48155454770      -10.48       -4.17    8.03s
    ‖ρε - ρref‖ = 1.919802803569731e-5 ‖Δρ‖ = 1.9274662368351643e-5  ‖vε - vref‖ = 0.048801451280682445  α = 0.000221
 19   -21.48155454777      -10.19       -4.00    8.22s
    ‖ρε - ρref‖ = 2.1993797620541424e-5 ‖Δρ‖ = 2.203321812473389e-5  ‖vε - vref‖ = 0.04539680086530067  α = 0.000276
 20   -21.48155454782      -10.27       -3.97    8.03s
    ‖ρε - ρref‖ = 2.471281157477453e-5 ‖Δρ‖ = 2.456597794504295e-5  ‖vε - vref‖ = 0.042193767526938694  α = 0.000224
 21   -21.48155454789      -10.17       -4.64    8.11s
    ‖ρε - ρref‖ = 4.405606071337914e-6 ‖Δρ‖ = 4.246281112958299e-6  ‖vε - vref‖ = 0.03851665789643018  α = 0.00148
 22   -21.48155454792      -10.56       -4.27    7.98s
    ‖ρε - ρref‖ = 1.2673838233972178e-5 ‖Δρ‖ = 1.273168904136973e-5  ‖vε - vref‖ = 0.036697609098077844  α = 0.000307
 23   -21.48155454794      -10.59       -4.48    8.06s
    ‖ρε - ρref‖ = 6.635597498435531e-6 ‖Δρ‖ = 6.5483041580459055e-6  ‖vε - vref‖ = 0.03514297176380023  α = 0.000597
 24   -21.48155454795      -10.93       -4.42    17.2s
    ‖ρε - ρref‖ = 9.016797460910237e-6 ‖Δρ‖ = 9.336920347714431e-6  ‖vε - vref‖ = 0.03470625100576224  α = 0.000261
 25   -21.48155454796      -11.11       -3.29    8.06s
    ‖ρε - ρref‖ = 0.00014028341295608388 ‖Δρ‖ = 0.0001397166829226835  ‖vε - vref‖ = 0.033956570868441664  α = 1.33e-5
 26   -21.48155454798      -10.80       -4.48    8.01s
    ‖ρε - ρref‖ = 6.773175710796284e-6 ‖Δρ‖ = 6.710815634684606e-6  ‖vε - vref‖ = 0.03300309774696209  α = 0.000455
 27   -21.48155454798      -11.75       -4.22    7.97s
    ‖ρε - ρref‖ = 2.1604864896633505e-5 ‖Δρ‖ = 2.1683619388699678e-5  ‖vε - vref‖ = 0.03288014528416273  α = 4.41e-5
 28   -21.48155454798      -11.34       -4.50    7.56s
    ‖ρε - ρref‖ = 8.950141586289143e-6 ‖Δρ‖ = 9.008889405481105e-6  ‖vε - vref‖ = 0.03269987034283199  α = 0.000169
 29   -21.48155454800      -10.84       -4.08    8.35s
    ‖ρε - ρref‖ = 1.6138247692588208e-5 ‖Δρ‖ = 1.6070497204220616e-5  ‖vε - vref‖ = 0.03183028164495782  α = 0.000178
 30   -21.48155454801      -11.04       -4.42    17.2s
    ‖ρε - ρref‖ = 7.8370342527912e-6 ‖Δρ‖ = 7.713885000441485e-6  ‖vε - vref‖ = 0.03133521043334533  α = 0.000302
 31   -21.48155454801      -11.73       -4.75    7.67s
    ‖ρε - ρref‖ = 5.434230599911413e-6 ‖Δρ‖ = 5.417701160314557e-6  ‖vε - vref‖ = 0.031240362194838864  α = 0.000185
 32   -21.48155454802      -11.03       -4.67    8.04s
    ‖ρε - ρref‖ = 3.936560236941028e-6 ‖Δρ‖ = 3.914270553814643e-6  ‖vε - vref‖ = 0.030823068997215833  α = 0.000593
 33   -21.48155454802      -11.29       -4.47    8.09s
    ‖ρε - ρref‖ = 7.625263640232691e-6 ‖Δρ‖ = 7.432348599879907e-6  ‖vε - vref‖ = 0.030603122216184324  α = 0.00023
 34   -21.48155454803      -11.11       -4.86    8.30s
    ‖ρε - ρref‖ = 2.5425176793224693e-6 ‖Δρ‖ = 2.3537632008765306e-6  ‖vε - vref‖ = 0.030299390933469974  α = 0.000919
 35   -21.48155454803      -11.67       -5.07    8.06s
    ‖ρε - ρref‖ = 2.222355528380647e-6 ‖Δρ‖ = 2.1122034178978484e-6  ‖vε - vref‖ = 0.03022757111651463  α = 0.000515
 36   -21.48155454803      -12.04       -4.87    15.3s
    ‖ρε - ρref‖ = 4.550871594655229e-6 ‖Δρ‖ = 3.895880082717156e-6  ‖vε - vref‖ = 0.030256447001024245  α = 0.000159
 37   -21.48155454804      -11.67       -3.75    7.79s
    ‖ρε - ρref‖ = 3.870136683523286e-5 ‖Δρ‖ = 3.899719720557911e-5  ‖vε - vref‖ = 0.0301416276594408  α = 2.7e-5
 38   -21.48155454804      -11.54       -4.88    8.08s
    ‖ρε - ρref‖ = 2.675060234673573e-6 ‖Δρ‖ = 2.566040322310098e-6  ‖vε - vref‖ = 0.030065524915796636  α = 0.000507
 39   -21.48155454804      -12.31       -4.65    8.09s
    ‖ρε - ρref‖ = 7.345885660303619e-6 ‖Δρ‖ = 7.22426775430466e-6  ‖vε - vref‖ = 0.03006173476794792  α = 6.92e-5
 40   -21.48155454804      -11.76       -4.55    8.34s
    ‖ρε - ρref‖ = 6.448022592600459e-6 ‖Δρ‖ = 6.341396380038823e-6  ‖vε - vref‖ = 0.030031151841722923  α = 0.000155
 41   -21.48155454804      -12.11       -4.51    8.05s
    ‖ρε - ρref‖ = 8.935347448876426e-6 ‖Δρ‖ = 8.977981480352165e-6  ‖vε - vref‖ = 0.030015399620077432  α = 6.89e-5
 42   -21.48155454804      -11.87       -4.94    16.7s
    ‖ρε - ρref‖ = 2.752279786180392e-6 ‖Δρ‖ = 2.482139799768789e-6  ‖vε - vref‖ = 0.03000926625475379  α = 0.000353
 43   -21.48155454805      -11.83       -5.18    8.04s
    ‖ρε - ρref‖ = 1.55380952399661e-6 ‖Δρ‖ = 1.2932790823752698e-6  ‖vε - vref‖ = 0.03000411480779983  α = 0.000718
 44   -21.48155454805      -12.18       -4.69    8.01s
    ‖ρε - ρref‖ = 5.122136580125935e-6 ‖Δρ‖ = 5.127589797204829e-6  ‖vε - vref‖ = 0.029990824605264674  α = 0.000119
 45   -21.48155454805      -11.93       -5.07    8.05s
    ‖ρε - ρref‖ = 1.8450995936714062e-6 ‖Δρ‖ = 1.684933507413102e-6  ‖vε - vref‖ = 0.029988021938380086  α = 0.000491
 46   -21.48155454805      -12.00       -4.99    7.90s
    ‖ρε - ρref‖ = 2.403281834455218e-6 ‖Δρ‖ = 2.045972964018639e-6  ‖vε - vref‖ = 0.030017097516224275  α = 0.00037
 47   -21.48155454805      -12.19       -5.10    8.06s
    ‖ρε - ρref‖ = 1.886986640987203e-6 ‖Δρ‖ = 1.710150261752325e-6  ‖vε - vref‖ = 0.03002434025945372  α = 0.000358
 48   -21.48155454805      -12.50       -5.22    16.3s
    ‖ρε - ρref‖ = 1.2846345320517504e-6 ‖Δρ‖ = 1.6672622806784296e-6  ‖vε - vref‖ = 0.03003871166658594  α = 0.000222
 49   -21.48155454805      -12.27       -3.98    8.16s
    ‖ρε - ρref‖ = 2.4296792758757744e-5 ‖Δρ‖ = 2.3942998085976553e-5  ‖vε - vref‖ = 0.0300368184254177  α = 2.14e-5
 50   -21.48155454805      -11.82       -5.32    8.44s
    ‖ρε - ρref‖ = 1.2074290570902835e-6 ‖Δρ‖ = 7.64419777975817e-7  ‖vε - vref‖ = 0.03008969471036658  α = 0.00124
 51   -21.48155454805      -12.79       -4.97    8.15s
    ‖ρε - ρref‖ = 3.408000322679992e-6 ‖Δρ‖ = 3.368827821039916e-6  ‖vε - vref‖ = 0.0300921112408688  α = 8.16e-5
 52   -21.48155454805      -12.59       -4.76    8.13s
    ‖ρε - ρref‖ = 4.650412843272076e-6 ‖Δρ‖ = 4.609321192167042e-6  ‖vε - vref‖ = 0.03010051165671622  α = 8.04e-5
 53   -21.48155454805      -12.79       -5.24    8.17s
    ‖ρε - ρref‖ = 1.9664825582726766e-6 ‖Δρ‖ = 1.6281648367704748e-6  ‖vε - vref‖ = 0.030115007508927795  α = 0.000197
 54   -21.48155454805      -12.10       -4.82    7.99s
    ‖ρε - ρref‖ = 2.8507324619105375e-6 ‖Δρ‖ = 2.7107947476509466e-6  ‖vε - vref‖ = 0.030153789165444318  α = 0.000247
 55   -21.48155454805      -12.37       -5.37    16.8s
    ‖ρε - ρref‖ = 1.2771686478503776e-6 ‖Δρ‖ = 8.765325345399445e-7  ‖vε - vref‖ = 0.030176474473894675  α = 0.000548
 56   -21.48155454805      -12.57       -5.22    8.08s
    ‖ρε - ρref‖ = 1.6290225729565822e-6 ‖Δρ‖ = 1.3762690574770851e-6  ‖vε - vref‖ = 0.0301913465598314  α = 0.00029
 57   -21.48155454805      -12.52       -4.96    8.32s
    ‖ρε - ρref‖ = 2.5265953871131072e-6 ‖Δρ‖ = 2.437220475644881e-6  ‖vε - vref‖ = 0.03020198540903268  α = 0.000165
 58   -21.48155454805      -12.35       -5.33    8.26s
    ‖ρε - ρref‖ = 1.2288536182055896e-6 ‖Δρ‖ = 8.440361103637941e-7  ‖vε - vref‖ = 0.030230693571261194  α = 0.000623
 59   -21.48155454805      -12.65       -5.47    8.00s
    ‖ρε - ρref‖ = 1.267863197420575e-6 ‖Δρ‖ = 7.628564358338343e-7  ‖vε - vref‖ = 0.030255997016135617  α = 0.000463
 60   -21.48155454805      -13.25       -5.18    8.03s
    ‖ρε - ρref‖ = 2.8486065192221723e-6 ‖Δρ‖ = 2.144666954555089e-6  ‖vε - vref‖ = 0.030267667816387636  α = 7.57e-5
 61   -21.48155454806      -12.48       -4.35    15.8s
    ‖ρε - ρref‖ = 8.158175964392096e-6 ‖Δρ‖ = 8.43435484004374e-6  ‖vε - vref‖ = 0.030282731594015243  α = 4.94e-5
 62   -21.48155454806      -12.85       -5.49    8.11s
    ‖ρε - ρref‖ = 1.1639873153064485e-6 ‖Δρ‖ = 7.408855064613016e-7  ‖vε - vref‖ = 0.030295401527370744  α = 0.000401
 63   -21.48155454806      -12.70       -5.59    8.05s
    ‖ρε - ρref‖ = 1.0989740105225991e-6 ‖Δρ‖ = 5.693706559146581e-7  ‖vε - vref‖ = 0.030322663673683133  α = 0.000588
 64   -21.48155454806      -12.51       -4.43    8.25s
    ‖ρε - ρref‖ = 7.136182113559504e-6 ‖Δρ‖ = 7.076466558930362e-6  ‖vε - vref‖ = 0.030349980352668476  α = 5.78e-5
 65   -21.48155454806      -12.81       -5.28    8.00s
    ‖ρε - ρref‖ = 1.4178808744928922e-6 ‖Δρ‖ = 1.266491356974766e-6  ‖vε - vref‖ = 0.030362668785078126  α = 0.000212
 66   -21.48155454806      -12.89       -4.95    8.19s
    ‖ρε - ρref‖ = 2.8744209309856853e-6 ‖Δρ‖ = 2.7080609989565756e-6  ‖vε - vref‖ = 0.030375968503156492  α = 0.000104
 67   -21.48155454806      -12.75       -5.41    15.8s
    ‖ρε - ρref‖ = 1.2445059576428997e-6 ‖Δρ‖ = 7.9338841533693e-7  ‖vε - vref‖ = 0.03040008997235045  α = 0.000401
 68   -21.48155454806      -12.66       -5.48    8.28s
    ‖ρε - ρref‖ = 1.1491877440757342e-6 ‖Δρ‖ = 6.46295791938312e-7  ‖vε - vref‖ = 0.030431313423576512  α = 0.000548
 69   -21.48155454806      -13.02       -5.41    8.21s
    ‖ρε - ρref‖ = 1.3392126353126297e-6 ‖Δρ‖ = 9.918174563993815e-7  ‖vε - vref‖ = 0.030443108172728228  α = 0.000231
 70   -21.48155454806      -12.64       -5.17    8.27s
    ‖ρε - ρref‖ = 1.4590058505361542e-6 ‖Δρ‖ = 1.2517276374310114e-6  ‖vε - vref‖ = 0.030462767198025292  α = 0.00029
 71   -21.48155454806      -12.99       -5.74    8.00s
    ‖ρε - ρref‖ = 1.0094005450276734e-6 ‖Δρ‖ = 4.1298186964459243e-7  ‖vε - vref‖ = 0.03047985545786681  α = 0.000652
 72   -21.48155454806      -13.34       -5.25    8.13s
    ‖ρε - ρref‖ = 1.7823152494863924e-6 ‖Δρ‖ = 2.396009873132613e-6  ‖vε - vref‖ = 0.03048202908346718  α = 3.4e-5
 73   -21.48155454806      -12.61       -4.85    8.10s
    ‖ρε - ρref‖ = 2.8943129189075713e-6 ‖Δρ‖ = 2.57200800009002e-6  ‖vε - vref‖ = 0.030519746376122907  α = 0.000143
 74   -21.48155454806      -13.13       -5.57    16.7s
    ‖ρε - ρref‖ = 1.0343529605933485e-6 ‖Δρ‖ = 6.873865254602175e-7  ‖vε - vref‖ = 0.030528692994390136  α = 0.000312
 75   -21.48155454806      -12.65       -5.60    8.07s
    ‖ρε - ρref‖ = 1.0342398116996336e-6 ‖Δρ‖ = 4.534335001441001e-7  ‖vε - vref‖ = 0.030569083939175422  α = 0.000801
 76   -21.48155454806      -13.05       -4.61    8.03s
    ‖ρε - ρref‖ = 6.505443054100643e-6 ‖Δρ‖ = 6.3574433422005005e-6  ‖vε - vref‖ = 0.030584102474658995  α = 3.27e-5
 77   -21.48155454806      -12.94       -5.56    8.06s
    ‖ρε - ρref‖ = 1.1010652378846776e-6 ‖Δρ‖ = 5.993438689094476e-7  ‖vε - vref‖ = 0.030599112531042326  α = 0.000397
 78   -21.48155454806      -13.67       -5.25    8.12s
    ‖ρε - ρref‖ = 1.8482492347530955e-6 ‖Δρ‖ = 1.7850370094764261e-6  ‖vε - vref‖ = 0.03060252048026236  α = 7.14e-5
 79   -21.48155454806      -13.00       -5.69    7.94s
    ‖ρε - ρref‖ = 9.597086785084864e-7 ‖Δρ‖ = 4.801574575769367e-7  ‖vε - vref‖ = 0.030611511441703983  α = 0.000471
 80   -21.48155454806      -12.67       -5.64    15.7s
    ‖ρε - ρref‖ = 1.0122734095258906e-6 ‖Δρ‖ = 4.197495573912738e-7  ‖vε - vref‖ = 0.030644723697627246  α = 0.000813
 81   -21.48155454806      -13.13       -5.40    8.15s
    ‖ρε - ρref‖ = 1.2872784167574452e-6 ‖Δρ‖ = 9.212637903215618e-7  ‖vε - vref‖ = 0.0306599206155426  α = 0.000244
 82   -21.48155454806      -13.30       -5.47    8.21s
    ‖ρε - ρref‖ = 1.3676268757173361e-6 ‖Δρ‖ = 9.935533450850147e-7  ‖vε - vref‖ = 0.030670318222860708  α = 0.000168
 83   -21.48155454806      -12.54       -5.54    8.07s
    ‖ρε - ρref‖ = 1.0058149174476952e-6 ‖Δρ‖ = 4.605061790654192e-7  ‖vε - vref‖ = 0.03072896526727672  α = 0.000927
 84   -21.48155454806      -13.75       -5.06    8.02s
    ‖ρε - ρref‖ = 5.255146300618361e-6 ‖Δρ‖ = 4.4831580746311334e-6  ‖vε - vref‖ = 0.030730730570907288  α = 1.1e-5
 85   -21.48155454806      -13.02       -5.61    8.20s
    ‖ρε - ρref‖ = 1.0060966454513805e-6 ‖Δρ‖ = 5.32977528540478e-7  ‖vε - vref‖ = 0.030746292163363362  α = 0.000482
 86   -21.48155454806      -12.86       -5.55    15.4s
    ‖ρε - ρref‖ = 1.0690319726837913e-6 ‖Δρ‖ = 5.90715137651429e-7  ‖vε - vref‖ = 0.030760939540891645  α = 0.000426
 87   -21.48155454806      -13.03       -5.61    8.07s
    ‖ρε - ρref‖ = 9.916899639947467e-7 ‖Δρ‖ = 5.856572311047738e-7  ‖vε - vref‖ = 0.030770495682371068  α = 0.000382
 88   -21.48155454806      -13.60       -4.98    8.27s
    ‖ρε - ρref‖ = 3.4194824213593496e-6 ‖Δρ‖ = 3.39484051036971e-6  ‖vε - vref‖ = 0.0307732772144168  α = 3.86e-5
 89   -21.48155454806      -12.97       -5.46    8.42s
    ‖ρε - ρref‖ = 1.2681250137294548e-6 ‖Δρ‖ = 7.634768979858148e-7  ‖vε - vref‖ = 0.0307951358992468  α = 0.00032
 90   -21.48155454806      -13.41       -5.58    7.96s
    ‖ρε - ρref‖ = 1.2480450283369137e-6 ‖Δρ‖ = 7.028549501116155e-7  ‖vε - vref‖ = 0.030808411395684243  α = 0.000244
 91   -21.48155454806      -12.85       -5.09    8.07s
    ‖ρε - ρref‖ = 1.9104169713334593e-6 ‖Δρ‖ = 1.7000257811165507e-6  ‖vε - vref‖ = 0.030832280049173395  α = 0.000156
 92   -21.48155454806      -12.94       -5.75    17.0s
    ‖ρε - ρref‖ = 9.363902222328505e-7 ‖Δρ‖ = 3.8152747113262444e-7  ‖vε - vref‖ = 0.030846577098040933  α = 0.000685
 93   -21.48155454806      -12.71       -5.69    8.31s
    ‖ρε - ρref‖ = 1.0075477106331323e-6 ‖Δρ‖ = 4.051120516522165e-7  ‖vε - vref‖ = 0.030877616224219626  α = 0.00081
 94   -21.48155454806      -12.92       -5.23    8.13s
    ‖ρε - ρref‖ = 1.60632215073298e-6 ‖Δρ‖ = 1.3724190470623627e-6  ‖vε - vref‖ = 0.03089472901071907  α = 0.000195
 95   -21.48155454806      -12.99       -5.25    8.15s
    ‖ρε - ρref‖ = 1.7757910922443363e-6 ‖Δρ‖ = 1.4610140800073382e-6  ‖vε - vref‖ = 0.030907843644146518  α = 0.000154
 96   -21.48155454806   +    -Inf       -5.17    7.45s
    ‖ρε - ρref‖ = 2.906944166625502e-6 ‖Δρ‖ = 3.599360126334227e-6  ‖vε - vref‖ = 0.030907864470225668  α = 1.34e-5
 97   -21.48155454806      -12.76       -5.51    7.97s
    ‖ρε - ρref‖ = 1.1237838168465776e-6 ‖Δρ‖ = 6.03252346173735e-7  ‖vε - vref‖ = 0.030933297882589847  α = 0.000513
 98   -21.48155454806      -12.68       -5.47    8.20s
    ‖ρε - ρref‖ = 1.14623350430325e-6 ‖Δρ‖ = 6.686376699709297e-7  ‖vε - vref‖ = 0.030965437547911284  α = 0.000516
 99   -21.48155454806      -12.75       -5.68    16.3s
    ‖ρε - ρref‖ = 9.887364041490995e-7 ‖Δρ‖ = 4.265966973868413e-7  ‖vε - vref‖ = 0.030985106649930347  α = 0.000732
 100   -21.48155454806      -13.67       -4.95    8.11s
    ‖ρε - ρref‖ = 3.89757468754336e-6 ‖Δρ‖ = 3.783395908302467e-6  ‖vε - vref‖ = 0.030989005783236382  α = 3.31e-5
 101   -21.48155454806      -13.13       -5.57    8.18s
    ‖ρε - ρref‖ = 1.0675270810501505e-6 ‖Δρ‖ = 7.263181576624066e-7  ‖vε - vref‖ = 0.030993764784651653  α = 0.000284
 102   -21.48155454806      -12.62       -5.62    7.99s
    ‖ρε - ρref‖ = 1.010897036370232e-6 ‖Δρ‖ = 4.818407940584104e-7  ‖vε - vref‖ = 0.031025063038699816  α = 0.000755
 103   -21.48155454806      -12.71       -4.75    8.06s
    ‖ρε - ρref‖ = 4.136820340560551e-6 ‖Δρ‖ = 3.879285283162214e-6  ‖vε - vref‖ = 0.03104711445760799  α = 8.24e-5
 104   -21.48155454806      -12.82       -5.39    7.79s
    ‖ρε - ρref‖ = 1.2169471835774763e-6 ‖Δρ‖ = 9.394223232395749e-7  ‖vε - vref‖ = 0.03105715424375146  α = 0.000299
 105   -21.48155454806      -12.66       -5.66    16.7s
    ‖ρε - ρref‖ = 9.935602573498092e-7 ‖Δρ‖ = 4.1554066965250216e-7  ‖vε - vref‖ = 0.03107594479224564  α = 0.000864
 106   -21.48155454806      -13.00       -5.70    8.04s
    ‖ρε - ρref‖ = 1.0715424031851737e-6 ‖Δρ‖ = 5.01206748739694e-7  ‖vε - vref‖ = 0.03108676483793488  α = 0.000449
 107   -21.48155454806      -12.99       -5.20    8.05s
    ‖ρε - ρref‖ = 1.4830615122047912e-6 ‖Δρ‖ = 1.5753793356295849e-6  ‖vε - vref‖ = 0.031095393762190022  α = 0.00014
 108   -21.48155454806      -13.67       -4.46    8.09s
    ‖ρε - ρref‖ = 1.1762857304243526e-5 ‖Δρ‖ = 1.1164480707809177e-5  ‖vε - vref‖ = 0.031099038990206856  α = 1.2e-5
 109   -21.48155454806      -12.85       -5.40    8.07s
    ‖ρε - ρref‖ = 1.2014415474875724e-6 ‖Δρ‖ = 8.932028272425951e-7  ‖vε - vref‖ = 0.031107461525339622  α = 0.000296
 110   -21.48155454806      -12.81       -5.61    7.86s
    ‖ρε - ρref‖ = 1.0792081533088104e-6 ‖Δρ‖ = 5.186913110064474e-7  ‖vε - vref‖ = 0.031122090216090262  α = 0.000577
 111   -21.48155454806      -12.70       -5.70    8.12s
    ‖ρε - ρref‖ = 9.997675576594144e-7 ‖Δρ‖ = 3.8760438579285765e-7  ‖vε - vref‖ = 0.031136114057518094  α = 0.00084
 112   -21.48155454806      -13.50       -4.96    16.9s
    ‖ρε - ρref‖ = 3.4969629638342806e-6 ‖Δρ‖ = 3.4158664455034767e-6  ‖vε - vref‖ = 0.031136379951806233  α = 4.48e-5
 113   -21.48155454806      -12.65       -5.17    7.75s
    ‖ρε - ρref‖ = 1.4805942527193637e-6 ‖Δρ‖ = 1.2499554371716162e-6  ‖vε - vref‖ = 0.03113981871842842  α = 0.000285
 114   -21.48155454806      -13.11       -5.69    8.40s
    ‖ρε - ρref‖ = 1.0142526784002813e-6 ‖Δρ‖ = 5.506999093191257e-7  ‖vε - vref‖ = 0.031139606483559235  α = 0.000338
 115   -21.48155454806      -13.27       -5.28    7.82s
    ‖ρε - ρref‖ = 1.5931206818060041e-6 ‖Δρ‖ = 1.4887686868441352e-6  ‖vε - vref‖ = 0.031141401952947702  α = 0.000114
 116   -21.48155454806      -12.81       -5.31    7.99s
    ‖ρε - ρref‖ = 1.452344018053184e-6 ‖Δρ‖ = 9.82007036335251e-7  ‖vε - vref‖ = 0.03115466533416944  α = 0.000297
 117   -21.48155454806      -13.02       -5.69    8.03s
    ‖ρε - ρref‖ = 1.0293553085309464e-6 ‖Δρ‖ = 4.62506266095019e-7  ‖vε - vref‖ = 0.03116162756995284  α = 0.000532
 118   -21.48155454806      -12.77       -5.73    16.7s
    ‖ρε - ρref‖ = 9.715878176065117e-7 ‖Δρ‖ = 3.5839445918710767e-7  ‖vε - vref‖ = 0.031165373721755034  α = 0.000867
 119   -21.48155454806      -13.60       -5.28    7.99s
    ‖ρε - ρref‖ = 2.719531361058697e-6 ‖Δρ‖ = 2.0086073642515194e-6  ‖vε - vref‖ = 0.031167567529930676  α = 4.64e-5
 120   -21.48155454806      -13.11       -4.73    7.92s
    ‖ρε - ρref‖ = 4.708497215003211e-6 ‖Δρ‖ = 4.934025506771648e-6  ‖vε - vref‖ = 0.031164542983867633  α = 3.9e-5
 121   -21.48155454806      -13.25       -5.28    8.01s
    ‖ρε - ρref‖ = 1.5227131999688168e-6 ‖Δρ‖ = 1.3153659838047462e-6  ‖vε - vref‖ = 0.031161039910887502  α = 0.000149
 122   -21.48155454806      -12.82       -5.81    8.06s
    ‖ρε - ρref‖ = 9.307100537150463e-7 ‖Δρ‖ = 3.011334812529654e-7  ‖vε - vref‖ = 0.031154777778828444  α = 0.000955
 123   -21.48155454806      -12.89       -5.54    7.97s
    ‖ρε - ρref‖ = 1.1167121602413679e-6 ‖Δρ‖ = 5.809060064407074e-7  ‖vε - vref‖ = 0.031153417270182004  α = 0.000482
 124   -21.48155454806      -13.27       -5.27    15.6s
    ‖ρε - ρref‖ = 1.909487794975516e-6 ‖Δρ‖ = 1.6598131986415053e-6  ‖vε - vref‖ = 0.03115369307836767  α = 8.42e-5
 125   -21.48155454806      -13.07       -5.00    8.23s
    ‖ρε - ρref‖ = 2.27547017622235e-6 ‖Δρ‖ = 2.1544549041014023e-6  ‖vε - vref‖ = 0.03114787802958738  α = 0.000115
 126   -21.48155454806      -12.87       -5.97    8.06s
    ‖ρε - ρref‖ = 9.230405516621546e-7 ‖Δρ‖ = 2.0383997088191046e-7  ‖vε - vref‖ = 0.031148163730640003  α = 0.00127
 127   -21.48155454806      -13.67       -5.25    8.01s
    ‖ρε - ρref‖ = 1.9507488857144558e-6 ‖Δρ‖ = 1.611167861075259e-6  ‖vε - vref‖ = 0.031148263546147588  α = 8.27e-5
 128   -21.48155454806      -13.15       -5.47    7.92s
    ‖ρε - ρref‖ = 1.1654473171764263e-6 ‖Δρ‖ = 8.010356487235522e-7  ‖vε - vref‖ = 0.03114693608612033  α = 0.000235
 129   -21.48155454806      -12.99       -5.64    8.04s
    ‖ρε - ρref‖ = 1.0816120851026333e-6 ‖Δρ‖ = 4.6870027753084016e-7  ‖vε - vref‖ = 0.031148144825572384  α = 0.000514
 130   -21.48155454806      -13.00       -5.60    7.83s
    ‖ρε - ρref‖ = 9.989687585191959e-7 ‖Δρ‖ = 5.453737214903916e-7  ‖vε - vref‖ = 0.031138831147874805  α = 0.000407
 131   -21.48155454806      -14.45       -5.50    46.0s
    ‖ρε - ρref‖ = 9.214928708500822e-7 ‖Δρ‖ = 1.5297460187429195e-6  ‖vε - vref‖ = 0.03113883110667641  α = 5.1e-10
 132   -21.48155454806      -12.89       -5.17    7.98s
    ‖ρε - ρref‖ = 1.50525924246526e-6 ‖Δρ‖ = 1.2190463807701895e-6  ‖vε - vref‖ = 0.03112566497520821  α = 0.000239
 133   -21.48155454806      -13.34       -5.40    7.91s
    ‖ρε - ρref‖ = 1.4254242138856174e-6 ‖Δρ‖ = 1.2161747644123151e-6  ‖vε - vref‖ = 0.031123414993705863  α = 9.85e-5
 134   -21.48155454806      -13.34       -5.86    17.4s
    ‖ρε - ρref‖ = 9.298814752926213e-7 ‖Δρ‖ = 3.0999539238319745e-7  ‖vε - vref‖ = 0.031118041445392906  α = 0.000619
 135   -21.48155454806      -12.86       -5.60    7.68s
    ‖ρε - ρref‖ = 1.0469941486874065e-6 ‖Δρ‖ = 4.578006652518446e-7  ‖vε - vref‖ = 0.03110803970296034  α = 0.000602
 136   -21.48155454806      -13.97       -5.18    7.91s
    ‖ρε - ρref‖ = 2.514855879566952e-6 ‖Δρ‖ = 2.40637681522277e-6  ‖vε - vref‖ = 0.031105987253427114  α = 3.6e-5
 137   -21.48155454806      -13.00       -5.64    8.14s
    ‖ρε - ρref‖ = 1.0536126667880828e-6 ‖Δρ‖ = 4.954024782317312e-7  ‖vε - vref‖ = 0.031102098429579197  α = 0.000469
 138   -21.48155454806      -12.78       -5.46    8.10s
    ‖ρε - ρref‖ = 1.0379405644013249e-6 ‖Δρ‖ = 6.144297356020836e-7  ‖vε - vref‖ = 0.03108816510200752  α = 0.000505
 139   -21.48155454806      -13.55       -5.51    8.27s
    ‖ρε - ρref‖ = 1.280431234201962e-6 ‖Δρ‖ = 9.621861354467968e-7  ‖vε - vref‖ = 0.0310861230930041  α = 0.000126
 140   -21.48155454806      -13.05       -5.37    16.9s
    ‖ρε - ρref‖ = 1.5029126312669287e-6 ‖Δρ‖ = 9.359405670583057e-7  ‖vε - vref‖ = 0.031081066008385477  α = 0.000231
 141   -21.48155454806      -12.97       -5.85    8.13s
    ‖ρε - ρref‖ = 8.689379202329133e-7 ‖Δρ‖ = 3.0043677369275035e-7  ‖vε - vref‖ = 0.031062344005305623  α = 0.000789
 142   -21.48155454806      -12.88       -5.40    8.04s
    ‖ρε - ρref‖ = 1.1751536918675716e-6 ‖Δρ‖ = 7.523948131342237e-7  ‖vε - vref‖ = 0.031043859369805346  α = 0.000358
 143   -21.48155454806      -14.15       -5.55    7.80s
    ‖ρε - ρref‖ = 1.5800141773810407e-6 ‖Δρ‖ = 8.900035015984194e-7  ‖vε - vref‖ = 0.031043127420775876  α = 9.07e-5
 144   -21.48155454806      -13.27       -4.79    8.08s
    ‖ρε - ρref‖ = 3.7353957314513433e-6 ‖Δρ‖ = 3.878695039931617e-6  ‖vε - vref‖ = 0.031036836356889835  α = 4.03e-5
 145   -21.48155454806      -13.50       -5.50    8.09s
    ‖ρε - ρref‖ = 1.333334286399957e-6 ‖Δρ‖ = 9.521363694166975e-7  ‖vε - vref‖ = 0.031034322292068754  α = 0.000121
 146   -21.48155454806      -13.19       -5.77    7.98s
    ‖ρε - ρref‖ = 1.0205968046289364e-6 ‖Δρ‖ = 3.3437892739570127e-7  ‖vε - vref‖ = 0.031032014080309644  α = 0.000606
 147   -21.48155454806      -14.15       -5.65    16.9s
    ‖ρε - ρref‖ = 1.0109189930752395e-6 ‖Δρ‖ = 6.098015913561786e-7  ‖vε - vref‖ = 0.0310279430550725  α = 0.000186
 148   -21.48155454806      -13.50       -5.11    8.07s
    ‖ρε - ρref‖ = 2.3339963864593225e-6 ‖Δρ‖ = 2.1817400306118555e-6  ‖vε - vref‖ = 0.031025070270098196  α = 4.92e-5
 149   -21.48155454806      -13.25       -5.64    7.73s
    ‖ρε - ρref‖ = 9.728798458862185e-7 ‖Δρ‖ = 4.4265707029787976e-7  ‖vε - vref‖ = 0.031011708256810457  α = 0.000419
 150   -21.48155454806      -13.15       -5.56    8.27s
    ‖ρε - ρref‖ = 1.0636852387207322e-6 ‖Δρ‖ = 5.38872208321844e-7  ‖vε - vref‖ = 0.031003113883979794  α = 0.000342
 151   -21.48155454806      -13.97       -5.40    7.90s
    ‖ρε - ρref‖ = 1.454943428653423e-6 ‖Δρ‖ = 1.2701566401493908e-6  ‖vε - vref‖ = 0.03100113570403184  α = 6.14e-5
 152   -21.48155454806      -13.55       -5.86    7.92s
    ‖ρε - ρref‖ = 1.0416111763342909e-6 ‖Δρ‖ = 3.0530276620909394e-7  ‖vε - vref‖ = 0.031001241627937617  α = 0.000384
 153   -21.48155454806      -13.60       -5.42    16.6s
    ‖ρε - ρref‖ = 1.0594880407072242e-6 ‖Δρ‖ = 8.321155437719816e-7  ‖vε - vref‖ = 0.030994746349676288  α = 0.000162
 154   -21.48155454806      -13.55       -5.76    8.03s
    ‖ρε - ρref‖ = 1.1436972505579041e-6 ‖Δρ‖ = 3.975693825469914e-7  ‖vε - vref‖ = 0.03099294728622803  α = 0.000262
 155   -21.48155454806      -13.85       -4.63    8.02s
    ‖ρε - ρref‖ = 5.230863474924159e-6 ‖Δρ‖ = 5.5055130582922185e-6  ‖vε - vref‖ = 0.03098915033618219  α = 1.83e-5
 156   -21.48155454806      -13.50       -5.58    8.08s
    ‖ρε - ρref‖ = 1.0855333686136662e-6 ‖Δρ‖ = 5.621190118325209e-7  ‖vε - vref‖ = 0.03098339961280383  α = 0.000252
 157   -21.48155454806      -13.55       -5.41    8.21s
    ‖ρε - ρref‖ = 1.268094730891876e-6 ‖Δρ‖ = 8.742354006900127e-7  ‖vε - vref‖ = 0.030978134777512798  α = 0.000148
 158   -21.48155454807      -13.50       -6.02    8.07s
    ‖ρε - ρref‖ = 8.901264617314046e-7 ‖Δρ‖ = 2.694409132313221e-7  ‖vε - vref‖ = 0.03097226889097687  α = 0.000363
 159   -21.48155454807      -14.45       -5.56    28.3s
    ‖ρε - ρref‖ = 1.378267182770274e-6 ‖Δρ‖ = 1.0171476433817862e-6  ‖vε - vref‖ = 0.03097226888833792  α = 4.26e-11
 160   -21.48155454807   +    -Inf       -4.12    8.05s
    ‖ρε - ρref‖ = 2.77745076753211e-5 ‖Δρ‖ = 2.773540408289445e-5  ‖vε - vref‖ = 0.030971185319956417  α = 1.86e-6
 161   -21.48155454807      -13.55       -5.76    8.17s
    ‖ρε - ρref‖ = 9.468379790675373e-7 ‖Δρ‖ = 3.812489441875502e-7  ‖vε - vref‖ = 0.03095953838230991  α = 0.00039
 162   -21.48155454807      -13.25       -5.60    7.89s
    ‖ρε - ρref‖ = 1.005040833388724e-6 ‖Δρ‖ = 4.962635258853648e-7  ‖vε - vref‖ = 0.030950825360747208  α = 0.000325
 163   -21.48155454807      -13.60       -5.49    8.00s
    ‖ρε - ρref‖ = 1.1823800456407116e-6 ‖Δρ‖ = 7.490489329734865e-7  ‖vε - vref‖ = 0.030946477733150582  α = 0.000174
 164   -21.48155454807      -13.97       -5.30    8.00s
    ‖ρε - ρref‖ = 1.6395866940530606e-6 ‖Δρ‖ = 1.175713564001079e-6  ‖vε - vref‖ = 0.03094314871500724  α = 0.000104
 165   -21.48155454807      -13.60       -5.36    17.2s
    ‖ρε - ρref‖ = 9.16006868449894e-7 ‖Δρ‖ = 1.0860068459255442e-6  ‖vε - vref‖ = 0.030942341659548452  α = 4.62e-5
 166   -21.48155454807      -14.45       -5.09    10.6s
    ‖ρε - ρref‖ = 2.509702591415367e-6 ‖Δρ‖ = 2.0029850009868653e-6  ‖vε - vref‖ = 0.030942286353667088  α = 3.81e-6
 167   -21.48155454807      -13.41       -5.56    8.03s
    ‖ρε - ρref‖ = 1.0901341858721205e-6 ‖Δρ‖ = 6.030613458441241e-7  ‖vε - vref‖ = 0.030941249854064712  α = 0.000223
 168   -21.48155454807      -13.85       -5.69    8.02s
    ‖ρε - ρref‖ = 1.07677692387012e-6 ‖Δρ‖ = 5.472208031957506e-7  ‖vε - vref‖ = 0.030940467873869816  α = 0.000177
 169   -21.48155454807      -13.41       -5.69    7.89s
    ‖ρε - ρref‖ = 1.006082280217512e-6 ‖Δρ‖ = 3.9443103347709073e-7  ‖vε - vref‖ = 0.03093894194156985  α = 0.000392
 170   -21.48155454807      -13.45       -5.68    7.94s
    ‖ρε - ρref‖ = 9.495196228367079e-7 ‖Δρ‖ = 4.6116525049535685e-7  ‖vε - vref‖ = 0.030932289822969614  α = 0.000246
 171   -21.48155454807   +    -Inf       -5.84    18.5s
    ‖ρε - ρref‖ = 1.039309974748641e-6 ‖Δρ‖ = 4.1279600700818897e-7  ‖vε - vref‖ = 0.03093167087487248  α = 4.65e-5
 172   -21.48155454807      -13.75       -5.20    8.19s
    ‖ρε - ρref‖ = 1.6977459097005173e-6 ‖Δρ‖ = 1.3602456124385528e-6  ‖vε - vref‖ = 0.0309272862068241  α = 9.14e-5
 173   -21.48155454807      -13.41       -5.70    8.17s
    ‖ρε - ρref‖ = 9.260971356913406e-7 ‖Δρ‖ = 3.9566201150429184e-7  ‖vε - vref‖ = 0.03091926040171738  α = 0.000328
 174   -21.48155454807   +    -Inf       -5.85    7.98s
    ‖ρε - ρref‖ = 9.56709913619397e-7 ‖Δρ‖ = 3.9225167122326873e-7  ‖vε - vref‖ = 0.030917172334326785  α = 0.000161
 175   -21.48155454807   +    -Inf       -5.78    7.99s
    ‖ρε - ρref‖ = 1.0736474590242964e-6 ‖Δρ‖ = 4.75405220661204e-7  ‖vε - vref‖ = 0.03091575378512514  α = 0.000139
Trying again with Newton's method ...
n     Energy            log10(ΔE)   log10(Δρ)   Δtime 
---   ---------------   ---------   ---------   ------
  1   -21.48155454807                   -8.33     483s
    ‖ρε - ρref‖ = 9.006484213981544e-7 ‖Δρ‖ = 5.085869778922203e-10  ‖vε - vref‖ = 0.030886913066577013
  2   -21.48155454807      -12.58       -8.46     477s
    ‖ρε - ρref‖ = 9.006292708834678e-7 ‖Δρ‖ = 3.8344608450895063e-10  ‖vε - vref‖ = 0.03084536281715417
    Stopping to avoid numerical instabilities.

#-- ‖ρε - ρref‖ = 9.006292708834678e-7 vs. 3.162277660168379e-9 = δ*ε ‖vε - vref‖ = 0.03084536281715417


# --- ε=2.3713737056616554e-7

n     Energy            log10(ΔE)   log10(Δρ)   Δtime 
---   ---------------   ---------   ---------   ------
  1   -21.48155394940                   -1.26    14.3s
    ‖ρε - ρref‖ = 0.034782061116109673 ‖Δρ‖ = 0.034781487498685794  ‖vε - vref‖ = 0.5620472272563852  α = 5.9e-6
  2   -21.48155396390       -7.84       -2.33    8.78s
    ‖ρε - ρref‖ = 0.0018818216779480678 ‖Δρ‖ = 0.0018816643590834504  ‖vε - vref‖ = 0.4026360532879245  α = 3.94e-5
  3   -21.48155397002       -8.21       -2.56    9.00s
    ‖ρε - ρref‖ = 0.0009680794019167291 ‖Δρ‖ = 0.0009679299289651728  ‖vε - vref‖ = 0.33010285610951545  α = 5.12e-5
  4   -21.48155397415       -8.38       -2.56    8.91s
    ‖ρε - ρref‖ = 0.0010367599925685698 ‖Δρ‖ = 0.001036625967856425  ‖vε - vref‖ = 0.25642556058364835  α = 3.84e-5
  5   -21.48155397761       -8.46       -3.15    8.43s
    ‖ρε - ρref‖ = 0.0001853334651073663 ‖Δρ‖ = 0.00018520865084194291  ‖vε - vref‖ = 0.18793015371911465  α = 0.000209
  6   -21.48155397858       -9.01       -3.21    15.6s
    ‖ρε - ρref‖ = 0.00019771270824750367 ‖Δρ‖ = 0.00019764106100409297  ‖vε - vref‖ = 0.1622003687989832  α = 0.0001
  7   -21.48155397950       -9.04       -3.31    7.82s
    ‖ρε - ρref‖ = 0.0001237072777738275 ‖Δρ‖ = 0.00012365073327824582  ‖vε - vref‖ = 0.13516404877115626  α = 0.000161
  8   -21.48155398019       -9.16       -3.71    7.97s
    ‖ρε - ρref‖ = 4.686751286479558e-5 ‖Δρ‖ = 4.6807711667078445e-5  ‖vε - vref‖ = 0.11126477356772531  α = 0.000366
  9   -21.48155398057       -9.42       -3.76    7.86s
    ‖ρε - ρref‖ = 3.9377619248012994e-5 ‖Δρ‖ = 3.934488217024281e-5  ‖vε - vref‖ = 0.09542331236805562  α = 0.000327
 10   -21.48155398078       -9.67       -3.85    7.63s
    ‖ρε - ρref‖ = 3.3118316462031e-5 ‖Δρ‖ = 3.30663683297997e-5  ‖vε - vref‖ = 0.08569283238925669  α = 0.000291
 11   -21.48155398097       -9.71       -3.92    8.07s
    ‖ρε - ρref‖ = 2.596834366681978e-5 ‖Δρ‖ = 2.5934676043039186e-5  ‖vε - vref‖ = 0.0757806658152416  α = 0.000359
 12   -21.48155398100      -10.60       -4.06    16.7s
    ‖ρε - ρref‖ = 3.360337163182975e-5 ‖Δρ‖ = 3.3084048331080366e-5  ‖vε - vref‖ = 0.07525326749051092  α = 8.22e-5
 13   -21.48155398111       -9.94       -3.05    7.72s
    ‖ρε - ρref‖ = 0.00020207404303786933 ‖Δρ‖ = 0.0002022197893052616  ‖vε - vref‖ = 0.0682682013885547  α = 3.41e-5
 14   -21.48155398119      -10.14       -3.92    7.40s
    ‖ρε - ρref‖ = 3.094133963279983e-5 ‖Δρ‖ = 3.0992893456304936e-5  ‖vε - vref‖ = 0.06440178166940248  α = 0.000176
 15   -21.48155398125      -10.18       -3.33    7.34s
    ‖ρε - ρref‖ = 0.00012109337188166827 ‖Δρ‖ = 0.00012105398722313655  ‖vε - vref‖ = 0.06012396140293937  α = 4.32e-5
 16   -21.48155398128      -10.55       -3.60    7.38s
    ‖ρε - ρref‖ = 8.317535775291964e-5 ‖Δρ‖ = 8.30886529727965e-5  ‖vε - vref‖ = 0.05814232016687916  α = 3.89e-5
 17   -21.48155398137      -10.07       -4.12    7.34s
    ‖ρε - ρref‖ = 1.628550794968949e-5 ‖Δρ‖ = 1.6217855326543273e-5  ‖vε - vref‖ = 0.05232162729564332  α = 0.000377
 18   -21.48155398139      -10.59       -4.17    7.30s
    ‖ρε - ρref‖ = 1.9332832239895136e-5 ‖Δρ‖ = 1.9394340911564418e-5  ‖vε - vref‖ = 0.0505453640083599  α = 0.000167
 19   -21.48155398144      -10.31       -4.00    15.3s
    ‖ρε - ρref‖ = 2.2375306736760115e-5 ‖Δρ‖ = 2.2407816787933246e-5  ‖vε - vref‖ = 0.04692659224545185  α = 0.000206
 20   -21.48155398148      -10.39       -3.96    7.45s
    ‖ρε - ρref‖ = 2.5049894565257946e-5 ‖Δρ‖ = 2.494250119962576e-5  ‖vε - vref‖ = 0.04351853637984392  α = 0.000168
 21   -21.48155398153      -10.28       -4.63    7.37s
    ‖ρε - ρref‖ = 4.4117297618058615e-6 ‖Δρ‖ = 4.309986017983948e-6  ‖vε - vref‖ = 0.03942552984241217  α = 0.00111
 22   -21.48155398156      -10.67       -4.27    7.33s
    ‖ρε - ρref‖ = 1.2867874388264207e-5 ‖Δρ‖ = 1.2917336364382143e-5  ‖vε - vref‖ = 0.037420965358786175  α = 0.00023
 23   -21.48155398158      -10.70       -4.48    7.34s
    ‖ρε - ρref‖ = 6.721415551220754e-6 ‖Δρ‖ = 6.667617299199275e-6  ‖vε - vref‖ = 0.0356471717116402  α = 0.000448
 24   -21.48155398158      -11.03       -4.41    7.32s
    ‖ρε - ρref‖ = 9.253411233255591e-6 ‖Δρ‖ = 9.501236148642978e-6  ‖vε - vref‖ = 0.03510557478368157  α = 0.000196
 25   -21.48155398159      -11.21       -3.28    7.33s
    ‖ρε - ρref‖ = 0.0001428165268754488 ‖Δρ‖ = 0.0001423921268066254  ‖vε - vref‖ = 0.03426078506840524  α = 1.0e-5
 26   -21.48155398160      -10.91       -4.47    15.8s
    ‖ρε - ρref‖ = 6.886045797938348e-6 ‖Δρ‖ = 6.85137384798018e-6  ‖vε - vref‖ = 0.03312682490206588  α = 0.000341
 27   -21.48155398160      -11.86       -4.22    8.10s
    ‖ρε - ρref‖ = 2.1963693904606832e-5 ‖Δρ‖ = 2.2026384405305143e-5  ‖vε - vref‖ = 0.03298462034065285  α = 3.32e-5
 28   -21.48155398161      -11.45       -4.49    7.48s
    ‖ρε - ρref‖ = 9.138045377846579e-6 ‖Δρ‖ = 9.190846236249369e-6  ‖vε - vref‖ = 0.03274548287550018  α = 0.000128
 29   -21.48155398162      -10.95       -4.06    7.67s
    ‖ρε - ρref‖ = 1.659048019686199e-5 ‖Δρ‖ = 1.654436290839396e-5  ‖vε - vref‖ = 0.03167091915810039  α = 0.000133
 30   -21.48155398163      -11.14       -4.41    7.59s
    ‖ρε - ρref‖ = 7.97410310991698e-6 ‖Δρ‖ = 7.891960525670425e-6  ‖vε - vref‖ = 0.031026868855239847  α = 0.000226
 31   -21.48155398163      -11.83       -4.75    7.99s
    ‖ρε - ρref‖ = 5.499543076964162e-6 ‖Δρ‖ = 5.501875548130379e-6  ‖vε - vref‖ = 0.03090131725761983  α = 0.000141
 32   -21.48155398163      -11.14       -4.66    16.7s
    ‖ρε - ρref‖ = 4.050914390490642e-6 ‖Δρ‖ = 4.054811665542633e-6  ‖vε - vref‖ = 0.030316611918167816  α = 0.000442
 33   -21.48155398164      -11.39       -4.46    7.81s
    ‖ρε - ρref‖ = 7.756712469135165e-6 ‖Δρ‖ = 7.621972123040413e-6  ‖vε - vref‖ = 0.02999108597111627  α = 0.000172
 34   -21.48155398165      -11.21       -4.85    7.89s
    ‖ρε - ρref‖ = 2.533247434701124e-6 ‖Δρ‖ = 2.4240406381404286e-6  ‖vε - vref‖ = 0.029518920753424473  α = 0.000688
 35   -21.48155398165      -11.77       -5.06    7.88s
    ‖ρε - ρref‖ = 2.2165773985417797e-6 ‖Δρ‖ = 2.1701258046409517e-6  ‖vε - vref‖ = 0.02939991042895056  α = 0.000387
 36   -21.48155398165      -12.14       -4.86    8.07s
    ‖ρε - ρref‖ = 4.4883553242192005e-6 ‖Δρ‖ = 4.0056978434327326e-6  ‖vε - vref‖ = 0.02940940449365378  α = 0.000119
 37   -21.48155398165      -11.77       -3.73    7.90s
    ‖ρε - ρref‖ = 3.9911700287675224e-5 ‖Δρ‖ = 4.01347606206656e-5  ‖vε - vref‖ = 0.02924036935488312  α = 2.02e-5
 38   -21.48155398165      -11.64       -4.86    8.06s
    ‖ρε - ρref‖ = 2.7085029654449668e-6 ‖Δρ‖ = 2.658860886212896e-6  ‖vε - vref‖ = 0.02909323056980792  α = 0.000379
 39   -21.48155398165      -12.43       -4.64    16.1s
    ‖ρε - ρref‖ = 7.4679708943862885e-6 ‖Δρ‖ = 7.3876548173502e-6  ‖vε - vref‖ = 0.02907637976118919  α = 5.22e-5
 40   -21.48155398165      -11.85       -4.53    8.29s
    ‖ρε - ρref‖ = 6.612089072714824e-6 ‖Δρ‖ = 6.5447522747325335e-6  ‖vε - vref‖ = 0.028999982389001838  α = 0.000116
 41   -21.48155398165      -12.23       -4.50    8.01s
    ‖ρε - ρref‖ = 9.195198088979435e-6 ‖Δρ‖ = 9.235955361828809e-6  ‖vε - vref‖ = 0.028963143150498534  α = 5.17e-5
 42   -21.48155398166      -11.96       -4.93    8.00s
    ‖ρε - ρref‖ = 2.7483173928582405e-6 ‖Δρ‖ = 2.573939589879952e-6  ‖vε - vref‖ = 0.028917184817823228  α = 0.000263
 43   -21.48155398166      -11.93       -5.16    7.77s
    ‖ρε - ρref‖ = 1.4722736379493042e-6 ‖Δρ‖ = 1.329121277795156e-6  ‖vε - vref‖ = 0.028869976166147483  α = 0.000542
 44   -21.48155398166      -12.25       -4.68    8.04s
    ‖ρε - ρref‖ = 5.249510352951548e-6 ‖Δρ‖ = 5.2697243060188046e-6  ‖vε - vref‖ = 0.028838471664248796  α = 8.93e-5
 45   -21.48155398166      -12.04       -5.05    7.96s
    ‖ρε - ρref‖ = 1.8140661386288298e-6 ‖Δρ‖ = 1.7384844614085685e-6  ‖vε - vref‖ = 0.028802325143282563  α = 0.000368
 46   -21.48155398166      -12.11       -4.97    15.8s
    ‖ρε - ρref‖ = 2.3500664187932215e-6 ‖Δρ‖ = 2.112779059651556e-6  ‖vε - vref‖ = 0.028796736985598523  α = 0.000277
 47   -21.48155398166      -12.29       -5.08    8.12s
    ‖ρε - ρref‖ = 1.8491053729073817e-6 ‖Δρ‖ = 1.7607237053918013e-6  ‖vε - vref‖ = 0.028783765694506986  α = 0.000269
 48   -21.48155398166      -12.59       -5.21    8.01s
    ‖ρε - ρref‖ = 1.3773523434120194e-6 ‖Δρ‖ = 1.7090988347765427e-6  ‖vε - vref‖ = 0.028790859007280928  α = 0.00017
 49   -21.48155398166      -12.37       -3.96    7.93s
    ‖ρε - ρref‖ = 2.5236344477869176e-5 ‖Δρ‖ = 2.49702187966947e-5  ‖vε - vref‖ = 0.02877013138221013  α = 1.58e-5
 50   -21.48155398166      -11.92       -5.31    7.83s
    ‖ρε - ρref‖ = 1.0631662252922654e-6 ‖Δρ‖ = 7.912840667373402e-7  ‖vε - vref‖ = 0.028769386144834215  α = 0.000927
 51   -21.48155398166      -12.89       -4.96    7.94s
    ‖ρε - ρref‖ = 3.4143738292506567e-6 ‖Δρ‖ = 3.4083365505686567e-6  ‖vε - vref‖ = 0.028767385731019255  α = 6.21e-5
 52   -21.48155398166      -12.69       -4.75    7.86s
    ‖ρε - ρref‖ = 4.7709696978524e-6 ‖Δρ‖ = 4.757606180427089e-6  ‖vε - vref‖ = 0.0287668283902299  α = 5.98e-5
 53   -21.48155398166      -12.81       -5.23    16.1s
    ‖ρε - ρref‖ = 1.876911463534153e-6 ‖Δρ‖ = 1.6602787001754015e-6  ‖vε - vref‖ = 0.028774170816621855  α = 0.00015
 54   -21.48155398166      -12.22       -4.79    7.97s
    ‖ρε - ρref‖ = 2.9227717513227326e-6 ‖Δρ‖ = 2.8486262455561457e-6  ‖vε - vref‖ = 0.02878305208607221  α = 0.00018
 55   -21.48155398166      -12.48       -5.36    7.98s
    ‖ρε - ρref‖ = 1.137566051977165e-6 ‖Δρ‖ = 8.937385656051848e-7  ‖vε - vref‖ = 0.028790615708359286  α = 0.000412
 56   -21.48155398166      -12.67       -5.21    8.17s
    ‖ρε - ρref‖ = 1.536932275035927e-6 ‖Δρ‖ = 1.395393276836688e-6  ‖vε - vref‖ = 0.028795071562528134  α = 0.000219
 57   -21.48155398166      -12.63       -4.95    8.04s
    ‖ρε - ρref‖ = 2.525498470279534e-6 ‖Δρ‖ = 2.490527035512264e-6  ‖vε - vref‖ = 0.028795896361866524  α = 0.000122
 58   -21.48155398166      -12.46       -5.32    7.95s
    ‖ρε - ρref‖ = 1.090400523545646e-6 ‖Δρ‖ = 8.609224743393614e-7  ‖vε - vref‖ = 0.0288070279020431  α = 0.000463
 59   -21.48155398166      -12.79       -5.46    8.01s
    ‖ρε - ρref‖ = 1.0960572666340835e-6 ‖Δρ‖ = 7.643659119119834e-7  ‖vε - vref‖ = 0.028821966081593636  α = 0.000349
 60   -21.48155398166      -13.30       -5.17    15.7s
    ‖ρε - ρref‖ = 2.644429472702167e-6 ‖Δρ‖ = 2.131341018955155e-6  ‖vε - vref‖ = 0.028830909716683683  α = 5.83e-5
 61   -21.48155398166      -12.62       -4.33    8.10s
    ‖ρε - ρref‖ = 8.520581873249448e-6 ‖Δρ‖ = 8.74242360549774e-6  ‖vε - vref‖ = 0.028833563898374295  α = 3.54e-5
 62   -21.48155398166      -13.03       -5.49    8.15s
    ‖ρε - ρref‖ = 9.980216141121947e-7 ‖Δρ‖ = 7.363565531776754e-7  ‖vε - vref‖ = 0.02884002964130865  α = 0.0003
 63   -21.48155398166      -12.79       -5.59    8.27s
    ‖ρε - ρref‖ = 9.052760771440706e-7 ‖Δρ‖ = 5.568833004677771e-7  ‖vε - vref‖ = 0.02885790840749064  α = 0.000451
 64   -21.48155398166      -12.70       -4.44    7.97s
    ‖ρε - ρref‖ = 7.137923958782224e-6 ‖Δρ‖ = 7.104720160398941e-6  ‖vε - vref‖ = 0.02887184603965728  α = 4.18e-5
 65   -21.48155398166      -12.94       -5.29    7.38s
    ‖ρε - ρref‖ = 1.2902143440596014e-6 ‖Δρ‖ = 1.2254007774544786e-6  ‖vε - vref‖ = 0.028879278048753485  α = 0.000163
 66   -21.48155398166      -13.00       -4.95    16.5s
    ‖ρε - ρref‖ = 2.7830423816132143e-6 ‖Δρ‖ = 2.6818227801684104e-6  ‖vε - vref‖ = 0.028886131546857312  α = 7.57e-5
 67   -21.48155398166      -12.89       -5.43    7.75s
    ‖ρε - ρref‖ = 1.0604153807309021e-6 ‖Δρ‖ = 7.675874096682326e-7  ‖vε - vref‖ = 0.028901189104924584  α = 0.0003
 68   -21.48155398166      -12.81       -5.49    8.01s
    ‖ρε - ρref‖ = 9.58403710865868e-7 ‖Δρ‖ = 6.292399946277504e-7  ‖vε - vref‖ = 0.02892099173431114  α = 0.000405
 69   -21.48155398166      -13.30       -5.44    8.02s
    ‖ρε - ρref‖ = 1.1441388698484823e-6 ‖Δρ‖ = 9.253392333035026e-7  ‖vε - vref‖ = 0.028928362272448143  α = 0.000177
 70   -21.48155398166      -12.77       -5.19    7.87s
    ‖ρε - ρref‖ = 1.325786462480287e-6 ‖Δρ‖ = 1.2176152644372773e-6  ‖vε - vref‖ = 0.02893915077564979  α = 0.00021
 71   -21.48155398166      -13.19       -5.76    7.84s
    ‖ρε - ρref‖ = 7.946146636182482e-7 ‖Δρ‖ = 3.8668523509581854e-7  ‖vε - vref‖ = 0.028950100600596034  α = 0.000486
 72   -21.48155398166      -13.60       -5.29    7.95s
    ‖ρε - ρref‖ = 1.6718473037324808e-6 ‖Δρ‖ = 2.143294514016356e-6  ‖vε - vref‖ = 0.028951697749908533  α = 2.68e-5
 73   -21.48155398166      -12.87       -4.85    17.0s
    ‖ρε - ρref‖ = 2.747968577291793e-6 ‖Δρ‖ = 2.5257409538148085e-6  ‖vε - vref‖ = 0.028975654710411417  α = 0.0001
 74   -21.48155398166      -13.27       -5.61    7.98s
    ‖ρε - ρref‖ = 8.347667400167127e-7 ‖Δρ‖ = 6.207536739270263e-7  ‖vε - vref‖ = 0.02898115924179841  α = 0.000234
 75   -21.48155398167      -12.79       -5.63    7.89s
    ‖ρε - ρref‖ = 8.149657624526882e-7 ‖Δρ‖ = 4.127026943057952e-7  ‖vε - vref‖ = 0.029008240385509042  α = 0.000596
 76   -21.48155398167      -13.45       -4.67    7.94s
    ‖ρε - ρref‖ = 5.682410271010015e-6 ‖Δρ‖ = 5.578747313393492e-6  ‖vε - vref‖ = 0.02901737970895084  α = 2.4e-5
 77   -21.48155398167      -13.25       -5.61    7.92s
    ‖ρε - ρref‖ = 8.739613595689929e-7 ‖Δρ‖ = 5.312067992467972e-7  ‖vε - vref‖ = 0.02902707839444549  α = 0.000296
 78   -21.48155398167      -14.45       -5.32    7.93s
    ‖ρε - ρref‖ = 1.5541188442490114e-6 ‖Δρ‖ = 1.5284340345310272e-6  ‖vε - vref‖ = 0.029029108302649095  α = 5.34e-5
 79   -21.48155398167      -13.27       -5.74    7.79s
    ‖ρε - ρref‖ = 7.457609695034231e-7 ‖Δρ‖ = 4.224546186029493e-7  ‖vε - vref‖ = 0.029034808590045494  α = 0.000343
    Stopping to avoid numerical instabilities.
 80   -21.48155398167      -13.02       -5.70    15.3s
    ‖ρε - ρref‖ = 7.812485247527334e-7 ‖Δρ‖ = 3.6017363848942177e-7  ‖vε - vref‖ = 0.029056414937751785  α = 0.000599

#-- ‖ρε - ρref‖ = 6.754779289441872e-7 vs. 2.3713737056616553e-9 = δ*ε ‖vε - vref‖ = 0.02906625540753979


# --- ε=1.7782794100389227e-7

n     Energy            log10(ΔE)   log10(Δρ)   Δtime 
---   ---------------   ---------   ---------   ------
  1   -21.48155353264                   -1.26    12.0s
    ‖ρε - ρref‖ = 0.03478533130076423 ‖Δρ‖ = 0.034784901151087046  ‖vε - vref‖ = 0.5628381200877897  α = 4.42e-6
  2   -21.48155354351       -7.96       -2.33    7.39s
    ‖ρε - ρref‖ = 0.00188149721669815 ‖Δρ‖ = 0.001881379254493809  ‖vε - vref‖ = 0.4037376292416466  α = 2.95e-5
  3   -21.48155354810       -8.34       -2.56    7.39s
    ‖ρε - ρref‖ = 0.0009681327059470756 ‖Δρ‖ = 0.000968020637147959  ‖vε - vref‖ = 0.3313945179250501  α = 3.84e-5
  4   -21.48155355120       -8.51       -2.56    7.55s
    ‖ρε - ρref‖ = 0.0010365401444055913 ‖Δρ‖ = 0.0010364396339882203  ‖vε - vref‖ = 0.25793703772466103  α = 2.88e-5
  5   -21.48155355380       -8.58       -3.15    7.65s
    ‖ρε - ρref‖ = 0.0001856115298611831 ‖Δρ‖ = 0.00018551812006513554  ‖vε - vref‖ = 0.18971789799425917  α = 0.000156
  6   -21.48155355453       -9.14       -3.21    14.5s
    ‖ρε - ρref‖ = 0.00019891190842627682 ‖Δρ‖ = 0.00019885844175143917  ‖vε - vref‖ = 0.16405461359702672  α = 7.5e-5
  7   -21.48155355522       -9.16       -3.31    7.78s
    ‖ρε - ρref‖ = 0.00012336630318878197 ‖Δρ‖ = 0.00012332419259013995  ‖vε - vref‖ = 0.13710696581860252  α = 0.000122
  8   -21.48155355574       -9.29       -3.71    7.81s
    ‖ρε - ρref‖ = 4.690462363301586e-5 ‖Δρ‖ = 4.686067182972019e-5  ‖vε - vref‖ = 0.11331764850214919  α = 0.000275
  9   -21.48155355602       -9.54       -3.76    7.80s
    ‖ρε - ρref‖ = 3.945784094936668e-5 ‖Δρ‖ = 3.943429899696199e-5  ‖vε - vref‖ = 0.09752301423955881  α = 0.000245
 10   -21.48155355619       -9.79       -3.85    7.88s
    ‖ρε - ρref‖ = 3.320045240496835e-5 ‖Δρ‖ = 3.316267690878593e-5  ‖vε - vref‖ = 0.08778334959481093  α = 0.000218
 11   -21.48155355633       -9.83       -3.92    8.02s
    ‖ρε - ρref‖ = 2.6083396947951462e-5 ‖Δρ‖ = 2.605965684725596e-5  ‖vε - vref‖ = 0.07781204542116632  α = 0.00027
 12   -21.48155355635      -10.71       -4.05    7.84s
    ‖ρε - ρref‖ = 3.3548405262818e-5 ‖Δρ‖ = 3.315977631628332e-5  ‖vε - vref‖ = 0.07724682685184418  α = 6.21e-5
 13   -21.48155355644      -10.06       -3.05    17.0s
    ‖ρε - ρref‖ = 0.0002046958625443586 ‖Δρ‖ = 0.0002048057327373022  ‖vε - vref‖ = 0.0701659405240666  α = 2.55e-5
 14   -21.48155355649      -10.26       -3.92    7.97s
    ‖ρε - ρref‖ = 3.114246547580462e-5 ‖Δρ‖ = 3.1182326252964844e-5  ‖vε - vref‖ = 0.06619789792615144  α = 0.000132
 15   -21.48155355654      -10.30       -3.33    7.71s
    ‖ρε - ρref‖ = 0.0001222692895718795 ‖Δρ‖ = 0.00012223989652190666  ‖vε - vref‖ = 0.06183711116816893  α = 3.23e-5
 16   -21.48155355657      -10.67       -3.60    8.05s
    ‖ρε - ρref‖ = 8.360333135748142e-5 ‖Δρ‖ = 8.35387132764075e-5  ‖vε - vref‖ = 0.05982336976076122  α = 2.92e-5
 17   -21.48155355663      -10.19       -4.12    7.92s
    ‖ρε - ρref‖ = 1.6414592901777075e-5 ‖Δρ‖ = 1.6366506929894724e-5  ‖vε - vref‖ = 0.053812199129051316  α = 0.000283
 18   -21.48155355665      -10.71       -4.17    7.75s
    ‖ρε - ρref‖ = 1.958026222874191e-5 ‖Δρ‖ = 1.9628260702303748e-5  ‖vε - vref‖ = 0.051967566668149806  α = 0.000125
 19   -21.48155355669      -10.42       -3.99    7.61s
    ‖ρε - ρref‖ = 2.259909739040098e-5 ‖Δρ‖ = 2.2625449824374527e-5  ‖vε - vref‖ = 0.04815894902267245  α = 0.000155
 20   -21.48155355672      -10.50       -3.96    15.6s
    ‖ρε - ρref‖ = 2.5292196140781505e-5 ‖Δρ‖ = 2.5213081866581203e-5  ‖vε - vref‖ = 0.04457901132496888  α = 0.000126
 21   -21.48155355676      -10.39       -4.62    8.04s
    ‖ρε - ρref‖ = 4.426107514467563e-6 ‖Δρ‖ = 4.359739973625313e-6  ‖vε - vref‖ = 0.04012716616152127  α = 0.000839
 22   -21.48155355678      -10.79       -4.26    7.95s
    ‖ρε - ρref‖ = 1.3035245008635206e-5 ‖Δρ‖ = 1.3075745035384246e-5  ‖vε - vref‖ = 0.037967602756401604  α = 0.000173
 23   -21.48155355679      -10.81       -4.47    7.65s
    ‖ρε - ρref‖ = 6.798033588037757e-6 ‖Δρ‖ = 6.764137622475002e-6  ‖vε - vref‖ = 0.03600370186196811  α = 0.000337
 24   -21.48155355680      -11.14       -4.40    7.94s
    ‖ρε - ρref‖ = 9.450063952650581e-6 ‖Δρ‖ = 9.63912006168366e-6  ‖vε - vref‖ = 0.03536763888779771  α = 0.000147
 25   -21.48155355680      -11.32       -3.28    7.92s
    ‖ρε - ρref‖ = 0.00014511937264931817 ‖Δρ‖ = 0.00014480062247639584  ‖vε - vref‖ = 0.034444041594042706  α = 7.47e-6
 26   -21.48155355681      -11.02       -4.47    17.4s
    ‖ρε - ρref‖ = 6.991389852909275e-6 ‖Δρ‖ = 6.971986830680697e-6  ‖vε - vref‖ = 0.033153894300720924  α = 0.000256
 27   -21.48155355681      -11.97       -4.21    8.02s
    ‖ρε - ρref‖ = 2.2233396570887408e-5 ‖Δρ‖ = 2.2282389109745717e-5  ‖vε - vref‖ = 0.032994797512031174  α = 2.5e-5
 28   -21.48155355682      -11.55       -4.48    7.97s
    ‖ρε - ρref‖ = 9.32277452794546e-6 ‖Δρ‖ = 9.36708398355645e-6  ‖vε - vref‖ = 0.03270206291561101  α = 9.65e-5
 29   -21.48155355683      -11.05       -4.05    8.03s
    ‖ρε - ρref‖ = 1.7085521249568305e-5 ‖Δρ‖ = 1.7053399919503818e-5  ‖vε - vref‖ = 0.031442790459279855  α = 9.85e-5
 30   -21.48155355683      -11.25       -4.40    8.13s
    ‖ρε - ρref‖ = 8.114704530009696e-6 ‖Δρ‖ = 8.058768138988566e-6  ‖vε - vref‖ = 0.03066851813551423  α = 0.000169
 31   -21.48155355683      -11.94       -4.74    7.92s
    ‖ρε - ρref‖ = 5.611278186786572e-6 ‖Δρ‖ = 5.621040821374349e-6  ‖vε - vref‖ = 0.030515579637902357  α = 0.000106
 32   -21.48155355684      -11.24       -4.65    7.87s
    ‖ρε - ρref‖ = 4.136134212589491e-6 ‖Δρ‖ = 4.150057628232513e-6  ‖vε - vref‖ = 0.029778923139210833  α = 0.000333
 33   -21.48155355684      -11.50       -4.45    16.0s
    ‖ρε - ρref‖ = 7.888911157740833e-6 ‖Δρ‖ = 7.793235095830552e-6  ‖vε - vref‖ = 0.029359302797716782  α = 0.000129
 34   -21.48155355685      -11.31       -4.84    8.03s
    ‖ρε - ρref‖ = 2.5552988956915425e-6 ‖Δρ‖ = 2.4915459711912903e-6  ‖vε - vref‖ = 0.028734595916441945  α = 0.000515
 35   -21.48155355685      -11.87       -5.05    7.90s
    ‖ρε - ρref‖ = 2.2251197598963636e-6 ‖Δρ‖ = 2.2109408904613168e-6  ‖vε - vref‖ = 0.02857349176717854  α = 0.000294
 36   -21.48155355685      -12.23       -4.84    7.80s
    ‖ρε - ρref‖ = 4.477814474374573e-6 ‖Δρ‖ = 4.121975976513257e-6  ‖vε - vref‖ = 0.0285662993899718  α = 9.03e-5
 37   -21.48155355685      -11.87       -3.72    7.74s
    ‖ρε - ρref‖ = 4.156287961319516e-5 ‖Δρ‖ = 4.173228554227424e-5  ‖vε - vref‖ = 0.028347851933059068  α = 1.5e-5
 38   -21.48155355685      -11.73       -4.85    7.95s
    ‖ρε - ρref‖ = 2.755933140914239e-6 ‖Δρ‖ = 2.7353436220320394e-6  ‖vε - vref‖ = 0.028140032988108847  α = 0.000285
 39   -21.48155355685      -12.55       -4.63    7.91s
    ‖ρε - ρref‖ = 7.633412500480047e-6 ‖Δρ‖ = 7.5791579223163895e-6  ‖vε - vref‖ = 0.028111763991109137  α = 3.95e-5
 40   -21.48155355685      -11.96       -4.52    16.0s
    ‖ρε - ρref‖ = 6.85354295696932e-6 ‖Δρ‖ = 6.810381372152776e-6  ‖vε - vref‖ = 0.02799541700919291  α = 8.66e-5
 41   -21.48155355685      -12.30       -4.49    7.98s
    ‖ρε - ρref‖ = 9.476248475699177e-6 ‖Δρ‖ = 9.511935915203025e-6  ‖vε - vref‖ = 0.027940796292563047  α = 3.87e-5
 42   -21.48155355686      -12.07       -4.91    7.84s
    ‖ρε - ρref‖ = 2.7668427908383936e-6 ‖Δρ‖ = 2.65240760007952e-6  ‖vε - vref‖ = 0.027861334599292884  α = 0.000198
 43   -21.48155355686      -12.02       -5.15    7.34s
    ‖ρε - ρref‖ = 1.4522613283262796e-6 ‖Δρ‖ = 1.376641591712046e-6  ‖vε - vref‖ = 0.027780193139698275  α = 0.000409
 44   -21.48155355686      -12.36       -4.66    7.33s
    ‖ρε - ρref‖ = 5.478733651522445e-6 ‖Δρ‖ = 5.502868574288669e-6  ‖vε - vref‖ = 0.027733490509509552  α = 6.71e-5
 45   -21.48155355686      -12.11       -5.04    7.36s
    ‖ρε - ρref‖ = 1.8418885520914618e-6 ‖Δρ‖ = 1.8114541922290095e-6  ‖vε - vref‖ = 0.027670309383492363  α = 0.00028
 46   -21.48155355686      -12.16       -4.95    7.37s
    ‖ρε - ρref‖ = 2.3886538588073493e-6 ‖Δρ‖ = 2.2298203168973952e-6  ‖vε - vref‖ = 0.02763657120302165  α = 0.000209
 47   -21.48155355686      -12.36       -5.06    15.7s
    ‖ρε - ρref‖ = 1.9090696399684748e-6 ‖Δρ‖ = 1.8707099263979627e-6  ‖vε - vref‖ = 0.02760782391511166  α = 0.000203
 48   -21.48155355686      -12.64       -5.18    8.03s
    ‖ρε - ρref‖ = 1.5355266466132157e-6 ‖Δρ‖ = 1.807237504118718e-6  ‖vε - vref‖ = 0.027611657530063498  α = 0.000132
 49   -21.48155355686      -12.45       -3.93    8.09s
    ‖ρε - ρref‖ = 2.756868838326346e-5 ‖Δρ‖ = 2.7368159525496406e-5  ‖vε - vref‖ = 0.027574759193581135  α = 1.16e-5
 50   -21.48155355686      -11.96       -5.27    7.97s
    ‖ρε - ρref‖ = 1.0184133025044533e-6 ‖Δρ‖ = 8.609315477547762e-7  ‖vε - vref‖ = 0.02753553555439136  α = 0.0007
 51   -21.48155355686      -12.97       -4.93    7.99s
    ‖ρε - ρref‖ = 3.652920690535077e-6 ‖Δρ‖ = 3.663586816008063e-6  ‖vε - vref‖ = 0.027530522317725074  α = 4.78e-5
 52   -21.48155355686      -12.74       -4.71    8.10s
    ‖ρε - ρref‖ = 5.275017155595728e-6 ‖Δρ‖ = 5.276027524997199e-6  ‖vε - vref‖ = 0.0275237109073056  α = 4.44e-5
 53   -21.48155355686      -12.81       -5.19    8.00s
    ‖ρε - ρref‖ = 1.9544785456247364e-6 ‖Δρ‖ = 1.818821408615544e-6  ‖vε - vref‖ = 0.027527443952879198  α = 0.000116
 54   -21.48155355686      -12.25       -4.74    16.4s
    ‖ρε - ρref‖ = 3.290407229283815e-6 ‖Δρ‖ = 3.2551628938571784e-6  ‖vε - vref‖ = 0.027517022379026305  α = 0.000132
 55   -21.48155355686      -12.50       -5.32    8.14s
    ‖ρε - ρref‖ = 1.1320598396885286e-6 ‖Δρ‖ = 9.961222036166337e-7  ‖vε - vref‖ = 0.02751665296954535  α = 0.000316
 56   -21.48155355686      -12.67       -5.15    8.18s
    ‖ρε - ρref‖ = 1.6588324449060725e-6 ‖Δρ‖ = 1.5908116864572535e-6  ‖vε - vref‖ = 0.027516059360337998  α = 0.000167
 57   -21.48155355686      -12.65       -4.89    7.87s
    ‖ρε - ρref‖ = 2.886169062923811e-6 ‖Δρ‖ = 2.8838152037044934e-6  ‖vε - vref‖ = 0.02751202947914799  α = 9.18e-5
 58   -21.48155355686      -12.43       -5.26    8.44s
    ‖ρε - ρref‖ = 1.117624234294101e-6 ‖Δρ‖ = 9.992942782609839e-7  ‖vε - vref‖ = 0.02751624308487399  α = 0.00035
 59   -21.48155355686      -12.76       -5.40    8.20s
    ‖ρε - ρref‖ = 1.0909641156231231e-6 ‖Δρ‖ = 8.900188044825314e-7  ‖vε - vref‖ = 0.02752854715544182  α = 0.000271
 60   -21.48155355686      -13.11       -5.09    8.17s
    ‖ρε - ρref‖ = 2.8643669470940165e-6 ‖Δρ‖ = 2.494802503322552e-6  ‖vε - vref‖ = 0.027539678791531356  α = 4.67e-5
 61   -21.48155355686      -12.62       -4.23    16.4s
    ‖ρε - ρref‖ = 1.1018836119881522e-5 ‖Δρ‖ = 1.1198369371353342e-5  ‖vε - vref‖ = 0.02753657891024264  α = 2.49e-5
 62   -21.48155355686      -12.93       -5.41    8.08s
    ‖ρε - ρref‖ = 1.0205763398940537e-6 ‖Δρ‖ = 8.871988285838239e-7  ‖vε - vref‖ = 0.027542628428693747  α = 0.000231
 63   -21.48155355686      -12.73       -5.50    7.91s
    ‖ρε - ρref‖ = 8.764272588493946e-7 ‖Δρ‖ = 6.806895264233729e-7  ‖vε - vref‖ = 0.02756382319965943  α = 0.000361
 64   -21.48155355686      -12.62       -4.32    7.66s
    ‖ρε - ρref‖ = 9.297377407536334e-6 ‖Δρ‖ = 9.28389629469927e-6  ‖vε - vref‖ = 0.02757665624027388  α = 3.01e-5
 65   -21.48155355686      -12.81       -5.19    7.34s
    ‖ρε - ρref‖ = 1.5263049208459733e-6 ‖Δρ‖ = 1.5315533818767086e-6  ‖vε - vref‖ = 0.02758593860870956  α = 0.000127
 66   -21.48155355686      -12.94       -4.84    7.32s
    ‖ρε - ρref‖ = 3.529587112074859e-6 ‖Δρ‖ = 3.4775030975661037e-6  ‖vε - vref‖ = 0.02759305224109456  α = 5.6e-5
 67   -21.48155355686      -12.79       -5.31    7.41s
    ‖ρε - ρref‖ = 1.1535656899533553e-6 ‖Δρ‖ = 9.978372373573997e-7  ‖vε - vref‖ = 0.027610409423738193  α = 0.000227
 68   -21.48155355686      -12.72       -5.37    15.7s
    ‖ρε - ρref‖ = 1.001774778891434e-6 ‖Δρ‖ = 8.2564925291973e-7  ‖vε - vref‖ = 0.027634319313750846  α = 0.000309
 69   -21.48155355686      -13.03       -5.31    7.38s
    ‖ρε - ρref‖ = 1.3227285121062636e-6 ‖Δρ‖ = 1.2241237151372481e-6  ‖vε - vref‖ = 0.02764448115156752  α = 0.000137
 70   -21.48155355686      -12.67       -5.05    7.48s
    ‖ρε - ρref‖ = 1.7054431563281356e-6 ‖Δρ‖ = 1.6855969403500977e-6  ‖vε - vref‖ = 0.027660159099992185  α = 0.000155
 71   -21.48155355686      -12.94       -5.63    7.89s
    ‖ρε - ρref‖ = 7.47269216727987e-7 ‖Δρ‖ = 5.261976680432869e-7  ‖vε - vref‖ = 0.027676640051824505  α = 0.000381
 72   -21.48155355686      -13.45       -5.15    8.02s
    ‖ρε - ρref‖ = 2.489047447674362e-6 ‖Δρ‖ = 2.8595952907565006e-6  ‖vε - vref‖ = 0.027680236035353988  α = 2.25e-5
 73   -21.48155355686      -12.65       -4.65    8.16s
    ‖ρε - ρref‖ = 4.162000023236361e-6 ‖Δρ‖ = 4.020820453456212e-6  ‖vε - vref‖ = 0.027712690279937748  α = 6.69e-5
 74   -21.48155355686      -13.15       -5.46    7.92s
    ‖ρε - ρref‖ = 9.308828463929839e-7 ‖Δρ‖ = 8.733579883989924e-7  ‖vε - vref‖ = 0.02772210819298767  α = 0.000183
 75   -21.48155355686      -12.59       -5.46    16.4s
    ‖ρε - ρref‖ = 8.179595927568768e-7 ‖Δρ‖ = 6.077358939404391e-7  ‖vε - vref‖ = 0.027765104785675846  α = 0.000461
 76   -21.48155355686      -13.25       -4.52    7.87s
    ‖ρε - ρref‖ = 8.206874115233162e-6 ‖Δρ‖ = 8.144498782526942e-6  ‖vε - vref‖ = 0.0277766824881934  α = 1.77e-5
 77   -21.48155355686      -13.00       -5.44    7.50s
    ‖ρε - ρref‖ = 9.481358198391867e-7 ‖Δρ‖ = 7.850248530573531e-7  ‖vε - vref‖ = 0.02779227575404407  α = 0.000227
 78   -21.48155355686      -13.55       -5.15    7.33s
    ‖ρε - ρref‖ = 2.201311232459771e-6 ‖Δρ‖ = 2.2375682579573606e-6  ‖vε - vref‖ = 0.027795812692840812  α = 4.12e-5
 79   -21.48155355687      -13.02       -5.55    7.31s
    ‖ρε - ρref‖ = 7.742960245063991e-7 ‖Δρ‖ = 6.587099067834935e-7  ‖vε - vref‖ = 0.027808285189993773  α = 0.000262
 80   -21.48155355687      -12.67       -5.50    7.38s
    ‖ρε - ρref‖ = 7.86393743872062e-7 ‖Δρ‖ = 5.762095646259967e-7  ‖vε - vref‖ = 0.027846358714664534  α = 0.000453
 81   -21.48155355687      -13.15       -5.27    7.31s
    ‖ρε - ρref‖ = 1.323470651676417e-6 ‖Δρ‖ = 1.2233177341390605e-6  ‖vε - vref‖ = 0.027863583639688196  α = 0.00014
 82   -21.48155355687      -13.17       -5.35    15.4s
    ‖ρε - ρref‖ = 1.4194019280071419e-6 ‖Δρ‖ = 1.3052477684783702e-6  ‖vε - vref‖ = 0.027875325930814442  α = 9.8e-5
 83   -21.48155355687      -12.50       -5.38    7.38s
    ‖ρε - ρref‖ = 8.360428418552228e-7 ‖Δρ‖ = 6.667650346474182e-7  ‖vε - vref‖ = 0.027941101561942912  α = 0.000488
 84   -21.48155355687   +    -Inf       -5.02    7.36s
    ‖ρε - ρref‖ = 5.5192903947426585e-6 ‖Δρ‖ = 5.0918974536937855e-6  ‖vε - vref‖ = 0.02794262912850361  α = 6.84e-6
 85   -21.48155355687      -12.89       -5.44    7.34s
    ‖ρε - ρref‖ = 8.910783808303439e-7 ‖Δρ‖ = 7.82880701626164e-7  ‖vε - vref‖ = 0.027963101933814873  α = 0.000252
 86   -21.48155355687      -12.99       -5.41    7.32s
    ‖ρε - ρref‖ = 9.448983796124072e-7 ‖Δρ‖ = 8.081003185479851e-7  ‖vε - vref‖ = 0.027982388944877545  α = 0.000239
 87   -21.48155355687      -12.93       -5.48    7.40s
    ‖ρε - ρref‖ = 8.541540127983934e-7 ‖Δρ‖ = 7.762017637253783e-7  ‖vε - vref‖ = 0.02799697499175209  α = 0.000223
 88   -21.48155355687      -13.50       -4.88    7.32s
    ‖ρε - ρref‖ = 4.278108788771091e-6 ‖Δρ‖ = 4.295345617710585e-6  ‖vε - vref‖ = 0.028001165103969654  α = 2.2e-5
 89   -21.48155355687      -12.96       -5.31    15.5s
    ‖ρε - ρref‖ = 1.2668403450309442e-6 ‖Δρ‖ = 1.0821513925039544e-6  ‖vε - vref‖ = 0.02802653514032417  α = 0.000172
 90   -21.48155355687      -13.27       -5.46    7.44s
    ‖ρε - ρref‖ = 1.1136212890176842e-6 ‖Δρ‖ = 8.990484154380758e-7  ‖vε - vref‖ = 0.028044630172759016  α = 0.000155
 91   -21.48155355687      -12.91       -4.91    7.43s
    ‖ρε - ρref‖ = 2.602997111089868e-6 ‖Δρ‖ = 2.5693439039786752e-6  ‖vε - vref‖ = 0.028070439884591486  α = 7.55e-5
 92   -21.48155355687      -12.87       -5.62    7.33s
    ‖ρε - ρref‖ = 6.760909255423174e-7 ‖Δρ‖ = 5.112374579169228e-7  ‖vε - vref‖ = 0.02809201194843292  α = 0.000391
 93   -21.48155355687      -12.69       -5.55    7.34s
    ‖ρε - ρref‖ = 7.676118469188289e-7 ‖Δρ‖ = 5.49720517497282e-7  ‖vε - vref‖ = 0.028135526849557797  α = 0.000461
 94   -21.48155355687      -12.92       -5.11    7.41s
    ‖ρε - ρref‖ = 1.8600965071360406e-6 ‖Δρ‖ = 1.8139271418297245e-6  ‖vε - vref‖ = 0.02815930755035615  α = 0.000111
 95   -21.48155355687      -13.09       -5.12    7.27s
    ‖ρε - ρref‖ = 2.0553173597534007e-6 ‖Δρ‖ = 1.959206596417636e-6  ‖vε - vref‖ = 0.02817600249366415  α = 8.43e-5
 96   -21.48155355687      -14.45       -5.12    15.6s
    ‖ρε - ρref‖ = 3.581064316411406e-6 ‖Δρ‖ = 3.984768276289124e-6  ‖vε - vref‖ = 0.028176591540276654  α = 8.88e-6
 97   -21.48155355687      -12.80       -5.31    7.92s
    ‖ρε - ρref‖ = 1.1305834199535536e-6 ‖Δρ‖ = 9.64734048702702e-7  ‖vε - vref‖ = 0.02821120413714262  α = 0.000242
 98   -21.48155355687      -12.66       -5.33    7.51s
    ‖ρε - ρref‖ = 1.0575958195270699e-6 ‖Δρ‖ = 9.063694090922795e-7  ‖vε - vref‖ = 0.028253399328210967  α = 0.000284
 99   -21.48155355687      -12.74       -5.56    7.55s
    ‖ρε - ρref‖ = 7.417321659672729e-7 ‖Δρ‖ = 5.544509424154169e-7  ‖vε - vref‖ = 0.028284375848493127  α = 0.000428
 100   -21.48155355687      -13.67       -4.90    7.35s
    ‖ρε - ρref‖ = 4.420943027033737e-6 ‖Δρ‖ = 4.388880287031239e-6  ‖vε - vref‖ = 0.02828893370977355  α = 1.94e-5
 101   -21.48155355687      -13.22       -5.42    7.43s
    ‖ρε - ρref‖ = 1.0431980000924426e-6 ‖Δρ‖ = 9.918492456356567e-7  ‖vε - vref‖ = 0.028300003696702054  α = 0.000157
 102   -21.48155355687      -12.56       -5.46    7.36s
    ‖ρε - ρref‖ = 8.200020485992193e-7 ‖Δρ‖ = 6.481158837822926e-7  ‖vε - vref‖ = 0.02835360285418964  α = 0.000445
 103   -21.48155355687      -12.80       -4.63    15.7s
    ‖ρε - ρref‖ = 5.335866871037564e-6 ‖Δρ‖ = 5.221992306727141e-6  ‖vε - vref‖ = 0.028380910900838684  α = 4.19e-5
 104   -21.48155355687      -12.84       -5.27    7.46s
    ‖ρε - ρref‖ = 1.2685203890644918e-6 ‖Δρ‖ = 1.2309175614212513e-6  ‖vε - vref‖ = 0.028399349894315796  α = 0.000167
 105   -21.48155355687      -12.66       -5.52    7.36s
    ‖ρε - ρref‖ = 7.562676248041077e-7 ‖Δρ‖ = 5.591980891605226e-7  ‖vε - vref‖ = 0.02843243901468716  α = 0.000475
 106   -21.48155355687      -13.00       -5.60    7.39s
    ‖ρε - ρref‖ = 8.261264450875291e-7 ‖Δρ‖ = 6.081213125383291e-7  ‖vε - vref‖ = 0.028450912680803384  α = 0.000288
 107   -21.48155355687      -13.03       -5.06    7.44s
    ‖ρε - ρref‖ = 2.0090212472246978e-6 ‖Δρ‖ = 2.119618038461885e-6  ‖vε - vref‖ = 0.028468214277715988  α = 8.1e-5
 108   -21.48155355687      -13.55       -4.41    7.32s
    ‖ρε - ρref‖ = 1.3843063721171766e-5 ‖Δρ‖ = 1.3491550330338151e-5  ‖vε - vref‖ = 0.028471871551353493  α = 6.34e-6
 109   -21.48155355687      -12.92       -5.26    7.32s
    ‖ρε - ρref‖ = 1.2825196293928039e-6 ‖Δρ‖ = 1.2335273867662348e-6  ‖vε - vref‖ = 0.028489076222122708  α = 0.000158
 110   -21.48155355687      -12.80       -5.48    7.35s
    ‖ρε - ρref‖ = 8.932106922364262e-7 ‖Δρ‖ = 6.910555807099513e-7  ‖vε - vref‖ = 0.02851399567853416  α = 0.000321
 111   -21.48155355687      -12.70       -5.57    15.7s
    ‖ρε - ρref‖ = 7.352506814338742e-7 ‖Δρ‖ = 5.086333189237727e-7  ‖vε - vref‖ = 0.028544055372299093  α = 0.000494
 112   -21.48155355687      -13.37       -4.91    7.31s
    ‖ρε - ρref‖ = 3.879755341131092e-6 ‖Δρ‖ = 3.871394521947895e-6  ‖vε - vref‖ = 0.028547744121119902  α = 2.92e-5
 113   -21.48155355687      -12.66       -4.97    7.43s
    ‖ρε - ρref‖ = 2.0173307022039066e-6 ‖Δρ‖ = 1.9944568232022616e-6  ‖vε - vref‖ = 0.028567989957248435  α = 0.000131
 114   -21.48155355687      -13.11       -5.59    7.40s
    ‖ρε - ρref‖ = 7.985432198071862e-7 ‖Δρ‖ = 6.665042496195942e-7  ‖vε - vref‖ = 0.02857445559837028  α = 0.000221
 115   -21.48155355687      -13.41       -5.14    7.38s
    ‖ρε - ρref‖ = 1.9614731331171146e-6 ‖Δρ‖ = 1.9799053097329926e-6  ‖vε - vref‖ = 0.028582464868779273  α = 6.63e-5
 116   -21.48155355687      -12.84       -5.12    7.36s
    ‖ρε - ρref‖ = 1.677413217557313e-6 ‖Δρ‖ = 1.501650239301097e-6  ‖vε - vref‖ = 0.028605022688670278  α = 0.000144
 117   -21.48155355687      -13.00       -5.57    7.34s
    ‖ρε - ρref‖ = 8.062150323724193e-7 ‖Δρ‖ = 6.080090835241233e-7  ‖vε - vref‖ = 0.028620125886412065  α = 0.000307
    Stopping to avoid numerical instabilities.
 118   -21.48155355687      -12.68       -5.58    15.5s
    ‖ρε - ρref‖ = 7.10759779682622e-7 ‖Δρ‖ = 4.902646253971558e-7  ‖vε - vref‖ = 0.02863966328736139  α = 0.000497

#-- ‖ρε - ρref‖ = 5.065108280252536e-7 vs. 1.7782794100389228e-9 = δ*ε ‖vε - vref‖ = 0.02864556207541199


# --- ε=1.333521432163324e-7

n     Energy            log10(ΔE)   log10(Δρ)   Δtime 
---   ---------------   ---------   ---------   ------
  1   -21.48155322012                   -1.26    11.6s
    ‖ρε - ρref‖ = 0.03476729215378493 ‖Δρ‖ = 0.03476696958451392  ‖vε - vref‖ = 0.5630571068172487  α = 3.32e-6
  2   -21.48155322827       -8.09       -2.33    7.14s
    ‖ρε - ρref‖ = 0.001881335893135093 ‖Δρ‖ = 0.0018812474758898425  ‖vε - vref‖ = 0.40417242062677206  α = 2.21e-5
  3   -21.48155323171       -8.46       -2.56    7.17s
    ‖ρε - ρref‖ = 0.0009675391831195091 ‖Δρ‖ = 0.0009674551752713006  ‖vε - vref‖ = 0.3320255649905689  α = 2.88e-5
  4   -21.48155323403       -8.63       -2.56    7.12s
    ‖ρε - ρref‖ = 0.0010356074871575398 ‖Δρ‖ = 0.0010355321121830702  ‖vε - vref‖ = 0.25880504484436223  α = 2.16e-5
  5   -21.48155323598       -8.71       -3.15    7.19s
    ‖ρε - ρref‖ = 0.00018523876811797637 ‖Δρ‖ = 0.00018516876571422197  ‖vε - vref‖ = 0.19083451304303226  α = 0.000117
  6   -21.48155323652       -9.26       -3.21    13.8s
    ‖ρε - ρref‖ = 0.0001981486771140976 ‖Δρ‖ = 0.000198108663245745  ‖vε - vref‖ = 0.16536426221196576  α = 5.64e-5
  7   -21.48155323704       -9.28       -3.31    7.24s
    ‖ρε - ρref‖ = 0.00012357982258597987 ‖Δρ‖ = 0.00012354848450949572  ‖vε - vref‖ = 0.1386324313843752  α = 9.1e-5
  8   -21.48155323743       -9.41       -3.71    7.22s
    ‖ρε - ρref‖ = 4.68858912409894e-5 ‖Δρ‖ = 4.685336372311597e-5  ‖vε - vref‖ = 0.11495132289288006  α = 0.000206
  9   -21.48155323765       -9.67       -3.76    7.40s
    ‖ρε - ρref‖ = 3.955379885402866e-5 ‖Δρ‖ = 3.953673449341732e-5  ‖vε - vref‖ = 0.09923897926607356  α = 0.000184
 10   -21.48155323777       -9.92       -3.85    7.43s
    ‖ρε - ρref‖ = 3.329421595605031e-5 ‖Δρ‖ = 3.32665902512271e-5  ‖vε - vref‖ = 0.08951677054280256  α = 0.000164
 11   -21.48155323788       -9.95       -3.92    7.33s
    ‖ρε - ρref‖ = 2.61109145360827e-5 ‖Δρ‖ = 2.609399063214967e-5  ‖vε - vref‖ = 0.07954248154499755  α = 0.000203
 12   -21.48155323789      -10.83       -4.05    7.42s
    ‖ρε - ρref‖ = 3.346004157019974e-5 ‖Δρ‖ = 3.316926438996822e-5  ‖vε - vref‖ = 0.07895256985967895  α = 4.7e-5
 13   -21.48155323796      -10.18       -3.04    15.8s
    ‖ρε - ρref‖ = 0.00020678164510549104 ‖Δρ‖ = 0.00020686469932106586  ‖vε - vref‖ = 0.07184239744776123  α = 1.9e-5
 14   -21.48155323800      -10.38       -3.92    7.41s
    ‖ρε - ρref‖ = 3.1261084456537586e-5 ‖Δρ‖ = 3.1291560499131675e-5  ‖vε - vref‖ = 0.06781584524450503  α = 9.97e-5
 15   -21.48155323804      -10.42       -3.32    7.37s
    ‖ρε - ρref‖ = 0.00012318697572569768 ‖Δρ‖ = 0.0001231648922839387  ‖vε - vref‖ = 0.0634143742302883  α = 2.42e-5
 16   -21.48155323806      -10.79       -3.60    7.40s
    ‖ρε - ρref‖ = 8.39670387445507e-5 ‖Δρ‖ = 8.391875459113207e-5  ‖vε - vref‖ = 0.06138794040129849  α = 2.19e-5
 17   -21.48155323810      -10.31       -4.11    7.39s
    ‖ρε - ρref‖ = 1.653004468034853e-5 ‖Δρ‖ = 1.6495524233069986e-5  ‖vε - vref‖ = 0.055281668835654246  α = 0.000212
 18   -21.48155323812      -10.82       -4.17    7.30s
    ‖ρε - ρref‖ = 1.958378937307068e-5 ‖Δρ‖ = 1.9621111067471362e-5  ‖vε - vref‖ = 0.05339563375619569  α = 9.48e-5
 19   -21.48155323815      -10.54       -3.99    7.37s
    ‖ρε - ρref‖ = 2.2886950826844398e-5 ‖Δρ‖ = 2.290735776167794e-5  ‖vε - vref‖ = 0.04949219123189123  α = 0.000116
 20   -21.48155323817      -10.62       -3.95    15.5s
    ‖ρε - ρref‖ = 2.5523074874314434e-5 ‖Δρ‖ = 2.5464507530115386e-5  ‖vε - vref‖ = 0.04582966965416521  α = 9.38e-5
 21   -21.48155323820      -10.51       -4.62    7.41s
    ‖ρε - ρref‖ = 4.447695114660753e-6 ‖Δρ‖ = 4.403600118323644e-6  ‖vε - vref‖ = 0.04115790372009337  α = 0.00063
 22   -21.48155323822      -10.90       -4.26    7.35s
    ‖ρε - ρref‖ = 1.3149379420100867e-5 ‖Δρ‖ = 1.3181600827117003e-5  ‖vε - vref‖ = 0.038913693029428084  α = 0.00013
 23   -21.48155323823      -10.92       -4.46    7.30s
    ‖ρε - ρref‖ = 6.873521269617857e-6 ‖Δρ‖ = 6.851562226327828e-6  ‖vε - vref‖ = 0.03683295425355316  α = 0.000252
 24   -21.48155323823      -11.26       -4.40    7.36s
    ‖ρε - ρref‖ = 9.592729713806462e-6 ‖Δρ‖ = 9.736646728938289e-6  ‖vε - vref‖ = 0.036134916400060293  α = 0.000111
 25   -21.48155323824      -11.44       -3.27    7.27s
    ‖ρε - ρref‖ = 0.00014707182924570043 ‖Δρ‖ = 0.00014683288459427013  ‖vε - vref‖ = 0.03516012311551087  α = 5.61e-6
 26   -21.48155323824      -11.13       -4.46    7.34s
    ‖ρε - ρref‖ = 7.093150301585839e-6 ‖Δρ‖ = 7.0825906737723984e-6  ‖vε - vref‖ = 0.03376371129427623  α = 0.000192
 27   -21.48155323825      -12.07       -4.21    7.30s
    ‖ρε - ρref‖ = 2.2487673474652243e-5 ‖Δρ‖ = 2.252554043227962e-5  ‖vε - vref‖ = 0.03359339666248085  α = 1.88e-5
 28   -21.48155323825      -11.66       -4.47    16.0s
    ‖ρε - ρref‖ = 9.465227710493087e-6 ‖Δρ‖ = 9.500943069631702e-6  ‖vε - vref‖ = 0.03326121803352249  α = 7.28e-5
 29   -21.48155323825      -11.16       -4.04    7.32s
    ‖ρε - ρref‖ = 1.7468474339993407e-5 ‖Δρ‖ = 1.744549298211724e-5  ‖vε - vref‖ = 0.0318697530756252  α = 7.35e-5
 30   -21.48155323826      -11.36       -4.40    7.32s
    ‖ρε - ρref‖ = 8.23508821876036e-6 ‖Δρ‖ = 8.19630027119809e-6  ‖vε - vref‖ = 0.0310002742850022  α = 0.000127
 31   -21.48155323826      -12.03       -4.73    7.42s
    ‖ρε - ρref‖ = 5.64952333489462e-6 ‖Δρ‖ = 5.6613902502673004e-6  ‖vε - vref‖ = 0.030824344210653512  α = 8.06e-5
 32   -21.48155323826      -11.34       -4.63    7.35s
    ‖ρε - ρref‖ = 4.282628514533551e-6 ‖Δρ‖ = 4.299051073686299e-6  ‖vε - vref‖ = 0.0299600309029068  α = 0.000247
 33   -21.48155323827      -11.61       -4.44    7.32s
    ‖ρε - ρref‖ = 8.021161247769377e-6 ‖Δρ‖ = 7.952301183125802e-6  ‖vε - vref‖ = 0.029463285077182256  α = 9.67e-5
 34   -21.48155323827      -11.41       -4.83    7.40s
    ‖ρε - ρref‖ = 2.5955825660343386e-6 ‖Δρ‖ = 2.55806879003456e-6  ‖vε - vref‖ = 0.028702697564295998  α = 0.000386
 35   -21.48155323827      -11.96       -5.04    15.5s
    ‖ρε - ρref‖ = 2.2489059736146687e-6 ‖Δρ‖ = 2.249763857758261e-6  ‖vε - vref‖ = 0.02849943670280201  α = 0.000223
 36   -21.48155323827      -12.34       -4.83    7.41s
    ‖ρε - ρref‖ = 4.515811192167406e-6 ‖Δρ‖ = 4.252446004691645e-6  ‖vε - vref‖ = 0.02847394744320315  α = 6.8e-5
 37   -21.48155323827      -11.97       -3.70    7.33s
    ‖ρε - ρref‖ = 4.3145793127274944e-5 ‖Δρ‖ = 4.327389154537433e-5  ‖vε - vref‖ = 0.02820523505204644  α = 1.12e-5
 38   -21.48155323827      -11.83       -4.83    7.38s
    ‖ρε - ρref‖ = 2.8205897634076735e-6 ‖Δρ‖ = 2.8142427494169203e-6  ‖vε - vref‖ = 0.027929915348716427  α = 0.000214
 39   -21.48155323827      -12.64       -4.62    7.28s
    ‖ρε - ρref‖ = 7.827669392528991e-6 ‖Δρ‖ = 7.790276002829293e-6  ‖vε - vref‖ = 0.02788886177804684  α = 2.99e-5
 40   -21.48155323828      -12.05       -4.50    7.30s
    ‖ρε - ρref‖ = 7.11001135957813e-6 ‖Δρ‖ = 7.0815914143149595e-6  ‖vε - vref‖ = 0.02772591161673782  α = 6.47e-5
 41   -21.48155323828      -12.41       -4.48    7.28s
    ‖ρε - ρref‖ = 9.791227941055118e-6 ‖Δρ‖ = 9.820796606591586e-6  ‖vε - vref‖ = 0.027650738178542474  α = 2.9e-5
 42   -21.48155323828      -12.18       -4.90    15.8s
    ‖ρε - ρref‖ = 2.8154913916011073e-6 ‖Δρ‖ = 2.7389677721876266e-6  ‖vε - vref‖ = 0.027530705741604558  α = 0.000149
 43   -21.48155323828      -12.10       -5.13    7.35s
    ‖ρε - ρref‖ = 1.4685830926713556e-6 ‖Δρ‖ = 1.430751075882398e-6  ‖vε - vref‖ = 0.027401796074957782  α = 0.000307
 44   -21.48155323828      -12.47       -4.65    7.52s
    ‖ρε - ρref‖ = 5.63679912506038e-6 ‖Δρ‖ = 5.65962050766585e-6  ‖vε - vref‖ = 0.02733487793553219  α = 5.02e-5
 45   -21.48155323828      -12.20       -5.02    7.38s
    ‖ρε - ρref‖ = 1.8850185920519232e-6 ‖Δρ‖ = 1.8758678277541522e-6  ‖vε - vref‖ = 0.02723274958861714  α = 0.000208
 46   -21.48155323828      -12.30       -4.94    7.36s
    ‖ρε - ρref‖ = 2.3951865596806795e-6 ‖Δρ‖ = 2.2860521460001625e-6  ‖vε - vref‖ = 0.027160946323681923  α = 0.000156
 47   -21.48155323828      -12.47       -5.05    7.26s
    ‖ρε - ρref‖ = 1.917070791215692e-6 ‖Δρ‖ = 1.9023557408798675e-6  ‖vε - vref‖ = 0.02710825265753353  α = 0.000151
 48   -21.48155323828      -12.73       -5.17    7.29s
    ‖ρε - ρref‖ = 1.6122618193059933e-6 ‖Δρ‖ = 1.8249352673958526e-6  ‖vε - vref‖ = 0.02710036536306752  α = 9.95e-5
 49   -21.48155323828      -12.55       -3.92    15.5s
    ‖ρε - ρref‖ = 2.799189575663095e-5 ‖Δρ‖ = 2.784018190112208e-5  ‖vε - vref‖ = 0.02704236662734683  α = 8.52e-6
 50   -21.48155323828      -12.10       -5.26    7.39s
    ‖ρε - ρref‖ = 9.66670599868784e-7 ‖Δρ‖ = 8.720116774270353e-7  ‖vε - vref‖ = 0.026936731138382502  α = 0.000515
 51   -21.48155323828      -13.11       -4.94    7.31s
    ‖ρε - ρref‖ = 3.5443083316432944e-6 ‖Δρ‖ = 3.5583479465379366e-6  ‖vε - vref‖ = 0.026925977273387053  α = 3.62e-5
 52   -21.48155323828      -12.92       -4.71    7.33s
    ‖ρε - ρref‖ = 5.18469544751889e-6 ‖Δρ‖ = 5.189545444725644e-6  ‖vε - vref‖ = 0.02690836403588991  α = 3.31e-5
 53   -21.48155323828      -12.96       -5.19    7.28s
    ‖ρε - ρref‖ = 1.8633050768753857e-6 ‖Δρ‖ = 1.772348074156703e-6  ‖vε - vref‖ = 0.026901311371955478  α = 8.77e-5
 54   -21.48155323828      -12.40       -4.74    7.24s
    ‖ρε - ρref‖ = 3.269378477116852e-6 ‖Δρ‖ = 3.250746711032986e-6  ‖vε - vref‖ = 0.026853403812576077  α = 9.54e-5
 55   -21.48155323828      -12.66       -5.33    7.37s
    ‖ρε - ρref‖ = 1.0342859081490152e-6 ‖Δρ‖ = 9.502932743588157e-7  ‖vε - vref‖ = 0.02683227081395907  α = 0.000235
 56   -21.48155323828      -12.86       -5.17    15.7s
    ‖ρε - ρref‖ = 1.5336543218302209e-6 ‖Δρ‖ = 1.49497263543691e-6  ‖vε - vref‖ = 0.026816785683889052  α = 0.000124
 57   -21.48155323828      -12.84       -4.92    7.39s
    ‖ρε - ρref‖ = 2.6858540311847224e-6 ‖Δρ‖ = 2.6907590126447027e-6  ‖vε - vref‖ = 0.026799381449540687  α = 6.77e-5
 58   -21.48155323828      -12.59       -5.29    7.40s
    ‖ρε - ρref‖ = 1.0026883409670107e-6 ‖Δρ‖ = 9.295417674089434e-7  ‖vε - vref‖ = 0.026778706246139723  α = 0.000255
 59   -21.48155323828      -13.07       -5.44    7.39s
    ‖ρε - ρref‖ = 9.362001102584553e-7 ‖Δρ‖ = 7.984083865387098e-7  ‖vε - vref‖ = 0.026775645176230684  α = 0.000201
 60   -21.48155323828      -13.60       -5.15    7.40s
    ‖ρε - ρref‖ = 2.473372038286663e-6 ‖Δρ‖ = 2.2004848078177514e-6  ‖vε - vref‖ = 0.026780126655259577  α = 3.48e-5
 61   -21.48155323828      -12.85       -4.28    7.43s
    ‖ρε - ρref‖ = 9.773185881055015e-6 ‖Δρ‖ = 9.911330681247749e-6  ‖vε - vref‖ = 0.026761515390631624  α = 1.81e-5
 62   -21.48155323828      -13.09       -5.48    7.41s
    ‖ρε - ρref‖ = 8.477925793118158e-7 ‖Δρ‖ = 7.588153243933607e-7  ‖vε - vref‖ = 0.02675768240117599  α = 0.000171
    Stopping to avoid numerical instabilities.
 63   -21.48155323828      -13.00       -5.57    7.33s
    ‖ρε - ρref‖ = 7.072186001678582e-7 ‖Δρ‖ = 5.711340667759408e-7  ‖vε - vref‖ = 0.02676006898719184  α = 0.000269

#-- ‖ρε - ρref‖ = 3.799039591789206e-7 vs. 1.3335214321633241e-9 = δ*ε ‖vε - vref‖ = 0.026753818007698608


# --- ε=1.0e-7

n     Energy            log10(ΔE)   log10(Δρ)   Δtime 
---   ---------------   ---------   ---------   ------
  1   -21.48155298572                   -1.26    11.8s
    ‖ρε - ρref‖ = 0.0347852748299601 ‖Δρ‖ = 0.034785032941502016  ‖vε - vref‖ = 0.5636724515190996  α = 2.49e-6
  2   -21.48155299183       -8.21       -2.34    7.12s
    ‖ρε - ρref‖ = 0.0018806453927746017 ‖Δρ‖ = 0.0018805790766891033  ‖vε - vref‖ = 0.4050195112269335  α = 1.66e-5
  3   -21.48155299440       -8.59       -2.56    7.04s
    ‖ρε - ρref‖ = 0.0009681614307025891 ‖Δρ‖ = 0.0009680984266838081  ‖vε - vref‖ = 0.3329543080105358  α = 2.16e-5
  4   -21.48155299615       -8.76       -2.56    7.14s
    ‖ρε - ρref‖ = 0.0010358184652106272 ‖Δρ‖ = 0.001035761949350941  ‖vε - vref‖ = 0.25979515253431396  α = 1.62e-5
  5   -21.48155299762       -8.83       -3.15    7.14s
    ‖ρε - ρref‖ = 0.0001855111040626724 ‖Δρ‖ = 0.000185458664946751  ‖vε - vref‖ = 0.1917819752681331  α = 8.8e-5
  6   -21.48155299803       -9.39       -3.21    13.6s
    ‖ρε - ρref‖ = 0.00019823847035593418 ‖Δρ‖ = 0.00019820859020964232  ‖vε - vref‖ = 0.16638768307159085  α = 4.23e-5
  7   -21.48155299842       -9.41       -3.31    7.35s
    ‖ρε - ρref‖ = 0.0001236528743214031 ‖Δρ‖ = 0.0001236295732837635  ‖vε - vref‖ = 0.13977283872174084  α = 6.82e-5
  8   -21.48155299871       -9.53       -3.71    7.36s
    ‖ρε - ρref‖ = 4.69414745478609e-5 ‖Δρ‖ = 4.691730509779171e-5  ‖vε - vref‖ = 0.11609515989400093  α = 0.000155
  9   -21.48155299887       -9.79       -3.76    7.29s
    ‖ρε - ρref‖ = 3.953641522604222e-5 ‖Δρ‖ = 3.95238251664321e-5  ‖vε - vref‖ = 0.1004151651545814  α = 0.000138
 10   -21.48155299896      -10.04       -3.85    7.40s
    ‖ρε - ρref‖ = 3.326341039166987e-5 ‖Δρ‖ = 3.3242997004601115e-5  ‖vε - vref‖ = 0.09068430318054428  α = 0.000123
 11   -21.48155299905      -10.08       -3.92    7.57s
    ‖ρε - ρref‖ = 2.6262182677731713e-5 ‖Δρ‖ = 2.62502152744306e-5  ‖vε - vref‖ = 0.0806849481524575  α = 0.000151
 12   -21.48155299906      -10.95       -4.05    7.42s
    ‖ρε - ρref‖ = 3.347122086760406e-5 ‖Δρ‖ = 3.325334104579939e-5  ‖vε - vref‖ = 0.08007316113654145  α = 3.53e-5
 13   -21.48155299911      -10.30       -3.04    15.8s
    ‖ρε - ρref‖ = 0.00020819091135943749 ‖Δρ‖ = 0.000208253215319584  ‖vε - vref‖ = 0.07290971942081217  α = 1.42e-5
 14   -21.48155299914      -10.50       -3.91    7.49s
    ‖ρε - ρref‖ = 3.135457102374721e-5 ‖Δρ‖ = 3.137779865919562e-5  ‖vε - vref‖ = 0.06883164165147912  α = 7.49e-5
 15   -21.48155299917      -10.54       -3.32    7.35s
    ‖ρε - ρref‖ = 0.0001238038875428962 ‖Δρ‖ = 0.00012378740869202192  ‖vε - vref‖ = 0.06438476997501089  α = 1.81e-5
 16   -21.48155299918      -10.92       -3.60    7.39s
    ‖ρε - ρref‖ = 8.418236759081384e-5 ‖Δρ‖ = 8.414627756101504e-5  ‖vε - vref‖ = 0.06233974431685579  α = 1.64e-5
 17   -21.48155299922      -10.43       -4.11    7.37s
    ‖ρε - ρref‖ = 1.6624614064115595e-5 ‖Δρ‖ = 1.6599529332654818e-5  ‖vε - vref‖ = 0.05612445433634657  α = 0.000159
 18   -21.48155299923      -10.94       -4.16    7.41s
    ‖ρε - ρref‖ = 1.9641069289171836e-5 ‖Δρ‖ = 1.9669770241578913e-5  ‖vε - vref‖ = 0.05419811805830879  α = 7.14e-5
 19   -21.48155299925      -10.66       -3.98    7.37s
    ‖ρε - ρref‖ = 2.3071922773641973e-5 ‖Δρ‖ = 2.3087745325336602e-5  ‖vε - vref‖ = 0.05019741621449391  α = 8.69e-5
 20   -21.48155299927      -10.74       -3.95    7.36s
    ‖ρε - ρref‖ = 2.5689492312228847e-5 ‖Δρ‖ = 2.5646108137842297e-5  ‖vε - vref‖ = 0.04644368270896636  α = 7.02e-5
 21   -21.48155299929      -10.63       -4.62    16.1s
    ‖ρε - ρref‖ = 4.458061343382086e-6 ‖Δρ‖ = 4.427989853620818e-6  ‖vε - vref‖ = 0.04158842454994542  α = 0.000473
 22   -21.48155299930      -11.02       -4.26    7.44s
    ‖ρε - ρref‖ = 1.3218125381226124e-5 ‖Δρ‖ = 1.3243366918005072e-5  ‖vε - vref‖ = 0.0392634705519788  α = 9.76e-5
 23   -21.48155299931      -11.04       -4.46    7.35s
    ‖ρε - ρref‖ = 6.910676539058306e-6 ‖Δρ‖ = 6.896063569406324e-6  ‖vε - vref‖ = 0.037084923257970984  α = 0.00019
 24   -21.48155299931      -11.38       -4.40    7.44s
    ‖ρε - ρref‖ = 9.699779766431651e-6 ‖Δρ‖ = 9.808939681259135e-6  ‖vε - vref‖ = 0.036339984935682974  α = 8.31e-5
 25   -21.48155299932      -11.56       -3.27    7.36s
    ‖ρε - ρref‖ = 0.00014795229941719635 ‖Δρ‖ = 0.0001477732137305896  ‖vε - vref‖ = 0.03532680466791844  α = 4.2e-6
 26   -21.48155299932      -11.25       -4.45    7.34s
    ‖ρε - ρref‖ = 7.151358422396457e-6 ‖Δρ‖ = 7.14525246630586e-6  ‖vε - vref‖ = 0.03385231509592744  α = 0.000144
 27   -21.48155299932      -12.19       -4.21    7.37s
    ‖ρε - ρref‖ = 2.258573636430515e-5 ‖Δρ‖ = 2.2614702592440814e-5  ‖vε - vref‖ = 0.0336739543895191  α = 1.42e-5
 28   -21.48155299933      -11.78       -4.47    16.0s
    ‖ρε - ρref‖ = 9.548243963680503e-6 ‖Δρ‖ = 9.576474551119063e-6  ‖vε - vref‖ = 0.03331319156427033  α = 5.48e-5
 29   -21.48155299933      -11.28       -4.03    7.59s
    ‖ρε - ρref‖ = 1.770334336775761e-5 ‖Δρ‖ = 1.768692458658584e-5  ‖vε - vref‖ = 0.03182989580225132  α = 5.48e-5
 30   -21.48155299933      -11.48       -4.39    7.44s
    ‖ρε - ρref‖ = 8.293764785933288e-6 ‖Δρ‖ = 8.266262087500611e-6  ‖vε - vref‖ = 0.03089150839028209  α = 9.51e-5
 31   -21.48155299933      -12.16       -4.73    7.33s
    ‖ρε - ρref‖ = 5.680257159912347e-6 ‖Δρ‖ = 5.69160733706526e-6  ‖vε - vref‖ = 0.030701510207448077  α = 6.08e-5
 32   -21.48155299934      -11.46       -4.63    7.39s
    ‖ρε - ρref‖ = 4.34358355333805e-6 ‖Δρ‖ = 4.359096838290212e-6  ‖vε - vref‖ = 0.029762156849069365  α = 0.000184
 33   -21.48155299934      -11.73       -4.44    7.37s
    ‖ρε - ρref‖ = 8.06885101106483e-6 ‖Δρ‖ = 8.018883916140755e-6  ‖vε - vref‖ = 0.029216747455720123  α = 7.25e-5
 34   -21.48155299934      -11.53       -4.82    7.35s
    ‖ρε - ρref‖ = 2.5997542656681393e-6 ‖Δρ‖ = 2.5767863753583642e-6  ‖vε - vref‖ = 0.028366356239720742  α = 0.000292
 35   -21.48155299934      -12.06       -5.03    15.9s
    ‖ρε - ρref‖ = 2.284192983535977e-6 ‖Δρ‖ = 2.2911037570324866e-6  ‖vε - vref‖ = 0.02813313795923078  α = 0.00017
 36   -21.48155299934      -12.42       -4.82    7.48s
    ‖ρε - ρref‖ = 4.5776658633364675e-6 ‖Δρ‖ = 4.381586099551428e-6  ‖vε - vref‖ = 0.028096870282306473  α = 5.15e-5
 37   -21.48155299935      -12.05       -3.68    7.41s
    ‖ρε - ρref‖ = 4.4877117133137924e-5 ‖Δρ‖ = 4.49730574422647e-5  ‖vε - vref‖ = 0.027784789096654168  α = 8.44e-6
 38   -21.48155299935      -11.91       -4.81    7.45s
    ‖ρε - ρref‖ = 2.9553165213856444e-6 ‖Δρ‖ = 2.9562193144022747e-6  ‖vε - vref‖ = 0.0274532806161887  α = 0.000161
 39   -21.48155299935      -12.67       -4.60    7.36s
    ‖ρε - ρref‖ = 8.21615556116789e-6 ‖Δρ‖ = 8.189988684679884e-6  ‖vε - vref‖ = 0.02740179619856134  α = 2.25e-5
 40   -21.48155299935      -12.12       -4.47    7.37s
    ‖ρε - ρref‖ = 7.51191955584029e-6 ‖Δρ‖ = 7.492477577067834e-6  ‖vε - vref‖ = 0.02720064128601056  α = 4.87e-5
 41   -21.48155299935      -12.54       -4.45    7.33s
    ‖ρε - ρref‖ = 1.0392921323249264e-5 ‖Δρ‖ = 1.0416417920399926e-5  ‖vε - vref‖ = 0.027107012405077232  α = 2.19e-5
 42   -21.48155299935      -12.21       -4.87    7.31s
    ‖ρε - ρref‖ = 2.989022493233244e-6 ‖Δρ‖ = 2.9370482994197184e-6  ‖vε - vref‖ = 0.02695034100275424  α = 0.000112
 43   -21.48155299935      -12.16       -5.10    16.3s
    ‖ρε - ρref‖ = 1.5583591861814111e-6 ‖Δρ‖ = 1.5413386523292608e-6  ‖vε - vref‖ = 0.026780496139226187  α = 0.000234
 44   -21.48155299935      -12.50       -4.61    7.37s
    ‖ρε - ρref‖ = 6.151058140995089e-6 ‖Δρ‖ = 6.1712335181431224e-6  ‖vε - vref‖ = 0.026694393927510322  α = 3.78e-5
 45   -21.48155299935      -12.23       -4.98    7.46s
    ‖ρε - ρref‖ = 2.0588090439246906e-6 ‖Δρ‖ = 2.0611192459009096e-6  ‖vε - vref‖ = 0.026556514795158824  α = 0.000158
 46   -21.48155299935      -12.32       -4.89    7.37s
    ‖ρε - ρref‖ = 2.6224838724704318e-6 ‖Δρ‖ = 2.547344671918554e-6  ‖vε - vref‖ = 0.026449763874528732  α = 0.000118
 47   -21.48155299935      -12.47       -5.00    7.45s
    ‖ρε - ρref‖ = 2.1353546376586503e-6 ‖Δρ‖ = 2.133340094177982e-6  ‖vε - vref‖ = 0.026375064235911943  α = 0.000115
 48   -21.48155299935      -12.78       -5.11    7.32s
    ‖ρε - ρref‖ = 1.8991742455795387e-6 ‖Δρ‖ = 2.0652902125295434e-6  ‖vε - vref‖ = 0.026363334405287445  α = 7.64e-5
 49   -21.48155299935      -12.56       -3.85    7.36s
    ‖ρε - ρref‖ = 3.238944139159263e-5 ‖Δρ‖ = 3.2275418824165296e-5  ‖vε - vref‖ = 0.02627937772455001  α = 6.35e-6
 50   -21.48155299935      -12.07       -5.20    15.8s
    ‖ρε - ρref‖ = 1.0617744131185734e-6 ‖Δρ‖ = 1.0101502835887305e-6  ‖vε - vref‖ = 0.026114728027110772  α = 0.000389
 51   -21.48155299935      -13.27       -4.88    7.44s
    ‖ρε - ρref‖ = 4.108174449007884e-6 ‖Δρ‖ = 4.124131304546546e-6  ‖vε - vref‖ = 0.026098885431921452  α = 2.75e-5
 52   -21.48155299935      -12.86       -4.64    7.40s
    ‖ρε - ρref‖ = 6.10074698441545e-6 ‖Δρ‖ = 6.108239363778726e-6  ‖vε - vref‖ = 0.026070760816300657  α = 2.5e-5
 53   -21.48155299935      -12.91       -5.11    7.36s
    ‖ρε - ρref‖ = 2.1712523928568907e-6 ‖Δρ‖ = 2.113360137854562e-6  ‖vε - vref‖ = 0.02605725522843367  α = 6.71e-5
 54   -21.48155299935      -12.37       -4.65    7.42s
    ‖ρε - ρref‖ = 3.983127006533786e-6 ‖Δρ‖ = 3.975448371751708e-6  ‖vε - vref‖ = 0.0259747343405647  α = 7.09e-5
 55   -21.48155299935      -12.58       -5.25    7.36s
    ‖ρε - ρref‖ = 1.1972265463283495e-6 ‖Δρ‖ = 1.1538831147756914e-6  ‖vε - vref‖ = 0.02593729007697351  α = 0.000179
 56   -21.48155299935      -12.81       -5.08    7.30s
    ‖ρε - ρref‖ = 1.8564085198600821e-6 ‖Δρ‖ = 1.8411495096091939e-6  ‖vε - vref‖ = 0.02590965698674016  α = 9.52e-5
 57   -21.48155299935      -12.77       -4.82    7.30s
    ‖ρε - ρref‖ = 3.3794599478846184e-6 ‖Δρ‖ = 3.3910524667904856e-6  ‖vε - vref‖ = 0.0258801052728228  α = 5.08e-5
 58   -21.48155299935      -12.54       -5.19    16.1s
    ‖ρε - ρref‖ = 1.2088091239531913e-6 ‖Δρ‖ = 1.1758334023840698e-6  ‖vε - vref‖ = 0.02584032068707071  α = 0.000194
 59   -21.48155299935      -12.89       -5.33    7.47s
    ‖ρε - ρref‖ = 1.105817156131949e-6 ‖Δρ‖ = 1.0247731735613596e-6  ‖vε - vref‖ = 0.02582844739284819  α = 0.000155
 60   -21.48155299935      -13.45       -5.02    7.38s
    ‖ρε - ρref‖ = 3.074132927476926e-6 ‖Δρ‖ = 2.875589807669306e-6  ‖vε - vref‖ = 0.025834950227771457  α = 2.71e-5
 61   -21.48155299935      -12.69       -4.15    7.33s
    ‖ρε - ρref‖ = 1.3497372188620326e-5 ‖Δρ‖ = 1.3604627792439542e-5  ‖vε - vref‖ = 0.025798628117234945  α = 1.31e-5
 62   -21.48155299935      -13.03       -5.35    7.40s
    ‖ρε - ρref‖ = 1.0515671974085953e-6 ‖Δρ‖ = 1.0127070451017626e-6  ‖vε - vref‖ = 0.025789036817825718  α = 0.000132
    Stopping to avoid numerical instabilities.
 63   -21.48155299935      -12.84       -5.42    7.38s
    ‖ρε - ρref‖ = 8.514556355300265e-7 ‖Δρ‖ = 7.831079449648023e-7  ‖vε - vref‖ = 0.025786718451225876  α = 0.000209

#-- ‖ρε - ρref‖ = 2.8490225871697697e-7 vs. 1.0e-9 = δ*ε ‖vε - vref‖ = 0.02576826223087128


# --- ε=7.498942093324559e-8

n     Energy            log10(ΔE)   log10(Δρ)   Δtime 
---   ---------------   ---------   ---------   ------
  1   -21.48155280994                   -1.26    11.5s
    ‖ρε - ρref‖ = 0.03478525308923591 ‖Δρ‖ = 0.034785071699163915  ‖vε - vref‖ = 0.5639615812275811  α = 1.86e-6
  2   -21.48155281452       -8.34       -2.34    7.03s
    ‖ρε - ρref‖ = 0.0018803750744703382 ‖Δρ‖ = 0.001880325349691802  ‖vε - vref‖ = 0.4054622219039526  α = 1.25e-5
  3   -21.48155281645       -8.71       -2.56    7.02s
    ‖ρε - ρref‖ = 0.0009681855285441584 ‖Δρ‖ = 0.0009681382865170361  ‖vε - vref‖ = 0.3334967577260026  α = 1.62e-5
  4   -21.48155281776       -8.88       -2.56    7.07s
    ‖ρε - ρref‖ = 0.0010355017451124887 ‖Δρ‖ = 0.0010354593628709486  ‖vε - vref‖ = 0.26043374440247524  α = 1.22e-5
  5   -21.48155281886       -8.96       -3.15    7.14s
    ‖ρε - ρref‖ = 0.00018554980266707088 ‖Δρ‖ = 0.0001855104974200824  ‖vε - vref‖ = 0.192485327661182  α = 6.6e-5
  6   -21.48155281917       -9.51       -3.21    14.4s
    ‖ρε - ρref‖ = 0.0001983412919953617 ‖Δρ‖ = 0.00019831894231144917  ‖vε - vref‖ = 0.16715988451111874  α = 3.17e-5
  7   -21.48155281946       -9.53       -3.31    7.33s
    ‖ρε - ρref‖ = 0.000123601182492142 ‖Δρ‖ = 0.00012358380660197694  ‖vε - vref‖ = 0.1406374881829376  α = 5.12e-5
  8   -21.48155281968       -9.66       -3.71    7.26s
    ‖ρε - ρref‖ = 4.694364270534229e-5 ‖Δρ‖ = 4.6925653546406855e-5  ‖vε - vref‖ = 0.11699280520935702  α = 0.000116
  9   -21.48155281981       -9.91       -3.76    7.28s
    ‖ρε - ρref‖ = 3.955799805428401e-5 ‖Δρ‖ = 3.954870297542841e-5  ‖vε - vref‖ = 0.10134969124916826  α = 0.000104
 10   -21.48155281987      -10.16       -3.85    7.33s
    ‖ρε - ρref‖ = 3.327749512902416e-5 ‖Δρ‖ = 3.326237921440171e-5  ‖vε - vref‖ = 0.0916204421374456  α = 9.25e-5
 11   -21.48155281994      -10.20       -3.92    7.30s
    ‖ρε - ρref‖ = 2.631856068243116e-5 ‖Δρ‖ = 2.6309919446163694e-5  ‖vε - vref‖ = 0.08161317723896408  α = 0.000113
 12   -21.48155281995      -11.07       -4.05    7.31s
    ‖ρε - ρref‖ = 3.3443966160715476e-5 ‖Δρ‖ = 3.328072815264838e-5  ‖vε - vref‖ = 0.08098644418351034  α = 2.66e-5
 13   -21.48155281998      -10.43       -3.04    7.32s
    ‖ρε - ρref‖ = 0.0002091670963108 ‖Δρ‖ = 0.0002092139240698589  ‖vε - vref‖ = 0.07379712043006253  α = 1.06e-5
 14   -21.48155282001      -10.62       -3.91    16.0s
    ‖ρε - ρref‖ = 3.142059414375229e-5 ‖Δρ‖ = 3.143821278026748e-5  ‖vε - vref‖ = 0.06968570712050635  α = 5.63e-5
 15   -21.48155282003      -10.66       -3.32    7.43s
    ‖ρε - ρref‖ = 0.0001242424206825596 ‖Δρ‖ = 0.00012423008406706133  ‖vε - vref‖ = 0.06521264909982194  α = 1.36e-5
 16   -21.48155282004      -11.04       -3.60    7.37s
    ‖ρε - ρref‖ = 8.434141024480372e-5 ‖Δρ‖ = 8.431440658981059e-5  ‖vε - vref‖ = 0.06315828609598867  α = 1.23e-5
 17   -21.48155282007      -10.55       -4.11    7.36s
    ‖ρε - ρref‖ = 1.668163411952868e-5 ‖Δρ‖ = 1.6663276908947215e-5  ‖vε - vref‖ = 0.05688345733978225  α = 0.000119
 18   -21.48155282008      -11.06       -4.16    7.34s
    ‖ρε - ρref‖ = 1.9683452210786237e-5 ‖Δρ‖ = 1.9705347352095402e-5  ‖vε - vref‖ = 0.05493417307112492  α = 5.37e-5
 19   -21.48155282009      -10.78       -3.98    7.29s
    ‖ρε - ρref‖ = 2.3185663392022697e-5 ‖Δρ‖ = 2.319780569881567e-5  ‖vε - vref‖ = 0.050874829608981514  α = 6.51e-5
 20   -21.48155282011      -10.87       -3.95    7.25s
    ‖ρε - ρref‖ = 2.5788058242882466e-5 ‖Δρ‖ = 2.5755784306486503e-5  ‖vε - vref‖ = 0.04707052745341014  α = 5.26e-5
 21   -21.48155282012      -10.75       -4.61    15.9s
    ‖ρε - ρref‖ = 4.466160536965937e-6 ‖Δρ‖ = 4.445335669000086e-6  ‖vε - vref‖ = 0.04209784989395446  α = 0.000355
 22   -21.48155282013      -11.14       -4.26    7.40s
    ‖ρε - ρref‖ = 1.3263140189166985e-5 ‖Δρ‖ = 1.3282656949557689e-5  ‖vε - vref‖ = 0.03972826687748776  α = 7.32e-5
 23   -21.48155282014      -11.16       -4.46    7.42s
    ‖ρε - ρref‖ = 6.9373503040394506e-6 ‖Δρ‖ = 6.927442534333046e-6  ‖vε - vref‖ = 0.037490411456814955  α = 0.000142
 24   -21.48155282014      -11.50       -4.39    7.35s
    ‖ρε - ρref‖ = 9.769076909119233e-6 ‖Δρ‖ = 9.8516844956628e-6  ‖vε - vref‖ = 0.03671584269702991  α = 6.23e-5
 25   -21.48155282014      -11.68       -3.27    7.33s
    ‖ρε - ρref‖ = 0.000148534259968701 ‖Δρ‖ = 0.00014840007873416367  ‖vε - vref‖ = 0.03567854816401877  α = 3.15e-6
 26   -21.48155282015      -11.37       -4.45    7.33s
    ‖ρε - ρref‖ = 7.187098274095426e-6 ‖Δρ‖ = 7.18361787289748e-6  ‖vε - vref‖ = 0.03415592828172994  α = 0.000107
 27   -21.48155282015      -12.35       -4.20    7.28s
    ‖ρε - ρref‖ = 2.2658486749416593e-5 ‖Δρ‖ = 2.2680535000032265e-5  ‖vε - vref‖ = 0.0339728029775323  α = 1.06e-5
 28   -21.48155282015      -11.88       -4.47    7.31s
    ‖ρε - ρref‖ = 9.592171079499873e-6 ‖Δρ‖ = 9.614120748149421e-6  ‖vε - vref‖ = 0.033593437004754215  α = 4.12e-5
 29   -21.48155282015      -11.40       -4.03    15.7s
    ‖ρε - ρref‖ = 1.7828534504387483e-5 ‖Δρ‖ = 1.781661289521788e-5  ‖vε - vref‖ = 0.03205289148486557  α = 4.1e-5
 30   -21.48155282016      -11.60       -4.39    7.34s
    ‖ρε - ρref‖ = 8.321843609938838e-6 ‖Δρ‖ = 8.302138132476324e-6  ‖vε - vref‖ = 0.0310730147262845  α = 7.13e-5
 31   -21.48155282016      -12.28       -4.73    7.38s
    ‖ρε - ρref‖ = 5.692808788048907e-6 ‖Δρ‖ = 5.7026703883846785e-6  ‖vε - vref‖ = 0.030874184081331194  α = 4.57e-5
 32   -21.48155282016      -11.58       -4.62    7.29s
    ‖ρε - ρref‖ = 4.375548337140386e-6 ‖Δρ‖ = 4.388914768430317e-6  ‖vε - vref‖ = 0.02988637184630835  α = 0.000138
 33   -21.48155282016      -11.85       -4.44    7.27s
    ‖ρε - ρref‖ = 8.075800021893758e-6 ‖Δρ‖ = 8.039222088950568e-6  ‖vε - vref‖ = 0.02931103840998391  α = 5.44e-5
 34   -21.48155282016      -11.65       -4.82    7.31s
    ‖ρε - ρref‖ = 2.598469955071811e-6 ‖Δρ‖ = 2.5841672984162747e-6  ‖vε - vref‖ = 0.028405780396898814  α = 0.00022
 35   -21.48155282016      -12.17       -5.03    7.39s
    ‖ρε - ρref‖ = 2.2904708629396017e-6 ‖Δρ‖ = 2.29905343328705e-6  ‖vε - vref‖ = 0.028154203498468918  α = 0.000128
 36   -21.48155282016      -12.54       -4.81    16.1s
    ‖ρε - ρref‖ = 4.5762223140113475e-6 ‖Δρ‖ = 4.430179578768189e-6  ‖vε - vref‖ = 0.02810905034866524  α = 3.89e-5
 37   -21.48155282016      -12.15       -3.68    7.43s
    ‖ρε - ρref‖ = 4.5716502767430865e-5 ‖Δρ‖ = 4.578868769279292e-5  ‖vε - vref‖ = 0.027772331533694468  α = 6.32e-6
 38   -21.48155282016      -12.03       -4.80    7.34s
    ‖ρε - ρref‖ = 3.003824069975755e-6 ‖Δρ‖ = 3.007154678370222e-6  ‖vε - vref‖ = 0.027406106434520097  α = 0.000121
 39   -21.48155282016      -12.76       -4.59    7.33s
    ‖ρε - ρref‖ = 8.366301530889434e-6 ‖Δρ‖ = 8.347611177214993e-6  ‖vε - vref‖ = 0.027347547758877374  α = 1.7e-5
 40   -21.48155282017      -12.23       -4.46    7.31s
    ‖ρε - ρref‖ = 7.709405231314274e-6 ‖Δρ‖ = 7.695859149046538e-6  ‖vε - vref‖ = 0.027120801004008505  α = 3.65e-5
 41   -21.48155282017      -12.59       -4.44    7.33s
    ‖ρε - ρref‖ = 1.066494438720992e-5 ‖Δρ‖ = 1.0683294748202632e-5  ‖vε - vref‖ = 0.027015303978304317  α = 1.64e-5
 42   -21.48155282017      -12.32       -4.86    7.37s
    ‖ρε - ρref‖ = 3.0620023310707965e-6 ‖Δρ‖ = 3.025696216488704e-6  ‖vε - vref‖ = 0.0268334040418415  α = 8.46e-5
 43   -21.48155282017      -12.24       -5.08    7.38s
    ‖ρε - ρref‖ = 1.6044425564425373e-6 ‖Δρ‖ = 1.5971470987712261e-6  ‖vε - vref‖ = 0.026633530830583965  α = 0.000177
 44   -21.48155282017      -12.57       -4.59    16.3s
    ‖ρε - ρref‖ = 6.422652143721859e-6 ‖Δρ‖ = 6.439171216667725e-6  ‖vε - vref‖ = 0.026533740141959673  α = 2.85e-5
 45   -21.48155282017      -12.33       -4.96    7.36s
    ‖ρε - ρref‖ = 2.1570216366305563e-6 ‖Δρ‖ = 2.1628855080638417e-6  ‖vε - vref‖ = 0.026368162853294498  α = 0.00012
 46   -21.48155282017      -12.39       -4.87    7.35s
    ‖ρε - ρref‖ = 2.7493273059193153e-6 ‖Δρ‖ = 2.6960954085945517e-6  ‖vε - vref‖ = 0.02623262588464653  α = 8.89e-5
 47   -21.48155282017      -12.56       -4.97    7.31s
    ‖ρε - ρref‖ = 2.2684222213731356e-6 ‖Δρ‖ = 2.2711283239559924e-6  ‖vε - vref‖ = 0.026139242981990468  α = 8.69e-5
 48   -21.48155282017      -12.77       -5.08    7.28s
    ‖ρε - ρref‖ = 2.081445630404867e-6 ‖Δρ‖ = 2.2082812762538566e-6  ‖vε - vref‖ = 0.02612248713588166  α = 5.87e-5
 49   -21.48155282017      -12.65       -3.82    7.25s
    ‖ρε - ρref‖ = 3.542461534101825e-5 ‖Δρ‖ = 3.533848229456751e-5  ‖vε - vref‖ = 0.026016929905567816  α = 4.7e-6
 50   -21.48155282017      -12.11       -5.16    7.28s
    ‖ρε - ρref‖ = 1.1297943273678025e-6 ‖Δρ‖ = 1.0998583400562018e-6  ‖vε - vref‖ = 0.025795280653287143  α = 0.000295
 51   -21.48155282017      -13.17       -4.84    15.9s
    ‖ρε - ρref‖ = 4.477119604279027e-6 ‖Δρ‖ = 4.4914001990643765e-6  ‖vε - vref‖ = 0.025774312771621122  α = 2.11e-5
 52   -21.48155282017      -12.86       -4.60    7.36s
    ‖ρε - ρref‖ = 6.797125803696986e-6 ‖Δρ‖ = 6.804263615425694e-6  ‖vε - vref‖ = 0.025735708804462208  α = 1.88e-5
 53   -21.48155282017      -12.99       -5.07    7.34s
    ‖ρε - ρref‖ = 2.388970920313544e-6 ‖Δρ‖ = 2.349923825959264e-6  ‖vε - vref‖ = 0.025714436761986446  α = 5.15e-5
 54   -21.48155282017      -12.37       -4.59    7.39s
    ‖ρε - ρref‖ = 4.558038566677502e-6 ‖Δρ‖ = 4.5549400702583e-6  ‖vε - vref‖ = 0.0255946436391357  α = 5.25e-5
 55   -21.48155282017      -12.64       -5.19    7.32s
    ‖ρε - ρref‖ = 1.3285235206356966e-6 ‖Δρ‖ = 1.3044578750670735e-6  ‖vε - vref‖ = 0.025537948753781202  α = 0.000137
 56   -21.48155282017      -12.73       -5.02    7.33s
    ‖ρε - ρref‖ = 2.1154629733508666e-6 ‖Δρ‖ = 2.1097235791699034e-6  ‖vε - vref‖ = 0.025495463628025128  α = 7.25e-5
 57   -21.48155282017      -12.78       -4.75    7.40s
    ‖ρε - ρref‖ = 3.935275094265256e-6 ‖Δρ‖ = 3.947061757260712e-6  ‖vε - vref‖ = 0.02545136901562523  α = 3.81e-5
 58   -21.48155282017      -12.57       -5.12    7.40s
    ‖ρε - ρref‖ = 1.3911157943250722e-6 ‖Δρ‖ = 1.3752079372891308e-6  ‖vε - vref‖ = 0.025386862884223243  α = 0.000147
 59   -21.48155282017      -12.77       -5.26    16.4s
    ‖ρε - ρref‖ = 1.25587497918143e-6 ‖Δρ‖ = 1.2043932528681282e-6  ‖vε - vref‖ = 0.0253619514836319  α = 0.000119
 60   -21.48155282017      -13.30       -4.95    7.34s
    ‖ρε - ρref‖ = 3.5511570233622197e-6 ‖Δρ‖ = 3.405458730361163e-6  ‖vε - vref‖ = 0.025369275584375888  α = 2.11e-5
 61   -21.48155282017      -12.69       -4.05    7.43s
    ‖ρε - ρref‖ = 1.6852056789697064e-5 ‖Δρ‖ = 1.6934635129131295e-5  ‖vε - vref‖ = 0.025309951607480386  α = 9.5e-6
 62   -21.48155282017      -12.94       -5.27    7.32s
    ‖ρε - ρref‖ = 1.2381004977646722e-6 ‖Δρ‖ = 1.2197457609190893e-6  ‖vε - vref‖ = 0.025291309660168078  α = 0.000101
    Stopping to avoid numerical instabilities.
 63   -21.48155282017      -12.77       -5.33    7.29s
    ‖ρε - ρref‖ = 9.93556252933051e-7 ‖Δρ‖ = 9.558340615357342e-7  ‖vε - vref‖ = 0.025277696642303518  α = 0.000163

#-- ‖ρε - ρref‖ = 2.136547665008081e-7 vs. 7.498942093324559e-10 = δ*ε ‖vε - vref‖ = 0.025239774216282852


# --- ε=5.6234132519034905e-8

n     Energy            log10(ΔE)   log10(Δρ)   Δtime 
---   ---------------   ---------   ---------   ------
  1   -21.48155267813                   -1.26    11.6s
    ‖ρε - ρref‖ = 0.03478523611768381 ‖Δρ‖ = 0.034785100094745044  ‖vε - vref‖ = 0.5641948480226042  α = 1.4e-6
  2   -21.48155268156       -8.46       -2.34    7.01s
    ‖ρε - ρref‖ = 0.0018801603549734353 ‖Δρ‖ = 0.0018801230700348827  ‖vε - vref‖ = 0.40582224728644034  α = 9.34e-6
  3   -21.48155268301       -8.84       -2.56    7.12s
    ‖ρε - ρref‖ = 0.0009682117020313932 ‖Δρ‖ = 0.0009681762778263348  ‖vε - vref‖ = 0.33394044598268824  α = 1.21e-5
  4   -21.48155268399       -9.01       -2.56    7.15s
    ‖ρε - ρref‖ = 0.001035229426783235 ‖Δρ‖ = 0.0010351976432252325  ‖vε - vref‖ = 0.2609560836101073  α = 9.13e-6
  5   -21.48155268481       -9.08       -3.15    7.11s
    ‖ρε - ρref‖ = 0.0001855860383919487 ‖Δρ‖ = 0.00018555657336110997  ‖vε - vref‖ = 0.19306280821756602  α = 4.95e-5
  6   -21.48155268505       -9.64       -3.21    14.4s
    ‖ρε - ρref‖ = 0.00019842648465615584 ‖Δρ‖ = 0.0001984097596089217  ‖vε - vref‖ = 0.16779799434015338  α = 2.37e-5
  7   -21.48155268526       -9.66       -3.31    7.22s
    ‖ρε - ρref‖ = 0.0001235515834980495 ‖Δρ‖ = 0.00012353861232786882  ‖vε - vref‖ = 0.14135871444372178  α = 3.84e-5
  8   -21.48155268543       -9.78       -3.71    7.30s
    ‖ρε - ρref‖ = 4.6943480738723414e-5 ‖Δρ‖ = 4.6930065106628964e-5  ‖vε - vref‖ = 0.11775007348761754  α = 8.73e-5
  9   -21.48155268552      -10.04       -3.76    7.29s
    ‖ρε - ρref‖ = 3.957372698796902e-5 ‖Δρ‖ = 3.956683554695948e-5  ‖vε - vref‖ = 0.10214819595983449  α = 7.76e-5
 10   -21.48155268557      -10.29       -3.84    7.33s
    ‖ρε - ρref‖ = 3.3285522389754234e-5 ‖Δρ‖ = 3.327429326455829e-5  ‖vε - vref‖ = 0.09243015215617591  α = 6.94e-5
 11   -21.48155268562      -10.32       -3.92    7.39s
    ‖ρε - ρref‖ = 2.6363238039932043e-5 ‖Δρ‖ = 2.635695086024308e-5  ‖vε - vref‖ = 0.0824307279361627  α = 8.5e-5
 12   -21.48155268563      -11.20       -4.05    7.33s
    ‖ρε - ρref‖ = 3.3423864710255414e-5 ‖Δρ‖ = 3.330153721467991e-5  ‖vε - vref‖ = 0.08179385394375675  α = 2.0e-5
 13   -21.48155268565      -10.55       -3.03    7.34s
    ‖ρε - ρref‖ = 0.0002098772031767085 ‖Δρ‖ = 0.00020991237860892083  ‖vε - vref‖ = 0.07459770352977453  α = 7.95e-6
 14   -21.48155268567      -10.74       -3.91    16.1s
    ‖ρε - ρref‖ = 3.146925030722052e-5 ‖Δρ‖ = 3.1482575157472675e-5  ‖vε - vref‖ = 0.07046989487845275  α = 4.22e-5
 15   -21.48155268569      -10.79       -3.32    7.44s
    ‖ρε - ρref‖ = 0.00012456449003892065 ‖Δρ‖ = 0.00012455525178772485  ‖vε - vref‖ = 0.0659873538681555  α = 1.02e-5
 16   -21.48155268570      -11.16       -3.60    7.44s
    ‖ρε - ρref‖ = 8.445617660976368e-5 ‖Δρ‖ = 8.44359597887188e-5  ‖vε - vref‖ = 0.0639311767613767  α = 9.24e-6
 17   -21.48155268572      -10.67       -4.11    7.48s
    ‖ρε - ρref‖ = 1.67234835784363e-5 ‖Δρ‖ = 1.6709970065844566e-5  ‖vε - vref‖ = 0.057631248655375424  α = 8.92e-5
 18   -21.48155268572      -11.19       -4.16    7.42s
    ‖ρε - ρref‖ = 1.9712249441970453e-5 ‖Δρ‖ = 1.9728877479255938e-5  ‖vε - vref‖ = 0.055671774194963525  α = 4.03e-5
 19   -21.48155268574      -10.90       -3.98    7.30s
    ‖ρε - ρref‖ = 2.326721138669496e-5 ‖Δρ‖ = 2.3276472503781617e-5  ‖vε - vref‖ = 0.05158506826859328  α = 4.88e-5
 20   -21.48155268575      -10.99       -3.95    7.38s
    ‖ρε - ρref‖ = 2.5856233460890093e-5 ‖Δρ‖ = 2.5832178871963275e-5  ‖vε - vref‖ = 0.04776139555863024  α = 3.94e-5
 21   -21.48155268576      -10.87       -4.61    7.47s
    ‖ρε - ρref‖ = 4.471695855852981e-6 ‖Δρ‖ = 4.457047816613029e-6  ‖vε - vref‖ = 0.04273150453912235  α = 0.000267
 22   -21.48155268577      -11.27       -4.26    16.1s
    ‖ρε - ρref‖ = 1.3289659703213712e-5 ‖Δρ‖ = 1.330462689968821e-5  ‖vε - vref‖ = 0.04034644834687759  α = 5.49e-5
 23   -21.48155268577      -11.29       -4.46    7.35s
    ‖ρε - ρref‖ = 6.953350292993179e-6 ‖Δρ‖ = 6.94651693089896e-6  ‖vε - vref‖ = 0.03808368228422506  α = 0.000107
 24   -21.48155268577      -11.62       -4.39    7.38s
    ‖ρε - ρref‖ = 9.790910548528229e-6 ‖Δρ‖ = 9.85284266134937e-6  ‖vε - vref‖ = 0.03728670944204436  α = 4.7e-5
 25   -21.48155268577      -11.81       -3.27    7.39s
    ‖ρε - ρref‖ = 0.00014886014021514067 ‖Δρ‖ = 0.0001487592177674493  ‖vε - vref‖ = 0.0362498203480984  α = 2.35e-6
 26   -21.48155268578      -11.50       -4.45    7.33s
    ‖ρε - ρref‖ = 7.208196164227047e-6 ‖Δρ‖ = 7.206232463537404e-6  ‖vε - vref‖ = 0.0347078451676297  α = 8.05e-5
 27   -21.48155268578      -12.45       -4.21    7.40s
    ‖ρε - ρref‖ = 2.25930308191975e-5 ‖Δρ‖ = 2.260976436757636e-5  ‖vε - vref‖ = 0.03452385855029926  α = 8.0e-6
 28   -21.48155268578      -12.00       -4.46    7.32s
    ‖ρε - ρref‖ = 9.619483977297157e-6 ‖Δρ‖ = 9.636349300415273e-6  ‖vε - vref‖ = 0.03413398629700092  α = 3.09e-5
 29   -21.48155268578      -11.53       -4.03    16.3s
    ‖ρε - ρref‖ = 1.7956728448271544e-5 ‖Δρ‖ = 1.7947979472431536e-5  ‖vε - vref‖ = 0.03257337136248269  α = 3.05e-5
 30   -21.48155268578      -11.72       -4.39    7.39s
    ‖ρε - ρref‖ = 8.328647003772692e-6 ‖Δρ‖ = 8.314391171260108e-6  ‖vε - vref‖ = 0.031577218844635456  α = 5.34e-5
 31   -21.48155268578      -12.40       -4.73    7.33s
    ‖ρε - ρref‖ = 5.682932942471233e-6 ‖Δρ‖ = 5.69109364546336e-6  ‖vε - vref‖ = 0.03137498305230486  α = 3.44e-5
 32   -21.48155268579      -11.71       -4.62    7.33s
    ‖ρε - ρref‖ = 4.395565354603277e-6 ‖Δρ‖ = 4.406540628855637e-6  ‖vε - vref‖ = 0.03036887160503856  α = 0.000103
 33   -21.48155268579      -11.98       -4.44    7.38s
    ‖ρε - ρref‖ = 8.054401947918887e-6 ‖Δρ‖ = 8.027467916439158e-6  ‖vε - vref‖ = 0.02978274327755412  α = 4.08e-5
 34   -21.48155268579      -11.77       -4.82    7.38s
    ‖ρε - ρref‖ = 2.589693932836337e-6 ‖Δρ‖ = 2.580593732441019e-6  ‖vε - vref‖ = 0.028855340489081702  α = 0.000165
 35   -21.48155268579      -12.28       -5.03    7.32s
    ‖ρε - ρref‖ = 2.2878022154840192e-6 ‖Δρ‖ = 2.2960950913167954e-6  ‖vε - vref‖ = 0.028595284497886037  α = 9.67e-5
 36   -21.48155268579      -12.67       -4.81    7.24s
    ‖ρε - ρref‖ = 4.540312767725733e-6 ‖Δρ‖ = 4.431561269841609e-6  ‖vε - vref‖ = 0.02854357029494258  α = 2.95e-5
 37   -21.48155268579      -12.28       -3.67    16.5s
    ‖ρε - ρref‖ = 4.638114985083953e-5 ‖Δρ‖ = 4.64356944606247e-5  ‖vε - vref‖ = 0.028196284649812133  α = 4.7e-6
 38   -21.48155268579      -12.14       -4.80    7.39s
    ‖ρε - ρref‖ = 3.028351233036485e-6 ‖Δρ‖ = 3.0322813954858434e-6  ‖vε - vref‖ = 0.0278112233797772  α = 9.13e-5
 39   -21.48155268579      -12.92       -4.59    7.39s
    ‖ρε - ρref‖ = 8.420110404507574e-6 ‖Δρ‖ = 8.40658187575028e-6  ‖vε - vref‖ = 0.02774833734639117  α = 1.29e-5
 40   -21.48155268579      -12.32       -4.45    7.28s
    ‖ρε - ρref‖ = 7.845543396039964e-6 ‖Δρ‖ = 7.835955350843033e-6  ‖vε - vref‖ = 0.027506474094034894  α = 2.73e-5
 41   -21.48155268579      -12.73       -4.43    7.32s
    ‖ρε - ρref‖ = 1.0819311221735372e-5 ‖Δρ‖ = 1.083345335984445e-5  ‖vε - vref‖ = 0.02739411622641689  α = 1.23e-5
 42   -21.48155268579      -12.43       -4.85    7.29s
    ‖ρε - ρref‖ = 3.108349944090587e-6 ‖Δρ‖ = 3.082535639428041e-6  ‖vε - vref‖ = 0.027196007678095158  α = 6.36e-5
 43   -21.48155268579      -12.33       -5.07    7.28s
    ‖ρε - ρref‖ = 1.63519182411425e-6 ‖Δρ‖ = 1.6326096808559852e-6  ‖vε - vref‖ = 0.026975705241215345  α = 0.000134
 44   -21.48155268579      -12.70       -4.58    16.1s
    ‖ρε - ρref‖ = 6.602351827280435e-6 ‖Δρ‖ = 6.615462443683349e-6  ‖vε - vref‖ = 0.02686686189960264  α = 2.14e-5
 45   -21.48155268579      -12.40       -4.94    7.39s
    ‖ρε - ρref‖ = 2.2266257778333697e-6 ‖Δρ‖ = 2.2331473309600786e-6  ‖vε - vref‖ = 0.02668122665912205  α = 9.02e-5
 46   -21.48155268579      -12.49       -4.85    7.42s
    ‖ρε - ρref‖ = 2.840208639739407e-6 ‖Δρ‖ = 2.801888454956612e-6  ‖vε - vref‖ = 0.026523628153885516  α = 6.7e-5
 47   -21.48155268579      -12.62       -4.96    7.34s
    ‖ρε - ρref‖ = 2.3672436180657374e-6 ‖Δρ‖ = 2.3713835229501296e-6  ‖vε - vref‖ = 0.026415585556379136  α = 6.56e-5
 48   -21.48155268579      -12.89       -5.06    7.35s
    ‖ρε - ρref‖ = 2.219614547596862e-6 ‖Δρ‖ = 2.3158342323949363e-6  ‖vε - vref‖ = 0.026394112612739426  α = 4.47e-5
 49   -21.48155268579      -12.71       -3.79    7.32s
    ‖ρε - ρref‖ = 3.7718805958292964e-5 ‖Δρ‖ = 3.765391869374216e-5  ‖vε - vref‖ = 0.02627135986996924  α = 3.5e-6
 50   -21.48155268580      -12.18       -5.14    7.28s
    ‖ρε - ρref‖ = 1.1857350487882684e-6 ‖Δρ‖ = 1.1676737540752124e-6  ‖vε - vref‖ = 0.026000034509519637  α = 0.000223
 51   -21.48155268580      -13.30       -4.81    7.36s
    ‖ρε - ρref‖ = 4.784001235889653e-6 ‖Δρ‖ = 4.795841295754803e-6  ‖vε - vref‖ = 0.025974463586318237  α = 1.6e-5
 52   -21.48155268580      -12.87       -4.56    16.1s
    ‖ρε - ρref‖ = 7.35370541766452e-6 ‖Δρ‖ = 7.359790374839038e-6  ‖vε - vref‖ = 0.025926227924128572  α = 1.41e-5
 53   -21.48155268580      -12.97       -5.03    7.38s
    ‖ρε - ρref‖ = 2.574069143931887e-6 ‖Δρ‖ = 2.546900735236227e-6  ‖vε - vref‖ = 0.02589722168736894  α = 3.91e-5
 54   -21.48155268580      -12.43       -4.55    7.45s
    ‖ρε - ρref‖ = 5.017100734685718e-6 ‖Δρ‖ = 5.0159392765781e-6  ‖vε - vref‖ = 0.025741380860825815  α = 3.92e-5
 55   -21.48155268580      -12.63       -5.15    7.33s
    ‖ρε - ρref‖ = 1.445062152529976e-6 ‖Δρ‖ = 1.4310271138629645e-6  ‖vε - vref‖ = 0.02566497319875458  α = 0.000104
 56   -21.48155268580      -12.82       -4.98    7.31s
    ‖ρε - ρref‖ = 2.34250125146347e-6 ‖Δρ‖ = 2.3407974119636416e-6  ‖vε - vref‖ = 0.02560682718677644  α = 5.49e-5
 57   -21.48155268580      -12.85       -4.70    7.32s
    ‖ρε - ρref‖ = 4.413519471403361e-6 ‖Δρ‖ = 4.423728968988037e-6  ‖vε - vref‖ = 0.025547238408825935  α = 2.86e-5
 58   -21.48155268580      -12.55       -5.07    7.27s
    ‖ρε - ρref‖ = 1.5552288503437656e-6 ‖Δρ‖ = 1.5472989826340454e-6  ‖vε - vref‖ = 0.025455226607022725  α = 0.000111
    Stopping to avoid numerical instabilities.
 59   -21.48155268580      -12.82       -5.20    7.31s
    ‖ρε - ρref‖ = 1.3980063496935345e-6 ‖Δρ‖ = 1.3637636735224425e-6  ‖vε - vref‖ = 0.025414796881767326  α = 9.07e-5

#-- ‖ρε - ρref‖ = 1.6017741242749976e-7 vs. 5.623413251903491e-10 = δ*ε ‖vε - vref‖ = 0.025421920845224242


# --- ε=4.2169650342858225e-8

n     Energy            log10(ΔE)   log10(Δρ)   Δtime 
---   ---------------   ---------   ---------   ------
  1   -21.48155257928                   -1.26    11.6s
    ‖ρε - ρref‖ = 0.03473788010785567 ‖Δρ‖ = 0.03473777810177507  ‖vε - vref‖ = 0.5639965450848262  α = 1.05e-6
  2   -21.48155258185       -8.59       -2.34    7.05s
    ‖ρε - ρref‖ = 0.0018805002041205653 ‖Δρ‖ = 0.0018804722739785482  ‖vε - vref‖ = 0.4059484436195372  α = 7.0e-6
  3   -21.48155258293       -8.97       -2.56    7.09s
    ‖ρε - ρref‖ = 0.0009651178386322921 ‖Δρ‖ = 0.000965091253405801  ‖vε - vref‖ = 0.33433800684130355  α = 9.12e-6
  4   -21.48155258367       -9.13       -2.56    7.11s
    ‖ρε - ρref‖ = 0.0010346525599918693 ‖Δρ‖ = 0.0010346286490407646  ‖vε - vref‖ = 0.2614076677145166  α = 6.85e-6
  5   -21.48155258429       -9.21       -3.15    7.24s
    ‖ρε - ρref‖ = 0.00018555589055608125 ‖Δρ‖ = 0.00018553389915220813  ‖vε - vref‖ = 0.19391840699583032  α = 3.71e-5
  6   -21.48155258446       -9.76       -3.21    7.21s
    ‖ρε - ρref‖ = 0.00019838667833793538 ‖Δρ‖ = 0.0001983741160036863  ‖vε - vref‖ = 0.16867708774153914  α = 1.78e-5
  7   -21.48155258462       -9.78       -3.31    14.4s
    ‖ρε - ρref‖ = 0.00012380456773654295 ‖Δρ‖ = 0.00012379474582077936  ‖vε - vref‖ = 0.14221449746122178  α = 2.88e-5
  8   -21.48155258475       -9.91       -3.71    7.32s
    ‖ρε - ρref‖ = 4.707387866289961e-5 ‖Δρ‖ = 4.7063919768776604e-5  ‖vε - vref‖ = 0.11881806206099303  α = 6.51e-5
  9   -21.48155258482      -10.16       -3.76    7.35s
    ‖ρε - ρref‖ = 3.963673493251055e-5 ‖Δρ‖ = 3.963171309349549e-5  ‖vε - vref‖ = 0.1032384119922998  α = 5.83e-5
 10   -21.48155258486      -10.41       -3.84    7.27s
    ‖ρε - ρref‖ = 3.337743818717807e-5 ‖Δρ‖ = 3.336917267908859e-5  ‖vε - vref‖ = 0.09358752778483215  α = 5.19e-5
 11   -21.48155258489      -10.45       -3.92    7.30s
    ‖ρε - ρref‖ = 2.6329972033708513e-5 ‖Δρ‖ = 2.632516862182398e-5  ‖vε - vref‖ = 0.08362380591686738  α = 6.4e-5
 12   -21.48155258490      -11.32       -4.05    7.35s
    ‖ρε - ρref‖ = 3.3303999947829016e-5 ‖Δρ‖ = 3.3212353020006964e-5  ‖vε - vref‖ = 0.08297920300360094  α = 1.51e-5
 13   -21.48155258492      -10.67       -3.03    7.33s
    ‖ρε - ρref‖ = 0.00021145104864517286 ‖Δρ‖ = 0.00021147751943624752  ‖vε - vref‖ = 0.0758231328571916  α = 5.93e-6
 14   -21.48155258493      -10.87       -3.91    16.5s
    ‖ρε - ρref‖ = 3.152044150254701e-5 ‖Δρ‖ = 3.153053506378183e-5  ‖vε - vref‖ = 0.07171529203377991  α = 3.17e-5
 15   -21.48155258494      -10.91       -3.32    7.44s
    ‖ρε - ρref‖ = 0.00012475682802523376 ‖Δρ‖ = 0.00012474992768239546  ‖vε - vref‖ = 0.06727972851228604  α = 7.61e-6
 16   -21.48155258495      -11.29       -3.60    7.38s
    ‖ρε - ρref‖ = 8.447392885456395e-5 ‖Δρ‖ = 8.445883729686228e-5  ‖vε - vref‖ = 0.06525104847019371  α = 6.93e-6
 17   -21.48155258496      -10.79       -4.11    7.45s
    ‖ρε - ρref‖ = 1.6739266809507556e-5 ‖Δρ‖ = 1.6729316605292525e-5  ‖vε - vref‖ = 0.05900520039124084  α = 6.69e-5
 18   -21.48155258497      -11.31       -4.16    7.31s
    ‖ρε - ρref‖ = 1.9732477386875233e-5 ‖Δρ‖ = 1.9745039814475957e-5  ‖vε - vref‖ = 0.05706827403083673  α = 3.03e-5
 19   -21.48155258498      -11.02       -3.98    7.37s
    ‖ρε - ρref‖ = 2.3331524506901284e-5 ‖Δρ‖ = 2.333854552085971e-5  ‖vε - vref‖ = 0.05301923510606287  α = 3.66e-5
 20   -21.48155258499      -11.11       -3.95    7.36s
    ‖ρε - ρref‖ = 2.5877563436279027e-5 ‖Δρ‖ = 2.585954087036491e-5  ‖vε - vref‖ = 0.04927596831922813  α = 2.95e-5
 21   -21.48155258500      -11.00       -4.61    7.36s
    ‖ρε - ρref‖ = 4.479880559426932e-6 ‖Δρ‖ = 4.469501555759732e-6  ‖vε - vref‖ = 0.04433358003611079  α = 0.0002
 22   -21.48155258500      -11.39       -4.25    16.5s
    ‖ρε - ρref‖ = 1.3326904902735715e-5 ‖Δρ‖ = 1.3338245911187148e-5  ‖vε - vref‖ = 0.042000627080398825  α = 4.12e-5
 23   -21.48155258500      -11.41       -4.46    7.48s
    ‖ρε - ρref‖ = 6.97390224904488e-6 ‖Δρ‖ = 6.969106098916728e-6  ‖vε - vref‖ = 0.039790092648653276  α = 7.98e-5
 24   -21.48155258501      -11.75       -4.39    7.47s
    ‖ρε - ρref‖ = 9.857888200202525e-6 ‖Δρ‖ = 9.905132703363283e-6  ‖vε - vref‖ = 0.039024234640215295  α = 3.48e-5
 25   -21.48155258501      -11.92       -3.26    7.31s
    ‖ρε - ρref‖ = 0.00014902344263563902 ‖Δρ‖ = 0.0001489482807014796  ‖vε - vref‖ = 0.0380015899288817  α = 1.79e-6
 26   -21.48155258501      -11.62       -4.45    7.32s
    ‖ρε - ρref‖ = 7.217760662633401e-6 ‖Δρ‖ = 7.216658258561419e-6  ‖vε - vref‖ = 0.03650166207810377  α = 6.04e-5
 27   -21.48155258501      -12.57       -4.20    7.60s
    ‖ρε - ρref‖ = 2.2776991172607938e-5 ‖Δρ‖ = 2.278964446236717e-5  ‖vε - vref‖ = 0.03632331293422527  α = 5.97e-6
 28   -21.48155258501      -12.14       -4.46    7.32s
    ‖ρε - ρref‖ = 9.612300981384876e-6 ‖Δρ‖ = 9.625251215090475e-6  ‖vε - vref‖ = 0.03594575591814213  α = 2.32e-5
 29   -21.48155258501      -11.65       -4.03    7.32s
    ‖ρε - ρref‖ = 1.7856150372502844e-5 ‖Δρ‖ = 1.78497764218096e-5  ‖vε - vref‖ = 0.03443287460980896  α = 2.31e-5
 30   -21.48155258501      -11.85       -4.39    16.4s
    ‖ρε - ρref‖ = 8.330570104063762e-6 ‖Δρ‖ = 8.320140060693773e-6  ‖vε - vref‖ = 0.033471920979234675  α = 4.0e-5
 31   -21.48155258502      -12.55       -4.73    7.32s
    ‖ρε - ρref‖ = 5.688606427605971e-6 ‖Δρ‖ = 5.6950683371135945e-6  ‖vε - vref‖ = 0.033277735013272136  α = 2.57e-5
 32   -21.48155258502      -11.82       -4.63    7.33s
    ‖ρε - ρref‖ = 4.352054057026782e-6 ‖Δρ‖ = 4.360804510293769e-6  ‖vε - vref‖ = 0.03228734624067029  α = 7.89e-5
 33   -21.48155258502      -12.08       -4.43    7.35s
    ‖ρε - ρref‖ = 8.156565224654864e-6 ‖Δρ‖ = 8.136710481044987e-6  ‖vε - vref‖ = 0.03169523657681084  α = 3.09e-5
 34   -21.48155258502      -11.87       -4.81    7.40s
    ‖ρε - ρref‖ = 2.6613619419356783e-6 ‖Δρ‖ = 2.655806269823176e-6  ‖vε - vref‖ = 0.030741551150018337  α = 0.000124
 35   -21.48155258502      -12.39       -5.00    7.44s
    ‖ρε - ρref‖ = 2.4212988230972712e-6 ‖Δρ‖ = 2.4277945918005205e-6  ‖vε - vref‖ = 0.0304601194220172  α = 7.25e-5
 36   -21.48155258502      -12.74       -4.79    7.37s
    ‖ρε - ρref‖ = 4.768753426912026e-6 ‖Δρ‖ = 4.686603376721699e-6  ‖vε - vref‖ = 0.030404078462785946  α = 2.16e-5
 37   -21.48155258502      -12.35       -3.66    16.3s
    ‖ρε - ρref‖ = 4.7776462789981865e-5 ‖Δρ‖ = 4.781626860768743e-5  ‖vε - vref‖ = 0.03003187528353451  α = 3.63e-6
 38   -21.48155258502      -12.19       -4.77    7.45s
    ‖ρε - ρref‖ = 3.2523035747247458e-6 ‖Δρ‖ = 3.256966934708321e-6  ‖vε - vref‖ = 0.029600731607681032  α = 6.84e-5
 39   -21.48155258502      -13.02       -4.56    7.36s
    ‖ρε - ρref‖ = 8.90991022977335e-6 ‖Δρ‖ = 8.90026474487048e-6  ‖vε - vref‖ = 0.02953084923580467  α = 9.68e-6
 40   -21.48155258502      -12.39       -4.43    7.36s
    ‖ρε - ρref‖ = 8.285328969653587e-6 ‖Δρ‖ = 8.278517870623176e-6  ‖vε - vref‖ = 0.02925665695457674  α = 2.09e-5
 41   -21.48155258502      -12.76       -4.40    7.40s
    ‖ρε - ρref‖ = 1.1726063020039234e-5 ‖Δρ‖ = 1.173682955443186e-5  ‖vε - vref‖ = 0.02912665867874743  α = 9.3e-6
 42   -21.48155258502      -12.50       -4.81    7.47s
    ‖ρε - ρref‖ = 3.4012894212291245e-6 ‖Δρ‖ = 3.3825299335012972e-6  ‖vε - vref‖ = 0.02889995071981682  α = 4.68e-5
 43   -21.48155258502      -12.37       -5.04    7.40s
    ‖ρε - ρref‖ = 1.7324819034761427e-6 ‖Δρ‖ = 1.7320672023691136e-6  ‖vε - vref‖ = 0.028635576055891863  α = 0.000104
 44   -21.48155258502      -12.75       -4.54    7.45s
    ‖ρε - ρref‖ = 7.2867118304824886e-6 ‖Δρ‖ = 7.296815019864204e-6  ‖vε - vref‖ = 0.028506006080508753  α = 1.6e-5
 45   -21.48155258502      -12.46       -4.90    16.6s
    ‖ρε - ρref‖ = 2.4434283687408046e-6 ‖Δρ‖ = 2.4494917979256264e-6  ‖vε - vref‖ = 0.028279068446508543  α = 6.84e-5
 46   -21.48155258502      -12.47       -4.80    7.45s
    ‖ρε - ρref‖ = 3.1324500026485814e-6 ‖Δρ‖ = 3.104891552937597e-6  ‖vε - vref‖ = 0.02807944933023908  α = 5.06e-5
 47   -21.48155258502      -12.65       -4.91    7.40s
    ‖ρε - ρref‖ = 2.6387300484950255e-6 ‖Δρ‖ = 2.6434053761767216e-6  ‖vε - vref‖ = 0.02794059211857531  α = 4.98e-5
 48   -21.48155258502      -12.88       -5.01    7.44s
    ‖ρε - ρref‖ = 2.5672232102192217e-6 ‖Δρ‖ = 2.6404033768292386e-6  ‖vε - vref‖ = 0.027909896985354645  α = 3.33e-5
 49   -21.48155258502      -12.70       -3.73    7.43s
    ‖ρε - ρref‖ = 4.2672670240029574e-5 ‖Δρ‖ = 4.2624168218540555e-5  ‖vε - vref‖ = 0.02775042964262036  α = 2.64e-6
 50   -21.48155258502      -12.21       -5.08    7.42s
    ‖ρε - ρref‖ = 1.3359392378858327e-6 ‖Δρ‖ = 1.325073286595709e-6  ‖vε - vref‖ = 0.027376977246981047  α = 0.00017
 51   -21.48155258502      -13.17       -4.75    7.42s
    ‖ρε - ρref‖ = 5.481141953856799e-6 ‖Δρ‖ = 5.490646706769754e-6  ‖vε - vref‖ = 0.027342301766179786  α = 1.2e-5
 52   -21.48155258502      -13.00       -4.50    7.36s
    ‖ρε - ρref‖ = 8.414629912352825e-6 ‖Δρ‖ = 8.419549450523198e-6  ‖vε - vref‖ = 0.027276137382076827  α = 1.06e-5
 53   -21.48155258502      -12.89       -4.97    16.2s
    ‖ρε - ρref‖ = 2.919359164165744e-6 ‖Δρ‖ = 2.900133099043487e-6  ‖vε - vref‖ = 0.027232968947377017  α = 2.96e-5
 54   -21.48155258502      -12.43       -4.49    7.45s
    ‖ρε - ρref‖ = 5.763415312090227e-6 ‖Δρ‖ = 5.763076715532586e-6  ‖vε - vref‖ = 0.027010709176840057  α = 2.96e-5
 55   -21.48155258502      -12.65       -5.09    7.45s
    ‖ρε - ρref‖ = 1.6675945302261463e-6 ‖Δρ‖ = 1.6595111207798127e-6  ‖vε - vref‖ = 0.02689583770031879  α = 7.86e-5
 56   -21.48155258502      -12.83       -4.91    7.44s
    ‖ρε - ρref‖ = 2.7292285024372303e-6 ‖Δρ‖ = 2.729510161026493e-6  ‖vε - vref‖ = 0.02680806520664048  α = 4.13e-5
 57   -21.48155258503      -12.76       -4.63    7.36s
    ‖ρε - ρref‖ = 5.158408156291326e-6 ‖Δρ‖ = 5.166823913650278e-6  ‖vε - vref‖ = 0.026718989656385507  α = 2.15e-5
 58   -21.48155258503      -12.52       -5.00    7.33s
    ‖ρε - ρref‖ = 1.8289373777188982e-6 ‖Δρ‖ = 1.824963171030958e-6  ‖vε - vref‖ = 0.02657359450567116  α = 8.34e-5
    Stopping to avoid numerical instabilities.
 59   -21.48155258503      -12.86       -5.13    7.39s
    ‖ρε - ρref‖ = 1.618808484929993e-6 ‖Δρ‖ = 1.595848876193722e-6  ‖vε - vref‖ = 0.026503910040159565  α = 6.89e-5

#-- ‖ρε - ρref‖ = 1.2011203199237328e-7 vs. 4.2169650342858224e-10 = δ*ε ‖vε - vref‖ = 0.026507990365428318


# --- ε=3.162277660168379e-8

n     Energy            log10(ΔE)   log10(Δρ)   Δtime 
---   ---------------   ---------   ---------   ------
  1   -21.48155250515                   -1.26    11.6s
    ‖ρε - ρref‖ = 0.034729242870325104 ‖Δρ‖ = 0.03472916637634238  ‖vε - vref‖ = 0.5641096542115452  α = 7.86e-7
  2   -21.48155250707       -8.72       -2.34    7.16s
    ‖ρε - ρref‖ = 0.0018803321164885597 ‖Δρ‖ = 0.0018803111772823788  ‖vε - vref‖ = 0.4062285315274402  α = 5.25e-6
  3   -21.48155250788       -9.09       -2.56    7.11s
    ‖ρε - ρref‖ = 0.0009645480857402229 ‖Δρ‖ = 0.0009645281474597562  ‖vε - vref‖ = 0.33474430532224053  α = 6.84e-6
  4   -21.48155250844       -9.26       -2.56    7.20s
    ‖ρε - ρref‖ = 0.0010342487058012063 ‖Δρ‖ = 0.0010342307636078223  ‖vε - vref‖ = 0.26189888648317106  α = 5.14e-6
  5   -21.48155250890       -9.33       -3.15    7.17s
    ‖ρε - ρref‖ = 0.00018557115594425644 ‖Δρ‖ = 0.00018555467973450901  ‖vε - vref‖ = 0.19456157018750286  α = 2.78e-5
  6   -21.48155250903       -9.89       -3.21    7.20s
    ‖ρε - ρref‖ = 0.00019842408983063647 ‖Δρ‖ = 0.00019841467953171958  ‖vε - vref‖ = 0.16939773693185836  α = 1.34e-5
  7   -21.48155250915       -9.91       -3.31    15.4s
    ‖ρε - ρref‖ = 0.0001237770047055444 ‖Δρ‖ = 0.00012376964774782063  ‖vε - vref‖ = 0.14303963353503651  α = 2.16e-5
  8   -21.48155250925      -10.03       -3.71    7.34s
    ‖ρε - ρref‖ = 4.7080651530836514e-5 ‖Δρ‖ = 4.707321263437968e-5  ‖vε - vref‖ = 0.11977648235306933  α = 4.88e-5
  9   -21.48155250930      -10.29       -3.76    7.34s
    ‖ρε - ρref‖ = 3.9636693231738125e-5 ‖Δρ‖ = 3.963296146662598e-5  ‖vε - vref‖ = 0.10430200327469867  α = 4.37e-5
 10   -21.48155250933      -10.54       -3.84    7.34s
    ‖ρε - ρref‖ = 3.3372728803113845e-5 ‖Δρ‖ = 3.336657340526384e-5  ‖vε - vref‖ = 0.09473250233672581  α = 3.89e-5
 11   -21.48155250935      -10.57       -3.92    7.41s
    ‖ρε - ρref‖ = 2.6334991978859094e-5 ‖Δρ‖ = 2.6331433705828835e-5  ‖vε - vref‖ = 0.08486348619530502  α = 4.8e-5
 12   -21.48155250936      -11.44       -4.05    7.35s
    ‖ρε - ρref‖ = 3.326718832257394e-5 ‖Δρ‖ = 3.319848448011449e-5  ‖vε - vref‖ = 0.08421986935328477  α = 1.13e-5
 13   -21.48155250937      -10.80       -3.03    7.43s
    ‖ρε - ρref‖ = 0.00021165627981257852 ‖Δρ‖ = 0.00021167614130994242  ‖vε - vref‖ = 0.07714354220510934  α = 4.44e-6
 14   -21.48155250938      -10.99       -3.91    7.43s
    ‖ρε - ρref‖ = 3.153163374233737e-5 ‖Δρ‖ = 3.153924655589789e-5  ‖vε - vref‖ = 0.07308449369743433  α = 2.38e-5
 15   -21.48155250939      -11.04       -3.32    16.4s
    ‖ρε - ρref‖ = 0.000124798025041573 ‖Δρ‖ = 0.00012479286310996922  ‖vε - vref‖ = 0.06871153500151012  α = 5.71e-6
 16   -21.48155250940      -11.41       -3.60    7.35s
    ‖ρε - ρref‖ = 8.447896205803435e-5 ‖Δρ‖ = 8.446766194068254e-5  ‖vε - vref‖ = 0.06671554831942521  α = 5.19e-6
 17   -21.48155250941      -10.92       -4.11    7.41s
    ‖ρε - ρref‖ = 1.674339213565351e-5 ‖Δρ‖ = 1.6736010555076778e-5  ‖vε - vref‖ = 0.06057387388268177  α = 5.02e-5
 18   -21.48155250941      -11.44       -4.16    7.44s
    ‖ρε - ρref‖ = 1.9735513790164507e-5 ‖Δρ‖ = 1.9744996350219772e-5  ‖vε - vref‖ = 0.05867432428984957  α = 2.27e-5
 19   -21.48155250942      -11.15       -3.98    7.40s
    ‖ρε - ρref‖ = 2.3347075262021874e-5 ‖Δρ‖ = 2.335239362546235e-5  ‖vε - vref‖ = 0.05470808126261906  α = 2.75e-5
 20   -21.48155250943      -11.24       -3.95    7.40s
    ‖ρε - ρref‖ = 2.5877073557785256e-5 ‖Δρ‖ = 2.586360269683098e-5  ‖vε - vref‖ = 0.05106159200295467  α = 2.21e-5
 21   -21.48155250943      -11.12       -4.61    7.27s
    ‖ρε - ρref‖ = 4.477309441429412e-6 ‖Δρ‖ = 4.46983847237923e-6  ‖vε - vref‖ = 0.046261058955916555  α = 0.00015
 22   -21.48155250944      -11.52       -4.25    16.2s
    ‖ρε - ρref‖ = 1.3318537530275494e-5 ‖Δρ‖ = 1.3327141098965148e-5  ‖vε - vref‖ = 0.044012918315745435  α = 3.09e-5
 23   -21.48155250944      -11.53       -4.46    7.50s
    ‖ρε - ρref‖ = 6.968531267769832e-6 ‖Δρ‖ = 6.965122014228079e-6  ‖vε - vref‖ = 0.041888877443562504  α = 5.98e-5
 24   -21.48155250944      -11.87       -4.39    7.50s
    ‖ρε - ρref‖ = 9.851595458005623e-6 ‖Δρ‖ = 9.887095954504603e-6  ‖vε - vref‖ = 0.04115165596301584  α = 2.61e-5
 25   -21.48155250944      -12.05       -3.26    7.39s
    ‖ρε - ρref‖ = 0.00014874969989874583 ‖Δρ‖ = 0.00014869330868850654  ‖vε - vref‖ = 0.04017824039895786  α = 1.34e-6
 26   -21.48155250944      -11.75       -4.45    7.36s
    ‖ρε - ρref‖ = 7.206912956918299e-6 ‖Δρ‖ = 7.206289719694338e-6  ‖vε - vref‖ = 0.038750578302089556  α = 4.53e-5
 27   -21.48155250944      -12.69       -4.20    7.41s
    ‖ρε - ρref‖ = 2.2697793991664584e-5 ‖Δρ‖ = 2.2707345807728994e-5  ‖vε - vref‖ = 0.038582048605784375  α = 4.48e-6
 28   -21.48155250944      -12.26       -4.47    7.30s
    ‖ρε - ρref‖ = 9.586045335113072e-6 ‖Δρ‖ = 9.595895766550242e-6  ‖vε - vref‖ = 0.038222488172980684  α = 1.74e-5
 29   -21.48155250945      -11.78       -4.03    7.43s
    ‖ρε - ρref‖ = 1.7811286871769252e-5 ‖Δρ‖ = 1.780658379353213e-5  ‖vε - vref‖ = 0.03679494048187116  α = 1.73e-5
 30   -21.48155250945      -11.99       -4.39    16.5s
    ‖ρε - ρref‖ = 8.294756460191112e-6 ‖Δρ‖ = 8.287095350641334e-6  ‖vε - vref‖ = 0.03589119647287348  α = 3.0e-5
 31   -21.48155250945      -12.62       -4.73    7.41s
    ‖ρε - ρref‖ = 5.6573556536301216e-6 ‖Δρ‖ = 5.662432893130681e-6  ‖vε - vref‖ = 0.035709855760740934  α = 1.93e-5
 32   -21.48155250945      -11.95       -4.63    7.35s
    ‖ρε - ρref‖ = 4.320284937134561e-6 ‖Δρ‖ = 4.32715598767673e-6  ‖vε - vref‖ = 0.0347842410671426  α = 5.93e-5
 33   -21.48155250945      -12.21       -4.43    7.38s
    ‖ρε - ρref‖ = 8.101863853153685e-6 ‖Δρ‖ = 8.08714530071808e-6  ‖vε - vref‖ = 0.034229484147012046  α = 2.32e-5
 34   -21.48155250945      -11.99       -4.81    7.35s
    ‖ρε - ρref‖ = 2.6473396765280602e-6 ‖Δρ‖ = 2.643694800018781e-6  ‖vε - vref‖ = 0.03333301277624785  α = 9.36e-5
    Stopping to avoid numerical instabilities.
 35   -21.48155250945      -12.51       -5.00    7.39s
    ‖ρε - ρref‖ = 2.429908090662388e-6 ‖Δρ‖ = 2.4352173416025573e-6  ‖vε - vref‖ = 0.03306479765645367  α = 5.46e-5

#-- ‖ρε - ρref‖ = 9.007550720275088e-8 vs. 3.162277660168379e-10 = δ*ε ‖vε - vref‖ = 0.03300868883251842

|v-vref|h1 = [0.026753818007698597, 0.02576826223087129, 0.025239774216282842, 0.025421920845224245, 0.026507990365428332, 0.033008688832518444]
|v-vref|l2 = [0.0023988539361347256, 0.00228803396519111, 0.0022369448473192103, 0.0025171376430761314, 0.002722810329056774, 0.003871797176607637]
──────────────────────────────────────────────────────────────────────────────────────────────
                                                     Time                    Allocations      
                                            ───────────────────────   ────────────────────────
             Tot / % measured:                   9.13h /  67.2%           36.1TiB /  44.7%    

Section                             ncalls     time    %tot     avg     alloc    %tot      avg
──────────────────────────────────────────────────────────────────────────────────────────────
compute_density                      10.1k    2.80h   45.6%   997ms   7.58TiB   46.9%   785MiB
  symmetrize_ρ                       10.1k    2.60h   42.3%   924ms   5.12TiB   31.7%   531MiB
DftHamiltonian multiplication         388k    1.39h   22.7%  12.9ms    816GiB    4.9%  2.15MiB
  nonlocal                            388k    1.00h   16.3%  9.27ms   46.8GiB    0.3%   126KiB
energy_hamiltonian                   6.88k    3245s   14.7%   472ms   3.12TiB   19.3%   476MiB
  ene_ops                            6.88k    2803s   12.7%   407ms    831GiB    5.0%   124MiB
    ene_ops: nonlocal                6.88k    1985s    9.0%   288ms   53.3GiB    0.3%  7.94MiB
    ene_ops: dualmap                 6.88k     696s    3.2%   101ms    614GiB    3.7%  91.3MiB
    ene_ops: kinetic                 6.88k    81.5s    0.4%  11.8ms   1.20GiB    0.0%   183KiB
    ene_ops: hartree                 6.88k    34.2s    0.2%  4.96ms    135GiB    0.8%  20.0MiB
    ene_ops: local                   6.88k    3.63s    0.0%   528μs   27.2GiB    0.2%  4.04MiB
solve_ΩplusK                             6    2853s   12.9%    475s   3.12TiB   19.3%   532GiB
  apply_K                              600    1702s    7.7%   2.84s    851GiB    5.1%  1.42GiB
    compute_δρ                         600     634s    2.9%   1.06s    535GiB    3.2%   914MiB
      symmetrize_ρ                     600     552s    2.5%   920ms    311GiB    1.9%   531MiB
    apply_kernel                       600    51.4s    0.2%  85.7ms   62.9GiB    0.4%   107MiB
  apply_Ω                              600     584s    2.6%   974ms    570GiB    3.4%  0.95GiB
    DftHamiltonian multiplication    33.6k     444s    2.0%  13.2ms   70.6GiB    0.4%  2.15MiB
      nonlocal                       33.6k     315s    1.4%  9.36ms   4.05GiB    0.0%   126KiB
  compute_density                        6    5.63s    0.0%   939ms   4.60GiB    0.0%   785MiB
    symmetrize_ρ                         6    5.34s    0.0%   890ms   3.11GiB    0.0%   531MiB
  DftHamiltonian multiplication        336    4.36s    0.0%  13.0ms    723MiB    0.0%  2.15MiB
    nonlocal                           336    3.13s    0.0%  9.32ms   41.5MiB    0.0%   126KiB
  energy_hamiltonian                     6    2.61s    0.0%   434ms   2.79GiB    0.0%   476MiB
    ene_ops                              6    2.51s    0.0%   419ms    742MiB    0.0%   124MiB
      ene_ops: nonlocal                  6    1.89s    0.0%   314ms   47.6MiB    0.0%  7.94MiB
      ene_ops: dualmap                   6    524ms    0.0%  87.4ms    548MiB    0.0%  91.3MiB
      ene_ops: kinetic                   6   75.5ms    0.0%  12.6ms   1.07MiB    0.0%   183KiB
      ene_ops: hartree                   6   21.8ms    0.0%  3.63ms    120MiB    0.0%  20.0MiB
      ene_ops: local                     6   2.30ms    0.0%   384μs   24.2MiB    0.0%  4.04MiB
ortho_qr                              181k     724s    3.3%  3.99ms   1.32TiB    8.2%  7.61MiB
PlaneWaveBasis                          61     139s    0.6%   2.27s    218GiB    1.3%  3.57GiB
  Instantiation AtomicNonlocal          61     117s    0.5%   1.92s    175GiB    1.1%  2.87GiB
  Instantiation AtomicLocal             61    9.65s    0.0%   158ms   7.31GiB    0.0%   123MiB
    enforce_real!                       61   80.4ms    0.0%  1.32ms   22.9KiB    0.0%     384B
  Instantiation DualMap                 61    6.37s    0.0%   104ms   4.98GiB    0.0%  83.6MiB
  build_kpoints                         61    3.55s    0.0%  58.2ms   25.1GiB    0.2%   422MiB
  Instantiation Kinetic                 61    598ms    0.0%  9.80ms   2.78GiB    0.0%  46.6MiB
  Instantiation Ewald                   61    282ms    0.0%  4.62ms    178KiB    0.0%  2.92KiB
    precomp: Ewald                      61    281ms    0.0%  4.60ms    127KiB    0.0%  2.08KiB
  Instantiation Hartree                 61    157ms    0.0%  2.57ms    244MiB    0.0%  4.00MiB
    enforce_real!                       61   73.1ms    0.0%  1.20ms   25.7KiB    0.0%     432B
  _check_kpoint_reduction               61    154ms    0.0%  2.53ms     0.00B    0.0%    0.00B
  Instantiation PspCorrection           61   1.47ms    0.0%  24.1μs   24.8KiB    0.0%     416B
compute_projected_gradient               6    16.1s    0.1%   2.69s   10.6GiB    0.1%  1.77GiB
  DftHamiltonian multiplication        336    7.53s    0.0%  22.4ms    723MiB    0.0%  2.15MiB
    nonlocal                           336    3.60s    0.0%  10.7ms   41.5MiB    0.0%   126KiB
  compute_density                        6    5.53s    0.0%   922ms   4.60GiB    0.0%   785MiB
    symmetrize_ρ                         6    5.24s    0.0%   873ms   3.11GiB    0.0%   531MiB
  energy_hamiltonian                     6    2.66s    0.0%   443ms   2.79GiB    0.0%   476MiB
    ene_ops                              6    2.56s    0.0%   426ms    742MiB    0.0%   124MiB
      ene_ops: nonlocal                  6    1.93s    0.0%   321ms   47.6MiB    0.0%  7.94MiB
      ene_ops: dualmap                   6    522ms    0.0%  87.0ms    548MiB    0.0%  91.3MiB
      ene_ops: kinetic                   6   79.4ms    0.0%  13.2ms   1.07MiB    0.0%   183KiB
      ene_ops: hartree                   6   23.8ms    0.0%  3.97ms    120MiB    0.0%  20.0MiB
      ene_ops: local                     6   2.49ms    0.0%   414μs   24.2MiB    0.0%  4.04MiB
load_scfres                              1    13.1s    0.1%   13.1s   6.02GiB    0.0%  6.02GiB
  energy_hamiltonian                     1    3.54s    0.0%   3.54s    739MiB    0.0%   739MiB
    ene_ops                              1    3.42s    0.0%   3.42s    384MiB    0.0%   384MiB
      ene_ops: xc                        1    2.20s    0.0%   2.20s    328MiB    0.0%   328MiB
      ene_ops: nonlocal                  1    311ms    0.0%   311ms   9.42MiB    0.0%  9.42MiB
      ene_ops: kinetic                   1   44.0ms    0.0%  44.0ms    234KiB    0.0%   234KiB
      ene_ops: hartree                   1   6.44ms    0.0%  6.44ms   20.0MiB    0.0%  20.0MiB
      ene_ops: local                     1    290μs    0.0%   290μs   4.04MiB    0.0%  4.04MiB
  Instantiation AtomicNonlocal           1    3.06s    0.0%   3.06s   2.93GiB    0.0%  2.93GiB
  Instantiation Xc                       1    1.03s    0.0%   1.03s    202MiB    0.0%   202MiB
    enforce_real!                        1   1.28ms    0.0%  1.28ms      384B    0.0%     384B
  Instantiation AtomicLocal              1    271ms    0.0%   271ms    127MiB    0.0%   127MiB
    enforce_real!                        1   1.29ms    0.0%  1.29ms      384B    0.0%     384B
  build_kpoints                          1    243ms    0.0%   243ms    422MiB    0.0%   422MiB
  Instantiation Ewald                    1   71.6ms    0.0%  71.6ms   18.4MiB    0.0%  18.4MiB
    precomp: Ewald                       1   4.64ms    0.0%  4.64ms   3.16KiB    0.0%  3.16KiB
  Instantiation Kinetic                  1   66.1ms    0.0%  66.1ms   46.6MiB    0.0%  46.6MiB
  Instantiation PspCorrection            1   21.9ms    0.0%  21.9ms   2.76MiB    0.0%  2.76MiB
  Instantiation Hartree                  1   20.6ms    0.0%  20.6ms   11.7MiB    0.0%  11.7MiB
    enforce_real!                        1   1.20ms    0.0%  1.20ms      432B    0.0%     432B
  _check_kpoint_reduction                1   2.52ms    0.0%  2.52ms     0.00B    0.0%    0.00B
save_scfres                              2    6.73s    0.0%   3.36s    474MiB    0.0%   237MiB
symmetry_operations                     61    3.87s    0.0%  63.5ms   25.0MiB    0.0%   419KiB
  _check_symmetries                     61   8.67ms    0.0%   142μs   11.4MiB    0.0%   192KiB
──────────────────────────────────────────────────────────────────────────────────────────────
