
DFTK Version      0.7.20
Julia Version     1.12.4
libxc Version     7.0.0
FFTW.jl provider  fftw v3.3.10

BLAS.get_config()
  LinearAlgebra.BLAS.LBTConfig
  Libraries: 
  └ [ILP64] libopenblas64_.so

MPI.versioninfo()
  MPIPreferences:
    binary:  MPICH_jll
    abi:     MPICH
  
  Package versions
    MPI.jl:             0.20.23
    MPIPreferences.jl:  0.1.11
    MPICH_jll:          4.3.2+0
  
  Library information:
    libmpi:  /data/vebak3345/.julia/artifacts/117d9048128625bb3418b0b4cca48739c5d28740/lib/libmpi.so
    libmpi dlpath:  /data/vebak3345/.julia/artifacts/117d9048128625bb3418b0b4cca48739c5d28740/lib/libmpi.so
    MPI version:  4.1.0
    Library version:  
      MPICH Version:      4.3.1
      MPICH Release date: Fri Jun 20 09:24:41 AM CDT 2025
      MPICH ABI:          17:1:5
      MPICH Device:       ch3:nemesis
      MPICH configure:    --build=x86_64-linux-musl --disable-dependency-tracking --disable-doc --enable-fast=ndebug,O3 --enable-static=no --host=x86_64-linux-gnu --prefix=/workspace/destdir --with-device=ch3 --with-hwloc=/workspace/destdir
      MPICH CC:           cc     -DNDEBUG -DNVALGRIND -O3
      MPICH CXX:          c++   -DNDEBUG -DNVALGRIND -O3
      MPICH F77:          gfortran   -O3
      MPICH FC:           gfortran   -O3
      MPICH features:     
      
    MPI launcher: /data/vebak3345/.julia/artifacts/117d9048128625bb3418b0b4cca48739c5d28740/bin/mpiexec
    MPI launcher path: /data/vebak3345/.julia/artifacts/117d9048128625bb3418b0b4cca48739c5d28740/bin/mpiexec
  


‖ρref - ρorig‖H-1 = 0.0
‖ρref - ρorig‖L2  = 0.0

# --- ε=1.0

n     Energy            log10(ΔE)   log10(Δρ)   Δtime 
---   ---------------   ---------   ---------   ------
  1   -20.26170187518                   -0.78    17.8s
    ‖ρε - ρref‖ = 0.0005781562633552166 ‖Δρ‖ = 0.10656381039219721  ‖vε - vref‖ = 4.9124148560479  α = 1.0
  2   -20.28826574471       -1.58       -1.23    7.89s
    ‖ρε - ρref‖ = 0.10593497134744026 ‖Δρ‖ = 0.035287107999904095  ‖vε - vref‖ = 4.855259772215266  α = 1.0
  3   -20.30565673931       -1.76       -1.93    6.60s
    ‖ρε - ρref‖ = 0.1394746924152309 ‖Δρ‖ = 0.0067145467245961635  ‖vε - vref‖ = 4.84372172323449  α = 1.0
  4   -20.30900077079       -2.48       -2.04    6.68s
    ‖ρε - ρref‖ = 0.14562328759545937 ‖Δρ‖ = 0.005344333598730101  ‖vε - vref‖ = 4.852402319657124  α = 1.0

#-- ‖ρε - ρref‖ = 0.13962411295385657 vs. 0.01 = δ*ε ‖vε - vref‖ = 4.854738911532685


# --- ε=0.5623413251903491

n     Energy            log10(ΔE)   log10(Δρ)   Δtime 
---   ---------------   ---------   ---------   ------
  1   -20.29969384178                   -2.31    15.5s
    ‖ρε - ρref‖ = 0.14142687610174587 ‖Δρ‖ = 0.0030952887447171186  ‖vε - vref‖ = 4.6722923467209485  α = 0.41
  2   -20.29995289627       -3.59       -2.39    6.25s
    ‖ρε - ρref‖ = 0.13836565285960248 ‖Δρ‖ = 0.0025487997870066313  ‖vε - vref‖ = 4.680011378397829  α = 1.0

#-- ‖ρε - ρref‖ = 0.13527172296518764 vs. 0.005623413251903491 = δ*ε ‖vε - vref‖ = 4.681812399323937


# --- ε=0.31622776601683794

n     Energy            log10(ΔE)   log10(Δρ)   Δtime 
---   ---------------   ---------   ---------   ------
  1   -20.27837397158                   -1.99    12.3s
    ‖ρε - ρref‖ = 0.1352718595145048 ‖Δρ‖ = 0.006478370804219036  ‖vε - vref‖ = 4.398197564106283  α = 1.0
  2   -20.27862232705       -3.60       -2.14    9.54s
    ‖ρε - ρref‖ = 0.1314569212836214 ‖Δρ‖ = 0.004634451334992414  ‖vε - vref‖ = 4.4089525117815205  α = 0.428
  3   -20.27869418154       -4.14       -2.98    6.36s
    ‖ρε - ρref‖ = 0.12682827023758553 ‖Δρ‖ = 0.0006320925513007886  ‖vε - vref‖ = 4.412252298466754  α = 1.0
  4   -20.27872810867       -4.47       -3.37    5.62s
    ‖ρε - ρref‖ = 0.12621866597156353 ‖Δρ‖ = 0.00018218881393109276  ‖vε - vref‖ = 4.412373173231338  α = 1.0

#-- ‖ρε - ρref‖ = 0.12621536313825285 vs. 0.0031622776601683794 = δ*ε ‖vε - vref‖ = 4.4121395665655125


# --- ε=0.1778279410038923

n     Energy            log10(ΔE)   log10(Δρ)   Δtime 
---   ---------------   ---------   ---------   ------
  1   -20.24676293709                   -1.71    11.8s
    ‖ρε - ρref‖ = 0.12621624015978214 ‖Δρ‖ = 0.012329223207663675  ‖vε - vref‖ = 4.00785465372051  α = 1.0
  2   -20.24704544150       -3.55       -2.41    6.14s
    ‖ρε - ρref‖ = 0.11390082771430297 ‖Δρ‖ = 0.0022167840197749615  ‖vε - vref‖ = 4.02638515353712  α = 1.0
  3   -20.24723073631       -3.73       -2.94    5.43s
    ‖ρε - ρref‖ = 0.11184742579482618 ‖Δρ‖ = 0.0006330601480637191  ‖vε - vref‖ = 4.03216911874946  α = 1.0
  4   -20.24729551710       -4.19       -3.12    5.81s
    ‖ρε - ρref‖ = 0.11126494845082886 ‖Δρ‖ = 0.00037697343020150887  ‖vε - vref‖ = 4.02965239014954  α = 1.0

#-- ‖ρε - ρref‖ = 0.1116346409360655 vs. 0.001778279410038923 = δ*ε ‖vε - vref‖ = 4.02828528500595


# --- ε=0.1

n     Energy            log10(ΔE)   log10(Δρ)   Δtime 
---   ---------------   ---------   ---------   ------
  1   -20.20517975549                   -1.51    12.1s
    ‖ρε - ρref‖ = 0.11163819767319035 ‖Δρ‖ = 0.019531684490741524  ‖vε - vref‖ = 3.5488581634285743  α = 1.0
  2   -20.20574104633       -3.25       -2.50    6.26s
    ‖ρε - ρref‖ = 0.09212777066125674 ‖Δρ‖ = 0.0014704912639581002  ‖vε - vref‖ = 3.5397619748278486  α = 1.0
  3   -20.20620901792       -3.33       -2.59    6.08s
    ‖ρε - ρref‖ = 0.09249320734547195 ‖Δρ‖ = 0.0014717051114216892  ‖vε - vref‖ = 3.517774123893274  α = 1.0
  4   -20.20632790444       -3.92       -2.76    5.84s
    ‖ρε - ρref‖ = 0.093907570498848 ‖Δρ‖ = 0.0010043440164648166  ‖vε - vref‖ = 3.5327364497027243  α = 1.0
  5   -20.20643847957       -3.96       -2.80    6.31s
    ‖ρε - ρref‖ = 0.09301373990427027 ‖Δρ‖ = 0.0008677741560476955  ‖vε - vref‖ = 3.5446492475794837  α = 1.0
  6   -20.20647133097       -4.48       -3.30    6.00s
    ‖ρε - ρref‖ = 0.09219849964850538 ‖Δρ‖ = 0.00027667261953441113  ‖vε - vref‖ = 3.540866235063608  α = 1.0

#-- ‖ρε - ρref‖ = 0.09259579099037211 vs. 0.001 = δ*ε ‖vε - vref‖ = 3.5384378984530445


# --- ε=0.05623413251903491

n     Energy            log10(ΔE)   log10(Δρ)   Δtime 
---   ---------------   ---------   ---------   ------
  1   -20.15563901403                   -1.34    11.8s
    ‖ρε - ρref‖ = 0.09260756670637521 ‖Δρ‖ = 0.02912316552067836  ‖vε - vref‖ = 3.213854701862938  α = 1.0
  2   -20.15949991074       -2.41       -1.89    6.13s
    ‖ρε - ρref‖ = 0.06351642282558936 ‖Δρ‖ = 0.008155222493526525  ‖vε - vref‖ = 2.989797983149369  α = 1.0
  3   -20.15986430014       -3.44       -2.36    9.08s
    ‖ρε - ρref‖ = 0.07022813492379579 ‖Δρ‖ = 0.0023758253720512395  ‖vε - vref‖ = 2.966830736641918  α = 0.426
  4   -20.15997225283       -3.97       -2.90    6.45s
    ‖ρε - ρref‖ = 0.07239570264897977 ‖Δρ‖ = 0.0006819283806540356  ‖vε - vref‖ = 2.98326904064172  α = 1.0
  5   -20.16004231245       -4.15       -2.79    5.74s
    ‖ρε - ρref‖ = 0.07177750320196531 ‖Δρ‖ = 0.0009103213114604881  ‖vε - vref‖ = 3.004530835175858  α = 1.0
  6   -20.16005609289       -4.86       -3.54    6.04s
    ‖ρε - ρref‖ = 0.07091148188987743 ‖Δρ‖ = 0.00012678913746840386  ‖vε - vref‖ = 3.004288316728848  α = 1.0
  7   -20.16007430363       -4.74       -3.28    5.88s
    ‖ρε - ρref‖ = 0.07092170541364631 ‖Δρ‖ = 0.00030105487268838947  ‖vε - vref‖ = 2.9970662272498716  α = 1.0

#-- ‖ρε - ρref‖ = 0.07123711599674915 vs. 0.0005623413251903491 = δ*ε ‖vε - vref‖ = 2.996350099705688


# --- ε=0.03162277660168379

n     Energy            log10(ΔE)   log10(Δρ)   Δtime 
---   ---------------   ---------   ---------   ------
  1   -20.11350645130                   -1.20    15.9s
    ‖ρε - ρref‖ = 0.0922311015961518 ‖Δρ‖ = 0.040208543640833413  ‖vε - vref‖ = 2.436038345644462  α = 0.48
  2   -20.11414906593       -3.19       -2.39    6.10s
    ‖ρε - ρref‖ = 0.052056840086476944 ‖Δρ‖ = 0.001928441662098146  ‖vε - vref‖ = 2.4730600660584985  α = 1.0
  3   -20.11447661923       -3.48       -2.79    5.79s
    ‖ρε - ρref‖ = 0.050914046146790605 ‖Δρ‖ = 0.0006334948465831559  ‖vε - vref‖ = 2.4865496640312177  α = 1.0
  4   -20.11459013789       -3.94       -3.31    5.74s
    ‖ρε - ρref‖ = 0.05074628532281873 ‖Δρ‖ = 0.00023114803724088104  ‖vε - vref‖ = 2.481532012384372  α = 1.0
  5   -20.11462959046       -4.40       -3.24    6.29s
    ‖ρε - ρref‖ = 0.05082666442978746 ‖Δρ‖ = 0.00023942860830619797  ‖vε - vref‖ = 2.4792372332136194  α = 1.0

#-- ‖ρε - ρref‖ = 0.050741207942550624 vs. 0.00031622776601683794 = δ*ε ‖vε - vref‖ = 2.482864578309297


# --- ε=0.01778279410038923

n     Energy            log10(ΔE)   log10(Δρ)   Δtime 
---   ---------------   ---------   ---------   ------
  1   -20.07543602994                   -1.09    15.5s
    ‖ρε - ρref‖ = 0.08576182521469733 ‖Δρ‖ = 0.05138721171576773  ‖vε - vref‖ = 2.0232756940372982  α = 0.321
  2   -20.07588222609       -3.35       -2.49    6.02s
    ‖ρε - ρref‖ = 0.03444375566950643 ‖Δρ‖ = 0.0015161432748551447  ‖vε - vref‖ = 2.053965334562206  α = 1.0
  3   -20.07611596891       -3.63       -2.78    6.01s
    ‖ρε - ρref‖ = 0.03379466833884183 ‖Δρ‖ = 0.0006992462029869162  ‖vε - vref‖ = 2.0729148152467918  α = 1.0
  4   -20.07621085460       -4.02       -3.25    5.83s
    ‖ρε - ρref‖ = 0.03369775894680453 ‖Δρ‖ = 0.0002604460554009762  ‖vε - vref‖ = 2.061795720740143  α = 1.0
  5   -20.07623470409       -4.62       -3.17    6.03s
    ‖ρε - ρref‖ = 0.0337666274101414 ‖Δρ‖ = 0.00029367198601171446  ‖vε - vref‖ = 2.056909711743733  α = 1.0
  6   -20.07626176191       -4.57       -3.53    6.15s
    ‖ρε - ρref‖ = 0.03375981222604231 ‖Δρ‖ = 0.00012655851210654869  ‖vε - vref‖ = 2.0645195895533552  α = 1.0
  7   -20.07626380015       -5.69       -3.59    6.36s
    ‖ρε - ρref‖ = 0.033707684397582746 ‖Δρ‖ = 0.00011114659994664802  ‖vε - vref‖ = 2.066295193882601  α = 1.0

#-- ‖ρε - ρref‖ = 0.033709595453906414 vs. 0.0001778279410038923 = δ*ε ‖vε - vref‖ = 2.0641648482823474


# --- ε=0.01

n     Energy            log10(ΔE)   log10(Δρ)   Δtime 
---   ---------------   ---------   ---------   ------
  1   -20.04712108149                   -1.01    14.8s
    ‖ρε - ρref‖ = 0.08263122092035981 ‖Δρ‖ = 0.061235925368824655  ‖vε - vref‖ = 1.7154959422564846  α = 0.203
  2   -20.04731162593       -3.72       -2.55    6.51s
    ‖ρε - ρref‖ = 0.02152489022113414 ‖Δρ‖ = 0.001327854062436826  ‖vε - vref‖ = 1.7528466773249507  α = 1.0
  3   -20.04749798762       -3.73       -2.72    6.54s
    ‖ρε - ρref‖ = 0.021226252826755065 ‖Δρ‖ = 0.0008576930917012152  ‖vε - vref‖ = 1.7687202364685255  α = 1.0
  4   -20.04753742253       -4.40       -2.90    6.85s
    ‖ρε - ρref‖ = 0.021197544685748245 ‖Δρ‖ = 0.0005108298731797289  ‖vε - vref‖ = 1.7407137121045084  α = 1.0
  5   -20.04756664075       -4.53       -3.23    5.49s
    ‖ρε - ρref‖ = 0.02121316657159067 ‖Δρ‖ = 0.00025480370557409433  ‖vε - vref‖ = 1.746353535581455  α = 1.0
  6   -20.04757057673       -5.40       -3.25    6.05s
    ‖ρε - ρref‖ = 0.021209682645574848 ‖Δρ‖ = 0.00022753325948683995  ‖vε - vref‖ = 1.7585962465867815  α = 1.0
  7   -20.04757848464       -5.10       -3.42    6.15s
    ‖ρε - ρref‖ = 0.021196386593800142 ‖Δρ‖ = 0.00014972641804575617  ‖vε - vref‖ = 1.7531873256245185  α = 1.0
  8   -20.04757991862       -5.84       -3.77    9.64s
    ‖ρε - ρref‖ = 0.02118605022423801 ‖Δρ‖ = 6.914440629814078e-5  ‖vε - vref‖ = 1.7514412536751585  α = 0.506
  9   -20.04758038839       -6.33       -4.02    5.91s
    ‖ρε - ρref‖ = 0.0211884414160013 ‖Δρ‖ = 3.634553011923086e-5  ‖vε - vref‖ = 1.7523294719992373  α = 1.0

#-- ‖ρε - ρref‖ = 0.021189135040782077 vs. 0.0001 = δ*ε ‖vε - vref‖ = 1.753130869920292


# --- ε=0.005623413251903491

n     Energy            log10(ΔE)   log10(Δρ)   Δtime 
---   ---------------   ---------   ---------   ------
  1   -20.02781223859                   -0.96    13.7s
    ‖ρε - ρref‖ = 0.08158705586872966 ‖Δρ‖ = 0.06881021298625124  ‖vε - vref‖ = 1.4739840796477213  α = 0.123
  2   -20.02797501678       -3.79       -2.49    9.04s
    ‖ρε - ρref‖ = 0.013118077392704305 ‖Δρ‖ = 0.0014527268812708973  ‖vε - vref‖ = 1.5127384511726512  α = 0.493
  3   -20.02802178617       -4.33       -3.04    6.63s
    ‖ρε - ρref‖ = 0.012885114363614045 ‖Δρ‖ = 0.00037703352611452785  ‖vε - vref‖ = 1.5386425502049428  α = 1.0
  4   -20.02803057946       -5.06       -2.86    6.83s
    ‖ρε - ρref‖ = 0.012818347702370165 ‖Δρ‖ = 0.0005788340033339794  ‖vε - vref‖ = 1.5070613077495425  α = 1.0
  5   -20.02805524153       -4.61       -3.05    6.65s
    ‖ρε - ρref‖ = 0.012792399797646566 ‖Δρ‖ = 0.00035348444854257287  ‖vε - vref‖ = 1.518098915098504  α = 1.0
  6   -20.02805777062       -5.60       -3.68    5.52s
    ‖ρε - ρref‖ = 0.01281722694312775 ‖Δρ‖ = 7.398449181014288e-5  ‖vε - vref‖ = 1.5219451682322092  α = 1.0
  7   -20.02805895457       -5.93       -4.10    5.93s
    ‖ρε - ρref‖ = 0.012815191112172445 ‖Δρ‖ = 3.398856608235172e-5  ‖vε - vref‖ = 1.5202640438611972  α = 1.0
  8   -20.02805935624       -6.40       -4.08    6.05s
    ‖ρε - ρref‖ = 0.012810010489093245 ‖Δρ‖ = 2.8593148882717653e-5  ‖vε - vref‖ = 1.5193144481491494  α = 1.0

#-- ‖ρε - ρref‖ = 0.012810606197497996 vs. 5.6234132519034914e-5 = δ*ε ‖vε - vref‖ = 1.5200793105140435


# --- ε=0.0031622776601683794

n     Energy            log10(ΔE)   log10(Δρ)   Δtime 
---   ---------------   ---------   ---------   ------
  1   -20.01543669185                   -0.93    14.7s
    ‖ρε - ρref‖ = 0.08144193003196476 ‖Δρ‖ = 0.07401585718882442  ‖vε - vref‖ = 1.2713203438215628  α = 0.0724
  2   -20.01556143932       -3.90       -2.33    9.26s
    ‖ρε - ρref‖ = 0.008029298251406823 ‖Δρ‖ = 0.002019338509598534  ‖vε - vref‖ = 1.3205912245653293  α = 0.309
  3   -20.01559247393       -4.51       -3.22    6.17s
    ‖ρε - ρref‖ = 0.007599650785415562 ‖Δρ‖ = 0.0002033248154286968  ‖vε - vref‖ = 1.3389833010971588  α = 1.0
  4   -20.01559879132       -5.20       -3.29    5.85s
    ‖ρε - ρref‖ = 0.007558718982497842 ‖Δρ‖ = 0.00019907456938551976  ‖vε - vref‖ = 1.3322559081824947  α = 1.0
  5   -20.01560323192       -5.35       -3.13    8.95s
    ‖ρε - ρref‖ = 0.007559028974340314 ‖Δρ‖ = 0.00032184207480895496  ‖vε - vref‖ = 1.324388773343462  α = 0.373
  6   -20.01560464685       -5.85       -3.60    6.91s
    ‖ρε - ρref‖ = 0.007553328165152714 ‖Δρ‖ = 8.601273086695398e-5  ‖vε - vref‖ = 1.3350594514912455  α = 1.0
  7   -20.01560623436       -5.80       -3.92    6.57s
    ‖ρε - ρref‖ = 0.007559540096772843 ‖Δρ‖ = 4.433730260581646e-5  ‖vε - vref‖ = 1.3292854258831632  α = 1.0
  8   -20.01560639741       -6.79       -3.99    6.72s
    ‖ρε - ρref‖ = 0.007558041040634523 ‖Δρ‖ = 3.3163348721481474e-5  ‖vε - vref‖ = 1.3287222102070508  α = 1.0
  9   -20.01560689909       -6.30       -4.27    6.95s
    ‖ρε - ρref‖ = 0.0075550441659732286 ‖Δρ‖ = 1.7545806804512304e-5  ‖vε - vref‖ = 1.3306205067093353  α = 1.0
 10   -20.01560697102       -7.14       -4.36    9.43s
    ‖ρε - ρref‖ = 0.007555359909581461 ‖Δρ‖ = 1.5174619573052318e-5  ‖vε - vref‖ = 1.330346994801123  α = 0.449

#-- ‖ρε - ρref‖ = 0.007556268087179375 vs. 3.1622776601683795e-5 = δ*ε ‖vε - vref‖ = 1.3300537841792688


# --- ε=0.0017782794100389228

n     Energy            log10(ΔE)   log10(Δρ)   Δtime 
---   ---------------   ---------   ---------   ------
  1   -20.00784102793                   -0.91    15.0s
    ‖ρε - ρref‖ = 0.08157765709901889 ‖Δρ‖ = 0.07733260043300501  ‖vε - vref‖ = 1.0969982273494676  α = 0.0419
  2   -20.00795697800       -3.94       -2.20    9.22s
    ‖ρε - ρref‖ = 0.005403083335486704 ‖Δρ‖ = 0.002661287211734303  ‖vε - vref‖ = 1.1313811743784834  α = 0.189
  3   -20.00796878355       -4.93       -2.93    8.62s
    ‖ρε - ρref‖ = 0.00446758864117062 ‖Δρ‖ = 0.0004537296768212281  ‖vε - vref‖ = 1.1481082346103935  α = 0.328
  4   -20.00797551157       -5.17       -2.97    9.13s
    ‖ρε - ρref‖ = 0.004457086670510652 ‖Δρ‖ = 0.000438817904912271  ‖vε - vref‖ = 1.1658042811869742  α = 0.232
  5   -20.00797860415       -5.51       -3.61    6.35s
    ‖ρε - ρref‖ = 0.004400859407029129 ‖Δρ‖ = 8.284712284013816e-5  ‖vε - vref‖ = 1.1491433059828235  α = 1.0
  6   -20.00798153254       -5.53       -3.78    6.34s
    ‖ρε - ρref‖ = 0.0043909381152100685 ‖Δρ‖ = 6.140753706902356e-5  ‖vε - vref‖ = 1.1576821353142914  α = 1.0
  7   -20.00798243386       -6.05       -3.68    9.13s
    ‖ρε - ρref‖ = 0.004390091774503172 ‖Δρ‖ = 7.653412087076061e-5  ‖vε - vref‖ = 1.1573930247065325  α = 0.443
  8   -20.00798261042       -6.75       -4.17    6.57s
    ‖ρε - ρref‖ = 0.0043943422037990044 ‖Δρ‖ = 2.037899020321752e-5  ‖vε - vref‖ = 1.1552262154149027  α = 1.0
  9   -20.00798279413       -6.74       -4.26    6.01s
    ‖ρε - ρref‖ = 0.004395266588118829 ‖Δρ‖ = 1.7595049895787483e-5  ‖vε - vref‖ = 1.1559837393107004  α = 1.0
 10   -20.00798282832       -7.47       -4.65    6.47s
    ‖ρε - ρref‖ = 0.004394612393557642 ‖Δρ‖ = 7.488063186618774e-6  ‖vε - vref‖ = 1.1555136293524564  α = 1.0

#-- ‖ρε - ρref‖ = 0.004394381066602668 vs. 1.778279410038923e-5 = δ*ε ‖vε - vref‖ = 1.1558104038361066


# --- ε=0.001

n     Energy            log10(ΔE)   log10(Δρ)   Δtime 
---   ---------------   ---------   ---------   ------
  1   -20.00330564320                   -0.90    14.5s
    ‖ρε - ρref‖ = 0.08173849176748418 ‖Δρ‖ = 0.07933481692558464  ‖vε - vref‖ = 0.9500426541822558  α = 0.024
  2   -20.00340871786       -3.99       -2.12    9.03s
    ‖ρε - ρref‖ = 0.00436263331276544 ‖Δρ‖ = 0.003202133770897588  ‖vε - vref‖ = 0.9361289166455641  α = 0.117
  3   -20.00341841648       -5.01       -2.70    8.95s
    ‖ρε - ρref‖ = 0.0027270158816509525 ‖Δρ‖ = 0.0007747522796300214  ‖vε - vref‖ = 0.9555711639923143  α = 0.148
  4   -20.00342376126       -5.27       -2.84    9.07s
    ‖ρε - ρref‖ = 0.0026480370230342783 ‖Δρ‖ = 0.0005392230136095549  ‖vε - vref‖ = 0.9848575355634391  α = 0.144
  5   -20.00342580484       -5.69       -3.79    5.75s
    ‖ρε - ρref‖ = 0.0025440787065753143 ‖Δρ‖ = 5.186450536730968e-5  ‖vε - vref‖ = 0.9912508584533076  α = 1.0
  6   -20.00342750691       -5.77       -3.63    8.56s
    ‖ρε - ρref‖ = 0.0025382305425985393 ‖Δρ‖ = 9.210081417250158e-5  ‖vε - vref‖ = 0.9898328061820719  α = 0.455
  7   -20.00342852372       -5.99       -3.64    8.75s
    ‖ρε - ρref‖ = 0.0025334396336373047 ‖Δρ‖ = 7.059001186563714e-5  ‖vε - vref‖ = 0.9862871846465991  α = 0.367
  8   -20.00342881763       -6.53       -4.10    9.74s
    ‖ρε - ρref‖ = 0.0025353292160543743 ‖Δρ‖ = 2.3674419931628035e-5  ‖vε - vref‖ = 0.9850893101364422  α = 0.486
  9   -20.00342893202       -6.94       -4.64    6.54s
    ‖ρε - ρref‖ = 0.002537224680812194 ‖Δρ‖ = 6.205345207316442e-6  ‖vε - vref‖ = 0.9862550487521275  α = 1.0
 10   -20.00342896973       -7.42       -4.60    6.74s
    ‖ρε - ρref‖ = 0.0025376156338434448 ‖Δρ‖ = 6.791114014499541e-6  ‖vε - vref‖ = 0.9854388524750889  α = 1.0

#-- ‖ρε - ρref‖ = 0.0025371458075805057 vs. 1.0e-5 = δ*ε ‖vε - vref‖ = 0.9856278264173834


# --- ε=0.0005623413251903491

n     Energy            log10(ΔE)   log10(Δρ)   Δtime 
---   ---------------   ---------   ---------   ------
  1   -20.00064456839                   -0.89    15.2s
    ‖ρε - ρref‖ = 0.08186464208267366 ‖Δρ‖ = 0.08051050425413832  ‖vε - vref‖ = 0.8468010326769884  α = 0.0137
  2   -20.00072724525       -4.08       -2.06    9.06s
    ‖ρε - ρref‖ = 0.0041158423997000575 ‖Δρ‖ = 0.0036102694545926393  ‖vε - vref‖ = 0.7443001499347411  α = 0.072
  3   -20.00073850520       -4.95       -2.54    9.51s
    ‖ρε - ρref‖ = 0.0019325537651114187 ‖Δρ‖ = 0.0010999333228209466  ‖vε - vref‖ = 0.7644842858569744  α = 0.0874
  4   -20.00074441911       -5.23       -2.66    8.97s
    ‖ρε - ρref‖ = 0.0017555052282385234 ‖Δρ‖ = 0.0008186015994187342  ‖vε - vref‖ = 0.8013149527160824  α = 0.0805
  5   -20.00074632395       -5.72       -3.57    9.27s
    ‖ρε - ρref‖ = 0.0014728505481815262 ‖Δρ‖ = 8.085692221852048e-5  ‖vε - vref‖ = 0.8193039798284255  α = 0.369
  6   -20.00074696348       -6.19       -3.60    9.65s
    ‖ρε - ρref‖ = 0.0014707229906887908 ‖Δρ‖ = 9.521172465781679e-5  ‖vε - vref‖ = 0.8243814157690722  α = 0.206
  7   -20.00074743083       -6.33       -3.80    9.74s
    ‖ρε - ρref‖ = 0.0014634075580139772 ‖Δρ‖ = 4.813404035216179e-5  ‖vε - vref‖ = 0.8231285899673825  α = 0.306
  8   -20.00074749342       -7.20       -4.25    7.05s
    ‖ρε - ρref‖ = 0.0014601404654070588 ‖Δρ‖ = 1.645133024060104e-5  ‖vε - vref‖ = 0.8175383473344545  α = 1.0
  9   -20.00074775079       -6.59       -4.30    5.74s
    ‖ρε - ρref‖ = 0.0014591210298162322 ‖Δρ‖ = 1.5524821943970167e-5  ‖vε - vref‖ = 0.8205315628515206  α = 1.0
 10   -20.00074784615       -7.02       -4.39    9.04s
    ‖ρε - ρref‖ = 0.0014591559225911061 ‖Δρ‖ = 1.1504438351765722e-5  ‖vε - vref‖ = 0.8210548378326469  α = 0.494
 11   -20.00074785905       -7.89       -4.77    6.24s
    ‖ρε - ρref‖ = 0.0014598264022819452 ‖Δρ‖ = 4.005300627571265e-6  ‖vε - vref‖ = 0.8204527884366705  α = 1.0
 12   -20.00074787532       -7.79       -4.89    6.89s
    ‖ρε - ρref‖ = 0.0014600088035547209 ‖Δρ‖ = 3.1679250296509442e-6  ‖vε - vref‖ = 0.8198426967759205  α = 1.0

#-- ‖ρε - ρref‖ = 0.001459451187759868 vs. 5.623413251903491e-6 = δ*ε ‖vε - vref‖ = 0.8201083214493189


# --- ε=0.00031622776601683794

n     Energy            log10(ΔE)   log10(Δρ)   Δtime 
---   ---------------   ---------   ---------   ------
  1   -19.99910128750                   -0.89    14.7s
    ‖ρε - ρref‖ = 0.08189726509476877 ‖Δρ‖ = 0.08113610405099034  ‖vε - vref‖ = 0.8102698583182417  α = 0.00775
  2   -19.99916179608       -4.22       -2.03    9.11s
    ‖ρε - ρref‖ = 0.004139783567383708 ‖Δρ‖ = 0.003898397814085067  ‖vε - vref‖ = 0.5870619144251302  α = 0.0436
  3   -19.99917359094       -4.93       -2.42    9.02s
    ‖ρε - ρref‖ = 0.001735305843062319 ‖Δρ‖ = 0.0013988665237399812  ‖vε - vref‖ = 0.5904889606589158  α = 0.0541
  4   -19.99918009056       -5.19       -2.51    8.44s
    ‖ρε - ρref‖ = 0.0015273876462564356 ‖Δρ‖ = 0.0011670482656038574  ‖vε - vref‖ = 0.6237275195077934  α = 0.0462
  5   -19.99918188441       -5.75       -3.33    8.75s
    ‖ρε - ρref‖ = 0.0008638541546765488 ‖Δρ‖ = 0.00013395968019028296  ‖vε - vref‖ = 0.6520823661545702  α = 0.199
  6   -19.99918239506       -6.29       -3.44    9.54s
    ‖ρε - ρref‖ = 0.0008567956042333919 ‖Δρ‖ = 0.00012435058462749918  ‖vε - vref‖ = 0.663014768077085  α = 0.118
  7   -19.99918282674       -6.36       -3.69    9.75s
    ‖ρε - ρref‖ = 0.0008440008865741882 ‖Δρ‖ = 5.7497442951097705e-5  ‖vε - vref‖ = 0.6695051714120109  α = 0.203
  8   -19.99918306999       -6.61       -4.16    9.76s
    ‖ρε - ρref‖ = 0.0008400994866427186 ‖Δρ‖ = 2.0931433319806892e-5  ‖vε - vref‖ = 0.6685671209061714  α = 0.356
  9   -19.99918317890       -6.96       -4.33    9.42s
    ‖ρε - ρref‖ = 0.0008387104950981704 ‖Δρ‖ = 1.3733828156775763e-5  ‖vε - vref‖ = 0.6671180088517378  α = 0.375
 10   -19.99918323254       -7.27       -4.41    8.33s
    ‖ρε - ρref‖ = 0.000838486807391189 ‖Δρ‖ = 1.027401471031557e-5  ‖vε - vref‖ = 0.6670399311400447  α = 0.359
 11   -19.99918325804       -7.59       -4.43    9.07s
    ‖ρε - ρref‖ = 0.0008376075610807459 ‖Δρ‖ = 1.0633719558347956e-5  ‖vε - vref‖ = 0.6669945033032217  α = 0.266
 12   -19.99918325967       -8.79       -4.30    10.1s
    ‖ρε - ρref‖ = 0.0008125288717731472 ‖Δρ‖ = 2.890633645440084e-5  ‖vε - vref‖ = 0.6666858345267713  α = 0.0257
 13   -19.99918327791       -7.74       -4.26    10.0s
    ‖ρε - ρref‖ = 0.0008412051138107726 ‖Δρ‖ = 1.447013978943544e-5  ‖vε - vref‖ = 0.6670218665801659  α = 0.133
 14   -19.99918328046       -8.59       -4.50    9.12s
    ‖ρε - ρref‖ = 0.0008397396789995361 ‖Δρ‖ = 1.2030425449985134e-5  ‖vε - vref‖ = 0.667361852701761  α = 0.0877
 15   -19.99918328385       -8.47       -4.43    9.04s
    ‖ρε - ρref‖ = 0.0008382210138341712 ‖Δρ‖ = 1.2897098713684266e-5  ‖vε - vref‖ = 0.6671837319637685  α = 0.0875
 16   -19.99918328638       -8.60       -4.30    9.05s
    ‖ρε - ρref‖ = 0.0008368734498187877 ‖Δρ‖ = 1.7959074518020578e-5  ‖vε - vref‖ = 0.6671546897371572  α = 0.0546
 17   -19.99918328922       -8.55       -4.91    9.01s
    ‖ρε - ρref‖ = 0.0008378741662853627 ‖Δρ‖ = 3.3141309486549146e-6  ‖vε - vref‖ = 0.6669497722955965  α = 0.266
 18   -19.99918329014       -9.03       -5.16    10.1s
    ‖ρε - ρref‖ = 0.0008382294412288771 ‖Δρ‖ = 2.48996470423652e-6  ‖vε - vref‖ = 0.6672266970543428  α = 0.227
 19   -19.99918329098       -9.08       -5.01    9.30s
    ‖ρε - ρref‖ = 0.0008379867626150922 ‖Δρ‖ = 3.3187136249379958e-6  ‖vε - vref‖ = 0.6672109536234172  α = 0.154
 20   -19.99918329143       -9.35       -5.18    9.01s
    ‖ρε - ρref‖ = 0.0008377466395199467 ‖Δρ‖ = 1.99366215433572e-6  ‖vε - vref‖ = 0.6669337193040635  α = 0.198
 21   -19.99918329185       -9.38       -5.51    8.81s
    ‖ρε - ρref‖ = 0.0008380696948818282 ‖Δρ‖ = 8.168576251918726e-7  ‖vε - vref‖ = 0.6670772211490943  α = 0.373

#-- ‖ρε - ρref‖ = 0.000837999744751105 vs. 3.1622776601683796e-6 = δ*ε ‖vε - vref‖ = 0.6670032588344234


# --- ε=0.00017782794100389227

n     Energy            log10(ΔE)   log10(Δρ)   Δtime 
---   ---------------   ---------   ---------   ------
  1   -19.99821509873                   -0.89    14.1s
    ‖ρε - ρref‖ = 0.08202447367168347 ‖Δρ‖ = 0.0815969936851695  ‖vε - vref‖ = 0.8469151632753105  α = 0.00438
  2   -19.99825624551       -4.39       -2.00    9.45s
    ‖ρε - ρref‖ = 0.004215217698449195 ‖Δρ‖ = 0.004090186276249481  ‖vε - vref‖ = 0.5129062349693156  α = 0.026
  3   -19.99826671174       -4.98       -2.34    9.32s
    ‖ρε - ρref‖ = 0.0018039770948485856 ‖Δρ‖ = 0.0016573622554506041  ‖vε - vref‖ = 0.46766728624875326  α = 0.0328
  4   -19.99827278097       -5.22       -2.40    8.74s
    ‖ρε - ρref‖ = 0.0016499695118690192 ‖Δρ‖ = 0.001506077711112119  ‖vε - vref‖ = 0.46893853846632044  α = 0.0266
  5   -19.99827489081       -5.68       -3.15    8.66s
    ‖ρε - ρref‖ = 0.0005413933149686078 ‖Δρ‖ = 0.00019770497705403744  ‖vε - vref‖ = 0.5020357246569426  α = 0.118
  6   -19.99827539006       -6.30       -3.27    8.91s
    ‖ρε - ρref‖ = 0.000525117275050244 ‖Δρ‖ = 0.000179964308980566  ‖vε - vref‖ = 0.5155689352726885  α = 0.0641
  7   -19.99827577644       -6.41       -3.51    8.71s
    ‖ρε - ρref‖ = 0.0004919435103664938 ‖Δρ‖ = 8.339139657224908e-5  ‖vε - vref‖ = 0.5279091026671817  α = 0.115
  8   -19.99827600366       -6.64       -4.01    8.72s
    ‖ρε - ρref‖ = 0.0004829216730712681 ‖Δρ‖ = 2.681441181924234e-5  ‖vε - vref‖ = 0.5342079883776188  α = 0.231
  9   -19.99827610546       -6.99       -4.13    9.36s
    ‖ρε - ρref‖ = 0.0004813217147621071 ‖Δρ‖ = 2.0305465587880437e-5  ‖vε - vref‖ = 0.5348665756642123  α = 0.211
 10   -19.99827615402       -7.31       -4.23    9.53s
    ‖ρε - ρref‖ = 0.00048137071895578304 ‖Δρ‖ = 1.557873181596559e-5  ‖vε - vref‖ = 0.5343565511188523  α = 0.2
 11   -19.99827618814       -7.47       -4.30    10.0s
    ‖ρε - ρref‖ = 0.0004804068933197439 ‖Δρ‖ = 1.3205878600820144e-5  ‖vε - vref‖ = 0.5333704797947869  α = 0.191
 12   -19.99827619546       -8.14       -4.52    9.64s
    ‖ρε - ρref‖ = 0.00047233814175944163 ‖Δρ‖ = 1.1230938074352596e-5  ‖vε - vref‖ = 0.5329677125908557  α = 0.102
 13   -19.99827620818       -7.90       -3.38    9.23s
    ‖ρε - ρref‖ = 0.0005554272137864593 ‖Δρ‖ = 0.00012196847666765398  ‖vε - vref‖ = 0.5335340780542567  α = 0.0124
 14   -19.99827621492       -8.17       -4.51    9.90s
    ‖ρε - ρref‖ = 0.00048070442088131795 ‖Δρ‖ = 9.323796168464304e-6  ‖vε - vref‖ = 0.5338520940115598  α = 0.132
 15   -19.99827621803       -8.51       -4.02    9.44s
    ‖ρε - ρref‖ = 0.00047818324028525857 ‖Δρ‖ = 3.368095663554208e-5  ‖vε - vref‖ = 0.5335040661800469  α = 0.0266
 16   -19.99827621980       -8.75       -4.37    10.2s
    ‖ρε - ρref‖ = 0.00047825481736380306 ‖Δρ‖ = 1.7816948843897028e-5  ‖vε - vref‖ = 0.5335194455853057  α = 0.0369
 17   -19.99827622616       -8.20       -4.60    8.57s
    ‖ρε - ρref‖ = 0.0004800468002167069 ‖Δρ‖ = 6.431188580173168e-6  ‖vε - vref‖ = 0.5336670730136599  α = 0.155
 18   -19.99827622848       -8.63       -4.95    8.88s
    ‖ρε - ρref‖ = 0.00048012611106689097 ‖Δρ‖ = 3.4569008370768647e-6  ‖vε - vref‖ = 0.5341261967379619  α = 0.199
 19   -19.99827622983       -8.87       -4.63    9.13s
    ‖ρε - ρref‖ = 0.0004794742264812938 ‖Δρ‖ = 7.789489796464078e-6  ‖vε - vref‖ = 0.5339559177096088  α = 0.0708
 20   -19.99827623075       -9.03       -4.96    9.51s
    ‖ρε - ρref‖ = 0.0004793181473241393 ‖Δρ‖ = 3.2957057143571678e-6  ‖vε - vref‖ = 0.5335082272614765  α = 0.137
 21   -19.99827623190       -8.94       -5.08    8.85s
    ‖ρε - ρref‖ = 0.00048002665376892446 ‖Δρ‖ = 2.008846780239247e-6  ‖vε - vref‖ = 0.5337466307994632  α = 0.205
 22   -19.99827623247       -9.25       -5.65    9.38s
    ‖ρε - ρref‖ = 0.00047981171416951044 ‖Δρ‖ = 5.201228107210516e-7  ‖vε - vref‖ = 0.5337968696076747  α = 0.481
 23   -19.99827623263       -9.79       -5.41    9.46s
    ‖ρε - ρref‖ = 0.00047966476682647735 ‖Δρ‖ = 1.2540618060723361e-6  ‖vε - vref‖ = 0.533657993526514  α = 0.149

#-- ‖ρε - ρref‖ = 0.00047986209044736033 vs. 1.7782794100389227e-6 = δ*ε ‖vε - vref‖ = 0.5336294514275819


# --- ε=0.0001

n     Energy            log10(ΔE)   log10(Δρ)   Δtime 
---   ---------------   ---------   ---------   ------
  1   -19.99771048934                   -0.89    15.1s
    ‖ρε - ρref‖ = 0.08209585587256661 ‖Δρ‖ = 0.08185580517757152  ‖vε - vref‖ = 0.9292106644705617  α = 0.00247
  2   -19.99773691491       -4.58       -1.99    9.32s
    ‖ρε - ρref‖ = 0.004281684657931773 ‖Δρ‖ = 0.00421372175199031  ‖vε - vref‖ = 0.5369957436041377  α = 0.0153
  3   -19.99774500178       -5.09       -2.29    9.56s
    ‖ρε - ρref‖ = 0.001932573580234712 ‖Δρ‖ = 0.001860973416817997  ‖vε - vref‖ = 0.43059354414101325  α = 0.0195
  4   -19.99774990388       -5.31       -2.32    8.90s
    ‖ρε - ρref‖ = 0.0018585543412658512 ‖Δρ‖ = 0.001792624168483235  ‖vε - vref‖ = 0.36748576386105203  α = 0.0153
  5   -19.99775214413       -5.65       -3.02    8.82s
    ‖ρε - ρref‖ = 0.0004044660936504306 ‖Δρ‖ = 0.0002615619487578136  ‖vε - vref‖ = 0.3829153837918234  α = 0.0721
  6   -19.99775265472       -6.29       -3.13    9.19s
    ‖ρε - ρref‖ = 0.0003823306990793658 ‖Δρ‖ = 0.000245807369720144  ‖vε - vref‖ = 0.3937881402581261  α = 0.0366
  7   -19.99775302887       -6.43       -3.33    8.86s
    ‖ρε - ρref‖ = 0.0003060013036865772 ‖Δρ‖ = 0.00012173930243735678  ‖vε - vref‖ = 0.4067701013397985  α = 0.0627
  8   -19.99775322276       -6.71       -3.83    9.88s
    ‖ρε - ρref‖ = 0.0002791949228772789 ‖Δρ‖ = 3.8087803109727555e-5  ‖vε - vref‖ = 0.41790422326861315  α = 0.132
  9   -19.99775331772       -7.02       -3.96    9.67s
    ‖ρε - ρref‖ = 0.0002763824180576436 ‖Δρ‖ = 2.7291422649447413e-5  ‖vε - vref‖ = 0.42311862126953764  α = 0.127
 10   -19.99775336456       -7.33       -4.08    9.43s
    ‖ρε - ρref‖ = 0.0002765468677146033 ‖Δρ‖ = 2.2024002901996238e-5  ‖vε - vref‖ = 0.4249166836117729  α = 0.112
 11   -19.99775340273       -7.42       -4.18    9.35s
    ‖ρε - ρref‖ = 0.0002751932894395361 ‖Δρ‖ = 1.6474977027182583e-5  ‖vε - vref‖ = 0.42481677511444765  α = 0.129
 12   -19.99775340411       -8.86       -4.01    9.36s
    ‖ρε - ρref‖ = 0.0003227862181261479 ‖Δρ‖ = 5.508630877285974e-5  ‖vε - vref‖ = 0.4250823677443347  α = 0.0071
 13   -19.99775342417       -7.70       -3.96    8.80s
    ‖ρε - ρref‖ = 0.0002726115841815089 ‖Δρ‖ = 2.678424596748935e-5  ‖vε - vref‖ = 0.42517124767872044  α = 0.0576
 14   -19.99775342914       -8.30       -4.13    8.81s
    ‖ρε - ρref‖ = 0.00027158215569361656 ‖Δρ‖ = 2.5997698541292263e-5  ‖vε - vref‖ = 0.42442648081251927  α = 0.0329
 15   -19.99775343555       -8.19       -3.90    9.31s
    ‖ρε - ρref‖ = 0.0002758194128674818 ‖Δρ‖ = 3.7772836926400236e-5  ‖vε - vref‖ = 0.424135952941812  α = 0.0252
 16   -19.99775343951       -8.40       -3.91    9.56s
    ‖ρε - ρref‖ = 0.00028078111707535236 ‖Δρ‖ = 4.445383532441636e-5  ‖vε - vref‖ = 0.42374246590434356  α = 0.0168
 17   -19.99775344670       -8.14       -4.66    9.04s
    ‖ρε - ρref‖ = 0.00027435206951530725 ‖Δρ‖ = 5.522967322030514e-6  ‖vε - vref‖ = 0.4243054542102037  α = 0.164
 18   -19.99775344914       -8.61       -4.50    9.75s
    ‖ρε - ρref‖ = 0.0002728943344837711 ‖Δρ‖ = 1.0628989708330786e-5  ‖vε - vref‖ = 0.42380835897873853  α = 0.0555
 19   -19.99775345230       -8.50       -4.49    9.55s
    ‖ρε - ρref‖ = 0.0002732727412211147 ‖Δρ‖ = 9.017135539297527e-6  ‖vε - vref‖ = 0.42346960198402134  α = 0.0712
 20   -19.99775345467       -8.62       -4.58    10.1s
    ‖ρε - ρref‖ = 0.00027499661766428176 ‖Δρ‖ = 7.815279812583926e-6  ‖vε - vref‖ = 0.4240783071038234  α = 0.0709
 21   -19.99775345761       -8.53       -5.14    9.78s
    ‖ρε - ρref‖ = 0.0002738693565525838 ‖Δρ‖ = 1.4855387836889728e-6  ‖vε - vref‖ = 0.42437091253625203  α = 0.324
 22   -19.99775345830       -9.16       -5.11    9.63s
    ‖ρε - ρref‖ = 0.00027361390291658484 ‖Δρ‖ = 2.5516697884489454e-6  ‖vε - vref‖ = 0.4241753084494409  α = 0.118
 23   -19.99775345927       -9.01       -5.07    8.65s
    ‖ρε - ρref‖ = 0.00027396475570145017 ‖Δρ‖ = 1.9319206346839844e-6  ‖vε - vref‖ = 0.42426286601411  α = 0.162
 24   -19.99775345965       -9.43       -5.12    9.87s
    ‖ρε - ρref‖ = 0.00027372635012399253 ‖Δρ‖ = 1.9971954166723286e-6  ‖vε - vref‖ = 0.4242590849856734  α = 0.111
 25   -19.99775345967      -10.69       -4.78    9.35s
    ‖ρε - ρref‖ = 0.00028210169802599664 ‖Δρ‖ = 9.486771438584657e-6  ‖vε - vref‖ = 0.42429771241575  α = 0.00504
 26   -19.99775345994       -9.57       -4.97    9.57s
    ‖ρε - ρref‖ = 0.0002735243193927465 ‖Δρ‖ = 2.796082618040312e-6  ‖vε - vref‖ = 0.4242056576621365  α = 0.0662
 27   -19.99775345999      -10.31       -4.94    9.19s
    ‖ρε - ρref‖ = 0.0002733553613577155 ‖Δρ‖ = 4.449300235927667e-6  ‖vε - vref‖ = 0.42414984683864276  α = 0.0194
 28   -19.99775346009       -9.99       -5.04    9.05s
    ‖ρε - ρref‖ = 0.0002737201541234101 ‖Δρ‖ = 3.103455873735754e-6  ‖vε - vref‖ = 0.4241758020748072  α = 0.0376
 29   -19.99775346024       -9.84       -4.79    10.6s
    ‖ρε - ρref‖ = 0.0002744423282018748 ‖Δρ‖ = 4.606142003660224e-6  ‖vε - vref‖ = 0.42420662730020936  α = 0.0288
 30   -19.99775346033      -10.01       -5.61    9.83s
    ‖ρε - ρref‖ = 0.0002738816345389749 ‖Δρ‖ = 6.769512151658992e-7  ‖vε - vref‖ = 0.4242525205536863  α = 0.162
 31   -19.99775346039      -10.26       -5.33    9.42s
    ‖ρε - ρref‖ = 0.00027369395623977105 ‖Δρ‖ = 1.4714580323739695e-6  ‖vε - vref‖ = 0.42416632164499096  α = 0.058
 32   -19.99775346044      -10.29       -5.25    9.26s
    ‖ρε - ρref‖ = 0.00027375010417734125 ‖Δρ‖ = 1.4951433576563846e-6  ‖vε - vref‖ = 0.42410909996708085  α = 0.0558
 33   -19.99775346047      -10.58       -5.68    9.63s
    ‖ρε - ρref‖ = 0.00027398348568472345 ‖Δρ‖ = 6.459878370662626e-7  ‖vε - vref‖ = 0.42421925384543524  α = 0.0938
 34   -19.99775346050      -10.41       -5.79    9.17s
    ‖ρε - ρref‖ = 0.00027384764075023507 ‖Δρ‖ = 3.852307746824572e-7  ‖vε - vref‖ = 0.4242508894530812  α = 0.165

#-- ‖ρε - ρref‖ = 0.00027385282554544786 vs. 1.0000000000000002e-6 = δ*ε ‖vε - vref‖ = 0.4241889379837586


# --- ε=5.623413251903491e-5

n     Energy            log10(ΔE)   log10(Δρ)   Δtime 
---   ---------------   ---------   ---------   ------
  1   -19.99742527107                   -0.89    13.9s
    ‖ρε - ρref‖ = 0.08209446168968018 ‖Δρ‖ = 0.08195963283144599  ‖vε - vref‖ = 1.0222766214770718  α = 0.00139
  2   -19.99744150805       -4.79       -1.98    9.40s
    ‖ρε - ρref‖ = 0.004327889872049309 ‖Δρ‖ = 0.004290112538495866  ‖vε - vref‖ = 0.614402662424016  α = 0.00887
  3   -19.99744712372       -5.25       -2.25    8.85s
    ‖ρε - ρref‖ = 0.0020454989585878785 ‖Δρ‖ = 0.002007733872836535  ‖vε - vref‖ = 0.4676336755432484  α = 0.0114
  4   -19.99745064939       -5.45       -2.27    8.47s
    ‖ρε - ρref‖ = 0.002042498928923605 ‖Δρ‖ = 0.0020088807869252942  ‖vε - vref‖ = 0.34091955189801265  α = 0.00874
  5   -19.99745264003       -5.70       -2.93    8.98s
    ‖ρε - ρref‖ = 0.00037352501632740057 ‖Δρ‖ = 0.0003162157528360499  ‖vε - vref‖ = 0.3057289500159989  α = 0.0433
  6   -19.99745310675       -6.33       -3.03    9.51s
    ‖ρε - ρref‖ = 0.00035681701227749954 ‖Δρ‖ = 0.00030791103455411837  ‖vε - vref‖ = 0.3041200029223183  α = 0.0213
  7   -19.99745345861       -6.45       -3.20    9.03s
    ‖ρε - ρref‖ = 0.00023224304525048368 ‖Δρ‖ = 0.00016309628433560484  ‖vε - vref‖ = 0.31027364772937593  α = 0.0352
  8   -19.99745363142       -6.76       -3.68    8.89s
    ‖ρε - ρref‖ = 0.00016760924755327642 ‖Δρ‖ = 5.253751201897699e-5  ‖vε - vref‖ = 0.3212635548209494  α = 0.0733
  9   -19.99745370904       -7.11       -3.81    9.89s
    ‖ρε - ρref‖ = 0.00016116743030386305 ‖Δρ‖ = 3.675014214229278e-5  ‖vε - vref‖ = 0.3285014266475037  α = 0.07
 10   -19.99745374617       -7.43       -3.95    8.85s
    ‖ρε - ρref‖ = 0.00016023836616023356 ‖Δρ‖ = 2.8190687760239218e-5  ‖vε - vref‖ = 0.3327424542897875  α = 0.0631
 11   -19.99745377879       -7.49       -4.07    9.78s
    ‖ρε - ρref‖ = 0.00015793516052249997 ‖Δρ‖ = 1.9724293871212307e-5  ‖vε - vref‖ = 0.3357783154422617  α = 0.0807
 12   -19.99745378001       -8.91       -3.66    10.1s
    ‖ρε - ρref‖ = 0.00028001072255912405 ‖Δρ‖ = 0.0001333818778497855  ‖vε - vref‖ = 0.3359917982487421  α = 0.00207
 13   -19.99745379914       -7.72       -4.13    9.65s
    ‖ρε - ρref‖ = 0.00015652410163416393 ‖Δρ‖ = 1.8038445908441006e-5  ‖vε - vref‖ = 0.3380124946339566  α = 0.0668
 14   -19.99745380489       -8.24       -4.02    9.44s
    ‖ρε - ρref‖ = 0.00015521841420862174 ‖Δρ‖ = 3.29578441567864e-5  ‖vε - vref‖ = 0.3376479045482882  α = 0.0211
 15   -19.99745381265       -8.11       -3.71    9.60s
    ‖ρε - ρref‖ = 0.00016559817064770504 ‖Δρ‖ = 5.859039354014968e-5  ‖vε - vref‖ = 0.3378248676163125  α = 0.0136
 16   -19.99745381780       -8.29       -3.72    9.79s
    ‖ρε - ρref‖ = 0.00017335278747647692 ‖Δρ‖ = 6.463088409514437e-5  ‖vε - vref‖ = 0.33758381020905753  α = 0.00987
 17   -19.99745382523       -8.13       -4.46    9.17s
    ‖ρε - ρref‖ = 0.0001567685297935378 ‖Δρ‖ = 8.660317693748631e-6  ‖vε - vref‖ = 0.33791071699662917  α = 0.0878
 18   -19.99745382770       -8.61       -4.33    8.89s
    ‖ρε - ρref‖ = 0.00015488769042845438 ‖Δρ‖ = 1.5486610961296126e-5  ‖vε - vref‖ = 0.3371836274568349  α = 0.0297
 19   -19.99745383126       -8.45       -4.36    9.46s
    ‖ρε - ρref‖ = 0.00015500216504600288 ‖Δρ‖ = 1.1777410671895425e-5  ‖vε - vref‖ = 0.33624892124780836  α = 0.0454
 20   -19.99745383501       -8.43       -4.36    10.1s
    ‖ρε - ρref‖ = 0.0001574645265092075 ‖Δρ‖ = 1.1209480361780129e-5  ‖vε - vref‖ = 0.3363067846064099  α = 0.0471
 21   -19.99745383860       -8.45       -4.98    9.93s
    ‖ρε - ρref‖ = 0.00015590941180820402 ‖Δρ‖ = 2.1548684197699676e-6  ‖vε - vref‖ = 0.33642474722112853  α = 0.21
 22   -19.99745383961       -8.99       -4.72    9.90s
    ‖ρε - ρref‖ = 0.00015523798420917178 ‖Δρ‖ = 5.873569683919102e-6  ‖vε - vref‖ = 0.33611301697519474  α = 0.0487
 23   -19.99745384078       -8.93       -4.95    9.28s
    ‖ρε - ρref‖ = 0.00015576803121831174 ‖Δρ‖ = 2.502070535324976e-6  ‖vε - vref‖ = 0.3362060336502122  α = 0.118
 24   -19.99745384092       -9.87       -4.71    9.45s
    ‖ρε - ρref‖ = 0.00016316109357217702 ‖Δρ‖ = 8.894737192810699e-6  ‖vε - vref‖ = 0.3363487873289622  α = 0.0104
 25   -19.99745384157       -9.19       -4.04    10.2s
    ‖ρε - ρref‖ = 0.00015170206586981045 ‖Δρ‖ = 2.454182059004216e-5  ‖vε - vref‖ = 0.3364682113405958  α = 0.00908
 26   -19.99745384199       -9.38       -4.94    9.87s
    ‖ρε - ρref‖ = 0.00015555188649892914 ‖Δρ‖ = 3.2243474447654077e-6  ‖vε - vref‖ = 0.336400113247926  α = 0.0569
 27   -19.99745384222       -9.63       -4.21    10.1s
    ‖ρε - ρref‖ = 0.00015759145741019523 ‖Δρ‖ = 1.9990863762463024e-5  ‖vε - vref‖ = 0.33649083914695216  α = 0.00707
 28   -19.99745384235       -9.90       -4.90    9.28s
    ‖ρε - ρref‖ = 0.0001564541118961838 ‖Δρ‖ = 4.774378486093274e-6  ‖vε - vref‖ = 0.33652084333590154  α = 0.0213
 29   -19.99745384287       -9.28       -4.77    10.3s
    ‖ρε - ρref‖ = 0.0001556803351925369 ‖Δρ‖ = 3.6999078282233244e-6  ‖vε - vref‖ = 0.33660070890648996  α = 0.0507
 30   -19.99745384303       -9.79       -5.12    9.76s
    ‖ρε - ρref‖ = 0.0001559011235767221 ‖Δρ‖ = 1.9276431187737243e-6  ‖vε - vref‖ = 0.3366978616262051  α = 0.0621
 31   -19.99745384316       -9.88       -5.25    9.17s
    ‖ρε - ρref‖ = 0.00015572634221746828 ‖Δρ‖ = 1.7436539961489595e-6  ‖vε - vref‖ = 0.33664916005892886  α = 0.0588
 32   -19.99745384340       -9.63       -4.87    9.52s
    ‖ρε - ρref‖ = 0.0001554726860909869 ‖Δρ‖ = 3.2294162063399114e-6  ‖vε - vref‖ = 0.33646538085774325  α = 0.038
 33   -19.99745384346      -10.21       -5.32    9.58s
    ‖ρε - ρref‖ = 0.00015613984434036031 ‖Δρ‖ = 1.4845219471269012e-6  ‖vε - vref‖ = 0.33666120373328434  α = 0.0488
 34   -19.99745384354      -10.06       -5.42    10.2s
    ‖ρε - ρref‖ = 0.00015579963447092936 ‖Δρ‖ = 9.448516776989267e-7  ‖vε - vref‖ = 0.33674520394111895  α = 0.0862
 35   -19.99745384363      -10.08       -5.47    9.19s
    ‖ρε - ρref‖ = 0.0001556661332223885 ‖Δρ‖ = 7.615872806955477e-7  ‖vε - vref‖ = 0.33665321477000804  α = 0.0997
 36   -19.99745384363      -11.54       -4.98    9.80s
    ‖ρε - ρref‖ = 0.00016098477477211013 ‖Δρ‖ = 6.0490732377811215e-6  ‖vε - vref‖ = 0.33666612662459694  α = 0.00223
 37   -19.99745384368      -10.27       -5.42    10.2s
    ‖ρε - ρref‖ = 0.00015576265178893214 ‖Δρ‖ = 8.784195599154331e-7  ‖vε - vref‖ = 0.3366320278574253  α = 0.07
 38   -19.99745384370      -10.95       -5.46    9.38s
    ‖ρε - ρref‖ = 0.0001556655716250823 ‖Δρ‖ = 1.1714875899484708e-6  ‖vε - vref‖ = 0.33659180239094244  α = 0.0267
 39   -19.99745384371      -10.97       -5.01    9.11s
    ‖ρε - ρref‖ = 0.00015571816179301386 ‖Δρ‖ = 3.3667346477038356e-6  ‖vε - vref‖ = 0.3365838015457381  α = 0.00906
 40   -19.99745384372      -10.85       -5.68    8.24s
    ‖ρε - ρref‖ = 0.00015586339222864324 ‖Δρ‖ = 6.628664156613125e-7  ‖vε - vref‖ = 0.3365837357926204  α = 0.05
 41   -19.99745384374      -10.64       -5.18    9.13s
    ‖ρε - ρref‖ = 0.00015566181449318134 ‖Δρ‖ = 1.819239494522152e-6  ‖vε - vref‖ = 0.33657676597604036  α = 0.0215
 42   -19.99745384376      -10.87       -5.75    9.16s
    ‖ρε - ρref‖ = 0.00015582244161982826 ‖Δρ‖ = 4.889042611474092e-7  ‖vε - vref‖ = 0.33660203976379033  α = 0.0665
 43   -19.99745384377      -10.84       -5.81    8.88s
    ‖ρε - ρref‖ = 0.00015577362721527877 ‖Δρ‖ = 3.5863275791728387e-7  ‖vε - vref‖ = 0.33659880645954715  α = 0.0901

#-- ‖ρε - ρref‖ = 0.00015578668245586056 vs. 5.62341325190349e-7 = δ*ε ‖vε - vref‖ = 0.3365894360855093


# --- ε=3.1622776601683795e-5

n     Energy            log10(ΔE)   log10(Δρ)   Δtime 
---   ---------------   ---------   ---------   ------
  1   -19.99726484512                   -0.89    14.3s
    ‖ρε - ρref‖ = 0.08211166295507713 ‖Δρ‖ = 0.08203591185888971  ‖vε - vref‖ = 1.10408558456905  α = 0.000783
  2   -19.99727451100       -5.01       -1.97    9.26s
    ‖ρε - ρref‖ = 0.0043573302941428095 ‖Δρ‖ = 0.004336146592035824  ‖vε - vref‖ = 0.6973527771094559  α = 0.00509
  3   -19.99727812663       -5.44       -2.23    8.80s
    ‖ρε - ρref‖ = 0.0021271339853515927 ‖Δρ‖ = 0.002106443486544788  ‖vε - vref‖ = 0.5313794415041906  α = 0.00657
  4   -19.99728045578       -5.63       -2.24    8.57s
    ‖ρε - ρref‖ = 0.00217752975209677 ‖Δρ‖ = 0.002159402153356421  ‖vε - vref‖ = 0.3686765983148278  α = 0.00498
  5   -19.99728197633       -5.82       -2.87    9.35s
    ‖ρε - ρref‖ = 0.0003824770281765687 ‖Δρ‖ = 0.0003578054699758918  ‖vε - vref‖ = 0.27371021729372647  α = 0.0255
  6   -19.99728234898       -6.43       -2.96    9.16s
    ‖ρε - ρref‖ = 0.0003775675047420189 ‖Δρ‖ = 0.00035908460613468717  ‖vε - vref‖ = 0.25016128193969517  α = 0.0123
  7   -19.99728264547       -6.53       -3.11    9.74s
    ‖ρε - ρref‖ = 0.00022392200927237214 ‖Δρ‖ = 0.00020005946658316036  ‖vε - vref‖ = 0.23903250943930318  α = 0.0201
  8   -19.99728279977       -6.81       -3.56    10.1s
    ‖ρε - ρref‖ = 0.00011443792548035121 ‖Δρ‖ = 6.717663007135956e-5  ‖vε - vref‖ = 0.24326741875954522  α = 0.0421
  9   -19.99728286603       -7.18       -3.69    9.33s
    ‖ρε - ρref‖ = 0.00010174033549084543 ‖Δρ‖ = 4.8126540655424205e-5  ‖vε - vref‖ = 0.24897079566468266  α = 0.0387
 10   -19.99728289482       -7.54       -3.83    8.32s
    ‖ρε - ρref‖ = 9.739957171268439e-5 ‖Δρ‖ = 3.596530778145087e-5  ‖vε - vref‖ = 0.25357410373614175  α = 0.0342
 11   -19.99728291760       -7.64       -3.96    9.04s
    ‖ρε - ρref‖ = 9.240376177509098e-5 ‖Δρ‖ = 2.4144072452660697e-5  ‖vε - vref‖ = 0.25814153722019845  α = 0.0447
 12   -19.99728291867       -8.97       -3.50    10.0s
    ‖ρε - ρref‖ = 0.00027749496344475815 ‖Δρ‖ = 0.00019705595102129905  ‖vε - vref‖ = 0.2582798526745875  α = 0.000982
 13   -19.99728293144       -7.89       -4.12    9.05s
    ‖ρε - ρref‖ = 9.011199602852839e-5 ‖Δρ‖ = 1.7635308832025986e-5  ‖vε - vref‖ = 0.26233446462797516  α = 0.0451
 14   -19.99728293643       -8.30       -4.00    8.55s
    ‖ρε - ρref‖ = 9.037199684907465e-5 ‖Δρ‖ = 3.130244449514703e-5  ‖vε - vref‖ = 0.2631825391196202  α = 0.0158
 15   -19.99728294290       -8.19       -3.55    10.3s
    ‖ρε - ρref‖ = 0.00012015468176498007 ‖Δρ‖ = 8.139739444833084e-5  ‖vε - vref‖ = 0.2648824087929442  α = 0.00684
 16   -19.99728294700       -8.39       -3.63    9.29s
    ‖ρε - ρref‖ = 0.0001222946854541421 ‖Δρ‖ = 7.667498979644206e-5  ‖vε - vref‖ = 0.26573742814965184  α = 0.00566
 17   -19.99728295425       -8.14       -4.32    8.43s
    ‖ρε - ρref‖ = 9.011716282660592e-5 ‖Δρ‖ = 1.141767706288122e-5  ‖vε - vref‖ = 0.2676712953280572  α = 0.0508
 18   -19.99728295658       -8.63       -4.22    9.37s
    ‖ρε - ρref‖ = 8.828655460304441e-5 ‖Δρ‖ = 1.967704168951625e-5  ‖vε - vref‖ = 0.26738001480057577  α = 0.0172
 19   -19.99728296002       -8.46       -4.23    8.87s
    ‖ρε - ρref‖ = 8.801069396397493e-5 ‖Δρ‖ = 1.556938788932139e-5  ‖vε - vref‖ = 0.26691006149185437  α = 0.026
 20   -19.99728296419       -8.38       -4.19    8.29s
    ‖ρε - ρref‖ = 9.126125771927022e-5 ‖Δρ‖ = 1.5429444433419297e-5  ‖vε - vref‖ = 0.2670960750804114  α = 0.0281
 21   -19.99728296764       -8.46       -4.83    9.76s
    ‖ρε - ρref‖ = 8.86729596221704e-5 ‖Δρ‖ = 3.1778022768279375e-6  ‖vε - vref‖ = 0.266796352344677  α = 0.118
 22   -19.99728296930       -8.78       -4.45    8.41s
    ‖ρε - ρref‖ = 8.777566733373027e-5 ‖Δρ‖ = 9.437365820684727e-6  ‖vε - vref‖ = 0.2659006784938056  α = 0.0293
 23   -19.99728297049       -8.92       -4.74    9.48s
    ‖ρε - ρref‖ = 8.822819617866283e-5 ‖Δρ‖ = 4.01917353803766e-6  ‖vε - vref‖ = 0.26533735955538185  α = 0.0597
 24   -19.99728297062       -9.88       -4.48    9.90s
    ‖ρε - ρref‖ = 0.00010172149183414734 ‖Δρ‖ = 1.560934531475728e-5  ‖vε - vref‖ = 0.2654119721338241  α = 0.00439
 25   -19.99728297150       -9.06       -3.94    8.36s
    ‖ρε - ρref‖ = 8.779525683343471e-5 ‖Δρ‖ = 2.8443570168165328e-5  ‖vε - vref‖ = 0.2651264285135288  α = 0.0071
 26   -19.99728297192       -9.38       -4.72    10.3s
    ‖ρε - ρref‖ = 8.814522070679911e-5 ‖Δρ‖ = 5.4714741964061015e-6  ‖vε - vref‖ = 0.2649365651388796  α = 0.026
 27   -19.99728297236       -9.36       -4.01    8.91s
    ‖ρε - ρref‖ = 9.3266868809043e-5 ‖Δρ‖ = 2.7691744633647528e-5  ‖vε - vref‖ = 0.2649389456134987  α = 0.00523
 28   -19.99728297249       -9.86       -4.55    9.79s
    ‖ρε - ρref‖ = 9.027212636669633e-5 ‖Δρ‖ = 1.0692816370784547e-5  ‖vε - vref‖ = 0.2649243915839564  α = 0.00757
 29   -19.99728297329       -9.10       -4.79    9.54s
    ‖ρε - ρref‖ = 8.825175692976212e-5 ‖Δρ‖ = 3.296258707917105e-6  ‖vε - vref‖ = 0.2648099949760759  α = 0.0559
 30   -19.99728297361       -9.50       -4.73    8.81s
    ‖ρε - ρref‖ = 8.863605056314163e-5 ‖Δρ‖ = 4.5037139151088365e-6  ‖vε - vref‖ = 0.26495186990474545  α = 0.0279
 31   -19.99728297370      -10.01       -4.79    9.11s
    ‖ρε - ρref‖ = 8.878172836250554e-5 ‖Δρ‖ = 5.373363790308624e-6  ‖vε - vref‖ = 0.265046472478793  α = 0.0132
 32   -19.99728297417       -9.33       -5.08    10.4s
    ‖ρε - ρref‖ = 8.834698938229492e-5 ‖Δρ‖ = 1.6611624975948125e-6  ‖vε - vref‖ = 0.2652492481253082  α = 0.0822
 33   -19.99728297440       -9.64       -5.03    9.73s
    ‖ρε - ρref‖ = 8.832341151541922e-5 ‖Δρ‖ = 2.2121612930323866e-6  ‖vε - vref‖ = 0.26536107076202947  α = 0.0465
 34   -19.99728297457       -9.75       -5.36    9.83s
    ‖ρε - ρref‖ = 8.841490644345014e-5 ‖Δρ‖ = 1.0324039467872741e-6  ‖vε - vref‖ = 0.26564545683935503  α = 0.0859
 35   -19.99728297464      -10.19       -5.24    10.0s
    ‖ρε - ρref‖ = 8.786369126023764e-5 ‖Δρ‖ = 1.724182965685205e-6  ‖vε - vref‖ = 0.26571429067870866  α = 0.0311
 36   -19.99728297467      -10.51       -4.14    9.31s
    ‖ρε - ρref‖ = 0.00011156274349694745 ‖Δρ‖ = 2.8314636641570147e-5  ‖vε - vref‖ = 0.26579766771690894  α = 0.00121
 37   -19.99728297482       -9.81       -5.15    10.3s
    ‖ρε - ρref‖ = 8.816155904226559e-5 ‖Δρ‖ = 1.5359430562061385e-6  ‖vε - vref‖ = 0.265658252882879  α = 0.0513
 38   -19.99728297484      -10.87       -4.79    10.2s
    ‖ρε - ρref‖ = 8.79245071964326e-5 ‖Δρ‖ = 6.347856991630519e-6  ‖vε - vref‖ = 0.26562066757750336  α = 0.00406
 39   -19.99728297487      -10.43       -5.13    8.17s
    ‖ρε - ρref‖ = 8.81713969178998e-5 ‖Δρ‖ = 2.3263378180178244e-6  ‖vε - vref‖ = 0.2656027162981148  α = 0.018
 40   -19.99728297490      -10.60       -4.87    10.1s
    ‖ρε - ρref‖ = 8.892521699876769e-5 ‖Δρ‖ = 4.2282798125052304e-6  ‖vε - vref‖ = 0.2656081434611462  α = 0.00833
 41   -19.99728297495      -10.28       -5.25    9.55s
    ‖ρε - ρref‖ = 8.844693439394115e-5 ‖Δρ‖ = 1.3104484712639521e-6  ‖vε - vref‖ = 0.2656708453764348  α = 0.0383
 42   -19.99728297499      -10.47       -5.57    10.0s
    ‖ρε - ρref‖ = 8.841585235068003e-5 ‖Δρ‖ = 6.952617162224654e-7  ‖vε - vref‖ = 0.2656945177674709  α = 0.0574
 43   -19.99728297502      -10.46       -5.05    9.74s
    ‖ρε - ρref‖ = 8.835786876641118e-5 ‖Δρ‖ = 2.304738241605345e-6  ‖vε - vref‖ = 0.265661571233671  α = 0.0173
 44   -19.99728297504      -10.66       -5.20    10.6s
    ‖ρε - ρref‖ = 8.801758716538407e-5 ‖Δρ‖ = 1.7632059965077739e-6  ‖vε - vref‖ = 0.2655489840036996  α = 0.0184
 45   -19.99728297506      -10.67       -5.59    9.07s
    ‖ρε - ρref‖ = 8.840980402987566e-5 ‖Δρ‖ = 5.96799478473668e-7  ‖vε - vref‖ = 0.26555336722184064  α = 0.0542
 46   -19.99728297508      -10.72       -5.50    9.65s
    ‖ρε - ρref‖ = 8.841156171375135e-5 ‖Δρ‖ = 6.992664901984254e-7  ‖vε - vref‖ = 0.2655529350573686  α = 0.043
 47   -19.99728297508      -12.10       -5.34    9.00s
    ‖ρε - ρref‖ = 8.619258544828866e-5 ‖Δρ‖ = 2.554188749071186e-6  ‖vε - vref‖ = 0.2655436954654544  α = 0.0021
 48   -19.99728297510      -10.72       -5.35    10.5s
    ‖ρε - ρref‖ = 8.842933390733535e-5 ‖Δρ‖ = 9.661940772148655e-7  ‖vε - vref‖ = 0.26549863771208065  α = 0.0298
 49   -19.99728297511      -11.24       -5.61    8.36s
    ‖ρε - ρref‖ = 8.83416352869176e-5 ‖Δρ‖ = 7.319631559426603e-7  ‖vε - vref‖ = 0.2654902108670121  α = 0.023
 50   -19.99728297511      -11.23       -4.95    9.21s
    ‖ρε - ρref‖ = 8.810169730484078e-5 ‖Δρ‖ = 3.2628845126947943e-6  ‖vε - vref‖ = 0.26546221373479073  α = 0.00517
 51   -19.99728297512      -11.32       -5.53    8.95s
    ‖ρε - ρref‖ = 8.832402473080401e-5 ‖Δρ‖ = 9.408163162089882e-7  ‖vε - vref‖ = 0.26547396944425666  α = 0.0156
 52   -19.99728297512      -11.38       -5.28    10.2s
    ‖ρε - ρref‖ = 8.86579214453855e-5 ‖Δρ‖ = 1.5464418612805145e-6  ‖vε - vref‖ = 0.26549835557901547  α = 0.00931
 53   -19.99728297513      -10.97       -6.06    9.01s
    ‖ρε - ρref‖ = 8.836670353292582e-5 ‖Δρ‖ = 1.798778901323418e-7  ‖vε - vref‖ = 0.26554708102084756  α = 0.116
 54   -19.99728297514      -11.47       -5.66    11.0s
    ‖ρε - ρref‖ = 8.833607098474335e-5 ‖Δρ‖ = 6.233992662162776e-7  ‖vε - vref‖ = 0.2655414743052884  α = 0.0208
 55   -19.99728297514      -11.67       -5.66    9.81s
    ‖ρε - ρref‖ = 8.831696277711705e-5 ‖Δρ‖ = 7.033085086910001e-7  ‖vε - vref‖ = 0.26553051296789615  α = 0.0146
 56   -19.99728297514      -11.54       -5.98    9.77s
    ‖ρε - ρref‖ = 8.830134673817721e-5 ‖Δρ‖ = 2.8708021683399684e-7  ‖vε - vref‖ = 0.2654914321853393  α = 0.0401
 57   -19.99728297515      -11.51       -5.91    9.84s
    ‖ρε - ρref‖ = 8.839984586568921e-5 ‖Δρ‖ = 2.964853993556314e-7  ‖vε - vref‖ = 0.265512399545523  α = 0.0401

#-- ‖ρε - ρref‖ = 8.835248584911605e-5 vs. 3.1622776601683797e-7 = δ*ε ‖vε - vref‖ = 0.26552126080658944


# --- ε=1.778279410038923e-5

n     Energy            log10(ΔE)   log10(Δρ)   Δtime 
---   ---------------   ---------   ---------   ------
  1   -19.99717483146                   -0.89    13.6s
    ‖ρε - ρref‖ = 0.08211200705482129 ‖Δρ‖ = 0.082069435918819  ‖vε - vref‖ = 1.1670323716792839  α = 0.000441
  2   -19.99718046106       -5.25       -1.97    9.67s
    ‖ρε - ρref‖ = 0.004374888710718165 ‖Δρ‖ = 0.004362977033648444  ‖vε - vref‖ = 0.7659150249411714  α = 0.0029
  3   -19.99718267239       -5.66       -2.21    8.75s
    ‖ρε - ρref‖ = 0.0021803997756321344 ‖Δρ‖ = 0.0021688779930351012  ‖vε - vref‖ = 0.5918869280180621  α = 0.00375
  4   -19.99718412263       -5.84       -2.22    9.23s
    ‖ρε - ρref‖ = 0.0022676954219072757 ‖Δρ‖ = 0.0022576722538091803  ‖vε - vref‖ = 0.413767259994583  α = 0.00282
  5   -19.99718516456       -5.98       -2.83    8.15s
    ‖ρε - ρref‖ = 0.000398071738561082 ‖Δρ‖ = 0.00038638598604872053  ‖vε - vref‖ = 0.27636788577415106  α = 0.0148
  6   -19.99718542976       -6.58       -2.91    9.11s
    ‖ρε - ρref‖ = 0.00040350143130372083 ‖Δρ‖ = 0.0003956200727299441  ‖vε - vref‖ = 0.23085230112200908  α = 0.00713
  7   -19.99718565197       -6.65       -3.05    8.44s
    ‖ρε - ρref‖ = 0.00023851481529232402 ‖Δρ‖ = 0.00022974572269276195  ‖vε - vref‖ = 0.19501123954706007  α = 0.0115
  8   -19.99718577858       -6.90       -3.48    9.80s
    ‖ρε - ρref‖ = 9.71336393931162e-5 ‖Δρ‖ = 7.99170901153219e-5  ‖vε - vref‖ = 0.1830249983831452  α = 0.0245
  9   -19.99718583459       -7.25       -3.59    8.46s
    ‖ρε - ρref‖ = 7.875550103412459e-5 ‖Δρ‖ = 5.948627792912649e-5  ‖vε - vref‖ = 0.1823152906771954  α = 0.022
 10   -19.99718585875       -7.62       -3.72    10.2s
    ‖ρε - ρref‖ = 6.914002618672746e-5 ‖Δρ‖ = 4.4940231885382986e-5  ‖vε - vref‖ = 0.185171215770435  α = 0.0192
 11   -19.99718587660       -7.75       -3.86    9.40s
    ‖ρε - ρref‖ = 5.92455497634244e-5 ‖Δρ‖ = 3.0366158111658623e-5  ‖vε - vref‖ = 0.18931564554269165  α = 0.0244
 12   -19.99718587743       -9.08       -3.42    8.71s
    ‖ρε - ρref‖ = 0.00028126525307723766 ‖Δρ‖ = 0.0002367558201369081  ‖vε - vref‖ = 0.18930605059854375  α = 0.00054
 13   -19.99718588625       -8.05       -4.03    9.51s
    ‖ρε - ρref‖ = 5.431586751735885e-5 ‖Δρ‖ = 2.0965194800052804e-5  ‖vε - vref‖ = 0.1939940464219741  α = 0.0247
 14   -19.99718588964       -8.47       -3.94    9.79s
    ‖ρε - ρref‖ = 5.762738537226035e-5 ‖Δρ‖ = 3.447411770067637e-5  ‖vε - vref‖ = 0.19554255199232648  α = 0.00906
 15   -19.99718589393       -8.37       -3.46    10.5s
    ‖ρε - ρref‖ = 0.00010837271032928869 ‖Δρ‖ = 9.594869057213612e-5  ‖vε - vref‖ = 0.1980186234021951  α = 0.00365
 16   -19.99718589679       -8.54       -3.55    8.41s
    ‖ρε - ρref‖ = 0.00010173694747930357 ‖Δρ‖ = 8.379172239587031e-5  ‖vε - vref‖ = 0.19967211088458084  α = 0.00333
 17   -19.99718590166       -8.31       -4.24    8.81s
    ‖ρε - ρref‖ = 5.294051872227235e-5 ‖Δρ‖ = 1.3129723658740994e-5  ‖vε - vref‖ = 0.20334694629466335  α = 0.0286
 18   -19.99718590329       -8.79       -4.14    9.67s
    ‖ρε - ρref‖ = 5.25121950157617e-5 ‖Δρ‖ = 2.2591982756045448e-5  ‖vε - vref‖ = 0.20397627077532196  α = 0.00959
 19   -19.99718590563       -8.63       -4.17    8.48s
    ‖ρε - ρref‖ = 5.1044008550792244e-5 ‖Δρ‖ = 1.756680440352008e-5  ‖vε - vref‖ = 0.204971877335582  α = 0.0147
 20   -19.99718590918       -8.45       -4.12    9.39s
    ‖ρε - ρref‖ = 5.421415459159433e-5 ‖Δρ‖ = 1.694328411377113e-5  ‖vε - vref‖ = 0.20707763006329563  α = 0.0182
 21   -19.99718591185       -8.57       -4.74    8.85s
    ‖ρε - ρref‖ = 5.05968115458751e-5 ‖Δρ‖ = 4.097417460945692e-6  ‖vε - vref‖ = 0.20842013619679794  α = 0.0638
 22   -19.99718591386       -8.70       -4.31    9.60s
    ‖ρε - ρref‖ = 5.021478978024321e-5 ‖Δρ‖ = 1.1895629165048908e-5  ‖vε - vref‖ = 0.2083299775247605  α = 0.0192
 23   -19.99718591500       -8.94       -4.58    10.6s
    ‖ρε - ρref‖ = 5.0041143416943175e-5 ‖Δρ‖ = 5.9363411818117375e-6  ‖vε - vref‖ = 0.2079388759367016  α = 0.0307
 24   -19.99718591534       -9.47       -4.44    9.43s
    ‖ρε - ρref‖ = 5.945584040914049e-5 ‖Δρ‖ = 1.2343467476542035e-5  ‖vε - vref‖ = 0.20802565261473618  α = 0.00694
 25   -19.99718591614       -9.10       -3.43    9.51s
    ‖ρε - ρref‖ = 8.892712319567232e-5 ‖Δρ‖ = 9.389025477030781e-5  ‖vε - vref‖ = 0.20757638037492565  α = 0.00154
 26   -19.99718591679       -9.19       -4.61    10.2s
    ‖ρε - ρref‖ = 5.01929072025607e-5 ‖Δρ‖ = 5.999345339463253e-6  ‖vε - vref‖ = 0.2072219605776333  α = 0.0226
 27   -19.99718591708       -9.54       -3.85    10.6s
    ‖ρε - ρref‖ = 6.86904281981172e-5 ‖Δρ‖ = 4.426484386041025e-5  ‖vε - vref‖ = 0.20717804818912505  α = 0.00204
 28   -19.99718591725       -9.76       -4.62    8.69s
    ‖ρε - ρref‖ = 5.160724059696455e-5 ‖Δρ‖ = 8.472811867591448e-6  ‖vε - vref‖ = 0.2070494411635258  α = 0.00813
 29   -19.99718591793       -9.17       -4.35    10.0s
    ‖ρε - ρref‖ = 4.9995975820818116e-5 ‖Δρ‖ = 9.46094095170727e-6  ‖vε - vref‖ = 0.20637986027033017  α = 0.0144
 30   -19.99718591850       -9.24       -4.56    10.5s
    ‖ρε - ρref‖ = 5.063364919111262e-5 ‖Δρ‖ = 5.881804601491063e-6  ‖vε - vref‖ = 0.20608099726071463  α = 0.0216
 31   -19.99718591862       -9.94       -4.76    9.72s
    ‖ρε - ρref‖ = 5.041310645627836e-5 ‖Δρ‖ = 5.371960019655666e-6  ‖vε - vref‖ = 0.20603363490444665  α = 0.0109
 32   -19.99718591895       -9.48       -4.70    10.1s
    ‖ρε - ρref‖ = 5.006584712431017e-5 ‖Δρ‖ = 4.72103697562312e-6  ‖vε - vref‖ = 0.20573204332314876  α = 0.0204
 33   -19.99718591939       -9.36       -4.81    9.30s
    ‖ρε - ρref‖ = 5.026222097000444e-5 ‖Δρ‖ = 3.2471140612388776e-6  ‖vε - vref‖ = 0.20550852445526382  α = 0.0328
 34   -19.99718591954       -9.85       -4.79    9.45s
    ‖ρε - ρref‖ = 4.9464189594561296e-5 ‖Δρ‖ = 4.504122996564321e-6  ‖vε - vref‖ = 0.20528821751701165  α = 0.0142
 35   -19.99718591973       -9.70       -5.02    9.06s
    ‖ρε - ρref‖ = 4.9931984958814346e-5 ‖Δρ‖ = 2.2468718090416365e-6  ‖vε - vref‖ = 0.20548337711344403  α = 0.0324
 36   -19.99718591975      -10.79       -4.16    9.51s
    ‖ρε - ρref‖ = 8.206827311984164e-5 ‖Δρ‖ = 3.487114778392634e-5  ‖vε - vref‖ = 0.20553231305532144  α = 0.000518
 37   -19.99718591990       -9.82       -5.23    9.37s
    ‖ρε - ρref‖ = 5.0060344873642656e-5 ‖Δρ‖ = 1.470375683727545e-6  ‖vε - vref‖ = 0.20557075062233118  α = 0.0431
 38   -19.99718591994      -10.39       -4.66    11.1s
    ‖ρε - ρref‖ = 4.970091927811414e-5 ‖Δρ‖ = 7.661079793646066e-6  ‖vε - vref‖ = 0.20549551010228698  α = 0.00439
 39   -19.99718592008       -9.85       -4.48    8.89s
    ‖ρε - ρref‖ = 4.9286169719292746e-5 ‖Δρ‖ = 7.787984583465132e-6  ‖vε - vref‖ = 0.20534056690815727  α = 0.00786
 40   -19.99718592011      -10.55       -4.72    9.09s
    ‖ρε - ρref‖ = 5.1211039223254176e-5 ‖Δρ‖ = 7.033654285399352e-6  ‖vε - vref‖ = 0.20534274210370826  α = 0.00392
 41   -19.99718592024       -9.90       -5.06    9.85s
    ‖ρε - ρref‖ = 5.018628592008703e-5 ‖Δρ‖ = 1.8595099056945568e-6  ‖vε - vref‖ = 0.20558556217862278  α = 0.0314
 42   -19.99718592028      -10.33       -5.22    9.73s
    ‖ρε - ρref‖ = 5.0109097851937325e-5 ‖Δρ‖ = 1.4985205809196925e-6  ‖vε - vref‖ = 0.20569959735328808  α = 0.0249
 43   -19.99718592032      -10.41       -4.94    9.65s
    ‖ρε - ρref‖ = 5.0126686741313577e-5 ‖Δρ‖ = 3.2083530051592157e-6  ‖vε - vref‖ = 0.20576086341283836  α = 0.0104
 44   -19.99718592039      -10.16       -4.94    9.02s
    ‖ρε - ρref‖ = 4.972675380396879e-5 ‖Δρ‖ = 2.506044110012598e-6  ‖vε - vref‖ = 0.20572757680607656  α = 0.0173
 45   -19.99718592044      -10.33       -5.21    9.08s
    ‖ρε - ρref‖ = 5.013318973385894e-5 ‖Δρ‖ = 1.4429826554501557e-6  ‖vε - vref‖ = 0.20582198020992495  α = 0.0251
 46   -19.99718592048      -10.41       -5.17    8.73s
    ‖ρε - ρref‖ = 5.003585109748663e-5 ‖Δρ‖ = 1.5080783914507353e-6  ‖vε - vref‖ = 0.20587782826779702  α = 0.0222
 47   -19.99718592048      -11.52       -5.21    11.0s
    ‖ρε - ρref‖ = 4.760724473228669e-5 ‖Δρ‖ = 3.0334251396558185e-6  ‖vε - vref‖ = 0.2058692797529803  α = 0.00258
 48   -19.99718592052      -10.42       -4.70    8.77s
    ‖ρε - ρref‖ = 5.126470012894436e-5 ‖Δρ‖ = 4.478682648250819e-6  ‖vε - vref‖ = 0.2059541556684124  α = 0.00705
 49   -19.99718592053      -10.76       -5.28    8.60s
    ‖ρε - ρref‖ = 4.9839437102167566e-5 ‖Δρ‖ = 1.4677644428341165e-6  ‖vε - vref‖ = 0.20592209849609883  α = 0.0151
 50   -19.99718592054      -11.24       -4.88    10.3s
    ‖ρε - ρref‖ = 4.9726422812775695e-5 ‖Δρ‖ = 4.9857727716091855e-6  ‖vε - vref‖ = 0.2058987628413778  α = 0.00255
 51   -19.99718592057      -10.48       -5.15    10.5s
    ‖ρε - ρref‖ = 4.998666871758783e-5 ‖Δρ‖ = 1.4882227271181672e-6  ‖vε - vref‖ = 0.20592835937350293  α = 0.0199
 52   -19.99718592058      -11.14       -4.94    10.6s
    ‖ρε - ρref‖ = 5.0758598007792236e-5 ‖Δρ‖ = 4.037006722109695e-6  ‖vε - vref‖ = 0.20594259797187858  α = 0.00345
 53   -19.99718592059      -10.87       -5.48    8.87s
    ‖ρε - ρref‖ = 4.997762293565824e-5 ‖Δρ‖ = 8.771222439462083e-7  ‖vε - vref‖ = 0.20596409431167617  α = 0.0224
 54   -19.99718592061      -10.69       -5.65    9.36s
    ‖ρε - ρref‖ = 5.006035929882881e-5 ‖Δρ‖ = 4.836415619647269e-7  ‖vε - vref‖ = 0.20604807605734707  α = 0.0478
 55   -19.99718592062      -11.01       -5.30    10.5s
    ‖ρε - ρref‖ = 4.99676001360823e-5 ‖Δρ‖ = 1.424799976492511e-6  ‖vε - vref‖ = 0.2060461192692801  α = 0.0115
 56   -19.99718592063      -11.05       -5.17    9.35s
    ‖ρε - ρref‖ = 4.9767830723757985e-5 ‖Δρ‖ = 1.7443244430643781e-6  ‖vε - vref‖ = 0.20600339409928084  α = 0.00918
 57   -19.99718592065      -10.88       -5.71    8.85s
    ‖ρε - ρref‖ = 4.999556607127646e-5 ‖Δρ‖ = 3.9291596919885077e-7  ‖vε - vref‖ = 0.20598114184792765  α = 0.0484
 58   -19.99718592065      -11.34       -5.61    9.89s
    ‖ρε - ρref‖ = 5.034034482730594e-5 ‖Δρ‖ = 6.594788631294784e-7  ‖vε - vref‖ = 0.20599762623175372  α = 0.0164
 59   -19.99718592065      -11.51       -4.42    9.86s
    ‖ρε - ρref‖ = 4.450813670621463e-5 ‖Δρ‖ = 1.137288811752341e-5  ‖vε - vref‖ = 0.20598749882503659  α = 0.000751
 60   -19.99718592066      -11.22       -5.63    8.42s
    ‖ρε - ρref‖ = 4.9971582715608696e-5 ‖Δρ‖ = 5.214753277279343e-7  ‖vε - vref‖ = 0.2059563122617706  α = 0.0252
 61   -19.99718592066      -11.81       -5.55    8.84s
    ‖ρε - ρref‖ = 5.0034352317565044e-5 ‖Δρ‖ = 9.134139262730404e-7  ‖vε - vref‖ = 0.20595664196861987  α = 0.00729
 62   -19.99718592067      -11.35       -5.11    9.90s
    ‖ρε - ρref‖ = 4.999480834666144e-5 ‖Δρ‖ = 1.910167142136727e-6  ‖vε - vref‖ = 0.20593190991315033  α = 0.00585
 63   -19.99718592067      -11.50       -5.52    8.94s
    ‖ρε - ρref‖ = 4.9959257714760564e-5 ‖Δρ‖ = 7.869396245098522e-7  ‖vε - vref‖ = 0.20592927603198172  α = 0.012
 64   -19.99718592067      -11.61       -5.22    8.71s
    ‖ρε - ρref‖ = 5.025222081266519e-5 ‖Δρ‖ = 1.6915369423434507e-6  ‖vε - vref‖ = 0.20593091317448423  α = 0.00484
 65   -19.99718592068      -11.27       -5.92    10.3s
    ‖ρε - ρref‖ = 4.9957655964644476e-5 ‖Δρ‖ = 2.4770113700276304e-7  ‖vε - vref‖ = 0.20588417396127154  α = 0.0478
 66   -19.99718592068      -11.61       -5.56    9.81s
    ‖ρε - ρref‖ = 5.0107647461463824e-5 ‖Δρ‖ = 6.807879209742377e-7  ‖vε - vref‖ = 0.20589657456502125  α = 0.0125
 67   -19.99718592068      -11.83       -5.98    8.99s
    ‖ρε - ρref‖ = 5.0009780054615386e-5 ‖Δρ‖ = 2.9870445920368995e-7  ‖vε - vref‖ = 0.20590205622024713  α = 0.0218
 68   -19.99718592068      -11.62       -5.52    9.32s
    ‖ρε - ρref‖ = 4.996251549386779e-5 ‖Δρ‖ = 7.247938028170963e-7  ‖vε - vref‖ = 0.2058945848751078  α = 0.0112
 69   -19.99718592069      -11.57       -6.03    9.78s
    ‖ρε - ρref‖ = 4.996818221173323e-5 ‖Δρ‖ = 2.1000576672505923e-7  ‖vε - vref‖ = 0.205884386955604  α = 0.0397
 70   -19.99718592069      -12.78       -5.50    9.38s
    ‖ρε - ρref‖ = 5.131666455698788e-5 ‖Δρ‖ = 1.5617093506039852e-6  ‖vε - vref‖ = 0.20588822358056244  α = 0.00121
 71   -19.99718592069      -11.70       -5.39    8.96s
    ‖ρε - ρref‖ = 4.995124557817261e-5 ‖Δρ‖ = 8.98608186083946e-7  ‖vε - vref‖ = 0.20589349998268236  α = 0.0082
 72   -19.99718592069      -11.88       -6.22    9.34s
    ‖ρε - ρref‖ = 4.997934688475306e-5 ‖Δρ‖ = 1.3569719548289782e-7  ‖vε - vref‖ = 0.20588275354223212  α = 0.0449
 73   -19.99718592069      -12.52       -5.37    8.83s
    ‖ρε - ρref‖ = 5.002925750433935e-5 ‖Δρ‖ = 1.4986804196966843e-6  ‖vε - vref‖ = 0.20588471722953325  α = 0.00195
 74   -19.99718592069      -11.96       -5.93    10.1s
    ‖ρε - ρref‖ = 4.9996377557541445e-5 ‖Δρ‖ = 2.669796552657785e-7  ‖vε - vref‖ = 0.20588618441181814  α = 0.0205
 75   -19.99718592069      -12.60       -5.81    8.41s
    ‖ρε - ρref‖ = 4.994843177471705e-5 ‖Δρ‖ = 5.378772436199161e-7  ‖vε - vref‖ = 0.20588955957735303  α = 0.00492
 76   -19.99718592069      -12.11       -5.94    8.83s
    ‖ρε - ρref‖ = 5.004623459781098e-5 ‖Δρ‖ = 2.74974323730821e-7  ‖vε - vref‖ = 0.20591407660129432  α = 0.017
 77   -19.99718592069      -12.06       -6.25    9.04s
    ‖ρε - ρref‖ = 4.9976620849885944e-5 ‖Δρ‖ = 1.2705138512980085e-7  ‖vε - vref‖ = 0.20591293243035685  α = 0.0382
 78   -19.99718592069      -12.29       -6.01    9.64s
    ‖ρε - ρref‖ = 5.001340023136456e-5 ‖Δρ‖ = 2.4299535085305245e-7  ‖vε - vref‖ = 0.20592075179521283  α = 0.0163
 79   -19.99718592069      -12.57       -6.07    8.81s
    ‖ρε - ρref‖ = 5.000588598100142e-5 ‖Δρ‖ = 2.553199575769764e-7  ‖vε - vref‖ = 0.20592401650586123  α = 0.0107
 80   -19.99718592069      -12.23       -6.03    9.41s
    ‖ρε - ρref‖ = 4.998094994687184e-5 ‖Δρ‖ = 2.1775545928149015e-7  ‖vε - vref‖ = 0.20592031220393472  α = 0.0182
 81   -19.99718592069      -12.57       -6.13    9.92s
    ‖ρε - ρref‖ = 4.989640935126966e-5 ‖Δρ‖ = 1.9613358958657415e-7  ‖vε - vref‖ = 0.20591618252714408  α = 0.0135
 82   -19.99718592069      -12.64       -5.00    9.42s
    ‖ρε - ρref‖ = 5.1739833257035115e-5 ‖Δρ‖ = 2.820193418940257e-6  ‖vε - vref‖ = 0.20591830277142345  α = 0.000804
 83   -19.99718592069      -12.61       -6.24    9.39s
    ‖ρε - ρref‖ = 4.997193864558072e-5 ‖Δρ‖ = 1.6473699982249935e-7  ‖vε - vref‖ = 0.20591245402287287  α = 0.0153
 84   -19.99718592069      -12.50       -6.46    9.93s
    ‖ρε - ρref‖ = 4.999871090248036e-5 ‖Δρ‖ = 7.763176466351955e-8  ‖vε - vref‖ = 0.205917616181253  α = 0.0377

#-- ‖ρε - ρref‖ = 4.999229197300202e-5 vs. 1.778279410038923e-7 = δ*ε ‖vε - vref‖ = 0.20592238652218148


# --- ε=1.0e-5

n     Energy            log10(ΔE)   log10(Δρ)   Δtime 
---   ---------------   ---------   ---------   ------
  1   -19.99712435215                   -0.89    14.8s
    ‖ρε - ρref‖ = 0.08212847214267421 ‖Δρ‖ = 0.08210454248148152  ‖vε - vref‖ = 1.2125638266559766  α = 0.000248
  2   -19.99712758568       -5.49       -1.97    8.73s
    ‖ρε - ρref‖ = 0.004385291354147883 ‖Δρ‖ = 0.00437858869005517  ‖vε - vref‖ = 0.8175018698536997  α = 0.00164
  3   -19.99712889394       -5.88       -2.20    9.32s
    ‖ρε - ρref‖ = 0.0022134139664395282 ‖Δρ‖ = 0.002206957589547391  ‖vε - vref‖ = 0.6408026323399373  α = 0.00213
  4   -19.99712976189       -6.06       -2.21    9.33s
    ‖ρε - ρref‖ = 0.002324466798940867 ‖Δρ‖ = 0.0023188677424691244  ‖vε - vref‖ = 0.4575585184730716  α = 0.0016
  5   -19.99713042438       -6.18       -2.81    8.77s
    ‖ρε - ρref‖ = 0.0004108045843268885 ‖Δρ‖ = 0.0004048577748141843  ‖vε - vref‖ = 0.2981159819731096  α = 0.0085
  6   -19.99713059833       -6.76       -2.88    8.92s
    ‖ρε - ρref‖ = 0.0004245403817086661 ‖Δρ‖ = 0.00042080455294430286  ‖vε - vref‖ = 0.2388159218517823  α = 0.00408
  7   -19.99713075025       -6.82       -3.01    10.7s
    ‖ρε - ρref‖ = 0.00025464960986730447 ‖Δρ‖ = 0.0002510045208030061  ‖vε - vref‖ = 0.18169403915973606  α = 0.00657
  8   -19.99713084417       -7.03       -3.43    9.00s
    ‖ρε - ρref‖ = 9.61046474300062e-5 ‖Δρ‖ = 8.984066280803271e-5  ‖vε - vref‖ = 0.14659496737959885  α = 0.0142
  9   -19.99713088803       -7.36       -3.52    9.09s
    ‖ρε - ρref‖ = 7.562504743647183e-5 ‖Δρ‖ = 6.930680437851829e-5  ‖vε - vref‖ = 0.13233720579561079  α = 0.0127
 10   -19.99713090790       -7.70       -3.64    9.68s
    ‖ρε - ρref‖ = 6.206369424221637e-5 ‖Δρ‖ = 5.3630860046917384e-5  ‖vε - vref‖ = 0.12957622877638303  α = 0.0111
 11   -19.99713092288       -7.82       -3.77    8.72s
    ‖ρε - ρref‖ = 4.750215003011639e-5 ‖Δρ‖ = 3.740425019507083e-5  ‖vε - vref‖ = 0.13042034872911293  α = 0.0139
 12   -19.99713092349       -9.21       -3.37    9.31s
    ‖ρε - ρref‖ = 0.00028623319915062974 ‖Δρ‖ = 0.00026144862898059656  ‖vε - vref‖ = 0.130141710358346  α = 0.000317
 13   -19.99713093095       -8.13       -3.91    10.8s
    ‖ρε - ρref‖ = 3.9436277701056594e-5 ‖Δρ‖ = 2.7282688412293778e-5  ‖vε - vref‖ = 0.13437778821043572  α = 0.0133
 14   -19.99713093352       -8.59       -3.81    9.57s
    ‖ρε - ρref‖ = 5.1664472457124433e-5 ‖Δρ‖ = 4.634994282988531e-5  ‖vε - vref‖ = 0.13585591855784532  α = 0.00444
 15   -19.99713093696       -8.46       -3.39    9.82s
    ‖ρε - ρref‖ = 0.00011515083921893998 ‖Δρ‖ = 0.000111651055743513  ‖vε - vref‖ = 0.13834373661478142  α = 0.00214
 16   -19.99713093955       -8.59       -3.44    9.56s
    ‖ρε - ρref‖ = 0.00010909819386968668 ‖Δρ‖ = 0.00010267792037401593  ‖vε - vref‖ = 0.14023942462903877  α = 0.00197
 17   -19.99713094314       -8.45       -4.15    8.68s
    ‖ρε - ρref‖ = 3.386517103866491e-5 ‖Δρ‖ = 1.5986765387350008e-5  ‖vε - vref‖ = 0.144374074588145  α = 0.0156
 18   -19.99713094430       -8.94       -4.03    9.02s
    ‖ρε - ρref‖ = 3.7734748684209424e-5 ‖Δρ‖ = 2.8004595838544006e-5  ‖vε - vref‖ = 0.14539693857106825  α = 0.00497
 19   -19.99713094583       -8.81       -4.11    9.45s
    ‖ρε - ρref‖ = 3.249525563520274e-5 ‖Δρ‖ = 1.9721854561477628e-5  ‖vε - vref‖ = 0.1470920945047434  α = 0.00819
 20   -19.99713094826       -8.62       -4.06    9.03s
    ‖ρε - ρref‖ = 3.483836116334623e-5 ‖Δρ‖ = 1.817774489249448e-5  ‖vε - vref‖ = 0.1504888782167379  α = 0.011
 21   -19.99713094990       -8.79       -4.69    8.63s
    ‖ρε - ρref‖ = 2.9068220696562025e-5 ‖Δρ‖ = 4.454575700977787e-6  ‖vε - vref‖ = 0.1534628931503631  α = 0.0363
 22   -19.99713095121       -8.88       -4.24    10.1s
    ‖ρε - ρref‖ = 3.0041844131106485e-5 ‖Δρ‖ = 1.3071641158279457e-5  ‖vε - vref‖ = 0.1550449811391209  α = 0.0111
 23   -19.99713095203       -9.08       -4.52    9.00s
    ‖ρε - ρref‖ = 2.875202328772744e-5 ‖Δρ‖ = 6.652046138667725e-6  ‖vε - vref‖ = 0.15581801093365483  α = 0.0178
 24   -19.99713095268       -9.19       -4.42    9.49s
    ‖ρε - ρref‖ = 3.295022050346547e-5 ‖Δρ‖ = 9.155637741969949e-6  ‖vε - vref‖ = 0.15665993858363883  α = 0.0107
 25   -19.99713095290       -9.65       -3.34    9.71s
    ‖ρε - ρref‖ = 0.00013733489330666987 ‖Δρ‖ = 0.00015479641480114275  ‖vε - vref‖ = 0.15666937896565789  α = 0.000343
 26   -19.99713095364       -9.13       -4.53    8.39s
    ‖ρε - ρref‖ = 2.91083464766097e-5 ‖Δρ‖ = 6.158352375897725e-6  ‖vε - vref‖ = 0.15725757580834546  α = 0.018
 27   -19.99713095371      -10.16       -4.23    8.70s
    ‖ρε - ρref‖ = 3.668903634810825e-5 ‖Δρ‖ = 2.304633266934215e-5  ‖vε - vref‖ = 0.15733734169463995  α = 0.00143
 28   -19.99713095422       -9.29       -4.47    9.16s
    ‖ρε - ρref‖ = 2.839602610978466e-5 ‖Δρ‖ = 7.5828268732033896e-6  ‖vε - vref‖ = 0.15731776143097637  α = 0.012
 29   -19.99713095447       -9.61       -4.16    9.42s
    ‖ρε - ρref‖ = 3.746148044437042e-5 ‖Δρ‖ = 2.0852263293425565e-5  ‖vε - vref‖ = 0.15740735645368492  α = 0.00294
 30   -19.99713095504       -9.24       -4.25    9.70s
    ‖ρε - ρref‖ = 3.103349171164759e-5 ‖Δρ‖ = 1.1765090243863775e-5  ‖vε - vref‖ = 0.15759847108736502  α = 0.00812
 31   -19.99713095516       -9.91       -4.68    10.0s
    ‖ρε - ρref‖ = 2.840617939711222e-5 ‖Δρ‖ = 6.589466944746594e-6  ‖vε - vref‖ = 0.1574496518080691  α = 0.00682
 32   -19.99713095545       -9.55       -4.53    9.05s
    ‖ρε - ρref‖ = 2.85936239670703e-5 ‖Δρ‖ = 6.975657990670005e-6  ‖vε - vref‖ = 0.1571449656385418  α = 0.00985
 33   -19.99713095581       -9.44       -4.49    9.29s
    ‖ρε - ρref‖ = 2.9934692177372455e-5 ‖Δρ‖ = 7.3262177436256185e-6  ‖vε - vref‖ = 0.156957785147134  α = 0.0104
 34   -19.99713095613       -9.49       -4.64    9.01s
    ‖ρε - ρref‖ = 2.8322368162820154e-5 ‖Δρ‖ = 5.209402529970524e-6  ‖vε - vref‖ = 0.15646845007481253  α = 0.0137
 35   -19.99713095638       -9.61       -4.89    10.3s
    ‖ρε - ρref‖ = 2.8552801179416867e-5 ‖Δρ‖ = 2.8841013534604414e-6  ‖vε - vref‖ = 0.15628265411952164  α = 0.0218
 36   -19.99713095639      -10.92       -4.80    9.73s
    ‖ρε - ρref‖ = 3.5146454337383754e-5 ‖Δρ‖ = 7.94361362464938e-6  ‖vε - vref‖ = 0.15629880570044039  α = 0.00149
 37   -19.99713095649      -10.00       -4.26    9.55s
    ‖ρε - ρref‖ = 3.0392076242185975e-5 ‖Δρ‖ = 1.4958582812762565e-5  ‖vε - vref‖ = 0.1561114607542605  α = 0.00268
 38   -19.99713095670       -9.69       -4.83    10.1s
    ‖ρε - ρref‖ = 2.795853821594672e-5 ‖Δρ‖ = 2.9446823828522365e-6  ‖vε - vref‖ = 0.15532694912140507  α = 0.0193
 39   -19.99713095672      -10.65       -4.44    10.1s
    ‖ρε - ρref‖ = 3.1246888588429046e-5 ‖Δρ‖ = 1.3449784781857685e-5  ‖vε - vref‖ = 0.15528190267330053  α = 0.00139
 40   -19.99713095683       -9.95       -4.68    9.24s
    ‖ρε - ρref‖ = 2.841422101829323e-5 ‖Δρ‖ = 4.919859674377077e-6  ‖vε - vref‖ = 0.15497287184003722  α = 0.00862
 41   -19.99713095689      -10.21       -4.76    9.46s
    ‖ρε - ρref‖ = 2.958663304541491e-5 ‖Δρ‖ = 4.818898286795393e-6  ‖vε - vref‖ = 0.15493672253129112  α = 0.00644
 42   -19.99713095696      -10.18       -4.39    9.09s
    ‖ρε - ρref‖ = 3.0230810142787345e-5 ‖Δρ‖ = 1.0361157917007665e-5  ‖vε - vref‖ = 0.15488327613294176  α = 0.0032
 43   -19.99713095705      -10.02       -5.19    9.72s
    ‖ρε - ρref‖ = 2.8261450254924093e-5 ‖Δρ‖ = 1.3118076109416556e-6  ‖vε - vref‖ = 0.15473911481931021  α = 0.0301
 44   -19.99713095709      -10.38       -4.79    9.22s
    ‖ρε - ρref‖ = 2.8325912973650016e-5 ‖Δρ‖ = 4.2345210239911975e-6  ‖vε - vref‖ = 0.15464424276552902  α = 0.00624
 45   -19.99713095715      -10.25       -4.73    9.17s
    ‖ρε - ρref‖ = 2.8149699433619503e-5 ‖Δρ‖ = 4.468413323889898e-6  ‖vε - vref‖ = 0.15448721724041112  α = 0.00682
 46   -19.99713095722      -10.19       -5.00    9.66s
    ‖ρε - ρref‖ = 2.8667934097773887e-5 ‖Δρ‖ = 2.1247682167544767e-6  ‖vε - vref‖ = 0.15458655028318594  α = 0.0154
 47   -19.99713095725      -10.44       -5.04    9.86s
    ‖ρε - ρref‖ = 2.8121919334741977e-5 ‖Δρ‖ = 2.262835689083573e-6  ‖vε - vref‖ = 0.1545317917106379  α = 0.0108
 48   -19.99713095726      -10.99       -5.00    9.18s
    ‖ρε - ρref‖ = 2.5517885719895976e-5 ‖Δρ‖ = 3.841738675393024e-6  ‖vε - vref‖ = 0.15451356383962195  α = 0.00289
 49   -19.99713095731      -10.35       -4.11    9.16s
    ‖ρε - ρref‖ = 3.814536054487621e-5 ‖Δρ‖ = 1.8202020156666385e-5  ‖vε - vref‖ = 0.1545566679315906  α = 0.00142
 50   -19.99713095737      -10.17       -5.37    8.91s
    ‖ρε - ρref‖ = 2.8273475232473052e-5 ‖Δρ‖ = 8.364409064132774e-7  ‖vε - vref‖ = 0.1546833198740466  α = 0.0377
 51   -19.99713095738      -10.98       -4.80    8.85s
    ‖ρε - ρref‖ = 2.8355341297026565e-5 ‖Δρ‖ = 5.236566577130063e-6  ‖vε - vref‖ = 0.15467759992024996  α = 0.00247
 52   -19.99713095740      -10.74       -4.61    9.38s
    ‖ρε - ρref‖ = 2.8740107341376594e-5 ‖Δρ‖ = 6.889107915374178e-6  ‖vε - vref‖ = 0.15471291929980407  α = 0.00251
 53   -19.99713095742      -10.73       -5.40    9.34s
    ‖ρε - ρref‖ = 2.820983250042911e-5 ‖Δρ‖ = 1.00396977361523e-6  ‖vε - vref‖ = 0.15481406063468425  α = 0.0171
 54   -19.99713095743      -10.87       -4.68    10.0s
    ‖ρε - ρref‖ = 2.965924028668029e-5 ‖Δρ‖ = 5.5564139631869645e-6  ‖vε - vref‖ = 0.15490471198969707  α = 0.00265
 55   -19.99713095746      -10.60       -5.16    9.66s
    ‖ρε - ρref‖ = 2.8320015783734593e-5 ‖Δρ‖ = 1.5288069847721133e-6  ‖vε - vref‖ = 0.15505275901228194  α = 0.0132
 56   -19.99713095748      -10.73       -5.26    10.5s
    ‖ρε - ρref‖ = 2.81649410724056e-5 ‖Δρ‖ = 1.2205857751936626e-6  ‖vε - vref‖ = 0.1551064777935796  α = 0.0144
 57   -19.99713095749      -11.14       -5.15    10.0s
    ‖ρε - ρref‖ = 2.8323580989411914e-5 ‖Δρ‖ = 2.120574609139672e-6  ‖vε - vref‖ = 0.1551421288787133  α = 0.00517
 58   -19.99713095751      -10.69       -5.20    9.52s
    ‖ρε - ρref‖ = 2.8293391330673763e-5 ‖Δρ‖ = 1.3862964098837969e-6  ‖vε - vref‖ = 0.1552374946712733  α = 0.013
 59   -19.99713095752      -10.86       -5.34    9.17s
    ‖ρε - ρref‖ = 2.8366418119864482e-5 ‖Δρ‖ = 1.0064906879141205e-6  ‖vε - vref‖ = 0.1553260784296963  α = 0.0151
 60   -19.99713095752      -11.90       -5.23    9.04s
    ‖ρε - ρref‖ = 2.5921221215739264e-5 ‖Δρ‖ = 2.6865687291960295e-6  ‖vε - vref‖ = 0.155315221810055  α = 0.00142
 61   -19.99713095753      -11.10       -4.67    9.90s
    ‖ρε - ρref‖ = 2.883418272589175e-5 ‖Δρ‖ = 5.374624165365273e-6  ‖vε - vref‖ = 0.1553008961209933  α = 0.00213
 62   -19.99713095754      -10.91       -5.37    9.86s
    ‖ρε - ρref‖ = 2.8316956799998813e-5 ‖Δρ‖ = 8.951236155706414e-7  ‖vε - vref‖ = 0.15537276864348723  α = 0.0157
 63   -19.99713095755      -11.09       -5.39    10.2s
    ‖ρε - ρref‖ = 2.831943856250986e-5 ‖Δρ‖ = 9.026683312380006e-7  ‖vε - vref‖ = 0.15543291574429216  α = 0.013
 64   -19.99713095755      -11.90       -5.18    10.1s
    ‖ρε - ρref‖ = 2.8465359853374803e-5 ‖Δρ‖ = 2.5198405815763455e-6  ‖vε - vref‖ = 0.15544499312412446  α = 0.00178
 65   -19.99713095756      -10.86       -5.27    9.86s
    ‖ρε - ρref‖ = 2.8191317080604067e-5 ‖Δρ‖ = 1.0103103694094184e-6  ‖vε - vref‖ = 0.1554461508180628  α = 0.0143
 66   -19.99713095757      -11.39       -5.48    8.12s
    ‖ρε - ρref‖ = 2.8269276671658453e-5 ‖Δρ‖ = 8.29451284786068e-7  ‖vε - vref‖ = 0.15545365716774007  α = 0.00994
 67   -19.99713095757      -11.69       -5.44    9.39s
    ‖ρε - ρref‖ = 2.8413020611435732e-5 ‖Δρ‖ = 1.16426596955551e-6  ‖vε - vref‖ = 0.15545581553291923  α = 0.00482
 68   -19.99713095757      -11.35       -5.18    8.82s
    ‖ρε - ρref‖ = 2.813244200810445e-5 ‖Δρ‖ = 1.5617007629368953e-6  ‖vε - vref‖ = 0.15544398254960246  α = 0.00556
 69   -19.99713095758      -11.16       -5.84    9.16s
    ‖ρε - ρref‖ = 2.8232140431342167e-5 ‖Δρ‖ = 2.945201724222295e-7  ‖vε - vref‖ = 0.15541583067759152  α = 0.0353
 70   -19.99713095758      -11.50       -5.29    10.1s
    ‖ρε - ρref‖ = 2.833233694299702e-5 ‖Δρ‖ = 1.304441558077866e-6  ‖vε - vref‖ = 0.1554099834509935  α = 0.00554
 71   -19.99713095759      -11.62       -5.36    9.09s
    ‖ρε - ρref‖ = 2.8331619376199018e-5 ‖Δρ‖ = 1.2303410242633665e-6  ‖vε - vref‖ = 0.15539789207093743  α = 0.00512
 72   -19.99713095759      -12.34       -5.71    8.85s
    ‖ρε - ρref‖ = 2.751834292126433e-5 ‖Δρ‖ = 8.850592333795467e-7  ‖vε - vref‖ = 0.15538788249216498  α = 0.00262
 73   -19.99713095759      -11.26       -4.88    8.81s
    ‖ρε - ρref‖ = 2.873845528635816e-5 ‖Δρ‖ = 2.623750500274627e-6  ‖vε - vref‖ = 0.1553379812042129  α = 0.00346
 74   -19.99713095760      -11.57       -5.62    9.75s
    ‖ρε - ρref‖ = 2.8150832833816756e-5 ‖Δρ‖ = 5.913574946438751e-7  ‖vε - vref‖ = 0.1552988674368158  α = 0.0111
 75   -19.99713095760      -11.62       -5.63    9.48s
    ‖ρε - ρref‖ = 2.835581049737274e-5 ‖Δρ‖ = 5.586060954176277e-7  ‖vε - vref‖ = 0.155319690090164  α = 0.0114
 76   -19.99713095760      -12.01       -5.78    9.24s
    ‖ρε - ρref‖ = 2.8282118418460714e-5 ‖Δρ‖ = 5.043352678246455e-7  ‖vε - vref‖ = 0.15532817183537895  α = 0.00779
 77   -19.99713095760      -11.78       -5.00    8.98s
    ‖ρε - ρref‖ = 2.8381119349461854e-5 ‖Δρ‖ = 2.4643447999846765e-6  ‖vε - vref‖ = 0.1553250964964243  α = 0.00212
 78   -19.99713095760      -11.68       -5.71    8.89s
    ‖ρε - ρref‖ = 2.82034962228679e-5 ‖Δρ‖ = 4.327486257501266e-7  ‖vε - vref‖ = 0.1552980262145126  α = 0.0134
 79   -19.99713095760      -11.81       -6.08    9.72s
    ‖ρε - ρref‖ = 2.8252125057632693e-5 ‖Δρ‖ = 1.929814705019367e-7  ‖vε - vref‖ = 0.15527832082859633  α = 0.0262
 80   -19.99713095761      -12.03       -5.38    8.79s
    ‖ρε - ρref‖ = 2.807879827951799e-5 ‖Δρ‖ = 1.1742722686593924e-6  ‖vε - vref‖ = 0.1552610590065887  α = 0.00319
 81   -19.99713095761      -11.78       -5.45    9.86s
    ‖ρε - ρref‖ = 2.8205101606384e-5 ‖Δρ‖ = 7.979308105241404e-7  ‖vε - vref‖ = 0.15523028540597705  α = 0.00642
 82   -19.99713095761      -11.94       -5.93    9.45s
    ‖ρε - ρref‖ = 2.8233912168483558e-5 ‖Δρ‖ = 2.6336306263632867e-7  ‖vε - vref‖ = 0.155226336745711  α = 0.0167
 83   -19.99713095761      -12.11       -6.00    9.09s
    ‖ρε - ρref‖ = 2.8319820220035793e-5 ‖Δρ‖ = 2.477489927743997e-7  ‖vε - vref‖ = 0.15524868932872762  α = 0.0143
 84   -19.99713095761      -12.86       -5.14    9.40s
    ‖ρε - ρref‖ = 2.6151361889186814e-5 ‖Δρ‖ = 3.0304481074492577e-6  ‖vε - vref‖ = 0.1552489332052896  α = 0.000432
 85   -19.99713095761      -12.28       -5.41    10.3s
    ‖ρε - ρref‖ = 2.8466108336324884e-5 ‖Δρ‖ = 1.0781431148115397e-6  ‖vε - vref‖ = 0.15525991873021086  α = 0.00274
 86   -19.99713095761      -12.11       -5.97    9.20s
    ‖ρε - ρref‖ = 2.8226520931776703e-5 ‖Δρ‖ = 2.5947904247460697e-7  ‖vε - vref‖ = 0.15526018914966294  α = 0.0136
 87   -19.99713095761      -12.09       -6.05    9.44s
    ‖ρε - ρref‖ = 2.8206746139449692e-5 ‖Δρ‖ = 2.072954519440473e-7  ‖vε - vref‖ = 0.1552426854929664  α = 0.0175
 88   -19.99713095761      -12.19       -6.04    10.2s
    ‖ρε - ρref‖ = 2.826998085909983e-5 ‖Δρ‖ = 2.3384823073367877e-7  ‖vε - vref‖ = 0.1552524594078255  α = 0.0136
 89   -19.99713095761      -12.53       -5.27    9.79s
    ‖ρε - ρref‖ = 2.8313507616253134e-5 ‖Δρ‖ = 1.7227041633067926e-6  ‖vε - vref‖ = 0.1552516234158819  α = 0.00126
 90   -19.99713095761      -12.18       -5.77    8.60s
    ‖ρε - ρref‖ = 2.8188353337635906e-5 ‖Δρ‖ = 4.185403071805647e-7  ‖vε - vref‖ = 0.1552462962306775  α = 0.00769
 91   -19.99713095761      -12.14       -6.17    10.1s
    ‖ρε - ρref‖ = 2.8240356898047832e-5 ‖Δρ‖ = 1.3990388275468113e-7  ‖vε - vref‖ = 0.15525662553882638  α = 0.0244
 92   -19.99713095761      -12.52       -6.22    10.2s
    ‖ρε - ρref‖ = 2.825818226038569e-5 ‖Δρ‖ = 1.534208921442036e-7  ‖vε - vref‖ = 0.15526823192705946  α = 0.0147
 93   -19.99713095761      -12.81       -6.00    10.7s
    ‖ρε - ρref‖ = 2.819499739354367e-5 ‖Δρ‖ = 3.00895796677267e-7  ‖vε - vref‖ = 0.15526924310113202  α = 0.00511
 94   -19.99713095761      -12.47       -5.75    10.2s
    ‖ρε - ρref‖ = 2.8231672372781012e-5 ‖Δρ‖ = 4.1779832701885497e-7  ‖vε - vref‖ = 0.1552701381885459  α = 0.00563
 95   -19.99713095761      -12.66       -6.18    9.88s
    ‖ρε - ρref‖ = 2.8298077679891557e-5 ‖Δρ‖ = 1.6893796371604025e-7  ‖vε - vref‖ = 0.15527406157115742  α = 0.0106
 96   -19.99713095761      -13.22       -5.11    9.76s
    ‖ρε - ρref‖ = 2.6445372475626438e-5 ‖Δρ‖ = 2.6967298100187807e-6  ‖vε - vref‖ = 0.1552726766012306  α = 0.000356
 97   -19.99713095762      -12.48       -6.14    9.78s
    ‖ρε - ρref‖ = 2.8240439635790084e-5 ‖Δρ‖ = 1.5582004696770508e-7  ‖vε - vref‖ = 0.1552768255068014  α = 0.0151
 98   -19.99713095762      -13.05       -6.30    10.2s
    ‖ρε - ρref‖ = 2.8240107759931797e-5 ‖Δρ‖ = 1.6708009276915446e-7  ‖vε - vref‖ = 0.15527800773564354  α = 0.00691
 99   -19.99713095762      -12.39       -6.14    8.16s
    ‖ρε - ρref‖ = 2.8229084657408108e-5 ‖Δρ‖ = 1.4520959658749597e-7  ‖vε - vref‖ = 0.15527614580120008  α = 0.0172
 100   -19.99713095762      -12.84       -6.14    9.92s
    ‖ρε - ρref‖ = 2.8245823951850977e-5 ‖Δρ‖ = 1.9335732964570624e-7  ‖vε - vref‖ = 0.15527886049146347  α = 0.00787
 101   -19.99713095762      -13.41       -5.62    9.00s
    ‖ρε - ρref‖ = 2.8237600211200488e-5 ‖Δρ‖ = 8.219366665789738e-7  ‖vε - vref‖ = 0.1552783484492979  α = 0.00113
 102   -19.99713095762      -12.67       -6.38    9.20s
    ‖ρε - ρref‖ = 2.824384857648083e-5 ‖Δρ‖ = 9.092537086257377e-8  ‖vε - vref‖ = 0.1552856315091553  α = 0.0199
 103   -19.99713095762      -12.88       -6.28    10.0s
    ‖ρε - ρref‖ = 2.8213797398875058e-5 ‖Δρ‖ = 1.3050437364732518e-7  ‖vε - vref‖ = 0.15528213125762522  α = 0.0104
 104   -19.99713095762      -12.86       -6.33    10.6s
    ‖ρε - ρref‖ = 2.8248951660502014e-5 ‖Δρ‖ = 1.0329982117472425e-7  ‖vε - vref‖ = 0.15528638025426433  α = 0.0147
 105   -19.99713095762      -13.09       -6.51    9.54s
    ‖ρε - ρref‖ = 2.8233744314656705e-5 ‖Δρ‖ = 7.193286413445618e-8  ‖vε - vref‖ = 0.155285834048468  α = 0.0173
 106   -19.99713095762      -13.27       -5.85    9.09s
    ‖ρε - ρref‖ = 2.8265560923310985e-5 ‖Δρ‖ = 3.94801039516629e-7  ‖vε - vref‖ = 0.15528501259119523  α = 0.00229
 107   -19.99713095762      -13.60       -6.34    7.53s
    ‖ρε - ρref‖ = 2.8367505459875498e-5 ‖Δρ‖ = 1.9363838504663964e-7  ‖vε - vref‖ = 0.15528473144751972  α = 0.00212
 108   -19.99713095762      -13.27       -5.62    9.06s
    ‖ρε - ρref‖ = 2.794896729072586e-5 ‖Δρ‖ = 6.240821501075965e-7  ‖vε - vref‖ = 0.15527667255429012  α = 0.00171
 109   -19.99713095762      -12.96       -6.52    9.91s
    ‖ρε - ρref‖ = 2.8238845838484604e-5 ‖Δρ‖ = 6.927225635732506e-8  ‖vε - vref‖ = 0.1552757700450832  α = 0.0192
 110   -19.99713095762      -12.87       -6.31    10.2s
    ‖ρε - ρref‖ = 2.8244636055478506e-5 ‖Δρ‖ = 1.0207639089686974e-7  ‖vε - vref‖ = 0.1552795257697493  α = 0.0135
 111   -19.99713095762      -13.60       -6.31    10.5s
    ‖ρε - ρref‖ = 2.823722353137243e-5 ‖Δρ‖ = 1.5664230920399038e-7  ‖vε - vref‖ = 0.15527950794268547  α = 0.00445
 112   -19.99713095762      -13.45       -6.37    10.1s
    ‖ρε - ρref‖ = 2.8244093372054394e-5 ‖Δρ‖ = 1.1246242668486557e-7  ‖vε - vref‖ = 0.1552802978248295  α = 0.00682
 113   -19.99713095762   +  -14.45       -5.97    8.55s
    ‖ρε - ρref‖ = 2.8233819337312097e-5 ‖Δρ‖ = 3.7451993879980073e-7  ‖vε - vref‖ = 0.15527950441194535  α = 0.00124
 114   -19.99713095762      -13.05       -6.54    10.6s
    ‖ρε - ρref‖ = 2.8234407750972585e-5 ‖Δρ‖ = 5.8822498420788295e-8  ‖vε - vref‖ = 0.15527475484147843  α = 0.0193
 115   -19.99713095762      -13.30       -6.77    9.69s
    ‖ρε - ρref‖ = 2.8233658184316547e-5 ‖Δρ‖ = 3.789822962498685e-8  ‖vε - vref‖ = 0.15526995369834717  α = 0.0243

#-- ‖ρε - ρref‖ = 2.8236367812284772e-5 vs. 1.0000000000000001e-7 = δ*ε ‖vε - vref‖ = 0.15526501965140527


# --- ε=5.623413251903491e-6

n     Energy            log10(ΔE)   log10(Δρ)   Δtime 
---   ---------------   ---------   ---------   ------
  1   -19.99709603242                   -0.89    14.9s
    ‖ρε - ρref‖ = 0.08213210437150938 ‖Δρ‖ = 0.08211865116617761  ‖vε - vref‖ = 1.2452483577185745  α = 0.000139
  2   -19.99709787385       -5.73       -1.97    9.44s
    ‖ρε - ρref‖ = 0.004391312686887395 ‖Δρ‖ = 0.004387541030506824  ‖vε - vref‖ = 0.8558546373375112  α = 0.000928
  3   -19.99709863229       -6.12       -2.20    9.32s
    ‖ρε - ρref‖ = 0.0022335310346414173 ‖Δρ‖ = 0.002229904295926267  ‖vε - vref‖ = 0.679207847457646  α = 0.0012
  4   -19.99709913916       -6.30       -2.20    9.26s
    ‖ρε - ρref‖ = 0.0023592913536327246 ‖Δρ‖ = 0.0023561506983301147  ‖vε - vref‖ = 0.4958248760075165  α = 0.000901
  5   -19.99709954106       -6.40       -2.80    9.83s
    ‖ρε - ρref‖ = 0.00041953646294299576 ‖Δρ‖ = 0.00041637338824780987  ‖vε - vref‖ = 0.3279063413802448  α = 0.00484
  6   -19.99709964898       -6.97       -2.87    8.03s
    ‖ρε - ρref‖ = 0.00043906862248977737 ‖Δρ‖ = 0.0004371642935180146  ‖vε - vref‖ = 0.2631529536534698  α = 0.00233
  7   -19.99709974612       -7.01       -2.98    9.34s
    ‖ρε - ρref‖ = 0.0002671745194794114 ‖Δρ‖ = 0.0002654820650285068  ‖vε - vref‖ = 0.19570877490485816  α = 0.00374
  8   -19.99709981014       -7.19       -3.39    8.80s
    ‖ρε - ρref‖ = 9.947248785343559e-5 ‖Δρ‖ = 9.699115663396755e-5  ‖vε - vref‖ = 0.14294327829112233  α = 0.00822
  9   -19.99709984164       -7.50       -3.47    9.27s
    ‖ρε - ρref‖ = 7.913188893516299e-5 ‖Δρ‖ = 7.698636758938907e-5  ‖vε - vref‖ = 0.11255421523462203  α = 0.00732
 10   -19.99709985678       -7.82       -3.59    9.54s
    ‖ρε - ρref‖ = 6.401302947373911e-5 ‖Δρ‖ = 6.103890479857286e-5  ‖vε - vref‖ = 0.09936902680211258  α = 0.00641
 11   -19.99709986879       -7.92       -3.69    9.94s
    ‖ρε - ρref‖ = 4.73179394597904e-5 ‖Δρ‖ = 4.40832925977907e-5  ‖vε - vref‖ = 0.09113121807939112  α = 0.00797
 12   -19.99709986924       -9.35       -3.34    9.94s
    ‖ρε - ρref‖ = 0.0002909262817164445 ‖Δρ‖ = 0.00027706910369767085  ‖vε - vref‖ = 0.09037904679102646  α = 0.000191
 13   -19.99709987569       -8.19       -3.80    9.88s
    ‖ρε - ρref‖ = 3.9068924593187006e-5 ‖Δρ‖ = 3.5493703498923565e-5  ‖vε - vref‖ = 0.09070091632783076  α = 0.00722
 14   -19.99709987778       -8.68       -3.68    9.48s
    ‖ρε - ρref‖ = 6.345737097631774e-5 ‖Δρ‖ = 6.31241285377616e-5  ‖vε - vref‖ = 0.09104326278602304  α = 0.00221
 15   -19.99709988074       -8.53       -3.32    9.45s
    ‖ρε - ρref‖ = 0.00013190176955505273 ‖Δρ‖ = 0.00013101788801881425  ‖vε - vref‖ = 0.09210430159965344  α = 0.00127
 16   -19.99709988326       -8.60       -3.32    8.13s
    ‖ρε - ρref‖ = 0.00013227075744761952 ‖Δρ‖ = 0.00012982571004264648  ‖vε - vref‖ = 0.0926839685800766  α = 0.00117
 17   -19.99709988635       -8.51       -4.05    10.0s
    ‖ρε - ρref‖ = 2.699470277127285e-5 ‖Δρ‖ = 2.0157974928523305e-5  ‖vε - vref‖ = 0.09582809179920312  α = 0.00873
 18   -19.99709988737       -8.99       -3.91    9.40s
    ‖ρε - ρref‖ = 3.87673100067917e-5 ‖Δρ‖ = 3.679242151186552e-5  ‖vε - vref‖ = 0.09665063596005313  α = 0.00267
 19   -19.99709988866       -8.89       -4.01    10.2s
    ‖ρε - ρref‖ = 2.748977897365344e-5 ‖Δρ‖ = 2.4328034101674682e-5  ‖vε - vref‖ = 0.09832785895546885  α = 0.00463
 20   -19.99709989068       -8.69       -3.97    10.0s
    ‖ρε - ρref‖ = 2.8323326262465513e-5 ‖Δρ‖ = 2.2105309140207112e-5  ‖vε - vref‖ = 0.1017426120741625  α = 0.00636
 21   -19.99709989194       -8.90       -4.59    10.1s
    ‖ρε - ρref‖ = 1.7297857695497342e-5 ‖Δρ‖ = 5.285919062572644e-6  ‖vε - vref‖ = 0.10538785342892472  α = 0.0207
 22   -19.99709989280       -9.07       -4.15    10.0s
    ‖ρε - ρref‖ = 2.144004761634408e-5 ‖Δρ‖ = 1.5759022817238644e-5  ‖vε - vref‖ = 0.10731971099988911  α = 0.00575
 23   -19.99709989335       -9.26       -4.45    9.01s
    ‖ρε - ρref‖ = 1.7358134519556185e-5 ‖Δρ‖ = 7.399569745559097e-6  ‖vε - vref‖ = 0.1086288838815217  α = 0.01
 24   -19.99709989384       -9.31       -4.37    7.51s
    ‖ρε - ρref‖ = 1.9832690249857586e-5 ‖Δρ‖ = 9.19379938511575e-6  ‖vε - vref‖ = 0.11006431362459036  α = 0.00743
 25   -19.99709989387      -10.44       -3.75    9.15s
    ‖ρε - ρref‖ = 7.228530497429409e-5 ‖Δρ‖ = 8.43439393276135e-5  ‖vε - vref‖ = 0.11007852341514873  α = 0.000183
 26   -19.99709989431       -9.36       -4.40    9.27s
    ‖ρε - ρref‖ = 1.8342258288091834e-5 ‖Δρ‖ = 7.984501023589572e-6  ‖vε - vref‖ = 0.11139541504918041  α = 0.00825
 27   -19.99709989438      -10.20       -4.35    9.44s
    ‖ρε - ρref‖ = 2.0282939322982884e-5 ‖Δρ‖ = 1.550917025182372e-5  ‖vε - vref‖ = 0.11152679120071751  α = 0.00153
 28   -19.99709989453       -9.82       -4.36    9.70s
    ‖ρε - ρref‖ = 1.962846627415075e-5 ‖Δρ‖ = 1.1755544622910765e-5  ‖vε - vref‖ = 0.11202928092506208  α = 0.00319
 29   -19.99709989479       -9.59       -3.80    9.74s
    ‖ρε - ρref‖ = 4.037082300576458e-5 ‖Δρ‖ = 3.692175755937487e-5  ‖vε - vref‖ = 0.11266272493969447  α = 0.00132
 30   -19.99709989513       -9.46       -4.34    9.68s
    ‖ρε - ρref‖ = 1.9160553496507944e-5 ‖Δρ‖ = 9.237532561215676e-6  ‖vε - vref‖ = 0.1138513128295784  α = 0.0062
 31   -19.99709989520      -10.19       -4.46    7.89s
    ‖ρε - ρref‖ = 1.8783146750219178e-5 ‖Δρ‖ = 1.0982598578369043e-5  ‖vε - vref‖ = 0.11396931158424851  α = 0.00227
 32   -19.99709989541       -9.67       -4.72    9.80s
    ‖ρε - ρref‖ = 1.586298739251445e-5 ‖Δρ‖ = 4.4092663694669826e-6  ‖vε - vref‖ = 0.11427902754711501  α = 0.0101
 33   -19.99709989569       -9.54       -4.39    9.65s
    ‖ρε - ρref‖ = 1.875790716448511e-5 ‖Δρ‖ = 8.665499739867786e-6  ‖vε - vref‖ = 0.11498554310625336  α = 0.00593
 34   -19.99709989602       -9.49       -4.73    10.0s
    ‖ρε - ρref‖ = 1.6515456073606697e-5 ‖Δρ‖ = 3.558386865065245e-6  ‖vε - vref‖ = 0.11573691571018303  α = 0.0153
 35   -19.99709989615       -9.87       -4.77    10.0s
    ‖ρε - ρref‖ = 1.6596423446087837e-5 ‖Δρ‖ = 4.46025918163466e-6  ‖vε - vref‖ = 0.11590924260748117  α = 0.00785
 36   -19.99709989626       -9.95       -4.79    10.4s
    ‖ρε - ρref‖ = 1.5859930444847015e-5 ‖Δρ‖ = 3.968398475822042e-6  ‖vε - vref‖ = 0.11592266158199112  α = 0.00816
 37   -19.99709989628      -10.82       -3.94    9.93s
    ‖ρε - ρref‖ = 6.606778322599776e-5 ‖Δρ‖ = 5.256452006118788e-5  ‖vε - vref‖ = 0.11594356030498362  α = 0.00019
 38   -19.99709989647       -9.73       -4.63    7.86s
    ‖ρε - ρref‖ = 1.5835160941058908e-5 ‖Δρ‖ = 4.705646367344592e-6  ‖vε - vref‖ = 0.11554135495612602  α = 0.00885
 39   -19.99709989660       -9.86       -4.79    9.79s
    ‖ρε - ρref‖ = 1.640540822757016e-5 ‖Δρ‖ = 3.5770404405869976e-6  ‖vε - vref‖ = 0.11534014678150811  α = 0.00994
 40   -19.99709989665      -10.34       -4.31    9.55s
    ‖ρε - ρref‖ = 2.088465160388032e-5 ‖Δρ‖ = 1.5401456181647084e-5  ‖vε - vref‖ = 0.11525386733323213  α = 0.00131
 41   -19.99709989670      -10.33       -4.40    9.93s
    ‖ρε - ρref‖ = 2.0809057842684994e-5 ‖Δρ‖ = 1.2103890199327844e-5  ‖vε - vref‖ = 0.11527079352544001  α = 0.00169
 42   -19.99709989676      -10.21       -4.16    9.90s
    ‖ρε - ρref‖ = 2.6532943538880737e-5 ‖Δρ‖ = 1.8736768796128133e-5  ‖vε - vref‖ = 0.11522029487465754  α = 0.00127
 43   -19.99709989686      -10.01       -5.04    10.2s
    ‖ρε - ρref‖ = 1.607019275256383e-5 ‖Δρ‖ = 1.9110773668440324e-6  ‖vε - vref‖ = 0.11495977604341172  α = 0.0158
 44   -19.99709989690      -10.33       -4.46    8.63s
    ‖ρε - ρref‖ = 1.7654433025752504e-5 ‖Δρ‖ = 9.254359683026364e-6  ‖vε - vref‖ = 0.1147274272987794  α = 0.00226
 45   -19.99709989696      -10.21       -4.75    10.4s
    ‖ρε - ρref‖ = 1.5918807381658738e-5 ‖Δρ‖ = 4.007800986489081e-6  ‖vε - vref‖ = 0.11438219367180201  α = 0.00607
 46   -19.99709989703      -10.18       -4.79    9.68s
    ‖ρε - ρref‖ = 1.6881759515344873e-5 ‖Δρ‖ = 3.4526064257916316e-6  ‖vε - vref‖ = 0.11424488979064511  α = 0.00728
 47   -19.99709989707      -10.34       -4.82    9.42s
    ‖ρε - ρref‖ = 1.619558680943991e-5 ‖Δρ‖ = 3.342324811260585e-6  ‖vε - vref‖ = 0.11402931838765187  α = 0.00632
 48   -19.99709989709      -10.80       -4.98    9.65s
    ‖ρε - ρref‖ = 1.382094159422415e-5 ‖Δρ‖ = 3.3063204794470067e-6  ‖vε - vref‖ = 0.11391841933876772  α = 0.00323
 49   -19.99709989713      -10.40       -3.79    10.1s
    ‖ρε - ρref‖ = 4.511495343453132e-5 ‖Δρ‖ = 3.7167612559978156e-5  ‖vε - vref‖ = 0.11369961665903579  α = 0.000499
 50   -19.99709989722      -10.03       -5.21    7.90s
    ‖ρε - ρref‖ = 1.5951938177531874e-5 ‖Δρ‖ = 1.0205257146209403e-6  ‖vε - vref‖ = 0.11323370679370598  α = 0.0283
 51   -19.99709989723      -11.07       -5.07    9.40s
    ‖ρε - ρref‖ = 1.6458566561253283e-5 ‖Δρ‖ = 2.630893471623089e-6  ‖vε - vref‖ = 0.11321754494990707  α = 0.00335
 52   -19.99709989725      -10.81       -4.64    10.2s
    ‖ρε - ρref‖ = 1.674599451573108e-5 ‖Δρ‖ = 6.2332072454491644e-6  ‖vε - vref‖ = 0.11314813298135078  α = 0.00193
 53   -19.99709989726      -10.97       -4.48    9.88s
    ‖ρε - ρref‖ = 1.8467143344830507e-5 ‖Δρ‖ = 1.0406289228994941e-5  ‖vε - vref‖ = 0.11312750604651087  α = 0.00093
 54   -19.99709989729      -10.52       -4.92    10.3s
    ‖ρε - ρref‖ = 1.6338146003279347e-5 ‖Δρ‖ = 2.588172918953317e-6  ‖vε - vref‖ = 0.11307776924558849  α = 0.00652
 55   -19.99709989731      -10.76       -5.10    10.0s
    ‖ρε - ρref‖ = 1.615986491808139e-5 ‖Δρ‖ = 1.9325533835374296e-6  ‖vε - vref‖ = 0.11305239886011814  α = 0.00665
 56   -19.99709989732      -10.85       -4.75    7.81s
    ‖ρε - ρref‖ = 1.6316582148160174e-5 ‖Δρ‖ = 4.380392057862041e-6  ‖vε - vref‖ = 0.11298739006739685  α = 0.00267
 57   -19.99709989734      -10.73       -5.10    9.13s
    ‖ρε - ρref‖ = 1.5766366336767536e-5 ‖Δρ‖ = 1.8470035385502159e-6  ‖vε - vref‖ = 0.11287462000079417  α = 0.0072
 58   -19.99709989736      -10.61       -5.07    9.51s
    ‖ρε - ρref‖ = 1.622779303813957e-5 ‖Δρ‖ = 1.767828618895143e-6  ‖vε - vref‖ = 0.1128698245364343  α = 0.00864
 59   -19.99709989737      -10.92       -5.23    10.0s
    ‖ρε - ρref‖ = 1.6287503688541425e-5 ‖Δρ‖ = 1.4801813342121547e-6  ‖vε - vref‖ = 0.11285339684605886  α = 0.00699
 60   -19.99709989738      -11.47       -4.17    10.3s
    ‖ρε - ρref‖ = 1.5656427531220445e-5 ‖Δρ‖ = 2.4894163979970986e-5  ‖vε - vref‖ = 0.11282805438391769  α = 0.000194
 61   -19.99709989739      -10.77       -5.07    8.51s
    ‖ρε - ρref‖ = 1.6181387432760922e-5 ‖Δρ‖ = 1.8469538136760485e-6  ‖vε - vref‖ = 0.11286889982406575  α = 0.00679
 62   -19.99709989741      -10.83       -5.16    10.4s
    ‖ρε - ρref‖ = 1.601311955070245e-5 ‖Δρ‖ = 1.5448651606098907e-6  ‖vε - vref‖ = 0.11290953324928736  α = 0.00769
 63   -19.99709989742      -10.87       -5.32    9.80s
    ‖ρε - ρref‖ = 1.6117141741535638e-5 ‖Δρ‖ = 1.0620896353480318e-6  ‖vε - vref‖ = 0.11301444499034986  α = 0.0106
 64   -19.99709989743      -11.33       -4.57    8.84s
    ‖ρε - ρref‖ = 1.76016639899516e-5 ‖Δρ‖ = 8.441698607178377e-6  ‖vε - vref‖ = 0.11302366764911374  α = 0.000773
 65   -19.99709989743      -11.15       -4.94    9.42s
    ‖ρε - ρref‖ = 1.5809180933011602e-5 ‖Δρ‖ = 3.333904712250382e-6  ‖vε - vref‖ = 0.11304014062672459  α = 0.00236
 66   -19.99709989745      -10.82       -4.67    10.1s
    ‖ρε - ρref‖ = 1.6445133718081234e-5 ‖Δρ‖ = 4.571904376065506e-6  ‖vε - vref‖ = 0.11304752680143124  α = 0.00257
 67   -19.99709989746      -10.87       -5.38    8.64s
    ‖ρε - ρref‖ = 1.5996355271182797e-5 ‖Δρ‖ = 8.505215282543787e-7  ‖vε - vref‖ = 0.11313635374544587  α = 0.0134
 68   -19.99709989747      -11.61       -5.37    10.3s
    ‖ρε - ρref‖ = 1.5943436106480043e-5 ‖Δρ‖ = 1.3345066663190035e-6  ‖vε - vref‖ = 0.11314416433575596  α = 0.00363
 69   -19.99709989748      -10.84       -5.24    10.2s
    ‖ρε - ρref‖ = 1.5939642396359246e-5 ‖Δρ‖ = 1.0296662683003097e-6  ‖vε - vref‖ = 0.11321462022506977  α = 0.0112
 70   -19.99709989748      -11.40       -5.30    10.3s
    ‖ρε - ρref‖ = 1.5950583246572812e-5 ‖Δρ‖ = 1.2213259386991344e-6  ‖vε - vref‖ = 0.11324075334873171  α = 0.00514
 71   -19.99709989748      -12.47       -5.29    9.73s
    ‖ρε - ρref‖ = 1.827939509247559e-5 ‖Δρ‖ = 2.723783411878401e-6  ‖vε - vref‖ = 0.1132488931392134  α = 0.000534
 72   -19.99709989749      -11.02       -5.06    8.39s
    ‖ρε - ρref‖ = 1.593381094439341e-5 ‖Δρ‖ = 1.6934012829122235e-6  ‖vε - vref‖ = 0.11332551889323125  α = 0.00558
 73   -19.99709989750      -11.32       -5.26    9.25s
    ‖ρε - ρref‖ = 1.5803089661685246e-5 ‖Δρ‖ = 1.335963908463566e-6  ‖vε - vref‖ = 0.11333769510756629  α = 0.00499
 74   -19.99709989751      -11.15       -5.66    8.91s
    ‖ρε - ρref‖ = 1.5937675516654814e-5 ‖Δρ‖ = 4.23483441882736e-7  ‖vε - vref‖ = 0.11342778514509584  α = 0.0193
 75   -19.99709989751      -12.03       -5.10    9.89s
    ‖ρε - ρref‖ = 1.6539042464973495e-5 ‖Δρ‖ = 2.754517378153486e-6  ‖vε - vref‖ = 0.11345023670723053  α = 0.00105
 76   -19.99709989751      -11.58       -5.09    8.08s
    ‖ρε - ρref‖ = 1.634036358141227e-5 ‖Δρ‖ = 1.9870298327134707e-6  ‖vε - vref‖ = 0.1134969156343709  α = 0.00249
 77   -19.99709989751      -11.72       -4.94    10.2s
    ‖ρε - ρref‖ = 1.609759581202634e-5 ‖Δρ‖ = 3.1343310006475952e-6  ‖vε - vref‖ = 0.1135262075360263  α = 0.00131
 78   -19.99709989751      -11.56       -5.56    10.0s
    ‖ρε - ρref‖ = 1.586246469581123e-5 ‖Δρ‖ = 6.285902975578789e-7  ‖vε - vref‖ = 0.11351807676206134  α = 0.00823
 79   -19.99709989752      -11.47       -5.67    8.83s
    ‖ρε - ρref‖ = 1.5955132936868428e-5 ‖Δρ‖ = 4.772564085058007e-7  ‖vε - vref‖ = 0.1135367857946145  α = 0.0119
 80   -19.99709989752      -11.55       -5.23    9.52s
    ‖ρε - ρref‖ = 1.5842979640930437e-5 ‖Δρ‖ = 1.4181317364102364e-6  ‖vε - vref‖ = 0.11353417681101531  α = 0.00359
 81   -19.99709989752      -11.72       -5.24    8.14s
    ‖ρε - ρref‖ = 1.5899056406264484e-5 ‖Δρ‖ = 1.5085726324396727e-6  ‖vε - vref‖ = 0.11354142115860343  α = 0.00284
 82   -19.99709989753      -11.56       -5.60    10.4s
    ‖ρε - ρref‖ = 1.5885342911283876e-5 ‖Δρ‖ = 5.731152776752017e-7  ‖vε - vref‖ = 0.11359630479732638  α = 0.00873
 83   -19.99709989753      -12.30       -4.58    10.0s
    ‖ρε - ρref‖ = 2.5404919959673665e-5 ‖Δρ‖ = 1.0472042488444372e-5  ‖vε - vref‖ = 0.11361247951230302  α = 0.000174
 84   -19.99709989753      -11.52       -5.63    10.2s
    ‖ρε - ρref‖ = 1.593320660925466e-5 ‖Δρ‖ = 4.784353136539124e-7  ‖vε - vref‖ = 0.11363995364694379  α = 0.0111
 85   -19.99709989753      -11.69       -5.82    9.48s
    ‖ρε - ρref‖ = 1.590792982429406e-5 ‖Δρ‖ = 3.3865448926201446e-7  ‖vε - vref‖ = 0.11362314843673925  α = 0.0131
 86   -19.99709989753      -11.93       -5.64    8.16s
    ‖ρε - ρref‖ = 1.5900620693311896e-5 ‖Δρ‖ = 5.66009958926999e-7  ‖vε - vref‖ = 0.11360697875736539  α = 0.00597
 87   -19.99709989753      -12.64       -5.36    10.5s
    ‖ρε - ρref‖ = 1.6132049165861067e-5 ‖Δρ‖ = 1.6581110464281547e-6  ‖vε - vref‖ = 0.11360830318962195  α = 0.00089
 88   -19.99709989753      -11.80       -5.55    9.81s
    ‖ρε - ρref‖ = 1.6015572376892914e-5 ‖Δρ‖ = 6.479414335657876e-7  ‖vε - vref‖ = 0.11359852675837889  α = 0.00592
 89   -19.99709989754      -11.98       -5.09    9.30s
    ‖ρε - ρref‖ = 1.5863585668606193e-5 ‖Δρ‖ = 2.2231816550848234e-6  ‖vε - vref‖ = 0.1135889577535508  α = 0.00137
 90   -19.99709989754      -11.88       -5.64    8.11s
    ‖ρε - ρref‖ = 1.588788509006308e-5 ‖Δρ‖ = 5.968609234960649e-7  ‖vε - vref‖ = 0.11356782223098812  α = 0.00583
 91   -19.99709989754      -11.65       -5.78    10.4s
    ‖ρε - ρref‖ = 1.595574612880008e-5 ‖Δρ‖ = 3.3179323293287773e-7  ‖vε - vref‖ = 0.11355681319222609  α = 0.0137
 92   -19.99709989754      -12.26       -5.83    9.71s
    ‖ρε - ρref‖ = 1.591975863775672e-5 ‖Δρ‖ = 4.3517808872175493e-7  ‖vε - vref‖ = 0.11354833531950884  α = 0.00525
 93   -19.99709989754      -11.88       -5.49    9.20s
    ‖ρε - ρref‖ = 1.5970097317102637e-5 ‖Δρ‖ = 7.311671324187445e-7  ‖vε - vref‖ = 0.1135327198236954  α = 0.00477
 94   -19.99709989754      -13.05       -5.49    7.53s
    ‖ρε - ρref‖ = 1.4593507513445744e-5 ‖Δρ‖ = 1.6209401565451396e-6  ‖vε - vref‖ = 0.11352864822088313  α = 0.000459
 95   -19.99709989754      -11.92       -5.27    9.88s
    ‖ρε - ρref‖ = 1.6041516332654222e-5 ‖Δρ‖ = 1.1658856976314891e-6  ‖vε - vref‖ = 0.11350816196527741  α = 0.00288
 96   -19.99709989754      -12.11       -5.81    10.1s
    ‖ρε - ρref‖ = 1.599278873804282e-5 ‖Δρ‖ = 3.511419415092404e-7  ‖vε - vref‖ = 0.11351720548150149  α = 0.00788
 97   -19.99709989754      -12.27       -6.07    10.0s
    ‖ρε - ρref‖ = 1.5893560687113158e-5 ‖Δρ‖ = 2.1745408048839066e-7  ‖vε - vref‖ = 0.11349838013025527  α = 0.0104
 98   -19.99709989754      -12.07       -5.73    8.21s
    ‖ρε - ρref‖ = 1.592047006463102e-5 ‖Δρ‖ = 4.114076060917425e-7  ‖vε - vref‖ = 0.11348103133733786  α = 0.00683
 99   -19.99709989754      -12.70       -5.16    9.83s
    ‖ρε - ρref‖ = 1.6248363325874622e-5 ‖Δρ‖ = 2.360573686964287e-6  ‖vε - vref‖ = 0.11348143429313097  α = 0.000548
 100   -19.99709989754      -12.38       -6.06    10.4s
    ‖ρε - ρref‖ = 1.5967733307599313e-5 ‖Δρ‖ = 2.3203376193467977e-7  ‖vε - vref‖ = 0.11348599016684585  α = 0.00819
 101   -19.99709989755      -12.22       -5.28    10.0s
    ‖ρε - ρref‖ = 1.5943041614311108e-5 ‖Δρ‖ = 1.1907110980074292e-6  ‖vε - vref‖ = 0.11349116979064819  α = 0.00199
 102   -19.99709989755      -12.35       -5.85    8.67s
    ‖ρε - ρref‖ = 1.5939435575575172e-5 ‖Δρ‖ = 3.4207061379638683e-7  ‖vε - vref‖ = 0.11349119747855302  α = 0.00599
 103   -19.99709989755      -12.14       -6.04    10.4s
    ‖ρε - ρref‖ = 1.5906813347470622e-5 ‖Δρ‖ = 1.869264354726793e-7  ‖vε - vref‖ = 0.11347191715825282  α = 0.0139
 104   -19.99709989755      -12.40       -5.80    10.3s
    ‖ρε - ρref‖ = 1.5951109599886828e-5 ‖Δρ‖ = 3.781988922573818e-7  ‖vε - vref‖ = 0.11346966394538141  α = 0.0052
 105   -19.99709989755      -12.87       -5.71    9.49s
    ‖ρε - ρref‖ = 1.622050326908699e-5 ‖Δρ‖ = 6.193837175994689e-7  ‖vε - vref‖ = 0.11347229860799436  α = 0.00156
 106   -19.99709989755      -13.50       -5.16    8.66s
    ‖ρε - ρref‖ = 1.4420979190229547e-5 ‖Δρ‖ = 2.701654548908355e-6  ‖vε - vref‖ = 0.11347096051435564  α = 0.000221
 107   -19.99709989755      -12.64       -6.04    10.1s
    ‖ρε - ρref‖ = 1.591769136186036e-5 ‖Δρ‖ = 2.2862924188850223e-7  ‖vε - vref‖ = 0.11346801575588432  α = 0.00664
 108   -19.99709989755      -12.22       -6.13    10.5s
    ‖ρε - ρref‖ = 1.592557510536016e-5 ‖Δρ‖ = 1.3866273486986442e-7  ‖vε - vref‖ = 0.11346925576449483  α = 0.0169
 109   -19.99709989755      -12.32       -6.21    9.86s
    ‖ρε - ρref‖ = 1.594909265153856e-5 ‖Δρ‖ = 1.2278605116746024e-7  ‖vε - vref‖ = 0.11349048738868213  α = 0.0171
 110   -19.99709989755      -13.22       -5.92    8.67s
    ‖ρε - ρref‖ = 1.5891283579500605e-5 ‖Δρ‖ = 4.3130536282191823e-7  ‖vε - vref‖ = 0.11348791903810683  α = 0.00165
 111   -19.99709989755      -12.66       -5.60    10.0s
    ‖ρε - ρref‖ = 1.5861107070068207e-5 ‖Δρ‖ = 5.857448956150102e-7  ‖vε - vref‖ = 0.11348128681501611  α = 0.00242
 112   -19.99709989755      -12.88       -6.02    10.4s
    ‖ρε - ρref‖ = 1.5957801276139654e-5 ‖Δρ‖ = 2.797318169431133e-7  ‖vε - vref‖ = 0.11347920455467697  α = 0.0037
 113   -19.99709989755      -12.69       -5.59    9.58s
    ‖ρε - ρref‖ = 1.588787964820488e-5 ‖Δρ‖ = 6.01861565247688e-7  ‖vε - vref‖ = 0.11347522929878212  α = 0.0023
 114   -19.99709989755      -13.00       -6.26    7.83s
    ‖ρε - ρref‖ = 1.591250904438187e-5 ‖Δρ‖ = 1.4766626122964579e-7  ‖vε - vref‖ = 0.11347234931818753  α = 0.0071
 115   -19.99709989755      -12.64       -6.13    9.37s
    ‖ρε - ρref‖ = 1.5948318477602157e-5 ‖Δρ‖ = 1.5279554236733918e-7  ‖vε - vref‖ = 0.11348158044941863  α = 0.00968
 116   -19.99709989755      -12.80       -6.29    10.5s
    ‖ρε - ρref‖ = 1.5901464498815292e-5 ‖Δρ‖ = 1.1858152770405958e-7  ‖vε - vref‖ = 0.11348134466219717  α = 0.00995
 117   -19.99709989755      -14.45       -5.36    9.23s
    ‖ρε - ρref‖ = 1.7394617452176946e-5 ‖Δρ‖ = 1.8374589499993187e-6  ‖vε - vref‖ = 0.11348285542727969  α = 0.00021
 118   -19.99709989755      -13.00       -5.81    8.23s
    ‖ρε - ρref‖ = 1.590344219744158e-5 ‖Δρ‖ = 4.4284878208238385e-7  ‖vε - vref‖ = 0.11348441606137419  α = 0.00195
 119   -19.99709989755      -12.96       -6.07    9.78s
    ‖ρε - ρref‖ = 1.5933666706880202e-5 ‖Δρ‖ = 1.9875800998467503e-7  ‖vε - vref‖ = 0.11348600521258148  α = 0.00553
 120   -19.99709989755      -12.57       -6.12    10.4s
    ‖ρε - ρref‖ = 1.5919171358416546e-5 ‖Δρ‖ = 1.4114220162079666e-7  ‖vε - vref‖ = 0.11348322583214003  α = 0.0106
 121   -19.99709989755      -13.45       -6.30    9.77s
    ‖ρε - ρref‖ = 1.5943935719250798e-5 ‖Δρ‖ = 1.3267395674205606e-7  ‖vε - vref‖ = 0.11348547187895358  α = 0.00583
 122   -19.99709989755      -13.25       -6.31    8.54s
    ‖ρε - ρref‖ = 1.5919996394193415e-5 ‖Δρ‖ = 1.6062920247799434e-7  ‖vε - vref‖ = 0.11348425868212647  α = 0.00336
 123   -19.99709989755      -12.73       -5.64    10.1s
    ‖ρε - ρref‖ = 1.5917384088238574e-5 ‖Δρ‖ = 4.2346881139931547e-7  ‖vε - vref‖ = 0.11348413483309379  α = 0.00308
 124   -19.99709989755      -13.67       -6.34    10.6s
    ‖ρε - ρref‖ = 1.5947495435927064e-5 ‖Δρ‖ = 1.4069684198759993e-7  ‖vε - vref‖ = 0.11348498873137314  α = 0.00384
 125   -19.99709989755      -13.22       -5.91    8.42s
    ‖ρε - ρref‖ = 1.5915223581308574e-5 ‖Δρ‖ = 3.0286791836560883e-7  ‖vε - vref‖ = 0.11348600123549969  α = 0.00253
 126   -19.99709989755      -12.96       -6.47    9.29s
    ‖ρε - ρref‖ = 1.5927364180249344e-5 ‖Δρ‖ = 6.775069172118411e-8  ‖vε - vref‖ = 0.11348815957400618  α = 0.0149
 127   -19.99709989755      -13.15       -6.38    9.95s
    ‖ρε - ρref‖ = 1.5922871574212414e-5 ‖Δρ‖ = 8.467148215277063e-8  ‖vε - vref‖ = 0.11348913766517489  α = 0.0102
 128   -19.99709989755      -13.75       -6.22    10.2s
    ‖ρε - ρref‖ = 1.575517485902463e-5 ‖Δρ‖ = 2.520656985756253e-7  ‖vε - vref‖ = 0.11348942433836123  α = 0.00101
 129   -19.99709989755      -13.25       -5.57    8.14s
    ‖ρε - ρref‖ = 1.6218714037660697e-5 ‖Δρ‖ = 6.441613006066679e-7  ‖vε - vref‖ = 0.11349761712650303  α = 0.00109
 130   -19.99709989755      -13.41       -6.16    10.4s
    ‖ρε - ρref‖ = 1.5941983616420585e-5 ‖Δρ‖ = 1.880909630342158e-7  ‖vε - vref‖ = 0.11350052544149243  α = 0.00294
 131   -19.99709989755      -13.50       -6.26    9.83s
    ‖ρε - ρref‖ = 1.5914576385309487e-5 ‖Δρ‖ = 1.3807853903411872e-7  ‖vε - vref‖ = 0.11349902635603698  α = 0.00459
 132   -19.99709989755      -13.45       -6.33    9.94s
    ‖ρε - ρref‖ = 1.5925070974767402e-5 ‖Δρ‖ = 1.0720434182220144e-7  ‖vε - vref‖ = 0.11349665261456882  α = 0.00601
 133   -19.99709989755      -13.22       -6.63    8.30s
    ‖ρε - ρref‖ = 1.5921870079992743e-5 ‖Δρ‖ = 5.075071978074579e-8  ‖vε - vref‖ = 0.11349153808429192  α = 0.0127
 134   -19.99709989755   +  -14.15       -6.02    10.0s
    ‖ρε - ρref‖ = 1.5911073031714706e-5 ‖Δρ‖ = 3.44351844141786e-7  ‖vε - vref‖ = 0.11349037567966638  α = 0.00079
 135   -19.99709989755      -13.50       -6.22    10.5s
    ‖ρε - ρref‖ = 1.5939399951730694e-5 ‖Δρ‖ = 1.3755202063753518e-7  ‖vε - vref‖ = 0.11349097475075207  α = 0.00407
 136   -19.99709989755      -13.27       -6.49    8.28s
    ‖ρε - ρref‖ = 1.5930687191861034e-5 ‖Δρ‖ = 7.012579177002207e-8  ‖vε - vref‖ = 0.11349095125433704  α = 0.00882
 137   -19.99709989755      -13.97       -5.93    9.76s
    ‖ρε - ρref‖ = 1.5885969361450004e-5 ‖Δρ‖ = 3.33526254407608e-7  ‖vε - vref‖ = 0.11349082601630173  α = 0.00121
 138   -19.99709989755      -13.41       -6.58    9.35s
    ‖ρε - ρref‖ = 1.5937075170715793e-5 ‖Δρ‖ = 6.061714140708527e-8  ‖vε - vref‖ = 0.11349420077442973  α = 0.00923
 139   -19.99709989755      -13.50       -6.46    10.2s
    ‖ρε - ρref‖ = 1.593125625640449e-5 ‖Δρ‖ = 7.097029003022644e-8  ‖vε - vref‖ = 0.11349601792379474  α = 0.00885
 140   -19.99709989755      -14.45       -6.26    8.62s
    ‖ρε - ρref‖ = 1.5659326866436817e-5 ‖Δρ‖ = 3.182892549282287e-7  ‖vε - vref‖ = 0.11349574575559  α = 0.00022
 141   -19.99709989755      -13.27       -6.80    10.7s
    ‖ρε - ρref‖ = 1.5926004627100426e-5 ‖Δρ‖ = 2.6840422486224946e-8  ‖vε - vref‖ = 0.11348899908998218  α = 0.0259
 142   -19.99709989755      -13.60       -6.42    9.72s
    ‖ρε - ρref‖ = 1.5934583658565066e-5 ‖Δρ‖ = 1.1936692063380973e-7  ‖vε - vref‖ = 0.11348909699723335  α = 0.00248
 143   -19.99709989755      -13.50       -6.53    7.87s
    ‖ρε - ρref‖ = 1.5934379315683494e-5 ‖Δρ‖ = 6.158199435116545e-8  ‖vε - vref‖ = 0.11349051058719531  α = 0.00854
 144   -19.99709989755      -13.97       -6.49    10.1s
    ‖ρε - ρref‖ = 1.5923973207442382e-5 ‖Δρ‖ = 6.544723437722019e-8  ‖vε - vref‖ = 0.11348893226250802  α = 0.00752
 145   -19.99709989755      -13.67       -6.67    10.4s
    ‖ρε - ρref‖ = 1.593041847451167e-5 ‖Δρ‖ = 6.83679449874999e-8  ‖vε - vref‖ = 0.11348910309032774  α = 0.00312
 146   -19.99709989755      -13.97       -6.04    8.68s
    ‖ρε - ρref‖ = 1.5925783215610393e-5 ‖Δρ‖ = 2.1252984966195296e-7  ‖vε - vref‖ = 0.11348803903931162  α = 0.00169
 147   -19.99709989755   +    -Inf       -6.65    10.8s
    ‖ρε - ρref‖ = 1.592884430848991e-5 ‖Δρ‖ = 4.966098494858616e-8  ‖vε - vref‖ = 0.11348753461745355  α = 0.00793
 148   -19.99709989755      -13.97       -6.44    10.3s
    ‖ρε - ρref‖ = 1.5941904492809452e-5 ‖Δρ‖ = 1.0694125383999837e-7  ‖vε - vref‖ = 0.1134871043126936  α = 0.00227
 149   -19.99709989755      -13.67       -6.31    10.0s
    ‖ρε - ρref‖ = 1.59165201737617e-5 ‖Δρ‖ = 1.1529855499626524e-7  ‖vε - vref‖ = 0.11348518864742675  α = 0.00308
 150   -19.99709989755      -13.55       -6.85    7.55s
    ‖ρε - ρref‖ = 1.592426434106229e-5 ‖Δρ‖ = 3.36022111846591e-8  ‖vε - vref‖ = 0.11348300728836354  α = 0.00937
 151   -19.99709989755   +  -13.45       -6.77    10.8s
    ‖ρε - ρref‖ = 1.5974667786060332e-5 ‖Δρ‖ = 6.160078947705049e-8  ‖vε - vref‖ = 0.11348347274814147  α = 0.00201
 152   -19.99709989755      -13.85       -5.79    10.5s
    ‖ρε - ρref‖ = 1.5828788708851513e-5 ‖Δρ‖ = 4.1966867116380314e-7  ‖vε - vref‖ = 0.11348346196860198  α = 0.000581
 153   -19.99709989755      -13.75       -6.77    7.83s
    ‖ρε - ρref‖ = 1.5924459646050163e-5 ‖Δρ‖ = 3.848002240989166e-8  ‖vε - vref‖ = 0.1134823077338644  α = 0.00851
 154   -19.99709989755      -13.85       -6.73    9.66s
    ‖ρε - ρref‖ = 1.5933242395375366e-5 ‖Δρ‖ = 4.068147851163877e-8  ‖vε - vref‖ = 0.1134831983320582  α = 0.00787

#-- ‖ρε - ρref‖ = 1.592772993201054e-5 vs. 5.623413251903491e-8 = δ*ε ‖vε - vref‖ = 0.11348287768716707


# --- ε=3.162277660168379e-6

n     Energy            log10(ΔE)   log10(Δρ)   Δtime 
---   ---------------   ---------   ---------   ------
  1   -19.99708013822                   -0.89    13.8s
    ‖ρε - ρref‖ = 0.08213419805381214 ‖Δρ‖ = 0.08212663390858788  ‖vε - vref‖ = 1.2687542934214715  α = 7.84e-5
  2   -19.99708118119       -5.98       -1.97    9.33s
    ‖ρε - ρref‖ = 0.004394722786799437 ‖Δρ‖ = 0.004392600940351415  ‖vε - vref‖ = 0.8844108058878551  α = 0.000524
  3   -19.99708161523       -6.36       -2.20    9.80s
    ‖ρε - ρref‖ = 0.002244931400218656 ‖Δρ‖ = 0.00224289245787339  ‖vε - vref‖ = 0.7091881530676408  α = 0.00068
  4   -19.99708190668       -6.54       -2.20    7.66s
    ‖ρε - ρref‖ = 0.0023796491503225298 ‖Δρ‖ = 0.002377884301024611  ‖vε - vref‖ = 0.5279907209349873  α = 0.000508
  5   -19.99708214323       -6.63       -2.79    9.04s
    ‖ρε - ρref‖ = 0.00042497808373670855 ‖Δρ‖ = 0.0004232526996703663  ‖vε - vref‖ = 0.35898970220695403  α = 0.00275
  6   -19.99708220777       -7.19       -2.86    10.1s
    ‖ρε - ρref‖ = 0.00044851426082567026 ‖Δρ‖ = 0.00044749997556021125  ‖vε - vref‖ = 0.29359467742928247  α = 0.00132
  7   -19.99708226711       -7.23       -2.97    9.55s
    ‖ρε - ρref‖ = 0.00027566415531178775 ‖Δρ‖ = 0.00027481353266376916  ‖vε - vref‖ = 0.22408885511525362  α = 0.00212
  8   -19.99708230805       -7.39       -3.37    7.45s
    ‖ρε - ρref‖ = 0.00010293037710982556 ‖Δρ‖ = 0.00010183910986457829  ‖vε - vref‖ = 0.16499317718294257  α = 0.00472
  9   -19.99708232906       -7.68       -3.44    10.3s
    ‖ρε - ρref‖ = 8.336712205203401e-5 ‖Δρ‖ = 8.256354875263772e-5  ‖vε - vref‖ = 0.12683713380101064  α = 0.0042
 10   -19.99708233969       -7.97       -3.54    10.4s
    ‖ρε - ρref‖ = 6.794499216013237e-5 ‖Δρ‖ = 6.678768673529013e-5  ‖vε - vref‖ = 0.10597553975807662  α = 0.0037
 11   -19.99708234855       -8.05       -3.64    8.04s
    ‖ρε - ρref‖ = 5.074108671862535e-5 ‖Δρ‖ = 4.9654839079255265e-5  ‖vε - vref‖ = 0.08757725876731354  α = 0.00458
 12   -19.99708234886       -9.50       -3.33    10.5s
    ‖ρε - ρref‖ = 0.00029470740337766705 ‖Δρ‖ = 0.0002869408207327308  ‖vε - vref‖ = 0.086452354815846  α = 0.000116
 13   -19.99708235399       -8.29       -3.70    10.1s
    ‖ρε - ρref‖ = 4.524436220137093e-5 ‖Δρ‖ = 4.422986636437368e-5  ‖vε - vref‖ = 0.0784506380568054  α = 0.0039
 14   -19.99708235562       -8.79       -3.58    8.07s
    ‖ρε - ρref‖ = 7.963063047606767e-5 ‖Δρ‖ = 8.006550155225268e-5  ‖vε - vref‖ = 0.07610503311373826  α = 0.00116
 15   -19.99708235800       -8.62       -3.26    9.76s
    ‖ρε - ρref‖ = 0.00015068494999544464 ‖Δρ‖ = 0.00015048370740317377  ‖vε - vref‖ = 0.07309710308862187  α = 0.00075
 16   -19.99708236020       -8.66       -3.22    9.37s
    ‖ρε - ρref‖ = 0.0001586462106262815 ‖Δρ‖ = 0.00015757148861067586  ‖vε - vref‖ = 0.06903229780649556  α = 0.000677
 17   -19.99708236279       -8.59       -3.96    10.6s
    ‖ρε - ρref‖ = 2.7060681325532442e-5 ‖Δρ‖ = 2.45617381388498e-5  ‖vε - vref‖ = 0.06735104786325147  α = 0.00496
 18   -19.99708236367       -9.06       -3.80    8.59s
    ‖ρε - ρref‖ = 4.6652033521536614e-5 ‖Δρ‖ = 4.652094790771108e-5  ‖vε - vref‖ = 0.0666027042447923  α = 0.00148
 19   -19.99708236480       -8.95       -3.92    10.5s
    ‖ρε - ρref‖ = 3.037280389474164e-5 ‖Δρ‖ = 3.0055202710898197e-5  ‖vε - vref‖ = 0.06659706538887251  α = 0.00265
 20   -19.99708236658       -8.75       -3.87    10.4s
    ‖ρε - ρref‖ = 2.9568547609454302e-5 ‖Δρ‖ = 2.7396123185603868e-5  ‖vε - vref‖ = 0.06724328225360386  α = 0.00365
 21   -19.99708236771       -8.94       -4.49    8.57s
    ‖ρε - ρref‖ = 1.1613912574137453e-5 ‖Δρ‖ = 6.534370671177065e-6  ‖vε - vref‖ = 0.07005803389924137  α = 0.0122
 22   -19.99708236841       -9.16       -4.04    10.7s
    ‖ρε - ρref‖ = 2.1385502853757558e-5 ‖Δρ‖ = 2.014972903328241e-5  ‖vε - vref‖ = 0.07116692343826336  α = 0.00307
 23   -19.99708236887       -9.34       -4.36    9.89s
    ‖ρε - ρref‖ = 1.2577750931580259e-5 ‖Δρ‖ = 9.025285067826452e-6  ‖vε - vref‖ = 0.0722061077278917  α = 0.00571
 24   -19.99708236924       -9.43       -4.29    7.79s
    ‖ρε - ρref‖ = 1.5456132086106154e-5 ‖Δρ‖ = 1.1025678567659792e-5  ‖vε - vref‖ = 0.07343741554425179  α = 0.00411
 25   -19.99708236927      -10.57       -3.69    10.7s
    ‖ρε - ρref‖ = 8.798879539233938e-5 ‖Δρ‖ = 9.494985748334262e-5  ‖vε - vref‖ = 0.07341337967061363  α = 0.000104
 26   -19.99708236958       -9.51       -4.31    10.5s
    ‖ρε - ρref‖ = 1.3824560042579227e-5 ‖Δρ‖ = 9.889165848007509e-6  ‖vε - vref‖ = 0.07461495079937445  α = 0.00428
 27   -19.99708236962      -10.39       -4.20    8.05s
    ‖ρε - ρref‖ = 2.271033663896724e-5 ‖Δρ‖ = 2.2336085620322766e-5  ‖vε - vref‖ = 0.07472935138733942  α = 0.000647
 28   -19.99708236968      -10.20       -4.33    9.22s
    ‖ρε - ρref‖ = 1.6834030491566224e-5 ‖Δρ‖ = 1.4631562113012732e-5  ‖vε - vref‖ = 0.07511429919657603  α = 0.00122
 29   -19.99708236991       -9.64       -3.93    10.1s
    ‖ρε - ρref‖ = 2.582278531174037e-5 ‖Δρ‖ = 2.4002989046187802e-5  ‖vε - vref‖ = 0.07619358662199074  α = 0.00147
 30   -19.99708237010       -9.72       -4.29    8.53s
    ‖ρε - ρref‖ = 1.4412289006943228e-5 ‖Δρ‖ = 1.0387267270301774e-5  ‖vε - vref‖ = 0.0774091145596923  α = 0.00316
 31   -19.99708237014      -10.40       -4.39    10.3s
    ‖ρε - ρref‖ = 1.4777067202847629e-5 ‖Δρ‖ = 1.2266231607496029e-5  ‖vε - vref‖ = 0.07759143116873557  α = 0.0012
 32   -19.99708237025       -9.95       -4.72    9.16s
    ‖ρε - ρref‖ = 9.216768472933042e-6 ‖Δρ‖ = 4.3597668718643725e-6  ‖vε - vref‖ = 0.07814751812310224  α = 0.00569
 33   -19.99708237041       -9.82       -4.38    7.72s
    ‖ρε - ρref‖ = 1.2774940756614424e-5 ‖Δρ‖ = 8.499589983438234e-6  ‖vε - vref‖ = 0.0792260757871013  α = 0.0034
 34   -19.99708237058       -9.75       -4.73    10.0s
    ‖ρε - ρref‖ = 1.0105386682158372e-5 ‖Δρ‖ = 3.4368022386239775e-6  ‖vε - vref‖ = 0.08080363178603227  α = 0.00908
 35   -19.99708237065      -10.18       -4.72    10.0s
    ‖ρε - ρref‖ = 9.538602289383939e-6 ‖Δρ‖ = 4.403979397627376e-6  ‖vε - vref‖ = 0.08115034761671  α = 0.00433
 36   -19.99708237069      -10.36       -4.76    8.07s
    ‖ρε - ρref‖ = 8.01579726471558e-6 ‖Δρ‖ = 4.49421023342407e-6  ‖vε - vref‖ = 0.0813906688909421  α = 0.00324
 37   -19.99708237072      -10.61       -3.59    10.7s
    ‖ρε - ρref‖ = 8.673671174508433e-5 ‖Δρ‖ = 8.102261741095522e-5  ‖vε - vref‖ = 0.08151508730552622  α = 0.000126
 38   -19.99708237081      -10.01       -4.71    9.23s
    ‖ρε - ρref‖ = 9.644202731252478e-6 ‖Δρ‖ = 3.834575410218569e-6  ‖vε - vref‖ = 0.08204369677218888  α = 0.00603
 39   -19.99708237083      -10.67       -4.54    7.41s
    ‖ρε - ρref‖ = 1.3528639569426e-5 ‖Δρ‖ = 9.056575521144967e-6  ‖vε - vref‖ = 0.08219702132048248  α = 0.00116
 40   -19.99708237088      -10.29       -4.24    10.0s
    ‖ρε - ρref‖ = 1.717349438910209e-5 ‖Δρ‖ = 1.4517248243542569e-5  ‖vε - vref‖ = 0.08244260624306796  α = 0.00112
 41   -19.99708237094      -10.30       -4.07    9.42s
    ‖ρε - ρref‖ = 2.32927942477886e-5 ‖Δρ‖ = 2.227232054511949e-5  ‖vε - vref‖ = 0.08267708800723396  α = 0.000707
 42   -19.99708237100      -10.22       -4.64    9.71s
    ‖ρε - ρref‖ = 1.073089315651079e-5 ‖Δρ‖ = 5.295739749931827e-6  ‖vε - vref‖ = 0.08295937206394038  α = 0.0034
 43   -19.99708237103      -10.41       -4.91    7.79s
    ‖ρε - ρref‖ = 9.701123516046606e-6 ‖Δρ‖ = 3.1941038559672656e-6  ‖vε - vref‖ = 0.08313541265912643  α = 0.00449
 44   -19.99708237109      -10.23       -4.37    9.17s
    ‖ρε - ρref‖ = 1.2765952513212644e-5 ‖Δρ‖ = 9.326377247916847e-6  ‖vε - vref‖ = 0.08326281448834763  α = 0.00191
 45   -19.99708237115      -10.27       -4.78    8.04s
    ‖ρε - ρref‖ = 9.176208662547776e-6 ‖Δρ‖ = 3.72962478794661e-6  ‖vε - vref‖ = 0.0832269027064831  α = 0.00459
 46   -19.99708237121      -10.22       -4.65    9.49s
    ‖ρε - ρref‖ = 1.0771424224322535e-5 ‖Δρ‖ = 4.769692706175725e-6  ‖vε - vref‖ = 0.0833634952718148  α = 0.00379
 47   -19.99708237126      -10.31       -4.80    9.12s
    ‖ρε - ρref‖ = 9.739340049507432e-6 ‖Δρ‖ = 3.387615231222142e-6  ‖vε - vref‖ = 0.08331507949796745  α = 0.00483
 48   -19.99708237126      -11.40       -4.61    7.70s
    ‖ρε - ρref‖ = 6.6742734958473555e-6 ‖Δρ‖ = 1.169344304768234e-5  ‖vε - vref‖ = 0.0832901379812284  α = 0.000327
 49   -19.99708237131      -10.30       -4.25    10.8s
    ‖ρε - ρref‖ = 1.577900699663999e-5 ‖Δρ‖ = 1.206147221704115e-5  ‖vε - vref‖ = 0.08310038412840982  α = 0.00137
 50   -19.99708237140      -10.05       -5.10    9.82s
    ‖ρε - ρref‖ = 8.97840466731473e-6 ‖Δρ‖ = 1.3983410048168361e-6  ‖vε - vref‖ = 0.08265951076682093  α = 0.0152
 51   -19.99708237142      -10.73       -4.04    8.01s
    ‖ρε - ρref‖ = 3.0038093639903353e-5 ‖Δρ‖ = 2.7865109681370646e-5  ‖vε - vref‖ = 0.08258308290054646  α = 0.000349
 52   -19.99708237142      -11.16       -4.60    10.7s
    ‖ρε - ρref‖ = 1.3361898938356712e-5 ‖Δρ‖ = 8.92902856664825e-6  ‖vε - vref‖ = 0.08254685036276005  α = 0.000658
 53   -19.99708237145      -10.54       -4.79    10.3s
    ‖ρε - ρref‖ = 9.670268300056594e-6 ‖Δρ‖ = 3.6055397418222103e-6  ‖vε - vref‖ = 0.08242613913148927  α = 0.00347
 54   -19.99708237148      -10.52       -4.82    7.73s
    ‖ρε - ρref‖ = 9.59709939244126e-6 ‖Δρ‖ = 3.276332071846195e-6  ‖vε - vref‖ = 0.0822663539477602  α = 0.00394
 55   -19.99708237150      -10.78       -4.82    10.3s
    ‖ρε - ρref‖ = 1.0098130515133037e-5 ‖Δρ‖ = 3.9530120880323125e-6  ‖vε - vref‖ = 0.0821920893796027  α = 0.0024
 56   -19.99708237152      -10.62       -4.61    9.42s
    ‖ρε - ρref‖ = 1.064944625223536e-5 ‖Δρ‖ = 5.468967306874015e-6  ‖vε - vref‖ = 0.08201731122092894  α = 0.00209
 57   -19.99708237154      -10.74       -5.04    8.26s
    ‖ρε - ρref‖ = 8.807271465021683e-6 ‖Δρ‖ = 2.128743694402744e-6  ‖vε - vref‖ = 0.08176199066491378  α = 0.00465
 58   -19.99708237157      -10.54       -4.97    10.0s
    ‖ρε - ρref‖ = 9.325115184491415e-6 ‖Δρ‖ = 2.0386353722687833e-6  ‖vε - vref‖ = 0.08148771724000296  α = 0.00621
 59   -19.99708237158      -11.35       -4.99    10.6s
    ‖ρε - ρref‖ = 1.1111291627003246e-5 ‖Δρ‖ = 3.4194637418385187e-6  ‖vε - vref‖ = 0.08145556551614566  α = 0.0013
 60   -19.99708237158      -11.23       -4.05    8.01s
    ‖ρε - ρref‖ = 2.318512814330944e-5 ‖Δρ‖ = 2.7067203534338296e-5  ‖vε - vref‖ = 0.08136405063276224  α = 0.00019
 61   -19.99708237160      -10.64       -5.07    9.51s
    ‖ρε - ρref‖ = 9.23199227677463e-6 ‖Δρ‖ = 1.5680089333375305e-6  ‖vε - vref‖ = 0.08121294102886989  α = 0.00713
 62   -19.99708237161      -11.15       -5.10    10.7s
    ‖ρε - ρref‖ = 9.02171565667255e-6 ‖Δρ‖ = 2.0055285889037673e-6  ‖vε - vref‖ = 0.08113264628457306  α = 0.00309
 63   -19.99708237162      -11.42       -4.44    8.49s
    ‖ρε - ρref‖ = 1.4213145552963112e-5 ‖Δρ‖ = 1.0714734370859363e-5  ‖vε - vref‖ = 0.08110791999394722  α = 0.000422
 64   -19.99708237162      -11.27       -5.01    9.53s
    ‖ρε - ρref‖ = 9.767192852807057e-6 ‖Δρ‖ = 2.842569703735214e-6  ‖vε - vref‖ = 0.08107604649877115  α = 0.00182
 65   -19.99708237164      -10.78       -4.62    9.52s
    ‖ρε - ρref‖ = 1.0046200953271411e-5 ‖Δρ‖ = 4.7345891323287965e-6  ‖vε - vref‖ = 0.08096917647960183  α = 0.00199
 66   -19.99708237166      -10.74       -5.16    7.99s
    ‖ρε - ρref‖ = 8.962148117156401e-6 ‖Δρ‖ = 1.2818672502271265e-6  ‖vε - vref‖ = 0.08079647803868477  α = 0.00778
 67   -19.99708237166      -11.31       -5.02    9.75s
    ‖ρε - ρref‖ = 9.586495518990389e-6 ‖Δρ‖ = 2.6437834417669375e-6  ‖vε - vref‖ = 0.0807915040351222  α = 0.00195
 68   -19.99708237167      -11.13       -4.91    10.4s
    ‖ρε - ρref‖ = 9.72675576215816e-6 ‖Δρ‖ = 2.8873528530796012e-6  ‖vε - vref‖ = 0.08078526271042892  α = 0.00222
 69   -19.99708237168      -10.88       -5.40    8.34s
    ‖ρε - ρref‖ = 8.917462744710881e-6 ‖Δρ‖ = 7.466949513898794e-7  ‖vε - vref‖ = 0.08065882214701744  α = 0.0114
 70   -19.99708237169      -11.16       -4.95    10.7s
    ‖ρε - ρref‖ = 9.219982598740454e-6 ‖Δρ‖ = 2.5250727015725614e-6  ‖vε - vref‖ = 0.08063053940873005  α = 0.00245
 71   -19.99708237169      -12.41       -4.65    7.99s
    ‖ρε - ρref‖ = 1.973412865474588e-5 ‖Δρ‖ = 1.160317792111666e-5  ‖vε - vref‖ = 0.08063457029213403  α = 0.000102
 72   -19.99708237170      -11.07       -5.42    10.2s
    ‖ρε - ρref‖ = 8.933726988921374e-6 ‖Δρ‖ = 8.252038604426096e-7  ‖vε - vref‖ = 0.08060428536987778  α = 0.00827
 73   -19.99708237170      -11.13       -5.08    10.4s
    ‖ρε - ρref‖ = 9.333050218955642e-6 ‖Δρ‖ = 1.9428822826721655e-6  ‖vε - vref‖ = 0.08062748970288232  α = 0.00319
 74   -19.99708237171      -11.74       -5.10    8.24s
    ‖ρε - ρref‖ = 9.117744616961575e-6 ‖Δρ‖ = 2.664949552263181e-6  ‖vε - vref‖ = 0.08062060805464549  α = 0.00114
 75   -19.99708237171      -11.27       -4.72    10.0s
    ‖ρε - ρref‖ = 9.902458082444577e-6 ‖Δρ‖ = 4.765320988332296e-6  ‖vε - vref‖ = 0.08063513439481752  α = 0.0011
 76   -19.99708237171      -11.67       -5.01    10.5s
    ‖ρε - ρref‖ = 1.0023067535657123e-5 ‖Δρ‖ = 3.2294825537367347e-6  ‖vε - vref‖ = 0.08065199706592323  α = 0.00101
 77   -19.99708237172      -11.20       -5.01    8.43s
    ‖ρε - ρref‖ = 9.440308925553034e-6 ‖Δρ‖ = 2.191316133800519e-6  ‖vε - vref‖ = 0.08072247215149737  α = 0.00265
 78   -19.99708237173      -11.11       -5.21    10.0s
    ‖ρε - ρref‖ = 8.981875649736544e-6 ‖Δρ‖ = 1.188743504855918e-6  ‖vε - vref‖ = 0.08075353220716106  α = 0.00546
 79   -19.99708237173      -11.64       -5.49    10.4s
    ‖ρε - ρref‖ = 9.006560231733571e-6 ‖Δρ‖ = 8.816851520869991e-7  ‖vε - vref‖ = 0.08076722859244677  α = 0.00398
 80   -19.99708237174      -11.27       -5.03    7.69s
    ‖ρε - ρref‖ = 9.09832843687858e-6 ‖Δρ‖ = 2.0671939601784817e-6  ‖vε - vref‖ = 0.08078941181585218  α = 0.0026
 81   -19.99708237174      -11.30       -5.21    10.7s
    ‖ρε - ρref‖ = 9.158491815152034e-6 ‖Δρ‖ = 1.3288707508834116e-6  ‖vε - vref‖ = 0.08085403035550202  α = 0.00396
 82   -19.99708237174      -11.76       -5.47    7.73s
    ‖ρε - ρref‖ = 8.219505608468601e-6 ‖Δρ‖ = 1.0852944233423603e-6  ‖vε - vref‖ = 0.08086688286771734  α = 0.00239
 83   -19.99708237175      -11.10       -4.12    10.8s
    ‖ρε - ρref‖ = 1.8992114999284266e-5 ‖Δρ‖ = 1.4187691871037783e-5  ‖vε - vref‖ = 0.08096311150422984  α = 0.000444
 84   -19.99708237175      -11.33       -5.63    10.4s
    ‖ρε - ρref‖ = 8.97949151534531e-6 ‖Δρ‖ = 4.911156403292057e-7  ‖vε - vref‖ = 0.08100634196792353  α = 0.0101
 85   -19.99708237176      -11.62       -5.20    7.96s
    ‖ρε - ρref‖ = 9.242614966838143e-6 ‖Δρ‖ = 1.6623000055669296e-6  ‖vε - vref‖ = 0.08104060881629162  α = 0.00212
 86   -19.99708237176      -12.04       -4.74    10.0s
    ‖ρε - ρref‖ = 1.0640644088568845e-5 ‖Δρ‖ = 6.06044845868403e-6  ‖vε - vref‖ = 0.08104399341039704  α = 0.000356
 87   -19.99708237176      -11.94       -5.48    10.8s
    ‖ρε - ρref‖ = 8.886647179883932e-6 ‖Δρ‖ = 9.735138914851396e-7  ‖vε - vref‖ = 0.08104956024315962  α = 0.00247
 88   -19.99708237176      -11.88       -5.01    8.38s
    ‖ρε - ρref‖ = 9.499669242205814e-6 ‖Δρ‖ = 2.5493792276343496e-6  ‖vε - vref‖ = 0.08105908506954375  α = 0.00105
 89   -19.99708237176      -11.59       -5.48    10.0s
    ‖ρε - ρref‖ = 9.12454848739336e-6 ‖Δρ‖ = 7.53884227250025e-7  ‖vε - vref‖ = 0.08109849946059  α = 0.00498
 90   -19.99708237177      -11.54       -5.40    9.95s
    ‖ρε - ρref‖ = 8.860497820435313e-6 ‖Δρ‖ = 8.953141467540389e-7  ‖vε - vref‖ = 0.08107748827760851  α = 0.0044
 91   -19.99708237177      -11.85       -5.41    8.54s
    ‖ρε - ρref‖ = 9.036988714830138e-6 ‖Δρ‖ = 9.94912600976298e-7  ‖vε - vref‖ = 0.08108410281937581  α = 0.00277
 92   -19.99708237177      -11.96       -5.24    10.1s
    ‖ρε - ρref‖ = 9.130986587738193e-6 ‖Δρ‖ = 1.5540781186044644e-6  ‖vε - vref‖ = 0.0810903907732108  α = 0.00158
 93   -19.99708237177      -11.69       -5.50    8.03s
    ‖ρε - ρref‖ = 9.088446485017981e-6 ‖Δρ‖ = 6.994598580944813e-7  ‖vε - vref‖ = 0.08111524505526674  α = 0.00474
 94   -19.99708237177      -12.92       -5.10    9.71s
    ‖ρε - ρref‖ = 6.1278159285650635e-6 ‖Δρ‖ = 3.996884932830052e-6  ‖vε - vref‖ = 0.08111312035781401  α = 0.000175
 95   -19.99708237177      -11.52       -5.19    10.8s
    ‖ρε - ρref‖ = 9.129785941522716e-6 ‖Δρ‖ = 1.2392457020135376e-6  ‖vε - vref‖ = 0.08114159418681419  α = 0.00326
 96   -19.99708237178      -11.74       -5.61    8.21s
    ‖ρε - ρref‖ = 8.994686101618711e-6 ‖Δρ‖ = 5.045782885674559e-7  ‖vε - vref‖ = 0.0811592184841463  α = 0.0063
 97   -19.99708237178      -12.11       -5.59    10.4s
    ‖ρε - ρref‖ = 9.072742252740242e-6 ‖Δρ‖ = 6.603273736341822e-7  ‖vε - vref‖ = 0.08117756302164711  α = 0.00306
 98   -19.99708237178      -12.30       -4.84    8.28s
    ‖ρε - ρref‖ = 9.870490922993463e-6 ‖Δρ‖ = 3.9928810890142766e-6  ‖vε - vref‖ = 0.08118144160133514  α = 0.000419
 99   -19.99708237178      -11.96       -5.68    10.8s
    ‖ρε - ρref‖ = 8.890913386223689e-6 ‖Δρ‖ = 4.815803987558776e-7  ‖vε - vref‖ = 0.08117061429554483  α = 0.00498
 100   -19.99708237178      -12.08       -4.99    10.3s
    ‖ρε - ρref‖ = 9.405122351864758e-6 ‖Δρ‖ = 2.6718063820695313e-6  ‖vε - vref‖ = 0.08116467537879293  α = 0.000769
 101   -19.99708237178      -11.84       -5.89    8.52s
    ‖ρε - ρref‖ = 9.025306557604403e-6 ‖Δρ‖ = 2.5945944231599947e-7  ‖vε - vref‖ = 0.08121304371597031  α = 0.0107
 102   -19.99708237178      -12.18       -5.50    11.0s
    ‖ρε - ρref‖ = 8.928489595891901e-6 ‖Δρ‖ = 8.002961416468372e-7  ‖vε - vref‖ = 0.0812156139950638  α = 0.00238
 103   -19.99708237178      -12.07       -5.81    10.1s
    ‖ρε - ρref‖ = 8.994668944243713e-6 ‖Δρ‖ = 3.839319956650049e-7  ‖vε - vref‖ = 0.0812219019672952  α = 0.00547
 104   -19.99708237178      -11.94       -5.18    7.88s
    ‖ρε - ρref‖ = 9.080098685547272e-6 ‖Δρ‖ = 1.415999224240412e-6  ‖vε - vref‖ = 0.08122261176481173  α = 0.00174
 105   -19.99708237178      -12.63       -5.62    10.3s
    ‖ρε - ρref‖ = 9.52060107073168e-6 ‖Δρ‖ = 8.062381627029819e-7  ‖vε - vref‖ = 0.08122414493824597  α = 0.00124
 106   -19.99708237178      -12.15       -4.61    8.13s
    ‖ρε - ρref‖ = 8.476826135505127e-6 ‖Δρ‖ = 6.016748626659548e-6  ‖vε - vref‖ = 0.08121021452807135  α = 0.000311
 107   -19.99708237178      -12.36       -5.76    10.1s
    ‖ρε - ρref‖ = 8.948225012628357e-6 ‖Δρ‖ = 4.2264306341840624e-7  ‖vε - vref‖ = 0.08120516017745077  α = 0.00372
 108   -19.99708237179      -11.95       -6.01    9.62s
    ‖ρε - ρref‖ = 8.97620319260292e-6 ‖Δρ‖ = 1.8388947784279447e-7  ‖vε - vref‖ = 0.08122720333090278  α = 0.0133
 109   -19.99708237179      -12.63       -5.33    8.00s
    ‖ρε - ρref‖ = 9.314993453831597e-6 ‖Δρ‖ = 1.558523175138376e-6  ‖vε - vref‖ = 0.0812387823326825  α = 0.000699
 110   -19.99708237179      -12.29       -5.19    10.8s
    ‖ρε - ρref‖ = 9.40736085348608e-6 ‖Δρ‖ = 1.6674378275553368e-6  ‖vε - vref‖ = 0.08125756147056257  α = 0.000992
 111   -19.99708237179      -12.47       -5.89    8.37s
    ‖ρε - ρref‖ = 8.936321424955874e-6 ‖Δρ‖ = 3.52033114064346e-7  ‖vε - vref‖ = 0.08125488740964275  α = 0.00373
 112   -19.99708237179      -12.05       -5.18    10.3s
    ‖ρε - ρref‖ = 9.089083637127194e-6 ‖Δρ‖ = 1.3060373671927813e-6  ‖vε - vref‖ = 0.08124329685886296  α = 0.00164
 113   -19.99708237179      -12.20       -5.66    9.82s
    ‖ρε - ρref‖ = 8.928939365710668e-6 ‖Δρ‖ = 4.631371295371895e-7  ‖vε - vref‖ = 0.08122409688509898  α = 0.00398
 114   -19.99708237179      -12.22       -5.94    7.51s
    ‖ρε - ρref‖ = 8.979778765354556e-6 ‖Δρ‖ = 2.476093802596466e-7  ‖vε - vref‖ = 0.08122895466303959  α = 0.00734
 115   -19.99708237179      -12.67       -5.79    10.4s
    ‖ρε - ρref‖ = 9.055478916913275e-6 ‖Δρ‖ = 4.681426285678433e-7  ‖vε - vref‖ = 0.0812394833955979  α = 0.00241
 116   -19.99708237179      -12.46       -5.58    10.7s
    ‖ρε - ρref‖ = 8.949068886401495e-6 ‖Δρ‖ = 6.713409783560542e-7  ‖vε - vref‖ = 0.0812480151534152  α = 0.00195
 117   -19.99708237179      -13.55       -5.18    8.53s
    ‖ρε - ρref‖ = 1.1758741195229694e-5 ‖Δρ‖ = 3.2245318699661094e-6  ‖vε - vref‖ = 0.08125034999891671  α = 0.000109
 118   -19.99708237179      -12.40       -5.81    9.82s
    ‖ρε - ρref‖ = 8.92213466123054e-6 ‖Δρ‖ = 3.602617331257768e-7  ‖vε - vref‖ = 0.0812436942421799  α = 0.00402
 119   -19.99708237179      -12.41       -5.71    7.53s
    ‖ρε - ρref‖ = 9.025112736731091e-6 ‖Δρ‖ = 4.440195991398854e-7  ‖vε - vref‖ = 0.0812464887453974  α = 0.00329
 120   -19.99708237179      -12.20       -6.02    9.83s
    ‖ρε - ρref‖ = 8.966581673467427e-6 ‖Δρ‖ = 1.6810799745301363e-7  ‖vε - vref‖ = 0.08122805994700755  α = 0.011
 121   -19.99708237179      -13.11       -5.25    10.1s
    ‖ρε - ρref‖ = 9.269173688823705e-6 ‖Δρ‖ = 1.9869051141096367e-6  ‖vε - vref‖ = 0.0812282388828231  α = 0.000293
 122   -19.99708237179      -12.53       -6.07    8.31s
    ‖ρε - ρref‖ = 9.002093513461477e-6 ‖Δρ‖ = 1.9186942292964294e-7  ‖vε - vref‖ = 0.08122450558324079  α = 0.0067
 123   -19.99708237179      -12.93       -5.62    9.71s
    ‖ρε - ρref‖ = 8.893154558851621e-6 ‖Δρ‖ = 7.319381388251022e-7  ‖vε - vref‖ = 0.08122018052528113  α = 0.00101
 124   -19.99708237179      -12.60       -5.65    8.12s
    ‖ρε - ρref‖ = 8.950596429449553e-6 ‖Δρ‖ = 5.101673639835277e-7  ‖vε - vref‖ = 0.08120744427189429  α = 0.00231
 125   -19.99708237179      -12.47       -6.02    11.0s
    ‖ρε - ρref‖ = 8.983260026887673e-6 ‖Δρ‖ = 1.9532356365613542e-7  ‖vε - vref‖ = 0.08120144791777674  α = 0.0068
 126   -19.99708237179      -12.75       -6.05    9.75s
    ‖ρε - ρref‖ = 8.977820234122851e-6 ‖Δρ‖ = 2.064195166021766e-7  ‖vε - vref‖ = 0.0811998038128587  α = 0.00489
 127   -19.99708237179      -12.84       -5.91    8.19s
    ‖ρε - ρref‖ = 9.031857623403847e-6 ‖Δρ‖ = 3.1933163133933355e-7  ‖vε - vref‖ = 0.08120254087407289  α = 0.00281
 128   -19.99708237179      -13.45       -5.60    10.8s
    ‖ρε - ρref‖ = 8.306413387828132e-6 ‖Δρ‖ = 9.982951933346617e-7  ‖vε - vref‖ = 0.08120098378799924  α = 0.000333
 129   -19.99708237179      -13.19       -5.23    7.46s
    ‖ρε - ρref‖ = 9.672157090948067e-6 ‖Δρ‖ = 1.747369155907627e-6  ‖vε - vref‖ = 0.08120117012227104  α = 0.000356
 130   -19.99708237179      -12.40       -6.14    9.88s
    ‖ρε - ρref‖ = 8.965938514689361e-6 ‖Δρ‖ = 1.3552163481663075e-7  ‖vε - vref‖ = 0.08118647613121922  α = 0.0105
 131   -19.99708237179      -12.82       -5.89    7.86s
    ‖ρε - ρref‖ = 9.018290045112621e-6 ‖Δρ‖ = 2.979655789729981e-7  ‖vε - vref‖ = 0.08118816352998534  α = 0.00311
 132   -19.99708237179      -13.07       -6.19    10.1s
    ‖ρε - ρref‖ = 8.95340759567006e-6 ‖Δρ‖ = 1.8279573610579914e-7  ‖vε - vref‖ = 0.08118088767100722  α = 0.00374
 133   -19.99708237179      -13.02       -5.30    9.78s
    ‖ρε - ρref‖ = 8.984604063051958e-6 ‖Δρ‖ = 1.3475115464771097e-6  ‖vε - vref‖ = 0.08117585200376247  α = 0.00056
 134   -19.99708237179      -12.69       -5.76    7.52s
    ‖ρε - ρref‖ = 9.010520616368834e-6 ‖Δρ‖ = 3.603190176305417e-7  ‖vε - vref‖ = 0.08117089331291645  α = 0.00284
 135   -19.99708237179      -13.75       -6.14    9.48s
    ‖ρε - ρref‖ = 8.951798865015166e-6 ‖Δρ‖ = 2.633139501362508e-7  ‖vε - vref‖ = 0.08117051503732288  α = 0.00131
 136   -19.99708237179      -12.64       -6.01    7.81s
    ‖ρε - ρref‖ = 8.999479089922038e-6 ‖Δρ‖ = 1.8352451469005162e-7  ‖vε - vref‖ = 0.0811711261908472  α = 0.00579
 137   -19.99708237179      -12.72       -6.03    10.3s
    ‖ρε - ρref‖ = 8.954077871067748e-6 ‖Δρ‖ = 1.7693788706658802e-7  ‖vε - vref‖ = 0.08115999908849585  α = 0.00582
 138   -19.99708237179      -12.89       -6.28    9.91s
    ‖ρε - ρref‖ = 8.978164468614559e-6 ‖Δρ‖ = 1.0449133739701158e-7  ‖vε - vref‖ = 0.08116160766668008  α = 0.00818
 139   -19.99708237179      -13.60       -5.92    7.85s
    ‖ρε - ρref‖ = 9.227276766638108e-6 ‖Δρ‖ = 4.07058942437086e-7  ‖vε - vref‖ = 0.08116381402986104  α = 0.000795
 140   -19.99708237179      -13.75       -5.21    9.51s
    ‖ρε - ρref‖ = 8.263460207422018e-6 ‖Δρ‖ = 1.946016595680703e-6  ‖vε - vref‖ = 0.08116401992416454  α = 0.000188
 141   -19.99708237179      -13.19       -5.96    8.10s
    ‖ρε - ρref‖ = 8.985401119033084e-6 ‖Δρ‖ = 2.9083205754213466e-7  ‖vε - vref‖ = 0.08116549124913272  α = 0.00177
 142   -19.99708237179      -12.96       -6.37    10.3s
    ‖ρε - ρref‖ = 8.984274961056316e-6 ‖Δρ‖ = 8.860878063904105e-8  ‖vε - vref‖ = 0.08117096191573367  α = 0.00856
 143   -19.99708237179      -12.99       -6.26    10.1s
    ‖ρε - ρref‖ = 8.988929358758112e-6 ‖Δρ‖ = 1.1261534715402161e-7  ‖vε - vref‖ = 0.08117327036261149  α = 0.00679
 144   -19.99708237179      -13.97       -5.69    8.50s
    ‖ρε - ρref‖ = 8.93455732994798e-6 ‖Δρ‖ = 6.888530979308511e-7  ‖vε - vref‖ = 0.08117098147525953  α = 0.000478
 145   -19.99708237179      -13.19       -5.81    10.6s
    ‖ρε - ρref‖ = 8.894647494698685e-6 ‖Δρ‖ = 3.8146034519551565e-7  ‖vε - vref‖ = 0.08116406883890676  α = 0.00143
 146   -19.99708237179      -13.25       -6.43    8.61s
    ‖ρε - ρref‖ = 8.979574397330653e-6 ‖Δρ‖ = 8.781783417344569e-8  ‖vε - vref‖ = 0.08116071217242615  α = 0.00637
 147   -19.99708237179      -13.37       -5.75    11.2s
    ‖ρε - ρref‖ = 8.921368924967805e-6 ‖Δρ‖ = 4.954089154618954e-7  ‖vε - vref‖ = 0.08115887148120589  α = 0.000856
 148   -19.99708237179      -13.17       -6.07    8.56s
    ‖ρε - ρref‖ = 8.98275067588461e-6 ‖Δρ‖ = 1.9728348440540187e-7  ‖vε - vref‖ = 0.0811588709596133  α = 0.00313
 149   -19.99708237179      -12.97       -6.20    11.0s
    ‖ρε - ρref‖ = 8.990564861645514e-6 ‖Δρ‖ = 1.2800373239935416e-7  ‖vε - vref‖ = 0.08116557550782338  α = 0.00568
 150   -19.99708237179      -13.19       -6.11    10.8s
    ‖ρε - ρref‖ = 8.963727294511576e-6 ‖Δρ‖ = 1.6722738992117393e-7  ‖vε - vref‖ = 0.08116576583766112  α = 0.00334
 151   -19.99708237179   +  -14.15       -6.10    8.57s
    ‖ρε - ρref‖ = 9.330443185467358e-6 ‖Δρ‖ = 4.273869611993936e-7  ‖vε - vref‖ = 0.08116624543508727  α = 0.000211
 152   -19.99708237179      -13.30       -6.11    10.8s
    ‖ρε - ρref‖ = 8.959813254385308e-6 ‖Δρ‖ = 1.6639387647460884e-7  ‖vε - vref‖ = 0.08116671314905269  α = 0.00351
 153   -19.99708237179      -13.50       -5.96    8.57s
    ‖ρε - ρref‖ = 8.969081299907028e-6 ‖Δρ‖ = 3.227491482350897e-7  ‖vε - vref‖ = 0.08116661115262898  α = 0.00106
 154   -19.99708237179      -13.17       -6.48    11.0s
    ‖ρε - ρref‖ = 8.97819348979708e-6 ‖Δρ‖ = 5.830113784992319e-8  ‖vε - vref‖ = 0.08117235325463674  α = 0.0115
 155   -19.99708237179      -13.41       -6.42    10.8s
    ‖ρε - ρref‖ = 8.985395647131601e-6 ‖Δρ‖ = 9.76459420108179e-8  ‖vε - vref‖ = 0.08117510296771469  α = 0.00392
 156   -19.99708237179      -13.97       -5.67    8.69s
    ‖ρε - ρref‖ = 8.996706554844454e-6 ‖Δρ‖ = 6.932016023512935e-7  ‖vε - vref‖ = 0.08117512265352755  α = 0.000355
 157   -19.99708237179      -13.60       -6.46    10.6s
    ‖ρε - ρref‖ = 8.964629643066783e-6 ‖Δρ‖ = 8.316384017573627e-8  ‖vε - vref‖ = 0.08117366512070716  α = 0.00423
 158   -19.99708237179      -13.75       -6.52    7.77s
    ‖ρε - ρref‖ = 8.989459887730682e-6 ‖Δρ‖ = 7.611786268764334e-8  ‖vε - vref‖ = 0.08117454071451351  α = 0.00455
 159   -19.99708237179      -13.30       -5.73    10.9s
    ‖ρε - ρref‖ = 8.973931253540172e-6 ‖Δρ‖ = 3.778392679918165e-7  ‖vε - vref‖ = 0.08117491724020977  α = 0.00123
 160   -19.99708237179      -13.60       -6.26    8.09s
    ‖ρε - ρref‖ = 8.956374248238611e-6 ‖Δρ‖ = 1.3839234660377755e-7  ‖vε - vref‖ = 0.08117247810161714  α = 0.00247
 161   -19.99708237179      -14.15       -6.52    11.0s
    ‖ρε - ρref‖ = 8.978610354951638e-6 ‖Δρ‖ = 7.146928044108333e-8  ‖vε - vref‖ = 0.08117334250751321  α = 0.00483
 162   -19.99708237179   +    -Inf       -6.57    10.4s
    ‖ρε - ρref‖ = 8.933110484128766e-6 ‖Δρ‖ = 7.675146697627732e-8  ‖vε - vref‖ = 0.08117362781240899  α = 0.0027
 163   -19.99708237179      -13.45       -5.26    7.82s
    ‖ρε - ρref‖ = 9.706809285977652e-6 ‖Δρ‖ = 1.3471874232050182e-6  ‖vε - vref‖ = 0.08117609415797329  α = 0.000209
 164   -19.99708237179      -13.60       -6.64    10.8s
    ‖ρε - ρref‖ = 8.981361986364939e-6 ‖Δρ‖ = 5.8960897562259e-8  ‖vε - vref‖ = 0.08117853391197762  α = 0.00529
 165   -19.99708237179      -13.97       -6.09    7.96s
    ‖ρε - ρref‖ = 8.983652313346116e-6 ‖Δρ‖ = 1.8715264522784034e-7  ‖vε - vref‖ = 0.08118001478285125  α = 0.00201
 166   -19.99708237179      -13.45       -6.21    10.9s
    ‖ρε - ρref‖ = 8.971217530165722e-6 ‖Δρ‖ = 1.3033439959120427e-7  ‖vε - vref‖ = 0.08117881970081593  α = 0.00323
 167   -19.99708237179      -13.85       -6.53    8.41s
    ‖ρε - ρref‖ = 8.969647202168867e-6 ‖Δρ‖ = 8.444506025166686e-8  ‖vε - vref‖ = 0.08117736389457253  α = 0.00291
 168   -19.99708237179      -13.97       -5.80    10.6s
    ‖ρε - ρref‖ = 8.925807226098265e-6 ‖Δρ‖ = 4.7097177272449646e-7  ‖vε - vref‖ = 0.08117493550757691  α = 0.000504
 169   -19.99708237179      -13.41       -6.35    9.74s
    ‖ρε - ρref‖ = 8.977213101978594e-6 ‖Δρ‖ = 8.428528210475008e-8  ‖vε - vref‖ = 0.08117303332827981  α = 0.00523
 170   -19.99708237179      -13.55       -6.72    8.24s
    ‖ρε - ρref‖ = 8.983983184460397e-6 ‖Δρ‖ = 5.455510221655662e-8  ‖vε - vref‖ = 0.08117385473401167  α = 0.00382
 171   -19.99708237179   +    -Inf       -6.00    12.4s
    ‖ρε - ρref‖ = 8.966935065091783e-6 ‖Δρ‖ = 2.1695930063941914e-7  ‖vε - vref‖ = 0.08117424722908088  α = 0.000397
 172   -19.99708237179      -14.15       -6.67    8.64s
    ‖ρε - ρref‖ = 8.977795534037814e-6 ‖Δρ‖ = 4.293433597194978e-8  ‖vε - vref‖ = 0.08117753382890587  α = 0.00814
 173   -19.99708237179      -13.75       -6.50    10.2s
    ‖ρε - ρref‖ = 8.993766701787289e-6 ‖Δρ‖ = 7.976753141089299e-8  ‖vε - vref‖ = 0.08117939715915154  α = 0.00272
 174   -19.99708237179   +  -13.75       -6.04    10.2s
    ‖ρε - ρref‖ = 8.609735454780416e-6 ‖Δρ‖ = 4.601283207325361e-7  ‖vε - vref‖ = 0.08117921665060594  α = 0.000109
 175   -19.99708237179      -13.75       -6.63    8.24s
    ‖ρε - ρref‖ = 8.969760592717216e-6 ‖Δρ‖ = 5.663529791678316e-8  ‖vε - vref‖ = 0.08117806850024264  α = 0.0036
 176   -19.99708237179      -13.67       -6.66    11.2s
    ‖ρε - ρref‖ = 8.983082105261138e-6 ‖Δρ‖ = 5.3819340615314183e-8  ‖vε - vref‖ = 0.08117887818685858  α = 0.00362
 177   -19.99708237179      -14.45       -6.55    11.3s
    ‖ρε - ρref‖ = 8.978622032542607e-6 ‖Δρ‖ = 8.190859444427412e-8  ‖vε - vref‖ = 0.08117885997184163  α = 0.000337
 178   -19.99708237179      -13.97       -6.54    11.2s
    ‖ρε - ρref‖ = 8.971990480071031e-6 ‖Δρ‖ = 5.544512791628662e-8  ‖vε - vref‖ = 0.08117721477861674  α = 0.00536
 179   -19.99708237179   +  -13.85       -6.52    8.58s
    ‖ρε - ρref‖ = 8.980273258729587e-6 ‖Δρ‖ = 1.1066143730937246e-7  ‖vε - vref‖ = 0.0811774649113463  α = 0.000844
 180   -19.99708237179      -13.34       -6.31    10.8s
    ‖ρε - ρref‖ = 8.974673991718182e-6 ‖Δρ‖ = 8.954118136340346e-8  ‖vε - vref‖ = 0.08117730773060892  α = 0.00343
 181   -19.99708237179      -14.45       -6.60    55.4s
    ‖ρε - ρref‖ = 8.98341395673688e-6 ‖Δρ‖ = 5.8245382462963194e-8  ‖vε - vref‖ = 0.08117730773082889  α = 1.07e-9
 182   -19.99708237179   +    -Inf       -4.10    22.0s
    ‖ρε - ρref‖ = 2.1223446960074664e-5 ‖Δρ‖ = 1.819873780924728e-5  ‖vε - vref‖ = 0.08117730773073087  α = 0.0
 183   -19.99708237179   +  -13.97       -6.08    9.91s
    ‖ρε - ρref‖ = 8.960670687235174e-6 ‖Δρ‖ = 3.1665701764044114e-7  ‖vε - vref‖ = 0.08117741784364327  α = 0.000594
 184   -19.99708237179   +  -13.85       -6.39    9.91s
    ‖ρε - ρref‖ = 8.935774275567928e-6 ‖Δρ‖ = 1.3288023485908573e-7  ‖vε - vref‖ = 0.08117757109374175  α = 0.000883
 185   -19.99708237179      -13.67       -5.77    7.50s
    ‖ρε - ρref‖ = 9.435089977818762e-6 ‖Δρ‖ = 6.02593343728479e-7  ‖vε - vref‖ = 0.08117829845801636  α = 0.000148
 186   -19.99708237179      -14.15       -6.37    10.4s
    ‖ρε - ρref‖ = 8.980504526389978e-6 ‖Δρ‖ = 1.2999502613834643e-7  ‖vε - vref‖ = 0.08117891104651045  α = 0.000849
 187   -19.99708237179   +  -14.15       -6.32    8.25s
    ‖ρε - ρref‖ = 8.972320060114232e-6 ‖Δρ‖ = 1.6744805328307691e-7  ‖vε - vref‖ = 0.08117876865066603  α = 0.000441
 188   -19.99708237179   +  -13.85       -6.77    10.1s
    ‖ρε - ρref‖ = 8.9705367830427e-6 ‖Δρ‖ = 3.996461073926851e-8  ‖vε - vref‖ = 0.08117741540851899  α = 0.00365
 189   -19.99708237179      -13.85       -6.84    8.27s
    ‖ρε - ρref‖ = 8.978712279010173e-6 ‖Δρ‖ = 3.143204432064751e-8  ‖vε - vref‖ = 0.08117753108258549  α = 0.00482
 190   -19.99708237179   +    -Inf       -6.72    11.0s
    ‖ρε - ρref‖ = 8.973165473816136e-6 ‖Δρ‖ = 4.2521723302910195e-8  ‖vε - vref‖ = 0.08117709451690346  α = 0.00319
 191   -19.99708237179   +  -13.85       -7.12    8.48s
    ‖ρε - ρref‖ = 8.97775751514296e-6 ‖Δρ‖ = 1.7076899967003195e-8  ‖vε - vref‖ = 0.08117777894670039  α = 0.00794
    Stopping to avoid numerical instabilities.
 192   -19.99708237179      -13.67       -7.08    11.2s
    ‖ρε - ρref‖ = 8.976203231319572e-6 ‖Δρ‖ = 1.7409113726322557e-8  ‖vε - vref‖ = 0.08117752818973743  α = 0.00929

#-- ‖ρε - ρref‖ = 8.976207019072624e-6 vs. 3.162277660168379e-8 = δ*ε ‖vε - vref‖ = 0.0811767357019166


# --- ε=1.778279410038923e-6

n     Energy            log10(ΔE)   log10(Δρ)   Δtime 
---   ---------------   ---------   ---------   ------
  1   -19.99707121369                   -0.89    14.8s
    ‖ρε - ρref‖ = 0.08213540087840046 ‖Δρ‖ = 0.08213114762350678  ‖vε - vref‖ = 1.2858043502963707  α = 4.41e-5
  2   -19.99707180269       -6.23       -1.97    7.83s
    ‖ρε - ρref‖ = 0.004396673886196773 ‖Δρ‖ = 0.004395480303981204  ‖vε - vref‖ = 0.9056571225485419  α = 0.000295
  3   -19.99707204930       -6.61       -2.20    9.57s
    ‖ρε - ρref‖ = 0.002251705151545718 ‖Δρ‖ = 0.002250558558616089  ‖vε - vref‖ = 0.7322261470254818  α = 0.000383
  4   -19.99707221536       -6.78       -2.20    9.37s
    ‖ρε - ρref‖ = 0.0023917559470776396 ‖Δρ‖ = 0.002390763725362332  ‖vε - vref‖ = 0.5538709508210149  α = 0.000286
  5   -19.99707235207       -6.86       -2.79    7.28s
    ‖ρε - ρref‖ = 0.0004282449794120602 ‖Δρ‖ = 0.00042729067095453454  ‖vε - vref‖ = 0.3867985582590327  α = 0.00155
  6   -19.99707238975       -7.42       -2.85    9.72s
    ‖ρε - ρref‖ = 0.00045417650079861675 ‖Δρ‖ = 0.00045362266789183314  ‖vε - vref‖ = 0.32262066200390793  α = 0.000746
  7   -19.99707242490       -7.45       -2.96    7.37s
    ‖ρε - ρref‖ = 0.00028121220155856495 ‖Δρ‖ = 0.0002807632019578862  ‖vε - vref‖ = 0.25431760560569666  α = 0.0012
  8   -19.99707244992       -7.60       -3.36    10.4s
    ‖ρε - ρref‖ = 0.00010552072444729223 ‖Δρ‖ = 0.00010499629031861178  ‖vε - vref‖ = 0.19470150907847078  α = 0.00269
  9   -19.99707246316       -7.88       -3.42    8.46s
    ‖ρε - ρref‖ = 8.67142694549818e-5 ‖Δρ‖ = 8.637759249793395e-5  ‖vε - vref‖ = 0.1552282190757027  α = 0.0024
 10   -19.99707247013       -8.16       -3.52    10.1s
    ‖ρε - ρref‖ = 7.142393409220456e-5 ‖Δρ‖ = 7.091931749929936e-5  ‖vε - vref‖ = 0.132128751652781  α = 0.00212
 11   -19.99707247615       -8.22       -3.61    7.80s
    ‖ρε - ρref‖ = 5.4272138129652415e-5 ‖Δρ‖ = 5.386524562861061e-5  ‖vε - vref‖ = 0.10970269205154307  α = 0.00262
 12   -19.99707247636       -9.68       -3.31    10.7s
    ‖ρε - ρref‖ = 0.00029742249837934884 ‖Δρ‖ = 0.0002930632865103089  ‖vε - vref‖ = 0.10856880661325385  α = 6.95e-5
 13   -19.99707248006       -8.43       -3.63    8.43s
    ‖ρε - ρref‖ = 5.249903307213644e-5 ‖Δρ‖ = 5.218689797461432e-5  ‖vε - vref‖ = 0.09506786710730178  α = 0.00211
 14   -19.99707248123       -8.93       -3.51    11.0s
    ‖ρε - ρref‖ = 9.379119931095797e-5 ‖Δρ‖ = 9.417930388000588e-5  ‖vε - vref‖ = 0.09073467699928274  α = 0.000626
 15   -19.99707248297       -8.76       -3.21    8.16s
    ‖ρε - ρref‖ = 0.0001671323037579338 ‖Δρ‖ = 0.00016709672858879882  ‖vε - vref‖ = 0.08426994933389688  α = 0.000434
 16   -19.99707248465       -8.78       -3.16    10.6s
    ‖ρε - ρref‖ = 0.00018177786095552393 ‖Δρ‖ = 0.00018124809987981575  ‖vε - vref‖ = 0.07577404932857522  α = 0.000387
 17   -19.99707248662       -8.71       -3.90    10.9s
    ‖ρε - ρref‖ = 2.9364940721289947e-5 ‖Δρ‖ = 2.836432513913516e-5  ‖vε - vref‖ = 0.06773321533869124  α = 0.00282
 18   -19.99707248731       -9.16       -3.72    8.62s
    ‖ρε - ρref‖ = 5.491471441548192e-5 ‖Δρ‖ = 5.507360035139932e-5  ‖vε - vref‖ = 0.06451311479938929  α = 0.000834
 19   -19.99707248821       -9.05       -3.84    10.7s
    ‖ρε - ρref‖ = 3.521316023369848e-5 ‖Δρ‖ = 3.541665422057639e-5  ‖vε - vref‖ = 0.06110716065524872  α = 0.00151
 20   -19.99707248963       -8.85       -3.80    8.13s
    ‖ρε - ρref‖ = 3.333158839681212e-5 ‖Δρ‖ = 3.249267222848281e-5  ‖vε - vref‖ = 0.055248449762021444  α = 0.00208
 21   -19.99707249060       -9.01       -4.40    11.3s
    ‖ρε - ρref‖ = 9.695914475911458e-6 ‖Δρ‖ = 7.802275145575893e-6  ‖vε - vref‖ = 0.05376623657652582  α = 0.00711
 22   -19.99707249116       -9.25       -3.95    8.59s
    ‖ρε - ρref‖ = 2.498002244155091e-5 ‖Δρ‖ = 2.4858988018561874e-5  ‖vε - vref‖ = 0.05206230954297417  α = 0.00169
 23   -19.99707249155       -9.41       -4.27    10.1s
    ‖ρε - ρref‖ = 1.1953532827063169e-5 ‖Δρ‖ = 1.0929995062839989e-5  ‖vε - vref‖ = 0.0513805921528163  α = 0.00327
 24   -19.99707249184       -9.54       -4.20    7.53s
    ‖ρε - ρref‖ = 1.5580315484098423e-5 ‖Δρ‖ = 1.3539558071639157e-5  ‖vε - vref‖ = 0.05141309924142489  α = 0.00221
 25   -19.99707249188      -10.46       -3.42    10.3s
    ‖ρε - ρref‖ = 0.00015335675871525547 ‖Δρ‖ = 0.00015716129939170596  ‖vε - vref‖ = 0.05111380094389128  α = 5.5e-5
 26   -19.99707249213       -9.60       -4.26    7.44s
    ‖ρε - ρref‖ = 1.228985117232089e-5 ‖Δρ‖ = 1.0946490563485016e-5  ‖vε - vref‖ = 0.05124201735311325  α = 0.00264
 27   -19.99707249217      -10.47       -4.14    10.8s
    ‖ρε - ρref‖ = 2.4778674397840255e-5 ‖Δρ‖ = 2.509025670292084e-5  ‖vε - vref‖ = 0.051232235817082854  α = 0.000393
 28   -19.99707249223      -10.22       -4.27    8.52s
    ‖ρε - ρref‖ = 1.65112551063792e-5 ‖Δρ‖ = 1.581562379441976e-5  ‖vε - vref‖ = 0.051540176501670684  α = 0.000834
 29   -19.99707249241       -9.75       -3.75    10.5s
    ‖ρε - ρref‖ = 3.692835336551282e-5 ‖Δρ‖ = 3.642761636815379e-5  ‖vε - vref‖ = 0.051950044670860035  α = 0.000648
 30   -19.99707249254       -9.86       -4.22    7.70s
    ‖ρε - ρref‖ = 1.4061453045442486e-5 ‖Δρ‖ = 1.2598955628040835e-5  ‖vε - vref‖ = 0.05261094864445754  α = 0.00167
 31   -19.99707249257      -10.51       -4.32    10.2s
    ‖ρε - ρref‖ = 1.4870962112446322e-5 ‖Δρ‖ = 1.4296135195694487e-5  ‖vε - vref‖ = 0.05269630585556071  α = 0.000679
 32   -19.99707249265      -10.12       -4.63    10.8s
    ‖ρε - ρref‖ = 6.58529583262213e-6 ‖Δρ‖ = 5.340110783115575e-6  ‖vε - vref‖ = 0.053045943930129257  α = 0.00289
 33   -19.99707249275      -10.00       -4.34    8.09s
    ‖ρε - ρref‖ = 1.0711969903250279e-5 ‖Δρ‖ = 9.117066113092803e-6  ‖vε - vref‖ = 0.053848792745194884  α = 0.00197
 34   -19.99707249285      -10.01       -4.60    10.8s
    ‖ρε - ρref‖ = 7.402897392602425e-6 ‖Δρ‖ = 4.71788491456146e-6  ‖vε - vref‖ = 0.05496654014122032  α = 0.00377
 35   -19.99707249290      -10.25       -4.64    7.70s
    ‖ρε - ρref‖ = 6.787581370774376e-6 ‖Δρ‖ = 4.713314732596548e-6  ‖vε - vref‖ = 0.05550374403312635  α = 0.00286
 36   -19.99707249292      -10.87       -4.75    11.2s
    ‖ρε - ρref‖ = 5.043205416467207e-6 ‖Δρ‖ = 5.328900592727396e-6  ‖vε - vref‖ = 0.055666902271581595  α = 0.0011
 37   -19.99707249293      -10.82       -3.65    7.91s
    ‖ρε - ρref‖ = 6.819807238835594e-5 ‖Δρ‖ = 6.544074361392128e-5  ‖vε - vref‖ = 0.05580722105213383  α = 9.63e-5
 38   -19.99707249299      -10.25       -4.72    10.3s
    ‖ρε - ρref‖ = 5.883221004397488e-6 ‖Δρ‖ = 3.5048448864639274e-6  ‖vε - vref‖ = 0.056358756560922915  α = 0.00383
 39   -19.99707249300      -10.96       -4.63    8.31s
    ‖ρε - ρref‖ = 9.19397723655901e-6 ‖Δρ‖ = 7.0708140346371365e-6  ‖vε - vref‖ = 0.056523413222500346  α = 0.0008
 40   -19.99707249303      -10.60       -4.25    10.9s
    ‖ρε - ρref‖ = 1.4395487856748004e-5 ‖Δρ‖ = 1.3480011975495448e-5  ‖vε - vref‖ = 0.0568290861880444  α = 0.000644
 41   -19.99707249305      -10.62       -4.02    8.48s
    ‖ρε - ρref‖ = 2.3658780926490726e-5 ‖Δρ‖ = 2.342671784732704e-5  ‖vε - vref‖ = 0.057116759356692776  α = 0.000352
 42   -19.99707249308      -10.59       -4.64    11.1s
    ‖ρε - ρref‖ = 7.536136521006402e-6 ‖Δρ‖ = 5.11233809876269e-6  ‖vε - vref‖ = 0.05747490957106554  α = 0.00176
 43   -19.99707249309      -10.77       -4.93    8.57s
    ‖ρε - ρref‖ = 5.965356376006362e-6 ‖Δρ‖ = 2.9170210396147252e-6  ‖vε - vref‖ = 0.057731068455117954  α = 0.00247
 44   -19.99707249312      -10.61       -4.40    10.9s
    ‖ρε - ρref‖ = 9.633428495500718e-6 ‖Δρ‖ = 8.407381270199556e-6  ‖vε - vref‖ = 0.05801458854932407  α = 0.00105
 45   -19.99707249314      -10.62       -4.84    8.20s
    ‖ρε - ρref‖ = 5.520548922780543e-6 ‖Δρ‖ = 3.1268683792179092e-6  ‖vε - vref‖ = 0.05822868370722599  α = 0.00277
 46   -19.99707249317      -10.58       -4.66    10.8s
    ‖ρε - ρref‖ = 7.263511141462046e-6 ‖Δρ‖ = 4.490698508330573e-6  ‖vε - vref‖ = 0.058609269733023925  α = 0.00203
 47   -19.99707249319      -10.63       -4.87    8.57s
    ‖ρε - ρref‖ = 5.903943201712761e-6 ‖Δρ‖ = 2.7162229572700655e-6  ‖vε - vref‖ = 0.058847655855575456  α = 0.00318
 48   -19.99707249319      -11.80       -4.54    10.6s
    ‖ρε - ρref‖ = 1.0058530907234688e-5 ‖Δρ‖ = 1.3831931575253428e-5  ‖vε - vref‖ = 0.058850704979579345  α = 0.00013
 49   -19.99707249321      -10.64       -4.40    8.14s
    ‖ρε - ρref‖ = 1.014289621843862e-5 ‖Δρ‖ = 8.45826124578449e-6  ‖vε - vref‖ = 0.05899248479504052  α = 0.000999
 50   -19.99707249327      -10.27       -5.14    11.1s
    ‖ρε - ρref‖ = 5.125721698270426e-6 ‖Δρ‖ = 1.2020607786313793e-6  ‖vε - vref‖ = 0.0593084517047274  α = 0.0105
 51   -19.99707249327      -11.24       -4.24    7.85s
    ‖ρε - ρref‖ = 2.0242125392357105e-5 ‖Δρ‖ = 1.9036621009994315e-5  ‖vε - vref‖ = 0.05934994563583274  α = 0.000215
 52   -19.99707249328      -11.35       -4.69    10.1s
    ‖ρε - ρref‖ = 9.232224642295059e-6 ‖Δρ‖ = 7.2397124420268665e-6  ‖vε - vref‖ = 0.05937764943798998  α = 0.000484
 53   -19.99707249330      -10.64       -4.62    8.05s
    ‖ρε - ρref‖ = 7.061624025119026e-6 ‖Δρ‖ = 4.965438362956785e-6  ‖vε - vref‖ = 0.05953360651298018  α = 0.0017
 54   -19.99707249332      -10.67       -4.94    10.2s
    ‖ρε - ρref‖ = 5.7650513950148985e-6 ‖Δρ‖ = 2.5527388796742796e-6  ‖vε - vref‖ = 0.05964732402056814  α = 0.00315
 55   -19.99707249334      -10.90       -4.63    8.49s
    ‖ρε - ρref‖ = 8.09647327870595e-6 ‖Δρ‖ = 6.075908282076419e-6  ‖vε - vref‖ = 0.059704576199988674  α = 0.00101
 56   -19.99707249335      -10.79       -4.59    10.1s
    ‖ρε - ρref‖ = 7.445199563868904e-6 ‖Δρ‖ = 5.627942891518194e-6  ‖vε - vref‖ = 0.059712732317747506  α = 0.00127
 57   -19.99707249337      -10.70       -5.03    8.60s
    ‖ρε - ρref‖ = 5.150366873597851e-6 ‖Δρ‖ = 1.95049101842736e-6  ‖vε - vref‖ = 0.059626459620747495  α = 0.00405
 58   -19.99707249339      -10.72       -4.70    9.88s
    ‖ρε - ρref‖ = 6.950668438471631e-6 ‖Δρ‖ = 4.149363569095195e-6  ‖vε - vref‖ = 0.05962878972353935  α = 0.00186
 59   -19.99707249340      -11.30       -4.97    9.69s
    ‖ρε - ρref‖ = 7.506729596506697e-6 ‖Δρ‖ = 3.4079271559412352e-6  ‖vε - vref‖ = 0.05963804450656554  α = 0.00102
 60   -19.99707249341      -11.00       -3.81    7.62s
    ‖ρε - ρref‖ = 3.583364952516801e-5 ‖Δρ‖ = 3.8219574407581044e-5  ‖vε - vref‖ = 0.0595350067213342  α = 0.000135
 61   -19.99707249342      -10.80       -4.92    10.1s
    ‖ρε - ρref‖ = 5.692860595432756e-6 ‖Δρ‖ = 2.5681728966591566e-6  ‖vε - vref‖ = 0.059485878982097465  α = 0.00269
 62   -19.99707249343      -10.94       -4.87    8.13s
    ‖ρε - ρref‖ = 6.03128711979683e-6 ‖Δρ‖ = 3.038473835633112e-6  ‖vε - vref‖ = 0.05947260731966094  α = 0.00196
 63   -19.99707249344      -11.74       -4.58    10.6s
    ‖ρε - ρref‖ = 1.1433755181526912e-5 ‖Δρ‖ = 9.682495105479618e-6  ‖vε - vref‖ = 0.05948132038134188  α = 0.000239
 64   -19.99707249344      -11.15       -4.92    8.58s
    ‖ρε - ρref‖ = 6.373928607414771e-6 ‖Δρ‖ = 3.2352438673266764e-6  ‖vε - vref‖ = 0.05947539530610648  α = 0.0014
 65   -19.99707249346      -10.87       -4.38    11.1s
    ‖ρε - ρref‖ = 9.99945262924012e-6 ‖Δρ‖ = 8.871762708261474e-6  ‖vε - vref‖ = 0.05941787192090952  α = 0.000716
 66   -19.99707249347      -10.78       -4.85    8.42s
    ‖ρε - ρref‖ = 5.542851027816056e-6 ‖Δρ‖ = 2.78514870922244e-6  ‖vε - vref‖ = 0.059248909323240964  α = 0.00257
 67   -19.99707249349      -10.89       -5.03    11.2s
    ‖ρε - ρref‖ = 5.529694669198537e-6 ‖Δρ‖ = 1.9815614839246325e-6  ‖vε - vref‖ = 0.059174964342370386  α = 0.00317
 68   -19.99707249349      -11.31       -4.62    8.07s
    ‖ρε - ρref‖ = 8.358519368106392e-6 ‖Δρ‖ = 6.653128083278621e-6  ‖vε - vref‖ = 0.05912910061872324  α = 0.000578
 69   -19.99707249351      -10.74       -5.32    10.7s
    ‖ρε - ρref‖ = 5.0933801772318395e-6 ‖Δρ‖ = 7.974687667410505e-7  ‖vε - vref‖ = 0.058911442151893006  α = 0.00943
 70   -19.99707249351      -11.39       -5.18    8.20s
    ‖ρε - ρref‖ = 5.141173336487048e-6 ‖Δρ‖ = 1.7235988536339661e-6  ‖vε - vref‖ = 0.058880949594589775  α = 0.00203
 71   -19.99707249351      -12.06       -4.28    11.1s
    ‖ρε - ρref‖ = 2.6577126462058246e-5 ‖Δρ‖ = 2.2297734015573536e-5  ‖vε - vref‖ = 0.0588800371548869  α = 6.03e-5
 72   -19.99707249352      -11.12       -5.07    8.56s
    ‖ρε - ρref‖ = 5.0039161358094275e-6 ‖Δρ‖ = 1.8051520281736544e-6  ‖vε - vref‖ = 0.05873711895958501  α = 0.0027
 73   -19.99707249353      -11.20       -5.04    9.88s
    ‖ρε - ρref‖ = 5.542140881961835e-6 ‖Δρ‖ = 2.0274040618081157e-6  ‖vε - vref‖ = 0.0586833757360707  α = 0.00217
 74   -19.99707249353      -11.52       -5.04    7.46s
    ‖ρε - ρref‖ = 5.594013695863372e-6 ‖Δρ‖ = 2.5219132940682955e-6  ‖vε - vref‖ = 0.05865395077576761  α = 0.00118
 75   -19.99707249353      -11.42       -4.41    10.3s
    ‖ρε - ρref‖ = 1.1803814832653552e-5 ‖Δρ‖ = 1.0296152181926633e-5  ‖vε - vref‖ = 0.05863839850407678  α = 0.000325
 76   -19.99707249354      -11.88       -5.01    8.05s
    ‖ρε - ρref‖ = 6.460081572887415e-6 ‖Δρ‖ = 3.293568000176094e-6  ‖vε - vref‖ = 0.05863211399353112  α = 0.000588
 77   -19.99707249354      -11.04       -4.96    10.7s
    ‖ρε - ρref‖ = 5.410441419999001e-6 ‖Δρ‖ = 1.8862192657228456e-6  ‖vε - vref‖ = 0.058569130900284656  α = 0.00285
 78   -19.99707249355      -11.61       -5.24    8.52s
    ‖ρε - ρref‖ = 5.122978620475351e-6 ‖Δρ‖ = 1.3717114993464738e-6  ‖vε - vref‖ = 0.05851886604731433  α = 0.00205
 79   -19.99707249355      -11.60       -5.29    11.0s
    ‖ρε - ρref‖ = 5.1506123606825944e-6 ‖Δρ‖ = 1.2511633830566322e-6  ‖vε - vref‖ = 0.05847937121471232  α = 0.00223
 80   -19.99707249355      -11.41       -4.84    8.38s
    ‖ρε - ρref‖ = 5.778282512978149e-6 ‖Δρ‖ = 3.1102846561695658e-6  ‖vε - vref‖ = 0.05841527937632623  α = 0.00112
 81   -19.99707249356      -11.55       -5.21    10.2s
    ‖ρε - ρref‖ = 5.4401960586655366e-6 ‖Δρ‖ = 1.471293373547399e-6  ‖vε - vref‖ = 0.05841045825054437  α = 0.00201
 82   -19.99707249356      -11.69       -5.27    7.49s
    ‖ρε - ρref‖ = 4.274249833701857e-6 ‖Δρ‖ = 1.484692821292701e-6  ‖vε - vref‖ = 0.05839582645329829  α = 0.00146
 83   -19.99707249356      -11.31       -3.92    10.4s
    ‖ρε - ρref‖ = 2.683903272862891e-5 ‖Δρ‖ = 2.4354367783945173e-5  ‖vε - vref‖ = 0.05836288436445504  α = 0.000153
 84   -19.99707249357      -11.30       -5.44    8.55s
    ‖ρε - ρref‖ = 5.0540614223543965e-6 ‖Δρ‖ = 7.286908613874232e-7  ‖vε - vref‖ = 0.05828116514895894  α = 0.00537
 85   -19.99707249357      -11.53       -5.36    9.88s
    ‖ρε - ρref‖ = 5.2093732535320924e-6 ‖Δρ‖ = 1.0244883040095982e-6  ‖vε - vref‖ = 0.058256921261118394  α = 0.00291
 86   -19.99707249357      -12.16       -4.68    7.62s
    ‖ρε - ρref‖ = 8.428121798064254e-6 ‖Δρ‖ = 7.007115586794619e-6  ‖vε - vref‖ = 0.05824284334030678  α = 0.000203
 87   -19.99707249357      -11.83       -5.19    10.3s
    ‖ρε - ρref‖ = 5.2525611758814705e-6 ‖Δρ‖ = 1.7214432482457405e-6  ‖vε - vref‖ = 0.05822787968804562  α = 0.00121
 88   -19.99707249357      -12.01       -4.91    8.42s
    ‖ρε - ρref‖ = 6.652491593211579e-6 ‖Δρ‖ = 3.6511611405807926e-6  ‖vε - vref‖ = 0.05821852032539019  α = 0.000461
 89   -19.99707249358      -11.67       -5.37    9.89s
    ‖ρε - ρref‖ = 5.2221678945806465e-6 ‖Δρ‖ = 9.732170788462507e-7  ‖vε - vref‖ = 0.058199545014425126  α = 0.00267
 90   -19.99707249358      -11.56       -5.27    7.52s
    ‖ρε - ρref‖ = 4.9633024240069735e-6 ‖Δρ‖ = 1.1736498444815855e-6  ‖vε - vref‖ = 0.058118581693791284  α = 0.00251
 91   -19.99707249358      -11.64       -5.25    10.3s
    ‖ρε - ρref‖ = 5.314326706909088e-6 ‖Δρ‖ = 1.254494139209097e-6  ‖vε - vref‖ = 0.05809413682313552  α = 0.00213
 92   -19.99707249358      -12.05       -5.10    8.09s
    ‖ρε - ρref‖ = 5.6560711254135555e-6 ‖Δρ‖ = 2.3864870479638088e-6  ‖vε - vref‖ = 0.058081861777172394  α = 0.000694
 93   -19.99707249359      -11.50       -5.45    10.8s
    ‖ρε - ρref‖ = 5.152325791542632e-6 ‖Δρ‖ = 6.927943149971362e-7  ‖vε - vref‖ = 0.05804076802981621  α = 0.00453
 94   -19.99707249359      -12.75       -4.73    8.13s
    ‖ρε - ρref‖ = 5.8045715804942845e-6 ‖Δρ‖ = 9.280718717875625e-6  ‖vε - vref‖ = 0.05803412537960343  α = 6.19e-5
 95   -19.99707249359      -11.44       -5.32    10.5s
    ‖ρε - ρref‖ = 5.175748184850521e-6 ‖Δρ‖ = 9.228594701837373e-7  ‖vε - vref‖ = 0.05800211548395906  α = 0.00364
 96   -19.99707249359      -11.61       -5.21    7.93s
    ‖ρε - ρref‖ = 5.303665066423171e-6 ‖Δρ‖ = 1.3323587898991937e-6  ‖vε - vref‖ = 0.057995898944629524  α = 0.00208
 97   -19.99707249359      -11.88       -5.51    10.3s
    ‖ρε - ρref‖ = 5.170004813203143e-6 ‖Δρ‖ = 7.535906070589459e-7  ‖vε - vref‖ = 0.05799127171547724  α = 0.00268
 98   -19.99707249359      -12.22       -4.75    7.49s
    ‖ρε - ρref‖ = 7.422719909240174e-6 ‖Δρ‖ = 5.658769552311637e-6  ‖vε - vref‖ = 0.057977714502227336  α = 0.000236
 99   -19.99707249360      -11.68       -5.15    10.6s
    ‖ρε - ρref‖ = 5.00425298859649e-6 ‖Δρ‖ = 1.4766828245250524e-6  ‖vε - vref‖ = 0.05792846328014798  α = 0.00173
 100   -19.99707249360      -12.34       -5.06    8.59s
    ‖ρε - ρref‖ = 6.1425531932933065e-6 ‖Δρ‖ = 3.063218089453816e-6  ‖vε - vref‖ = 0.05792185108775885  α = 0.000363
 101   -19.99707249360      -11.56       -5.57    11.2s
    ‖ρε - ρref‖ = 5.123879884713342e-6 ‖Δρ‖ = 5.048142705895192e-7  ‖vε - vref‖ = 0.05795202845423425  α = 0.00582
 102   -19.99707249360      -11.83       -5.59    8.59s
    ‖ρε - ρref‖ = 5.055379042627222e-6 ‖Δρ‖ = 5.810373804745666e-7  ‖vε - vref‖ = 0.057952483755918806  α = 0.0037
 103   -19.99707249360      -11.96       -5.34    11.5s
    ‖ρε - ρref‖ = 5.3150507792193405e-6 ‖Δρ‖ = 1.1420232218701812e-6  ‖vε - vref‖ = 0.05796637512141612  α = 0.0016
 104   -19.99707249360      -11.86       -5.11    8.54s
    ‖ρε - ρref‖ = 5.433616506384188e-6 ‖Δρ‖ = 1.8338432824934757e-6  ‖vε - vref‖ = 0.057967764461268986  α = 0.00111
 105   -19.99707249360      -12.21       -5.23    8.48s
    ‖ρε - ρref‖ = 6.129927096609172e-6 ‖Δρ‖ = 1.7020068702331775e-6  ‖vε - vref‖ = 0.05796730323158026  α = 0.000714
 106   -19.99707249360      -11.88       -4.23    10.6s
    ‖ρε - ρref‖ = 1.1215650789409238e-5 ‖Δρ‖ = 1.3227923484630713e-5  ‖vε - vref‖ = 0.05793503108062329  α = 0.000142
 107   -19.99707249361      -12.27       -5.47    7.64s
    ‖ρε - ρref‖ = 5.200075743477121e-6 ‖Δρ‖ = 9.767676181993077e-7  ‖vε - vref‖ = 0.05794135670954516  α = 0.0013
 108   -19.99707249361      -11.67       -5.87    11.2s
    ‖ρε - ρref‖ = 5.066972347454784e-6 ‖Δρ‖ = 2.2889110551810201e-7  ‖vε - vref‖ = 0.05800894035600189  α = 0.0113
 109   -19.99707249361      -12.73       -5.47    8.53s
    ‖ρε - ρref‖ = 5.310435799120336e-6 ‖Δρ‖ = 1.1834749444398203e-6  ‖vε - vref‖ = 0.058020692147963335  α = 0.000624
 110   -19.99707249361      -12.21       -5.05    11.2s
    ‖ρε - ρref‖ = 5.662770224819408e-6 ‖Δρ‖ = 2.1283017663246896e-6  ‖vε - vref‖ = 0.05804550463964736  α = 0.000648
 111   -19.99707249361      -12.08       -5.54    8.26s
    ‖ρε - ρref‖ = 5.017838359734772e-6 ‖Δρ‖ = 6.900807717245836e-7  ‖vε - vref‖ = 0.05806224802270922  α = 0.0022
 112   -19.99707249361      -11.94       -4.83    11.0s
    ‖ρε - ρref‖ = 6.022303516110523e-6 ‖Δρ‖ = 3.0386252897873266e-6  ‖vε - vref‖ = 0.05808113309544583  α = 0.000613
 113   -19.99707249361      -12.12       -5.63    7.54s
    ‖ρε - ρref‖ = 5.010925110280676e-6 ‖Δρ‖ = 5.280302154086572e-7  ‖vε - vref‖ = 0.05808521405772894  α = 0.00291
 114   -19.99707249361      -12.08       -5.48    10.2s
    ‖ρε - ρref‖ = 5.097204890533303e-6 ‖Δρ‖ = 7.193307055593644e-7  ‖vε - vref‖ = 0.0581077132757937  α = 0.00223
 115   -19.99707249361      -12.22       -5.73    7.50s
    ‖ρε - ρref‖ = 5.110074445407504e-6 ‖Δρ‖ = 4.2824272010422544e-7  ‖vε - vref‖ = 0.05814767654871974  α = 0.00321
 116   -19.99707249361      -12.32       -5.15    10.9s
    ‖ρε - ρref‖ = 5.050390251336786e-6 ‖Δρ‖ = 1.729415694763963e-6  ‖vε - vref‖ = 0.05817397484330366  α = 0.000684
 117   -19.99707249361      -13.22       -4.86    8.57s
    ‖ρε - ρref‖ = 1.0761428635320923e-5 ‖Δρ‖ = 6.281696767782954e-6  ‖vε - vref‖ = 0.05817979594065085  α = 5.69e-5
 118   -19.99707249361      -12.18       -5.70    10.9s
    ‖ρε - ρref‖ = 5.1263838183012635e-6 ‖Δρ‖ = 4.3417243589371915e-7  ‖vε - vref‖ = 0.058224674359499  α = 0.0033
 119   -19.99707249361      -12.12       -5.66    8.62s
    ‖ρε - ρref‖ = 5.031954873218616e-6 ‖Δρ‖ = 4.640810163747093e-7  ‖vε - vref‖ = 0.05824174916534167  α = 0.00329
 120   -19.99707249362      -12.17       -5.64    10.8s
    ‖ρε - ρref‖ = 4.992538349691979e-6 ‖Δρ‖ = 5.000347636176526e-7  ‖vε - vref‖ = 0.05824108880352085  α = 0.00287
 121   -19.99707249362      -12.97       -5.23    8.15s
    ‖ρε - ρref‖ = 5.593201786566201e-6 ‖Δρ‖ = 2.1122427394305375e-6  ‖vε - vref‖ = 0.058246075924357744  α = 0.000246
 122   -19.99707249362      -12.41       -5.47    10.3s
    ‖ρε - ρref‖ = 5.278733440719301e-6 ‖Δρ‖ = 8.354710162035368e-7  ‖vε - vref‖ = 0.05826913744636607  α = 0.00129
 123   -19.99707249362      -12.51       -5.61    7.60s
    ‖ρε - ρref‖ = 5.018579982292583e-6 ‖Δρ‖ = 6.417392057755953e-7  ‖vε - vref‖ = 0.05828086453409474  α = 0.00151
 124   -19.99707249362      -12.55       -5.17    11.0s
    ‖ρε - ρref‖ = 5.436468036181615e-6 ‖Δρ‖ = 1.7505578955387723e-6  ‖vε - vref‖ = 0.05829045751659172  α = 0.000516
 125   -19.99707249362      -12.17       -5.64    7.46s
    ‖ρε - ρref‖ = 5.0744984448193715e-6 ‖Δρ‖ = 4.32856199534959e-7  ‖vε - vref‖ = 0.058318421678586044  α = 0.00341
 126   -19.99707249362      -12.37       -5.91    9.94s
    ‖ρε - ρref‖ = 5.068614850103835e-6 ‖Δρ‖ = 2.5099798235322057e-7  ‖vε - vref‖ = 0.058336529342972836  α = 0.00457
 127   -19.99707249362      -12.57       -5.71    7.50s
    ‖ρε - ρref‖ = 5.096174073698051e-6 ‖Δρ‖ = 4.4021507658581274e-7  ‖vε - vref‖ = 0.058344050415788815  α = 0.00211
 128   -19.99707249362      -13.67       -5.35    10.7s
    ‖ρε - ρref‖ = 3.6558145347166866e-6 ‖Δρ‖ = 2.016099731451064e-6  ‖vε - vref‖ = 0.05834295844884354  α = 0.000124
 129   -19.99707249362      -12.88       -5.21    7.48s
    ‖ρε - ρref‖ = 5.659235533533087e-6 ‖Δρ‖ = 1.8471749467430677e-6  ‖vε - vref‖ = 0.0583456856203155  α = 0.00032
 130   -19.99707249362      -12.25       -5.74    10.4s
    ‖ρε - ρref‖ = 5.066656391834792e-6 ‖Δρ‖ = 3.3548242001672607e-7  ‖vε - vref‖ = 0.0583689918473603  α = 0.00401
 131   -19.99707249362      -12.60       -5.66    7.49s
    ‖ρε - ρref‖ = 5.129523793628841e-6 ‖Δρ‖ = 5.147591712861572e-7  ‖vε - vref‖ = 0.05838220791445089  α = 0.00168
 132   -19.99707249362      -12.47       -5.87    7.54s
    ‖ρε - ρref‖ = 5.050233021236348e-6 ‖Δρ‖ = 2.7506830874406973e-7  ‖vε - vref‖ = 0.05838628214654535  α = 0.0038
 133   -19.99707249362      -13.17       -5.19    10.0s
    ‖ρε - ρref‖ = 5.5867736389471115e-6 ‖Δρ‖ = 2.207975808572863e-6  ‖vε - vref‖ = 0.0583888595949222  α = 0.00019
 134   -19.99707249362      -12.37       -5.79    7.52s
    ‖ρε - ρref‖ = 5.077527813468204e-6 ‖Δρ‖ = 3.094465811701309e-7  ‖vε - vref‖ = 0.05839175885337872  α = 0.00367
 135   -19.99707249362      -13.15       -5.72    10.6s
    ‖ρε - ρref‖ = 4.963763895645299e-6 ‖Δρ‖ = 6.666564490297243e-7  ‖vε - vref‖ = 0.05838976113351792  α = 0.00061
 136   -19.99707249362      -12.87       -5.67    8.07s
    ‖ρε - ρref‖ = 5.037804861909745e-6 ‖Δρ‖ = 5.62778168889371e-7  ‖vε - vref‖ = 0.058385030871906336  α = 0.00114
 137   -19.99707249362      -12.18       -5.94    11.6s
    ‖ρε - ρref‖ = 5.061975604863307e-6 ‖Δρ‖ = 1.8064980694133797e-7  ‖vε - vref‖ = 0.05838680797965126  α = 0.0078
 138   -19.99707249362      -12.94       -5.74    8.49s
    ‖ρε - ρref‖ = 5.020053485218107e-6 ‖Δρ‖ = 4.712989748728902e-7  ‖vε - vref‖ = 0.058385529431986  α = 0.00141
 139   -19.99707249362      -12.81       -5.90    10.8s
    ‖ρε - ρref‖ = 5.263269965627838e-6 ‖Δρ‖ = 3.163715000393656e-7  ‖vε - vref‖ = 0.058399361547643386  α = 0.00186
 140   -19.99707249362      -12.96       -4.60    7.50s
    ‖ρε - ρref‖ = 6.404602937364337e-6 ‖Δρ‖ = 6.569550091590976e-6  ‖vε - vref‖ = 0.05840578398866969  α = 8.3e-5
 141   -19.99707249362      -13.22       -5.76    10.7s
    ‖ρε - ρref‖ = 5.0946207353291086e-6 ‖Δρ‖ = 5.299448640012717e-7  ‖vε - vref‖ = 0.05840737226873702  α = 0.000782
 142   -19.99707249362      -12.66       -5.89    7.54s
    ‖ρε - ρref‖ = 5.046678320643769e-6 ‖Δρ‖ = 2.551488891480868e-7  ‖vε - vref‖ = 0.05840716722742938  α = 0.00325
 143   -19.99707249362      -12.70       -5.81    11.5s
    ‖ρε - ρref‖ = 5.0908749005187906e-6 ‖Δρ‖ = 3.188665470050199e-7  ‖vε - vref‖ = 0.05841156515011185  α = 0.00254
 144   -19.99707249362      -13.11       -6.02    7.96s
    ‖ρε - ρref‖ = 5.044460481694774e-6 ‖Δρ‖ = 2.7582206016202724e-7  ‖vε - vref‖ = 0.05840601608896387  α = 0.00158
 145   -19.99707249362      -12.89       -5.16    10.0s
    ‖ρε - ρref‖ = 5.2370762601546674e-6 ‖Δρ‖ = 1.5332052628957943e-6  ‖vε - vref‖ = 0.058398022713338354  α = 0.000423
 146   -19.99707249362      -13.15       -6.09    7.75s
    ‖ρε - ρref‖ = 5.042573303795536e-6 ‖Δρ‖ = 2.100973259266501e-7  ‖vε - vref‖ = 0.05838980180854753  α = 0.00236
 147   -19.99707249362      -13.13       -5.80    11.1s
    ‖ρε - ρref‖ = 4.992852926636813e-6 ‖Δρ‖ = 4.714297774417401e-7  ‖vε - vref‖ = 0.05838527215794931  α = 0.000879
 148   -19.99707249362      -12.64       -5.56    8.20s
    ‖ρε - ρref‖ = 5.101338852702516e-6 ‖Δρ‖ = 5.352120946852301e-7  ‖vε - vref‖ = 0.058375902506825866  α = 0.00157
 149   -19.99707249362      -12.72       -5.87    8.46s
    ‖ρε - ρref‖ = 5.078631385324218e-6 ‖Δρ‖ = 2.720364371627063e-7  ‖vε - vref‖ = 0.058376579031739755  α = 0.00291
 150   -19.99707249362      -12.96       -6.11    11.2s
    ‖ρε - ρref‖ = 5.063692558570799e-6 ‖Δρ‖ = 1.8957958267406816e-7  ‖vε - vref‖ = 0.05837919547280355  α = 0.00297
 151   -19.99707249362      -13.97       -5.53    8.30s
    ‖ρε - ρref‖ = 6.383290982589322e-6 ‖Δρ‖ = 1.512844348949401e-6  ‖vε - vref‖ = 0.05838015505096478  α = 8.45e-5
 152   -19.99707249362      -12.73       -5.79    11.1s
    ‖ρε - ρref‖ = 5.039304136187575e-6 ‖Δρ‖ = 3.302749777592844e-7  ‖vε - vref‖ = 0.058375974183078445  α = 0.00233
 153   -19.99707249362      -13.07       -5.66    8.56s
    ‖ρε - ρref‖ = 5.052378397145459e-6 ‖Δρ‖ = 5.958140665070487e-7  ‖vε - vref‖ = 0.058371342379823075  α = 0.000864
 154   -19.99707249362      -12.77       -5.72    10.5s
    ‖ρε - ρref‖ = 5.068204736438042e-6 ‖Δρ‖ = 4.0230742457950223e-7  ‖vε - vref‖ = 0.058364863854624104  α = 0.00174
 155   -19.99707249362      -12.96       -6.08    7.49s
    ‖ρε - ρref‖ = 5.086792194226317e-6 ‖Δρ‖ = 1.8917973893841193e-7  ‖vε - vref‖ = 0.05836304656984235  α = 0.00314
 156   -19.99707249362      -13.37       -5.68    10.1s
    ‖ρε - ρref‖ = 5.028182307999258e-6 ‖Δρ‖ = 6.255202032675638e-7  ‖vε - vref‖ = 0.058356225875444125  α = 0.000637
 157   -19.99707249362      -12.96       -5.28    8.22s
    ‖ρε - ρref‖ = 5.05499256313941e-6 ‖Δρ‖ = 1.2874749097218346e-6  ‖vε - vref‖ = 0.05834608021488119  α = 0.00042
 158   -19.99707249362      -12.81       -6.30    10.5s
    ‖ρε - ρref‖ = 5.059441733159877e-6 ‖Δρ‖ = 9.43387573270849e-8  ‖vε - vref‖ = 0.05833711861364789  α = 0.00742
 159   -19.99707249362      -13.22       -5.57    7.90s
    ‖ρε - ρref‖ = 5.031675092437331e-6 ‖Δρ‖ = 7.490878546945276e-7  ‖vε - vref‖ = 0.0583344999960064  α = 0.00052
 160   -19.99707249362      -12.89       -5.63    10.4s
    ‖ρε - ρref‖ = 5.131380052240814e-6 ‖Δρ‖ = 4.724881779506175e-7  ‖vε - vref‖ = 0.058331971211032035  α = 0.00124
 161   -19.99707249362      -13.22       -6.17    7.91s
    ‖ρε - ρref‖ = 5.044745076364762e-6 ‖Δρ‖ = 1.4106037117638849e-7  ‖vε - vref‖ = 0.058323559713322815  α = 0.00344
 162   -19.99707249362      -13.85       -6.28    8.14s
    ‖ρε - ρref‖ = 4.952721847830541e-6 ‖Δρ‖ = 1.612588524420008e-7  ‖vε - vref‖ = 0.05832145751699206  α = 0.00127
 163   -19.99707249362      -13.27       -5.02    11.0s
    ‖ρε - ρref‖ = 6.330703442390621e-6 ‖Δρ‖ = 2.317255142009303e-6  ‖vε - vref‖ = 0.05832043942063514  α = 0.000137
 164   -19.99707249362      -13.37       -6.03    8.48s
    ‖ρε - ρref‖ = 5.080774686957788e-6 ‖Δρ‖ = 2.0111711233081337e-7  ‖vε - vref‖ = 0.058321515238958115  α = 0.00201
 165   -19.99707249362      -14.15       -6.19    11.0s
    ‖ρε - ρref‖ = 5.05394900325279e-6 ‖Δρ‖ = 1.7840885587131153e-7  ‖vε - vref‖ = 0.05831991783479105  α = 0.0015
 166   -19.99707249362      -13.07       -5.91    8.50s
    ‖ρε - ρref‖ = 5.055840388461348e-6 ‖Δρ‖ = 2.452931792189832e-7  ‖vε - vref‖ = 0.058315168720291966  α = 0.0019
 167   -19.99707249362      -13.37       -6.17    11.5s
    ‖ρε - ρref‖ = 5.070430037516997e-6 ‖Δρ‖ = 1.6492619693151085e-7  ‖vε - vref‖ = 0.05831253922264102  α = 0.00213
 168   -19.99707249362      -14.45       -5.72    8.52s
    ‖ρε - ρref‖ = 5.074667224524567e-6 ‖Δρ‖ = 6.887683385478078e-7  ‖vε - vref‖ = 0.05831073147513976  α = 0.00024
 169   -19.99707249362      -13.13       -6.04    11.2s
    ‖ρε - ρref‖ = 5.034814547751444e-6 ‖Δρ‖ = 1.7435241325145233e-7  ‖vε - vref‖ = 0.05829772410869339  α = 0.00288
 170   -19.99707249362      -13.27       -6.44    8.56s
    ‖ρε - ρref‖ = 5.073267686573453e-6 ‖Δρ‖ = 8.82247690816931e-8  ‖vε - vref‖ = 0.0582990114028059  α = 0.00393
 171   -19.99707249362      -13.45       -5.62    11.4s
    ‖ρε - ρref‖ = 5.059521483315412e-6 ‖Δρ‖ = 6.259894904787224e-7  ‖vε - vref‖ = 0.05829892624206385  α = 0.000514
 172   -19.99707249362      -13.50       -5.96    8.51s
    ‖ρε - ρref‖ = 5.045569530897058e-6 ‖Δρ‖ = 2.665964029571393e-7  ‖vε - vref‖ = 0.05829672653163547  α = 0.00135
 173   -19.99707249362      -13.09       -6.21    10.8s
    ‖ρε - ρref‖ = 5.07374429352849e-6 ‖Δρ‖ = 1.1480269335951928e-7  ‖vε - vref‖ = 0.05829842736968755  α = 0.00445
 174   -19.99707249362      -14.45       -5.71    7.72s
    ‖ρε - ρref‖ = 4.258280642556783e-6 ‖Δρ‖ = 9.976466357401345e-7  ‖vε - vref‖ = 0.058297736052032964  α = 7.93e-5
 175   -19.99707249362      -13.60       -5.91    7.94s
    ‖ρε - ρref‖ = 5.0523780659798575e-6 ‖Δρ‖ = 2.917930094688311e-7  ‖vε - vref‖ = 0.058294281107464  α = 0.0011
 176   -19.99707249362      -13.17       -6.49    10.8s
    ‖ρε - ρref‖ = 5.058454747083354e-6 ‖Δρ‖ = 6.38151467537916e-8  ‖vε - vref‖ = 0.058295327897737725  α = 0.00569
 177   -19.99707249362   +  -14.45       -6.11    8.40s
    ‖ρε - ρref‖ = 5.0525459723629195e-6 ‖Δρ‖ = 2.1751928181460285e-7  ‖vε - vref‖ = 0.058294861369683  α = 0.00101
 178   -19.99707249362      -13.30       -6.09    11.7s
    ‖ρε - ρref‖ = 5.053108357424971e-6 ‖Δρ‖ = 1.8154315032346392e-7  ‖vε - vref‖ = 0.05829456716343568  α = 0.0019
 179   -19.99707249362      -14.15       -6.26    8.42s
    ‖ρε - ρref‖ = 5.069277998562735e-6 ‖Δρ‖ = 1.5672852880731394e-7  ‖vε - vref‖ = 0.058296253984225874  α = 0.0014
 180   -19.99707249362      -13.55       -5.49    10.7s
    ‖ρε - ρref‖ = 5.139715216870756e-6 ‖Δρ‖ = 7.655808971951355e-7  ‖vε - vref‖ = 0.05829710861691486  α = 0.000389
 181   -19.99707249362      -13.45       -6.12    8.56s
    ‖ρε - ρref‖ = 5.064162108586633e-6 ‖Δρ‖ = 1.5989391928914074e-7  ‖vε - vref‖ = 0.05829871805964404  α = 0.00223
 182   -19.99707249362      -13.41       -6.34    11.0s
    ‖ρε - ρref‖ = 5.045751105597548e-6 ‖Δρ‖ = 1.2045427465415758e-7  ‖vε - vref‖ = 0.05829611538124759  α = 0.00204
 183   -19.99707249362      -13.97       -5.93    8.39s
    ‖ρε - ρref‖ = 4.989778876534878e-6 ‖Δρ‖ = 3.6720883749886e-7  ‖vε - vref‖ = 0.05829483558785329  α = 0.000439
 184   -19.99707249362      -13.50       -6.33    11.2s
    ‖ρε - ρref‖ = 5.05794402822759e-6 ‖Δρ‖ = 9.778692642745736e-8  ‖vε - vref‖ = 0.0582945190328747  α = 0.00333
 185   -19.99707249362      -13.75       -6.15    7.51s
    ‖ρε - ρref‖ = 5.125484618596574e-6 ‖Δρ‖ = 1.5436474787938603e-7  ‖vε - vref‖ = 0.05829733647043773  α = 0.00179
 186   -19.99707249362      -13.67       -5.01    7.77s
    ‖ρε - ρref‖ = 4.016395337094256e-6 ‖Δρ‖ = 2.72448527761936e-6  ‖vε - vref‖ = 0.05829716600952316  α = 6.55e-5
 187   -19.99707249362      -14.15       -6.67    10.4s
    ‖ρε - ρref‖ = 5.050514044152607e-6 ‖Δρ‖ = 4.585100870295144e-8  ‖vε - vref‖ = 0.058298690210488995  α = 0.00626
 188   -19.99707249362      -13.50       -6.05    7.91s
    ‖ρε - ρref‖ = 5.0905797415299835e-6 ‖Δρ‖ = 1.7773003811988745e-7  ‖vε - vref‖ = 0.05830602997328103  α = 0.00177
 189   -19.99707249362      -13.55       -6.44    10.0s
    ‖ρε - ρref‖ = 5.052222758038294e-6 ‖Δρ‖ = 9.469971763300517e-8  ‖vε - vref‖ = 0.05830627710032519  α = 0.00209
 190   -19.99707249362      -13.67       -5.99    7.42s
    ‖ρε - ρref‖ = 5.044154250675098e-6 ‖Δρ‖ = 2.2401033400842684e-7  ‖vε - vref‖ = 0.05830613192716722  α = 0.00115
 191   -19.99707249362      -14.45       -6.13    10.3s
    ‖ρε - ρref‖ = 5.059865467849802e-6 ‖Δρ‖ = 2.385382333892783e-7  ‖vε - vref‖ = 0.05830656265238796  α = 0.000526
 192   -19.99707249362      -13.60       -5.84    7.51s
    ‖ρε - ρref‖ = 5.037247363077143e-6 ‖Δρ‖ = 3.329976541147349e-7  ‖vε - vref‖ = 0.05830592136781511  α = 0.000704
 193   -19.99707249362      -13.55       -6.44    10.5s
    ‖ρε - ρref‖ = 5.066066466032927e-6 ‖Δρ‖ = 7.092812807006565e-8  ‖vε - vref‖ = 0.05831197917230514  α = 0.00414
 194   -19.99707249362      -13.97       -6.46    8.42s
    ‖ρε - ρref‖ = 5.064543137182901e-6 ‖Δρ‖ = 8.495609184971e-8  ‖vε - vref‖ = 0.058312715422830494  α = 0.0022
 195   -19.99707249362      -13.75       -5.79    8.43s
    ‖ρε - ρref‖ = 5.024395344922788e-6 ‖Δρ‖ = 3.6907253702746414e-7  ‖vε - vref‖ = 0.058312622129218845  α = 0.000592
 196   -19.99707249362      -13.97       -6.53    10.6s
    ‖ρε - ρref‖ = 5.043983366969639e-6 ‖Δρ‖ = 7.122018462896482e-8  ‖vε - vref‖ = 0.058310989874101576  α = 0.00241
 197   -19.99707249362      -14.45       -5.93    7.95s
    ‖ρε - ρref‖ = 5.529674370299273e-6 ‖Δρ‖ = 5.775635827253369e-7  ‖vε - vref‖ = 0.05831114691946351  α = 7.41e-5
 198   -19.99707249362      -13.97       -6.31    11.5s
    ‖ρε - ρref‖ = 5.0472633965304075e-6 ‖Δρ‖ = 9.259331639104827e-8  ‖vε - vref‖ = 0.058307641911226685  α = 0.00278
 199   -19.99707249362      -13.85       -6.46    8.55s
    ‖ρε - ρref‖ = 5.045270559477053e-6 ‖Δρ‖ = 7.821667582120565e-8  ‖vε - vref‖ = 0.05830565657411301  α = 0.00253
 200   -19.99707249362      -13.97       -6.38    10.8s
    ‖ρε - ρref‖ = 5.06546923729658e-6 ‖Δρ‖ = 8.322899522167581e-8  ‖vε - vref‖ = 0.058307735645135556  α = 0.00271
 201   -19.99707249362      -13.97       -6.56    8.57s
    ‖ρε - ρref‖ = 5.054059115927446e-6 ‖Δρ‖ = 7.965908791643156e-8  ‖vε - vref‖ = 0.05830835231069805  α = 0.00158
 202   -19.99707249362      -13.60       -6.19    10.4s
    ‖ρε - ρref‖ = 5.055151153984001e-6 ‖Δρ‖ = 1.2470749862814165e-7  ‖vε - vref‖ = 0.05831111249421678  α = 0.00181
 203   -19.99707249362   +    -Inf       -5.64    7.58s
    ‖ρε - ρref‖ = 5.136745895555659e-6 ‖Δρ‖ = 6.546364334882542e-7  ‖vε - vref‖ = 0.05831280453539062  α = 0.000193
 204   -19.99707249362   +  -14.45       -6.34    8.20s
    ‖ρε - ρref‖ = 5.068863178236501e-6 ‖Δρ‖ = 1.2028783310457053e-7  ‖vε - vref‖ = 0.05831440151781044  α = 0.00108
 205   -19.99707249362      -13.60       -6.68    11.5s
    ‖ρε - ρref‖ = 5.049429647075218e-6 ‖Δρ‖ = 4.4705816882504475e-8  ‖vε - vref‖ = 0.05831403829039791  α = 0.00335
    Stopping to avoid numerical instabilities.
 206   -19.99707249362   +  -13.97       -6.66    7.84s
    ‖ρε - ρref‖ = 5.066651589850967e-6 ‖Δρ‖ = 5.8983556474340923e-8  ‖vε - vref‖ = 0.05831518713202602  α = 0.0019

#-- ‖ρε - ρref‖ = 5.055039495587774e-6 vs. 1.7782794100389228e-8 = δ*ε ‖vε - vref‖ = 0.05831669960434227


# --- ε=1.0e-6

n     Energy            log10(ΔE)   log10(Δρ)   Δtime 
---   ---------------   ---------   ---------   ------
  1   -19.99706620142                   -0.89    14.2s
    ‖ρε - ρref‖ = 0.08213598772338646 ‖Δρ‖ = 0.08213359606264592  ‖vε - vref‖ = 1.2977507463980729  α = 2.48e-5
  2   -19.99706653342       -6.48       -1.97    7.97s
    ‖ρε - ρref‖ = 0.004397809537408985 ‖Δρ‖ = 0.004397138228299946  ‖vε - vref‖ = 0.920845690078193  α = 0.000166
  3   -19.99706667291       -6.86       -2.19    10.7s
    ‖ρε - ρref‖ = 0.002255402607562227 ‖Δρ‖ = 0.0022547577894043856  ‖vε - vref‖ = 0.7490901231064372  α = 0.000216
  4   -19.99706676699       -7.03       -2.20    8.18s
    ‖ρε - ρref‖ = 0.0023985747305730336 ‖Δρ‖ = 0.0023980167306106755  ‖vε - vref‖ = 0.5733333918877358  α = 0.000161
  5   -19.99706684512       -7.11       -2.79    8.17s
    ‖ρε - ρref‖ = 0.0004301683055606352 ‖Δρ‖ = 0.0004296364639355117  ‖vε - vref‖ = 0.4088452395150701  α = 0.000876
  6   -19.99706686679       -7.66       -2.85    10.9s
    ‖ρε - ρref‖ = 0.0004576540427221801 ‖Δρ‖ = 0.0004573475879222977  ‖vε - vref‖ = 0.3461913204975438  α = 0.000421
  7   -19.99706688719       -7.69       -2.95    7.33s
    ‖ρε - ρref‖ = 0.00028455677391717903 ‖Δρ‖ = 0.00028431300533950874  ‖vε - vref‖ = 0.2797018643821672  α = 0.000678
  8   -19.99706690202       -7.83       -3.35    9.87s
    ‖ρε - ρref‖ = 0.00010722672303830293 ‖Δρ‖ = 0.00010695836852329477  ‖vε - vref‖ = 0.22109414792374746  α = 0.00153
  9   -19.99706691004       -8.10       -3.41    7.88s
    ‖ρε - ρref‖ = 8.900570356329544e-5 ‖Δρ‖ = 8.884989779012714e-5  ‖vε - vref‖ = 0.18203572405687948  α = 0.00136
 10   -19.99706691436       -8.36       -3.50    11.3s
    ‖ρε - ρref‖ = 7.39427861593898e-5 ‖Δρ‖ = 7.370103389858692e-5  ‖vε - vref‖ = 0.15854849156264872  α = 0.00121
 11   -19.99706691820       -8.42       -3.58    8.54s
    ‖ρε - ρref‖ = 5.697242404869266e-5 ‖Δρ‖ = 5.680092959182627e-5  ‖vε - vref‖ = 0.13496054029153226  α = 0.00149
 12   -19.99706691834       -9.88       -3.31    8.33s
    ‖ρε - ρref‖ = 0.00029922147926430865 ‖Δρ‖ = 0.00029677274318560545  ‖vε - vref‖ = 0.1338871636123529  α = 4.1e-5
 13   -19.99706692079       -8.61       -3.58    10.6s
    ‖ρε - ρref‖ = 5.862742310438479e-5 ‖Δρ‖ = 5.851932108551256e-5  ‖vε - vref‖ = 0.11808361170992285  α = 0.00115
 14   -19.99706692157       -9.11       -3.47    8.09s
    ‖ρε - ρref‖ = 0.00010427323125473477 ‖Δρ‖ = 0.00010452699285966591  ‖vε - vref‖ = 0.11292608238745618  α = 0.000345
 15   -19.99706692274       -8.93       -3.18    11.7s
    ‖ρε - ρref‖ = 0.00017963026492226263 ‖Δρ‖ = 0.00017963068634320174  ‖vε - vref‖ = 0.10497436617353825  α = 0.000248
 16   -19.99706692389       -8.94       -3.12    8.08s
    ‖ρε - ρref‖ = 0.0001993873860085666 ‖Δρ‖ = 0.0001991083239230947  ‖vε - vref‖ = 0.09463105012201696  α = 0.00022
 17   -19.99706692524       -8.87       -3.85    11.3s
    ‖ρε - ρref‖ = 3.1688160169244776e-5 ‖Δρ‖ = 3.123703578520088e-5  ‖vε - vref‖ = 0.08339650361330558  α = 0.0016
 18   -19.99706692573       -9.31       -3.67    8.59s
    ‖ρε - ρref‖ = 6.144595248647301e-5 ‖Δρ‖ = 6.159219543645873e-5  ‖vε - vref‖ = 0.07882826737044776  α = 0.00047
 19   -19.99706692637       -9.19       -3.79    8.23s
    ‖ρε - ρref‖ = 3.942918970466999e-5 ‖Δρ‖ = 3.963971695055009e-5  ‖vε - vref‖ = 0.07321680981595961  α = 0.000855
 20   -19.99706692740       -8.99       -3.74    11.7s
    ‖ρε - ρref‖ = 3.697332076493836e-5 ‖Δρ‖ = 3.660189879038535e-5  ‖vε - vref‖ = 0.06256859436398292  α = 0.00118
 21   -19.99706692813       -9.14       -4.34    8.51s
    ‖ρε - ρref‖ = 9.546048477206874e-6 ‖Δρ‖ = 8.846470374164794e-6  ‖vε - vref‖ = 0.056145167401860034  α = 0.00411
 22   -19.99706692855       -9.38       -3.89    10.4s
    ‖ρε - ρref‖ = 2.8785435595207592e-5 ‖Δρ‖ = 2.8859749155977832e-5  ‖vε - vref‖ = 0.05117989493205247  α = 0.000941
 23   -19.99706692885       -9.52       -4.21    8.10s
    ‖ρε - ρref‖ = 1.287484232638742e-5 ‖Δρ‖ = 1.26035562908666e-5  ‖vε - vref‖ = 0.04793506054804771  α = 0.00187
 24   -19.99706692906       -9.68       -4.14    11.4s
    ‖ρε - ρref‖ = 1.707474904140437e-5 ‖Δρ‖ = 1.5988594979788592e-5  ‖vε - vref‖ = 0.0461997204258602  α = 0.00118
 25   -19.99706692910      -10.40       -3.22    7.82s
    ‖ρε - ρref‖ = 0.00022126195748570633 ‖Δρ‖ = 0.0002232952911680686  ‖vε - vref‖ = 0.04523215217914086  α = 3.14e-5
 26   -19.99706692929       -9.71       -4.21    11.4s
    ‖ρε - ρref‖ = 1.2761797451863311e-5 ‖Δρ‖ = 1.2332165556413237e-5  ‖vε - vref‖ = 0.04327667676895911  α = 0.00155
 27   -19.99706692932      -10.56       -4.11    8.26s
    ‖ρε - ρref‖ = 2.629502254432652e-5 ‖Δρ‖ = 2.6610961983899035e-5  ‖vε - vref‖ = 0.042992944082770775  α = 0.000249
 28   -19.99706692940      -10.12       -4.23    8.56s
    ‖ρε - ρref‖ = 1.4911424450512652e-5 ‖Δρ‖ = 1.4599114206956706e-5  ‖vε - vref‖ = 0.042678823929711306  α = 0.00078
 29   -19.99706692951       -9.94       -3.50    11.8s
    ‖ρε - ρref‖ = 6.927727558988179e-5 ‖Δρ‖ = 6.91427798874764e-5  ‖vε - vref‖ = 0.04160827133737999  α = 0.000202
 30   -19.99706692961       -9.99       -4.14    8.60s
    ‖ρε - ρref‖ = 1.5701681498100707e-5 ‖Δρ‖ = 1.5142349854180792e-5  ‖vε - vref‖ = 0.041017434884421944  α = 0.000904
 31   -19.99706692964      -10.61       -4.25    11.2s
    ‖ρε - ρref‖ = 1.6706313685647084e-5 ‖Δρ‖ = 1.6647605803198016e-5  ‖vε - vref‖ = 0.040813753238391925  α = 0.000391
 32   -19.99706692970      -10.24       -4.54    8.40s
    ‖ρε - ρref‖ = 6.673168964713941e-6 ‖Δρ‖ = 6.636723697981057e-6  ‖vε - vref‖ = 0.040537589297232175  α = 0.00153
 33   -19.99706692977      -10.11       -4.28    11.1s
    ‖ρε - ρref‖ = 1.092307176682965e-5 ‖Δρ‖ = 1.0357721695463274e-5  ‖vε - vref‖ = 0.040436719782350486  α = 0.00114
 34   -19.99706692984      -10.15       -4.49    7.57s
    ‖ρε - ρref‖ = 7.162437674485609e-6 ‖Δρ‖ = 6.204170378416118e-6  ‖vε - vref‖ = 0.04063880058630225  α = 0.00184
 35   -19.99706692989      -10.34       -4.58    8.17s
    ‖ρε - ρref‖ = 5.908987333712571e-6 ‖Δρ‖ = 5.195535037705535e-6  ‖vε - vref‖ = 0.04074796833171325  α = 0.00178
 36   -19.99706692990      -11.15       -4.67    12.2s
    ‖ρε - ρref‖ = 5.625132438730662e-6 ‖Δρ‖ = 6.812108823980827e-6  ‖vε - vref‖ = 0.0408273107933239  α = 0.000457
 37   -19.99706692991      -10.92       -3.64    8.64s
    ‖ρε - ρref‖ = 6.387515871922619e-5 ‖Δρ‖ = 6.253026542609207e-5  ‖vε - vref‖ = 0.040837261835264115  α = 6.9e-5
 38   -19.99706692995      -10.41       -4.68    11.5s
    ‖ρε - ρref‖ = 4.523658485377792e-6 ‖Δρ‖ = 3.8092547177991875e-6  ‖vε - vref‖ = 0.04100357580828021  α = 0.00222
 39   -19.99706692996      -11.07       -4.64    8.60s
    ‖ρε - ρref‖ = 7.3996817486660185e-6 ‖Δρ‖ = 6.468223149778312e-6  ‖vε - vref‖ = 0.04111983975913616  α = 0.000584
 40   -19.99706692998      -10.73       -4.20    11.8s
    ‖ρε - ρref‖ = 1.4368362804055096e-5 ‖Δρ‖ = 1.4180101350081956e-5  ‖vε - vref‖ = 0.04128161126160295  α = 0.000401
 41   -19.99706692999      -10.96       -3.96    8.60s
    ‖ρε - ρref‖ = 2.9523392981141787e-5 ‖Δρ‖ = 2.9483842285642524e-5  ‖vε - vref‖ = 0.04137590212721461  α = 0.000142
 42   -19.99706693000      -10.83       -4.60    8.62s
    ‖ρε - ρref‖ = 6.496066022791551e-6 ‖Δρ‖ = 5.556738179839575e-6  ‖vε - vref‖ = 0.04155987781975352  α = 0.000927
 43   -19.99706693001      -11.02       -4.90    12.0s
    ‖ρε - ρref‖ = 4.243267172681169e-6 ‖Δρ‖ = 3.008708748890276e-6  ‖vε - vref‖ = 0.04172560042231301  α = 0.00136
 44   -19.99706693002      -10.90       -4.40    8.03s
    ‖ρε - ρref‖ = 8.882335835954202e-6 ‖Δρ‖ = 8.53855772440356e-6  ‖vε - vref‖ = 0.04188264555395579  α = 0.00056
 45   -19.99706693004      -10.92       -4.84    10.6s
    ‖ρε - ρref‖ = 3.828698069571603e-6 ‖Δρ‖ = 3.030862913364703e-6  ‖vε - vref‖ = 0.04201965774382459  α = 0.00154
 46   -19.99706693005      -10.91       -4.66    7.73s
    ‖ρε - ρref‖ = 5.576200196288627e-6 ‖Δρ‖ = 4.372665713536559e-6  ‖vε - vref‖ = 0.042278385576420316  α = 0.00109
 47   -19.99706693006      -10.96       -4.91    8.32s
    ‖ρε - ρref‖ = 3.865692940216073e-6 ‖Δρ‖ = 2.3996205342355285e-6  ‖vε - vref‖ = 0.04246830318368934  α = 0.00186
 48   -19.99706693006      -12.18       -4.55    10.4s
    ‖ρε - ρref‖ = 1.114700462211019e-5 ‖Δρ‖ = 1.338532006666762e-5  ‖vε - vref‖ = 0.042471946250110165  α = 6.5e-5
 49   -19.99706693007      -11.03       -4.47    7.93s
    ‖ρε - ρref‖ = 7.684056014176554e-6 ‖Δρ‖ = 6.987800492705458e-6  ‖vε - vref‖ = 0.0425911924821298  α = 0.000584
 50   -19.99706693009      -10.66       -5.17    11.7s
    ‖ρε - ρref‖ = 2.998541873818313e-6 ‖Δρ‖ = 1.0668112886479567e-6  ‖vε - vref‖ = 0.04296673211336475  α = 0.00586
 51   -19.99706693009      -11.73       -4.58    7.99s
    ‖ρε - ρref‖ = 9.715581142487478e-6 ‖Δρ‖ = 8.926309934127034e-6  ‖vε - vref‖ = 0.043005011158914856  α = 0.000194
 52   -19.99706693010      -11.58       -4.69    11.2s
    ‖ρε - ρref‖ = 6.99222556516604e-6 ‖Δρ‖ = 6.311139659212342e-6  ‖vε - vref‖ = 0.04305916357132921  α = 0.000325
 53   -19.99706693010      -11.26       -4.44    8.19s
    ‖ρε - ρref‖ = 9.230453854328322e-6 ‖Δρ‖ = 8.949114150892484e-6  ‖vε - vref‖ = 0.04317530636398448  α = 0.000341
 54   -19.99706693011      -11.11       -4.84    7.63s
    ‖ρε - ρref‖ = 4.2900980524320376e-6 ‖Δρ‖ = 2.9322370440061365e-6  ‖vε - vref‖ = 0.043366138329678706  α = 0.00128
 55   -19.99706693012      -11.08       -4.93    11.3s
    ‖ρε - ρref‖ = 3.790291287246519e-6 ‖Δρ‖ = 2.4589279437507724e-6  ‖vε - vref‖ = 0.04354532908773815  α = 0.00156
 56   -19.99706693012      -11.36       -4.53    8.61s
    ‖ρε - ρref‖ = 7.632590635225972e-6 ‖Δρ‖ = 7.225582937538369e-6  ‖vε - vref‖ = 0.0436137149615481  α = 0.000383
 57   -19.99706693013      -11.17       -5.01    11.7s
    ‖ρε - ρref‖ = 3.431185671376422e-6 ‖Δρ‖ = 2.044776085800034e-6  ‖vε - vref‖ = 0.043723710385709984  α = 0.0017
 58   -19.99706693014      -11.01       -4.93    8.14s
    ‖ρε - ρref‖ = 3.6852737992553e-6 ‖Δρ‖ = 2.2204649097530955e-6  ‖vε - vref‖ = 0.04388434974457462  α = 0.00188
 59   -19.99706693014      -11.58       -4.98    10.3s
    ‖ρε - ρref‖ = 4.974256477603552e-6 ‖Δρ‖ = 2.906762975195308e-6  ‖vε - vref‖ = 0.04394858299289797  α = 0.000662
 60   -19.99706693014      -11.37       -3.79    8.09s
    ‖ρε - ρref‖ = 3.6902198859743275e-5 ‖Δρ‖ = 3.843643718217665e-5  ‖vε - vref‖ = 0.04395218679444246  α = 6.61e-5
 61   -19.99706693015      -11.15       -5.06    8.51s
    ‖ρε - ρref‖ = 3.52417394381301e-6 ‖Δρ‖ = 1.761525234001379e-6  ‖vε - vref‖ = 0.04410975490278404  α = 0.002
 62   -19.99706693016      -11.27       -4.80    11.9s
    ‖ρε - ρref‖ = 4.276031572773437e-6 ‖Δρ‖ = 3.408906025238841e-6  ‖vε - vref‖ = 0.04419422141869245  α = 0.000911
 63   -19.99706693016      -11.89       -5.01    8.62s
    ‖ρε - ρref‖ = 4.689369245522278e-6 ‖Δρ‖ = 3.338020232800046e-6  ‖vε - vref‖ = 0.044235955204675347  α = 0.000434
 64   -19.99706693016      -11.30       -4.54    11.2s
    ‖ρε - ρref‖ = 7.531684795151924e-6 ‖Δρ‖ = 6.589266765022721e-6  ‖vε - vref‖ = 0.04435769347493685  α = 0.000445
 65   -19.99706693017      -11.41       -4.42    8.57s
    ‖ρε - ρref‖ = 1.0320205857668808e-5 ‖Δρ‖ = 1.0069149986318905e-5  ‖vε - vref‖ = 0.04443290104656272  α = 0.000248
 66   -19.99706693018      -11.03       -4.78    8.58s
    ‖ρε - ρref‖ = 4.033365204201598e-6 ‖Δρ‖ = 3.17491103982467e-6  ‖vε - vref‖ = 0.044526109746791824  α = 0.00128
 67   -19.99706693019      -11.02       -5.05    11.5s
    ‖ρε - ρref‖ = 3.3846459629825263e-6 ‖Δρ‖ = 1.696328131948395e-6  ‖vε - vref‖ = 0.044663146447868604  α = 0.00243
 68   -19.99706693019      -11.69       -4.88    7.55s
    ‖ρε - ρref‖ = 4.736679008602288e-6 ‖Δρ‖ = 3.8960121764527e-6  ‖vε - vref‖ = 0.044680332164438286  α = 0.000483
 69   -19.99706693019      -11.31       -4.98    11.5s
    ‖ρε - ρref‖ = 3.6907177223835613e-6 ‖Δρ‖ = 2.439936147087932e-6  ‖vε - vref‖ = 0.04472686925856176  α = 0.00119
 70   -19.99706693020      -11.01       -4.82    7.63s
    ‖ρε - ρref‖ = 3.968483096156927e-6 ‖Δρ‖ = 2.783588566047234e-6  ‖vε - vref‖ = 0.044795545029219765  α = 0.00148
 71   -19.99706693020      -12.50       -4.99    10.3s
    ‖ρε - ρref‖ = 7.594002231081741e-6 ‖Δρ‖ = 5.079004497069039e-6  ‖vε - vref‖ = 0.044805207299359905  α = 0.00012
 72   -19.99706693021      -11.31       -4.59    7.79s
    ‖ρε - ρref‖ = 6.3433170853651524e-6 ‖Δρ‖ = 6.005152368498373e-6  ‖vε - vref‖ = 0.044824905674566345  α = 0.000482
 73   -19.99706693021      -11.18       -5.03    8.61s
    ‖ρε - ρref‖ = 3.256315992719642e-6 ‖Δρ‖ = 1.9665987755838165e-6  ‖vε - vref‖ = 0.04482336874343041  α = 0.00174
 74   -19.99706693022      -11.17       -5.06    12.0s
    ‖ρε - ρref‖ = 3.498072169842013e-6 ‖Δρ‖ = 1.7653109194041986e-6  ‖vε - vref‖ = 0.044876769791130235  α = 0.00197
 75   -19.99706693022      -12.04       -4.77    8.60s
    ‖ρε - ρref‖ = 6.875536758356335e-6 ‖Δρ‖ = 6.093177043499634e-6  ‖vε - vref‖ = 0.04488765616660908  α = 0.000199
 76   -19.99706693023      -11.53       -4.73    11.9s
    ‖ρε - ρref‖ = 5.507198125376031e-6 ‖Δρ‖ = 4.8490829125109825e-6  ‖vε - vref‖ = 0.04488786678820087  α = 0.000464
 77   -19.99706693023      -11.59       -4.77    8.64s
    ‖ρε - ρref‖ = 5.173737683443683e-6 ‖Δρ‖ = 4.6454048255194375e-6  ‖vε - vref‖ = 0.04490538429175864  α = 0.000435
 78   -19.99706693023      -11.20       -4.59    8.10s
    ‖ρε - ρref‖ = 6.168960004077839e-6 ‖Δρ‖ = 5.032867659101773e-6  ‖vε - vref‖ = 0.04493182605555126  α = 0.000651
 79   -19.99706693024      -11.53       -5.27    11.9s
    ‖ρε - ρref‖ = 2.8585437666617775e-6 ‖Δρ‖ = 1.1994995181745062e-6  ‖vε - vref‖ = 0.04487192911789592  α = 0.00193
 80   -19.99706693024      -11.29       -5.16    8.19s
    ‖ρε - ρref‖ = 3.1713335757402432e-6 ‖Δρ‖ = 1.3608530513568626e-6  ‖vε - vref‖ = 0.0448332350890595  α = 0.00221
 81   -19.99706693024      -11.83       -5.00    11.0s
    ‖ρε - ρref‖ = 4.249028216369556e-6 ‖Δρ‖ = 2.987012124869082e-6  ‖vε - vref‖ = 0.04483032853891085  α = 0.000531
 82   -19.99706693025      -11.39       -5.01    8.22s
    ‖ρε - ρref‖ = 3.3597724771988588e-6 ‖Δρ‖ = 2.1742452004625994e-6  ‖vε - vref‖ = 0.044807008767304965  α = 0.00121
 83   -19.99706693025      -12.40       -4.39    8.60s
    ‖ρε - ρref‖ = 2.111771192393901e-5 ‖Δρ‖ = 1.873016544081729e-5  ‖vε - vref‖ = 0.04480827534773241  α = 3.63e-5
 84   -19.99706693025      -11.36       -4.88    11.6s
    ‖ρε - ρref‖ = 3.98924733520788e-6 ‖Δρ‖ = 2.7937843579769027e-6  ‖vε - vref‖ = 0.04476665999297828  α = 0.000985
 85   -19.99706693026      -11.45       -5.08    7.75s
    ‖ρε - ρref‖ = 3.3074795994022596e-6 ‖Δρ‖ = 1.8600537469075193e-6  ‖vε - vref‖ = 0.04470288207624114  α = 0.00134
 86   -19.99706693026      -11.36       -5.25    10.9s
    ‖ρε - ρref‖ = 2.99613857467291e-6 ‖Δρ‖ = 1.1064749640087517e-6  ‖vε - vref‖ = 0.04460852170889739  α = 0.00252
 87   -19.99706693026      -12.22       -5.08    7.47s
    ‖ρε - ρref‖ = 4.209201630490455e-6 ‖Δρ‖ = 2.7734569406728485e-6  ‖vε - vref‖ = 0.044607411043504824  α = 0.00036
 88   -19.99706693026      -11.80       -4.66    10.6s
    ‖ρε - ρref‖ = 6.412089756744425e-6 ‖Δρ‖ = 5.4021513777241215e-6  ‖vε - vref‖ = 0.04458419505614665  α = 0.000305
 89   -19.99706693026      -11.82       -5.24    7.90s
    ‖ρε - ρref‖ = 2.982604924603886e-6 ‖Δρ‖ = 1.4397704890724871e-6  ‖vε - vref‖ = 0.04453827070028691  α = 0.0011
 90   -19.99706693027      -12.01       -4.75    8.58s
    ‖ρε - ρref‖ = 5.838228845336382e-6 ‖Δρ‖ = 4.913891203760329e-6  ‖vε - vref‖ = 0.04450608705091736  α = 0.000262
 91   -19.99706693027      -11.67       -5.22    11.5s
    ‖ρε - ρref‖ = 3.2304126626898228e-6 ‖Δρ‖ = 1.3615180027069562e-6  ‖vε - vref‖ = 0.044449419024193484  α = 0.00142
 92   -19.99706693027      -11.62       -5.07    8.08s
    ‖ρε - ρref‖ = 3.200858062889244e-6 ‖Δρ‖ = 1.7780275407587142e-6  ‖vε - vref‖ = 0.044345368077706594  α = 0.00116
 93   -19.99706693027      -11.59       -5.52    11.6s
    ‖ρε - ρref‖ = 2.9375964697911604e-6 ‖Δρ‖ = 5.716603274653249e-7  ‖vε - vref‖ = 0.04426486118398759  α = 0.00379
 94   -19.99706693027      -12.69       -5.18    7.50s
    ‖ρε - ρref‖ = 1.7961943454616099e-6 ‖Δρ‖ = 2.8787459824120525e-6  ‖vε - vref‖ = 0.04425432172705124  α = 0.000175
 95   -19.99706693027      -11.82       -4.53    8.61s
    ‖ρε - ρref‖ = 7.958388048578685e-6 ‖Δρ‖ = 7.029817564593659e-6  ‖vε - vref‖ = 0.044195594555738585  α = 0.000226
 96   -19.99706693028      -11.79       -4.86    12.1s
    ‖ρε - ρref‖ = 4.297070578987668e-6 ‖Δρ‖ = 3.2102475040397544e-6  ‖vε - vref‖ = 0.04414253159577871  α = 0.00052
 97   -19.99706693028      -11.74       -5.06    8.56s
    ‖ρε - ρref‖ = 3.6049876052904764e-6 ‖Δρ‖ = 1.9072919578686605e-6  ‖vε - vref‖ = 0.04409354212603382  α = 0.000928
 98   -19.99706693028      -11.91       -5.41    11.9s
    ‖ρε - ρref‖ = 2.9392209829349785e-6 ‖Δρ‖ = 8.416838260222757e-7  ‖vε - vref‖ = 0.04403576275868257  α = 0.00179
 99   -19.99706693028      -11.94       -5.19    8.52s
    ‖ρε - ρref‖ = 3.134656312694889e-6 ‖Δρ‖ = 1.472093497078608e-6  ‖vε - vref‖ = 0.04397869710273208  α = 0.000952
 100   -19.99706693028      -12.11       -4.48    7.88s
    ‖ρε - ρref‖ = 9.072316047423577e-6 ‖Δρ‖ = 8.893435360006762e-6  ‖vε - vref‖ = 0.04392665448792561  α = 0.000129
 101   -19.99706693028      -11.78       -5.55    11.2s
    ‖ρε - ρref‖ = 2.9466866086616647e-6 ‖Δρ‖ = 5.670582497781735e-7  ‖vε - vref‖ = 0.04388516298699459  α = 0.00301
 102   -19.99706693028      -12.40       -5.01    8.04s
    ‖ρε - ρref‖ = 4.376766130910196e-6 ‖Δρ‖ = 2.969661813517276e-6  ‖vε - vref‖ = 0.04387296172736716  α = 0.000276
 103   -19.99706693028      -12.04       -5.15    11.4s
    ‖ρε - ρref‖ = 3.0971676961668234e-6 ‖Δρ‖ = 1.6592090478601054e-6  ‖vε - vref‖ = 0.04383304748091604  α = 0.000754
 104   -19.99706693028      -11.94       -5.38    7.81s
    ‖ρε - ρref‖ = 3.0987662012714347e-6 ‖Δρ‖ = 8.880503842324287e-7  ‖vε - vref‖ = 0.043799876142237765  α = 0.00163
 105   -19.99706693029      -11.87       -5.31    8.50s
    ‖ρε - ρref‖ = 2.9950560201616745e-6 ‖Δρ‖ = 1.0417941974323296e-6  ‖vε - vref‖ = 0.04372626414034563  α = 0.00146
 106   -19.99706693029      -12.96       -5.03    11.1s
    ‖ρε - ρref‖ = 2.295236956284205e-6 ‖Δρ‖ = 3.937009232552807e-6  ‖vε - vref‖ = 0.04371638801923673  α = 0.000103
 107   -19.99706693029      -11.82       -4.64    7.51s
    ‖ρε - ρref‖ = 5.534970796303715e-6 ‖Δρ‖ = 4.401927931677888e-6  ‖vε - vref‖ = 0.04363867807350624  α = 0.000365
 108   -19.99706693029      -12.19       -5.75    11.4s
    ‖ρε - ρref‖ = 2.8304942727737475e-6 ‖Δρ‖ = 3.995227295685096e-7  ‖vε - vref‖ = 0.043609328086370164  α = 0.0027
 109   -19.99706693029      -12.35       -5.25    8.07s
    ‖ρε - ρref‖ = 3.1828740932504935e-6 ‖Δρ‖ = 1.4646382957023695e-6  ‖vε - vref‖ = 0.04359839927317223  α = 0.000595
 110   -19.99706693029      -11.94       -5.20    8.41s
    ‖ρε - ρref‖ = 3.2826695052262126e-6 ‖Δρ‖ = 1.2215586757430806e-6  ‖vε - vref‖ = 0.04360121051395191  α = 0.00117
 111   -19.99706693029      -12.59       -5.45    10.9s
    ‖ρε - ρref‖ = 3.065280117863008e-6 ‖Δρ‖ = 1.112081740228255e-6  ‖vε - vref‖ = 0.04359834374259136  α = 0.000577
 112   -19.99706693029      -12.55       -4.88    8.38s
    ‖ρε - ρref‖ = 4.660946655701127e-6 ‖Δρ‖ = 3.891529466592035e-6  ‖vε - vref‖ = 0.04358610225440266  α = 0.00018
 113   -19.99706693029      -11.83       -5.47    11.8s
    ‖ρε - ρref‖ = 2.864653063559362e-6 ‖Δρ‖ = 5.748322570282908e-7  ‖vε - vref‖ = 0.04353209423626803  α = 0.00282
 114   -19.99706693029      -12.32       -5.34    8.27s
    ‖ρε - ρref‖ = 3.1943201847887893e-6 ‖Δρ‖ = 1.1515600860679913e-6  ‖vε - vref‖ = 0.04352376401865288  α = 0.000761
 115   -19.99706693029      -12.59       -5.02    8.23s
    ‖ρε - ρref‖ = 3.6898877452658992e-6 ‖Δρ‖ = 2.6564199092003273e-6  ‖vε - vref‖ = 0.04351729700430239  α = 0.000252
 116   -19.99706693029      -12.02       -5.56    11.3s
    ‖ρε - ρref‖ = 2.8392849819535547e-6 ‖Δρ‖ = 5.231393287391993e-7  ‖vε - vref‖ = 0.04349669592051029  α = 0.00253
 117   -19.99706693029      -12.38       -5.55    7.46s
    ‖ρε - ρref‖ = 3.2307024453018988e-6 ‖Δρ‖ = 6.904628288208415e-7  ‖vε - vref‖ = 0.04351790653701275  α = 0.00119
 118   -19.99706693029      -12.96       -4.62    11.0s
    ‖ρε - ρref‖ = 7.901223066796272e-6 ‖Δρ‖ = 9.40815492374645e-6  ‖vε - vref‖ = 0.04351755111925064  α = 3.46e-5
 119   -19.99706693029      -12.15       -5.38    8.41s
    ‖ρε - ρref‖ = 3.0439744403189715e-6 ‖Δρ‖ = 8.848069491150012e-7  ‖vε - vref‖ = 0.043532496910793764  α = 0.00127
 120   -19.99706693030      -12.23       -5.55    8.46s
    ‖ρε - ρref‖ = 2.9348473820796694e-6 ‖Δρ‖ = 6.333707029614719e-7  ‖vε - vref‖ = 0.04353478636666629  α = 0.00161
 121   -19.99706693030      -11.99       -5.49    11.5s
    ‖ρε - ρref‖ = 2.8288264861270745e-6 ‖Δρ‖ = 6.305906355153031e-7  ‖vε - vref‖ = 0.04349763481014448  α = 0.00215
 122   -19.99706693030      -12.40       -5.60    7.48s
    ‖ρε - ρref‖ = 2.9260371605473054e-6 ‖Δρ‖ = 6.55775850412127e-7  ‖vε - vref‖ = 0.043493748171581234  α = 0.00127
 123   -19.99706693030      -12.43       -5.04    10.4s
    ‖ρε - ρref‖ = 3.805257910099816e-6 ‖Δρ‖ = 2.452927781314222e-6  ‖vε - vref‖ = 0.04349358340591236  α = 0.000323
 124   -19.99706693030      -12.53       -4.80    8.03s
    ‖ρε - ρref‖ = 5.225576506664721e-6 ‖Δρ‖ = 4.4978445025359315e-6  ‖vε - vref‖ = 0.04348757996713728  α = 0.000151
 125   -19.99706693030      -12.07       -5.61    7.53s
    ‖ρε - ρref‖ = 2.8863931524480844e-6 ‖Δρ‖ = 4.951660087579071e-7  ‖vε - vref‖ = 0.04349400461956905  α = 0.00244
 126   -19.99706693030      -12.27       -5.32    11.4s
    ‖ρε - ρref‖ = 3.1573773256326805e-6 ‖Δρ‖ = 1.0706559975889798e-6  ‖vε - vref‖ = 0.043504428383661246  α = 0.000917
 127   -19.99706693030      -12.83       -5.43    8.22s
    ‖ρε - ρref‖ = 2.9687045226173186e-6 ‖Δρ‖ = 1.264772908643994e-6  ‖vε - vref‖ = 0.043505046643062095  α = 0.000371
 128   -19.99706693030      -12.20       -5.33    11.8s
    ‖ρε - ρref‖ = 2.9973503278418836e-6 ‖Δρ‖ = 9.657856745673391e-7  ‖vε - vref‖ = 0.043504011981235755  α = 0.00109
 129   -19.99706693030      -12.91       -5.54    8.47s
    ‖ρε - ρref‖ = 3.511208710654415e-6 ‖Δρ‖ = 9.709926795073807e-7  ‖vε - vref‖ = 0.043507260537316225  α = 0.000419
 130   -19.99706693030      -12.48       -4.51    8.50s
    ‖ρε - ρref‖ = 6.8571283766797435e-6 ‖Δρ‖ = 7.711284541901417e-6  ‖vε - vref‖ = 0.04349976171704232  α = 9.11e-5
 131   -19.99706693030      -12.08       -5.68    12.0s
    ‖ρε - ρref‖ = 2.9422325979174467e-6 ‖Δρ‖ = 4.01570375430395e-7  ‖vε - vref‖ = 0.043534890875994894  α = 0.00302
 132   -19.99706693030      -12.32       -5.44    8.52s
    ‖ρε - ρref‖ = 2.828724084998187e-6 ‖Δρ‖ = 8.173105105817671e-7  ‖vε - vref‖ = 0.043532785677185375  α = 0.00112
 133   -19.99706693030      -12.39       -5.53    11.8s
    ‖ρε - ρref‖ = 2.9543825633815015e-6 ‖Δρ‖ = 6.849923052035646e-7  ‖vε - vref‖ = 0.043541412879747436  α = 0.00123
 134   -19.99706693030      -12.24       -5.61    8.07s
    ‖ρε - ρref‖ = 2.89029290128481e-6 ‖Δρ‖ = 5.031125093653279e-7  ‖vε - vref‖ = 0.043549839238386345  α = 0.00201
 135   -19.99706693030      -12.97       -5.01    8.18s
    ‖ρε - ρref‖ = 4.474242859309274e-6 ‖Δρ‖ = 3.3402159709129214e-6  ‖vε - vref‖ = 0.043553723806633284  α = 0.000124
 136   -19.99706693030      -12.58       -5.32    11.0s
    ‖ρε - ρref‖ = 3.070738236666839e-6 ‖Δρ‖ = 1.1944441566764719e-6  ‖vε - vref‖ = 0.04355676148082558  α = 0.000562
 137   -19.99706693030      -12.67       -5.33    7.47s
    ‖ρε - ρref‖ = 3.1379365160065446e-6 ‖Δρ‖ = 1.2656186941560985e-6  ‖vε - vref‖ = 0.043561822352462136  α = 0.000493
 138   -19.99706693030      -12.29       -5.67    8.14s
    ‖ρε - ρref‖ = 2.833320878376427e-6 ‖Δρ‖ = 4.2946118136924446e-7  ‖vε - vref‖ = 0.043558137630900426  α = 0.00223
 139   -19.99706693030      -12.50       -5.51    12.1s
    ‖ρε - ρref‖ = 2.85866628023956e-6 ‖Δρ‖ = 7.9230228644846e-7  ‖vε - vref‖ = 0.04356594779342857  α = 0.000879
 140   -19.99706693030      -12.17       -4.91    8.17s
    ‖ρε - ρref‖ = 3.6518075664413372e-6 ‖Δρ‖ = 2.266130117712014e-6  ‖vε - vref‖ = 0.0435873987928172  α = 0.00048
 141   -19.99706693030      -13.41       -5.06    11.7s
    ‖ρε - ρref‖ = 7.091945325666977e-6 ‖Δρ‖ = 4.515667057725079e-6  ‖vε - vref‖ = 0.04358964592038676  α = 3.54e-5
 142   -19.99706693030      -12.58       -5.54    8.00s
    ‖ρε - ρref‖ = 2.8741532182197194e-6 ‖Δρ‖ = 6.530061589000314e-7  ‖vε - vref‖ = 0.04360497305884849  α = 0.00109
 143   -19.99706693031      -12.36       -5.53    8.03s
    ‖ρε - ρref‖ = 2.976130192490712e-6 ‖Δρ‖ = 5.926598567484881e-7  ‖vε - vref‖ = 0.04363769015117002  α = 0.00143
 144   -19.99706693031      -12.48       -5.97    12.0s
    ‖ρε - ρref‖ = 2.873250105329852e-6 ‖Δρ‖ = 2.224035196564453e-7  ‖vε - vref‖ = 0.04365534048403904  α = 0.00345
 145   -19.99706693031      -12.45       -5.50    8.56s
    ‖ρε - ρref‖ = 2.7975014991040584e-6 ‖Δρ‖ = 6.033725891535627e-7  ‖vε - vref‖ = 0.043651811033498335  α = 0.00132
 146   -19.99706693031      -13.13       -5.77    12.1s
    ‖ρε - ρref‖ = 2.923944720117736e-6 ‖Δρ‖ = 4.758403489274574e-7  ‖vε - vref‖ = 0.043655105401151174  α = 0.000712
 147   -19.99706693031      -13.17       -5.16    8.55s
    ‖ρε - ρref‖ = 3.6976815059603832e-6 ‖Δρ‖ = 2.0219672387861633e-6  ‖vε - vref‖ = 0.043660258394488435  α = 0.000152
 148   -19.99706693031      -12.94       -5.71    7.79s
    ‖ρε - ρref‖ = 2.8620752874166694e-6 ‖Δρ‖ = 4.412065953329741e-7  ‖vε - vref‖ = 0.04366321368089217  α = 0.00111
 149   -19.99706693031      -13.22       -5.65    11.6s
    ‖ρε - ρref‖ = 2.9104185720350017e-6 ‖Δρ‖ = 6.316495602815756e-7  ‖vε - vref‖ = 0.04366631111985756  α = 0.000569
 150   -19.99706693031      -12.56       -5.61    8.56s
    ‖ρε - ρref‖ = 2.883166757917939e-6 ‖Δρ‖ = 4.413204557757778e-7  ‖vε - vref‖ = 0.04367525785215039  α = 0.00156
 151   -19.99706693031      -13.02       -5.54    10.9s
    ‖ρε - ρref‖ = 2.8657025743062394e-6 ‖Δρ‖ = 7.191083725059832e-7  ‖vε - vref‖ = 0.04367666712325472  α = 0.000545
 152   -19.99706693031      -13.17       -5.27    7.50s
    ‖ρε - ρref‖ = 2.598866117444207e-6 ‖Δρ‖ = 1.5445470062335942e-6  ‖vε - vref‖ = 0.04367683116654366  α = 0.000189
 153   -19.99706693031      -13.75       -4.85    7.83s
    ‖ρε - ρref‖ = 6.9912436644191975e-6 ‖Δρ‖ = 4.7871167464787835e-6  ‖vε - vref‖ = 0.04367894793924789  α = 4.27e-5
 154   -19.99706693031      -12.84       -6.01    11.5s
    ‖ρε - ρref‖ = 2.863620563657771e-6 ‖Δρ‖ = 2.0819923963477829e-7  ‖vε - vref‖ = 0.04369399060516568  α = 0.00258
 155   -19.99706693031      -12.53       -5.98    8.54s
    ‖ρε - ρref‖ = 2.8456736040376037e-6 ‖Δρ‖ = 1.8740053698353308e-7  ‖vε - vref‖ = 0.04371342182830574  α = 0.00371
 156   -19.99706693031      -12.97       -5.67    8.54s
    ‖ρε - ρref‖ = 2.9279948308500012e-6 ‖Δρ‖ = 4.985924298715011e-7  ‖vε - vref‖ = 0.04372350719011827  α = 0.00089
 157   -19.99706693031      -12.58       -5.96    12.0s
    ‖ρε - ρref‖ = 2.8542971920267606e-6 ‖Δρ‖ = 1.9503908822344653e-7  ‖vε - vref‖ = 0.0437376179585771  α = 0.00345
 158   -19.99706693031      -13.97       -5.75    8.56s
    ‖ρε - ρref‖ = 2.8479827408561967e-6 ‖Δρ‖ = 6.461339914492919e-7  ‖vε - vref‖ = 0.043736458050464416  α = 0.000334
 159   -19.99706693031      -12.99       -5.38    12.1s
    ‖ρε - ρref‖ = 2.9113359434737883e-6 ‖Δρ‖ = 1.071794538401478e-6  ‖vε - vref‖ = 0.04373672280279578  α = 0.00038
 160   -19.99706693031      -12.50       -5.84    8.51s
    ‖ρε - ρref‖ = 2.875712213105793e-6 ‖Δρ‖ = 2.526039355397857e-7  ‖vε - vref‖ = 0.04375443348569225  α = 0.00289
 161   -19.99706693031      -13.00       -5.33    8.57s
    ‖ρε - ρref‖ = 3.0778674034597147e-6 ‖Δρ‖ = 1.1617128372213965e-6  ‖vε - vref‖ = 0.043760229177618064  α = 0.000373
 162   -19.99706693031      -12.97       -5.66    12.1s
    ‖ρε - ρref‖ = 2.8336580705335276e-6 ‖Δρ‖ = 5.099821584789834e-7  ‖vε - vref‖ = 0.043761601222237184  α = 0.000817
 163   -19.99706693031      -13.34       -5.62    8.39s
    ‖ρε - ρref‖ = 3.0910860870823345e-6 ‖Δρ‖ = 6.921808183834338e-7  ‖vε - vref‖ = 0.04376554625389634  α = 0.000409
 164   -19.99706693031      -13.67       -4.97    11.2s
    ‖ρε - ρref‖ = 2.658868938327211e-6 ‖Δρ‖ = 3.806577812934107e-6  ‖vε - vref‖ = 0.043766015098137115  α = 4.8e-5
 165   -19.99706693031      -13.11       -5.31    7.73s
    ‖ρε - ρref‖ = 3.416311933466357e-6 ‖Δρ‖ = 1.2697057954179689e-6  ‖vε - vref‖ = 0.04377319294726362  α = 0.000269
 166   -19.99706693031      -13.00       -5.91    7.45s
    ‖ρε - ρref‖ = 2.8518358606903395e-6 ‖Δρ‖ = 2.644243441038899e-7  ‖vε - vref‖ = 0.04377916392930766  α = 0.00157
 167   -19.99706693031      -13.02       -5.93    10.7s
    ‖ρε - ρref‖ = 2.8872218363424864e-6 ‖Δρ‖ = 2.5245283503713543e-7  ‖vε - vref‖ = 0.04379078750271504  α = 0.00167
 168   -19.99706693031      -12.82       -6.08    7.49s
    ‖ρε - ρref‖ = 2.845688173889061e-6 ‖Δρ‖ = 1.5868776378265708e-7  ‖vε - vref‖ = 0.04379214310922405  α = 0.00333
 169   -19.99706693031      -13.11       -5.99    8.54s
    ‖ρε - ρref‖ = 2.8401631386771696e-6 ‖Δρ‖ = 2.329143277946436e-7  ‖vε - vref‖ = 0.04378797572168954  α = 0.00168
 170   -19.99706693031      -13.50       -5.65    11.7s
    ‖ρε - ρref‖ = 2.8812684545797627e-6 ‖Δρ‖ = 7.97742935198431e-7  ‖vε - vref‖ = 0.043785878355318913  α = 0.000216
 171   -19.99706693031      -13.07       -5.52    8.53s
    ‖ρε - ρref‖ = 2.8528756099120556e-6 ‖Δρ‖ = 6.762317823242364e-7  ‖vε - vref‖ = 0.043781953632176275  α = 0.000555
 172   -19.99706693031      -13.00       -5.89    11.4s
    ‖ρε - ρref‖ = 2.8756930282748016e-6 ‖Δρ‖ = 2.674413684368887e-7  ‖vε - vref‖ = 0.04378605535693991  α = 0.00161
 173   -19.99706693031      -13.11       -6.08    7.41s
    ‖ρε - ρref‖ = 2.8760721598391265e-6 ‖Δρ‖ = 2.1381960050488838e-7  ‖vε - vref‖ = 0.043793754533347044  α = 0.00163
 174   -19.99706693031      -13.03       -5.47    7.73s
    ‖ρε - ρref‖ = 2.9399969160627703e-6 ‖Δρ‖ = 7.524140065959914e-7  ‖vε - vref‖ = 0.04380171927363255  α = 0.000577
 175   -19.99706693031      -13.67       -5.31    11.7s
    ‖ρε - ρref‖ = 4.648891984270989e-6 ‖Δρ‖ = 2.1470621814844487e-6  ‖vε - vref‖ = 0.04380306290783639  α = 5.05e-5
 176   -19.99706693031      -13.37       -5.47    8.18s
    ‖ρε - ρref‖ = 2.624932267149875e-6 ‖Δρ‖ = 9.966903026963455e-7  ‖vε - vref‖ = 0.04380217421752568  α = 0.000259
 177   -19.99706693031      -13.09       -5.48    8.16s
    ‖ρε - ρref‖ = 2.9303049901104826e-6 ‖Δρ‖ = 7.893784846350879e-7  ‖vε - vref‖ = 0.043801823703645056  α = 0.000475
 178   -19.99706693031      -13.03       -5.85    11.4s
    ‖ρε - ρref‖ = 2.889880804269661e-6 ‖Δρ‖ = 3.002548871566707e-7  ‖vε - vref‖ = 0.043806488002744566  α = 0.00138
 179   -19.99706693031      -13.27       -6.04    8.60s
    ‖ρε - ρref‖ = 2.825944567878946e-6 ‖Δρ‖ = 2.361106320841505e-7  ‖vε - vref‖ = 0.04380438801341066  α = 0.0011
 180   -19.99706693031      -13.00       -6.03    12.2s
    ‖ρε - ρref‖ = 2.854895852666697e-6 ‖Δρ‖ = 1.8203400401876322e-7  ‖vε - vref‖ = 0.04380527633622396  α = 0.00219
 181   -19.99706693031      -13.27       -6.02    8.36s
    ‖ρε - ρref‖ = 2.849324469571267e-6 ‖Δρ‖ = 1.985837654503247e-7  ‖vε - vref‖ = 0.04380502149297707  α = 0.00187
 182   -19.99706693031      -14.15       -5.56    8.54s
    ‖ρε - ρref‖ = 2.978627879914803e-6 ‖Δρ‖ = 9.480547419475118e-7  ‖vε - vref‖ = 0.04380446006556327  α = 0.000163
 183   -19.99706693031      -13.02       -5.64    11.7s
    ‖ρε - ρref‖ = 2.9267511687681487e-6 ‖Δρ‖ = 4.449839601656415e-7  ‖vε - vref‖ = 0.04380934925079616  α = 0.000885
 184   -19.99706693031      -13.07       -6.11    8.53s
    ‖ρε - ρref‖ = 2.8360141924458996e-6 ‖Δρ‖ = 1.5711557701024033e-7  ‖vε - vref‖ = 0.0438037267318032  α = 0.00239
 185   -19.99706693031      -13.97       -6.08    11.4s
    ‖ρε - ρref‖ = 2.8659053956788907e-6 ‖Δρ‖ = 2.0429381504779845e-7  ‖vε - vref‖ = 0.043802653665052566  α = 0.00118
 186   -19.99706693031      -13.50       -5.71    7.96s
    ‖ρε - ρref‖ = 2.5303774815453968e-6 ‖Δρ‖ = 6.366666649364619e-7  ‖vε - vref‖ = 0.04380080366916496  α = 0.000226
 187   -19.99706693031      -13.60       -5.02    7.83s
    ‖ρε - ρref‖ = 4.594482917134821e-6 ‖Δρ‖ = 2.52376841961111e-6  ‖vε - vref‖ = 0.043799673160893345  α = 8.2e-5
 188   -19.99706693031      -13.17       -5.53    11.0s
    ‖ρε - ρref‖ = 2.803431556451701e-6 ‖Δρ‖ = 6.182505042251412e-7  ‖vε - vref‖ = 0.04379505929716107  α = 0.000493
 189   -19.99706693031      -13.50       -5.54    7.85s
    ‖ρε - ρref‖ = 3.0045231596865435e-6 ‖Δρ‖ = 8.057790089586191e-7  ‖vε - vref‖ = 0.04379381037313008  α = 0.000256
 190   -19.99706693031      -13.22       -6.35    7.91s
    ‖ρε - ρref‖ = 2.8461836528061127e-6 ‖Δρ‖ = 8.183611119880133e-8  ‖vε - vref‖ = 0.04379622347504907  α = 0.00437
 191   -19.99706693031      -13.45       -5.96    12.1s
    ‖ρε - ρref‖ = 2.895014448178854e-6 ‖Δρ‖ = 2.4550488320897944e-7  ‖vε - vref‖ = 0.0438007076322004  α = 0.0011
 192   -19.99706693031      -13.13       -6.30    7.72s
    ‖ρε - ρref‖ = 2.8335524513915302e-6 ‖Δρ‖ = 9.061432858887257e-8  ‖vε - vref‖ = 0.043794397857829064  α = 0.00392
 193   -19.99706693031      -13.55       -5.82    11.3s
    ‖ρε - ρref‖ = 2.907795390868895e-6 ‖Δρ‖ = 3.890269038368839e-7  ‖vε - vref‖ = 0.04379514727859235  α = 0.000529
 194   -19.99706693031      -13.55       -5.37    8.17s
    ‖ρε - ρref‖ = 3.142362048079243e-6 ‖Δρ‖ = 1.2338221801721882e-6  ‖vε - vref‖ = 0.04379444712402468  α = 0.000135
 195   -19.99706693031      -13.55       -6.15    7.44s
    ‖ρε - ρref‖ = 2.849338835336085e-6 ‖Δρ‖ = 1.60167435064447e-7  ‖vε - vref‖ = 0.043793215899573634  α = 0.00157
 196   -19.99706693031      -13.34       -6.10    11.5s
    ‖ρε - ρref‖ = 2.871686177425279e-6 ‖Δρ‖ = 1.5724286944845045e-7  ‖vε - vref‖ = 0.04379485060662056  α = 0.00188
 197   -19.99706693031      -13.67       -6.05    7.84s
    ‖ρε - ρref‖ = 2.887336202399808e-6 ‖Δρ‖ = 1.7985650829055012e-7  ‖vε - vref‖ = 0.04378914252016123  α = 0.0015
 198   -19.99706693031      -13.50       -4.91    7.96s
    ‖ρε - ρref‖ = 2.4443686845232497e-6 ‖Δρ‖ = 3.77435704770266e-6  ‖vε - vref‖ = 0.04378587577401861  α = 3.38e-5
 199   -19.99706693031      -13.85       -5.86    11.6s
    ‖ρε - ρref‖ = 2.9363984081119326e-6 ‖Δρ‖ = 4.702606630473684e-7  ‖vε - vref‖ = 0.04378435123519753  α = 0.00024
 200   -19.99706693031   +  -13.97       -6.20    8.52s
    ‖ρε - ρref‖ = 2.8259865866454234e-6 ‖Δρ‖ = 1.8816358833215884e-7  ‖vε - vref‖ = 0.04378131031495936  α = 0.00076
 201   -19.99706693031      -13.27       -5.82    11.7s
    ‖ρε - ρref‖ = 2.8684023670651298e-6 ‖Δρ‖ = 3.161055893968763e-7  ‖vε - vref‖ = 0.04377379794513068  α = 0.000823
 202   -19.99706693031      -13.50       -6.04    8.56s
    ‖ρε - ρref‖ = 2.8293599147888736e-6 ‖Δρ‖ = 2.0701310664341466e-7  ‖vε - vref‖ = 0.04376734495752992  α = 0.00112
 203   -19.99706693031      -13.22       -6.11    8.06s
    ‖ρε - ρref‖ = 2.859159700019315e-6 ‖Δρ‖ = 1.4526774213044402e-7  ‖vε - vref‖ = 0.04376442820935892  α = 0.00208
 204   -19.99706693031      -13.60       -6.32    11.9s
    ‖ρε - ρref‖ = 2.859937796136571e-6 ‖Δρ‖ = 1.015042779083742e-7  ‖vε - vref‖ = 0.04376508754102852  α = 0.00245
 205   -19.99706693031      -14.45       -5.85    8.35s
    ‖ρε - ρref‖ = 2.885734330689298e-6 ‖Δρ‖ = 4.3005897504602895e-7  ‖vε - vref‖ = 0.043765036167833025  α = 0.000313
 206   -19.99706693031      -13.45       -5.49    8.55s
    ‖ρε - ρref‖ = 2.8508403061960273e-6 ‖Δρ‖ = 6.478990420945246e-7  ‖vε - vref‖ = 0.04376023043706746  α = 0.000398
 207   -19.99706693031      -13.75       -6.29    11.1s
    ‖ρε - ρref‖ = 2.8494624567406835e-6 ‖Δρ‖ = 1.065112575006024e-7  ‖vε - vref‖ = 0.043758662888174614  α = 0.00187
 208   -19.99706693031      -13.55       -6.32    7.77s
    ‖ρε - ρref‖ = 2.835503998533293e-6 ‖Δρ‖ = 1.0984660234055259e-7  ‖vε - vref‖ = 0.0437574896696602  α = 0.00148
 209   -19.99706693031   +  -14.45       -5.90    7.97s
    ‖ρε - ρref‖ = 3.363319481390648e-6 ‖Δρ‖ = 6.087109068442766e-7  ‖vε - vref‖ = 0.043757873074390954  α = 6.68e-5
 210   -19.99706693031      -13.85       -5.84    11.0s
    ‖ρε - ρref‖ = 2.860079417142146e-6 ‖Δρ‖ = 3.308871840903975e-7  ‖vε - vref‖ = 0.043758450403951876  α = 0.00054
 211   -19.99706693031      -13.85       -5.90    7.47s
    ‖ρε - ρref‖ = 2.918520892638983e-6 ‖Δρ‖ = 3.583286192249144e-7  ‖vε - vref‖ = 0.043757758477454715  α = 0.000359
 212   -19.99706693031      -13.37       -5.90    11.7s
    ‖ρε - ρref‖ = 2.805841560219349e-6 ‖Δρ‖ = 2.835044088670211e-7  ‖vε - vref‖ = 0.043753180465284314  α = 0.000663
 213   -19.99706693031   +  -14.45       -5.89    8.41s
    ‖ρε - ρref‖ = 2.8578183888350726e-6 ‖Δρ‖ = 3.3057983275884153e-7  ‖vε - vref‖ = 0.043750860492097206  α = 0.000482
 214   -19.99706693031      -13.67       -6.00    7.58s
    ‖ρε - ρref‖ = 2.85739393964778e-6 ‖Δρ‖ = 1.9524917280953805e-7  ‖vε - vref‖ = 0.043747965516962285  α = 0.00117
 215   -19.99706693031      -13.55       -6.36    10.7s
    ‖ρε - ρref‖ = 2.8457039447279465e-6 ‖Δρ‖ = 9.682157189666222e-8  ‖vε - vref‖ = 0.04374525288577368  α = 0.00202
    Stopping to avoid numerical instabilities.
 216   -19.99706693031      -13.34       -6.33    7.66s
    ‖ρε - ρref‖ = 2.849621483953248e-6 ‖Δρ‖ = 8.85290182648277e-8  ‖vε - vref‖ = 0.04374174604107871  α = 0.00275

#-- ‖ρε - ρref‖ = 2.8453562866319666e-6 vs. 1.0e-8 = δ*ε ‖vε - vref‖ = 0.0437417460423197


# --- ε=5.62341325190349e-7

n     Energy            log10(ΔE)   log10(Δρ)   Δtime 
---   ---------------   ---------   ---------   ------
  1   -19.99706338553                   -0.89    12.1s
    ‖ρε - ρref‖ = 0.082136460257717 ‖Δρ‖ = 0.0821351153693357  ‖vε - vref‖ = 1.305848041354693  α = 1.39e-5
  2   -19.99706357247       -6.73       -1.97    10.3s
    ‖ρε - ρref‖ = 0.004398650161507943 ‖Δρ‖ = 0.004398272648923319  ‖vε - vref‖ = 0.931271851630404  α = 9.34e-5
  3   -19.99706365117       -7.10       -2.19    8.08s
    ‖ρε - ρref‖ = 0.0022579845974260147 ‖Δρ‖ = 0.002257621955542455  ‖vε - vref‖ = 0.7608337570643359  α = 0.000121
  4   -19.99706370433       -7.27       -2.20    11.3s
    ‖ρε - ρref‖ = 0.0024021625340430743 ‖Δρ‖ = 0.0024018487109626154  ‖vε - vref‖ = 0.5870314244652564  α = 9.06e-5
  5   -19.99706374868       -7.35       -2.78    8.15s
    ‖ρε - ρref‖ = 0.0004312980209843831 ‖Δρ‖ = 0.0004310004188786111  ‖vε - vref‖ = 0.42475535988769847  α = 0.000494
  6   -19.99706376104       -7.91       -2.84    7.24s
    ‖ρε - ρref‖ = 0.0004597450816806568 ‖Δρ‖ = 0.00045957424655050736  ‖vε - vref‖ = 0.36334459033799016  α = 0.000237
  7   -19.99706377273       -7.93       -2.95    11.2s
    ‖ρε - ρref‖ = 0.0002866403823221392 ‖Δρ‖ = 0.00028650592015752965  ‖vε - vref‖ = 0.2983649300778352  α = 0.000382
  8   -19.99706378135       -8.06       -3.34    7.90s
    ‖ρε - ρref‖ = 0.00010829783726370557 ‖Δρ‖ = 0.00010815502627871737  ‖vε - vref‖ = 0.24082640909193587  α = 0.000863
  9   -19.99706378606       -8.33       -3.40    8.40s
    ‖ρε - ρref‖ = 9.045236167908918e-5 ‖Δρ‖ = 9.037481343487142e-5  ‖vε - vref‖ = 0.20239534918304342  α = 0.00077
 10   -19.99706378865       -8.59       -3.49    12.2s
    ‖ρε - ρref‖ = 7.557566690142427e-5 ‖Δρ‖ = 7.54519883827307e-5  ‖vε - vref‖ = 0.17894657334345587  α = 0.000684
 11   -19.99706379099       -8.63       -3.57    8.17s
    ‖ρε - ρref‖ = 5.8807768592439416e-5 ‖Δρ‖ = 5.872794158728833e-5  ‖vε - vref‖ = 0.1549930777244326  α = 0.000845
 12   -19.99706379107      -10.09       -3.30    8.11s
    ‖ρε - ρref‖ = 0.0003003526394892557 ‖Δρ‖ = 0.0002989764503052849  ‖vε - vref‖ = 0.15396315417271147  α = 2.38e-5
 13   -19.99706379260       -8.82       -3.54    10.7s
    ‖ρε - ρref‖ = 6.310084427255329e-5 ‖Δρ‖ = 6.305852789536078e-5  ‖vε - vref‖ = 0.13711353656211056  α = 0.000635
 14   -19.99706379309       -9.31       -3.44    7.50s
    ‖ρε - ρref‖ = 0.00011131031796590995 ‖Δρ‖ = 0.0001114623537988116  ‖vε - vref‖ = 0.1315912733107359  α = 0.000192
 15   -19.99706379383       -9.13       -3.16    11.2s
    ‖ρε - ρref‖ = 0.00018826254736263527 ‖Δρ‖ = 0.00018826824933790618  ‖vε - vref‖ = 0.12298349199032517  α = 0.000141
 16   -19.99706379456       -9.14       -3.09    8.65s
    ‖ρε - ρref‖ = 0.0002115246295139882 ‖Δρ‖ = 0.0002113724830139894  ‖vε - vref‖ = 0.11189481527105255  α = 0.000124
 17   -19.99706379543       -9.06       -3.83    8.54s
    ‖ρε - ρref‖ = 3.342673911753836e-5 ‖Δρ‖ = 3.320418417992428e-5  ‖vε - vref‖ = 0.0992967033444568  α = 0.000903
 18   -19.99706379574       -9.50       -3.64    11.6s
    ‖ρε - ρref‖ = 6.599034154495929e-5 ‖Δρ‖ = 6.608747342740364e-5  ‖vε - vref‖ = 0.09415424315466464  α = 0.000265
 19   -19.99706379617       -9.38       -3.76    8.04s
    ‖ρε - ρref‖ = 4.247670525327427e-5 ‖Δρ‖ = 4.2620440257918224e-5  ‖vε - vref‖ = 0.0875343211215519  α = 0.000484
 20   -19.99706379684       -9.17       -3.71    7.82s
    ‖ρε - ρref‖ = 3.973161899319173e-5 ‖Δρ‖ = 3.9549582685438864e-5  ‖vε - vref‖ = 0.07475853620059883  α = 0.000668
 21   -19.99706379734       -9.30       -4.31    10.9s
    ‖ρε - ρref‖ = 9.88012523341947e-6 ‖Δρ‖ = 9.599849121644666e-6  ‖vε - vref‖ = 0.06557828023533421  α = 0.00236
 22   -19.99706379763       -9.55       -3.85    7.97s
    ‖ρε - ρref‖ = 3.172335665507122e-5 ‖Δρ‖ = 3.180152769182242e-5  ‖vε - vref‖ = 0.05886676089877757  α = 0.000527
 23   -19.99706379783       -9.68       -4.16    7.93s
    ‖ρε - ρref‖ = 1.3924375003393388e-5 ‖Δρ‖ = 1.385570145230118e-5  ‖vε - vref‖ = 0.05401005128380475  α = 0.00106
 24   -19.99706379797       -9.86       -4.09    11.3s
    ‖ρε - ρref‖ = 1.8595183386169637e-5 ‖Δρ‖ = 1.7978948320922823e-5  ‖vε - vref‖ = 0.05123184360736161  α = 0.000634
 25   -19.99706379800      -10.46       -3.10    7.45s
    ‖ρε - ρref‖ = 0.00027282179967665 ‖Δρ‖ = 0.0002739139839836077  ‖vε - vref‖ = 0.04963030738453326  α = 1.83e-5
 26   -19.99706379814       -9.86       -4.17    10.8s
    ‖ρε - ρref‖ = 1.3687326116681614e-5 ‖Δρ‖ = 1.354376695447078e-5  ‖vε - vref‖ = 0.046027908837595756  α = 0.00089
 27   -19.99706379816      -10.70       -4.09    8.04s
    ‖ρε - ρref‖ = 2.7630077255816583e-5 ‖Δρ‖ = 2.7843476780807144e-5  ‖vε - vref‖ = 0.045499968522665225  α = 0.000151
 28   -19.99706379826      -10.00       -4.21    7.67s
    ‖ρε - ρref‖ = 1.2634587653244388e-5 ‖Δρ‖ = 1.2477498537433586e-5  ‖vε - vref‖ = 0.043120806176984515  α = 0.000812
 29   -19.99706379830      -10.43       -3.50    11.7s
    ‖ρε - ρref‖ = 8.897073079805353e-5 ‖Δρ‖ = 8.894293498955484e-5  ‖vε - vref‖ = 0.041998120154219686  α = 6.59e-5
 30   -19.99706379837      -10.14       -4.04    8.50s
    ‖ρε - ρref‖ = 1.9601982847629845e-5 ‖Δρ‖ = 1.936390084544156e-5  ‖vε - vref‖ = 0.04011607808717307  α = 0.000444
 31   -19.99706379839      -10.75       -4.20    8.47s
    ‖ρε - ρref‖ = 1.8610540313604676e-5 ‖Δρ‖ = 1.865120361668787e-5  ‖vε - vref‖ = 0.03957936777875019  α = 0.000224
 32   -19.99706379843      -10.38       -4.47    12.2s
    ‖ρε - ρref‖ = 7.651263160651833e-6 ‖Δρ‖ = 7.812712245563049e-6  ‖vε - vref‖ = 0.03854083610994643  α = 0.000828
 33   -19.99706379849      -10.25       -4.23    8.44s
    ‖ρε - ρref‖ = 1.1818303205629349e-5 ‖Δρ‖ = 1.160149168403902e-5  ‖vε - vref‖ = 0.03720488649715282  α = 0.000659
 34   -19.99706379854      -10.29       -4.40    8.15s
    ‖ρε - ρref‖ = 7.887558283200845e-6 ‖Δρ‖ = 7.523643972799861e-6  ‖vε - vref‖ = 0.036158561012141655  α = 0.000972
 35   -19.99706379857      -10.45       -4.53    11.4s
    ‖ρε - ρref‖ = 5.999421945816255e-6 ‖Δρ‖ = 5.770918720939224e-6  ‖vε - vref‖ = 0.035424416819566436  α = 0.00105
 36   -19.99706379858      -11.35       -4.60    7.48s
    ‖ρε - ρref‖ = 7.407241100540393e-6 ‖Δρ‖ = 8.287595973035154e-6  ‖vε - vref‖ = 0.03541950728091914  α = 0.000222
 37   -19.99706379859      -11.03       -3.62    7.73s
    ‖ρε - ρref‖ = 6.554812287526616e-5 ‖Δρ‖ = 6.485191296300394e-5  ‖vε - vref‖ = 0.035175622933103015  α = 4.43e-5
 38   -19.99706379862      -10.54       -4.62    12.1s
    ‖ρε - ρref‖ = 4.440229337730696e-6 ‖Δρ‖ = 4.304876176094651e-6  ‖vε - vref‖ = 0.03464933686725561  α = 0.00127
 39   -19.99706379862      -11.14       -4.61    7.87s
    ‖ρε - ρref‖ = 6.9475047724012555e-6 ‖Δρ‖ = 6.557583298198746e-6  ‖vε - vref‖ = 0.034609251834632274  α = 0.000397
 40   -19.99706379864      -10.77       -4.14    10.7s
    ‖ρε - ρref‖ = 1.4719484956108653e-5 ‖Δρ‖ = 1.47282286672946e-5  ‖vε - vref‖ = 0.034344016054423755  α = 0.000277
 41   -19.99706379865      -11.45       -4.11    7.65s
    ‖ρε - ρref‖ = 2.5657431770338438e-5 ‖Δρ‖ = 2.5575930981295536e-5  ‖vε - vref‖ = 0.034303922524168605  α = 7.01e-5
 42   -19.99706379866      -11.00       -4.44    7.63s
    ‖ρε - ρref‖ = 8.366244661988364e-6 ‖Δρ‖ = 8.05465831318573e-6  ‖vε - vref‖ = 0.03419620332183416  α = 0.000395
 43   -19.99706379866      -11.17       -4.85    12.4s
    ‖ρε - ρref‖ = 3.774921810311759e-6 ‖Δρ‖ = 3.3388080557884316e-6  ‖vε - vref‖ = 0.034185094205699935  α = 0.000773
 44   -19.99706379867      -11.07       -4.34    7.98s
    ‖ρε - ρref‖ = 9.692990370071649e-6 ‖Δρ‖ = 9.631018854679989e-6  ‖vε - vref‖ = 0.03411192295919227  α = 0.000304
 45   -19.99706379868      -11.09       -4.79    7.50s
    ‖ρε - ρref‖ = 3.4902820827852756e-6 ‖Δρ‖ = 3.3548361919258715e-6  ‖vε - vref‖ = 0.034047803572851934  α = 0.000851
 46   -19.99706379869      -11.10       -4.62    11.1s
    ‖ρε - ρref‖ = 5.284856311048043e-6 ‖Δρ‖ = 4.794133865160964e-6  ‖vε - vref‖ = 0.034072124004356975  α = 0.0006
 47   -19.99706379869      -11.16       -4.88    8.46s
    ‖ρε - ρref‖ = 3.1021105077624313e-6 ‖Δρ‖ = 2.5257573626750994e-6  ‖vε - vref‖ = 0.03408401045121309  α = 0.00106
 48   -19.99706379869      -12.40       -4.53    8.48s
    ‖ρε - ρref‖ = 1.2925118463067202e-5 ‖Δρ‖ = 1.421721788300939e-5  ‖vε - vref‖ = 0.03408001682565748  α = 3.56e-5
 49   -19.99706379870      -11.27       -4.46    12.4s
    ‖ρε - ρref‖ = 7.496567178306772e-6 ‖Δρ‖ = 7.246220227400972e-6  ‖vε - vref‖ = 0.03406135619428743  α = 0.000324
 50   -19.99706379871      -10.93       -5.14    8.50s
    ‖ρε - ρref‖ = 1.935788123248474e-6 ‖Δρ‖ = 1.1377549293004212e-6  ‖vε - vref‖ = 0.03413180993440199  α = 0.00308
 51   -19.99706379871      -11.84       -4.72    8.55s
    ‖ρε - ρref‖ = 6.3151833616459865e-6 ‖Δρ‖ = 5.914150371035512e-6  ‖vε - vref‖ = 0.03414519075049399  α = 0.000192
 52   -19.99706379871      -11.69       -4.59    12.1s
    ‖ρε - ρref‖ = 6.872536283821015e-6 ‖Δρ‖ = 6.793064424479987e-6  ‖vε - vref‖ = 0.03416554539484882  α = 0.000207
 53   -19.99706379872      -11.91       -4.41    8.00s
    ‖ρε - ρref‖ = 1.2321496471379576e-5 ‖Δρ‖ = 1.2273973156458335e-5  ‖vε - vref‖ = 0.03418325897111094  α = 8.56e-5
 54   -19.99706379872      -11.37       -4.79    8.52s
    ‖ρε - ρref‖ = 3.684830599789343e-6 ‖Δρ‖ = 3.1511388885992278e-6  ‖vε - vref‖ = 0.03426798214831204  α = 0.000668
 55   -19.99706379872      -11.35       -4.99    12.1s
    ‖ρε - ρref‖ = 2.5782186836181433e-6 ‖Δρ‖ = 2.012050517195563e-6  ‖vε - vref‖ = 0.0343496947199382  α = 0.00106
 56   -19.99706379873      -11.80       -4.64    8.16s
    ‖ρε - ρref‖ = 6.08514486414748e-6 ‖Δρ‖ = 5.9475140795026625e-6  ‖vε - vref‖ = 0.034368284769699976  α = 0.000211
 57   -19.99706379873      -11.53       -4.98    11.3s
    ‖ρε - ρref‖ = 2.6366188780904305e-6 ‖Δρ‖ = 2.1375115310822404e-6  ‖vε - vref‖ = 0.03441901517227981  α = 0.000812
 58   -19.99706379873      -11.41       -5.00    7.55s
    ‖ρε - ρref‖ = 2.506354898813156e-6 ‖Δρ‖ = 1.8776817468794077e-6  ‖vε - vref‖ = 0.03449398078392316  α = 0.00107
 59   -19.99706379873      -11.81       -5.02    8.07s
    ‖ρε - ρref‖ = 3.3430109346700374e-6 ‖Δρ‖ = 2.317001898249023e-6  ‖vε - vref‖ = 0.03455302478991872  α = 0.000491
 60   -19.99706379874      -11.85       -3.79    12.5s
    ‖ρε - ρref‖ = 3.8805789388869916e-5 ‖Δρ‖ = 3.9738850807157363e-5  ‖vε - vref‖ = 0.034540440239517536  α = 2.72e-5
 61   -19.99706379874      -11.46       -5.20    8.09s
    ‖ρε - ρref‖ = 1.9063205641888012e-6 ‖Δρ‖ = 1.1131275584885616e-6  ‖vε - vref‖ = 0.034638100781635164  α = 0.00173
 62   -19.99706379874      -11.88       -5.03    8.21s
    ‖ρε - ρref‖ = 3.057462258321196e-6 ‖Δρ‖ = 2.2864215247017104e-6  ‖vε - vref‖ = 0.034709016581611185  α = 0.000498
 63   -19.99706379874      -12.17       -5.04    12.5s
    ‖ρε - ρref‖ = 3.3575343747597174e-6 ‖Δρ‖ = 2.7034578186350275e-6  ‖vε - vref‖ = 0.03474855851649342  α = 0.000296
 64   -19.99706379874      -11.85       -4.60    8.51s
    ‖ρε - ρref‖ = 6.21695165342027e-6 ‖Δρ‖ = 6.068882709240568e-6  ‖vε - vref‖ = 0.03479967314689238  α = 0.000192
 65   -19.99706379874      -11.86       -4.42    8.51s
    ‖ρε - ρref‖ = 9.651099593493638e-6 ‖Δρ‖ = 9.71005735041601e-6  ‖vε - vref‖ = 0.03485102753754621  α = 0.000116
 66   -19.99706379875      -11.54       -4.86    12.5s
    ‖ρε - ρref‖ = 3.099200459675017e-6 ‖Δρ‖ = 2.658130689521198e-6  ‖vε - vref‖ = 0.034952652422847855  α = 0.000643
 67   -19.99706379875      -11.50       -5.13    7.78s
    ‖ρε - ρref‖ = 2.147336635205144e-6 ‖Δρ‖ = 1.3966855754426569e-6  ‖vε - vref‖ = 0.035076501914511934  α = 0.00128
 68   -19.99706379875      -12.14       -4.92    8.53s
    ‖ρε - ρref‖ = 3.771625903641421e-6 ‖Δρ‖ = 3.4793432920829595e-6  ‖vε - vref‖ = 0.03510142496850557  α = 0.000242
 69   -19.99706379875      -11.82       -5.11    12.0s
    ‖ρε - ρref‖ = 2.4004921117867306e-6 ‖Δρ‖ = 1.818299201716842e-6  ‖vε - vref‖ = 0.0351646328294169  α = 0.000671
 70   -19.99706379876      -11.46       -4.95    7.81s
    ‖ρε - ρref‖ = 2.5086246012311784e-6 ‖Δρ‖ = 1.953198532430821e-6  ‖vε - vref‖ = 0.03530242272495507  α = 0.00096
 71   -19.99706379876      -13.15       -4.99    7.93s
    ‖ρε - ρref‖ = 6.669561133264982e-6 ‖Δρ‖ = 5.2878385128180944e-6  ‖vε - vref‖ = 0.03530926921368807  α = 4.47e-5
 72   -19.99706379876      -11.77       -4.84    11.7s
    ‖ρε - ρref‖ = 3.454814283112904e-6 ‖Δρ‖ = 3.2317817559313895e-6  ‖vε - vref‖ = 0.03537483300672081  α = 0.000403
 73   -19.99706379876      -11.64       -5.14    8.11s
    ‖ρε - ρref‖ = 2.087089062006633e-6 ‖Δρ‖ = 1.4884739451713546e-6  ‖vε - vref‖ = 0.035463553795851616  α = 0.00102
 74   -19.99706379876      -11.56       -5.16    8.38s
    ‖ρε - ρref‖ = 2.1050699075890028e-6 ‖Δρ‖ = 1.3405184566822621e-6  ‖vε - vref‖ = 0.03559445525591199  α = 0.00125
 75   -19.99706379876      -12.49       -4.96    11.8s
    ‖ρε - ρref‖ = 4.470260562164652e-6 ‖Δρ‖ = 3.914601607735729e-6  ‖vε - vref‖ = 0.035616026815898094  α = 0.000134
 76   -19.99706379876      -11.96       -4.88    8.31s
    ‖ρε - ρref‖ = 4.026258122464589e-6 ‖Δρ‖ = 3.4108036037210127e-6  ‖vε - vref‖ = 0.035691238415735585  α = 0.000298
 77   -19.99706379877      -11.66       -4.45    7.56s
    ‖ρε - ρref‖ = 7.453070733775138e-6 ‖Δρ‖ = 7.203157420539057e-6  ‖vε - vref‖ = 0.03581108295681193  α = 0.000203
 78   -19.99706379877      -11.84       -4.91    11.8s
    ‖ρε - ρref‖ = 2.957057551809887e-6 ‖Δρ‖ = 2.8102075776532264e-6  ‖vε - vref‖ = 0.0358484164286174  α = 0.000426
 79   -19.99706379877      -11.92       -5.29    7.81s
    ‖ρε - ρref‖ = 1.949878834156913e-6 ‖Δρ‖ = 1.1611657741709147e-6  ‖vε - vref‖ = 0.03589149778654487  α = 0.000958
 80   -19.99706379877      -11.71       -5.14    11.8s
    ‖ρε - ρref‖ = 2.1394715959499826e-6 ‖Δρ‖ = 1.4943021029633001e-6  ‖vε - vref‖ = 0.03596077416412941  α = 0.000934
 81   -19.99706379877      -12.09       -4.82    8.16s
    ‖ρε - ρref‖ = 4.513949748977744e-6 ‖Δρ‖ = 4.1846115169227285e-6  ‖vε - vref‖ = 0.03599266421585884  α = 0.000213
 82   -19.99706379877      -11.66       -5.27    8.17s
    ‖ρε - ρref‖ = 1.7701190493746304e-6 ‖Δρ‖ = 1.175177154008729e-6  ‖vε - vref‖ = 0.03609899715646627  α = 0.00122
 83   -19.99706379877      -12.31       -4.06    11.4s
    ‖ρε - ρref‖ = 3.245236609307057e-5 ‖Δρ‖ = 3.120168497916502e-5  ‖vε - vref‖ = 0.03611536374428997  α = 1.84e-5
 84   -19.99706379878      -11.68       -4.95    7.83s
    ‖ρε - ρref‖ = 2.9091919441736257e-6 ‖Δρ‖ = 2.4026503461795007e-6  ‖vε - vref‖ = 0.03619061385157268  α = 0.000597
 85   -19.99706379878      -11.62       -5.14    7.45s
    ‖ρε - ρref‖ = 2.113432603415505e-6 ‖Δρ‖ = 1.5000354331164435e-6  ‖vε - vref‖ = 0.03625024677905347  α = 0.00103
 86   -19.99706379878      -11.62       -5.21    11.7s
    ‖ρε - ρref‖ = 2.0294339681417226e-6 ‖Δρ‖ = 1.278929428166302e-6  ‖vε - vref‖ = 0.03630841832195791  α = 0.00121
 87   -19.99706379878      -12.44       -4.94    7.86s
    ‖ρε - ρref‖ = 4.476794641460304e-6 ‖Δρ‖ = 4.010101159425799e-6  ‖vε - vref‖ = 0.036322100547954185  α = 0.00014
 88   -19.99706379878      -11.94       -4.74    7.49s
    ‖ρε - ρref‖ = 4.8288967978689344e-6 ‖Δρ‖ = 4.397190442684165e-6  ‖vε - vref‖ = 0.03635002366595565  α = 0.000242
 89   -19.99706379878      -12.34       -4.84    11.0s
    ‖ρε - ρref‖ = 4.730717292439288e-6 ‖Δρ‖ = 4.613561231436283e-6  ‖vε - vref‖ = 0.03635698468232721  α = 0.000138
 90   -19.99706379878      -11.81       -5.12    7.46s
    ‖ρε - ρref‖ = 2.307886502019531e-6 ‖Δρ‖ = 1.6809157615496318e-6  ‖vε - vref‖ = 0.03637124970180063  α = 0.000738
 91   -19.99706379879      -11.57       -5.28    7.51s
    ‖ρε - ρref‖ = 1.8155398924939438e-6 ‖Δρ‖ = 9.817086253080455e-7  ‖vε - vref‖ = 0.03637075920638771  α = 0.00168
 92   -19.99706379879      -12.05       -5.21    11.4s
    ‖ρε - ρref‖ = 2.4432621296696695e-6 ‖Δρ‖ = 1.5783337657170208e-6  ‖vε - vref‖ = 0.036388160116780685  α = 0.000596
 93   -19.99706379879      -11.88       -5.15    7.60s
    ‖ρε - ρref‖ = 2.336073763589532e-6 ‖Δρ‖ = 1.635784307673857e-6  ‖vε - vref‖ = 0.036389332194807576  α = 0.000696
 94   -19.99706379879      -12.44       -4.74    7.68s
    ‖ρε - ρref‖ = 5.405081140448472e-6 ‖Δρ‖ = 6.528820754202328e-6  ‖vε - vref‖ = 0.03638499163670482  α = 7.62e-5
 95   -19.99706379879      -12.12       -4.24    13.0s
    ‖ρε - ρref‖ = 1.6707870796715945e-5 ‖Δρ‖ = 1.6255974271299548e-5  ‖vε - vref‖ = 0.0363713443714292  α = 5.06e-5
 96   -19.99706379879      -11.61       -5.22    8.54s
    ‖ρε - ρref‖ = 1.9933092807760556e-6 ‖Δρ‖ = 1.1856614999931543e-6  ‖vε - vref‖ = 0.0363604240550292  α = 0.00131
 97   -19.99706379880      -11.72       -5.03    8.50s
    ‖ρε - ρref‖ = 2.699151816257291e-6 ‖Δρ‖ = 2.0117440947392876e-6  ‖vε - vref‖ = 0.03635336296058345  α = 0.000675
 98   -19.99706379880      -11.90       -5.31    12.5s
    ‖ρε - ρref‖ = 1.880558235916527e-6 ‖Δρ‖ = 1.0735524363259785e-6  ‖vε - vref‖ = 0.03632145380802512  α = 0.00105
 99   -19.99706379880      -12.29       -4.93    8.00s
    ‖ρε - ρref‖ = 3.8888027056082864e-6 ‖Δρ‖ = 3.52673463437435e-6  ‖vε - vref‖ = 0.0363115816455679  α = 0.000196
 100   -19.99706379880      -11.87       -4.54    8.19s
    ‖ρε - ρref‖ = 6.5294331244508434e-6 ‖Δρ‖ = 6.452013645007469e-6  ‖vε - vref‖ = 0.036255947592950734  α = 0.000179
 101   -19.99706379880      -12.44       -5.20    11.4s
    ‖ρε - ρref‖ = 2.4625755368014292e-6 ‖Δρ‖ = 2.0880655243552226e-6  ‖vε - vref‖ = 0.036249041654436556  α = 0.00027
 102   -19.99706379880      -11.75       -4.95    8.36s
    ‖ρε - ρref‖ = 2.912106513907488e-6 ‖Δρ‖ = 2.2768057404079468e-6  ‖vε - vref‖ = 0.03621243680510745  α = 0.000577
 103   -19.99706379880      -11.92       -5.27    7.47s
    ‖ρε - ρref‖ = 1.9908903745758404e-6 ‖Δρ‖ = 1.1609690933600815e-6  ‖vε - vref‖ = 0.036184378079878454  α = 0.000946
 104   -19.99706379880      -11.86       -5.27    11.5s
    ‖ρε - ρref‖ = 2.0119819667937037e-6 ‖Δρ‖ = 1.1416254755401986e-6  ‖vε - vref‖ = 0.03613803152401733  α = 0.00103
 105   -19.99706379880      -11.88       -5.29    8.37s
    ‖ρε - ρref‖ = 2.283969893514866e-6 ‖Δρ‖ = 1.0486724095492979e-6  ‖vε - vref‖ = 0.03610157762959774  α = 0.00101
 106   -19.99706379881      -12.03       -3.83    7.61s
    ‖ρε - ρref‖ = 3.4007364857107276e-5 ‖Δρ‖ = 3.493249280632322e-5  ‖vε - vref‖ = 0.036028078774646664  α = 2.42e-5
 107   -19.99706379881      -12.22       -4.77    11.3s
    ‖ρε - ρref‖ = 4.732460960842876e-6 ‖Δρ‖ = 4.581223540459094e-6  ‖vε - vref‖ = 0.035984526722528526  α = 0.000166
 108   -19.99706379881      -12.50       -5.38    7.88s
    ‖ρε - ρref‖ = 1.7456881845260136e-6 ‖Δρ‖ = 1.1568681631416814e-6  ‖vε - vref‖ = 0.035958202038730805  α = 0.000486
 109   -19.99706379881      -11.88       -5.44    7.48s
    ‖ρε - ρref‖ = 1.7564176022481772e-6 ‖Δρ‖ = 6.474010218912677e-7  ‖vε - vref‖ = 0.03591554044018922  α = 0.00178
 110   -19.99706379881      -12.23       -5.24    12.0s
    ‖ρε - ρref‖ = 2.1960905018268776e-6 ‖Δρ‖ = 1.3049186896637343e-6  ‖vε - vref‖ = 0.03590518325826615  α = 0.000594
 111   -19.99706379881      -13.02       -5.04    8.12s
    ‖ρε - ρref‖ = 3.985252253908985e-6 ‖Δρ‖ = 3.5100804503467004e-6  ‖vε - vref‖ = 0.03590521221301154  α = 8.06e-5
 112   -19.99706379881      -12.16       -5.28    7.50s
    ‖ρε - ρref‖ = 1.9980156947311874e-6 ‖Δρ‖ = 1.1181303373079663e-6  ‖vε - vref‖ = 0.03587419450453256  α = 0.000746
 113   -19.99706379881      -12.38       -5.10    12.1s
    ‖ρε - ρref‖ = 2.358870028944869e-6 ‖Δρ‖ = 1.9958306369418957e-6  ‖vε - vref‖ = 0.03584824129068145  α = 0.000305
 114   -19.99706379881      -12.20       -4.80    7.50s
    ‖ρε - ρref‖ = 3.7552107139373053e-6 ‖Δρ‖ = 3.379923026013909e-6  ‖vε - vref‖ = 0.035803028757174296  α = 0.000233
 115   -19.99706379881      -12.27       -5.34    7.94s
    ‖ρε - ρref‖ = 1.7881038355138582e-6 ‖Δρ‖ = 9.631011550634246e-7  ‖vε - vref‖ = 0.03576168344338499  α = 0.000785
 116   -19.99706379881      -12.18       -5.50    13.0s
    ‖ρε - ρref‖ = 1.6937910816939704e-6 ‖Δρ‖ = 6.182803669319168e-7  ‖vε - vref‖ = 0.03573029379618368  α = 0.0013
 117   -19.99706379881      -13.41       -5.39    8.54s
    ‖ρε - ρref‖ = 3.237496434183709e-6 ‖Δρ‖ = 1.7735514273771384e-6  ‖vε - vref‖ = 0.03573252521722327  α = 9.78e-5
 118   -19.99706379881      -12.35       -4.72    8.22s
    ‖ρε - ρref‖ = 4.152780444247025e-6 ‖Δρ‖ = 3.883683625213064e-6  ‖vε - vref‖ = 0.035723413237976336  α = 0.000175
 119   -19.99706379881      -12.51       -5.40    11.6s
    ‖ρε - ρref‖ = 1.8721315858101114e-6 ‖Δρ‖ = 9.044963140230818e-7  ‖vε - vref‖ = 0.035713831840130765  α = 0.000617
 120   -19.99706379881      -12.68       -5.23    7.72s
    ‖ρε - ρref‖ = 2.309327808603521e-6 ‖Δρ‖ = 1.6345940256252194e-6  ‖vε - vref‖ = 0.03570511560532843  α = 0.000267
 121   -19.99706379881      -12.23       -5.43    8.11s
    ‖ρε - ρref‖ = 1.6821125570366277e-6 ‖Δρ‖ = 7.030363456076658e-7  ‖vε - vref‖ = 0.03565249013182935  α = 0.00112
 122   -19.99706379881      -12.53       -5.51    11.5s
    ‖ρε - ρref‖ = 1.8171950925364579e-6 ‖Δρ‖ = 7.195802082476061e-7  ‖vε - vref‖ = 0.03563301630139059  α = 0.000752
 123   -19.99706379881      -12.96       -4.97    7.53s
    ‖ρε - ρref‖ = 3.921246241393756e-6 ‖Δρ‖ = 3.5147552584131737e-6  ‖vε - vref‖ = 0.03562707773590973  α = 8.49e-5
 124   -19.99706379881      -12.47       -5.15    12.0s
    ‖ρε - ρref‖ = 2.0365253274197213e-6 ‖Δρ‖ = 1.5690490352469406e-6  ‖vε - vref‖ = 0.03558822088765463  α = 0.000373
 125   -19.99706379881      -12.57       -5.63    8.47s
    ‖ρε - ρref‖ = 1.643973637833818e-6 ‖Δρ‖ = 5.494179382222328e-7  ‖vε - vref‖ = 0.03557273600995743  α = 0.00093
 126   -19.99706379881      -12.45       -4.83    8.01s
    ‖ρε - ρref‖ = 3.714804505130713e-6 ‖Δρ‖ = 3.12520652268681e-6  ‖vε - vref‖ = 0.035553102288910836  α = 0.000185
 127   -19.99706379881      -12.60       -5.45    12.3s
    ‖ρε - ρref‖ = 1.8863106345069595e-6 ‖Δρ‖ = 8.603613423378908e-7  ‖vε - vref‖ = 0.035543069079810176  α = 0.000555
 128   -19.99706379881      -12.49       -5.58    8.10s
    ‖ρε - ρref‖ = 1.6265086223073636e-6 ‖Δρ‖ = 5.16848834664951e-7  ‖vε - vref‖ = 0.035518501255069695  α = 0.00113
 129   -19.99706379881      -13.75       -5.04    8.39s
    ‖ρε - ρref‖ = 5.864967883936245e-6 ‖Δρ‖ = 4.5053254280962875e-6  ‖vε - vref‖ = 0.035518313581659154  α = 2.29e-5
 130   -19.99706379881      -12.70       -5.36    12.6s
    ‖ρε - ρref‖ = 1.7172534544892314e-6 ‖Δρ‖ = 9.583112605385871e-7  ‖vε - vref‖ = 0.03549710557901223  α = 0.000486
 131   -19.99706379882      -12.33       -5.69    8.45s
    ‖ρε - ρref‖ = 1.6591030332694467e-6 ‖Δρ‖ = 3.6763075988456965e-7  ‖vε - vref‖ = 0.035474434196330625  α = 0.00186
 132   -19.99706379882      -12.73       -5.51    7.86s
    ‖ρε - ρref‖ = 1.8007974001826365e-6 ‖Δρ‖ = 7.681781854784894e-7  ‖vε - vref‖ = 0.03546720987376358  α = 0.000553
 133   -19.99706379882      -12.62       -5.15    12.4s
    ‖ρε - ρref‖ = 2.1952734202697e-6 ‖Δρ‖ = 1.5247398861634107e-6  ‖vε - vref‖ = 0.03545284907096591  α = 0.000327
 134   -19.99706379882      -12.71       -5.57    8.11s
    ‖ρε - ρref‖ = 1.7178858693853172e-6 ‖Δρ‖ = 6.154741358628114e-7  ‖vε - vref‖ = 0.03543920980778364  α = 0.000738
 135   -19.99706379882      -13.11       -5.00    8.00s
    ‖ρε - ρref‖ = 3.7367721180774025e-6 ‖Δρ‖ = 3.290704126461094e-6  ‖vε - vref‖ = 0.03543720476918063  α = 7.07e-5
 136   -19.99706379882      -12.37       -5.43    11.4s
    ‖ρε - ρref‖ = 1.7655877748551306e-6 ‖Δρ‖ = 6.907718911086811e-7  ‖vε - vref‖ = 0.035410369702024665  α = 0.000949
 137   -19.99706379882      -13.13       -5.69    7.79s
    ‖ρε - ρref‖ = 1.5336069254394172e-6 ‖Δρ‖ = 6.403774753060723e-7  ‖vε - vref‖ = 0.03539822379423846  α = 0.00045
 138   -19.99706379882      -12.86       -5.30    8.56s
    ‖ρε - ρref‖ = 2.074682273031212e-6 ‖Δρ‖ = 1.4503358730787869e-6  ‖vε - vref‖ = 0.03538377437385937  α = 0.000239
 139   -19.99706379882      -12.19       -5.36    8.20s
    ‖ρε - ρref‖ = 1.7529915235235378e-6 ‖Δρ‖ = 7.641478920885423e-7  ‖vε - vref‖ = 0.03533872896979704  α = 0.00105
 140   -19.99706379882      -12.70       -5.47    11.6s
    ‖ρε - ρref‖ = 1.4934490111393371e-6 ‖Δρ‖ = 8.229260563052288e-7  ‖vε - vref‖ = 0.035336444189807414  α = 0.000504
 141   -19.99706379882      -12.76       -4.26    8.24s
    ‖ρε - ρref‖ = 1.5406071005956094e-5 ‖Δρ‖ = 1.4306650256862417e-5  ‖vε - vref‖ = 0.0353336139432386  α = 2.67e-5
 142   -19.99706379882      -12.45       -5.47    8.48s
    ‖ρε - ρref‖ = 1.7720496189642735e-6 ‖Δρ‖ = 6.991653798180878e-7  ‖vε - vref‖ = 0.035327609053334263  α = 0.00084
 143   -19.99706379882      -12.55       -5.45    12.2s
    ‖ρε - ρref‖ = 1.7767591120279578e-6 ‖Δρ‖ = 7.636951393541827e-7  ‖vε - vref‖ = 0.03531751272030636  α = 0.000705
 144   -19.99706379882      -12.43       -5.77    7.76s
    ‖ρε - ρref‖ = 1.6482248891279193e-6 ‖Δρ‖ = 3.4869045088344687e-7  ‖vε - vref‖ = 0.035302344223197474  α = 0.00172
 145   -19.99706379882      -12.60       -5.26    8.51s
    ‖ρε - ρref‖ = 2.0056112183149816e-6 ‖Δρ‖ = 1.3169240199701067e-6  ‖vε - vref‖ = 0.03528668923025537  α = 0.000354
 146   -19.99706379882      -12.71       -5.17    12.8s
    ‖ρε - ρref‖ = 2.1923513936652467e-6 ‖Δρ‖ = 1.6183543697170676e-6  ‖vε - vref‖ = 0.035269994485646966  α = 0.000279
 147   -19.99706379882      -13.60       -4.98    7.52s
    ‖ρε - ρref‖ = 3.951933055015262e-6 ‖Δρ‖ = 3.5743929768819247e-6  ‖vε - vref‖ = 0.035268180529677756  α = 5.91e-5
 148   -19.99706379882      -12.66       -5.67    8.24s
    ‖ρε - ρref‖ = 1.6904532509182127e-6 ‖Δρ‖ = 4.381330413081317e-7  ‖vε - vref‖ = 0.03526177365579835  α = 0.00102
 149   -19.99706379882      -12.73       -5.79    12.1s
    ‖ρε - ρref‖ = 1.6200829841693272e-6 ‖Δρ‖ = 3.6409430436574874e-7  ‖vε - vref‖ = 0.035256491374816096  α = 0.00112
 150   -19.99706379882      -12.96       -5.07    8.53s
    ‖ρε - ρref‖ = 2.805186278319966e-6 ‖Δρ‖ = 2.1390916159816703e-6  ‖vε - vref‖ = 0.035251397922658  α = 0.000159
 151   -19.99706379882      -12.57       -5.36    8.48s
    ‖ρε - ρref‖ = 1.7586117692885246e-6 ‖Δρ‖ = 8.264316596103928e-7  ‖vε - vref‖ = 0.035234105169312795  α = 0.000647
 152   -19.99706379882      -14.45       -5.33    11.3s
    ‖ρε - ρref‖ = 1.4830837625339492e-6 ‖Δρ‖ = 2.4111851062099336e-6  ‖vε - vref‖ = 0.03523311275286945  α = 3.22e-5
 153   -19.99706379882      -12.85       -5.37    7.86s
    ‖ρε - ρref‖ = 2.089826547646139e-6 ‖Δρ‖ = 9.972258771557439e-7  ‖vε - vref‖ = 0.03523587894112388  α = 0.000368
 154   -19.99706379882      -12.92       -5.64    7.95s
    ‖ρε - ρref‖ = 1.6265542004657823e-6 ‖Δρ‖ = 5.607847364167907e-7  ‖vε - vref‖ = 0.035231643537619595  α = 0.000605
 155   -19.99706379882      -12.46       -5.85    12.4s
    ‖ρε - ρref‖ = 1.6284455704638506e-6 ‖Δρ‖ = 2.433154046136871e-7  ‖vε - vref‖ = 0.03523760155117416  α = 0.00245
 156   -19.99706379882      -12.94       -5.54    7.71s
    ‖ρε - ρref‖ = 1.7897666081951096e-6 ‖Δρ‖ = 7.052288890719334e-7  ‖vε - vref‖ = 0.03523981662325126  α = 0.000484
 157   -19.99706379882      -12.75       -5.78    7.45s
    ‖ρε - ρref‖ = 1.6378539068051996e-6 ‖Δρ‖ = 3.610468619300622e-7  ‖vε - vref‖ = 0.03523859277277177  α = 0.00116
 158   -19.99706379882      -13.07       -5.05    11.8s
    ‖ρε - ρref‖ = 2.963165901486469e-6 ‖Δρ‖ = 2.565872070463801e-6  ‖vε - vref‖ = 0.03523558651014962  α = 0.000104
 159   -19.99706379882      -13.15       -5.12    8.52s
    ‖ρε - ρref‖ = 2.7912510676748184e-6 ‖Δρ‖ = 2.273940092758806e-6  ‖vε - vref‖ = 0.03523543949282107  α = 0.00011
 160   -19.99706379882      -12.75       -5.70    8.50s
    ‖ρε - ρref‖ = 1.615458008080858e-6 ‖Δρ‖ = 4.5274632145932344e-7  ‖vε - vref‖ = 0.03522880280685815  α = 0.000909
 161   -19.99706379882      -12.47       -5.61    12.6s
    ‖ρε - ρref‖ = 1.673148788803001e-6 ‖Δρ‖ = 4.536220312140808e-7  ‖vε - vref‖ = 0.0352325564547848  α = 0.00128
 162   -19.99706379882      -13.05       -5.12    8.01s
    ‖ρε - ρref‖ = 2.949664300480581e-6 ‖Δρ‖ = 2.2481920292432125e-6  ‖vε - vref‖ = 0.035233443430296385  α = 0.000125
 163   -19.99706379882      -12.71       -5.45    7.44s
    ‖ρε - ρref‖ = 1.9395542240857985e-6 ‖Δρ‖ = 7.168855092759602e-7  ‖vε - vref‖ = 0.03523670198425696  α = 0.000608
 164   -19.99706379882      -13.11       -4.37    11.3s
    ‖ρε - ρref‖ = 1.0872335130736464e-5 ‖Δρ‖ = 1.1968820010675649e-5  ‖vε - vref‖ = 0.03523184638214308  α = 1.93e-5
 165   -19.99706379882      -12.83       -5.70    7.56s
    ‖ρε - ρref‖ = 1.6506570933233718e-6 ‖Δρ‖ = 4.2945916635767547e-7  ‖vε - vref‖ = 0.035232085949156645  α = 0.000871
 166   -19.99706379882      -12.77       -5.71    8.27s
    ‖ρε - ρref‖ = 1.686940967775311e-6 ‖Δρ‖ = 3.8357571201327153e-7  ‖vε - vref‖ = 0.035243723660050096  α = 0.00113
 167   -19.99706379882      -13.02       -5.81    11.8s
    ‖ρε - ρref‖ = 1.6085091571278806e-6 ‖Δρ‖ = 3.6127294594368374e-7  ‖vε - vref‖ = 0.035243975989450484  α = 0.000882
 168   -19.99706379882      -12.74       -5.65    7.75s
    ‖ρε - ρref‖ = 1.7333456428538244e-6 ‖Δρ‖ = 4.680128781221477e-7  ‖vε - vref‖ = 0.0352513075421045  α = 0.00086
 169   -19.99706379882      -13.11       -5.66    7.99s
    ‖ρε - ρref‖ = 1.6368913226073887e-6 ‖Δρ‖ = 5.253810486368643e-7  ‖vε - vref‖ = 0.035247554383204885  α = 0.000593
 170   -19.99706379882      -13.22       -5.01    12.4s
    ‖ρε - ρref‖ = 3.229455554245354e-6 ‖Δρ‖ = 3.0052406668793523e-6  ‖vε - vref‖ = 0.0352435457252531  α = 6.75e-5
 171   -19.99706379882      -13.41       -5.61    8.60s
    ‖ρε - ρref‖ = 1.7218745539951404e-6 ‖Δρ‖ = 7.132304365047873e-7  ‖vε - vref‖ = 0.03524223591569659  α = 0.000298
 172   -19.99706379882      -12.91       -5.58    8.51s
    ‖ρε - ρref‖ = 1.6664478873683429e-6 ‖Δρ‖ = 5.69191664145674e-7  ‖vε - vref‖ = 0.03523913034248665  α = 0.000593
 173   -19.99706379882      -12.99       -5.57    12.3s
    ‖ρε - ρref‖ = 1.705902373291352e-6 ‖Δρ‖ = 5.919916300580778e-7  ‖vε - vref‖ = 0.03524106678115754  α = 0.000554
 174   -19.99706379882      -13.67       -5.63    8.05s
    ‖ρε - ρref‖ = 1.8323281938284515e-6 ‖Δρ‖ = 7.845027277549055e-7  ‖vε - vref‖ = 0.035243093763568455  α = 0.000208
 175   -19.99706379882      -13.67       -5.47    7.43s
    ‖ρε - ρref‖ = 2.775296105777234e-6 ‖Δρ‖ = 1.3024633418623224e-6  ‖vε - vref‖ = 0.03524768652148146  α = 0.000101
 176   -19.99706379882      -12.73       -4.78    11.7s
    ‖ρε - ρref‖ = 3.4178937973902274e-6 ‖Δρ‖ = 3.291362827719933e-6  ‖vε - vref‖ = 0.03526085290163267  α = 0.000128
 177   -19.99706379882      -12.78       -5.70    7.69s
    ‖ρε - ρref‖ = 1.6233597754389974e-6 ‖Δρ‖ = 4.202370602459022e-7  ‖vε - vref‖ = 0.03526611023088697  α = 0.000936
 178   -19.99706379882      -12.86       -5.68    8.09s
    ‖ρε - ρref‖ = 1.676694101950861e-6 ‖Δρ‖ = 4.164143770692175e-7  ‖vε - vref‖ = 0.0352759324580782  α = 0.00098
 179   -19.99706379882      -12.94       -5.93    12.5s
    ‖ρε - ρref‖ = 1.61024845940913e-6 ‖Δρ‖ = 2.446889167611478e-7  ‖vε - vref‖ = 0.035279147746132125  α = 0.00129
 180   -19.99706379882      -12.97       -5.78    8.39s
    ‖ρε - ρref‖ = 1.600010880797683e-6 ‖Δρ‖ = 3.3466169649330507e-7  ‖vε - vref‖ = 0.035280027119257686  α = 0.000976
 181   -19.99706379882      -13.41       -5.68    7.55s
    ‖ρε - ρref‖ = 1.793451637922977e-6 ‖Δρ‖ = 6.483589329214109e-7  ‖vε - vref‖ = 0.035285230032656496  α = 0.000279
 182   -19.99706379882      -13.00       -5.09    12.3s
    ‖ρε - ρref‖ = 2.5225907951936363e-6 ‖Δρ‖ = 1.742190042841582e-6  ‖vε - vref‖ = 0.035297312205623536  α = 0.000192
 183   -19.99706379882      -13.09       -5.55    8.56s
    ‖ρε - ρref‖ = 1.7323163397735677e-6 ‖Δρ‖ = 7.174454284799361e-7  ‖vε - vref‖ = 0.035301623951855564  α = 0.000346
 184   -19.99706379882      -13.22       -5.55    8.51s
    ‖ρε - ρref‖ = 1.6684939313217615e-6 ‖Δρ‖ = 6.952768014983555e-7  ‖vε - vref‖ = 0.035302583657177956  α = 0.00036
 185   -19.99706379882      -12.94       -5.62    8.49s
    ‖ρε - ρref‖ = 1.689816199057938e-6 ‖Δρ‖ = 4.900031418626938e-7  ‖vε - vref‖ = 0.03530941782289685  α = 0.000683
 186   -19.99706379882   +    -Inf       -5.44    15.9s
    ‖ρε - ρref‖ = 1.6370308034766057e-6 ‖Δρ‖ = 1.333831797976807e-6  ‖vε - vref‖ = 0.03530929918970863  α = 1.96e-5
 187   -19.99706379882      -14.15       -5.17    40.4s
    ‖ρε - ρref‖ = 4.02620052085905e-6 ‖Δρ‖ = 2.747264330585179e-6  ‖vε - vref‖ = 0.03530929920604159  α = 7.64e-10
 188   -19.99706379882      -13.00       -5.69    12.7s
    ‖ρε - ρref‖ = 1.7104416326681205e-6 ‖Δρ‖ = 4.172870451174246e-7  ‖vε - vref‖ = 0.035313569758481905  α = 0.000776
 189   -19.99706379882      -12.94       -5.54    8.54s
    ‖ρε - ρref‖ = 1.7909586277115236e-6 ‖Δρ‖ = 5.699570746016657e-7  ‖vε - vref‖ = 0.03531996276699041  α = 0.000561
 190   -19.99706379882      -13.05       -6.06    7.49s
    ‖ρε - ρref‖ = 1.517949832547337e-6 ‖Δρ‖ = 1.8694840219447267e-7  ‖vε - vref‖ = 0.035324748030857736  α = 0.00143
 191   -19.99706379882      -13.19       -6.00    11.9s
    ‖ρε - ρref‖ = 1.6310451375737393e-6 ‖Δρ‖ = 2.1756425585989774e-7  ‖vε - vref‖ = 0.03533796002434755  α = 0.00123
 192   -19.99706379882      -12.87       -5.78    8.09s
    ‖ρε - ρref‖ = 1.6918107842580293e-6 ‖Δρ‖ = 3.0609884805119724e-7  ‖vε - vref‖ = 0.03535161563230552  α = 0.00106
 193   -19.99706379882   +    -Inf       -5.36    8.25s
    ‖ρε - ρref‖ = 2.3686957314944277e-6 ‖Δρ‖ = 1.608730047032983e-6  ‖vε - vref‖ = 0.03535351981539421  α = 5.84e-5
 194   -19.99706379882      -13.25       -5.95    13.1s
    ‖ρε - ρref‖ = 1.6166311598818978e-6 ‖Δρ‖ = 2.278128887793672e-7  ‖vε - vref‖ = 0.03535991668123082  α = 0.00122
 195   -19.99706379882      -13.19       -5.55    8.30s
    ‖ρε - ρref‖ = 1.7016088272698148e-6 ‖Δρ‖ = 6.729219337227547e-7  ‖vε - vref‖ = 0.03536394005784218  α = 0.000317
 196   -19.99706379882      -13.30       -5.53    7.50s
    ‖ρε - ρref‖ = 1.6457376810245707e-6 ‖Δρ‖ = 6.363175511732823e-7  ‖vε - vref‖ = 0.03536683409350012  α = 0.00036
 197   -19.99706379882      -14.15       -5.16    11.9s
    ‖ρε - ρref‖ = 2.570673514174139e-6 ‖Δρ‖ = 2.7211555179101528e-6  ‖vε - vref‖ = 0.0353666326869565  α = 2.95e-5
 198   -19.99706379882      -13.05       -5.83    7.54s
    ‖ρε - ρref‖ = 1.6817286984300698e-6 ‖Δρ‖ = 2.6973299269428344e-7  ‖vε - vref‖ = 0.035381128422435085  α = 0.00106
 199   -19.99706379882      -13.37       -5.67    8.13s
    ‖ρε - ρref‖ = 1.5557497910418139e-6 ‖Δρ‖ = 4.373439181905067e-7  ‖vε - vref‖ = 0.03538023475602602  α = 0.00056
 200   -19.99706379882      -13.50       -5.48    8.08s
    ‖ρε - ρref‖ = 1.7940673875925873e-6 ‖Δρ‖ = 6.009236838249351e-7  ‖vε - vref‖ = 0.03538574609480008  α = 0.000267
 201   -19.99706379882      -13.85       -5.38    11.9s
    ‖ρε - ρref‖ = 1.4200576700038465e-6 ‖Δρ‖ = 1.1100480879300072e-6  ‖vε - vref‖ = 0.03538763830303727  α = 6.6e-5
 202   -19.99706379882      -13.50       -5.74    7.52s
    ‖ρε - ρref‖ = 1.699332255015994e-6 ‖Δρ‖ = 4.1036002810668345e-7  ‖vε - vref‖ = 0.035385600788809445  α = 0.000419
 203   -19.99706379882      -13.60       -5.95    7.47s
    ‖ρε - ρref‖ = 1.5857154538014594e-6 ‖Δρ‖ = 2.0430076384190746e-7  ‖vε - vref‖ = 0.03537954336849385  α = 0.00107
 204   -19.99706379882      -13.41       -5.33    11.9s
    ‖ρε - ρref‖ = 1.9613524709468153e-6 ‖Δρ‖ = 1.019218514836584e-6  ‖vε - vref‖ = 0.03538232336142396  α = 0.000164
 205   -19.99706379882      -13.55       -5.34    8.27s
    ‖ρε - ρref‖ = 2.169545648075203e-6 ‖Δρ‖ = 1.2837812387482045e-6  ‖vε - vref‖ = 0.03538574341363677  α = 8.82e-5
 206   -19.99706379882      -13.30       -5.63    8.15s
    ‖ρε - ρref‖ = 1.6672162851285072e-6 ‖Δρ‖ = 4.6716507084219287e-7  ‖vε - vref‖ = 0.0353946751188183  α = 0.000487
 207   -19.99706379883      -13.50       -5.91    12.8s
    ‖ρε - ρref‖ = 1.6296796230701948e-6 ‖Δρ‖ = 2.6707008754213393e-7  ‖vε - vref‖ = 0.03540008125901752  α = 0.000799
 208   -19.99706379883      -13.50       -5.57    7.88s
    ‖ρε - ρref‖ = 1.666627105173109e-6 ‖Δρ‖ = 6.97374737829861e-7  ‖vε - vref‖ = 0.03540302300416075  α = 0.000222
 209   -19.99706379883      -13.75       -5.43    8.17s
    ‖ρε - ρref‖ = 2.4873798365922253e-6 ‖Δρ‖ = 1.3719159146965777e-6  ‖vε - vref‖ = 0.035403995274828994  α = 5.01e-5
 210   -19.99706379883      -13.45       -5.57    11.2s
    ‖ρε - ρref‖ = 1.5856007599467173e-6 ‖Δρ‖ = 5.062571799066617e-7  ‖vε - vref‖ = 0.03540734284266322  α = 0.000431
 211   -19.99706379883      -13.60       -5.66    7.48s
    ‖ρε - ρref‖ = 1.7899622403034756e-6 ‖Δρ‖ = 4.476192569243681e-7  ‖vε - vref‖ = 0.035416815024049655  α = 0.000373
 212   -19.99706379883      -13.85       -5.45    7.51s
    ‖ρε - ρref‖ = 1.4495189746693564e-6 ‖Δρ‖ = 1.0616647077265566e-6  ‖vε - vref‖ = 0.03541832082920445  α = 5.47e-5
 213   -19.99706379883      -13.85       -5.83    11.7s
    ‖ρε - ρref‖ = 1.667257647725029e-6 ‖Δρ‖ = 3.1422901344159056e-7  ‖vε - vref‖ = 0.03541888617097308  α = 0.000404
 214   -19.99706379883      -13.97       -6.01    10.4s
    ‖ρε - ρref‖ = 1.5785132201313544e-6 ‖Δρ‖ = 2.1068866129392025e-7  ‖vε - vref‖ = 0.035418769106425364  α = 0.000123
 215   -19.99706379883   +  -13.97       -5.69    8.51s
    ‖ρε - ρref‖ = 1.7199689292332844e-6 ‖Δρ‖ = 4.6892033937723624e-7  ‖vε - vref‖ = 0.03542114736495511  α = 0.000213
 216   -19.99706379883      -13.55       -5.60    13.3s
    ‖ρε - ρref‖ = 1.8613766937241377e-6 ‖Δρ‖ = 7.349065894781223e-7  ‖vε - vref‖ = 0.03542361892120981  α = 0.000112
 217   -19.99706379883      -13.67       -5.59    7.49s
    ‖ρε - ρref‖ = 1.7204838369727488e-6 ‖Δρ‖ = 5.522039550502449e-7  ‖vε - vref‖ = 0.0354265238217141  α = 0.000242
 218   -19.99706379883      -13.67       -6.09    7.72s
    ‖ρε - ρref‖ = 1.5936070955049903e-6 ‖Δρ‖ = 1.5731968979944266e-7  ‖vε - vref‖ = 0.03542673162835108  α = 0.00117
 219   -19.99706379883      -13.85       -5.99    12.0s
    ‖ρε - ρref‖ = 1.5896274509787303e-6 ‖Δρ‖ = 2.7393186353630267e-7  ‖vε - vref‖ = 0.03542715503210243  α = 0.000409
 220   -19.99706379883   +    -Inf       -5.53    7.64s
    ‖ρε - ρref‖ = 2.0986284310019126e-6 ‖Δρ‖ = 8.886194506357927e-7  ‖vε - vref‖ = 0.03542819489597417  α = 9.6e-5
 221   -19.99706379883      -13.75       -5.21    8.40s
    ‖ρε - ρref‖ = 1.8565637803954456e-6 ‖Δρ‖ = 1.2992422449836716e-6  ‖vε - vref‖ = 0.035428105935430027  α = 0.000124
 222   -19.99706379883      -13.45       -6.03    8.56s
    ‖ρε - ρref‖ = 1.6598883676353783e-6 ‖Δρ‖ = 1.9284625763139642e-7  ‖vε - vref‖ = 0.03543309566213723  α = 0.000817
 223   -19.99706379883   +  -14.45       -5.60    13.2s
    ‖ρε - ρref‖ = 1.348102368131584e-6 ‖Δρ‖ = 8.051917217659673e-7  ‖vε - vref‖ = 0.03543342808429815  α = 6.19e-5
 224   -19.99706379883      -13.41       -5.90    8.57s
    ‖ρε - ρref‖ = 1.6378933827681997e-6 ‖Δρ‖ = 2.8251023792714524e-7  ‖vε - vref‖ = 0.03543413367266319  α = 0.000521
 225   -19.99706379883      -14.15       -5.55    8.22s
    ‖ρε - ρref‖ = 1.635536770066674e-6 ‖Δρ‖ = 7.214884751845689e-7  ‖vε - vref‖ = 0.03543446742966242  α = 0.000225
 226   -19.99706379883      -13.50       -6.02    13.0s
    ‖ρε - ρref‖ = 1.653608619617561e-6 ‖Δρ‖ = 2.3150109454255578e-7  ‖vε - vref‖ = 0.03543651311463908  α = 0.000426
 227   -19.99706379883   +    -Inf       -5.69    8.49s
    ‖ρε - ρref‖ = 1.7853018144714618e-6 ‖Δρ‖ = 6.322594157201278e-7  ‖vε - vref‖ = 0.03543795872940145  α = 0.00013
 228   -19.99706379883      -13.75       -5.54    8.09s
    ‖ρε - ρref‖ = 1.7009809823245957e-6 ‖Δρ‖ = 6.491529540511685e-7  ‖vε - vref‖ = 0.035438104080649416  α = 0.000186
 229   -19.99706379883      -13.55       -5.78    11.9s
    ‖ρε - ρref‖ = 1.6023377728349088e-6 ‖Δρ‖ = 3.138316918951973e-7  ‖vε - vref‖ = 0.035436863307846414  α = 0.000616
 230   -19.99706379883      -13.55       -6.06    8.56s
    ‖ρε - ρref‖ = 1.5996717368588953e-6 ‖Δρ‖ = 1.788874639282243e-7  ‖vε - vref‖ = 0.03543772942486166  α = 0.000945
 231   -19.99706379883      -13.85       -5.41    8.19s
    ‖ρε - ρref‖ = 2.2625403901703325e-6 ‖Δρ‖ = 1.1264330086675454e-6  ‖vε - vref‖ = 0.03543873716593433  α = 7.98e-5
 232   -19.99706379883      -13.55       -5.26    13.0s
    ‖ρε - ρref‖ = 1.9779230018818715e-6 ‖Δρ‖ = 1.5782228237236136e-6  ‖vε - vref‖ = 0.035438379579609006  α = 6.37e-5
 233   -19.99706379883      -14.15       -6.21    8.46s
    ‖ρε - ρref‖ = 1.628625132525333e-6 ‖Δρ‖ = 1.1514912565632935e-7  ‖vε - vref‖ = 0.035442990077632075  α = 0.00162
 234   -19.99706379883      -13.85       -5.77    8.55s
    ‖ρε - ρref‖ = 1.3390708607403396e-6 ‖Δρ‖ = 5.736828397396465e-7  ‖vε - vref‖ = 0.03544255597477884  α = 9.73e-5
 235   -19.99706379883      -13.67       -5.62    12.9s
    ‖ρε - ρref‖ = 1.685565260727639e-6 ‖Δρ‖ = 4.922769406902997e-7  ‖vε - vref‖ = 0.0354391473219874  α = 0.000321
 236   -19.99706379883      -13.50       -5.99    7.67s
    ‖ρε - ρref‖ = 1.5839227298148325e-6 ‖Δρ‖ = 2.4205988450403303e-7  ‖vε - vref‖ = 0.035436945650037494  α = 0.000578
 237   -19.99706379883      -14.15       -5.71    8.63s
    ‖ρε - ρref‖ = 1.7405577320932417e-6 ‖Δρ‖ = 4.490161565657242e-7  ‖vε - vref‖ = 0.03543664128527502  α = 0.00031
 238   -19.99706379883      -13.85       -5.57    8.56s
    ‖ρε - ρref‖ = 1.8139610539133135e-6 ‖Δρ‖ = 7.559719742240718e-7  ‖vε - vref‖ = 0.03543714124636895  α = 0.000126
 239   -19.99706379883      -13.45       -5.46    12.6s
    ‖ρε - ρref‖ = 1.7330597391843162e-6 ‖Δρ‖ = 8.396594757512556e-7  ‖vε - vref‖ = 0.035436173037477856  α = 0.000127
 240   -19.99706379883   +  -14.45       -5.87    24.6s
    ‖ρε - ρref‖ = 1.6038784611470838e-6 ‖Δρ‖ = 3.2578952190631024e-7  ‖vε - vref‖ = 0.035436173037043925  α = 0.0
 241   -19.99706379883      -14.45       -5.79    67.3s
    ‖ρε - ρref‖ = 2.3017104445470906e-6 ‖Δρ‖ = 8.4274688202238e-7  ‖vε - vref‖ = 0.035436173036446944  α = 7.99e-10
 242   -19.99706379883   +  -14.15       -5.45    19.0s
    ‖ρε - ρref‖ = 2.351581366456135e-6 ‖Δρ‖ = 1.208589080766875e-6  ‖vε - vref‖ = 0.03543617303656029  α = 0.0
 243   -19.99706379883      -14.15       -5.79    52.7s
    ‖ρε - ρref‖ = 2.3016892627296754e-6 ‖Δρ‖ = 8.427251644032981e-7  ‖vε - vref‖ = 0.03543617303992106  α = 7.94e-10
 244   -19.99706379883   +  -13.85       -5.58    7.79s
    ‖ρε - ρref‖ = 1.651104620057085e-6 ‖Δρ‖ = 7.963471603001847e-7  ‖vε - vref‖ = 0.0354344946174231  α = 0.000116
 245   -19.99706379883   +  -14.45       -5.62    7.32s
    ‖ρε - ρref‖ = 1.8407657811369649e-6 ‖Δρ‖ = 8.183731047383818e-7  ‖vε - vref‖ = 0.03543335866021801  α = 8.12e-5
 246   -19.99706379883      -13.85       -5.96    11.8s
    ‖ρε - ρref‖ = 1.6794715445983363e-6 ‖Δρ‖ = 3.5862542268886166e-7  ‖vε - vref‖ = 0.03543361416685282  α = 0.000179
 247   -19.99706379883      -14.15       -5.87     109s
    ‖ρε - ρref‖ = 1.705757845330889e-6 ‖Δρ‖ = 3.3450244882862716e-7  ‖vε - vref‖ = 0.03543361416715101  α = 9.47e-12
 248   -19.99706379883      -14.45       -3.01    7.96s
    ‖ρε - ρref‖ = 0.00024312489028294976 ‖Δρ‖ = 0.00024278765379039496  ‖vε - vref‖ = 0.03543480696501852  α = 4.02e-7
 249   -19.99706379883      -13.85       -6.19    12.0s
    ‖ρε - ρref‖ = 1.5873737066058509e-6 ‖Δρ‖ = 1.549784078414178e-7  ‖vε - vref‖ = 0.0354353666335817  α = 0.000616
 250   -19.99706379883   +    -Inf       -5.94    8.29s
    ‖ρε - ρref‖ = 1.5709766899790698e-6 ‖Δρ‖ = 2.877600177264556e-7  ‖vε - vref‖ = 0.035434942038194084  α = 0.000317
 251   -19.99706379883      -13.67       -6.04    8.38s
    ‖ρε - ρref‖ = 1.6215912178646405e-6 ‖Δρ‖ = 1.6675743857477587e-7  ‖vε - vref‖ = 0.03543450123352506  α = 0.000907
 252   -19.99706379883      -13.67       -6.25    8.29s
    ‖ρε - ρref‖ = 1.6320837953000953e-6 ‖Δρ‖ = 1.1923736347597875e-7  ‖vε - vref‖ = 0.035433931200311616  α = 0.00105
    Stopping to avoid numerical instabilities.
 253   -19.99706379883      -13.75       -6.09    12.6s
    ‖ρε - ρref‖ = 1.5655566048276164e-6 ‖Δρ‖ = 1.479560951784255e-7  ‖vε - vref‖ = 0.035432590687990546  α = 0.000991

#-- ‖ρε - ρref‖ = 1.6010028621834303e-6 vs. 5.62341325190349e-9 = δ*ε ‖vε - vref‖ = 0.03543342228190546


# --- ε=3.162277660168379e-7

n     Energy            log10(ΔE)   log10(Δρ)   Δtime 
---   ---------------   ---------   ---------   ------
  1   -19.99706180322                   -0.89    13.5s
    ‖ρε - ρref‖ = 0.08213565348670086 ‖Δρ‖ = 0.08213489721130998  ‖vε - vref‖ = 1.3110020319803122  α = 7.84e-6
  2   -19.99706190843       -6.98       -1.97    12.8s
    ‖ρε - ρref‖ = 0.004398659821900966 ‖Δρ‖ = 0.0043984474879464565  ‖vε - vref‖ = 0.9379235138577663  α = 5.25e-5
  3   -19.99706195278       -7.35       -2.19    8.29s
    ‖ρε - ρref‖ = 0.002258912299332671 ‖Δρ‖ = 0.0022587083669935756  ‖vε - vref‖ = 0.7683239945425695  α = 6.83e-5
  4   -19.99706198273       -7.52       -2.20    7.81s
    ‖ρε - ρref‖ = 0.002404919890787905 ‖Δρ‖ = 0.002404743429220406  ‖vε - vref‖ = 0.5959181297998125  α = 5.1e-5
  5   -19.99706200781       -7.60       -2.78    8.04s
    ‖ρε - ρref‖ = 0.00043193376572852536 ‖Δρ‖ = 0.0004317668817753391  ‖vε - vref‖ = 0.4352580518830023  α = 0.000278
  6   -19.99706201481       -8.15       -2.84    11.8s
    ‖ρε - ρref‖ = 0.0004608702294405028 ‖Δρ‖ = 0.000460774624525172  ‖vε - vref‖ = 0.3747446958361179  α = 0.000134
  7   -19.99706202145       -8.18       -2.95    8.47s
    ‖ρε - ρref‖ = 0.0002877595279467203 ‖Δρ‖ = 0.000287684699983838  ‖vε - vref‖ = 0.3108557705897245  α = 0.000215
  8   -19.99706202639       -8.31       -3.34    7.65s
    ‖ρε - ρref‖ = 0.00010892715806245913 ‖Δρ‖ = 0.00010884930067304058  ‖vε - vref‖ = 0.25417404817442163  α = 0.000487
  9   -19.99706202911       -8.56       -3.40    12.4s
    ‖ρε - ρref‖ = 9.136356096904824e-5 ‖Δρ‖ = 9.132293691617141e-5  ‖vε - vref‖ = 0.21624123074437032  α = 0.000435
 10   -19.99706203062       -8.82       -3.48    8.59s
    ‖ρε - ρref‖ = 7.663078802885246e-5 ‖Δρ‖ = 7.656504982591898e-5  ‖vε - vref‖ = 0.19289470551372315  α = 0.000387
 11   -19.99706203200       -8.86       -3.56    8.69s
    ‖ρε - ρref‖ = 5.99240265398461e-5 ‖Δρ‖ = 5.9883945170281616e-5  ‖vε - vref‖ = 0.16881712878555358  α = 0.000478
 12   -19.99706203205      -10.32       -3.30    13.0s
    ‖ρε - ρref‖ = 0.00030102433831264054 ‖Δρ‖ = 0.00030025071555730596  ‖vε - vref‖ = 0.1678137387898327  α = 1.37e-5
 13   -19.99706203297       -9.04       -3.52    7.51s
    ‖ρε - ρref‖ = 6.601959537001238e-5 ‖Δρ‖ = 6.60010894226818e-5  ‖vε - vref‖ = 0.1504480264084629  α = 0.000352
 14   -19.99706203326       -9.53       -3.43    8.65s
    ‖ρε - ρref‖ = 0.00011570866082553573 ‖Δρ‖ = 0.0001157968370065414  ‖vε - vref‖ = 0.14474715926040213  α = 0.000107
 15   -19.99706203371       -9.35       -3.14    7.52s
    ‖ρε - ρref‖ = 0.00019375855688335753 ‖Δρ‖ = 0.00019376329744326287  ‖vε - vref‖ = 0.13582285882271086  α = 7.99e-5
 16   -19.99706203415       -9.35       -3.07    12.2s
    ‖ρε - ρref‖ = 0.00021932282974766227 ‖Δρ‖ = 0.0002192386523591132  ‖vε - vref‖ = 0.12439892869609236  α = 6.99e-5
 17   -19.99706203468       -9.28       -3.81    8.63s
    ‖ρε - ρref‖ = 3.4575000925519224e-5 ‖Δρ‖ = 3.445881045018967e-5  ‖vε - vref‖ = 0.11116006310687959  α = 0.00051
 18   -19.99706203487       -9.71       -3.62    8.53s
    ‖ρε - ρref‖ = 6.891740196692977e-5 ‖Δρ‖ = 6.897612881060648e-5  ‖vε - vref‖ = 0.10574771231628584  α = 0.000149
 19   -19.99706203513       -9.58       -3.74    13.5s
    ‖ρε - ρref‖ = 4.446914920877799e-5 ‖Δρ‖ = 4.4557019420869834e-5  ‖vε - vref‖ = 0.09864096618788064  α = 0.000273
 20   -19.99706203556       -9.38       -3.69    8.63s
    ‖ρε - ρref‖ = 4.1563531144562646e-5 ‖Δρ‖ = 4.146861295203605e-5  ‖vε - vref‖ = 0.08489315612387424  α = 0.000377
 21   -19.99706203587       -9.50       -4.28    8.63s
    ‖ρε - ρref‖ = 1.0224525301494227e-5 ‖Δρ‖ = 1.0100439368115592e-5  ‖vε - vref‖ = 0.07435481286238309  α = 0.00134
 22   -19.99706203605       -9.75       -3.82    13.1s
    ‖ρε - ρref‖ = 3.373732159416364e-5 ‖Δρ‖ = 3.3790939178242256e-5  ‖vε - vref‖ = 0.06684752162586308  α = 0.000296
 23   -19.99706203618       -9.88       -4.14    8.24s
    ‖ρε - ρref‖ = 1.4714857181140069e-5 ‖Δρ‖ = 1.4699791512797678e-5  ‖vε - vref‖ = 0.06121943147898883  α = 0.000603
 24   -19.99706203627      -10.07       -4.06    8.18s
    ‖ρε - ρref‖ = 1.9700538328118703e-5 ‖Δρ‖ = 1.9350200202668757e-5  ‖vε - vref‖ = 0.05798940275714237  α = 0.000347
 25   -19.99706203629      -10.60       -3.03    8.57s
    ‖ρε - ρref‖ = 0.00030465527493604016 ‖Δρ‖ = 0.0003052526039231341  ‖vε - vref‖ = 0.056025988302007196  α = 1.05e-5
 26   -19.99706203638      -10.05       -4.14    13.4s
    ‖ρε - ρref‖ = 1.4483685190490519e-5 ‖Δρ‖ = 1.4430867329305499e-5  ‖vε - vref‖ = 0.05158522164944721  α = 0.000505
 27   -19.99706203640      -10.88       -4.08    8.69s
    ‖ρε - ρref‖ = 2.901708586102816e-5 ‖Δρ‖ = 2.9146026215192152e-5  ‖vε - vref‖ = 0.05092324581411199  α = 8.79e-5
 28   -19.99706203648      -10.09       -4.18    8.65s
    ‖ρε - ρref‖ = 1.24884478403632e-5 ‖Δρ‖ = 1.242700684443666e-5  ‖vε - vref‖ = 0.046696167491082845  α = 0.000558
 29   -19.99706203650      -10.60       -3.97    13.4s
    ‖ρε - ρref‖ = 2.8461860590686093e-5 ‖Δρ‖ = 2.840468351116782e-5  ‖vε - vref‖ = 0.04541632701554943  α = 0.00013
 30   -19.99706203653      -10.50       -3.54    8.63s
    ‖ρε - ρref‖ = 7.052652697218928e-5 ‖Δρ‖ = 7.042526486372435e-5  ‖vε - vref‖ = 0.043526678772032944  α = 5.88e-5
 31   -19.99706203655      -10.92       -4.16    8.63s
    ‖ρε - ρref‖ = 2.04286669922181e-5 ‖Δρ‖ = 2.047748498933458e-5  ‖vε - vref‖ = 0.04277715130825488  α = 0.000125
 32   -19.99706203657      -10.56       -4.42    13.5s
    ‖ρε - ρref‖ = 8.760569030718406e-6 ‖Δρ‖ = 8.897570236776363e-6  ‖vε - vref‖ = 0.04126025078656833  α = 0.000441
 33   -19.99706203661      -10.41       -4.19    8.53s
    ‖ρε - ρref‖ = 1.2572263764253168e-5 ‖Δρ‖ = 1.2482406851408597e-5  ‖vε - vref‖ = 0.0389911337133908  α = 0.000381
 34   -19.99706203665      -10.46       -4.35    8.23s
    ‖ρε - ρref‖ = 8.627467627851359e-6 ‖Δρ‖ = 8.468906647441948e-6  ‖vε - vref‖ = 0.036974435719936874  α = 0.000533
 35   -19.99706203667      -10.61       -4.49    7.73s
    ‖ρε - ρref‖ = 6.3297631225155676e-6 ‖Δρ‖ = 6.2550881273151635e-6  ‖vε - vref‖ = 0.035488299192813724  α = 0.000608
 36   -19.99706203667      -11.50       -4.55    13.9s
    ‖ρε - ρref‖ = 8.720396944847957e-6 ‖Δρ‖ = 9.239580855925088e-6  ‖vε - vref‖ = 0.03540570045603121  α = 0.000125
 37   -19.99706203668      -11.21       -3.57    8.21s
    ‖ρε - ρref‖ = 7.323691954688872e-5 ‖Δρ‖ = 7.2842399553274e-5  ‖vε - vref‖ = 0.034933925182217516  α = 2.42e-5
 38   -19.99706203670      -10.70       -4.58    8.55s
    ‖ρε - ρref‖ = 4.638609853125885e-6 ‖Δρ‖ = 4.6405044074461935e-6  ‖vε - vref‖ = 0.033728806680054964  α = 0.000743
 39   -19.99706203671      -11.26       -4.58    13.5s
    ‖ρε - ρref‖ = 7.067134771376006e-6 ‖Δρ‖ = 6.901441469493141e-6  ‖vε - vref‖ = 0.033487881311727495  α = 0.000247
 40   -19.99706203672      -10.92       -4.08    8.65s
    ‖ρε - ρref‖ = 1.6638806750607747e-5 ‖Δρ‖ = 1.6672713429688955e-5  ‖vε - vref‖ = 0.03272476153800139  α = 0.000154
 41   -19.99706203672      -11.28       -4.47    8.67s
    ‖ρε - ρref‖ = 8.568879892888293e-6 ‖Δρ‖ = 8.432443012911677e-6  ‖vε - vref‖ = 0.03245484065047219  α = 0.000201
 42   -19.99706203673      -11.47       -3.93    8.64s
    ‖ρε - ρref‖ = 3.284728979854547e-5 ‖Δρ‖ = 3.279440853431917e-5  ‖vε - vref‖ = 0.032229881191887785  α = 4.1e-5
 43   -19.99706203673      -11.33       -4.78    13.5s
    ‖ρε - ρref‖ = 4.0436687645639305e-6 ‖Δρ‖ = 3.8899772620347215e-6  ‖vε - vref‖ = 0.03202174017595977  α = 0.000413
 44   -19.99706203674      -11.23       -4.30    8.26s
    ‖ρε - ρref‖ = 1.065899031655116e-5 ‖Δρ‖ = 1.0657796783960477e-5  ‖vε - vref‖ = 0.03169547337351518  α = 0.000172
 45   -19.99706203674      -11.26       -4.73    8.55s
    ‖ρε - ρref‖ = 3.832841431601472e-6 ‖Δρ‖ = 3.870664718252021e-6  ‖vε - vref‖ = 0.031402245711244885  α = 0.000455
 46   -19.99706203675      -11.24       -4.57    12.0s
    ‖ρε - ρref‖ = 5.451472147968099e-6 ‖Δρ‖ = 5.2447557467444415e-6  ‖vε - vref‖ = 0.031147126304655062  α = 0.000349
 47   -19.99706203675      -11.32       -4.84    7.50s
    ‖ρε - ρref‖ = 3.0050284389339072e-6 ‖Δρ‖ = 2.788663080367763e-6  ‖vε - vref‖ = 0.030939927227342293  α = 0.0006
 48   -19.99706203675      -12.53       -4.51    7.60s
    ‖ρε - ρref‖ = 1.395746381635074e-5 ‖Δρ‖ = 1.4691117787727184e-5  ‖vε - vref‖ = 0.03092689906569303  α = 2.19e-5
 49   -19.99706203676      -11.43       -4.37    12.2s
    ‖ρε - ρref‖ = 8.82969390997568e-6 ‖Δρ‖ = 8.734852630717072e-6  ‖vε - vref‖ = 0.0307360881639492  α = 0.000168
 50   -19.99706203676      -11.11       -5.09    7.89s
    ‖ρε - ρref‖ = 1.5429062341072628e-6 ‖Δρ‖ = 1.2773416065884448e-6  ‖vε - vref‖ = 0.030435113705736604  α = 0.00167
 51   -19.99706203677      -11.89       -4.71    8.28s
    ‖ρε - ρref‖ = 5.785503373308523e-6 ‖Δρ‖ = 5.626406857609288e-6  ‖vε - vref‖ = 0.03038642898519255  α = 0.000144
 52   -19.99706203677      -11.83       -4.51    7.49s
    ‖ρε - ρref‖ = 7.799188700981216e-6 ‖Δρ‖ = 7.841201295533983e-6  ‖vε - vref‖ = 0.030327074826342122  α = 0.000115
 53   -19.99706203677      -11.94       -4.82    13.3s
    ‖ρε - ρref‖ = 4.201251808848937e-6 ‖Δρ‖ = 4.027786198665265e-6  ‖vε - vref‖ = 0.030317078955010526  α = 0.000195
 54   -19.99706203677      -11.71       -4.14    8.58s
    ‖ρε - ρref‖ = 1.5657131587599713e-5 ‖Δρ‖ = 1.556148921053112e-5  ‖vε - vref‖ = 0.03025477182279937  α = 6.77e-5
 55   -19.99706203677      -11.53       -4.96    8.60s
    ‖ρε - ρref‖ = 2.306179446032677e-6 ‖Δρ‖ = 2.121748806366022e-6  ‖vε - vref‖ = 0.030181292194800452  α = 0.000615
 56   -19.99706203677      -12.05       -4.68    13.5s
    ‖ρε - ρref‖ = 5.549393899878161e-6 ‖Δρ‖ = 5.518059743859918e-6  ‖vε - vref‖ = 0.03015339822911086  α = 0.000128
 57   -19.99706203678      -11.76       -4.90    7.55s
    ‖ρε - ρref‖ = 2.7059845203722233e-6 ‖Δρ‖ = 2.568414900148818e-6  ‖vε - vref‖ = 0.030110736997733204  α = 0.000392
 58   -19.99706203678      -11.66       -4.99    7.75s
    ‖ρε - ρref‖ = 2.145095929803142e-6 ‖Δρ‖ = 1.9255083017047966e-6  ‖vε - vref‖ = 0.030063611757453014  α = 0.000588
 59   -19.99706203678      -11.94       -4.99    7.51s
    ‖ρε - ρref‖ = 2.7293001617245045e-6 ‖Δρ‖ = 2.2609321439124426e-6  ‖vε - vref‖ = 0.030074180817741346  α = 0.000335
 60   -19.99706203678      -12.23       -3.80    12.2s
    ‖ρε - ρref‖ = 4.152024945837571e-5 ‖Δρ‖ = 4.209668878243554e-5  ‖vε - vref‖ = 0.03002600779531086  α = 1.22e-5
 61   -19.99706203678      -11.90       -5.15    8.08s
    ‖ρε - ρref‖ = 1.5866910586735044e-6 ‖Δρ‖ = 1.4506027583761864e-6  ‖vε - vref‖ = 0.03000974219068442  α = 0.000584
 62   -19.99706203678      -11.91       -4.88    8.63s
    ‖ρε - ρref‖ = 2.9699500794848567e-6 ‖Δρ‖ = 2.682880250939071e-6  ‖vε - vref‖ = 0.03002039785174718  α = 0.000319
 63   -19.99706203678      -12.29       -5.26    12.4s
    ‖ρε - ρref‖ = 1.8107334493337341e-6 ‖Δρ‖ = 1.4179119670755516e-6  ‖vε - vref‖ = 0.030039905288684228  α = 0.000364
 64   -19.99706203678      -12.02       -4.60    8.17s
    ‖ρε - ρref‖ = 5.450227887833668e-6 ‖Δρ‖ = 5.415841032526557e-6  ‖vε - vref‖ = 0.030050639671226197  α = 0.000134
 65   -19.99706203678      -12.47       -4.75    8.07s
    ‖ρε - ρref‖ = 5.452338220119572e-6 ‖Δρ‖ = 5.383451823897502e-6  ‖vε - vref‖ = 0.030062062686065687  α = 7.73e-5
 66   -19.99706203679      -11.88       -4.54    8.64s
    ‖ρε - ρref‖ = 5.510444510558749e-6 ‖Δρ‖ = 5.490048037224384e-6  ‖vε - vref‖ = 0.03006622112717345  α = 0.000158
 67   -19.99706203679      -11.85       -5.17    12.4s
    ‖ρε - ρref‖ = 1.5489847931098362e-6 ‖Δρ‖ = 1.2360301050088887e-6  ‖vε - vref‖ = 0.030093619307048985  α = 0.000736
 68   -19.99706203679      -12.49       -4.97    7.90s
    ‖ρε - ρref‖ = 3.177790344652217e-6 ‖Δρ‖ = 3.0842534531083943e-6  ‖vε - vref‖ = 0.030098316119536093  α = 0.000133
 69   -19.99706203679      -12.20       -5.16    7.71s
    ‖ρε - ρref‖ = 1.771498434289598e-6 ‖Δρ‖ = 1.5509874312827175e-6  ‖vε - vref‖ = 0.030117751180285382  α = 0.000389
 70   -19.99706203679      -11.86       -4.99    12.2s
    ‖ρε - ρref‖ = 1.9649191812355955e-6 ‖Δρ‖ = 1.7513584224859405e-6  ‖vε - vref‖ = 0.030159257862893772  α = 0.000505
 71   -19.99706203679   +    -Inf       -5.04    10.5s
    ‖ρε - ρref‖ = 5.489371984929094e-6 ‖Δρ‖ = 4.723669443896858e-6  ‖vε - vref‖ = 0.03015885965583932  α = 6.89e-6
 72   -19.99706203679      -12.20       -4.94    8.57s
    ‖ρε - ρref‖ = 2.6000026374014943e-6 ‖Δρ‖ = 2.5376649332705246e-6  ‖vε - vref‖ = 0.03018283055624999  α = 0.000237
 73   -19.99706203679      -12.11       -5.23    13.1s
    ‖ρε - ρref‖ = 1.4386598892507287e-6 ‖Δρ‖ = 1.2028478593142958e-6  ‖vε - vref‖ = 0.03021681399232786  α = 0.00056
 74   -19.99706203679      -12.01       -5.24    8.24s
    ‖ρε - ρref‖ = 1.4223482895583972e-6 ‖Δρ‖ = 1.0906783021493421e-6  ‖vε - vref‖ = 0.030276748706478545  α = 0.000689
 75   -19.99706203679      -12.81       -5.16    8.60s
    ‖ρε - ρref‖ = 2.6985360332017436e-6 ‖Δρ‖ = 2.353357902873654e-6  ‖vε - vref‖ = 0.030288808308948943  α = 0.000114
 76   -19.99706203679      -12.24       -5.03    8.09s
    ‖ρε - ρref‖ = 2.298587733103926e-6 ‖Δρ‖ = 2.0140848039782823e-6  ‖vε - vref‖ = 0.03034489795515757  α = 0.000285
 77   -19.99706203679      -12.37       -4.38    13.8s
    ‖ρε - ρref‖ = 1.0417237359677383e-5 ‖Δρ‖ = 1.031785877827783e-5  ‖vε - vref‖ = 0.030379214794538957  α = 4.44e-5
 78   -19.99706203679      -12.31       -4.93    8.62s
    ‖ρε - ρref‖ = 2.5334197406987397e-6 ‖Δρ‖ = 2.5288159037196837e-6  ‖vε - vref‖ = 0.030404358980171277  α = 0.000211
 79   -19.99706203679      -12.43       -5.43    8.27s
    ‖ρε - ρref‖ = 1.190273952096433e-6 ‖Δρ‖ = 8.228678319512704e-7  ‖vε - vref‖ = 0.030430388030041618  α = 0.000574
 80   -19.99706203679      -12.32       -5.24    13.5s
    ‖ρε - ρref‖ = 1.515552595887184e-6 ‖Δρ‖ = 1.2535629352776054e-6  ‖vε - vref‖ = 0.030466851240233295  α = 0.00041
 81   -19.99706203679      -12.47       -4.87    8.69s
    ‖ρε - ρref‖ = 3.3996647468126443e-6 ‖Δρ‖ = 3.2611928427373725e-6  ‖vε - vref‖ = 0.030493888323079  α = 0.000132
 82   -19.99706203679      -13.67       -4.77    8.62s
    ‖ρε - ρref‖ = 9.843006060879472e-6 ‖Δρ‖ = 9.08657737607524e-6  ‖vε - vref‖ = 0.030495419509194474  α = 1.13e-5
 83   -19.99706203680      -12.24       -5.25    8.57s
    ‖ρε - ρref‖ = 1.360043894484811e-6 ‖Δρ‖ = 1.0729990530224351e-6  ‖vε - vref‖ = 0.03060969952857042  α = 0.000535
 84   -19.99706203680      -12.19       -5.06    13.5s
    ‖ρε - ρref‖ = 2.05952631090395e-6 ‖Δρ‖ = 1.7999524761233844e-6  ‖vε - vref‖ = 0.030696972675125642  α = 0.000334
 85   -19.99706203680      -12.14       -5.32    8.58s
    ‖ρε - ρref‖ = 1.3200030607181488e-6 ‖Δρ‖ = 9.631927902014933e-7  ‖vε - vref‖ = 0.030790377445033726  α = 0.000671
 86   -19.99706203680      -12.42       -5.31    7.74s
    ‖ρε - ρref‖ = 1.5511775813444046e-6 ‖Δρ‖ = 1.1397154136326967e-6  ‖vε - vref‖ = 0.030853483990169468  α = 0.000399
 87   -19.99706203680      -12.39       -4.63    12.3s
    ‖ρε - ρref‖ = 5.383682832867217e-6 ‖Δρ‖ = 5.386014336264933e-6  ‖vε - vref‖ = 0.03090549555677143  α = 8.79e-5
 88   -19.99706203680      -12.93       -4.88    8.19s
    ‖ρε - ρref‖ = 4.7585733125356325e-6 ‖Δρ‖ = 4.717885174218122e-6  ‖vε - vref‖ = 0.030917322540832126  α = 4.63e-5
 89   -19.99706203680      -12.50       -5.07    7.93s
    ‖ρε - ρref‖ = 2.071077047515955e-6 ‖Δρ‖ = 1.976774356717625e-6  ‖vε - vref‖ = 0.030941239910527836  α = 0.000221
 90   -19.99706203680      -12.37       -5.31    8.66s
    ‖ρε - ρref‖ = 1.465281850517367e-6 ‖Δρ‖ = 1.0165540252407936e-6  ‖vε - vref‖ = 0.030986698864802424  α = 0.000494
 91   -19.99706203680      -12.36       -5.36    13.7s
    ‖ρε - ρref‖ = 1.323815006603434e-6 ‖Δρ‖ = 1.0133360913823253e-6  ‖vε - vref‖ = 0.031027639164296412  α = 0.000481
 92   -19.99706203680      -12.42       -5.07    8.64s
    ‖ρε - ρref‖ = 2.2366717234234387e-6 ‖Δρ‖ = 2.0518125041307557e-6  ‖vε - vref‖ = 0.03105848251903257  α = 0.000222
 93   -19.99706203680      -12.45       -4.98    8.61s
    ‖ρε - ρref‖ = 2.647275285096002e-6 ‖Δρ‖ = 2.515203946746895e-6  ‖vε - vref‖ = 0.031063180792134205  α = 0.000178
 94   -19.99706203680      -12.50       -5.41    12.6s
    ‖ρε - ρref‖ = 8.373794647065644e-7 ‖Δρ‖ = 9.262274890924078e-7  ‖vε - vref‖ = 0.031073365857950935  α = 0.000408
 95   -19.99706203680      -12.62       -4.03    8.16s
    ‖ρε - ρref‖ = 2.3879827397628187e-5 ‖Δρ‖ = 2.3447031842526806e-5  ‖vε - vref‖ = 0.031068980103426548  α = 1.47e-5
 96   -19.99706203680      -12.13       -5.25    7.52s
    ‖ρε - ρref‖ = 1.4705733773051072e-6 ‖Δρ‖ = 1.0727216806458364e-6  ‖vε - vref‖ = 0.03109416233786225  α = 0.000612
 97   -19.99706203680      -12.07       -5.31    8.53s
    ‖ρε - ρref‖ = 1.3080794021040682e-6 ‖Δρ‖ = 9.02467744727297e-7  ‖vε - vref‖ = 0.03111416435267557  α = 0.000783
 98   -19.99706203680      -12.37       -5.22    13.8s
    ‖ρε - ρref‖ = 1.5485784131997115e-6 ‖Δρ‖ = 1.366526259135684e-6  ‖vε - vref‖ = 0.03110837843261845  α = 0.000365
 99   -19.99706203680      -12.80       -4.99    8.31s
    ‖ρε - ρref‖ = 3.5196125613309865e-6 ‖Δρ‖ = 3.320081186739308e-6  ‖vε - vref‖ = 0.03110958582170556  α = 8.28e-5
 100   -19.99706203680      -12.63       -4.99    7.51s
    ‖ρε - ρref‖ = 3.054008683430741e-6 ‖Δρ‖ = 2.9528335925213524e-6  ‖vε - vref‖ = 0.031109444445966517  α = 0.000117
 101   -19.99706203680      -12.41       -4.63    12.9s
    ‖ρε - ρref‖ = 5.479294556146854e-6 ‖Δρ‖ = 5.501571309382163e-6  ‖vε - vref‖ = 0.031105868926473067  α = 8.52e-5
 102   -19.99706203680      -12.18       -5.26    8.26s
    ‖ρε - ρref‖ = 1.421131789284651e-6 ‖Δρ‖ = 1.146814378736929e-6  ‖vε - vref‖ = 0.031111829782727835  α = 0.000541
 103   -19.99706203680      -12.32       -5.30    8.64s
    ‖ρε - ρref‖ = 1.6477420985801544e-6 ‖Δρ‖ = 1.1706424769447996e-6  ‖vε - vref‖ = 0.031135630484492742  α = 0.000436
 104   -19.99706203680      -12.20       -5.19    8.12s
    ‖ρε - ρref‖ = 1.5945602241909736e-6 ‖Δρ‖ = 1.3300563057714113e-6  ‖vε - vref‖ = 0.031149201727562862  α = 0.000452
 105   -19.99706203680      -12.52       -4.98    12.2s
    ‖ρε - ρref‖ = 3.0425541728080246e-6 ‖Δρ‖ = 2.8720115645378026e-6  ‖vε - vref‖ = 0.031149835712392562  α = 0.000136
 106   -19.99706203681      -12.96       -5.16    8.13s
    ‖ρε - ρref‖ = 2.077066484832934e-6 ‖Δρ‖ = 2.65096208098007e-6  ‖vε - vref‖ = 0.031151477016521482  α = 7.78e-5
 107   -19.99706203681      -12.38       -4.35    8.67s
    ‖ρε - ρref‖ = 1.1321621046319844e-5 ‖Δρ‖ = 1.1047557339250729e-5  ‖vε - vref‖ = 0.03114522997198885  α = 4.17e-5
 108   -19.99706203681      -11.99       -5.10    13.6s
    ‖ρε - ρref‖ = 1.6177202448445953e-6 ‖Δρ‖ = 1.4213403521654013e-6  ‖vε - vref‖ = 0.0311201754321357  α = 0.000541
 109   -19.99706203681      -12.28       -5.30    8.25s
    ‖ρε - ρref‖ = 1.3858847540844398e-6 ‖Δρ‖ = 1.0260542418354774e-6  ‖vε - vref‖ = 0.031116271823095502  α = 0.000543
 110   -19.99706203681      -12.36       -5.39    8.08s
    ‖ρε - ρref‖ = 1.2540298018858844e-6 ‖Δρ‖ = 8.836148213214093e-7  ‖vε - vref‖ = 0.031114751804302152  α = 0.00057
 111   -19.99706203681      -12.78       -5.08    8.61s
    ‖ρε - ρref‖ = 2.6324709455091157e-6 ‖Δρ‖ = 2.5811656307605848e-6  ‖vε - vref‖ = 0.031115655514024638  α = 0.000109
 112   -19.99706203681      -12.49       -4.85    14.0s
    ‖ρε - ρref‖ = 3.8219467661915804e-6 ‖Δρ‖ = 3.68331846500463e-6  ‖vε - vref‖ = 0.031124204799438674  α = 0.000112
 113   -19.99706203681      -12.45       -4.61    8.49s
    ‖ρε - ρref‖ = 6.410199198366875e-6 ‖Δρ‖ = 6.2233903026106745e-6  ‖vε - vref‖ = 0.031124917826792383  α = 6.87e-5
 114   -19.99706203681      -12.46       -5.32    8.21s
    ‖ρε - ρref‖ = 1.4969756068975672e-6 ‖Δρ‖ = 1.1176826250020008e-6  ‖vε - vref‖ = 0.03113057796300661  α = 0.000396
 115   -19.99706203681      -12.10       -5.33    8.34s
    ‖ρε - ρref‖ = 1.1457268315990396e-6 ‖Δρ‖ = 8.460102254495968e-7  ‖vε - vref‖ = 0.031105965546851168  α = 0.000809
 116   -19.99706203681      -12.49       -5.25    13.8s
    ‖ρε - ρref‖ = 1.686792514299364e-6 ‖Δρ‖ = 1.303502162640018e-6  ‖vε - vref‖ = 0.031105213614047892  α = 0.000332
 117   -19.99706203681      -12.44       -5.20    7.48s
    ‖ρε - ρref‖ = 1.6578524977883952e-6 ‖Δρ‖ = 1.4493656112903419e-6  ‖vε - vref‖ = 0.03109720125103538  α = 0.0003
 118   -19.99706203681      -12.63       -4.92    7.57s
    ‖ρε - ρref‖ = 3.4412893375714615e-6 ‖Δρ‖ = 3.0118217177792695e-6  ‖vε - vref‖ = 0.03109702370585777  α = 0.000117
 119   -19.99706203681      -12.81       -4.21    12.0s
    ‖ρε - ρref‖ = 1.817900957638439e-5 ‖Δρ‖ = 1.8769513728550547e-5  ‖vε - vref‖ = 0.03108506560655292  α = 1.26e-5
 120   -19.99706203681      -12.45       -5.31    7.85s
    ‖ρε - ρref‖ = 1.4711925639809796e-6 ‖Δρ‖ = 1.1355131364505728e-6  ‖vε - vref‖ = 0.031081023550109815  α = 0.000397
 121   -19.99706203681      -12.42       -5.30    7.90s
    ‖ρε - ρref‖ = 1.417809154622441e-6 ‖Δρ‖ = 1.0434624803492604e-6  ‖vε - vref‖ = 0.031077848872277755  α = 0.000461
 122   -19.99706203681      -12.34       -5.50    7.58s
    ‖ρε - ρref‖ = 1.1247484962525979e-6 ‖Δρ‖ = 6.164529043549714e-7  ‖vε - vref‖ = 0.031075816044473136  α = 0.000815
 123   -19.99706203681      -13.11       -5.25    12.2s
    ‖ρε - ρref‖ = 1.9989447035688865e-6 ‖Δρ‖ = 1.7173063874816691e-6  ‖vε - vref‖ = 0.031074365604259076  α = 0.000131
 124   -19.99706203681      -12.72       -4.89    8.56s
    ‖ρε - ρref‖ = 3.408269728932581e-6 ‖Δρ‖ = 3.3615515287575563e-6  ‖vε - vref‖ = 0.031062731493933085  α = 9.52e-5
 125   -19.99706203681      -12.83       -4.84    8.25s
    ‖ρε - ρref‖ = 4.018297338514206e-6 ‖Δρ‖ = 4.072823497722147e-6  ‖vε - vref‖ = 0.031052974610192404  α = 7.0e-5
 126   -19.99706203681      -12.34       -5.28    13.8s
    ‖ρε - ρref‖ = 1.37311819247767e-6 ‖Δρ‖ = 1.0441840568799172e-6  ‖vε - vref‖ = 0.03102881796520122  α = 0.000493
 127   -19.99706203681      -12.50       -5.29    8.49s
    ‖ρε - ρref‖ = 1.5027109602445666e-6 ‖Δρ‖ = 1.0966108867086368e-6  ‖vε - vref‖ = 0.03102010068743827  α = 0.000374
 128   -19.99706203681      -12.56       -5.48    8.57s
    ‖ρε - ρref‖ = 1.0712674124266926e-6 ‖Δρ‖ = 7.147874582609916e-7  ‖vε - vref‖ = 0.030997509965333035  α = 0.000571
 129   -19.99706203681      -12.49       -5.30    7.87s
    ‖ρε - ρref‖ = 1.3926596536976183e-6 ‖Δρ‖ = 1.019391632459822e-6  ‖vε - vref‖ = 0.030979548516917577  α = 0.000421
 130   -19.99706203681      -13.07       -5.04    13.7s
    ‖ρε - ρref‖ = 3.3314969467656495e-6 ‖Δρ‖ = 2.7511337083493343e-6  ‖vε - vref‖ = 0.030977831250441745  α = 7.33e-5
 131   -19.99706203681      -13.00       -4.38    7.82s
    ‖ρε - ρref‖ = 1.1712506718242543e-5 ‖Δρ‖ = 1.2154228570516874e-5  ‖vε - vref‖ = 0.030965415252444554  α = 1.79e-5
 132   -19.99706203681      -12.86       -5.24    8.06s
    ‖ρε - ρref‖ = 1.6497467876316378e-6 ‖Δρ‖ = 1.4329663609067352e-6  ‖vε - vref‖ = 0.030956171158453366  α = 0.000195
 133   -19.99706203681      -12.69       -5.57    13.0s
    ‖ρε - ρref‖ = 1.1313358909102661e-6 ‖Δρ‖ = 6.149117782067771e-7  ‖vε - vref‖ = 0.030951060143958875  α = 0.000546
 134   -19.99706203681      -12.60       -5.53    8.59s
    ‖ρε - ρref‖ = 1.120760993475334e-6 ‖Δρ‖ = 6.018564397237662e-7  ‖vε - vref‖ = 0.030940341672134965  α = 0.000648
 135   -19.99706203681      -12.58       -5.34    8.55s
    ‖ρε - ρref‖ = 1.2441695099444067e-6 ‖Δρ‖ = 9.52150261793961e-7  ‖vε - vref‖ = 0.030924360497432062  α = 0.000398
 136   -19.99706203681      -12.97       -4.65    8.27s
    ‖ρε - ρref‖ = 6.275514108924556e-6 ‖Δρ‖ = 6.179474213450176e-6  ‖vε - vref‖ = 0.030918068994542382  α = 3.95e-5
 137   -19.99706203681      -13.19       -5.23    13.7s
    ‖ρε - ρref‖ = 2.256024020400925e-6 ‖Δρ‖ = 1.99770153295968e-6  ‖vε - vref‖ = 0.030913804049472197  α = 8.19e-5
 138   -19.99706203682      -12.56       -5.30    8.57s
    ‖ρε - ρref‖ = 1.2801923001571708e-6 ‖Δρ‖ = 1.0209780827187548e-6  ‖vε - vref‖ = 0.03089332895101896  α = 0.000383
 139   -19.99706203682      -12.74       -5.53    7.56s
    ‖ρε - ρref‖ = 1.1314982908357471e-6 ‖Δρ‖ = 6.538887454836199e-7  ‖vε - vref‖ = 0.030885661792970604  α = 0.000511
 140   -19.99706203682      -12.57       -5.40    8.06s
    ‖ρε - ρref‖ = 1.2873884825367109e-6 ‖Δρ‖ = 7.958220199845294e-7  ‖vε - vref‖ = 0.030881617413984846  α = 0.000498
 141   -19.99706203682      -12.96       -5.57    13.8s
    ‖ρε - ρref‖ = 1.1772336898531704e-6 ‖Δρ‖ = 7.518079704767331e-7  ‖vε - vref‖ = 0.030871325244951068  α = 0.000337
 142   -19.99706203682      -13.34       -4.79    8.63s
    ‖ρε - ρref‖ = 6.587855970073364e-6 ‖Δρ‖ = 7.360358654177405e-6  ‖vε - vref‖ = 0.030867500389323742  α = 1.33e-5
 143   -19.99706203682      -12.74       -5.14    8.57s
    ‖ρε - ρref‖ = 2.0310017684119775e-6 ‖Δρ‖ = 1.8155257339169397e-6  ‖vε - vref‖ = 0.0308554738951628  α = 0.000173
 144   -19.99706203682      -12.41       -5.11    13.8s
    ‖ρε - ρref‖ = 1.767656191503236e-6 ‖Δρ‖ = 1.4929593399105663e-6  ‖vε - vref‖ = 0.030833075061160755  α = 0.000312
 145   -19.99706203682      -12.65       -5.29    8.43s
    ‖ρε - ρref‖ = 1.4403311677808103e-6 ‖Δρ‖ = 1.1650787313947933e-6  ‖vε - vref‖ = 0.030821021560657223  α = 0.000299
 146   -19.99706203682      -12.43       -5.52    8.53s
    ‖ρε - ρref‖ = 1.0825319222164285e-6 ‖Δρ‖ = 5.783077093323748e-7  ‖vε - vref‖ = 0.030814655487933176  α = 0.000789
 147   -19.99706203682      -13.03       -5.26    8.26s
    ‖ρε - ρref‖ = 1.935942501073129e-6 ‖Δρ‖ = 1.574006192243739e-6  ‖vε - vref‖ = 0.03081670351634762  α = 0.000142
 148   -19.99706203682      -12.76       -4.78    13.0s
    ‖ρε - ρref‖ = 4.199114522120242e-6 ‖Δρ‖ = 4.003494729404156e-6  ‖vε - vref‖ = 0.03081411520689058  α = 7.57e-5
 149   -19.99706203682      -13.19       -5.14    8.57s
    ‖ρε - ρref‖ = 2.467004974897874e-6 ‖Δρ‖ = 2.3560508902316878e-6  ‖vε - vref‖ = 0.030812934757589467  α = 7.95e-5
 150   -19.99706203682      -12.57       -5.29    7.87s
    ‖ρε - ρref‖ = 1.3753272792350808e-6 ‖Δρ‖ = 9.885349268152692e-7  ‖vε - vref‖ = 0.030802699448414426  α = 0.000393
 151   -19.99706203682      -12.55       -5.46    7.99s
    ‖ρε - ρref‖ = 1.0320294396077502e-6 ‖Δρ‖ = 6.406111568351639e-7  ‖vε - vref‖ = 0.030773636537456798  α = 0.000646
 152   -19.99706203682      -12.91       -5.51    12.2s
    ‖ρε - ρref‖ = 1.1348344332190842e-6 ‖Δρ‖ = 7.549072097097036e-7  ‖vε - vref‖ = 0.030762241310796388  α = 0.000339
 153   -19.99706203682      -13.85       -5.34    8.25s
    ‖ρε - ρref‖ = 1.496455670775368e-6 ‖Δρ‖ = 2.039450466379503e-6  ‖vε - vref‖ = 0.03076154798717711  α = 3.67e-5
 154   -19.99706203682      -12.99       -4.91    8.61s
    ‖ρε - ρref‖ = 3.2729378212577855e-6 ‖Δρ‖ = 2.864676104257039e-6  ‖vε - vref‖ = 0.03076085268282865  α = 8.83e-5
 155   -19.99706203682      -12.92       -5.18    13.3s
    ‖ρε - ρref‖ = 1.811826442672254e-6 ‖Δρ‖ = 1.5522363661644937e-6  ‖vε - vref‖ = 0.0307567070604022  α = 0.000168
 156   -19.99706203682      -12.77       -5.41    7.52s
    ‖ρε - ρref‖ = 1.1262841915036871e-6 ‖Δρ‖ = 8.537872645587716e-7  ‖vε - vref‖ = 0.03074658443727139  α = 0.000363
 157   -19.99706203682      -12.91       -5.45    7.51s
    ‖ρε - ρref‖ = 1.2271291994610943e-6 ‖Δρ‖ = 7.992296374642355e-7  ‖vε - vref‖ = 0.030747918053478113  α = 0.000326
 158   -19.99706203682      -12.71       -5.65    7.56s
    ‖ρε - ρref‖ = 1.0351591338384918e-6 ‖Δρ‖ = 4.5117753387180246e-7  ‖vε - vref‖ = 0.030763230777342773  α = 0.000737
 159   -19.99706203682      -13.55       -5.02    12.5s
    ‖ρε - ρref‖ = 3.2901463064944505e-6 ‖Δρ‖ = 3.2265191002746998e-6  ‖vε - vref‖ = 0.030764280931957398  α = 3.87e-5
 160   -19.99706203682      -13.11       -5.42    8.62s
    ‖ρε - ρref‖ = 1.333370546672947e-6 ‖Δρ‖ = 1.076062365321041e-6  ‖vε - vref‖ = 0.030771858319868013  α = 0.000179
 161   -19.99706203682      -13.25       -5.21    8.67s
    ‖ρε - ρref‖ = 2.149446536178133e-6 ‖Δρ‖ = 1.8637375146604424e-6  ‖vε - vref‖ = 0.030777950207014973  α = 8.44e-5
 162   -19.99706203682      -12.69       -5.62    13.3s
    ‖ρε - ρref‖ = 1.0455394403586265e-6 ‖Δρ‖ = 4.4898691900643247e-7  ‖vε - vref‖ = 0.03081312644488746  α = 0.000754
 163   -19.99706203682      -12.80       -5.62    8.31s
    ‖ρε - ρref‖ = 1.0291169005856804e-6 ‖Δρ‖ = 4.793219388544093e-7  ‖vε - vref‖ = 0.030841369455391038  α = 0.000651
 164   -19.99706203682      -13.13       -5.47    7.89s
    ‖ρε - ρref‖ = 8.953385089711514e-7 ‖Δρ‖ = 8.86408376358675e-7  ‖vε - vref‖ = 0.030853770651419418  α = 0.000209
 165   -19.99706203682      -13.05       -4.36    8.11s
    ‖ρε - ρref‖ = 1.1915760629760644e-5 ‖Δρ‖ = 1.141106445179316e-5  ‖vε - vref‖ = 0.0308639667219296  α = 1.58e-5
 166   -19.99706203682      -13.34       -5.48    12.6s
    ‖ρε - ρref‖ = 1.189047241264182e-6 ‖Δρ‖ = 9.17970872527572e-7  ‖vε - vref‖ = 0.03087114715601916  α = 0.000206
 167   -19.99706203682      -13.07       -5.36    8.64s
    ‖ρε - ρref‖ = 1.2937903299845322e-6 ‖Δρ‖ = 9.872117054096684e-7  ‖vε - vref‖ = 0.030885382201591125  α = 0.000245
 168   -19.99706203682      -12.79       -5.47    7.98s
    ‖ρε - ρref‖ = 1.2439977363358987e-6 ‖Δρ‖ = 7.021287074797001e-7  ‖vε - vref‖ = 0.030913380473312612  α = 0.000403
 169   -19.99706203682      -12.71       -5.53    7.67s
    ‖ρε - ρref‖ = 1.041109230607811e-6 ‖Δρ‖ = 5.473244817906568e-7  ‖vε - vref‖ = 0.03094335044833941  α = 0.000642
 170   -19.99706203682      -12.91       -5.28    14.2s
    ‖ρε - ρref‖ = 1.4915440422083832e-6 ‖Δρ‖ = 1.2427135747969348e-6  ‖vε - vref‖ = 0.030954834435976384  α = 0.000197
 171   -19.99706203682      -13.22       -4.78    8.20s
    ‖ρε - ρref‖ = 4.740059261993673e-6 ‖Δρ‖ = 4.626913070118263e-6  ‖vε - vref‖ = 0.030962051203591003  α = 3.86e-5
 172   -19.99706203682      -13.41       -5.64    7.85s
    ‖ρε - ρref‖ = 1.2005157636012658e-6 ‖Δρ‖ = 7.262519545761767e-7  ‖vε - vref‖ = 0.030964937013825286  α = 0.000174
 173   -19.99706203682      -13.13       -5.29    13.6s
    ‖ρε - ρref‖ = 1.3824084312297336e-6 ‖Δρ‖ = 1.1872875771479421e-6  ‖vε - vref‖ = 0.030969417245682567  α = 0.000171
 174   -19.99706203682      -13.07       -5.78    8.51s
    ‖ρε - ρref‖ = 9.670010931856513e-7 ‖Δρ‖ = 3.496438354196869e-7  ‖vε - vref‖ = 0.03097991691009654  α = 0.000668
 175   -19.99706203682      -12.97       -5.64    8.28s
    ‖ρε - ρref‖ = 1.0373831266518124e-6 ‖Δρ‖ = 4.711761837474533e-7  ‖vε - vref‖ = 0.030994556738548375  α = 0.0005
 176   -19.99706203682   +    -Inf       -4.98    10.6s
    ‖ρε - ρref‖ = 5.652102886126017e-6 ‖Δρ‖ = 4.865152114883305e-6  ‖vε - vref‖ = 0.030994632429445317  α = 2.44e-6
 177   -19.99706203682      -13.09       -5.54    12.5s
    ‖ρε - ρref‖ = 1.0266679172496736e-6 ‖Δρ‖ = 6.072611844735846e-7  ‖vε - vref‖ = 0.030997802898425898  α = 0.000351
 178   -19.99706203682      -13.75       -5.48    8.05s
    ‖ρε - ρref‖ = 1.3330842867454593e-6 ‖Δρ‖ = 9.58131756826519e-7  ‖vε - vref‖ = 0.03099890691511319  α = 0.000143
 179   -19.99706203682      -13.05       -5.64    8.60s
    ‖ρε - ρref‖ = 1.0361288053889278e-6 ‖Δρ‖ = 4.855861791953395e-7  ‖vε - vref‖ = 0.030996349989229472  α = 0.000436
 180   -19.99706203682      -13.02       -5.47    8.73s
    ‖ρε - ρref‖ = 1.0364466153512793e-6 ‖Δρ‖ = 6.499827142953497e-7  ‖vε - vref‖ = 0.030984673420051435  α = 0.000372
 181   -19.99706203682      -13.25       -5.78    14.3s
    ‖ρε - ρref‖ = 1.0099799276994917e-6 ‖Δρ‖ = 3.8860095366340085e-7  ‖vε - vref‖ = 0.030980207769977296  α = 0.000456
 182   -19.99706203682      -13.97       -5.26    8.22s
    ‖ρε - ρref‖ = 2.119186924409069e-6 ‖Δρ‖ = 1.8432137026358358e-6  ‖vε - vref‖ = 0.030978949698461156  α = 5.42e-5
 183   -19.99706203682      -12.93       -5.37    7.55s
    ‖ρε - ρref‖ = 1.28121816783574e-6 ‖Δρ‖ = 9.154116793545281e-7  ‖vε - vref‖ = 0.030964666548012672  α = 0.000258
 184   -19.99706203682      -13.55       -5.27    13.3s
    ‖ρε - ρref‖ = 1.6994690273155937e-6 ‖Δρ‖ = 1.5979640650789367e-6  ‖vε - vref‖ = 0.030959575786679523  α = 8.45e-5
 185   -19.99706203682      -12.91       -5.44    8.35s
    ‖ρε - ρref‖ = 1.1426977076449577e-6 ‖Δρ‖ = 6.955094776281941e-7  ‖vε - vref‖ = 0.030939638908963795  α = 0.000372
 186   -19.99706203682      -13.22       -5.80    7.86s
    ‖ρε - ρref‖ = 9.969458731460778e-7 ‖Δρ‖ = 3.741080898166403e-7  ‖vε - vref‖ = 0.030931809516890004  α = 0.000484
 187   -19.99706203682      -13.85       -4.99    8.25s
    ‖ρε - ρref‖ = 6.60833388571705e-6 ‖Δρ‖ = 5.845686600889144e-6  ‖vε - vref‖ = 0.030931340023738457  α = 9.23e-6
 188   -19.99706203682      -13.07       -5.67    12.7s
    ‖ρε - ρref‖ = 9.117677496182429e-7 ‖Δρ‖ = 3.830284140924237e-7  ‖vε - vref‖ = 0.030911838577928084  α = 0.000627
 189   -19.99706203682      -13.41       -5.59    7.53s
    ‖ρε - ρref‖ = 1.2046006376798504e-6 ‖Δρ‖ = 7.0672322304513e-7  ‖vε - vref‖ = 0.030908681251905754  α = 0.00018
 190   -19.99706203682      -13.34       -5.59    7.53s
    ‖ρε - ρref‖ = 1.1503387418345304e-6 ‖Δρ‖ = 6.346870202222873e-7  ‖vε - vref‖ = 0.030903950263435582  α = 0.000248
 191   -19.99706203682      -13.11       -5.65    8.14s
    ‖ρε - ρref‖ = 9.894744062824678e-7 ‖Δρ‖ = 4.448281142735336e-7  ‖vε - vref‖ = 0.0308927454756091  α = 0.000499
 192   -19.99706203682      -13.09       -5.62    12.7s
    ‖ρε - ρref‖ = 1.0705048431015544e-6 ‖Δρ‖ = 5.176330474654471e-7  ‖vε - vref‖ = 0.03088432837069025  α = 0.000415
 193   -19.99706203682      -13.55       -5.52    7.64s
    ‖ρε - ρref‖ = 1.2811749099420921e-6 ‖Δρ‖ = 9.011113575818524e-7  ‖vε - vref‖ = 0.030881650935492812  α = 0.000124
 194   -19.99706203682      -13.27       -5.08    7.55s
    ‖ρε - ρref‖ = 1.9928773304185157e-6 ‖Δρ‖ = 1.871107643704899e-6  ‖vε - vref‖ = 0.030869853887661145  α = 9.84e-5
 195   -19.99706203682      -13.17       -5.51    12.5s
    ‖ρε - ρref‖ = 1.1520104577861925e-6 ‖Δρ‖ = 7.985674021097326e-7  ‖vε - vref‖ = 0.030863928915162417  α = 0.000192
 196   -19.99706203682      -13.37       -5.20    8.00s
    ‖ρε - ρref‖ = 1.8787607648004924e-6 ‖Δρ‖ = 1.51480130665685e-6  ‖vε - vref‖ = 0.03085589252196963  α = 0.000116
 197   -19.99706203682      -13.19       -5.79    7.48s
    ‖ρε - ρref‖ = 9.531656220668781e-7 ‖Δρ‖ = 3.521566089139859e-7  ‖vε - vref‖ = 0.030846779699376575  α = 0.0005
 198   -19.99706203682      -13.11       -5.73    7.52s
    ‖ρε - ρref‖ = 1.0586925959247906e-6 ‖Δρ‖ = 3.690958067429505e-7  ‖vε - vref‖ = 0.030834000561287808  α = 0.000568
 199   -19.99706203682      -13.50       -4.41    13.8s
    ‖ρε - ρref‖ = 1.0022982220802893e-5 ‖Δρ‖ = 1.065324081528922e-5  ‖vε - vref‖ = 0.0308248736759985  α = 1.1e-5
 200   -19.99706203682      -13.00       -5.93    8.58s
    ‖ρε - ρref‖ = 9.592831952127457e-7 ‖Δρ‖ = 2.1948397842368954e-7  ‖vε - vref‖ = 0.03082259181365128  α = 0.00106
 201   -19.99706203682      -13.50       -5.62    8.37s
    ‖ρε - ρref‖ = 1.1075231097416215e-6 ‖Δρ‖ = 6.533709825933284e-7  ‖vε - vref‖ = 0.03082041551347201  α = 0.000195
 202   -19.99706203682      -13.27       -5.51    7.80s
    ‖ρε - ρref‖ = 1.1192120157006892e-6 ‖Δρ‖ = 6.281703322155359e-7  ‖vε - vref‖ = 0.030815448426028336  α = 0.000325
 203   -19.99706203682      -13.07       -5.63    14.4s
    ‖ρε - ρref‖ = 1.019112468421254e-6 ‖Δρ‖ = 4.891713496393455e-7  ‖vε - vref‖ = 0.030806951155592746  α = 0.000406
 204   -19.99706203682      -13.27       -5.70    8.60s
    ‖ρε - ρref‖ = 9.274977519275756e-7 ‖Δρ‖ = 4.500958152273642e-7  ‖vε - vref‖ = 0.030797061578048544  α = 0.000391
 205   -19.99706203682      -13.75       -5.13    7.59s
    ‖ρε - ρref‖ = 2.4496451638821084e-6 ‖Δρ‖ = 2.391886864989152e-6  ‖vε - vref‖ = 0.03079338243858883  α = 4.05e-5
 206   -19.99706203682      -13.19       -5.49    7.82s
    ‖ρε - ρref‖ = 1.168165833727565e-6 ‖Δρ‖ = 6.725375654984838e-7  ‖vε - vref‖ = 0.030790115961168187  α = 0.000282
 207   -19.99706203682      -13.67       -5.45    12.6s
    ‖ρε - ρref‖ = 1.5431485978094597e-6 ‖Δρ‖ = 1.101079098797367e-6  ‖vε - vref‖ = 0.0307896219630708  α = 8.79e-5
 208   -19.99706203682      -13.27       -5.60    7.89s
    ‖ρε - ρref‖ = 1.0115219888027957e-6 ‖Δρ‖ = 5.168498404989686e-7  ‖vε - vref‖ = 0.030785946949403422  α = 0.000375
 209   -19.99706203682      -13.41       -5.73    7.76s
    ‖ρε - ρref‖ = 1.0523053494574978e-6 ‖Δρ‖ = 4.1237115788261854e-7  ‖vε - vref‖ = 0.030785372710959314  α = 0.000394
 210   -19.99706203682      -13.60       -5.24    13.2s
    ‖ρε - ρref‖ = 2.1205755493160274e-6 ‖Δρ‖ = 2.746168302971094e-6  ‖vε - vref‖ = 0.030784748559948442  α = 1.41e-5
 211   -19.99706203682      -13.22       -5.52    7.93s
    ‖ρε - ρref‖ = 1.1748626501064716e-6 ‖Δρ‖ = 6.039203191933752e-7  ‖vε - vref‖ = 0.03078499564825378  α = 0.000336
 212   -19.99706203682      -13.05       -5.79    7.98s
    ‖ρε - ρref‖ = 9.125272348149637e-7 ‖Δρ‖ = 3.219289021070574e-7  ‖vε - vref‖ = 0.030776655916892725  α = 0.000606
 213   -19.99706203682      -13.85       -5.62    8.53s
    ‖ρε - ρref‖ = 1.0961649509033017e-6 ‖Δρ‖ = 6.269866282817154e-7  ‖vε - vref‖ = 0.03077390890880286  α = 0.0002
 214   -19.99706203682      -13.17       -5.52    13.7s
    ‖ρε - ρref‖ = 1.0574964915376818e-6 ‖Δρ‖ = 5.966093364110232e-7  ‖vε - vref‖ = 0.030765603307000938  α = 0.000337
 215   -19.99706203682      -13.07       -5.58    8.65s
    ‖ρε - ρref‖ = 1.0122777668754167e-6 ‖Δρ‖ = 4.878548342599752e-7  ‖vε - vref‖ = 0.03075969364318229  α = 0.000448
 216   -19.99706203682      -13.85       -5.72    8.65s
    ‖ρε - ρref‖ = 1.1175884210427232e-6 ‖Δρ‖ = 6.63081882606406e-7  ‖vε - vref‖ = 0.03075951083435024  α = 0.000111
 217   -19.99706203682      -13.22       -5.34    8.55s
    ‖ρε - ρref‖ = 1.3816471599496797e-6 ‖Δρ‖ = 9.317339667992409e-7  ‖vε - vref‖ = 0.030763841888675137  α = 0.000207
 218   -19.99706203682      -13.25       -5.39    12.7s
    ‖ρε - ρref‖ = 1.28246089471763e-6 ‖Δρ‖ = 9.057968377797906e-7  ‖vε - vref‖ = 0.03076377260029426  α = 0.000172
 219   -19.99706203682      -13.55       -5.26    8.03s
    ‖ρε - ρref‖ = 1.5348200582741367e-6 ‖Δρ‖ = 1.4481734484102382e-6  ‖vε - vref‖ = 0.030762683608327283  α = 8.07e-5
 220   -19.99706203682      -13.34       -5.90    7.86s
    ‖ρε - ρref‖ = 9.81353815863851e-7 ‖Δρ‖ = 2.7592832627140934e-7  ‖vε - vref‖ = 0.030767731901296676  α = 0.000567
 221   -19.99706203682      -14.45       -5.63    7.71s
    ‖ρε - ρref‖ = 6.89765355719036e-7 ‖Δρ‖ = 1.0452916996220483e-6  ‖vε - vref‖ = 0.030767779509156358  α = 3.4e-5
 222   -19.99706203682      -13.50       -5.27    12.6s
    ‖ρε - ρref‖ = 1.6832699262300952e-6 ‖Δρ‖ = 1.2168220249738886e-6  ‖vε - vref‖ = 0.03077244190472607  α = 0.000116
 223   -19.99706203682      -13.30       -5.79    7.85s
    ‖ρε - ρref‖ = 9.240843810376012e-7 ‖Δρ‖ = 3.1576516511197083e-7  ‖vε - vref‖ = 0.03077345329600519  α = 0.000555
 224   -19.99706203682      -13.67       -5.80    8.22s
    ‖ρε - ρref‖ = 9.5903705624e-7 ‖Δρ‖ = 3.628608003214673e-7  ‖vε - vref‖ = 0.03077490910216318  α = 0.000384
 225   -19.99706203682      -13.55       -5.57    8.77s
    ‖ρε - ρref‖ = 1.1124371377279309e-6 ‖Δρ‖ = 6.985871052600371e-7  ‖vε - vref‖ = 0.03077624228550822  α = 0.000178
 226   -19.99706203682      -13.15       -5.59    13.7s
    ‖ρε - ρref‖ = 1.045833629505677e-6 ‖Δρ‖ = 4.6732377100639595e-7  ‖vε - vref‖ = 0.030784223048111133  α = 0.000437
 227   -19.99706203682      -13.41       -5.91    8.15s
    ‖ρε - ρref‖ = 9.301116696854114e-7 ‖Δρ‖ = 3.072848200312458e-7  ‖vε - vref‖ = 0.030785677185764766  α = 0.000392
 228   -19.99706203682      -13.75       -5.06    37.4s
    ‖ρε - ρref‖ = 2.526178166672739e-6 ‖Δρ‖ = 2.3680170565762726e-6  ‖vε - vref‖ = 0.03078567696627849  α = 3.46e-8
 229   -19.99706203682      -13.45       -5.88    7.83s
    ‖ρε - ρref‖ = 9.291709990044814e-7 ‖Δρ‖ = 2.8643098668245993e-7  ‖vε - vref‖ = 0.030790840404483558  α = 0.000556
 230   -19.99706203682      -13.85       -5.26    12.8s
    ‖ρε - ρref‖ = 1.5777272916592245e-6 ‖Δρ‖ = 1.4145295942591357e-6  ‖vε - vref‖ = 0.03079504547587849  α = 8.72e-5
 231   -19.99706203682      -13.34       -5.56    8.14s
    ‖ρε - ρref‖ = 1.2632696661038353e-6 ‖Δρ‖ = 6.763181133359398e-7  ‖vε - vref‖ = 0.030804091222364344  α = 0.000196
 232   -19.99706203682   +    -Inf       -5.91    11.3s
    ‖ρε - ρref‖ = 6.893704767656756e-7 ‖Δρ‖ = 4.0807131356401857e-7  ‖vε - vref‖ = 0.030804370563043096  α = 4.09e-5
 233   -19.99706203682      -13.27       -4.75    7.50s
    ‖ρε - ρref‖ = 4.133780347244303e-6 ‖Δρ‖ = 3.7370310586201617e-6  ‖vε - vref‖ = 0.030816317054570563  α = 4.17e-5
 234   -19.99706203682      -13.67       -5.76    13.8s
    ‖ρε - ρref‖ = 9.510441669339298e-7 ‖Δρ‖ = 3.941608985817574e-7  ‖vε - vref‖ = 0.03082229775715007  α = 0.000364
 235   -19.99706203682      -13.11       -5.89    8.06s
    ‖ρε - ρref‖ = 9.315802937084254e-7 ‖Δρ‖ = 2.4674055443599634e-7  ‖vε - vref‖ = 0.030835826665881822  α = 0.000822
 236   -19.99706203682      -13.41       -5.45    7.89s
    ‖ρε - ρref‖ = 1.223438516272749e-6 ‖Δρ‖ = 8.692523477911645e-7  ‖vε - vref‖ = 0.030842020517408517  α = 0.000159
 237   -19.99706203682      -13.41       -5.52    7.91s
    ‖ρε - ρref‖ = 1.147238040774946e-6 ‖Δρ‖ = 6.823449497735318e-7  ‖vε - vref‖ = 0.03085046613205388  α = 0.000214
 238   -19.99706203682      -13.17       -5.89    14.3s
    ‖ρε - ρref‖ = 9.315457647663537e-7 ‖Δρ‖ = 2.4100563979969113e-7  ‖vε - vref‖ = 0.030864200987531173  α = 0.000784
 239   -19.99706203682      -13.55       -4.82    7.49s
    ‖ρε - ρref‖ = 5.406111394138126e-6 ‖Δρ‖ = 5.290724279296693e-6  ‖vε - vref‖ = 0.030866209680944567  α = 2.56e-5
 240   -19.99706203682      -13.30       -6.08    7.54s
    ‖ρε - ρref‖ = 8.976032471873745e-7 ‖Δρ‖ = 1.564153779723452e-7  ‖vε - vref‖ = 0.030878150780284348  α = 0.00117
 241   -19.99706203682      -13.67       -5.64    7.75s
    ‖ρε - ρref‖ = 1.1149072496943974e-6 ‖Δρ‖ = 7.15633587307715e-7  ‖vε - vref‖ = 0.030881021041304628  α = 0.000101
 242   -19.99706203682      -13.97       -5.70    13.6s
    ‖ρε - ρref‖ = 1.1493677137656844e-6 ‖Δρ‖ = 5.238560644587978e-7  ‖vε - vref‖ = 0.03089016437953573  α = 0.000202
 243   -19.99706203682      -13.60       -4.81    7.72s
    ‖ρε - ρref‖ = 4.742566836989326e-6 ‖Δρ‖ = 5.322998468999705e-6  ‖vε - vref‖ = 0.030891094966352402  α = 1.05e-5
 244   -19.99706203682      -14.15       -5.65    8.14s
    ‖ρε - ρref‖ = 1.1300276557480858e-6 ‖Δρ‖ = 4.835614805221448e-7  ‖vε - vref‖ = 0.030902597779300087  α = 0.000192
 245   -19.99706203682      -13.34       -5.28    13.7s
    ‖ρε - ρref‖ = 1.1534753389402023e-6 ‖Δρ‖ = 9.211605119764452e-7  ‖vε - vref‖ = 0.03091251163468518  α = 0.000188
 246   -19.99706203682      -13.45       -5.77    8.44s
    ‖ρε - ρref‖ = 1.0222154425140997e-6 ‖Δρ‖ = 3.740690094132959e-7  ‖vε - vref‖ = 0.030921381497470674  α = 0.000348
 247   -19.99706203682      -13.41       -5.88    8.52s
    ‖ρε - ρref‖ = 9.34031563558644e-7 ‖Δρ‖ = 2.705336481722135e-7  ‖vε - vref‖ = 0.030928854872371767  α = 0.000542
 248   -19.99706203682      -13.60       -5.60    8.57s
    ‖ρε - ρref‖ = 1.1245523329195503e-6 ‖Δρ‖ = 6.505883167426362e-7  ‖vε - vref‖ = 0.030933245514853776  α = 0.000153
 249   -19.99706203682      -13.30       -5.69    13.9s
    ‖ρε - ρref‖ = 9.662516768353297e-7 ‖Δρ‖ = 3.741683208177436e-7  ‖vε - vref‖ = 0.030944722478856188  α = 0.000455
 250   -19.99706203682      -14.45       -5.92    7.94s
    ‖ρε - ρref‖ = 9.66018237592876e-7 ‖Δρ‖ = 3.1711115535411315e-7  ‖vε - vref‖ = 0.030946094368286377  α = 0.00025
 251   -19.99706203682      -14.15       -5.16    7.55s
    ‖ρε - ρref‖ = 1.8343978636986818e-6 ‖Δρ‖ = 1.62054238342544e-6  ‖vε - vref‖ = 0.030946598768003396  α = 5.7e-5
 252   -19.99706203682      -13.37       -6.00    8.59s
    ‖ρε - ρref‖ = 9.231941917085765e-7 ‖Δρ‖ = 1.7360786001218502e-7  ‖vε - vref‖ = 0.030955850693929626  α = 0.000973
 253   -19.99706203682      -13.60       -5.68    14.2s
    ‖ρε - ρref‖ = 1.1952679626407074e-6 ‖Δρ‖ = 6.782402977851197e-7  ‖vε - vref‖ = 0.030956867132836845  α = 8.62e-5
 254   -19.99706203682      -13.55       -5.82    8.14s
    ‖ρε - ρref‖ = 9.533040961234288e-7 ‖Δρ‖ = 3.272199420529196e-7  ‖vε - vref‖ = 0.030955932931806436  α = 0.000375
 255   -19.99706203682   +    -Inf       -5.43    7.46s
    ‖ρε - ρref‖ = 9.578876682909314e-7 ‖Δρ‖ = 1.4649967646567454e-6  ‖vε - vref‖ = 0.030955137568157574  α = 1.77e-5
 256   -19.99706203682      -13.75       -5.44    7.72s
    ‖ρε - ρref‖ = 1.258943090929348e-6 ‖Δρ‖ = 7.062233846954966e-7  ‖vε - vref‖ = 0.030950758709743557  α = 0.000128
 257   -19.99706203682      -13.85       -5.98    12.8s
    ‖ρε - ρref‖ = 8.679983858888884e-7 ‖Δρ‖ = 2.3683257940030364e-7  ‖vε - vref‖ = 0.030946301884560354  α = 0.000396
    Stopping to avoid numerical instabilities.
 258   -19.99706203682   +  -14.15       -5.99    8.16s
    ‖ρε - ρref‖ = 9.480623334633306e-7 ‖Δρ‖ = 2.2191203900051247e-7  ‖vε - vref‖ = 0.030947209407032775  α = 0.000421

#-- ‖ρε - ρref‖ = 9.006348099120775e-7 vs. 3.162277660168379e-9 = δ*ε ‖vε - vref‖ = 0.03094954388670081

|v-vref|h1 = [0.11348287768716707, 0.08117673570191661, 0.05831669960434227, 0.04374174604231967, 0.03543342228190546, 0.030949543886700796]
|v-vref|l2 = [0.017298975623735568, 0.011588712941268231, 0.007690180335392861, 0.005210004842000063, 0.0037773590252606045, 0.0030109830202527843]
────────────────────────────────────────────────────────────────────────────────────────────
                                                   Time                    Allocations      
                                          ───────────────────────   ────────────────────────
            Tot / % measured:                  4.77h /  63.9%           18.3TiB /  41.7%    

Section                           ncalls     time    %tot     avg     alloc    %tot      avg
────────────────────────────────────────────────────────────────────────────────────────────
compute_density                    5.42k    1.53h   50.2%   1.02s   4.06TiB   53.1%   785MiB
  symmetrize_ρ                     5.42k    1.41h   46.1%   935ms   2.74TiB   35.9%   531MiB
DftHamiltonian multiplication       207k    2815s   25.6%  13.6ms    434GiB    5.5%  2.15MiB
  nonlocal                          207k    2049s   18.6%  9.92ms   24.9GiB    0.3%   126KiB
energy_hamiltonian                 3.66k    2163s   19.7%   591ms   2.34TiB   30.7%   671MiB
  ene_ops                          3.66k    1863s   17.0%   509ms    740GiB    9.5%   207MiB
    ene_ops: nonlocal              3.66k    1056s    9.6%   288ms   28.4GiB    0.4%  7.94MiB
    ene_ops: external_Hartree      3.66k     379s    3.5%   104ms    298GiB    3.8%  83.3MiB
    ene_ops: dualmap               3.66k     356s    3.2%  97.2ms    326GiB    4.2%  91.3MiB
    ene_ops: kinetic               3.66k    44.1s    0.4%  12.0ms    653MiB    0.0%   183KiB
    ene_ops: hartree               3.66k    21.2s    0.2%  5.80ms   71.7GiB    0.9%  20.0MiB
    ene_ops: local                 3.66k    4.82s    0.0%  1.32ms   14.4GiB    0.2%  4.04MiB
ortho_qr                           98.2k     404s    3.7%  4.12ms    730GiB    9.3%  7.61MiB
PlaneWaveBasis                        27    64.8s    0.6%   2.40s   98.7GiB    1.3%  3.65GiB
  Instantiation AtomicNonlocal        27    52.1s    0.5%   1.93s   77.4GiB    1.0%  2.87GiB
  Instantiation AtomicLocal           27    4.41s    0.0%   164ms   3.31GiB    0.0%   125MiB
    enforce_real!                     27   34.9ms    0.0%  1.29ms   10.1KiB    0.0%     384B
  Instantiation ExternalHartree       27    3.79s    0.0%   140ms   2.34GiB    0.0%  88.9MiB
  Instantiation DualMap               27    2.20s    0.0%  81.4ms   2.11GiB    0.0%  80.0MiB
  build_kpoints                       27    1.56s    0.0%  57.7ms   11.1GiB    0.1%   422MiB
  Instantiation Kinetic               27    257ms    0.0%  9.51ms   1.23GiB    0.0%  46.6MiB
  Instantiation Hartree               27    225ms    0.0%  8.35ms    110MiB    0.0%  4.09MiB
    enforce_real!                     27   32.7ms    0.0%  1.21ms   11.4KiB    0.0%     432B
  Instantiation Ewald                 27    125ms    0.0%  4.64ms   79.1KiB    0.0%  2.93KiB
    precomp: Ewald                    27    125ms    0.0%  4.62ms   56.1KiB    0.0%  2.08KiB
  _check_kpoint_reduction             27   68.2ms    0.0%  2.53ms     0.00B    0.0%    0.00B
  Instantiation PspCorrection         27    815μs    0.0%  30.2μs   11.0KiB    0.0%     416B
load_scfres                            1    12.4s    0.1%   12.4s   6.02GiB    0.1%  6.02GiB
  energy_hamiltonian                   1    3.40s    0.0%   3.40s    739MiB    0.0%   739MiB
    ene_ops                            1    3.35s    0.0%   3.35s    384MiB    0.0%   384MiB
      ene_ops: xc                      1    2.17s    0.0%   2.17s    328MiB    0.0%   328MiB
      ene_ops: nonlocal                1    299ms    0.0%   299ms   9.42MiB    0.0%  9.42MiB
      ene_ops: kinetic                 1   42.6ms    0.0%  42.6ms    234KiB    0.0%   234KiB
      ene_ops: hartree                 1   5.44ms    0.0%  5.44ms   20.0MiB    0.0%  20.0MiB
      ene_ops: local                   1    257μs    0.0%   257μs   4.04MiB    0.0%  4.04MiB
  Instantiation AtomicNonlocal         1    2.70s    0.0%   2.70s   2.93GiB    0.0%  2.93GiB
  Instantiation Xc                     1    1.02s    0.0%   1.02s    202MiB    0.0%   202MiB
    enforce_real!                      1   1.29ms    0.0%  1.29ms      384B    0.0%     384B
  Instantiation AtomicLocal            1    320ms    0.0%   320ms    127MiB    0.0%   127MiB
    enforce_real!                      1   1.29ms    0.0%  1.29ms      384B    0.0%     384B
  build_kpoints                        1    208ms    0.0%   208ms    422MiB    0.0%   422MiB
  Instantiation Ewald                  1   70.6ms    0.0%  70.6ms   18.4MiB    0.0%  18.4MiB
    precomp: Ewald                     1   4.62ms    0.0%  4.62ms   3.16KiB    0.0%  3.16KiB
  Instantiation PspCorrection          1   21.2ms    0.0%  21.2ms   2.76MiB    0.0%  2.76MiB
  Instantiation Hartree                1   21.0ms    0.0%  21.0ms   11.7MiB    0.0%  11.7MiB
    enforce_real!                      1   1.20ms    0.0%  1.20ms      432B    0.0%     432B
  Instantiation Kinetic                1   13.4ms    0.0%  13.4ms   46.6MiB    0.0%  46.6MiB
  _check_kpoint_reduction              1   2.52ms    0.0%  2.52ms     0.00B    0.0%    0.00B
save_scfres                            2    6.75s    0.1%   3.38s    656MiB    0.0%   328MiB
symmetry_operations                   27    153ms    0.0%  5.68ms   15.6MiB    0.0%   592KiB
  _check_symmetries                   27   4.00ms    0.0%   148μs   5.06MiB    0.0%   192KiB
────────────────────────────────────────────────────────────────────────────────────────────
