
DFTK Version      0.7.20
Julia Version     1.12.4
libxc Version     7.0.0
FFTW.jl provider  fftw v3.3.10

BLAS.get_config()
  LinearAlgebra.BLAS.LBTConfig
  Libraries: 
  └ [ILP64] libopenblas64_.so

MPI.versioninfo()
  MPIPreferences:
    binary:  MPICH_jll
    abi:     MPICH
  
  Package versions
    MPI.jl:             0.20.23
    MPIPreferences.jl:  0.1.11
    MPICH_jll:          4.3.2+0
  
  Library information:
    libmpi:  /data/vebak3345/.julia/artifacts/117d9048128625bb3418b0b4cca48739c5d28740/lib/libmpi.so
    libmpi dlpath:  /data/vebak3345/.julia/artifacts/117d9048128625bb3418b0b4cca48739c5d28740/lib/libmpi.so
    MPI version:  4.1.0
    Library version:  
      MPICH Version:      4.3.1
      MPICH Release date: Fri Jun 20 09:24:41 AM CDT 2025
      MPICH ABI:          17:1:5
      MPICH Device:       ch3:nemesis
      MPICH configure:    --build=x86_64-linux-musl --disable-dependency-tracking --disable-doc --enable-fast=ndebug,O3 --enable-static=no --host=x86_64-linux-gnu --prefix=/workspace/destdir --with-device=ch3 --with-hwloc=/workspace/destdir
      MPICH CC:           cc     -DNDEBUG -DNVALGRIND -O3
      MPICH CXX:          c++   -DNDEBUG -DNVALGRIND -O3
      MPICH F77:          gfortran   -O3
      MPICH FC:           gfortran   -O3
      MPICH features:     
      
    MPI launcher: /data/vebak3345/.julia/artifacts/117d9048128625bb3418b0b4cca48739c5d28740/bin/mpiexec
    MPI launcher path: /data/vebak3345/.julia/artifacts/117d9048128625bb3418b0b4cca48739c5d28740/bin/mpiexec
  


‖ρref - ρorig‖H-1 = 0.0
‖ρref - ρorig‖L2  = 0.0

# --- ε=1.0

n     Energy            log10(ΔE)   log10(Δρ)   Δtime 
---   ---------------   ---------   ---------   ------
  1   -138.7229515219                    0.51    25.0s
    ‖ρε - ρref‖ = 0.6968804702964877 ‖Δρ‖ = 0.9087831651709081  ‖vε - vref‖ = 8.72804738224625  α = 0.119
  2   -138.7861609536       -1.20       -0.22    13.5s
    ‖ρε - ρref‖ = 0.2518651981184696 ‖Δρ‖ = 0.2007252748547374  ‖vε - vref‖ = 8.696809111887939  α = 0.136
  3   -138.8049025900       -1.73       -0.57    13.4s
    ‖ρε - ρref‖ = 0.24713092104506576 ‖Δρ‖ = 0.10009514325276787  ‖vε - vref‖ = 8.685779347522626  α = 0.102
  4   -138.8187278733       -1.86       -0.68    12.4s
    ‖ρε - ρref‖ = 0.2690301792927276 ‖Δρ‖ = 0.07549471207591317  ‖vε - vref‖ = 8.679641267885398  α = 0.157
  5   -138.8235638339       -2.32       -0.99    12.4s
    ‖ρε - ρref‖ = 0.2677983851036989 ‖Δρ‖ = 0.04365499090478858  ‖vε - vref‖ = 8.679338371880874  α = 0.122
  6   -138.8264779589       -2.54       -0.87    11.8s
    ‖ρε - ρref‖ = 0.26992463929353244 ‖Δρ‖ = 0.045479118346266605  ‖vε - vref‖ = 8.680231802403686  α = 0.1
  7   -138.8280202237       -2.81       -1.13    12.2s
    ‖ρε - ρref‖ = 0.2564803590529101 ‖Δρ‖ = 0.02587162833846756  ‖vε - vref‖ = 8.681689559895919  α = 0.133
  8   -138.8288240686       -3.09       -1.43    12.0s
    ‖ρε - ρref‖ = 0.25086814157881027 ‖Δρ‖ = 0.013086160457074038  ‖vε - vref‖ = 8.682851963777654  α = 0.132
  9   -138.8293432728       -3.28       -1.58    12.9s
    ‖ρε - ρref‖ = 0.24798547078688604 ‖Δρ‖ = 0.00915255273450136  ‖vε - vref‖ = 8.68361268756219  α = 0.129
 10   -138.8296772252       -3.48       -1.66    12.6s
    ‖ρε - ρref‖ = 0.24538724123810235 ‖Δρ‖ = 0.006229451064348849  ‖vε - vref‖ = 8.684046662042396  α = 0.114

#-- ‖ρε - ρref‖ = 0.24125413963488654 vs. 0.01 = δ*ε ‖vε - vref‖ = 8.684327221741652


# --- ε=0.5623413251903491

n     Energy            log10(ΔE)   log10(Δρ)   Δtime 
---   ---------------   ---------   ---------   ------
  1   -138.8006237364                   -0.84    19.2s
    ‖ρε - ρref‖ = 0.28804961109430854 ‖Δρ‖ = 0.05321270156485293  ‖vε - vref‖ = 8.458483421067394  α = 0.117
  2   -138.8007469145       -3.91       -1.38    12.9s
    ‖ρε - ρref‖ = 0.25049157737984507 ‖Δρ‖ = 0.01738225703539634  ‖vε - vref‖ = 8.461009183280877  α = 0.0683
  3   -138.8008348785       -4.06       -1.76    11.8s
    ‖ρε - ρref‖ = 0.2347776637335257 ‖Δρ‖ = 0.006129032072118297  ‖vε - vref‖ = 8.461513997020065  α = 0.153
  4   -138.8008962629       -4.21       -1.84    13.2s
    ‖ρε - ρref‖ = 0.232284548129814 ‖Δρ‖ = 0.005094193904482991  ‖vε - vref‖ = 8.461289505515543  α = 0.121
  5   -138.8009399604       -4.36       -1.97    12.2s
    ‖ρε - ρref‖ = 0.2335451785086318 ‖Δρ‖ = 0.0035044113116344338  ‖vε - vref‖ = 8.461235605575663  α = 0.137

#-- ‖ρε - ρref‖ = 0.23424216503971623 vs. 0.005623413251903491 = δ*ε ‖vε - vref‖ = 8.461312269142834


# --- ε=0.31622776601683794

n     Energy            log10(ΔE)   log10(Δρ)   Δtime 
---   ---------------   ---------   ---------   ------
  1   -138.7530419039                   -0.56    19.5s
    ‖ρε - ρref‖ = 0.32380528652968354 ‖Δρ‖ = 0.10220641542296599  ‖vε - vref‖ = 8.095908421227929  α = 0.119
  2   -138.7531484841       -3.97       -1.48    12.4s
    ‖ρε - ρref‖ = 0.22646281851167252 ‖Δρ‖ = 0.011403934234794516  ‖vε - vref‖ = 8.097702197855446  α = 0.0969
  3   -138.7531972558       -4.31       -1.65    12.5s
    ‖ρε - ρref‖ = 0.22296717205116853 ‖Δρ‖ = 0.007745491571781359  ‖vε - vref‖ = 8.098399408980235  α = 0.0956
  4   -138.7532269377       -4.53       -2.12    13.3s
    ‖ρε - ρref‖ = 0.22262599190253388 ‖Δρ‖ = 0.0034361072757764614  ‖vε - vref‖ = 8.099289037884688  α = 0.125
  5   -138.7532424169       -4.81       -2.07    13.5s
    ‖ρε - ρref‖ = 0.22252458761870808 ‖Δρ‖ = 0.0029054484622256472  ‖vε - vref‖ = 8.099931492401968  α = 0.117
  6   -138.7532506940       -5.08       -2.58    12.9s
    ‖ρε - ρref‖ = 0.22209046477686542 ‖Δρ‖ = 0.0008676486150853319  ‖vε - vref‖ = 8.100075548159563  α = 0.13

#-- ‖ρε - ρref‖ = 0.22172335679901753 vs. 0.0031622776601683794 = δ*ε ‖vε - vref‖ = 8.100034921410957


# --- ε=0.1778279410038923

n     Energy            log10(ΔE)   log10(Δρ)   Δtime 
---   ---------------   ---------   ---------   ------
  1   -138.6794036741                   -0.33    20.7s
    ‖ρε - ρref‖ = 0.3746048923816616 ‖Δρ‖ = 0.17187914936728585  ‖vε - vref‖ = 7.536903225135979  α = 0.108
  2   -138.6797057081       -3.52       -1.28    12.1s
    ‖ρε - ρref‖ = 0.20820813818942188 ‖Δρ‖ = 0.017479777325779516  ‖vε - vref‖ = 7.541946073029007  α = 0.13
  3   -138.6798164661       -3.96       -1.67    13.0s
    ‖ρε - ρref‖ = 0.20455432582608973 ‖Δρ‖ = 0.00876539581085999  ‖vε - vref‖ = 7.544345066957621  α = 0.105
  4   -138.6798834294       -4.17       -1.77    12.0s
    ‖ρε - ρref‖ = 0.20400541553102816 ‖Δρ‖ = 0.006921780407872323  ‖vε - vref‖ = 7.5466758423505516  α = 0.109
  5   -138.6799120408       -4.54       -2.03    12.1s
    ‖ρε - ρref‖ = 0.2035897276865567 ‖Δρ‖ = 0.003092743303525588  ‖vε - vref‖ = 7.547625278044481  α = 0.109
  6   -138.6799305695       -4.73       -2.18    13.1s
    ‖ρε - ρref‖ = 0.20340181682784447 ‖Δρ‖ = 0.0020324050698621488  ‖vε - vref‖ = 7.547893927213576  α = 0.136
  7   -138.6799395376       -5.05       -2.07    13.5s
    ‖ρε - ρref‖ = 0.20315144409301808 ‖Δρ‖ = 0.0023490961563863207  ‖vε - vref‖ = 7.547910381174697  α = 0.0954
  8   -138.6799454365       -5.23       -2.69    13.1s
    ‖ρε - ρref‖ = 0.20291505090933715 ‖Δρ‖ = 0.0005341359165217728  ‖vε - vref‖ = 7.547925576981317  α = 0.134
  9   -138.6799493551       -5.41       -2.55    13.9s
    ‖ρε - ρref‖ = 0.20285849546529613 ‖Δρ‖ = 0.000865777391668142  ‖vε - vref‖ = 7.548037027759819  α = 0.131

#-- ‖ρε - ρref‖ = 0.20272212867930034 vs. 0.001778279410038923 = δ*ε ‖vε - vref‖ = 7.548115036126936


# --- ε=0.1

n     Energy            log10(ΔE)   log10(Δρ)   Δtime 
---   ---------------   ---------   ---------   ------
  1   -138.5754885777                   -0.11    19.4s
    ‖ρε - ρref‖ = 0.4565857434875987 ‖Δρ‖ = 0.2802844120350012  ‖vε - vref‖ = 6.75016473498969  α = 0.094
  2   -138.5761085586       -3.21       -1.12    12.7s
    ‖ρε - ρref‖ = 0.18311576690533762 ‖Δρ‖ = 0.0244475373855718  ‖vε - vref‖ = 6.761165164088211  α = 0.133
  3   -138.5763521359       -3.61       -1.48    12.9s
    ‖ρε - ρref‖ = 0.1788922259904983 ‖Δρ‖ = 0.013263637000336956  ‖vε - vref‖ = 6.767249547679441  α = 0.105
  4   -138.5764624830       -3.96       -1.56    12.4s
    ‖ρε - ρref‖ = 0.17809329244199495 ‖Δρ‖ = 0.009889232027573552  ‖vε - vref‖ = 6.7721266865185115  α = 0.103
  5   -138.5765107337       -4.32       -1.97    12.6s
    ‖ρε - ρref‖ = 0.17746164230365638 ‖Δρ‖ = 0.0025707108263532457  ‖vε - vref‖ = 6.773592661114729  α = 0.119
  6   -138.5765434685       -4.48       -1.86    13.4s
    ‖ρε - ρref‖ = 0.17722744924904382 ‖Δρ‖ = 0.004074396089575362  ‖vε - vref‖ = 6.773808138960256  α = 0.132
  7   -138.5765587457       -4.82       -2.43    13.3s
    ‖ρε - ρref‖ = 0.17685725186070203 ‖Δρ‖ = 0.0010380978567398073  ‖vε - vref‖ = 6.774156685712728  α = 0.14
  8   -138.5765695165       -4.97       -2.27    13.7s
    ‖ρε - ρref‖ = 0.17684883886453623 ‖Δρ‖ = 0.0014968181081119664  ‖vε - vref‖ = 6.774636921906889  α = 0.113
  9   -138.5765753060       -5.24       -2.59    13.3s
    ‖ρε - ρref‖ = 0.1766505526457824 ‖Δρ‖ = 0.0007494212428965392  ‖vε - vref‖ = 6.774967740988627  α = 0.121
 10   -138.5765794833       -5.38       -2.69    14.1s
    ‖ρε - ρref‖ = 0.1765473537366654 ‖Δρ‖ = 0.0006014754995429151  ‖vε - vref‖ = 6.775094246940887  α = 0.13

#-- ‖ρε - ρref‖ = 0.17640182945204785 vs. 0.001 = δ*ε ‖vε - vref‖ = 6.775132484950027


# --- ε=0.05623413251903491

n     Energy            log10(ΔE)   log10(Δρ)   Δtime 
---   ---------------   ---------   ---------   ------
  1   -138.4448273316                    0.08    19.4s
    ‖ρε - ρref‖ = 0.5760984930356439 ‖Δρ‖ = 0.43237886922550295  ‖vε - vref‖ = 5.768500085865406  α = 0.0766
  2   -138.4458816806       -2.98       -1.01    11.9s
    ‖ρε - ρref‖ = 0.15206183742522028 ‖Δρ‖ = 0.03163003327141065  ‖vε - vref‖ = 5.7885881733733  α = 0.129
  3   -138.4462798736       -3.40       -1.33    11.7s
    ‖ρε - ρref‖ = 0.14697925255659122 ‖Δρ‖ = 0.018564245172933057  ‖vε - vref‖ = 5.800591632647072  α = 0.0995
  4   -138.4464172140       -3.86       -1.51    12.9s
    ‖ρε - ρref‖ = 0.14582760194965072 ‖Δρ‖ = 0.009973124285859784  ‖vε - vref‖ = 5.808171690843155  α = 0.0944
  5   -138.4464917424       -4.13       -1.89    13.1s
    ‖ρε - ρref‖ = 0.14519674869646637 ‖Δρ‖ = 0.003715241505009839  ‖vε - vref‖ = 5.809969736072185  α = 0.124
  6   -138.4465320196       -4.39       -1.82    13.6s
    ‖ρε - ρref‖ = 0.1447667383877299 ‖Δρ‖ = 0.0043419668047010715  ‖vε - vref‖ = 5.810102255567633  α = 0.12
  7   -138.4465587405       -4.57       -2.27    12.8s
    ‖ρε - ρref‖ = 0.14448633712962017 ‖Δρ‖ = 0.0016224171418318467  ‖vε - vref‖ = 5.811760203694757  α = 0.156
  8   -138.4465719069       -4.88       -2.16    13.8s
    ‖ρε - ρref‖ = 0.14449145821745377 ‖Δρ‖ = 0.0017714273744585786  ‖vε - vref‖ = 5.812532401813474  α = 0.0929
  9   -138.4465829080       -4.96       -2.55    13.9s
    ‖ρε - ρref‖ = 0.1442940237897681 ‖Δρ‖ = 0.0009686055461579434  ‖vε - vref‖ = 5.812782822955544  α = 0.147
 10   -138.4465883975       -5.26       -2.48    14.1s
    ‖ρε - ρref‖ = 0.14422713252524055 ‖Δρ‖ = 0.0008587286864734252  ‖vε - vref‖ = 5.813088356091407  α = 0.102
 11   -138.4465927095       -5.37       -2.82    14.1s
    ‖ρε - ρref‖ = 0.1441241022552097 ‖Δρ‖ = 0.0005353871237299515  ‖vε - vref‖ = 5.813614006046588  α = 0.136
 12   -138.4465951126       -5.62       -2.93    13.0s
    ‖ρε - ρref‖ = 0.14395412214587663 ‖Δρ‖ = 0.00040213886283958745  ‖vε - vref‖ = 5.8137570106285406  α = 0.118

#-- ‖ρε - ρref‖ = 0.14401639683694784 vs. 0.0005623413251903491 = δ*ε ‖vε - vref‖ = 5.813614147480861


# --- ε=0.03162277660168379

n     Energy            log10(ΔE)   log10(Δρ)   Δtime 
---   ---------------   ---------   ---------   ------
  1   -138.3019942119                    0.24    19.1s
    ‖ρε - ρref‖ = 0.7261999375880479 ‖Δρ‖ = 0.6176865920931349  ‖vε - vref‖ = 4.727162968300847  α = 0.0586
  2   -138.3034524614       -2.84       -0.92    13.3s
    ‖ρε - ρref‖ = 0.11905247084104689 ‖Δρ‖ = 0.038931753929267364  ‖vε - vref‖ = 4.755303653004177  α = 0.114
  3   -138.3039136040       -3.34       -1.17    12.6s
    ‖ρε - ρref‖ = 0.11249745149530478 ‖Δρ‖ = 0.02413134792385617  ‖vε - vref‖ = 4.771590538128471  α = 0.0891
  4   -138.3040609264       -3.83       -1.67    12.9s
    ‖ρε - ρref‖ = 0.10999780263880062 ‖Δρ‖ = 0.005393592873610076  ‖vε - vref‖ = 4.779638810136501  α = 0.103
  5   -138.3041446616       -4.08       -1.70    12.9s
    ‖ρε - ρref‖ = 0.1098817350298582 ‖Δρ‖ = 0.006572515350045126  ‖vε - vref‖ = 4.77900936835198  α = 0.106
  6   -138.3041924797       -4.32       -2.30    13.0s
    ‖ρε - ρref‖ = 0.10936085099185805 ‖Δρ‖ = 0.001434313688975024  ‖vε - vref‖ = 4.780255386181751  α = 0.153
  7   -138.3042142911       -4.66       -2.18    12.6s
    ‖ρε - ρref‖ = 0.10926089066463016 ‖Δρ‖ = 0.0014287939084231679  ‖vε - vref‖ = 4.781117387486436  α = 0.109
  8   -138.3042302303       -4.80       -2.35    13.2s
    ‖ρε - ρref‖ = 0.10924166792392341 ‖Δρ‖ = 0.0011481588158687524  ‖vε - vref‖ = 4.780037018942737  α = 0.122
  9   -138.3042410447       -4.97       -2.66    13.3s
    ‖ρε - ρref‖ = 0.10925587098640085 ‖Δρ‖ = 0.0004990172423425993  ‖vε - vref‖ = 4.779839179013248  α = 0.132
 10   -138.3042479567       -5.16       -2.53    13.2s
    ‖ρε - ρref‖ = 0.10926222290878014 ‖Δρ‖ = 0.0007766610885620666  ‖vε - vref‖ = 4.780511227281235  α = 0.109
 11   -138.3042523889       -5.35       -2.78    13.2s
    ‖ρε - ρref‖ = 0.10922351624954298 ‖Δρ‖ = 0.0003671008149454026  ‖vε - vref‖ = 4.780662112140493  α = 0.116
 12   -138.3042550590       -5.57       -2.93    12.3s
    ‖ρε - ρref‖ = 0.10933204402899241 ‖Δρ‖ = 0.00037928943442206667  ‖vε - vref‖ = 4.781220742792704  α = 0.12
 13   -138.3042567507       -5.77       -2.91    13.6s
    ‖ρε - ρref‖ = 0.10916445581216848 ‖Δρ‖ = 0.000274050591937003  ‖vε - vref‖ = 4.781216308833253  α = 0.125
 14   -138.3042578534       -5.96       -2.98    12.9s
    ‖ρε - ρref‖ = 0.10916776827703317 ‖Δρ‖ = 0.00019587790342686165  ‖vε - vref‖ = 4.780957739478668  α = 0.12

#-- ‖ρε - ρref‖ = 0.1092182034894279 vs. 0.00031622776601683794 = δ*ε ‖vε - vref‖ = 4.781129599665714


# --- ε=0.01778279410038923

n     Energy            log10(ΔE)   log10(Δρ)   Δtime 
---   ---------------   ---------   ---------   ------
  1   -138.1675881136                    0.35    19.1s
    ‖ρε - ρref‖ = 0.8822190450068442 ‖Δρ‖ = 0.8069196755826313  ‖vε - vref‖ = 3.831799270103682  α = 0.0425
  2   -138.1691691317       -2.80       -0.84    12.0s
    ‖ρε - ρref‖ = 0.08977287004876826 ‖Δρ‖ = 0.04600517196668936  ‖vε - vref‖ = 3.8568945996719264  α = 0.0916
  3   -138.1695483639       -3.42       -1.02    13.1s
    ‖ρε - ρref‖ = 0.08133359599469146 ‖Δρ‖ = 0.03065361614078598  ‖vε - vref‖ = 3.869794843567725  α = 0.0681
  4   -138.1697323875       -3.74       -1.69    12.7s
    ‖ρε - ρref‖ = 0.07590897177631986 ‖Δρ‖ = 0.007645854112341891  ‖vε - vref‖ = 3.867305156059586  α = 0.125
  5   -138.1698127333       -4.10       -1.87    12.3s
    ‖ρε - ρref‖ = 0.07563206396948945 ‖Δρ‖ = 0.002705045967682986  ‖vε - vref‖ = 3.867558227267956  α = 0.128
  6   -138.1698537800       -4.39       -1.75    13.6s
    ‖ρε - ρref‖ = 0.07555536633831544 ‖Δρ‖ = 0.003552609397231214  ‖vε - vref‖ = 3.8612108810898533  α = 0.102
  7   -138.1698762248       -4.65       -1.76    13.2s
    ‖ρε - ρref‖ = 0.07557428386315827 ‖Δρ‖ = 0.003485416258505382  ‖vε - vref‖ = 3.853770428804433  α = 0.094
  8   -138.1698923740       -4.79       -1.98    14.1s
    ‖ρε - ρref‖ = 0.07577490543194991 ‖Δρ‖ = 0.002038873222096874  ‖vε - vref‖ = 3.8486347932143414  α = 0.109
  9   -138.1699041445       -4.93       -2.35    13.4s
    ‖ρε - ρref‖ = 0.07606062792297781 ‖Δρ‖ = 0.0010941224504993016  ‖vε - vref‖ = 3.8433813925811076  α = 0.134
 10   -138.1699108413       -5.17       -2.37    13.8s
    ‖ρε - ρref‖ = 0.07625893392625169 ‖Δρ‖ = 0.000979055280902181  ‖vε - vref‖ = 3.8396901200309452  α = 0.107
 11   -138.1699150602       -5.37       -2.61    13.2s
    ‖ρε - ρref‖ = 0.07653215204948112 ‖Δρ‖ = 0.0005540804988500657  ‖vε - vref‖ = 3.8383880854026007  α = 0.115
 12   -138.1699176434       -5.59       -2.75    13.2s
    ‖ρε - ρref‖ = 0.0772160934114596 ‖Δρ‖ = 0.0004756696718185479  ‖vε - vref‖ = 3.8407827250450635  α = 0.129
 13   -138.1699192402       -5.80       -2.81    14.4s
    ‖ρε - ρref‖ = 0.07675738623868394 ‖Δρ‖ = 0.0003271613903860039  ‖vε - vref‖ = 3.840412227346979  α = 0.125
 14   -138.1699202586       -5.99       -2.94    14.0s
    ‖ρε - ρref‖ = 0.07674128897725017 ‖Δρ‖ = 0.0002505154848342685  ‖vε - vref‖ = 3.8392492103495197  α = 0.116
 15   -138.1699209113       -6.19       -3.15    14.3s
    ‖ρε - ρref‖ = 0.07702968099411638 ‖Δρ‖ = 0.00020926213279940867  ‖vε - vref‖ = 3.8402658430096848  α = 0.121
 16   -138.1699213705       -6.34       -3.29    13.6s
    ‖ρε - ρref‖ = 0.07681967409515963 ‖Δρ‖ = 0.00012707208764617755  ‖vε - vref‖ = 3.8401362209811314  α = 0.125
 17   -138.1699217085       -6.47       -3.21    13.5s
    ‖ρε - ρref‖ = 0.07678398724333373 ‖Δρ‖ = 0.00014327928040999674  ‖vε - vref‖ = 3.8394285475061674  α = 0.116

#-- ‖ρε - ρref‖ = 0.07685942814492036 vs. 0.0001778279410038923 = δ*ε ‖vε - vref‖ = 3.840160427683265


# --- ε=0.01

n     Energy            log10(ΔE)   log10(Δρ)   Δtime 
---   ---------------   ---------   ---------   ------
  1   -138.0575760905                    0.44    19.4s
    ‖ρε - ρref‖ = 1.0192210591468902 ‖Δρ‖ = 0.9712538136427853  ‖vε - vref‖ = 3.224366576011231  α = 0.0294
  2   -138.0589922705       -2.85       -0.80    12.1s
    ‖ρε - ρref‖ = 0.06790633270137249 ‖Δρ‖ = 0.04877493288556178  ‖vε - vref‖ = 3.2412547450916027  α = 0.0713
  3   -138.0592697237       -3.56       -0.98    13.0s
    ‖ρε - ρref‖ = 0.05559491785321115 ‖Δρ‖ = 0.030755640532655514  ‖vε - vref‖ = 3.241208755830913  α = 0.051
  4   -138.0594510732       -3.74       -1.42    12.5s
    ‖ρε - ρref‖ = 0.04820355720516604 ‖Δρ‖ = 0.01314330014710775  ‖vε - vref‖ = 3.213736280312045  α = 0.0824
  5   -138.0595915580       -3.85       -1.54    13.1s
    ‖ρε - ρref‖ = 0.0469181951725248 ‖Δρ‖ = 0.006388015642894952  ‖vε - vref‖ = 3.2138218351974857  α = 0.106
  6   -138.0597012037       -3.96       -1.65    12.9s
    ‖ρε - ρref‖ = 0.04639935070402155 ‖Δρ‖ = 0.004884382990328992  ‖vε - vref‖ = 3.179007246446603  α = 0.115
  7   -138.0597593645       -4.24       -1.85    13.4s
    ‖ρε - ρref‖ = 0.04750335380247633 ‖Δρ‖ = 0.0034385766603989482  ‖vε - vref‖ = 3.146317873596793  α = 0.116
  8   -138.0597882889       -4.54       -1.74    12.5s
    ‖ρε - ρref‖ = 0.04808055920383841 ‖Δρ‖ = 0.0039759326276113055  ‖vε - vref‖ = 3.1296183199124123  α = 0.0903
  9   -138.0598037499       -4.81       -1.69    11.9s
    ‖ρε - ρref‖ = 0.04866030316827879 ‖Δρ‖ = 0.004216117947621952  ‖vε - vref‖ = 3.119306634149239  α = 0.0688
 10   -138.0598143908       -4.97       -2.02    14.6s
    ‖ρε - ρref‖ = 0.04931592455107598 ‖Δρ‖ = 0.0021836714147643755  ‖vε - vref‖ = 3.1094850755201398  α = 0.0866
 11   -138.0598197916       -5.27       -2.27    13.3s
    ‖ρε - ρref‖ = 0.04991717831368322 ‖Δρ‖ = 0.001202379358585241  ‖vε - vref‖ = 3.104902438449135  α = 0.0939
 12   -138.0598223084       -5.60       -2.35    13.6s
    ‖ρε - ρref‖ = 0.05003763030994874 ‖Δρ‖ = 0.001041882809875613  ‖vε - vref‖ = 3.101289472768234  α = 0.0834
 13   -138.0598238989       -5.80       -2.71    13.1s
    ‖ρε - ρref‖ = 0.050633248708450845 ‖Δρ‖ = 0.0004095797033718747  ‖vε - vref‖ = 3.1010690966184282  α = 0.131
 14   -138.0598250960       -5.92       -2.64    12.4s
    ‖ρε - ρref‖ = 0.05085242243023343 ‖Δρ‖ = 0.0005099693849466004  ‖vε - vref‖ = 3.1030536205367576  α = 0.106
 15   -138.0598256895       -6.23       -2.76    14.1s
    ‖ρε - ρref‖ = 0.05071418339367871 ‖Δρ‖ = 0.00043908844776880047  ‖vε - vref‖ = 3.1045553106646198  α = 0.0952
 16   -138.0598260465       -6.45       -2.74    13.8s
    ‖ρε - ρref‖ = 0.050534992828308395 ‖Δρ‖ = 0.0005955523894253535  ‖vε - vref‖ = 3.1040672801486835  α = 0.0817
 17   -138.0598263613       -6.50       -2.80    12.4s
    ‖ρε - ρref‖ = 0.050468853034594446 ‖Δρ‖ = 0.000471895573255202  ‖vε - vref‖ = 3.103307451176949  α = 0.0789
 18   -138.0598266551       -6.53       -3.22    13.9s
    ‖ρε - ρref‖ = 0.05065636740493076 ‖Δρ‖ = 0.0001591077942123169  ‖vε - vref‖ = 3.1033994803015217  α = 0.13
 19   -138.0598268487       -6.71       -3.31    13.1s
    ‖ρε - ρref‖ = 0.05062949716502743 ‖Δρ‖ = 0.00012246183944426421  ‖vε - vref‖ = 3.103521382046303  α = 0.111
 20   -138.0598269621       -6.95       -3.16    13.4s
    ‖ρε - ρref‖ = 0.05053719205096819 ‖Δρ‖ = 0.00014220105504821436  ‖vε - vref‖ = 3.1027519954075724  α = 0.105
 21   -138.0598270459       -7.08       -3.07    13.8s
    ‖ρε - ρref‖ = 0.050673712685087545 ‖Δρ‖ = 0.00017655711286320208  ‖vε - vref‖ = 3.103367460153713  α = 0.101
 22   -138.0598271109       -7.19       -3.02    13.8s
    ‖ρε - ρref‖ = 0.0505801069611991 ‖Δρ‖ = 0.0001877607810265454  ‖vε - vref‖ = 3.103334901160129  α = 0.0794
 23   -138.0598271595       -7.31       -3.28    13.3s
    ‖ρε - ρref‖ = 0.05056099930094594 ‖Δρ‖ = 0.00010783971365999401  ‖vε - vref‖ = 3.103030083992131  α = 0.097
 24   -138.0598271930       -7.47       -3.44    12.8s
    ‖ρε - ρref‖ = 0.05069683991787081 ‖Δρ‖ = 0.00010624126743678832  ‖vε - vref‖ = 3.10385972830989  α = 0.101
 25   -138.0598272156       -7.65       -3.38    13.8s
    ‖ρε - ρref‖ = 0.0504863293446996 ‖Δρ‖ = 0.00013042853323105938  ‖vε - vref‖ = 3.1030992456363973  α = 0.0822
 26   -138.0598272381       -7.65       -3.52    14.8s
    ‖ρε - ρref‖ = 0.050665165223441125 ‖Δρ‖ = 7.58703579007971e-5  ‖vε - vref‖ = 3.103434919803631  α = 0.101
 27   -138.0598272562       -7.74       -3.72    13.6s
    ‖ρε - ρref‖ = 0.050594199563492204 ‖Δρ‖ = 3.8083186689620077e-5  ‖vε - vref‖ = 3.103389819488058  α = 0.114

#-- ‖ρε - ρref‖ = 0.0506066999470665 vs. 0.0001 = δ*ε ‖vε - vref‖ = 3.103342149070062


# --- ε=0.005623413251903491

n     Energy            log10(ΔE)   log10(Δρ)   Δtime 
---   ---------------   ---------   ---------   ------
  1   -137.9771042290                    0.49    19.1s
    ‖ρε - ρref‖ = 1.1248400830861052 ‖Δρ‖ = 1.096527574598447  ‖vε - vref‖ = 2.8991022831894186  α = 0.0197
  2   -137.9783280092       -2.91       -0.77    12.0s
    ‖ρε - ρref‖ = 0.05761242910214 ‖Δρ‖ = 0.0508009987467315  ‖vε - vref‖ = 2.91540622307202  α = 0.0514
  3   -137.9786682054       -3.47       -1.21    13.2s
    ‖ρε - ρref‖ = 0.028889966560435836 ‖Δρ‖ = 0.014365641563298129  ‖vε - vref‖ = 2.8582287388880987  α = 0.0818
  4   -137.9789690229       -3.52       -1.38    12.7s
    ‖ρε - ρref‖ = 0.027001221138390243 ‖Δρ‖ = 0.00994864150945361  ‖vε - vref‖ = 2.8247605130415065  α = 0.109
  5   -137.9791925146       -3.65       -1.09    11.6s
    ‖ρε - ρref‖ = 0.027904776174918277 ‖Δρ‖ = 0.01835041650720963  ‖vε - vref‖ = 2.7903593841990433  α = 0.0592
  6   -137.9794262458       -3.63       -1.14    12.8s
    ‖ρε - ρref‖ = 0.025038110044038796 ‖Δρ‖ = 0.016149059237089477  ‖vε - vref‖ = 2.710624699611647  α = 0.0643
  7   -137.9795241316       -4.01       -1.24    13.0s
    ‖ρε - ρref‖ = 0.028620302213086302 ‖Δρ‖ = 0.015148935943773777  ‖vε - vref‖ = 2.6676820811113195  α = 0.0482
  8   -137.9795961870       -4.14       -1.34    13.6s
    ‖ρε - ρref‖ = 0.02769499089446124 ‖Δρ‖ = 0.012264207606236878  ‖vε - vref‖ = 2.620611851391012  α = 0.0448
  9   -137.9796308490       -4.46       -1.52    13.3s
    ‖ρε - ρref‖ = 0.029621386589694296 ‖Δρ‖ = 0.00688023553334518  ‖vε - vref‖ = 2.605251617068934  α = 0.0567
 10   -137.9796535711       -4.64       -1.70    13.0s
    ‖ρε - ρref‖ = 0.030114315216584215 ‖Δρ‖ = 0.004242589315476034  ‖vε - vref‖ = 2.592541615665453  α = 0.0627
 11   -137.9796652745       -4.93       -2.18    13.5s
    ‖ρε - ρref‖ = 0.030876590588194603 ‖Δρ‖ = 0.0014042986184734248  ‖vε - vref‖ = 2.5813303732064647  α = 0.0877
 12   -137.9796704196       -5.29       -2.39    13.5s
    ‖ρε - ρref‖ = 0.031053659771545866 ‖Δρ‖ = 0.000877085291937834  ‖vε - vref‖ = 2.5767163576367915  α = 0.0787
 13   -137.9796717035       -5.89       -2.80    13.8s
    ‖ρε - ρref‖ = 0.03148678288955131 ‖Δρ‖ = 0.00027740846921528103  ‖vε - vref‖ = 2.574974071588512  α = 0.0899
 14   -137.9796724808       -6.11       -3.04    14.3s
    ‖ρε - ρref‖ = 0.03163125667814851 ‖Δρ‖ = 0.0001801467175982903  ‖vε - vref‖ = 2.5748545619780483  α = 0.128
 15   -137.9796731368       -6.18       -2.96    13.3s
    ‖ρε - ρref‖ = 0.03169746485222131 ‖Δρ‖ = 0.00022101495881637494  ‖vε - vref‖ = 2.575993099821831  α = 0.123
 16   -137.9796736198       -6.32       -2.70    12.7s
    ‖ρε - ρref‖ = 0.03160025359204965 ‖Δρ‖ = 0.00038988851416429064  ‖vε - vref‖ = 2.5765838318152507  α = 0.095
 17   -137.9796738936       -6.56       -2.51    12.7s
    ‖ρε - ρref‖ = 0.03153553125799687 ‖Δρ‖ = 0.0006773866492081062  ‖vε - vref‖ = 2.5762555844649575  α = 0.0485
 18   -137.9796740907       -6.71       -2.82    14.2s
    ‖ρε - ρref‖ = 0.03168010189171132 ‖Δρ‖ = 0.000387722802210702  ‖vε - vref‖ = 2.5760264678494416  α = 0.0643
 19   -137.9796742157       -6.90       -2.73    13.3s
    ‖ρε - ρref‖ = 0.03163593557817891 ‖Δρ‖ = 0.0004955101827152628  ‖vε - vref‖ = 2.5764269704721365  α = 0.0474
 20   -137.9796743087       -7.03       -2.78    14.3s
    ‖ρε - ρref‖ = 0.03158659691532806 ‖Δρ‖ = 0.0003767495088900644  ‖vε - vref‖ = 2.5763288299402785  α = 0.0502
 21   -137.9796743821       -7.13       -3.04    12.0s
    ‖ρε - ρref‖ = 0.031683616500271516 ‖Δρ‖ = 0.00019907750594381002  ‖vε - vref‖ = 2.576415487681213  α = 0.0727
 22   -137.9796744386       -7.25       -3.06    13.7s
    ‖ρε - ρref‖ = 0.03148267732558809 ‖Δρ‖ = 0.00020784531103520132  ‖vε - vref‖ = 2.5751331232927877  α = 0.0673
 23   -137.9796744811       -7.37       -3.10    14.2s
    ‖ρε - ρref‖ = 0.031828466539477455 ‖Δρ‖ = 0.000222479802381433  ‖vε - vref‖ = 2.576625170406304  α = 0.0568
 24   -137.9796745174       -7.44       -3.02    13.9s
    ‖ρε - ρref‖ = 0.031487165173990084 ‖Δρ‖ = 0.0002231623771590261  ‖vε - vref‖ = 2.576168714100166  α = 0.0545
 25   -137.9796745617       -7.35       -3.41    13.7s
    ‖ρε - ρref‖ = 0.03164878298562706 ‖Δρ‖ = 7.86514426424724e-5  ‖vε - vref‖ = 2.5762632871713267  α = 0.0946
 26   -137.9796745935       -7.50       -3.58    14.8s
    ‖ρε - ρref‖ = 0.0316149718280608 ‖Δρ‖ = 4.491717754452748e-5  ‖vε - vref‖ = 2.576157423827306  α = 0.106
 27   -137.9796746128       -7.71       -3.59    13.9s
    ‖ρε - ρref‖ = 0.031620239784310035 ‖Δρ‖ = 3.4142171488690015e-5  ‖vε - vref‖ = 2.576187334144383  α = 0.107

#-- ‖ρε - ρref‖ = 0.03162249005570539 vs. 5.6234132519034914e-5 = δ*ε ‖vε - vref‖ = 2.5761775514710656


# --- ε=0.0031622776601683794

n     Energy            log10(ΔE)   log10(Δρ)   Δtime 
---   ---------------   ---------   ---------   ------
  1   -137.9232788665                    0.53    18.5s
    ‖ρε - ρref‖ = 1.1956849501209148 ‖Δρ‖ = 1.1798053102182384  ‖vε - vref‖ = 2.7716077281936666  α = 0.0126
  2   -137.9242373456       -3.02       -0.69    12.3s
    ‖ρε - ρref‖ = 0.06073245785727929 ‖Δρ‖ = 0.058284175201005886  ‖vε - vref‖ = 2.776676172179534  α = 0.0317
  3   -137.9244083915       -3.77       -0.97    13.1s
    ‖ρε - ρref‖ = 0.036662400571667614 ‖Δρ‖ = 0.035277626072341736  ‖vε - vref‖ = 2.7561175675073266  α = 0.0244
  4   -137.9247678525       -3.44       -1.08    13.7s
    ‖ρε - ρref‖ = 0.022694797324391374 ‖Δρ‖ = 0.021635586077822  ‖vε - vref‖ = 2.682751587621858  α = 0.0517
  5   -137.9253182546       -3.26       -1.28    12.7s
    ‖ρε - ρref‖ = 0.015700164898570266 ‖Δρ‖ = 0.013126438509768319  ‖vε - vref‖ = 2.574085852574869  α = 0.1
  6   -137.9256498366       -3.48       -0.91    12.6s
    ‖ρε - ρref‖ = 0.024747648464497833 ‖Δρ‖ = 0.026670761639543846  ‖vε - vref‖ = 2.4925764757531312  α = 0.0426
  7   -137.9259312298       -3.55       -0.90    13.5s
    ‖ρε - ρref‖ = 0.02244057402794732 ‖Δρ‖ = 0.024891141081094817  ‖vε - vref‖ = 2.3854917916861593  α = 0.0387
  8   -137.9260745396       -3.84       -1.18    12.9s
    ‖ρε - ρref‖ = 0.017686420575988477 ‖Δρ‖ = 0.013880597156365054  ‖vε - vref‖ = 2.2941652418518617  α = 0.0488
  9   -137.9261623287       -4.06       -1.15    13.4s
    ‖ρε - ρref‖ = 0.01927883401574924 ‖Δρ‖ = 0.015048405152888394  ‖vε - vref‖ = 2.2357902650552983  α = 0.0351
 10   -137.9262162932       -4.27       -1.70    13.2s
    ‖ρε - ρref‖ = 0.017608843464837643 ‖Δρ‖ = 0.004474935799042336  ‖vε - vref‖ = 2.2210553935784043  α = 0.0675
 11   -137.9262366641       -4.69       -1.92    12.8s
    ‖ρε - ρref‖ = 0.018308001082785907 ‖Δρ‖ = 0.0029204273799897837  ‖vε - vref‖ = 2.205633176646983  α = 0.0657
 12   -137.9262476637       -4.96       -2.08    13.0s
    ‖ρε - ρref‖ = 0.01841021556230906 ‖Δρ‖ = 0.0018365367758282067  ‖vε - vref‖ = 2.1966397553723027  α = 0.0636
 13   -137.9262500117       -5.63       -2.47    13.2s
    ‖ρε - ρref‖ = 0.01889759486385627 ‖Δρ‖ = 0.0005794237717466346  ‖vε - vref‖ = 2.1950472165567  α = 0.0692
 14   -137.9262505966       -6.23       -2.80    14.6s
    ‖ρε - ρref‖ = 0.01901870442773131 ‖Δρ‖ = 0.000369794176811864  ‖vε - vref‖ = 2.1923155640668486  α = 0.0758
 15   -137.9262508441       -6.61       -2.68    13.4s
    ‖ρε - ρref‖ = 0.019096381577707783 ‖Δρ‖ = 0.0005974351742467674  ‖vε - vref‖ = 2.194145545667522  α = 0.0438
 16   -137.9262510397       -6.71       -2.36    13.1s
    ‖ρε - ρref‖ = 0.01903813305604209 ‖Δρ‖ = 0.0010740823323131768  ‖vε - vref‖ = 2.194994087045908  α = 0.0239
 17   -137.9262513687       -6.48       -2.86    13.3s
    ‖ρε - ρref‖ = 0.01896945556554264 ‖Δρ‖ = 0.0003001091448307801  ‖vε - vref‖ = 2.193324887220165  α = 0.0775
 18   -137.9262515466       -6.75       -2.54    14.6s
    ‖ρε - ρref‖ = 0.01922356759960239 ‖Δρ‖ = 0.0005683735890346856  ‖vε - vref‖ = 2.1934090060419473  α = 0.041
 19   -137.9262517858       -6.62       -2.75    13.9s
    ‖ρε - ρref‖ = 0.018974070140442476 ‖Δρ‖ = 0.0003761381022553102  ‖vε - vref‖ = 2.193154593014742  α = 0.0547
 20   -137.9262519497       -6.79       -2.67    13.9s
    ‖ρε - ρref‖ = 0.01913292700917332 ‖Δρ‖ = 0.00044604205708327545  ‖vε - vref‖ = 2.1944030983407727  α = 0.0465
 21   -137.9262520919       -6.85       -2.72    13.8s
    ‖ρε - ρref‖ = 0.018992350880115253 ‖Δρ‖ = 0.0003849950594659671  ‖vε - vref‖ = 2.194281730880677  α = 0.046
 22   -137.9262522094       -6.93       -2.95    14.0s
    ‖ρε - ρref‖ = 0.019164526041732875 ‖Δρ‖ = 0.00022666379600104616  ‖vε - vref‖ = 2.194611164726356  α = 0.0621
 23   -137.9262522491       -7.40       -2.76    14.0s
    ‖ρε - ρref‖ = 0.018610575955529205 ‖Δρ‖ = 0.0005038840372231364  ‖vε - vref‖ = 2.1930599587121447  α = 0.0236
 24   -137.9262523142       -7.19       -3.02    13.1s
    ‖ρε - ρref‖ = 0.019165437165521215 ‖Δρ‖ = 0.00019227889728289584  ‖vε - vref‖ = 2.1939900513761303  α = 0.0513
 25   -137.9262523622       -7.32       -3.36    12.4s
    ‖ρε - ρref‖ = 0.019042930298667594 ‖Δρ‖ = 8.144125469230417e-5  ‖vε - vref‖ = 2.1941423721366835  α = 0.0843
 26   -137.9262524029       -7.39       -3.57    14.3s
    ‖ρε - ρref‖ = 0.019050890130241697 ‖Δρ‖ = 5.46799596184319e-5  ‖vε - vref‖ = 2.193906058977256  α = 0.105
 27   -137.9262524243       -7.67       -3.46    12.8s
    ‖ρε - ρref‖ = 0.019058338958783765 ‖Δρ‖ = 0.00011743340177559738  ‖vε - vref‖ = 2.194132543994159  α = 0.0602
 28   -137.9262524418       -7.76       -2.91    14.7s
    ‖ρε - ρref‖ = 0.019043195861797212 ‖Δρ‖ = 0.00032737411494258975  ‖vε - vref‖ = 2.1940746798915423  α = 0.0229
 29   -137.9262524661       -7.61       -3.49    14.1s
    ‖ρε - ρref‖ = 0.019038354671790873 ‖Δρ‖ = 8.088905013881236e-5  ‖vε - vref‖ = 2.193957741084877  α = 0.0777
 30   -137.9262524786       -7.91       -3.22    14.4s
    ‖ρε - ρref‖ = 0.019092615536228985 ‖Δρ‖ = 0.00012236640125874626  ‖vε - vref‖ = 2.1943926627779335  α = 0.0476
 31   -137.9262524910       -7.90       -3.16    13.4s
    ‖ρε - ρref‖ = 0.019009646309057562 ‖Δρ‖ = 0.00013655676153789662  ‖vε - vref‖ = 2.194302320649632  α = 0.0396
 32   -137.9262525011       -8.00       -3.30    14.1s
    ‖ρε - ρref‖ = 0.019060543213235994 ‖Δρ‖ = 9.23136878558846e-5  ‖vε - vref‖ = 2.1941338652714784  α = 0.0499
 33   -137.9262525082       -8.15       -3.38    13.4s
    ‖ρε - ρref‖ = 0.0190325991931192 ‖Δρ‖ = 9.13985809349498e-5  ‖vε - vref‖ = 2.193940735849706  α = 0.0475
 34   -137.9262525149       -8.17       -3.46    13.4s
    ‖ρε - ρref‖ = 0.019086121799941274 ‖Δρ‖ = 6.925912216114308e-5  ‖vε - vref‖ = 2.1943289311902516  α = 0.0513
 35   -137.9262525176       -8.58       -3.43    13.7s
    ‖ρε - ρref‖ = 0.0189602683725909 ‖Δρ‖ = 0.00010576517573112857  ‖vε - vref‖ = 2.1939648979202806  α = 0.0293
 36   -137.9262525224       -8.31       -3.54    14.4s
    ‖ρε - ρref‖ = 0.019083245980553224 ‖Δρ‖ = 5.5010538739457115e-5  ‖vε - vref‖ = 2.194012977257237  α = 0.0467
 37   -137.9262525263       -8.41       -3.83    13.7s
    ‖ρε - ρref‖ = 0.01904933590589912 ‖Δρ‖ = 2.5287326282850273e-5  ‖vε - vref‖ = 2.19404368136504  α = 0.0887
 38   -137.9262525297       -8.46       -3.91    13.6s
    ‖ρε - ρref‖ = 0.019050313009502808 ‖Δρ‖ = 2.4445945986886556e-5  ‖vε - vref‖ = 2.194016790339578  α = 0.0838

#-- ‖ρε - ρref‖ = 0.01905084308603221 vs. 3.1622776601683795e-5 = δ*ε ‖vε - vref‖ = 2.194053006587655


# --- ε=0.0017782794100389228

n     Energy            log10(ΔE)   log10(Δρ)   Δtime 
---   ---------------   ---------   ---------   ------
  1   -137.8897978146                    0.55    18.9s
    ‖ρε - ρref‖ = 1.2398234995957458 ‖Δρ‖ = 1.2311203598941298  ‖vε - vref‖ = 2.779177149115025  α = 0.00783
  2   -137.8904844454       -3.16       -0.61    11.8s
    ‖ρε - ρref‖ = 0.06812094140666633 ‖Δρ‖ = 0.06686090902926209  ‖vε - vref‖ = 2.7593271954908287  α = 0.0185
  3   -137.8906040317       -3.92       -0.74    12.6s
    ‖ρε - ρref‖ = 0.05514549110565835 ‖Δρ‖ = 0.055026206866669584  ‖vε - vref‖ = 2.7569839212858502  α = 0.0103
  4   -137.8909687728       -3.44       -1.32    13.7s
    ‖ρε - ρref‖ = 0.014564987110091479 ‖Δρ‖ = 0.014298823660909968  ‖vε - vref‖ = 2.703666481078617  α = 0.0622
  5   -137.8913760899       -3.39       -1.17    12.4s
    ‖ρε - ρref‖ = 0.017235119337241776 ‖Δρ‖ = 0.018016566893207128  ‖vε - vref‖ = 2.5747280862186686  α = 0.0534
  6   -137.8917124068       -3.47       -0.82    13.8s
    ‖ρε - ρref‖ = 0.030801627168515786 ‖Δρ‖ = 0.032997018141354376  ‖vε - vref‖ = 2.4584807931206125  α = 0.0276
  7   -137.8921080521       -3.40       -0.86    13.5s
    ‖ρε - ρref‖ = 0.026939136967477368 ‖Δρ‖ = 0.030164924920468947  ‖vε - vref‖ = 2.2819404448622245  α = 0.0314
  8   -137.8923231855       -3.67       -0.95    14.1s
    ‖ρε - ρref‖ = 0.020742615358112445 ‖Δρ‖ = 0.023049813899662912  ‖vε - vref‖ = 2.1307004306101915  α = 0.0304
  9   -137.8924996163       -3.75       -0.95    14.6s
    ‖ρε - ρref‖ = 0.022160263521465197 ‖Δρ‖ = 0.024477451494497263  ‖vε - vref‖ = 1.9876795362501913  α = 0.025
 10   -137.8926217108       -3.91       -1.43    13.3s
    ‖ρε - ρref‖ = 0.010607897749115403 ‖Δρ‖ = 0.007684380693873641  ‖vε - vref‖ = 1.9489670598190707  α = 0.0509
 11   -137.8926726539       -4.29       -1.61    13.8s
    ‖ρε - ρref‖ = 0.01055435630356508 ‖Δρ‖ = 0.004801881117601692  ‖vε - vref‖ = 1.9263363110421747  α = 0.0517
 12   -137.8927037857       -4.51       -1.77    13.6s
    ‖ρε - ρref‖ = 0.010182276588953102 ‖Δρ‖ = 0.0035517996648686046  ‖vε - vref‖ = 1.901507132472563  α = 0.0456
 13   -137.8927069521       -5.50       -2.25    14.2s
    ‖ρε - ρref‖ = 0.01109518266724341 ‖Δρ‖ = 0.000934234015503163  ‖vε - vref‖ = 1.897487700037024  α = 0.0508
 14   -137.8927073469       -6.40       -2.48    14.7s
    ‖ρε - ρref‖ = 0.011140602662702297 ‖Δρ‖ = 0.0008823535219707399  ‖vε - vref‖ = 1.8954912941921798  α = 0.0295
 15   -137.8927075944       -6.61       -2.21    12.8s
    ‖ρε - ρref‖ = 0.011326930330469618 ‖Δρ‖ = 0.0017538168842236002  ‖vε - vref‖ = 1.895675261125111  α = 0.0127
 16   -137.8927078383       -6.61       -2.46    13.6s
    ‖ρε - ρref‖ = 0.011173021269089967 ‖Δρ‖ = 0.0007175921044291718  ‖vε - vref‖ = 1.8978069880385384  α = 0.0284
 17   -137.8927079732       -6.87       -2.49    13.6s
    ‖ρε - ρref‖ = 0.011118753438275456 ‖Δρ‖ = 0.0006779269424406699  ‖vε - vref‖ = 1.8974745799128443  α = 0.0257
 18   -137.8927081919       -6.66       -2.58    13.7s
    ‖ρε - ρref‖ = 0.01119462687531545 ‖Δρ‖ = 0.00048461133375148334  ‖vε - vref‖ = 1.8954228269645037  α = 0.0351
 19   -137.8927083630       -6.77       -2.59    13.6s
    ‖ρε - ρref‖ = 0.011222802071648899 ‖Δρ‖ = 0.0005022409145103726  ‖vε - vref‖ = 1.8940090998106236  α = 0.0348
 20   -137.8927084986       -6.87       -2.47    13.7s
    ‖ρε - ρref‖ = 0.010997650198242887 ‖Δρ‖ = 0.0007389636143799494  ‖vε - vref‖ = 1.8932647619410394  α = 0.0229
 21   -137.8927086933       -6.71       -2.81    12.8s
    ‖ρε - ρref‖ = 0.011475982656601023 ‖Δρ‖ = 0.00035348302705880873  ‖vε - vref‖ = 1.8968405883126245  α = 0.0403
 22   -137.8927087593       -7.18       -2.44    13.9s
    ‖ρε - ρref‖ = 0.01044710009323229 ‖Δρ‖ = 0.0009700566502605481  ‖vε - vref‖ = 1.895667551518452  α = 0.0124
 23   -137.8927089086       -6.83       -2.99    14.0s
    ‖ρε - ρref‖ = 0.011274568265391055 ‖Δρ‖ = 0.00016989987181912402  ‖vε - vref‖ = 1.8955055919654131  α = 0.0592
 24   -137.8927089897       -7.09       -3.13    14.6s
    ‖ρε - ρref‖ = 0.01119940735750945 ‖Δρ‖ = 0.00013803380690365186  ‖vε - vref‖ = 1.8955041006489526  α = 0.0629
 25   -137.8927090506       -7.22       -3.28    12.8s
    ‖ρε - ρref‖ = 0.011214185243396471 ‖Δρ‖ = 9.200001777814594e-5  ‖vε - vref‖ = 1.8957320307528918  α = 0.0765
 26   -137.8927090918       -7.38       -3.27    14.4s
    ‖ρε - ρref‖ = 0.011210926873856254 ‖Δρ‖ = 0.00012132786260168234  ‖vε - vref‖ = 1.8956576893265844  α = 0.0576
 27   -137.8927091105       -7.73       -2.64    13.5s
    ‖ρε - ρref‖ = 0.011255879918065986 ‖Δρ‖ = 0.0005853658811600265  ‖vε - vref‖ = 1.8958254383944269  α = 0.0109
 28   -137.8927091425       -7.49       -3.14    12.9s
    ‖ρε - ρref‖ = 0.01119597594399281 ‖Δρ‖ = 0.00013617862248618945  ‖vε - vref‖ = 1.8956892861194357  α = 0.0476
 29   -137.8927091701       -7.56       -3.28    13.6s
    ‖ρε - ρref‖ = 0.011212685097957916 ‖Δρ‖ = 9.900508221953509e-5  ‖vε - vref‖ = 1.8952723070888091  α = 0.0557
 30   -137.8927091896       -7.71       -3.22    13.2s
    ‖ρε - ρref‖ = 0.011219074711594465 ‖Δρ‖ = 0.00011860245509439756  ‖vε - vref‖ = 1.8956359105305487  α = 0.0435
 31   -137.8927092019       -7.91       -3.09    12.9s
    ‖ρε - ρref‖ = 0.011184135089655857 ‖Δρ‖ = 0.0001619254756226131  ‖vε - vref‖ = 1.8955211758712007  α = 0.0302
 32   -137.8927092164       -7.84       -3.05    13.7s
    ‖ρε - ρref‖ = 0.01124247140828827 ‖Δρ‖ = 0.00016456358546824396  ‖vε - vref‖ = 1.8955281138492142  α = 0.0288
 33   -137.8927092264       -8.00       -3.22    13.5s
    ‖ρε - ρref‖ = 0.011141588866915266 ‖Δρ‖ = 0.00012764100828013746  ‖vε - vref‖ = 1.8952369243712466  α = 0.0334
 34   -137.8927092329       -8.19       -3.11    12.6s
    ‖ρε - ρref‖ = 0.011408222241020472 ‖Δρ‖ = 0.00023076603345221637  ‖vε - vref‖ = 1.8959052129410727  α = 0.0155
 35   -137.8927092405       -8.12       -3.17    13.3s
    ‖ρε - ρref‖ = 0.011147954449176151 ‖Δρ‖ = 0.00013892502919046306  ‖vε - vref‖ = 1.8958197756375545  α = 0.0269
 36   -137.8927092482       -8.11       -3.18    13.4s
    ‖ρε - ρref‖ = 0.01123800191596992 ‖Δρ‖ = 0.00014301690865982088  ‖vε - vref‖ = 1.895935681942958  α = 0.025
 37   -137.8927092579       -8.02       -3.65    12.9s
    ‖ρε - ρref‖ = 0.011206950498950919 ‖Δρ‖ = 3.89145116501097e-5  ‖vε - vref‖ = 1.8954062192037209  α = 0.07
 38   -137.8927092636       -8.24       -3.67    12.2s
    ‖ρε - ρref‖ = 0.011210044118462032 ‖Δρ‖ = 4.84740476745569e-5  ‖vε - vref‖ = 1.8955769403884497  α = 0.0568
 39   -137.8927092656       -8.71       -3.33    12.2s
    ‖ρε - ρref‖ = 0.011216266722365897 ‖Δρ‖ = 0.00014436540034304344  ‖vε - vref‖ = 1.8956476330051095  α = 0.0148
 40   -137.8927092700       -8.36       -3.43    12.1s
    ‖ρε - ρref‖ = 0.011204003495268474 ‖Δρ‖ = 7.537796166919841e-5  ‖vε - vref‖ = 1.8955440493333635  α = 0.0318
 41   -137.8927092737       -8.43       -3.69    12.2s
    ‖ρε - ρref‖ = 0.011213352740691008 ‖Δρ‖ = 3.489316186440527e-5  ‖vε - vref‖ = 1.8956058988185294  α = 0.0581
 42   -137.8927092768       -8.52       -3.84    12.4s
    ‖ρε - ρref‖ = 0.011209550736930043 ‖Δρ‖ = 2.7598808044529494e-5  ‖vε - vref‖ = 1.8956213273039455  α = 0.0654
 43   -137.8927092786       -8.73       -3.52    12.6s
    ‖ρε - ρref‖ = 0.01120061741064949 ‖Δρ‖ = 6.035609450358529e-5  ‖vε - vref‖ = 1.8954861246047883  α = 0.0301
 44   -137.8927092801       -8.84       -3.47    13.5s
    ‖ρε - ρref‖ = 0.0112275417670919 ‖Δρ‖ = 6.481087590331533e-5  ‖vε - vref‖ = 1.895538183714393  α = 0.0253
 45   -137.8927092816       -8.83       -3.61    13.6s
    ‖ρε - ρref‖ = 0.011175754535145549 ‖Δρ‖ = 5.346491202233766e-5  ‖vε - vref‖ = 1.8954951519198278  α = 0.0291
 46   -137.8927092826       -8.99       -3.45    14.1s
    ‖ρε - ρref‖ = 0.011292840199174592 ‖Δρ‖ = 9.727409970225846e-5  ‖vε - vref‖ = 1.8957735689011246  α = 0.0146
 47   -137.8927092835       -9.01       -3.66    13.2s
    ‖ρε - ρref‖ = 0.01119235398476973 ‖Δρ‖ = 4.886725257031751e-5  ‖vε - vref‖ = 1.8956837056286158  α = 0.0279
 48   -137.8927092845       -9.01       -3.63    13.3s
    ‖ρε - ρref‖ = 0.01121414964144312 ‖Δρ‖ = 4.6195662633002255e-5  ‖vε - vref‖ = 1.895631789862841  α = 0.0275
 49   -137.8927092856       -8.96       -3.87    12.3s
    ‖ρε - ρref‖ = 0.011209857186102498 ‖Δρ‖ = 2.1836242945815445e-5  ‖vε - vref‖ = 1.895647540833764  α = 0.0484
 50   -137.8927092867       -8.99       -4.18    13.3s
    ‖ρε - ρref‖ = 0.011209966697109617 ‖Δρ‖ = 1.1884585717789462e-5  ‖vε - vref‖ = 1.8957345112268136  α = 0.0776
 51   -137.8927092869       -9.55       -3.64    13.1s
    ‖ρε - ρref‖ = 0.011213342763787488 ‖Δρ‖ = 6.892820254769685e-5  ‖vε - vref‖ = 1.8957509341944325  α = 0.0118
 52   -137.8927092876       -9.15       -3.98    13.9s
    ‖ρε - ρref‖ = 0.011208385808870408 ‖Δρ‖ = 2.220746141874714e-5  ‖vε - vref‖ = 1.8956413479972594  α = 0.0428
 53   -137.8927092883       -9.21       -4.19    12.1s
    ‖ρε - ρref‖ = 0.011210717639839567 ‖Δρ‖ = 1.4997615145085727e-5  ‖vε - vref‖ = 1.8956775843648264  α = 0.0563
 54   -137.8927092888       -9.28       -4.22    12.3s
    ‖ρε - ρref‖ = 0.011209433650814655 ‖Δρ‖ = 1.1527430684913922e-5  ‖vε - vref‖ = 1.8956622218779433  α = 0.0617

#-- ‖ρε - ρref‖ = 0.011209953504854445 vs. 1.778279410038923e-5 = δ*ε ‖vε - vref‖ = 1.8956294360989634


# --- ε=0.001

n     Energy            log10(ΔE)   log10(Δρ)   Δtime 
---   ---------------   ---------   ---------   ------
  1   -137.8700012813                    0.56    16.3s
    ‖ρε - ρref‖ = 1.266968970934473 ‖Δρ‖ = 1.262223724675527  ‖vε - vref‖ = 2.8814976678141657  α = 0.00471
  2   -137.8704778217       -3.32       -0.54    10.9s
    ‖ρε - ρref‖ = 0.07562465993300449 ‖Δρ‖ = 0.07480248459990778  ‖vε - vref‖ = 2.827120340504687  α = 0.0108
  3   -137.8705669598       -4.05       -0.61    11.4s
    ‖ρε - ρref‖ = 0.06954807972789581 ‖Δρ‖ = 0.06940771469587692  ‖vε - vref‖ = 2.8297471963764984  α = 0.00542
  4   -137.8708037563       -3.63       -1.36    11.6s
    ‖ρε - ρref‖ = 0.013446805260090572 ‖Δρ‖ = 0.013099242575881867  ‖vε - vref‖ = 2.8036951453891104  α = 0.042
  5   -137.8709825273       -3.75       -1.12    11.3s
    ‖ρε - ρref‖ = 0.02033220174481555 ‖Δρ‖ = 0.02060777453898652  ‖vε - vref‖ = 2.7148555673437538  α = 0.0241
  6   -137.8711703636       -3.73       -0.94    11.7s
    ‖ρε - ρref‖ = 0.024616096549124233 ‖Δρ‖ = 0.02555478021336411  ‖vε - vref‖ = 2.617291831032881  α = 0.0208
  7   -137.8715724108       -3.40       -0.91    12.5s
    ‖ρε - ρref‖ = 0.025806242630126916 ‖Δρ‖ = 0.02786401795918677  ‖vε - vref‖ = 2.3401153906673775  α = 0.0257
  8   -137.8717692140       -3.71       -0.84    12.5s
    ‖ρε - ρref‖ = 0.028192459283495876 ‖Δρ‖ = 0.029956925245128132  ‖vε - vref‖ = 2.1725998642812714  α = 0.018
  9   -137.8720716940       -3.52       -0.88    13.7s
    ‖ρε - ρref‖ = 0.025122248930993827 ‖Δρ‖ = 0.027807076533187796  ‖vε - vref‖ = 1.8589724442748603  α = 0.021
 10   -137.8722762584       -3.69       -1.27    13.2s
    ‖ρε - ρref‖ = 0.00906870079771103 ‖Δρ‖ = 0.009628840174639153  ‖vε - vref‖ = 1.759701684054047  α = 0.043
 11   -137.8723562180       -4.10       -1.37    13.1s
    ‖ρε - ρref‖ = 0.00770243457773908 ‖Δρ‖ = 0.007415319354687632  ‖vε - vref‖ = 1.719756817563841  α = 0.0379
 12   -137.8724246874       -4.16       -1.35    13.1s
    ‖ρε - ρref‖ = 0.009364125221399197 ‖Δρ‖ = 0.009517331812889324  ‖vε - vref‖ = 1.661609940323513  α = 0.0218
 13   -137.8724289749       -5.37       -1.89    12.6s
    ‖ρε - ρref‖ = 0.006656583089739819 ‖Δρ‖ = 0.002152632739049912  ‖vε - vref‖ = 1.652405127214544  α = 0.0272
 14   -137.8724293034       -6.48       -2.27    13.5s
    ‖ρε - ρref‖ = 0.006457752736110361 ‖Δρ‖ = 0.0012928480260574046  ‖vε - vref‖ = 1.6505423918091224  α = 0.0153
 15   -137.8724295853       -6.55       -2.00    14.1s
    ‖ρε - ρref‖ = 0.006777020147174573 ‖Δρ‖ = 0.002349100947558218  ‖vε - vref‖ = 1.6502357937141787  α = 0.00788
 16   -137.8724298277       -6.62       -2.38    13.9s
    ‖ρε - ρref‖ = 0.0064810113974919405 ‖Δρ‖ = 0.0007884294443733896  ‖vε - vref‖ = 1.6527586163742876  α = 0.0203
 17   -137.8724299653       -6.86       -2.41    13.4s
    ‖ρε - ρref‖ = 0.006436656050222924 ‖Δρ‖ = 0.0007740352787368351  ‖vε - vref‖ = 1.65275264731352  α = 0.0176
 18   -137.8724301449       -6.75       -2.22    12.4s
    ‖ρε - ρref‖ = 0.006240203118254885 ‖Δρ‖ = 0.001228669949020323  ‖vε - vref‖ = 1.6514183050248485  α = 0.0123
 19   -137.8724303706       -6.65       -2.53    12.8s
    ‖ρε - ρref‖ = 0.0063858394039195245 ‖Δρ‖ = 0.0005537418726685066  ‖vε - vref‖ = 1.648076171653913  α = 0.0269
 20   -137.8724305919       -6.66       -2.06    13.3s
    ‖ρε - ρref‖ = 0.006124383277272553 ‖Δρ‖ = 0.0019704468174594654  ‖vε - vref‖ = 1.6455126131899345  α = 0.009
 21   -137.8724307670       -6.76       -2.91    14.0s
    ‖ρε - ρref‖ = 0.00669794687844635 ‖Δρ‖ = 0.0003368289719105046  ‖vε - vref‖ = 1.6471077688122886  α = 0.0343
 22   -137.8724308532       -7.06       -2.25    14.5s
    ‖ρε - ρref‖ = 0.005702869032003091 ‖Δρ‖ = 0.0011369694259511876  ‖vε - vref‖ = 1.6469738833556644  α = 0.00848
 23   -137.8724309697       -6.93       -2.79    13.7s
    ‖ρε - ρref‖ = 0.0065685373993379665 ‖Δρ‖ = 0.0003119742961769858  ‖vε - vref‖ = 1.6477371023547414  α = 0.0331
 24   -137.8724310690       -7.00       -3.01    14.0s
    ‖ρε - ρref‖ = 0.006476346034388849 ‖Δρ‖ = 0.00015663521356925524  ‖vε - vref‖ = 1.6470477864437314  α = 0.0469
 25   -137.8724311280       -7.23       -3.24    13.8s
    ‖ρε - ρref‖ = 0.006518065505487528 ‖Δρ‖ = 0.00011289580049814121  ‖vε - vref‖ = 1.6474932844881927  α = 0.0619
 26   -137.8724311715       -7.36       -2.94    12.8s
    ‖ρε - ρref‖ = 0.006545566272948882 ‖Δρ‖ = 0.00020744453330670288  ‖vε - vref‖ = 1.6487405045011496  α = 0.031
 27   -137.8724311870       -7.81       -2.89    13.1s
    ‖ρε - ρref‖ = 0.00647994558055922 ‖Δρ‖ = 0.0003840890520406037  ‖vε - vref‖ = 1.6485286770126373  α = 0.0122
 28   -137.8724312476       -7.22       -2.91    14.0s
    ‖ρε - ρref‖ = 0.006429042250632102 ‖Δρ‖ = 0.0002714385238800662  ‖vε - vref‖ = 1.6472359549232642  α = 0.0231
 29   -137.8724312758       -7.55       -3.16    13.9s
    ‖ρε - ρref‖ = 0.006512856492751229 ‖Δρ‖ = 0.0001220084754913632  ‖vε - vref‖ = 1.6469513009964074  α = 0.0417
 30   -137.8724312868       -7.96       -2.88    12.8s
    ‖ρε - ρref‖ = 0.006485429434207426 ‖Δρ‖ = 0.0002583845080042349  ‖vε - vref‖ = 1.6469160394609936  α = 0.0151
 31   -137.8724313092       -7.65       -2.97    13.5s
    ‖ρε - ρref‖ = 0.006537408056335957 ‖Δρ‖ = 0.0001744835244750905  ‖vε - vref‖ = 1.6473251154953048  α = 0.0244
 32   -137.8724313183       -8.04       -3.01    13.0s
    ‖ρε - ρref‖ = 0.006419666104341612 ‖Δρ‖ = 0.00020555683978864959  ‖vε - vref‖ = 1.6470192380539594  α = 0.017
 33   -137.8724313294       -7.96       -2.93    13.7s
    ‖ρε - ρref‖ = 0.00661953240136534 ‖Δρ‖ = 0.00021788907968791802  ‖vε - vref‖ = 1.647305366336452  α = 0.0163
 34   -137.8724313353       -8.23       -2.83    12.7s
    ‖ρε - ρref‖ = 0.006283575156945712 ‖Δρ‖ = 0.0003281264017412267  ‖vε - vref‖ = 1.6471086677043008  α = 0.00872
 35   -137.8724313457       -7.98       -3.10    13.9s
    ‖ρε - ρref‖ = 0.00655415342162922 ‖Δρ‖ = 0.00014111284706140953  ‖vε - vref‖ = 1.6477391217887591  α = 0.022
 36   -137.8724313567       -7.96       -3.38    13.1s
    ‖ρε - ρref‖ = 0.006494737276962588 ‖Δρ‖ = 7.232839546380629e-5  ‖vε - vref‖ = 1.6472382754448975  α = 0.0422
 37   -137.8724313688       -7.92       -3.57    13.7s
    ‖ρε - ρref‖ = 0.0064988386019938175 ‖Δρ‖ = 6.025281624174225e-5  ‖vε - vref‖ = 1.6471034353486191  α = 0.0501
 38   -137.8724313761       -8.13       -3.44    13.5s
    ‖ρε - ρref‖ = 0.006490903078153477 ‖Δρ‖ = 9.703933258157151e-5  ‖vε - vref‖ = 1.6469980876018473  α = 0.026
 39   -137.8724313830       -8.17       -3.51    13.7s
    ‖ρε - ρref‖ = 0.006504447696100756 ‖Δρ‖ = 6.93876986090298e-5  ‖vε - vref‖ = 1.6471735513161865  α = 0.0326
 40   -137.8724313849       -8.72       -3.10    13.0s
    ‖ρε - ρref‖ = 0.006500724956821699 ‖Δρ‖ = 0.0002314729829829465  ‖vε - vref‖ = 1.6471683324263149  α = 0.00721
 41   -137.8724313914       -8.18       -3.44    12.4s
    ‖ρε - ρref‖ = 0.006504058252147298 ‖Δρ‖ = 7.475589297892526e-5  ‖vε - vref‖ = 1.647234604525813  α = 0.0302
 42   -137.8724313967       -8.28       -3.49    13.5s
    ‖ρε - ρref‖ = 0.006496247780963769 ‖Δρ‖ = 5.0243623889061554e-5  ‖vε - vref‖ = 1.6470554210459036  α = 0.0425
 43   -137.8724313995       -8.55       -3.33    13.7s
    ‖ρε - ρref‖ = 0.006520425438888166 ‖Δρ‖ = 9.493563182904432e-5  ‖vε - vref‖ = 1.647165114284144  α = 0.0199
 44   -137.8724314033       -8.43       -3.13    13.9s
    ‖ρε - ρref‖ = 0.006474763063037348 ‖Δρ‖ = 0.00012264460518993776  ‖vε - vref‖ = 1.6471559897258041  α = 0.0155
 45   -137.8724314045       -8.91       -3.38    12.1s
    ‖ρε - ρref‖ = 0.00656453439111046 ‖Δρ‖ = 9.513422329189199e-5  ‖vε - vref‖ = 1.6473238302943867  α = 0.0139
 46   -137.8724314061       -8.80       -3.24    12.3s
    ‖ρε - ρref‖ = 0.006414809258017242 ‖Δρ‖ = 0.00012108980710383992  ‖vε - vref‖ = 1.6471553219446529  α = 0.0112
 47   -137.8724314076       -8.81       -3.36    14.1s
    ‖ρε - ρref‖ = 0.006526001895295871 ‖Δρ‖ = 8.841974817600457e-5  ‖vε - vref‖ = 1.6473211692036573  α = 0.0157
 48   -137.8724314099       -8.64       -3.44    13.8s
    ‖ρε - ρref‖ = 0.006500138253752918 ‖Δρ‖ = 5.9085564138458435e-5  ‖vε - vref‖ = 1.6475275863393029  α = 0.0242
 49   -137.8724314124       -8.61       -3.82    14.2s
    ‖ρε - ρref‖ = 0.006498092219183036 ‖Δρ‖ = 2.509908310378921e-5  ‖vε - vref‖ = 1.6473113410130147  α = 0.053
 50   -137.8724314143       -8.71       -3.76    14.2s
    ‖ρε - ρref‖ = 0.006501907328090617 ‖Δρ‖ = 3.221944997010526e-5  ‖vε - vref‖ = 1.64739084995713  α = 0.0389
 51   -137.8724314154       -8.96       -3.77    13.3s
    ‖ρε - ρref‖ = 0.006495935849122015 ‖Δρ‖ = 3.3457154142559314e-5  ‖vε - vref‖ = 1.6472492927879459  α = 0.0315
 52   -137.8724314158       -9.38       -3.62    13.4s
    ‖ρε - ρref‖ = 0.006497731863990027 ‖Δρ‖ = 7.028651409233867e-5  ‖vε - vref‖ = 1.6472444042547996  α = 0.0108
 53   -137.8724314167       -9.05       -3.64    14.5s
    ‖ρε - ρref‖ = 0.0065055349233759385 ‖Δρ‖ = 5.47240819187002e-5  ‖vε - vref‖ = 1.6473779259536105  α = 0.0153
 54   -137.8724314175       -9.10       -3.87    14.6s
    ‖ρε - ρref‖ = 0.006499529466767294 ‖Δρ‖ = 2.9220096119359527e-5  ‖vε - vref‖ = 1.6474342183468416  α = 0.0288
 55   -137.8724314182       -9.13       -3.90    14.6s
    ‖ρε - ρref‖ = 0.0065029027967135585 ‖Δρ‖ = 2.354709706615279e-5  ‖vε - vref‖ = 1.6474026653146885  α = 0.0354
 56   -137.8724314186       -9.43       -3.54    13.8s
    ‖ρε - ρref‖ = 0.00647613303757453 ‖Δρ‖ = 5.8861158355641226e-5  ‖vε - vref‖ = 1.647308659462015  α = 0.012
 57   -137.8724314191       -9.33       -3.74    13.3s
    ‖ρε - ρref‖ = 0.006528001929684032 ‖Δρ‖ = 4.152865135159915e-5  ‖vε - vref‖ = 1.647348266947642  α = 0.0164
 58   -137.8724314193       -9.61       -3.50    13.3s
    ‖ρε - ρref‖ = 0.006443726088543371 ‖Δρ‖ = 7.906459541359615e-5  ‖vε - vref‖ = 1.6472512729205062  α = 0.00749
 59   -137.8724314199       -9.21       -4.03    14.2s
    ‖ρε - ρref‖ = 0.0065038890457536445 ‖Δρ‖ = 1.8395470546123854e-5  ‖vε - vref‖ = 1.6472935779743019  α = 0.0387
 60   -137.8724314202       -9.58       -3.68    13.7s
    ‖ρε - ρref‖ = 0.00649939730331 ‖Δρ‖ = 4.540547340205632e-5  ‖vε - vref‖ = 1.647325436116551  α = 0.0131
 61   -137.8724314207       -9.30       -4.01    13.7s
    ‖ρε - ρref‖ = 0.006501030642986108 ‖Δρ‖ = 1.6670015061460818e-5  ‖vε - vref‖ = 1.6474313904387683  α = 0.0368
 62   -137.8724314210       -9.47       -3.99    12.7s
    ‖ρε - ρref‖ = 0.006498131382908957 ‖Δρ‖ = 1.606713329814836e-5  ‖vε - vref‖ = 1.64732737969228  α = 0.0346
 63   -137.8724314214       -9.44       -4.18    13.5s
    ‖ρε - ρref‖ = 0.006500199018213533 ‖Δρ‖ = 1.061444821229714e-5  ‖vε - vref‖ = 1.647277749575903  α = 0.0464
 64   -137.8724314215       -9.97       -4.05    12.2s
    ‖ρε - ρref‖ = 0.006498715151087127 ‖Δρ‖ = 2.4196128066591156e-5  ‖vε - vref‖ = 1.6472554598656632  α = 0.0155
 65   -137.8724314217       -9.66       -3.76    14.2s
    ‖ρε - ρref‖ = 0.006500120978022763 ‖Δρ‖ = 3.5252262094025486e-5  ‖vε - vref‖ = 1.6472528773607102  α = 0.0131
 66   -137.8724314220       -9.58       -4.13    13.8s
    ‖ρε - ρref‖ = 0.006501093509949393 ‖Δρ‖ = 1.1500425006845997e-5  ‖vε - vref‖ = 1.6473809270562  α = 0.0383
 67   -137.8724314221       -9.81       -4.16    13.2s
    ‖ρε - ρref‖ = 0.006500248407425069 ‖Δρ‖ = 1.3031749992847745e-5  ‖vε - vref‖ = 1.64735153179075  α = 0.0298
 68   -137.8724314222       -9.99       -4.03    12.4s
    ‖ρε - ρref‖ = 0.006488015642281534 ‖Δρ‖ = 2.030338698005879e-5  ‖vε - vref‖ = 1.6472892010260543  α = 0.0172
 69   -137.8724314224       -9.97       -3.90    13.3s
    ‖ρε - ρref‖ = 0.006524822408378684 ‖Δρ‖ = 3.179314474974412e-5  ‖vε - vref‖ = 1.647325014693873  α = 0.0106
 70   -137.8724314224      -10.22       -3.85    12.4s
    ‖ρε - ρref‖ = 0.0064847560423914865 ‖Δρ‖ = 3.0101852746393455e-5  ‖vε - vref‖ = 1.6472979130267575  α = 0.00974
 71   -137.8724314225      -10.01       -4.14    13.6s
    ‖ρε - ρref‖ = 0.0065025494378170914 ‖Δρ‖ = 1.4473436885717589e-5  ‖vε - vref‖ = 1.64732121768066  α = 0.0222
 72   -137.8724314227       -9.86       -4.32    12.4s
    ‖ρε - ρref‖ = 0.006499659380795275 ‖Δρ‖ = 8.71397861255354e-6  ‖vε - vref‖ = 1.647337554315167  α = 0.0363
 73   -137.8724314227      -10.28       -4.17    13.0s
    ‖ρε - ρref‖ = 0.006500201943898322 ‖Δρ‖ = 1.4117927635981715e-5  ‖vε - vref‖ = 1.6473469074798586  α = 0.0189
 74   -137.8724314228      -10.03       -4.21    12.2s
    ‖ρε - ρref‖ = 0.006499626027435112 ‖Δρ‖ = 1.1317273397976467e-5  ‖vε - vref‖ = 1.64734926698874  α = 0.0248
 75   -137.8724314229      -10.13       -4.48    12.9s
    ‖ρε - ρref‖ = 0.006499715242150498 ‖Δρ‖ = 6.023371177116262e-6  ‖vε - vref‖ = 1.647319471347379  α = 0.0408
 76   -137.8724314229      -10.25       -4.47    12.2s
    ‖ρε - ρref‖ = 0.00649998340109524 ‖Δρ‖ = 6.696499157608983e-6  ‖vε - vref‖ = 1.6473278500728878  α = 0.0342

#-- ‖ρε - ρref‖ = 0.006499871077665284 vs. 1.0e-5 = δ*ε ‖vε - vref‖ = 1.6473373459306582


# --- ε=0.0005623413251903491

n     Energy            log10(ΔE)   log10(Δρ)   Δtime 
---   ---------------   ---------   ---------   ------
  1   -137.8586604087                    0.57    16.9s
    ‖ρε - ρref‖ = 1.283529065616547 ‖Δρ‖ = 1.2809322971261872  ‖vε - vref‖ = 3.0284987972548354  α = 0.00277
  2   -137.8589833788       -3.49       -0.49    11.8s
    ‖ρε - ρref‖ = 0.0820201120255691 ‖Δρ‖ = 0.08146767139259613  ‖vε - vref‖ = 2.9351884500924514  α = 0.00631
  3   -137.8590487844       -4.18       -0.51    13.0s
    ‖ρε - ρref‖ = 0.08130840128719459 ‖Δρ‖ = 0.0811450015814466  ‖vε - vref‖ = 2.934376757259862  α = 0.00303
  4   -137.8591847943       -3.87       -1.24    12.1s
    ‖ρε - ρref‖ = 0.015211883769508662 ‖Δρ‖ = 0.014785251776991373  ‖vε - vref‖ = 2.899996966220483  α = 0.0218
  5   -137.8592546602       -4.16       -1.12    13.2s
    ‖ρε - ρref‖ = 0.02054158769450348 ‖Δρ‖ = 0.02047238798131153  ‖vε - vref‖ = 2.842144853960841  α = 0.0115
  6   -137.8593184457       -4.20       -1.04    12.9s
    ‖ρε - ρref‖ = 0.01890279840798935 ‖Δρ‖ = 0.019210521910438805  ‖vε - vref‖ = 2.8008921776761335  α = 0.0125
  7   -137.8595360054       -3.66       -1.00    14.3s
    ‖ρε - ρref‖ = 0.01862872705258462 ‖Δρ‖ = 0.019574820975487215  ‖vε - vref‖ = 2.597158706863421  α = 0.0211
  8   -137.8596521906       -3.93       -0.84    12.8s
    ‖ρε - ρref‖ = 0.029566115535146223 ‖Δρ‖ = 0.03037292902906887  ‖vε - vref‖ = 2.4637216065389977  α = 0.0107
  9   -137.8599770824       -3.49       -0.87    13.2s
    ‖ρε - ρref‖ = 0.02239506761184172 ‖Δρ‖ = 0.024037516296504597  ‖vε - vref‖ = 1.9825779079244534  α = 0.0193
 10   -137.8601898860       -3.67       -1.13    14.3s
    ‖ρε - ρref‖ = 0.013448704815552303 ‖Δρ‖ = 0.014680385932620868  ‖vε - vref‖ = 1.6820405203723592  α = 0.0265
 11   -137.8603300950       -3.85       -1.14    13.2s
    ‖ρε - ρref‖ = 0.011141671434486331 ‖Δρ‖ = 0.01192629598281676  ‖vε - vref‖ = 1.5894071483002012  α = 0.0245
 12   -137.8604542762       -3.91       -0.98    12.5s
    ‖ρε - ρref‖ = 0.02396345419010093 ‖Δρ‖ = 0.024336584835878403  ‖vε - vref‖ = 1.444093759748393  α = 0.00941
 13   -137.8604566753       -5.62       -1.80    13.1s
    ‖ρε - ρref‖ = 0.004735924742990182 ‖Δρ‖ = 0.0027597318663394417  ‖vε - vref‖ = 1.4399185623133668  α = 0.0141
 14   -137.8604568155       -6.85       -2.33    14.0s
    ‖ρε - ρref‖ = 0.003804264131526475 ‖Δρ‖ = 0.0010792486256222217  ‖vε - vref‖ = 1.438703716138888  α = 0.00968
 15   -137.8604569811       -6.78       -2.00    12.4s
    ‖ρε - ρref‖ = 0.00428369622149148 ‖Δρ‖ = 0.002184128387033295  ‖vε - vref‖ = 1.4379912589592605  α = 0.00527
 16   -137.8604573111       -6.48       -2.45    14.5s
    ‖ρε - ρref‖ = 0.003743774167033358 ‖Δρ‖ = 0.0006554850473848675  ‖vε - vref‖ = 1.4395591562750392  α = 0.0211
 17   -137.8604575979       -6.54       -2.23    13.5s
    ‖ρε - ρref‖ = 0.0037796009447365404 ‖Δρ‖ = 0.0010894160253732826  ‖vε - vref‖ = 1.4394343467818194  α = 0.0128
 18   -137.8604578017       -6.69       -2.12    13.2s
    ‖ρε - ρref‖ = 0.003950463712918531 ‖Δρ‖ = 0.0015477876524998637  ‖vε - vref‖ = 1.4390575618550658  α = 0.00818
 19   -137.8604580909       -6.54       -2.26    13.6s
    ‖ρε - ρref‖ = 0.0037352485017655224 ‖Δρ‖ = 0.001020838942756644  ‖vε - vref‖ = 1.439011102938513  α = 0.0133
 20   -137.8604582772       -6.73       -1.88    13.4s
    ‖ρε - ρref‖ = 0.003777215038073984 ‖Δρ‖ = 0.0028133275987479137  ‖vε - vref‖ = 1.437410296811822  α = 0.00447
 21   -137.8604584151       -6.86       -2.66    13.9s
    ‖ρε - ρref‖ = 0.0036782916143193664 ‖Δρ‖ = 0.00040277172397415527  ‖vε - vref‖ = 1.4376067108869948  α = 0.0236
 22   -137.8604584630       -7.32       -2.57    14.2s
    ‖ρε - ρref‖ = 0.004161636056723095 ‖Δρ‖ = 0.0006107667046276128  ‖vε - vref‖ = 1.438556242309056  α = 0.00934
 23   -137.8604585307       -7.17       -2.24    13.4s
    ‖ρε - ρref‖ = 0.002953955796284844 ‖Δρ‖ = 0.001226247452690393  ‖vε - vref‖ = 1.4374247751199647  α = 0.00545
 24   -137.8604585897       -7.23       -3.04    14.2s
    ‖ρε - ρref‖ = 0.003760005070275895 ‖Δρ‖ = 0.0001876930990862279  ‖vε - vref‖ = 1.4384132598975903  α = 0.0335
 25   -137.8604586873       -7.01       -2.88    13.7s
    ‖ρε - ρref‖ = 0.0037192803889140717 ‖Δρ‖ = 0.000233419860445228  ‖vε - vref‖ = 1.4363554620753907  α = 0.0277
 26   -137.8604587361       -7.31       -2.86    14.7s
    ‖ρε - ρref‖ = 0.0037629065873907353 ‖Δρ‖ = 0.0002407035937434936  ‖vε - vref‖ = 1.4367143126408568  α = 0.0231
 27   -137.8604587626       -7.58       -3.04    14.2s
    ‖ρε - ρref‖ = 0.0037455098489852377 ‖Δρ‖ = 0.0001775977858385655  ‖vε - vref‖ = 1.4375103171473909  α = 0.0232
 28   -137.8604587732       -7.98       -2.53    12.7s
    ‖ρε - ρref‖ = 0.0038713480022517567 ‖Δρ‖ = 0.0008294966260655282  ‖vε - vref‖ = 1.4379269648366495  α = 0.00351
 29   -137.8604588006       -7.56       -2.96    13.9s
    ‖ρε - ρref‖ = 0.0037291619161058786 ‖Δρ‖ = 0.00017673539066664215  ‖vε - vref‖ = 1.4383536652904987  α = 0.021
 30   -137.8604588188       -7.74       -3.22    13.1s
    ‖ρε - ρref‖ = 0.0037243515634076785 ‖Δρ‖ = 0.00011617575106761154  ‖vε - vref‖ = 1.4372251805605196  α = 0.028
 31   -137.8604588408       -7.66       -2.85    13.4s
    ‖ρε - ρref‖ = 0.0037331224464880086 ‖Δρ‖ = 0.00025921306222461825  ‖vε - vref‖ = 1.4363237711935095  α = 0.014
 32   -137.8604588511       -7.99       -2.71    13.5s
    ‖ρε - ρref‖ = 0.0037388835270366814 ‖Δρ‖ = 0.00038928702736372797  ‖vε - vref‖ = 1.4361583442075265  α = 0.00733
 33   -137.8604588604       -8.03       -2.89    14.5s
    ‖ρε - ρref‖ = 0.0038465403867115897 ‖Δρ‖ = 0.00023770152107166785  ‖vε - vref‖ = 1.4365292659598041  α = 0.0109
 34   -137.8604588668       -8.19       -2.71    13.5s
    ‖ρε - ρref‖ = 0.0034347271490788745 ‖Δρ‖ = 0.00039752666105543786  ‖vε - vref‖ = 1.4363299418757547  α = 0.00542
 35   -137.8604588721       -8.28       -2.83    13.9s
    ‖ρε - ρref‖ = 0.003903161321205422 ‖Δρ‖ = 0.00030335815288954655  ‖vε - vref‖ = 1.4367789676598575  α = 0.0069
 36   -137.8604588844       -7.91       -3.00    13.1s
    ‖ρε - ρref‖ = 0.0037283488060407526 ‖Δρ‖ = 0.00017136474740068257  ‖vε - vref‖ = 1.4371224284317714  α = 0.0156
 37   -137.8604588947       -7.99       -3.26    13.9s
    ‖ρε - ρref‖ = 0.003732298413209906 ‖Δρ‖ = 9.542350936336256e-5  ‖vε - vref‖ = 1.4366148270110244  α = 0.0263
 38   -137.8604589046       -8.00       -3.46    14.0s
    ‖ρε - ρref‖ = 0.003741551027446296 ‖Δρ‖ = 7.283004918934207e-5  ‖vε - vref‖ = 1.436762344192351  α = 0.0322
 39   -137.8604589125       -8.10       -3.17    13.8s
    ‖ρε - ρref‖ = 0.0037247515618770224 ‖Δρ‖ = 0.00011819224149008416  ‖vε - vref‖ = 1.4364283013712844  α = 0.0185
 40   -137.8604589197       -8.14       -3.49    12.9s
    ‖ρε - ρref‖ = 0.003740968779359083 ‖Δρ‖ = 6.31019388579092e-5  ‖vε - vref‖ = 1.4368860669654688  α = 0.0321
 41   -137.8604589261       -8.19       -3.31    13.8s
    ‖ρε - ρref‖ = 0.0037404249589747733 ‖Δρ‖ = 7.920300522039952e-5  ‖vε - vref‖ = 1.4372691275753577  α = 0.0247
 42   -137.8604589288       -8.57       -3.34    13.5s
    ‖ρε - ρref‖ = 0.0037299070263125374 ‖Δρ‖ = 0.00012549933272250588  ‖vε - vref‖ = 1.4372910539589165  α = 0.0115
 43   -137.8604589337       -8.31       -2.83    13.9s
    ‖ρε - ρref‖ = 0.0037380611136215007 ‖Δρ‖ = 0.00027694170296877293  ‖vε - vref‖ = 1.43735593989306  α = 0.00631
 44   -137.8604589367       -8.52       -3.45    13.7s
    ‖ρε - ρref‖ = 0.0037308704809578554 ‖Δρ‖ = 5.662897160326559e-5  ‖vε - vref‖ = 1.4369736014641876  α = 0.0253
 45   -137.8604589384       -8.77       -3.11    13.5s
    ‖ρε - ρref‖ = 0.003700852000251175 ‖Δρ‖ = 0.00015341197851846526  ‖vε - vref‖ = 1.436803880807758  α = 0.00769
 46   -137.8604589408       -8.62       -3.26    12.5s
    ‖ρε - ρref‖ = 0.0038092149374064806 ‖Δρ‖ = 0.00010883419057680773  ‖vε - vref‖ = 1.4370368328842795  α = 0.0119
 47   -137.8604589421       -8.87       -3.00    13.0s
    ‖ρε - ρref‖ = 0.0035548417018729382 ‖Δρ‖ = 0.0002489133404551054  ‖vε - vref‖ = 1.4369089915591757  α = 0.00409
 48   -137.8604589447       -8.59       -3.45    13.0s
    ‖ρε - ρref‖ = 0.0037485216894181748 ‖Δρ‖ = 7.663791525047005e-5  ‖vε - vref‖ = 1.4370538169327964  α = 0.0168
 49   -137.8604589473       -8.58       -3.21    14.3s
    ‖ρε - ρref‖ = 0.003730992978820758 ‖Δρ‖ = 0.00011985965396860649  ‖vε - vref‖ = 1.437249472580891  α = 0.0111
 50   -137.8604589490       -8.79       -3.22    14.8s
    ‖ρε - ρref‖ = 0.003746089269441616 ‖Δρ‖ = 0.00012149662614099312  ‖vε - vref‖ = 1.437414761455777  α = 0.00894
 51   -137.8604589516       -8.58       -3.57    13.7s
    ‖ρε - ρref‖ = 0.003733415313923267 ‖Δρ‖ = 4.1357342762419275e-5  ‖vε - vref‖ = 1.4373212971513945  α = 0.0274
 52   -137.8604589536       -8.70       -3.61    13.3s
    ‖ρε - ρref‖ = 0.0037342208926548297 ‖Δρ‖ = 3.896129013696617e-5  ‖vε - vref‖ = 1.4371140246186314  α = 0.0267
 53   -137.8604589554       -8.75       -3.84    13.6s
    ‖ρε - ρref‖ = 0.003733501714431531 ‖Δρ‖ = 2.5139896189999657e-5  ‖vε - vref‖ = 1.4370611886080948  α = 0.0394
 54   -137.8604589560       -9.18       -3.61    13.6s
    ‖ρε - ρref‖ = 0.003736053813103254 ‖Δρ‖ = 6.635806010855967e-5  ‖vε - vref‖ = 1.4370822817955382  α = 0.0108
 55   -137.8604589577       -8.78       -3.21    13.2s
    ‖ρε - ρref‖ = 0.0037310462013728663 ‖Δρ‖ = 0.00011708580770785082  ‖vε - vref‖ = 1.437080496122377  α = 0.00823
 56   -137.8604589591       -8.85       -3.72    14.2s
    ‖ρε - ρref‖ = 0.003734800888109371 ‖Δρ‖ = 2.9765126245171235e-5  ‖vε - vref‖ = 1.4371546176261187  α = 0.0292
 57   -137.8604589595       -9.40       -3.33    13.8s
    ‖ρε - ρref‖ = 0.003764088280336535 ‖Δρ‖ = 8.887422450420906e-5  ‖vε - vref‖ = 1.4371994395177203  α = 0.0067
 58   -137.8604589602       -9.15       -3.63    13.7s
    ‖ρε - ρref‖ = 0.0036926619301813285 ‖Δρ‖ = 5.579486101575866e-5  ‖vε - vref‖ = 1.437033141488296  α = 0.0127
 59   -137.8604589608       -9.22       -3.28    14.3s
    ‖ρε - ρref‖ = 0.0038263708395506143 ‖Δρ‖ = 0.00013840707959561342  ‖vε - vref‖ = 1.437073268127733  α = 0.00465
 60   -137.8604589615       -9.19       -3.62    13.8s
    ‖ρε - ρref‖ = 0.0037245827702374803 ‖Δρ‖ = 4.9453388647680914e-5  ‖vε - vref‖ = 1.4369529859158474  α = 0.0132
 61   -137.8604589618       -9.41       -3.56    13.3s
    ‖ρε - ρref‖ = 0.0037367285697964157 ‖Δρ‖ = 5.455253466331645e-5  ‖vε - vref‖ = 1.4369331260468026  α = 0.0102
 62   -137.8604589623       -9.30       -3.66    13.8s
    ‖ρε - ρref‖ = 0.003736257849036989 ‖Δρ‖ = 4.371238841995718e-5  ‖vε - vref‖ = 1.4369799645451848  α = 0.0135
 63   -137.8604589629       -9.22       -3.77    13.7s
    ‖ρε - ρref‖ = 0.003737810276095855 ‖Δρ‖ = 3.214986675029521e-5  ‖vε - vref‖ = 1.4370689737767894  α = 0.0178
 64   -137.8604589634       -9.36       -3.81    12.9s
    ‖ρε - ρref‖ = 0.0037303764232482534 ‖Δρ‖ = 2.658711058827044e-5  ‖vε - vref‖ = 1.4369832483480454  α = 0.0196
 65   -137.8604589638       -9.42       -3.96    13.7s
    ‖ρε - ρref‖ = 0.0037357587209540504 ‖Δρ‖ = 2.2639280357587184e-5  ‖vε - vref‖ = 1.4370677073089038  α = 0.0218
 66   -137.8604589642       -9.33       -4.00    13.6s
    ‖ρε - ρref‖ = 0.0037338741899318665 ‖Δρ‖ = 1.4234965246240034e-5  ‖vε - vref‖ = 1.4370102646215641  α = 0.0334
 67   -137.8604589643       -9.95       -3.77    13.5s
    ‖ρε - ρref‖ = 0.003736738717016415 ‖Δρ‖ = 4.7471917488561775e-5  ‖vε - vref‖ = 1.4370187878297789  α = 0.00635
 68   -137.8604589646       -9.60       -3.59    12.6s
    ‖ρε - ρref‖ = 0.0037356899806440997 ‖Δρ‖ = 4.715532306034533e-5  ‖vε - vref‖ = 1.4370305318590537  α = 0.00876
 69   -137.8604589649       -9.48       -4.10    12.3s
    ‖ρε - ρref‖ = 0.0037337158717768715 ‖Δρ‖ = 1.2278458496053061e-5  ‖vε - vref‖ = 1.4370461682964681  α = 0.034
 70   -137.8604589651       -9.67       -4.03    12.9s
    ‖ρε - ρref‖ = 0.0037422365136479505 ‖Δρ‖ = 1.6912219329230484e-5  ‖vε - vref‖ = 1.4371019726641863  α = 0.0224
 71   -137.8604589652      -10.00       -3.53    12.3s
    ‖ρε - ρref‖ = 0.0036738882665391438 ‖Δρ‖ = 7.447062291017091e-5  ‖vε - vref‖ = 1.4370545018666243  α = 0.00381
 72   -137.8604589654       -9.91       -3.82    13.7s
    ‖ρε - ρref‖ = 0.00374459934739551 ‖Δρ‖ = 2.765545950335848e-5  ‖vε - vref‖ = 1.4370766740726528  α = 0.0114
 73   -137.8604589656       -9.67       -3.67    12.3s
    ‖ρε - ρref‖ = 0.0037288993976630934 ‖Δρ‖ = 3.743519985781245e-5  ‖vε - vref‖ = 1.4370498536323026  α = 0.00995
 74   -137.8604589658       -9.70       -4.03    12.3s
    ‖ρε - ρref‖ = 0.0037346340435329846 ‖Δρ‖ = 1.5875848862603e-5  ‖vε - vref‖ = 1.437048364298434  α = 0.0222
 75   -137.8604589659      -10.09       -3.70    13.1s
    ‖ρε - ρref‖ = 0.0037344934682530273 ‖Δρ‖ = 3.742589763464498e-5  ‖vε - vref‖ = 1.4370588168378873  α = 0.0071
 76   -137.8604589661       -9.71       -4.17    14.6s
    ‖ρε - ρref‖ = 0.0037348403601195185 ‖Δρ‖ = 1.0322058547383852e-5  ‖vε - vref‖ = 1.437118566759369  α = 0.0296
 77   -137.8604589662      -10.04       -4.18    13.8s
    ‖ρε - ρref‖ = 0.003733833460554738 ‖Δρ‖ = 1.3230775440849634e-5  ‖vε - vref‖ = 1.4370977006608125  α = 0.0183
 78   -137.8604589663       -9.99       -4.21    12.9s
    ‖ρε - ρref‖ = 0.0037331061913823756 ‖Δρ‖ = 1.252423447408483e-5  ‖vε - vref‖ = 1.4370574099729496  α = 0.0193
 79   -137.8604589663      -10.08       -4.26    12.7s
    ‖ρε - ρref‖ = 0.0037351416995172015 ‖Δρ‖ = 1.2442741976789797e-5  ‖vε - vref‖ = 1.4370732426753225  α = 0.0191
 80   -137.8604589664      -10.26       -3.74    13.7s
    ‖ρε - ρref‖ = 0.003738464270982962 ‖Δρ‖ = 4.91690794275038e-5  ‖vε - vref‖ = 1.4370859533438183  α = 0.00396
 81   -137.8604589665      -10.08       -4.16    13.9s
    ‖ρε - ρref‖ = 0.0037328695613729943 ‖Δρ‖ = 1.4790417005028047e-5  ‖vε - vref‖ = 1.4370514733243624  α = 0.0151
 82   -137.8604589666      -10.05       -4.32    13.5s
    ‖ρε - ρref‖ = 0.0037334488016636997 ‖Δρ‖ = 8.17967025859963e-6  ‖vε - vref‖ = 1.4370979126422332  α = 0.0275
 83   -137.8604589666      -10.52       -4.20    12.8s
    ‖ρε - ρref‖ = 0.0037490391768889805 ‖Δρ‖ = 1.717547540822463e-5  ‖vε - vref‖ = 1.4371315478263391  α = 0.00901
 84   -137.8604589667      -10.16       -3.89    13.9s
    ‖ρε - ρref‖ = 0.0037199324320279057 ‖Δρ‖ = 2.474028400727841e-5  ‖vε - vref‖ = 1.437099654296212  α = 0.00821
 85   -137.8604589667      -10.51       -4.09    13.1s
    ‖ρε - ρref‖ = 0.0037362500935387245 ‖Δρ‖ = 1.556906381300025e-5  ‖vε - vref‖ = 1.4370961307989096  α = 0.0103
 86   -137.8604589668      -10.27       -3.95    12.3s
    ‖ρε - ρref‖ = 0.003734089833724986 ‖Δρ‖ = 1.6273735640105362e-5  ‖vε - vref‖ = 1.4370784428631567  α = 0.0116
 87   -137.8604589668      -10.25       -4.44    13.1s
    ‖ρε - ρref‖ = 0.003734136912722153 ‖Δρ‖ = 6.0953973187380155e-6  ‖vε - vref‖ = 1.4370641244773212  α = 0.03
 88   -137.8604589668      -10.54       -3.97    12.2s
    ‖ρε - ρref‖ = 0.003733891028775013 ‖Δρ‖ = 2.0972336652892536e-5  ‖vε - vref‖ = 1.4370619501740873  α = 0.00726
 89   -137.8604589669      -10.42       -4.28    13.9s
    ‖ρε - ρref‖ = 0.0037344371454195676 ‖Δρ‖ = 8.1312705615239e-6  ‖vε - vref‖ = 1.4370741493373833  α = 0.0194
 90   -137.8604589669      -10.27       -4.55    12.2s
    ‖ρε - ρref‖ = 0.003734529104814455 ‖Δρ‖ = 4.694847381251786e-6  ‖vε - vref‖ = 1.4370984594835878  α = 0.0336
 91   -137.8604589670      -10.55       -4.53    12.3s
    ‖ρε - ρref‖ = 0.0037340892428393006 ‖Δρ‖ = 5.314654802398056e-6  ‖vε - vref‖ = 1.437086516947002  α = 0.026

#-- ‖ρε - ρref‖ = 0.0037342713036402015 vs. 5.623413251903491e-6 = δ*ε ‖vε - vref‖ = 1.4370747703785614


# --- ε=0.00031622776601683794

n     Energy            log10(ΔE)   log10(Δρ)   Δtime 
---   ---------------   ---------   ---------   ------
  1   -137.8522717187                    0.57    16.3s
    ‖ρε - ρref‖ = 1.2935947189565407 ‖Δρ‖ = 1.2921643193249936  ‖vε - vref‖ = 3.1814292708673797  α = 0.00161
  2   -137.8524838189       -3.67       -0.45    11.8s
    ‖ρε - ρref‖ = 0.08695812937346836 ‖Δρ‖ = 0.08660081785026  ‖vε - vref‖ = 3.050876565480176  α = 0.00369
  3   -137.8525301277       -4.33       -0.45    11.6s
    ‖ρε - ρref‖ = 0.09086854415948022 ‖Δρ‖ = 0.09073194333046464  ‖vε - vref‖ = 3.0419413054418483  α = 0.00173
  4   -137.8526151916       -4.07       -1.12    11.7s
    ‖ρε - ρref‖ = 0.01791944859178476 ‖Δρ‖ = 0.017565690288287254  ‖vε - vref‖ = 2.982145380316921  α = 0.0112
  5   -137.8526464678       -4.50       -1.09    11.5s
    ‖ρε - ρref‖ = 0.02104188437073599 ‖Δρ‖ = 0.02091732360689375  ‖vε - vref‖ = 2.9362867870496467  α = 0.00569
  6   -137.8526658628       -4.71       -1.10    12.3s
    ‖ρε - ρref‖ = 0.016330728630572375 ‖Δρ‖ = 0.016418706268363337  ‖vε - vref‖ = 2.9252681303429813  α = 0.00617
  7   -137.8527284930       -4.20       -1.08    12.0s
    ‖ρε - ρref‖ = 0.014058061755802946 ‖Δρ‖ = 0.01437386770887006  ‖vε - vref‖ = 2.871773302768355  α = 0.0122
  8   -137.8527741506       -4.34       -1.01    13.8s
    ‖ρε - ρref‖ = 0.02069503694660788 ‖Δρ‖ = 0.020983459859712523  ‖vε - vref‖ = 2.797415811659996  α = 0.00743
  9   -137.8529387364       -3.78       -0.94    13.0s
    ‖ρε - ρref‖ = 0.020182557531592062 ‖Δρ‖ = 0.020837266143589078  ‖vε - vref‖ = 2.4499722804230277  α = 0.013
 10   -137.8531209991       -3.74       -1.03    13.2s
    ‖ρε - ρref‖ = 0.018671300046440704 ‖Δρ‖ = 0.01955218818790387  ‖vε - vref‖ = 2.0140914649640838  α = 0.0141
 11   -137.8533467370       -3.65       -1.20    14.2s
    ‖ρε - ρref‖ = 0.008179101774895727 ‖Δρ‖ = 0.00908570448680084  ‖vε - vref‖ = 1.5291100133074094  α = 0.0314
 12   -137.8534913151       -3.84       -0.60    15.7s
    ‖ρε - ρref‖ = 0.06499993286653809 ‖Δρ‖ = 0.06432637821054901  ‖vε - vref‖ = 1.26305885306631  α = 0.0041
 13   -137.8534922823       -6.01       -1.83    12.6s
    ‖ρε - ρref‖ = 0.0035670100576129485 ‖Δρ‖ = 0.0028005039487191213  ‖vε - vref‖ = 1.26085201679176  α = 0.00752
 14   -137.8534924568       -6.76       -2.30    12.8s
    ‖ρε - ρref‖ = 0.0022949524465970747 ‖Δρ‖ = 0.0009119298466406577  ‖vε - vref‖ = 1.2605609688292587  α = 0.00998
 15   -137.8534925885       -6.88       -1.80    11.6s
    ‖ρε - ρref‖ = 0.004074556873437612 ‖Δρ‖ = 0.0034026826198659244  ‖vε - vref‖ = 1.2609000654842941  α = 0.00235
 16   -137.8534929907       -6.40       -2.43    12.2s
    ‖ρε - ρref‖ = 0.0022407066764286295 ‖Δρ‖ = 0.0007411331207742584  ‖vε - vref‖ = 1.2640462668452292  α = 0.0161
 17   -137.8534932767       -6.54       -2.08    11.9s
    ‖ρε - ρref‖ = 0.0025925333314497957 ‖Δρ‖ = 0.0015910831106308251  ‖vε - vref‖ = 1.2647908516403883  α = 0.00663
 18   -137.8534934391       -6.79       -2.07    11.7s
    ‖ρε - ρref‖ = 0.002773156985026712 ‖Δρ‖ = 0.0017245674073878628  ‖vε - vref‖ = 1.2654745595613475  α = 0.00507
 19   -137.8534935962       -6.80       -2.14    12.2s
    ‖ρε - ρref‖ = 0.002645954165778101 ‖Δρ‖ = 0.0014564685550731344  ‖vε - vref‖ = 1.2672510108650514  α = 0.00568
 20   -137.8534936599       -7.20       -2.04    12.8s
    ‖ρε - ρref‖ = 0.0025343666336311425 ‖Δρ‖ = 0.0018279848426269688  ‖vε - vref‖ = 1.2672240478161638  α = 0.00317
 21   -137.8534937326       -7.14       -2.10    13.2s
    ‖ρε - ρref‖ = 0.0017865689102987683 ‖Δρ‖ = 0.001817128845703595  ‖vε - vref‖ = 1.2647717904123885  α = 0.00314
 22   -137.8534937967       -7.19       -2.39    12.1s
    ‖ρε - ρref‖ = 0.00186173413549102 ‖Δρ‖ = 0.0006042453685150269  ‖vε - vref‖ = 1.2652629647756803  α = 0.00816
 23   -137.8534938358       -7.41       -2.44    13.9s
    ‖ρε - ρref‖ = 0.0026683080649855307 ‖Δρ‖ = 0.0007466105863434612  ‖vε - vref‖ = 1.266351468503212  α = 0.00509
 24   -137.8534939272       -7.04       -2.86    13.4s
    ‖ρε - ρref‖ = 0.0021137386406074993 ‖Δρ‖ = 0.0002566474328364894  ‖vε - vref‖ = 1.266996424435425  α = 0.0225
 25   -137.8534940260       -7.01       -2.54    12.1s
    ‖ρε - ρref‖ = 0.0021222229702370253 ‖Δρ‖ = 0.0004916400102631787  ‖vε - vref‖ = 1.2645464831674438  α = 0.0123
 26   -137.8534940627       -7.44       -2.56    12.9s
    ‖ρε - ρref‖ = 0.0022363615968668455 ‖Δρ‖ = 0.0007607494787521673  ‖vε - vref‖ = 1.264502678816868  α = 0.00535
 27   -137.8534941265       -7.19       -2.21    13.4s
    ‖ρε - ρref‖ = 0.002616109507427164 ‖Δρ‖ = 0.0013959712154800734  ‖vε - vref‖ = 1.2653209373463004  α = 0.00369
 28   -137.8534941789       -7.28       -2.62    13.4s
    ‖ρε - ρref‖ = 0.0021897502888420946 ‖Δρ‖ = 0.00036092327717161647  ‖vε - vref‖ = 1.2659413420908725  α = 0.0127
 29   -137.8534941973       -7.74       -2.53    13.3s
    ‖ρε - ρref‖ = 0.0021926882904638105 ‖Δρ‖ = 0.0005288958995399008  ‖vε - vref‖ = 1.2662687240061299  α = 0.00557
 30   -137.8534942160       -7.73       -2.54    13.0s
    ‖ρε - ρref‖ = 0.0022144202753549926 ‖Δρ‖ = 0.0005563933462026024  ‖vε - vref‖ = 1.2668025150471467  α = 0.0053
 31   -137.8534942325       -7.78       -2.85    13.0s
    ‖ρε - ρref‖ = 0.0021983577774022075 ‖Δρ‖ = 0.0003063598485315437  ‖vε - vref‖ = 1.2676219886193225  α = 0.00857
 32   -137.8534942506       -7.74       -2.70    14.1s
    ‖ρε - ρref‖ = 0.0021296355746748077 ‖Δρ‖ = 0.0003726818759723465  ‖vε - vref‖ = 1.26769916268686  α = 0.00753
 33   -137.8534942662       -7.81       -2.71    13.5s
    ‖ρε - ρref‖ = 0.0022759112554258786 ‖Δρ‖ = 0.00041077539105971493  ‖vε - vref‖ = 1.2673864408620634  α = 0.00599
 34   -137.8534942763       -7.99       -2.68    13.8s
    ‖ρε - ρref‖ = 0.0016964608687490724 ‖Δρ‖ = 0.0005151515494074998  ‖vε - vref‖ = 1.2666178039272042  α = 0.00417
 35   -137.8534942925       -7.79       -2.64    13.2s
    ‖ρε - ρref‖ = 0.0024605315168797575 ‖Δρ‖ = 0.0006026042601614756  ‖vε - vref‖ = 1.266706268255069  α = 0.00404
 36   -137.8534943076       -7.82       -3.15    12.6s
    ‖ρε - ρref‖ = 0.002135846832116921 ‖Δρ‖ = 0.00011236150076185104  ‖vε - vref‖ = 1.2668989532691755  α = 0.0214
 37   -137.8534943191       -7.94       -3.03    13.4s
    ‖ρε - ρref‖ = 0.0021496249181907133 ‖Δρ‖ = 0.00019290102252638713  ‖vε - vref‖ = 1.2667480223199932  α = 0.0108
 38   -137.8534943230       -8.41       -2.61    13.7s
    ‖ρε - ρref‖ = 0.0022323992723951164 ‖Δρ‖ = 0.0006754140814500882  ‖vε - vref‖ = 1.2666920350344228  α = 0.00201
 39   -137.8534943310       -8.09       -2.91    13.9s
    ‖ρε - ρref‖ = 0.0021591969486031226 ‖Δρ‖ = 0.00021623397692487525  ‖vε - vref‖ = 1.2669394695851548  α = 0.00878
 40   -137.8534943389       -8.10       -3.11    14.7s
    ‖ρε - ρref‖ = 0.0021300049756079772 ‖Δρ‖ = 0.00012593828756656466  ‖vε - vref‖ = 1.2665455044329756  α = 0.0143
 41   -137.8534943420       -8.52       -2.83    13.4s
    ‖ρε - ρref‖ = 0.0021352269075727384 ‖Δρ‖ = 0.0002881461684126846  ‖vε - vref‖ = 1.2663630829493957  α = 0.00436
 42   -137.8534943502       -8.08       -3.06    13.6s
    ‖ρε - ρref‖ = 0.002128131630925422 ‖Δρ‖ = 0.00014421862447166908  ‖vε - vref‖ = 1.265991776041199  α = 0.0122
 43   -137.8534943562       -8.23       -2.87    13.1s
    ‖ρε - ρref‖ = 0.002192527484450131 ‖Δρ‖ = 0.00026010028157191767  ‖vε - vref‖ = 1.2660759324251665  α = 0.00607
 44   -137.8534943602       -8.39       -2.95    13.5s
    ‖ρε - ρref‖ = 0.0021085356051073587 ‖Δρ‖ = 0.0002553825530968718  ‖vε - vref‖ = 1.2661387967695081  α = 0.0053
 45   -137.8534943627       -8.61       -3.03    14.1s
    ‖ρε - ρref‖ = 0.002282420703279773 ‖Δρ‖ = 0.00022021241570810448  ‖vε - vref‖ = 1.26635679822762  α = 0.00494
 46   -137.8534943652       -8.60       -2.91    14.2s
    ‖ρε - ρref‖ = 0.0019045931596932992 ‖Δρ‖ = 0.0003294437346295015  ‖vε - vref‖ = 1.266189066064738  α = 0.00312
 47   -137.8534943719       -8.18       -3.16    13.0s
    ‖ρε - ρref‖ = 0.002154839641361323 ‖Δρ‖ = 0.00012188163390508716  ‖vε - vref‖ = 1.2667438822133446  α = 0.0124
 48   -137.8534943753       -8.47       -3.36    13.4s
    ‖ρε - ρref‖ = 0.0021288324313327727 ‖Δρ‖ = 7.267298835267752e-5  ‖vε - vref‖ = 1.2666835689825304  α = 0.0167
 49   -137.8534943763       -9.00       -3.18    13.9s
    ‖ρε - ρref‖ = 0.002139774821104619 ‖Δρ‖ = 0.0001890615899662521  ‖vε - vref‖ = 1.2665967782927952  α = 0.00362
 50   -137.8534943787       -8.62       -3.01    12.6s
    ‖ρε - ρref‖ = 0.0021278838454974257 ‖Δρ‖ = 0.0001932951966810089  ‖vε - vref‖ = 1.266248551221748  α = 0.0053
 51   -137.8534943817       -8.52       -3.35    13.8s
    ‖ρε - ρref‖ = 0.002136672571452522 ‖Δρ‖ = 7.728104417788995e-5  ‖vε - vref‖ = 1.2661780698037908  α = 0.0138
 52   -137.8534943842       -8.61       -3.28    13.0s
    ‖ρε - ρref‖ = 0.0021361810643105465 ‖Δρ‖ = 0.0001022167246490224  ‖vε - vref‖ = 1.2660493955122616  α = 0.0101
 53   -137.8534943861       -8.73       -2.94    13.4s
    ‖ρε - ρref‖ = 0.002141467476301805 ‖Δρ‖ = 0.00022586600907599326  ‖vε - vref‖ = 1.265991302246299  α = 0.00421
 54   -137.8534943891       -8.51       -3.28    13.5s
    ‖ρε - ρref‖ = 0.00213116921011336 ‖Δρ‖ = 8.625087168828995e-5  ‖vε - vref‖ = 1.2661956234437703  α = 0.0125
 55   -137.8534943904       -8.90       -2.96    13.5s
    ‖ρε - ρref‖ = 0.002186046489799598 ‖Δρ‖ = 0.0002031704025915146  ‖vε - vref‖ = 1.2663847581608112  α = 0.00388
 56   -137.8534943912       -9.08       -3.40    12.8s
    ‖ρε - ρref‖ = 0.002087525578097697 ‖Δρ‖ = 9.866924785439176e-5  ‖vε - vref‖ = 1.2664015353531886  α = 0.00621
 57   -137.8534943920       -9.10       -3.17    14.1s
    ‖ρε - ρref‖ = 0.002276554751481419 ‖Δρ‖ = 0.00017828530440332934  ‖vε - vref‖ = 1.2665660765678162  α = 0.00341
 58   -137.8534943940       -8.69       -3.28    12.9s
    ‖ρε - ρref‖ = 0.002095568524610301 ‖Δρ‖ = 0.00010829126226245268  ‖vε - vref‖ = 1.2663823513612404  α = 0.00757
 59   -137.8534943958       -8.74       -3.37    13.0s
    ‖ρε - ρref‖ = 0.002139434249685358 ‖Δρ‖ = 7.30757321388116e-5  ‖vε - vref‖ = 1.2664110607530183  α = 0.0114
 60   -137.8534943973       -8.85       -3.62    13.7s
    ‖ρε - ρref‖ = 0.0021283609584596633 ‖Δρ‖ = 4.3744541881702324e-5  ‖vε - vref‖ = 1.2662850239494317  α = 0.017
 61   -137.8534943981       -9.08       -2.86    12.6s
    ‖ρε - ρref‖ = 0.0021454405187179607 ‖Δρ‖ = 0.0003087346674997327  ‖vε - vref‖ = 1.2662277766038694  α = 0.002
 62   -137.8534943995       -8.85       -3.53    13.8s
    ‖ρε - ρref‖ = 0.0021322111909837776 ‖Δρ‖ = 5.353573752925925e-5  ‖vε - vref‖ = 1.2661143545742513  α = 0.0138
 63   -137.8534944008       -8.88       -3.46    13.0s
    ‖ρε - ρref‖ = 0.002140469391452426 ‖Δρ‖ = 6.452090036142249e-5  ‖vε - vref‖ = 1.2663360268339963  α = 0.0112
 64   -137.8534944013       -9.29       -3.26    13.6s
    ‖ρε - ρref‖ = 0.002139635857140305 ‖Δρ‖ = 0.00010289716965344456  ‖vε - vref‖ = 1.266397767870248  α = 0.00497
 65   -137.8534944022       -9.04       -3.32    13.0s
    ‖ρε - ρref‖ = 0.002133735002587275 ‖Δρ‖ = 7.943258666363361e-5  ‖vε - vref‖ = 1.2664231650256486  α = 0.0078
 66   -137.8534944029       -9.15       -3.55    13.9s
    ‖ρε - ρref‖ = 0.002121189701489468 ‖Δρ‖ = 6.183411771747671e-5  ‖vε - vref‖ = 1.2663835663681278  α = 0.00901
 67   -137.8534944035       -9.23       -3.23    13.5s
    ‖ρε - ρref‖ = 0.0021679169787039033 ‖Δρ‖ = 0.0001098818654924458  ‖vε - vref‖ = 1.2664251740999015  α = 0.00476
 68   -137.8534944039       -9.49       -3.42    13.3s
    ‖ρε - ρref‖ = 0.0020600853157256706 ‖Δρ‖ = 9.774179173030995e-5  ‖vε - vref‖ = 1.2663534062579012  α = 0.004
 69   -137.8534944045       -9.18       -3.28    12.9s
    ‖ρε - ρref‖ = 0.0021931922716621525 ‖Δρ‖ = 0.00010514239258451288  ‖vε - vref‖ = 1.2664409011822857  α = 0.00492
 70   -137.8534944053       -9.11       -3.57    13.6s
    ‖ρε - ρref‖ = 0.0021236902429137986 ‖Δρ‖ = 6.155308407148847e-5  ‖vε - vref‖ = 1.2663108339515654  α = 0.0084
 71   -137.8534944062       -9.06       -3.69    13.7s
    ‖ρε - ρref‖ = 0.0021342598157638843 ‖Δρ‖ = 3.337768448142455e-5  ‖vε - vref‖ = 1.2663608447879935  α = 0.0167
 72   -137.8534944064       -9.65       -3.46    12.6s
    ‖ρε - ρref‖ = 0.002132369040621781 ‖Δρ‖ = 8.664245259937032e-5  ‖vε - vref‖ = 1.2663762328426174  α = 0.00376
 73   -137.8534944070       -9.25       -3.31    13.5s
    ‖ρε - ρref‖ = 0.0021363837552142296 ‖Δρ‖ = 9.175621826572084e-5  ‖vε - vref‖ = 1.2664485369573268  α = 0.00531
 74   -137.8534944076       -9.20       -3.79    14.2s
    ‖ρε - ρref‖ = 0.0021320034132248354 ‖Δρ‖ = 2.428392560837454e-5  ‖vε - vref‖ = 1.2663819916273305  α = 0.0191
 75   -137.8534944080       -9.42       -3.65    12.9s
    ‖ρε - ρref‖ = 0.002132975269252228 ‖Δρ‖ = 4.2902324093466525e-5  ‖vε - vref‖ = 1.2663800937954117  α = 0.00904
 76   -137.8534944082       -9.57       -3.39    12.9s
    ‖ρε - ρref‖ = 0.002134811077386425 ‖Δρ‖ = 8.183307278293428e-5  ‖vε - vref‖ = 1.2663643146336299  α = 0.00431
 77   -137.8534944086       -9.49       -3.60    13.8s
    ‖ρε - ρref‖ = 0.0021346343864354386 ‖Δρ‖ = 4.483468342777132e-5  ‖vε - vref‖ = 1.2663094486904667  α = 0.00846
 78   -137.8534944088       -9.61       -3.75    13.2s
    ‖ρε - ρref‖ = 0.0021243219853435305 ‖Δρ‖ = 3.740359865694283e-5  ‖vε - vref‖ = 1.2663146345864646  α = 0.00899
 79   -137.8534944092       -9.40       -3.49    13.3s
    ‖ρε - ρref‖ = 0.0021762097441473697 ‖Δρ‖ = 6.492284681671305e-5  ‖vε - vref‖ = 1.2664720694779794  α = 0.00601
 80   -137.8534944094       -9.75       -3.24    13.3s
    ‖ρε - ρref‖ = 0.002040326681331662 ‖Δρ‖ = 0.00013072135361145252  ‖vε - vref‖ = 1.2664527132154833  α = 0.00221
 81   -137.8534944096       -9.58       -3.68    12.0s
    ‖ρε - ρref‖ = 0.0021413195802532123 ‖Δρ‖ = 4.124389429767742e-5  ‖vε - vref‖ = 1.2664936294967506  α = 0.00758
 82   -137.8534944098       -9.75       -3.76    13.0s
    ‖ρε - ρref‖ = 0.0021259230365338984 ‖Δρ‖ = 3.193161188680025e-5  ‖vε - vref‖ = 1.2663968860299435  α = 0.00835
 83   -137.8534944101       -9.55       -4.06    12.4s
    ‖ρε - ρref‖ = 0.002133254777397834 ‖Δρ‖ = 1.7237563201113968e-5  ‖vε - vref‖ = 1.2663251725978815  α = 0.0184
 84   -137.8534944102       -9.91       -3.31    12.3s
    ‖ρε - ρref‖ = 0.002134437854303847 ‖Δρ‖ = 0.00012479142014565296  ‖vε - vref‖ = 1.2662892094062772  α = 0.00189
 85   -137.8534944104       -9.68       -3.76    13.4s
    ‖ρε - ρref‖ = 0.0021327550876093595 ‖Δρ‖ = 2.690501315638246e-5  ‖vε - vref‖ = 1.2662622167448325  α = 0.011
 86   -137.8534944107       -9.51       -4.13    13.9s
    ‖ρε - ρref‖ = 0.0021328333920975487 ‖Δρ‖ = 1.182650494718438e-5  ‖vε - vref‖ = 1.2663552804056162  α = 0.0261
 87   -137.8534944108      -10.05       -3.63    13.2s
    ‖ρε - ρref‖ = 0.0021338153124991193 ‖Δρ‖ = 4.680882313852841e-5  ‖vε - vref‖ = 1.2664025316593095  α = 0.00443
 88   -137.8534944110       -9.94       -3.75    12.7s
    ‖ρε - ρref‖ = 0.0021332200685878315 ‖Δρ‖ = 3.392596917791922e-5  ‖vε - vref‖ = 1.2664560568779406  α = 0.00662
 89   -137.8534944111       -9.78       -3.94    12.0s
    ‖ρε - ρref‖ = 0.002135101405847186 ‖Δρ‖ = 2.0956819380505642e-5  ‖vε - vref‖ = 1.2664352933227025  α = 0.0123
 90   -137.8534944112      -10.03       -3.68    12.1s
    ‖ρε - ρref‖ = 0.0021110878071292885 ‖Δρ‖ = 4.602033973795783e-5  ‖vε - vref‖ = 1.2663837728961895  α = 0.00448
 91   -137.8534944113      -10.04       -3.69    12.3s
    ‖ρε - ρref‖ = 0.0021678336544649545 ‖Δρ‖ = 4.645389369249957e-5  ‖vε - vref‖ = 1.266406886320933  α = 0.0043
 92   -137.8534944114      -10.02       -3.52    12.9s
    ‖ρε - ρref‖ = 0.002104439490868429 ‖Δρ‖ = 6.403097220854584e-5  ‖vε - vref‖ = 1.2663665745527029  α = 0.00325
 93   -137.8534944115      -10.07       -4.00    13.0s
    ‖ρε - ρref‖ = 0.0021342095025160233 ‖Δρ‖ = 1.84225645802647e-5  ‖vε - vref‖ = 1.2663640794156241  α = 0.0104
 94   -137.8534944116      -10.06       -4.13    13.2s
    ‖ρε - ρref‖ = 0.00212996725949987 ‖Δρ‖ = 1.5069769321440236e-5  ‖vε - vref‖ = 1.266314217956301  α = 0.0116
 95   -137.8534944116      -10.17       -3.91    13.9s
    ‖ρε - ρref‖ = 0.0021338507906223146 ‖Δρ‖ = 2.8586799314713244e-5  ‖vε - vref‖ = 1.2663260193331314  α = 0.00588
 96   -137.8534944117       -9.97       -3.53    12.2s
    ‖ρε - ρref‖ = 0.002136306901394312 ‖Δρ‖ = 5.878697310874085e-5  ‖vε - vref‖ = 1.2663554912013573  α = 0.00345
 97   -137.8534944118      -10.02       -4.16    12.8s
    ‖ρε - ρref‖ = 0.00213344353468541 ‖Δρ‖ = 1.0027633961127112e-5  ‖vε - vref‖ = 1.2664005631162192  α = 0.0195
 98   -137.8534944119      -10.04       -4.11    12.3s
    ‖ρε - ρref‖ = 0.002132444288498672 ‖Δρ‖ = 1.2803435808809602e-5  ‖vε - vref‖ = 1.266407873776144  α = 0.0146
 99   -137.8534944120      -10.52       -3.72    13.5s
    ‖ρε - ρref‖ = 0.002132273196079489 ‖Δρ‖ = 3.600132192617577e-5  ‖vε - vref‖ = 1.2664115202408495  α = 0.00346
 100   -137.8534944120      -10.16       -4.19    12.4s
    ‖ρε - ρref‖ = 0.0021314762846992145 ‖Δρ‖ = 1.1932447633181705e-5  ‖vε - vref‖ = 1.2664167985968349  α = 0.0137
 101   -137.8534944121      -10.38       -4.02    12.7s
    ‖ρε - ρref‖ = 0.0021386483790189438 ‖Δρ‖ = 2.10064108268476e-5  ‖vε - vref‖ = 1.2664065794170365  α = 0.00655
 102   -137.8534944121      -10.52       -3.91    12.5s
    ‖ρε - ρref‖ = 0.0021106844077706287 ‖Δρ‖ = 3.0155904452881674e-5  ‖vε - vref‖ = 1.2663643988448716  α = 0.00379
 103   -137.8534944121      -10.51       -3.81    13.6s
    ‖ρε - ρref‖ = 0.0021527168295385965 ‖Δρ‖ = 3.2752065201582056e-5  ‖vε - vref‖ = 1.2663715318346398  α = 0.00372
 104   -137.8534944122      -10.22       -3.97    13.7s
    ‖ρε - ρref‖ = 0.0021299454918761655 ‖Δρ‖ = 2.1789756591590313e-5  ‖vε - vref‖ = 1.2663590440719181  α = 0.00712
 105   -137.8534944122      -10.35       -4.29    11.8s
    ‖ρε - ρref‖ = 0.0021336883755511027 ‖Δρ‖ = 1.0057862984353854e-5  ‖vε - vref‖ = 1.2663807820166681  α = 0.0127
 106   -137.8534944123      -10.34       -4.17    12.1s
    ‖ρε - ρref‖ = 0.002130887976458669 ‖Δρ‖ = 1.393798626303529e-5  ‖vε - vref‖ = 1.2663723908785662  α = 0.00887
 107   -137.8534944123      -10.65       -3.72    13.5s
    ‖ρε - ρref‖ = 0.002132181913983241 ‖Δρ‖ = 4.9230020160973085e-5  ‖vε - vref‖ = 1.2663757213512097  α = 0.00209
 108   -137.8534944123      -10.43       -4.10    13.5s
    ‖ρε - ρref‖ = 0.0021335145014374692 ‖Δρ‖ = 1.3941081559989942e-5  ‖vε - vref‖ = 1.2664021346760321  α = 0.00899
 109   -137.8534944124      -10.24       -4.39    11.8s
    ‖ρε - ρref‖ = 0.0021326080472877673 ‖Δρ‖ = 5.9333018240986966e-6  ‖vε - vref‖ = 1.2663950773833297  α = 0.023
 110   -137.8534944124      -10.63       -4.24    12.6s
    ‖ρε - ρref‖ = 0.002132637279695803 ‖Δρ‖ = 1.0344597273178243e-5  ‖vε - vref‖ = 1.266390247168206  α = 0.0102
 111   -137.8534944125      -10.56       -3.83    12.7s
    ‖ρε - ρref‖ = 0.0021331713141178547 ‖Δρ‖ = 2.3579169857895584e-5  ‖vε - vref‖ = 1.2663884535519725  α = 0.00468
 112   -137.8534944125      -10.52       -4.29    13.8s
    ‖ρε - ρref‖ = 0.002131086666587251 ‖Δρ‖ = 8.463212093652667e-6  ‖vε - vref‖ = 1.2663897065187932  α = 0.0134
 113   -137.8534944125      -10.83       -4.01    13.3s
    ‖ρε - ρref‖ = 0.0021454420639723058 ‖Δρ‖ = 2.194346642729889e-5  ‖vε - vref‖ = 1.266400261570903  α = 0.00385
 114   -137.8534944125      -10.81       -4.05    13.7s
    ‖ρε - ρref‖ = 0.0021171566871225015 ‖Δρ‖ = 2.0750162012932122e-5  ‖vε - vref‖ = 1.2663757417222405  α = 0.00383
 115   -137.8534944125      -10.75       -3.98    13.8s
    ‖ρε - ρref‖ = 0.0021391859833305854 ‖Δρ‖ = 2.124186295386901e-5  ‖vε - vref‖ = 1.266373312698377  α = 0.00429
 116   -137.8534944126      -10.57       -4.32    12.7s
    ‖ρε - ρref‖ = 0.0021322701429897124 ‖Δρ‖ = 8.26019896239236e-6  ‖vε - vref‖ = 1.2663703592217097  α = 0.0115
 117   -137.8534944126      -10.69       -4.36    13.2s
    ‖ρε - ρref‖ = 0.0021331756698134193 ‖Δρ‖ = 8.073070644820103e-6  ‖vε - vref‖ = 1.266373387241262  α = 0.0103
 118   -137.8534944126      -11.17       -4.15    13.4s
    ‖ρε - ρref‖ = 0.002131518153669629 ‖Δρ‖ = 1.9237897280742463e-5  ‖vε - vref‖ = 1.2663691595355209  α = 0.00293
 119   -137.8534944126      -10.84       -4.21    13.9s
    ‖ρε - ρref‖ = 0.002131579601305167 ‖Δρ‖ = 1.3938769494911928e-5  ‖vε - vref‖ = 1.2663648512642218  α = 0.00556
 120   -137.8534944126      -10.66       -4.38    12.4s
    ‖ρε - ρref‖ = 0.0021332660109276355 ‖Δρ‖ = 6.710219571832189e-6  ‖vε - vref‖ = 1.2664018005195585  α = 0.0132
 121   -137.8534944126      -10.68       -4.59    12.0s
    ‖ρε - ρref‖ = 0.0021322572076505008 ‖Δρ‖ = 4.555113503421093e-6  ‖vε - vref‖ = 1.2663990615876006  α = 0.0192
 122   -137.8534944127      -11.00       -4.23    12.6s
    ‖ρε - ρref‖ = 0.0021325523594979737 ‖Δρ‖ = 1.1327810176080676e-5  ‖vε - vref‖ = 1.266394541251586  α = 0.00607
 123   -137.8534944127      -10.80       -4.15    13.7s
    ‖ρε - ρref‖ = 0.0021337669456995023 ‖Δρ‖ = 1.2648490965104077e-5  ‖vε - vref‖ = 1.2663887541711105  α = 0.00629
 124   -137.8534944127      -10.97       -4.51    13.1s
    ‖ρε - ρref‖ = 0.002130146971371147 ‖Δρ‖ = 5.60951200020059e-6  ‖vε - vref‖ = 1.2663743305365256  α = 0.0124
 125   -137.8534944127      -11.06       -3.95    12.0s
    ‖ρε - ρref‖ = 0.0021487864932292276 ‖Δρ‖ = 2.149674458024187e-5  ‖vε - vref‖ = 1.2663807454415859  α = 0.00284
 126   -137.8534944127      -11.22       -4.14    12.8s
    ‖ρε - ρref‖ = 0.002124998649475303 ‖Δρ‖ = 1.5266857650955967e-5  ‖vε - vref‖ = 1.2663682207372158  α = 0.0035
 127   -137.8534944127      -10.99       -4.38    13.7s
    ‖ρε - ρref‖ = 0.002132976026655803 ‖Δρ‖ = 7.617978662539211e-6  ‖vε - vref‖ = 1.2663636292050195  α = 0.00859
 128   -137.8534944127      -10.95       -4.48    12.9s
    ‖ρε - ρref‖ = 0.0021326989964406966 ‖Δρ‖ = 5.792357155062864e-6  ‖vε - vref‖ = 1.266380812118668  α = 0.0108
 129   -137.8534944127      -11.26       -4.55    12.0s
    ‖ρε - ρref‖ = 0.002133608679999518 ‖Δρ‖ = 6.791373700229775e-6  ‖vε - vref‖ = 1.2663945045774518  α = 0.00705
 130   -137.8534944127      -11.20       -4.06    12.2s
    ‖ρε - ρref‖ = 0.002133979384083649 ‖Δρ‖ = 1.904666875611446e-5  ‖vε - vref‖ = 1.2664023089574954  α = 0.00284
 131   -137.8534944127      -10.99       -4.54    13.5s
    ‖ρε - ρref‖ = 0.0021320339561152197 ‖Δρ‖ = 5.91826379919056e-6  ‖vε - vref‖ = 1.2663888473883753  α = 0.0101
 132   -137.8534944127      -11.11       -4.63    12.0s
    ‖ρε - ρref‖ = 0.0021325532403599383 ‖Δρ‖ = 4.687940601993003e-6  ‖vε - vref‖ = 1.2663855265734303  α = 0.0114
 133   -137.8534944128      -11.04       -4.70    12.4s
    ‖ρε - ρref‖ = 0.002132290815912466 ‖Δρ‖ = 3.50292682553099e-6  ‖vε - vref‖ = 1.2663721501957188  α = 0.0169
 134   -137.8534944128      -11.44       -4.23    12.6s
    ‖ρε - ρref‖ = 0.00213216855421399 ‖Δρ‖ = 1.1472421659979127e-5  ‖vε - vref‖ = 1.266369515089259  α = 0.0037
 135   -137.8534944128      -11.10       -4.58    13.5s
    ‖ρε - ρref‖ = 0.002133672122985345 ‖Δρ‖ = 4.605542850352811e-6  ‖vε - vref‖ = 1.2663807540893608  α = 0.0119
 136   -137.8534944128      -11.75       -4.52    12.7s
    ‖ρε - ρref‖ = 0.0021271498192496252 ‖Δρ‖ = 7.550180024489205e-6  ‖vε - vref‖ = 1.2663777059002927  α = 0.00412
 137   -137.8534944128      -11.34       -4.42    13.7s
    ‖ρε - ρref‖ = 0.0021374570520927456 ‖Δρ‖ = 7.992694288114124e-6  ‖vε - vref‖ = 1.2663919728035204  α = 0.0054
 138   -137.8534944128      -11.39       -4.30    13.1s
    ‖ρε - ρref‖ = 0.0021301747566037444 ‖Δρ‖ = 1.0449121174913414e-5  ‖vε - vref‖ = 1.2663927866687545  α = 0.00403
 139   -137.8534944128      -11.23       -4.66    11.9s
    ‖ρε - ρref‖ = 0.0021326171514904576 ‖Δρ‖ = 3.5726290714659384e-6  ‖vε - vref‖ = 1.266389219468778  α = 0.0129
 140   -137.8534944128      -11.39       -4.67    11.8s
    ‖ρε - ρref‖ = 0.0021324059641604186 ‖Δρ‖ = 4.334486929377788e-6  ‖vε - vref‖ = 1.266386313426765  α = 0.00899
 141   -137.8534944128      -11.89       -4.38    12.3s
    ‖ρε - ρref‖ = 0.0021329831985364596 ‖Δρ‖ = 1.0748038128700947e-5  ‖vε - vref‖ = 1.2663860899069141  α = 0.00254
 142   -137.8534944128      -11.32       -4.59    12.4s
    ‖ρε - ρref‖ = 0.0021326974141690986 ‖Δρ‖ = 4.873525270556563e-6  ‖vε - vref‖ = 1.2663801124050456  α = 0.00855
 143   -137.8534944128      -11.34       -4.69    11.7s
    ‖ρε - ρref‖ = 0.0021322041202281013 ‖Δρ‖ = 3.832848553768574e-6  ‖vε - vref‖ = 1.2663683319386876  α = 0.0105
 144   -137.8534944128      -11.52       -4.73    11.7s
    ‖ρε - ρref‖ = 0.0021329572624598217 ‖Δρ‖ = 3.1940153255515326e-6  ‖vε - vref‖ = 1.2663790846383673  α = 0.0111
 145   -137.8534944128      -11.45       -4.85    11.9s
    ‖ρε - ρref‖ = 0.00213264987450911 ‖Δρ‖ = 2.7579643267368794e-6  ‖vε - vref‖ = 1.2663855061268294  α = 0.0141
 146   -137.8534944128      -11.45       -4.33    12.2s
    ‖ρε - ρref‖ = 0.0021318254003430373 ‖Δρ‖ = 9.418427780337126e-6  ‖vε - vref‖ = 1.2663879364193649  α = 0.00389
 147   -137.8534944128      -11.67       -4.78    11.9s
    ‖ρε - ρref‖ = 0.00213389690426716 ‖Δρ‖ = 2.830191171855397e-6  ‖vε - vref‖ = 1.2663918718817395  α = 0.0116
 148   -137.8534944128      -11.94       -4.38    11.8s
    ‖ρε - ρref‖ = 0.0021240613468993014 ‖Δρ‖ = 1.0648733135413006e-5  ‖vε - vref‖ = 1.2663857480727922  α = 0.00228
 149   -137.8534944128      -11.65       -4.65    12.3s
    ‖ρε - ρref‖ = 0.0021337629376615872 ‖Δρ‖ = 3.994902822888035e-6  ‖vε - vref‖ = 1.2663841951011474  α = 0.00777
 150   -137.8534944128      -11.50       -4.51    12.2s
    ‖ρε - ρref‖ = 0.0021318438480052364 ‖Δρ‖ = 6.024731682032845e-6  ‖vε - vref‖ = 1.266376654237259  α = 0.00569
 151   -137.8534944128      -11.62       -4.83    11.8s
    ‖ρε - ρref‖ = 0.0021326306621152176 ‖Δρ‖ = 2.243810787174322e-6  ‖vε - vref‖ = 1.2663752837897937  α = 0.0139
 152   -137.8534944128      -12.04       -4.79    11.9s
    ‖ρε - ρref‖ = 0.002132418688755181 ‖Δρ‖ = 4.477989741167303e-6  ‖vε - vref‖ = 1.2663763287238605  α = 0.00416
 153   -137.8534944128      -11.87       -4.56    12.1s
    ‖ρε - ρref‖ = 0.0021326660924516593 ‖Δρ‖ = 6.413248204643866e-6  ‖vε - vref‖ = 1.2663808406258013  α = 0.0039
 154   -137.8534944128      -11.59       -4.82    11.9s
    ‖ρε - ρref‖ = 0.002132681920233974 ‖Δρ‖ = 2.3696440461070354e-6  ‖vε - vref‖ = 1.2663870906586137  α = 0.0124
 155   -137.8534944128      -11.75       -4.88    12.0s
    ‖ρε - ρref‖ = 0.0021323889402831693 ‖Δρ‖ = 2.4224237719889866e-6  ‖vε - vref‖ = 1.2663818862081293  α = 0.0106

#-- ‖ρε - ρref‖ = 0.00213259110498539 vs. 3.1622776601683796e-6 = δ*ε ‖vε - vref‖ = 1.2663841168825432


# --- ε=0.00017782794100389227

n     Energy            log10(ΔE)   log10(Δρ)   Δtime 
---   ---------------   ---------   ---------   ------
  1   -137.8486981698                    0.57    17.8s
    ‖ρε - ρref‖ = 1.299621037444515 ‖Δρ‖ = 1.2988280240301173  ‖vε - vref‖ = 3.323064687558097  α = 0.000921
  2   -137.8488325834       -3.87       -0.42    11.0s
    ‖ρε - ρref‖ = 0.0904428691900482 ‖Δρ‖ = 0.0902208601622467  ‖vε - vref‖ = 3.1613339159761473  α = 0.00214
  3   -137.8488639677       -4.50       -0.40    11.7s
    ‖ρε - ρref‖ = 0.09828963598287938 ‖Δρ‖ = 0.0981926333956062  ‖vε - vref‖ = 3.1425432477778337  α = 0.000997
  4   -137.8489208441       -4.25       -1.02    11.5s
    ‖ρε - ρref‖ = 0.020696455093707208 ‖Δρ‖ = 0.02045015179014454  ‖vε - vref‖ = 3.049322484239821  α = 0.00608
  5   -137.8489378060       -4.77       -1.04    12.1s
    ‖ρε - ρref‖ = 0.022403215095640056 ‖Δρ‖ = 0.02230291287742499  ‖vε - vref‖ = 3.003800204543714  α = 0.00296
  6   -137.8489449028       -5.15       -1.10    13.0s
    ‖ρε - ρref‖ = 0.015838542566528283 ‖Δρ‖ = 0.01586089183896568  ‖vε - vref‖ = 3.0028228337150114  α = 0.00294
  7   -137.8489609159       -4.80       -1.13    12.9s
    ‖ρε - ρref‖ = 0.012074930414576891 ‖Δρ‖ = 0.01216346438781658  ‖vε - vref‖ = 3.002582499060415  α = 0.00563
  8   -137.8489728132       -4.92       -1.21    12.3s
    ‖ρε - ρref‖ = 0.013082976441027842 ‖Δρ‖ = 0.013150298446261774  ‖vε - vref‖ = 2.9736944897129405  α = 0.00461
  9   -137.8490161219       -4.36       -1.12    12.1s
    ‖ρε - ρref‖ = 0.014854623255193133 ‖Δρ‖ = 0.015033927110021246  ‖vε - vref‖ = 2.833973141789551  α = 0.00735
 10   -137.8491255817       -3.96       -1.13    12.6s
    ‖ρε - ρref‖ = 0.012471938097294032 ‖Δρ‖ = 0.012932365365320239  ‖vε - vref‖ = 2.466561055035856  α = 0.0127
 11   -137.8493132858       -3.73       -1.34    13.0s
    ‖ρε - ρref‖ = 0.006440248146291076 ‖Δρ‖ = 0.00705063593651643  ‖vε - vref‖ = 1.791832902997961  α = 0.0303
 12   -137.8494797912       -3.78       -0.17    15.4s
    ‖ρε - ρref‖ = 0.16957658856570373 ‖Δρ‖ = 0.1689955220891346  ‖vε - vref‖ = 1.1294752436668094  α = 0.00151
 13   -137.8494802884       -6.30       -1.76    12.6s
    ‖ρε - ρref‖ = 0.0030287989550276265 ‖Δρ‖ = 0.0028240273041775605  ‖vε - vref‖ = 1.127277037521491  α = 0.00438
 14   -137.8494805560       -6.57       -2.34    14.2s
    ‖ρε - ρref‖ = 0.0013882483103652109 ‖Δρ‖ = 0.0007684686815932458  ‖vε - vref‖ = 1.1282919271973066  α = 0.0109
 15   -137.8494807165       -6.79       -1.61    12.3s
    ‖ρε - ρref‖ = 0.0056335525401236064 ‖Δρ‖ = 0.005462304266777153  ‖vε - vref‖ = 1.129374968993339  α = 0.00122
 16   -137.8494811723       -6.34       -2.15    13.2s
    ‖ρε - ρref‖ = 0.0017784373045458327 ‖Δρ‖ = 0.0011960177293531909  ‖vε - vref‖ = 1.1351158260502208  α = 0.0081
 17   -137.8494813624       -6.72       -2.03    12.9s
    ‖ρε - ρref‖ = 0.0023753910450934244 ‖Δρ‖ = 0.002017461364260528  ‖vε - vref‖ = 1.1357906999659197  α = 0.00329
 18   -137.8494814549       -7.03       -2.03    12.2s
    ‖ρε - ρref‖ = 0.0022440649542181707 ‖Δρ‖ = 0.0018486712211206288  ‖vε - vref‖ = 1.1360938275184949  α = 0.00279
 19   -137.8494815417       -7.06       -2.10    12.3s
    ‖ρε - ρref‖ = 0.0019613695291878877 ‖Δρ‖ = 0.0015003947813485117  ‖vε - vref‖ = 1.1368022337515946  α = 0.00324
 20   -137.8494815915       -7.30       -2.22    13.4s
    ‖ρε - ρref‖ = 0.001599579369215402 ‖Δρ‖ = 0.001126272133436059  ‖vε - vref‖ = 1.1370192465028592  α = 0.00346
 21   -137.8494816907       -7.00       -2.07    13.4s
    ‖ρε - ρref‖ = 0.0015049834383810809 ‖Δρ‖ = 0.0014290058445589075  ‖vε - vref‖ = 1.1356933329491665  α = 0.00346
 22   -137.8494817347       -7.36       -2.11    12.9s
    ‖ρε - ρref‖ = 0.0011365985540437683 ‖Δρ‖ = 0.0014482608768725757  ‖vε - vref‖ = 1.1347645944532394  α = 0.0023
 23   -137.8494817656       -7.51       -2.34    13.1s
    ‖ρε - ρref‖ = 0.0009250827780934456 ‖Δρ‖ = 0.0008306332771657078  ‖vε - vref‖ = 1.1341798138300518  α = 0.00337
 24   -137.8494819171       -6.82       -2.54    12.3s
    ‖ρε - ρref‖ = 0.0013518886869653055 ‖Δρ‖ = 0.00047246385744753507  ‖vε - vref‖ = 1.134441484031304  α = 0.0116
 25   -137.8494819721       -7.26       -2.52    12.3s
    ‖ρε - ρref‖ = 0.0014062164083390382 ‖Δρ‖ = 0.000567762445944413  ‖vε - vref‖ = 1.135413439912118  α = 0.00672
 26   -137.8494820150       -7.37       -2.54    12.7s
    ‖ρε - ρref‖ = 0.001286002725635017 ‖Δρ‖ = 0.0005523105584896192  ‖vε - vref‖ = 1.1346132253409973  α = 0.00602
 27   -137.8494820378       -7.64       -2.01    12.2s
    ‖ρε - ρref‖ = 0.0025656364291733683 ‖Δρ‖ = 0.0022847145465195082  ‖vε - vref‖ = 1.1343205680512873  α = 0.00106
 28   -137.8494820840       -7.34       -2.86    13.4s
    ‖ρε - ρref‖ = 0.0012414627851739324 ‖Δρ‖ = 0.00023405571695657795  ‖vε - vref‖ = 1.1363020283979997  α = 0.0142
 29   -137.8494821122       -7.55       -2.51    12.3s
    ‖ρε - ρref‖ = 0.0013457926067707634 ‖Δρ‖ = 0.0006008156317230329  ‖vε - vref‖ = 1.1374553366206983  α = 0.00446
 30   -137.8494821353       -7.64       -2.28    14.3s
    ‖ρε - ρref‖ = 0.001565490518784572 ‖Δρ‖ = 0.0009566718492430603  ‖vε - vref‖ = 1.13843465428206  α = 0.00264
 31   -137.8494821553       -7.70       -2.64    13.6s
    ‖ρε - ρref‖ = 0.0013664746403195499 ‖Δρ‖ = 0.0005222372661933812  ‖vε - vref‖ = 1.1394173628204796  α = 0.00414
 32   -137.8494821703       -7.83       -2.59    13.9s
    ‖ρε - ρref‖ = 0.001351611088533501 ‖Δρ‖ = 0.0005126662240480844  ‖vε - vref‖ = 1.1397151450124852  α = 0.00398
 33   -137.8494821809       -7.97       -2.54    13.8s
    ‖ρε - ρref‖ = 0.0012993957293381349 ‖Δρ‖ = 0.0005644555277631217  ‖vε - vref‖ = 1.1394076228773655  α = 0.003
 34   -137.8494822046       -7.63       -2.86    14.0s
    ‖ρε - ρref‖ = 0.0012908566984312715 ‖Δρ‖ = 0.0002218390436273435  ‖vε - vref‖ = 1.1385993842260909  α = 0.01
 35   -137.8494822091       -8.35       -2.44    12.1s
    ‖ρε - ρref‖ = 0.0005083630424337696 ‖Δρ‖ = 0.0009978429038865052  ‖vε - vref‖ = 1.138106898632921  α = 0.00112
 36   -137.8494822232       -7.85       -2.76    12.4s
    ‖ρε - ρref‖ = 0.0012877081378042166 ‖Δρ‖ = 0.00030609907656558585  ‖vε - vref‖ = 1.137709928422589  α = 0.006
 37   -137.8494822405       -7.76       -2.96    12.9s
    ‖ρε - ρref‖ = 0.0012199263141391258 ‖Δρ‖ = 0.00014902268287489138  ‖vε - vref‖ = 1.1380786622589885  α = 0.013
 38   -137.8494822464       -8.23       -2.81    13.9s
    ‖ρε - ρref‖ = 0.0012902219715344328 ‖Δρ‖ = 0.00027933272078753315  ‖vε - vref‖ = 1.1388140890152503  α = 0.00458
 39   -137.8494822487       -8.63       -2.57    13.2s
    ‖ρε - ρref‖ = 0.0014023527335505846 ‖Δρ‖ = 0.000653576523712823  ‖vε - vref‖ = 1.1390424027031605  α = 0.00123
 40   -137.8494822568       -8.09       -2.93    12.9s
    ‖ρε - ρref‖ = 0.0012283958528714418 ‖Δρ‖ = 0.00018973956689662426  ‖vε - vref‖ = 1.1395032254251787  α = 0.00717
 41   -137.8494822639       -8.15       -3.09    13.0s
    ‖ρε - ρref‖ = 0.0012259331566360809 ‖Δρ‖ = 0.00015495009573919378  ‖vε - vref‖ = 1.1396597741504078  α = 0.00848
 42   -137.8494822670       -8.51       -2.78    13.7s
    ‖ρε - ρref‖ = 0.0012304990832698373 ‖Δρ‖ = 0.00031731616390278435  ‖vε - vref‖ = 1.1393944252322035  α = 0.00296
 43   -137.8494822737       -8.17       -2.81    13.4s
    ‖ρε - ρref‖ = 0.0012002750142545429 ‖Δρ‖ = 0.00024124790378449927  ‖vε - vref‖ = 1.138369001975101  α = 0.00521
 44   -137.8494822778       -8.39       -2.88    13.4s
    ‖ρε - ρref‖ = 0.001242326150199835 ‖Δρ‖ = 0.00029492408533441327  ‖vε - vref‖ = 1.1379564220809004  α = 0.00332
 45   -137.8494822800       -8.66       -2.87    13.5s
    ‖ρε - ρref‖ = 0.0012714525948734332 ‖Δρ‖ = 0.00024744263266856934  ‖vε - vref‖ = 1.1379879026825823  α = 0.00325
 46   -137.8494822829       -8.54       -3.00    13.7s
    ‖ρε - ρref‖ = 0.001205885922201363 ‖Δρ‖ = 0.00018279806745502843  ‖vε - vref‖ = 1.1380161237595356  α = 0.00458
 47   -137.8494822852       -8.62       -3.13    12.8s
    ‖ρε - ρref‖ = 0.001380587799234512 ‖Δρ‖ = 0.00019328433221293598  ‖vε - vref‖ = 1.13839193889027  α = 0.00405
 48   -137.8494822895       -8.37       -2.62    13.5s
    ‖ρε - ρref‖ = 0.0010468995996826904 ‖Δρ‖ = 0.00047802197960704313  ‖vε - vref‖ = 1.1385498733878274  α = 0.00205
 49   -137.8494822927       -8.49       -3.20    14.3s
    ‖ρε - ρref‖ = 0.0012199013885526113 ‖Δρ‖ = 9.14510748406549e-5  ‖vε - vref‖ = 1.1386440066508536  α = 0.00983
 50   -137.8494822952       -8.60       -3.35    14.2s
    ‖ρε - ρref‖ = 0.001209813583309242 ‖Δρ‖ = 8.92771518226517e-5  ‖vε - vref‖ = 1.138323015280675  α = 0.00854
 51   -137.8494822960       -9.10       -2.90    13.0s
    ‖ρε - ρref‖ = 0.001265354848225818 ‖Δρ‖ = 0.00034014524158313623  ‖vε - vref‖ = 1.1382392361317306  α = 0.00138
 52   -137.8494822986       -8.59       -3.16    12.9s
    ‖ρε - ρref‖ = 0.0012196100054650608 ‖Δρ‖ = 0.00014796106513452158  ‖vε - vref‖ = 1.1379142557436785  α = 0.00498
 53   -137.8494823001       -8.82       -3.32    13.6s
    ‖ρε - ρref‖ = 0.0012053157507880502 ‖Δρ‖ = 9.582762472148741e-5  ‖vε - vref‖ = 1.1376248971061045  α = 0.00651
 54   -137.8494823015       -8.84       -3.28    14.2s
    ‖ρε - ρref‖ = 0.0012229856160366544 ‖Δρ‖ = 9.585721490965211e-5  ‖vε - vref‖ = 1.1376931575885005  α = 0.00638
 55   -137.8494823028       -8.91       -2.85    13.0s
    ‖ρε - ρref‖ = 0.001252648820489418 ‖Δρ‖ = 0.0002531398811626311  ‖vε - vref‖ = 1.1377939490228512  α = 0.0023
 56   -137.8494823040       -8.92       -3.42    12.1s
    ‖ρε - ρref‖ = 0.0012113882768641211 ‖Δρ‖ = 7.344977496993724e-5  ‖vε - vref‖ = 1.1377523943489178  α = 0.00735
 57   -137.8494823053       -8.86       -3.04    13.7s
    ‖ρε - ρref‖ = 0.0012064470827613414 ‖Δρ‖ = 0.0001673436969712674  ‖vε - vref‖ = 1.137702999020884  α = 0.00355
 58   -137.8494823063       -9.04       -3.21    14.5s
    ‖ρε - ρref‖ = 0.0012629495175423536 ‖Δρ‖ = 0.0001392109744398204  ‖vε - vref‖ = 1.1377901016521912  α = 0.00333
 59   -137.8494823070       -9.15       -3.24    13.2s
    ‖ρε - ρref‖ = 0.0011260673247871498 ‖Δρ‖ = 0.00013062364672465905  ‖vε - vref‖ = 1.1376954529315306  α = 0.00329
 60   -137.8494823079       -9.04       -2.82    14.3s
    ‖ρε - ρref‖ = 0.0014049489663774354 ‖Δρ‖ = 0.00027835641131105233  ‖vε - vref‖ = 1.1377716770920727  α = 0.00175
 61   -137.8494823091       -8.90       -3.43    13.5s
    ‖ρε - ρref‖ = 0.0012089694263694487 ‖Δρ‖ = 5.8561356285628174e-5  ‖vε - vref‖ = 1.1376726885886694  α = 0.00951
 62   -137.8494823106       -8.83       -3.57    15.1s
    ‖ρε - ρref‖ = 0.001211058153470822 ‖Δρ‖ = 4.542269536602521e-5  ‖vε - vref‖ = 1.13770540728239  α = 0.0125
 63   -137.8494823109       -9.54       -3.07    13.1s
    ‖ρε - ρref‖ = 0.0012204051722411954 ‖Δρ‖ = 0.00023070183447445602  ‖vε - vref‖ = 1.137691043518671  α = 0.00122
 64   -137.8494823120       -8.97       -3.33    14.2s
    ‖ρε - ρref‖ = 0.00121251115624577 ‖Δρ‖ = 7.889244522895795e-5  ‖vε - vref‖ = 1.1376569112993278  α = 0.00614
 65   -137.8494823130       -8.99       -3.39    13.3s
    ‖ρε - ρref‖ = 0.0012243608748729912 ‖Δρ‖ = 7.0279442839097e-5  ‖vε - vref‖ = 1.1378115626094616  α = 0.00694
 66   -137.8494823135       -9.35       -3.43    14.1s
    ‖ρε - ρref‖ = 0.0012118791378420916 ‖Δρ‖ = 6.980754350096372e-5  ‖vε - vref‖ = 1.1378075773443284  α = 0.0051
 67   -137.8494823139       -9.35       -3.19    14.1s
    ‖ρε - ρref‖ = 0.001216710914875826 ‖Δρ‖ = 0.00012343013668674152  ‖vε - vref‖ = 1.137817190404199  α = 0.00291
 68   -137.8494823148       -9.03       -3.40    13.8s
    ‖ρε - ρref‖ = 0.0012171105990095 ‖Δρ‖ = 6.36124994071183e-5  ‖vε - vref‖ = 1.13796024965579  α = 0.00708
 69   -137.8494823152       -9.45       -3.22    13.8s
    ‖ρε - ρref‖ = 0.001230373655830388 ‖Δρ‖ = 0.00012254491481077066  ‖vε - vref‖ = 1.1379869560911202  α = 0.0026
 70   -137.8494823156       -9.39       -3.41    13.8s
    ‖ρε - ρref‖ = 0.0011885947272141362 ‖Δρ‖ = 7.214525744574561e-5  ‖vε - vref‖ = 1.137895176541438  α = 0.00436
 71   -137.8494823158       -9.66       -3.30    13.8s
    ‖ρε - ρref‖ = 0.0013151272343365557 ‖Δρ‖ = 0.00012438630006103435  ‖vε - vref‖ = 1.137926617763098  α = 0.00196
 72   -137.8494823163       -9.37       -3.28    13.7s
    ‖ρε - ρref‖ = 0.0011706369153893046 ‖Δρ‖ = 0.00010998699379351058  ‖vε - vref‖ = 1.1378220561030015  α = 0.00287
 73   -137.8494823169       -9.17       -3.42    14.1s
    ‖ρε - ρref‖ = 0.0012136950334854697 ‖Δρ‖ = 5.8786470643312106e-5  ‖vε - vref‖ = 1.137669974706213  α = 0.00621
 74   -137.8494823174       -9.34       -3.83    14.6s
    ‖ρε - ρref‖ = 0.0012127210267534536 ‖Δρ‖ = 2.661410390743987e-5  ‖vε - vref‖ = 1.1376813113383095  α = 0.0127
 75   -137.8494823175       -9.85       -3.30    13.3s
    ‖ρε - ρref‖ = 0.0012294383658301268 ‖Δρ‖ = 0.00013567085080623987  ‖vε - vref‖ = 1.137724975973779  α = 0.00144
 76   -137.8494823182       -9.19       -3.39    12.2s
    ‖ρε - ρref‖ = 0.0012221193312319432 ‖Δρ‖ = 5.7293053405636455e-5  ‖vε - vref‖ = 1.1380012770351335  α = 0.00638
 77   -137.8494823187       -9.29       -3.58    14.7s
    ‖ρε - ρref‖ = 0.0012080571111596607 ‖Δρ‖ = 3.906131800598392e-5  ‖vε - vref‖ = 1.138027628284253  α = 0.00906
 78   -137.8494823189       -9.64       -3.60    14.5s
    ‖ρε - ρref‖ = 0.0012158534752595394 ‖Δρ‖ = 4.804503253436035e-5  ‖vε - vref‖ = 1.1380665829400705  α = 0.00527
 79   -137.8494823192       -9.57       -3.33    13.3s
    ‖ρε - ρref‖ = 0.0012174040603619212 ‖Δρ‖ = 8.572057529060788e-5  ‖vε - vref‖ = 1.138077236845738  α = 0.0032
 80   -137.8494823197       -9.31       -3.48    13.6s
    ‖ρε - ρref‖ = 0.001212309003783689 ‖Δρ‖ = 5.606912025293327e-5  ‖vε - vref‖ = 1.1379773092913228  α = 0.00573
 81   -137.8494823198       -9.77       -3.38    13.6s
    ‖ρε - ρref‖ = 0.0012048034718006014 ‖Δρ‖ = 7.539165135534817e-5  ‖vε - vref‖ = 1.1379523632172632  α = 0.00296
 82   -137.8494823201       -9.62       -3.55    13.1s
    ‖ρε - ρref‖ = 0.0012426497113126682 ‖Δρ‖ = 5.7258490307189766e-5  ‖vε - vref‖ = 1.1380081423723132  α = 0.00421
 83   -137.8494823202       -9.87       -3.28    13.8s
    ‖ρε - ρref‖ = 0.001114451252464551 ‖Δρ‖ = 0.00012765634439943494  ‖vε - vref‖ = 1.137968836843433  α = 0.00153
 84   -137.8494823206       -9.46       -3.56    13.8s
    ‖ρε - ρref‖ = 0.0012280368528079177 ‖Δρ‖ = 5.951960281476929e-5  ‖vε - vref‖ = 1.1380065474635725  α = 0.00459
 85   -137.8494823208       -9.63       -3.52    13.6s
    ‖ρε - ρref‖ = 0.0012159014917723675 ‖Δρ‖ = 5.5770354610744106e-5  ‖vε - vref‖ = 1.1380502592291906  α = 0.00416
 86   -137.8494823211       -9.51       -3.87    13.9s
    ‖ρε - ρref‖ = 0.001213659230303982 ‖Δρ‖ = 2.1977187492365634e-5  ‖vε - vref‖ = 1.1380530042635004  α = 0.0123
 87   -137.8494823212      -10.16       -3.39    13.0s
    ‖ρε - ρref‖ = 0.0012131962832525045 ‖Δρ‖ = 0.00011477172653932838  ‖vε - vref‖ = 1.1380375716519533  α = 0.00119
 88   -137.8494823214       -9.67       -3.61    12.4s
    ‖ρε - ρref‖ = 0.0012111973992116492 ‖Δρ‖ = 4.2002026523015096e-5  ‖vε - vref‖ = 1.1379695713174869  α = 0.00558
 89   -137.8494823217       -9.48       -3.83    13.4s
    ‖ρε - ρref‖ = 0.0012135688791094902 ‖Δρ‖ = 2.0816737814478277e-5  ‖vε - vref‖ = 1.1379257426228087  α = 0.0124
 90   -137.8494823219       -9.89       -3.89    14.3s
    ‖ρε - ρref‖ = 0.001211344297089822 ‖Δρ‖ = 2.5235596999348328e-5  ‖vε - vref‖ = 1.1379014907304617  α = 0.00733
 91   -137.8494823220       -9.86       -3.39    13.4s
    ‖ρε - ρref‖ = 0.0012143222208205154 ‖Δρ‖ = 7.257230545037633e-5  ‖vε - vref‖ = 1.137899507117961  α = 0.00262
 92   -137.8494823222       -9.80       -3.75    13.2s
    ‖ρε - ρref‖ = 0.001215164602613714 ‖Δρ‖ = 3.3850679790001074e-5  ‖vε - vref‖ = 1.1379607309534097  α = 0.0058
 93   -137.8494823223       -9.98       -3.56    13.8s
    ‖ρε - ρref‖ = 0.0012236511034913133 ‖Δρ‖ = 4.9188839254409624e-5  ‖vε - vref‖ = 1.1379754179526262  α = 0.00347
 94   -137.8494823223      -10.07       -3.60    12.5s
    ‖ρε - ρref‖ = 0.0011750836145152201 ‖Δρ‖ = 5.838071820582177e-5  ‖vε - vref‖ = 1.1379241858802889  α = 0.00251
 95   -137.8494823224      -10.31       -3.41    13.4s
    ‖ρε - ρref‖ = 0.0012714133727272925 ‖Δρ‖ = 8.484218898263008e-5  ‖vε - vref‖ = 1.1379391624402997  α = 0.00143
 96   -137.8494823225       -9.84       -3.86    13.2s
    ‖ρε - ρref‖ = 0.001211674284755673 ‖Δρ‖ = 2.4835612512376995e-5  ‖vε - vref‖ = 1.1379406184357257  α = 0.00722
 97   -137.8494823227       -9.95       -3.88    14.6s
    ‖ρε - ρref‖ = 0.0012128422306030358 ‖Δρ‖ = 2.8530573591941166e-5  ‖vε - vref‖ = 1.1379297544604003  α = 0.00536
 98   -137.8494823228       -9.87       -3.84    14.0s
    ‖ρε - ρref‖ = 0.0012115515261021381 ‖Δρ‖ = 2.651920227860211e-5  ‖vε - vref‖ = 1.1379240623004467  α = 0.00683
 99   -137.8494823228      -10.50       -3.54    12.6s
    ‖ρε - ρref‖ = 0.0012154936402947827 ‖Δρ‖ = 7.403907578517402e-5  ‖vε - vref‖ = 1.1379282445746002  α = 0.00123
 100   -137.8494823229       -9.99       -3.76    13.9s
    ‖ρε - ρref‖ = 0.001211467339675245 ‖Δρ‖ = 2.8201958036759706e-5  ‖vε - vref‖ = 1.137935744246149  α = 0.00562
 101   -137.8494823230       -9.91       -4.07    12.8s
    ‖ρε - ρref‖ = 0.0012147530764880438 ‖Δρ‖ = 1.3309317407060837e-5  ‖vε - vref‖ = 1.1379842302206913  α = 0.0124
 102   -137.8494823231      -10.05       -3.99    14.0s
    ‖ρε - ρref‖ = 0.0012135571101708187 ‖Δρ‖ = 1.6054392402289165e-5  ‖vε - vref‖ = 1.1379729195293835  α = 0.00938
 103   -137.8494823232      -10.30       -3.52    12.1s
    ‖ρε - ρref‖ = 0.0012108769100305854 ‖Δρ‖ = 5.3936288271784204e-5  ‖vε - vref‖ = 1.137945247844734  α = 0.00222
 104   -137.8494823233      -10.03       -3.84    13.6s
    ‖ρε - ρref‖ = 0.0012104850622376177 ‖Δρ‖ = 2.3743083033651755e-5  ‖vε - vref‖ = 1.1378529323804678  α = 0.00637
 105   -137.8494823233      -10.35       -3.81    13.6s
    ‖ρε - ρref‖ = 0.0012051812172751216 ‖Δρ‖ = 2.9206066304163374e-5  ‖vε - vref‖ = 1.1378280797961948  α = 0.00388
 106   -137.8494823234      -10.35       -3.65    13.5s
    ‖ρε - ρref‖ = 0.0012464664052183024 ‖Δρ‖ = 4.5762301640715444e-5  ‖vε - vref‖ = 1.1378483397820147  α = 0.00234
 107   -137.8494823234      -10.52       -3.53    13.2s
    ‖ρε - ρref‖ = 0.001177151380928222 ‖Δρ‖ = 6.179934452948141e-5  ‖vε - vref‖ = 1.137827419948831  α = 0.0015
 108   -137.8494823234      -10.30       -3.97    14.0s
    ‖ρε - ρref‖ = 0.0012137933775981018 ‖Δρ‖ = 1.9789882947716022e-5  ‖vε - vref‖ = 1.1378192581531312  α = 0.00569
 109   -137.8494823235      -10.16       -4.07    13.1s
    ‖ρε - ρref‖ = 0.0012143188705320046 ‖Δρ‖ = 1.4849476435566681e-5  ‖vε - vref‖ = 1.1378894867601628  α = 0.00806
 110   -137.8494823236      -10.31       -4.01    13.8s
    ‖ρε - ρref‖ = 0.0012139563509129165 ‖Δρ‖ = 1.9308235506563414e-5  ‖vε - vref‖ = 1.1379361725253225  α = 0.00546
 111   -137.8494823236      -10.65       -3.71    13.8s
    ‖ρε - ρref‖ = 0.001212547755244036 ‖Δρ‖ = 4.5824020284072463e-5  ‖vε - vref‖ = 1.1379460716421603  α = 0.00168
 112   -137.8494823236      -10.36       -3.71    12.9s
    ‖ρε - ρref‖ = 0.0012132588520163787 ‖Δρ‖ = 3.390942961405507e-5  ‖vε - vref‖ = 1.1379564036386638  α = 0.00291
 113   -137.8494823237      -10.32       -4.28    14.4s
    ‖ρε - ρref‖ = 0.001211852230501175 ‖Δρ‖ = 9.49508263562469e-6  ‖vε - vref‖ = 1.1379131890587093  α = 0.0113
 114   -137.8494823237      -10.17       -4.07    13.7s
    ‖ρε - ρref‖ = 0.001212714795593696 ‖Δρ‖ = 1.0691897866484209e-5  ‖vε - vref‖ = 1.1378739120780716  α = 0.0111
 115   -137.8494823238      -10.81       -3.96    13.3s
    ‖ρε - ρref‖ = 0.001213965496120087 ‖Δρ‖ = 2.066472110666081e-5  ‖vε - vref‖ = 1.1378816743900557  α = 0.00332
 116   -137.8494823238      -10.36       -3.92    13.6s
    ‖ρε - ρref‖ = 0.0012130574980467408 ‖Δρ‖ = 1.911403443478371e-5  ‖vε - vref‖ = 1.137919587003233  α = 0.00533
 117   -137.8494823238      -10.68       -4.12    13.8s
    ‖ρε - ρref‖ = 0.001217109838030082 ‖Δρ‖ = 1.3365432949717645e-5  ‖vε - vref‖ = 1.1379369652496785  α = 0.00577
 118   -137.8494823238      -10.71       -3.74    13.6s
    ‖ρε - ρref‖ = 0.0011870940611408034 ‖Δρ‖ = 3.626534038451086e-5  ‖vε - vref‖ = 1.1379290322929334  α = 0.00197
 119   -137.8494823239      -10.78       -3.80    13.7s
    ‖ρε - ρref‖ = 0.0012339490063674658 ‖Δρ‖ = 3.5867154670364496e-5  ‖vε - vref‖ = 1.1379494772866572  α = 0.00187
 120   -137.8494823239      -10.56       -4.02    12.4s
    ‖ρε - ρref‖ = 0.00121231719600374 ‖Δρ‖ = 1.7167690052530372e-5  ‖vε - vref‖ = 1.137957999213288  α = 0.00481
 121   -137.8494823239      -10.51       -4.17    12.4s
    ‖ρε - ρref‖ = 0.001212009651431218 ‖Δρ‖ = 1.0558673955011024e-5  ‖vε - vref‖ = 1.1379172610545476  α = 0.00786
 122   -137.8494823239      -10.63       -4.12    13.3s
    ‖ρε - ρref‖ = 0.001213174509896182 ‖Δρ‖ = 1.3382119197180402e-5  ‖vε - vref‖ = 1.137907045876762  α = 0.00571
 123   -137.8494823240      -11.03       -3.96    14.4s
    ‖ρε - ρref‖ = 0.0012139610855437294 ‖Δρ‖ = 3.0538241314688126e-5  ‖vε - vref‖ = 1.1379067504774507  α = 0.00164
 124   -137.8494823240      -10.69       -4.00    12.3s
    ‖ρε - ρref‖ = 0.0012114452597816923 ‖Δρ‖ = 1.98179266750207e-5  ‖vε - vref‖ = 1.1379002864432717  α = 0.00329
 125   -137.8494823240      -10.67       -4.17    13.5s
    ‖ρε - ρref‖ = 0.001211976649881944 ‖Δρ‖ = 1.096857220597699e-5  ‖vε - vref‖ = 1.137893822681619  α = 0.00667
 126   -137.8494823240      -10.50       -4.30    14.0s
    ‖ρε - ρref‖ = 0.0012133355601825462 ‖Δρ‖ = 7.320614662823634e-6  ‖vε - vref‖ = 1.1379205146933058  α = 0.0113
 127   -137.8494823240      -10.72       -4.25    13.4s
    ‖ρε - ρref‖ = 0.0012133300330579276 ‖Δρ‖ = 9.194323948211101e-6  ‖vε - vref‖ = 1.137937432446488  α = 0.00773
 128   -137.8494823241      -11.02       -3.84    13.5s
    ‖ρε - ρref‖ = 0.0012150920020864893 ‖Δρ‖ = 2.7480365312567534e-5  ‖vε - vref‖ = 1.1379447940889504  α = 0.00195
 129   -137.8494823241      -10.62       -4.38    12.5s
    ‖ρε - ρref‖ = 0.0012111813830975786 ‖Δρ‖ = 6.5948264735028036e-6  ‖vε - vref‖ = 1.1379425419779894  α = 0.0107
 130   -137.8494823241      -11.25       -4.03    13.7s
    ‖ρε - ρref‖ = 0.0012307598181278006 ‖Δρ‖ = 2.4044075470725513e-5  ‖vε - vref‖ = 1.1379519952402926  α = 0.00168
 131   -137.8494823241      -10.98       -4.10    12.9s
    ‖ρε - ρref‖ = 0.001203666297677334 ‖Δρ‖ = 1.741755865579534e-5  ‖vε - vref‖ = 1.1379416256946195  α = 0.00293
 132   -137.8494823241      -10.98       -4.00    13.3s
    ‖ρε - ρref‖ = 0.0012176373546003065 ‖Δρ‖ = 2.0411708878980975e-5  ‖vε - vref‖ = 1.137942435074569  α = 0.00259
 133   -137.8494823241      -10.79       -4.38    13.5s
    ‖ρε - ρref‖ = 0.0012125868561079938 ‖Δρ‖ = 6.773808712497069e-6  ‖vε - vref‖ = 1.1379310637243634  α = 0.0087
 134   -137.8494823241      -10.93       -4.41    13.4s
    ‖ρε - ρref‖ = 0.0012116556722139948 ‖Δρ‖ = 7.96608619037372e-6  ‖vε - vref‖ = 1.1379067306049888  α = 0.00684
 135   -137.8494823241      -11.18       -4.13    13.7s
    ‖ρε - ρref‖ = 0.0012126803672199231 ‖Δρ‖ = 1.720779907814481e-5  ‖vε - vref‖ = 1.1379048250148442  α = 0.00247
 136   -137.8494823242      -10.94       -3.94    14.5s
    ‖ρε - ρref‖ = 0.0012156943590995687 ‖Δρ‖ = 2.2095110705933767e-5  ‖vε - vref‖ = 1.1379163627206288  α = 0.00225
 137   -137.8494823242      -11.03       -4.35    14.4s
    ‖ρε - ρref‖ = 0.0012133670764957886 ‖Δρ‖ = 8.75350530406081e-6  ‖vε - vref‖ = 1.1379290664072146  α = 0.00546
 138   -137.8494823242      -10.95       -4.50    13.9s
    ‖ρε - ρref‖ = 0.0012125519681304086 ‖Δρ‖ = 5.9165777838932765e-6  ‖vε - vref‖ = 1.1379321500663158  α = 0.00855
 139   -137.8494823242      -10.73       -4.44    12.9s
    ‖ρε - ρref‖ = 0.001213007700545456 ‖Δρ‖ = 5.591437907287044e-6  ‖vε - vref‖ = 1.1379479903352718  α = 0.0106
 140   -137.8494823242      -11.41       -4.21    14.0s
    ‖ρε - ρref‖ = 0.0012124722447931975 ‖Δρ‖ = 1.1160487014718648e-5  ‖vε - vref‖ = 1.137944088861314  α = 0.00315
 141   -137.8494823242      -11.07       -4.19    13.8s
    ‖ρε - ρref‖ = 0.0012138405765665208 ‖Δρ‖ = 1.0643212275079607e-5  ‖vε - vref‖ = 1.137929148366111  α = 0.00443
 142   -137.8494823242      -11.11       -4.39    12.9s
    ‖ρε - ρref‖ = 0.0012086139787407613 ‖Δρ‖ = 7.307228667218885e-6  ‖vε - vref‖ = 1.1379043431140174  α = 0.00601
 143   -137.8494823242      -11.31       -3.86    12.3s
    ‖ρε - ρref‖ = 0.0012340104489280313 ‖Δρ‖ = 2.8462106174663133e-5  ‖vε - vref‖ = 1.1379033591116852  α = 0.00125
 144   -137.8494823242      -11.22       -4.35    13.9s
    ‖ρε - ρref‖ = 0.0012103648520608164 ‖Δρ‖ = 8.89005658176232e-6  ‖vε - vref‖ = 1.137895914904543  α = 0.00456
 145   -137.8494823242      -11.06       -4.12    13.5s
    ‖ρε - ρref‖ = 0.001213155047285467 ‖Δρ‖ = 1.2790902683319946e-5  ‖vε - vref‖ = 1.1378975959850932  α = 0.00364
 146   -137.8494823242      -10.98       -4.70    13.4s
    ‖ρε - ρref‖ = 0.001213194010830633 ‖Δρ‖ = 3.286763389543179e-6  ‖vε - vref‖ = 1.137930740994372  α = 0.0139
 147   -137.8494823242      -11.56       -4.30    13.4s
    ‖ρε - ρref‖ = 0.0012129466725840214 ‖Δρ‖ = 1.2378234382856877e-5  ‖vε - vref‖ = 1.13793564260553  α = 0.00234
 148   -137.8494823242      -11.49       -4.21    14.2s
    ‖ρε - ρref‖ = 0.0012119386775364313 ‖Δρ‖ = 1.6228537347364807e-5  ‖vε - vref‖ = 1.1379366180300494  α = 0.00162
 149   -137.8494823243      -11.21       -4.63    13.7s
    ‖ρε - ρref‖ = 0.0012131502471428876 ‖Δρ‖ = 4.364581901350674e-6  ‖vε - vref‖ = 1.1379443605399093  α = 0.00878
 150   -137.8494823243      -11.13       -4.46    13.2s
    ‖ρε - ρref‖ = 0.0012127274989690547 ‖Δρ‖ = 5.950909228562397e-6  ‖vε - vref‖ = 1.137942614251684  α = 0.00651
 151   -137.8494823243      -11.33       -4.53    13.9s
    ‖ρε - ρref‖ = 0.0012121670186241752 ‖Δρ‖ = 5.300822753221298e-6  ‖vε - vref‖ = 1.137928910323493  α = 0.0063
 152   -137.8494823243      -11.26       -4.70    13.9s
    ‖ρε - ρref‖ = 0.0012130075843505609 ‖Δρ‖ = 3.770400600564015e-6  ‖vε - vref‖ = 1.1379253170354153  α = 0.00967
 153   -137.8494823243      -11.57       -4.10    13.5s
    ‖ρε - ρref‖ = 0.0012118330012228266 ‖Δρ‖ = 1.4559256463237493e-5  ‖vε - vref‖ = 1.137922181301444  α = 0.00194
 154   -137.8494823243      -11.32       -4.58    13.7s
    ‖ρε - ρref‖ = 0.0012139271132640384 ‖Δρ‖ = 4.577094452329451e-6  ‖vε - vref‖ = 1.1379151551433657  α = 0.0075
 155   -137.8494823243      -11.89       -4.31    14.1s
    ‖ρε - ρref‖ = 0.0012002462523882317 ‖Δρ‖ = 1.4566814121275405e-5  ‖vε - vref‖ = 1.1379083639710914  α = 0.0013
 156   -137.8494823243      -11.33       -4.44    14.2s
    ‖ρε - ρref‖ = 0.0012148030555790557 ‖Δρ‖ = 5.775024732316435e-6  ‖vε - vref‖ = 1.1379130417752201  α = 0.00586
 157   -137.8494823243      -11.62       -4.24    13.6s
    ‖ρε - ρref‖ = 0.0012122690643108333 ‖Δρ‖ = 1.1058823898493322e-5  ‖vε - vref‖ = 1.1379146247844159  α = 0.00247
 158   -137.8494823243      -11.36       -4.53    14.1s
    ‖ρε - ρref‖ = 0.0012128599482536255 ‖Δρ‖ = 4.750370120280289e-6  ‖vε - vref‖ = 1.1379186479248145  α = 0.00671
 159   -137.8494823243      -11.43       -4.81    13.8s
    ‖ρε - ρref‖ = 0.0012125430753528134 ‖Δρ‖ = 3.0661703932941377e-6  ‖vε - vref‖ = 1.1379224359166993  α = 0.00952
 160   -137.8494823243      -11.68       -4.04    13.9s
    ‖ρε - ρref‖ = 0.0012125825348268263 ‖Δρ‖ = 2.0170789923221867e-5  ‖vε - vref‖ = 1.1379251334431835  α = 0.00114
 161   -137.8494823243      -11.51       -4.64    13.5s
    ‖ρε - ρref‖ = 0.001212632498534962 ‖Δρ‖ = 4.532069168297392e-6  ‖vε - vref‖ = 1.1379249255828707  α = 0.00539
 162   -137.8494823243      -11.58       -4.63    13.9s
    ‖ρε - ρref‖ = 0.001213626428985113 ‖Δρ‖ = 4.570256719630273e-6  ‖vε - vref‖ = 1.1379318866575574  α = 0.00541
 163   -137.8494823243      -11.51       -4.81    14.7s
    ‖ρε - ρref‖ = 0.0012128649023269442 ‖Δρ‖ = 2.728191750073339e-6  ‖vε - vref‖ = 1.1379300451068008  α = 0.00988
 164   -137.8494823243      -11.45       -4.56    12.7s
    ‖ρε - ρref‖ = 0.0012122255191354709 ‖Δρ‖ = 4.032111817816869e-6  ‖vε - vref‖ = 1.137917682336495  α = 0.00718
 165   -137.8494823243      -11.87       -4.55    15.0s
    ‖ρε - ρref‖ = 0.0012133274467013256 ‖Δρ‖ = 5.752354705135209e-6  ‖vε - vref‖ = 1.1379187673072555  α = 0.00358
 166   -137.8494823243      -11.76       -4.42    13.4s
    ‖ρε - ρref‖ = 0.0012120278795228329 ‖Δρ‖ = 7.45295280022241e-6  ‖vε - vref‖ = 1.1379209475699361  α = 0.00296
 167   -137.8494823243      -11.82       -4.72    13.9s
    ‖ρε - ρref‖ = 0.0012156702460084407 ‖Δρ‖ = 4.080202821946406e-6  ‖vε - vref‖ = 1.137925063995708  α = 0.00492
 168   -137.8494823243      -11.75       -4.17    12.6s
    ‖ρε - ρref‖ = 0.001203842255580392 ‖Δρ‖ = 1.3181727074538904e-5  ‖vε - vref‖ = 1.1379195264895132  α = 0.00162
 169   -137.8494823243      -11.68       -4.73    14.5s
    ‖ρε - ρref‖ = 0.0012133041372488637 ‖Δρ‖ = 3.290357835976077e-6  ‖vε - vref‖ = 1.1379235524303852  α = 0.00661
 170   -137.8494823243      -11.75       -4.36    14.3s
    ‖ρε - ρref‖ = 0.001212931106691419 ‖Δρ‖ = 7.729511349516803e-6  ‖vε - vref‖ = 1.1379271279671996  α = 0.00273
 171   -137.8494823243      -11.62       -4.85    14.0s
    ‖ρε - ρref‖ = 0.0012127725199321334 ‖Δρ‖ = 1.9928069234388253e-6  ‖vε - vref‖ = 1.137927434755558  α = 0.0117
 172   -137.8494823243      -12.43       -4.46    13.3s
    ‖ρε - ρref‖ = 0.0012125432343373967 ‖Δρ‖ = 8.753660619621561e-6  ‖vε - vref‖ = 1.1379270092501717  α = 0.00139
 173   -137.8494823243      -11.86       -4.56    13.2s
    ‖ρε - ρref‖ = 0.0012128561329373666 ‖Δρ‖ = 4.424892180034748e-6  ‖vε - vref‖ = 1.1379270571918096  α = 0.00453
 174   -137.8494823243      -11.65       -4.88    14.0s
    ‖ρε - ρref‖ = 0.0012125492594216437 ‖Δρ‖ = 2.277290292999472e-6  ‖vε - vref‖ = 1.137919573399597  α = 0.00887
 175   -137.8494823243      -11.78       -4.64    12.9s
    ‖ρε - ρref‖ = 0.0012130759285243718 ‖Δρ‖ = 4.105892133127376e-6  ‖vε - vref‖ = 1.1379193531492702  α = 0.00426
 176   -137.8494823243      -11.88       -4.97    13.3s
    ‖ρε - ρref‖ = 0.0012129215647315528 ‖Δρ‖ = 1.7316292237469635e-6  ‖vε - vref‖ = 1.137921152270836  α = 0.0109
 177   -137.8494823243      -11.97       -4.79    14.1s
    ‖ρε - ρref‖ = 0.0012125215693990184 ‖Δρ‖ = 2.8869748771638618e-6  ‖vε - vref‖ = 1.137919212130891  α = 0.00663
 178   -137.8494823243      -11.87       -4.43    14.9s
    ‖ρε - ρref‖ = 0.0012139022628936164 ‖Δρ‖ = 7.396238356960656e-6  ‖vε - vref‖ = 1.1379202689254155  α = 0.00221
 179   -137.8494823243      -12.07       -4.70    13.0s
    ‖ρε - ρref‖ = 0.0012110960837661956 ‖Δρ‖ = 3.94424813038449e-6  ‖vε - vref‖ = 1.1379213447954784  α = 0.00404
 180   -137.8494823243      -12.50       -4.52    13.3s
    ‖ρε - ρref‖ = 0.0012197955559183008 ‖Δρ‖ = 8.30913407818149e-6  ‖vε - vref‖ = 1.1379250280009956  α = 0.00119
 181   -137.8494823243      -11.79       -4.83    14.1s
    ‖ρε - ρref‖ = 0.0012123409729487477 ‖Δρ‖ = 2.1019126025897487e-6  ‖vε - vref‖ = 1.137923115932477  α = 0.00856
 182   -137.8494823243      -12.29       -4.71    14.0s
    ‖ρε - ρref‖ = 0.0012130743513782064 ‖Δρ‖ = 3.949094363499409e-6  ‖vε - vref‖ = 1.137924125514093  α = 0.0034
 183   -137.8494823243      -11.84       -4.71    13.5s
    ‖ρε - ρref‖ = 0.001213050668756451 ‖Δρ‖ = 3.066491599545486e-6  ‖vε - vref‖ = 1.1379281122050506  α = 0.00591
 184   -137.8494823243      -12.32       -4.90    13.4s
    ‖ρε - ρref‖ = 0.0012126976380498259 ‖Δρ‖ = 2.8983906321650155e-6  ‖vε - vref‖ = 1.1379269219700736  α = 0.00387
 185   -137.8494823243      -12.11       -4.37    12.7s
    ‖ρε - ρref‖ = 0.0012119249241777823 ‖Δρ‖ = 6.985689402988497e-6  ‖vε - vref‖ = 1.1379226510146643  α = 0.00219
 186   -137.8494823243      -11.92       -4.91    13.6s
    ‖ρε - ρref‖ = 0.0012128908479507059 ‖Δρ‖ = 1.9046369339488097e-6  ‖vε - vref‖ = 1.1379235495426858  α = 0.00809
 187   -137.8494823243      -12.27       -5.07    14.3s
    ‖ρε - ρref‖ = 0.0012126836739281633 ‖Δρ‖ = 1.7171038797366436e-6  ‖vε - vref‖ = 1.1379210720390789  α = 0.00716
 188   -137.8494823243      -11.98       -4.86    13.7s
    ‖ρε - ρref‖ = 0.0012128752893522732 ‖Δρ‖ = 2.2612681986654607e-6  ‖vε - vref‖ = 1.137921273557824  α = 0.00608
 189   -137.8494823243      -12.04       -5.09    15.0s
    ‖ρε - ρref‖ = 0.0012129376496209322 ‖Δρ‖ = 1.440552430367246e-6  ‖vε - vref‖ = 1.1379247294849058  α = 0.00976
 190   -137.8494823243      -12.32       -4.62    13.5s
    ‖ρε - ρref‖ = 0.0012121246016392013 ‖Δρ‖ = 4.393288409477747e-6  ‖vε - vref‖ = 1.1379250765190323  α = 0.0026
 191   -137.8494823243      -12.43       -4.74    12.8s
    ‖ρε - ρref‖ = 0.0012142380073990816 ‖Δρ‖ = 3.6421331404693462e-6  ‖vε - vref‖ = 1.1379268236900686  α = 0.00321
 192   -137.8494823243      -12.50       -4.71    13.3s
    ‖ρε - ρref‖ = 0.0012089151198990888 ‖Δρ‖ = 4.7976612782459345e-6  ‖vε - vref‖ = 1.1379250471295783  α = 0.00149
 193   -137.8494823243      -12.34       -4.88    12.2s
    ‖ρε - ρref‖ = 0.0012134937747295042 ‖Δρ‖ = 2.3937210998414625e-6  ‖vε - vref‖ = 1.1379260163394123  α = 0.00517
 194   -137.8494823243      -12.18       -4.97    13.8s
    ‖ρε - ρref‖ = 0.0012124670663932675 ‖Δρ‖ = 1.8722703622367551e-6  ‖vε - vref‖ = 1.1379196776265368  α = 0.00658
 195   -137.8494823243      -12.40       -4.69    13.1s
    ‖ρε - ρref‖ = 0.0012125496178069664 ‖Δρ‖ = 3.9495824540490774e-6  ‖vε - vref‖ = 1.1379157703445855  α = 0.00272
 196   -137.8494823243      -12.40       -4.95    14.1s
    ‖ρε - ρref‖ = 0.0012128510069318707 ‖Δρ‖ = 1.84265243040512e-6  ‖vε - vref‖ = 1.137915557682831  α = 0.00631
 197   -137.8494823243      -12.85       -4.56    13.2s
    ‖ρε - ρref‖ = 0.0012132097822133404 ‖Δρ‖ = 6.726958238797513e-6  ‖vε - vref‖ = 1.137916335638616  α = 0.00105
 198   -137.8494823243      -12.11       -5.10    13.2s
    ‖ρε - ρref‖ = 0.0012128645146303936 ‖Δρ‖ = 1.1654004348631405e-6  ‖vε - vref‖ = 1.1379221317985266  α = 0.0107
 199   -137.8494823243      -12.15       -5.19    13.7s
    ‖ρε - ρref‖ = 0.0012128726952043908 ‖Δρ‖ = 1.0053323529710047e-6  ‖vε - vref‖ = 1.1379314443791895  α = 0.0119

#-- ‖ρε - ρref‖ = 0.0012127958923249557 vs. 1.7782794100389227e-6 = δ*ε ‖vε - vref‖ = 1.1379310672454026


# --- ε=0.0001

n     Energy            log10(ΔE)   log10(Δρ)   Δtime 
---   ---------------   ---------   ---------   ------
  1   -137.8467037615                    0.57    18.3s
    ‖ρε - ρref‖ = 1.3031913350024285 ‖Δρ‖ = 1.302749482961744  ‖vε - vref‖ = 3.445786163608823  α = 0.000524
  2   -137.8467862297       -4.08       -0.40    11.1s
    ‖ρε - ρref‖ = 0.09276501437414528 ‖Δρ‖ = 0.09263133982813544  ‖vε - vref‖ = 3.2604126732216296  α = 0.00124
  3   -137.8468065679       -4.69       -0.37    13.3s
    ‖ρε - ρref‖ = 0.10375206426965335 ‖Δρ‖ = 0.10368900356741789  ‖vε - vref‖ = 3.232084318901146  α = 0.000573
  4   -137.8468446614       -4.42       -0.94    12.4s
    ‖ρε - ρref‖ = 0.02313812575529383 ‖Δρ‖ = 0.022980793573734542  ‖vε - vref‖ = 3.103059248172315  α = 0.00339
  5   -137.8468549366       -4.99       -0.99    12.0s
    ‖ρε - ρref‖ = 0.02411025838861684 ‖Δρ‖ = 0.024042625736531743  ‖vε - vref‖ = 3.0521863920356807  α = 0.00161
  6   -137.8468582830       -5.48       -1.07    13.6s
    ‖ρε - ρref‖ = 0.016374170493837034 ‖Δρ‖ = 0.01637780555955896  ‖vε - vref‖ = 3.0538814263729517  α = 0.00148
  7   -137.8468635963       -5.27       -1.15    13.1s
    ‖ρε - ρref‖ = 0.011609001077118713 ‖Δρ‖ = 0.011632080924362827  ‖vε - vref‖ = 3.0637087698797694  α = 0.00258
  8   -137.8468666373       -5.52       -1.34    13.5s
    ‖ρε - ρref‖ = 0.009578793644978689 ‖Δρ‖ = 0.009582060314126766  ‖vε - vref‖ = 3.0514886899980436  α = 0.00241
  9   -137.8468755033       -5.05       -1.28    13.6s
    ‖ρε - ρref‖ = 0.010699554514947616 ‖Δρ‖ = 0.010724910841874293  ‖vε - vref‖ = 3.00025147136292  α = 0.00359
 10   -137.8469101886       -4.46       -1.34    14.1s
    ‖ρε - ρref‖ = 0.006977422667937718 ‖Δρ‖ = 0.007134363064037684  ‖vε - vref‖ = 2.8273190377791346  α = 0.0102
 11   -137.8469824946       -4.14       -1.48    14.7s
    ‖ρε - ρref‖ = 0.004744814159990679 ‖Δρ‖ = 0.005014893774192965  ‖vε - vref‖ = 2.474314281890271  α = 0.0214
 12   -137.8471626091       -3.74        0.10    14.8s
    ‖ρε - ρref‖ = 0.22867922035302277 ‖Δρ‖ = 0.2285785496550347  ‖vε - vref‖ = 1.2937282447313287  α = 0.000337
 13   -137.8471630117       -6.40       -2.04    13.8s
    ‖ρε - ρref‖ = 0.001425024539154309 ‖Δρ‖ = 0.0013176818788303397  ‖vε - vref‖ = 1.2933298149831305  α = 0.00642
 14   -137.8471646370       -5.79       -2.17    14.4s
    ‖ρε - ρref‖ = 0.0011566335915183994 ‖Δρ‖ = 0.0010755866428224124  ‖vε - vref‖ = 1.2957973930466735  α = 0.0141
 15   -137.8471653716       -6.13       -1.22    13.0s
    ‖ρε - ρref‖ = 0.015411316629765847 ‖Δρ‖ = 0.015381010855673566  ‖vε - vref‖ = 1.2923275440796347  α = 0.000717
 16   -137.8471680012       -5.58       -1.52    14.3s
    ‖ρε - ρref‖ = 0.004754934671211006 ‖Δρ‖ = 0.00469619583692284  ‖vε - vref‖ = 1.2744880975524828  α = 0.00386
 17   -137.8471686286       -6.20       -1.71    13.8s
    ‖ρε - ρref‖ = 0.004287886788811532 ‖Δρ‖ = 0.00430418562958873  ‖vε - vref‖ = 1.2614613314945429  α = 0.0022
 18   -137.8471694124       -6.11       -1.65    14.1s
    ‖ρε - ρref‖ = 0.0042531425550203505 ‖Δρ‖ = 0.004258363555808234  ‖vε - vref‖ = 1.2491121370926033  α = 0.00267
 19   -137.8471706879       -5.89       -1.47    15.2s
    ‖ρε - ρref‖ = 0.006237740469007214 ‖Δρ‖ = 0.006270319482060849  ‖vε - vref‖ = 1.2352410101350704  α = 0.00221
 20   -137.8471721448       -5.84       -1.65    14.1s
    ‖ρε - ρref‖ = 0.004390367939638093 ‖Δρ‖ = 0.00446340544005001  ‖vε - vref‖ = 1.2197496337818268  α = 0.00332
 21   -137.8471733080       -5.93       -1.31    12.8s
    ‖ρε - ρref‖ = 0.00890717595230565 ‖Δρ‖ = 0.008985057139930544  ‖vε - vref‖ = 1.2000532531669565  α = 0.0015
 22   -137.8471742697       -6.02       -1.73    14.2s
    ‖ρε - ρref‖ = 0.003647506839036625 ‖Δρ‖ = 0.0037235538199519315  ‖vε - vref‖ = 1.1736086404924349  α = 0.00309
 23   -137.8471812636       -5.16       -0.66    14.4s
    ‖ρε - ρref‖ = 0.05188140494122538 ‖Δρ‖ = 0.0519973865127491  ‖vε - vref‖ = 1.1001345398149853  α = 0.000624
 24   -137.8471832670       -5.70       -1.57    13.1s
    ‖ρε - ρref‖ = 0.0047615628439904726 ‖Δρ‖ = 0.004645806295667013  ‖vε - vref‖ = 1.0765670383203858  α = 0.00388
 25   -137.8471844223       -5.94       -1.72    12.9s
    ‖ρε - ρref‖ = 0.003015475832315584 ‖Δρ‖ = 0.002879882315665009  ‖vε - vref‖ = 1.0630908640782637  α = 0.00471
 26   -137.8471846531       -6.64       -1.62    13.6s
    ‖ρε - ρref‖ = 0.006066405242273644 ‖Δρ‖ = 0.006066840537619536  ‖vε - vref‖ = 1.0595281580247788  α = 0.000985
 27   -137.8471853743       -6.14       -1.54    14.4s
    ‖ρε - ρref‖ = 0.0047833979018371015 ‖Δρ‖ = 0.004798553755748124  ‖vε - vref‖ = 1.0500096550303066  α = 0.00222
 28   -137.8471855855       -6.68       -1.86    13.3s
    ‖ρε - ρref‖ = 0.0022436244574333694 ‖Δρ‖ = 0.002105384434394387  ‖vε - vref‖ = 1.049616215866149  α = 0.00278
 29   -137.8471856269       -7.38       -1.98    13.0s
    ‖ρε - ρref‖ = 0.0021353178812743355 ‖Δρ‖ = 0.0020300884604273713  ‖vε - vref‖ = 1.0492309894225402  α = 0.00128
 30   -137.8471856457       -7.73       -2.24    14.2s
    ‖ρε - ρref‖ = 0.0013396802735980602 ‖Δρ‖ = 0.0011667088907072617  ‖vε - vref‖ = 1.0488213512657056  α = 0.00147
 31   -137.8471856777       -7.50       -2.43    14.9s
    ‖ρε - ρref‖ = 0.0009079873144604296 ‖Δρ‖ = 0.0006254921140298255  ‖vε - vref‖ = 1.0475676811942376  α = 0.00358
 32   -137.8471857001       -7.65       -2.30    13.9s
    ‖ρε - ρref‖ = 0.0011682227046349513 ‖Δρ‖ = 0.0009423344134807015  ‖vε - vref‖ = 1.0464741982133514  α = 0.00209
 33   -137.8471857303       -7.52       -2.33    12.9s
    ‖ρε - ρref‖ = 0.0012013223788438037 ‖Δρ‖ = 0.0009223237725201416  ‖vε - vref‖ = 1.0451596666611322  α = 0.00233
 34   -137.8471866215       -6.05       -0.95    12.8s
    ‖ρε - ρref‖ = 0.034202422363057 ‖Δρ‖ = 0.033568520448846534  ‖vε - vref‖ = 1.0407644761999044  α = 0.000368
 35   -137.8471866638       -7.37       -2.37    14.5s
    ‖ρε - ρref‖ = 0.0009096078035489371 ‖Δρ‖ = 0.0006711234410116035  ‖vε - vref‖ = 1.0394562460582526  α = 0.00397
 36   -137.8471867291       -7.19       -2.65    14.0s
    ‖ρε - ρref‖ = 0.0008142185698438309 ‖Δρ‖ = 0.00035095071514334563  ‖vε - vref‖ = 1.0402673833664218  α = 0.00884
 37   -137.8471867515       -7.65       -2.48    13.3s
    ‖ρε - ρref‖ = 0.0009335705419644205 ‖Δρ‖ = 0.0006781348821915632  ‖vε - vref‖ = 1.0400219875203998  α = 0.00268
 38   -137.8471867655       -7.85       -2.02    13.6s
    ‖ρε - ρref‖ = 0.0024169844168189804 ‖Δρ‖ = 0.0023248435293241445  ‖vε - vref‖ = 1.039933242376071  α = 0.00063
 39   -137.8471867829       -7.76       -2.83    14.3s
    ‖ρε - ρref‖ = 0.0007086649894308441 ‖Δρ‖ = 0.0002264336075524827  ‖vε - vref‖ = 1.0392796946035214  α = 0.00734
 40   -137.8471868159       -7.48       -2.73    12.7s
    ‖ρε - ρref‖ = 0.0007294046698964029 ‖Δρ‖ = 0.0002708089812202877  ‖vε - vref‖ = 1.0380788448393163  α = 0.00754
 41   -137.8471868350       -7.72       -2.70    13.5s
    ‖ρε - ρref‖ = 0.0007593809726124409 ‖Δρ‖ = 0.0003302721495232972  ‖vε - vref‖ = 1.0378208015882695  α = 0.00519
 42   -137.8471868459       -7.96       -2.43    14.5s
    ‖ρε - ρref‖ = 0.001006860031594701 ‖Δρ‖ = 0.0006941111000764396  ‖vε - vref‖ = 1.0384071393249241  α = 0.00192
 43   -137.8471868606       -7.83       -2.40    15.3s
    ‖ρε - ρref‖ = 0.0010635500676657139 ‖Δρ‖ = 0.0007301188415877247  ‖vε - vref‖ = 1.0397739026143915  α = 0.0021
 44   -137.8471868893       -7.54       -2.55    13.5s
    ‖ρε - ρref‖ = 0.000873110361610067 ‖Δρ‖ = 0.0004972170639832435  ‖vε - vref‖ = 1.042410117516308  α = 0.00393
 45   -137.8471869031       -7.86       -2.48    14.1s
    ‖ρε - ρref‖ = 0.0008143691421894758 ‖Δρ‖ = 0.0005897429450034258  ‖vε - vref‖ = 1.043429921217364  α = 0.0024
 46   -137.8471869062       -8.51       -2.44    14.4s
    ‖ρε - ρref‖ = 0.001495266482638252 ‖Δρ‖ = 0.0008912770584872121  ‖vε - vref‖ = 1.0439232288088727  α = 0.000792
 47   -137.8471869101       -8.41       -2.56    13.5s
    ‖ρε - ρref‖ = 0.000687591700187002 ‖Δρ‖ = 0.0005737567384526466  ‖vε - vref‖ = 1.0441079650989482  α = 0.00142
 48   -137.8471869161       -8.22       -2.62    13.9s
    ‖ρε - ρref‖ = 0.0008667795320076321 ‖Δρ‖ = 0.0004319413268821691  ‖vε - vref‖ = 1.0445306232086982  α = 0.00224
 49   -137.8471869287       -7.90       -2.65    13.2s
    ‖ρε - ρref‖ = 0.000728986068330203 ‖Δρ‖ = 0.0003066229817262256  ‖vε - vref‖ = 1.0447390170016349  α = 0.00419
 50   -137.8471869302       -8.84       -2.69    12.6s
    ‖ρε - ρref‖ = 0.0008674963060408909 ‖Δρ‖ = 0.0005666361618418188  ‖vε - vref‖ = 1.044766958528785  α = 0.000851
 51   -137.8471869353       -8.29       -2.66    14.3s
    ‖ρε - ρref‖ = 0.0007694886729263075 ‖Δρ‖ = 0.00034281933308402375  ‖vε - vref‖ = 1.0451457811579261  α = 0.00262
 52   -137.8471869402       -8.31       -3.02    13.8s
    ‖ρε - ρref‖ = 0.0007129142943469273 ‖Δρ‖ = 0.00014849952990840116  ‖vε - vref‖ = 1.0458053844369377  α = 0.00587
 53   -137.8471869495       -8.03       -3.16    13.2s
    ‖ρε - ρref‖ = 0.000691927300332912 ‖Δρ‖ = 0.00010188047115038557  ‖vε - vref‖ = 1.0464937422174914  α = 0.0108
 54   -137.8471869534       -8.41       -2.90    14.3s
    ‖ρε - ρref‖ = 0.0007259332165899266 ‖Δρ‖ = 0.00021217378031426092  ‖vε - vref‖ = 1.0464734075327995  α = 0.00379
 55   -137.8471869570       -8.45       -2.46    14.3s
    ‖ρε - ρref‖ = 0.0009158449484289566 ‖Δρ‖ = 0.0005975452371659895  ‖vε - vref‖ = 1.0463617057767225  α = 0.00129
 56   -137.8471869609       -8.40       -3.03    13.9s
    ‖ρε - ρref‖ = 0.0006945064435423223 ‖Δρ‖ = 0.00015499674032766686  ‖vε - vref‖ = 1.0460370017980325  α = 0.00506
 57   -137.8471869650       -8.39       -2.92    14.2s
    ‖ρε - ρref‖ = 0.0008398346942028329 ‖Δρ‖ = 0.0002569267330897323  ‖vε - vref‖ = 1.04579515482802  α = 0.00293
 58   -137.8471869685       -8.45       -2.45    12.3s
    ‖ρε - ρref‖ = 0.0004709955536805295 ‖Δρ‖ = 0.0008000775816793491  ‖vε - vref‖ = 1.0452943498152119  α = 0.000892
 59   -137.8471869717       -8.50       -2.59    13.9s
    ‖ρε - ρref‖ = 0.0009767720422449511 ‖Δρ‖ = 0.0005128629058310861  ‖vε - vref‖ = 1.0452477436788439  α = 0.00135
 60   -137.8471869734       -8.77       -2.79    14.4s
    ‖ρε - ρref‖ = 0.0007513367242686395 ‖Δρ‖ = 0.0003143936999955832  ‖vε - vref‖ = 1.0452632573107161  α = 0.00163
 61   -137.8471869762       -8.55       -3.06    14.1s
    ‖ρε - ρref‖ = 0.0007085152051581315 ‖Δρ‖ = 0.00015386940409491449  ‖vε - vref‖ = 1.04539617100916  α = 0.00405
 62   -137.8471869770       -9.07       -2.64    14.0s
    ‖ρε - ρref‖ = 0.0009328355548150034 ‖Δρ‖ = 0.0005848431453654642  ‖vε - vref‖ = 1.0454808967407057  α = 0.000632
 63   -137.8471869790       -8.70       -3.06    14.5s
    ‖ρε - ρref‖ = 0.0007201709463298518 ‖Δρ‖ = 0.0001662946827699505  ‖vε - vref‖ = 1.0456800252686191  α = 0.00302
 64   -137.8471869801       -8.98       -3.18    13.2s
    ‖ρε - ρref‖ = 0.0006845559911622021 ‖Δρ‖ = 0.00011952924756168994  ‖vε - vref‖ = 1.0455634226462307  α = 0.00344
 65   -137.8471869816       -8.82       -3.31    13.9s
    ‖ρε - ρref‖ = 0.00069598717525641 ‖Δρ‖ = 7.229789779072736e-5  ‖vε - vref‖ = 1.0455869320603013  α = 0.00665
 66   -137.8471869831       -8.83       -3.33    12.8s
    ‖ρε - ρref‖ = 0.0006886309763432441 ‖Δρ‖ = 6.983537429961096e-5  ‖vε - vref‖ = 1.0455160897327271  α = 0.00661
 67   -137.8471869845       -8.84       -3.28    13.6s
    ‖ρε - ρref‖ = 0.0006842345403603341 ‖Δρ‖ = 7.862570524764879e-5  ‖vε - vref‖ = 1.0453788302190963  α = 0.00586
 68   -137.8471869850       -9.34       -2.90    14.2s
    ‖ρε - ρref‖ = 0.000728882145297954 ‖Δρ‖ = 0.00024011202923854828  ‖vε - vref‖ = 1.0453375389795048  α = 0.00118
 69   -137.8471869866       -8.78       -3.17    14.4s
    ‖ρε - ρref‖ = 0.0006860532335217597 ‖Δρ‖ = 8.725060871063029e-5  ‖vε - vref‖ = 1.0451644328462073  α = 0.00561
 70   -137.8471869871       -9.35       -3.10    13.8s
    ‖ρε - ρref‖ = 0.0008468810658221382 ‖Δρ‖ = 0.00019103119420871525  ‖vε - vref‖ = 1.045203532128527  α = 0.00138
 71   -137.8471869878       -9.11       -2.90    13.9s
    ‖ρε - ρref‖ = 0.0005867524606172867 ‖Δρ‖ = 0.00025879735286721403  ‖vε - vref‖ = 1.0450706494082738  α = 0.00128
 72   -137.8471869888       -9.00       -3.07    12.6s
    ‖ρε - ρref‖ = 0.0007082014802607585 ‖Δρ‖ = 0.000140188473690833  ‖vε - vref‖ = 1.0449972559542304  α = 0.0027
 73   -137.8471869895       -9.18       -2.99    14.2s
    ‖ρε - ρref‖ = 0.000707257706460923 ‖Δρ‖ = 0.0001801381701079592  ‖vε - vref‖ = 1.0450113560448473  α = 0.00184
 74   -137.8471869900       -9.29       -2.98    12.8s
    ‖ρε - ρref‖ = 0.0007225878828659431 ‖Δρ‖ = 0.0001934799799860535  ‖vε - vref‖ = 1.045047942009593  α = 0.00151
 75   -137.8471869903       -9.50       -2.94    13.6s
    ‖ρε - ρref‖ = 0.0007682011803163118 ‖Δρ‖ = 0.00028006781429884537  ‖vε - vref‖ = 1.0450755175535411  α = 0.000776
 76   -137.8471869911       -9.14       -3.33    13.3s
    ‖ρε - ρref‖ = 0.0006917008768227647 ‖Δρ‖ = 8.649085916518373e-5  ‖vε - vref‖ = 1.045002682594245  α = 0.00377
 77   -137.8471869916       -9.31       -3.54    13.2s
    ‖ρε - ρref‖ = 0.0006933352043841477 ‖Δρ‖ = 5.2288723893947184e-5  ‖vε - vref‖ = 1.044930922616917  α = 0.0051
 78   -137.8471869923       -9.11       -3.35    13.2s
    ‖ρε - ρref‖ = 0.000682431558754185 ‖Δρ‖ = 6.711122877982609e-5  ‖vε - vref‖ = 1.0445673593707774  α = 0.00489
 79   -137.8471869928       -9.30       -3.50    14.1s
    ‖ρε - ρref‖ = 0.0006890926658005545 ‖Δρ‖ = 4.3394035755074945e-5  ‖vε - vref‖ = 1.0444435958411395  α = 0.00642
 80   -137.8471869932       -9.46       -3.42    13.0s
    ‖ρε - ρref‖ = 0.0006895616760058121 ‖Δρ‖ = 5.611285802964157e-5  ‖vε - vref‖ = 1.0443886343208757  α = 0.00428
 81   -137.8471869934       -9.71       -3.08    13.0s
    ‖ρε - ρref‖ = 0.0006997520584895732 ‖Δρ‖ = 0.00015310954521329895  ‖vε - vref‖ = 1.0443722301316294  α = 0.0012
 82   -137.8471869940       -9.18       -3.48    12.8s
    ‖ρε - ρref‖ = 0.0006998820723158688 ‖Δρ‖ = 4.453121358844542e-5  ‖vε - vref‖ = 1.0444343031799248  α = 0.00688
 83   -137.8471869942       -9.87       -3.25    14.8s
    ‖ρε - ρref‖ = 0.000565323432924612 ‖Δρ‖ = 0.00014965706369138163  ‖vε - vref‖ = 1.0443831598226245  α = 0.000974
 84   -137.8471869945       -9.42       -3.19    13.2s
    ‖ρε - ρref‖ = 0.000733344782009085 ‖Δρ‖ = 0.0001137299311353988  ‖vε - vref‖ = 1.0443801558872485  α = 0.00209
 85   -137.8471869948       -9.54       -3.29    13.6s
    ‖ρε - ρref‖ = 0.0006874046018500373 ‖Δρ‖ = 9.635183436045503e-5  ‖vε - vref‖ = 1.0443517088440588  α = 0.00211
 86   -137.8471869951       -9.62       -3.31    13.1s
    ‖ρε - ρref‖ = 0.0006934824189455111 ‖Δρ‖ = 9.411005422886027e-5  ‖vε - vref‖ = 1.0443136157924475  α = 0.00209
 87   -137.8471869953       -9.66       -3.19    14.0s
    ‖ρε - ρref‖ = 0.0006983328104377764 ‖Δρ‖ = 0.00013070945742931002  ‖vε - vref‖ = 1.0442820539602613  α = 0.00142
 88   -137.8471869955       -9.65       -3.03    13.9s
    ‖ρε - ρref‖ = 0.000695287189189396 ‖Δρ‖ = 0.00018161758828282384  ‖vε - vref‖ = 1.0442438573778436  α = 0.000971
 89   -137.8471869959       -9.41       -3.41    12.8s
    ‖ρε - ρref‖ = 0.0006920401285134793 ‖Δρ‖ = 5.682372030941535e-5  ‖vε - vref‖ = 1.0442761448095237  α = 0.00419
 90   -137.8471869962       -9.54       -3.65    13.8s
    ‖ρε - ρref‖ = 0.0006863140052366917 ‖Δρ‖ = 4.0045273436014655e-5  ‖vε - vref‖ = 1.0443064326736917  α = 0.00502
 91   -137.8471869964       -9.66       -3.50    14.2s
    ‖ρε - ρref‖ = 0.0006966238300180469 ‖Δρ‖ = 5.217293103560686e-5  ‖vε - vref‖ = 1.0444487887491674  α = 0.00349
 92   -137.8471869967       -9.57       -3.75    13.6s
    ‖ρε - ρref‖ = 0.0006878374588463142 ‖Δρ‖ = 2.5956248541198073e-5  ‖vε - vref‖ = 1.0445402341792458  α = 0.00775
 93   -137.8471869969       -9.72       -3.56    13.7s
    ‖ρε - ρref‖ = 0.0006888245018078622 ‖Δρ‖ = 4.779016370711747e-5  ‖vε - vref‖ = 1.044580223001103  α = 0.00361
 94   -137.8471869970       -9.86       -3.14    13.5s
    ‖ρε - ρref‖ = 0.0007092334063058885 ‖Δρ‖ = 0.00012694828951587811  ‖vε - vref‖ = 1.044602719261731  α = 0.0012
 95   -137.8471869972       -9.61       -3.75    13.2s
    ‖ρε - ρref‖ = 0.0006771329291920987 ‖Δρ‖ = 3.021907555070046e-5  ‖vε - vref‖ = 1.0445436002236343  α = 0.00616
 96   -137.8471869973      -10.10       -3.12    12.8s
    ‖ρε - ρref‖ = 0.0008491573327040443 ‖Δρ‖ = 0.00018489115052243034  ‖vε - vref‖ = 1.044564196575883  α = 0.00061
 97   -137.8471869975       -9.66       -3.58    12.9s
    ‖ρε - ρref‖ = 0.0006776176122579467 ‖Δρ‖ = 4.451120701386938e-5  ‖vε - vref‖ = 1.0444864795241786  α = 0.00392
 98   -137.8471869977       -9.95       -3.50    13.3s
    ‖ρε - ρref‖ = 0.0006868662239348224 ‖Δρ‖ = 6.610151317189481e-5  ‖vε - vref‖ = 1.0444572928793066  α = 0.00195
 99   -137.8471869978       -9.89       -3.47    13.4s
    ‖ρε - ρref‖ = 0.0006906158322090319 ‖Δρ‖ = 7.164405486973009e-5  ‖vε - vref‖ = 1.0444585446749133  α = 0.00201
 100   -137.8471869979       -9.96       -3.15    13.4s
    ‖ρε - ρref‖ = 0.0006994133660797326 ‖Δρ‖ = 0.00014213692105797252  ‖vε - vref‖ = 1.0444666376739993  α = 0.000931
 101   -137.8471869980       -9.82       -3.38    13.2s
    ‖ρε - ρref‖ = 0.000701077438971866 ‖Δρ‖ = 7.820722753074604e-5  ‖vε - vref‖ = 1.0445069443010138  α = 0.00181
 102   -137.8471869982       -9.71       -3.54    12.5s
    ‖ρε - ρref‖ = 0.0006891571714501949 ‖Δρ‖ = 4.336275258887056e-5  ‖vε - vref‖ = 1.0445304072786334  α = 0.00389
 103   -137.8471869984       -9.88       -3.85    13.6s
    ‖ρε - ρref‖ = 0.0006889008932932218 ‖Δρ‖ = 2.103731043778841e-5  ‖vε - vref‖ = 1.0445772061547225  α = 0.00637
 104   -137.8471869985       -9.90       -3.74    12.3s
    ‖ρε - ρref‖ = 0.0006854691345614991 ‖Δρ‖ = 3.0687530564381e-5  ‖vε - vref‖ = 1.0445679344444845  α = 0.00442
 105   -137.8471869987       -9.82       -3.74    13.3s
    ‖ρε - ρref‖ = 0.0006906717822953945 ‖Δρ‖ = 3.064289330178435e-5  ‖vε - vref‖ = 1.0446301705889702  α = 0.00493
 106   -137.8471869987      -10.03       -3.75    13.4s
    ‖ρε - ρref‖ = 0.0006884669841599261 ‖Δρ‖ = 3.1521551804802994e-5  ‖vε - vref‖ = 1.0446368412478129  α = 0.00395
 107   -137.8471869988      -10.00       -3.26    13.5s
    ‖ρε - ρref‖ = 0.0006824706473393314 ‖Δρ‖ = 9.191971430584093e-5  ‖vε - vref‖ = 1.0446315170830918  α = 0.00139
 108   -137.8471869990       -9.97       -3.79    14.2s
    ‖ρε - ρref‖ = 0.0007031695626042241 ‖Δρ‖ = 2.8094374472480882e-5  ‖vε - vref‖ = 1.0446596481940327  α = 0.00459
 109   -137.8471869990      -10.19       -3.19    13.4s
    ‖ρε - ρref‖ = 0.0005831561336623883 ‖Δρ‖ = 0.00014828933674682697  ‖vε - vref‖ = 1.0446316186795912  α = 0.000676
 110   -137.8471869992       -9.82       -3.67    14.1s
    ‖ρε - ρref‖ = 0.0006927041958661737 ‖Δρ‖ = 3.362063498348302e-5  ‖vε - vref‖ = 1.0446399003922529  α = 0.00442
 111   -137.8471869992      -10.31       -3.61    13.9s
    ‖ρε - ρref‖ = 0.0006898116903249848 ‖Δρ‖ = 5.250773052038584e-5  ‖vε - vref‖ = 1.0446511037209518  α = 0.00167
 112   -137.8471869993      -10.18       -3.49    13.4s
    ‖ρε - ρref‖ = 0.0006864728212490007 ‖Δρ‖ = 6.400352971917333e-5  ‖vε - vref‖ = 1.0446614267600167  α = 0.00161
 113   -137.8471869994      -10.05       -3.23    12.8s
    ‖ρε - ρref‖ = 0.0006931526661848062 ‖Δρ‖ = 0.00010218842942179863  ‖vε - vref‖ = 1.0446820342383063  α = 0.00116
 114   -137.8471869995      -10.14       -3.70    12.2s
    ‖ρε - ρref‖ = 0.0006851848238913493 ‖Δρ‖ = 4.3349433547975814e-5  ‖vε - vref‖ = 1.044692012248835  α = 0.00224
 115   -137.8471869996       -9.91       -3.73    13.8s
    ‖ρε - ρref‖ = 0.0006908265196446396 ‖Δρ‖ = 2.77184017894623e-5  ‖vε - vref‖ = 1.0447423281977923  α = 0.00475
 116   -137.8471869996      -10.16       -3.85    12.8s
    ‖ρε - ρref‖ = 0.0006881760477864217 ‖Δρ‖ = 2.2841490800168346e-5  ‖vε - vref‖ = 1.0447430096412873  α = 0.00464
 117   -137.8471869998       -9.94       -4.02    12.0s
    ‖ρε - ρref‖ = 0.0006886450090366873 ‖Δρ‖ = 1.4445946081883574e-5  ‖vε - vref‖ = 1.04476240276432  α = 0.00847
 118   -137.8471869998      -10.13       -3.71    13.9s
    ‖ρε - ρref‖ = 0.0006841807793064473 ‖Δρ‖ = 3.514002404769152e-5  ‖vε - vref‖ = 1.0447230634208071  α = 0.00297
 119   -137.8471869999      -10.22       -3.95    13.5s
    ‖ρε - ρref‖ = 0.0006869881125374282 ‖Δρ‖ = 2.1262491091603785e-5  ‖vε - vref‖ = 1.044715461841495  α = 0.00461
 120   -137.8471870000      -10.22       -3.36    13.1s
    ‖ρε - ρref‖ = 0.0006992604197378895 ‖Δρ‖ = 7.568960589989224e-5  ‖vε - vref‖ = 1.0447144906507304  α = 0.00131
 121   -137.8471870000      -10.27       -3.98    13.7s
    ‖ρε - ρref‖ = 0.0006757844178703092 ‖Δρ‖ = 1.899939030156194e-5  ‖vε - vref‖ = 1.0446698121856366  α = 0.00478
 122   -137.8471870001      -10.35       -3.22    13.7s
    ‖ρε - ρref‖ = 0.000771032508698213 ‖Δρ‖ = 0.00011328573491163815  ‖vε - vref‖ = 1.0446716923222426  α = 0.000739
 123   -137.8471870001      -10.13       -3.80    13.6s
    ‖ρε - ρref‖ = 0.0006853654022743466 ‖Δρ‖ = 2.492783508553538e-5  ‖vε - vref‖ = 1.044642808303903  α = 0.00418
 124   -137.8471870002      -10.60       -3.66    12.6s
    ‖ρε - ρref‖ = 0.000687589579075716 ‖Δρ‖ = 4.6513980978717494e-5  ‖vε - vref‖ = 1.0446374501259548  α = 0.00136
 125   -137.8471870002      -10.50       -3.53    13.1s
    ‖ρε - ρref‖ = 0.0006922171982965905 ‖Δρ‖ = 5.513181742250627e-5  ‖vε - vref‖ = 1.0446448785263547  α = 0.00132
 126   -137.8471870002      -10.33       -3.41    13.4s
    ‖ρε - ρref‖ = 0.000690637816242935 ‖Δρ‖ = 6.0536823198631776e-5  ‖vε - vref‖ = 1.0446609159891562  α = 0.00143
 127   -137.8471870003      -10.36       -4.00    12.9s
    ‖ρε - ρref‖ = 0.0006900669150455505 ‖Δρ‖ = 2.3028102246793972e-5  ‖vε - vref‖ = 1.0446922437684563  α = 0.00326
 128   -137.8471870003      -10.18       -3.77    12.8s
    ‖ρε - ρref‖ = 0.0006872036454000635 ‖Δρ‖ = 2.6010825476776205e-5  ‖vε - vref‖ = 1.0447146351988532  α = 0.00369
 129   -137.8471870004      -10.35       -4.12    13.0s
    ‖ρε - ρref‖ = 0.0006880348889850409 ‖Δρ‖ = 1.315201233656713e-5  ‖vε - vref‖ = 1.0447069407908045  α = 0.00634
 130   -137.8471870004      -10.22       -4.03    13.3s
    ‖ρε - ρref‖ = 0.0006860662985752165 ‖Δρ‖ = 1.4539472333877459e-5  ‖vε - vref‖ = 1.0446400700042373  α = 0.00628
 131   -137.8471870005      -10.61       -4.07    14.2s
    ‖ρε - ρref‖ = 0.0006890961775585532 ‖Δρ‖ = 1.9833280671741787e-5  ‖vε - vref‖ = 1.044645499156202  α = 0.003
 132   -137.8471870005      -10.55       -4.15    12.6s
    ‖ρε - ρref‖ = 0.0006877643843764693 ‖Δρ‖ = 1.391732247918401e-5  ‖vε - vref‖ = 1.0446526529103195  α = 0.00483
 133   -137.8471870005      -10.57       -3.59    13.1s
    ‖ρε - ρref‖ = 0.0006864657356193799 ‖Δρ‖ = 4.921649281427872e-5  ‖vε - vref‖ = 1.0446610060842243  α = 0.00133
 134   -137.8471870006      -10.36       -4.07    14.1s
    ‖ρε - ρref‖ = 0.0006937650461276097 ‖Δρ‖ = 1.5142039544233988e-5  ‖vε - vref‖ = 1.0447105937073446  α = 0.00529
 135   -137.8471870006      -10.96       -3.67    13.0s
    ‖ρε - ρref‖ = 0.0006405622544940117 ‖Δρ‖ = 5.659143502091478e-5  ‖vε - vref‖ = 1.0447026731972426  α = 0.000733
 136   -137.8471870006      -10.35       -3.88    13.4s
    ‖ρε - ρref‖ = 0.0006925100917154557 ‖Δρ‖ = 2.1978604579473113e-5  ‖vε - vref‖ = 1.0447044435554778  α = 0.00362
 137   -137.8471870006      -10.97       -3.87    12.6s
    ‖ρε - ρref‖ = 0.0006870348390253305 ‖Δρ‖ = 3.079552928379375e-5  ‖vε - vref‖ = 1.0446951860520666  α = 0.00135
 138   -137.8471870006      -10.82       -3.75    13.1s
    ‖ρε - ρref‖ = 0.0006842956432529057 ‖Δρ‖ = 3.733267855569524e-5  ‖vε - vref‖ = 1.0446700527217128  α = 0.00133
 139   -137.8471870007      -10.72       -3.63    13.8s
    ‖ρε - ρref‖ = 0.0006853908794628245 ‖Δρ‖ = 4.12655551958889e-5  ‖vε - vref‖ = 1.0446358652610346  α = 0.00134
 140   -137.8471870007      -10.72       -4.09    13.3s
    ‖ρε - ρref‖ = 0.0006861770428044106 ‖Δρ‖ = 1.4993459152871767e-5  ‖vε - vref‖ = 1.0446004996506202  α = 0.00347
 141   -137.8471870007      -10.71       -4.06    13.7s
    ‖ρε - ρref‖ = 0.0006888416062543703 ‖Δρ‖ = 1.650745506683389e-5  ‖vε - vref‖ = 1.0445891417640436  α = 0.0031
 142   -137.8471870007      -10.47       -4.20    13.3s
    ‖ρε - ρref‖ = 0.0006877347973406696 ‖Δρ‖ = 1.0244183936446371e-5  ‖vε - vref‖ = 1.0445973436288534  α = 0.00678
 143   -137.8471870008      -10.58       -4.13    12.9s
    ‖ρε - ρref‖ = 0.0006883459764635959 ‖Δρ‖ = 1.1416166679237299e-5  ‖vε - vref‖ = 1.0446330632987773  α = 0.00533
 144   -137.8471870008      -10.76       -4.20    14.1s
    ‖ρε - ρref‖ = 0.0006873633688412354 ‖Δρ‖ = 1.010955657669943e-5  ‖vε - vref‖ = 1.0446386606687876  α = 0.00495
 145   -137.8471870008      -10.78       -4.17    13.3s
    ‖ρε - ρref‖ = 0.0006890282925417736 ‖Δρ‖ = 1.2284180979660477e-5  ‖vε - vref‖ = 1.044649744503887  α = 0.00417
 146   -137.8471870008      -10.93       -3.87    13.5s
    ‖ρε - ρref‖ = 0.000687776577087859 ‖Δρ‖ = 2.4926810572396596e-5  ‖vε - vref‖ = 1.0446416930227422  α = 0.00178
 147   -137.8471870008      -10.63       -3.79    14.2s
    ‖ρε - ρref‖ = 0.0006873075262477055 ‖Δρ‖ = 2.228579425399994e-5  ‖vε - vref‖ = 1.0446041292888784  α = 0.00266
 148   -137.8471870008      -11.06       -4.22    13.4s
    ‖ρε - ρref‖ = 0.0006777777145585709 ‖Δρ‖ = 1.3271174049120431e-5  ‖vε - vref‖ = 1.0445871926086447  α = 0.00276
 149   -137.8471870009      -10.88       -3.63    13.3s
    ‖ρε - ρref‖ = 0.0007126105701835768 ‖Δρ‖ = 4.346233995720043e-5  ‖vε - vref‖ = 1.0445883338093143  α = 0.00103
 150   -137.8471870009      -10.87       -4.19    12.9s
    ‖ρε - ρref‖ = 0.0006877339120169849 ‖Δρ‖ = 1.3000190049934509e-5  ‖vε - vref‖ = 1.0445928806405904  α = 0.00349
 151   -137.8471870009      -11.05       -3.70    14.0s
    ‖ρε - ρref‖ = 0.0006825951252640109 ‖Δρ‖ = 4.2000035203099026e-5  ‖vε - vref‖ = 1.0445957615156187  α = 0.000895
 152   -137.8471870009      -11.13       -3.85    13.0s
    ‖ρε - ρref‖ = 0.0006925256008810043 ‖Δρ‖ = 2.9435248428646197e-5  ‖vε - vref‖ = 1.0446064981370746  α = 0.00116
 153   -137.8471870009      -10.78       -3.99    13.9s
    ‖ρε - ρref‖ = 0.0006872116880556943 ‖Δρ‖ = 1.5457985528837007e-5  ‖vε - vref‖ = 1.0446273179278796  α = 0.0032
 154   -137.8471870009      -11.17       -4.30    13.1s
    ‖ρε - ρref‖ = 0.0006870736803633307 ‖Δρ‖ = 1.1637280773052823e-5  ‖vε - vref‖ = 1.044630605307446  α = 0.00255
 155   -137.8471870009      -10.81       -4.27    14.3s
    ‖ρε - ρref‖ = 0.0006883093143632051 ‖Δρ‖ = 7.808833644183787e-6  ‖vε - vref‖ = 1.0446412154311802  α = 0.00592
 156   -137.8471870009      -10.83       -4.37    13.2s
    ‖ρε - ρref‖ = 0.0006870776763477406 ‖Δρ‖ = 6.179819933450359e-6  ‖vε - vref‖ = 1.0446316411830319  α = 0.00756
 157   -137.8471870010      -10.90       -4.20    13.3s
    ‖ρε - ρref‖ = 0.0006878639578684287 ‖Δρ‖ = 9.390487746818813e-6  ‖vε - vref‖ = 1.0446362782065133  α = 0.00461
 158   -137.8471870010      -11.01       -4.40    13.7s
    ‖ρε - ρref‖ = 0.0006870767938104602 ‖Δρ‖ = 6.814179595179329e-6  ‖vε - vref‖ = 1.0446255774047462  α = 0.00526
 159   -137.8471870010      -10.95       -4.21    13.5s
    ‖ρε - ρref‖ = 0.0006870817493481135 ‖Δρ‖ = 9.33400444684149e-6  ‖vε - vref‖ = 1.0446259854238165  α = 0.00444
 160   -137.8471870010      -11.49       -4.14    13.3s
    ‖ρε - ρref‖ = 0.0007003664286779621 ‖Δρ‖ = 1.612586018458937e-5  ‖vε - vref‖ = 1.044629912171992  α = 0.00144
 161   -137.8471870010      -11.02       -3.87    13.1s
    ‖ρε - ρref‖ = 0.0006784071298590507 ‖Δρ‖ = 2.119331600289881e-5  ‖vε - vref‖ = 1.044612307916144  α = 0.00179
 162   -137.8471870010      -11.49       -3.91    12.7s
    ‖ρε - ρref‖ = 0.0006899273467910889 ‖Δρ‖ = 2.3392392533721472e-5  ‖vε - vref‖ = 1.0446105434360269  α = 0.001
 163   -137.8471870010      -11.30       -4.25    13.7s
    ‖ρε - ρref‖ = 0.0006893353238185348 ‖Δρ‖ = 1.0491493238310807e-5  ‖vε - vref‖ = 1.0446144907932222  α = 0.00262
 164   -137.8471870010      -11.37       -3.82    12.7s
    ‖ρε - ρref‖ = 0.0006821473820316947 ‖Δρ‖ = 3.0868920436031155e-5  ‖vε - vref‖ = 1.0446145876718194  α = 0.000869
 165   -137.8471870010      -11.05       -4.25    13.1s
    ‖ρε - ρref‖ = 0.0006877053224455436 ‖Δρ‖ = 9.201365145614622e-6  ‖vε - vref‖ = 1.0446251223369847  α = 0.00398
 166   -137.8471870010      -11.18       -3.89    13.7s
    ‖ρε - ρref‖ = 0.0006877454792555039 ‖Δρ‖ = 2.3063241313687954e-5  ‖vε - vref‖ = 1.0446356025360868  α = 0.00144
 167   -137.8471870010      -11.16       -4.28    13.6s
    ‖ρε - ρref‖ = 0.000688237549449997 ‖Δρ‖ = 8.70907295273897e-6  ‖vε - vref‖ = 1.04464879644431  α = 0.00354
 168   -137.8471870010      -11.29       -4.20    13.2s
    ‖ρε - ρref‖ = 0.000687302575769994 ‖Δρ‖ = 1.077411913379901e-5  ‖vε - vref‖ = 1.0446512124129186  α = 0.00245
 169   -137.8471870010      -11.05       -4.57    12.5s
    ‖ρε - ρref‖ = 0.0006875861337211726 ‖Δρ‖ = 3.7556497455502873e-6  ‖vε - vref‖ = 1.0446432481692112  α = 0.00947
 170   -137.8471870010      -11.23       -4.42    13.6s
    ‖ρε - ρref‖ = 0.0006871033645421232 ‖Δρ‖ = 5.819142626578707e-6  ‖vε - vref‖ = 1.0446318636232734  α = 0.00515
 171   -137.8471870010      -11.25       -4.51    13.0s
    ‖ρε - ρref‖ = 0.000687848167927166 ‖Δρ‖ = 5.029341607658551e-6  ‖vε - vref‖ = 1.0446303879693848  α = 0.0057
 172   -137.8471870011      -11.48       -4.49    13.4s
    ‖ρε - ρref‖ = 0.0006825252345253082 ‖Δρ‖ = 7.326996135921968e-6  ‖vε - vref‖ = 1.0446219885177241  α = 0.00285
 173   -137.8471870011      -11.54       -3.94    14.1s
    ‖ρε - ρref‖ = 0.0007050602778949833 ‖Δρ‖ = 2.6437258355881476e-5  ‖vε - vref‖ = 1.0446262788500618  α = 0.000804
 174   -137.8471870011      -11.10       -4.33    14.8s
    ‖ρε - ρref‖ = 0.0006881912401947961 ‖Δρ‖ = 7.271798355966634e-6  ‖vε - vref‖ = 1.0446449198629988  α = 0.00456
 175   -137.8471870011      -11.64       -3.95    14.3s
    ‖ρε - ρref‖ = 0.0006835768120839299 ‖Δρ‖ = 2.4561913079813873e-5  ‖vε - vref‖ = 1.0446473932564648  α = 0.000772
 176   -137.8471870011      -11.50       -4.12    13.4s
    ‖ρε - ρref‖ = 0.0006891193862230863 ‖Δρ‖ = 1.3232415405838998e-5  ‖vε - vref‖ = 1.0446518237636566  α = 0.00174
 177   -137.8471870011      -11.48       -3.99    14.1s
    ‖ρε - ρref‖ = 0.0006851019185475531 ‖Δρ‖ = 1.8865695709208826e-5  ‖vε - vref‖ = 1.0446517858796727  α = 0.0012
 178   -137.8471870011      -11.38       -4.48    14.0s
    ‖ρε - ρref‖ = 0.0006875374069021206 ‖Δρ‖ = 4.323427928571717e-6  ‖vε - vref‖ = 1.0446547589431878  α = 0.00616
 179   -137.8471870011      -11.73       -4.22    13.0s
    ‖ρε - ρref‖ = 0.0006878022026824513 ‖Δρ‖ = 1.1624208772669443e-5  ‖vε - vref‖ = 1.044655803227877  α = 0.00155
 180   -137.8471870011      -11.33       -4.43    13.7s
    ‖ρε - ρref‖ = 0.0006878646823470445 ‖Δρ‖ = 5.988178050064964e-6  ‖vε - vref‖ = 1.0446560968123249  α = 0.00421
 181   -137.8471870011      -11.43       -4.48    12.6s
    ‖ρε - ρref‖ = 0.0006876917612504376 ‖Δρ‖ = 5.898099902954981e-6  ‖vε - vref‖ = 1.0446543665405539  α = 0.00377
 182   -137.8471870011      -11.34       -4.35    13.8s
    ‖ρε - ρref‖ = 0.0006865742372296373 ‖Δρ‖ = 7.464802576842089e-6  ‖vε - vref‖ = 1.044645858353301  α = 0.00321
 183   -137.8471870011      -11.33       -4.61    14.3s
    ‖ρε - ρref‖ = 0.0006875281246243662 ‖Δρ‖ = 4.423726618987758e-6  ‖vε - vref‖ = 1.044644790408818  α = 0.00596
 184   -137.8471870011      -11.41       -4.60    13.9s
    ‖ρε - ρref‖ = 0.000688556327383707 ‖Δρ‖ = 3.7935159141103605e-6  ‖vε - vref‖ = 1.0446444883213732  α = 0.00635
 185   -137.8471870011      -12.10       -4.15    12.5s
    ‖ρε - ρref‖ = 0.0006724678317240614 ‖Δρ‖ = 1.8564336322123113e-5  ‖vε - vref‖ = 1.0446410595312237  α = 0.000675
 186   -137.8471870011      -11.52       -4.37    13.8s
    ‖ρε - ρref‖ = 0.0006892610840550149 ‖Δρ‖ = 6.514019341462657e-6  ‖vε - vref‖ = 1.0446486303962998  α = 0.0032
 187   -137.8471870011      -11.98       -4.42    14.1s
    ‖ρε - ρref‖ = 0.0006893739486345846 ‖Δρ‖ = 8.479964353935487e-6  ‖vε - vref‖ = 1.0446498892525964  α = 0.00154
 188   -137.8471870011      -11.67       -4.15    14.0s
    ‖ρε - ρref‖ = 0.0006843978805791325 ‖Δρ‖ = 1.2719414317012296e-5  ‖vε - vref‖ = 1.0446469337286084  α = 0.00135
 189   -137.8471870011      -11.70       -4.39    13.7s
    ‖ρε - ρref‖ = 0.0006880371835959022 ‖Δρ‖ = 7.157371603571123e-6  ‖vε - vref‖ = 1.0446505920843878  α = 0.00267
 190   -137.8471870011      -11.64       -4.11    13.4s
    ‖ρε - ρref‖ = 0.0006881279955602233 ‖Δρ‖ = 1.3396880609732595e-5  ‖vε - vref‖ = 1.044653606548784  α = 0.00136
 191   -137.8471870011      -11.38       -4.61    14.1s
    ‖ρε - ρref‖ = 0.0006873203301529868 ‖Δρ‖ = 3.2518755155235413e-6  ‖vε - vref‖ = 1.0446451439303028  α = 0.00746
 192   -137.8471870011      -11.73       -4.48    14.0s
    ‖ρε - ρref‖ = 0.0006874370699403065 ‖Δρ‖ = 6.365970448977808e-6  ‖vε - vref‖ = 1.0446416312536566  α = 0.0026
 193   -137.8471870011      -11.88       -4.24    13.0s
    ‖ρε - ρref‖ = 0.0006875470882724222 ‖Δρ‖ = 9.719407674321926e-6  ‖vε - vref‖ = 1.044638859409567  α = 0.00158
 194   -137.8471870011      -11.56       -4.77    13.4s
    ‖ρε - ρref‖ = 0.0006876000851620585 ‖Δρ‖ = 2.5866309205755033e-6  ‖vε - vref‖ = 1.044637970336843  α = 0.00768
 195   -137.8471870011      -11.74       -4.67    13.5s
    ‖ρε - ρref‖ = 0.0006879603665140889 ‖Δρ‖ = 4.488727234844183e-6  ‖vε - vref‖ = 1.0446422689433181  α = 0.00345
 196   -137.8471870011      -11.55       -4.53    13.4s
    ‖ρε - ρref‖ = 0.0006869312837761664 ‖Δρ‖ = 5.097686881125199e-6  ‖vε - vref‖ = 1.044644574143682  α = 0.00358
 197   -137.8471870011      -12.25       -4.69    12.1s
    ‖ρε - ρref‖ = 0.0006900511510128443 ‖Δρ‖ = 4.105432038342019e-6  ‖vε - vref‖ = 1.0446475852179753  α = 0.00279
 198   -137.8471870011      -11.98       -4.15    12.9s
    ‖ρε - ρref‖ = 0.0006790284475990794 ‖Δρ‖ = 1.4132998652473045e-5  ‖vε - vref‖ = 1.0446449279072996  α = 0.000858
 199   -137.8471870011      -11.59       -4.67    13.6s
    ‖ρε - ρref‖ = 0.000687237274559378 ‖Δρ‖ = 2.843950301921082e-6  ‖vε - vref‖ = 1.0446383216409332  α = 0.00698
 200   -137.8471870011      -12.11       -4.11    12.8s
    ‖ρε - ρref‖ = 0.0006943444585790346 ‖Δρ‖ = 1.9266690031824324e-5  ‖vε - vref‖ = 1.0446388046950856  α = 0.000545
 201   -137.8471870011      -11.71       -4.73    12.7s
    ‖ρε - ρref‖ = 0.0006874715843137948 ‖Δρ‖ = 3.098069082116163e-6  ‖vε - vref‖ = 1.0446365271977556  α = 0.0054
 202   -137.8471870011      -11.93       -4.41    13.6s
    ‖ρε - ρref‖ = 0.0006869988450624862 ‖Δρ‖ = 6.680157059740317e-6  ‖vε - vref‖ = 1.0446325479001688  α = 0.00201
 203   -137.8471870011      -12.10       -4.37    14.4s
    ‖ρε - ρref‖ = 0.0006870654277812566 ‖Δρ‖ = 8.222251337674264e-6  ‖vε - vref‖ = 1.0446305692459497  α = 0.00135
 204   -137.8471870011      -11.68       -4.71    13.4s
    ‖ρε - ρref‖ = 0.0006877458167985813 ‖Δρ‖ = 2.584937829822849e-6  ‖vε - vref‖ = 1.0446402069727478  α = 0.00662
 205   -137.8471870011      -11.87       -4.71    13.0s
    ‖ρε - ρref‖ = 0.000687544626135845 ‖Δρ‖ = 3.061812797813694e-6  ‖vε - vref‖ = 1.0446434123839707  α = 0.00469
 206   -137.8471870011      -12.27       -4.44    13.1s
    ‖ρε - ρref‖ = 0.0006875858806879563 ‖Δρ‖ = 7.2015277344939375e-6  ‖vε - vref‖ = 1.0446439211207943  α = 0.00153
 207   -137.8471870011      -11.74       -4.65    14.8s
    ‖ρε - ρref‖ = 0.0006875676719884716 ‖Δρ‖ = 3.228446536462941e-6  ‖vε - vref‖ = 1.0446421733700686  α = 0.00497
 208   -137.8471870011      -11.81       -4.87    13.6s
    ‖ρε - ρref‖ = 0.0006876131882046363 ‖Δρ‖ = 2.570957157686431e-6  ‖vε - vref‖ = 1.0446369937840156  α = 0.00562
 209   -137.8471870011      -12.10       -4.66    12.2s
    ‖ρε - ρref‖ = 0.0006853819250044942 ‖Δρ‖ = 4.978903605440052e-6  ‖vε - vref‖ = 1.0446338785127163  α = 0.00194
 210   -137.8471870011      -12.55       -4.43    14.1s
    ‖ρε - ρref‖ = 0.0006946853013143151 ‖Δρ‖ = 9.768363835712704e-6  ‖vε - vref‖ = 1.0446350287069095  α = 0.000749
 211   -137.8471870011      -11.91       -4.67    13.4s
    ‖ρε - ρref‖ = 0.0006867452639421268 ‖Δρ‖ = 3.556117753730388e-6  ‖vε - vref‖ = 1.0446310141847983  α = 0.00375
 212   -137.8471870011      -12.32       -4.61    14.4s
    ‖ρε - ρref‖ = 0.0006857761953497248 ‖Δρ‖ = 5.2924889540111886e-6  ‖vε - vref‖ = 1.044630078360736  α = 0.00173
 213   -137.8471870011      -11.93       -4.25    13.4s
    ‖ρε - ρref‖ = 0.0006900767166773288 ‖Δρ‖ = 9.221504541571222e-6  ‖vε - vref‖ = 1.0446339042102049  α = 0.00143
 214   -137.8471870011      -11.92       -4.85    13.0s
    ‖ρε - ρref‖ = 0.0006875383756984232 ‖Δρ‖ = 2.176058716016119e-6  ‖vε - vref‖ = 1.0446348391070321  α = 0.00584
 215   -137.8471870011      -12.29       -4.73    14.3s
    ‖ρε - ρref‖ = 0.0006875763200004142 ‖Δρ‖ = 3.4512344611184225e-6  ‖vε - vref‖ = 1.044636859948168  α = 0.00298
 216   -137.8471870011      -12.03       -4.44    13.1s
    ‖ρε - ρref‖ = 0.0006876653275865303 ‖Δρ‖ = 7.0624662118184685e-6  ‖vε - vref‖ = 1.0446387846273173  α = 0.00156
 217   -137.8471870011      -12.25       -4.76    13.1s
    ‖ρε - ρref‖ = 0.0006871702798264556 ‖Δρ‖ = 3.0100433715097506e-6  ‖vε - vref‖ = 1.0446369523941093  α = 0.00334
 218   -137.8471870011      -11.92       -4.86    13.8s
    ‖ρε - ρref‖ = 0.0006876429300091 ‖Δρ‖ = 1.8918285035356126e-6  ‖vε - vref‖ = 1.0446411898063945  α = 0.00688
 219   -137.8471870012      -12.22       -4.87    14.3s
    ‖ρε - ρref‖ = 0.0006875199938096415 ‖Δρ‖ = 2.47496456539156e-6  ‖vε - vref‖ = 1.0446407982157915  α = 0.00386
 220   -137.8471870012      -12.07       -4.41    14.1s
    ‖ρε - ρref‖ = 0.0006872897305477872 ‖Δρ‖ = 5.7495183639448055e-6  ‖vε - vref‖ = 1.0446395235240797  α = 0.00191
 221   -137.8471870012      -12.20       -4.85    14.2s
    ‖ρε - ρref‖ = 0.0006879550311111967 ‖Δρ‖ = 2.2528067300137506e-6  ‖vε - vref‖ = 1.0446393286434446  α = 0.00462
 222   -137.8471870012      -12.94       -4.68    13.1s
    ‖ρε - ρref‖ = 0.0006830690468017687 ‖Δρ‖ = 5.631539295203324e-6  ‖vε - vref‖ = 1.0446374815481112  α = 0.000909
 223   -137.8471870012      -12.13       -4.59    13.9s
    ‖ρε - ρref‖ = 0.0006883595734574976 ‖Δρ‖ = 3.7814356060588604e-6  ‖vε - vref‖ = 1.044636797493336  α = 0.00231
 224   -137.8471870012      -12.37       -4.87    12.6s
    ‖ρε - ρref‖ = 0.0006882318750408112 ‖Δρ‖ = 2.8815765046610156e-6  ‖vε - vref‖ = 1.0446380450243835  α = 0.00253
 225   -137.8471870012      -12.70       -4.51    12.6s
    ‖ρε - ρref‖ = 0.0006848808087510061 ‖Δρ‖ = 7.566901443416831e-6  ‖vε - vref‖ = 1.0446373341143853  α = 0.000905
 226   -137.8471870012      -11.94       -4.61    13.9s
    ‖ρε - ρref‖ = 0.0006877779383228566 ‖Δρ‖ = 3.362243424810661e-6  ‖vε - vref‖ = 1.0446389430516767  α = 0.00352
 227   -137.8471870012      -12.34       -4.95    15.1s
    ‖ρε - ρref‖ = 0.0006875341365490174 ‖Δρ‖ = 1.8912491236178171e-6  ‖vε - vref‖ = 1.0446403892176548  α = 0.00467
 228   -137.8471870012      -12.64       -5.02    13.3s
    ‖ρε - ρref‖ = 0.0006874718457412005 ‖Δρ‖ = 1.8238143016676783e-6  ‖vε - vref‖ = 1.0446404118958441  α = 0.00446
 229   -137.8471870012      -12.18       -4.45    13.7s
    ‖ρε - ρref‖ = 0.0006876788830056507 ‖Δρ‖ = 6.024155836770625e-6  ‖vε - vref‖ = 1.0446406764349194  α = 0.00133
 230   -137.8471870012      -12.32       -5.00    14.6s
    ‖ρε - ρref‖ = 0.0006876444919679425 ‖Δρ‖ = 1.7029340074420416e-6  ‖vε - vref‖ = 1.0446422298100142  α = 0.00517
 231   -137.8471870012      -12.43       -4.87    14.2s
    ‖ρε - ρref‖ = 0.0006872038820714388 ‖Δρ‖ = 2.3241893554785657e-6  ‖vε - vref‖ = 1.044638018087133  α = 0.00384
 232   -137.8471870012      -12.43       -5.00    13.3s
    ‖ρε - ρref‖ = 0.0006875734726019578 ‖Δρ‖ = 1.5600742862948382e-6  ‖vε - vref‖ = 1.0446374281137532  α = 0.00516
 233   -137.8471870012      -12.70       -4.71    14.5s
    ‖ρε - ρref‖ = 0.0006870324966031829 ‖Δρ‖ = 3.584819657685373e-6  ‖vε - vref‖ = 1.044637231077767  α = 0.00176
 234   -137.8471870012      -12.22       -4.79    12.8s
    ‖ρε - ρref‖ = 0.0006890601150871462 ‖Δρ‖ = 2.964834395898045e-6  ‖vε - vref‖ = 1.0446390869266056  α = 0.00257
 235   -137.8471870012      -12.55       -4.45    14.3s
    ‖ρε - ρref‖ = 0.0006819189251324788 ‖Δρ‖ = 8.614634154804756e-6  ‖vε - vref‖ = 1.0446381256670894  α = 0.00062
 236   -137.8471870012      -12.32       -5.02    13.9s
    ‖ρε - ρref‖ = 0.0006873877497069906 ‖Δρ‖ = 1.3773289333678638e-6  ‖vε - vref‖ = 1.0446396309505843  α = 0.00638
 237   -137.8471870012      -12.85       -4.65    15.9s
    ‖ρε - ρref‖ = 0.00068999095744351 ‖Δρ‖ = 5.867199273732925e-6  ‖vε - vref‖ = 1.0446398953892801  α = 0.000161
 238   -137.8471870012      -12.85       -4.90    13.4s
    ‖ρε - ρref‖ = 0.0006872431400702802 ‖Δρ‖ = 2.256550250260267e-6  ‖vε - vref‖ = 1.0446407748484228  α = 0.00304
 239   -137.8471870012      -12.32       -4.93    13.8s
    ‖ρε - ρref‖ = 0.0006878407009292028 ‖Δρ‖ = 2.3033967067110756e-6  ‖vε - vref‖ = 1.0446423730527603  α = 0.00272
 240   -137.8471870012      -12.70       -5.05    14.4s
    ‖ρε - ρref‖ = 0.000687439974651186 ‖Δρ‖ = 1.53307173922726e-6  ‖vε - vref‖ = 1.0446411142783645  α = 0.00479
 241   -137.8471870012      -12.27       -5.04    13.9s
    ‖ρε - ρref‖ = 0.0006875127004522759 ‖Δρ‖ = 1.3176082941005074e-6  ‖vε - vref‖ = 1.0446407885065854  α = 0.00603
 242   -137.8471870012   +    -Inf       -4.57    13.9s
    ‖ρε - ρref‖ = 0.0006876157559191069 ‖Δρ‖ = 5.135465020773522e-6  ‖vε - vref‖ = 1.0446405047757992  α = 0.00106
 243   -137.8471870012      -12.37       -5.05    13.9s
    ‖ρε - ρref‖ = 0.0006874363982373226 ‖Δρ‖ = 1.323343627366241e-6  ‖vε - vref‖ = 1.044638294725988  α = 0.00588
 244   -137.8471870012      -12.34       -5.10    14.1s
    ‖ρε - ρref‖ = 0.0006875977734802889 ‖Δρ‖ = 1.539344469382784e-6  ‖vε - vref‖ = 1.044638429579937  α = 0.00365
 245   -137.8471870012      -12.70       -5.10    13.1s
    ‖ρε - ρref‖ = 0.0006875600875295944 ‖Δρ‖ = 1.271276920701506e-6  ‖vε - vref‖ = 1.0446354643272293  α = 0.00529
 246   -137.8471870012      -13.55       -4.93    13.6s
    ‖ρε - ρref‖ = 0.0006858160798434126 ‖Δρ‖ = 2.5571481449772314e-6  ‖vε - vref‖ = 1.0446343832174798  α = 0.00154
 247   -137.8471870012      -12.50       -4.61    12.4s
    ‖ρε - ρref‖ = 0.0006895032850408604 ‖Δρ‖ = 4.04764415612011e-6  ‖vε - vref‖ = 1.0446358082089318  α = 0.00142
 248   -137.8471870012      -12.85       -4.49    14.8s
    ‖ρε - ρref‖ = 0.0006907085261869671 ‖Δρ‖ = 8.341461845454618e-6  ‖vε - vref‖ = 1.0446369101859767  α = 0.00053
 249   -137.8471870012      -13.55       -4.94    14.1s
    ‖ρε - ρref‖ = 0.0006869811181697553 ‖Δρ‖ = 2.0206133289861452e-6  ‖vε - vref‖ = 1.0446372681988474  α = 0.00242
 250   -137.8471870012      -12.70       -4.76    12.9s
    ‖ρε - ρref‖ = 0.0006876910757492982 ‖Δρ‖ = 2.939210993164055e-6  ‖vε - vref‖ = 1.0446386763725055  α = 0.00203
 251   -137.8471870012      -12.40       -5.10    13.4s
    ‖ρε - ρref‖ = 0.0006875166901519986 ‖Δρ‖ = 1.1774990368592504e-6  ‖vε - vref‖ = 1.0446399371364137  α = 0.00531
 252   -137.8471870012      -13.55       -5.19    13.8s
    ‖ρε - ρref‖ = 0.0006874874083377252 ‖Δρ‖ = 1.1270020743035043e-6  ‖vε - vref‖ = 1.0446394379215402  α = 0.00468
 253   -137.8471870012      -12.70       -4.98    13.4s
    ‖ρε - ρref‖ = 0.0006877431108562855 ‖Δρ‖ = 1.8981142178888038e-6  ‖vε - vref‖ = 1.0446391405368678  α = 0.0024
 254   -137.8471870012      -13.25       -5.00    13.9s
    ‖ρε - ρref‖ = 0.0006874494443527731 ‖Δρ‖ = 1.7428998298790772e-6  ‖vε - vref‖ = 1.0446381411148167  α = 0.00246
 255   -137.8471870012      -12.37       -4.79    12.6s
    ‖ρε - ρref‖ = 0.0006873069680815124 ‖Δρ‖ = 2.6416979828220477e-6  ‖vε - vref‖ = 1.0446365082224158  α = 0.00191
 256   -137.8471870012      -12.70       -5.21    15.1s
    ‖ρε - ρref‖ = 0.0006874894162107549 ‖Δρ‖ = 1.0029181186234893e-6  ‖vε - vref‖ = 1.0446369239358764  α = 0.00615
 257   -137.8471870012      -13.25       -5.21    14.0s
    ‖ρε - ρref‖ = 0.0006873692624801313 ‖Δρ‖ = 9.89709027852448e-7  ‖vε - vref‖ = 1.0446372525611969  α = 0.0057
 258   -137.8471870012      -12.94       -5.02    12.6s
    ‖ρε - ρref‖ = 0.0006894294358644586 ‖Δρ‖ = 2.4220085649469646e-6  ‖vε - vref‖ = 1.0446388628800545  α = 0.00121
 259   -137.8471870012      -12.50       -4.78    14.0s
    ‖ρε - ρref‖ = 0.0006869949115558704 ‖Δρ‖ = 3.1004249987510474e-6  ‖vε - vref‖ = 1.0446403625225302  α = 0.00135
 260   -137.8471870012      -13.25       -5.05    13.9s
    ‖ρε - ρref‖ = 0.0006867372773403795 ‖Δρ‖ = 1.8570396448514172e-6  ‖vε - vref‖ = 1.0446401097984004  α = 0.00196
 261   -137.8471870012   +    -Inf       -4.67    45.4s
    ‖ρε - ρref‖ = 0.0006884988060011927 ‖Δρ‖ = 3.69410012323365e-6  ‖vε - vref‖ = 1.044640125951757  α = 3.4e-5
 262   -137.8471870012      -12.85       -5.19    13.5s
    ‖ρε - ρref‖ = 0.0006874089179272204 ‖Δρ‖ = 1.094594132137458e-6  ‖vε - vref‖ = 1.0446398073792502  α = 0.00474
 263   -137.8471870012      -13.25       -5.08    16.2s
    ‖ρε - ρref‖ = 0.0006875804744035984 ‖Δρ‖ = 1.4772453262331095e-6  ‖vε - vref‖ = 1.0446397931980675  α = 0.000531
 264   -137.8471870012      -12.94       -4.85    37.9s
    ‖ρε - ρref‖ = 0.0006874594198519832 ‖Δρ‖ = 2.3799958264811816e-6  ‖vε - vref‖ = 1.0446397931786613  α = 8.02e-8
 265   -137.8471870012      -13.25       -5.28    13.3s
    ‖ρε - ρref‖ = 0.0006875118095501507 ‖Δρ‖ = 7.622902327008857e-7  ‖vε - vref‖ = 1.0446394956230742  α = 0.0072
 266   -137.8471870012   +  -13.55       -4.85    14.5s
    ‖ρε - ρref‖ = 0.0006876589702755469 ‖Δρ‖ = 2.7705283699192792e-6  ‖vε - vref‖ = 1.0446396204223243  α = 0.00106
 267   -137.8471870012      -12.94       -5.27    14.0s
    ‖ρε - ρref‖ = 0.000687548578636929 ‖Δρ‖ = 1.0272011192365617e-6  ‖vε - vref‖ = 1.0446399555168506  α = 0.00346
 268   -137.8471870012      -12.85       -5.19    16.0s
    ‖ρε - ρref‖ = 0.0006873776438358395 ‖Δρ‖ = 1.1664075104921159e-6  ‖vε - vref‖ = 1.0446398737288853  α = 0.000807
 269   -137.8471870012      -13.55       -5.17    13.9s
    ‖ρε - ρref‖ = 0.0006877802374919817 ‖Δρ‖ = 1.1501430967806612e-6  ‖vε - vref‖ = 1.044640904941718  α = 0.00385
 270   -137.8471870012      -12.70       -5.21    13.5s
    ‖ρε - ρref‖ = 0.0006862515621853391 ‖Δρ‖ = 1.7560075623104171e-6  ‖vε - vref‖ = 1.0446402966937582  α = 0.00131
 271   -137.8471870012      -13.55       -4.97    37.0s
    ‖ρε - ρref‖ = 0.0006878361339567524 ‖Δρ‖ = 2.0048510769761153e-6  ‖vε - vref‖ = 1.0446402953979759  α = 3.29e-5
 272   -137.8471870012   +    -Inf       -4.48    37.9s
    ‖ρε - ρref‖ = 0.0006919235070961128 ‖Δρ‖ = 8.579825718868504e-6  ‖vε - vref‖ = 1.044640295399506  α = 1.1e-9
 273   -137.8471870012      -13.07       -5.09    17.3s
    ‖ρε - ρref‖ = 0.000687338000404336 ‖Δρ‖ = 1.4178452218178163e-6  ‖vε - vref‖ = 1.0446402360431524  α = 0.000323
 274   -137.8471870012   +    -Inf       -4.79    29.7s
    ‖ρε - ρref‖ = 0.0006877927831371014 ‖Δρ‖ = 2.9275250971412468e-6  ‖vε - vref‖ = 1.044640236043175  α = 0.0
 275   -137.8471870012   +  -13.55       -4.46    28.1s
    ‖ρε - ρref‖ = 0.0006938976697092187 ‖Δρ‖ = 8.724249982445517e-6  ‖vε - vref‖ = 1.0446402360431668  α = 0.0
 276   -137.8471870012   +  -12.70       -4.46    11.7s
    ‖ρε - ρref‖ = 0.0006938937939692531 ‖Δρ‖ = 8.724250055975314e-6  ‖vε - vref‖ = 1.0446412603331807  α = 0.000605
 277   -137.8471870012      -12.59       -4.74    11.4s
    ‖ρε - ρref‖ = 0.0006853349657359314 ‖Δρ‖ = 4.063918900907845e-6  ‖vε - vref‖ = 1.0446397562238792  α = 0.000964
 278   -137.8471870012      -13.07       -5.16    11.5s
    ‖ρε - ρref‖ = 0.0006877517516470196 ‖Δρ‖ = 1.2984331618144148e-6  ‖vε - vref‖ = 1.0446399454932322  α = 0.00158
 279   -137.8471870012   +  -12.70       -5.07    12.3s
    ‖ρε - ρref‖ = 0.0006873659097445968 ‖Δρ‖ = 1.7854174453868105e-6  ‖vε - vref‖ = 1.0446400352584708  α = 0.000956
 280   -137.8471870012      -13.55       -5.16    12.6s
    ‖ρε - ρref‖ = 0.0006875683298214023 ‖Δρ‖ = 1.2673965988026534e-6  ‖vε - vref‖ = 1.0446399946153684  α = 0.00162
 281   -137.8471870012   +    -Inf       -5.11    25.8s
    ‖ρε - ρref‖ = 0.000687398536553758 ‖Δρ‖ = 1.368337330942298e-6  ‖vε - vref‖ = 1.0446399946155016  α = 0.0
 282   -137.8471870012   +    -Inf       -5.01    11.1s
    ‖ρε - ρref‖ = 0.0006873377433871767 ‖Δρ‖ = 2.0500733760765346e-6  ‖vε - vref‖ = 1.0446398693454606  α = 0.000747
Trying again with Newton's method ...
n     Energy            log10(ΔE)   log10(Δρ)   Δtime 
---   ---------------   ---------   ---------   ------
  1   -137.8471870012                   -7.74    1202s
    ‖ρε - ρref‖ = 0.0006875107684287142 ‖Δρ‖ = 2.8937660538802137e-9  ‖vε - vref‖ = 1.0446392943727678
  2   -137.8471870012      -13.07       -7.94    1204s
    ‖ρε - ρref‖ = 0.0006875106138806019 ‖Δρ‖ = 1.796174888758653e-9  ‖vε - vref‖ = 1.044639517265186

#-- ‖ρε - ρref‖ = 0.0006875106138806019 vs. 1.0000000000000002e-6 = δ*ε ‖vε - vref‖ = 1.044639517265186


# --- ε=5.623413251903491e-5

n     Energy            log10(ΔE)   log10(Δρ)   Δtime 
---   ---------------   ---------   ---------   ------
  1   -137.8455912332                    0.57    16.7s
    ‖ρε - ρref‖ = 1.3052766812087409 ‖Δρ‖ = 1.3050296259193122  ‖vε - vref‖ = 3.5422480824882037  α = 0.000297
  2   -137.8456404655       -4.31       -0.39    11.3s
    ‖ρε - ρref‖ = 0.09423441264811427 ‖Δρ‖ = 0.09415576270310337  ‖vε - vref‖ = 3.3403683823534265  α = 0.000709
  3   -137.8456531136       -4.90       -0.35    11.9s
    ‖ρε - ρref‖ = 0.1075456851932131 ‖Δρ‖ = 0.10750684316032937  ‖vε - vref‖ = 3.3041392440701123  α = 0.000328
  4   -137.8456777597       -4.61       -0.89    12.2s
    ‖ρε - ρref‖ = 0.02504537030936573 ‖Δρ‖ = 0.02494973277973914  ‖vε - vref‖ = 3.1428845564244674  α = 0.00191
  5   -137.8456841403       -5.20       -0.95    12.5s
    ‖ρε - ρref‖ = 0.02565839623092346 ‖Δρ‖ = 0.025616199392626878  ‖vε - vref‖ = 3.0850418165281743  α = 0.000899
  6   -137.8456859881       -5.73       -1.05    13.1s
    ‖ρε - ρref‖ = 0.01717735628249153 ‖Δρ‖ = 0.017176302788989427  ‖vε - vref‖ = 3.08712418990131  α = 0.000789
  7   -137.8456883360       -5.63       -1.14    13.2s
    ‖ρε - ρref‖ = 0.011870135498639144 ‖Δρ‖ = 0.011875287433691203  ‖vε - vref‖ = 3.0980403338801743  α = 0.00127
  8   -137.8456893221       -6.01       -1.41    12.2s
    ‖ρε - ρref‖ = 0.008252759945636252 ‖Δρ‖ = 0.008244319868417007  ‖vε - vref‖ = 3.0906568127755363  α = 0.0012
  9   -137.8456914710       -5.67       -1.38    13.0s
    ‖ρε - ρref‖ = 0.008514737305709785 ‖Δρ‖ = 0.008506732557990063  ‖vε - vref‖ = 3.0659675330888585  α = 0.00169
 10   -137.8456999042       -5.07       -1.53    12.3s
    ‖ρε - ρref‖ = 0.00456324594704826 ‖Δρ‖ = 0.004599730077527911  ‖vε - vref‖ = 3.0006698405468133  α = 0.00608
 11   -137.8457149861       -4.82       -1.63    13.9s
    ‖ρε - ρref‖ = 0.00330823702285538 ‖Δρ‖ = 0.0033897804274062066  ‖vε - vref‖ = 2.907187812198034  α = 0.0111
 12   -137.8458674483       -3.82        0.17    13.4s
    ‖ρε - ρref‖ = 0.3043010027757549 ‖Δρ‖ = 0.3045446300873857  ‖vε - vref‖ = 1.2177623465980134  α = 0.000161
 13   -137.8458678289       -6.42       -2.49    13.0s
    ‖ρε - ρref‖ = 0.000623276183955874 ‖Δρ‖ = 0.0004937610147236676  ‖vε - vref‖ = 1.2143710817710034  α = 0.0118
 14   -137.8458680946       -6.58       -1.94    13.6s
    ‖ρε - ρref‖ = 0.0022096206246192403 ‖Δρ‖ = 0.0022142585829892326  ‖vε - vref‖ = 1.2143771020023553  α = 0.00221
 15   -137.8458683002       -6.69       -1.33    13.4s
    ‖ρε - ρref‖ = 0.010298995121395696 ‖Δρ‖ = 0.010297766880012792  ‖vε - vref‖ = 1.213168071161063  α = 0.000429
 16   -137.8458690360       -6.13       -1.77    13.4s
    ‖ρε - ρref‖ = 0.002389173685672514 ‖Δρ‖ = 0.0023947956443026814  ‖vε - vref‖ = 1.2201980506093628  α = 0.00328
 17   -137.8458694380       -6.40       -1.56    13.8s
    ‖ρε - ρref‖ = 0.005150587405115257 ‖Δρ‖ = 0.005183780113006663  ‖vε - vref‖ = 1.2132269166123208  α = 0.00113
 18   -137.8458697352       -6.53       -1.65    13.0s
    ‖ρε - ρref‖ = 0.00448080047009641 ‖Δρ‖ = 0.004493435595675492  ‖vε - vref‖ = 1.2064575186683195  α = 0.00116
 19   -137.8458704373       -6.15       -1.53    14.2s
    ‖ρε - ρref‖ = 0.004576688822537208 ‖Δρ‖ = 0.004588483366208056  ‖vε - vref‖ = 1.1966955691196677  α = 0.00173
 20   -137.8458708091       -6.43       -1.62    13.8s
    ‖ρε - ρref‖ = 0.004789520508370897 ‖Δρ‖ = 0.004803884285554604  ‖vε - vref‖ = 1.1969740781429061  α = 0.00124
 21   -137.8458715682       -6.12       -1.60    12.5s
    ‖ρε - ρref‖ = 0.004752069972805374 ‖Δρ‖ = 0.004786113830577403  ‖vε - vref‖ = 1.1928664790307297  α = 0.00167
 22   -137.8458726016       -5.99       -1.55    13.7s
    ‖ρε - ρref‖ = 0.004459457969300445 ‖Δρ‖ = 0.004526998287795122  ‖vε - vref‖ = 1.1574964198587339  α = 0.00191
 23   -137.8458794511       -5.16       -0.45    16.8s
    ‖ρε - ρref‖ = 0.09480703895216706 ‖Δρ‖ = 0.09476471857995451  ‖vε - vref‖ = 0.9986540748413751  α = 0.000237
 24   -137.8458799065       -6.34       -1.79    14.0s
    ‖ρε - ρref‖ = 0.0027817458816725804 ‖Δρ‖ = 0.00273760192938043  ‖vε - vref‖ = 0.9895575993226788  α = 0.00237
 25   -137.8458801262       -6.66       -2.01    13.9s
    ‖ρε - ρref‖ = 0.0016273797570372469 ‖Δρ‖ = 0.0015944596087607218  ‖vε - vref‖ = 0.9846917728153918  α = 0.00279
 26   -137.8458801894       -7.20       -1.58    12.9s
    ‖ρε - ρref‖ = 0.007005169121252745 ‖Δρ‖ = 0.006986869285280998  ‖vε - vref‖ = 0.9828166667758895  α = 0.000342
 27   -137.8458803371       -6.83       -1.93    13.6s
    ‖ρε - ρref‖ = 0.001997864107778869 ‖Δρ‖ = 0.0019875831440748755  ‖vε - vref‖ = 0.9759885301999386  α = 0.00183
 28   -137.8458803894       -7.28       -2.06    14.0s
    ‖ρε - ρref‖ = 0.0015628105906647933 ‖Δρ‖ = 0.0015210687103881073  ‖vε - vref‖ = 0.971698941150701  α = 0.00139
 29   -137.8458804154       -7.58       -1.97    13.0s
    ‖ρε - ρref‖ = 0.0018370005421746427 ‖Δρ‖ = 0.0017651767112206633  ‖vε - vref‖ = 0.9693066670944332  α = 0.000905
 30   -137.8458804261       -7.97       -2.14    13.1s
    ‖ρε - ρref‖ = 0.0015141626307333875 ‖Δρ‖ = 0.0014313848422322405  ‖vε - vref‖ = 0.9682751851918978  α = 0.000694
 31   -137.8458804378       -7.93       -2.56    12.8s
    ‖ρε - ρref‖ = 0.0006160141878906704 ‖Δρ‖ = 0.00045882427778530294  ‖vε - vref‖ = 0.9667900194181454  α = 0.00222
 32   -137.8458804438       -8.22       -2.28    12.5s
    ‖ρε - ρref‖ = 0.0010404696625223799 ‖Δρ‖ = 0.000977019999413033  ‖vε - vref‖ = 0.9660832060963056  α = 0.000784
 33   -137.8458804513       -8.13       -2.49    13.1s
    ‖ρε - ρref‖ = 0.0006864336805533007 ‖Δρ‖ = 0.0006583715878112391  ‖vε - vref‖ = 0.9657456130617633  α = 0.00122
 34   -137.8458804564       -8.29       -2.67    13.7s
    ‖ρε - ρref‖ = 0.0003002588455679628 ‖Δρ‖ = 0.0004825653866867617  ‖vε - vref‖ = 0.9657179477243615  α = 0.00143
 35   -137.8458804764       -7.70       -2.11    14.8s
    ‖ρε - ρref‖ = 0.0013330376286206683 ‖Δρ‖ = 0.0010877575309021135  ‖vε - vref‖ = 0.968017376096369  α = 0.00115
 36   -137.8458804894       -7.89       -2.53    14.0s
    ‖ρε - ρref‖ = 0.0006200086660424447 ‖Δρ‖ = 0.0004520581800963358  ‖vε - vref‖ = 0.9691558538502777  α = 0.00239
 37   -137.8458805049       -7.81       -2.81    12.8s
    ‖ρε - ρref‖ = 0.00045611519188018437 ‖Δρ‖ = 0.00023912659761595215  ‖vε - vref‖ = 0.9695111312749647  α = 0.00482
 38   -137.8458805095       -8.34       -2.58    13.8s
    ‖ρε - ρref‖ = 0.0006309259070341357 ‖Δρ‖ = 0.0005100783502321835  ‖vε - vref‖ = 0.9694672129639138  α = 0.00126
 39   -137.8458805168       -8.14       -2.07    14.0s
    ‖ρε - ρref‖ = 0.0014462137655736037 ‖Δρ‖ = 0.0013844971110759173  ‖vε - vref‖ = 0.9694651137136246  α = 0.000589
 40   -137.8458805233       -8.19       -2.82    13.0s
    ‖ρε - ρref‖ = 0.0004311141061425932 ‖Δρ‖ = 0.0002079503856206414  ‖vε - vref‖ = 0.9695238685498948  α = 0.00378
 41   -137.8458805344       -7.96       -2.83    13.1s
    ‖ρε - ρref‖ = 0.00043960341090439785 ‖Δρ‖ = 0.00020784241524373655  ‖vε - vref‖ = 0.9703898830378955  α = 0.00462
 42   -137.8458805383       -8.41       -2.24    13.7s
    ‖ρε - ρref‖ = 0.0011506758663636799 ‖Δρ‖ = 0.0010796203589841628  ‖vε - vref‖ = 0.9707212681277121  α = 0.000572
 43   -137.8458805441       -8.24       -2.77    13.4s
    ‖ρε - ρref‖ = 0.0004985077697365995 ‖Δρ‖ = 0.0003146226977574895  ‖vε - vref‖ = 0.9714936871410796  α = 0.0022
 44   -137.8458805481       -8.39       -2.60    13.3s
    ‖ρε - ρref‖ = 0.0006336274241057256 ‖Δρ‖ = 0.0004889508784520342  ‖vε - vref‖ = 0.9723111768192951  α = 0.00121
 45   -137.8458805518       -8.43       -2.61    13.8s
    ‖ρε - ρref‖ = 0.0007179398819039902 ‖Δρ‖ = 0.0005202371974074809  ‖vε - vref‖ = 0.9731336061039411  α = 0.0011
 46   -137.8458805545       -8.56       -2.70    13.0s
    ‖ρε - ρref‖ = 0.0004585591997157866 ‖Δρ‖ = 0.0003978824327231292  ‖vε - vref‖ = 0.9735713167529448  α = 0.0012
 47   -137.8458805560       -8.84       -2.65    13.2s
    ‖ρε - ρref‖ = 0.0009536468500056475 ‖Δρ‖ = 0.0006085984913166109  ‖vε - vref‖ = 0.9739531880203963  α = 0.000599
 48   -137.8458805620       -8.22       -2.56    14.0s
    ‖ρε - ρref‖ = 0.0004919134236114994 ‖Δρ‖ = 0.00041833364175643473  ‖vε - vref‖ = 0.9747536347868238  α = 0.00169
 49   -137.8458805657       -8.44       -2.98    12.9s
    ‖ρε - ρref‖ = 0.00044800786735030393 ‖Δρ‖ = 0.00021189196399810578  ‖vε - vref‖ = 0.9749333067195104  α = 0.00254
 50   -137.8458805697       -8.39       -2.78    13.7s
    ‖ρε - ρref‖ = 0.0004371231361739606 ‖Δρ‖ = 0.00025998802477697356  ‖vε - vref‖ = 0.9745037614743253  α = 0.00228
 51   -137.8458805705       -9.08       -2.51    14.2s
    ‖ρε - ρref‖ = 0.0008362965700056533 ‖Δρ‖ = 0.0007413063386683153  ‖vε - vref‖ = 0.974435402634501  α = 0.000364
 52   -137.8458805740       -8.46       -2.82    13.8s
    ‖ρε - ρref‖ = 0.00045430694996727197 ‖Δρ‖ = 0.00023241322713629645  ‖vε - vref‖ = 0.9741870723225092  α = 0.00242
 53   -137.8458805774       -8.48       -2.90    12.7s
    ‖ρε - ρref‖ = 0.00041472771954662583 ‖Δρ‖ = 0.00017276372676695902  ‖vε - vref‖ = 0.9740610543062123  α = 0.00319
 54   -137.8458805805       -8.51       -2.89    13.9s
    ‖ρε - ρref‖ = 0.00044678719982964727 ‖Δρ‖ = 0.00019717069108419474  ‖vε - vref‖ = 0.9742989535245153  α = 0.00269
 55   -137.8458805836       -8.51       -2.35    13.6s
    ‖ρε - ρref‖ = 0.0008579842186193671 ‖Δρ‖ = 0.0007221845130630027  ‖vε - vref‖ = 0.9745570452674847  α = 0.00073
 56   -137.8458805850       -8.85       -3.02    13.4s
    ‖ρε - ρref‖ = 0.00043944020606306953 ‖Δρ‖ = 0.00016474998469507947  ‖vε - vref‖ = 0.9745351326905946  α = 0.00221
 57   -137.8458805860       -8.97       -2.77    12.6s
    ‖ρε - ρref‖ = 0.0004982833802507776 ‖Δρ‖ = 0.0003499514460679741  ‖vε - vref‖ = 0.9744557819899962  α = 0.000909
 58   -137.8458805876       -8.80       -2.96    13.1s
    ‖ρε - ρref‖ = 0.0005183717084527589 ‖Δρ‖ = 0.00019929844929159705  ‖vε - vref‖ = 0.974340059016793  α = 0.00179
 59   -137.8458805886       -9.01       -2.55    12.8s
    ‖ρε - ρref‖ = 0.00041869400436538815 ‖Δρ‖ = 0.0006538884880409256  ‖vε - vref‖ = 0.9740758178594475  α = 0.000453
 60   -137.8458805898       -8.93       -2.75    14.6s
    ‖ρε - ρref‖ = 0.0005456731881700399 ‖Δρ‖ = 0.00033945915009142834  ‖vε - vref‖ = 0.9738567603128799  α = 0.000907
 61   -137.8458805912       -8.84       -3.16    13.3s
    ‖ρε - ρref‖ = 0.0003906647355118946 ‖Δρ‖ = 0.00011813355108044388  ‖vε - vref‖ = 0.9736747926307918  α = 0.00309
 62   -137.8458805928       -8.80       -3.19    14.0s
    ‖ρε - ρref‖ = 0.0004068242103112567 ‖Δρ‖ = 9.933548992050847e-5  ‖vε - vref‖ = 0.9737232229797285  α = 0.00376
 63   -137.8458805934       -9.24       -2.59    13.8s
    ‖ρε - ρref‖ = 0.000736403483391403 ‖Δρ‖ = 0.000629379072481313  ‖vε - vref‖ = 0.9737144227750901  α = 0.000359
 64   -137.8458805943       -9.01       -2.95    13.4s
    ‖ρε - ρref‖ = 0.00044371158002553206 ‖Δρ‖ = 0.00021431378712867316  ‖vε - vref‖ = 0.9736838599629369  α = 0.00134
 65   -137.8458805950       -9.21       -3.24    13.3s
    ‖ρε - ρref‖ = 0.00041211985167403464 ‖Δρ‖ = 9.928626772366165e-5  ‖vε - vref‖ = 0.9737452655583952  α = 0.00231
 66   -137.8458805963       -8.87       -3.37    13.0s
    ‖ρε - ρref‖ = 0.00038986008034515 ‖Δρ‖ = 5.866215914126275e-5  ‖vε - vref‖ = 0.973643598557451  α = 0.0057
 67   -137.8458805967       -9.37       -2.82    13.6s
    ‖ρε - ρref‖ = 0.00048355517961785633 ‖Δρ‖ = 0.0002891661493884071  ‖vε - vref‖ = 0.9736285736386188  α = 0.000716
 68   -137.8458805975       -9.14       -3.06    14.7s
    ‖ρε - ρref‖ = 0.000428530504720811 ‖Δρ‖ = 0.00016253747987088227  ‖vε - vref‖ = 0.9736352031538953  α = 0.00153
 69   -137.8458805981       -9.18       -3.32    13.4s
    ‖ρε - ρref‖ = 0.00040762660285551504 ‖Δρ‖ = 8.846292385783605e-5  ‖vε - vref‖ = 0.9736026315210872  α = 0.00279
 70   -137.8458805988       -9.19       -2.81    12.6s
    ‖ρε - ρref‖ = 0.0003514292736321978 ‖Δρ‖ = 0.0003062113832976063  ‖vε - vref‖ = 0.973505455888015  α = 0.000785
 71   -137.8458805991       -9.57       -2.91    13.7s
    ‖ρε - ρref‖ = 0.0006708177082459296 ‖Δρ‖ = 0.0003236482567339903  ‖vε - vref‖ = 0.9735542646194421  α = 0.000481
 72   -137.8458805999       -9.09       -3.00    14.1s
    ‖ρε - ρref‖ = 0.00039866401698183376 ‖Δρ‖ = 0.00016731464441385141  ‖vε - vref‖ = 0.973551727166665  α = 0.00159
 73   -137.8458806003       -9.40       -3.24    13.5s
    ‖ρε - ρref‖ = 0.0004086663101195721 ‖Δρ‖ = 0.00011467174016913403  ‖vε - vref‖ = 0.9735636205405566  α = 0.0015
 74   -137.8458806008       -9.31       -3.26    13.1s
    ‖ρε - ρref‖ = 0.0004063807772766882 ‖Δρ‖ = 9.283274806990488e-5  ‖vε - vref‖ = 0.9736288367903192  α = 0.00224
 75   -137.8458806009       -9.82       -3.20    14.0s
    ‖ρε - ρref‖ = 0.00042297033445685555 ‖Δρ‖ = 0.0001548513861134491  ‖vε - vref‖ = 0.973650247213151  α = 0.000752
 76   -137.8458806014       -9.30       -2.96    13.9s
    ‖ρε - ρref‖ = 0.0004194268362116096 ‖Δρ‖ = 0.00017650420620809052  ‖vε - vref‖ = 0.9736770775788774  α = 0.00113
 77   -137.8458806020       -9.20       -3.41    14.2s
    ‖ρε - ρref‖ = 0.0003950524584722949 ‖Δρ‖ = 5.026693862671941e-5  ‖vε - vref‖ = 0.9736674389807123  α = 0.00456
 78   -137.8458806024       -9.40       -3.39    14.2s
    ‖ρε - ρref‖ = 0.0003992554604947395 ‖Δρ‖ = 7.762143050154458e-5  ‖vε - vref‖ = 0.973590094663464  α = 0.00244
 79   -137.8458806027       -9.50       -3.34    14.1s
    ‖ρε - ρref‖ = 0.0003867343612738159 ‖Δρ‖ = 7.927663421251573e-5  ‖vε - vref‖ = 0.9733867815402067  α = 0.00213
 80   -137.8458806030       -9.55       -2.89    14.9s
    ‖ρε - ρref‖ = 0.0004220992263239599 ‖Δρ‖ = 0.00020745325601632787  ‖vε - vref‖ = 0.9732020900345838  α = 0.000787
 81   -137.8458806033       -9.62       -3.24    13.8s
    ‖ρε - ρref‖ = 0.00039997657426501967 ‖Δρ‖ = 0.00010532777004059996  ‖vε - vref‖ = 0.9730917572741946  α = 0.0014
 82   -137.8458806034       -9.91       -3.45    13.7s
    ‖ρε - ρref‖ = 0.0004291012058273315 ‖Δρ‖ = 6.767762010659613e-5  ‖vε - vref‖ = 0.9730637860061364  α = 0.00159
 83   -137.8458806036       -9.76       -3.01    13.6s
    ‖ρε - ρref‖ = 0.0002944394332225901 ‖Δρ‖ = 0.00018711845366095186  ‖vε - vref‖ = 0.9729542185439329  α = 0.000654
 84   -137.8458806037       -9.93       -3.03    13.9s
    ‖ρε - ρref‖ = 0.00048159036007587006 ‖Δρ‖ = 0.00018183689974894115  ‖vε - vref‖ = 0.9729375335280719  α = 0.000587
 85   -137.8458806041       -9.36       -3.52    13.8s
    ‖ρε - ρref‖ = 0.0003930743017222757 ‖Δρ‖ = 3.9776695244857995e-5  ‖vε - vref‖ = 0.9729723871176081  α = 0.00479
 86   -137.8458806043       -9.75       -3.55    14.2s
    ‖ρε - ρref‖ = 0.0003923606268015007 ‖Δρ‖ = 5.096395455184726e-5  ‖vε - vref‖ = 0.9729718900517941  α = 0.00236
 87   -137.8458806044       -9.96       -3.24    14.0s
    ‖ρε - ρref‖ = 0.0004066129296067487 ‖Δρ‖ = 0.00011933213601230674  ‖vε - vref‖ = 0.9729634270424642  α = 0.000855
 88   -137.8458806045       -9.92       -3.10    14.4s
    ‖ρε - ρref‖ = 0.0004344548660276311 ‖Δρ‖ = 0.00017576643711174214  ‖vε - vref‖ = 0.972955892316135  α = 0.000534
 89   -137.8458806048       -9.65       -3.49    14.1s
    ‖ρε - ρref‖ = 0.00038752711760960617 ‖Δρ‖ = 5.148143420993444e-5  ‖vε - vref‖ = 0.9728624768428356  α = 0.00269
 90   -137.8458806050       -9.69       -3.51    14.1s
    ‖ρε - ρref‖ = 0.0003932694962694837 ‖Δρ‖ = 4.618256607463693e-5  ‖vε - vref‖ = 0.9728042667496094  α = 0.00295
 91   -137.8458806052       -9.68       -3.73    13.7s
    ‖ρε - ρref‖ = 0.00038992474638361874 ‖Δρ‖ = 2.5620206244018573e-5  ‖vε - vref‖ = 0.9728086694385382  α = 0.00532
 92   -137.8458806052      -10.10       -3.36    13.5s
    ‖ρε - ρref‖ = 0.0003951863798631189 ‖Δρ‖ = 7.826478742989286e-5  ‖vε - vref‖ = 0.9728179659518477  α = 0.00113
 93   -137.8458806054       -9.91       -3.21    13.3s
    ‖ρε - ρref‖ = 0.00040254847133583724 ‖Δρ‖ = 9.760643892908076e-5  ‖vε - vref‖ = 0.9728436248397317  α = 0.00111
 94   -137.8458806056       -9.72       -3.70    13.5s
    ‖ρε - ρref‖ = 0.0003758317601780805 ‖Δρ‖ = 3.334388491527646e-5  ‖vε - vref‖ = 0.972878838546139  α = 0.00388
 95   -137.8458806057       -9.93       -2.95    14.3s
    ‖ρε - ρref‖ = 0.0006049706200523617 ‖Δρ‖ = 0.0002495586361768529  ‖vε - vref‖ = 0.9729466856918799  α = 0.000404
 96   -137.8458806058      -10.07       -3.30    14.3s
    ‖ρε - ρref‖ = 0.0003678506975701779 ‖Δρ‖ = 0.0001106773485732925  ‖vε - vref‖ = 0.9729425344505326  α = 0.000794
 97   -137.8458806059       -9.99       -3.33    13.5s
    ‖ρε - ρref‖ = 0.0004001510361731232 ‖Δρ‖ = 8.106291185152421e-5  ‖vε - vref‖ = 0.9729530139250236  α = 0.00122
 98   -137.8458806060       -9.91       -3.56    13.4s
    ‖ρε - ρref‖ = 0.0003958791414253079 ‖Δρ‖ = 4.3796966420800284e-5  ‖vε - vref‖ = 0.9730040222437689  α = 0.00236
 99   -137.8458806061      -10.04       -3.61    14.2s
    ‖ρε - ρref‖ = 0.00038833880198406207 ‖Δρ‖ = 4.0555579494758725e-5  ‖vε - vref‖ = 0.9729950336270604  α = 0.00223
 100   -137.8458806061      -10.48       -3.24    13.0s
    ‖ρε - ρref‖ = 0.00040175525021656346 ‖Δρ‖ = 0.00013228958767054578  ‖vε - vref‖ = 0.9729875477144667  α = 0.000415
 101   -137.8458806063       -9.79       -3.58    14.9s
    ‖ρε - ρref‖ = 0.0003897382388902372 ‖Δρ‖ = 4.352416242442616e-5  ‖vε - vref‖ = 0.9729773033030736  α = 0.00263
 102   -137.8458806064      -10.10       -3.64    14.0s
    ‖ρε - ρref‖ = 0.00038990434559517043 ‖Δρ‖ = 4.8617497979061435e-5  ‖vε - vref‖ = 0.9729614119014719  α = 0.00157
 103   -137.8458806065       -9.96       -3.55    13.1s
    ‖ρε - ρref‖ = 0.0003942196086074081 ‖Δρ‖ = 4.1799596544254476e-5  ‖vε - vref‖ = 0.9729532315807752  α = 0.00234
 104   -137.8458806066       -9.90       -3.87    13.4s
    ‖ρε - ρref‖ = 0.0003897570357238188 ‖Δρ‖ = 1.9988907177764603e-5  ‖vε - vref‖ = 0.9729542755256744  α = 0.00528
 105   -137.8458806067       -9.99       -3.58    13.6s
    ‖ρε - ρref‖ = 0.00039299680239208377 ‖Δρ‖ = 3.8906069757485585e-5  ‖vε - vref‖ = 0.9729679424415165  α = 0.00248
 106   -137.8458806067      -10.58       -3.30    13.7s
    ‖ρε - ρref‖ = 0.000388840875469419 ‖Δρ‖ = 9.41178673228913e-5  ‖vε - vref‖ = 0.9729649556551255  α = 0.00055
 107   -137.8458806068      -10.10       -3.83    13.2s
    ‖ρε - ρref‖ = 0.0004023363294494087 ‖Δρ‖ = 2.45582873998987e-5  ‖vε - vref‖ = 0.9729638820689108  α = 0.00337
 108   -137.8458806069      -10.25       -3.02    14.6s
    ‖ρε - ρref‖ = 0.00027517883853776456 ‖Δρ‖ = 0.00018730472873871516  ‖vε - vref‖ = 0.9729242767286786  α = 0.000379
 109   -137.8458806069      -10.13       -3.70    13.7s
    ‖ρε - ρref‖ = 0.00039461348829183143 ‖Δρ‖ = 3.394425338155722e-5  ‖vε - vref‖ = 0.9729200128552413  α = 0.00244
 110   -137.8458806070      -10.45       -3.44    13.8s
    ‖ρε - ρref‖ = 0.00039645701631919303 ‖Δρ‖ = 7.019603498119755e-5  ‖vε - vref‖ = 0.9729169076100369  α = 0.000849
 111   -137.8458806070      -10.15       -3.61    13.6s
    ‖ρε - ρref‖ = 0.00039098626305320017 ‖Δρ‖ = 3.692969249327017e-5  ‖vε - vref‖ = 0.9729176021914939  α = 0.00217
 112   -137.8458806071      -10.40       -3.85    13.7s
    ‖ρε - ρref‖ = 0.0003885666324883784 ‖Δρ‖ = 2.801747270793929e-5  ‖vε - vref‖ = 0.9729299124781715  α = 0.00211
 113   -137.8458806071      -10.25       -3.13    14.2s
    ‖ρε - ρref‖ = 0.0004097657984476628 ‖Δρ‖ = 0.00013230428538432929  ‖vε - vref‖ = 0.9729541762153003  α = 0.000529
 114   -137.8458806072      -10.24       -3.89    13.9s
    ‖ρε - ρref‖ = 0.0003877247548232498 ‖Δρ‖ = 2.57758577210576e-5  ‖vε - vref‖ = 0.9729578426949409  α = 0.00257
 115   -137.8458806073      -10.15       -3.68    14.0s
    ‖ρε - ρref‖ = 0.0003937737710458653 ‖Δρ‖ = 3.167818353072666e-5  ‖vε - vref‖ = 0.9729972828171375  α = 0.00247
 116   -137.8458806073      -10.38       -3.77    13.7s
    ‖ρε - ρref‖ = 0.0003869211663903501 ‖Δρ‖ = 2.7189259328462364e-5  ‖vε - vref‖ = 0.9729861591370826  α = 0.00222
 117   -137.8458806073      -10.39       -3.79    14.4s
    ‖ρε - ρref‖ = 0.0003896291213591981 ‖Δρ‖ = 2.7829565676848127e-5  ‖vε - vref‖ = 0.9729872743867716  α = 0.00207
 118   -137.8458806074      -10.25       -3.70    13.1s
    ‖ρε - ρref‖ = 0.00038990792116900603 ‖Δρ‖ = 2.890518729637743e-5  ‖vε - vref‖ = 0.9730054851288897  α = 0.00239
 119   -137.8458806074      -10.67       -3.67    12.8s
    ‖ρε - ρref‖ = 0.0004030192761375778 ‖Δρ‖ = 4.068330248977374e-5  ‖vε - vref‖ = 0.9730194499616046  α = 0.00112
 120   -137.8458806075      -10.48       -3.47    14.7s
    ‖ρε - ρref‖ = 0.0003590220954810856 ‖Δρ‖ = 5.7522344687581235e-5  ‖vε - vref‖ = 0.9730179068766606  α = 0.000927
 121   -137.8458806075      -10.76       -3.36    14.3s
    ‖ρε - ρref‖ = 0.00045460897029301234 ‖Δρ‖ = 9.193280818258387e-5  ‖vε - vref‖ = 0.9730368738441233  α = 0.000437
 122   -137.8458806075      -10.20       -3.74    14.5s
    ‖ρε - ρref‖ = 0.0003867175569253644 ‖Δρ‖ = 2.5226786746569638e-5  ‖vε - vref‖ = 0.9730639166846071  α = 0.00289
 123   -137.8458806076      -10.46       -3.88    14.0s
    ‖ρε - ρref‖ = 0.00039026692799960664 ‖Δρ‖ = 2.141486334172977e-5  ‖vε - vref‖ = 0.9730779932433264  α = 0.00268
 124   -137.8458806076      -10.57       -3.48    15.1s
    ‖ρε - ρref‖ = 0.00039628665165975316 ‖Δρ‖ = 6.344215396507057e-5  ‖vε - vref‖ = 0.9730865816418502  α = 0.0008
 125   -137.8458806076      -10.52       -3.92    14.2s
    ‖ρε - ρref‖ = 0.0003894209490368971 ‖Δρ‖ = 2.248455790200468e-5  ‖vε - vref‖ = 0.9730958930329701  α = 0.0023
 126   -137.8458806077      -10.44       -3.22    13.0s
    ‖ρε - ρref‖ = 0.00039961833775095076 ‖Δρ‖ = 0.00011611286504177221  ‖vε - vref‖ = 0.9731024692888779  α = 0.00049
 127   -137.8458806077      -10.27       -3.88    12.4s
    ‖ρε - ρref‖ = 0.0003892485511573514 ‖Δρ‖ = 2.0647673152399444e-5  ‖vε - vref‖ = 0.9731285008038622  α = 0.00326
 128   -137.8458806078      -10.34       -3.93    14.1s
    ‖ρε - ρref‖ = 0.0003884534633476336 ‖Δρ‖ = 1.687640625567583e-5  ‖vε - vref‖ = 0.9731313111180172  α = 0.00379
 129   -137.8458806078      -10.46       -3.83    14.4s
    ‖ρε - ρref‖ = 0.00039330562282500705 ‖Δρ‖ = 2.4333327784249734e-5  ‖vε - vref‖ = 0.9731537382124524  α = 0.00228
 130   -137.8458806078      -10.44       -3.94    13.7s
    ‖ρε - ρref‖ = 0.00038785003808677914 ‖Δρ‖ = 2.0615082512827945e-5  ‖vε - vref‖ = 0.9731322094851783  α = 0.00254
 131   -137.8458806079      -10.42       -3.80    13.8s
    ‖ρε - ρref‖ = 0.00039004398461743323 ‖Δρ‖ = 2.6973680168576393e-5  ‖vε - vref‖ = 0.9731074268043495  α = 0.00205
 132   -137.8458806079      -10.84       -3.72    13.9s
    ‖ρε - ρref‖ = 0.00037600752476232456 ‖Δρ‖ = 3.7515171985028204e-5  ‖vε - vref‖ = 0.9730913546148099  α = 0.00101
 133   -137.8458806079      -11.01       -3.67    13.0s
    ‖ρε - ρref‖ = 0.0004246090680519577 ‖Δρ‖ = 5.0939661828360265e-5  ‖vε - vref‖ = 0.973093858342719  α = 0.000572
 134   -137.8458806079      -10.72       -3.71    12.3s
    ‖ρε - ρref‖ = 0.0003706895693165176 ‖Δρ‖ = 3.744219453576897e-5  ‖vε - vref‖ = 0.9730720677869719  α = 0.00113
 135   -137.8458806080      -10.31       -3.48    13.5s
    ‖ρε - ρref‖ = 0.0003972342879211403 ‖Δρ‖ = 4.86593549354859e-5  ‖vε - vref‖ = 0.9730483134682228  α = 0.00131
 136   -137.8458806080      -10.40       -3.96    13.9s
    ‖ρε - ρref‖ = 0.0003903124021426059 ‖Δρ‖ = 1.598485853475655e-5  ‖vε - vref‖ = 0.9730718775208707  α = 0.0037
 137   -137.8458806080      -10.80       -3.72    13.8s
    ‖ρε - ρref‖ = 0.00039109744189923294 ‖Δρ‖ = 3.483363030026697e-5  ‖vε - vref‖ = 0.9730861029475958  α = 0.00113
 138   -137.8458806080      -10.61       -3.67    13.1s
    ‖ρε - ρref‖ = 0.0003911821576326369 ‖Δρ‖ = 3.777209836613674e-5  ‖vε - vref‖ = 0.9731080904359024  α = 0.00125
 139   -137.8458806081      -11.02       -3.52    13.2s
    ‖ρε - ρref‖ = 0.0004001477758222569 ‖Δρ‖ = 7.425431022968656e-5  ‖vε - vref‖ = 0.973118677721895  α = 0.000388
 140   -137.8458806081      -10.56       -3.74    13.3s
    ‖ρε - ρref‖ = 0.0003914556179475532 ‖Δρ‖ = 2.4460787931159307e-5  ‖vε - vref‖ = 0.9731444815748496  α = 0.00206
 141   -137.8458806081      -10.42       -4.16    13.2s
    ‖ρε - ρref‖ = 0.0003883039505931443 ‖Δρ‖ = 8.44529909652558e-6  ‖vε - vref‖ = 0.9731080447081896  α = 0.00673
 142   -137.8458806081      -10.59       -3.91    12.9s
    ‖ρε - ρref‖ = 0.0003882377965204367 ‖Δρ‖ = 1.730409962215525e-5  ‖vε - vref‖ = 0.9730756134307649  α = 0.00281
 143   -137.8458806082      -10.60       -4.08    13.5s
    ‖ρε - ρref‖ = 0.0003894555487497487 ‖Δρ‖ = 1.1925013122948868e-5  ‖vε - vref‖ = 0.973067620982283  α = 0.0039
 144   -137.8458806082      -10.81       -3.93    13.9s
    ‖ρε - ρref‖ = 0.0003876802881230957 ‖Δρ‖ = 2.039562605768848e-5  ‖vε - vref‖ = 0.9730572196123642  α = 0.00173
 145   -137.8458806082      -10.73       -3.98    13.6s
    ‖ρε - ρref‖ = 0.0003836558380424529 ‖Δρ‖ = 1.691459396161606e-5  ‖vε - vref‖ = 0.9730677490682589  α = 0.00233
 146   -137.8458806082      -11.12       -3.62    13.0s
    ‖ρε - ρref‖ = 0.0004440624086781908 ‖Δρ‖ = 6.217565561671345e-5  ‖vε - vref‖ = 0.9730870918619748  α = 0.000412
 147   -137.8458806082      -10.86       -3.84    13.3s
    ‖ρε - ρref‖ = 0.0003834192180270627 ‖Δρ‖ = 2.8131712819569245e-5  ‖vε - vref‖ = 0.9731037951182401  α = 0.00122
 148   -137.8458806082      -10.86       -3.78    13.8s
    ‖ρε - ρref‖ = 0.00039268810607965816 ‖Δρ‖ = 2.876944812424376e-5  ‖vε - vref‖ = 0.9731175726604557  α = 0.00126
 149   -137.8458806083      -10.73       -3.61    13.6s
    ‖ρε - ρref‖ = 0.00039038080865631364 ‖Δρ‖ = 3.995833278663314e-5  ‖vε - vref‖ = 0.9731246320947642  α = 0.00101
 150   -137.8458806083      -10.79       -4.16    13.7s
    ‖ρε - ρref‖ = 0.00038912247998696396 ‖Δρ‖ = 1.1192022124918014e-5  ‖vε - vref‖ = 0.9731117033792445  α = 0.00343
 151   -137.8458806083      -11.03       -3.89    14.7s
    ‖ρε - ρref‖ = 0.0003880764972173029 ‖Δρ‖ = 2.620958328210502e-5  ‖vε - vref‖ = 0.973098033181774  α = 0.00111
 152   -137.8458806083      -10.94       -3.62    14.2s
    ‖ρε - ρref‖ = 0.00038975594649285765 ‖Δρ‖ = 4.662460667567177e-5  ‖vε - vref‖ = 0.9730813466118579  α = 0.000683
 153   -137.8458806083      -11.06       -3.54    15.0s
    ‖ρε - ρref‖ = 0.0003889154516246385 ‖Δρ‖ = 5.257952204519362e-5  ‖vε - vref‖ = 0.9730670150663343  α = 0.00055
 154   -137.8458806083      -10.76       -4.20    13.8s
    ‖ρε - ρref‖ = 0.0003880344549283368 ‖Δρ‖ = 9.773012358373923e-6  ‖vε - vref‖ = 0.9730559024631882  α = 0.00396
 155   -137.8458806083      -10.63       -4.15    13.9s
    ‖ρε - ρref‖ = 0.0003900270083992761 ‖Δρ‖ = 1.0276033107153085e-5  ‖vε - vref‖ = 0.9730732108724872  α = 0.00425
 156   -137.8458806084      -10.86       -4.08    13.6s
    ‖ρε - ρref‖ = 0.0003898748867689993 ‖Δρ‖ = 1.1664175873424359e-5  ‖vε - vref‖ = 0.97308678270303  α = 0.00307
 157   -137.8458806084      -10.87       -4.36    13.7s
    ‖ρε - ρref‖ = 0.00038965388926512216 ‖Δρ‖ = 6.528622844811948e-6  ‖vε - vref‖ = 0.9730916671535992  α = 0.00511
 158   -137.8458806084      -11.29       -3.99    14.6s
    ‖ρε - ρref‖ = 0.00036888353695965027 ‖Δρ‖ = 2.384141503200799e-5  ‖vε - vref‖ = 0.9730821125374916  α = 0.000874
 159   -137.8458806084      -10.99       -3.63    12.6s
    ‖ρε - ρref‖ = 0.00040806925884755455 ‖Δρ‖ = 3.9923556846472365e-5  ‖vε - vref‖ = 0.9730841663124566  α = 0.000746
 160   -137.8458806084      -11.11       -4.11    13.9s
    ‖ρε - ρref‖ = 0.00038948264340819285 ‖Δρ‖ = 1.399446345057096e-5  ‖vε - vref‖ = 0.9730860861151956  α = 0.00191
 161   -137.8458806084      -11.07       -3.85    14.4s
    ‖ρε - ρref‖ = 0.00038994393076393204 ‖Δρ‖ = 2.5448897350669375e-5  ‖vε - vref‖ = 0.9730818979136091  α = 0.0011
 162   -137.8458806084      -10.96       -3.85    14.0s
    ‖ρε - ρref‖ = 0.0003866262000499724 ‖Δρ‖ = 2.592301319556859e-5  ‖vε - vref‖ = 0.9730666296785914  α = 0.00116
 163   -137.8458806084      -10.98       -4.12    14.9s
    ‖ρε - ρref‖ = 0.000388573791149487 ‖Δρ‖ = 1.3671936319503056e-5  ‖vε - vref‖ = 0.9730568194018225  α = 0.00218
 164   -137.8458806084      -11.29       -3.89    13.3s
    ‖ρε - ρref‖ = 0.00038969445388538777 ‖Δρ‖ = 3.00828604821772e-5  ‖vε - vref‖ = 0.973055197036182  α = 0.000671
 165   -137.8458806084      -11.13       -3.72    13.3s
    ‖ρε - ρref‖ = 0.0003927412009278003 ‖Δρ‖ = 3.6574532454715165e-5  ‖vε - vref‖ = 0.9730576484321104  α = 0.000708
 166   -137.8458806084      -11.14       -4.08    14.4s
    ‖ρε - ρref‖ = 0.0003891352518272111 ‖Δρ‖ = 1.3092686465993273e-5  ‖vε - vref‖ = 0.9730553129290772  α = 0.00202
 167   -137.8458806084      -11.24       -3.91    13.7s
    ‖ρε - ρref‖ = 0.00038930206101004566 ‖Δρ‖ = 2.6501310693932464e-5  ‖vε - vref‖ = 0.97305374987673  α = 0.000867
 168   -137.8458806085      -10.86       -4.23    13.8s
    ‖ρε - ρref‖ = 0.00038914999067818807 ‖Δρ‖ = 8.152588323704184e-6  ‖vε - vref‖ = 0.9730584714240368  α = 0.00415
 169   -137.8458806085      -11.06       -4.28    14.0s
    ‖ρε - ρref‖ = 0.00038884932562816693 ‖Δρ‖ = 7.377532086614557e-6  ‖vε - vref‖ = 0.9730569141671809  α = 0.00381
 170   -137.8458806085      -11.08       -4.28    13.1s
    ‖ρε - ρref‖ = 0.000390280339214104 ‖Δρ‖ = 8.106129823450113e-6  ‖vε - vref‖ = 0.9730540598690863  α = 0.00333
 171   -137.8458806085      -11.49       -4.17    14.4s
    ‖ρε - ρref‖ = 0.0003740361797589128 ‖Δρ‖ = 1.687259956200291e-5  ‖vε - vref‖ = 0.9730427656948496  α = 0.000998
 172   -137.8458806085      -10.94       -3.74    13.6s
    ‖ρε - ρref‖ = 0.0003974609323899912 ‖Δρ‖ = 2.6980082807447273e-5  ‖vε - vref‖ = 0.973027541632404  α = 0.00114
 173   -137.8458806085      -11.16       -4.45    13.9s
    ‖ρε - ρref‖ = 0.0003884390647250551 ‖Δρ‖ = 6.513083665039639e-6  ‖vε - vref‖ = 0.973021547781976  α = 0.00383
 174   -137.8458806085      -11.49       -3.90    14.6s
    ‖ρε - ρref‖ = 0.00039016168987772676 ‖Δρ‖ = 2.2397194976440896e-5  ‖vε - vref‖ = 0.9730240808501306  α = 0.000771
 175   -137.8458806085      -11.21       -4.04    14.0s
    ‖ρε - ρref‖ = 0.0003906051751729637 ‖Δρ‖ = 1.3278803882185122e-5  ‖vε - vref‖ = 0.9730390301227198  α = 0.00186
 176   -137.8458806085      -11.46       -4.16    13.8s
    ‖ρε - ρref‖ = 0.00038890792556620226 ‖Δρ‖ = 1.4974350791616969e-5  ‖vε - vref‖ = 0.9730438538295837  α = 0.00113
 177   -137.8458806085      -11.42       -3.71    13.6s
    ‖ρε - ρref‖ = 0.0003877054479110781 ‖Δρ‖ = 3.4622581794414235e-5  ‖vε - vref‖ = 0.9730477324292786  α = 0.000525
 178   -137.8458806085      -11.55       -4.27    13.9s
    ‖ρε - ρref‖ = 0.0003897267173211783 ‖Δρ‖ = 1.0600089216890918e-5  ‖vε - vref‖ = 0.9730544411218759  α = 0.00136
 179   -137.8458806085      -11.41       -4.47    13.4s
    ‖ρε - ρref‖ = 0.00038892751938038355 ‖Δρ‖ = 6.453844982559714e-6  ‖vε - vref‖ = 0.9730554495095255  α = 0.0029
 180   -137.8458806085      -11.20       -4.00    14.3s
    ‖ρε - ρref‖ = 0.00038832143072641776 ‖Δρ‖ = 1.767228857132795e-5  ‖vε - vref‖ = 0.9730509164280028  α = 0.00134
 181   -137.8458806085      -11.29       -4.06    14.4s
    ‖ρε - ρref‖ = 0.00038893207490811555 ‖Δρ‖ = 1.6806749472909743e-5  ‖vε - vref‖ = 0.9730456954889505  α = 0.00118
 182   -137.8458806085      -11.38       -4.36    13.5s
    ‖ρε - ρref‖ = 0.0003890883944106346 ‖Δρ‖ = 7.2884333853755175e-6  ‖vε - vref‖ = 0.9730470409956087  α = 0.00276
 183   -137.8458806085      -11.25       -4.37    14.3s
    ‖ρε - ρref‖ = 0.0003899135758154762 ‖Δρ‖ = 6.3533394464845706e-6  ‖vε - vref‖ = 0.9730489894778942  α = 0.00344
 184   -137.8458806085      -12.03       -4.15    14.4s
    ‖ρε - ρref‖ = 0.0003714136092011351 ‖Δρ‖ = 1.9264056766177774e-5  ‖vε - vref‖ = 0.9730452887899227  α = 0.00045
 185   -137.8458806086      -11.26       -4.31    14.6s
    ‖ρε - ρref‖ = 0.00038977059787051135 ‖Δρ‖ = 7.811211599924257e-6  ‖vε - vref‖ = 0.973044644587555  α = 0.00278
 186   -137.8458806086      -11.20       -4.44    13.5s
    ‖ρε - ρref‖ = 0.0003888802942597794 ‖Δρ‖ = 5.316724394299312e-6  ‖vε - vref‖ = 0.9730441696800008  α = 0.00436
 187   -137.8458806086      -11.47       -4.23    14.1s
    ‖ρε - ρref‖ = 0.00038934717087744784 ‖Δρ‖ = 9.283121578049968e-6  ‖vε - vref‖ = 0.9730476177595339  α = 0.00191
 188   -137.8458806086      -11.56       -3.86    14.7s
    ‖ρε - ρref‖ = 0.0003904803356799906 ‖Δρ‖ = 2.4058352813950228e-5  ‖vε - vref‖ = 0.9730508870107503  α = 0.000675
 189   -137.8458806086      -12.11       -4.22    13.6s
    ‖ρε - ρref‖ = 0.0003894899169625875 ‖Δρ‖ = 1.4074567147115795e-5  ‖vε - vref‖ = 0.9730530307126609  α = 0.000705
 190   -137.8458806086      -11.39       -3.97    12.3s
    ‖ρε - ρref‖ = 0.0003886005695260749 ‖Δρ‖ = 1.4728884962103556e-5  ‖vε - vref‖ = 0.9730579444773482  α = 0.00125
 191   -137.8458806086      -11.53       -4.57    14.1s
    ‖ρε - ρref‖ = 0.00038876906387776036 ‖Δρ‖ = 4.77777193277571e-6  ‖vε - vref‖ = 0.97305697654488  α = 0.00335
 192   -137.8458806086      -11.35       -4.36    13.4s
    ‖ρε - ρref‖ = 0.0003892749701019991 ‖Δρ‖ = 6.426876682353135e-6  ‖vε - vref‖ = 0.9730534261016143  α = 0.00297
 193   -137.8458806086      -11.55       -3.93    14.5s
    ‖ρε - ρref‖ = 0.00038848831131980266 ‖Δρ‖ = 1.9842411024036828e-5  ‖vε - vref‖ = 0.9730467693647155  α = 0.000843
 194   -137.8458806086      -11.73       -4.31    14.1s
    ‖ρε - ρref‖ = 0.0003877237013572018 ‖Δρ‖ = 1.0009712058901998e-5  ‖vε - vref‖ = 0.9730388543698724  α = 0.00123
 195   -137.8458806086      -11.54       -4.48    13.7s
    ‖ρε - ρref‖ = 0.00038872579540061454 ‖Δρ‖ = 5.339756917482484e-6  ‖vε - vref‖ = 0.9730351765959777  α = 0.0029
 196   -137.8458806086      -11.68       -4.35    13.8s
    ‖ρε - ρref‖ = 0.0003931561758343304 ‖Δρ‖ = 8.392916859783659e-6  ‖vε - vref‖ = 0.9730403335525087  α = 0.00156
 197   -137.8458806086      -12.03       -4.00    13.6s
    ‖ρε - ρref‖ = 0.0003709946169394963 ‖Δρ‖ = 2.3031952293639144e-5  ‖vε - vref‖ = 0.9730380675185344  α = 0.000432
 198   -137.8458806086      -11.48       -4.29    13.3s
    ‖ρε - ρref‖ = 0.0003898348930006935 ‖Δρ‖ = 8.558198047297542e-6  ‖vε - vref‖ = 0.9730421755931551  α = 0.00198
 199   -137.8458806086      -11.47       -4.62    13.6s
    ‖ρε - ρref‖ = 0.00038853471195588683 ‖Δρ‖ = 3.740900280466154e-6  ‖vε - vref‖ = 0.9730477718558987  α = 0.0043
 200   -137.8458806086      -11.52       -4.45    14.0s
    ‖ρε - ρref‖ = 0.00038946367155485946 ‖Δρ‖ = 5.438874331997285e-6  ‖vε - vref‖ = 0.9730556569794773  α = 0.00292
 201   -137.8458806086      -12.25       -4.13    14.1s
    ‖ρε - ρref‖ = 0.0003899655463099619 ‖Δρ‖ = 1.5162916134305833e-5  ‖vε - vref‖ = 0.973057318289479  α = 0.000548
 202   -137.8458806086      -12.11       -4.39    12.9s
    ‖ρε - ρref‖ = 0.0003888804378878924 ‖Δρ‖ = 9.3584170270197e-6  ‖vε - vref‖ = 0.9730574406566092  α = 0.00102
 203   -137.8458806086      -11.73       -4.03    12.4s
    ‖ρε - ρref‖ = 0.0003895305750752252 ‖Δρ‖ = 1.685673810926345e-5  ‖vε - vref‖ = 0.9730577422687371  α = 0.000712
 204   -137.8458806086      -11.41       -4.57    13.7s
    ‖ρε - ρref‖ = 0.00038845515401494284 ‖Δρ‖ = 3.775577092933855e-6  ‖vε - vref‖ = 0.9730541530210338  α = 0.0049
 205   -137.8458806086      -11.55       -4.62    14.5s
    ‖ρε - ρref‖ = 0.0003886192181683254 ‖Δρ‖ = 3.6608871497848364e-6  ‖vε - vref‖ = 0.9730520433784717  α = 0.00408
 206   -137.8458806086      -11.96       -4.21    13.5s
    ‖ρε - ρref‖ = 0.000389573347273918 ‖Δρ‖ = 1.1796211659387518e-5  ‖vε - vref‖ = 0.9730531640930556  α = 0.000864
 207   -137.8458806086      -11.70       -4.43    14.5s
    ‖ρε - ρref‖ = 0.00038940172552205736 ‖Δρ‖ = 6.411423426118767e-6  ‖vε - vref‖ = 0.9730583629337468  α = 0.002
 208   -137.8458806086      -11.92       -4.45    12.4s
    ‖ρε - ρref‖ = 0.00038907587947607786 ‖Δρ‖ = 6.767706646131838e-6  ‖vε - vref‖ = 0.9730598381241988  α = 0.00153
 209   -137.8458806086      -12.05       -4.48    14.4s
    ‖ρε - ρref‖ = 0.0003861012648491425 ‖Δρ‖ = 5.705657857577991e-6  ‖vε - vref‖ = 0.9730610683632149  α = 0.00158
 210   -137.8458806086      -12.11       -4.12    14.0s
    ‖ρε - ρref‖ = 0.0004028968372093179 ‖Δρ‖ = 1.7197819488983462e-5  ‖vε - vref‖ = 0.9730661755486373  α = 0.000436
 211   -137.8458806086      -11.72       -4.47    13.8s
    ‖ρε - ρref‖ = 0.00038824428505009046 ‖Δρ‖ = 5.374246001587586e-6  ‖vε - vref‖ = 0.9730699852467167  α = 0.00231
 212   -137.8458806086      -11.82       -4.48    13.9s
    ‖ρε - ρref‖ = 0.0003884491573583356 ‖Δρ‖ = 5.240678283015849e-6  ‖vε - vref‖ = 0.9730654103300508  α = 0.00215
 213   -137.8458806086      -11.61       -4.61    13.6s
    ‖ρε - ρref‖ = 0.00038877637319470167 ‖Δρ‖ = 3.665581310370611e-6  ‖vε - vref‖ = 0.9730566346318215  α = 0.00386
 214   -137.8458806086      -12.43       -4.28    14.0s
    ‖ρε - ρref‖ = 0.00038836446771204497 ‖Δρ‖ = 1.2659447124341035e-5  ‖vε - vref‖ = 0.9730544431669538  α = 0.000517
 215   -137.8458806086      -12.08       -4.30    13.3s
    ‖ρε - ρref‖ = 0.0003884555558230394 ‖Δρ‖ = 9.297981294717702e-6  ‖vε - vref‖ = 0.9730513933734699  α = 0.000973
 216   -137.8458806086      -12.15       -4.15    13.2s
    ‖ρε - ρref‖ = 0.00038820868574154755 ‖Δρ‖ = 1.2962211388975947e-5  ‖vε - vref‖ = 0.9730496737311384  α = 0.000638
 217   -137.8458806086      -11.67       -4.64    13.7s
    ‖ρε - ρref‖ = 0.00038900073032488804 ‖Δρ‖ = 3.223337691762671e-6  ‖vε - vref‖ = 0.9730563798149077  α = 0.00427
 218   -137.8458806086      -11.75       -4.61    13.1s
    ‖ρε - ρref‖ = 0.00038897984815175913 ‖Δρ‖ = 3.5404654429313026e-6  ‖vε - vref‖ = 0.9730634087088506  α = 0.00348
 219   -137.8458806086      -12.20       -4.76    13.7s
    ‖ρε - ρref‖ = 0.0003886954611555793 ‖Δρ‖ = 3.6266429053579665e-6  ‖vε - vref‖ = 0.9730643745389597  α = 0.0023
 220   -137.8458806086      -11.92       -4.30    13.5s
    ‖ρε - ρref‖ = 0.00038911994744211787 ‖Δρ‖ = 8.73918816561376e-6  ‖vε - vref‖ = 0.973065070713189  α = 0.00108
 221   -137.8458806086      -11.80       -4.63    14.9s
    ‖ρε - ρref‖ = 0.0003885987206877754 ‖Δρ‖ = 3.868742891267235e-6  ‖vε - vref‖ = 0.9730646264470993  α = 0.00314
 222   -137.8458806086      -12.43       -4.47    13.4s
    ‖ρε - ρref‖ = 0.0003948076197029879 ‖Δρ‖ = 8.110789699795059e-6  ‖vε - vref‖ = 0.9730653778246535  α = 0.000781
 223   -137.8458806086      -11.98       -4.32    13.6s
    ‖ρε - ρref‖ = 0.0003826075018699133 ‖Δρ‖ = 1.015431078409692e-5  ‖vε - vref‖ = 0.9730591823509461  α = 0.000861
 224   -137.8458806086      -11.93       -4.46    14.9s
    ‖ρε - ρref‖ = 0.0003895330738352845 ‖Δρ‖ = 6.579759558183152e-6  ‖vε - vref‖ = 0.9730576921328989  α = 0.00144
 225   -137.8458806086      -12.04       -4.74    13.4s
    ‖ρε - ρref‖ = 0.00038881324406138103 ‖Δρ‖ = 2.999013160376047e-6  ‖vε - vref‖ = 0.973057216995923  α = 0.00283
 226   -137.8458806086      -11.92       -4.68    13.7s
    ‖ρε - ρref‖ = 0.0003885416863933605 ‖Δρ‖ = 3.2947298656755433e-6  ‖vε - vref‖ = 0.9730541036705208  α = 0.00306
 227   -137.8458806086      -12.70       -4.12    13.9s
    ‖ρε - ρref‖ = 0.00038939632716733334 ‖Δρ‖ = 1.5525725607253835e-5  ‖vε - vref‖ = 0.9730543412392161  α = 0.000406
 228   -137.8458806086      -12.00       -4.41    14.4s
    ‖ρε - ρref‖ = 0.00038927782570608586 ‖Δρ‖ = 7.46895036857483e-6  ‖vε - vref‖ = 0.9730568166049471  α = 0.00105
 229   -137.8458806086      -12.50       -4.34    14.9s
    ‖ρε - ρref‖ = 0.000389398203036788 ‖Δρ‖ = 8.189918090840614e-6  ‖vε - vref‖ = 0.9730589086701681  α = 0.000779
 230   -137.8458806086      -11.75       -4.59    13.5s
    ‖ρε - ρref‖ = 0.00038896355240369596 ‖Δρ‖ = 3.5195100331955577e-6  ‖vε - vref‖ = 0.9730655177631038  α = 0.0033
 231   -137.8458806086      -12.04       -4.70    13.2s
    ‖ρε - ρref‖ = 0.00038879095166052 ‖Δρ‖ = 2.854825602996535e-6  ‖vε - vref‖ = 0.9730660963422403  α = 0.00352
 232   -137.8458806086      -12.40       -4.79    15.0s
    ‖ρε - ρref‖ = 0.00038872029488705066 ‖Δρ‖ = 2.733215158431179e-6  ‖vε - vref‖ = 0.9730629990427816  α = 0.00266
 233   -137.8458806086      -12.27       -4.65    14.7s
    ‖ρε - ρref‖ = 0.0003883086861623013 ‖Δρ‖ = 4.634239205981308e-6  ‖vε - vref‖ = 0.973059921658062  α = 0.0013
 234   -137.8458806086      -11.94       -4.57    13.9s
    ‖ρε - ρref‖ = 0.000388959888217656 ‖Δρ‖ = 4.564594340530297e-6  ‖vε - vref‖ = 0.973052278411856  α = 0.00205
 235   -137.8458806086      -12.94       -4.65    14.1s
    ‖ρε - ρref‖ = 0.00038352760953249435 ‖Δρ‖ = 6.015719889223254e-6  ‖vε - vref‖ = 0.9730504763311447  α = 0.000725
 236   -137.8458806086      -12.04       -4.46    13.3s
    ‖ρε - ρref‖ = 0.00039067331084722244 ‖Δρ‖ = 5.693437160369665e-6  ‖vε - vref‖ = 0.9730547732663222  α = 0.00156
 237   -137.8458806086      -11.99       -4.81    13.6s
    ‖ρε - ρref‖ = 0.0003888822012701591 ‖Δρ‖ = 3.0265813245862056e-6  ‖vε - vref‖ = 0.9730603462654809  α = 0.00241
 238   -137.8458806086      -12.20       -4.57    13.9s
    ‖ρε - ρref‖ = 0.0003897017755975193 ‖Δρ‖ = 4.644940968651966e-6  ‖vε - vref‖ = 0.9730679041055667  α = 0.00159
 239   -137.8458806086      -12.43       -4.72    14.8s
    ‖ρε - ρref‖ = 0.00038883300652350504 ‖Δρ‖ = 3.4312891401733792e-6  ‖vε - vref‖ = 0.9730696001303902  α = 0.00182
 240   -137.8458806086      -12.50       -4.27    14.4s
    ‖ρε - ρref‖ = 0.0003882750047571196 ‖Δρ‖ = 1.2466998005888818e-5  ‖vε - vref‖ = 0.9730696350082626  α = 0.000384
 241   -137.8458806086      -12.37       -4.75    14.6s
    ‖ρε - ρref‖ = 0.0003886485119245704 ‖Δρ‖ = 2.8337007564330107e-6  ‖vε - vref‖ = 0.9730668966404613  α = 0.00245
 242   -137.8458806086      -12.77       -4.31    13.7s
    ‖ρε - ρref‖ = 0.0003886626112935844 ‖Δρ‖ = 8.264123572148998e-6  ‖vε - vref‖ = 0.9730644965579478  α = 0.000782
 243   -137.8458806086      -12.04       -4.62    14.8s
    ‖ρε - ρref‖ = 0.0003890153596498027 ‖Δρ‖ = 4.05178356886639e-6  ‖vε - vref‖ = 0.9730614780935387  α = 0.00189
 244   -137.8458806086      -12.47       -4.77    13.7s
    ‖ρε - ρref‖ = 0.000388477574348991 ‖Δρ‖ = 2.8079961901371376e-6  ‖vε - vref‖ = 0.9730566545541058  α = 0.00215
 245   -137.8458806086      -12.00       -4.88    13.2s
    ‖ρε - ρref‖ = 0.0003887712200940798 ‖Δρ‖ = 1.7370483589009954e-6  ‖vε - vref‖ = 0.9730539904872839  α = 0.00493
 246   -137.8458806086      -12.64       -4.80    14.0s
    ‖ρε - ρref‖ = 0.00038904750564060366 ‖Δρ‖ = 2.7066226451669937e-6  ‖vε - vref‖ = 0.9730541084151223  α = 0.00229
 247   -137.8458806086      -12.22       -4.40    13.6s
    ‖ρε - ρref‖ = 0.0003870270512557468 ‖Δρ‖ = 6.939498813538811e-6  ‖vε - vref‖ = 0.97305378146329  α = 0.000887
 248   -137.8458806086   +  -13.25       -4.64    14.0s
    ‖ρε - ρref‖ = 0.0003935599575627437 ‖Δρ‖ = 5.615916572545462e-6  ‖vε - vref‖ = 0.973055819368624  α = 0.000691
 249   -137.8458806086      -12.13       -4.46    14.5s
    ‖ρε - ρref‖ = 0.00038747073528263773 ‖Δρ‖ = 5.467393961172016e-6  ‖vε - vref‖ = 0.9730574432456228  α = 0.00127
 250   -137.8458806086      -12.18       -4.83    14.1s
    ‖ρε - ρref‖ = 0.0003888500674915289 ‖Δρ‖ = 1.9940819481776273e-6  ‖vε - vref‖ = 0.9730594857649046  α = 0.00357
 251   -137.8458806086      -12.37       -4.91    13.5s
    ‖ρε - ρref‖ = 0.00038856334338988963 ‖Δρ‖ = 2.1834849114065855e-6  ‖vε - vref‖ = 0.9730580061148045  α = 0.0024
 252   -137.8458806086   +    -Inf       -4.52    13.0s
    ‖ρε - ρref‖ = 0.00038852171520737755 ‖Δρ‖ = 6.640747168063305e-6  ‖vε - vref‖ = 0.9730572015175087  α = 0.000589
 253   -137.8458806086      -12.70       -4.55    14.0s
    ‖ρε - ρref‖ = 0.0003891668357578627 ‖Δρ‖ = 5.201483420352659e-6  ‖vε - vref‖ = 0.973056695120785  α = 0.000944
 254   -137.8458806086      -12.22       -4.74    13.6s
    ‖ρε - ρref‖ = 0.00038885690330347085 ‖Δρ‖ = 3.0783715720010667e-6  ‖vε - vref‖ = 0.9730554883954946  α = 0.00197
 255   -137.8458806086      -12.85       -4.50    12.8s
    ‖ρε - ρref‖ = 0.00038883546103433557 ‖Δρ‖ = 6.004545209930046e-6  ‖vε - vref‖ = 0.9730548026425638  α = 0.000785
 256   -137.8458806086      -12.13       -4.67    13.4s
    ‖ρε - ρref‖ = 0.000388707627669327 ‖Δρ‖ = 3.1218629217210984e-6  ‖vε - vref‖ = 0.9730535722878144  α = 0.00229
 257   -137.8458806086      -12.85       -5.05    13.6s
    ‖ρε - ρref‖ = 0.00038883043591404206 ‖Δρ‖ = 1.3386136874017998e-6  ‖vε - vref‖ = 0.9730557340202043  α = 0.00411
 258   -137.8458806086      -12.20       -4.83    14.5s
    ‖ρε - ρref‖ = 0.00038870009227744265 ‖Δρ‖ = 2.4443046690967116e-6  ‖vε - vref‖ = 0.9730563504508116  α = 0.00245
 259   -137.8458806086      -12.50       -4.84    13.1s
    ‖ρε - ρref‖ = 0.0003885844061545639 ‖Δρ‖ = 2.4981546332871206e-6  ‖vε - vref‖ = 0.9730577880306679  α = 0.00215
 260   -137.8458806086      -13.25       -4.55    13.8s
    ‖ρε - ρref‖ = 0.0003928061672117172 ‖Δρ‖ = 5.9347944895211965e-6  ‖vε - vref‖ = 0.9730591224241645  α = 0.000562
 261   -137.8458806086      -12.85       -4.64    13.9s
    ‖ρε - ρref‖ = 0.0003858269580988868 ‖Δρ‖ = 4.897502772051937e-6  ‖vε - vref‖ = 0.9730579957241706  α = 0.000674
 262   -137.8458806086      -12.55       -4.62    14.3s
    ‖ρε - ρref‖ = 0.00038938263409964055 ‖Δρ‖ = 3.891787436620491e-6  ‖vε - vref‖ = 0.9730571528767037  α = 0.00125
 263   -137.8458806086      -12.40       -5.04    14.0s
    ‖ρε - ρref‖ = 0.0003887633206065715 ‖Δρ‖ = 1.2208927968912787e-6  ‖vε - vref‖ = 0.9730555305941428  α = 0.00564
 264   -137.8458806087      -12.94       -4.80    16.8s
    ‖ρε - ρref‖ = 0.00038858292397048107 ‖Δρ‖ = 3.6437098163741293e-6  ‖vε - vref‖ = 0.9730554049928782  α = 0.000192
 265   -137.8458806087      -12.77       -4.45    14.3s
    ‖ρε - ρref‖ = 0.0003885752616825593 ‖Δρ‖ = 5.605328719995931e-6  ‖vε - vref‖ = 0.9730545924218835  α = 0.00082
 266   -137.8458806087      -12.50       -4.91    14.2s
    ‖ρε - ρref‖ = 0.000388722111033808 ‖Δρ‖ = 2.1243787576434243e-6  ‖vε - vref‖ = 0.9730542883073653  α = 0.0019
 267   -137.8458806087      -12.77       -4.69    13.7s
    ‖ρε - ρref‖ = 0.0003890603291589578 ‖Δρ‖ = 3.696738302519049e-6  ‖vε - vref‖ = 0.9730548098747471  α = 0.000958
 268   -137.8458806087      -12.55       -4.80    13.9s
    ‖ρε - ρref‖ = 0.0003890920092250926 ‖Δρ‖ = 3.076947952145985e-6  ‖vε - vref‖ = 0.9730556867381905  α = 0.0012
 269   -137.8458806087      -13.25       -4.84    13.8s
    ‖ρε - ρref‖ = 0.00038876709291053244 ‖Δρ‖ = 2.0621632032873106e-6  ‖vε - vref‖ = 0.9730558333230753  α = 0.00277
 270   -137.8458806087      -12.25       -5.05    13.6s
    ‖ρε - ρref‖ = 0.0003887484344040784 ‖Δρ‖ = 1.2216466360477935e-6  ‖vε - vref‖ = 0.9730560484095033  α = 0.00448
 271   -137.8458806087      -12.47       -5.04    13.4s
    ‖ρε - ρref‖ = 0.0003886460087400321 ‖Δρ‖ = 1.406560007002213e-6  ‖vε - vref‖ = 0.9730568899224877  α = 0.00358
 272   -137.8458806087      -13.55       -4.64    13.6s
    ‖ρε - ρref‖ = 0.000391896722776236 ‖Δρ‖ = 4.730837399340922e-6  ‖vε - vref‖ = 0.9730576118972444  α = 0.000728
 273   -137.8458806087      -12.94       -4.54    13.3s
    ‖ρε - ρref‖ = 0.00038504321621729136 ‖Δρ‖ = 5.792948115962676e-6  ‖vε - vref‖ = 0.9730558147335251  α = 0.000605
 274   -137.8458806087      -12.85       -4.69    13.2s
    ‖ρε - ρref‖ = 0.0003895773932598966 ‖Δρ‖ = 4.041444909156311e-6  ‖vε - vref‖ = 0.9730557434230842  α = 0.000756
 275   -137.8458806087      -12.94       -4.41    12.9s
    ‖ρε - ρref‖ = 0.0003885167664013504 ‖Δρ‖ = 9.207995109676787e-6  ‖vε - vref‖ = 0.9730553801840077  α = 0.000322
 276   -137.8458806087      -12.43       -4.93    14.4s
    ‖ρε - ρref‖ = 0.0003889111213450368 ‖Δρ‖ = 1.9791339678600805e-6  ‖vε - vref‖ = 0.973055448159405  α = 0.00164
 277   -137.8458806087      -13.07       -4.88    60.3s
    ‖ρε - ρref‖ = 0.00038885612006057333 ‖Δρ‖ = 2.0471973789733705e-6  ‖vε - vref‖ = 0.9730554481494488  α = 5.31e-8
 278   -137.8458806087   +  -13.55       -4.81    32.8s
    ‖ρε - ρref‖ = 0.00038877371016507895 ‖Δρ‖ = 2.7062339350855516e-6  ‖vε - vref‖ = 0.9730554481494924  α = 0.0
 279   -137.8458806087      -13.55       -4.79    38.3s
    ‖ρε - ρref‖ = 0.00038864465252950916 ‖Δρ‖ = 4.3451751271680086e-6  ‖vε - vref‖ = 0.9730554291376963  α = 3.78e-5
 280   -137.8458806087   +    -Inf       -4.75    16.5s
    ‖ρε - ρref‖ = 0.0003884283076062676 ‖Δρ‖ = 3.607904171799739e-6  ‖vε - vref‖ = 0.97305539501189  α = 8.41e-5
 281   -137.8458806087      -12.64       -5.19    45.8s
    ‖ρε - ρref‖ = 0.0003896487737441953 ‖Δρ‖ = 1.3059160945327683e-6  ‖vε - vref‖ = 0.9730553951424267  α = 2.55e-7
 282   -137.8458806087   +  -13.55       -4.61    27.1s
    ‖ρε - ρref‖ = 0.00038568935239435083 ‖Δρ‖ = 4.741741465513464e-6  ‖vε - vref‖ = 0.9730553951423175  α = 0.0
 283   -137.8458806087   +  -13.25       -4.81    27.0s
    ‖ρε - ρref‖ = 0.00038877662602904844 ‖Δρ‖ = 4.188805574696851e-6  ‖vε - vref‖ = 0.9730553951425558  α = 0.0
 284   -137.8458806087      -13.07       -4.81    45.8s
    ‖ρε - ρref‖ = 0.000388776625586841 ‖Δρ‖ = 4.18880590721004e-6  ‖vε - vref‖ = 0.9730553951377938  α = 1.2e-8
 285   -137.8458806087   +    -Inf       -4.82    26.7s
    ‖ρε - ρref‖ = 0.00038844071096722117 ‖Δρ‖ = 2.9311585504650645e-6  ‖vε - vref‖ = 0.97305539513792  α = 0.0
 286   -137.8458806087   +  -13.55       -4.81    26.6s
    ‖ρε - ρref‖ = 0.00038877661505637407 ‖Δρ‖ = 4.188586148289904e-6  ‖vε - vref‖ = 0.973055395137905  α = 0.0
 287   -137.8458806087      -13.07       -4.81    93.7s
    ‖ρε - ρref‖ = 0.00038877661523793847 ‖Δρ‖ = 4.1885862187007095e-6  ‖vε - vref‖ = 0.9730553951377633  α = 9.54e-14
 288   -137.8458806087   +  -13.25       -4.05    27.1s
    ‖ρε - ρref‖ = 0.0003929068956641656 ‖Δρ‖ = 2.2147858870803365e-5  ‖vε - vref‖ = 0.9730553951379509  α = 0.0
 289   -137.8458806087   +  -13.55       -4.81    26.3s
    ‖ρε - ρref‖ = 0.00038877661511408214 ‖Δρ‖ = 4.188586262569651e-6  ‖vε - vref‖ = 0.9730553951379322  α = 0.0
 290   -137.8458806087      -13.07       -4.81     100s
    ‖ρε - ρref‖ = 0.00038877661528627117 ‖Δρ‖ = 4.188586181152488e-6  ‖vε - vref‖ = 0.9730553951378041  α = 1.06e-13
 291   -137.8458806087   +  -13.07       -3.85    25.7s
    ‖ρε - ρref‖ = 0.0003927355757946887 ‖Δρ‖ = 3.6719014131891965e-5  ‖vε - vref‖ = 0.9730553951378885  α = 0.0
 292   -137.8458806087      -13.55       -4.81     105s
    ‖ρε - ρref‖ = 0.00038877661525795154 ‖Δρ‖ = 4.188586227893256e-6  ‖vε - vref‖ = 0.973055395137896  α = 4.14e-13
 293   -137.8458806087   +    -Inf       -3.59    28.0s
    ‖ρε - ρref‖ = 0.0003951291018787139 ‖Δρ‖ = 6.704609806429663e-5  ‖vε - vref‖ = 0.973055395137738  α = 0.0
 294   -137.8458806087   +    -Inf       -4.81     107s
    ‖ρε - ρref‖ = 0.0003887766156193031 ‖Δρ‖ = 4.188585590266964e-6  ‖vε - vref‖ = 0.9730553951378754  α = 1.22e-13
Trying again with Newton's method ...
n     Energy            log10(ΔE)   log10(Δρ)   Δtime 
---   ---------------   ---------   ---------   ------
  1   -137.8458806087                   -7.39    1213s
    ‖ρε - ρref‖ = 0.0003887871696532284 ‖Δρ‖ = 5.3602588532344825e-9  ‖vε - vref‖ = 0.9730565669152584
  2   -137.8458806087      -12.04       -7.61    1226s
    ‖ρε - ρref‖ = 0.00038878725551331345 ‖Δρ‖ = 3.68794623546712e-9  ‖vε - vref‖ = 0.9730568538026305

#-- ‖ρε - ρref‖ = 0.00038878725551331345 vs. 5.62341325190349e-7 = δ*ε ‖vε - vref‖ = 0.9730568538026305


# --- ε=3.1622776601683795e-5

n     Energy            log10(ΔE)   log10(Δρ)   Δtime 
---   ---------------   ---------   ---------   ------
  1   -137.8449701259                    0.57    18.9s
    ‖ρε - ρref‖ = 1.306479590177754 ‖Δρ‖ = 1.306341139534359  ‖vε - vref‖ = 3.610216996927531  α = 0.000168
  2   -137.8449989051       -4.54       -0.38    13.0s
    ‖ρε - ρref‖ = 0.095131553335102 ‖Δρ‖ = 0.09508603559316418  ‖vε - vref‖ = 3.3975287672598213  α = 0.000404
  3   -137.8450065072       -5.12       -0.33    13.7s
    ‖ρε - ρref‖ = 0.11002520942731 ‖Δρ‖ = 0.1100021050961008  ‖vε - vref‖ = 3.3555321556965305  α = 0.000187
  4   -137.8450217933       -4.82       -0.86    12.3s
    ‖ρε - ρref‖ = 0.026389267963771685 ‖Δρ‖ = 0.0263328956036401  ‖vε - vref‖ = 3.1693713073453975  α = 0.00108
  5   -137.8450256916       -5.41       -0.93    12.7s
    ‖ρε - ρref‖ = 0.026828645436023757 ‖Δρ‖ = 0.02680342030173279  ‖vε - vref‖ = 3.1053094914321413  α = 0.000505
  6   -137.8450267706       -5.97       -1.02    12.5s
    ‖ρε - ρref‖ = 0.017889685208078713 ‖Δρ‖ = 0.017888002512618507  ‖vε - vref‖ = 3.1071023562792033  α = 0.000436
  7   -137.8450279950       -5.91       -1.12    13.4s
    ‖ρε - ρref‖ = 0.012325449232394429 ‖Δρ‖ = 0.012325913883952192  ‖vε - vref‖ = 3.1176220636603316  α = 0.000666
  8   -137.8450284103       -6.38       -1.43    11.9s
    ‖ρε - ρref‖ = 0.007821034416326788 ‖Δρ‖ = 0.007813247088898951  ‖vε - vref‖ = 3.1115493302646224  α = 0.000616
  9   -137.8450291245       -6.15       -1.43    13.5s
    ‖ρε - ρref‖ = 0.007585017451350518 ‖Δρ‖ = 0.007574386905111293  ‖vε - vref‖ = 3.0950403775911135  α = 0.000827
 10   -137.8450314980       -5.62       -1.63    13.4s
    ‖ρε - ρref‖ = 0.0035913199850682504 ‖Δρ‖ = 0.003595547892790892  ‖vε - vref‖ = 3.0657687128856588  α = 0.00316
 11   -137.8450346247       -5.50       -1.76    14.2s
    ‖ρε - ρref‖ = 0.0024672473791787037 ‖Δρ‖ = 0.002488851286907241  ‖vε - vref‖ = 3.047016796303805  α = 0.00524
 12   -137.8451361957       -3.99        0.21    13.9s
    ‖ρε - ρref‖ = 0.4330025545775253 ‖Δρ‖ = 0.43318170721149113  ‖vε - vref‖ = 1.0141124747812293  α = 9.67e-5
 13   -137.8451363117       -6.94       -2.11    13.5s
    ‖ρε - ρref‖ = 0.0010886411200718405 ‖Δρ‖ = 0.0010504168700513031  ‖vε - vref‖ = 1.0114959230168095  α = 0.00237
 14   -137.8451363802       -7.16       -2.29    14.6s
    ‖ρε - ρref‖ = 0.0008856831974727629 ‖Δρ‖ = 0.0008680099894536318  ‖vε - vref‖ = 1.011792520296558  α = 0.0022
 15   -137.8451364255       -7.34       -1.42    14.0s
    ‖ρε - ρref‖ = 0.0073656949451667625 ‖Δρ‖ = 0.007356019946195368  ‖vε - vref‖ = 1.0115618140700326  α = 0.000209
 16   -137.8451364944       -7.16       -2.04    13.6s
    ‖ρε - ρref‖ = 0.0015309102975633432 ‖Δρ‖ = 0.001516498849309266  ‖vε - vref‖ = 1.0162543839784985  α = 0.00123
 17   -137.8451365698       -7.12       -1.90    14.8s
    ‖ρε - ρref‖ = 0.0021466039771042707 ‖Δρ‖ = 0.002149729302884856  ‖vε - vref‖ = 1.0175940997173427  α = 0.000907
 18   -137.8451366215       -7.29       -1.76    14.5s
    ‖ρε - ρref‖ = 0.0031883101542106154 ‖Δρ‖ = 0.003185105261930173  ‖vε - vref‖ = 1.016974274824979  α = 0.000526
 19   -137.8451366869       -7.18       -1.83    15.1s
    ‖ρε - ρref‖ = 0.002540487305837251 ‖Δρ‖ = 0.002529804861662466  ‖vε - vref‖ = 1.017396904737225  α = 0.000731
 20   -137.8451367409       -7.27       -1.97    13.9s
    ‖ρε - ρref‖ = 0.001858914074564232 ‖Δρ‖ = 0.00185304739897861  ‖vε - vref‖ = 1.0198738422236133  α = 0.000942
 21   -137.8451368303       -7.05       -1.74    15.1s
    ‖ρε - ρref‖ = 0.0029824285641354455 ‖Δρ‖ = 0.002987398116322402  ‖vε - vref‖ = 1.0226212647388608  α = 0.000724
 22   -137.8451369554       -6.90       -2.06    15.0s
    ‖ρε - ρref‖ = 0.0014902430246798125 ‖Δρ‖ = 0.0015034633450033007  ‖vε - vref‖ = 1.019500013127486  α = 0.00166
 23   -137.8451393420       -5.62       -0.51    14.6s
    ‖ρε - ρref‖ = 0.090533073323474 ‖Δρ‖ = 0.09073052280811784  ‖vε - vref‖ = 0.9102335153937986  α = 0.000108
 24   -137.8451394065       -7.19       -2.12    13.7s
    ‖ρε - ρref‖ = 0.0013629630205934478 ‖Δρ‖ = 0.0013290337483832355  ‖vε - vref‖ = 0.9119124471615322  α = 0.00138
 25   -137.8451394784       -7.14       -2.44    13.8s
    ‖ρε - ρref‖ = 0.0005862263663075774 ‖Δρ‖ = 0.0005429325610205854  ‖vε - vref‖ = 0.9139454334388599  α = 0.00342
 26   -137.8451394969       -7.73       -1.80    15.2s
    ‖ρε - ρref‖ = 0.004388479921860119 ‖Δρ‖ = 0.0043753324397591085  ‖vε - vref‖ = 0.9139265998865512  α = 0.000221
 27   -137.8451395547       -7.24       -2.00    14.6s
    ‖ρε - ρref‖ = 0.0017076278159586045 ‖Δρ‖ = 0.0017114311335492303  ‖vε - vref‖ = 0.9122769153639471  α = 0.000959
 28   -137.8451395792       -7.61       -2.24    13.5s
    ‖ρε - ρref‖ = 0.0012199146192026719 ‖Δρ‖ = 0.0012014743569424874  ‖vε - vref‖ = 0.9111118641337543  α = 0.000888
 29   -137.8451396035       -7.61       -2.03    14.5s
    ‖ρε - ρref‖ = 0.0017216852762901198 ‖Δρ‖ = 0.001691321218653609  ‖vε - vref‖ = 0.9103688343082501  α = 0.000675
 30   -137.8451396291       -7.59       -2.02    15.0s
    ‖ρε - ρref‖ = 0.0018896489841592659 ‖Δρ‖ = 0.00186432596297668  ‖vε - vref‖ = 0.9097920591961064  α = 0.000607
 31   -137.8451396656       -7.44       -2.12    14.9s
    ‖ρε - ρref‖ = 0.001208681218876489 ‖Δρ‖ = 0.001206104806255059  ‖vε - vref‖ = 0.9085463540450083  α = 0.00111
 32   -137.8451396800       -7.84       -1.92    13.9s
    ‖ρε - ρref‖ = 0.002262308101366979 ‖Δρ‖ = 0.002261494570290417  ‖vε - vref‖ = 0.9078287952243546  α = 0.000391
 33   -137.8451397016       -7.67       -2.33    14.9s
    ‖ρε - ρref‖ = 0.0008043004370493769 ‖Δρ‖ = 0.0007693917049795944  ‖vε - vref‖ = 0.9069237997573935  α = 0.00134
 34   -137.8451397126       -7.96       -1.72    13.9s
    ‖ρε - ρref‖ = 0.00530697050850826 ‖Δρ‖ = 0.005500022960465765  ‖vε - vref‖ = 0.9061065055201921  α = 0.000138
 35   -137.8451397332       -7.69       -2.27    13.1s
    ‖ρε - ρref‖ = 0.0009261344956652296 ‖Δρ‖ = 0.0008339929390225241  ‖vε - vref‖ = 0.9055074563568392  α = 0.00122
 36   -137.8451397480       -7.83       -2.38    13.2s
    ‖ρε - ρref‖ = 0.0007138959899600693 ‖Δρ‖ = 0.0006771638697222613  ‖vε - vref‖ = 0.9044621567123657  α = 0.00129
 37   -137.8451397566       -8.06       -2.61    14.8s
    ‖ρε - ρref‖ = 0.0004923587486319232 ‖Δρ‖ = 0.0004448411428888038  ‖vε - vref‖ = 0.9038238676669904  α = 0.00146
 38   -137.8451397602       -8.44       -1.99    13.6s
    ‖ρε - ρref‖ = 0.002399719890065283 ‖Δρ‖ = 0.0024024042946011012  ‖vε - vref‖ = 0.9035141802030761  α = 0.000177
 39   -137.8451397678       -8.12       -2.72    13.6s
    ‖ρε - ρref‖ = 0.000361719452654739 ‖Δρ‖ = 0.0002994856190662616  ‖vε - vref‖ = 0.9030546517978235  α = 0.00207
 40   -137.8451397725       -8.33       -2.54    12.8s
    ‖ρε - ρref‖ = 0.0005764732695353854 ‖Δρ‖ = 0.0005289930646620376  ‖vε - vref‖ = 0.90312242688004  α = 0.000942
 41   -137.8451397775       -8.29       -2.26    13.0s
    ‖ρε - ρref‖ = 0.001012821586011512 ‖Δρ‖ = 0.0009899345349757961  ‖vε - vref‖ = 0.9033144727419461  α = 0.000534
 42   -137.8451397812       -8.44       -2.48    13.9s
    ‖ρε - ρref‖ = 0.0006450541273938995 ‖Δρ‖ = 0.0006123459223115159  ‖vε - vref‖ = 0.9036037993791475  α = 0.000681
 43   -137.8451397855       -8.37       -2.49    13.4s
    ‖ρε - ρref‖ = 0.0005660363101151271 ‖Δρ‖ = 0.000514134233504929  ‖vε - vref‖ = 0.9042836214991324  α = 0.000957
 44   -137.8451397893       -8.41       -2.34    13.5s
    ‖ρε - ρref‖ = 0.000855601979449588 ‖Δρ‖ = 0.0008124172170098884  ‖vε - vref‖ = 0.9050904432076218  α = 0.000547
 45   -137.8451397940       -8.33       -2.52    14.0s
    ‖ρε - ρref‖ = 0.000448502007619428 ‖Δρ‖ = 0.00042476133727617374  ‖vε - vref‖ = 0.9061128345029963  α = 0.00117
 46   -137.8451397947       -9.15       -2.40    14.1s
    ‖ρε - ρref‖ = 0.001216153092837915 ‖Δρ‖ = 0.001014781564737438  ‖vε - vref‖ = 0.9063810416554745  α = 0.000189
 47   -137.8451397980       -8.48       -2.76    14.4s
    ‖ρε - ρref‖ = 0.0003038954673312861 ‖Δρ‖ = 0.00025337172822169357  ‖vε - vref‖ = 0.9070430612813535  α = 0.00166
 48   -137.8451398017       -8.44       -2.81    13.5s
    ‖ρε - ρref‖ = 0.0003056310404976351 ‖Δρ‖ = 0.00021789673113988827  ‖vε - vref‖ = 0.9078576268444271  α = 0.00201
 49   -137.8451398046       -8.54       -2.88    13.4s
    ‖ρε - ρref‖ = 0.00032565317651110605 ‖Δρ‖ = 0.00025094536763327715  ‖vε - vref‖ = 0.9084891964679909  α = 0.00152
 50   -137.8451398067       -8.68       -2.22    14.9s
    ‖ρε - ρref‖ = 0.001491969722114362 ‖Δρ‖ = 0.0014687839302256016  ‖vε - vref‖ = 0.9089786543987776  α = 0.000216
 51   -137.8451398097       -8.52       -2.77    14.9s
    ‖ρε - ρref‖ = 0.00038899229024943864 ‖Δρ‖ = 0.00030216911394687177  ‖vε - vref‖ = 0.9097169174577239  α = 0.00131
 52   -137.8451398148       -8.29       -2.73    13.7s
    ‖ρε - ρref‖ = 0.0003518140215108503 ‖Δρ‖ = 0.0002817572020143062  ‖vε - vref‖ = 0.9105303471262617  α = 0.00181
 53   -137.8451398165       -8.78       -2.41    14.9s
    ‖ρε - ρref‖ = 0.0007614278306348805 ‖Δρ‖ = 0.0007226801524868961  ‖vε - vref‖ = 0.910781880676508  α = 0.000427
 54   -137.8451398188       -8.63       -2.54    14.9s
    ‖ρε - ρref‖ = 0.00052431215928037 ‖Δρ‖ = 0.0004612895885420748  ‖vε - vref‖ = 0.9110774538103511  α = 0.000766
 55   -137.8451398209       -8.68       -2.80    14.4s
    ‖ρε - ρref‖ = 0.00036558167849941423 ‖Δρ‖ = 0.0002881296431130575  ‖vε - vref‖ = 0.9111062382544772  α = 0.00114
 56   -137.8451398238       -8.54       -2.50    13.0s
    ‖ρε - ρref‖ = 0.0005891474164371336 ‖Δρ‖ = 0.000540221680678603  ‖vε - vref‖ = 0.9110953099923983  α = 0.00072
 57   -137.8451398256       -8.75       -2.57    12.5s
    ‖ρε - ρref‖ = 0.0005662767750429691 ‖Δρ‖ = 0.0005170104223945415  ‖vε - vref‖ = 0.9111016812010233  α = 0.000555
 58   -137.8451398283       -8.57       -2.87    13.8s
    ‖ρε - ρref‖ = 0.00031325857827448707 ‖Δρ‖ = 0.000206975517078941  ‖vε - vref‖ = 0.911096575430731  α = 0.00174
 59   -137.8451398287       -9.35       -2.68    14.2s
    ‖ρε - ρref‖ = 0.0003689823343965017 ‖Δρ‖ = 0.0005557662148529742  ‖vε - vref‖ = 0.9110108142232372  α = 0.000274
 60   -137.8451398319       -8.50       -2.78    12.8s
    ‖ρε - ρref‖ = 0.00036912056707184056 ‖Δρ‖ = 0.0002544481833085402  ‖vε - vref‖ = 0.9110510103617558  α = 0.00154
 61   -137.8451398347       -8.56       -2.80    14.9s
    ‖ρε - ρref‖ = 0.00033377861043305926 ‖Δρ‖ = 0.0002427615937717714  ‖vε - vref‖ = 0.9111088336678292  α = 0.00156
 62   -137.8451398355       -9.08       -2.30    15.1s
    ‖ρε - ρref‖ = 0.001205573424627106 ‖Δρ‖ = 0.0011925585053699844  ‖vε - vref‖ = 0.9110982209139344  α = 0.000172
 63   -137.8451398373       -8.73       -2.87    15.3s
    ‖ρε - ρref‖ = 0.0002840850918521912 ‖Δρ‖ = 0.00019837873313429817  ‖vε - vref‖ = 0.9111308861892673  α = 0.00157
 64   -137.8451398391       -8.75       -3.00    14.6s
    ‖ρε - ρref‖ = 0.0002787612912226691 ‖Δρ‖ = 0.00015370867494978154  ‖vε - vref‖ = 0.9113798032446592  α = 0.00198
 65   -137.8451398398       -9.19       -2.78    13.6s
    ‖ρε - ρref‖ = 0.00037406692428179714 ‖Δρ‖ = 0.00030844298678009294  ‖vε - vref‖ = 0.9114356016010006  α = 0.000614
 66   -137.8451398407       -9.03       -2.69    14.2s
    ‖ρε - ρref‖ = 0.00040018774563784794 ‖Δρ‖ = 0.0003411382068925383  ‖vε - vref‖ = 0.9115119611762867  α = 0.000657
 67   -137.8451398418       -8.96       -2.86    13.5s
    ‖ρε - ρref‖ = 0.00032366100560722805 ‖Δρ‖ = 0.00022650928796835647  ‖vε - vref‖ = 0.9116662524258545  α = 0.000991
 68   -137.8451398423       -9.27       -2.78    14.0s
    ‖ρε - ρref‖ = 0.0003832063271766611 ‖Δρ‖ = 0.0003130227319478027  ‖vε - vref‖ = 0.9117243546522149  α = 0.000544
 69   -137.8451398432       -9.07       -2.86    13.8s
    ‖ρε - ρref‖ = 0.00030600562191214644 ‖Δρ‖ = 0.00021826123748665255  ‖vε - vref‖ = 0.9117627052587568  α = 0.000969
 70   -137.8451398441       -9.04       -2.88    12.4s
    ‖ρε - ρref‖ = 0.00027305090862631535 ‖Δρ‖ = 0.00020335165194394428  ‖vε - vref‖ = 0.9118405285910803  α = 0.00101
 71   -137.8451398444       -9.47       -2.77    14.8s
    ‖ρε - ρref‖ = 0.0005791486303319106 ‖Δρ‖ = 0.000388467715214201  ‖vε - vref‖ = 0.9119510646414895  α = 0.000337
 72   -137.8451398449       -9.31       -2.69    13.4s
    ‖ρε - ρref‖ = 0.00036397464622299334 ‖Δρ‖ = 0.000406381412182714  ‖vε - vref‖ = 0.9120008898173856  α = 0.000389
 73   -137.8451398461       -8.94       -3.17    12.5s
    ‖ρε - ρref‖ = 0.0002333560217649162 ‖Δρ‖ = 9.229785445251513e-5  ‖vε - vref‖ = 0.912291616903808  α = 0.00267
 74   -137.8451398463       -9.66       -2.78    12.7s
    ‖ρε - ρref‖ = 0.0004818183936801699 ‖Δρ‖ = 0.0004139324157824433  ‖vε - vref‖ = 0.9123702034085802  α = 0.000254
 75   -137.8451398471       -9.08       -2.82    13.9s
    ‖ρε - ρref‖ = 0.00033051537064448036 ‖Δρ‖ = 0.0002229374675854902  ‖vε - vref‖ = 0.9126735277296357  α = 0.00093
 76   -137.8451398476       -9.30       -3.28    12.2s
    ‖ρε - ρref‖ = 0.0002373190032754767 ‖Δρ‖ = 9.04854108442166e-5  ‖vε - vref‖ = 0.912813050153704  α = 0.00182
 77   -137.8451398481       -9.35       -3.22    13.2s
    ‖ρε - ρref‖ = 0.0002480236439956649 ‖Δρ‖ = 0.0001085680912657337  ‖vε - vref‖ = 0.9129624569435605  α = 0.00143
 78   -137.8451398485       -9.33       -2.66    13.1s
    ‖ρε - ρref‖ = 0.0004301246982567947 ‖Δρ‖ = 0.00036748605463172626  ‖vε - vref‖ = 0.9131145176616484  α = 0.000431
 79   -137.8451398490       -9.33       -3.30    14.5s
    ‖ρε - ρref‖ = 0.0002332743512602945 ‖Δρ‖ = 9.015348446623467e-5  ‖vε - vref‖ = 0.9132249231765992  α = 0.0017
 80   -137.8451398494       -9.36       -2.81    13.9s
    ‖ρε - ρref‖ = 0.0003556041810599481 ‖Δρ‖ = 0.0002769286041231435  ‖vε - vref‖ = 0.9133482981912231  α = 0.000554
 81   -137.8451398499       -9.33       -3.03    13.6s
    ‖ρε - ρref‖ = 0.0002809044908388777 ‖Δρ‖ = 0.00017050401618311722  ‖vε - vref‖ = 0.9134897230992236  α = 0.000878
 82   -137.8451398503       -9.44       -3.06    14.8s
    ‖ρε - ρref‖ = 0.0003198886403997322 ‖Δρ‖ = 0.0001636424436894307  ‖vε - vref‖ = 0.913555721543288  α = 0.000809
 83   -137.8451398504       -9.80       -2.84    14.8s
    ‖ρε - ρref‖ = 0.00023322679078688883 ‖Δρ‖ = 0.0003944253460317266  ‖vε - vref‖ = 0.9135181451036708  α = 0.000222
 84   -137.8451398508       -9.42       -3.05    14.5s
    ‖ρε - ρref‖ = 0.0002801936687083722 ‖Δρ‖ = 0.0001421645853077195  ‖vε - vref‖ = 0.9135213136037685  α = 0.000978
 85   -137.8451398511       -9.50       -3.06    14.5s
    ‖ρε - ρref‖ = 0.00025887828404778734 ‖Δρ‖ = 0.0001306617317278303  ‖vε - vref‖ = 0.913535553048516  α = 0.001
 86   -137.8451398512      -10.03       -2.94    13.7s
    ‖ρε - ρref‖ = 0.00035775657791061344 ‖Δρ‖ = 0.00029526741856478086  ‖vε - vref‖ = 0.9135308061364937  α = 0.000231
 87   -137.8451398516       -9.38       -3.13    14.3s
    ‖ρε - ρref‖ = 0.0002403686852852625 ‖Δρ‖ = 0.00011287476957793553  ‖vε - vref‖ = 0.9135246549506072  α = 0.0013
 88   -137.8451398521       -9.30       -3.26    14.7s
    ‖ρε - ρref‖ = 0.00022974568869817895 ‖Δρ‖ = 7.778132995303341e-5  ‖vε - vref‖ = 0.9135753794999668  α = 0.00204
 89   -137.8451398523       -9.63       -3.30    13.4s
    ‖ρε - ρref‖ = 0.0002436902884432936 ‖Δρ‖ = 8.547268837068416e-5  ‖vε - vref‖ = 0.9136359325634441  α = 0.00133
 90   -137.8451398525       -9.80       -2.85    14.7s
    ‖ρε - ρref‖ = 0.00035246502302509495 ‖Δρ‖ = 0.0002523975756158159  ‖vε - vref‖ = 0.9136780249152823  α = 0.000375
 91   -137.8451398528       -9.50       -3.32    13.6s
    ‖ρε - ρref‖ = 0.000233779932185855 ‖Δρ‖ = 6.606533473976607e-5  ‖vε - vref‖ = 0.9137272213992658  α = 0.002
 92   -137.8451398530       -9.75       -3.01    14.5s
    ‖ρε - ρref‖ = 0.0002773607811442885 ‖Δρ‖ = 0.00017787190694187598  ‖vε - vref‖ = 0.9137194934942969  α = 0.000561
 93   -137.8451398533       -9.50       -3.06    14.1s
    ‖ρε - ρref‖ = 0.00025659139650956484 ‖Δρ‖ = 0.00013511432228155635  ‖vε - vref‖ = 0.9136553276673437  α = 0.000952
 94   -137.8451398534       -9.94       -3.34    14.9s
    ‖ρε - ρref‖ = 0.00016485573230789783 ‖Δρ‖ = 0.00011173364691981747  ‖vε - vref‖ = 0.9135889256570086  α = 0.000683
 95   -137.8451398536       -9.74       -2.85    15.2s
    ‖ρε - ρref‖ = 0.00043784954934144666 ‖Δρ‖ = 0.00026567328785162206  ‖vε - vref‖ = 0.9135532663553323  α = 0.000356
 96   -137.8451398538       -9.64       -3.07    13.0s
    ‖ρε - ρref‖ = 0.00023037426346220232 ‖Δρ‖ = 0.00012991784815396404  ‖vε - vref‖ = 0.9134245223479256  α = 0.000785
 97   -137.8451398540       -9.82       -3.31    12.4s
    ‖ρε - ρref‖ = 0.00023201724507990843 ‖Δρ‖ = 8.700493925705024e-5  ‖vε - vref‖ = 0.9133728414996121  α = 0.00104
 98   -137.8451398541      -10.09       -2.87    14.6s
    ‖ρε - ρref‖ = 0.0003828592933074275 ‖Δρ‖ = 0.0003023073698164391  ‖vε - vref‖ = 0.9133623260789187  α = 0.000208
 99   -137.8451398543       -9.67       -3.34    14.5s
    ‖ρε - ρref‖ = 0.00023355106262800055 ‖Δρ‖ = 6.521316873152556e-5  ‖vε - vref‖ = 0.913398693884096  α = 0.0016
 100   -137.8451398544       -9.84       -3.38    13.1s
    ‖ρε - ρref‖ = 0.00023002887148732196 ‖Δρ‖ = 7.567154293631475e-5  ‖vε - vref‖ = 0.9133982130011669  α = 0.00111
 101   -137.8451398546       -9.71       -3.43    14.2s
    ‖ρε - ρref‖ = 0.00022956146317314438 ‖Δρ‖ = 5.225490515118436e-5  ‖vε - vref‖ = 0.9134227329296644  α = 0.00195
 102   -137.8451398547      -10.20       -3.04    12.7s
    ‖ρε - ρref‖ = 0.00027690770323644906 ‖Δρ‖ = 0.0001662316959236147  ‖vε - vref‖ = 0.9134223256146295  α = 0.000362
 103   -137.8451398549       -9.72       -3.39    13.7s
    ‖ρε - ρref‖ = 0.0002256338103274415 ‖Δρ‖ = 6.193713152281838e-5  ‖vε - vref‖ = 0.9133716433594569  α = 0.00163
 104   -137.8451398550      -10.08       -3.39    13.2s
    ‖ρε - ρref‖ = 0.00023338814827867288 ‖Δρ‖ = 7.795756125245513e-5  ‖vε - vref‖ = 0.9133465250152165  α = 0.000874
 105   -137.8451398551       -9.88       -3.18    13.6s
    ‖ρε - ρref‖ = 0.00023540321553109451 ‖Δρ‖ = 0.00011974195361007574  ‖vε - vref‖ = 0.9133010438401001  α = 0.000703
 106   -137.8451398552      -10.17       -3.42    14.5s
    ‖ρε - ρref‖ = 0.00027446545285999294 ‖Δρ‖ = 7.756051280993058e-5  ‖vε - vref‖ = 0.9133032183258372  α = 0.000771
 107   -137.8451398552      -10.15       -2.89    14.2s
    ‖ρε - ρref‖ = 0.00018950558474454743 ‖Δρ‖ = 0.00023471927075018498  ‖vε - vref‖ = 0.9132634418226712  α = 0.000258
 108   -137.8451398553      -10.06       -3.70    14.2s
    ‖ρε - ρref‖ = 0.00022576261183520564 ‖Δρ‖ = 3.635191148739099e-5  ‖vε - vref‖ = 0.9132666669499789  α = 0.00174
 109   -137.8451398554      -10.13       -3.32    14.6s
    ‖ρε - ρref‖ = 0.00024098477948757946 ‖Δρ‖ = 9.70921788999184e-5  ‖vε - vref‖ = 0.9132636517516587  α = 0.000644
 110   -137.8451398554      -10.30       -3.10    14.9s
    ‖ρε - ρref‖ = 0.00028606870936461235 ‖Δρ‖ = 0.0001989077987443479  ‖vε - vref‖ = 0.9132557392023495  α = 0.000235
 111   -137.8451398556       -9.95       -3.41    14.5s
    ‖ρε - ρref‖ = 0.0002324854497554355 ‖Δρ‖ = 5.380276096888096e-5  ‖vε - vref‖ = 0.9132675332782126  α = 0.0014
 112   -137.8451398556      -10.10       -3.62    14.4s
    ‖ρε - ρref‖ = 0.0002235780316293798 ‖Δρ‖ = 3.6437016083077094e-5  ‖vε - vref‖ = 0.9132665739848542  α = 0.0018
 113   -137.8451398557      -10.16       -3.60    14.3s
    ‖ρε - ρref‖ = 0.00021760105883259585 ‖Δρ‖ = 4.1355959790073596e-5  ‖vε - vref‖ = 0.9132281271972643  α = 0.00148
 114   -137.8451398557      -10.39       -3.23    13.8s
    ‖ρε - ρref‖ = 0.00024017798308139225 ‖Δρ‖ = 0.00010575786412890153  ‖vε - vref‖ = 0.9132101892454954  α = 0.000454
 115   -137.8451398558      -10.11       -3.41    15.0s
    ‖ρε - ρref‖ = 0.00023144202706294856 ‖Δρ‖ = 6.384978499782171e-5  ‖vε - vref‖ = 0.9131908263271489  α = 0.000992
 116   -137.8451398559      -10.11       -3.52    14.6s
    ‖ρε - ρref‖ = 0.00022277269742776914 ‖Δρ‖ = 5.240527133200366e-5  ‖vε - vref‖ = 0.9131497830987177  α = 0.00121
 117   -137.8451398559      -10.44       -3.31    15.0s
    ‖ρε - ρref‖ = 0.00025065515038856794 ‖Δρ‖ = 9.565926037217093e-5  ‖vε - vref‖ = 0.9131396559202716  α = 0.000475
 118   -137.8451398560      -10.18       -3.51    14.0s
    ‖ρε - ρref‖ = 0.00019766255054788712 ‖Δρ‖ = 5.550177252882096e-5  ‖vε - vref‖ = 0.9131213085528256  α = 0.00104
 119   -137.8451398560      -10.48       -3.04    14.5s
    ‖ρε - ρref‖ = 0.0004004348484978765 ‖Δρ‖ = 0.00020416463426055681  ‖vε - vref‖ = 0.9131402953264963  α = 0.000197
 120   -137.8451398561       -9.98       -3.66    14.5s
    ‖ρε - ρref‖ = 0.00022153724569303656 ‖Δρ‖ = 2.8676190497100676e-5  ‖vε - vref‖ = 0.9131574741604003  α = 0.00253
 121   -137.8451398562      -10.68       -3.38    14.4s
    ‖ρε - ρref‖ = 0.00023486783058925226 ‖Δρ‖ = 8.877198247888627e-5  ‖vε - vref‖ = 0.91315403464824  α = 0.00038
 122   -137.8451398562      -10.48       -3.25    13.0s
    ‖ρε - ρref‖ = 0.0002472475039521567 ‖Δρ‖ = 0.00010090357290992864  ‖vε - vref‖ = 0.9131476454000342  α = 0.000393
 123   -137.8451398562      -10.39       -3.65    14.2s
    ‖ρε - ρref‖ = 0.00021814916366585992 ‖Δρ‖ = 3.9167261839975815e-5  ‖vε - vref‖ = 0.9131035346540972  α = 0.0011
 124   -137.8451398563      -10.02       -3.56    13.6s
    ‖ρε - ρref‖ = 0.0002201182860951902 ‖Δρ‖ = 3.521989888705898e-5  ‖vε - vref‖ = 0.9129949136433769  α = 0.00196
 125   -137.8451398564      -10.17       -3.74    13.5s
    ‖ρε - ρref‖ = 0.00022097680344608078 ‖Δρ‖ = 2.7173563807987018e-5  ‖vε - vref‖ = 0.9129401890252635  α = 0.00217
 126   -137.8451398564      -10.71       -3.33    14.5s
    ‖ρε - ρref‖ = 0.00023588501032146997 ‖Δρ‖ = 8.905691052459185e-5  ‖vε - vref‖ = 0.9129296290634  α = 0.000372
 127   -137.8451398565      -10.34       -3.64    15.0s
    ‖ρε - ρref‖ = 0.0002235651298044182 ‖Δρ‖ = 3.980240648288273e-5  ‖vε - vref‖ = 0.9129233552304017  α = 0.00122
 128   -137.8451398565      -10.39       -3.70    12.6s
    ‖ρε - ρref‖ = 0.00022685082483477428 ‖Δρ‖ = 3.3921469355504064e-5  ‖vε - vref‖ = 0.9129400524123645  α = 0.00134
 129   -137.8451398565      -10.55       -3.37    13.6s
    ‖ρε - ρref‖ = 0.0002195272754063964 ‖Δρ‖ = 8.204186855635361e-5  ‖vε - vref‖ = 0.9129400956040419  α = 0.000471
 130   -137.8451398565      -10.75       -3.57    13.4s
    ‖ρε - ρref‖ = 0.0002634242043633312 ‖Δρ‖ = 6.200513086344275e-5  ‖vε - vref‖ = 0.9129447497418447  α = 0.000502
 131   -137.8451398566      -10.70       -3.37    13.6s
    ‖ρε - ρref‖ = 0.00017550561070824196 ‖Δρ‖ = 9.7821340044601e-5  ‖vε - vref‖ = 0.9129243235915354  α = 0.000308
 132   -137.8451398566      -10.24       -3.70    14.0s
    ‖ρε - ρref‖ = 0.0002257358285582819 ‖Δρ‖ = 2.980654743659936e-5  ‖vε - vref‖ = 0.9129037139848968  α = 0.00182
 133   -137.8451398566      -10.80       -3.51    14.3s
    ‖ρε - ρref‖ = 0.00022952581581652258 ‖Δρ‖ = 6.751954266814309e-5  ‖vε - vref‖ = 0.9128905098409881  α = 0.000428
 134   -137.8451398567      -10.52       -3.25    13.7s
    ‖ρε - ρref‖ = 0.00022234103470810827 ‖Δρ‖ = 9.492907656416779e-5  ‖vε - vref‖ = 0.9128527336569442  α = 0.00041
 135   -137.8451398567      -10.60       -3.92    14.3s
    ‖ρε - ρref‖ = 0.00022017581467298697 ‖Δρ‖ = 2.1025482355887125e-5  ‖vε - vref‖ = 0.9128370020954568  α = 0.00165
 136   -137.8451398567      -10.54       -3.67    13.8s
    ‖ρε - ρref‖ = 0.00022100297095358157 ‖Δρ‖ = 3.594346693050004e-5  ‖vε - vref‖ = 0.9128198669250808  α = 0.00102
 137   -137.8451398568      -10.40       -3.80    14.6s
    ‖ρε - ρref‖ = 0.00022314500792537802 ‖Δρ‖ = 2.4817273717042406e-5  ‖vε - vref‖ = 0.9128187346115098  α = 0.00175
 138   -137.8451398568      -10.70       -3.69    14.9s
    ‖ρε - ρref‖ = 0.00022333249822849746 ‖Δρ‖ = 3.5154384417742636e-5  ‖vε - vref‖ = 0.912821476690533  α = 0.000954
 139   -137.8451398568      -10.65       -3.33    13.9s
    ‖ρε - ρref‖ = 0.00023210354119077825 ‖Δρ‖ = 7.491227066015566e-5  ‖vε - vref‖ = 0.9128245624300845  α = 0.000463
 140   -137.8451398568      -10.64       -3.92    13.7s
    ‖ρε - ρref‖ = 0.00021860636341808573 ‖Δρ‖ = 1.8658040395799522e-5  ‖vε - vref‖ = 0.9128197609813127  α = 0.00194
 141   -137.8451398568      -10.95       -3.65    13.9s
    ‖ρε - ρref‖ = 0.00023861579986272406 ‖Δρ‖ = 4.5657969206344704e-5  ‖vε - vref‖ = 0.9128214717088464  α = 0.000547
 142   -137.8451398569      -10.78       -3.60    14.3s
    ‖ρε - ρref‖ = 0.00018736912619644725 ‖Δρ‖ = 5.198373500996476e-5  ‖vε - vref‖ = 0.9128043448905825  α = 0.000572
 143   -137.8451398569      -10.72       -3.24    13.7s
    ‖ρε - ρref‖ = 0.0002832647509996244 ‖Δρ‖ = 0.00010376010192859848  ‖vε - vref‖ = 0.9128058800127659  α = 0.000305
 144   -137.8451398569      -10.54       -3.82    14.8s
    ‖ρε - ρref‖ = 0.0002193637830460891 ‖Δρ‖ = 2.215777636589757e-5  ‖vε - vref‖ = 0.912795169319676  α = 0.00178
 145   -137.8451398569      -11.13       -3.55    13.5s
    ‖ρε - ρref‖ = 0.00022808631164116208 ‖Δρ‖ = 7.093743219519806e-5  ‖vε - vref‖ = 0.9127948511003211  α = 0.000272
 146   -137.8451398569      -10.60       -3.64    13.4s
    ‖ρε - ρref‖ = 0.00023006389305600477 ‖Δρ‖ = 4.1086794709081304e-5  ‖vε - vref‖ = 0.9128118595820202  α = 0.000846
 147   -137.8451398570      -10.50       -3.72    14.7s
    ‖ρε - ρref‖ = 0.0002201896072413739 ‖Δρ‖ = 3.0110433002293714e-5  ‖vε - vref‖ = 0.9128057297022468  α = 0.00127
 148   -137.8451398570      -10.74       -3.91    13.5s
    ‖ρε - ρref‖ = 0.00022042755439379927 ‖Δρ‖ = 2.0570763322215363e-5  ‖vε - vref‖ = 0.9127969325688294  α = 0.00145
 149   -137.8451398570      -10.67       -3.76    12.3s
    ‖ρε - ρref‖ = 0.00021878925698663433 ‖Δρ‖ = 2.981143995996591e-5  ‖vε - vref‖ = 0.912773715605421  α = 0.00104
 150   -137.8451398570      -10.77       -3.81    14.8s
    ‖ρε - ρref‖ = 0.00021973678573118614 ‖Δρ‖ = 2.607749904641703e-5  ‖vε - vref‖ = 0.9127520024459442  α = 0.00117
 151   -137.8451398570      -11.02       -3.48    15.1s
    ‖ρε - ρref‖ = 0.00022779761259076865 ‖Δρ‖ = 6.0261900216096285e-5  ‖vε - vref‖ = 0.9127431034924469  α = 0.000384
 152   -137.8451398571      -10.66       -3.82    13.9s
    ‖ρε - ρref‖ = 0.0002233248257168383 ‖Δρ‖ = 2.1697262866352535e-5  ‖vε - vref‖ = 0.9127448853644325  α = 0.00158
 153   -137.8451398571      -11.04       -3.88    13.3s
    ‖ρε - ρref‖ = 0.00020811727156569136 ‖Δρ‖ = 2.423336188346612e-5  ‖vε - vref‖ = 0.9127470337940418  α = 0.000934
 154   -137.8451398571      -10.87       -3.44    13.9s
    ‖ρε - ρref‖ = 0.0002654864538592644 ‖Δρ‖ = 6.5860909025471e-5  ‖vε - vref‖ = 0.9127720868497057  α = 0.000402
 155   -137.8451398571      -10.98       -3.37    13.2s
    ‖ρε - ρref‖ = 0.00020185599162256406 ‖Δρ‖ = 7.78231958851101e-5  ‖vε - vref‖ = 0.9127793041090784  α = 0.000308
 156   -137.8451398571      -10.66       -3.87    13.6s
    ‖ρε - ρref‖ = 0.00022221257790384157 ‖Δρ‖ = 1.8834272097612402e-5  ‖vε - vref‖ = 0.9128078267221851  α = 0.00182
 157   -137.8451398571      -11.27       -3.52    14.2s
    ‖ρε - ρref‖ = 0.00023860438210075588 ‖Δρ‖ = 7.116218308413547e-5  ‖vε - vref‖ = 0.9128143248650854  α = 0.000236
 158   -137.8451398571      -10.71       -3.68    15.0s
    ‖ρε - ρref‖ = 0.00022166144434950343 ‖Δρ‖ = 3.247744330675871e-5  ‖vε - vref‖ = 0.9128188535971599  α = 0.000991
 159   -137.8451398572      -10.78       -4.07    14.5s
    ‖ρε - ρref‖ = 0.00021949280845038835 ‖Δρ‖ = 1.3739934665269856e-5  ‖vε - vref‖ = 0.9128171227150915  α = 0.00197
 160   -137.8451398572      -10.73       -3.85    13.0s
    ‖ρε - ρref‖ = 0.00021656196968476008 ‖Δρ‖ = 2.1667629788576806e-5  ‖vε - vref‖ = 0.9128016520733839  α = 0.00135
 161   -137.8451398572      -10.78       -3.79    12.5s
    ‖ρε - ρref‖ = 0.0002220595915950268 ‖Δρ‖ = 2.737778077097389e-5  ‖vε - vref‖ = 0.9128080619236736  α = 0.001
 162   -137.8451398572      -11.16       -3.88    13.4s
    ‖ρε - ρref‖ = 0.00022243586220918902 ‖Δρ‖ = 2.559955906241761e-5  ‖vε - vref‖ = 0.912818350683929  α = 0.000758
 163   -137.8451398572      -11.11       -3.75    13.5s
    ‖ρε - ρref‖ = 0.00022325900728622375 ‖Δρ‖ = 3.2846886046072305e-5  ‖vε - vref‖ = 0.9128315859242064  α = 0.000626
 164   -137.8451398572      -10.70       -3.78    13.8s
    ‖ρε - ρref‖ = 0.00022036820118673914 ‖Δρ‖ = 2.6529239238857904e-5  ‖vε - vref‖ = 0.9128619325875359  α = 0.00119
 165   -137.8451398572      -11.17       -3.94    13.7s
    ‖ρε - ρref‖ = 0.00023715671799970576 ‖Δρ‖ = 2.5820492175719935e-5  ‖vε - vref‖ = 0.9128775338391795  α = 0.000745
 166   -137.8451398572      -11.18       -3.49    14.6s
    ‖ρε - ρref‖ = 0.00018836975137663991 ‖Δρ‖ = 6.800331087870304e-5  ‖vε - vref‖ = 0.9128777295057922  α = 0.000276
 167   -137.8451398572      -11.27       -3.73    14.4s
    ‖ρε - ρref‖ = 0.00022987882195670564 ‖Δρ‖ = 3.410180427035815e-5  ‖vε - vref‖ = 0.9128799543096008  α = 0.000518
 168   -137.8451398573      -10.88       -3.74    13.9s
    ‖ρε - ρref‖ = 0.00021889863006368187 ‖Δρ‖ = 2.462589231999163e-5  ‖vε - vref‖ = 0.9128681080967517  α = 0.00107
 169   -137.8451398573      -11.54       -3.72    15.0s
    ‖ρε - ρref‖ = 0.0002182626206229641 ‖Δρ‖ = 4.9521289736486514e-5  ‖vε - vref‖ = 0.9128634887797022  α = 0.000259
 170   -137.8451398573      -10.78       -3.78    13.9s
    ‖ρε - ρref‖ = 0.00021901075791133233 ‖Δρ‖ = 2.3085494097812005e-5  ‖vε - vref‖ = 0.9128495649700271  α = 0.00126
 171   -137.8451398573      -10.89       -4.13    14.4s
    ‖ρε - ρref‖ = 0.00021972286655726577 ‖Δρ‖ = 1.0131540624279486e-5  ‖vε - vref‖ = 0.9128519168563327  α = 0.00252
 172   -137.8451398573      -10.86       -4.05    13.0s
    ‖ρε - ρref‖ = 0.00022179520731272566 ‖Δρ‖ = 1.3624844723214724e-5  ‖vε - vref‖ = 0.9128722802534813  α = 0.00193
 173   -137.8451398573      -11.01       -3.93    14.3s
    ‖ρε - ρref‖ = 0.00021968492918321054 ‖Δρ‖ = 2.4220497669036134e-5  ‖vε - vref‖ = 0.9128763366591007  α = 0.000853
 174   -137.8451398573      -11.05       -3.89    14.4s
    ‖ρε - ρref‖ = 0.00022041422945544495 ‖Δρ‖ = 2.2669955439535864e-5  ‖vε - vref‖ = 0.9128800534744517  α = 0.000958
 175   -137.8451398573      -11.16       -3.59    14.4s
    ‖ρε - ρref‖ = 0.00022488707611466706 ‖Δρ‖ = 4.604088934876703e-5  ‖vε - vref‖ = 0.9128837006476236  α = 0.00041
 176   -137.8451398573      -11.14       -4.06    13.3s
    ‖ρε - ρref‖ = 0.0002232985540663788 ‖Δρ‖ = 1.598552662964084e-5  ‖vε - vref‖ = 0.9128886621704879  α = 0.00124
 177   -137.8451398573      -11.25       -3.92    14.3s
    ‖ρε - ρref‖ = 0.00019891352673325762 ‖Δρ‖ = 2.705478653919213e-5  ‖vε - vref‖ = 0.9128786441344072  α = 0.000612
 178   -137.8451398574      -10.99       -3.49    13.8s
    ‖ρε - ρref‖ = 0.0002509787345379008 ‖Δρ‖ = 5.8521971455597644e-5  ‖vε - vref‖ = 0.9128776804042832  α = 0.000387
 179   -137.8451398574      -11.20       -3.72    13.0s
    ‖ρε - ρref‖ = 0.0002166882878360503 ‖Δρ‖ = 3.467745901711233e-5  ‖vε - vref‖ = 0.9128741726931522  α = 0.000546
 180   -137.8451398574      -11.20       -3.78    12.7s
    ‖ρε - ρref‖ = 0.00022068930652037585 ‖Δρ‖ = 3.0243716030310014e-5  ‖vε - vref‖ = 0.9128755571103413  α = 0.000593
 181   -137.8451398574      -11.70       -3.76    14.4s
    ‖ρε - ρref‖ = 0.0002283473637029422 ‖Δρ‖ = 4.4130566835873736e-5  ‖vε - vref‖ = 0.9128781711423954  α = 0.000225
 182   -137.8451398574      -11.02       -3.99    14.8s
    ‖ρε - ρref‖ = 0.0002202963693194172 ‖Δρ‖ = 1.413908830955514e-5  ‖vε - vref‖ = 0.9128905507829941  α = 0.00161
 183   -137.8451398574      -10.86       -4.04    14.1s
    ‖ρε - ρref‖ = 0.00022064269486582567 ‖Δρ‖ = 1.1856190521708998e-5  ‖vε - vref‖ = 0.9129162042173851  α = 0.00226
 184   -137.8451398574      -11.02       -4.12    13.9s
    ‖ρε - ρref‖ = 0.0002188191817550213 ‖Δρ‖ = 1.1466820514765939e-5  ‖vε - vref‖ = 0.9129262911658986  α = 0.002
 185   -137.8451398574      -11.01       -4.12    13.8s
    ‖ρε - ρref‖ = 0.0002200422946733086 ‖Δρ‖ = 1.2433621635158697e-5  ‖vε - vref‖ = 0.9129387803379787  α = 0.00175
 186   -137.8451398574      -11.27       -3.74    13.8s
    ‖ρε - ρref‖ = 0.00022059510881211982 ‖Δρ‖ = 3.1488811190059454e-5  ‖vε - vref‖ = 0.9129422777891247  α = 0.000538
 187   -137.8451398574      -11.32       -3.82    14.7s
    ‖ρε - ρref‖ = 0.00022131374799289012 ‖Δρ‖ = 2.810003494236055e-5  ‖vε - vref‖ = 0.9129447407579687  α = 0.000564
 188   -137.8451398574      -11.12       -3.96    14.0s
    ‖ρε - ρref‖ = 0.00021738976244212754 ‖Δρ‖ = 1.940813828653876e-5  ‖vε - vref‖ = 0.9129495805882837  α = 0.001
 189   -137.8451398574      -11.67       -3.90    14.1s
    ‖ρε - ρref‖ = 0.00024836408763201855 ‖Δρ‖ = 3.251911485941798e-5  ‖vε - vref‖ = 0.9129567071458607  α = 0.000324
 190   -137.8451398574      -11.07       -3.83    13.2s
    ‖ρε - ρref‖ = 0.00021344408638759721 ‖Δρ‖ = 2.476662318398119e-5  ‖vε - vref‖ = 0.9129601687825908  α = 0.000826
 191   -137.8451398574      -11.42       -3.74    13.8s
    ‖ρε - ρref‖ = 0.0002223285947646137 ‖Δρ‖ = 3.220734285151778e-5  ‖vε - vref‖ = 0.9129615429257067  α = 0.00046
 192   -137.8451398574      -11.28       -3.94    12.2s
    ‖ρε - ρref‖ = 0.00022133447832665946 ‖Δρ‖ = 2.129520687995541e-5  ‖vε - vref‖ = 0.9129631890928998  α = 0.000745
 193   -137.8451398575      -11.32       -3.53    13.7s
    ‖ρε - ρref‖ = 0.00022259050186798214 ‖Δρ‖ = 5.779856236304309e-5  ‖vε - vref‖ = 0.912963309762682  α = 0.00027
 194   -137.8451398575      -11.23       -3.94    14.3s
    ‖ρε - ρref‖ = 0.00022315177514230266 ‖Δρ‖ = 2.1110501489853505e-5  ‖vε - vref‖ = 0.9129714561021479  α = 0.000839
 195   -137.8451398575      -11.03       -4.26    13.7s
    ‖ρε - ρref‖ = 0.00021935428571553053 ‖Δρ‖ = 8.09491468956663e-6  ‖vε - vref‖ = 0.9129678469774151  α = 0.00268
 196   -137.8451398575      -11.17       -4.15    13.4s
    ‖ρε - ρref‖ = 0.00021938757701249958 ‖Δρ‖ = 1.0744470395927006e-5  ‖vε - vref‖ = 0.912962565278228  α = 0.00179
 197   -137.8451398575      -11.09       -4.20    13.9s
    ‖ρε - ρref‖ = 0.0002191014989280586 ‖Δρ‖ = 8.941996440109564e-6  ‖vε - vref‖ = 0.9129537284135784  α = 0.00229
 198   -137.8451398575      -11.62       -3.86    12.9s
    ‖ρε - ρref‖ = 0.00022175420142827882 ‖Δρ‖ = 2.5689995816434833e-5  ‖vε - vref‖ = 0.912953985647386  α = 0.000459
 199   -137.8451398575      -11.21       -3.99    13.7s
    ‖ρε - ρref‖ = 0.0002197695594984804 ‖Δρ‖ = 1.613755190918745e-5  ‖vε - vref‖ = 0.912958365924171  α = 0.00105
 200   -137.8451398575      -11.29       -3.86    13.9s
    ‖ρε - ρref‖ = 0.000229743899904045 ‖Δρ‖ = 2.3233307099003544e-5  ‖vε - vref‖ = 0.9129659754172187  α = 0.000701
 201   -137.8451398575      -11.69       -3.70    14.0s
    ‖ρε - ρref‖ = 0.00018425634790265196 ‖Δρ‖ = 4.592904863707514e-5  ‖vε - vref‖ = 0.9129633992424508  α = 0.00022
 202   -137.8451398575      -11.34       -3.95    14.2s
    ‖ρε - ρref‖ = 0.00022481472550716183 ‖Δρ‖ = 1.8156421399889644e-5  ‖vε - vref‖ = 0.9129723052124535  α = 0.000858
 203   -137.8451398575      -11.61       -3.98    14.4s
    ‖ρε - ρref‖ = 0.00022127158246208298 ‖Δρ‖ = 2.0016082971499174e-5  ‖vε - vref‖ = 0.9129748687505874  α = 0.00055
 204   -137.8451398575      -11.50       -3.91    13.1s
    ‖ρε - ρref‖ = 0.000218421867596188 ‖Δρ‖ = 2.332403034930349e-5  ‖vε - vref‖ = 0.9129739345161985  α = 0.000552
 205   -137.8451398575      -11.43       -3.63    14.4s
    ‖ρε - ρref‖ = 0.00022447486176552003 ‖Δρ‖ = 4.362469221831693e-5  ‖vε - vref‖ = 0.9129728250853132  α = 0.000342
 206   -137.8451398575      -11.16       -4.13    14.6s
    ‖ρε - ρref‖ = 0.000218461255257413 ‖Δρ‖ = 1.1921981742939149e-5  ‖vε - vref‖ = 0.9129576323050675  α = 0.00157
 207   -137.8451398575      -11.42       -4.19    15.1s
    ‖ρε - ρref‖ = 0.00022096822071502115 ‖Δρ‖ = 1.0615143932422556e-5  ‖vε - vref‖ = 0.9129545664370502  α = 0.00132
 208   -137.8451398575      -11.30       -4.24    14.0s
    ‖ρε - ρref‖ = 0.0002195719415243069 ‖Δρ‖ = 9.45009446449085e-6  ‖vε - vref‖ = 0.9129450273776378  α = 0.0017
 209   -137.8451398575      -11.11       -4.29    14.5s
    ‖ρε - ρref‖ = 0.00021935570476282347 ‖Δρ‖ = 8.055864626098413e-6  ‖vε - vref‖ = 0.9129477863091889  α = 0.00241
 210   -137.8451398575      -11.68       -4.03    13.7s
    ‖ρε - ρref‖ = 0.00021943245620188837 ‖Δρ‖ = 1.791553220857684e-5  ‖vε - vref‖ = 0.9129502912758665  α = 0.00058
 211   -137.8451398575      -11.46       -3.93    13.9s
    ‖ρε - ρref‖ = 0.00022235638890316433 ‖Δρ‖ = 1.8759503383842393e-5  ‖vε - vref‖ = 0.9129586914624921  α = 0.000759
 212   -137.8451398575      -11.64       -4.18    14.0s
    ‖ρε - ρref‖ = 0.00021094160737783056 ‖Δρ‖ = 1.418122829402058e-5  ‖vε - vref‖ = 0.9129592444099289  α = 0.000723
 213   -137.8451398575      -11.51       -3.73    14.9s
    ‖ρε - ρref‖ = 0.00024695443387843304 ‖Δρ‖ = 3.738129701305586e-5  ‖vε - vref‖ = 0.9129685166913841  α = 0.000327
 214   -137.8451398575      -11.49       -4.02    14.3s
    ‖ρε - ρref‖ = 0.00021803648288720292 ‖Δρ‖ = 1.806372143242533e-5  ‖vε - vref‖ = 0.9129678250121643  α = 0.000697
 215   -137.8451398576      -11.70       -4.05    13.7s
    ‖ρε - ρref‖ = 0.00021905219289744085 ‖Δρ‖ = 1.7072376345719608e-5  ‖vε - vref‖ = 0.9129650668252027  α = 0.000617
 216   -137.8451398576      -11.63       -3.79    14.6s
    ‖ρε - ρref‖ = 0.00022457839072569758 ‖Δρ‖ = 3.1403898441035934e-5  ‖vε - vref‖ = 0.9129632392331825  α = 0.000336
 217   -137.8451398576      -11.83       -3.84    14.4s
    ‖ρε - ρref‖ = 0.00022008562460137192 ‖Δρ‖ = 2.7925308963465175e-5  ‖vε - vref‖ = 0.912959800030842  α = 0.000357
 218   -137.8451398576      -11.35       -4.27    14.0s
    ‖ρε - ρref‖ = 0.0002188021021873237 ‖Δρ‖ = 7.556270184623304e-6  ‖vε - vref‖ = 0.9129485763792671  α = 0.002
 219   -137.8451398576      -11.34       -4.38    15.0s
    ‖ρε - ρref‖ = 0.0002195820906882914 ‖Δρ‖ = 6.665516347113765e-6  ‖vε - vref‖ = 0.9129429272986422  α = 0.00215
 220   -137.8451398576      -11.43       -4.33    14.6s
    ‖ρε - ρref‖ = 0.00022026376090475178 ‖Δρ‖ = 8.12846747081296e-6  ‖vε - vref‖ = 0.9129453125226603  α = 0.00166
 221   -137.8451398576      -11.60       -4.23    14.0s
    ‖ρε - ρref‖ = 0.0002187793035674872 ‖Δρ‖ = 1.0539469638892622e-5  ‖vε - vref‖ = 0.9129423318572943  α = 0.00116
 222   -137.8451398576      -11.59       -4.19    14.8s
    ‖ρε - ρref‖ = 0.0002207835303260702 ‖Δρ‖ = 1.0285299854092223e-5  ‖vε - vref‖ = 0.9129452092546775  α = 0.00113
 223   -137.8451398576      -11.50       -3.75    14.9s
    ‖ρε - ρref‖ = 0.00021936058717907458 ‖Δρ‖ = 2.6537056803855656e-5  ‖vε - vref‖ = 0.9129481264641619  α = 0.000483
 224   -137.8451398576      -11.92       -4.24    12.7s
    ‖ρε - ρref‖ = 0.00022946623022825652 ‖Δρ‖ = 1.346351626640249e-5  ‖vε - vref‖ = 0.9129508317734397  α = 0.000575
 225   -137.8451398576      -11.60       -3.85    14.9s
    ‖ρε - ρref‖ = 0.00020639838291643378 ‖Δρ‖ = 2.633196451411145e-5  ‖vε - vref‖ = 0.9129456374605195  α = 0.000429
 226   -137.8451398576      -11.49       -4.19    14.4s
    ‖ρε - ρref‖ = 0.00021999204645190584 ‖Δρ‖ = 1.002280313189454e-5  ‖vε - vref‖ = 0.9129439714535569  α = 0.00132
 227   -137.8451398576      -11.68       -3.79    15.0s
    ‖ρε - ρref‖ = 0.00022394025961771752 ‖Δρ‖ = 3.071357175401316e-5  ‖vε - vref‖ = 0.9129433609719919  α = 0.000339
 228   -137.8451398576      -11.96       -3.90    13.6s
    ‖ρε - ρref‖ = 0.0002184167611805739 ‖Δρ‖ = 2.873539929529915e-5  ‖vε - vref‖ = 0.9129413294452803  α = 0.000257
 229   -137.8451398576      -11.97       -4.25    13.8s
    ‖ρε - ρref‖ = 0.00022005051956221978 ‖Δρ‖ = 1.2449226296738913e-5  ‖vε - vref‖ = 0.9129400115682917  α = 0.000603
 230   -137.8451398576      -11.54       -4.27    13.7s
    ‖ρε - ρref‖ = 0.00022037379625408952 ‖Δρ‖ = 7.963869856156365e-6  ‖vε - vref‖ = 0.9129369857536027  α = 0.00149
 231   -137.8451398576      -11.37       -4.35    14.5s
    ‖ρε - ρref‖ = 0.00021924982058983878 ‖Δρ‖ = 6.313424556829385e-6  ‖vε - vref‖ = 0.9129265219214828  α = 0.00231
 232   -137.8451398576      -11.50       -4.28    13.7s
    ‖ρε - ρref‖ = 0.0002194115542563656 ‖Δρ‖ = 7.441555608989301e-6  ‖vε - vref‖ = 0.9129176439732438  α = 0.00172
 233   -137.8451398576      -11.60       -4.41    14.5s
    ‖ρε - ρref‖ = 0.00021997189754837957 ‖Δρ‖ = 5.939758434799276e-6  ‖vε - vref‖ = 0.91291270051317  α = 0.00192
 234   -137.8451398576      -12.08       -4.12    13.6s
    ‖ρε - ρref‖ = 0.00021810413847014775 ‖Δρ‖ = 1.3037718881120778e-5  ‖vε - vref‖ = 0.9129092186240018  α = 0.000572
 235   -137.8451398576      -11.73       -4.06    13.6s
    ‖ρε - ρref‖ = 0.00022229269703983868 ‖Δρ‖ = 1.3798015743123917e-5  ‖vε - vref‖ = 0.912905736099198  α = 0.000727
 236   -137.8451398576      -12.43       -4.08    12.1s
    ‖ρε - ρref‖ = 0.00020579559349206524 ‖Δρ‖ = 1.8757441237879066e-5  ‖vε - vref‖ = 0.9129028171608647  α = 0.000363
 237   -137.8451398576      -11.68       -4.02    13.2s
    ‖ρε - ρref‖ = 0.00022911559361054977 ‖Δρ‖ = 1.8036610434745152e-5  ‖vε - vref‖ = 0.912907140599013  α = 0.000481
 238   -137.8451398576      -11.62       -4.30    13.7s
    ‖ρε - ρref‖ = 0.00021965659036398026 ‖Δρ‖ = 7.339918768269185e-6  ‖vε - vref‖ = 0.9129078718483542  α = 0.00151
 239   -137.8451398576      -12.13       -3.83    13.4s
    ‖ρε - ρref‖ = 0.0002181752041010336 ‖Δρ‖ = 3.133824686389316e-5  ‖vε - vref‖ = 0.9129072398494866  α = 0.000214
 240   -137.8451398576      -12.18       -4.17    12.7s
    ‖ρε - ρref‖ = 0.00022096155910960436 ‖Δρ‖ = 1.421131928201782e-5  ‖vε - vref‖ = 0.9129078135606162  α = 0.000408
 241   -137.8451398576      -11.73       -4.27    14.1s
    ‖ρε - ρref‖ = 0.00021984742532608656 ‖Δρ‖ = 8.64206929643531e-6  ‖vε - vref‖ = 0.9129076161057748  α = 0.00105
 242   -137.8451398576      -11.90       -4.23    12.9s
    ‖ρε - ρref‖ = 0.00021899821930618905 ‖Δρ‖ = 1.0176460254347997e-5  ‖vε - vref‖ = 0.9129052600177172  α = 0.000821
 243   -137.8451398576      -11.81       -4.42    13.7s
    ‖ρε - ρref‖ = 0.0002194806874542666 ‖Δρ‖ = 6.616290396030755e-6  ‖vε - vref‖ = 0.9129026803553018  α = 0.00133
 244   -137.8451398576      -11.47       -4.57    11.9s
    ‖ρε - ρref‖ = 0.00021965460315492207 ‖Δρ‖ = 3.6472912758237256e-6  ‖vε - vref‖ = 0.9128991854844546  α = 0.00348
 245   -137.8451398576      -11.73       -4.48    13.4s
    ‖ρε - ρref‖ = 0.0002188720495238381 ‖Δρ‖ = 5.150695689758818e-6  ‖vε - vref‖ = 0.9128961290849165  α = 0.002
 246   -137.8451398576      -12.00       -4.22    13.4s
    ‖ρε - ρref‖ = 0.00022166785333847263 ‖Δρ‖ = 1.1676390896212791e-5  ‖vε - vref‖ = 0.9128970962513421  α = 0.000508
 247   -137.8451398576      -11.97       -4.19    14.1s
    ‖ρε - ρref‖ = 0.00021614675690141339 ‖Δρ‖ = 1.125368471596667e-5  ‖vε - vref‖ = 0.9128975518422912  α = 0.000685
 248   -137.8451398576      -13.25       -4.10    13.9s
    ‖ρε - ρref‖ = 0.00023565341321939498 ‖Δρ‖ = 1.9514269325316975e-5  ‖vε - vref‖ = 0.912900255005067  α = 0.000231
 249   -137.8451398576      -11.77       -4.37    14.1s
    ‖ρε - ρref‖ = 0.0002189107723892727 ‖Δρ‖ = 6.540716761838482e-6  ‖vε - vref‖ = 0.912902615733886  α = 0.0013
 250   -137.8451398576      -11.93       -4.31    14.2s
    ‖ρε - ρref‖ = 0.00021985380493651032 ‖Δρ‖ = 9.20700782645425e-6  ‖vε - vref‖ = 0.9129057752268083  α = 0.000774
 251   -137.8451398576      -12.11       -3.99    13.0s
    ‖ρε - ρref‖ = 0.0002248088905506033 ‖Δρ‖ = 2.3323239779262106e-5  ‖vε - vref‖ = 0.9129095650528831  α = 0.00029
 252   -137.8451398576      -11.98       -4.15    14.0s
    ‖ρε - ρref‖ = 0.0002188031856238067 ‖Δρ‖ = 1.3088611236618898e-5  ‖vε - vref‖ = 0.91290923012556  α = 0.000575
 253   -137.8451398576      -11.96       -4.14    14.1s
    ‖ρε - ρref‖ = 0.0002182867525214892 ‖Δρ‖ = 1.2320789334096197e-5  ‖vε - vref‖ = 0.912906471438013  α = 0.000605
 254   -137.8451398576      -11.91       -4.51    14.6s
    ‖ρε - ρref‖ = 0.0002195937642252892 ‖Δρ‖ = 5.5937163267754625e-6  ‖vε - vref‖ = 0.912902985608383  α = 0.00136
 255   -137.8451398576      -11.93       -4.36    13.6s
    ‖ρε - ρref‖ = 0.00021924916257858124 ‖Δρ‖ = 7.223863973558906e-6  ‖vε - vref‖ = 0.9128980982727308  α = 0.00104
 256   -137.8451398576      -11.81       -4.41    12.4s
    ‖ρε - ρref‖ = 0.00021918822196976775 ‖Δρ‖ = 5.763833382460885e-6  ‖vε - vref‖ = 0.912891373456215  α = 0.00156
 257   -137.8451398576      -11.74       -4.61    12.9s
    ‖ρε - ρref‖ = 0.00021995208357653115 ‖Δρ‖ = 3.869489495380227e-6  ‖vε - vref‖ = 0.9128938701298589  α = 0.00238
 258   -137.8451398576      -11.96       -4.34    13.5s
    ‖ρε - ρref‖ = 0.00021843215462325152 ‖Δρ‖ = 6.94181117913371e-6  ‖vε - vref‖ = 0.9128957211800754  α = 0.00108
 259   -137.8451398576      -12.17       -3.94    14.1s
    ‖ρε - ρref‖ = 0.000229813760909206 ‖Δρ‖ = 1.9882473805400618e-5  ‖vε - vref‖ = 0.9128998107485026  α = 0.000348
 260   -137.8451398576      -12.50       -4.16    13.8s
    ‖ρε - ρref‖ = 0.00020846185644137911 ‖Δρ‖ = 1.5656484816122504e-5  ‖vε - vref‖ = 0.9128986576267005  α = 0.000241
 261   -137.8451398576      -11.89       -4.50    13.7s
    ‖ρε - ρref‖ = 0.0002200623745685582 ‖Δρ‖ = 5.5635167724372744e-6  ‖vε - vref‖ = 0.9128983190334151  α = 0.00132
 262   -137.8451398576      -12.77       -4.49    13.6s
    ‖ρε - ρref‖ = 0.00021995349674463693 ‖Δρ‖ = 6.8311381863720846e-6  ‖vε - vref‖ = 0.9128967667706052  α = 0.000768
 263   -137.8451398576      -11.86       -3.98    14.0s
    ‖ρε - ρref‖ = 0.00021717579115715477 ‖Δρ‖ = 1.7405411212900824e-5  ‖vε - vref‖ = 0.9128907805015808  α = 0.000454
 264   -137.8451398576      -12.11       -4.22    13.3s
    ‖ρε - ρref‖ = 0.00022010333235112766 ‖Δρ‖ = 1.1805011445247146e-5  ‖vε - vref‖ = 0.9128898314569861  α = 0.000514
 265   -137.8451398576      -11.94       -4.26    14.2s
    ‖ρε - ρref‖ = 0.00022029302558287053 ‖Δρ‖ = 8.733113236908995e-6  ‖vε - vref‖ = 0.9128904991051865  α = 0.000825
 266   -137.8451398576      -12.47       -4.54    13.1s
    ‖ρε - ρref‖ = 0.00021897057503474492 ‖Δρ‖ = 5.58869846739387e-6  ‖vε - vref‖ = 0.9128907503789526  α = 0.00101
 267   -137.8451398576      -11.91       -4.50    14.1s
    ‖ρε - ρref‖ = 0.0002196689402298611 ‖Δρ‖ = 4.680311590121196e-6  ‖vε - vref‖ = 0.9128973846104412  α = 0.00167
 268   -137.8451398576      -11.99       -4.44    13.3s
    ‖ρε - ρref‖ = 0.0002202585803075574 ‖Δρ‖ = 6.577564840302297e-6  ‖vε - vref‖ = 0.9129019849332227  α = 0.000886
 269   -137.8451398576      -12.25       -4.66    13.9s
    ‖ρε - ρref‖ = 0.00021969042159841512 ‖Δρ‖ = 3.494961579985798e-6  ‖vε - vref‖ = 0.912902758007426  α = 0.00194
 270   -137.8451398576      -12.07       -4.54    14.1s
    ‖ρε - ρref‖ = 0.00022100466913496091 ‖Δρ‖ = 4.771716064912998e-6  ‖vε - vref‖ = 0.9129023020371652  α = 0.00103
 271   -137.8451398576      -13.07       -4.14    14.2s
    ‖ρε - ρref‖ = 0.00021110431975968825 ‖Δρ‖ = 1.4030411423120014e-5  ‖vε - vref‖ = 0.9128988537263311  α = 0.000355
 272   -137.8451398576      -12.40       -4.20    12.9s
    ‖ρε - ρref‖ = 0.00022618038208810988 ‖Δρ‖ = 1.2193783543099876e-5  ‖vε - vref‖ = 0.9128986184709605  α = 0.000354
 273   -137.8451398576      -11.86       -4.27    13.8s
    ‖ρε - ρref‖ = 0.0002179419043852358 ‖Δρ‖ = 7.294470532389074e-6  ‖vε - vref‖ = 0.9128927652228953  α = 0.00105
 274   -137.8451398576   +    -Inf       -4.56    86.5s
    ‖ρε - ρref‖ = 0.00021862379641534072 ‖Δρ‖ = 7.270833397384451e-6  ‖vε - vref‖ = 0.9128927652202449  α = 5.83e-9
 275   -137.8451398576      -12.13       -4.22    13.5s
    ‖ρε - ρref‖ = 0.00022082091080240563 ‖Δρ‖ = 1.0230830654187791e-5  ‖vε - vref‖ = 0.9128954681677521  α = 0.000588
 276   -137.8451398576      -12.94       -4.48    14.4s
    ‖ρε - ρref‖ = 0.0002196701107519428 ‖Δρ‖ = 6.23104409198902e-6  ‖vε - vref‖ = 0.9128979760205099  α = 0.000768
 277   -137.8451398576      -12.10       -4.30    13.6s
    ‖ρε - ρref‖ = 0.00021972303829906296 ‖Δρ‖ = 7.704870839438632e-6  ‖vε - vref‖ = 0.9129042790115157  α = 0.000839
 278   -137.8451398576      -11.92       -4.56    13.0s
    ‖ρε - ρref‖ = 0.00022003751903869345 ‖Δρ‖ = 3.9612819219134865e-6  ‖vε - vref‖ = 0.9129154200177751  α = 0.00182
 279   -137.8451398576      -12.15       -4.45    14.1s
    ‖ρε - ρref‖ = 0.00021925740225860782 ‖Δρ‖ = 6.7477522530736355e-6  ‖vε - vref‖ = 0.912917681103114  α = 0.000739
 280   -137.8451398576      -12.77       -4.57    13.5s
    ‖ρε - ρref‖ = 0.00021949032791819068 ‖Δρ‖ = 3.927987629166426e-6  ‖vε - vref‖ = 0.9129170952420881  α = 0.00131
 281   -137.8451398576      -11.93       -4.81    12.8s
    ‖ρε - ρref‖ = 0.00021950074699649469 ‖Δρ‖ = 2.5367697204552957e-6  ‖vε - vref‖ = 0.9129126509276619  α = 0.00231
 282   -137.8451398576      -12.55       -4.37    13.6s
    ‖ρε - ρref‖ = 0.00021555020195100107 ‖Δρ‖ = 7.1820304167425745e-6  ‖vε - vref‖ = 0.9129065293963671  α = 0.000716
 283   -137.8451398577      -12.32       -4.05    13.2s
    ‖ρε - ρref‖ = 0.00022898503657359037 ‖Δρ‖ = 1.6430273751658403e-5  ‖vε - vref‖ = 0.912905444392998  α = 0.000253
 284   -137.8451398577      -13.55       -4.36    14.2s
    ‖ρε - ρref‖ = 0.00021597398716320705 ‖Δρ‖ = 8.538388017564616e-6  ‖vε - vref‖ = 0.9129042962525521  α = 0.000427
 285   -137.8451398577      -12.22       -3.99    13.5s
    ‖ρε - ρref‖ = 0.00021934966296310242 ‖Δρ‖ = 2.6242092198785604e-5  ‖vε - vref‖ = 0.912905112359793  α = 0.00018
 286   -137.8451398577      -12.34       -4.39    13.5s
    ‖ρε - ρref‖ = 0.00022146128463944583 ‖Δρ‖ = 7.2429382976360515e-6  ‖vε - vref‖ = 0.9129088284327244  α = 0.000666
 287   -137.8451398577      -12.32       -4.57    13.6s
    ‖ρε - ρref‖ = 0.0002197410785713359 ‖Δρ‖ = 4.812049620424256e-6  ‖vε - vref‖ = 0.9129118302170485  α = 0.00107
 288   -137.8451398577      -13.25       -4.28    13.1s
    ‖ρε - ρref‖ = 0.0002199277839958273 ‖Δρ‖ = 9.086750520887431e-6  ‖vε - vref‖ = 0.9129147945897527  α = 0.000521
 289   -137.8451398577      -12.07       -4.53    14.1s
    ‖ρε - ρref‖ = 0.00021988812450257037 ‖Δρ‖ = 4.711328458974585e-6  ‖vε - vref‖ = 0.912919529907185  α = 0.0012
 290   -137.8451398577      -12.15       -4.69    13.7s
    ‖ρε - ρref‖ = 0.00021937516872226547 ‖Δρ‖ = 3.5363214196320566e-6  ‖vε - vref‖ = 0.9129201700056282  α = 0.00154
 291   -137.8451398577      -12.37       -4.56    14.4s
    ‖ρε - ρref‖ = 0.00021986829020236256 ‖Δρ‖ = 4.972426922252353e-6  ‖vε - vref‖ = 0.9129207578218667  α = 0.001
 292   -137.8451398577      -12.37       -4.57    13.6s
    ‖ρε - ρref‖ = 0.00021932627059496914 ‖Δρ‖ = 4.055661984620471e-6  ‖vε - vref‖ = 0.9129189749741607  α = 0.00144
 293   -137.8451398577      -12.10       -4.68    13.6s
    ‖ρε - ρref‖ = 0.00021830500510330617 ‖Δρ‖ = 3.4643756423196103e-6  ‖vε - vref‖ = 0.9129158447184539  α = 0.00138
 294   -137.8451398577   +    -Inf       -4.29    13.7s
    ‖ρε - ρref‖ = 0.00022682896507043277 ‖Δρ‖ = 1.0885189772711094e-5  ‖vε - vref‖ = 0.912916445647552  α = 0.00026
 295   -137.8451398577      -12.64       -4.44    14.4s
    ‖ρε - ρref‖ = 0.00021654629253562511 ‖Δρ‖ = 6.982273622061028e-6  ‖vε - vref‖ = 0.9129156475064434  α = 0.000469
 296   -137.8451398577      -12.77       -4.38    13.9s
    ‖ρε - ρref‖ = 0.00022085782232377974 ‖Δρ‖ = 6.869400657722188e-6  ‖vε - vref‖ = 0.9129149773526506  α = 0.000532
 297   -137.8451398577      -12.55       -4.51    13.8s
    ‖ρε - ρref‖ = 0.00022011233923418435 ‖Δρ‖ = 6.011589886284207e-6  ‖vε - vref‖ = 0.912914382470984  α = 0.000542
 298   -137.8451398577      -12.55       -4.24    14.2s
    ‖ρε - ρref‖ = 0.00021761475685580511 ‖Δρ‖ = 1.1108049331483801e-5  ‖vε - vref‖ = 0.9129129498100049  α = 0.000305
 299   -137.8451398577      -12.85       -4.67    14.3s
    ‖ρε - ρref‖ = 0.0002197238314581365 ‖Δρ‖ = 3.6162011339812156e-6  ‖vε - vref‖ = 0.9129135087346119  α = 0.00111
 300   -137.8451398577      -12.22       -4.38    14.0s
    ‖ρε - ρref‖ = 0.00022029075933499356 ‖Δρ‖ = 7.454243928082365e-6  ‖vε - vref‖ = 0.9129143244934739  α = 0.000475
Trying again with Newton's method ...
n     Energy            log10(ΔE)   log10(Δρ)   Δtime 
---   ---------------   ---------   ---------   ------
  1   -137.8451398577                   -7.29    1210s
    ‖ρε - ρref‖ = 0.00021948024827040332 ‖Δρ‖ = 6.659387991714375e-9  ‖vε - vref‖ = 0.9129226477646036
  2   -137.8451398577      -11.49       -7.39    1196s
    ‖ρε - ρref‖ = 0.00021947983552739889 ‖Δρ‖ = 5.1976174976683045e-9  ‖vε - vref‖ = 0.9129154429634561

#-- ‖ρε - ρref‖ = 0.00021947983552739889 vs. 3.1622776601683797e-7 = δ*ε ‖vε - vref‖ = 0.9129154429634561


# --- ε=1.778279410038923e-5

n     Energy            log10(ΔE)   log10(Δρ)   Δtime 
---   ---------------   ---------   ---------   ------
  1   -137.8446227484                    0.58    17.0s
    ‖ρε - ρref‖ = 1.3071713292432359 ‖Δρ‖ = 1.3070936342651776  ‖vε - vref‖ = 3.6545126727342554  α = 9.45e-5
  2   -137.8446393224       -4.78       -0.38    11.2s
    ‖ρε - ρref‖ = 0.09566075700744778 ‖Δρ‖ = 0.09563470530626192  ‖vε - vref‖ = 3.4351460180305358  α = 0.000229
  3   -137.8446437790       -5.35       -0.33    12.0s
    ‖ρε - ρref‖ = 0.11156566386849008 ‖Δρ‖ = 0.1115522223695798  ‖vε - vref‖ = 3.3893451723795027  α = 0.000106
  4   -137.8446529333       -5.04       -0.84    11.8s
    ‖ρε - ρref‖ = 0.027260511909639188 ‖Δρ‖ = 0.0272279144058202  ‖vε - vref‖ = 3.1860570161733555  α = 0.00061
  5   -137.8446552566       -5.63       -0.91    12.1s
    ‖ρε - ρref‖ = 0.027619052919434853 ‖Δρ‖ = 0.027604348832514673  ‖vε - vref‖ = 3.117377101532591  α = 0.000284
  6   -137.8446558907       -6.20       -1.01    13.1s
    ‖ρε - ρref‖ = 0.018409847140487053 ‖Δρ‖ = 0.018408520659689894  ‖vε - vref‖ = 3.118753324052835  α = 0.000244
  7   -137.8446565740       -6.17       -1.11    13.9s
    ‖ρε - ρref‖ = 0.012736751726715102 ‖Δρ‖ = 0.012736221162011981  ‖vε - vref‖ = 3.128736725154683  α = 0.000362
  8   -137.8446567817       -6.68       -1.43    12.4s
    ‖ρε - ρref‖ = 0.007725566979890111 ‖Δρ‖ = 0.007720232032760934  ‖vε - vref‖ = 3.1229040824015586  α = 0.000331
  9   -137.8446570906       -6.51       -1.45    13.8s
    ‖ρε - ρref‖ = 0.007273896568324411 ‖Δρ‖ = 0.007266136892514831  ‖vε - vref‖ = 3.10909004465399  α = 0.000427
 10   -137.8446579692       -6.06       -1.68    14.4s
    ‖ρε - ρref‖ = 0.003217237551998171 ‖Δρ‖ = 0.0032149584187379354  ‖vε - vref‖ = 3.0911719268834768  α = 0.00164
 11   -137.8446588341       -6.06       -1.84    12.7s
    ‖ρε - ρref‖ = 0.00206856048915604 ‖Δρ‖ = 0.0020740859746752583  ‖vε - vref‖ = 3.0897630650734316  α = 0.00251
 12   -137.8447194499       -4.22        0.23    13.3s
    ‖ρε - ρref‖ = 0.49488466746503335 ‖Δρ‖ = 0.49499092043662896  ‖vε - vref‖ = 0.9094669950981411  α = 5.65e-5
 13   -137.8447195509       -7.00       -1.91    13.1s
    ‖ρε - ρref‖ = 0.0016167632309109711 ‖Δρ‖ = 0.0016018068274501953  ‖vε - vref‖ = 0.9041172704799866  α = 0.00111
 14   -137.8447195962       -7.34       -2.18    13.5s
    ‖ρε - ρref‖ = 0.0010433033399901656 ‖Δρ‖ = 0.0010349407073661034  ‖vε - vref‖ = 0.9032662958812427  α = 0.00115
 15   -137.8447196112       -7.82       -1.58    13.5s
    ‖ρε - ρref‖ = 0.00601450324800767 ‖Δρ‖ = 0.006007250386748678  ‖vε - vref‖ = 0.9029135841378202  α = 0.00011
 16   -137.8447196500       -7.41       -1.94    13.3s
    ‖ρε - ρref‖ = 0.0017634522838490183 ‖Δρ‖ = 0.0017606304457071064  ‖vε - vref‖ = 0.9052694905583494  α = 0.000621
 17   -137.8447196763       -7.58       -2.02    13.6s
    ‖ρε - ρref‖ = 0.001732179097351954 ‖Δρ‖ = 0.0017325895219234813  ‖vε - vref‖ = 0.9058248035575939  α = 0.000497
 18   -137.8447197029       -7.57       -1.79    13.6s
    ‖ρε - ρref‖ = 0.0026734572063793105 ‖Δρ‖ = 0.0026683914500015187  ‖vε - vref‖ = 0.906145086864691  α = 0.000345
 19   -137.8447197245       -7.67       -1.83    13.7s
    ‖ρε - ρref‖ = 0.002637316040861595 ‖Δρ‖ = 0.002629473771059554  ‖vε - vref‖ = 0.9071830532065036  α = 0.000301
 20   -137.8447197433       -7.73       -2.12    14.2s
    ‖ρε - ρref‖ = 0.0012637469494532938 ‖Δρ‖ = 0.0012600531213738675  ‖vε - vref‖ = 0.9087149899515355  α = 0.00062
 21   -137.8447197656       -7.65       -1.78    13.9s
    ‖ρε - ρref‖ = 0.002649137990614423 ‖Δρ‖ = 0.0026497473230563677  ‖vε - vref‖ = 0.9099809555231492  α = 0.000314
 22   -137.8447198028       -7.43       -2.28    14.7s
    ‖ρε - ρref‖ = 0.0007673049077180655 ‖Δρ‖ = 0.0007628010496105297  ‖vε - vref‖ = 0.911755201110919  α = 0.0014
 23   -137.8447205730       -6.11       -0.63    14.9s
    ‖ρε - ρref‖ = 0.07339206482443827 ‖Δρ‖ = 0.07350545003679809  ‖vε - vref‖ = 0.845173947550215  α = 6.24e-5
 24   -137.8447205894       -7.79       -2.27    13.4s
    ‖ρε - ρref‖ = 0.001017939587109761 ‖Δρ‖ = 0.001013200333275736  ‖vε - vref‖ = 0.8460838721415593  α = 0.000665
 25   -137.8447206008       -7.94       -2.41    14.5s
    ‖ρε - ρref‖ = 0.0007119262745857919 ‖Δρ‖ = 0.0006881938465296185  ‖vε - vref‖ = 0.8480200459303053  α = 0.000843
 26   -137.8447206198       -7.72       -2.32    14.1s
    ‖ρε - ρref‖ = 0.0008251012899434056 ‖Δρ‖ = 0.0008165326075997734  ‖vε - vref‖ = 0.8492798301146316  α = 0.000915
 27   -137.8447206333       -7.87       -1.52    14.3s
    ‖ρε - ρref‖ = 0.005354393597398682 ‖Δρ‖ = 0.005358163490394522  ‖vε - vref‖ = 0.8497190184451603  α = 0.000117
 28   -137.8447206488       -7.81       -2.30    14.5s
    ‖ρε - ρref‖ = 0.0007972312706651714 ‖Δρ‖ = 0.000789896240347683  ‖vε - vref‖ = 0.8504354606586508  α = 0.00087
 29   -137.8447206579       -8.04       -2.21    13.1s
    ‖ρε - ρref‖ = 0.001150922893303702 ‖Δρ‖ = 0.00113778027295803  ‖vε - vref‖ = 0.8509501865263078  α = 0.000468
 30   -137.8447206759       -7.74       -1.98    14.6s
    ‖ρε - ρref‖ = 0.001760330267395843 ‖Δρ‖ = 0.0017496330614979207  ‖vε - vref‖ = 0.8519807489853277  α = 0.000426
 31   -137.8447206905       -7.84       -2.06    14.3s
    ‖ρε - ρref‖ = 0.0014976628030352213 ‖Δρ‖ = 0.0014981981592745133  ‖vε - vref‖ = 0.8525597845346075  α = 0.000422
 32   -137.8447207054       -7.83       -2.01    13.7s
    ‖ρε - ρref‖ = 0.0016058810994952657 ‖Δρ‖ = 0.0016067262442558288  ‖vε - vref‖ = 0.8531876411738787  α = 0.000423
 33   -137.8447207179       -7.91       -2.02    14.0s
    ‖ρε - ρref‖ = 0.0018004751258004356 ‖Δρ‖ = 0.0017962871757120627  ‖vε - vref‖ = 0.8537899630075974  α = 0.000321
 34   -137.8447207275       -8.01       -2.29    15.3s
    ‖ρε - ρref‖ = 0.0010025458909683346 ‖Δρ‖ = 0.0010899563740714411  ‖vε - vref‖ = 0.8537158084785204  α = 0.00047
 35   -137.8447207474       -7.70       -1.70    14.0s
    ‖ρε - ρref‖ = 0.003599020124506678 ‖Δρ‖ = 0.003520476699515859  ‖vε - vref‖ = 0.8547650732076231  α = 0.000219
 36   -137.8447207696       -7.65       -2.27    14.6s
    ‖ρε - ρref‖ = 0.0008638655973104123 ‖Δρ‖ = 0.0008515037208294689  ‖vε - vref‖ = 0.854965835113098  α = 0.000939
 37   -137.8447207861       -7.78       -2.31    14.6s
    ‖ρε - ρref‖ = 0.0008809226951449658 ‖Δρ‖ = 0.0008805870436716606  ‖vε - vref‖ = 0.8546028491339759  α = 0.000775
 38   -137.8447207907       -8.34       -1.92    14.1s
    ‖ρε - ρref‖ = 0.003031776475316443 ‖Δρ‖ = 0.0030328618460076996  ‖vε - vref‖ = 0.8544124949507848  α = 0.000119
 39   -137.8447208005       -8.01       -2.14    14.6s
    ‖ρε - ρref‖ = 0.001309625384834238 ‖Δρ‖ = 0.0012912548190453974  ‖vε - vref‖ = 0.8543168264122484  α = 0.000418
 40   -137.8447208158       -7.82       -2.46    14.4s
    ‖ρε - ρref‖ = 0.0005245167675212508 ‖Δρ‖ = 0.0005139963581206702  ‖vε - vref‖ = 0.8536892155895861  α = 0.00127
 41   -137.8447208217       -8.23       -2.00    13.8s
    ‖ρε - ρref‖ = 0.001825099393066542 ‖Δρ‖ = 0.0018266102414620817  ‖vε - vref‖ = 0.8534570208942048  α = 0.000236
 42   -137.8447208314       -8.01       -2.16    13.9s
    ‖ρε - ρref‖ = 0.0010840375189894596 ‖Δρ‖ = 0.0010802153131485243  ‖vε - vref‖ = 0.8532389245770897  α = 0.000501
 43   -137.8447208358       -8.35       -2.25    14.5s
    ‖ρε - ρref‖ = 0.001063046151312632 ‖Δρ‖ = 0.0010491139392812714  ‖vε - vref‖ = 0.853299172948029  α = 0.000349
 44   -137.8447208419       -8.22       -2.26    13.7s
    ‖ρε - ρref‖ = 0.000950068540704623 ‖Δρ‖ = 0.000933225566066415  ‖vε - vref‖ = 0.8535082525694141  α = 0.000462
 45   -137.8447208477       -8.23       -2.24    14.0s
    ‖ρε - ρref‖ = 0.0009769418053530352 ‖Δρ‖ = 0.0009732493840302721  ‖vε - vref‖ = 0.853448713715607  α = 0.000412
 46   -137.8447208515       -8.43       -2.42    13.5s
    ‖ρε - ρref‖ = 0.000666915286349228 ‖Δρ‖ = 0.0005943864659881165  ‖vε - vref‖ = 0.8536262048147212  α = 0.000569
 47   -137.8447208529       -8.84       -2.02    14.2s
    ‖ρε - ρref‖ = 0.0019108311161486983 ‖Δρ‖ = 0.0020012628159049944  ‖vε - vref‖ = 0.8535311230011451  α = 0.000104
 48   -137.8447208562       -8.49       -2.60    14.5s
    ‖ρε - ρref‖ = 0.00038697745962300886 ‖Δρ‖ = 0.000359711876293835  ‖vε - vref‖ = 0.8536230354165514  α = 0.000897
 49   -137.8447208601       -8.40       -2.83    13.4s
    ‖ρε - ρref‖ = 0.00024173805050607789 ‖Δρ‖ = 0.0002159352926804353  ‖vε - vref‖ = 0.8538299111985899  α = 0.00161
 50   -137.8447208609       -9.13       -2.47    14.8s
    ‖ρε - ρref‖ = 0.0008919077791429474 ‖Δρ‖ = 0.0008790316232202541  ‖vε - vref‖ = 0.8538886062468082  α = 0.000164
 51   -137.8447208632       -8.63       -2.42    13.2s
    ‖ρε - ρref‖ = 0.000644828159967383 ‖Δρ‖ = 0.000628396595847473  ‖vε - vref‖ = 0.8540863947251285  α = 0.000406
 52   -137.8447208662       -8.52       -2.86    13.9s
    ‖ρε - ρref‖ = 0.00025167223233965217 ‖Δρ‖ = 0.00021108992419891187  ‖vε - vref‖ = 0.8544416627634939  α = 0.00138
 53   -137.8447208679       -8.78       -2.46    13.4s
    ‖ρε - ρref‖ = 0.000625909821600313 ‖Δρ‖ = 0.0006205903192783233  ‖vε - vref‖ = 0.8545461027512172  α = 0.000367
 54   -137.8447208686       -9.12       -2.39    14.8s
    ‖ρε - ρref‖ = 0.0007542476709411179 ‖Δρ‖ = 0.0007513677169124105  ‖vε - vref‖ = 0.8545869959885467  α = 0.000208
 55   -137.8447208703       -8.77       -2.85    14.0s
    ‖ρε - ρref‖ = 0.0002538272557340587 ‖Δρ‖ = 0.00021279580819870208  ‖vε - vref‖ = 0.8547527614696119  α = 0.00107
 56   -137.8447208712       -9.06       -2.53    14.1s
    ‖ρε - ρref‖ = 0.0005775717209355792 ‖Δρ‖ = 0.0005555561128075708  ‖vε - vref‖ = 0.8548482561060817  α = 0.000299
 57   -137.8447208727       -8.82       -2.72    14.5s
    ‖ρε - ρref‖ = 0.00037476717178632716 ‖Δρ‖ = 0.0003496663696681141  ‖vε - vref‖ = 0.8550212416522237  α = 0.000584
 58   -137.8447208742       -8.82       -2.60    15.1s
    ‖ρε - ρref‖ = 0.0004342775166438524 ‖Δρ‖ = 0.00042637855503616773  ‖vε - vref‖ = 0.8550942948915156  α = 0.000462
 59   -137.8447208752       -9.00       -2.84    14.1s
    ‖ρε - ρref‖ = 0.0002888785582374094 ‖Δρ‖ = 0.0002467993021621176  ‖vε - vref‖ = 0.8552390563798328  α = 0.000714
 60   -137.8447208767       -8.83       -3.01    13.2s
    ‖ρε - ρref‖ = 0.00012140177964867576 ‖Δρ‖ = 0.00018591397648044713  ‖vε - vref‖ = 0.8552585872845271  α = 0.0011
 61   -137.8447208786       -8.71       -2.03    14.4s
    ‖ρε - ρref‖ = 0.0015969622099626423 ‖Δρ‖ = 0.0015276299676718111  ‖vε - vref‖ = 0.8554913316597391  α = 0.000156
 62   -137.8447208796       -9.01       -2.75    13.9s
    ‖ρε - ρref‖ = 0.0003105444539031887 ‖Δρ‖ = 0.00027870982660801975  ‖vε - vref‖ = 0.8556651540812548  α = 0.000618
 63   -137.8447208803       -9.15       -2.21    13.4s
    ‖ρε - ρref‖ = 0.0011708084790325736 ‖Δρ‖ = 0.001170180644331341  ‖vε - vref‖ = 0.8557720298789345  α = 0.000124
 64   -137.8447208820       -8.79       -2.85    13.8s
    ‖ρε - ρref‖ = 0.0002476439248267257 ‖Δρ‖ = 0.00020094934231670828  ‖vε - vref‖ = 0.856206537739374  α = 0.0011
 65   -137.8447208833       -8.88       -2.84    15.0s
    ‖ρε - ρref‖ = 0.00023420140648289752 ‖Δρ‖ = 0.00019768053170189688  ‖vε - vref‖ = 0.8565785432448989  α = 0.00101
 66   -137.8447208842       -9.03       -2.94    15.4s
    ‖ρε - ρref‖ = 0.00021944101718309088 ‖Δρ‖ = 0.00019349970813014304  ‖vε - vref‖ = 0.8567432134981775  α = 0.000853
 67   -137.8447208856       -8.86       -2.83    14.5s
    ‖ρε - ρref‖ = 0.00028229031087750964 ‖Δρ‖ = 0.000249179020701823  ‖vε - vref‖ = 0.8569975828572866  α = 0.000798
 68   -137.8447208864       -9.10       -2.46    14.1s
    ‖ρε - ρref‖ = 0.0006536695193440817 ‖Δρ‖ = 0.0006372597040427286  ‖vε - vref‖ = 0.8571269970297162  α = 0.000248
 69   -137.8447208873       -9.04       -2.66    14.4s
    ‖ρε - ρref‖ = 0.0003665517271925821 ‖Δρ‖ = 0.0003447015282599873  ‖vε - vref‖ = 0.8572150451373071  α = 0.000466
 70   -137.8447208878       -9.31       -2.61    13.6s
    ‖ρε - ρref‖ = 0.0004275261062602284 ‖Δρ‖ = 0.0004179031670274468  ‖vε - vref‖ = 0.8572349051743345  α = 0.000299
 71   -137.8447208885       -9.15       -2.81    13.7s
    ‖ρε - ρref‖ = 0.0003100552853382519 ‖Δρ‖ = 0.00028502059799186136  ‖vε - vref‖ = 0.8572998988510145  α = 0.000493
 72   -137.8447208893       -9.10       -2.73    13.4s
    ‖ρε - ρref‖ = 0.0003372643966609028 ‖Δρ‖ = 0.0003234730775876295  ‖vε - vref‖ = 0.8574302810252706  α = 0.000474
 73   -137.8447208895       -9.60       -2.87    13.9s
    ‖ρε - ρref‖ = 0.00045734670646089117 ‖Δρ‖ = 0.0003496584044454803  ‖vε - vref‖ = 0.857532675526547  α = 0.000245
 74   -137.8447208907       -8.93       -2.54    14.5s
    ‖ρε - ρref‖ = 0.00037019253668479126 ‖Δρ‖ = 0.00039500942435462206  ‖vε - vref‖ = 0.8577259278661744  α = 0.000472
 75   -137.8447208912       -9.36       -2.84    13.9s
    ‖ρε - ρref‖ = 0.0002980637869619744 ‖Δρ‖ = 0.00028413094380211616  ‖vε - vref‖ = 0.8578295111938995  α = 0.000401
 76   -137.8447208919       -9.13       -2.30    13.8s
    ‖ρε - ρref‖ = 0.0007950698215120565 ‖Δρ‖ = 0.0007631821242184355  ‖vε - vref‖ = 0.8580597159459266  α = 0.000198
 77   -137.8447208925       -9.19       -2.94    14.7s
    ‖ρε - ρref‖ = 0.0002101070994953643 ‖Δρ‖ = 0.00016628200277992545  ‖vε - vref‖ = 0.8582456815738427  α = 0.000855
 78   -137.8447208932       -9.19       -3.20    15.4s
    ‖ρε - ρref‖ = 0.00016427006282381155 ‖Δρ‖ = 9.872758270433234e-5  ‖vε - vref‖ = 0.8585015167724398  α = 0.00143
 79   -137.8447208937       -9.27       -3.04    14.3s
    ‖ρε - ρref‖ = 0.00017818438927709291 ‖Δρ‖ = 0.00013867565611635173  ‖vε - vref‖ = 0.8587057219413934  α = 0.000944
 80   -137.8447208941       -9.42       -3.18    13.7s
    ‖ρε - ρref‖ = 0.00017835210506237674 ‖Δρ‖ = 0.00012811987514228226  ‖vε - vref‖ = 0.8588864872053644  α = 0.000798
 81   -137.8447208945       -9.42       -2.76    13.8s
    ‖ρε - ρref‖ = 0.00034426334025761313 ‖Δρ‖ = 0.00031907146585527914  ‖vε - vref‖ = 0.8590474102796641  α = 0.000345
 82   -137.8447208951       -9.19       -2.78    15.1s
    ‖ρε - ρref‖ = 0.0003196093688256649 ‖Δρ‖ = 0.00029807173458509025  ‖vε - vref‖ = 0.8592721562647748  α = 0.00044
 83   -137.8447208955       -9.47       -2.92    14.0s
    ‖ρε - ρref‖ = 0.00025725754785722 ‖Δρ‖ = 0.0002129006924271158  ‖vε - vref‖ = 0.8593917467842862  α = 0.00046
 84   -137.8447208957       -9.59       -2.75    14.6s
    ‖ρε - ρref‖ = 0.00030322794858693154 ‖Δρ‖ = 0.0003031982962175288  ‖vε - vref‖ = 0.8594673896229565  α = 0.000302
 85   -137.8447208959       -9.71       -2.93    13.3s
    ‖ρε - ρref‖ = 0.00036460399961184975 ‖Δρ‖ = 0.00026450581311935326  ‖vε - vref‖ = 0.8595629607549206  α = 0.000272
 86   -137.8447208962       -9.57       -2.67    14.3s
    ‖ρε - ρref‖ = 0.00038233095878325896 ‖Δρ‖ = 0.00043345782283523966  ‖vε - vref‖ = 0.8596072472375497  α = 0.000202
 87   -137.8447208965       -9.53       -2.89    13.1s
    ‖ρε - ρref‖ = 0.00024073021675669292 ‖Δρ‖ = 0.00022545368903248626  ‖vε - vref‖ = 0.8596605912053756  α = 0.000398
 88   -137.8447208966       -9.98       -2.77    13.7s
    ‖ρε - ρref‖ = 0.0004341568862528953 ‖Δρ‖ = 0.000392155489849128  ‖vε - vref‖ = 0.8597063341685002  α = 0.000145
 89   -137.8447208971       -9.32       -2.95    14.0s
    ‖ρε - ρref‖ = 0.00021644238627616417 ‖Δρ‖ = 0.0001692981522830207  ‖vε - vref‖ = 0.8599279209636572  α = 0.000712
 90   -137.8447208975       -9.40       -3.23    15.3s
    ‖ρε - ρref‖ = 0.00015184358503644193 ‖Δρ‖ = 8.877472941583306e-5  ‖vε - vref‖ = 0.8601250692089972  α = 0.00124
 91   -137.8447208979       -9.34       -3.15    14.7s
    ‖ρε - ρref‖ = 0.00016537047910152966 ‖Δρ‖ = 9.971058732445989e-5  ‖vε - vref‖ = 0.8603691714697101  α = 0.00118
 92   -137.8447208984       -9.37       -3.22    13.9s
    ‖ρε - ρref‖ = 0.00014716277314190163 ‖Δρ‖ = 8.315748792135068e-5  ‖vε - vref‖ = 0.8604929500196816  α = 0.00137
 93   -137.8447208985       -9.83       -3.27    14.6s
    ‖ρε - ρref‖ = 0.00016105717690018776 ‖Δρ‖ = 9.992288447663064e-5  ‖vε - vref‖ = 0.8605183137901783  α = 0.000689
 94   -137.8447208987       -9.81       -2.80    15.1s
    ‖ρε - ρref‖ = 0.00029018410185574907 ‖Δρ‖ = 0.00026652320440871804  ‖vε - vref‖ = 0.8605339919714589  α = 0.000268
 95   -137.8447208989       -9.64       -3.11    14.0s
    ‖ρε - ρref‖ = 0.00017279428998400592 ‖Δρ‖ = 0.0001229077697848737  ‖vε - vref‖ = 0.8605464866646543  α = 0.000685
 96   -137.8447208991       -9.83       -3.09    13.0s
    ‖ρε - ρref‖ = 0.00014810914559687822 ‖Δρ‖ = 0.00015338734629569522  ‖vε - vref‖ = 0.8605650376497023  α = 0.000445
 97   -137.8447208992       -9.84       -2.78    13.5s
    ‖ρε - ρref‖ = 0.00044874012592975294 ‖Δρ‖ = 0.00035114601525060253  ‖vε - vref‖ = 0.8606438552254786  α = 0.000179
 98   -137.8447208993       -9.87       -2.76    13.2s
    ‖ρε - ρref‖ = 0.0002947437675901564 ‖Δρ‖ = 0.00030374462348842495  ‖vε - vref‖ = 0.8606770764160493  α = 0.000213
 99   -137.8447208995       -9.84       -2.99    13.8s
    ‖ρε - ρref‖ = 0.0002097973768297187 ‖Δρ‖ = 0.00017599399737254682  ‖vε - vref‖ = 0.8607183275598959  α = 0.00038
 100   -137.8447208995      -10.21       -2.87    13.9s
    ‖ρε - ρref‖ = 0.00037327476946565985 ‖Δρ‖ = 0.00032278631527826984  ‖vε - vref‖ = 0.8607488483164599  α = 0.000132
 101   -137.8447208997       -9.73       -3.15    14.5s
    ‖ρε - ρref‖ = 0.00016821423000633413 ‖Δρ‖ = 0.00011600496312100906  ‖vε - vref‖ = 0.8608074958811336  α = 0.000627
 102   -137.8447208998      -10.04       -3.27    14.6s
    ‖ρε - ρref‖ = 0.00017436616002226455 ‖Δρ‖ = 0.0001070825802917262  ‖vε - vref‖ = 0.8608405916833595  α = 0.000438
 103   -137.8447209000       -9.85       -3.37    14.6s
    ‖ρε - ρref‖ = 0.00013655006721847635 ‖Δρ‖ = 6.54854429819237e-5  ‖vε - vref‖ = 0.8608313234438661  α = 0.00101
 104   -137.8447209002       -9.60       -3.38    14.5s
    ‖ρε - ρref‖ = 0.00013764901122656056 ‖Δρ‖ = 5.9349401819248946e-5  ‖vε - vref‖ = 0.8608241849447417  α = 0.00146
 105   -137.8447209004       -9.66       -3.40    14.2s
    ‖ρε - ρref‖ = 0.0001321560165903426 ‖Δρ‖ = 5.74196923216759e-5  ‖vε - vref‖ = 0.8608131508001613  α = 0.00139
 106   -137.8447209006       -9.88       -3.40    13.9s
    ‖ρε - ρref‖ = 0.00013847296030084267 ‖Δρ‖ = 5.8790752135603004e-5  ‖vε - vref‖ = 0.8608368638502314  α = 0.00108
 107   -137.8447209006      -10.15       -2.99    14.9s
    ‖ρε - ρref‖ = 0.0002314380868939459 ‖Δρ‖ = 0.00018331087629558864  ‖vε - vref‖ = 0.8608510206454789  α = 0.000262
 108   -137.8447209008       -9.80       -3.13    14.3s
    ‖ρε - ρref‖ = 0.00014824906345782223 ‖Δρ‖ = 0.00012236489346338552  ‖vε - vref‖ = 0.8608578877935814  α = 0.000554
 109   -137.8447209008      -10.54       -3.07    14.5s
    ‖ρε - ρref‖ = 0.0003416442946013758 ‖Δρ‖ = 0.0002298920514298885  ‖vε - vref‖ = 0.8608817876117794  α = 0.000126
 110   -137.8447209009       -9.89       -3.21    14.1s
    ‖ρε - ρref‖ = 0.00015446562123598042 ‖Δρ‖ = 9.316267874990425e-5  ‖vε - vref‖ = 0.860925434761176  α = 0.000682
 111   -137.8447209010      -10.19       -3.04    14.5s
    ‖ρε - ρref‖ = 0.00019609569375550256 ‖Δρ‖ = 0.00017602685012026937  ‖vε - vref‖ = 0.8609292935480446  α = 0.000253
 112   -137.8447209011      -10.05       -2.90    14.2s
    ‖ρε - ρref‖ = 0.00029256980744012123 ‖Δρ‖ = 0.00024680011922952516  ‖vε - vref‖ = 0.8609472428597088  α = 0.000203
 113   -137.8447209012      -10.08       -3.15    14.7s
    ‖ρε - ρref‖ = 0.0001663398059620021 ‖Δρ‖ = 0.0001277552029549461  ‖vε - vref‖ = 0.8609466054433015  α = 0.000397
 114   -137.8447209013       -9.80       -3.09    14.2s
    ‖ρε - ρref‖ = 0.00017290039465656914 ‖Δρ‖ = 0.00013006989670075517  ‖vε - vref‖ = 0.8609588746615017  α = 0.000506
 115   -137.8447209015       -9.91       -3.24    15.0s
    ‖ρε - ρref‖ = 0.00015940256371662514 ‖Δρ‖ = 9.39214663557912e-5  ‖vε - vref‖ = 0.8609721040108312  α = 0.000608
 116   -137.8447209015      -10.19       -3.36    14.0s
    ‖ρε - ρref‖ = 0.00014992381865803995 ‖Δρ‖ = 8.814095771300896e-5  ‖vε - vref‖ = 0.8609704767766969  α = 0.000444
 117   -137.8447209017       -9.89       -3.54    13.6s
    ‖ρε - ρref‖ = 0.00013544350436913745 ‖Δρ‖ = 4.279065318489035e-5  ‖vε - vref‖ = 0.8610156072423676  α = 0.00147
 118   -137.8447209018       -9.82       -3.32    14.2s
    ‖ρε - ρref‖ = 0.00013887765060182437 ‖Δρ‖ = 6.876011870414211e-5  ‖vε - vref‖ = 0.8610549847543448  α = 0.000963
 119   -137.8447209019       -9.99       -3.54    13.9s
    ‖ρε - ρref‖ = 0.00013358175469644026 ‖Δρ‖ = 4.350764721913546e-5  ‖vε - vref‖ = 0.8610852245988561  α = 0.00128
 120   -137.8447209019      -10.47       -3.31    14.4s
    ‖ρε - ρref‖ = 0.00011874841187689596 ‖Δρ‖ = 9.580771612727941e-5  ‖vε - vref‖ = 0.861077614977237  α = 0.000343
 121   -137.8447209020      -10.17       -3.04    15.3s
    ‖ρε - ρref‖ = 0.00023861772728128277 ‖Δρ‖ = 0.00014888798060661338  ‖vε - vref‖ = 0.8610940638291478  α = 0.000304
 122   -137.8447209021      -10.39       -2.83    14.0s
    ‖ρε - ρref‖ = 0.0002320552896165962 ‖Δρ‖ = 0.00026230623858477376  ‖vε - vref‖ = 0.8610821365686607  α = 0.000135
 123   -137.8447209021      -10.21       -3.39    13.7s
    ‖ρε - ρref‖ = 0.00013669785182838747 ‖Δρ‖ = 6.241182624496063e-5  ‖vε - vref‖ = 0.8610813452452764  α = 0.000694
 124   -137.8447209021      -10.62       -2.97    14.2s
    ‖ρε - ρref‖ = 0.0002997385520925648 ‖Δρ‖ = 0.00023492664499462007  ‖vε - vref‖ = 0.861089404492072  α = 0.000114
 125   -137.8447209022      -10.02       -3.46    14.5s
    ‖ρε - ρref‖ = 0.0001279209576342345 ‖Δρ‖ = 4.862403788720478e-5  ‖vε - vref‖ = 0.8610761654250876  α = 0.00109
 126   -137.8447209023      -10.37       -3.36    14.5s
    ‖ρε - ρref‖ = 0.00015124207365594316 ‖Δρ‖ = 8.317119979130399e-5  ‖vε - vref‖ = 0.861086048134894  α = 0.000426
 127   -137.8447209023      -10.50       -3.28    14.6s
    ‖ρε - ρref‖ = 0.00015857823148158971 ‖Δρ‖ = 9.359648364810563e-5  ‖vε - vref‖ = 0.8610956223704496  α = 0.000336
 128   -137.8447209024      -10.31       -3.36    13.9s
    ‖ρε - ρref‖ = 0.00013896307959743311 ‖Δρ‖ = 6.636519136055976e-5  ‖vε - vref‖ = 0.8611018797775214  α = 0.000576
 129   -137.8447209024      -10.47       -3.59    14.9s
    ‖ρε - ρref‖ = 0.0001285507293299233 ‖Δρ‖ = 4.2581020360386734e-5  ‖vε - vref‖ = 0.8611000970184232  α = 0.00074
 130   -137.8447209024      -10.36       -3.49    14.8s
    ‖ρε - ρref‖ = 0.00014039582699894464 ‖Δρ‖ = 5.206485498648756e-5  ‖vε - vref‖ = 0.861113836545505  α = 0.000655
 131   -137.8447209025      -10.32       -3.57    12.7s
    ‖ρε - ρref‖ = 0.00013211107506142327 ‖Δρ‖ = 4.263592475188377e-5  ‖vε - vref‖ = 0.8611130498454346  α = 0.000859
 132   -137.8447209025      -10.34       -3.65    13.8s
    ‖ρε - ρref‖ = 0.0001220801456572885 ‖Δρ‖ = 3.424422360998316e-5  ‖vε - vref‖ = 0.8610991408984082  α = 0.00111
 133   -137.8447209025      -11.07       -3.54    13.0s
    ‖ρε - ρref‖ = 0.00018602889529003802 ‖Δρ‖ = 7.309127644323288e-5  ‖vε - vref‖ = 0.8611046370780857  α = 0.00021
 134   -137.8447209026      -10.42       -3.33    14.3s
    ‖ρε - ρref‖ = 0.00012213999358920617 ‖Δρ‖ = 6.813110415930191e-5  ‖vε - vref‖ = 0.8610824504854196  α = 0.000507
 135   -137.8447209026      -10.62       -3.26    15.1s
    ‖ρε - ρref‖ = 0.00015153449241463992 ‖Δρ‖ = 9.813820717640899e-5  ‖vε - vref‖ = 0.8610717469719242  α = 0.000279
 136   -137.8447209026      -10.33       -3.14    14.5s
    ‖ρε - ρref‖ = 0.00018807649145540116 ‖Δρ‖ = 0.0001116575999317583  ‖vε - vref‖ = 0.8610673709903637  α = 0.000334
 137   -137.8447209027      -10.55       -2.90    14.6s
    ‖ρε - ρref‖ = 0.00022934949779842374 ‖Δρ‖ = 0.0002204508265624587  ‖vε - vref‖ = 0.8610535525878935  α = 0.000134
 138   -137.8447209027      -10.40       -3.66    13.4s
    ‖ρε - ρref‖ = 0.00012643992770313 ‖Δρ‖ = 3.189814696602913e-5  ‖vε - vref‖ = 0.8610453763718703  α = 0.0011
 139   -137.8447209027      -10.46       -3.69    12.8s
    ‖ρε - ρref‖ = 0.00013053281332437033 ‖Δρ‖ = 3.2513503617156657e-5  ‖vε - vref‖ = 0.8610533426157949  α = 0.000979
 140   -137.8447209028      -10.51       -3.65    13.4s
    ‖ρε - ρref‖ = 0.00012879865637459978 ‖Δρ‖ = 3.826281720786446e-5  ‖vε - vref‖ = 0.8610454700609472  α = 0.00079
 141   -137.8447209028      -10.59       -3.29    15.1s
    ‖ρε - ρref‖ = 0.0001520120195113836 ‖Δρ‖ = 8.832516764127915e-5  ‖vε - vref‖ = 0.8610366055801261  α = 0.000325
 142   -137.8447209028      -10.66       -3.47    15.3s
    ‖ρε - ρref‖ = 0.00014189961217932773 ‖Δρ‖ = 6.498342059728717e-5  ‖vε - vref‖ = 0.8610311326920175  α = 0.000385
 143   -137.8447209029      -10.49       -3.75    13.5s
    ‖ρε - ρref‖ = 0.00012990721284761555 ‖Δρ‖ = 2.837040998111112e-5  ‖vε - vref‖ = 0.861014348872912  α = 0.00107
 144   -137.8447209029      -10.53       -3.51    14.9s
    ‖ρε - ρref‖ = 0.00012757911248971335 ‖Δρ‖ = 5.4104837294565e-5  ‖vε - vref‖ = 0.8609775330310935  α = 0.000494
 145   -137.8447209029      -10.45       -3.70    13.9s
    ‖ρε - ρref‖ = 0.00013407987874149076 ‖Δρ‖ = 2.9546049157112993e-5  ‖vε - vref‖ = 0.8609397282571312  α = 0.00108
 146   -137.8447209029      -11.06       -3.15    14.3s
    ‖ρε - ρref‖ = 0.0001057827355795138 ‖Δρ‖ = 0.0001689189937916128  ‖vε - vref‖ = 0.8609203316262669  α = 9.48e-5
 147   -137.8447209030      -10.59       -3.73    14.0s
    ‖ρε - ρref‖ = 0.0001293459912569357 ‖Δρ‖ = 3.0386274937599156e-5  ‖vε - vref‖ = 0.8608879129963032  α = 0.000903
 148   -137.8447209030      -11.22       -3.41    13.5s
    ‖ρε - ρref‖ = 0.00018146397901300793 ‖Δρ‖ = 9.360091825864978e-5  ‖vε - vref‖ = 0.8608852578253186  α = 0.000141
 149   -137.8447209030      -10.69       -3.52    14.0s
    ‖ρε - ρref‖ = 0.00012635508736793041 ‖Δρ‖ = 4.5534895433302865e-5  ‖vε - vref‖ = 0.8608583523024552  α = 0.000551
 150   -137.8447209030      -11.04       -3.35    14.0s
    ‖ρε - ρref‖ = 0.00014919723111049402 ‖Δρ‖ = 7.771072853101762e-5  ‖vε - vref‖ = 0.8608495463947602  α = 0.000221
 151   -137.8447209030      -10.62       -3.59    15.0s
    ‖ρε - ρref‖ = 0.00012897999356617452 ‖Δρ‖ = 3.672285520656824e-5  ‖vε - vref‖ = 0.8608272878784325  α = 0.000738
 152   -137.8447209031      -10.48       -3.86    13.4s
    ‖ρε - ρref‖ = 0.00012698025461182615 ‖Δρ‖ = 2.118342769285699e-5  ‖vε - vref‖ = 0.8607954374475085  α = 0.00146
 153   -137.8447209031      -10.61       -3.75    15.1s
    ‖ρε - ρref‖ = 0.00012410601977665522 ‖Δρ‖ = 2.679484760035986e-5  ‖vε - vref‖ = 0.8607531863272644  α = 0.00101
 154   -137.8447209031      -10.91       -3.74    15.2s
    ‖ρε - ρref‖ = 0.00012859323578908927 ‖Δρ‖ = 3.357975858590773e-5  ‖vε - vref‖ = 0.8607361602094977  α = 0.000547
 155   -137.8447209031      -10.85       -3.79    14.6s
    ‖ρε - ρref‖ = 0.00012780037903641105 ‖Δρ‖ = 2.762119180111812e-5  ‖vε - vref‖ = 0.8607177983327043  α = 0.000744
 156   -137.8447209031      -10.82       -3.51    14.4s
    ‖ρε - ρref‖ = 0.00013239942247706473 ‖Δρ‖ = 5.5268569372625545e-5  ‖vε - vref‖ = 0.8606931019153664  α = 0.000389
 157   -137.8447209031      -10.74       -3.50    14.9s
    ‖ρε - ρref‖ = 0.00013512278564915665 ‖Δρ‖ = 5.121270728334434e-5  ‖vε - vref‖ = 0.8606680569222394  α = 0.00045
 158   -137.8447209031      -11.09       -3.56    14.7s
    ‖ρε - ρref‖ = 0.00010430707488311352 ‖Δρ‖ = 5.5897109177865516e-5  ‖vε - vref‖ = 0.8606577377972162  α = 0.000277
 159   -137.8447209032      -11.13       -3.34    13.8s
    ‖ρε - ρref‖ = 0.00019805260101069222 ‖Δρ‖ = 9.686299735581664e-5  ‖vε - vref‖ = 0.8606613869064049  α = 0.000149
 160   -137.8447209032      -10.83       -3.79    14.4s
    ‖ρε - ρref‖ = 0.00012755472397879338 ‖Δρ‖ = 2.4920333583966157e-5  ‖vε - vref‖ = 0.8606586556294642  α = 0.000837
 161   -137.8447209032      -11.42       -3.48    13.9s
    ‖ρε - ρref‖ = 0.00011393263179886443 ‖Δρ‖ = 7.990869234376845e-5  ‖vε - vref‖ = 0.8606537833629896  α = 0.00013
 162   -137.8447209032      -10.70       -3.74    14.3s
    ‖ρε - ρref‖ = 0.0001301234172768912 ‖Δρ‖ = 2.755887173529707e-5  ‖vε - vref‖ = 0.8606535227492428  α = 0.000874
 163   -137.8447209032      -10.99       -3.88    14.7s
    ‖ρε - ρref‖ = 0.00012697254701271978 ‖Δρ‖ = 2.0798792818090146e-5  ‖vε - vref‖ = 0.8606517356647274  α = 0.000854
 164   -137.8447209032      -11.24       -3.46    13.6s
    ‖ρε - ρref‖ = 0.00013833673733247822 ‖Δρ‖ = 5.889439266124228e-5  ‖vε - vref‖ = 0.8606493930330963  α = 0.000238
 165   -137.8447209032      -10.61       -3.73    13.9s
    ‖ρε - ρref‖ = 0.00012453963343323271 ‖Δρ‖ = 2.318571865205714e-5  ‖vε - vref‖ = 0.8606311678666625  α = 0.00116
 166   -137.8447209032      -11.06       -3.99    14.7s
    ‖ρε - ρref‖ = 0.00012414226133740134 ‖Δρ‖ = 1.672601944538906e-5  ‖vε - vref‖ = 0.8606242393670808  α = 0.000971
 167   -137.8447209033      -10.79       -3.95    13.9s
    ‖ρε - ρref‖ = 0.00012447310066918634 ‖Δρ‖ = 1.4516641461334988e-5  ‖vε - vref‖ = 0.8606168443908301  α = 0.00149
 168   -137.8447209033      -11.00       -3.76    13.7s
    ‖ρε - ρref‖ = 0.00012589439164940058 ‖Δρ‖ = 2.9590534216799537e-5  ‖vε - vref‖ = 0.860611175601138  α = 0.000543
 169   -137.8447209033      -11.01       -3.81    13.9s
    ‖ρε - ρref‖ = 0.00013214065824719765 ‖Δρ‖ = 2.429462066196359e-5  ‖vε - vref‖ = 0.8606126229154293  α = 0.000684
 170   -137.8447209033      -11.44       -3.50    13.5s
    ‖ρε - ρref‖ = 9.372200163821361e-5 ‖Δρ‖ = 7.06321981642277e-5  ‖vε - vref‖ = 0.8606094896566466  α = 0.000149
 171   -137.8447209033      -11.06       -3.59    14.4s
    ‖ρε - ρref‖ = 0.00014537922146557814 ‖Δρ‖ = 4.3325500158101875e-5  ‖vε - vref‖ = 0.8606206562723375  α = 0.000366
 172   -137.8447209033      -11.09       -3.69    13.1s
    ‖ρε - ρref‖ = 0.0001326823150969298 ‖Δρ‖ = 3.321438236718159e-5  ‖vε - vref‖ = 0.8606239549268474  α = 0.00047
 173   -137.8447209033      -11.25       -3.38    14.4s
    ‖ρε - ρref‖ = 0.00011315892984506382 ‖Δρ‖ = 7.948073373765568e-5  ‖vε - vref‖ = 0.8606188528059534  α = 0.000159
 174   -137.8447209033      -11.31       -3.58    13.3s
    ‖ρε - ρref‖ = 0.00014171536117461232 ‖Δρ‖ = 5.31744159110517e-5  ‖vε - vref‖ = 0.8606202358442467  α = 0.000234
 175   -137.8447209033      -11.11       -3.71    13.5s
    ‖ρε - ρref‖ = 0.00012774371609488634 ‖Δρ‖ = 3.226505814755319e-5  ‖vε - vref‖ = 0.8606199884359899  α = 0.000471
 176   -137.8447209033      -10.90       -3.98    13.4s
    ‖ρε - ρref‖ = 0.00012524796649989196 ‖Δρ‖ = 1.4163701130331805e-5  ‖vε - vref‖ = 0.8606114518453708  α = 0.00139
 177   -137.8447209033      -11.16       -3.99    14.7s
    ‖ρε - ρref‖ = 0.0001243183303990772 ‖Δρ‖ = 1.819399873712896e-5  ‖vε - vref‖ = 0.8606051319497461  α = 0.000816
 178   -137.8447209033      -11.01       -3.43    13.3s
    ‖ρε - ρref‖ = 0.00013452684651512432 ‖Δρ‖ = 6.107237202831365e-5  ‖vε - vref‖ = 0.8605969681799938  α = 0.000277
 179   -137.8447209034      -11.06       -4.03    14.5s
    ‖ρε - ρref‖ = 0.0001253158525908051 ‖Δρ‖ = 1.5670569295473692e-5  ‖vε - vref‖ = 0.8605947288690217  α = 0.000983
 180   -137.8447209034      -11.02       -4.02    14.4s
    ‖ρε - ρref‖ = 0.00012352794822408954 ‖Δρ‖ = 1.4090978946249377e-5  ‖vε - vref‖ = 0.8605923538194858  α = 0.0012
 181   -137.8447209034      -11.08       -4.00    14.6s
    ‖ρε - ρref‖ = 0.0001260847881732896 ‖Δρ‖ = 1.447503068423308e-5  ‖vε - vref‖ = 0.8605948744004335  α = 0.00109
 182   -137.8447209034      -11.51       -3.78    13.3s
    ‖ρε - ρref‖ = 0.00010971506687221545 ‖Δρ‖ = 3.525173479565748e-5  ‖vε - vref‖ = 0.8605935336435329  α = 0.000269
 183   -137.8447209034      -11.50       -3.56    15.1s
    ‖ρε - ρref‖ = 0.0001647645183652051 ‖Δρ‖ = 5.6509239439539726e-5  ‖vε - vref‖ = 0.8605996847084347  α = 0.000156
 184   -137.8447209034      -11.18       -3.97    12.5s
    ‖ρε - ρref‖ = 0.00012757854599778034 ‖Δρ‖ = 1.664633185464832e-5  ‖vε - vref‖ = 0.860607268596579  α = 0.0008
 185   -137.8447209034      -11.45       -3.72    14.7s
    ‖ρε - ρref‖ = 0.00011030920658157992 ‖Δρ‖ = 4.191602088900841e-5  ‖vε - vref‖ = 0.8606035754211719  α = 0.000233
 186   -137.8447209034      -11.14       -3.49    15.3s
    ‖ρε - ρref‖ = 0.00014002742345934062 ‖Δρ‖ = 5.208355361863949e-5  ‖vε - vref‖ = 0.8606038629455889  α = 0.000285
 187   -137.8447209034      -11.17       -3.83    14.7s
    ‖ρε - ρref‖ = 0.00012609042385869468 ‖Δρ‖ = 2.466193567402039e-5  ‖vε - vref‖ = 0.8606052063748142  α = 0.000556
 188   -137.8447209034      -11.54       -3.98    13.9s
    ‖ρε - ρref‖ = 0.0001257030417866388 ‖Δρ‖ = 2.029529325523467e-5  ‖vε - vref‖ = 0.8606019304632249  α = 0.000462
 189   -137.8447209034      -11.22       -3.76    13.7s
    ‖ρε - ρref‖ = 0.00012537401484205996 ‖Δρ‖ = 2.593389986193883e-5  ‖vε - vref‖ = 0.8605908041332495  α = 0.000518
 190   -137.8447209034      -10.98       -3.96    14.9s
    ‖ρε - ρref‖ = 0.00012485196281969795 ‖Δρ‖ = 1.5180371750939541e-5  ‖vε - vref‖ = 0.8605745585602522  α = 0.00118
 191   -137.8447209034      -11.18       -3.81    14.3s
    ‖ρε - ρref‖ = 0.0001257769133259868 ‖Δρ‖ = 2.6006807197928827e-5  ‖vε - vref‖ = 0.8605671955119494  α = 0.000548
 192   -137.8447209034      -11.19       -3.42    14.9s
    ‖ρε - ρref‖ = 0.00013483993337039024 ‖Δρ‖ = 5.9595991041430494e-5  ‖vε - vref‖ = 0.860561700315257  α = 0.000234
 193   -137.8447209034      -11.17       -4.18    13.4s
    ‖ρε - ρref‖ = 0.0001244474565076925 ‖Δρ‖ = 8.870653797162518e-6  ‖vε - vref‖ = 0.8605701135119707  α = 0.00162
 194   -137.8447209034      -11.16       -4.05    13.2s
    ‖ρε - ρref‖ = 0.00012430861567825017 ‖Δρ‖ = 1.324719624902423e-5  ‖vε - vref‖ = 0.8605828449541023  α = 0.00109
 195   -137.8447209034      -11.89       -3.90    14.6s
    ‖ρε - ρref‖ = 0.00015398029827601753 ‖Δρ‖ = 3.7487327949601885e-5  ‖vε - vref‖ = 0.8605872752738196  α = 0.000149
 196   -137.8447209035      -11.30       -3.91    14.3s
    ‖ρε - ρref‖ = 0.00012137078910203277 ‖Δρ‖ = 2.1539355529864736e-5  ‖vε - vref‖ = 0.8605911742550058  α = 0.000563
 197   -137.8447209035      -11.42       -3.86    14.4s
    ‖ρε - ρref‖ = 0.00012136652353156825 ‖Δρ‖ = 2.527960257095008e-5  ‖vε - vref‖ = 0.8605905675203313  α = 0.000419
 198   -137.8447209035      -11.96       -3.74    14.3s
    ‖ρε - ρref‖ = 0.00014991214958836685 ‖Δρ‖ = 4.524697424460893e-5  ‖vε - vref‖ = 0.8605924061668337  α = 0.000135
 199   -137.8447209035      -11.37       -3.98    14.4s
    ‖ρε - ρref‖ = 0.00012054847953640776 ‖Δρ‖ = 1.7715429382537595e-5  ‖vε - vref‖ = 0.8605852400241789  α = 0.000573
 200   -137.8447209035      -11.37       -4.05    12.9s
    ‖ρε - ρref‖ = 0.00012539101311968617 ‖Δρ‖ = 1.5780862947698055e-5  ‖vε - vref‖ = 0.8605832073504195  α = 0.000709
 201   -137.8447209035      -11.36       -4.05    13.0s
    ‖ρε - ρref‖ = 0.00012314104909578658 ‖Δρ‖ = 1.4800674641020829e-5  ‖vε - vref‖ = 0.86057880023121  α = 0.000763
 202   -137.8447209035      -11.53       -3.86    15.3s
    ‖ρε - ρref‖ = 0.0001262953533252826 ‖Δρ‖ = 2.524160274237235e-5  ‖vε - vref‖ = 0.8605808282021205  α = 0.000375
 203   -137.8447209035      -11.29       -3.81    15.1s
    ‖ρε - ρref‖ = 0.0001294944660905948 ‖Δρ‖ = 2.438200419303603e-5  ‖vε - vref‖ = 0.86059236276257  α = 0.000523
 204   -137.8447209035      -11.26       -4.18    13.9s
    ‖ρε - ρref‖ = 0.00012422621351472436 ‖Δρ‖ = 1.0120227433109585e-5  ‖vε - vref‖ = 0.8606054285890072  α = 0.00128
 205   -137.8447209035      -11.50       -4.12    13.8s
    ‖ρε - ρref‖ = 0.00012437887509871923 ‖Δρ‖ = 1.2417701813723266e-5  ‖vε - vref‖ = 0.8606106914994777  α = 0.000807
 206   -137.8447209035      -11.69       -3.71    14.9s
    ‖ρε - ρref‖ = 0.00012717989922166086 ‖Δρ‖ = 3.488639958773921e-5  ‖vε - vref‖ = 0.860612865620064  α = 0.00023
 207   -137.8447209035      -11.25       -4.01    15.1s
    ‖ρε - ρref‖ = 0.00012677555657945855 ‖Δρ‖ = 1.427109201350851e-5  ‖vε - vref‖ = 0.8606174873567806  α = 0.000897
 208   -137.8447209035      -12.18       -3.79    13.8s
    ‖ρε - ρref‖ = 9.705384996593171e-5 ‖Δρ‖ = 4.5266870277264556e-5  ‖vε - vref‖ = 0.8606159379830981  α = 0.000106
 209   -137.8447209035      -11.42       -4.10    14.6s
    ‖ρε - ρref‖ = 0.0001249963993329033 ‖Δρ‖ = 1.1993042731262083e-5  ‖vε - vref‖ = 0.8606218672850908  α = 0.000889
 210   -137.8447209035      -11.66       -4.18    15.3s
    ‖ρε - ρref‖ = 0.00013180494320785038 ‖Δρ‖ = 1.524066058904195e-5  ‖vε - vref‖ = 0.8606299987470086  α = 0.000484
 211   -137.8447209035      -11.63       -3.56    15.1s
    ‖ρε - ρref‖ = 0.00011777419464110437 ‖Δρ‖ = 4.942456293682558e-5  ‖vε - vref‖ = 0.8606343350426876  α = 0.000172
 212   -137.8447209035      -11.52       -3.99    15.1s
    ‖ρε - ρref‖ = 0.00012649571889695958 ‖Δρ‖ = 1.783341728631429e-5  ‖vε - vref‖ = 0.860642500133428  α = 0.000501
 213   -137.8447209035      -11.56       -4.06    14.3s
    ‖ρε - ρref‖ = 0.00012435543397553017 ‖Δρ‖ = 1.3692224606739808e-5  ‖vε - vref‖ = 0.8606484722388893  α = 0.000667
 214   -137.8447209035      -11.35       -4.27    14.2s
    ‖ρε - ρref‖ = 0.00012292635014316114 ‖Δρ‖ = 8.691274268826824e-6  ‖vε - vref‖ = 0.8606460810893213  α = 0.00131
 215   -137.8447209035      -11.33       -3.91    13.9s
    ‖ρε - ρref‖ = 0.00012688918764193686 ‖Δρ‖ = 1.930115894362586e-5  ‖vε - vref‖ = 0.8606501500650555  α = 0.000593
 216   -137.8447209035      -11.75       -3.91    13.8s
    ‖ρε - ρref‖ = 0.0001270061378938258 ‖Δρ‖ = 2.2846746115903172e-5  ‖vε - vref‖ = 0.8606514600852666  α = 0.000307
 217   -137.8447209035      -11.44       -4.02    14.5s
    ‖ρε - ρref‖ = 0.00012428817129827321 ‖Δρ‖ = 1.5022092287536714e-5  ‖vε - vref‖ = 0.8606536569763011  α = 0.000701
 218   -137.8447209035      -11.42       -4.25    14.0s
    ‖ρε - ρref‖ = 0.00012358365368117847 ‖Δρ‖ = 9.164563647030322e-6  ‖vε - vref‖ = 0.8606607582083677  α = 0.0011
 219   -137.8447209035      -11.47       -4.32    14.1s
    ‖ρε - ρref‖ = 0.0001270432314891135 ‖Δρ‖ = 8.193812520118788e-6  ‖vε - vref‖ = 0.86067145435131  α = 0.00126
 220   -137.8447209035      -11.50       -3.43    15.0s
    ‖ρε - ρref‖ = 0.00010062690419529425 ‖Δρ‖ = 7.055854039136651e-5  ‖vε - vref‖ = 0.8606745862018932  α = 0.000131
 221   -137.8447209035      -11.56       -3.78    13.5s
    ‖ρε - ρref‖ = 0.0001317956510704971 ‖Δρ‖ = 2.651133025597664e-5  ‖vε - vref‖ = 0.8606818704030161  α = 0.00035
 222   -137.8447209035      -11.59       -3.62    14.9s
    ‖ρε - ρref‖ = 0.00013382950108354794 ‖Δρ‖ = 3.796518313557786e-5  ‖vε - vref‖ = 0.8606881937019643  α = 0.00024
 223   -137.8447209035      -12.01       -4.13    14.4s
    ‖ρε - ρref‖ = 0.0001171752678610553 ‖Δρ‖ = 1.5924956888949095e-5  ‖vε - vref‖ = 0.8606866016987516  α = 0.000338
 224   -137.8447209035      -11.71       -3.71    13.8s
    ‖ρε - ρref‖ = 0.00013653414068140387 ‖Δρ‖ = 3.147017611555029e-5  ‖vε - vref‖ = 0.8606887611505784  α = 0.000256
 225   -137.8447209035      -11.51       -4.29    14.0s
    ‖ρε - ρref‖ = 0.00012304138668427597 ‖Δρ‖ = 8.052759123541956e-6  ‖vε - vref‖ = 0.8606855248739143  α = 0.00115
 226   -137.8447209035      -11.52       -3.97    13.5s
    ‖ρε - ρref‖ = 0.00012483827227322353 ‖Δρ‖ = 1.7362292236758387e-5  ‖vε - vref‖ = 0.8606842454687009  α = 0.000506
 227   -137.8447209036      -11.61       -4.18    13.7s
    ‖ρε - ρref‖ = 0.00012384380683743153 ‖Δρ‖ = 1.1015904508348814e-5  ‖vε - vref‖ = 0.8606834202094495  α = 0.000737
 228   -137.8447209036      -11.59       -4.35    14.1s
    ‖ρε - ρref‖ = 0.00012485773573051248 ‖Δρ‖ = 7.97737855032227e-6  ‖vε - vref‖ = 0.8606891368963632  α = 0.00105
 229   -137.8447209036      -11.54       -4.12    14.1s
    ‖ρε - ρref‖ = 0.00012411039589457995 ‖Δρ‖ = 1.3138093999946709e-5  ‖vε - vref‖ = 0.8606923479773162  α = 0.000711
 230   -137.8447209036      -11.90       -3.93    14.6s
    ‖ρε - ρref‖ = 0.00012549742112216773 ‖Δρ‖ = 2.109640787650034e-5  ‖vε - vref‖ = 0.8606950539599296  α = 0.000309
 231   -137.8447209036      -11.56       -4.03    13.0s
    ‖ρε - ρref‖ = 0.00012671988560643347 ‖Δρ‖ = 1.4273180221467096e-5  ‖vε - vref‖ = 0.8607036151633435  α = 0.000627
 232   -137.8447209036      -11.57       -4.21    13.8s
    ‖ρε - ρref‖ = 0.00011874080535839891 ‖Δρ‖ = 1.0782695663709455e-5  ‖vε - vref‖ = 0.860703540738037  α = 0.000799
 233   -137.8447209036      -11.81       -3.52    14.3s
    ‖ρε - ρref‖ = 0.00016285233309406788 ‖Δρ‖ = 6.118101864977517e-5  ‖vε - vref‖ = 0.8607072867665856  α = 0.000115
 234   -137.8447209036      -11.46       -4.10    14.5s
    ‖ρε - ρref‖ = 0.0001246367124124678 ‖Δρ‖ = 1.0050462973145854e-5  ‖vε - vref‖ = 0.8607106766788958  α = 0.00105
 235   -137.8447209036      -12.08       -4.11    14.3s
    ‖ρε - ρref‖ = 0.00011360279480340197 ‖Δρ‖ = 2.013868229136007e-5  ‖vε - vref‖ = 0.8607090134722641  α = 0.000193
 236   -137.8447209036      -11.51       -3.97    13.2s
    ‖ρε - ρref‖ = 0.00012653226475601312 ‖Δρ‖ = 1.4170680085750578e-5  ‖vε - vref‖ = 0.860710585619802  α = 0.000687
 237   -137.8447209036      -11.82       -4.20    15.3s
    ‖ρε - ρref‖ = 0.0001237870866459701 ‖Δρ‖ = 1.0123373740334285e-5  ‖vε - vref‖ = 0.8607112796905173  α = 0.000686
 238   -137.8447209036      -11.93       -3.84    14.2s
    ‖ρε - ρref‖ = 0.00012649746840177528 ‖Δρ‖ = 2.4041068742924512e-5  ‖vε - vref‖ = 0.8607121550372497  α = 0.000252
 239   -137.8447209036      -11.88       -4.12    13.9s
    ‖ρε - ρref‖ = 0.00012445329255832176 ‖Δρ‖ = 1.3721903077875392e-5  ‖vε - vref‖ = 0.8607130175064224  α = 0.00047
 240   -137.8447209036      -11.78       -4.22    14.6s
    ‖ρε - ρref‖ = 0.00012353302056477145 ‖Δρ‖ = 1.0802387684008429e-5  ‖vε - vref‖ = 0.8607124886222633  α = 0.000633
 241   -137.8447209036      -11.49       -4.26    15.4s
    ‖ρε - ρref‖ = 0.00012491481062364005 ‖Δρ‖ = 8.025895780010564e-6  ‖vε - vref‖ = 0.8607159287171615  α = 0.00119
 242   -137.8447209036      -11.70       -4.32    15.2s
    ‖ρε - ρref‖ = 0.00012364532572541607 ‖Δρ‖ = 9.197788338493057e-6  ‖vε - vref‖ = 0.8607151819169457  α = 0.000748
 243   -137.8447209036      -11.62       -4.19    14.4s
    ‖ρε - ρref‖ = 0.0001249915727374281 ‖Δρ‖ = 1.0424709279057019e-5  ‖vε - vref‖ = 0.8607185701719456  α = 0.000813
 244   -137.8447209036      -11.96       -3.86    13.8s
    ‖ρε - ρref‖ = 0.00012138924829025542 ‖Δρ‖ = 2.4867407542551793e-5  ‖vε - vref‖ = 0.860718497855716  α = 0.000236
 245   -137.8447209036      -12.07       -4.05    13.6s
    ‖ρε - ρref‖ = 0.00013323926769943903 ‖Δρ‖ = 1.8219257068877757e-5  ‖vε - vref‖ = 0.8607194102698571  α = 0.000279
 246   -137.8447209036      -11.90       -3.75    14.3s
    ‖ρε - ρref‖ = 0.00011309783656588725 ‖Δρ‖ = 3.147237967377195e-5  ‖vε - vref‖ = 0.8607162631607038  α = 0.000198
 247   -137.8447209036      -11.51       -4.24    14.9s
    ‖ρε - ρref‖ = 0.00012356648974306582 ‖Δρ‖ = 7.767889328049552e-6  ‖vε - vref‖ = 0.8607143349255162  α = 0.00123
 248   -137.8447209036      -12.37       -4.01    13.1s
    ‖ρε - ρref‖ = 0.00013977750381516434 ‖Δρ‖ = 2.4356758652539643e-5  ‖vε - vref‖ = 0.8607159993009593  α = 0.000135
 249   -137.8447209036      -11.71       -4.19    13.5s
    ‖ρε - ρref‖ = 0.00012325030827393962 ‖Δρ‖ = 9.64980187031868e-6  ‖vε - vref‖ = 0.8607167618141075  α = 0.000796
 250   -137.8447209036      -11.62       -4.33    14.5s
    ‖ρε - ρref‖ = 0.00012438664134023129 ‖Δρ‖ = 6.718702236748685e-6  ‖vε - vref‖ = 0.8607212223387288  α = 0.00122
 251   -137.8447209036      -11.77       -4.34    13.9s
    ‖ρε - ρref‖ = 0.00012378402532866982 ‖Δρ‖ = 7.143209468343207e-6  ‖vε - vref‖ = 0.8607209078228003  α = 0.000953
 252   -137.8447209036      -11.85       -4.13    14.8s
    ‖ρε - ρref‖ = 0.00012355063567005823 ‖Δρ‖ = 1.2596629193507274e-5  ‖vε - vref‖ = 0.8607179843289811  α = 0.000507
 253   -137.8447209036      -11.88       -4.14    13.6s
    ‖ρε - ρref‖ = 0.00012486190839435101 ‖Δρ‖ = 1.227532118073309e-5  ‖vε - vref‖ = 0.8607152694644201  α = 0.000552
 254   -137.8447209036      -11.79       -3.82    13.2s
    ‖ρε - ρref‖ = 0.00012785797064253327 ‖Δρ‖ = 2.582904270032843e-5  ‖vε - vref‖ = 0.8607120740097781  α = 0.000262
 255   -137.8447209036      -11.78       -4.24    15.0s
    ‖ρε - ρref‖ = 0.00012287346104273024 ‖Δρ‖ = 9.15163626517598e-6  ‖vε - vref‖ = 0.8607056178228842  α = 0.000775
 256   -137.8447209036      -11.97       -4.42    15.1s
    ‖ρε - ρref‖ = 0.00012335814491908341 ‖Δρ‖ = 6.669034853705512e-6  ‖vε - vref‖ = 0.8607055699336573  α = 0.000905
 257   -137.8447209036      -12.08       -4.09    15.1s
    ‖ρε - ρref‖ = 0.0001346761595681337 ‖Δρ‖ = 1.775891935136545e-5  ‖vε - vref‖ = 0.8607072665166413  α = 0.00026
 258   -137.8447209036      -11.87       -3.88    13.2s
    ‖ρε - ρref‖ = 0.0001166642938917269 ‖Δρ‖ = 2.4756130796023953e-5  ‖vε - vref‖ = 0.8607056845710482  α = 0.000248
 259   -137.8447209036      -11.98       -4.06    14.1s
    ‖ρε - ρref‖ = 0.00012537409091176784 ‖Δρ‖ = 1.7347643164323766e-5  ‖vε - vref‖ = 0.8607065179455511  α = 0.000312
 260   -137.8447209036      -11.73       -4.05    15.0s
    ‖ρε - ρref‖ = 0.00012721326046953525 ‖Δρ‖ = 1.3257834559714393e-5  ‖vε - vref‖ = 0.8607107331954637  α = 0.000558
 261   -137.8447209036      -12.32       -3.97    13.4s
    ‖ρε - ρref‖ = 0.00011114128022297645 ‖Δρ‖ = 2.5946493099728447e-5  ‖vε - vref‖ = 0.8607095699427761  α = 0.000143
 262   -137.8447209036      -11.89       -4.05    13.4s
    ‖ρε - ρref‖ = 0.00012628389601589514 ‖Δρ‖ = 1.3344455472321043e-5  ‖vε - vref‖ = 0.8607114351014493  α = 0.000502
 263   -137.8447209036      -11.77       -4.49    14.5s
    ‖ρε - ρref‖ = 0.0001243006319867475 ‖Δρ‖ = 5.084270884217016e-6  ‖vε - vref‖ = 0.860713600537151  α = 0.00138
 264   -137.8447209036      -11.70       -4.34    13.6s
    ‖ρε - ρref‖ = 0.00012390955615706364 ‖Δρ‖ = 6.292207943921348e-6  ‖vε - vref‖ = 0.8607131648408131  α = 0.00127
 265   -137.8447209036      -11.84       -4.37    14.8s
    ‖ρε - ρref‖ = 0.00012340173510410945 ‖Δρ‖ = 6.491128319153584e-6  ‖vε - vref‖ = 0.8607104013523424  α = 0.00103
 266   -137.8447209036      -11.81       -4.17    13.5s
    ‖ρε - ρref‖ = 0.00012449391283686538 ‖Δρ‖ = 1.2016174745184915e-5  ‖vε - vref‖ = 0.860708794668573  α = 0.000453
 267   -137.8447209036      -11.77       -4.26    14.0s
    ‖ρε - ρref‖ = 0.00012363074957509612 ‖Δρ‖ = 6.634694300282322e-6  ‖vε - vref‖ = 0.860702885980411  α = 0.00112
 268   -137.8447209036      -12.27       -4.36    14.1s
    ‖ρε - ρref‖ = 0.00012307747787836858 ‖Δρ‖ = 7.4567090966040565e-6  ‖vε - vref‖ = 0.8607026465236479  α = 0.000538
 269   -137.8447209036      -12.37       -4.04    14.1s
    ‖ρε - ρref‖ = 0.00013449589579557427 ‖Δρ‖ = 1.8055758809514584e-5  ‖vε - vref‖ = 0.8607042105431979  α = 0.000238
 270   -137.8447209036      -12.13       -4.01    13.5s
    ‖ρε - ρref‖ = 0.00011713146369230969 ‖Δρ‖ = 2.0625959878135496e-5  ‖vε - vref‖ = 0.8607025827614028  α = 0.000207
 271   -137.8447209036      -11.87       -3.99    14.4s
    ‖ρε - ρref‖ = 0.00012507631151321467 ‖Δρ‖ = 1.603155126333279e-5  ‖vε - vref‖ = 0.8607002648713131  α = 0.000408
 272   -137.8447209036      -11.97       -4.27    13.0s
    ‖ρε - ρref‖ = 0.00012560750338126982 ‖Δρ‖ = 9.339169411789779e-6  ‖vε - vref‖ = 0.860700627603083  α = 0.000561
 273   -137.8447209036      -12.22       -3.93    13.1s
    ‖ρε - ρref‖ = 0.00011489380971882613 ‖Δρ‖ = 2.3424401995358328e-5  ‖vε - vref‖ = 0.860698640489538  α = 0.000178
 274   -137.8447209036      -12.17       -4.01    14.0s
    ‖ρε - ρref‖ = 0.0001317444906696772 ‖Δρ‖ = 1.897547390005581e-5  ‖vε - vref‖ = 0.8606989123257893  α = 0.000226
 275   -137.8447209036      -12.04       -4.07    13.4s
    ‖ρε - ρref‖ = 0.00012258363773481496 ‖Δρ‖ = 1.4388903288881304e-5  ‖vε - vref‖ = 0.8606963689757063  α = 0.000323
 276   -137.8447209036      -11.90       -4.58    13.0s
    ‖ρε - ρref‖ = 0.00012394551974642847 ‖Δρ‖ = 3.6634317717796634e-6  ‖vε - vref‖ = 0.8606914726704604  α = 0.00181
 277   -137.8447209036      -12.04       -4.46    14.1s
    ‖ρε - ρref‖ = 0.0001235031602467424 ‖Δρ‖ = 5.471574234607883e-6  ‖vε - vref‖ = 0.8606873768606795  α = 0.00104
 278   -137.8447209036      -11.85       -4.47    14.9s
    ‖ρε - ρref‖ = 0.00012364383541460015 ‖Δρ‖ = 5.0603127189529665e-6  ‖vε - vref‖ = 0.860683763971289  α = 0.00121
 279   -137.8447209036      -12.01       -4.47    14.8s
    ‖ρε - ρref‖ = 0.0001244640071516193 ‖Δρ‖ = 6.075447545101266e-6  ‖vε - vref‖ = 0.8606829136841977  α = 0.000778
 280   -137.8447209036      -11.90       -4.23    14.2s
    ‖ρε - ρref‖ = 0.00012394969578036476 ‖Δρ‖ = 9.308462093520417e-6  ‖vε - vref‖ = 0.8606805469269811  α = 0.000673
 281   -137.8447209036      -12.03       -4.24    14.8s
    ‖ρε - ρref‖ = 0.000127111603961591 ‖Δρ‖ = 8.341437038716366e-6  ‖vε - vref‖ = 0.8606817780800898  α = 0.000602
 282   -137.8447209036      -12.77       -3.86    14.9s
    ‖ρε - ρref‖ = 0.00010987985247172095 ‖Δρ‖ = 2.9852241210810276e-5  ‖vε - vref‖ = 0.8606807475379736  α = 9.51e-5
 283   -137.8447209036      -12.01       -4.61    14.7s
    ‖ρε - ρref‖ = 0.00012339060768089754 ‖Δρ‖ = 3.951321543755616e-6  ‖vε - vref‖ = 0.8606790910582426  α = 0.00125
 284   -137.8447209036      -12.59       -4.34    13.5s
    ‖ρε - ρref‖ = 0.00012713856669456522 ‖Δρ‖ = 9.547348136456365e-6  ‖vε - vref‖ = 0.8606802645694417  α = 0.000391
 285   -137.8447209036      -12.03       -4.02    13.9s
    ‖ρε - ρref‖ = 0.00011779053608743383 ‖Δρ‖ = 1.8387616761952923e-5  ‖vε - vref‖ = 0.8606790824782682  α = 0.000233
 286   -137.8447209036      -12.29       -3.96    14.4s
    ‖ρε - ρref‖ = 0.00013155582922629413 ‖Δρ‖ = 1.9524145219271922e-5  ‖vε - vref‖ = 0.8606799155137139  α = 0.000233
 287   -137.8447209036      -12.08       -4.12    13.6s
    ‖ρε - ρref‖ = 0.0001226333669461082 ‖Δρ‖ = 1.2847875192995e-5  ‖vε - vref‖ = 0.8606778800722477  α = 0.000384
 288   -137.8447209036      -12.34       -4.25    12.6s
    ‖ρε - ρref‖ = 0.0001242567314289927 ‖Δρ‖ = 1.0316224094588932e-5  ‖vε - vref‖ = 0.8606779071766633  α = 0.000339
 289   -137.8447209036      -12.11       -4.22    13.3s
    ‖ρε - ρref‖ = 0.00012437372984606783 ‖Δρ‖ = 9.630511079152383e-6  ‖vε - vref‖ = 0.860679334065477  α = 0.000513
 290   -137.8447209036      -12.04       -4.44    14.0s
    ‖ρε - ρref‖ = 0.00012412877691497638 ‖Δρ‖ = 5.069582213367409e-6  ‖vε - vref‖ = 0.8606816763563994  α = 0.00105
 291   -137.8447209036      -12.11       -4.58    13.8s
    ‖ρε - ρref‖ = 0.00012356288585560254 ‖Δρ‖ = 3.924271873139589e-6  ‖vε - vref‖ = 0.8606818119859325  α = 0.00119
 292   -137.8447209036      -11.93       -4.55    13.2s
    ‖ρε - ρref‖ = 0.0001237888032634095 ‖Δρ‖ = 3.7191474735244394e-6  ‖vε - vref‖ = 0.8606810426671649  α = 0.00142
 293   -137.8447209036      -12.25       -4.29    12.9s
    ‖ρε - ρref‖ = 0.0001243826542553461 ‖Δρ‖ = 8.16222292904696e-6  ‖vε - vref‖ = 0.8606796288225358  α = 0.000511
 294   -137.8447209036      -12.50       -4.28    13.1s
    ‖ρε - ρref‖ = 0.0001200227032858386 ‖Δρ‖ = 9.62840902119242e-6  ‖vε - vref‖ = 0.8606783538449357  α = 0.000322
 295   -137.8447209036      -13.25       -3.95    13.2s
    ‖ρε - ρref‖ = 0.00013601188911950698 ‖Δρ‖ = 2.1757114531000486e-5  ‖vε - vref‖ = 0.860678976504124  α = 0.000134
 296   -137.8447209036      -12.03       -4.62    13.6s
    ‖ρε - ρref‖ = 0.00012383042524258055 ‖Δρ‖ = 3.446228416780502e-6  ‖vε - vref‖ = 0.8606774977516816  α = 0.00149
 297   -137.8447209036      -12.29       -4.35    13.0s
    ‖ρε - ρref‖ = 0.00012027181365712817 ‖Δρ‖ = 7.848771343407917e-6  ‖vε - vref‖ = 0.8606753844137766  α = 0.000488
 298   -137.8447209036      -12.37       -3.85    14.2s
    ‖ρε - ρref‖ = 0.00013631816973263373 ‖Δρ‖ = 2.5219580974000032e-5  ‖vε - vref‖ = 0.8606758599200584  α = 0.000158
 299   -137.8447209036      -12.27       -4.49    14.0s
    ‖ρε - ρref‖ = 0.0001230505268472079 ‖Δρ‖ = 5.583513769956205e-6  ‖vε - vref‖ = 0.8606731059754852  α = 0.000638
 300   -137.8447209036      -12.47       -4.19    13.6s
    ‖ρε - ρref‖ = 0.00012390661367453755 ‖Δρ‖ = 1.0915284545431745e-5  ‖vε - vref‖ = 0.8606710125785934  α = 0.000342
Trying again with Newton's method ...
n     Energy            log10(ΔE)   log10(Δρ)   Δtime 
---   ---------------   ---------   ---------   ------
  1   -137.8447209037                   -7.10    1212s
    ‖ρε - ρref‖ = 0.000123760685370223 ‖Δρ‖ = 9.361457216900225e-9  ‖vε - vref‖ = 0.8606830955963043
  2   -137.8447209037      -11.24       -7.25    1202s
    ‖ρε - ρref‖ = 0.00012376131017375157 ‖Δρ‖ = 6.490371087949332e-9  ‖vε - vref‖ = 0.8606741460991798

#-- ‖ρε - ρref‖ = 0.00012376131017375157 vs. 1.778279410038923e-7 = δ*ε ‖vε - vref‖ = 0.8606741460991798


# --- ε=1.0e-5

n     Energy            log10(ΔE)   log10(Δρ)   Δtime 
---   ---------------   ---------   ---------   ------
  1   -137.8444280830                    0.58    19.5s
    ‖ρε - ρref‖ = 1.307564328878735 ‖Δρ‖ = 1.3075206927584389  ‖vε - vref‖ = 3.6832600165728127  α = 5.32e-5
  2   -137.8444375372       -5.02       -0.37    12.6s
    ‖ρε - ρref‖ = 0.09597124804654578 ‖Δρ‖ = 0.09595644383522407  ‖vε - vref‖ = 3.4599758934140374  α = 0.000129
  3   -137.8444401066       -5.59       -0.32    13.3s
    ‖ρε - ρref‖ = 0.11248801554852648 ‖Δρ‖ = 0.11248030219035052  ‖vε - vref‖ = 3.41186650096011  α = 5.98e-5
  4   -137.8444454563       -5.27       -0.83    12.9s
    ‖ρε - ρref‖ = 0.02779424384819087 ‖Δρ‖ = 0.027775612396474397  ‖vε - vref‖ = 3.1977871552715564  α = 0.000344
  5   -137.8444468129       -5.87       -0.90    13.8s
    ‖ρε - ρref‖ = 0.028117244637142724 ‖Δρ‖ = 0.028108799638237997  ‖vε - vref‖ = 3.126033836516132  α = 0.00016
  6   -137.8444471823       -6.43       -1.00    13.1s
    ‖ρε - ρref‖ = 0.018753237497820173 ‖Δρ‖ = 0.018752360565536124  ‖vε - vref‖ = 3.127044543673455  α = 0.000137
  7   -137.8444475716       -6.41       -1.10    13.2s
    ‖ρε - ρref‖ = 0.013044116884034555 ‖Δρ‖ = 0.013043553848917687  ‖vε - vref‖ = 3.1365760995495657  α = 0.000201
  8   -137.8444476848       -6.95       -1.43    12.9s
    ‖ρε - ρref‖ = 0.007743226400862799 ‖Δρ‖ = 0.007739910045855003  ‖vε - vref‖ = 3.130648676077215  α = 0.000183
  9   -137.8444478411       -6.81       -1.45    13.6s
    ‖ρε - ρref‖ = 0.007227523113878275 ‖Δρ‖ = 0.007222596715677061  ‖vε - vref‖ = 3.1176542763995885  α = 0.00023
 10   -137.8444482464       -6.39       -1.69    14.3s
    ‖ρε - ρref‖ = 0.003095794924931977 ‖Δρ‖ = 0.003093112226672895  ‖vε - vref‖ = 3.103432297111559  α = 0.000873
 11   -137.8444485732       -6.49       -1.87    14.4s
    ‖ρε - ρref‖ = 0.0019095560945936764 ‖Δρ‖ = 0.0019108030375007484  ‖vε - vref‖ = 3.1063028572801468  α = 0.00127
 12   -137.8444835040       -4.46        0.24    13.5s
    ‖ρε - ρref‖ = 0.5165075431228724 ‖Δρ‖ = 0.5165681263230395  ‖vε - vref‖ = 0.8628525717370644  α = 3.21e-5
 13   -137.8444835903       -7.06       -1.80    13.9s
    ‖ρε - ρref‖ = 0.0020561912927610196 ‖Δρ‖ = 0.002048899681343856  ‖vε - vref‖ = 0.8531001214002765  α = 0.000608
 14   -137.8444836279       -7.42       -2.08    14.0s
    ‖ρε - ρref‖ = 0.001264906257808809 ‖Δρ‖ = 0.0012610361097504083  ‖vε - vref‖ = 0.8504384028163005  α = 0.000654
 15   -137.8444836377       -8.01       -1.63    14.1s
    ‖ρε - ρref‖ = 0.0056534023188736715 ‖Δρ‖ = 0.005649494338839961  ‖vε - vref‖ = 0.8497736079707628  α = 7.06e-5
 16   -137.8444836689       -7.51       -1.79    13.2s
    ‖ρε - ρref‖ = 0.0024751103027941166 ‖Δρ‖ = 0.002474882728595908  ‖vε - vref‖ = 0.8505126420417896  α = 0.000301
 17   -137.8444836900       -7.67       -2.02    13.7s
    ‖ρε - ρref‖ = 0.0016642482934611453 ‖Δρ‖ = 0.0016643629038839284  ‖vε - vref‖ = 0.8502763454525727  α = 0.000353
 18   -137.8444837100       -7.70       -1.67    14.6s
    ‖ρε - ρref‖ = 0.003450997122449321 ‖Δρ‖ = 0.0034477294622666205  ‖vε - vref‖ = 0.8498439459268673  α = 0.000175
 19   -137.8444837228       -7.89       -1.81    13.6s
    ‖ρε - ρref‖ = 0.0028473220718951173 ‖Δρ‖ = 0.0028431487699450246  ‖vε - vref‖ = 0.8504172607264726  α = 0.000159
 20   -137.8444837383       -7.81       -2.05    13.8s
    ‖ρε - ρref‖ = 0.001385717748551032 ‖Δρ‖ = 0.0013844613107453336  ‖vε - vref‖ = 0.8513517103268546  α = 0.000387
 21   -137.8444837500       -7.93       -1.72    14.3s
    ‖ρε - ρref‖ = 0.003172554554670546 ‖Δρ‖ = 0.0031724691746623035  ‖vε - vref‖ = 0.851688289136247  α = 0.000143
 22   -137.8444837716       -7.67       -2.21    14.1s
    ‖ρε - ρref‖ = 0.0008764024960596899 ‖Δρ‖ = 0.0008744397939819089  ‖vε - vref‖ = 0.8531528460602892  α = 0.00071
 23   -137.8444841177       -6.46       -0.68    14.3s
    ‖ρε - ρref‖ = 0.06594248855233474 ‖Δρ‖ = 0.06600644115171485  ‖vε - vref‖ = 0.7978040388855924  α = 3.52e-5
 24   -137.8444841277       -8.00       -2.21    15.2s
    ‖ρε - ρref‖ = 0.0011093472450863931 ‖Δρ‖ = 0.0011092339431069617  ‖vε - vref‖ = 0.7983196025724487  α = 0.000358
 25   -137.8444841331       -8.27       -2.35    13.3s
    ‖ρε - ρref‖ = 0.0008205851148335697 ‖Δρ‖ = 0.0008102095249809568  ‖vε - vref‖ = 0.7993680215897313  α = 0.000373
 26   -137.8444841469       -7.86       -2.41    13.1s
    ‖ρε - ρref‖ = 0.000554413046482727 ‖Δρ‖ = 0.0005504343234499129  ‖vε - vref‖ = 0.8004638339132647  α = 0.000894
 27   -137.8444841499       -8.52       -1.72    15.1s
    ‖ρε - ρref‖ = 0.004281604926015 ‖Δρ‖ = 0.004284031870572698  ‖vε - vref‖ = 0.8005906293728892  α = 5.25e-5
 28   -137.8444841569       -8.16       -2.28    14.4s
    ‖ρε - ρref‖ = 0.0008082876265499789 ‖Δρ‖ = 0.0008063108628629717  ‖vε - vref‖ = 0.801108518386985  α = 0.000438
 29   -137.8444841634       -8.18       -2.42    13.1s
    ‖ρε - ρref‖ = 0.0006435535533938395 ‖Δρ‖ = 0.0006353198403091686  ‖vε - vref‖ = 0.8017193804879178  α = 0.000534
 30   -137.8444841686       -8.29       -1.87    13.9s
    ‖ρε - ρref‖ = 0.0022832065379441813 ‖Δρ‖ = 0.002280750020257495  ‖vε - vref‖ = 0.8021650108157755  α = 0.000135
 31   -137.8444841753       -8.17       -2.18    14.9s
    ‖ρε - ρref‖ = 0.0009674010587397998 ‖Δρ‖ = 0.000968888468566686  ‖vε - vref‖ = 0.8027165151623608  α = 0.000346
 32   -137.8444841802       -8.31       -2.00    13.9s
    ‖ρε - ρref‖ = 0.0016335680062041183 ‖Δρ‖ = 0.001632651209072058  ‖vε - vref‖ = 0.8030549715645275  α = 0.000177
 33   -137.8444841833       -8.50       -2.27    14.3s
    ‖ρε - ρref‖ = 0.001136295209319745 ‖Δρ‖ = 0.0011312951607237126  ‖vε - vref‖ = 0.8034824513759664  α = 0.000195
 34   -137.8444841885       -8.29       -2.29    13.3s
    ‖ρε - ρref‖ = 0.0008760936179129891 ‖Δρ‖ = 0.0009166912630585775  ‖vε - vref‖ = 0.8037302279292796  α = 0.000308
 35   -137.8444841934       -8.31       -1.70    14.5s
    ‖ρε - ρref‖ = 0.003744003271816205 ‖Δρ‖ = 0.003694722163362551  ‖vε - vref‖ = 0.8044879915133535  α = 7.89e-5
 36   -137.8444842035       -7.99       -2.39    15.2s
    ‖ρε - ρref‖ = 0.000632296883825859 ‖Δρ‖ = 0.0006328875258081226  ‖vε - vref‖ = 0.8052023285942151  α = 0.000658
 37   -137.8444842138       -7.99       -2.34    14.6s
    ‖ρε - ρref‖ = 0.0006937545863854776 ‖Δρ‖ = 0.0006903681111767447  ‖vε - vref‖ = 0.8058804627042246  α = 0.00061
 38   -137.8444842164       -8.59       -2.35    13.4s
    ‖ρε - ρref‖ = 0.001063440654238574 ‖Δρ‖ = 0.0010588192166203492  ‖vε - vref‖ = 0.8060845191861296  α = 0.000192
 39   -137.8444842210       -8.34       -1.89    15.1s
    ‖ρε - ρref‖ = 0.002364605166207378 ‖Δρ‖ = 0.0023565862037894757  ‖vε - vref‖ = 0.806455548685661  α = 0.000121
 40   -137.8444842316       -7.97       -2.29    15.2s
    ‖ρε - ρref‖ = 0.0007783434077927196 ‖Δρ‖ = 0.0007809660805431555  ‖vε - vref‖ = 0.8069552461419093  α = 0.000526
 41   -137.8444842402       -8.07       -2.20    14.6s
    ‖ρε - ρref‖ = 0.000951481009794054 ‖Δρ‖ = 0.0009478467946870075  ‖vε - vref‖ = 0.8074715362220327  α = 0.00041
 42   -137.8444842437       -8.45       -1.95    14.5s
    ‖ρε - ρref‖ = 0.0021357895492879956 ‖Δρ‖ = 0.0021320178086727  ‖vε - vref‖ = 0.807719839845729  α = 0.000119
 43   -137.8444842531       -8.03       -2.28    14.0s
    ‖ρε - ρref‖ = 0.0008013842813303987 ‖Δρ‖ = 0.0007971366818792454  ‖vε - vref‖ = 0.8083651948844359  α = 0.000507
 44   -137.8444842572       -8.38       -2.07    14.2s
    ‖ρε - ρref‖ = 0.0016311940511381858 ‖Δρ‖ = 0.001628976763948494  ‖vε - vref‖ = 0.8085668987162037  α = 0.000166
 45   -137.8444842638       -8.18       -2.15    14.5s
    ‖ρε - ρref‖ = 0.0011425065733891367 ‖Δρ‖ = 0.0011444488633083917  ‖vε - vref‖ = 0.8087188846585808  α = 0.000293
 46   -137.8444842669       -8.51       -2.20    13.2s
    ‖ρε - ρref‖ = 0.0013490690562558674 ‖Δρ‖ = 0.0012990534076754495  ‖vε - vref‖ = 0.8089242917576138  α = 0.000167
 47   -137.8444842693       -8.61       -1.93    14.2s
    ‖ρε - ρref‖ = 0.002365194606642456 ‖Δρ‖ = 0.0024077102809032  ‖vε - vref‖ = 0.8089236932046995  α = 8.3e-5
 48   -137.8444842736       -8.37       -2.28    13.4s
    ‖ρε - ρref‖ = 0.0008779748452005817 ‖Δρ‖ = 0.0008720149925174256  ‖vε - vref‖ = 0.8089997351169423  α = 0.000301
 49   -137.8444842818       -8.09       -2.54    15.2s
    ‖ρε - ρref‖ = 0.00039709232960046334 ‖Δρ‖ = 0.0003928742612147969  ‖vε - vref‖ = 0.8093926783679422  α = 0.000951
 50   -137.8444842858       -8.40       -2.39    13.9s
    ‖ρε - ρref‖ = 0.0007270174709968828 ‖Δρ‖ = 0.0007189105975012934  ‖vε - vref‖ = 0.8095945975689833  α = 0.000355
 51   -137.8444842876       -8.74       -1.92    15.0s
    ‖ρε - ρref‖ = 0.002871521675996933 ‖Δρ‖ = 0.0028644797294079313  ‖vε - vref‖ = 0.8097198590403215  α = 6.06e-5
 52   -137.8444842956       -8.10       -2.58    14.3s
    ‖ρε - ρref‖ = 0.000377805722088506 ‖Δρ‖ = 0.00037525645573318825  ‖vε - vref‖ = 0.809841067465337  α = 0.000974
 53   -137.8444842977       -8.68       -2.48    14.1s
    ‖ρε - ρref‖ = 0.0005905485842864091 ‖Δρ‖ = 0.0005798251808285548  ‖vε - vref‖ = 0.8099475587560151  α = 0.000327
 54   -137.8444842991       -8.88       -2.32    13.8s
    ‖ρε - ρref‖ = 0.0009116640138251948 ‖Δρ‖ = 0.0009060451508415299  ‖vε - vref‖ = 0.8099763114125854  α = 0.000171
 55   -137.8444843016       -8.60       -2.33    14.1s
    ‖ρε - ρref‖ = 0.0007522042187744532 ‖Δρ‖ = 0.0007508546218926674  ‖vε - vref‖ = 0.8099816331343145  α = 0.000276
 56   -137.8444843043       -8.57       -2.45    14.0s
    ‖ρε - ρref‖ = 0.0006078923000021443 ‖Δρ‖ = 0.0006002128498227701  ‖vε - vref‖ = 0.8100186548858992  α = 0.000362
 57   -137.8444843062       -8.73       -2.17    12.7s
    ‖ρε - ρref‖ = 0.0012374529622985644 ‖Δρ‖ = 0.001240478944312509  ‖vε - vref‖ = 0.8100368591711468  α = 0.000148
 58   -137.8444843076       -8.86       -2.41    13.9s
    ‖ρε - ρref‖ = 0.0007363778071551773 ‖Δρ‖ = 0.0006939001360520807  ‖vε - vref‖ = 0.8101468061871961  α = 0.000223
 59   -137.8444843084       -9.06       -2.06    13.6s
    ‖ρε - ρref‖ = 0.0016889374918116107 ‖Δρ‖ = 0.0017368813070187373  ‖vε - vref‖ = 0.8100569873628662  α = 6.85e-5
 60   -137.8444843101       -8.77       -2.78    15.1s
    ‖ρε - ρref‖ = 0.000301985295812995 ‖Δρ‖ = 0.0002960357561968899  ‖vε - vref‖ = 0.810075795925029  α = 0.000531
 61   -137.8444843130       -8.55       -2.39    14.4s
    ‖ρε - ρref‖ = 0.000601974988447909 ‖Δρ‖ = 0.0005973155304860865  ‖vε - vref‖ = 0.810034203772548  α = 0.00035
 62   -137.8444843141       -8.95       -2.68    12.5s
    ‖ρε - ρref‖ = 0.00038010063430160237 ‖Δρ‖ = 0.0003734424477039198  ‖vε - vref‖ = 0.8100869594326874  α = 0.000366
 63   -137.8444843152       -8.94       -1.98    14.8s
    ‖ρε - ρref‖ = 0.0017934032045598934 ‖Δρ‖ = 0.0017878559979919559  ‖vε - vref‖ = 0.8101567463017008  α = 7.86e-5
 64   -137.8444843165       -8.88       -2.66    13.6s
    ‖ρε - ρref‖ = 0.00029638483132882085 ‖Δρ‖ = 0.00028616967569786785  ‖vε - vref‖ = 0.8103048637497728  α = 0.000542
 65   -137.8444843175       -9.01       -2.75    14.2s
    ‖ρε - ρref‖ = 0.0002559233833061543 ‖Δρ‖ = 0.00024281295652852654  ‖vε - vref‖ = 0.8104592394002194  α = 0.000547
 66   -137.8444843178       -9.51       -2.60    14.0s
    ‖ρε - ρref‖ = 0.0004910635236898479 ‖Δρ‖ = 0.00048660683123781756  ‖vε - vref‖ = 0.8104943264060788  α = 0.000154
 67   -137.8444843189       -8.96       -2.67    14.1s
    ‖ρε - ρref‖ = 0.0003228272495135701 ‖Δρ‖ = 0.0003207507066922232  ‖vε - vref‖ = 0.8105784141307614  α = 0.000438
 68   -137.8444843197       -9.14       -2.61    14.4s
    ‖ρε - ρref‖ = 0.00044756676204839557 ‖Δρ‖ = 0.00043500253067198653  ‖vε - vref‖ = 0.8106554023537207  α = 0.000255
 69   -137.8444843202       -9.31       -2.49    13.7s
    ‖ρε - ρref‖ = 0.000575373803289571 ‖Δρ‖ = 0.0005819889199277278  ‖vε - vref‖ = 0.8106777697625848  α = 0.000163
 70   -137.8444843206       -9.33       -2.58    13.9s
    ‖ρε - ρref‖ = 0.0005324549365547672 ‖Δρ‖ = 0.00048301276236517837  ‖vε - vref‖ = 0.8107553123009202  α = 0.000188
 71   -137.8444843211       -9.29       -2.29    13.1s
    ‖ρε - ρref‖ = 0.0009280989824958605 ‖Δρ‖ = 0.0009672772504567013  ‖vε - vref‖ = 0.8107218850124563  α = 9.14e-5
 72   -137.8444843217       -9.27       -2.83    14.6s
    ‖ρε - ρref‖ = 0.0002739340082811272 ‖Δρ‖ = 0.0002642318318574851  ‖vε - vref‖ = 0.8107650425836219  α = 0.000359
 73   -137.8444843222       -9.30       -3.03    13.8s
    ‖ρε - ρref‖ = 0.00021036164377093088 ‖Δρ‖ = 0.00019763755531896  ‖vε - vref‖ = 0.8108595628661119  α = 0.000426
 74   -137.8444843227       -9.27       -2.71    13.8s
    ‖ρε - ρref‖ = 0.00038430522577004067 ‖Δρ‖ = 0.00038515316818877443  ‖vε - vref‖ = 0.8109041235467394  α = 0.000239
 75   -137.8444843233       -9.26       -2.21    14.7s
    ‖ρε - ρref‖ = 0.0011329367698591126 ‖Δρ‖ = 0.0011332735715021435  ‖vε - vref‖ = 0.8109706204551429  α = 8.56e-5
 76   -137.8444843243       -8.99       -2.77    14.0s
    ‖ρε - ρref‖ = 0.0002613918578179902 ‖Δρ‖ = 0.0002422162109853555  ‖vε - vref‖ = 0.811160977853594  α = 0.000547
 77   -137.8444843250       -9.16       -2.96    13.7s
    ‖ρε - ρref‖ = 0.00018032131681010086 ‖Δρ‖ = 0.00016813486999032995  ‖vε - vref‖ = 0.8113332008271917  α = 0.000628
 78   -137.8444843253       -9.49       -2.89    15.1s
    ‖ρε - ρref‖ = 0.0002434917190389813 ‖Δρ‖ = 0.00023181968039004294  ‖vε - vref‖ = 0.8114548203611651  α = 0.000329
 79   -137.8444843259       -9.26       -2.46    13.6s
    ‖ρε - ρref‖ = 0.0005387441482792745 ‖Δρ‖ = 0.0005328797696387882  ‖vε - vref‖ = 0.8116773968106716  α = 0.000186
 80   -137.8444843263       -9.38       -2.88    14.2s
    ‖ρε - ρref‖ = 0.00022341944364713006 ‖Δρ‖ = 0.00020583550910541356  ‖vε - vref‖ = 0.811864103838139  α = 0.000421
 81   -137.8444843265       -9.71       -2.62    13.4s
    ‖ρε - ρref‖ = 0.0004208731590392387 ‖Δρ‖ = 0.00043972051090366643  ‖vε - vref‖ = 0.8119230546496263  α = 0.000134
 82   -137.8444843267       -9.64       -2.76    13.3s
    ‖ρε - ρref‖ = 0.0004198158882206779 ‖Δρ‖ = 0.000365949197415464  ‖vε - vref‖ = 0.8120630357761724  α = 0.000172
 83   -137.8444843272       -9.29       -2.44    13.9s
    ‖ρε - ρref‖ = 0.0005688997554343808 ‖Δρ‖ = 0.0005893912040489019  ‖vε - vref‖ = 0.8122446472307802  α = 0.000156
 84   -137.8444843277       -9.35       -2.92    14.4s
    ‖ρε - ρref‖ = 0.000233928514864866 ‖Δρ‖ = 0.0002183954475904833  ‖vε - vref‖ = 0.812458025126908  α = 0.000387
 85   -137.8444843283       -9.19       -2.83    13.5s
    ‖ρε - ρref‖ = 0.00022784021683136112 ‖Δρ‖ = 0.0002189833580199061  ‖vε - vref‖ = 0.8127470416094968  α = 0.000454
 86   -137.8444843285       -9.77       -2.59    12.5s
    ‖ρε - ρref‖ = 0.0006146349278530088 ‖Δρ‖ = 0.0006169282311704381  ‖vε - vref‖ = 0.8128037268834516  α = 8.38e-5
 87   -137.8444843288       -9.55       -2.68    13.3s
    ‖ρε - ρref‖ = 0.0004362515648216534 ‖Δρ‖ = 0.00043495426273720296  ‖vε - vref‖ = 0.8129269064656721  α = 0.000153
 88   -137.8444843291       -9.49       -2.92    13.6s
    ‖ρε - ρref‖ = 0.00021797532970243574 ‖Δρ‖ = 0.0001980117675819133  ‖vε - vref‖ = 0.8131182771767488  α = 0.000379
 89   -137.8444843296       -9.30       -3.06    13.1s
    ‖ρε - ρref‖ = 0.00014812786441388353 ‖Δρ‖ = 0.0001328314990793061  ‖vε - vref‖ = 0.8133837212537862  α = 0.0007
 90   -137.8444843299       -9.51       -3.00    13.4s
    ‖ρε - ρref‖ = 0.00017372751457920296 ‖Δρ‖ = 0.00015523097886538945  ‖vε - vref‖ = 0.8135800919737599  α = 0.000481
 91   -137.8444843301       -9.65       -2.47    14.1s
    ‖ρε - ρref‖ = 0.0005584988380493503 ‖Δρ‖ = 0.0005528447772002667  ‖vε - vref‖ = 0.8137232129893288  α = 0.000116
 92   -137.8444843305       -9.37       -3.14    13.0s
    ‖ρε - ρref‖ = 0.000134447596728062 ‖Δρ‖ = 0.00011126848388416515  ‖vε - vref‖ = 0.8140105598284751  α = 0.000759
 93   -137.8444843307       -9.81       -2.68    13.1s
    ‖ρε - ρref‖ = 0.0003838370294052421 ‖Δρ‖ = 0.0004172714374986058  ‖vε - vref‖ = 0.8140811437667969  α = 0.000124
 94   -137.8444843309       -9.74       -2.67    13.7s
    ‖ρε - ρref‖ = 0.0004982549336611663 ‖Δρ‖ = 0.0004489195180829086  ‖vε - vref‖ = 0.8142299757247454  α = 0.000124
 95   -137.8444843311       -9.75       -2.57    12.4s
    ‖ρε - ρref‖ = 0.00045883071840886497 ‖Δρ‖ = 0.00047090123040613885  ‖vε - vref‖ = 0.8143227057669112  α = 0.000119
 96   -137.8444843313       -9.59       -3.19    14.3s
    ‖ρε - ρref‖ = 0.000117431682499521 ‖Δρ‖ = 9.419847653984293e-5  ‖vε - vref‖ = 0.8144427274630862  α = 0.000709
 97   -137.8444843315       -9.78       -3.17    13.1s
    ‖ρε - ρref‖ = 0.00015697849272636226 ‖Δρ‖ = 0.0001429516916979161  ‖vε - vref‖ = 0.8145197444851299  α = 0.000338
 98   -137.8444843316       -9.87       -2.64    13.5s
    ‖ρε - ρref‖ = 0.000530303551641176 ‖Δρ‖ = 0.0005313904716623489  ‖vε - vref‖ = 0.8145709829401119  α = 9.1e-5
 99   -137.8444843319       -9.48       -2.78    13.7s
    ‖ρε - ρref‖ = 0.00028897998475876035 ‖Δρ‖ = 0.0002844540140315785  ‖vε - vref‖ = 0.8147320504614998  α = 0.000257
 100   -137.8444843321       -9.77       -3.12    14.0s
    ‖ρε - ρref‖ = 0.0001724193504603813 ‖Δρ‖ = 0.0001481787205163626  ‖vε - vref‖ = 0.8148614986972065  α = 0.000341
 101   -137.8444843324       -9.50       -3.11    13.6s
    ‖ρε - ρref‖ = 0.00014345670488047105 ‖Δρ‖ = 0.00012446490705200685  ‖vε - vref‖ = 0.815077711718695  α = 0.000579
 102   -137.8444843326       -9.79       -3.03    14.1s
    ‖ρε - ρref‖ = 0.00018378621879642043 ‖Δρ‖ = 0.00016185815812043742  ‖vε - vref‖ = 0.815193875659742  α = 0.000334
 103   -137.8444843327      -10.10       -2.76    13.4s
    ‖ρε - ρref‖ = 0.0003325299046639713 ‖Δρ‖ = 0.0003231708424259029  ‖vε - vref‖ = 0.8152414738807308  α = 0.000118
 104   -137.8444843329       -9.56       -3.15    14.2s
    ‖ρε - ρref‖ = 0.00012217898822965788 ‖Δρ‖ = 9.711620798163937e-5  ‖vε - vref‖ = 0.8153339372439384  α = 0.000717
 105   -137.8444843330      -10.31       -2.98    13.9s
    ‖ρε - ρref‖ = 0.000199513908258508 ‖Δρ‖ = 0.0002480692029792557  ‖vε - vref‖ = 0.8153243264469566  α = 0.000115
 106   -137.8444843331       -9.79       -2.82    14.5s
    ‖ρε - ρref‖ = 0.00026994157133982744 ‖Δρ‖ = 0.00023268514068901534  ‖vε - vref‖ = 0.8153835211025499  α = 0.000231
 107   -137.8444843333       -9.76       -2.63    13.6s
    ‖ρε - ρref‖ = 0.00037716379021432504 ‖Δρ‖ = 0.00038446876606652717  ‖vε - vref‖ = 0.8154164829562629  α = 0.000143
 108   -137.8444843335       -9.65       -3.04    14.1s
    ‖ρε - ρref‖ = 0.00013923792531815948 ‖Δρ‖ = 0.00012370284926218052  ‖vε - vref‖ = 0.815497567944175  α = 0.00051
 109   -137.8444843336       -9.99       -3.13    14.1s
    ‖ρε - ρref‖ = 0.0001542381506853833 ‖Δρ‖ = 0.00013472692932915866  ‖vε - vref‖ = 0.8155597170732037  α = 0.0003
 110   -137.8444843337      -10.05       -2.53    12.8s
    ‖ρε - ρref‖ = 0.0005222192894513698 ‖Δρ‖ = 0.0005176569561582934  ‖vε - vref‖ = 0.8156071214994244  α = 7.66e-5
 111   -137.8444843339       -9.87       -3.19    13.3s
    ‖ρε - ρref‖ = 0.00013179460738913459 ‖Δρ‖ = 0.00010587284559464211  ‖vε - vref‖ = 0.8157016581832319  α = 0.000437
 112   -137.8444843340       -9.81       -3.03    12.4s
    ‖ρε - ρref‖ = 0.00017530220356173334 ‖Δρ‖ = 0.00015118366971096325  ‖vε - vref‖ = 0.8158071390476629  α = 0.000325
 113   -137.8444843342       -9.81       -3.19    13.2s
    ‖ρε - ρref‖ = 0.00011950848492819662 ‖Δρ‖ = 0.00010381224151859436  ‖vε - vref‖ = 0.8158747265142622  α = 0.000505
 114   -137.8444843343       -9.92       -3.19    14.5s
    ‖ρε - ρref‖ = 0.00014099449382890466 ‖Δρ‖ = 0.00011868448936749202  ‖vε - vref‖ = 0.8159392653398259  α = 0.000375
 115   -137.8444843344       -9.94       -2.81    13.6s
    ‖ρε - ρref‖ = 0.0002763877780906201 ‖Δρ‖ = 0.00027003859975081765  ‖vε - vref‖ = 0.8159886673811564  α = 0.000167
 116   -137.8444843346       -9.76       -2.91    14.0s
    ‖ρε - ρref‖ = 0.000209302291094925 ‖Δρ‖ = 0.00019723173200759828  ‖vε - vref‖ = 0.8160391277607749  α = 0.000267
 117   -137.8444843346      -10.46       -3.20    14.0s
    ‖ρε - ρref‖ = 0.00010177680583807533 ‖Δρ‖ = 0.00014613741326639557  ‖vε - vref‖ = 0.816036482382259  α = 0.000163
 118   -137.8444843347      -10.06       -2.82    15.2s
    ‖ρε - ρref‖ = 0.0002843793030885537 ‖Δρ‖ = 0.0002458919326385638  ‖vε - vref‖ = 0.816094962578694  α = 0.000159
 119   -137.8444843348      -10.14       -3.06    13.5s
    ‖ρε - ρref‖ = 0.00015520917759154684 ‖Δρ‖ = 0.00014578900399985826  ‖vε - vref‖ = 0.8161316783424984  α = 0.00025
 120   -137.8444843349       -9.86       -2.88    12.8s
    ‖ρε - ρref‖ = 0.00020541377930281363 ‖Δρ‖ = 0.00019014381386828162  ‖vε - vref‖ = 0.8162120804742522  α = 0.000258
 121   -137.8444843350      -10.00       -3.29    14.5s
    ‖ρε - ρref‖ = 0.00010746785826024153 ‖Δρ‖ = 7.904958590965675e-5  ‖vε - vref‖ = 0.8162740227817074  α = 0.000522
 122   -137.8444843350      -10.47       -2.73    13.7s
    ‖ρε - ρref‖ = 0.00042945717032588366 ‖Δρ‖ = 0.0004251995541273025  ‖vε - vref‖ = 0.8162903215142653  α = 5.59e-5
 123   -137.8444843352       -9.89       -3.35    14.0s
    ‖ρε - ρref‖ = 9.354192249738201e-5 ‖Δρ‖ = 5.939188142610485e-5  ‖vε - vref‖ = 0.8163654805293798  α = 0.000801
 124   -137.8444843353      -10.07       -3.29    13.8s
    ‖ρε - ρref‖ = 0.00010455795069048331 ‖Δρ‖ = 7.917775246605598e-5  ‖vε - vref‖ = 0.8164068862772142  α = 0.000463
 125   -137.8444843353      -10.13       -3.18    13.5s
    ‖ρε - ρref‖ = 0.0001237519868250633 ‖Δρ‖ = 0.00010973817755335572  ‖vε - vref‖ = 0.816429626397426  α = 0.000306
 126   -137.8444843354       -9.96       -3.21    14.0s
    ‖ρε - ρref‖ = 0.00011697596982228693 ‖Δρ‖ = 8.95274972959654e-5  ‖vε - vref‖ = 0.8164785135191643  α = 0.000491
 127   -137.8444843355      -10.47       -2.93    13.0s
    ‖ρε - ρref‖ = 0.00022893479076985387 ‖Δρ‖ = 0.00022172169424179678  ‖vε - vref‖ = 0.8164908726650238  α = 0.000112
 128   -137.8444843356       -9.98       -3.30    12.3s
    ‖ρε - ρref‖ = 0.0001098603897080334 ‖Δρ‖ = 7.656371420862177e-5  ‖vε - vref‖ = 0.8165372165571979  α = 0.000549
 129   -137.8444843356      -10.54       -3.00    14.6s
    ‖ρε - ρref‖ = 0.00018026870014876503 ‖Δρ‖ = 0.00022637244972742007  ‖vε - vref‖ = 0.8165378020494566  α = 9.81e-5
 130   -137.8444843357      -10.24       -2.97    13.2s
    ‖ρε - ρref‖ = 0.00023176811640476593 ‖Δρ‖ = 0.00018850352813519914  ‖vε - vref‖ = 0.8165905330268929  α = 0.000158
 131   -137.8444843357      -10.30       -3.25    13.6s
    ‖ρε - ρref‖ = 0.00011222703345083567 ‖Δρ‖ = 9.31876513294451e-5  ‖vε - vref‖ = 0.8166145555718802  α = 0.000321
 132   -137.8444843358      -10.30       -3.02    13.5s
    ‖ρε - ρref‖ = 0.00017435196716158704 ‖Δρ‖ = 0.00015942731116327935  ‖vε - vref‖ = 0.8166380968003482  α = 0.000183
 133   -137.8444843358      -10.13       -3.20    13.4s
    ‖ρε - ρref‖ = 0.00011667904216473962 ‖Δρ‖ = 9.107317303563483e-5  ‖vε - vref‖ = 0.8166798495644984  α = 0.000394
 134   -137.8444843359      -10.75       -3.02    13.4s
    ‖ρε - ρref‖ = 0.0002498052404394294 ‖Δρ‖ = 0.00024249908133857636  ‖vε - vref‖ = 0.81668530670875  α = 7.05e-5
 135   -137.8444843359      -10.11       -3.19    13.4s
    ‖ρε - ρref‖ = 0.0001150043474207976 ‖Δρ‖ = 9.299077620290385e-5  ‖vε - vref‖ = 0.8167116866563794  α = 0.000399
 136   -137.8444843360      -10.30       -3.59    13.2s
    ‖ρε - ρref‖ = 8.016466242986964e-5 ‖Δρ‖ = 3.921435791516036e-5  ‖vε - vref‖ = 0.8167335284477991  α = 0.000765
 137   -137.8444843361      -10.03       -3.42    13.2s
    ‖ρε - ρref‖ = 8.83097373672736e-5 ‖Δρ‖ = 5.372658942492292e-5  ‖vε - vref‖ = 0.8167821094908515  α = 0.000748
 138   -137.8444843361      -10.33       -3.31    14.4s
    ‖ρε - ρref‖ = 0.00011723379245799253 ‖Δρ‖ = 8.910874352729543e-5  ‖vε - vref‖ = 0.8168169838463831  α = 0.000303
 139   -137.8444843362      -10.29       -3.03    13.6s
    ‖ρε - ρref‖ = 0.00015107592070692972 ‖Δρ‖ = 0.00014148076119721546  ‖vε - vref‖ = 0.816847258302364  α = 0.000215
 140   -137.8444843362      -10.40       -2.97    13.9s
    ‖ρε - ρref‖ = 0.00020070357617758713 ‖Δρ‖ = 0.00018027247720758019  ‖vε - vref‖ = 0.8168730850137607  α = 0.000142
 141   -137.8444843362      -10.68       -3.40    13.9s
    ‖ρε - ρref‖ = 5.737487859667598e-5 ‖Δρ‖ = 9.083125880973059e-5  ‖vε - vref‖ = 0.8168704571834945  α = 0.000205
 142   -137.8444843363      -10.25       -2.92    14.9s
    ‖ρε - ρref‖ = 0.00023561263683298867 ‖Δρ‖ = 0.00019481714048360559  ‖vε - vref‖ = 0.8169140343959126  α = 0.000156
 143   -137.8444843363      -10.29       -3.36    13.7s
    ‖ρε - ρref‖ = 9.393479316852324e-5 ‖Δρ‖ = 6.48282370691266e-5  ‖vε - vref‖ = 0.8169421296931417  α = 0.000469
 144   -137.8444843364      -10.61       -3.10    14.7s
    ‖ρε - ρref‖ = 0.00016397214641631906 ‖Δρ‖ = 0.00014697766069086135  ‖vε - vref‖ = 0.8169568310028261  α = 0.000143
 145   -137.8444843364      -10.32       -3.36    13.2s
    ‖ρε - ρref‖ = 9.628418407841362e-5 ‖Δρ‖ = 6.806092435249932e-5  ‖vε - vref‖ = 0.8169890928077782  α = 0.000412
 146   -137.8444843364      -10.80       -2.96    13.6s
    ‖ρε - ρref‖ = 0.00025810029219463333 ‖Δρ‖ = 0.0002528199687429558  ‖vε - vref‖ = 0.8169957771316381  α = 6.53e-5
 147   -137.8444843365      -10.19       -3.44    13.2s
    ‖ρε - ρref‖ = 9.28983467503382e-5 ‖Δρ‖ = 6.192149099957464e-5  ‖vε - vref‖ = 0.8170236294768047  α = 0.000481
 148   -137.8444843366      -10.10       -3.25    13.2s
    ‖ρε - ρref‖ = 0.00011470262265870514 ‖Δρ‖ = 8.241925506567549e-5  ‖vε - vref‖ = 0.8170708167675959  α = 0.000445
 149   -137.8444843366      -10.17       -3.33    12.7s
    ‖ρε - ρref‖ = 9.324682582756655e-5 ‖Δρ‖ = 7.079040455784605e-5  ‖vε - vref‖ = 0.8170818802970369  α = 0.000477
 150   -137.8444843367      -10.28       -3.60    14.3s
    ‖ρε - ρref‖ = 8.084012849604093e-5 ‖Δρ‖ = 3.510151113796905e-5  ‖vε - vref‖ = 0.8170949174610341  α = 0.000861
 151   -137.8444843367      -10.65       -3.16    14.9s
    ‖ρε - ρref‖ = 0.00013523494503243837 ‖Δρ‖ = 0.00012568029269607577  ‖vε - vref‖ = 0.8170944958810911  α = 0.000157
 152   -137.8444843368      -10.45       -3.14    13.5s
    ‖ρε - ρref‖ = 0.00014076414689372132 ‖Δρ‖ = 0.00010934126836852006  ‖vε - vref‖ = 0.8171018919625601  α = 0.000229
 153   -137.8444843368      -10.93       -3.17    13.9s
    ‖ρε - ρref‖ = 0.0001073358241001196 ‖Δρ‖ = 0.00014978665548080728  ‖vε - vref‖ = 0.8170933354449968  α = 9.49e-5
 154   -137.8444843368      -10.72       -3.21    14.2s
    ‖ρε - ρref‖ = 0.00016382559413253428 ‖Δρ‖ = 0.00011929708919477427  ‖vε - vref‖ = 0.8171055187264573  α = 0.000143
 155   -137.8444843368      -10.37       -3.45    14.8s
    ‖ρε - ρref‖ = 8.615416586130058e-5 ‖Δρ‖ = 5.44013570099136e-5  ‖vε - vref‖ = 0.8171080723427245  α = 0.000485
 156   -137.8444843369      -10.40       -3.37    14.6s
    ‖ρε - ρref‖ = 9.585607973116908e-5 ‖Δρ‖ = 6.42187671190022e-5  ‖vε - vref‖ = 0.8171105535615617  α = 0.000415
 157   -137.8444843369      -10.67       -3.01    13.8s
    ‖ρε - ρref‖ = 0.00018773558516818655 ‖Δρ‖ = 0.00017352939741948262  ‖vε - vref‖ = 0.8171127181355025  α = 0.000111
 158   -137.8444843369      -11.30       -3.38    13.0s
    ‖ρε - ρref‖ = 0.0001309969389889155 ‖Δρ‖ = 0.00011450946109713892  ‖vε - vref‖ = 0.8171113422240305  α = 8.1e-5
 159   -137.8444843369      -10.45       -3.46    13.2s
    ‖ρε - ρref‖ = 8.228700249670044e-5 ‖Δρ‖ = 4.560062953008468e-5  ‖vε - vref‖ = 0.8171092936638047  α = 0.000548
 160   -137.8444843370      -10.58       -3.53    13.8s
    ‖ρε - ρref‖ = 8.229565087627059e-5 ‖Δρ‖ = 4.271998487653807e-5  ‖vε - vref‖ = 0.8171084202517209  α = 0.0005
 161   -137.8444843370      -10.49       -3.66    14.8s
    ‖ρε - ρref‖ = 7.617944551483052e-5 ‖Δρ‖ = 3.106014953169421e-5  ‖vε - vref‖ = 0.8170979808009401  α = 0.000748
 162   -137.8444843370      -10.65       -3.45    13.8s
    ‖ρε - ρref‖ = 9.450369141098715e-5 ‖Δρ‖ = 5.590612448819377e-5  ‖vε - vref‖ = 0.8170990242791201  α = 0.000347
 163   -137.8444843370      -10.71       -3.52    14.0s
    ‖ρε - ρref‖ = 7.415334897314273e-5 ‖Δρ‖ = 4.604996810634981e-5  ‖vε - vref‖ = 0.8170860652134303  α = 0.00041
 164   -137.8444843370      -10.84       -3.08    14.3s
    ‖ρε - ρref‖ = 0.0001719775821247831 ‖Δρ‖ = 0.00014055517828702303  ‖vε - vref‖ = 0.8170826552202479  α = 0.000115
 165   -137.8444843371      -11.10       -3.37    13.3s
    ‖ρε - ρref‖ = 5.941426930684571e-5 ‖Δρ‖ = 8.806659063082694e-5  ‖vε - vref‖ = 0.817071158110161  α = 0.000131
 166   -137.8444843371      -10.78       -3.19    13.8s
    ‖ρε - ρref‖ = 0.00014946398793974506 ‖Δρ‖ = 0.00010767641681642955  ‖vε - vref‖ = 0.8170714268862412  α = 0.000158
 167   -137.8444843371      -10.62       -3.64    13.6s
    ‖ρε - ρref‖ = 7.694572369119474e-5 ‖Δρ‖ = 3.31281232910414e-5  ‖vε - vref‖ = 0.8170601200647363  α = 0.000587
 168   -137.8444843371      -10.71       -3.34    13.3s
    ‖ρε - ρref‖ = 0.00010471841189845798 ‖Δρ‖ = 7.301442615442372e-5  ‖vε - vref‖ = 0.8170544499800921  α = 0.000248
 169   -137.8444843371      -10.92       -3.43    14.9s
    ‖ρε - ρref‖ = 0.00010495149016945093 ‖Δρ‖ = 7.755576096037158e-5  ‖vε - vref‖ = 0.8170521378315945  α = 0.000178
 170   -137.8444843371      -10.86       -3.14    14.1s
    ‖ρε - ρref‖ = 0.00014503037210017404 ‖Δρ‖ = 0.0001325379725137485  ‖vε - vref‖ = 0.8170442135015612  α = 0.000113
 171   -137.8444843372      -10.96       -3.17    13.6s
    ‖ρε - ρref‖ = 0.00014322555893155056 ‖Δρ‖ = 0.0001265728412391659  ‖vε - vref‖ = 0.8170390836421749  α = 0.000109
 172   -137.8444843372      -10.87       -3.78    13.3s
    ‖ρε - ρref‖ = 7.599436340318084e-5 ‖Δρ‖ = 2.860875383316516e-5  ‖vε - vref‖ = 0.8170300487586106  α = 0.000523
 173   -137.8444843372      -10.56       -3.76    13.8s
    ‖ρε - ρref‖ = 7.281650168709932e-5 ‖Δρ‖ = 2.2143240641474468e-5  ‖vε - vref‖ = 0.817003691786228  α = 0.000981
 174   -137.8444843372      -10.64       -3.76    13.3s
    ‖ρε - ρref‖ = 7.436669023736012e-5 ‖Δρ‖ = 2.3145686536191205e-5  ‖vε - vref‖ = 0.8169857776570953  α = 0.000846
 175   -137.8444843372      -10.88       -3.71    14.1s
    ‖ρε - ρref‖ = 6.853298638441471e-5 ‖Δρ‖ = 3.1835759128256745e-5  ‖vε - vref‖ = 0.8169697114975935  α = 0.000473
 176   -137.8444843372      -10.95       -3.11    13.7s
    ‖ρε - ρref‖ = 0.0001683433944470207 ‖Δρ‖ = 0.0001253498942161892  ‖vε - vref‖ = 0.8169662002804069  α = 0.000112
 177   -137.8444843372      -11.27       -3.28    14.4s
    ‖ρε - ρref‖ = 7.803569884869599e-5 ‖Δρ‖ = 0.0001009945890658169  ‖vε - vref‖ = 0.8169566408234745  α = 9.62e-5
 178   -137.8444843373      -11.06       -3.34    14.6s
    ‖ρε - ρref‖ = 0.00011635502425674537 ‖Δρ‖ = 7.24902960520097e-5  ‖vε - vref‖ = 0.8169553915052304  α = 0.000164
 179   -137.8444843373      -11.00       -3.76    14.9s
    ‖ρε - ρref‖ = 7.190300804793799e-5 ‖Δρ‖ = 2.864904052524053e-5  ‖vε - vref‖ = 0.8169413372673976  α = 0.000458
 180   -137.8444843373      -10.90       -3.74    14.5s
    ‖ρε - ρref‖ = 7.775586831245504e-5 ‖Δρ‖ = 3.13792557821629e-5  ‖vε - vref‖ = 0.8169318073074229  α = 0.000469
 181   -137.8444843373      -11.26       -3.33    14.6s
    ‖ρε - ρref‖ = 0.0001243001976734161 ‖Δρ‖ = 9.90492397446472e-5  ‖vε - vref‖ = 0.8169295851547868  α = 9.76e-5
 182   -137.8444843373      -11.29       -3.45    13.7s
    ‖ρε - ρref‖ = 0.00010526391924643067 ‖Δρ‖ = 8.002539476653388e-5  ‖vε - vref‖ = 0.8169253982148483  α = 0.000113
 183   -137.8444843373      -11.04       -3.53    14.7s
    ‖ρε - ρref‖ = 8.802054141610184e-5 ‖Δρ‖ = 5.175022918912696e-5  ‖vε - vref‖ = 0.8169203482633668  α = 0.000242
 184   -137.8444843373      -10.92       -3.56    14.4s
    ‖ρε - ρref‖ = 8.534268778742574e-5 ‖Δρ‖ = 4.81279058343674e-5  ‖vε - vref‖ = 0.8169145630592105  α = 0.000282
 185   -137.8444843373      -10.66       -3.67    13.7s
    ‖ρε - ρref‖ = 7.328600603698483e-5 ‖Δρ‖ = 2.8732316140255442e-5  ‖vε - vref‖ = 0.8168975547878312  α = 0.00065
 186   -137.8444843373      -10.78       -3.72    13.3s
    ‖ρε - ρref‖ = 7.628863623419075e-5 ‖Δρ‖ = 2.6371140609572856e-5  ‖vε - vref‖ = 0.8168796116885885  α = 0.00064
 187   -137.8444843374      -10.89       -3.80    14.6s
    ‖ρε - ρref‖ = 7.039314711942739e-5 ‖Δρ‖ = 2.3173376828120377e-5  ‖vε - vref‖ = 0.81686277829959  α = 0.000647
 188   -137.8444843374      -11.35       -3.47    13.7s
    ‖ρε - ρref‖ = 0.00012363512204399408 ‖Δρ‖ = 6.717884999729457e-5  ‖vε - vref‖ = 0.8168641292880864  α = 0.000134
 189   -137.8444843374      -11.00       -3.32    14.4s
    ‖ρε - ρref‖ = 7.191490028243763e-5 ‖Δρ‖ = 7.91725359596798e-5  ‖vε - vref‖ = 0.816850421154615  α = 0.000166
 190   -137.8444843374      -11.22       -3.18    12.6s
    ‖ρε - ρref‖ = 0.00014771542393543228 ‖Δρ‖ = 0.0001118088068394492  ‖vε - vref‖ = 0.8168499488659375  α = 9.41e-5
 191   -137.8444843374      -10.83       -3.82    13.3s
    ‖ρε - ρref‖ = 7.261918526961375e-5 ‖Δρ‖ = 2.1718091152690784e-5  ‖vε - vref‖ = 0.8168460696347832  α = 0.000712
 192   -137.8444843374      -11.38       -3.80    13.2s
    ‖ρε - ρref‖ = 7.705004318815011e-5 ‖Δρ‖ = 2.8258392832637465e-5  ‖vε - vref‖ = 0.8168455725621178  α = 0.000314
 193   -137.8444843374      -11.62       -3.48    15.1s
    ‖ρε - ρref‖ = 0.0001028532296264078 ‖Δρ‖ = 7.157358112067549e-5  ‖vε - vref‖ = 0.8168452629139218  α = 8.81e-5
 194   -137.8444843374      -11.28       -3.64    13.5s
    ‖ρε - ρref‖ = 7.969986654811688e-5 ‖Δρ‖ = 4.269967777457684e-5  ‖vε - vref‖ = 0.816838777543882  α = 0.000217
 195   -137.8444843374      -11.03       -3.50    12.7s
    ‖ρε - ρref‖ = 8.688171483018248e-5 ‖Δρ‖ = 5.188567111420108e-5  ‖vε - vref‖ = 0.8168279766396712  α = 0.000247
 196   -137.8444843374      -11.05       -3.56    13.1s
    ‖ρε - ρref‖ = 8.665089381809584e-5 ‖Δρ‖ = 4.5430126305204546e-5  ‖vε - vref‖ = 0.8168221189328816  α = 0.000258
 197   -137.8444843374      -10.99       -3.70    13.2s
    ‖ρε - ρref‖ = 7.476772812242204e-5 ‖Δρ‖ = 2.8763057875993954e-5  ‖vε - vref‖ = 0.8168109408095899  α = 0.000445
 198   -137.8444843374      -11.20       -3.70    13.5s
    ‖ρε - ρref‖ = 7.523670562287592e-5 ‖Δρ‖ = 3.4137840295528724e-5  ‖vε - vref‖ = 0.8167999656339845  α = 0.000294
 199   -137.8444843375      -10.90       -3.99    14.5s
    ‖ρε - ρref‖ = 7.021436645593621e-5 ‖Δρ‖ = 1.507881336939253e-5  ‖vε - vref‖ = 0.8167783670427794  α = 0.000951
 200   -137.8444843375      -11.56       -3.74    13.7s
    ‖ρε - ρref‖ = 0.0001000179375315282 ‖Δρ‖ = 3.910510105969008e-5  ‖vε - vref‖ = 0.8167772497825291  α = 0.000184
 201   -137.8444843375      -11.24       -3.38    14.6s
    ‖ρε - ρref‖ = 6.741836996080868e-5 ‖Δρ‖ = 7.73082029668099e-5  ‖vε - vref‖ = 0.8167611221868997  α = 0.000127
 202   -137.8444843375      -11.48       -3.54    13.5s
    ‖ρε - ρref‖ = 9.365820464149631e-5 ‖Δρ‖ = 5.084248300469774e-5  ‖vε - vref‖ = 0.8167575474218385  α = 0.000152
 203   -137.8444843375      -10.93       -3.64    14.3s
    ‖ρε - ρref‖ = 7.781708712559032e-5 ‖Δρ‖ = 3.315511634310029e-5  ‖vε - vref‖ = 0.8167437673464282  α = 0.00041
 204   -137.8444843375      -11.16       -3.86    14.1s
    ‖ρε - ρref‖ = 7.184546848056273e-5 ‖Δρ‖ = 2.014936186062448e-5  ‖vε - vref‖ = 0.816739902496129  α = 0.000538
 205   -137.8444843375      -11.64       -3.30    14.7s
    ‖ρε - ρref‖ = 0.00012835942471726871 ‖Δρ‖ = 0.0001056543192428658  ‖vε - vref‖ = 0.8167398486631188  α = 6.07e-5
 206   -137.8444843375      -11.39       -3.78    13.8s
    ‖ρε - ρref‖ = 7.625700619269848e-5 ‖Δρ‖ = 2.914891441524987e-5  ‖vε - vref‖ = 0.8167387370046086  α = 0.000281
 207   -137.8444843375      -11.49       -3.56    14.3s
    ‖ρε - ρref‖ = 8.90987881732816e-5 ‖Δρ‖ = 4.934739852597516e-5  ‖vε - vref‖ = 0.8167382744481432  α = 0.000154
 208   -137.8444843375      -11.31       -4.02    14.6s
    ‖ρε - ρref‖ = 7.33169641365006e-5 ‖Δρ‖ = 1.6954350092910212e-5  ‖vε - vref‖ = 0.8167346944462047  α = 0.000502
 209   -137.8444843375      -11.26       -3.76    14.2s
    ‖ρε - ρref‖ = 7.264616725087898e-5 ‖Δρ‖ = 2.845632410899879e-5  ‖vε - vref‖ = 0.8167224847422244  α = 0.000331
 210   -137.8444843375      -11.08       -3.83    13.9s
    ‖ρε - ρref‖ = 7.237103963405591e-5 ‖Δρ‖ = 2.2370241330574442e-5  ‖vε - vref‖ = 0.8167044673923839  α = 0.000534
 211   -137.8444843375      -11.55       -3.93    15.1s
    ‖ρε - ρref‖ = 7.173613306386661e-5 ‖Δρ‖ = 2.2707467632024325e-5  ‖vε - vref‖ = 0.8167001469216827  α = 0.0003
 212   -137.8444843375      -11.64       -3.94    13.9s
    ‖ρε - ρref‖ = 8.894190883435027e-5 ‖Δρ‖ = 2.411482097830232e-5  ‖vε - vref‖ = 0.8167006977603729  α = 0.000258
 213   -137.8444843375      -11.17       -3.42    14.7s
    ‖ρε - ρref‖ = 6.380052465140085e-5 ‖Δρ‖ = 6.165429040158348e-5  ‖vε - vref‖ = 0.816683957499604  α = 0.000165
 214   -137.8444843375      -11.46       -3.60    13.6s
    ‖ρε - ρref‖ = 8.629923976880452e-5 ‖Δρ‖ = 4.366324926900062e-5  ‖vε - vref‖ = 0.8166814115381077  α = 0.000182
 215   -137.8444843375      -11.32       -3.51    13.5s
    ‖ρε - ρref‖ = 8.575605123021213e-5 ‖Δρ‖ = 4.9424337013499484e-5  ‖vε - vref‖ = 0.8166792644025652  α = 0.000186
 216   -137.8444843375      -11.27       -4.00    14.6s
    ‖ρε - ρref‖ = 7.162959059435904e-5 ‖Δρ‖ = 1.5695479281351756e-5  ‖vε - vref‖ = 0.816680419065597  α = 0.000614
 217   -137.8444843375      -11.69       -3.35    13.3s
    ‖ρε - ρref‖ = 0.00012191160223166129 ‖Δρ‖ = 9.545580120129128e-5  ‖vε - vref‖ = 0.8166819745208935  α = 5.78e-5
 218   -137.8444843375      -11.40       -3.89    14.4s
    ‖ρε - ρref‖ = 7.422248400917436e-5 ‖Δρ‖ = 2.0084651682684307e-5  ‖vε - vref‖ = 0.8166847384701987  α = 0.000436
 219   -137.8444843375      -11.68       -3.67    13.6s
    ‖ρε - ρref‖ = 8.257650740235164e-5 ‖Δρ‖ = 3.979810130939482e-5  ‖vε - vref‖ = 0.8166853333112152  α = 0.000152
 220   -137.8444843376      -11.25       -3.90    13.8s
    ‖ρε - ρref‖ = 7.217221057629388e-5 ‖Δρ‖ = 1.9223040215399782e-5  ‖vε - vref‖ = 0.8166819093788238  α = 0.000519
 221   -137.8444843376      -11.35       -3.90    12.9s
    ‖ρε - ρref‖ = 6.943399094990644e-5 ‖Δρ‖ = 1.9055808569876516e-5  ‖vε - vref‖ = 0.8166713468677401  α = 0.000454
 222   -137.8444843376      -11.45       -3.81    14.5s
    ‖ρε - ρref‖ = 7.503391239183087e-5 ‖Δρ‖ = 2.6148990143942762e-5  ‖vε - vref‖ = 0.8166648569211314  α = 0.000278
 223   -137.8444843376      -11.45       -3.95    13.4s
    ‖ρε - ρref‖ = 6.899160510169671e-5 ‖Δρ‖ = 1.801847699273773e-5  ‖vε - vref‖ = 0.8166574385563958  α = 0.000419
 224   -137.8444843376      -12.11       -3.87    13.1s
    ‖ρε - ρref‖ = 9.832466260865279e-5 ‖Δρ‖ = 3.3137999452255784e-5  ‖vε - vref‖ = 0.8166596156256888  α = 0.000106
 225   -137.8444843376      -11.51       -3.78    14.8s
    ‖ρε - ρref‖ = 6.48658764381513e-5 ‖Δρ‖ = 2.5701428483702004e-5  ‖vε - vref‖ = 0.8166570938356169  α = 0.000295
 226   -137.8444843376      -11.73       -3.78    14.5s
    ‖ρε - ρref‖ = 7.915923420599835e-5 ‖Δρ‖ = 3.0036956734754173e-5  ‖vε - vref‖ = 0.8166601234923797  α = 0.00017
 227   -137.8444843376      -11.61       -3.75    13.9s
    ‖ρε - ρref‖ = 7.825814947285989e-5 ‖Δρ‖ = 2.7144378504800856e-5  ‖vε - vref‖ = 0.8166676549533334  α = 0.000258
 228   -137.8444843376      -11.40       -3.81    14.7s
    ‖ρε - ρref‖ = 7.461542603555626e-5 ‖Δρ‖ = 2.2900998353610452e-5  ‖vε - vref‖ = 0.8166734958846856  α = 0.000359
 229   -137.8444843376      -11.84       -3.51    14.6s
    ‖ρε - ρref‖ = 0.0001074898848230864 ‖Δρ‖ = 7.739687886225045e-5  ‖vε - vref‖ = 0.8166754171422086  α = 5.65e-5
 230   -137.8444843376      -11.34       -4.12    13.9s
    ‖ρε - ρref‖ = 7.019603520838372e-5 ‖Δρ‖ = 1.2190934417698697e-5  ‖vε - vref‖ = 0.8166733692462183  α = 0.000722
 231   -137.8444843376      -11.49       -3.75    13.4s
    ‖ρε - ρref‖ = 7.557199189539664e-5 ‖Δρ‖ = 3.022840750789117e-5  ‖vε - vref‖ = 0.8166700039319482  α = 0.000247
 232   -137.8444843376      -11.38       -3.57    13.9s
    ‖ρε - ρref‖ = 7.92818278304553e-5 ‖Δρ‖ = 4.086633766047868e-5  ‖vε - vref‖ = 0.8166638894932003  α = 0.000213
 233   -137.8444843376      -11.47       -4.00    13.7s
    ‖ρε - ρref‖ = 7.063438154047658e-5 ‖Δρ‖ = 1.370448722206309e-5  ‖vε - vref‖ = 0.8166579729332093  α = 0.000558
 234   -137.8444843376      -11.75       -4.25    13.8s
    ‖ρε - ρref‖ = 7.196979672457058e-5 ‖Δρ‖ = 1.0188313076519245e-5  ‖vε - vref‖ = 0.8166582636371559  α = 0.00052
 235   -137.8444843376      -11.42       -3.86    13.6s
    ‖ρε - ρref‖ = 6.592700358357709e-5 ‖Δρ‖ = 1.992461765545946e-5  ‖vε - vref‖ = 0.8166532945094318  α = 0.000386
 236   -137.8444843376      -12.10       -3.61    12.8s
    ‖ρε - ρref‖ = 0.0001247811344151521 ‖Δρ‖ = 6.094203063548558e-5  ‖vε - vref‖ = 0.8166556749642897  α = 6.04e-5
 237   -137.8444843376      -11.56       -4.01    12.7s
    ‖ρε - ρref‖ = 6.844345604019834e-5 ‖Δρ‖ = 1.6129725594491952e-5  ‖vε - vref‖ = 0.8166529655457611  α = 0.000402
 238   -137.8444843376      -12.00       -3.83    13.0s
    ‖ρε - ρref‖ = 7.598143723408436e-5 ‖Δρ‖ = 2.6849575988761894e-5  ‖vε - vref‖ = 0.8166532083935945  α = 0.000158
 239   -137.8444843376      -11.55       -3.85    13.6s
    ‖ρε - ρref‖ = 7.362485034439105e-5 ‖Δρ‖ = 2.002498983592593e-5  ‖vε - vref‖ = 0.8166544436135201  α = 0.000351
 240   -137.8444843376      -11.81       -3.92    12.3s
    ‖ρε - ρref‖ = 7.25771303326767e-5 ‖Δρ‖ = 2.5956036790670916e-5  ‖vε - vref‖ = 0.8166533128171451  α = 0.000201
 241   -137.8444843376      -11.52       -3.45    12.7s
    ‖ρε - ρref‖ = 8.950923067216065e-5 ‖Δρ‖ = 5.841168731439908e-5  ‖vε - vref‖ = 0.8166529878712313  α = 0.000117
 242   -137.8444843376      -11.77       -3.92    12.9s
    ‖ρε - ρref‖ = 7.387221985015105e-5 ‖Δρ‖ = 2.0033244587680837e-5  ‖vε - vref‖ = 0.8166550322514688  α = 0.000282
 243   -137.8444843376      -11.83       -4.12    12.8s
    ‖ρε - ρref‖ = 7.150360522133828e-5 ‖Δρ‖ = 1.3279956475900758e-5  ‖vε - vref‖ = 0.8166555801213559  α = 0.000402
 244   -137.8444843376      -11.47       -3.65    14.2s
    ‖ρε - ρref‖ = 7.545808358538286e-5 ‖Δρ‖ = 2.9761448209272985e-5  ‖vε - vref‖ = 0.8166551658359863  α = 0.000261
 245   -137.8444843376      -11.61       -4.03    14.6s
    ‖ρε - ρref‖ = 7.069286697549639e-5 ‖Δρ‖ = 1.5396104369604752e-5  ‖vε - vref‖ = 0.8166528026448016  α = 0.000396
 246   -137.8444843376      -11.57       -4.25    14.3s
    ‖ρε - ρref‖ = 7.116727472687434e-5 ‖Δρ‖ = 7.785658224501391e-6  ‖vε - vref‖ = 0.8166480211210951  α = 0.000855
 247   -137.8444843376      -12.01       -4.01    14.4s
    ‖ρε - ρref‖ = 5.6468222866154726e-5 ‖Δρ‖ = 2.2572605095999894e-5  ‖vε - vref‖ = 0.8166426761254526  α = 0.000182
 248   -137.8444843376      -11.88       -3.64    14.2s
    ‖ρε - ρref‖ = 0.00010471058231659198 ‖Δρ‖ = 4.595223127282919e-5  ‖vε - vref‖ = 0.8166431749031724  α = 9.61e-5
 249   -137.8444843376      -11.56       -3.88    14.3s
    ‖ρε - ρref‖ = 7.04677630513454e-5 ‖Δρ‖ = 1.9309208812165954e-5  ‖vε - vref‖ = 0.8166411473629175  α = 0.000354
 250   -137.8444843376      -11.77       -3.82    14.5s
    ‖ρε - ρref‖ = 7.313992327049113e-5 ‖Δρ‖ = 2.4403513728028806e-5  ‖vε - vref‖ = 0.8166411215878507  α = 0.000245
 251   -137.8444843376      -11.54       -3.60    13.7s
    ‖ρε - ρref‖ = 7.903066162965926e-5 ‖Δρ‖ = 4.0915823998275323e-5  ‖vε - vref‖ = 0.8166415351265299  α = 0.000158
 252   -137.8444843376      -12.32       -4.00    14.0s
    ‖ρε - ρref‖ = 7.352039251660459e-5 ‖Δρ‖ = 2.428900336137017e-5  ‖vε - vref‖ = 0.8166417655009252  α = 0.000135
 253   -137.8444843376      -11.74       -3.71    14.6s
    ‖ρε - ρref‖ = 7.924935854166253e-5 ‖Δρ‖ = 3.0686498108541146e-5  ‖vε - vref‖ = 0.8166452852175342  α = 0.000199
 254   -137.8444843376      -11.60       -4.20    13.2s
    ‖ρε - ρref‖ = 7.112314159735029e-5 ‖Δρ‖ = 9.212187121185564e-6  ‖vε - vref‖ = 0.816650501766812  α = 0.000666
 255   -137.8444843376      -11.91       -3.87    13.2s
    ‖ρε - ρref‖ = 7.324673412088745e-5 ‖Δρ‖ = 2.3272704378502442e-5  ‖vε - vref‖ = 0.8166525962955301  α = 0.000199
 256   -137.8444843376      -11.81       -3.89    14.5s
    ‖ρε - ρref‖ = 7.136317612211749e-5 ‖Δρ‖ = 2.2051843710385725e-5  ‖vε - vref‖ = 0.8166553240841696  α = 0.000246
 257   -137.8444843376      -11.75       -4.14    14.9s
    ‖ρε - ρref‖ = 7.116819766401208e-5 ‖Δρ‖ = 1.319430440682773e-5  ‖vε - vref‖ = 0.816660289634105  α = 0.000412
 258   -137.8444843376      -11.59       -4.15    13.5s
    ‖ρε - ρref‖ = 7.090485107494383e-5 ‖Δρ‖ = 1.0207466247001733e-5  ‖vε - vref‖ = 0.8166615298870901  α = 0.000635
 259   -137.8444843376      -12.07       -4.09    13.9s
    ‖ρε - ρref‖ = 5.64073638885779e-5 ‖Δρ‖ = 1.937169426969605e-5  ‖vε - vref‖ = 0.8166589360926017  α = 0.000165
 260   -137.8444843376      -11.98       -3.68    14.2s
    ‖ρε - ρref‖ = 9.340362991123819e-5 ‖Δρ‖ = 3.565955699932708e-5  ‖vε - vref‖ = 0.8166606268554742  α = 0.000132
 261   -137.8444843376      -12.03       -4.20    14.4s
    ‖ρε - ρref‖ = 7.033296895342102e-5 ‖Δρ‖ = 1.1390531787481822e-5  ‖vε - vref‖ = 0.8166600855391093  α = 0.00037
 262   -137.8444843377      -11.81       -3.86    14.7s
    ‖ρε - ρref‖ = 7.119089432905249e-5 ‖Δρ‖ = 2.2394572859527043e-5  ‖vε - vref‖ = 0.816658528468895  α = 0.00021
 263   -137.8444843377      -12.27       -3.77    13.5s
    ‖ρε - ρref‖ = 7.370489923742948e-5 ‖Δρ‖ = 3.005025316963592e-5  ‖vε - vref‖ = 0.8166577029712982  α = 0.000129
 264   -137.8444843377      -12.25       -4.02    14.6s
    ‖ρε - ρref‖ = 7.222845815273519e-5 ‖Δρ‖ = 2.155751038308884e-5  ‖vε - vref‖ = 0.8166577122977431  α = 0.000122
 265   -137.8444843377      -11.81       -3.85    14.4s
    ‖ρε - ρref‖ = 7.51041576764603e-5 ‖Δρ‖ = 2.2022699346272377e-5  ‖vε - vref‖ = 0.8166606868674624  α = 0.000216
 266   -137.8444843377      -11.64       -4.42    13.6s
    ‖ρε - ρref‖ = 7.007742103800414e-5 ‖Δρ‖ = 5.4145776852865225e-6  ‖vε - vref‖ = 0.816666329522905  α = 0.0011
 267   -137.8444843377      -12.07       -4.01    14.9s
    ‖ρε - ρref‖ = 7.270261115592176e-5 ‖Δρ‖ = 1.8359832232258237e-5  ‖vε - vref‖ = 0.8166685899678757  α = 0.000229
 268   -137.8444843377      -11.75       -3.86    13.7s
    ‖ρε - ρref‖ = 7.341896729392606e-5 ‖Δρ‖ = 2.1253461124256968e-5  ‖vε - vref‖ = 0.816672475146091  α = 0.000261
 269   -137.8444843377      -11.68       -4.08    14.1s
    ‖ρε - ρref‖ = 7.061126733046441e-5 ‖Δρ‖ = 1.18883761541792e-5  ‖vε - vref‖ = 0.8166769339552713  α = 0.000507
 270   -137.8444843377      -12.18       -4.19    15.1s
    ‖ρε - ρref‖ = 7.177319682153657e-5 ‖Δρ‖ = 1.1812297025040744e-5  ‖vε - vref‖ = 0.8166774220558928  α = 0.000295
 271   -137.8444843377      -12.47       -4.17    14.1s
    ‖ρε - ρref‖ = 5.459677225389381e-5 ‖Δρ‖ = 1.7896844644922875e-5  ‖vε - vref‖ = 0.8166758657303723  α = 0.000129
 272   -137.8444843377      -11.76       -3.96    13.9s
    ‖ρε - ρref‖ = 7.686341248080807e-5 ‖Δρ‖ = 1.7469026338068277e-5  ‖vε - vref‖ = 0.8166806405014981  α = 0.000306
 273   -137.8444843377      -11.96       -4.22    14.5s
    ‖ρε - ρref‖ = 7.06058466605953e-5 ‖Δρ‖ = 1.0177916369609027e-5  ‖vε - vref‖ = 0.8166830656913796  α = 0.000416
 274   -137.8444843377      -11.97       -3.82    14.0s
    ‖ρε - ρref‖ = 7.36155077069255e-5 ‖Δρ‖ = 2.6978453716469338e-5  ‖vε - vref‖ = 0.816684663430843  α = 0.000157
 275   -137.8444843377      -12.08       -3.95    14.2s
    ‖ρε - ρref‖ = 7.316356406998929e-5 ‖Δρ‖ = 2.390098540782604e-5  ‖vε - vref‖ = 0.8166865336968878  α = 0.00017
 276   -137.8444843377      -12.20       -3.77    14.9s
    ‖ρε - ρref‖ = 7.774362471080874e-5 ‖Δρ‖ = 3.790144402248672e-5  ‖vε - vref‖ = 0.8166877979719476  α = 9.16e-5
 277   -137.8444843377      -11.73       -3.95    13.9s
    ‖ρε - ρref‖ = 7.377629192856007e-5 ‖Δρ‖ = 1.835431641134501e-5  ‖vε - vref‖ = 0.8166934031921467  α = 0.000269
 278   -137.8444843377      -11.83       -4.16    14.4s
    ‖ρε - ρref‖ = 7.076219833969508e-5 ‖Δρ‖ = 1.1531784368099794e-5  ‖vε - vref‖ = 0.8166981936074494  α = 0.000453
 279   -137.8444843377      -12.13       -4.30    14.6s
    ‖ρε - ρref‖ = 7.024351014623678e-5 ‖Δρ‖ = 7.833780948679967e-6  ‖vε - vref‖ = 0.8167005747479663  α = 0.000492
 280   -137.8444843377      -11.92       -3.81    15.1s
    ‖ρε - ρref‖ = 7.341512659491256e-5 ‖Δρ‖ = 2.3172252101892236e-5  ‖vε - vref‖ = 0.8167043511983891  α = 0.000205
 281   -137.8444843377      -11.75       -4.16    14.4s
    ‖ρε - ρref‖ = 7.039119261224658e-5 ‖Δρ‖ = 1.0634965529451386e-5  ‖vε - vref‖ = 0.816707934500423  α = 0.000469
 282   -137.8444843377      -11.96       -4.33    13.4s
    ‖ρε - ρref‖ = 7.257714474799917e-5 ‖Δρ‖ = 7.404741780724768e-6  ‖vε - vref‖ = 0.8167111040613163  α = 0.000607
 283   -137.8444843377      -12.20       -3.66    13.3s
    ‖ρε - ρref‖ = 4.00677761131795e-5 ‖Δρ‖ = 4.7963908900733906e-5  ‖vε - vref‖ = 0.8167096100878256  α = 5.98e-5
 284   -137.8444843377      -12.04       -4.20    14.0s
    ‖ρε - ρref‖ = 7.210582495769976e-5 ‖Δρ‖ = 9.702953594728532e-6  ‖vε - vref‖ = 0.8167133374796886  α = 0.00044
 285   -137.8444843377      -11.93       -4.13    13.4s
    ‖ρε - ρref‖ = 7.073830986969444e-5 ‖Δρ‖ = 1.26397621737157e-5  ‖vε - vref‖ = 0.8167150409389712  α = 0.000302
 286   -137.8444843377      -12.47       -3.92    13.9s
    ‖ρε - ρref‖ = 7.23057723048512e-5 ‖Δρ‖ = 2.3532669724140966e-5  ‖vε - vref‖ = 0.8167155426826748  α = 0.000115
 287   -137.8444843377      -12.55       -4.11    14.3s
    ‖ρε - ρref‖ = 7.184877883853271e-5 ‖Δρ‖ = 1.602047830703051e-5  ‖vε - vref‖ = 0.8167170296177221  α = 0.000183
 288   -137.8444843377      -12.20       -3.73    13.5s
    ‖ρε - ρref‖ = 7.555352955550746e-5 ‖Δρ‖ = 2.9458846085066366e-5  ‖vε - vref‖ = 0.8167188734727223  α = 0.000122
 289   -137.8444843377      -11.96       -4.22    14.6s
    ‖ρε - ρref‖ = 7.193430490022634e-5 ‖Δρ‖ = 1.0765146709981792e-5  ‖vε - vref‖ = 0.8167217688055157  α = 0.000347
 290   -137.8444843377      -11.87       -4.14    14.1s
    ‖ρε - ρref‖ = 7.054496673134738e-5 ‖Δρ‖ = 1.2164408870227074e-5  ‖vε - vref‖ = 0.8167216862503871  α = 0.00035
 291   -137.8444843377      -12.15       -4.26    14.3s
    ‖ρε - ρref‖ = 7.019298815800632e-5 ‖Δρ‖ = 7.78704691212758e-6  ‖vε - vref‖ = 0.8167203637594176  α = 0.000562
 292   -137.8444843377      -12.04       -3.86    14.8s
    ‖ρε - ρref‖ = 7.337248191675633e-5 ‖Δρ‖ = 2.366744631275828e-5  ‖vε - vref‖ = 0.8167194639462801  α = 0.000133
 293   -137.8444843377      -11.94       -4.24    13.7s
    ‖ρε - ρref‖ = 6.952151556117048e-5 ‖Δρ‖ = 7.577461473376001e-6  ‖vε - vref‖ = 0.8167153539533409  α = 0.000643
 294   -137.8444843377      -12.04       -4.29    14.0s
    ‖ρε - ρref‖ = 7.439673004917687e-5 ‖Δρ‖ = 8.301348729846775e-6  ‖vε - vref‖ = 0.8167150432492571  α = 0.000466
 295   -137.8444843377      -12.20       -3.61    15.1s
    ‖ρε - ρref‖ = 4.815158168040923e-5 ‖Δρ‖ = 4.646272679218413e-5  ‖vε - vref‖ = 0.8167112690660858  α = 6.97e-5
 296   -137.8444843377      -11.90       -4.26    13.2s
    ‖ρε - ρref‖ = 7.105872435493073e-5 ‖Δρ‖ = 8.065578900614767e-6  ‖vε - vref‖ = 0.816710895568017  α = 0.000624
 297   -137.8444843377      -12.08       -4.20    13.6s
    ‖ρε - ρref‖ = 7.024213119789659e-5 ‖Δρ‖ = 1.1052695805972798e-5  ‖vε - vref‖ = 0.8167114080722173  α = 0.000308
 298   -137.8444843377      -12.17       -3.80    14.2s
    ‖ρε - ρref‖ = 7.249621630719594e-5 ‖Δρ‖ = 2.679835671844109e-5  ‖vε - vref‖ = 0.8167120499775017  α = 0.000136
 299   -137.8444843377      -12.18       -3.82    13.6s
    ‖ρε - ρref‖ = 7.668410315004523e-5 ‖Δρ‖ = 2.939751458713186e-5  ‖vε - vref‖ = 0.8167136033314343  α = 9.91e-5
 300   -137.8444843377      -12.18       -3.86    13.8s
    ‖ρε - ρref‖ = 7.434003366857116e-5 ‖Δρ‖ = 2.0611768760434193e-5  ‖vε - vref‖ = 0.8167163729427506  α = 0.000179
Trying again with Newton's method ...
n     Energy            log10(ΔE)   log10(Δρ)   Δtime 
---   ---------------   ---------   ---------   ------
  1   -137.8444843377                   -6.98    1211s
    ‖ρε - ρref‖ = 6.973609305647276e-5 ‖Δρ‖ = 1.1349049378141137e-8  ‖vε - vref‖ = 0.8167195181204365
  2   -137.8444843377      -10.91       -7.10    1220s
    ‖ρε - ρref‖ = 6.973640612458891e-5 ‖Δρ‖ = 8.846436431464209e-9  ‖vε - vref‖ = 0.8167359801099665

#-- ‖ρε - ρref‖ = 6.973640612458891e-5 vs. 1.0000000000000001e-7 = δ*ε ‖vε - vref‖ = 0.8167359801099665


# --- ε=5.623413251903491e-6

n     Energy            log10(ΔE)   log10(Δρ)   Δtime 
---   ---------------   ---------   ---------   ------
  1   -137.8443188384                    0.58    18.4s
    ‖ρε - ρref‖ = 1.3077899012908776 ‖Δρ‖ = 1.3077653821404565  ‖vε - vref‖ = 3.7032440435354443  α = 3.0e-5
  2   -137.8443241987       -5.27       -0.37    11.5s
    ‖ρε - ρref‖ = 0.0961470741057464 ‖Δρ‖ = 0.09613869803070309  ‖vε - vref‖ = 3.477874892453721  α = 7.3e-5
  3   -137.8443256648       -5.83       -0.32    12.7s
    ‖ρε - ρref‖ = 0.11302656515539168 ‖Δρ‖ = 0.11302217465445621  ‖vε - vref‖ = 3.42848644380741  α = 3.37e-5
  4   -137.8443287422       -5.51       -0.82    12.1s
    ‖ρε - ρref‖ = 0.0281045288475112 ‖Δρ‖ = 0.028093953229756514  ‖vε - vref‖ = 3.2081093592898453  α = 0.000194
  5   -137.8443295229       -6.11       -0.89    13.6s
    ‖ρε - ρref‖ = 0.028414879470952083 ‖Δρ‖ = 0.028410071924521354  ‖vε - vref‖ = 3.134493837532581  α = 9.02e-5
  6   -137.8443297357       -6.67       -1.00    13.0s
    ‖ρε - ρref‖ = 0.018974999178006373 ‖Δρ‖ = 0.018974460875815034  ‖vε - vref‖ = 3.1352215245884296  α = 7.73e-5
  7   -137.8443299584       -6.65       -1.09    11.8s
    ‖ρε - ρref‖ = 0.013251581364645113 ‖Δρ‖ = 0.013251175776465875  ‖vε - vref‖ = 3.1444132223785894  α = 0.000112
  8   -137.8443300223       -7.19       -1.43    13.5s
    ‖ρε - ρref‖ = 0.007778425428180536 ‖Δρ‖ = 0.00777644837353367  ‖vε - vref‖ = 3.1382894490565567  α = 0.000103
  9   -137.8443301077       -7.07       -1.45    12.3s
    ‖ρε - ρref‖ = 0.007285394332276591 ‖Δρ‖ = 0.007282436580412804  ‖vε - vref‖ = 3.125436202977948  α = 0.000127
 10   -137.8443303200       -6.67       -1.70    12.4s
    ‖ρε - ρref‖ = 0.003078361644414383 ‖Δρ‖ = 0.003076397219445915  ‖vε - vref‖ = 3.1122607997442056  α = 0.000479
 11   -137.8443304745       -6.81       -1.88    13.5s
    ‖ρε - ρref‖ = 0.0018640933974728789 ‖Δρ‖ = 0.0018642201615531788  ‖vε - vref‖ = 3.1162814712045424  α = 0.000673
 12   -137.8443503490       -4.70        0.24    13.6s
    ‖ρε - ρref‖ = 0.5230792827552476 ‖Δρ‖ = 0.5231134628040737  ‖vε - vref‖ = 0.8483547731529248  α = 1.81e-5
 13   -137.8443504154       -7.18       -1.73    12.6s
    ‖ρε - ρref‖ = 0.0024086323101345586 ‖Δρ‖ = 0.0024046856531602955  ‖vε - vref‖ = 0.8335753680679684  α = 0.000343
 14   -137.8443504452       -7.53       -2.01    14.2s
    ‖ρε - ρref‖ = 0.0014686231857563266 ‖Δρ‖ = 0.0014665935491318628  ‖vε - vref‖ = 0.8285284561314151  α = 0.000378
 15   -137.8443504526       -8.13       -1.64    14.1s
    ‖ρε - ρref‖ = 0.005501465593725825 ‖Δρ‖ = 0.005499388079597539  ‖vε - vref‖ = 0.8273665912513204  α = 4.77e-5
 16   -137.8443504772       -7.61       -1.64    13.3s
    ‖ρε - ρref‖ = 0.0034894707864412274 ‖Δρ‖ = 0.003489554720248081  ‖vε - vref‖ = 0.8261464632593774  α = 0.000143
 17   -137.8443504973       -7.70       -1.99    13.9s
    ‖ρε - ρref‖ = 0.001668346337556848 ‖Δρ‖ = 0.0016682336643917685  ‖vε - vref‖ = 0.8242689577097048  α = 0.000262
 18   -137.8443505116       -7.85       -1.56    14.2s
    ‖ρε - ρref‖ = 0.004542676660633513 ‖Δρ‖ = 0.004540571452767357  ‖vε - vref‖ = 0.8225601427380226  α = 8.41e-5
 19   -137.8443505208       -8.04       -1.80    13.4s
    ‖ρε - ρref‖ = 0.002966112209255726 ‖Δρ‖ = 0.002963828998682817  ‖vε - vref‖ = 0.8226795400359365  α = 9.68e-5
 20   -137.8443505351       -7.84       -1.91    12.6s
    ‖ρε - ρref‖ = 0.0017970419098512348 ‖Δρ‖ = 0.0017965229342808014  ‖vε - vref‖ = 0.8221617325475855  α = 0.000215
 21   -137.8443505427       -8.12       -1.69    13.5s
    ‖ρε - ρref‖ = 0.003637230049059944 ‖Δρ‖ = 0.0036371006340281775  ‖vε - vref‖ = 0.8216165769437428  α = 7.53e-5
 22   -137.8443505597       -7.77       -2.07    13.4s
    ‖ρε - ρref‖ = 0.0011976514335083842 ‖Δρ‖ = 0.0011970105606204742  ‖vε - vref‖ = 0.8215931805221508  α = 0.000348
 23   -137.8443507472       -6.73       -0.68    13.5s
    ‖ρε - ρref‖ = 0.0647018605519939 ‖Δρ‖ = 0.06473781808847387  ‖vε - vref‖ = 0.7670137837172074  α = 1.99e-5
 24   -137.8443507558       -8.07       -2.11    14.5s
    ‖ρε - ρref‖ = 0.0012969804149436338 ‖Δρ‖ = 0.0012965250844308393  ‖vε - vref‖ = 0.7667920850895121  α = 0.000217
 25   -137.8443507599       -8.38       -2.32    13.8s
    ‖ρε - ρref‖ = 0.0008817815557258166 ‖Δρ‖ = 0.0008764676752247169  ‖vε - vref‖ = 0.7671846207562293  α = 0.000226
 26   -137.8443507713       -7.94       -2.28    14.3s
    ‖ρε - ρref‖ = 0.0007232881615081862 ‖Δρ‖ = 0.0007227731733040573  ‖vε - vref‖ = 0.7669955554774098  α = 0.000469
 27   -137.8443507728       -8.83       -1.86    13.7s
    ‖ρε - ρref‖ = 0.0034076953878888097 ‖Δρ‖ = 0.0034091415581643044  ‖vε - vref‖ = 0.7669357088123838  α = 3.45e-5
 28   -137.8443507777       -8.31       -2.12    13.0s
    ‖ρε - ρref‖ = 0.0011292899228536111 ‖Δρ‖ = 0.0011285017503075078  ‖vε - vref‖ = 0.766919692151555  α = 0.000198
 29   -137.8443507834       -8.24       -2.39    13.8s
    ‖ρε - ρref‖ = 0.0006169742372721163 ‖Δρ‖ = 0.0006132645728108538  ‖vε - vref‖ = 0.766983318372336  α = 0.000389
 30   -137.8443507857       -8.65       -1.96    13.3s
    ‖ρε - ρref‖ = 0.0019222767322948171 ‖Δρ‖ = 0.0019222214932202138  ‖vε - vref‖ = 0.7669776996290144  α = 7.92e-5
 31   -137.8443507905       -8.32       -2.05    13.0s
    ‖ρε - ρref‖ = 0.0011981849892711554 ‖Δρ‖ = 0.0011988927470253533  ‖vε - vref‖ = 0.7668976369925828  α = 0.000183
 32   -137.8443507922       -8.77       -2.12    13.4s
    ‖ρε - ρref‖ = 0.0014043088858648684 ‖Δρ‖ = 0.0014024714194457698  ‖vε - vref‖ = 0.7668979957541427  α = 8.96e-5
 33   -137.8443507943       -8.68       -2.32    13.9s
    ‖ρε - ρref‖ = 0.0008772997219872837 ‖Δρ‖ = 0.0008742190115188176  ‖vε - vref‖ = 0.7671343278581931  α = 0.00016
 34   -137.8443507972       -8.53       -2.14    13.6s
    ‖ρε - ρref‖ = 0.0011745967541841708 ‖Δρ‖ = 0.001191325925044616  ‖vε - vref‖ = 0.7670774576164301  α = 0.000135
 35   -137.8443507985       -8.92       -1.88    13.7s
    ‖ρε - ρref‖ = 0.0029676536135921226 ‖Δρ‖ = 0.0029365083701123383  ‖vε - vref‖ = 0.7672787981210679  α = 3.66e-5
 36   -137.8443508030       -8.34       -2.37    14.0s
    ‖ρε - ρref‖ = 0.0006806109173444502 ‖Δρ‖ = 0.0006847422715236556  ‖vε - vref‖ = 0.7673235729783485  α = 0.000308
 37   -137.8443508073       -8.37       -2.35    13.4s
    ‖ρε - ρref‖ = 0.0006601250084610899 ‖Δρ‖ = 0.0006571090123757536  ‖vε - vref‖ = 0.767491857127394  α = 0.000316
 38   -137.8443508104       -8.51       -2.63    13.9s
    ‖ρε - ρref‖ = 0.0003763671183210474 ‖Δρ‖ = 0.0003748760581229882  ‖vε - vref‖ = 0.7676960092324494  α = 0.000464
 39   -137.8443508116       -8.90       -1.87    13.6s
    ‖ρε - ρref‖ = 0.0028676712693941294 ‖Δρ‖ = 0.0028662112074165423  ‖vε - vref‖ = 0.7677571108694486  α = 3.79e-5
 40   -137.8443508159       -8.37       -2.22    13.7s
    ‖ρε - ρref‖ = 0.0008785731205004662 ‖Δρ‖ = 0.0008786515956743969  ‖vε - vref‖ = 0.76807734625564  α = 0.000232
 41   -137.8443508188       -8.53       -2.43    15.1s
    ‖ρε - ρref‖ = 0.0006374741427882432 ‖Δρ‖ = 0.0006330741990559771  ‖vε - vref‖ = 0.7683858845607593  α = 0.000257
 42   -137.8443508216       -8.55       -2.23    13.9s
    ‖ρε - ρref‖ = 0.0009607573809607958 ‖Δρ‖ = 0.0009611809372106218  ‖vε - vref‖ = 0.7686126455601635  α = 0.000177
 43   -137.8443508237       -8.69       -1.96    14.3s
    ‖ρε - ρref‖ = 0.001974383163541094 ‖Δρ‖ = 0.0019757929139756956  ‖vε - vref‖ = 0.7687700304457784  α = 7.24e-5
 44   -137.8443508274       -8.42       -2.38    13.4s
    ‖ρε - ρref‖ = 0.0006334585377632695 ‖Δρ‖ = 0.0006296368671770186  ‖vε - vref‖ = 0.7690818166650994  α = 0.000311
 45   -137.8443508289       -8.83       -2.05    14.8s
    ‖ρε - ρref‖ = 0.0016620936126082357 ‖Δρ‖ = 0.0016623571542801912  ‖vε - vref‖ = 0.7691991334933199  α = 7.46e-5
 46   -137.8443508307       -8.74       -2.32    13.8s
    ‖ρε - ρref‖ = 0.0008206117477949281 ‖Δρ‖ = 0.000804850391262261  ‖vε - vref‖ = 0.7695226462132383  α = 0.000163
 47   -137.8443508316       -9.09       -2.05    13.3s
    ‖ρε - ρref‖ = 0.002102711013956316 ‖Δρ‖ = 0.0021346755666665153  ‖vε - vref‖ = 0.7695121364493358  α = 4.11e-5
 48   -137.8443508338       -8.65       -2.38    13.7s
    ‖ρε - ρref‖ = 0.0007779997270937246 ‖Δρ‖ = 0.0007725030454917076  ‖vε - vref‖ = 0.769951415531932  α = 0.00018
 49   -137.8443508380       -8.38       -2.22    14.4s
    ‖ρε - ρref‖ = 0.0008529985399088417 ‖Δρ‖ = 0.0008494808034431606  ‖vε - vref‖ = 0.7705478291460108  α = 0.00023
 50   -137.8443508410       -8.52       -2.45    14.0s
    ‖ρε - ρref‖ = 0.0005928455962193909 ‖Δρ‖ = 0.0005888684441227845  ‖vε - vref‖ = 0.7710748775682758  α = 0.000286
 51   -137.8443508420       -9.02       -2.16    13.6s
    ‖ρε - ρref‖ = 0.001734611693921222 ‖Δρ‖ = 0.0017324995503443458  ‖vε - vref‖ = 0.7712578735506586  α = 5.49e-5
 52   -137.8443508477       -8.24       -2.14    14.0s
    ‖ρε - ρref‖ = 0.0010485474326153489 ‖Δρ‖ = 0.0010494597946254511  ‖vε - vref‖ = 0.7719451418357025  α = 0.000221
 53   -137.8443508502       -8.60       -2.52    14.2s
    ‖ρε - ρref‖ = 0.00045795347823751934 ‖Δρ‖ = 0.0004550772434559252  ‖vε - vref‖ = 0.77233354836785  α = 0.000351
 54   -137.8443508524       -8.66       -2.40    13.8s
    ‖ρε - ρref‖ = 0.0006346236012334577 ‖Δρ‖ = 0.0006330986224230915  ‖vε - vref‖ = 0.7726308235983472  α = 0.000235
 55   -137.8443508548       -8.62       -1.97    12.5s
    ‖ρε - ρref‖ = 0.0018106819315912813 ‖Δρ‖ = 0.001809492474427185  ‖vε - vref‖ = 0.7729513149645205  α = 8.68e-5
 56   -137.8443508582       -8.47       -2.31    14.0s
    ‖ρε - ρref‖ = 0.0008280762059521642 ‖Δρ‖ = 0.0008230201312555422  ‖vε - vref‖ = 0.7734891360153161  α = 0.000218
 57   -137.8443508597       -8.81       -2.14    13.8s
    ‖ρε - ρref‖ = 0.0012466691135496568 ‖Δρ‖ = 0.001250874239123226  ‖vε - vref‖ = 0.7736402335636872  α = 0.0001
 58   -137.8443508610       -8.91       -2.19    13.8s
    ‖ρε - ρref‖ = 0.0012073327030698436 ‖Δρ‖ = 0.001193119703684404  ‖vε - vref‖ = 0.7738390553433043  α = 9.36e-5
 59   -137.8443508618       -9.08       -2.21    14.0s
    ‖ρε - ρref‖ = 0.0014336924346446992 ‖Δρ‖ = 0.0014657604567691863  ‖vε - vref‖ = 0.7738661627377639  α = 5.91e-5
 60   -137.8443508667       -8.31       -2.23    13.6s
    ‖ρε - ρref‖ = 0.000859804494565304 ‖Δρ‖ = 0.000852265414977849  ‖vε - vref‖ = 0.7744677982610131  α = 0.000249
 61   -137.8443508686       -8.71       -2.40    13.1s
    ‖ρε - ρref‖ = 0.000764545175114749 ‖Δρ‖ = 0.0007602326873095638  ‖vε - vref‖ = 0.7747413397880087  α = 0.00016
 62   -137.8443508715       -8.54       -2.31    13.9s
    ‖ρε - ρref‖ = 0.0007156239894208829 ‖Δρ‖ = 0.0007158430205649998  ‖vε - vref‖ = 0.7749218935858359  α = 0.000228
 63   -137.8443508722       -9.17       -2.06    14.5s
    ‖ρε - ρref‖ = 0.0020280787485383155 ‖Δρ‖ = 0.002025843779175145  ‖vε - vref‖ = 0.7749792297147943  α = 3.94e-5
 64   -137.8443508742       -8.68       -2.22    14.7s
    ‖ρε - ρref‖ = 0.0008554096969666546 ‖Δρ‖ = 0.0008515975626181059  ‖vε - vref‖ = 0.7751990938585266  α = 0.000169
 65   -137.8443508759       -8.79       -2.55    13.3s
    ‖ρε - ρref‖ = 0.0003841237672449383 ‖Δρ‖ = 0.00038363285724668885  ‖vε - vref‖ = 0.7753814377261772  α = 0.00034
 66   -137.8443508778       -8.71       -2.75    13.8s
    ‖ρε - ρref‖ = 0.0002735369352386094 ‖Δρ‖ = 0.0002694411656465083  ‖vε - vref‖ = 0.775572887654081  α = 0.000512
 67   -137.8443508788       -8.99       -1.99    13.2s
    ‖ρε - ρref‖ = 0.0017534939339378913 ‖Δρ‖ = 0.0017522995895145662  ‖vε - vref‖ = 0.7756428674910247  α = 5.85e-5
 68   -137.8443508802       -8.87       -2.56    14.9s
    ‖ρε - ρref‖ = 0.00042295647377379504 ‖Δρ‖ = 0.0004196546779481357  ‖vε - vref‖ = 0.7756837274754254  α = 0.000267
 69   -137.8443508810       -9.07       -2.37    13.9s
    ‖ρε - ρref‖ = 0.0007408623530346034 ‖Δρ‖ = 0.0007486202702499444  ‖vε - vref‖ = 0.7756287584314994  α = 0.000122
 70   -137.8443508818       -9.12       -2.21    13.5s
    ‖ρε - ρref‖ = 0.0011414028486260686 ‖Δρ‖ = 0.0011201373525193223  ‖vε - vref‖ = 0.7756664382800583  α = 7.79e-5
 71   -137.8443508821       -9.47       -2.21    13.9s
    ‖ρε - ρref‖ = 0.0014262699315033909 ‖Δρ‖ = 0.0014518630808672097  ‖vε - vref‖ = 0.7756098494132806  α = 3.9e-5
 72   -137.8443508827       -9.20       -2.73    13.7s
    ‖ρε - ρref‖ = 0.000385243330881682 ‖Δρ‖ = 0.0003768910705420343  ‖vε - vref‖ = 0.7756525104221867  α = 0.000203
 73   -137.8443508841       -8.87       -2.64    13.2s
    ‖ρε - ρref‖ = 0.0003390309466314915 ‖Δρ‖ = 0.000340131970917365  ‖vε - vref‖ = 0.7756538104500869  α = 0.000331
 74   -137.8443508848       -9.12       -2.55    13.4s
    ‖ρε - ρref‖ = 0.0005291910853550602 ‖Δρ‖ = 0.0005323653538725843  ‖vε - vref‖ = 0.775616922011938  α = 0.000148
 75   -137.8443508853       -9.31       -2.11    13.8s
    ‖ρε - ρref‖ = 0.0015360142214810204 ‖Δρ‖ = 0.0015342988133301104  ‖vε - vref‖ = 0.7756068387458694  α = 4.51e-5
 76   -137.8443508862       -9.07       -2.34    13.3s
    ‖ρε - ρref‖ = 0.000742939122584531 ‖Δρ‖ = 0.0007355828021032832  ‖vε - vref‖ = 0.7756061227808657  α = 0.000123
 77   -137.8443508870       -9.10       -2.82    14.0s
    ‖ρε - ρref‖ = 0.0002197071279822552 ‖Δρ‖ = 0.0002140577927149228  ‖vε - vref‖ = 0.7756437361173187  α = 0.000422
 78   -137.8443508878       -9.07       -2.69    13.3s
    ‖ρε - ρref‖ = 0.00029393784343553753 ‖Δρ‖ = 0.00029206290123951655  ‖vε - vref‖ = 0.7757225908893643  α = 0.000317
 79   -137.8443508880       -9.74       -2.48    13.2s
    ‖ρε - ρref‖ = 0.0005973094189200333 ‖Δρ‖ = 0.0005969451327078795  ‖vε - vref‖ = 0.7757457099510165  α = 7.31e-5
 80   -137.8443508885       -9.33       -2.63    13.9s
    ‖ρε - ρref‖ = 0.0003424940949699291 ‖Δρ‖ = 0.0003393682862669838  ‖vε - vref‖ = 0.7758233829530701  α = 0.000206
 81   -137.8443508889       -9.36       -2.86    14.0s
    ‖ρε - ρref‖ = 0.00023936120479568662 ‖Δρ‖ = 0.00024801952563526284  ‖vε - vref‖ = 0.775853821753133  α = 0.000262
 82   -137.8443508892       -9.54       -2.38    14.1s
    ‖ρε - ρref‖ = 0.0010429344966019084 ‖Δρ‖ = 0.0010165189655959995  ‖vε - vref‖ = 0.7759393054849222  α = 5.2e-5
 83   -137.8443508894       -9.69       -2.45    13.8s
    ‖ρε - ρref‖ = 0.0007417543429247302 ‖Δρ‖ = 0.0007606565523527355  ‖vε - vref‖ = 0.7759389460237874  α = 5.91e-5
 84   -137.8443508902       -9.11       -2.62    13.4s
    ‖ρε - ρref‖ = 0.0003368569033745775 ‖Δρ‖ = 0.0003293291430877188  ‖vε - vref‖ = 0.7760382661019749  α = 0.000268
 85   -137.8443508907       -9.33       -2.72    13.4s
    ‖ρε - ρref‖ = 0.0003235014888401509 ‖Δρ‖ = 0.00032458776343868997  ‖vε - vref‖ = 0.7760855198586821  α = 0.000206
 86   -137.8443508909       -9.69       -2.73    14.3s
    ‖ρε - ρref‖ = 0.0003815895091295647 ‖Δρ‖ = 0.00038282432937665625  ‖vε - vref‖ = 0.7761078998875551  α = 0.000105
 87   -137.8443508910       -9.82       -2.38    13.4s
    ‖ρε - ρref‖ = 0.0008895990353811715 ‖Δρ‖ = 0.0008878889483039587  ‖vε - vref‖ = 0.776143331200825  α = 4.33e-5
 88   -137.8443508914       -9.45       -2.88    13.0s
    ‖ρε - ρref‖ = 0.0002312901649012384 ‖Δρ‖ = 0.00022230124475064683  ‖vε - vref‖ = 0.7762532322053577  α = 0.000258
 89   -137.8443508918       -9.41       -2.76    13.8s
    ‖ρε - ρref‖ = 0.00028474654705633974 ‖Δρ‖ = 0.000283286402986869  ‖vε - vref‖ = 0.7763405574828766  α = 0.000205
 90   -137.8443508921       -9.46       -2.83    13.6s
    ‖ρε - ρref‖ = 0.0002280840448406587 ‖Δρ‖ = 0.00022313670935211787  ‖vε - vref‖ = 0.7764515958757408  α = 0.000252
 91   -137.8443508923       -9.60       -2.89    13.6s
    ‖ρε - ρref‖ = 0.00019880160056312554 ‖Δρ‖ = 0.00019630668634350185  ‖vε - vref‖ = 0.7765263965386399  α = 0.00026
 92   -137.8443508928       -9.38       -2.38    12.5s
    ‖ρε - ρref‖ = 0.0006493388416801485 ‖Δρ‖ = 0.000647610082484505  ‖vε - vref‖ = 0.7766409615034339  α = 9.97e-5
 93   -137.8443508930       -9.57       -2.76    14.2s
    ‖ρε - ρref‖ = 0.00024584579351009115 ‖Δρ‖ = 0.00025116944089941554  ‖vε - vref‖ = 0.7767066128902965  α = 0.000206
 94   -137.8443508931      -10.26       -2.56    13.3s
    ‖ρε - ρref‖ = 0.0006707312165313596 ‖Δρ‖ = 0.0006391863119968635  ‖vε - vref‖ = 0.7767481190393786  α = 3.61e-5
 95   -137.8443508932       -9.93       -2.88    13.4s
    ‖ρε - ρref‖ = 0.00022440536327457636 ‖Δρ‖ = 0.0002349495795701591  ‖vε - vref‖ = 0.7767766819420078  α = 0.000148
 96   -137.8443508935       -9.55       -2.58    13.3s
    ‖ρε - ρref‖ = 0.0003817611301924318 ‖Δρ‖ = 0.0003775565040744319  ‖vε - vref‖ = 0.7768898932205553  α = 0.000144
 97   -137.8443508938       -9.47       -3.04    14.1s
    ‖ρε - ρref‖ = 0.00015316464585889806 ‖Δρ‖ = 0.00014743154673308302  ‖vε - vref‖ = 0.7770406941110933  α = 0.000397
 98   -137.8443508939      -10.06       -2.80    14.4s
    ‖ρε - ρref‖ = 0.0003835658839231414 ‖Δρ‖ = 0.00038260036936462534  ‖vε - vref‖ = 0.7770762733565745  α = 7.13e-5
 99   -137.8443508941       -9.80       -2.51    13.7s
    ‖ρε - ρref‖ = 0.0005391517548877363 ‖Δρ‖ = 0.00053628192262689  ‖vε - vref‖ = 0.7771528880107972  α = 7.55e-5
 100   -137.8443508943       -9.72       -3.00    13.4s
    ‖ρε - ρref‖ = 0.00020413181629047112 ‖Δρ‖ = 0.0001981822136305798  ‖vε - vref‖ = 0.7772499126668506  α = 0.0002
 101   -137.8443508945       -9.54       -2.90    13.8s
    ‖ρε - ρref‖ = 0.00020303671872173173 ‖Δρ‖ = 0.00020037564833057768  ‖vε - vref‖ = 0.7773710275257535  α = 0.000257
 102   -137.8443508947       -9.89       -3.02    14.6s
    ‖ρε - ρref‖ = 0.00018760744478652576 ‖Δρ‖ = 0.00017902235000107257  ‖vε - vref‖ = 0.7774390645028441  α = 0.000186
 103   -137.8443508948       -9.78       -2.96    13.5s
    ‖ρε - ρref‖ = 0.00016442811397653062 ‖Δρ‖ = 0.0001625848674939055  ‖vε - vref‖ = 0.777491575299092  α = 0.000254
 104   -137.8443508949      -10.00       -2.53    13.8s
    ‖ρε - ρref‖ = 0.000506018773211899 ‖Δρ‖ = 0.0005043261401321959  ‖vε - vref‖ = 0.7775214851997891  α = 6.31e-5
 105   -137.8443508952       -9.67       -3.10    13.7s
    ‖ρε - ρref‖ = 0.00011281158097476694 ‖Δρ‖ = 0.00011681901853545641  ‖vε - vref‖ = 0.7775808048282261  α = 0.000398
 106   -137.8443508953      -10.04       -2.47    14.8s
    ‖ρε - ρref‖ = 0.0007198227640933051 ‖Δρ‖ = 0.0006878863710239017  ‖vε - vref‖ = 0.7776440911911292  α = 4.25e-5
 107   -137.8443508955       -9.68       -2.62    14.7s
    ‖ρε - ρref‖ = 0.0003253814168047289 ‖Δρ‖ = 0.0003354350688514492  ‖vε - vref‖ = 0.7777052583229412  α = 0.000136
 108   -137.8443508955      -10.24       -2.67    13.8s
    ‖ρε - ρref‖ = 0.00040572023529194607 ‖Δρ‖ = 0.0004017267623760282  ‖vε - vref‖ = 0.7777345984269215  α = 6.14e-5
 109   -137.8443508957       -9.66       -3.23    13.1s
    ‖ρε - ρref‖ = 8.794717664751258e-5 ‖Δρ‖ = 7.704830311570209e-5  ‖vε - vref‖ = 0.7779052488043532  α = 0.000611
 110   -137.8443508958      -10.37       -2.94    13.5s
    ‖ρε - ρref‖ = 0.00027977147858073006 ‖Δρ‖ = 0.0002762026494706897  ‖vε - vref‖ = 0.7779369015570544  α = 7.09e-5
 111   -137.8443508959       -9.87       -2.71    12.6s
    ‖ρε - ρref‖ = 0.0003359161492333533 ‖Δρ‖ = 0.00032838718075833134  ‖vε - vref‖ = 0.7780507443193678  α = 0.000112
 112   -137.8443508960       -9.86       -3.06    14.1s
    ‖ρε - ρref‖ = 0.0001389886502504068 ‖Δρ‖ = 0.00013276529417831595  ‖vε - vref‖ = 0.7781502617424261  α = 0.000264
 113   -137.8443508962       -9.93       -2.95    15.0s
    ‖ρε - ρref‖ = 0.0001902365581771731 ‖Δρ‖ = 0.00019058075901930138  ‖vε - vref‖ = 0.7782163610534716  α = 0.000171
 114   -137.8443508963       -9.77       -3.04    15.1s
    ‖ρε - ρref‖ = 0.0001465616209463355 ‖Δρ‖ = 0.00014129664412396566  ‖vε - vref‖ = 0.7783265223969428  α = 0.00029
 115   -137.8443508964      -10.14       -3.05    14.0s
    ‖ρε - ρref‖ = 0.00015738244707456605 ‖Δρ‖ = 0.00015678530515920126  ‖vε - vref‖ = 0.7783639101212383  α = 0.00017
 116   -137.8443508965      -10.02       -2.70    14.6s
    ‖ρε - ρref‖ = 0.0003141446597050743 ‖Δρ‖ = 0.0003106450877889231  ‖vε - vref‖ = 0.7784272858081375  α = 9.93e-5
 117   -137.8443508966       -9.98       -2.88    12.6s
    ‖ρε - ρref‖ = 0.0002054018989128255 ‖Δρ‖ = 0.0002105083681226774  ‖vε - vref‖ = 0.7784988123893407  α = 0.000153
 118   -137.8443508966      -10.53       -2.80    14.5s
    ‖ρε - ρref‖ = 0.0004429327055193715 ‖Δρ‖ = 0.00040843008660202925  ‖vε - vref‖ = 0.778543248211479  α = 3.98e-5
 119   -137.8443508967       -9.98       -2.99    14.3s
    ‖ρε - ρref‖ = 0.00015542562348248485 ‖Δρ‖ = 0.00015892056009557555  ‖vε - vref‖ = 0.7786307306221196  α = 0.000203
 120   -137.8443508968      -10.25       -2.94    14.1s
    ‖ρε - ρref‖ = 0.00021542413411981026 ‖Δρ‖ = 0.00020945355119083927  ‖vε - vref‖ = 0.7786881718591402  α = 0.000114
 121   -137.8443508969       -9.95       -2.84    14.9s
    ‖ρε - ρref‖ = 0.0002068950203811324 ‖Δρ‖ = 0.00020157601785169934  ‖vε - vref‖ = 0.7788062563908668  α = 0.000169
 122   -137.8443508970      -10.34       -3.25    15.1s
    ‖ρε - ρref‖ = 0.00012741120463391926 ‖Δρ‖ = 0.00012071793085696901  ‖vε - vref‖ = 0.7788473243477648  α = 0.00017
 123   -137.8443508970      -10.20       -2.59    14.4s
    ‖ρε - ρref‖ = 0.00045848803929815013 ‖Δρ‖ = 0.00045400657458881513  ‖vε - vref‖ = 0.7789085475004082  α = 5.36e-5
 124   -137.8443508972       -9.81       -3.21    13.5s
    ‖ρε - ρref‖ = 9.055512135992313e-5 ‖Δρ‖ = 8.436313037513032e-5  ‖vε - vref‖ = 0.7790515537180037  α = 0.000461
 125   -137.8443508973       -9.98       -3.19    14.6s
    ‖ρε - ρref‖ = 0.00010705262638706206 ‖Δρ‖ = 0.00010091807930245725  ‖vε - vref‖ = 0.7791474166988632  α = 0.000309
 126   -137.8443508974      -10.14       -3.03    13.7s
    ‖ρε - ρref‖ = 0.00017940782278641707 ‖Δρ‖ = 0.00017171789422349925  ‖vε - vref‖ = 0.7792201450089978  α = 0.000143
 127   -137.8443508975       -9.94       -3.18    13.8s
    ‖ρε - ρref‖ = 0.00010560581538295663 ‖Δρ‖ = 0.00010017505873247164  ‖vε - vref‖ = 0.7793303351378795  α = 0.000338
 128   -137.8443508975      -10.29       -2.68    13.9s
    ‖ρε - ρref‖ = 0.0003833723588481101 ‖Δρ‖ = 0.00037723719246320585  ‖vε - vref‖ = 0.7793832962608611  α = 6.13e-5
 129   -137.8443508976      -10.14       -3.08    14.2s
    ‖ρε - ρref‖ = 0.00013278980918437206 ‖Δρ‖ = 0.0001411570947496435  ‖vε - vref‖ = 0.779441486569453  α = 0.000188
 130   -137.8443508976      -10.51       -2.72    13.7s
    ‖ρε - ρref‖ = 0.0004506209298842634 ‖Δρ‖ = 0.00041836283100730467  ‖vε - vref‖ = 0.779490177281946  α = 4.08e-5
 131   -137.8443508978       -9.88       -3.00    14.6s
    ‖ρε - ρref‖ = 0.00013162437634941908 ‖Δρ‖ = 0.00013327145309288284  ‖vε - vref‖ = 0.7795945704243431  α = 0.00026
 132   -137.8443508978      -10.16       -2.85    14.5s
    ‖ρε - ρref‖ = 0.00023365125291600628 ‖Δρ‖ = 0.00022643959897898514  ‖vε - vref‖ = 0.7796631179298712  α = 0.000117
 133   -137.8443508979      -10.31       -2.90    13.5s
    ‖ρε - ρref‖ = 0.00023774883703165883 ‖Δρ‖ = 0.0002328935390793338  ‖vε - vref‖ = 0.7797159323669546  α = 9.45e-5
 134   -137.8443508979      -10.21       -3.12    13.7s
    ‖ρε - ρref‖ = 0.00012658404632070498 ‖Δρ‖ = 0.00012415338889279598  ‖vε - vref‖ = 0.7797717503529153  α = 0.0002
 135   -137.8443508980      -10.59       -2.69    13.9s
    ‖ρε - ρref‖ = 0.0004719820270638808 ‖Δρ‖ = 0.00047072479475379674  ‖vε - vref‖ = 0.7797978376831924  α = 3.28e-5
 136   -137.8443508981       -9.97       -3.38    13.8s
    ‖ρε - ρref‖ = 7.089266917427719e-5 ‖Δρ‖ = 5.674879275726115e-5  ‖vε - vref‖ = 0.7799049828138199  α = 0.000579
 137   -137.8443508982       -9.98       -3.05    13.4s
    ‖ρε - ρref‖ = 0.00012355096959841574 ‖Δρ‖ = 0.00011798752129395926  ‖vε - vref‖ = 0.7800033967813375  α = 0.000275
 138   -137.8443508983      -10.02       -3.35    14.5s
    ‖ρε - ρref‖ = 7.681946236980723e-5 ‖Δρ‖ = 6.485465618615596e-5  ‖vε - vref‖ = 0.7801106799243891  α = 0.000445
 139   -137.8443508983      -10.26       -2.99    14.3s
    ‖ρε - ρref‖ = 0.00017744009790894954 ‖Δρ‖ = 0.00017704510960113716  ‖vε - vref‖ = 0.7801634754838038  α = 0.000122
 140   -137.8443508984      -10.47       -3.01    13.7s
    ‖ρε - ρref‖ = 0.00018293099273212658 ‖Δρ‖ = 0.00017291608952088678  ‖vε - vref‖ = 0.7802042585848314  α = 0.000108
 141   -137.8443508984      -10.31       -2.91    14.2s
    ‖ρε - ρref‖ = 0.00019382023584743805 ‖Δρ‖ = 0.0002022892409657979  ‖vε - vref‖ = 0.7802467427299756  α = 0.000107
 142   -137.8443508984      -10.79       -2.91    13.1s
    ‖ρε - ρref‖ = 0.00030540299092294393 ‖Δρ‖ = 0.00027288735356749107  ‖vε - vref‖ = 0.7802766199229924  α = 4.54e-5
 143   -137.8443508985      -10.28       -3.02    12.6s
    ‖ρε - ρref‖ = 0.00013592357209724968 ‖Δρ‖ = 0.0001373388633831574  ‖vε - vref‖ = 0.7803178393753091  α = 0.000166
 144   -137.8443508985      -10.40       -3.38    14.4s
    ‖ρε - ρref‖ = 7.93409409233555e-5 ‖Δρ‖ = 6.658112740098647e-5  ‖vε - vref‖ = 0.7803598718342898  α = 0.000302
 145   -137.8443508986      -10.37       -2.89    14.4s
    ‖ρε - ρref‖ = 0.00021788317563540858 ‖Δρ‖ = 0.0002150059387355998  ‖vε - vref‖ = 0.7804025382378151  α = 9.69e-5
 146   -137.8443508986      -10.38       -3.14    14.0s
    ‖ρε - ρref‖ = 0.00012858154384870837 ‖Δρ‖ = 0.00012749269314486284  ‖vε - vref‖ = 0.780435882136192  α = 0.000157
 147   -137.8443508986      -10.44       -2.61    13.3s
    ‖ρε - ρref‖ = 0.000410670858121529 ‖Δρ‖ = 0.00041009733102861305  ‖vε - vref‖ = 0.7804694767712516  α = 4.49e-5
 148   -137.8443508987      -10.25       -3.08    12.3s
    ‖ρε - ρref‖ = 0.00013715656798577583 ‖Δρ‖ = 0.00012751525608964287  ‖vε - vref‖ = 0.7805308224307588  α = 0.000184
 149   -137.8443508988      -10.13       -3.36    13.9s
    ‖ρε - ρref‖ = 7.855946487216433e-5 ‖Δρ‖ = 6.534760313690966e-5  ‖vε - vref‖ = 0.7806013100755029  α = 0.000401
 150   -137.8443508988      -10.15       -3.18    15.0s
    ‖ρε - ρref‖ = 9.600690179921278e-5 ‖Δρ‖ = 8.872731962325024e-5  ‖vε - vref‖ = 0.7806659452467116  α = 0.000291
 151   -137.8443508989      -10.38       -3.56    14.8s
    ‖ρε - ρref‖ = 5.7091633448767276e-5 ‖Δρ‖ = 4.7660667988670855e-5  ‖vε - vref‖ = 0.7806979644347305  α = 0.000408
 152   -137.8443508989      -10.56       -2.94    13.6s
    ‖ρε - ρref‖ = 0.00021066722205820813 ‖Δρ‖ = 0.000199876088205584  ‖vε - vref‖ = 0.7807264436925123  α = 8.34e-5
 153   -137.8443508989      -10.52       -3.11    14.0s
    ‖ρε - ρref‖ = 0.00013995408816140512 ‖Δρ‖ = 0.00015398647519327739  ‖vε - vref‖ = 0.7807425550565525  α = 0.000105
 154   -137.8443508990      -10.56       -2.90    14.1s
    ‖ρε - ρref‖ = 0.0002885514345448747 ‖Δρ‖ = 0.00025929112203563787  ‖vε - vref‖ = 0.7807821010267465  α = 6.27e-5
 155   -137.8443508990      -10.25       -2.90    14.7s
    ‖ρε - ρref‖ = 0.00020278943186180398 ‖Δρ‖ = 0.00020827404216082365  ‖vε - vref‖ = 0.7808183261686209  α = 0.000108
 156   -137.8443508991      -10.39       -3.23    14.5s
    ‖ρε - ρref‖ = 9.790840658550406e-5 ‖Δρ‖ = 8.588708293247992e-5  ‖vε - vref‖ = 0.7808599328968612  α = 0.00024
 157   -137.8443508991      -10.70       -3.23    14.1s
    ‖ρε - ρref‖ = 0.00011327847336371111 ‖Δρ‖ = 0.00010729037509761231  ‖vε - vref‖ = 0.7808793975557087  α = 0.000133
 158   -137.8443508991      -10.44       -3.04    14.6s
    ‖ρε - ρref‖ = 0.00014989692662619144 ‖Δρ‖ = 0.00014799054540531913  ‖vε - vref‖ = 0.7809103540419782  α = 0.000126
 159   -137.8443508991      -10.87       -2.79    13.4s
    ‖ρε - ρref‖ = 0.0003431673451108418 ‖Δρ‖ = 0.0003403354462142667  ‖vε - vref‖ = 0.7809232389044786  α = 3.35e-5
 160   -137.8443508992      -10.44       -3.45    14.0s
    ‖ρε - ρref‖ = 6.932741277981697e-5 ‖Δρ‖ = 5.373437713913164e-5  ‖vε - vref‖ = 0.7809464307102638  α = 0.000358
 161   -137.8443508992      -10.46       -3.35    14.5s
    ‖ρε - ρref‖ = 7.833908749758352e-5 ‖Δρ‖ = 7.068634761296124e-5  ‖vε - vref‖ = 0.7809579262109204  α = 0.000255
 162   -137.8443508992      -10.50       -3.40    13.8s
    ‖ρε - ρref‖ = 7.726930145522163e-5 ‖Δρ‖ = 6.607381607503828e-5  ‖vε - vref‖ = 0.7809828676810026  α = 0.000244
 163   -137.8443508993      -10.42       -3.42    13.6s
    ‖ρε - ρref‖ = 6.17292694699473e-5 ‖Δρ‖ = 5.119120248781412e-5  ‖vε - vref‖ = 0.7810117790296383  α = 0.000377
 164   -137.8443508993      -10.91       -3.32    12.8s
    ‖ρε - ρref‖ = 0.00010272185972471989 ‖Δρ‖ = 8.349050135036338e-5  ‖vε - vref‖ = 0.7810298188403801  α = 0.000133
 165   -137.8443508993      -10.89       -3.06    14.2s
    ‖ρε - ρref‖ = 0.0001397957978611568 ‖Δρ‖ = 0.00015198491913038189  ‖vε - vref‖ = 0.7810385950056714  α = 7.52e-5
 166   -137.8443508993      -11.07       -3.16    13.8s
    ‖ρε - ρref‖ = 0.0001836294496030048 ‖Δρ‖ = 0.00015414721106847784  ‖vε - vref‖ = 0.7810567132943416  α = 5.92e-5
 167   -137.8443508993      -10.35       -3.22    12.6s
    ‖ρε - ρref‖ = 8.42546178597697e-5 ‖Δρ‖ = 8.230070320593831e-5  ‖vε - vref‖ = 0.781099606477255  α = 0.000245
 168   -137.8443508994      -10.46       -3.08    12.5s
    ‖ρε - ρref‖ = 0.0001426371785798636 ‖Δρ‖ = 0.00013332825909539224  ‖vε - vref‖ = 0.7811358678166981  α = 0.000126
 169   -137.8443508994      -10.65       -3.34    12.8s
    ‖ρε - ρref‖ = 8.092710612905242e-5 ‖Δρ‖ = 6.984161383429566e-5  ‖vε - vref‖ = 0.7811505102375136  α = 0.000216
 170   -137.8443508994      -11.06       -3.09    14.0s
    ‖ρε - ρref‖ = 0.00016938917835516743 ‖Δρ‖ = 0.00016578089905687086  ‖vε - vref‖ = 0.7811530866690076  α = 5.38e-5
 171   -137.8443508994      -11.13       -3.18    13.2s
    ‖ρε - ρref‖ = 0.00013666019307987239 ‖Δρ‖ = 0.00013050550446513508  ‖vε - vref‖ = 0.7811558342994583  α = 6.63e-5
 172   -137.8443508994      -10.57       -3.24    13.6s
    ‖ρε - ρref‖ = 9.280529830766017e-5 ‖Δρ‖ = 8.733347590996467e-5  ‖vε - vref‖ = 0.781158677235442  α = 0.000189
 173   -137.8443508995      -10.38       -3.36    13.8s
    ‖ρε - ρref‖ = 6.913759799606042e-5 ‖Δρ‖ = 5.915082824014034e-5  ‖vε - vref‖ = 0.7811643507916611  α = 0.000345
 174   -137.8443508995      -10.34       -3.69    14.5s
    ‖ρε - ρref‖ = 5.023963040399677e-5 ‖Δρ‖ = 2.7207888625920493e-5  ‖vε - vref‖ = 0.7812022047079787  α = 0.000756
 175   -137.8443508996      -10.54       -3.19    13.9s
    ‖ρε - ρref‖ = 0.00010542848989614795 ‖Δρ‖ = 0.00010148715905943161  ‖vε - vref‖ = 0.7812162958115016  α = 0.000159
 176   -137.8443508996      -10.73       -3.43    14.0s
    ‖ρε - ρref‖ = 7.858976382029967e-5 ‖Δρ‖ = 5.633708512093835e-5  ‖vε - vref‖ = 0.7812375420970223  α = 0.000239
 177   -137.8443508996      -10.94       -2.92    12.6s
    ‖ρε - ρref‖ = 0.00018982363699330748 ‖Δρ‖ = 0.0002092184654967195  ‖vε - vref‖ = 0.7812389343413553  α = 5.13e-5
 178   -137.8443508996      -11.01       -3.17    13.6s
    ‖ρε - ρref‖ = 0.00015877554041937228 ‖Δρ‖ = 0.000133487263325759  ‖vε - vref‖ = 0.7812540698330188  α = 7.29e-5
 179   -137.8443508996      -10.62       -3.14    15.1s
    ‖ρε - ρref‖ = 0.00011503859089336907 ‖Δρ‖ = 0.00011650198506682444  ‖vε - vref‖ = 0.781268594046433  α = 0.00013
 180   -137.8443508996      -10.84       -3.46    15.1s
    ‖ρε - ρref‖ = 7.068342122872596e-5 ‖Δρ‖ = 5.7976116854330874e-5  ‖vε - vref‖ = 0.7812807055192212  α = 0.000196
 181   -137.8443508996      -11.06       -3.43    14.3s
    ‖ρε - ρref‖ = 7.600415463104919e-5 ‖Δρ‖ = 6.717865885817349e-5  ‖vε - vref‖ = 0.7812857853775045  α = 0.000138
 182   -137.8443508997      -11.18       -3.48    13.8s
    ‖ρε - ρref‖ = 8.939114957107486e-5 ‖Δρ‖ = 8.195104343325972e-5  ‖vε - vref‖ = 0.7812894861040972  α = 9.24e-5
 183   -137.8443508997      -10.65       -3.15    14.4s
    ‖ρε - ρref‖ = 0.0001290950703174822 ‖Δρ‖ = 0.00012083003987027675  ‖vε - vref‖ = 0.7813075281060885  α = 0.00012
 184   -137.8443508997      -10.73       -2.94    13.8s
    ‖ρε - ρref‖ = 0.00019364743530171 ‖Δρ‖ = 0.00018882844082871846  ‖vε - vref‖ = 0.7813218679837793  α = 7.19e-5
 185   -137.8443508997      -10.57       -3.64    14.3s
    ‖ρε - ρref‖ = 5.054234637691496e-5 ‖Δρ‖ = 3.4351516789490775e-5  ‖vε - vref‖ = 0.781338041251182  α = 0.000465
 186   -137.8443508997      -10.56       -3.42    13.3s
    ‖ρε - ρref‖ = 6.792321622100493e-5 ‖Δρ‖ = 5.244881811983111e-5  ‖vε - vref‖ = 0.7813564918133747  α = 0.000313
 187   -137.8443508998      -10.45       -3.67    14.3s
    ‖ρε - ρref‖ = 4.703417506074931e-5 ‖Δρ‖ = 2.9318398645402512e-5  ‖vε - vref‖ = 0.7813756499862452  α = 0.000621
 188   -137.8443508998      -10.73       -3.31    14.2s
    ‖ρε - ρref‖ = 0.00010354371539528286 ‖Δρ‖ = 8.269115879085031e-5  ‖vε - vref‖ = 0.781397789093419  α = 0.000157
 189   -137.8443508998      -11.12       -2.98    13.7s
    ‖ρε - ρref‖ = 0.00018152321391294804 ‖Δρ‖ = 0.00020610503217117232  ‖vε - vref‖ = 0.7813964609685305  α = 4.18e-5
 190   -137.8443508998      -11.17       -3.21    13.8s
    ‖ρε - ρref‖ = 0.00012691566877573327 ‖Δρ‖ = 0.00010693929278234427  ‖vε - vref‖ = 0.7814068347833543  α = 7.85e-5
 191   -137.8443508998      -11.06       -3.25    14.0s
    ‖ρε - ρref‖ = 9.863234347938777e-5 ‖Δρ‖ = 9.943819210735404e-5  ‖vε - vref‖ = 0.7814127692730328  α = 9.41e-5
 192   -137.8443508998      -10.73       -3.53    13.2s
    ‖ρε - ρref‖ = 6.0876716151779756e-5 ‖Δρ‖ = 4.181057592512731e-5  ‖vε - vref‖ = 0.7814409260484536  α = 0.000321
 193   -137.8443508999      -10.74       -3.48    13.9s
    ‖ρε - ρref‖ = 6.644019479860537e-5 ‖Δρ‖ = 5.281407428282351e-5  ‖vε - vref‖ = 0.7814655032902982  α = 0.000253
 194   -137.8443508999      -11.06       -3.00    13.5s
    ‖ρε - ρref‖ = 0.0002001284900064051 ‖Δρ‖ = 0.0001967862999478838  ‖vε - vref‖ = 0.781475910967846  α = 4.65e-5
 195   -137.8443508999      -11.10       -3.17    14.4s
    ‖ρε - ρref‖ = 0.00013619795001188116 ‖Δρ‖ = 0.0001280366646460287  ‖vε - vref‖ = 0.7814870830746454  α = 6.59e-5
 196   -137.8443508999      -11.12       -3.39    13.7s
    ‖ρε - ρref‖ = 8.114562933150364e-5 ‖Δρ‖ = 7.131457088828595e-5  ‖vε - vref‖ = 0.7814947508603995  α = 0.000121
 197   -137.8443508999      -10.89       -3.45    14.6s
    ‖ρε - ρref‖ = 6.953467514311514e-5 ‖Δρ‖ = 5.988380592300669e-5  ‖vε - vref‖ = 0.7815016805660476  α = 0.000182
 198   -137.8443508999      -10.70       -3.56    15.0s
    ‖ρε - ρref‖ = 5.547776406301066e-5 ‖Δρ‖ = 4.1146627645813695e-5  ‖vε - vref‖ = 0.7815043021018789  α = 0.00033
 199   -137.8443508999      -10.74       -3.66    13.3s
    ‖ρε - ρref‖ = 4.9307406507391314e-5 ‖Δρ‖ = 3.0332818385870675e-5  ‖vε - vref‖ = 0.7815035473519519  α = 0.000445
 200   -137.8443509000      -10.87       -3.64    15.1s
    ‖ρε - ρref‖ = 5.704591014621113e-5 ‖Δρ‖ = 3.6758442719747834e-5  ‖vε - vref‖ = 0.7815096755579087  α = 0.000298
 201   -137.8443509000      -11.52       -3.36    13.8s
    ‖ρε - ρref‖ = 8.391191648401395e-5 ‖Δρ‖ = 0.0001125436702048957  ‖vε - vref‖ = 0.7815057697806163  α = 4.52e-5
 202   -137.8443509000      -10.93       -3.45    14.2s
    ‖ρε - ρref‖ = 7.919799640373786e-5 ‖Δρ‖ = 5.514731192759196e-5  ‖vε - vref‖ = 0.7815224072300333  α = 0.000198
 203   -137.8443509000      -10.97       -3.04    13.9s
    ‖ρε - ρref‖ = 0.00015175593254032643 ‖Δρ‖ = 0.00014809593650680255  ‖vε - vref‖ = 0.7815328456361434  α = 6.96e-5
 204   -137.8443509000      -10.88       -3.47    14.3s
    ‖ρε - ρref‖ = 6.765087994938714e-5 ‖Δρ‖ = 5.1176231361857894e-5  ‖vε - vref‖ = 0.7815501978210259  α = 0.000221
 205   -137.8443509000      -11.04       -3.57    14.3s
    ‖ρε - ρref‖ = 5.444937363756198e-5 ‖Δρ‖ = 4.358138195566552e-5  ‖vε - vref‖ = 0.7815523440647043  α = 0.000216
 206   -137.8443509000      -11.30       -3.23    14.3s
    ‖ρε - ρref‖ = 0.0001345785414406779 ‖Δρ‖ = 0.00013273447020253955  ‖vε - vref‖ = 0.7815520491565581  α = 5.09e-5
 207   -137.8443509000      -10.94       -3.31    15.1s
    ‖ρε - ρref‖ = 9.514541960048034e-5 ‖Δρ‖ = 8.542245550542046e-5  ‖vε - vref‖ = 0.7815550711758394  α = 0.00012
 208   -137.8443509000      -11.22       -3.28    13.1s
    ‖ρε - ρref‖ = 0.0001003165369981415 ‖Δρ‖ = 9.200478296909187e-5  ‖vε - vref‖ = 0.7815544406185052  α = 8.54e-5
 209   -137.8443509000      -11.12       -3.48    14.6s
    ‖ρε - ρref‖ = 6.399290939435365e-5 ‖Δρ‖ = 5.11840057729021e-5  ‖vε - vref‖ = 0.7815494851997482  α = 0.000167
 210   -137.8443509000      -11.31       -3.62    15.2s
    ‖ρε - ρref‖ = 5.9649080133835166e-5 ‖Δρ‖ = 4.445664285202244e-5  ‖vε - vref‖ = 0.7815469915376534  α = 0.000147
 211   -137.8443509001      -10.82       -3.77    14.8s
    ‖ρε - ρref‖ = 4.4444716433914185e-5 ‖Δρ‖ = 2.126669057478597e-5  ‖vε - vref‖ = 0.7815443422833602  α = 0.000579
 212   -137.8443509001      -10.96       -3.71    15.1s
    ‖ρε - ρref‖ = 5.031444811171315e-5 ‖Δρ‖ = 2.656145121737875e-5  ‖vε - vref‖ = 0.7815485334114946  α = 0.000394
 213   -137.8443509001      -11.58       -3.44    13.9s
    ‖ρε - ρref‖ = 5.22604368220314e-5 ‖Δρ‖ = 7.854453833882846e-5  ‖vε - vref‖ = 0.7815429267081501  α = 6.75e-5
 214   -137.8443509001      -11.06       -3.25    12.9s
    ‖ρε - ρref‖ = 0.00010710224200644077 ‖Δρ‖ = 8.64290654539983e-5  ‖vε - vref‖ = 0.7815471286942236  α = 0.000106
 215   -137.8443509001      -11.50       -3.46    14.1s
    ‖ρε - ρref‖ = 7.334300336885166e-5 ‖Δρ‖ = 6.443136765118083e-5  ‖vε - vref‖ = 0.7815458318138491  α = 8.83e-5
 216   -137.8443509001      -10.99       -3.49    14.5s
    ‖ρε - ρref‖ = 6.480165768547464e-5 ‖Δρ‖ = 4.727843356732277e-5  ‖vε - vref‖ = 0.7815432026490852  α = 0.000211
 217   -137.8443509001      -11.10       -3.81    14.3s
    ‖ρε - ρref‖ = 4.4322245574365124e-5 ‖Δρ‖ = 2.460963286551802e-5  ‖vε - vref‖ = 0.7815368090195466  α = 0.000368
 218   -137.8443509001      -11.28       -3.05    13.9s
    ‖ρε - ρref‖ = 0.0001739251316517621 ‖Δρ‖ = 0.00017334529232687767  ‖vε - vref‖ = 0.7815318574412286  α = 3.96e-5
 219   -137.8443509001      -11.14       -3.48    13.3s
    ‖ρε - ρref‖ = 7.398326952659325e-5 ‖Δρ‖ = 6.0447906519354685e-5  ‖vε - vref‖ = 0.7815299655526945  α = 0.000135
 220   -137.8443509001      -11.33       -3.43    14.4s
    ‖ρε - ρref‖ = 7.785645039916556e-5 ‖Δρ‖ = 6.761309998311024e-5  ‖vε - vref‖ = 0.7815272463930096  α = 0.000106
 221   -137.8443509001      -11.10       -3.51    14.3s
    ‖ρε - ρref‖ = 6.0534269992346975e-5 ‖Δρ‖ = 4.8608602953677614e-5  ‖vε - vref‖ = 0.7815210317365694  α = 0.000169
 222   -137.8443509001      -11.20       -3.57    13.6s
    ‖ρε - ρref‖ = 6.133624898733143e-5 ‖Δρ‖ = 4.53085381248687e-5  ‖vε - vref‖ = 0.7815200035497029  α = 0.000163
 223   -137.8443509001      -11.33       -3.79    14.1s
    ‖ρε - ρref‖ = 4.9471418850457465e-5 ‖Δρ‖ = 2.8691200703985482e-5  ‖vε - vref‖ = 0.7815207656289892  α = 0.000227
 224   -137.8443509001      -11.02       -3.65    15.0s
    ‖ρε - ρref‖ = 5.187695369157116e-5 ‖Δρ‖ = 3.0110833504003116e-5  ‖vε - vref‖ = 0.7815219439171921  α = 0.000322
 225   -137.8443509001      -11.85       -3.73    14.7s
    ‖ρε - ρref‖ = 2.742441635586341e-5 ‖Δρ‖ = 4.018896506420571e-5  ‖vε - vref‖ = 0.7815175051241229  α = 9.29e-5
 226   -137.8443509001      -11.45       -3.34    13.8s
    ‖ρε - ρref‖ = 9.520596933039818e-5 ‖Δρ‖ = 7.088969619371976e-5  ‖vε - vref‖ = 0.781518977852382  α = 8.33e-5
 227   -137.8443509001      -11.45       -3.81    15.1s
    ‖ρε - ρref‖ = 4.477521633813693e-5 ‖Δρ‖ = 2.643888891084805e-5  ‖vε - vref‖ = 0.7815136976855901  α = 0.000228
 228   -137.8443509002      -11.31       -3.29    14.6s
    ‖ρε - ρref‖ = 8.507232470125266e-5 ‖Δρ‖ = 7.731197489859973e-5  ‖vε - vref‖ = 0.7815070948557628  α = 8.95e-5
 229   -137.8443509002      -11.11       -3.72    14.5s
    ‖ρε - ρref‖ = 4.7557545078994465e-5 ‖Δρ‖ = 2.672016869459117e-5  ‖vε - vref‖ = 0.7814963990624927  α = 0.000332
 230   -137.8443509002      -11.83       -3.32    15.3s
    ‖ρε - ρref‖ = 0.0001254922233965428 ‖Δρ‖ = 0.00012057551919232587  ‖vε - vref‖ = 0.7814939864527434  α = 3.02e-5
 231   -137.8443509002      -11.21       -3.87    14.2s
    ‖ρε - ρref‖ = 4.536954745484861e-5 ‖Δρ‖ = 2.0442812776949028e-5  ‖vε - vref‖ = 0.781489947159051  α = 0.000386
 232   -137.8443509002      -11.44       -3.45    14.3s
    ‖ρε - ρref‖ = 7.362129608462893e-5 ‖Δρ‖ = 6.271185748444405e-5  ‖vε - vref‖ = 0.7814872739209854  α = 9.86e-5
 233   -137.8443509002      -11.21       -3.54    14.8s
    ‖ρε - ρref‖ = 6.026670184040936e-5 ‖Δρ‖ = 4.5998393345163504e-5  ‖vε - vref‖ = 0.7814839323002324  α = 0.000161
 234   -137.8443509002      -11.58       -3.76    15.0s
    ‖ρε - ρref‖ = 5.222649673156412e-5 ‖Δρ‖ = 3.159626959930251e-5  ‖vε - vref‖ = 0.78148423736007  α = 0.000154
 235   -137.8443509002      -11.41       -3.79    13.5s
    ‖ρε - ρref‖ = 4.4234209056780713e-5 ‖Δρ‖ = 2.4040161483402344e-5  ‖vε - vref‖ = 0.7814802821996281  α = 0.000247
 236   -137.8443509002      -11.31       -3.85    15.4s
    ‖ρε - ρref‖ = 4.76632892618293e-5 ‖Δρ‖ = 2.1937214575238766e-5  ‖vε - vref‖ = 0.7814750123401603  α = 0.000305
 237   -137.8443509002      -11.64       -3.53    15.1s
    ‖ρε - ρref‖ = 4.0872801288125246e-5 ‖Δρ‖ = 5.387672768869256e-5  ‖vε - vref‖ = 0.7814682912344865  α = 9.06e-5
 238   -137.8443509002      -11.44       -3.25    14.9s
    ‖ρε - ρref‖ = 0.00011921595504939927 ‖Δρ‖ = 9.131581137023177e-5  ‖vε - vref‖ = 0.7814693894224145  α = 6.21e-5
 239   -137.8443509002      -11.19       -3.78    13.6s
    ‖ρε - ρref‖ = 4.3022645400025404e-5 ‖Δρ‖ = 2.465702090606678e-5  ‖vε - vref‖ = 0.7814597095371835  α = 0.000324
 240   -137.8443509002      -11.54       -3.35    13.8s
    ‖ρε - ρref‖ = 8.719443263483882e-5 ‖Δρ‖ = 7.899717424020377e-5  ‖vε - vref‖ = 0.7814554656971919  α = 6.87e-5
 241   -137.8443509002      -11.10       -3.62    12.7s
    ‖ρε - ρref‖ = 5.333708944716094e-5 ‖Δρ‖ = 3.3017908130166206e-5  ‖vε - vref‖ = 0.7814432398815503  α = 0.000264
 242   -137.8443509002      -11.98       -3.41    14.0s
    ‖ρε - ρref‖ = 0.00010467269508350871 ‖Δρ‖ = 9.781289305508338e-5  ‖vε - vref‖ = 0.781440454463352  α = 3.4e-5
 243   -137.8443509002      -11.18       -3.76    14.5s
    ‖ρε - ρref‖ = 4.634000740856991e-5 ‖Δρ‖ = 2.4176493533602055e-5  ‖vε - vref‖ = 0.781426471492265  α = 0.000328
 244   -137.8443509002      -11.66       -3.70    13.3s
    ‖ρε - ρref‖ = 4.991199193970043e-5 ‖Δρ‖ = 3.30106493345054e-5  ‖vε - vref‖ = 0.7814205525692537  α = 0.000147
 245   -137.8443509002      -11.60       -3.57    15.1s
    ‖ρε - ρref‖ = 6.0061773837406276e-5 ‖Δρ‖ = 4.679739982085608e-5  ‖vε - vref‖ = 0.7814134157340985  α = 0.000112
 246   -137.8443509002      -11.22       -3.86    13.9s
    ‖ρε - ρref‖ = 4.3850801050597947e-5 ‖Δρ‖ = 1.885148622987353e-5  ‖vε - vref‖ = 0.7814007372859515  α = 0.000402
 247   -137.8443509002      -11.57       -3.80    13.7s
    ‖ρε - ρref‖ = 4.653674709356956e-5 ‖Δρ‖ = 3.0663055202489174e-5  ‖vε - vref‖ = 0.7813940444019654  α = 0.000147
 248   -137.8443509002      -11.30       -3.86    13.2s
    ‖ρε - ρref‖ = 4.838614335039902e-5 ‖Δρ‖ = 2.0855600944669284e-5  ‖vε - vref‖ = 0.7813888002214241  α = 0.000323
 249   -137.8443509002      -11.91       -3.52    12.5s
    ‖ρε - ρref‖ = 4.450665799353496e-5 ‖Δρ‖ = 6.678729751448714e-5  ‖vε - vref‖ = 0.7813842723242884  α = 4.94e-5
 250   -137.8443509002      -11.52       -3.54    13.4s
    ‖ρε - ρref‖ = 7.178808328037236e-5 ‖Δρ‖ = 4.586637592973692e-5  ‖vε - vref‖ = 0.7813850285668646  α = 0.000115
 251   -137.8443509002      -11.51       -3.86    12.7s
    ‖ρε - ρref‖ = 4.4302847245923596e-5 ‖Δρ‖ = 2.2473758676627875e-5  ‖vε - vref‖ = 0.7813807728378738  α = 0.000245
 252   -137.8443509002      -11.75       -3.48    14.0s
    ‖ρε - ρref‖ = 6.756363259606507e-5 ‖Δρ‖ = 5.51071756071033e-5  ‖vε - vref‖ = 0.7813783983418789  α = 7.98e-5
 253   -137.8443509003      -11.54       -3.64    13.8s
    ‖ρε - ρref‖ = 5.5253264273133875e-5 ‖Δρ‖ = 3.71141665343822e-5  ‖vε - vref‖ = 0.7813748847348531  α = 0.000141
 254   -137.8443509003      -12.07       -3.62    14.6s
    ‖ρε - ρref‖ = 7.002900333050708e-5 ‖Δρ‖ = 5.974520007569322e-5  ‖vε - vref‖ = 0.7813721541066908  α = 5.12e-5
 255   -137.8443509003      -11.29       -3.62    13.9s
    ‖ρε - ρref‖ = 5.043392177984487e-5 ‖Δρ‖ = 3.35361316451344e-5  ‖vε - vref‖ = 0.7813575701708636  α = 0.000215
 256   -137.8443509003      -11.71       -3.85    13.1s
    ‖ρε - ρref‖ = 4.390234794225226e-5 ‖Δρ‖ = 2.0420360618163096e-5  ‖vε - vref‖ = 0.7813526620111786  α = 0.000223
 257   -137.8443509003      -11.83       -3.76    14.0s
    ‖ρε - ρref‖ = 5.1469872351723875e-5 ‖Δρ‖ = 3.2984208832226354e-5  ‖vε - vref‖ = 0.7813504478010205  α = 0.000101
 258   -137.8443509003      -11.35       -3.85    15.1s
    ‖ρε - ρref‖ = 4.352907826309754e-5 ‖Δρ‖ = 1.9193137512903243e-5  ‖vε - vref‖ = 0.7813428696454274  α = 0.000349
 259   -137.8443509003      -11.28       -3.97    14.2s
    ‖ρε - ρref‖ = 4.105744827037171e-5 ‖Δρ‖ = 1.493420858943725e-5  ‖vε - vref‖ = 0.7813340958666172  α = 0.00047
 260   -137.8443509003      -11.55       -3.68    14.7s
    ‖ρε - ρref‖ = 6.384376180111282e-5 ‖Δρ‖ = 3.7666314945880134e-5  ‖vε - vref‖ = 0.7813333275863071  α = 0.000123
 261   -137.8443509003      -12.15       -3.57    14.4s
    ‖ρε - ρref‖ = 3.807079652139813e-5 ‖Δρ‖ = 6.110801693313886e-5  ‖vε - vref‖ = 0.7813288928939611  α = 4.82e-5
 262   -137.8443509003      -11.66       -3.58    13.9s
    ‖ρε - ρref‖ = 6.416110495607413e-5 ‖Δρ‖ = 4.1896627822905344e-5  ‖vε - vref‖ = 0.7813271745609561  α = 0.000104
 263   -137.8443509003      -11.73       -4.00    14.5s
    ‖ρε - ρref‖ = 4.2170048420860316e-5 ‖Δρ‖ = 1.4268797886241048e-5  ‖vε - vref‖ = 0.7813247695373481  α = 0.000317
 264   -137.8443509003      -12.10       -3.64    13.9s
    ‖ρε - ρref‖ = 5.7395488107691874e-5 ‖Δρ‖ = 4.07351640106721e-5  ‖vε - vref‖ = 0.7813237763178915  α = 8.36e-5
 265   -137.8443509003      -11.41       -3.78    13.7s
    ‖ρε - ρref‖ = 4.792840176509354e-5 ‖Δρ‖ = 2.5171362789780503e-5  ‖vε - vref‖ = 0.781321552866262  α = 0.000239
 266   -137.8443509003      -11.68       -3.20    15.1s
    ‖ρε - ρref‖ = 0.00012121377729371868 ‖Δρ‖ = 0.00011614539428311887  ‖vε - vref‖ = 0.7813187093182379  α = 3.76e-5
 267   -137.8443509003      -11.63       -3.69    14.5s
    ‖ρε - ρref‖ = 4.9914526545166664e-5 ‖Δρ‖ = 3.4661248384669805e-5  ‖vε - vref‖ = 0.7813138475749347  α = 0.000136
 268   -137.8443509003      -11.41       -3.98    14.5s
    ‖ρε - ρref‖ = 4.257469041714353e-5 ‖Δρ‖ = 1.4872302285140342e-5  ‖vε - vref‖ = 0.781307351328965  α = 0.000405
 269   -137.8443509003      -11.89       -3.69    14.8s
    ‖ρε - ρref‖ = 5.2572691757468904e-5 ‖Δρ‖ = 3.5024996217021164e-5  ‖vε - vref‖ = 0.7813041705063466  α = 0.000107
 270   -137.8443509003      -11.73       -3.67    14.8s
    ‖ρε - ρref‖ = 5.0043464685418056e-5 ‖Δρ‖ = 3.299647461987194e-5  ‖vε - vref‖ = 0.7812994071780155  α = 0.000127
 271   -137.8443509003      -11.76       -4.12    13.8s
    ‖ρε - ρref‖ = 4.1125556755994135e-5 ‖Δρ‖ = 1.1439899975697856e-5  ‖vε - vref‖ = 0.7812960136560283  α = 0.000377
 272   -137.8443509003      -11.63       -4.13    15.1s
    ‖ρε - ρref‖ = 4.6231580667137506e-5 ‖Δρ‖ = 1.2009467075901559e-5  ‖vε - vref‖ = 0.7812966822126377  α = 0.000397
 273   -137.8443509003      -11.78       -3.27    14.7s
    ‖ρε - ρref‖ = 7.690240443594258e-5 ‖Δρ‖ = 0.0001027968171130886  ‖vε - vref‖ = 0.7812909848033625  α = 3.73e-5
 274   -137.8443509003      -11.91       -3.82    13.1s
    ‖ρε - ρref‖ = 5.2415310663194794e-5 ‖Δρ‖ = 3.037852328716691e-5  ‖vε - vref‖ = 0.781289563440014  α = 0.000104
 275   -137.8443509003      -11.78       -4.05    13.3s
    ‖ρε - ρref‖ = 4.342653636774415e-5 ‖Δρ‖ = 1.4337476110432323e-5  ‖vε - vref‖ = 0.7812888395273708  α = 0.000266
 276   -137.8443509003      -12.40       -3.76    15.1s
    ‖ρε - ρref‖ = 5.1314165218335375e-5 ‖Δρ‖ = 3.180735102511226e-5  ‖vε - vref‖ = 0.7812888888449068  α = 8.36e-5
 277   -137.8443509003      -11.80       -3.85    13.1s
    ‖ρε - ρref‖ = 4.764682496106299e-5 ‖Δρ‖ = 2.59106035631806e-5  ‖vε - vref‖ = 0.7812903146585672  α = 0.000145
 278   -137.8443509003      -12.07       -3.45    15.0s
    ‖ρε - ρref‖ = 8.115753244080281e-5 ‖Δρ‖ = 7.315623009909549e-5  ‖vε - vref‖ = 0.7812905683986271  α = 3.89e-5
 279   -137.8443509003      -11.62       -4.06    13.9s
    ‖ρε - ρref‖ = 4.021010404548884e-5 ‖Δρ‖ = 1.3058472083750183e-5  ‖vε - vref‖ = 0.7812929741881771  α = 0.000362
 280   -137.8443509003      -11.65       -3.93    13.7s
    ‖ρε - ρref‖ = 4.549412099873797e-5 ‖Δρ‖ = 1.9842764342367503e-5  ‖vε - vref‖ = 0.7812970736190137  α = 0.000228
 281   -137.8443509003      -11.94       -3.89    15.3s
    ‖ρε - ρref‖ = 4.6310206030021835e-5 ‖Δρ‖ = 2.4135744536498455e-5  ‖vε - vref‖ = 0.781297370147197  α = 0.000132
 282   -137.8443509003      -11.86       -3.81    14.0s
    ‖ρε - ρref‖ = 4.731330575197783e-5 ‖Δρ‖ = 2.797463330383441e-5  ‖vε - vref‖ = 0.7812967134533692  α = 0.000132
 283   -137.8443509003      -11.55       -3.90    13.7s
    ‖ρε - ρref‖ = 4.274736649043666e-5 ‖Δρ‖ = 1.783275225331568e-5  ‖vε - vref‖ = 0.7812957220644073  α = 0.000297
 284   -137.8443509003      -11.88       -4.15    14.5s
    ‖ρε - ρref‖ = 4.733772299093988e-5 ‖Δρ‖ = 1.2960584820927026e-5  ‖vε - vref‖ = 0.7812983981528437  α = 0.000251
 285   -137.8443509003      -12.27       -3.45    13.8s
    ‖ρε - ρref‖ = 4.945254155134184e-5 ‖Δρ‖ = 7.026027916094915e-5  ‖vε - vref‖ = 0.781295899634916  α = 4.0e-5
 286   -137.8443509003      -11.68       -4.07    12.8s
    ‖ρε - ρref‖ = 4.168150341994382e-5 ‖Δρ‖ = 1.3203963565881653e-5  ‖vε - vref‖ = 0.7812969565310931  α = 0.000329
 287   -137.8443509003      -11.74       -3.84    14.8s
    ‖ρε - ρref‖ = 4.749032391155971e-5 ‖Δρ‖ = 2.329406369799967e-5  ‖vε - vref‖ = 0.7812989161990918  α = 0.000174
 288   -137.8443509003      -11.88       -3.60    14.6s
    ‖ρε - ρref‖ = 5.7397970302127104e-5 ‖Δρ‖ = 4.064735051960192e-5  ‖vε - vref‖ = 0.7812991960571658  α = 8.77e-5
 289   -137.8443509003      -12.01       -3.58    14.8s
    ‖ρε - ρref‖ = 6.555788471037828e-5 ‖Δρ‖ = 5.054270215890151e-5  ‖vε - vref‖ = 0.781299389183697  α = 5.8e-5
 290   -137.8443509003      -12.50       -3.71    14.1s
    ‖ρε - ρref‖ = 5.721725667421185e-5 ‖Δρ‖ = 4.246917204864908e-5  ‖vε - vref‖ = 0.7812988876201121  α = 4.71e-5
 291   -137.8443509003      -11.64       -4.14    13.7s
    ‖ρε - ρref‖ = 4.07934506093601e-5 ‖Δρ‖ = 1.0591075025802527e-5  ‖vε - vref‖ = 0.7812975669289476  α = 0.000449
 292   -137.8443509003      -11.83       -4.14    13.4s
    ‖ρε - ρref‖ = 4.038483010512971e-5 ‖Δρ‖ = 1.180653729516356e-5  ‖vε - vref‖ = 0.781296878776169  α = 0.000334
 293   -137.8443509003      -12.17       -3.96    14.2s
    ‖ρε - ρref‖ = 4.356701543304736e-5 ‖Δρ‖ = 2.0768659872963276e-5  ‖vε - vref‖ = 0.7812962816919025  α = 0.000125
 294   -137.8443509003      -11.83       -3.84    14.3s
    ‖ρε - ρref‖ = 4.481522818560944e-5 ‖Δρ‖ = 2.2855792412406688e-5  ‖vε - vref‖ = 0.7812956352013709  α = 0.000149
 295   -137.8443509003      -11.81       -3.99    14.2s
    ‖ρε - ρref‖ = 4.253944106947389e-5 ‖Δρ‖ = 1.4676328188130656e-5  ‖vε - vref‖ = 0.7812956934109558  α = 0.000288
 296   -137.8443509003      -11.94       -3.86    14.5s
    ‖ρε - ρref‖ = 5.505123159133632e-5 ‖Δρ‖ = 2.359921664574474e-5  ‖vε - vref‖ = 0.781296486469512  α = 0.00013
 297   -137.8443509003      -12.37       -3.60    14.2s
    ‖ρε - ρref‖ = 3.6336725148153675e-5 ‖Δρ‖ = 5.7255131524549715e-5  ‖vε - vref‖ = 0.7812934791954023  α = 3.58e-5
 298   -137.8443509003      -11.47       -4.39    12.8s
    ‖ρε - ρref‖ = 4.002973042928031e-5 ‖Δρ‖ = 5.646972552647894e-6  ‖vε - vref‖ = 0.7812865007731347  α = 0.000997
 299   -137.8443509003      -12.03       -3.85    14.4s
    ‖ρε - ρref‖ = 4.7556913179246376e-5 ‖Δρ‖ = 2.6228741814661646e-5  ‖vε - vref‖ = 0.7812846155610653  α = 0.000104
 300   -137.8443509003      -12.27       -3.78    14.5s
    ‖ρε - ρref‖ = 4.9934854914864954e-5 ‖Δρ‖ = 3.419898046158823e-5  ‖vε - vref‖ = 0.781282505263406  α = 7.04e-5
Trying again with Newton's method ...
n     Energy            log10(ΔE)   log10(Δρ)   Δtime 
---   ---------------   ---------   ---------   ------
  1   -137.8443509004                   -6.97    1213s
    ‖ρε - ρref‖ = 3.927488506330783e-5 ‖Δρ‖ = 1.134054596726467e-8  ‖vε - vref‖ = 0.7813723187606803
  2   -137.8443509004      -10.77       -7.11    1201s
    ‖ρε - ρref‖ = 3.927592630769009e-5 ‖Δρ‖ = 8.498415260639958e-9  ‖vε - vref‖ = 0.7812877432776069

#-- ‖ρε - ρref‖ = 3.927592630769009e-5 vs. 5.623413251903491e-8 = δ*ε ‖vε - vref‖ = 0.7812877432776069


# --- ε=3.162277660168379e-6

n     Energy            log10(ΔE)   log10(Δρ)   Δtime 
---   ---------------   ---------   ---------   ------
  1   -137.8442574771                    0.58    17.9s
    ‖ρε - ρref‖ = 1.3079484901855885 ‖Δρ‖ = 1.3079347102026133  ‖vε - vref‖ = 3.7186235448305025  α = 1.69e-5
  2   -137.8442605053       -5.52       -0.37    13.2s
    ‖ρε - ρref‖ = 0.09624664927106621 ‖Δρ‖ = 0.09624192192489597  ‖vε - vref‖ = 3.4923072966220063  α = 4.11e-5
  3   -137.8442613367       -6.08       -0.32    13.3s
    ‖ρε - ρref‖ = 0.11333851610651578 ‖Δρ‖ = 0.11333602937976271  ‖vε - vref‖ = 3.442290551256665  α = 1.9e-5
  4   -137.8442630903       -5.76       -0.82    13.1s
    ‖ρε - ρref‖ = 0.02827991115014917 ‖Δρ‖ = 0.02827393205402202  ‖vε - vref‖ = 3.2184943542229427  α = 0.000109
  5   -137.8442635355       -6.35       -0.89    13.4s
    ‖ρε - ρref‖ = 0.028582183757087643 ‖Δρ‖ = 0.0285794610866925  ‖vε - vref‖ = 3.143817218337508  α = 5.08e-5
  6   -137.8442636572       -6.91       -0.99    13.2s
    ‖ρε - ρref‖ = 0.019093519752599278 ‖Δρ‖ = 0.019093202993517362  ‖vε - vref‖ = 3.1443601081384527  α = 4.36e-5
  7   -137.8442637841       -6.90       -1.09    12.6s
    ‖ρε - ρref‖ = 0.013395559002379048 ‖Δρ‖ = 0.013395300440242569  ‖vε - vref‖ = 3.153295711003596  α = 6.28e-5
  8   -137.8442638206       -7.44       -1.43    14.0s
    ‖ρε - ρref‖ = 0.007816754510049748 ‖Δρ‖ = 0.007815603845071184  ‖vε - vref‖ = 3.1469903263760135  α = 5.79e-5
  9   -137.8442638687       -7.32       -1.44    13.1s
    ‖ρε - ρref‖ = 0.007362711556151967 ‖Δρ‖ = 0.007360982190115259  ‖vε - vref‖ = 3.134030513751903  α = 7.06e-5
 10   -137.8442639868       -6.93       -1.69    14.5s
    ‖ρε - ρref‖ = 0.003098133746990562 ‖Δρ‖ = 0.003096873052242338  ‖vε - vref‖ = 3.120920017462231  α = 0.000267
 11   -137.8442640691       -7.08       -1.88    13.7s
    ‖ρε - ρref‖ = 0.0018665831910261899 ‖Δρ‖ = 0.0018664624002733491  ‖vε - vref‖ = 3.1252108530713825  α = 0.000369
 12   -137.8442753179       -4.95        0.24    14.2s
    ‖ρε - ρref‖ = 0.5248534201375673 ‖Δρ‖ = 0.5248726478977876  ‖vε - vref‖ = 0.8528426233239451  α = 1.02e-5
 13   -137.8442753644       -7.33       -1.68    13.4s
    ‖ρε - ρref‖ = 0.002678745870111712 ‖Δρ‖ = 0.002676518288935978  ‖vε - vref‖ = 0.8333640937101611  α = 0.000195
 14   -137.8442753861       -7.66       -1.96    13.2s
    ‖ρε - ρref‖ = 0.001636701216851549 ‖Δρ‖ = 0.0016355629304378612  ‖vε - vref‖ = 0.8258136389738283  α = 0.000218
 15   -137.8442753918       -8.25       -1.64    14.6s
    ‖ρε - ρref‖ = 0.005408179893114887 ‖Δρ‖ = 0.005407054387990591  ‖vε - vref‖ = 0.82399513901795  α = 3.19e-5
 16   -137.8442754096       -7.75       -1.51    13.0s
    ‖ρε - ρref‖ = 0.004647213559572689 ‖Δρ‖ = 0.004647236069305789  ‖vε - vref‖ = 0.8206739425318105  α = 6.87e-5
 17   -137.8442754272       -7.76       -1.94    13.7s
    ‖ρε - ρref‖ = 0.0017186241382162067 ‖Δρ‖ = 0.0017184227197247054  ‖vε - vref‖ = 0.8161096776280545  α = 0.000182
 18   -137.8442754362       -8.04       -1.51    13.6s
    ‖ρε - ρref‖ = 0.005300601463350641 ‖Δρ‖ = 0.005299306534863606  ‖vε - vref‖ = 0.8133286796740988  α = 4.28e-5
 19   -137.8442754434       -8.15       -1.77    14.1s
    ‖ρε - ρref‖ = 0.003043401134027497 ‖Δρ‖ = 0.003042110390920514  ‖vε - vref‖ = 0.8128629440430135  α = 6.29e-5
 20   -137.8442754549       -7.94       -1.78    12.8s
    ‖ρε - ρref‖ = 0.002411368797260247 ‖Δρ‖ = 0.002411086743083352  ‖vε - vref‖ = 0.8100918787382273  α = 0.000107
 21   -137.8442754602       -8.28       -1.68    13.7s
    ‖ρε - ρref‖ = 0.0037970899327012513 ‖Δρ‖ = 0.0037970191568537704  ‖vε - vref‖ = 0.8087224505779865  α = 4.52e-5
 22   -137.8442754734       -7.88       -1.93    14.5s
    ‖ρε - ρref‖ = 0.0016674410410485543 ‖Δρ‖ = 0.001667098121913163  ‖vε - vref‖ = 0.8066239384560978  α = 0.000166
 23   -137.8442755808       -6.97       -0.68    14.7s
    ‖ρε - ρref‖ = 0.06518883939488491 ‖Δρ‖ = 0.06520904868073303  ‖vε - vref‖ = 0.7503468786108045  α = 1.12e-5
 24   -137.8442755880       -8.14       -2.01    14.7s
    ‖ρε - ρref‖ = 0.001531252512290937 ‖Δρ‖ = 0.0015306427254735664  ‖vε - vref‖ = 0.7488118551927815  α = 0.000128
 25   -137.8442755917       -8.43       -2.30    15.2s
    ‖ρε - ρref‖ = 0.0009021997689647139 ‖Δρ‖ = 0.0008994158367898779  ‖vε - vref‖ = 0.7483947370733849  α = 0.000156
 26   -137.8442756010       -8.03       -2.12    13.9s
    ‖ρε - ρref‖ = 0.001062179552804514 ‖Δρ‖ = 0.0010624387431214547  ‖vε - vref‖ = 0.7463064089279793  α = 0.000217
 27   -137.8442756021       -8.94       -1.92    13.9s
    ‖ρε - ρref‖ = 0.0029814322623127956 ‖Δρ‖ = 0.002982186431651274  ‖vε - vref‖ = 0.7460609008174695  α = 2.6e-5
 28   -137.8442756061       -8.41       -1.92    14.3s
    ‖ρε - ρref‖ = 0.001818552800530496 ‖Δρ‖ = 0.0018179030043008594  ‖vε - vref‖ = 0.7452610128555014  α = 8.24e-5
 29   -137.8442756110       -8.30       -2.30    14.3s
    ‖ρε - ρref‖ = 0.0007276330355745836 ‖Δρ‖ = 0.0007260543070924562  ‖vε - vref‖ = 0.7443455451434745  α = 0.00023
 30   -137.8442756131       -8.69       -2.02    15.2s
    ‖ρε - ρref‖ = 0.001554618298348868 ‖Δρ‖ = 0.0015548207214552824  ‖vε - vref‖ = 0.7438675011099094  α = 7.08e-5
 31   -137.8442756166       -8.46       -1.81    13.9s
    ‖ρε - ρref‖ = 0.0021550848028508507 ‖Δρ‖ = 0.0021550914359718446  ‖vε - vref‖ = 0.7429660604712486  α = 6.54e-5
 32   -137.8442756177       -8.94       -2.20    13.9s
    ‖ρε - ρref‖ = 0.0011612782983940113 ‖Δρ‖ = 0.001159945248021092  ‖vε - vref‖ = 0.7427747092435583  α = 6.68e-5
 33   -137.8442756197       -8.70       -2.16    13.9s
    ‖ρε - ρref‖ = 0.0011154607682362493 ‖Δρ‖ = 0.001114198562123671  ‖vε - vref‖ = 0.7425915177937635  α = 9.46e-5
 34   -137.8442756215       -8.74       -2.04    13.4s
    ‖ρε - ρref‖ = 0.0015511877826844833 ‖Δρ‖ = 0.001559074547342417  ‖vε - vref‖ = 0.7421506467381418  α = 6.03e-5
 35   -137.8442756222       -9.15       -2.01    13.9s
    ‖ρε - ρref‖ = 0.0022983187181012652 ‖Δρ‖ = 0.002280460169851828  ‖vε - vref‖ = 0.7421483885188767  α = 2.71e-5
 36   -137.8442756253       -8.52       -2.15    14.5s
    ‖ρε - ρref‖ = 0.001144297224009465 ‖Δρ‖ = 0.0011486394094671816  ‖vε - vref‖ = 0.7414467317084261  α = 0.000112
 37   -137.8442756279       -8.59       -2.29    15.2s
    ‖ρε - ρref‖ = 0.0007653986737826841 ‖Δρ‖ = 0.0007636450116360246  ‖vε - vref‖ = 0.741013385519917  α = 0.000159
 38   -137.8442756303       -8.62       -2.63    13.2s
    ‖ρε - ρref‖ = 0.00034247521899890415 ‖Δρ‖ = 0.0003429986908665099  ‖vε - vref‖ = 0.7406774115096739  α = 0.00034
 39   -137.8442756326       -8.64       -2.32    13.6s
    ‖ρε - ρref‖ = 0.0007117184459170337 ‖Δρ‖ = 0.0007094517599598352  ‖vε - vref‖ = 0.7404324766918349  α = 0.000162
 40   -137.8442756330       -9.36       -2.03    15.2s
    ‖ρε - ρref‖ = 0.0022582971863802596 ‖Δρ‖ = 0.0022587514442386665  ‖vε - vref‖ = 0.740384105564155  α = 2.13e-5
 41   -137.8442756351       -8.69       -2.31    13.7s
    ‖ρε - ρref‖ = 0.0007615320083103126 ‖Δρ‖ = 0.0007626013649988387  ‖vε - vref‖ = 0.7402013890971509  α = 0.000139
 42   -137.8442756365       -8.83       -2.31    14.6s
    ‖ρε - ρref‖ = 0.0008496041808407189 ‖Δρ‖ = 0.0008478144215584627  ‖vε - vref‖ = 0.7401007235944136  α = 0.000103
 43   -137.8442756384       -8.72       -2.45    13.3s
    ‖ρε - ρref‖ = 0.0005225427687654224 ‖Δρ‖ = 0.0005214983809156352  ‖vε - vref‖ = 0.7398897787537091  α = 0.000197
 44   -137.8442756393       -9.07       -1.86    14.1s
    ‖ρε - ρref‖ = 0.002301033688667898 ‖Δρ‖ = 0.0023011074060945652  ‖vε - vref‖ = 0.739821289931778  α = 3.1e-5
 45   -137.8442756402       -9.04       -2.55    13.8s
    ‖ρε - ρref‖ = 0.00045722000877400197 ‖Δρ‖ = 0.000457594785318326  ‖vε - vref‖ = 0.7398608006194612  α = 0.000153
 46   -137.8442756408       -9.21       -2.25    13.2s
    ‖ρε - ρref‖ = 0.0010531438650556709 ‖Δρ‖ = 0.0010541568334071192  ‖vε - vref‖ = 0.7399212738297924  α = 5.71e-5
 47   -137.8442756424       -8.81       -2.35    13.7s
    ‖ρε - ρref‖ = 0.00071618047057094 ‖Δρ‖ = 0.0007078712107573931  ‖vε - vref‖ = 0.7401747247160158  α = 0.000128
 48   -137.8442756429       -9.29       -2.02    13.3s
    ‖ρε - ρref‖ = 0.002131055392038499 ‖Δρ‖ = 0.0021486033934920976  ‖vε - vref‖ = 0.7400907222058998  α = 2.34e-5
 49   -137.8442756436       -9.11       -2.28    14.5s
    ‖ρε - ρref‖ = 0.0011187210710413675 ‖Δρ‖ = 0.001111232226792556  ‖vε - vref‖ = 0.7402243349342226  α = 5.37e-5
 50   -137.8442756454       -8.77       -2.44    13.1s
    ‖ρε - ρref‖ = 0.0005694122182465027 ‖Δρ‖ = 0.0005678118943372018  ‖vε - vref‖ = 0.7404619017137193  α = 0.000174
 51   -137.8442756474       -8.68       -2.39    13.7s
    ‖ρε - ρref‖ = 0.0005951080801810229 ‖Δρ‖ = 0.0005966475374490686  ‖vε - vref‖ = 0.7407306148575514  α = 0.00018
 52   -137.8442756481       -9.18       -2.60    13.5s
    ‖ρε - ρref‖ = 0.0004460313138154622 ‖Δρ‖ = 0.0004441387320439235  ‖vε - vref‖ = 0.7408895120668347  α = 0.000136
 53   -137.8442756489       -9.08       -1.84    13.0s
    ‖ρε - ρref‖ = 0.002435108911991201 ‖Δρ‖ = 0.002434355760877485  ‖vε - vref‖ = 0.7410283357114165  α = 2.79e-5
 54   -137.8442756510       -8.67       -2.57    13.5s
    ‖ρε - ρref‖ = 0.0003757713278921353 ‖Δρ‖ = 0.0003748747623044308  ‖vε - vref‖ = 0.7415075529676987  α = 0.000294
 55   -137.8442756524       -8.85       -2.36    12.8s
    ‖ρε - ρref‖ = 0.0006306813983718794 ‖Δρ‖ = 0.0006294559959756744  ‖vε - vref‖ = 0.7418847837954777  α = 0.000144
 56   -137.8442756529       -9.33       -2.40    14.5s
    ‖ρε - ρref‖ = 0.0007163373898281922 ‖Δρ‖ = 0.0007157319365681916  ‖vε - vref‖ = 0.7420071184491326  α = 7.37e-5
 57   -137.8442756549       -8.70       -2.26    13.4s
    ‖ρε - ρref‖ = 0.0008229087454981288 ‖Δρ‖ = 0.0008230833803574432  ‖vε - vref‖ = 0.7425389172345795  α = 0.00013
 58   -137.8442756562       -8.91       -2.32    13.9s
    ‖ρε - ρref‖ = 0.0007658548509660115 ‖Δρ‖ = 0.000763579521947746  ‖vε - vref‖ = 0.7429018670877743  α = 0.00011
 59   -137.8442756572       -8.97       -2.03    12.4s
    ‖ρε - ρref‖ = 0.0016210709262328446 ‖Δρ‖ = 0.0016281414947051799  ‖vε - vref‖ = 0.7431772949849842  α = 4.73e-5
 60   -137.8442756578       -9.22       -2.11    13.2s
    ‖ρε - ρref‖ = 0.0016688833400166346 ‖Δρ‖ = 0.001650831222441179  ‖vε - vref‖ = 0.7434116544294832  α = 3.44e-5
 61   -137.8442756594       -8.80       -2.00    14.5s
    ‖ρε - ρref‖ = 0.001445337739201721 ‖Δρ‖ = 0.0014496827281505623  ‖vε - vref‖ = 0.743812035440473  α = 6.49e-5
 62   -137.8442756606       -8.93       -2.39    13.4s
    ‖ρε - ρref‖ = 0.0006458894272461344 ‖Δρ‖ = 0.0006472365290029219  ‖vε - vref‖ = 0.7441148977352067  α = 0.000121
 63   -137.8442756615       -9.04       -2.39    13.5s
    ‖ρε - ρref‖ = 0.0006194115514170848 ‖Δρ‖ = 0.0006170869726787239  ‖vε - vref‖ = 0.7444342770894009  α = 0.000115
 64   -137.8442756621       -9.22       -2.66    14.3s
    ‖ρε - ρref‖ = 0.00048172748171282576 ‖Δρ‖ = 0.00048138591449866725  ‖vε - vref‖ = 0.7446582684255931  α = 0.000107
 65   -137.8442756627       -9.20       -2.04    13.1s
    ‖ρε - ρref‖ = 0.0019693487972676517 ‖Δρ‖ = 0.0019682095590370535  ‖vε - vref‖ = 0.7448694414600696  α = 2.99e-5
 66   -137.8442756640       -8.89       -2.19    13.2s
    ‖ρε - ρref‖ = 0.0010338629710584654 ‖Δρ‖ = 0.0010331254347832348  ‖vε - vref‖ = 0.7452433865691865  α = 8.03e-5
 67   -137.8442756655       -8.84       -2.56    13.3s
    ‖ρε - ρref‖ = 0.00040479130416138634 ‖Δρ‖ = 0.00040451198674784124  ‖vε - vref‖ = 0.7455749020430621  α = 0.000218
 68   -137.8442756668       -8.88       -2.45    14.4s
    ‖ρε - ρref‖ = 0.0005397406230287155 ‖Δρ‖ = 0.0005378323553460595  ‖vε - vref‖ = 0.7458114886481584  α = 0.000159
 69   -137.8442756671       -9.55       -2.39    14.9s
    ‖ρε - ρref‖ = 0.000725939583823909 ‖Δρ‖ = 0.0007257540815722854  ‖vε - vref‖ = 0.7458776351646403  α = 5.6e-5
 70   -137.8442756681       -8.97       -2.37    14.5s
    ‖ρε - ρref‖ = 0.0006124321433536675 ‖Δρ‖ = 0.0006154605661975037  ‖vε - vref‖ = 0.7461080972934176  α = 0.000129
 71   -137.8442756690       -9.08       -2.53    13.3s
    ‖ρε - ρref‖ = 0.0005921680721335095 ‖Δρ‖ = 0.0005808804987485194  ‖vε - vref‖ = 0.7463753954329262  α = 0.000117
 72   -137.8442756698       -9.07       -1.91    13.3s
    ‖ρε - ρref‖ = 0.0022636617371986716 ‖Δρ‖ = 0.0022773674074463486  ‖vε - vref‖ = 0.7464200011129203  α = 2.87e-5
 73   -137.8442756704       -9.25       -2.10    14.6s
    ‖ρε - ρref‖ = 0.0015319096010543252 ‖Δρ‖ = 0.001523523372374834  ‖vε - vref‖ = 0.746543476835259  α = 3.76e-5
 74   -137.8442756716       -8.94       -2.35    13.8s
    ‖ρε - ρref‖ = 0.0006924721525125276 ‖Δρ‖ = 0.0006917985264683915  ‖vε - vref‖ = 0.7467065790231904  α = 0.000117
 75   -137.8442756729       -8.86       -2.77    13.2s
    ‖ρε - ρref‖ = 0.0002495199291445564 ‖Δρ‖ = 0.00024902888348697156  ‖vε - vref‖ = 0.7469690677314185  α = 0.00035
 76   -137.8442756733       -9.46       -2.50    13.3s
    ‖ρε - ρref‖ = 0.0006569580003598206 ‖Δρ‖ = 0.0006552033475141491  ‖vε - vref‖ = 0.7470664691553452  α = 6.44e-5
 77   -137.8442756738       -9.26       -1.98    13.1s
    ‖ρε - ρref‖ = 0.0016311282323242422 ‖Δρ‖ = 0.00163040378240669  ‖vε - vref‖ = 0.7471602907639817  α = 3.46e-5
 78   -137.8442756744       -9.24       -2.52    13.7s
    ‖ρε - ρref‖ = 0.0005046015748268151 ‖Δρ‖ = 0.0005044778764382498  ‖vε - vref‖ = 0.747281083891508  α = 0.000107
 79   -137.8442756749       -9.28       -2.49    13.8s
    ‖ρε - ρref‖ = 0.0005264991689887576 ‖Δρ‖ = 0.0005246203574441572  ‖vε - vref‖ = 0.7473622590014984  α = 9.68e-5
 80   -137.8442756762       -8.91       -2.83    13.5s
    ‖ρε - ρref‖ = 0.00021152987079340544 ‖Δρ‖ = 0.00021144938681075668  ‖vε - vref‖ = 0.7475469942549886  α = 0.000385
 81   -137.8442756767       -9.28       -2.36    13.7s
    ‖ρε - ρref‖ = 0.000757723443825897 ‖Δρ‖ = 0.0007575848542917986  ‖vε - vref‖ = 0.7476197436561753  α = 7.31e-5
 82   -137.8442756775       -9.11       -2.11    14.1s
    ‖ρε - ρref‖ = 0.001149682604081929 ‖Δρ‖ = 0.0011471892884900615  ‖vε - vref‖ = 0.7476897148738102  α = 5.83e-5
 83   -137.8442756778       -9.48       -2.59    13.5s
    ‖ρε - ρref‖ = 0.0005669775337622542 ‖Δρ‖ = 0.0005795780846515527  ‖vε - vref‖ = 0.7476793431722197  α = 6.79e-5
 84   -137.8442756780       -9.70       -2.21    13.3s
    ‖ρε - ρref‖ = 0.0013989665551712503 ‖Δρ‖ = 0.0013839504480497272  ‖vε - vref‖ = 0.7477434190232567  α = 2.42e-5
 85   -137.8442756785       -9.28       -2.55    13.9s
    ‖ρε - ρref‖ = 0.0004623481837080613 ‖Δρ‖ = 0.0004646009455115004  ‖vε - vref‖ = 0.747801786067793  α = 0.000115
 86   -137.8442756789       -9.40       -2.25    13.7s
    ‖ρε - ρref‖ = 0.0010016154021023412 ‖Δρ‖ = 0.000998192343537326  ‖vε - vref‖ = 0.7479004562178401  α = 4.7e-5
 87   -137.8442756795       -9.24       -2.60    12.6s
    ‖ρε - ρref‖ = 0.00039119702083111784 ‖Δρ‖ = 0.00039034427864032613  ‖vε - vref‖ = 0.7479474506965023  α = 0.000143
 88   -137.8442756801       -9.22       -2.83    13.8s
    ‖ρε - ρref‖ = 0.00024248414209101092 ‖Δρ‖ = 0.00023997330465477134  ‖vε - vref‖ = 0.7480151505207062  α = 0.000234
 89   -137.8442756803       -9.66       -2.13    14.3s
    ‖ρε - ρref‖ = 0.0017076166146252226 ‖Δρ‖ = 0.0017061566394337428  ‖vε - vref‖ = 0.7480418601821861  α = 1.98e-5
 90   -137.8442756810       -9.17       -2.52    13.8s
    ‖ρε - ρref‖ = 0.0004434557204631119 ‖Δρ‖ = 0.00044595705274850936  ‖vε - vref‖ = 0.7480784086811537  α = 0.000136
 91   -137.8442756815       -9.32       -2.81    13.5s
    ‖ρε - ρref‖ = 0.00022053383496645142 ‖Δρ‖ = 0.000219074963327717  ‖vε - vref‖ = 0.7481168324304135  α = 0.000239
 92   -137.8442756817       -9.59       -2.78    13.6s
    ‖ρε - ρref‖ = 0.00028558853714870673 ‖Δρ‖ = 0.00028262191211223404  ‖vε - vref‖ = 0.7481684272054194  α = 0.000129
 93   -137.8442756820       -9.51       -2.62    13.9s
    ‖ρε - ρref‖ = 0.0003924739315870393 ‖Δρ‖ = 0.00039161399115508923  ‖vε - vref‖ = 0.7482049727652282  α = 0.000104
 94   -137.8442756822       -9.66       -2.44    13.1s
    ‖ρε - ρref‖ = 0.0006182081583817212 ‖Δρ‖ = 0.0006205571934692417  ‖vε - vref‖ = 0.7482423366520293  α = 5.72e-5
 95   -137.8442756826       -9.50       -2.42    13.3s
    ‖ρε - ρref‖ = 0.0006487364535621682 ‖Δρ‖ = 0.0006412066738717884  ‖vε - vref‖ = 0.7483189716613882  α = 6.46e-5
 96   -137.8442756826      -10.07       -2.48    13.3s
    ‖ρε - ρref‖ = 0.0007943287313701532 ‖Δρ‖ = 0.0008120879289693701  ‖vε - vref‖ = 0.7482984320850249  α = 2.6e-5
 97   -137.8442756831       -9.37       -2.61    12.5s
    ‖ρε - ρref‖ = 0.0003905180278818318 ‖Δρ‖ = 0.00038573239877446507  ‖vε - vref‖ = 0.7483698351830851  α = 0.000127
 98   -137.8442756832       -9.86       -2.67    12.9s
    ‖ρε - ρref‖ = 0.0004057468522697573 ‖Δρ‖ = 0.0004067947774632666  ‖vε - vref‖ = 0.7483739682885118  α = 6.92e-5
 99   -137.8442756835       -9.46       -2.55    13.8s
    ‖ρε - ρref‖ = 0.000416521648717609 ‖Δρ‖ = 0.000416408708668943  ‖vε - vref‖ = 0.7483859493999905  α = 0.000106
 100   -137.8442756838       -9.58       -2.69    14.4s
    ‖ρε - ρref‖ = 0.0003150044680378241 ‖Δρ‖ = 0.00031280365381619395  ‖vε - vref‖ = 0.7484032428845259  α = 0.000124
 101   -137.8442756838      -10.43       -2.63    13.2s
    ‖ρε - ρref‖ = 0.000613731184101838 ‖Δρ‖ = 0.0006141217794467806  ‖vε - vref‖ = 0.7484046469322128  α = 2.27e-5
 102   -137.8442756842       -9.47       -2.88    12.9s
    ‖ρε - ρref‖ = 0.00018658548276525723 ‖Δρ‖ = 0.00018641610438629294  ‖vε - vref‖ = 0.7484395652215567  α = 0.000232
 103   -137.8442756845       -9.54       -2.66    14.5s
    ‖ρε - ρref‖ = 0.0003558055905612175 ‖Δρ‖ = 0.0003526709511011547  ‖vε - vref‖ = 0.7484805508572179  α = 0.000113
 104   -137.8442756847       -9.59       -2.80    13.2s
    ‖ρε - ρref‖ = 0.00024177239603448487 ‖Δρ‖ = 0.00024090896344000146  ‖vε - vref‖ = 0.7484900173586836  α = 0.000153
 105   -137.8442756849       -9.77       -2.98    14.0s
    ‖ρε - ρref‖ = 0.00018124195263633793 ‖Δρ‖ = 0.00018093576519021231  ‖vε - vref‖ = 0.7485055185084688  α = 0.000165
 106   -137.8442756850      -10.01       -2.90    12.5s
    ‖ρε - ρref‖ = 0.00023742312346440784 ‖Δρ‖ = 0.00023254807859958326  ‖vε - vref‖ = 0.7485307047377159  α = 0.000103
 107   -137.8442756852       -9.66       -2.48    13.7s
    ‖ρε - ρref‖ = 0.0005287483811720734 ‖Δρ‖ = 0.0005368520889517135  ‖vε - vref‖ = 0.7485432843399544  α = 6.43e-5
 108   -137.8442756853      -10.31       -2.47    15.3s
    ‖ρε - ρref‖ = 0.0008559429963153341 ‖Δρ‖ = 0.0008385299936133625  ‖vε - vref‖ = 0.7485785161987205  α = 1.95e-5
 109   -137.8442756854       -9.79       -2.83    14.6s
    ‖ρε - ρref‖ = 0.00021773835912227918 ‖Δρ‖ = 0.00021823284844661435  ‖vε - vref‖ = 0.7486323151437114  α = 0.000141
 110   -137.8442756856       -9.85       -2.80    12.3s
    ‖ρε - ρref‖ = 0.0002721391373430403 ‖Δρ‖ = 0.00027108051045712827  ‖vε - vref‖ = 0.7486857771090587  α = 0.0001
 111   -137.8442756857       -9.86       -2.60    13.9s
    ‖ρε - ρref‖ = 0.00043425806970170093 ‖Δρ‖ = 0.0004337376548492071  ‖vε - vref‖ = 0.748731195095874  α = 6.42e-5
 112   -137.8442756858      -10.07       -2.74    13.9s
    ‖ρε - ρref‖ = 0.00035964298186590544 ‖Δρ‖ = 0.00035728221667815865  ‖vε - vref‖ = 0.7487646814352156  α = 5.78e-5
 113   -137.8442756859      -10.04       -2.86    13.0s
    ‖ρε - ρref‖ = 0.000231613341231631 ‖Δρ‖ = 0.00022950217225000237  ‖vε - vref‖ = 0.7487971756534797  α = 9.77e-5
 114   -137.8442756860       -9.94       -2.26    14.2s
    ‖ρε - ρref‖ = 0.0008548755273436926 ‖Δρ‖ = 0.0008549250900365092  ‖vε - vref‖ = 0.7488167393499101  α = 2.85e-5
 115   -137.8442756862       -9.68       -2.98    13.2s
    ‖ρε - ρref‖ = 0.0001331283897399286 ‖Δρ‖ = 0.000132846514737025  ‖vε - vref‖ = 0.7488714183838298  α = 0.000262
 116   -137.8442756863       -9.95       -3.11    12.3s
    ‖ρε - ρref‖ = 0.0001176841537259426 ‖Δρ‖ = 0.00011584609911763867  ‖vε - vref‖ = 0.7489189474843423  α = 0.000217
 117   -137.8442756864       -9.95       -2.99    13.9s
    ‖ρε - ρref‖ = 0.00014435212431030043 ‖Δρ‖ = 0.0001421209208801623  ‖vε - vref‖ = 0.7489796476201277  α = 0.000175
 118   -137.8442756865      -10.18       -3.14    13.4s
    ‖ρε - ρref‖ = 0.00012832733777671176 ‖Δρ‖ = 0.00013134674505619687  ‖vε - vref‖ = 0.7490089754865468  α = 0.000139
 119   -137.8442756866      -10.23       -2.60    13.3s
    ‖ρε - ρref‖ = 0.0004811124729601361 ‖Δρ‖ = 0.0004675784331587714  ‖vε - vref‖ = 0.7490677260752593  α = 3.92e-5
 120   -137.8442756866      -10.20       -2.58    12.7s
    ‖ρε - ρref‖ = 0.00044877866463846546 ‖Δρ‖ = 0.0004591137186753689  ‖vε - vref‖ = 0.7490935104786037  α = 4.1e-5
 121   -137.8442756867      -10.11       -2.54    13.9s
    ‖ρε - ρref‖ = 0.00048566864077673845 ‖Δρ‖ = 0.00047655473159581726  ‖vε - vref‖ = 0.7491599684699696  α = 4.21e-5
 122   -137.8442756868       -9.99       -2.95    13.2s
    ‖ρε - ρref‖ = 0.00016242573561031773 ‖Δρ‖ = 0.00016479973951831475  ‖vε - vref‖ = 0.7492212797549076  α = 0.000148
 123   -137.8442756869      -10.16       -3.12    14.3s
    ‖ρε - ρref‖ = 0.00012903082517179025 ‖Δρ‖ = 0.00012716767933419266  ‖vε - vref‖ = 0.7492517806385904  α = 0.000155
 124   -137.8442756869      -10.12       -2.65    13.9s
    ‖ρε - ρref‖ = 0.0003892368249961932 ‖Δρ‖ = 0.0003885609710379457  ‖vε - vref‖ = 0.7492896564844675  α = 5.3e-5
 125   -137.8442756870      -10.34       -2.88    13.7s
    ‖ρε - ρref‖ = 0.00025339581977603683 ‖Δρ‖ = 0.0002536507788297573  ‖vε - vref‖ = 0.7493119763646329  α = 6.22e-5
 126   -137.8442756871      -10.08       -2.43    14.0s
    ‖ρε - ρref‖ = 0.0005726106621660291 ‖Δρ‖ = 0.000572492901046565  ‖vε - vref‖ = 0.7493539620950402  α = 3.75e-5
 127   -137.8442756872      -10.01       -3.09    12.7s
    ‖ρε - ρref‖ = 0.0001158742055119345 ‖Δρ‖ = 0.00011515147276318665  ‖vε - vref‖ = 0.7494211875219413  α = 0.000199
 128   -137.8442756873      -10.05       -2.90    13.0s
    ‖ρε - ρref‖ = 0.00020151993307047575 ‖Δρ‖ = 0.0001976385948095521  ‖vε - vref‖ = 0.7495005931824724  α = 0.000104
 129   -137.8442756873      -10.08       -2.85    12.8s
    ‖ρε - ρref‖ = 0.00020933310933824183 ‖Δρ‖ = 0.0002068427312875635  ‖vε - vref‖ = 0.7495661172596642  α = 0.000103
 130   -137.8442756874      -10.10       -3.35    13.8s
    ‖ρε - ρref‖ = 7.34908450290573e-5 ‖Δρ‖ = 6.780335756412931e-5  ‖vε - vref‖ = 0.7496415781176277  α = 0.000312
 131   -137.8442756875      -10.49       -2.91    15.1s
    ‖ρε - ρref‖ = 0.00022679858021687862 ‖Δρ‖ = 0.00024057724638235949  ‖vε - vref‖ = 0.7496518995218803  α = 5.51e-5
 132   -137.8442756875      -10.25       -2.59    14.4s
    ‖ρε - ρref‖ = 0.0004527868885526788 ‖Δρ‖ = 0.00044054936939334793  ‖vε - vref‖ = 0.7497146032537  α = 4.02e-5
 133   -137.8442756875      -10.54       -2.74    13.4s
    ‖ρε - ρref‖ = 0.0003294005854096367 ‖Δρ‖ = 0.0003342301947821019  ‖vε - vref‖ = 0.7497304001018507  α = 3.89e-5
 134   -137.8442756877       -9.92       -2.93    13.9s
    ‖ρε - ρref‖ = 0.00015165412670980867 ‖Δρ‖ = 0.00015121406523458818  ‖vε - vref‖ = 0.7498169693056473  α = 0.000173
 135   -137.8442756877      -10.15       -3.20    13.7s
    ‖ρε - ρref‖ = 9.425271576848068e-5 ‖Δρ‖ = 9.139324586796261e-5  ‖vε - vref‖ = 0.749879245118754  α = 0.000221
 136   -137.8442756878      -10.43       -2.83    13.5s
    ‖ρε - ρref‖ = 0.0002803857323231234 ‖Δρ‖ = 0.00027928586261123916  ‖vε - vref‖ = 0.7499141029724821  α = 5.19e-5
 137   -137.8442756878      -10.37       -2.79    13.9s
    ‖ρε - ρref‖ = 0.0003073279558251319 ‖Δρ‖ = 0.0003056677535732277  ‖vε - vref‖ = 0.7499610285479822  α = 4.99e-5
 138   -137.8442756879      -10.41       -2.49    13.4s
    ‖ρε - ρref‖ = 0.0005382554985847347 ‖Δρ‖ = 0.0005380245845241841  ‖vε - vref‖ = 0.7500002984976077  α = 2.75e-5
 139   -137.8442756879      -10.41       -3.18    14.0s
    ‖ρε - ρref‖ = 0.00010174519546481166 ‖Δρ‖ = 9.722601453855448e-5  ‖vε - vref‖ = 0.7500489730803662  α = 0.000155
 140   -137.8442756879      -10.43       -3.33    15.1s
    ‖ρε - ρref‖ = 8.644192779172785e-5 ‖Δρ‖ = 8.512603188989658e-5  ‖vε - vref‖ = 0.7500866387607825  α = 0.000164
 141   -137.8442756880      -10.12       -3.12    15.2s
    ‖ρε - ρref‖ = 0.00010815888957192952 ‖Δρ‖ = 0.00010382104759643718  ‖vε - vref‖ = 0.750175010309233  α = 0.000195
 142   -137.8442756880      -10.42       -3.20    13.9s
    ‖ρε - ρref‖ = 0.00011027687896554641 ‖Δρ‖ = 0.0001118836827456359  ‖vε - vref‖ = 0.7502049859484018  α = 0.000125
 143   -137.8442756881      -10.35       -3.00    13.9s
    ‖ρε - ρref‖ = 0.00018949790109637588 ‖Δρ‖ = 0.0001765996976134357  ‖vε - vref‖ = 0.7502590189972246  α = 8.59e-5
 144   -137.8442756881      -10.47       -2.58    14.9s
    ‖ρε - ρref‖ = 0.0005139166930150422 ‖Δρ‖ = 0.0005294703738653174  ‖vε - vref‖ = 0.7502724344562939  α = 2.42e-5
 145   -137.8442756882      -10.36       -2.91    13.0s
    ‖ρε - ρref‖ = 0.00018987781808106044 ‖Δρ‖ = 0.00018571544875414233  ‖vε - vref‖ = 0.7503160588952383  α = 8.41e-5
 146   -137.8442756882      -10.80       -2.79    15.2s
    ‖ρε - ρref‖ = 0.00030670154752703433 ‖Δρ‖ = 0.0003075068543629842  ‖vε - vref‖ = 0.7503311672944921  α = 3.13e-5
 147   -137.8442756882      -10.19       -3.37    13.3s
    ‖ρε - ρref‖ = 5.723996045465723e-5 ‖Δρ‖ = 5.314738322526706e-5  ‖vε - vref‖ = 0.7504122199213278  α = 0.000362
 148   -137.8442756883      -10.24       -3.18    14.1s
    ‖ρε - ρref‖ = 9.937216369070587e-5 ‖Δρ‖ = 9.432626802563152e-5  ‖vε - vref‖ = 0.7504877405386583  α = 0.000192
 149   -137.8442756883      -10.59       -2.59    14.0s
    ‖ρε - ρref‖ = 0.0005142248868953544 ‖Δρ‖ = 0.0005129919842540646  ‖vε - vref‖ = 0.7505169808930836  α = 2.25e-5
 150   -137.8442756884      -10.49       -2.85    13.5s
    ‖ρε - ρref‖ = 0.00024465435324943786 ‖Δρ‖ = 0.0002430256937431417  ‖vε - vref‖ = 0.7505533414465579  α = 5.58e-5
 151   -137.8442756884      -10.46       -2.87    15.2s
    ‖ρε - ρref‖ = 0.0002499530734361147 ‖Δρ‖ = 0.0002502025812031672  ‖vε - vref‖ = 0.750590815653102  α = 5.48e-5
 152   -137.8442756885      -10.08       -3.34    14.6s
    ‖ρε - ρref‖ = 6.075965192502317e-5 ‖Δρ‖ = 5.7381852039473994e-5  ‖vε - vref‖ = 0.7506716292163748  α = 0.000378
 153   -137.8442756885      -10.32       -3.33    14.6s
    ‖ρε - ρref‖ = 7.294881597065799e-5 ‖Δρ‖ = 7.013423047110654e-5  ‖vε - vref‖ = 0.7507164692810147  α = 0.000228
 154   -137.8442756886      -10.37       -3.23    14.7s
    ‖ρε - ρref‖ = 9.933587040137837e-5 ‖Δρ‖ = 9.350581376011242e-5  ‖vε - vref‖ = 0.7507584937434917  α = 0.000165
 155   -137.8442756886      -10.92       -3.00    13.1s
    ‖ρε - ρref‖ = 0.00021828360223578728 ‖Δρ‖ = 0.00023532680296017646  ‖vε - vref‖ = 0.7507584402525176  α = 3.4e-5
 156   -137.8442756886      -10.44       -2.93    15.4s
    ‖ρε - ρref‖ = 0.0002141032339696915 ‖Δρ‖ = 0.00020414469409777314  ‖vε - vref‖ = 0.7508096193340914  α = 6.76e-5
 157   -137.8442756886      -10.60       -2.91    15.1s
    ‖ρε - ρref‖ = 0.00019545304485431102 ‖Δρ‖ = 0.00019598106720817733  ‖vε - vref‖ = 0.7508371779928312  α = 6.04e-5
 158   -137.8442756887      -10.78       -2.93    14.7s
    ‖ρε - ρref‖ = 0.0002223333968572352 ‖Δρ‖ = 0.00022174642030985028  ‖vε - vref‖ = 0.7508585261498616  α = 4.38e-5
 159   -137.8442756887      -10.53       -3.23    14.5s
    ‖ρε - ρref‖ = 8.945972409067009e-5 ‖Δρ‖ = 8.921109639360723e-5  ‖vε - vref‖ = 0.750896559471176  α = 0.00014
 160   -137.8442756887      -10.54       -3.08    14.6s
    ‖ρε - ρref‖ = 0.00012619539019588722 ‖Δρ‖ = 0.00012176784382324288  ‖vε - vref‖ = 0.7509423757455499  α = 0.000102
 161   -137.8442756887      -10.98       -3.08    14.3s
    ‖ρε - ρref‖ = 0.00019392374321356616 ‖Δρ‖ = 0.00019093058294671913  ‖vε - vref‖ = 0.7509593030784876  α = 3.86e-5
 162   -137.8442756888      -10.47       -2.90    14.4s
    ‖ρε - ρref‖ = 0.00020025606288203685 ‖Δρ‖ = 0.00019869984232346664  ‖vε - vref‖ = 0.7510042089149098  α = 6.64e-5
 163   -137.8442756888      -10.58       -3.09    14.4s
    ‖ρε - ρref‖ = 0.00013216003685629025 ‖Δρ‖ = 0.00013025300658059115  ‖vε - vref‖ = 0.751039991031141  α = 9.55e-5
 164   -137.8442756888      -10.52       -2.83    13.8s
    ‖ρε - ρref‖ = 0.00022520245234013324 ‖Δρ‖ = 0.00022477594461487325  ‖vε - vref‖ = 0.7510805123971334  α = 5.69e-5
 165   -137.8442756889      -10.43       -3.31    14.6s
    ‖ρε - ρref‖ = 7.188617509244133e-5 ‖Δρ‖ = 6.857123098064508e-5  ‖vε - vref‖ = 0.7511267986823748  α = 0.000214
 166   -137.8442756889      -10.39       -3.29    13.9s
    ‖ρε - ρref‖ = 7.76044413983596e-5 ‖Δρ‖ = 7.482409221870597e-5  ‖vε - vref‖ = 0.7511690947646983  α = 0.000202
 167   -137.8442756889      -10.87       -3.45    13.5s
    ‖ρε - ρref‖ = 9.006670734021094e-5 ‖Δρ‖ = 7.270601911311447e-5  ‖vε - vref‖ = 0.7511946470274381  α = 0.000118
 168   -137.8442756889      -10.55       -2.70    13.0s
    ‖ρε - ρref‖ = 0.00031130330838784485 ‖Δρ‖ = 0.00032213958559725134  ‖vε - vref‖ = 0.751208015351395  α = 3.81e-5
 169   -137.8442756890      -10.33       -3.22    14.7s
    ‖ρε - ρref‖ = 8.98648477590444e-5 ‖Δρ‖ = 8.728290703407945e-5  ‖vε - vref‖ = 0.7512540467514132  α = 0.000182
 170   -137.8442756890      -10.71       -2.73    15.1s
    ‖ρε - ρref‖ = 0.00031648034879715853 ‖Δρ‖ = 0.00031641792742985854  ‖vε - vref‖ = 0.75127339514663  α = 3.41e-5
 171   -137.8442756890      -10.37       -3.13    14.6s
    ‖ρε - ρref‖ = 0.00010051854794848222 ‖Δρ‖ = 9.735556838124607e-5  ‖vε - vref‖ = 0.7513212366023612  α = 0.000156
 172   -137.8442756891      -10.66       -3.24    13.4s
    ‖ρε - ρref‖ = 0.00010312003694536918 ‖Δρ‖ = 0.0001007535225043313  ‖vε - vref‖ = 0.7513511988664491  α = 0.000105
 173   -137.8442756891      -10.79       -2.84    14.6s
    ‖ρε - ρref‖ = 0.0002951182592988528 ‖Δρ‖ = 0.00029451918293512547  ‖vε - vref‖ = 0.751377833742561  α = 3.06e-5
 174   -137.8442756891      -10.52       -2.84    13.2s
    ‖ρε - ρref‖ = 0.00022257197769284508 ‖Δρ‖ = 0.00021926813363039467  ‖vε - vref‖ = 0.7514282788698614  α = 5.56e-5
 175   -137.8442756891      -10.76       -3.35    15.2s
    ‖ρε - ρref‖ = 8.051451254015998e-5 ‖Δρ‖ = 7.803479752084692e-5  ‖vε - vref‖ = 0.7514574252830201  α = 0.000126
 176   -137.8442756891      -10.80       -2.94    14.4s
    ‖ρε - ρref‖ = 0.00019291037114438776 ‖Δρ‖ = 0.00019144834636677027  ‖vε - vref‖ = 0.7514831010732126  α = 4.92e-5
 177   -137.8442756892      -10.70       -3.41    14.9s
    ‖ρε - ρref‖ = 6.782628750249116e-5 ‖Δρ‖ = 6.201337605221506e-5  ‖vε - vref‖ = 0.7515145221136829  α = 0.000171
 178   -137.8442756892      -10.50       -3.44    15.1s
    ‖ρε - ρref‖ = 5.154792977785394e-5 ‖Δρ‖ = 4.794629956749485e-5  ‖vε - vref‖ = 0.751550080685164  α = 0.000281
 179   -137.8442756892      -10.88       -3.19    14.3s
    ‖ρε - ρref‖ = 0.00011501128287557314 ‖Δρ‖ = 0.00012633659008010064  ‖vε - vref‖ = 0.7515562734165745  α = 6.79e-5
 180   -137.8442756892      -10.93       -2.85    15.3s
    ‖ρε - ρref‖ = 0.00031096120728269064 ‖Δρ‖ = 0.00029457953785747134  ‖vε - vref‖ = 0.7515815585464192  α = 2.55e-5
 181   -137.8442756892      -10.65       -3.28    14.8s
    ‖ρε - ρref‖ = 7.79028186146553e-5 ‖Δρ‖ = 7.72463817631203e-5  ‖vε - vref‖ = 0.7516033402823225  α = 0.00014
 182   -137.8442756893      -10.78       -3.32    13.8s
    ‖ρε - ρref‖ = 8.64418985088999e-5 ‖Δρ‖ = 8.34076871195987e-5  ‖vε - vref‖ = 0.7516265474881287  α = 0.000117
 183   -137.8442756893      -10.58       -2.82    14.6s
    ‖ρε - ρref‖ = 0.0002168501986525858 ‖Δρ‖ = 0.00021516945663462643  ‖vε - vref‖ = 0.7516652851741223  α = 5.76e-5
 184   -137.8442756893      -10.42       -3.14    15.2s
    ‖ρε - ρref‖ = 9.677397275403737e-5 ‖Δρ‖ = 9.382182011755459e-5  ‖vε - vref‖ = 0.7517234986535729  α = 0.000157
 185   -137.8442756893      -11.38       -2.98    15.1s
    ‖ρε - ρref‖ = 0.0002802998219207706 ‖Δρ‖ = 0.0002786184315600995  ‖vε - vref‖ = 0.7517304160560546  α = 1.65e-5
 186   -137.8442756894      -10.65       -3.55    13.4s
    ‖ρε - ρref‖ = 4.7760850919985566e-5 ‖Δρ‖ = 4.3535861181607026e-5  ‖vε - vref‖ = 0.7517669871058424  α = 0.000248
 187   -137.8442756894      -10.90       -3.25    14.5s
    ‖ρε - ρref‖ = 0.00011534673925940195 ‖Δρ‖ = 0.0001115694117218665  ‖vε - vref‖ = 0.7517892065663934  α = 7.1e-5
 188   -137.8442756894      -10.86       -3.17    13.0s
    ‖ρε - ρref‖ = 0.00011580671505898824 ‖Δρ‖ = 0.00011285632430791832  ‖vε - vref‖ = 0.7518147582187241  α = 7.9e-5
 189   -137.8442756894      -10.68       -3.16    12.7s
    ‖ρε - ρref‖ = 0.000114958602893816 ‖Δρ‖ = 0.00011266835556554731  ‖vε - vref‖ = 0.7518490682692012  α = 9.02e-5
 190   -137.8442756894      -10.61       -3.18    14.1s
    ‖ρε - ρref‖ = 9.837367353960036e-5 ‖Δρ‖ = 9.609167433237175e-5  ‖vε - vref‖ = 0.7518954200037571  α = 0.000121
 191   -137.8442756894      -10.95       -3.51    13.2s
    ‖ρε - ρref‖ = 6.439869744696277e-5 ‖Δρ‖ = 5.0202734861788694e-5  ‖vε - vref‖ = 0.7519238837019456  α = 0.000156
 192   -137.8442756894      -11.02       -2.72    12.8s
    ‖ρε - ρref‖ = 0.0002978623430571273 ‖Δρ‖ = 0.0003133976706852311  ‖vε - vref‖ = 0.7519299803324365  α = 2.34e-5
 193   -137.8442756895      -10.52       -3.50    14.5s
    ‖ρε - ρref‖ = 5.091700060787459e-5 ‖Δρ‖ = 4.410331225357724e-5  ‖vε - vref‖ = 0.751973492087319  α = 0.000296
 194   -137.8442756895      -10.89       -3.16    14.4s
    ‖ρε - ρref‖ = 0.00011089143880506831 ‖Δρ‖ = 0.00010917448831377182  ‖vε - vref‖ = 0.751988956553256  α = 7.86e-5
 195   -137.8442756895      -11.09       -3.00    14.2s
    ‖ρε - ρref‖ = 0.0001844952736504671 ‖Δρ‖ = 0.00018373056818298482  ‖vε - vref‖ = 0.7519990029706362  α = 3.66e-5
 196   -137.8442756895      -10.80       -3.62    13.7s
    ‖ρε - ρref‖ = 4.388003897376697e-5 ‖Δρ‖ = 3.5761690804849764e-5  ‖vε - vref‖ = 0.752026021518616  α = 0.000258
 197   -137.8442756895      -11.08       -2.77    13.1s
    ‖ρε - ρref‖ = 0.0003359081259220527 ‖Δρ‖ = 0.0003348525647003654  ‖vε - vref‖ = 0.7520387812990081  α = 1.99e-5
 198   -137.8442756895      -10.81       -3.38    14.6s
    ‖ρε - ρref‖ = 7.061043953172593e-5 ‖Δρ‖ = 6.833147928908793e-5  ‖vε - vref‖ = 0.7520637935261564  α = 0.00013
 199   -137.8442756896      -10.74       -3.32    15.0s
    ‖ρε - ρref‖ = 7.70207572989498e-5 ‖Δρ‖ = 7.357022421917364e-5  ‖vε - vref‖ = 0.7520985547923268  α = 0.000135
 200   -137.8442756896      -11.03       -3.18    14.6s
    ‖ρε - ρref‖ = 0.00012108166798456556 ‖Δρ‖ = 0.00011848295538725658  ‖vε - vref‖ = 0.7521153530365198  α = 6.23e-5
 201   -137.8442756896      -10.75       -3.14    14.9s
    ‖ρε - ρref‖ = 0.0001052729535006364 ‖Δρ‖ = 0.00010377545487333992  ‖vε - vref‖ = 0.7521425280235806  α = 9.7e-5
 202   -137.8442756896      -10.88       -3.35    14.5s
    ‖ρε - ρref‖ = 7.486824500387395e-5 ‖Δρ‖ = 7.006613579210215e-5  ‖vε - vref‖ = 0.7521596647965718  α = 0.000115
 203   -137.8442756896      -11.29       -3.36    13.5s
    ‖ρε - ρref‖ = 7.978694320564545e-5 ‖Δρ‖ = 8.594086284456772e-5  ‖vε - vref‖ = 0.7521626891094422  α = 6.16e-5
 204   -137.8442756896      -11.47       -3.19    14.7s
    ‖ρε - ρref‖ = 0.0001762079861110239 ‖Δρ‖ = 0.00015748478618400806  ‖vε - vref‖ = 0.7521743429182387  α = 2.63e-5
 205   -137.8442756896      -10.67       -3.40    14.0s
    ‖ρε - ρref‖ = 5.347780299052887e-5 ‖Δρ‖ = 5.290066620157801e-5  ‖vε - vref‖ = 0.7521984066037358  α = 0.000203
 206   -137.8442756896      -10.99       -3.52    14.3s
    ‖ρε - ρref‖ = 4.984337452223417e-5 ‖Δρ‖ = 4.5124907069451394e-5  ‖vε - vref‖ = 0.7522174807226902  α = 0.000164
 207   -137.8442756896      -11.40       -3.24    15.2s
    ‖ρε - ρref‖ = 0.00010670130204027665 ‖Δρ‖ = 0.00010393222061637663  ‖vε - vref‖ = 0.752224846042136  α = 4.61e-5
 208   -137.8442756897      -10.86       -3.35    14.7s
    ‖ρε - ρref‖ = 6.902708642950608e-5 ‖Δρ‖ = 6.457099060379614e-5  ‖vε - vref‖ = 0.7522483655060571  α = 0.000136
 209   -137.8442756897      -11.54       -3.09    14.0s
    ‖ρε - ρref‖ = 0.00020380846940965902 ‖Δρ‖ = 0.00020104073875005837  ‖vε - vref‖ = 0.752254151045992  α = 1.97e-5
 210   -137.8442756897      -10.90       -3.40    13.4s
    ‖ρε - ρref‖ = 6.279673597563414e-5 ‖Δρ‖ = 5.6977980324745345e-5  ‖vε - vref‖ = 0.7522722082727324  α = 0.000147
 211   -137.8442756897      -10.86       -3.57    13.2s
    ‖ρε - ρref‖ = 4.207336001088318e-5 ‖Δρ‖ = 3.8981167193706516e-5  ‖vε - vref‖ = 0.7522881692018045  α = 0.000218
 212   -137.8442756897      -11.19       -3.42    14.8s
    ‖ρε - ρref‖ = 6.909645207516612e-5 ‖Δρ‖ = 6.629635394796049e-5  ‖vε - vref‖ = 0.7522961077275296  α = 9.48e-5
 213   -137.8442756897      -10.80       -3.18    14.1s
    ‖ρε - ρref‖ = 0.00010492891517906205 ‖Δρ‖ = 0.00010158601586008468  ‖vε - vref‖ = 0.7523162583520232  α = 9.23e-5
 214   -137.8442756897      -10.92       -3.54    14.0s
    ‖ρε - ρref‖ = 5.108077353500387e-5 ‖Δρ‖ = 5.040647565963971e-5  ‖vε - vref‖ = 0.7523332809128536  α = 0.000156
 215   -137.8442756897      -11.28       -3.29    14.4s
    ‖ρε - ρref‖ = 0.00013695463108409205 ‖Δρ‖ = 0.00011976545742246101  ‖vε - vref‖ = 0.7523500644939973  α = 4.29e-5
 216   -137.8442756897      -11.06       -3.03    14.0s
    ‖ρε - ρref‖ = 0.0001551357259304876 ‖Δρ‖ = 0.0001649361202480445  ‖vε - vref‖ = 0.752361009539629  α = 4.08e-5
 217   -137.8442756897      -10.86       -3.30    13.9s
    ‖ρε - ρref‖ = 8.017400357052175e-5 ‖Δρ‖ = 7.363306166449619e-5  ‖vε - vref‖ = 0.7523919435107106  α = 0.000115
 218   -137.8442756898      -10.93       -3.49    13.4s
    ‖ρε - ρref‖ = 5.803079272957008e-5 ‖Δρ‖ = 5.498964454895343e-5  ‖vε - vref‖ = 0.7524119586434155  α = 0.000143
 219   -137.8442756898      -11.13       -3.28    14.7s
    ‖ρε - ρref‖ = 9.384603518876485e-5 ‖Δρ‖ = 8.984314000624266e-5  ‖vε - vref‖ = 0.7524252561005799  α = 6.93e-5
 220   -137.8442756898      -11.41       -3.15    14.5s
    ‖ρε - ρref‖ = 0.0001364114009097578 ‖Δρ‖ = 0.00013241276510005869  ‖vε - vref‖ = 0.7524334003485831  α = 3.51e-5
 221   -137.8442756898      -11.63       -3.44    14.5s
    ‖ρε - ρref‖ = 8.331395768089194e-5 ‖Δρ‖ = 8.074918234754292e-5  ‖vε - vref‖ = 0.7524368978690538  α = 4.65e-5
 222   -137.8442756898      -10.94       -3.16    15.1s
    ‖ρε - ρref‖ = 9.635010100179185e-5 ‖Δρ‖ = 9.424631602503536e-5  ‖vε - vref‖ = 0.7524523993294561  α = 8.5e-5
 223   -137.8442756898      -10.88       -3.43    15.1s
    ‖ρε - ρref‖ = 5.4267158279276507e-5 ‖Δρ‖ = 5.0312207989713996e-5  ‖vε - vref‖ = 0.7524716972719713  α = 0.00017
 224   -137.8442756898      -10.85       -3.63    13.2s
    ‖ρε - ρref‖ = 3.927488677601813e-5 ‖Δρ‖ = 3.342767045157059e-5  ‖vε - vref‖ = 0.7524933111484987  α = 0.000263
 225   -137.8442756898      -11.35       -3.31    14.0s
    ‖ρε - ρref‖ = 9.465156553575215e-5 ‖Δρ‖ = 9.296111194220313e-5  ‖vε - vref‖ = 0.7525005089519435  α = 5.37e-5
 226   -137.8442756898      -10.79       -3.36    14.6s
    ‖ρε - ρref‖ = 6.28351203321744e-5 ‖Δρ‖ = 5.582859198817425e-5  ‖vε - vref‖ = 0.7525327743336506  α = 0.000168
 227   -137.8442756898      -11.40       -3.34    13.7s
    ‖ρε - ρref‖ = 8.197327507009579e-5 ‖Δρ‖ = 9.703485911033714e-5  ‖vε - vref‖ = 0.7525348557580092  α = 4.89e-5
 228   -137.8442756898      -11.24       -3.01    14.1s
    ‖ρε - ρref‖ = 0.0001851705550633872 ‖Δρ‖ = 0.0001734039914805094  ‖vε - vref‖ = 0.7525530581164741  α = 3.28e-5
 229   -137.8442756898      -11.04       -3.64    14.6s
    ‖ρε - ρref‖ = 3.695026215838741e-5 ‖Δρ‖ = 2.917024093326676e-5  ‖vε - vref‖ = 0.7525749389818748  α = 0.000247
 230   -137.8442756899      -11.39       -3.53    14.3s
    ‖ρε - ρref‖ = 6.014385550765226e-5 ‖Δρ‖ = 5.3690897180697684e-5  ‖vε - vref‖ = 0.75258543102644  α = 8.03e-5
 231   -137.8442756899      -11.28       -3.50    15.1s
    ‖ρε - ρref‖ = 5.362568091899987e-5 ‖Δρ‖ = 4.875721559504294e-5  ‖vε - vref‖ = 0.7525969288778782  α = 0.000114
 232   -137.8442756899      -11.42       -3.18    14.3s
    ‖ρε - ρref‖ = 0.00012807883000227858 ‖Δρ‖ = 0.00012748022994370136  ‖vε - vref‖ = 0.7526036241405343  α = 3.42e-5
 233   -137.8442756899      -11.53       -3.31    13.8s
    ‖ρε - ρref‖ = 0.00010338740975161794 ‖Δρ‖ = 0.00010079194906255641  ‖vε - vref‖ = 0.7526094481781009  α = 4.12e-5
 234   -137.8442756899      -10.81       -3.23    13.9s
    ‖ρε - ρref‖ = 8.348435231771542e-5 ‖Δρ‖ = 8.057630917828357e-5  ‖vε - vref‖ = 0.7526344943949231  α = 0.000115
 235   -137.8442756899      -10.90       -3.42    15.0s
    ‖ρε - ρref‖ = 5.929410374066044e-5 ‖Δρ‖ = 5.556194921691788e-5  ‖vε - vref‖ = 0.7526512597062949  α = 0.000149
 236   -137.8442756899      -11.00       -3.61    14.0s
    ‖ρε - ρref‖ = 4.0505875923363084e-5 ‖Δρ‖ = 3.3545564754380134e-5  ‖vε - vref‖ = 0.7526655055973654  α = 0.000223
 237   -137.8442756899      -11.40       -3.37    14.4s
    ‖ρε - ρref‖ = 7.845656208858284e-5 ‖Δρ‖ = 7.570581516816853e-5  ‖vε - vref‖ = 0.7526701911621813  α = 6.33e-5
 238   -137.8442756899      -11.47       -3.41    15.1s
    ‖ρε - ρref‖ = 6.886421770962908e-5 ‖Δρ‖ = 7.039421480393053e-5  ‖vε - vref‖ = 0.7526734930176382  α = 6.13e-5
 239   -137.8442756899      -11.11       -3.57    13.8s
    ‖ρε - ρref‖ = 6.771462063721573e-5 ‖Δρ‖ = 4.9735232752766005e-5  ‖vε - vref‖ = 0.7526969965559208  α = 0.000126
 240   -137.8442756899      -10.96       -2.78    15.0s
    ‖ρε - ρref‖ = 0.0002463321286198478 ‖Δρ‖ = 0.00025620667242575324  ‖vε - vref‖ = 0.7527093162886156  α = 2.98e-5
 241   -137.8442756899      -11.13       -3.46    14.4s
    ‖ρε - ρref‖ = 6.0377836533840816e-5 ‖Δρ‖ = 5.5931962146485656e-5  ‖vε - vref‖ = 0.7527219511291201  α = 0.000116
 242   -137.8442756899      -11.04       -3.79    14.1s
    ‖ρε - ρref‖ = 3.252844922927116e-5 ‖Δρ‖ = 2.2121033847184828e-5  ‖vε - vref‖ = 0.7527362341176888  α = 0.000324
 243   -137.8442756899      -11.40       -3.41    14.4s
    ‖ρε - ρref‖ = 7.533944434227492e-5 ‖Δρ‖ = 7.228976728229895e-5  ‖vε - vref‖ = 0.752743044292244  α = 6.78e-5
 244   -137.8442756900      -11.14       -3.13    14.3s
    ‖ρε - ρref‖ = 0.0001236950771613789 ‖Δρ‖ = 0.00012162776539799522  ‖vε - vref‖ = 0.7527559501771186  α = 4.77e-5
 245   -137.8442756900      -11.33       -2.98    14.9s
    ‖ρε - ρref‖ = 0.00018251426350587749 ‖Δρ‖ = 0.00018256142873446807  ‖vε - vref‖ = 0.7527623764528271  α = 2.79e-5
 246   -137.8442756900      -11.28       -3.39    14.6s
    ‖ρε - ρref‖ = 7.375307718727787e-5 ‖Δρ‖ = 7.179326747250027e-5  ‖vε - vref‖ = 0.7527690821206635  α = 6.92e-5
 247   -137.8442756900      -11.08       -3.49    14.7s
    ‖ρε - ρref‖ = 5.544507256780958e-5 ‖Δρ‖ = 4.903592599049107e-5  ‖vε - vref‖ = 0.7527825580620339  α = 0.000135
 248   -137.8442756900      -11.15       -3.57    13.3s
    ‖ρε - ρref‖ = 4.274774472697595e-5 ‖Δρ‖ = 3.7512798976483284e-5  ‖vε - vref‖ = 0.7527926910350164  α = 0.00017
 249   -137.8442756900      -11.30       -3.78    14.5s
    ‖ρε - ρref‖ = 3.2290453753327945e-5 ‖Δρ‖ = 2.533460225812404e-5  ‖vε - vref‖ = 0.7527995133725155  α = 0.00021
 250   -137.8442756900      -11.58       -3.31    14.5s
    ‖ρε - ρref‖ = 9.916321521469597e-5 ‖Δρ‖ = 9.041824088198224e-5  ‖vε - vref‖ = 0.7528061198936552  α = 4.43e-5
 251   -137.8442756900      -11.52       -3.45    13.7s
    ‖ρε - ρref‖ = 5.6140242187706035e-5 ‖Δρ‖ = 6.992591481693311e-5  ‖vε - vref‖ = 0.7528051438586666  α = 5.53e-5
 252   -137.8442756900      -11.35       -3.09    14.6s
    ‖ρε - ρref‖ = 0.00014515975609600442 ‖Δρ‖ = 0.00013423478837099747  ‖vε - vref‖ = 0.7528173542577982  α = 3.87e-5
 253   -137.8442756900      -11.09       -3.70    13.9s
    ‖ρε - ρref‖ = 3.504786004742559e-5 ‖Δρ‖ = 2.6669072108920128e-5  ‖vε - vref‖ = 0.7528328486315731  α = 0.000254
 254   -137.8442756900      -11.28       -3.62    12.5s
    ‖ρε - ρref‖ = 3.9591606840609814e-5 ‖Δρ‖ = 3.453581627238681e-5  ‖vε - vref‖ = 0.7528417199553126  α = 0.000158
 255   -137.8442756900      -11.65       -3.54    14.7s
    ‖ρε - ρref‖ = 5.879067611113766e-5 ‖Δρ‖ = 5.346302332966394e-5  ‖vε - vref‖ = 0.7528455517051612  α = 6.25e-5
 256   -137.8442756900      -11.67       -3.30    14.0s
    ‖ρε - ρref‖ = 0.00010355744252183637 ‖Δρ‖ = 0.00010107449216135522  ‖vε - vref‖ = 0.7528486916372719  α = 3.32e-5
 257   -137.8442756900      -11.66       -3.37    15.0s
    ‖ρε - ρref‖ = 7.832796263818493e-5 ‖Δρ‖ = 7.490443867836681e-5  ‖vε - vref‖ = 0.7528512736511308  α = 4.83e-5
 258   -137.8442756900      -11.38       -3.39    13.6s
    ‖ρε - ρref‖ = 6.693828683824238e-5 ‖Δρ‖ = 6.407482351794814e-5  ‖vε - vref‖ = 0.7528540751212155  α = 7.31e-5
 259   -137.8442756900      -11.38       -3.65    13.1s
    ‖ρε - ρref‖ = 3.7697724855746344e-5 ‖Δρ‖ = 3.1010664098300795e-5  ‖vε - vref‖ = 0.7528581228622497  α = 0.000153
 260   -137.8442756900      -11.46       -3.75    14.2s
    ‖ρε - ρref‖ = 4.0758902227473604e-5 ‖Δρ‖ = 3.3110906135507455e-5  ‖vε - vref‖ = 0.7528634184825779  α = 0.000115
 261   -137.8442756900      -11.09       -3.59    14.9s
    ‖ρε - ρref‖ = 4.0165224289800795e-5 ‖Δρ‖ = 3.422931143784944e-5  ‖vε - vref‖ = 0.7528715368887287  α = 0.000194
 262   -137.8442756900      -11.31       -3.47    14.5s
    ‖ρε - ρref‖ = 5.372325001323229e-5 ‖Δρ‖ = 5.492559566486479e-5  ‖vε - vref‖ = 0.7528734677806548  α = 9.29e-5
 263   -137.8442756900      -11.81       -3.24    13.9s
    ‖ρε - ρref‖ = 0.00015924558555209303 ‖Δρ‖ = 0.0001409983995550556  ‖vε - vref‖ = 0.7528797290809331  α = 2.13e-5
 264   -137.8442756900      -11.82       -3.52    14.2s
    ‖ρε - ρref‖ = 5.804019140728147e-5 ‖Δρ‖ = 6.187836980302469e-5  ‖vε - vref‖ = 0.7528792055787582  α = 4.74e-5
 265   -137.8442756901      -11.14       -3.54    14.0s
    ‖ρε - ρref‖ = 4.386827570903046e-5 ‖Δρ‖ = 3.778007288716108e-5  ‖vε - vref‖ = 0.7528865255985534  α = 0.000166
 266   -137.8442756901      -11.24       -3.78    14.4s
    ‖ρε - ρref‖ = 3.254337750567336e-5 ‖Δρ‖ = 2.2842062504333072e-5  ‖vε - vref‖ = 0.7528907488590509  α = 0.000255
 267   -137.8442756901      -11.62       -3.67    14.4s
    ‖ρε - ρref‖ = 4.603385977735043e-5 ‖Δρ‖ = 4.006030495609625e-5  ‖vε - vref‖ = 0.7528919724547843  α = 9.04e-5
 268   -137.8442756901      -11.71       -3.20    14.3s
    ‖ρε - ρref‖ = 0.00013707049120128433 ‖Δρ‖ = 0.0001339472431730171  ‖vε - vref‖ = 0.7528936531663359  α = 2.46e-5
 269   -137.8442756901      -11.70       -3.60    13.1s
    ‖ρε - ρref‖ = 4.874778299976237e-5 ‖Δρ‖ = 4.420015614602197e-5  ‖vε - vref‖ = 0.7528941101926291  α = 7.49e-5
 270   -137.8442756901      -11.33       -3.36    14.3s
    ‖ρε - ρref‖ = 6.823396696629913e-5 ‖Δρ‖ = 6.641220232055145e-5  ‖vε - vref‖ = 0.7528951000848784  α = 7.68e-5
 271   -137.8442756901      -11.51       -3.90    14.6s
    ‖ρε - ρref‖ = 2.896564864892662e-5 ‖Δρ‖ = 1.8427189991000124e-5  ‖vε - vref‖ = 0.7528950531952161  α = 0.000234
 272   -137.8442756901      -11.53       -3.69    13.5s
    ‖ρε - ρref‖ = 4.427093788719054e-5 ‖Δρ‖ = 3.787970930026057e-5  ‖vε - vref‖ = 0.7528955408618254  α = 9.68e-5
 273   -137.8442756901      -11.52       -3.80    14.5s
    ‖ρε - ρref‖ = 3.44344794790151e-5 ‖Δρ‖ = 2.764295631818459e-5  ‖vε - vref‖ = 0.7528981941467536  α = 0.000139
 274   -137.8442756901      -11.61       -3.60    14.5s
    ‖ρε - ρref‖ = 6.156186835147256e-5 ‖Δρ‖ = 4.687621439770734e-5  ‖vε - vref‖ = 0.7529045284807746  α = 7.89e-5
 275   -137.8442756901      -11.63       -3.19    14.3s
    ‖ρε - ρref‖ = 0.00010957718856777004 ‖Δρ‖ = 0.00012419554424319919  ‖vε - vref‖ = 0.752902308897084  α = 2.75e-5
 276   -137.8442756901      -11.79       -3.50    15.2s
    ‖ρε - ρref‖ = 7.069468403714767e-5 ‖Δρ‖ = 6.18328810176029e-5  ‖vε - vref‖ = 0.7529061957424017  α = 5.11e-5
 277   -137.8442756901      -11.64       -3.58    14.4s
    ‖ρε - ρref‖ = 5.360118853306241e-5 ‖Δρ‖ = 4.7474901521597716e-5  ‖vε - vref‖ = 0.7529087033314305  α = 6.54e-5
 278   -137.8442756901      -11.44       -3.80    13.8s
    ‖ρε - ρref‖ = 3.123367423161901e-5 ‖Δρ‖ = 2.3026543000752807e-5  ‖vε - vref‖ = 0.7529099086499751  α = 0.000206
 279   -137.8442756901      -11.60       -3.93    14.0s
    ‖ρε - ρref‖ = 3.1613808968147445e-5 ‖Δρ‖ = 2.1131955069627705e-5  ‖vε - vref‖ = 0.7529105958929182  α = 0.000163
 280   -137.8442756901      -11.73       -3.15    14.0s
    ‖ρε - ρref‖ = 0.00014006939726192642 ‖Δρ‖ = 0.0001383040138869199  ‖vε - vref‖ = 0.7529102337832426  α = 2.27e-5
 281   -137.8442756901      -11.82       -3.75    14.5s
    ‖ρε - ρref‖ = 3.587089881347959e-5 ‖Δρ‖ = 3.0085549097255248e-5  ‖vε - vref‖ = 0.7529102496996197  α = 0.000105
 282   -137.8442756901      -11.71       -3.36    15.2s
    ‖ρε - ρref‖ = 7.29877774709127e-5 ‖Δρ‖ = 7.10843259032708e-5  ‖vε - vref‖ = 0.7529101290469895  α = 4.42e-5
 283   -137.8442756901      -11.37       -3.84    14.5s
    ‖ρε - ρref‖ = 3.101058072119762e-5 ‖Δρ‖ = 2.1220860090129865e-5  ‖vε - vref‖ = 0.752909543349905  α = 0.000234
 284   -137.8442756901      -11.50       -3.86    14.5s
    ‖ρε - ρref‖ = 2.9067185297682134e-5 ‖Δρ‖ = 1.8361731804065977e-5  ‖vε - vref‖ = 0.752910052274376  α = 0.000227
 285   -137.8442756901      -11.70       -3.82    14.0s
    ‖ρε - ρref‖ = 3.6333114700076225e-5 ‖Δρ‖ = 2.5085661245272436e-5  ‖vε - vref‖ = 0.7529122446425384  α = 0.000125
 286   -137.8442756901      -12.00       -3.47    14.5s
    ‖ρε - ρref‖ = 5.2689417541857436e-5 ‖Δρ‖ = 6.593082418188118e-5  ‖vε - vref‖ = 0.7529099266410116  α = 3.64e-5
 287   -137.8442756901      -11.83       -3.40    13.7s
    ‖ρε - ρref‖ = 8.645036306314038e-5 ‖Δρ‖ = 7.255574166782322e-5  ‖vε - vref‖ = 0.7529140585739231  α = 3.48e-5
 288   -137.8442756901      -11.94       -3.74    14.1s
    ‖ρε - ρref‖ = 3.628877591062675e-5 ‖Δρ‖ = 3.0521444187098766e-5  ‖vε - vref‖ = 0.752914680847198  α = 8.78e-5
 289   -137.8442756901      -11.79       -3.52    15.1s
    ‖ρε - ρref‖ = 5.2078946635534424e-5 ‖Δρ‖ = 4.681612623275216e-5  ‖vε - vref‖ = 0.7529157285898178  α = 6.13e-5
 290   -137.8442756901      -11.63       -3.89    13.6s
    ‖ρε - ρref‖ = 2.8714661156128983e-5 ‖Δρ‖ = 1.6742042483128428e-5  ‖vε - vref‖ = 0.7529176387993517  α = 0.000222
 291   -137.8442756901      -12.00       -3.76    15.2s
    ‖ρε - ρref‖ = 3.9647268639931265e-5 ‖Δρ‖ = 3.49062070792213e-5  ‖vε - vref‖ = 0.7529168563390667  α = 6.43e-5
 292   -137.8442756901      -11.97       -3.40    14.7s
    ‖ρε - ρref‖ = 8.30896958964293e-5 ‖Δρ‖ = 8.088018724342813e-5  ‖vε - vref‖ = 0.752916449314261  α = 2.87e-5
 293   -137.8442756901      -11.49       -3.85    13.0s
    ‖ρε - ρref‖ = 3.159230231910854e-5 ‖Δρ‖ = 2.18754845610992e-5  ‖vε - vref‖ = 0.7529155045349851  α = 0.000192
 294   -137.8442756901      -11.87       -3.40    14.0s
    ‖ρε - ρref‖ = 7.736486244615182e-5 ‖Δρ‖ = 7.43668503277568e-5  ‖vε - vref‖ = 0.752914599768496  α = 4.02e-5
 295   -137.8442756901      -11.54       -3.64    15.1s
    ‖ρε - ρref‖ = 4.338180980542994e-5 ‖Δρ‖ = 3.886394989605669e-5  ‖vε - vref‖ = 0.7529115734334463  α = 9.57e-5
 296   -137.8442756901      -11.44       -3.85    14.0s
    ‖ρε - ρref‖ = 2.9058652037748622e-5 ‖Δρ‖ = 1.8293065694182498e-5  ‖vε - vref‖ = 0.7529096149428136  α = 0.000248
 297   -137.8442756901      -11.57       -3.87    14.4s
    ‖ρε - ρref‖ = 2.7019599545447546e-5 ‖Δρ‖ = 2.0927696500646676e-5  ‖vε - vref‖ = 0.7529080151887931  α = 0.000181
 298   -137.8442756901      -12.37       -3.68    14.9s
    ‖ρε - ρref‖ = 7.386689633157548e-5 ‖Δρ‖ = 5.4039968313649284e-5  ‖vε - vref‖ = 0.7529105875598959  α = 2.85e-5
 299   -137.8442756901      -11.71       -3.67    14.0s
    ‖ρε - ρref‖ = 3.665758741060692e-5 ‖Δρ‖ = 3.3688044790641174e-5  ‖vε - vref‖ = 0.7529090023502957  α = 9.63e-5
 300   -137.8442756901      -11.99       -3.70    14.7s
    ‖ρε - ρref‖ = 4.7507152912623825e-5 ‖Δρ‖ = 3.903388929532294e-5  ‖vε - vref‖ = 0.7529100988680205  α = 6.22e-5
Trying again with Newton's method ...
n     Energy            log10(ΔE)   log10(Δρ)   Δtime 
---   ---------------   ---------   ---------   ------
  1   -137.8442756902                   -6.99    1217s
    ‖ρε - ρref‖ = 2.2111726737611e-5 ‖Δρ‖ = 1.1196280409198457e-8  ‖vε - vref‖ = 0.7527607904042486
  2   -137.8442756902      -10.62       -7.24    1207s
    ‖ρε - ρref‖ = 2.2111212955673087e-5 ‖Δρ‖ = 6.805649773693902e-9  ‖vε - vref‖ = 0.7527517043005518
    Stopping to avoid numerical instabilities.

#-- ‖ρε - ρref‖ = 2.2111212955673087e-5 vs. 3.162277660168379e-8 = δ*ε ‖vε - vref‖ = 0.7527517043005518


# --- ε=1.778279410038923e-6

n     Energy            log10(ΔE)   log10(Δρ)   Δtime 
---   ---------------   ---------   ---------   ------
  1   -137.8442230096                    0.58    19.6s
    ‖ρε - ρref‖ = 1.3079546587558832 ‖Δρ‖ = 1.3079469106900132  ‖vε - vref‖ = 3.7290049345857774  α = 9.48e-6
  2   -137.8442247175       -5.77       -0.37    13.1s
    ‖ρε - ρref‖ = 0.09630538696727665 ‖Δρ‖ = 0.0963027237238562  ‖vε - vref‖ = 3.5020933413161974  α = 2.31e-5
  3   -137.8442251871       -6.33       -0.31    13.5s
    ‖ρε - ρref‖ = 0.11348687343244603 ‖Δρ‖ = 0.11348546881811462  ‖vε - vref‖ = 3.4517484541389867  α = 1.07e-5
  4   -137.8442261807       -6.00       -0.82    13.5s
    ‖ρε - ρref‖ = 0.02839582558426816 ‖Δρ‖ = 0.02839245295403406  ‖vε - vref‖ = 3.226128412338354  α = 6.14e-5
  5   -137.8442264334       -6.60       -0.89    13.8s
    ‖ρε - ρref‖ = 0.028684245002855886 ‖Δρ‖ = 0.02868270738230501  ‖vε - vref‖ = 3.1507913736532065  α = 2.86e-5
  6   -137.8442265025       -7.16       -0.99    13.6s
    ‖ρε - ρref‖ = 0.019169362764107294 ‖Δρ‖ = 0.019169180004516284  ‖vε - vref‖ = 3.151193361941159  α = 2.45e-5
  7   -137.8442265747       -7.14       -1.08    13.1s
    ‖ρε - ρref‖ = 0.013487939969194519 ‖Δρ‖ = 0.013487784255726307  ‖vε - vref‖ = 3.159941144240696  α = 3.53e-5
  8   -137.8442265955       -7.68       -1.42    14.5s
    ‖ρε - ρref‖ = 0.00784474515265631 ‖Δρ‖ = 0.00784408407858222  ‖vε - vref‖ = 3.153486475729288  α = 3.27e-5
  9   -137.8442266228       -7.56       -1.44    14.0s
    ‖ρε - ρref‖ = 0.007432409327044395 ‖Δρ‖ = 0.007431413871674729  ‖vε - vref‖ = 3.14037452518994  α = 3.96e-5
 10   -137.8442266899       -7.17       -1.69    13.9s
    ‖ρε - ρref‖ = 0.0031245285740160015 ‖Δρ‖ = 0.0031237647841294127  ‖vε - vref‖ = 3.1270080750667946  α = 0.00015
 11   -137.8442267361       -7.33       -1.87    13.8s
    ‖ρε - ρref‖ = 0.0018833998488894503 ‖Δρ‖ = 0.0018832643914127296  ‖vε - vref‖ = 3.131258263097683  α = 0.000206
 12   -137.8442330782       -5.20        0.24    14.7s
    ‖ρε - ρref‖ = 0.5250052900647748 ‖Δρ‖ = 0.5250160999180881  ‖vε - vref‖ = 0.8646803308696396  α = 5.72e-6
 13   -137.8442331086       -7.52       -1.65    15.0s
    ‖ρε - ρref‖ = 0.0028746167689269924 ‖Δρ‖ = 0.002873344061559654  ‖vε - vref‖ = 0.8414033957192926  α = 0.00011
 14   -137.8442331233       -7.83       -1.92    14.5s
    ‖ρε - ρref‖ = 0.0017632893147423445 ‖Δρ‖ = 0.0017626369909163723  ‖vε - vref‖ = 0.8316327495158278  α = 0.000125
 15   -137.8442331273       -8.39       -1.63    15.0s
    ‖ρε - ρref‖ = 0.0053711067944864676 ‖Δρ‖ = 0.005370487210357948  ‖vε - vref‖ = 0.8291056833199733  α = 2.04e-5
 16   -137.8442331392       -7.93       -1.42    15.1s
    ‖ρε - ρref‖ = 0.00571561052802208 ‖Δρ‖ = 0.005715583933196028  ‖vε - vref‖ = 0.823936027888621  α = 3.42e-5
 17   -137.8442331526       -7.87       -1.91    14.5s
    ‖ρε - ρref‖ = 0.001792861665196397 ‖Δρ‖ = 0.0017926779437576483  ‖vε - vref‖ = 0.8163165119019615  α = 0.000115
 18   -137.8442331580       -8.26       -1.50    14.5s
    ‖ρε - ρref‖ = 0.005594279791995969 ‖Δρ‖ = 0.005593518387371505  ‖vε - vref‖ = 0.8128331171670219  α = 2.35e-5
 19   -137.8442331635       -8.26       -1.73    13.2s
    ‖ρε - ρref‖ = 0.0031733770346452873 ‖Δρ‖ = 0.0031726374992282528  ‖vε - vref‖ = 0.8115205067713684  α = 4.0e-5
 20   -137.8442331715       -8.09       -1.68    14.7s
    ‖ρε - ρref‖ = 0.003042026978767999 ‖Δρ‖ = 0.0030418628887136975  ‖vε - vref‖ = 0.8064972230442427  α = 5.27e-5
 21   -137.8442331753       -8.43       -1.68    14.4s
    ‖ρε - ρref‖ = 0.0038166144147582072 ‖Δρ‖ = 0.0038165759864860417  ‖vε - vref‖ = 0.8043158411362858  α = 2.83e-5
 22   -137.8442331846       -8.03       -1.81    14.7s
    ‖ρε - ρref‖ = 0.0021975192309926675 ‖Δρ‖ = 0.0021972689312666108  ‖vε - vref‖ = 0.8000928138858967  α = 7.96e-5
 23   -137.8442332465       -7.21       -0.67    14.3s
    ‖ρε - ρref‖ = 0.06583672717423268 ‖Δρ‖ = 0.06584808611273166  ‖vε - vref‖ = 0.7421432353127979  α = 6.3e-6
 24   -137.8442332519       -8.27       -1.94    15.0s
    ‖ρε - ρref‖ = 0.0017536989017417873 ‖Δρ‖ = 0.0017531928883740625  ‖vε - vref‖ = 0.7390547504593425  α = 7.32e-5
 25   -137.8442332551       -8.50       -2.28    14.9s
    ‖ρε - ρref‖ = 0.0009033190682631629 ‖Δρ‖ = 0.0009018598534096045  ‖vε - vref‖ = 0.7375742300013309  α = 0.000109
 26   -137.8442332619       -8.17       -1.98    14.2s
    ‖ρε - ρref‖ = 0.0014683872021600181 ‖Δρ‖ = 0.0014686790601764269  ‖vε - vref‖ = 0.7334688833023353  α = 0.000101
 27   -137.8442332629       -9.00       -1.93    14.6s
    ‖ρε - ρref‖ = 0.0027207548687413936 ‖Δρ‖ = 0.0027211050409193605  ‖vε - vref‖ = 0.7329324025633182  α = 2.0e-5
 28   -137.8442332658       -8.54       -1.73    14.8s
    ‖ρε - ρref‖ = 0.00284215723037407 ‖Δρ‖ = 0.0028416043519123467  ‖vε - vref‖ = 0.7312692243921554  α = 3.39e-5
 29   -137.8442332698       -8.40       -2.22    14.7s
    ‖ρε - ρref‖ = 0.0008577229011513751 ‖Δρ‖ = 0.0008569913357424356  ‖vε - vref‖ = 0.7291600517060535  α = 0.000132
 30   -137.8442332719       -8.67       -2.02    14.3s
    ‖ρε - ρref‖ = 0.0014202400019867434 ‖Δρ‖ = 0.0014203429897893145  ‖vε - vref‖ = 0.7277682953879484  α = 5.9e-5
 31   -137.8442332741       -8.66       -1.64    14.6s
    ‖ρε - ρref‖ = 0.0033480601509003733 ‖Δρ‖ = 0.0033478445160622533  ‖vε - vref‖ = 0.7262496551258028  α = 2.52e-5
 32   -137.8442332752       -8.99       -2.22    13.4s
    ‖ρε - ρref‖ = 0.0010560685796292492 ‖Δρ‖ = 0.0010552954037758825  ‖vε - vref‖ = 0.7257453559452635  α = 5.27e-5
 33   -137.8442332768       -8.78       -1.99    15.1s
    ‖ρε - ρref‖ = 0.0015987184875846238 ‖Δρ‖ = 0.0015982368680855382  ‖vε - vref‖ = 0.7249404459687518  α = 4.56e-5
 34   -137.8442332780       -8.92       -2.02    14.5s
    ‖ρε - ρref‖ = 0.001774594767153434 ‖Δρ‖ = 0.0017789083760152502  ‖vε - vref‖ = 0.7242034194184399  α = 3.23e-5
 35   -137.8442332787       -9.19       -2.01    14.9s
    ‖ρε - ρref‖ = 0.0022361903908376933 ‖Δρ‖ = 0.002226348649364711  ‖vε - vref‖ = 0.7239402982823705  α = 2.0e-5
 36   -137.8442332809       -8.66       -1.94    15.0s
    ‖ρε - ρref‖ = 0.001910750607874258 ‖Δρ‖ = 0.0019139422891136287  ‖vε - vref‖ = 0.7224645062472117  α = 4.22e-5
 37   -137.8442332828       -8.73       -2.21    14.6s
    ‖ρε - ρref‖ = 0.0009203085463287077 ‖Δρ‖ = 0.0009193809019853523  ‖vε - vref‖ = 0.7214018324620148  α = 8.45e-5
 38   -137.8442332846       -8.74       -2.57    14.2s
    ‖ρε - ρref‖ = 0.000393048715751489 ‖Δρ‖ = 0.00039359634224220774  ‖vε - vref‖ = 0.7204401599426673  α = 0.000192
 39   -137.8442332857       -8.96       -2.22    15.0s
    ‖ρε - ρref‖ = 0.0010355607785241647 ‖Δρ‖ = 0.0010348652873977478  ‖vε - vref‖ = 0.7199265042639282  α = 5.65e-5
 40   -137.8442332864       -9.11       -1.67    15.0s
    ‖ρε - ρref‖ = 0.004045986559409793 ‖Δρ‖ = 0.004044748465967808  ‖vε - vref‖ = 0.7194511986698024  α = 1.21e-5
 41   -137.8442332879       -8.83       -2.42    13.3s
    ‖ρε - ρref‖ = 0.0005773759878919632 ‖Δρ‖ = 0.0005779462505230305  ‖vε - vref‖ = 0.7187557268996535  α = 0.000119
 42   -137.8442332889       -9.01       -2.27    13.1s
    ‖ρε - ρref‖ = 0.0009432308804794088 ‖Δρ‖ = 0.0009424562911629346  ‖vε - vref‖ = 0.7182401187462223  α = 5.63e-5
 43   -137.8442332901       -8.94       -2.38    14.2s
    ‖ρε - ρref‖ = 0.0006128175719246997 ‖Δρ‖ = 0.0006126396949822354  ‖vε - vref‖ = 0.717627017504051  α = 9.96e-5
 44   -137.8442332908       -9.14       -1.79    13.6s
    ‖ρε - ρref‖ = 0.002611037150554969 ‖Δρ‖ = 0.0026111617532283238  ‖vε - vref‖ = 0.7172586575432344  α = 1.88e-5
 45   -137.8442332913       -9.29       -2.54    13.4s
    ‖ρε - ρref‖ = 0.00045183851523336203 ‖Δρ‖ = 0.00045133098926027174  ‖vε - vref‖ = 0.7170839465891142  α = 8.96e-5
 46   -137.8442332918       -9.29       -2.16    13.0s
    ‖ρε - ρref‖ = 0.0012134661585408322 ‖Δρ‖ = 0.0012144138894935  ‖vε - vref‖ = 0.7169218547408979  α = 3.37e-5
 47   -137.8442332926       -9.12       -2.25    13.2s
    ‖ρε - ρref‖ = 0.0009658042038444847 ‖Δρ‖ = 0.0009594413468966849  ‖vε - vref‖ = 0.7168033339008583  α = 5.0e-5
 48   -137.8442332929       -9.48       -1.88    14.5s
    ‖ρε - ρref‖ = 0.0027561854408701997 ‖Δρ‖ = 0.0027653151041612902  ‖vε - vref‖ = 0.7166102116722611  α = 1.12e-5
 49   -137.8442332934       -9.31       -2.44    13.8s
    ‖ρε - ρref‖ = 0.0006896160921367486 ‖Δρ‖ = 0.0006878870213524238  ‖vε - vref‖ = 0.7165273376160235  α = 5.23e-5
 50   -137.8442332945       -8.95       -2.35    14.6s
    ‖ρε - ρref‖ = 0.0006563749339819258 ‖Δρ‖ = 0.0006554349917515663  ‖vε - vref‖ = 0.7162284120918275  α = 9.07e-5
 51   -137.8442332952       -9.17       -2.40    14.4s
    ‖ρε - ρref‖ = 0.0006885921114873321 ‖Δρ‖ = 0.000689627286097946  ‖vε - vref‖ = 0.7160658863744566  α = 6.49e-5
 52   -137.8442332955       -9.52       -1.82    14.9s
    ‖ρε - ρref‖ = 0.0029800337734459835 ‖Δρ‖ = 0.002980194028705204  ‖vε - vref‖ = 0.7159873104934648  α = 1.02e-5
 53   -137.8442332961       -9.22       -2.62    14.2s
    ‖ρε - ρref‖ = 0.0003564328518785316 ‖Δρ‖ = 0.0003559948576612989  ‖vε - vref‖ = 0.715892461333825  α = 0.000125
 54   -137.8442332970       -9.03       -2.55    13.8s
    ‖ρε - ρref‖ = 0.00040341328462676116 ‖Δρ‖ = 0.0004020189875009728  ‖vε - vref‖ = 0.7158028588049583  α = 0.000136
 55   -137.8442332975       -9.30       -2.34    13.9s
    ‖ρε - ρref‖ = 0.0007798382706281607 ‖Δρ‖ = 0.0007802914192251142  ‖vε - vref‖ = 0.7157704517549879  α = 5.09e-5
 56   -137.8442332978       -9.51       -2.06    14.2s
    ‖ρε - ρref‖ = 0.0014034484651281284 ‖Δρ‖ = 0.0014039287343909313  ‖vε - vref‖ = 0.7157676281452038  α = 2.29e-5
 57   -137.8442332983       -9.36       -2.48    15.1s
    ‖ρε - ρref‖ = 0.0005936049729007151 ‖Δρ‖ = 0.0005926963563737951  ‖vε - vref‖ = 0.7157656996070834  α = 6.13e-5
 58   -137.8442332989       -9.22       -2.46    15.0s
    ‖ρε - ρref‖ = 0.0005507031387522186 ‖Δρ‖ = 0.0005523394443996716  ‖vε - vref‖ = 0.7157457673652033  α = 8.07e-5
 59   -137.8442332995       -9.21       -1.97    14.6s
    ‖ρε - ρref‖ = 0.0017714643887017307 ‖Δρ‖ = 0.0017663940880097717  ‖vε - vref‖ = 0.7158291283162829  α = 2.53e-5
 60   -137.8442332997       -9.69       -2.10    13.8s
    ‖ρε - ρref‖ = 0.0018537552424923436 ‖Δρ‖ = 0.00186338955876971  ‖vε - vref‖ = 0.7157749367981789  α = 1.32e-5
 61   -137.8442333005       -9.07       -2.30    13.1s
    ‖ρε - ρref‖ = 0.000684834085028901 ‖Δρ‖ = 0.000682727011262497  ‖vε - vref‖ = 0.7158519684460485  α = 7.74e-5
 62   -137.8442333011       -9.25       -2.42    14.7s
    ‖ρε - ρref‖ = 0.000658346176664457 ‖Δρ‖ = 0.0006574089832092001  ‖vε - vref‖ = 0.7159671228149947  α = 5.97e-5
 63   -137.8442333015       -9.37       -2.35    13.7s
    ‖ρε - ρref‖ = 0.0007788660370621702 ‖Δρ‖ = 0.0007797991531848018  ‖vε - vref‖ = 0.715968877608939  α = 4.28e-5
 64   -137.8442333016       -9.85       -2.07    14.1s
    ‖ρε - ρref‖ = 0.0019293444088263815 ‖Δρ‖ = 0.0019292909711037043  ‖vε - vref‖ = 0.7159839348831744  α = 1.08e-5
 65   -137.8442333021       -9.32       -2.55    14.5s
    ‖ρε - ρref‖ = 0.0004126487183147514 ‖Δρ‖ = 0.00041219290137216547  ‖vε - vref‖ = 0.7160651898083381  α = 9.53e-5
 66   -137.8442333029       -9.09       -2.71    13.8s
    ‖ρε - ρref‖ = 0.0002711836995230676 ‖Δρ‖ = 0.0002701748059081462  ‖vε - vref‖ = 0.7162667997282421  α = 0.000189
 67   -137.8442333034       -9.32       -2.56    13.8s
    ‖ρε - ρref‖ = 0.00043729416635833126 ‖Δρ‖ = 0.00043778031085935695  ‖vε - vref‖ = 0.7163327091010573  α = 9.03e-5
 68   -137.8442333037       -9.55       -2.12    15.1s
    ‖ρε - ρref‖ = 0.0012949760039073599 ‖Δρ‖ = 0.0012950847246281125  ‖vε - vref‖ = 0.7163787354007161  α = 2.34e-5
 69   -137.8442333042       -9.30       -2.36    13.8s
    ‖ρε - ρref‖ = 0.0006672235836327357 ‖Δρ‖ = 0.0006656875086929905  ‖vε - vref‖ = 0.7164698287967606  α = 6.0e-5
 70   -137.8442333044       -9.70       -2.57    14.4s
    ‖ρε - ρref‖ = 0.0005390515494092574 ‖Δρ‖ = 0.0005421282184165366  ‖vε - vref‖ = 0.7164916664849  α = 4.42e-5
 71   -137.8442333046       -9.74       -2.35    14.4s
    ‖ρε - ρref‖ = 0.0008957535168661585 ‖Δρ‖ = 0.0008894620008545777  ‖vε - vref‖ = 0.7165808785143147  α = 2.72e-5
 72   -137.8442333048       -9.60       -2.22    14.0s
    ‖ρε - ρref‖ = 0.0011687348960924993 ‖Δρ‖ = 0.001176945391489197  ‖vε - vref‖ = 0.7166088454004295  α = 2.36e-5
 73   -137.8442333054       -9.22       -2.20    13.6s
    ‖ρε - ρref‖ = 0.0010232851942834735 ‖Δρ‖ = 0.0010210929397914987  ‖vε - vref‖ = 0.716764373486746  α = 4.21e-5
 74   -137.8442333060       -9.21       -2.53    14.9s
    ‖ρε - ρref‖ = 0.00045651650186538905 ‖Δρ‖ = 0.00045537731253671735  ‖vε - vref‖ = 0.7169276386486674  α = 9.72e-5
 75   -137.8442333063       -9.60       -2.46    15.2s
    ‖ρε - ρref‖ = 0.0007712333606819261 ‖Δρ‖ = 0.0007715527732827053  ‖vε - vref‖ = 0.7169700558036332  α = 3.27e-5
 76   -137.8442333065       -9.66       -2.06    14.5s
    ‖ρε - ρref‖ = 0.0017480758080279004 ‖Δρ‖ = 0.0017476381842346247  ‖vε - vref‖ = 0.717027265897117  α = 1.5e-5
 77   -137.8442333069       -9.44       -2.47    15.0s
    ‖ρε - ρref‖ = 0.0005940533699785801 ‖Δρ‖ = 0.000592970060723488  ‖vε - vref‖ = 0.7171364911339831  α = 5.44e-5
 78   -137.8442333075       -9.19       -2.56    13.9s
    ‖ρε - ρref‖ = 0.0003736507394363903 ‖Δρ‖ = 0.0003740803488722246  ‖vε - vref‖ = 0.7173724399058365  α = 0.000124
 79   -137.8442333080       -9.34       -2.71    13.7s
    ‖ρε - ρref‖ = 0.00027269635951514525 ‖Δρ‖ = 0.0002715714456530342  ‖vε - vref‖ = 0.7175477644505708  α = 0.000143
 80   -137.8442333081       -9.83       -2.34    14.0s
    ‖ρε - ρref‖ = 0.0008435533227776379 ‖Δρ‖ = 0.0008434680915300011  ‖vε - vref‖ = 0.7176036904800109  α = 2.63e-5
 81   -137.8442333084       -9.52       -2.40    13.9s
    ‖ρε - ρref‖ = 0.0006252839272444032 ‖Δρ‖ = 0.000624993480155714  ‖vε - vref‖ = 0.7177315724592568  α = 5.09e-5
 82   -137.8442333091       -9.15       -2.68    14.1s
    ‖ρε - ρref‖ = 0.00031048909347344264 ‖Δρ‖ = 0.00031443311217683816  ‖vε - vref‖ = 0.7180262516882256  α = 0.000148
 83   -137.8442333095       -9.42       -1.87    14.7s
    ‖ρε - ρref‖ = 0.002477778282476437 ‖Δρ‖ = 0.0024696929088834146  ‖vε - vref‖ = 0.7182173171274266  α = 1.42e-5
 84   -137.8442333097       -9.75       -2.13    13.7s
    ‖ρε - ρref‖ = 0.0015397159301578053 ‖Δρ‖ = 0.0015457516992551856  ‖vε - vref‖ = 0.7182496451202822  α = 1.55e-5
 85   -137.8442333100       -9.49       -2.52    13.1s
    ‖ρε - ρref‖ = 0.0005301255066680607 ‖Δρ‖ = 0.000528256509029815  ‖vε - vref‖ = 0.7184209364673586  α = 5.72e-5
 86   -137.8442333104       -9.39       -2.52    14.6s
    ‖ρε - ρref‖ = 0.00048751277408652654 ‖Δρ‖ = 0.0004879066174843147  ‖vε - vref‖ = 0.7185662132628412  α = 7.09e-5
 87   -137.8442333106       -9.74       -2.54    13.9s
    ‖ρε - ρref‖ = 0.000659626165882494 ‖Δρ‖ = 0.0006594845587318947  ‖vε - vref‖ = 0.7186529087223817  α = 3.4e-5
 88   -137.8442333110       -9.40       -2.07    14.3s
    ‖ρε - ρref‖ = 0.0014652027302422105 ‖Δρ‖ = 0.001463622995888916  ‖vε - vref‖ = 0.718832640641797  α = 2.43e-5
 89   -137.8442333113       -9.59       -2.50    15.2s
    ‖ρε - ρref‖ = 0.0005859884563335723 ‖Δρ‖ = 0.0005841278730717226  ‖vε - vref‖ = 0.7189656139578307  α = 4.56e-5
 90   -137.8442333117       -9.32       -2.66    15.0s
    ‖ρε - ρref‖ = 0.0003420050609366788 ‖Δρ‖ = 0.0003432256654032249  ‖vε - vref‖ = 0.7191922427603431  α = 0.000109
 91   -137.8442333125       -9.15       -2.57    14.3s
    ‖ρε - ρref‖ = 0.00039177095221408427 ‖Δρ‖ = 0.00039143799879194364  ‖vε - vref‖ = 0.719438103757849  α = 0.000119
 92   -137.8442333126       -9.77       -2.48    15.0s
    ‖ρε - ρref‖ = 0.0006119118345155696 ‖Δρ‖ = 0.000611854570809655  ‖vε - vref‖ = 0.7195103637763931  α = 3.86e-5
 93   -137.8442333129       -9.57       -2.21    15.0s
    ‖ρε - ρref‖ = 0.0008678916051003863 ‖Δρ‖ = 0.0008671517083124325  ‖vε - vref‖ = 0.7196393534503832  α = 3.48e-5
 94   -137.8442333132       -9.47       -2.72    13.8s
    ‖ρε - ρref‖ = 0.0002980897703223602 ‖Δρ‖ = 0.00030231153440054073  ‖vε - vref‖ = 0.7197901221004552  α = 0.00011
 95   -137.8442333134       -9.80       -2.09    12.9s
    ‖ρε - ρref‖ = 0.0017494695553787866 ‖Δρ‖ = 0.001740081300814576  ‖vε - vref‖ = 0.7199122691833865  α = 1.26e-5
 96   -137.8442333136       -9.70       -2.35    13.9s
    ‖ρε - ρref‖ = 0.0007584547658902312 ‖Δρ‖ = 0.0007618772586676825  ‖vε - vref‖ = 0.7199971915589768  α = 3.36e-5
 97   -137.8442333139       -9.47       -2.28    13.2s
    ‖ρε - ρref‖ = 0.0008408246756413986 ‖Δρ‖ = 0.0008387678066741184  ‖vε - vref‖ = 0.7201867049779316  α = 3.97e-5
 98   -137.8442333143       -9.49       -2.80    13.9s
    ‖ρε - ρref‖ = 0.00028952348046455256 ‖Δρ‖ = 0.00028969620776965124  ‖vε - vref‖ = 0.7203834972820443  α = 0.000103
 99   -137.8442333144       -9.77       -2.35    13.8s
    ‖ρε - ρref‖ = 0.0010111533986284324 ‖Δρ‖ = 0.0010115641685742001  ‖vε - vref‖ = 0.7204389811972727  α = 2.17e-5
 100   -137.8442333148       -9.47       -2.13    14.5s
    ‖ρε - ρref‖ = 0.0012483294422484163 ‖Δρ‖ = 0.0012477106277841883  ‖vε - vref‖ = 0.720572900084135  α = 2.6e-5
 101   -137.8442333150       -9.56       -2.58    14.2s
    ‖ρε - ρref‖ = 0.0004317533058031536 ‖Δρ‖ = 0.00043148215717065796  ‖vε - vref‖ = 0.7207052367150596  α = 6.58e-5
 102   -137.8442333152       -9.68       -2.64    15.0s
    ‖ρε - ρref‖ = 0.0004125648733079798 ‖Δρ‖ = 0.0004137364227370391  ‖vε - vref‖ = 0.7207740855768047  α = 5.89e-5
 103   -137.8442333156       -9.49       -2.61    15.2s
    ‖ρε - ρref‖ = 0.0003520749533947658 ‖Δρ‖ = 0.0003505070390495669  ‖vε - vref‖ = 0.7209162577693955  α = 9.15e-5
 104   -137.8442333158       -9.60       -2.66    15.1s
    ‖ρε - ρref‖ = 0.00032771266190143755 ‖Δρ‖ = 0.00032752407552895423  ‖vε - vref‖ = 0.7210096450178295  α = 8.82e-5
 105   -137.8442333160       -9.65       -2.17    14.9s
    ‖ρε - ρref‖ = 0.00111039359474475 ‖Δρ‖ = 0.0011096385150495007  ‖vε - vref‖ = 0.721098413407879  α = 2.44e-5
 106   -137.8442333164       -9.44       -2.48    13.7s
    ‖ρε - ρref‖ = 0.0004645634844288218 ‖Δρ‖ = 0.00046740644534325925  ‖vε - vref‖ = 0.7212188730473298  α = 7.3e-5
 107   -137.8442333165      -10.20       -2.33    14.5s
    ‖ρε - ρref‖ = 0.001158969951744637 ‖Δρ‖ = 0.0011485428026392446  ‖vε - vref‖ = 0.7212763146838728  α = 1.19e-5
 108   -137.8442333167       -9.61       -2.60    14.2s
    ‖ρε - ρref‖ = 0.00040725717428197737 ‖Δρ‖ = 0.00040958324458583123  ‖vε - vref‖ = 0.7213355603257444  α = 6.74e-5
 109   -137.8442333168       -9.91       -2.27    14.4s
    ‖ρε - ρref‖ = 0.0009671516377574577 ‖Δρ‖ = 0.0009657699411879379  ‖vε - vref‖ = 0.7213818861019876  α = 2.1e-5
 110   -137.8442333172       -9.43       -2.92    14.9s
    ‖ρε - ρref‖ = 0.00017456334932337345 ‖Δρ‖ = 0.00017416019842941933  ‖vε - vref‖ = 0.7215602780654394  α = 0.000195
 111   -137.8442333173      -10.11       -2.30    14.8s
    ‖ρε - ρref‖ = 0.0012211139836338996 ‖Δρ‖ = 0.0012215523073317131  ‖vε - vref‖ = 0.721591995216831  α = 1.23e-5
 112   -137.8442333174       -9.78       -2.45    13.6s
    ‖ρε - ρref‖ = 0.000597633453256888 ‖Δρ‖ = 0.0005973333062029355  ‖vε - vref‖ = 0.7216787785400921  α = 3.88e-5
 113   -137.8442333177       -9.67       -2.80    14.5s
    ‖ρε - ρref‖ = 0.00026344095609051507 ‖Δρ‖ = 0.00026280493355455603  ‖vε - vref‖ = 0.7218001563809698  α = 9.13e-5
 114   -137.8442333180       -9.53       -2.59    13.3s
    ‖ρε - ρref‖ = 0.0004128937164350794 ‖Δρ‖ = 0.00041216152006568634  ‖vε - vref‖ = 0.7219252792624457  α = 6.99e-5
 115   -137.8442333181       -9.92       -2.69    14.0s
    ‖ρε - ρref‖ = 0.000384976083569998 ‖Δρ‖ = 0.00038290843260540023  ‖vε - vref‖ = 0.7219791598645834  α = 4.86e-5
 116   -137.8442333183       -9.60       -2.82    14.3s
    ‖ρε - ρref‖ = 0.00021861487342851414 ‖Δρ‖ = 0.00021977098464515222  ‖vε - vref‖ = 0.722049733220446  α = 0.000128
 117   -137.8442333185       -9.91       -2.20    14.4s
    ‖ρε - ρref‖ = 0.0010644231163638993 ‖Δρ‖ = 0.0010641557747507282  ‖vε - vref‖ = 0.7220882768128446  α = 1.89e-5
 118   -137.8442333186       -9.82       -2.66    13.9s
    ‖ρε - ρref‖ = 0.0003370808980008119 ‖Δρ‖ = 0.00034045681435004133  ‖vε - vref‖ = 0.7221314821067132  α = 6.47e-5
 119   -137.8442333186      -10.40       -2.40    13.7s
    ‖ρε - ρref‖ = 0.000974438905067953 ‖Δρ‖ = 0.0009641402458433722  ‖vε - vref‖ = 0.7221710210742589  α = 1.13e-5
 120   -137.8442333188       -9.87       -2.76    13.1s
    ‖ρε - ρref‖ = 0.00028134570342861604 ‖Δρ‖ = 0.0002837531404338004  ‖vε - vref‖ = 0.7222251497654959  α = 7.22e-5
 121   -137.8442333188      -10.26       -2.53    14.4s
    ‖ρε - ρref‖ = 0.0005407006267335738 ‖Δρ‖ = 0.0005397331940560682  ‖vε - vref‖ = 0.722258713110425  α = 2.51e-5
 122   -137.8442333190       -9.70       -2.81    14.2s
    ‖ρε - ρref‖ = 0.0002164717668725127 ‖Δρ‖ = 0.00021440110746518662  ‖vε - vref‖ = 0.722384397321956  α = 0.000118
 123   -137.8442333191      -10.46       -2.53    14.1s
    ‖ρε - ρref‖ = 0.0007460839824429996 ‖Δρ‖ = 0.0007460537544881813  ‖vε - vref‖ = 0.722402262533757  α = 1.34e-5
 124   -137.8442333192       -9.83       -2.64    14.0s
    ‖ρε - ρref‖ = 0.0003453353773958313 ‖Δρ‖ = 0.00034482897758850975  ‖vε - vref‖ = 0.7224930118557562  α = 6.27e-5
 125   -137.8442333193       -9.90       -2.81    14.1s
    ‖ρε - ρref‖ = 0.0002361828834116223 ‖Δρ‖ = 0.00023647361377294394  ‖vε - vref‖ = 0.7225564483063892  α = 8.29e-5
 126   -137.8442333194      -10.01       -2.83    13.0s
    ‖ρε - ρref‖ = 0.00027725419518161284 ‖Δρ‖ = 0.00027763874723860354  ‖vε - vref‖ = 0.7225911204352713  α = 5.93e-5
 127   -137.8442333196       -9.77       -2.80    15.1s
    ‖ρε - ρref‖ = 0.00024245500415265948 ‖Δρ‖ = 0.00024163174436403806  ‖vε - vref‖ = 0.7226628178357233  α = 9.4e-5
 128   -137.8442333197      -10.12       -2.69    15.1s
    ‖ρε - ρref‖ = 0.0003452993757343234 ‖Δρ‖ = 0.00034698720044129804  ‖vε - vref‖ = 0.7226908108759448  α = 4.36e-5
 129   -137.8442333197      -10.37       -2.63    12.7s
    ‖ρε - ρref‖ = 0.00041551747998499106 ‖Δρ‖ = 0.00041454739965066247  ‖vε - vref‖ = 0.7227166744312016  α = 2.86e-5
 130   -137.8442333199       -9.86       -2.71    14.5s
    ‖ρε - ρref‖ = 0.00027275653283905996 ‖Δρ‖ = 0.0002756881744690686  ‖vε - vref‖ = 0.7227779988641153  α = 7.62e-5
 131   -137.8442333199      -10.23       -2.37    14.7s
    ‖ρε - ρref‖ = 0.0009104029689737708 ‖Δρ‖ = 0.000899865952005491  ‖vε - vref‖ = 0.7228501453910934  α = 1.46e-5
 132   -137.8442333201       -9.80       -2.43    15.0s
    ‖ρε - ρref‖ = 0.0005028397403732718 ‖Δρ‖ = 0.0005050595617122619  ‖vε - vref‖ = 0.722912152771053  α = 4.41e-5
 133   -137.8442333201      -10.47       -2.80    13.8s
    ‖ρε - ρref‖ = 0.00028463199485539206 ‖Δρ‖ = 0.00028359355258830943  ‖vε - vref‖ = 0.7229308805054876  α = 3.76e-5
 134   -137.8442333202      -10.23       -2.68    14.0s
    ‖ρε - ρref‖ = 0.00031424530667810516 ‖Δρ‖ = 0.0003135641576943739  ‖vε - vref‖ = 0.7229631435570423  α = 4.48e-5
 135   -137.8442333202      -10.51       -2.89    13.8s
    ‖ρε - ρref‖ = 0.0003011059727964149 ‖Δρ‖ = 0.0003014145066863065  ‖vε - vref‖ = 0.7229829683781585  α = 3.16e-5
 136   -137.8442333204       -9.80       -2.43    13.9s
    ‖ρε - ρref‖ = 0.0004694255240642632 ‖Δρ‖ = 0.00046928730490392647  ‖vε - vref‖ = 0.7230730810036292  α = 4.86e-5
 137   -137.8442333205      -10.02       -2.84    14.9s
    ‖ρε - ρref‖ = 0.00019935881552059548 ‖Δρ‖ = 0.00019936486777954806  ‖vε - vref‖ = 0.7231311070507913  α = 8.91e-5
 138   -137.8442333206       -9.98       -3.01    14.5s
    ‖ρε - ρref‖ = 0.00015242177086760355 ‖Δρ‖ = 0.00015185430622029357  ‖vε - vref‖ = 0.723205288827209  α = 0.000116
 139   -137.8442333207      -10.05       -2.66    14.3s
    ‖ρε - ρref‖ = 0.0003275507008503034 ‖Δρ‖ = 0.00032660905938723575  ‖vε - vref‖ = 0.723259136313936  α = 4.82e-5
 140   -137.8442333207      -10.19       -2.87    14.3s
    ‖ρε - ρref‖ = 0.00021859066426509273 ‖Δρ‖ = 0.00021962061511330826  ‖vε - vref‖ = 0.7232927640647299  α = 6.39e-5
 141   -137.8442333207      -10.60       -2.66    14.6s
    ‖ρε - ρref‖ = 0.0003988702751765241 ‖Δρ‖ = 0.0003966283852135436  ‖vε - vref‖ = 0.7233149225123159  α = 2.29e-5
 142   -137.8442333208      -10.31       -2.82    15.1s
    ‖ρε - ρref‖ = 0.0002285889140706809 ‖Δρ‖ = 0.000231473618618497  ‖vε - vref‖ = 0.7233398769587494  α = 5.39e-5
 143   -137.8442333208      -10.65       -2.51    14.5s
    ‖ρε - ρref‖ = 0.0006311696107735696 ‖Δρ‖ = 0.0006211518411634529  ‖vε - vref‖ = 0.7233759894749014  α = 1.35e-5
 144   -137.8442333209      -10.36       -2.82    15.0s
    ‖ρε - ρref‖ = 0.00025692766276854794 ‖Δρ‖ = 0.0002602030270246671  ‖vε - vref‖ = 0.7233925785782552  α = 4.07e-5
 145   -137.8442333209      -10.25       -3.07    13.3s
    ‖ρε - ρref‖ = 0.000140145255354851 ‖Δρ‖ = 0.00013984492957310322  ‖vε - vref‖ = 0.7234410777050906  α = 9.48e-5
 146   -137.8442333209      -10.47       -2.61    13.9s
    ‖ρε - ρref‖ = 0.00045749509497487625 ‖Δρ‖ = 0.0004575854139207885  ‖vε - vref‖ = 0.723471228860051  α = 2.28e-5
 147   -137.8442333210      -10.63       -2.99    13.7s
    ‖ρε - ρref‖ = 0.00023669414457836845 ‖Δρ‖ = 0.0002369926599698453  ‖vε - vref‖ = 0.7234890511848685  α = 3.49e-5
 148   -137.8442333211       -9.98       -2.52    13.4s
    ‖ρε - ρref‖ = 0.0004203755637271063 ‖Δρ‖ = 0.0004199491583477521  ‖vε - vref‖ = 0.7235572442235183  α = 4.35e-5
 149   -137.8442333211      -10.32       -2.97    14.0s
    ‖ρε - ρref‖ = 0.00016527562468886096 ‖Δρ‖ = 0.00016418238442675648  ‖vε - vref‖ = 0.7235907700429992  α = 7.61e-5
 150   -137.8442333212      -10.28       -3.13    14.6s
    ‖ρε - ρref‖ = 0.00010283449795123179 ‖Δρ‖ = 0.00010286171542548471  ‖vε - vref‖ = 0.7236399854410988  α = 0.000127
 151   -137.8442333212      -10.49       -3.11    13.8s
    ‖ρε - ρref‖ = 0.00013514169567635173 ‖Δρ‖ = 0.00013381853781933931  ‖vε - vref‖ = 0.7236796339186797  α = 7.08e-5
 152   -137.8442333213      -10.21       -2.91    14.0s
    ‖ρε - ρref‖ = 0.00017684401555059437 ‖Δρ‖ = 0.0001764890991197388  ‖vε - vref‖ = 0.7237357592731813  α = 7.74e-5
 153   -137.8442333213      -10.48       -2.64    14.0s
    ‖ρε - ρref‖ = 0.00038102006411946395 ‖Δρ‖ = 0.00037759495763959987  ‖vε - vref‖ = 0.7237751977529162  α = 2.77e-5
 154   -137.8442333214      -10.33       -2.66    13.8s
    ‖ρε - ρref‖ = 0.00033865587626296636 ‖Δρ‖ = 0.00034281973297796544  ‖vε - vref‖ = 0.7238030158516021  α = 3.55e-5
 155   -137.8442333214      -10.77       -2.56    14.7s
    ‖ρε - ρref‖ = 0.0006211472622436961 ‖Δρ‖ = 0.0006118707931894446  ‖vε - vref‖ = 0.7238328125827713  α = 1.18e-5
 156   -137.8442333214      -10.30       -2.98    13.9s
    ‖ρε - ρref‖ = 0.00016331878481459327 ‖Δρ‖ = 0.00016647494685128038  ‖vε - vref‖ = 0.7238655233714616  α = 7.39e-5
 157   -137.8442333215      -10.49       -2.93    14.5s
    ‖ρε - ρref‖ = 0.0001998181892912411 ‖Δρ‖ = 0.00019915274154402987  ‖vε - vref‖ = 0.723889472036692  α = 4.99e-5
 158   -137.8442333215      -10.69       -2.84    14.5s
    ‖ρε - ρref‖ = 0.0002684911547088957 ‖Δρ‖ = 0.0002679290152165164  ‖vε - vref‖ = 0.7239063480903111  α = 2.97e-5
 159   -137.8442333215      -10.60       -2.79    14.5s
    ‖ρε - ρref‖ = 0.00029494393408716307 ‖Δρ‖ = 0.0002953890961918363  ‖vε - vref‖ = 0.7239235174424701  α = 2.96e-5
 160   -137.8442333215      -10.41       -2.50    14.6s
    ‖ρε - ρref‖ = 0.00050706192711181 ‖Δρ‖ = 0.0005070053856903387  ‖vε - vref‖ = 0.723946130969429  α = 2.14e-5
 161   -137.8442333216      -10.23       -3.14    14.9s
    ‖ρε - ρref‖ = 0.00010057591885372547 ‖Δρ‖ = 9.923619189599379e-5  ‖vε - vref‖ = 0.7240010150635714  α = 0.000139
 162   -137.8442333216      -10.42       -3.01    15.4s
    ‖ρε - ρref‖ = 0.0001372158138358722 ‖Δρ‖ = 0.00013638988640084378  ‖vε - vref‖ = 0.7240476503608424  α = 8.17e-5
 163   -137.8442333217      -10.46       -3.30    14.0s
    ‖ρε - ρref‖ = 7.094812534933676e-5 ‖Δρ‖ = 6.979541659601988e-5  ‖vε - vref‖ = 0.7240981454506255  α = 0.000148
 164   -137.8442333217      -10.73       -3.08    15.2s
    ‖ρε - ρref‖ = 0.0001518767141567113 ‖Δρ‖ = 0.0001525891612386473  ‖vε - vref‖ = 0.7241177218733893  α = 4.7e-5
 165   -137.8442333217      -10.61       -2.90    13.7s
    ‖ρε - ρref‖ = 0.00019811379882251305 ‖Δρ‖ = 0.0001939109308941772  ‖vε - vref‖ = 0.7241574439680755  α = 4.62e-5
 166   -137.8442333217      -10.52       -2.64    13.7s
    ‖ρε - ρref‖ = 0.0003623542416881603 ‖Δρ‖ = 0.0003676593207713623  ‖vε - vref‖ = 0.7241818169555381  α = 2.57e-5
 167   -137.8442333218      -10.95       -2.64    14.7s
    ‖ρε - ρref‖ = 0.0004916855245061452 ‖Δρ‖ = 0.000483121710200703  ‖vε - vref‖ = 0.7242074960204272  α = 1.22e-5
 168   -137.8442333218      -10.46       -3.08    14.9s
    ‖ρε - ρref‖ = 0.00011930584768511855 ‖Δρ‖ = 0.0001214874823892103  ‖vε - vref‖ = 0.7242444610618156  α = 8.65e-5
 169   -137.8442333218      -10.61       -3.06    13.8s
    ‖ρε - ρref‖ = 0.00014906123730030967 ‖Δρ‖ = 0.0001477161082198051  ‖vε - vref‖ = 0.7242758850393403  α = 5.9e-5
 170   -137.8442333218      -10.95       -2.86    13.8s
    ‖ρε - ρref‖ = 0.0002700281026905066 ‖Δρ‖ = 0.0002691292708998612  ‖vε - vref‖ = 0.7242893478225244  α = 2.24e-5
 171   -137.8442333218      -11.03       -2.96    14.7s
    ‖ρε - ρref‖ = 0.00025811701866264064 ‖Δρ‖ = 0.00025842170059444194  ‖vε - vref‖ = 0.7242979510437301  α = 2.03e-5
 172   -137.8442333219      -10.72       -2.91    13.7s
    ‖ρε - ρref‖ = 0.000224286072575921 ‖Δρ‖ = 0.00022419989410080233  ‖vε - vref‖ = 0.7243185766548311  α = 3.28e-5
 173   -137.8442333219      -10.49       -3.09    14.9s
    ‖ρε - ρref‖ = 0.00012235138430854813 ‖Δρ‖ = 0.00012139327515477269  ‖vε - vref‖ = 0.7243500297378019  α = 8.11e-5
 174   -137.8442333219      -10.46       -3.29    14.6s
    ‖ρε - ρref‖ = 7.466294302558698e-5 ‖Δρ‖ = 7.420226031143028e-5  ‖vε - vref‖ = 0.7243892667923475  α = 0.000143
 175   -137.8442333220      -10.28       -3.12    12.6s
    ‖ρε - ρref‖ = 9.695121611284463e-5 ‖Δρ‖ = 9.557514968942894e-5  ‖vε - vref‖ = 0.724447971655428  α = 0.000138
 176   -137.8442333220      -10.53       -3.07    13.2s
    ‖ρε - ρref‖ = 0.00011958608512398515 ‖Δρ‖ = 0.00012035711497317345  ‖vε - vref‖ = 0.7244824840793513  α = 8.02e-5
 177   -137.8442333220      -10.81       -2.77    15.1s
    ‖ρε - ρref‖ = 0.0002975641082442646 ‖Δρ‖ = 0.0002931300682259454  ‖vε - vref‖ = 0.7245101067467578  α = 2.39e-5
 178   -137.8442333220      -10.82       -2.89    13.7s
    ‖ρε - ρref‖ = 0.00024380676520622282 ‖Δρ‖ = 0.0002511818210002769  ‖vε - vref‖ = 0.7245231330784552  α = 2.63e-5
 179   -137.8442333220      -10.75       -2.71    14.5s
    ‖ρε - ρref‖ = 0.0003642234373775113 ‖Δρ‖ = 0.0003575149305451283  ‖vε - vref‖ = 0.7245638187194972  α = 2.08e-5
 180   -137.8442333221      -10.56       -2.82    14.5s
    ‖ρε - ρref‖ = 0.00022841578949660816 ‖Δρ‖ = 0.00023024803425412057  ‖vε - vref‖ = 0.7246014030683428  α = 3.89e-5
 181   -137.8442333221      -10.70       -3.12    13.8s
    ‖ρε - ρref‖ = 0.00011552774664968699 ‖Δρ‖ = 0.00011402893093558571  ‖vε - vref‖ = 0.7246305118656516  α = 7.0e-5
 182   -137.8442333221      -11.36       -3.12    14.3s
    ‖ρε - ρref‖ = 0.0001787407420283005 ‖Δρ‖ = 0.00017774498578998425  ‖vε - vref‖ = 0.7246370066345384  α = 2.01e-5
 183   -137.8442333221      -11.10       -3.12    13.8s
    ‖ρε - ρref‖ = 0.00016092075293309602 ‖Δρ‖ = 0.00016079217596217646  ‖vε - vref‖ = 0.7246482903744347  α = 3.14e-5
 184   -137.8442333221      -10.62       -2.87    13.8s
    ‖ρε - ρref‖ = 0.0002022085463925642 ‖Δρ‖ = 0.00020151568402731213  ‖vε - vref‖ = 0.7246833830571928  α = 4.32e-5
 185   -137.8442333222      -10.61       -3.04    14.4s
    ‖ρε - ρref‖ = 0.0001391596557013378 ‖Δρ‖ = 0.0001382917767378324  ‖vε - vref‖ = 0.7247222245521515  α = 6.01e-5
 186   -137.8442333222      -10.87       -3.24    14.3s
    ‖ρε - ρref‖ = 9.013214040164255e-5 ‖Δρ‖ = 9.110828000328909e-5  ‖vε - vref‖ = 0.724740650212776  α = 7.28e-5
 187   -137.8442333222      -10.41       -3.36    14.3s
    ‖ρε - ρref‖ = 6.0949259709484606e-5 ‖Δρ‖ = 5.905327131679985e-5  ‖vε - vref‖ = 0.724800007970338  α = 0.000187
 188   -137.8442333222      -10.54       -3.25    14.8s
    ‖ρε - ρref‖ = 7.860284632392647e-5 ‖Δρ‖ = 7.917009867908779e-5  ‖vε - vref‖ = 0.72484013229662  α = 0.000121
 189   -137.8442333222      -11.03       -2.88    14.4s
    ‖ρε - ρref‖ = 0.00025325500273323885 ‖Δρ‖ = 0.0002471273508664267  ‖vε - vref‖ = 0.7248617653502852  α = 2.22e-5
 190   -137.8442333223      -10.93       -2.90    13.8s
    ‖ρε - ρref‖ = 0.00022765991145743108 ‖Δρ‖ = 0.00023463506025220488  ‖vε - vref‖ = 0.724870839192978  α = 2.5e-5
 191   -137.8442333223      -11.05       -2.73    14.4s
    ‖ρε - ρref‖ = 0.0003337733573048311 ‖Δρ‖ = 0.0003279733883424133  ‖vε - vref‖ = 0.7248926383820616  α = 1.63e-5
 192   -137.8442333223      -10.99       -3.30    14.2s
    ‖ρε - ρref‖ = 9.216718043666371e-5 ‖Δρ‖ = 9.284561368704775e-5  ‖vε - vref‖ = 0.7249130943454773  α = 5.65e-5
 193   -137.8442333223      -10.56       -3.14    14.8s
    ‖ρε - ρref‖ = 0.00010010099130015312 ‖Δρ‖ = 9.884512028241502e-5  ‖vε - vref‖ = 0.7249768128593747  α = 9.57e-5
 194   -137.8442333223      -11.20       -3.01    14.4s
    ‖ρε - ρref‖ = 0.00022872065780274293 ‖Δρ‖ = 0.00022771628828099712  ‖vε - vref‖ = 0.7249910875478721  α = 1.85e-5
 195   -137.8442333223      -10.80       -2.89    13.9s
    ‖ρε - ρref‖ = 0.00019983373153609148 ‖Δρ‖ = 0.000199563345323515  ‖vε - vref‖ = 0.7250246648357811  α = 3.56e-5
 196   -137.8442333223      -10.86       -2.74    14.9s
    ‖ρε - ρref‖ = 0.0002932068076611561 ‖Δρ‖ = 0.00029250052821772017  ‖vε - vref‖ = 0.725053584677261  α = 2.29e-5
 197   -137.8442333224      -10.86       -3.39    13.8s
    ‖ρε - ρref‖ = 6.561215483373671e-5 ‖Δρ‖ = 6.37951781826576e-5  ‖vε - vref‖ = 0.7250823744858033  α = 0.000103
 198   -137.8442333224      -10.53       -3.21    13.8s
    ‖ρε - ρref‖ = 8.124621612485284e-5 ‖Δρ‖ = 8.190374439240827e-5  ‖vε - vref‖ = 0.7251313260336304  α = 0.000117
 199   -137.8442333224      -10.82       -3.14    14.2s
    ‖ρε - ρref‖ = 0.00012443495375570542 ‖Δρ‖ = 0.0001231307848793246  ‖vε - vref‖ = 0.7251599283752929  α = 5.64e-5
 200   -137.8442333224      -10.67       -3.44    13.7s
    ‖ρε - ρref‖ = 5.229139210622589e-5 ‖Δρ‖ = 5.158088711987161e-5  ‖vε - vref‖ = 0.7252030031899803  α = 0.000159
 201   -137.8442333224      -11.32       -3.05    13.9s
    ‖ρε - ρref‖ = 0.00018799527069446892 ‖Δρ‖ = 0.00018008684574663463  ‖vε - vref‖ = 0.7252199076841674  α = 2.08e-5
 202   -137.8442333224      -11.01       -3.00    13.3s
    ‖ρε - ρref‖ = 0.00016011157209397815 ‖Δρ‖ = 0.00016648897586964592  ‖vε - vref‖ = 0.7252355768083415  α = 3.36e-5
 203   -137.8442333224      -10.95       -2.78    14.2s
    ‖ρε - ρref‖ = 0.00028269044986270746 ‖Δρ‖ = 0.0002787330587713273  ‖vε - vref‖ = 0.7252692249820112  α = 2.17e-5
 204   -137.8442333225      -10.75       -3.15    14.4s
    ‖ρε - ρref‖ = 0.00010522351544122702 ‖Δρ‖ = 0.00010539560353615972  ‖vε - vref‖ = 0.7253094760774876  α = 6.95e-5
 205   -137.8442333225      -10.86       -3.09    13.8s
    ‖ρε - ρref‖ = 0.00013606817341638082 ‖Δρ‖ = 0.00013454996331498166  ‖vε - vref‖ = 0.7253414058099101  α = 4.67e-5
 206   -137.8442333225      -11.17       -3.04    14.5s
    ‖ρε - ρref‖ = 0.00020066947853184292 ‖Δρ‖ = 0.0001992942105337873  ‖vε - vref‖ = 0.725358576377741  α = 2.19e-5
 207   -137.8442333225      -10.72       -2.82    13.1s
    ‖ρε - ρref‖ = 0.00021860584959759272 ‖Δρ‖ = 0.0002182282370050368  ‖vε - vref‖ = 0.7253985588323041  α = 3.49e-5
 208   -137.8442333225      -11.01       -2.95    14.3s
    ‖ρε - ρref‖ = 0.000216234475282454 ‖Δρ‖ = 0.00021586632634557933  ‖vε - vref‖ = 0.7254213221976168  α = 2.62e-5
 209   -137.8442333225      -10.70       -3.08    13.2s
    ‖ρε - ρref‖ = 0.00011448543649410612 ‖Δρ‖ = 0.00011425648504480629  ‖vε - vref‖ = 0.7254685051183135  α = 7.11e-5
 210   -137.8442333225      -10.81       -3.43    14.4s
    ‖ρε - ρref‖ = 6.155868202056024e-5 ‖Δρ‖ = 6.100378472673842e-5  ‖vε - vref‖ = 0.7255023706094232  α = 0.000112
 211   -137.8442333226      -10.89       -3.38    14.3s
    ‖ρε - ρref‖ = 6.865330784253461e-5 ‖Δρ‖ = 6.651060688662532e-5  ‖vε - vref‖ = 0.725534442227414  α = 9.65e-5
 212   -137.8442333226      -10.81       -3.21    14.8s
    ‖ρε - ρref‖ = 8.892833357903267e-5 ‖Δρ‖ = 9.00934133445405e-5  ‖vε - vref‖ = 0.7255667104645981  α = 7.6e-5
 213   -137.8442333226      -11.20       -3.25    14.4s
    ‖ρε - ρref‖ = 0.00011893697336831237 ‖Δρ‖ = 0.00011021554162406049  ‖vε - vref‖ = 0.7255906638260642  α = 3.95e-5
 214   -137.8442333226      -10.96       -2.79    14.9s
    ‖ρε - ρref‖ = 0.00026084534523741884 ‖Δρ‖ = 0.00026673263531221033  ‖vε - vref‖ = 0.7256101502462817  α = 2.15e-5
 215   -137.8442333226      -11.36       -2.96    15.2s
    ‖ρε - ρref‖ = 0.00020758777093932718 ‖Δρ‖ = 0.00020370541799745408  ‖vε - vref‖ = 0.7256255174829943  α = 1.89e-5
 216   -137.8442333226      -10.84       -3.24    14.4s
    ‖ρε - ρref‖ = 7.767807844711943e-5 ‖Δρ‖ = 7.687374907219847e-5  ‖vε - vref‖ = 0.7256606077820333  α = 8.85e-5
 217   -137.8442333226      -11.07       -3.26    14.5s
    ‖ρε - ρref‖ = 9.300197130101972e-5 ‖Δρ‖ = 9.15514449517781e-5  ‖vε - vref‖ = 0.725684767210343  α = 5.55e-5
 218   -137.8442333226      -11.29       -2.92    14.6s
    ‖ρε - ρref‖ = 0.00023847825634047158 ‖Δρ‖ = 0.00023750332171854928  ‖vε - vref‖ = 0.7257002393580133  α = 1.65e-5
 219   -137.8442333226      -11.07       -3.03    14.7s
    ‖ρε - ρref‖ = 0.0001615553537141404 ‖Δρ‖ = 0.0001620772646186123  ‖vε - vref‖ = 0.7257209127991812  α = 2.93e-5
 220   -137.8442333226      -11.10       -3.23    13.7s
    ‖ρε - ρref‖ = 0.00010318803290230229 ‖Δρ‖ = 0.00010298932983076371  ‖vε - vref‖ = 0.7257416882891415  α = 5.04e-5
 221   -137.8442333227      -10.74       -3.04    13.2s
    ‖ρε - ρref‖ = 0.00014013274046638025 ‖Δρ‖ = 0.000139916633710126  ‖vε - vref‖ = 0.7257860263930872  α = 5.19e-5
 222   -137.8442333227      -10.80       -3.29    14.7s
    ‖ρε - ρref‖ = 7.727760782138445e-5 ‖Δρ‖ = 7.571160454885604e-5  ‖vε - vref‖ = 0.7258256112554966  α = 8.96e-5
 223   -137.8442333227      -10.65       -3.40    14.1s
    ‖ρε - ρref‖ = 5.5494586176587874e-5 ‖Δρ‖ = 5.440655527287939e-5  ‖vε - vref‖ = 0.7258886945080365  α = 0.000149
 224   -137.8442333227      -10.96       -3.40    13.5s
    ‖ρε - ρref‖ = 6.696875372412539e-5 ‖Δρ‖ = 6.83778934685975e-5  ‖vε - vref‖ = 0.7259182682628594  α = 8.45e-5
 225   -137.8442333227      -11.12       -3.12    13.9s
    ‖ρε - ρref‖ = 0.00015511682306380606 ‖Δρ‖ = 0.00014535030612958109  ‖vε - vref‖ = 0.725951374720236  α = 3.3e-5
 226   -137.8442333227      -10.99       -2.71    13.9s
    ‖ρε - ρref‖ = 0.00030546203708792144 ‖Δρ‖ = 0.00030987647666780803  ‖vε - vref‖ = 0.7259754740226734  α = 1.86e-5
 227   -137.8442333227      -11.33       -3.10    14.2s
    ‖ρε - ρref‖ = 0.00015060629279347944 ‖Δρ‖ = 0.00014748133232546137  ‖vε - vref‖ = 0.7259924212796669  α = 2.66e-5
 228   -137.8442333227      -10.99       -3.09    14.1s
    ‖ρε - ρref‖ = 0.00011560888188772872 ‖Δρ‖ = 0.00011596665163195576  ‖vε - vref‖ = 0.726023091584155  α = 4.93e-5
 229   -137.8442333228      -11.04       -3.41    13.3s
    ‖ρε - ρref‖ = 6.57495309615188e-5 ‖Δρ‖ = 6.552641152795137e-5  ‖vε - vref‖ = 0.7260489726386554  α = 8.11e-5
 230   -137.8442333228      -11.33       -2.88    14.6s
    ‖ρε - ρref‖ = 0.00028226980101057105 ‖Δρ‖ = 0.00028200118669428036  ‖vε - vref‖ = 0.7260632685863243  α = 1.35e-5
 231   -137.8442333228      -10.80       -3.17    13.9s
    ‖ρε - ρref‖ = 9.964198705526408e-5 ‖Δρ‖ = 9.999477927372517e-5  ‖vε - vref‖ = 0.7261027894269092  α = 6.61e-5
 232   -137.8442333228      -10.84       -2.87    14.5s
    ‖ρε - ρref‖ = 0.00020596934213331172 ‖Δρ‖ = 0.0002053552073134228  ‖vε - vref‖ = 0.7261383785569933  α = 3.29e-5
 233   -137.8442333228      -11.21       -3.10    14.5s
    ‖ρε - ρref‖ = 0.00015015109762243732 ‖Δρ‖ = 0.00014892507300725373  ‖vε - vref‖ = 0.7261562906634237  α = 2.85e-5
 234   -137.8442333228      -10.72       -3.39    13.7s
    ‖ρε - ρref‖ = 5.52166053173316e-5 ‖Δρ‖ = 5.343537658569719e-5  ‖vε - vref‖ = 0.7262160642437597  α = 0.000148
 235   -137.8442333228      -10.87       -3.25    14.4s
    ‖ρε - ρref‖ = 8.091109308442518e-5 ‖Δρ‖ = 7.941839531484252e-5  ‖vε - vref‖ = 0.726263656788182  α = 8.39e-5
 236   -137.8442333228      -11.14       -3.47    13.2s
    ‖ρε - ρref‖ = 4.398029412809894e-5 ‖Δρ‖ = 4.492414471132828e-5  ‖vε - vref‖ = 0.7262869898007002  α = 0.000109
 237   -137.8442333228      -11.65       -3.32    14.6s
    ‖ρε - ρref‖ = 0.00012596810767478986 ‖Δρ‖ = 0.00011524658640555485  ‖vε - vref‖ = 0.7262999206282607  α = 2.09e-5
 238   -137.8442333228      -11.10       -3.13    15.0s
    ‖ρε - ρref‖ = 0.00010819470114855889 ‖Δρ‖ = 0.00011039075890843592  ‖vε - vref‖ = 0.7263233664299658  α = 4.7e-5
 239   -137.8442333229      -11.21       -2.99    14.4s
    ‖ρε - ρref‖ = 0.0001649564229576868 ‖Δρ‖ = 0.00016292650696171323  ‖vε - vref‖ = 0.7263443276072528  α = 2.77e-5
 240   -137.8442333229      -11.18       -3.11    14.0s
    ‖ρε - ρref‖ = 0.00013546349463214378 ‖Δρ‖ = 0.00013595909998104238  ‖vε - vref‖ = 0.7263637997774314  α = 3.34e-5
 241   -137.8442333229      -11.04       -3.51    14.5s
    ‖ρε - ρref‖ = 5.419464886359523e-5 ‖Δρ‖ = 5.284138850798629e-5  ‖vε - vref‖ = 0.7263933506967553  α = 9.77e-5
 242   -137.8442333229      -11.15       -2.78    14.2s
    ‖ρε - ρref‖ = 0.0003389450915887652 ‖Δρ‖ = 0.00033793416652294443  ‖vε - vref‖ = 0.726415331139554  α = 1.31e-5
 243   -137.8442333229      -10.88       -3.18    13.3s
    ‖ρε - ρref‖ = 9.93337140382657e-5 ‖Δρ‖ = 9.895864888443617e-5  ‖vε - vref‖ = 0.7264504456964076  α = 6.37e-5
 244   -137.8442333229      -11.32       -3.12    14.4s
    ‖ρε - ρref‖ = 0.00015440446396184515 ‖Δρ‖ = 0.00015372697712346325  ‖vε - vref‖ = 0.7264634306179468  α = 2.45e-5
 245   -137.8442333229      -11.32       -3.37    14.6s
    ‖ρε - ρref‖ = 7.609689443722548e-5 ‖Δρ‖ = 7.508425354109856e-5  ‖vε - vref‖ = 0.7264793275771049  α = 5.09e-5
 246   -137.8442333229      -11.19       -3.33    13.0s
    ‖ρε - ρref‖ = 7.659394737841902e-5 ‖Δρ‖ = 7.671424486885943e-5  ‖vε - vref‖ = 0.7264977018803818  α = 5.56e-5
 247   -137.8442333229      -10.82       -3.56    13.8s
    ‖ρε - ρref‖ = 3.864389562070934e-5 ‖Δρ‖ = 3.666972970738921e-5  ‖vε - vref‖ = 0.7265466763327757  α = 0.000189
 248   -137.8442333229      -10.92       -3.35    14.4s
    ‖ρε - ρref‖ = 6.846463230699692e-5 ‖Δρ‖ = 6.803075801734256e-5  ‖vε - vref‖ = 0.7265817064999381  α = 8.97e-5
 249   -137.8442333229      -11.79       -3.31    14.4s
    ‖ρε - ρref‖ = 0.00013882056091045963 ‖Δρ‖ = 0.00012792179187989127  ‖vε - vref‖ = 0.7265946435607843  α = 1.88e-5
 250   -137.8442333229      -11.09       -3.13    14.6s
    ‖ρε - ρref‖ = 0.00010466252603393044 ‖Δρ‖ = 0.00010715241384564037  ‖vε - vref‖ = 0.726621501558795  α = 4.84e-5
 251   -137.8442333229      -11.45       -3.16    14.6s
    ‖ρε - ρref‖ = 0.00011910130158606802 ‖Δρ‖ = 0.0001179287377658666  ‖vε - vref‖ = 0.7266343971172684  α = 2.82e-5
 252   -137.8442333230      -11.07       -3.26    14.9s
    ‖ρε - ρref‖ = 9.105614984624909e-5 ‖Δρ‖ = 9.114616418845e-5  ‖vε - vref‖ = 0.7266640111344527  α = 5.7e-5
 253   -137.8442333230      -11.07       -3.33    13.4s
    ‖ρε - ρref‖ = 9.052718008761006e-5 ‖Δρ‖ = 8.924804229985593e-5  ‖vε - vref‖ = 0.7266941560474379  α = 5.61e-5
 254   -137.8442333230      -11.10       -2.72    14.2s
    ‖ρε - ρref‖ = 0.0003436550767927717 ‖Δρ‖ = 0.0003420559049813737  ‖vε - vref‖ = 0.7267224729390106  α = 1.44e-5
 255   -137.8442333230      -11.03       -3.23    13.3s
    ‖ρε - ρref‖ = 0.00010142240644158871 ‖Δρ‖ = 0.00010126478987024816  ‖vε - vref‖ = 0.7267469350828646  α = 5.08e-5
 256   -137.8442333230      -11.45       -3.29    13.7s
    ‖ρε - ρref‖ = 9.082818059617231e-5 ‖Δρ‖ = 8.970251367025886e-5  ‖vε - vref‖ = 0.7267577417262749  α = 3.81e-5
 257   -137.8442333230      -11.17       -3.23    14.5s
    ‖ρε - ρref‖ = 9.240135445830383e-5 ‖Δρ‖ = 9.123956663613002e-5  ‖vε - vref‖ = 0.7267791820650861  α = 5.14e-5
 258   -137.8442333230      -11.27       -3.35    14.9s
    ‖ρε - ρref‖ = 7.180816795894063e-5 ‖Δρ‖ = 7.21278219115243e-5  ‖vε - vref‖ = 0.7267953893463276  α = 5.27e-5
 259   -137.8442333230      -11.34       -3.40    14.2s
    ‖ρε - ρref‖ = 6.429000321733204e-5 ‖Δρ‖ = 6.37128371192108e-5  ‖vε - vref‖ = 0.7268113835050773  α = 5.95e-5
 260   -137.8442333230      -10.86       -3.56    14.2s
    ‖ρε - ρref‖ = 3.559112186100568e-5 ‖Δρ‖ = 3.4237310965836087e-5  ‖vε - vref‖ = 0.7268548458451495  α = 0.000194
 261   -137.8442333230      -11.85       -3.38    12.6s
    ‖ρε - ρref‖ = 0.00012683403987767707 ‖Δρ‖ = 0.00011562970142699862  ‖vε - vref‖ = 0.7268650444830451  α = 1.74e-5
 262   -137.8442333230      -11.04       -3.31    12.7s
    ‖ρε - ρref‖ = 6.998075977948118e-5 ‖Δρ‖ = 7.101213040553348e-5  ‖vε - vref‖ = 0.7268981787389696  α = 7.54e-5
 263   -137.8442333230      -11.66       -3.21    12.8s
    ‖ρε - ρref‖ = 0.00010951847819629223 ‖Δρ‖ = 0.00010856493934411085  ‖vε - vref‖ = 0.726906642375032  α = 2.46e-5
 264   -137.8442333230      -11.37       -3.34    14.9s
    ‖ρε - ρref‖ = 7.418418498832236e-5 ‖Δρ‖ = 7.392236018086589e-5  ‖vε - vref‖ = 0.7269224010134442  α = 5.01e-5
 265   -137.8442333230      -11.64       -3.42    14.4s
    ‖ρε - ρref‖ = 7.905109066117887e-5 ‖Δρ‖ = 7.819070179947317e-5  ‖vε - vref‖ = 0.7269297853934639  α = 3.08e-5
 266   -137.8442333230      -11.39       -3.03    13.5s
    ‖ρε - ρref‖ = 0.0001518429559813795 ‖Δρ‖ = 0.00015017143370481614  ‖vε - vref‖ = 0.726945345988512  α = 2.32e-5
 267   -137.8442333230      -11.47       -3.56    14.5s
    ‖ρε - ρref‖ = 4.7038881220086525e-5 ‖Δρ‖ = 4.650270903986095e-5  ‖vε - vref‖ = 0.7269566727381446  α = 7.13e-5
 268   -137.8442333230      -11.38       -3.35    14.2s
    ‖ρε - ρref‖ = 7.25866056954395e-5 ‖Δρ‖ = 7.147639165707237e-5  ‖vε - vref‖ = 0.7269702412757468  α = 5.08e-5
 269   -137.8442333230      -11.26       -3.19    14.4s
    ‖ρε - ρref‖ = 0.00010693998331370071 ‖Δρ‖ = 0.00010562761469861911  ‖vε - vref‖ = 0.7269894176660014  α = 3.82e-5
 270   -137.8442333231      -11.22       -3.56    12.8s
    ‖ρε - ρref‖ = 4.623735549003037e-5 ‖Δρ‖ = 4.502459278025582e-5  ‖vε - vref‖ = 0.7270117679905557  α = 9.11e-5
 271   -137.8442333231      -11.18       -3.28    14.5s
    ‖ρε - ρref‖ = 8.363135151221067e-5 ‖Δρ‖ = 8.239771676721962e-5  ‖vε - vref‖ = 0.7270351081740467  α = 5.26e-5
 272   -137.8442333231      -11.33       -3.50    14.4s
    ‖ρε - ρref‖ = 5.143995642246264e-5 ‖Δρ‖ = 5.187975904589223e-5  ‖vε - vref‖ = 0.7270493423445173  α = 7.35e-5
 273   -137.8442333231      -11.87       -3.46    13.7s
    ‖ρε - ρref‖ = 9.623224040747195e-5 ‖Δρ‖ = 8.524464729249564e-5  ‖vε - vref‖ = 0.7270584325303517  α = 2.27e-5
 274   -137.8442333231      -11.12       -3.22    13.7s
    ‖ρε - ρref‖ = 7.816839738476846e-5 ‖Δρ‖ = 7.969621851111177e-5  ‖vε - vref‖ = 0.7270794328177137  α = 6.16e-5
 275   -137.8442333231      -11.39       -3.45    13.9s
    ‖ρε - ρref‖ = 6.40681544066902e-5 ‖Δρ‖ = 6.294844231866422e-5  ‖vε - vref‖ = 0.7270946830688546  α = 5.91e-5
 276   -137.8442333231      -11.25       -3.02    13.2s
    ‖ρε - ρref‖ = 0.00015408207064313765 ‖Δρ‖ = 0.0001540584431681271  ‖vε - vref‖ = 0.7271146859115267  α = 2.76e-5
 277   -137.8442333231      -11.78       -3.37    15.0s
    ‖ρε - ρref‖ = 9.001774036277532e-5 ‖Δρ‖ = 8.980264897371889e-5  ‖vε - vref‖ = 0.7271214100515275  α = 2.66e-5
 278   -137.8442333231      -11.46       -3.05    14.3s
    ‖ρε - ρref‖ = 0.00014797024210477444 ‖Δρ‖ = 0.000147086123344354  ‖vε - vref‖ = 0.7271333063263162  α = 2.18e-5
 279   -137.8442333231      -11.19       -3.69    14.4s
    ‖ρε - ρref‖ = 3.2414233138030614e-5 ‖Δρ‖ = 2.9643217025213807e-5  ‖vε - vref‖ = 0.7271563865502724  α = 0.000149
 280   -137.8442333231      -11.68       -3.30    14.2s
    ‖ρε - ρref‖ = 9.838715112065292e-5 ‖Δρ‖ = 9.67875664170738e-5  ‖vε - vref‖ = 0.7271647879282094  α = 2.69e-5
 281   -137.8442333231      -11.60       -3.56    12.5s
    ‖ρε - ρref‖ = 5.508352933457723e-5 ‖Δρ‖ = 5.308743958798734e-5  ‖vε - vref‖ = 0.7271777652851997  α = 5.22e-5
 282   -137.8442333231      -11.14       -3.53    13.6s
    ‖ρε - ρref‖ = 4.610223078648343e-5 ‖Δρ‖ = 4.6040955773151344e-5  ‖vε - vref‖ = 0.7272037740748755  α = 9.88e-5
 283   -137.8442333231      -11.18       -3.42    14.5s
    ‖ρε - ρref‖ = 6.618567110352155e-5 ‖Δρ‖ = 6.386782444694347e-5  ‖vε - vref‖ = 0.7272303258729034  α = 6.84e-5
 284   -137.8442333231      -11.38       -3.30    13.1s
    ‖ρε - ρref‖ = 7.935089754510163e-5 ‖Δρ‖ = 8.000374701315726e-5  ‖vε - vref‖ = 0.7272425262257199  α = 4.36e-5
 285   -137.8442333231      -12.07       -3.43    15.1s
    ‖ρε - ρref‖ = 0.0001033706332293609 ‖Δρ‖ = 9.267148071095437e-5  ‖vε - vref‖ = 0.7272505007427871  α = 1.85e-5
 286   -137.8442333231      -11.23       -3.38    15.0s
    ‖ρε - ρref‖ = 6.211242253974595e-5 ‖Δρ‖ = 6.481032877710996e-5  ‖vε - vref‖ = 0.727268866412801  α = 6.56e-5
 287   -137.8442333231      -11.33       -3.43    14.8s
    ‖ρε - ρref‖ = 5.656382239847319e-5 ‖Δρ‖ = 5.4613589931360496e-5  ‖vε - vref‖ = 0.7272863587460536  α = 7.11e-5
 288   -137.8442333231      -11.70       -3.09    14.5s
    ‖ρε - ρref‖ = 0.00015255372289879393 ‖Δρ‖ = 0.00015142701987614162  ‖vε - vref‖ = 0.7272952607561025  α = 1.81e-5
 289   -137.8442333231      -11.74       -3.45    14.2s
    ‖ρε - ρref‖ = 6.666823825564368e-5 ‖Δρ‖ = 6.599475804172067e-5  ‖vε - vref‖ = 0.7273015152591468  α = 3.35e-5
 290   -137.8442333231      -11.45       -3.06    13.3s
    ‖ρε - ρref‖ = 0.00013185921284898894 ‖Δρ‖ = 0.00013100103885017384  ‖vε - vref‖ = 0.7273160890826083  α = 2.57e-5
 291   -137.8442333231      -11.01       -3.63    13.0s
    ‖ρε - ρref‖ = 3.187554121513047e-5 ‖Δρ‖ = 2.9214973355451877e-5  ‖vε - vref‖ = 0.7273560934921621  α = 0.000193
 292   -137.8442333231      -11.53       -3.34    14.0s
    ‖ρε - ρref‖ = 8.528303334415326e-5 ‖Δρ‖ = 8.377165458238573e-5  ‖vε - vref‖ = 0.7273677951561938  α = 3.66e-5
 293   -137.8442333232      -11.20       -3.26    14.6s
    ‖ρε - ρref‖ = 8.15217926421974e-5 ‖Δρ‖ = 8.01153615356817e-5  ‖vε - vref‖ = 0.7273928518865422  α = 5.52e-5
 294   -137.8442333232      -11.50       -3.44    14.4s
    ‖ρε - ρref‖ = 6.212957420036941e-5 ‖Δρ‖ = 6.246739673932414e-5  ‖vε - vref‖ = 0.7274023595441382  α = 4.63e-5
 295   -137.8442333232      -11.56       -3.67    15.1s
    ‖ρε - ρref‖ = 4.04831915714547e-5 ‖Δρ‖ = 3.760025214441831e-5  ‖vε - vref‖ = 0.7274151097547564  α = 7.57e-5
 296   -137.8442333232      -11.56       -3.52    14.5s
    ‖ρε - ρref‖ = 4.517022272357575e-5 ‖Δρ‖ = 4.874880015947772e-5  ‖vε - vref‖ = 0.7274235814227634  α = 5.8e-5
 297   -137.8442333232      -11.97       -3.22    13.3s
    ‖ρε - ρref‖ = 0.00014915652872591906 ‖Δρ‖ = 0.0001393430800090946  ‖vε - vref‖ = 0.7274326603642991  α = 1.27e-5
 298   -137.8442333232      -11.65       -3.49    13.5s
    ‖ρε - ρref‖ = 5.850541656099755e-5 ‖Δρ‖ = 6.053797439464346e-5  ‖vε - vref‖ = 0.7274408561093085  α = 4.35e-5
 299   -137.8442333232      -11.36       -3.74    13.4s
    ‖ρε - ρref‖ = 3.0091743169902537e-5 ‖Δρ‖ = 2.6090724567983428e-5  ‖vε - vref‖ = 0.7274594658951162  α = 0.000144
 300   -137.8442333232      -11.57       -3.06    14.7s
    ‖ρε - ρref‖ = 0.00015610579711245137 ‖Δρ‖ = 0.00015425862792168364  ‖vε - vref‖ = 0.7274708945172853  α = 1.9e-5
Trying again with Newton's method ...
n     Energy            log10(ΔE)   log10(Δρ)   Δtime 
---   ---------------   ---------   ---------   ------
  1   -137.8442333233                   -6.99    1203s
    ‖ρε - ρref‖ = 1.2445547241557332e-5 ‖Δρ‖ = 1.0670857784720384e-8  ‖vε - vref‖ = 0.7274809994002543
  2   -137.8442333234      -10.32       -7.20    1219s
    ‖ρε - ρref‖ = 1.2444593770200513e-5 ‖Δρ‖ = 6.82015454594836e-9  ‖vε - vref‖ = 0.7275960120359687
    Stopping to avoid numerical instabilities.

#-- ‖ρε - ρref‖ = 1.2444593770200513e-5 vs. 1.7782794100389228e-8 = δ*ε ‖vε - vref‖ = 0.7275960120359687


# --- ε=1.0e-6

n     Energy            log10(ΔE)   log10(Δρ)   Δtime 
---   ---------------   ---------   ---------   ------
  1   -137.8442036360                    0.58    19.6s
    ‖ρε - ρref‖ = 1.308003752467186 ‖Δρ‖ = 1.3079993966964374  ‖vε - vref‖ = 3.7363725059748143  α = 5.33e-6
  2   -137.8442045975       -6.02       -0.37    13.3s
    ‖ρε - ρref‖ = 0.09633036224057093 ‖Δρ‖ = 0.09632886271671595  ‖vε - vref‖ = 3.5093728165707687  α = 1.3e-5
  3   -137.8442048623       -6.58       -0.31    12.1s
    ‖ρε - ρref‖ = 0.1136002298777346 ‖Δρ‖ = 0.11359943772475396  ‖vε - vref‖ = 3.458941886679117  α = 6.02e-6
  4   -137.8442054233       -6.25       -0.82    12.9s
    ‖ρε - ρref‖ = 0.028433475339767277 ‖Δρ‖ = 0.028431575710472404  ‖vε - vref‖ = 3.232370594009643  α = 3.45e-5
  5   -137.8442055659       -6.85       -0.88    13.7s
    ‖ρε - ρref‖ = 0.02872070663959875 ‖Δρ‖ = 0.02871984000073563  ‖vε - vref‖ = 3.1567872123998977  α = 1.61e-5
  6   -137.8442056051       -7.41       -0.99    14.0s
    ‖ρε - ρref‖ = 0.01918609623144022 ‖Δρ‖ = 0.019185992451637865  ‖vε - vref‖ = 3.1571345095166947  α = 1.38e-5
  7   -137.8442056459       -7.39       -1.08    13.2s
    ‖ρε - ρref‖ = 0.013554694073163233 ‖Δρ‖ = 0.013554603373545691  ‖vε - vref‖ = 3.165749576165664  α = 1.98e-5
  8   -137.8442056577       -7.93       -1.42    13.7s
    ‖ρε - ρref‖ = 0.007862846416251958 ‖Δρ‖ = 0.007862469966330584  ‖vε - vref‖ = 3.1591908267377256  α = 1.84e-5
  9   -137.8442056733       -7.81       -1.43    14.1s
    ‖ρε - ρref‖ = 0.007484557290180707 ‖Δρ‖ = 0.007483989089024249  ‖vε - vref‖ = 3.1459359674955594  α = 2.22e-5
 10   -137.8442057115       -7.42       -1.68    13.7s
    ‖ρε - ρref‖ = 0.0031468690510229845 ‖Δρ‖ = 0.003146420396069206  ‖vε - vref‖ = 3.132251433430736  α = 8.43e-5
 11   -137.8442057379       -7.58       -1.87    13.8s
    ‖ρε - ρref‖ = 0.0019048539593588814 ‖Δρ‖ = 0.0019047546430707575  ‖vε - vref‖ = 3.1364317629777796  α = 0.000116
 12   -137.8442093117       -5.45        0.24    13.9s
    ‖ρε - ρref‖ = 0.5249749234810587 ‖Δρ‖ = 0.5249809999855242  ‖vε - vref‖ = 0.8747740555967706  α = 3.22e-6
 13   -137.8442093307       -7.72       -1.63    14.5s
    ‖ρε - ρref‖ = 0.003008412673459073 ‖Δρ‖ = 0.003007685414163081  ‖vε - vref‖ = 0.8485887371658558  α = 6.25e-5
 14   -137.8442093399       -8.03       -1.90    13.4s
    ‖ρε - ρref‖ = 0.0018533412264374874 ‖Δρ‖ = 0.0018529662472346394  ‖vε - vref‖ = 0.8370757050082867  α = 7.09e-5
 15   -137.8442093427       -8.56       -1.62    14.3s
    ‖ρε - ρref‖ = 0.005308814858046934 ‖Δρ‖ = 0.005308470215675118  ‖vε - vref‖ = 0.8338750351446504  α = 1.28e-5
 16   -137.8442093501       -8.13       -1.36    14.9s
    ‖ρε - ρref‖ = 0.006651121150062871 ‖Δρ‖ = 0.006651081683774781  ‖vε - vref‖ = 0.8272490406780073  α = 1.74e-5
 17   -137.8442093594       -8.04       -1.88    14.9s
    ‖ρε - ρref‖ = 0.0018533836216114647 ‖Δρ‖ = 0.0018532475579182983  ‖vε - vref‖ = 0.8168202105353861  α = 7.01e-5
 18   -137.8442093625       -8.50       -1.51    14.5s
    ‖ρε - ρref‖ = 0.005580786213925199 ‖Δρ‖ = 0.005580349586686641  ‖vε - vref‖ = 0.8129230205895526  α = 1.35e-5
 19   -137.8442093664       -8.41       -1.69    14.8s
    ‖ρε - ρref‖ = 0.003330963549711457 ‖Δρ‖ = 0.003330541391592957  ‖vε - vref‖ = 0.8105795627988289  α = 2.45e-5
 20   -137.8442093715       -8.29       -1.62    14.9s
    ‖ρε - ρref‖ = 0.003581108421948745 ‖Δρ‖ = 0.0035810186628990872  ‖vε - vref‖ = 0.8037990728509671  α = 2.64e-5
 21   -137.8442093741       -8.59       -1.68    12.9s
    ‖ρε - ρref‖ = 0.0037748758701870396 ‖Δρ‖ = 0.003774851473666528  ‖vε - vref‖ = 0.8008274420616122  α = 1.79e-5
 22   -137.8442093802       -8.22       -1.72    12.6s
    ‖ρε - ρref‖ = 0.002736470810570792 ‖Δρ‖ = 0.0027362846486575945  ‖vε - vref‖ = 0.7948706028373167  α = 3.86e-5
 23   -137.8442094156       -7.45       -0.67    13.9s
    ‖ρε - ρref‖ = 0.06636292954250904 ‖Δρ‖ = 0.06636931523172938  ‖vε - vref‖ = 0.7354425454550192  α = 3.55e-6
 24   -137.8442094194       -8.43       -1.89    14.4s
    ‖ρε - ρref‖ = 0.0019363199793054479 ‖Δρ‖ = 0.0019359813129710642  ‖vε - vref‖ = 0.7308854861715605  α = 4.14e-5
 25   -137.8442094218       -8.62       -2.26    14.7s
    ‖ρε - ρref‖ = 0.000922556487037907 ‖Δρ‖ = 0.000921778715918971  ‖vε - vref‖ = 0.7282654151413253  α = 6.96e-5
 26   -137.8442094264       -8.34       -1.90    13.7s
    ‖ρε - ρref‖ = 0.0017878227509076996 ‖Δρ‖ = 0.0017880148324821107  ‖vε - vref‖ = 0.7223445639657959  α = 5.1e-5
 27   -137.8442094272       -9.09       -1.93    14.4s
    ‖ρε - ρref‖ = 0.002589786970817293 ‖Δρ‖ = 0.0025899366982510405  ‖vε - vref‖ = 0.721415661450627  α = 1.43e-5
 28   -137.8442094291       -8.72       -1.61    13.6s
    ‖ρε - ρref‖ = 0.0039172107389010315 ‖Δρ‖ = 0.003916807511539922  ‖vε - vref‖ = 0.718987695277157  α = 1.5e-5
 29   -137.8442094320       -8.54       -2.16    13.7s
    ‖ρε - ρref‖ = 0.0009745126336387014 ‖Δρ‖ = 0.0009741461205566892  ‖vε - vref‖ = 0.715688828126361  α = 7.39e-5
 30   -137.8442094339       -8.73       -2.00    15.1s
    ‖ρε - ρref‖ = 0.001399193655373311 ‖Δρ‖ = 0.0013992188519535778  ‖vε - vref‖ = 0.7130694516379043  α = 4.2e-5
 31   -137.8442094351       -8.89       -1.57    12.6s
    ‖ρε - ρref‖ = 0.004210767782321746 ‖Δρ‖ = 0.0042105750986023436  ‖vε - vref‖ = 0.7111965066962225  α = 1.15e-5
 32   -137.8442094360       -9.05       -2.20    14.2s
    ‖ρε - ρref‖ = 0.0010304985336791108 ‖Δρ‖ = 0.0010300761163085878  ‖vε - vref‖ = 0.7102243718816682  α = 3.79e-5
 33   -137.8442094372       -8.92       -1.88    15.0s
    ‖ρε - ρref‖ = 0.002098672878931715 ‖Δρ‖ = 0.002098476767855266  ‖vε - vref‖ = 0.7088256960254233  α = 2.21e-5
 34   -137.8442094381       -9.08       -2.00    14.6s
    ‖ρε - ρref‖ = 0.0018955581497537282 ‖Δρ‖ = 0.0018980048543732286  ‖vε - vref‖ = 0.707803314301448  α = 1.89e-5
 35   -137.8442094386       -9.25       -1.95    13.9s
    ‖ρε - ρref‖ = 0.0024482317408926106 ‖Δρ‖ = 0.002442795159649998  ‖vε - vref‖ = 0.7071668074330392  α = 1.27e-5
 36   -137.8442094401       -8.81       -1.81    14.3s
    ‖ρε - ρref‖ = 0.0026285641421963236 ‖Δρ‖ = 0.002630556400685091  ‖vε - vref‖ = 0.7049591827492298  α = 1.9e-5
 37   -137.8442094415       -8.88       -2.15    15.1s
    ‖ρε - ρref‖ = 0.0010798651242193795 ‖Δρ‖ = 0.001079365986791964  ‖vε - vref‖ = 0.7032767100962705  α = 4.54e-5
 38   -137.8442094428       -8.87       -2.50    14.4s
    ‖ρε - ρref‖ = 0.0004537995899103157 ‖Δρ‖ = 0.0004541362324113379  ‖vε - vref‖ = 0.7016105955478893  α = 0.000108
 39   -137.8442094435       -9.15       -2.14    14.2s
    ‖ρε - ρref‖ = 0.0012871035954848127 ‖Δρ‖ = 0.0012868014556242468  ‖vε - vref‖ = 0.7008180402280288  α = 2.72e-5
 40   -137.8442094442       -9.18       -1.61    13.5s
    ‖ρε - ρref‖ = 0.004402869719721226 ‖Δρ‖ = 0.0044021158063426895  ‖vε - vref‖ = 0.6998827760447246  α = 7.74e-6
 41   -137.8442094454       -8.92       -2.38    14.3s
    ‖ρε - ρref‖ = 0.0006137481717614047 ‖Δρ‖ = 0.0006139672388988781  ‖vε - vref‖ = 0.6984612199243553  α = 7.59e-5
 42   -137.8442094460       -9.20       -2.27    12.9s
    ‖ρε - ρref‖ = 0.000985384469870477 ‖Δρ‖ = 0.0009849785014271549  ‖vε - vref‖ = 0.6976556189304574  α = 3.22e-5
 43   -137.8442094468       -9.14       -2.24    13.5s
    ‖ρε - ρref‖ = 0.0008744083722276446 ‖Δρ‖ = 0.0008744491702554811  ‖vε - vref‖ = 0.6967205405078837  α = 4.17e-5
 44   -137.8442094474       -9.22       -1.75    14.2s
    ‖ρε - ρref‖ = 0.002744078177572612 ‖Δρ‖ = 0.0027442381737867927  ‖vε - vref‖ = 0.6959503048616349  α = 1.22e-5
 45   -137.8442094477       -9.48       -2.46    14.4s
    ‖ρε - ρref‖ = 0.0005567185845791248 ‖Δρ‖ = 0.0005561067147545204  ‖vε - vref‖ = 0.6955706164452684  α = 4.43e-5
 46   -137.8442094480       -9.45       -2.13    14.1s
    ‖ρε - ρref‖ = 0.0012718687256937696 ‖Δρ‖ = 0.0012725175924808638  ‖vε - vref‖ = 0.6951779557477822  α = 2.0e-5
 47   -137.8442094485       -9.29       -2.16    13.3s
    ‖ρε - ρref‖ = 0.001200180395446265 ‖Δρ‖ = 0.0011960337842099893  ‖vε - vref‖ = 0.6947520777747896  α = 2.48e-5
 48   -137.8442094488       -9.52       -1.76    14.4s
    ‖ρε - ρref‖ = 0.0033711833391336203 ‖Δρ‖ = 0.0033758352867617057  ‖vε - vref‖ = 0.6943547278025848  α = 6.62e-6
 49   -137.8442094492       -9.47       -2.47    13.5s
    ‖ρε - ρref‖ = 0.0006355227505805119 ‖Δρ‖ = 0.0006353264448407085  ‖vε - vref‖ = 0.6940726871456165  α = 3.53e-5
 50   -137.8442094501       -9.05       -2.29    12.9s
    ‖ρε - ρref‖ = 0.0007386333520966102 ‖Δρ‖ = 0.0007383242176458182  ‖vε - vref‖ = 0.6930640659352597  α = 5.41e-5
 51   -137.8442094504       -9.55       -2.34    13.1s
    ‖ρε - ρref‖ = 0.00082307339362205 ‖Δρ‖ = 0.0008233117355868437  ‖vε - vref‖ = 0.692817053556055  α = 2.69e-5
 52   -137.8442094506       -9.58       -1.76    13.8s
    ‖ρε - ρref‖ = 0.0028381455939080523 ‖Δρ‖ = 0.0028380294158479396  ‖vε - vref‖ = 0.6925258379095733  α = 7.69e-6
 53   -137.8442094510       -9.39       -2.54    14.2s
    ‖ρε - ρref‖ = 0.00039858906589063786 ‖Δρ‖ = 0.00039844432095318885  ‖vε - vref‖ = 0.6921506031684787  α = 6.9e-5
 54   -137.8442094517       -9.17       -2.53    13.6s
    ‖ρε - ρref‖ = 0.0004062433589734728 ‖Δρ‖ = 0.0004057287350462858  ‖vε - vref‖ = 0.6916186913915255  α = 8.46e-5
 55   -137.8442094519       -9.69       -2.25    13.3s
    ‖ρε - ρref‖ = 0.0010295239323422798 ‖Δρ‖ = 0.0010296780488358247  ‖vε - vref‖ = 0.6914099259137125  α = 1.84e-5
 56   -137.8442094521       -9.70       -2.19    14.3s
    ‖ρε - ρref‖ = 0.001137030923669834 ‖Δρ‖ = 0.0011373500790633317  ‖vε - vref‖ = 0.6912638170025868  α = 1.66e-5
 57   -137.8442094525       -9.44       -2.47    14.4s
    ‖ρε - ρref‖ = 0.0005478593123481287 ‖Δρ‖ = 0.0005472012908734987  ‖vε - vref‖ = 0.6909351579454805  α = 4.64e-5
 58   -137.8442094527       -9.60       -2.29    12.8s
    ‖ρε - ρref‖ = 0.0008833129588515429 ‖Δρ‖ = 0.0008847254147828015  ‖vε - vref‖ = 0.6907323896068459  α = 2.45e-5
 59   -137.8442094530       -9.50       -2.08    13.8s
    ‖ρε - ρref‖ = 0.0014475710818350697 ‖Δρ‖ = 0.00144394863913139  ‖vε - vref‖ = 0.6905969686383504  α = 1.65e-5
 60   -137.8442094532       -9.77       -1.98    14.7s
    ‖ρε - ρref‖ = 0.0022399382021295955 ‖Δρ‖ = 0.0022446987808770087  ‖vε - vref‖ = 0.6904074180800083  α = 7.51e-6
 61   -137.8442094537       -9.28       -2.33    13.9s
    ‖ρε - ρref‖ = 0.0006409112555450639 ‖Δρ‖ = 0.0006401256171012179  ‖vε - vref‖ = 0.6900426868876146  α = 4.87e-5
 62   -137.8442094540       -9.58       -2.46    14.5s
    ‖ρε - ρref‖ = 0.0006442632840675176 ‖Δρ‖ = 0.0006435975080848579  ‖vε - vref‖ = 0.6899349692479094  α = 3.04e-5
 63   -137.8442094542       -9.59       -2.32    14.7s
    ‖ρε - ρref‖ = 0.000765104151369357 ‖Δρ‖ = 0.000765566531625124  ‖vε - vref‖ = 0.6897345967484442  α = 2.65e-5
 64   -137.8442094543       -9.98       -1.94    12.4s
    ‖ρε - ρref‖ = 0.0023655076112127815 ‖Δρ‖ = 0.0023655462937534765  ‖vε - vref‖ = 0.6896639356004237  α = 5.69e-6
 65   -137.8442094547       -9.46       -2.79    13.9s
    ‖ρε - ρref‖ = 0.00023252483526172514 ‖Δρ‖ = 0.00023234385532445724  ‖vε - vref‖ = 0.6895019095079042  α = 0.000108
 66   -137.8442094550       -9.56       -2.52    14.5s
    ‖ρε - ρref‖ = 0.0004359839874076903 ‖Δρ‖ = 0.0004353919476288481  ‖vε - vref‖ = 0.6893820638500854  α = 5.23e-5
 67   -137.8442094553       -9.55       -2.59    14.7s
    ‖ρε - ρref‖ = 0.00039676825089089224 ‖Δρ‖ = 0.0003967912677665941  ‖vε - vref‖ = 0.6892283478819324  α = 5.77e-5
 68   -137.8442094555       -9.69       -1.99    14.2s
    ‖ρε - ρref‖ = 0.0016813448518114191 ‖Δρ‖ = 0.0016814479829237719  ‖vε - vref‖ = 0.6891338535059299  α = 1.15e-5
 69   -137.8442094556       -9.81       -2.57    15.1s
    ‖ρε - ρref‖ = 0.0004707878360532276 ‖Δρ‖ = 0.0004700055614811506  ‖vε - vref‖ = 0.6890760310996268  α = 3.56e-5
 70   -137.8442094557       -9.98       -2.53    13.4s
    ‖ρε - ρref‖ = 0.0005440976781764303 ‖Δρ‖ = 0.0005464789249986133  ‖vε - vref‖ = 0.6890114741612334  α = 2.46e-5
 71   -137.8442094558       -9.96       -2.30    14.2s
    ‖ρε - ρref‖ = 0.0010553742124967194 ‖Δρ‖ = 0.001051348109258407  ‖vε - vref‖ = 0.6890305572147225  α = 1.33e-5
 72   -137.8442094560       -9.93       -2.17    14.4s
    ‖ρε - ρref‖ = 0.001269910446993838 ‖Δρ‖ = 0.0012738496039063727  ‖vε - vref‖ = 0.6889843924032111  α = 1.13e-5
 73   -137.8442094562       -9.56       -2.39    14.3s
    ‖ρε - ρref‖ = 0.0006471127141916915 ‖Δρ‖ = 0.0006463631724867789  ‖vε - vref‖ = 0.6888817248856592  α = 3.33e-5
 74   -137.8442094565       -9.56       -2.56    14.7s
    ‖ρε - ρref‖ = 0.0004294681207020672 ‖Δρ‖ = 0.0004289264445205693  ‖vε - vref‖ = 0.6888304799558099  α = 5.05e-5
 75   -137.8442094566      -10.03       -2.45    14.9s
    ‖ρε - ρref‖ = 0.0008484350153497945 ‖Δρ‖ = 0.0008486921761029151  ‖vε - vref‖ = 0.6887663053042772  α = 1.36e-5
 76   -137.8442094567       -9.98       -2.18    15.2s
    ‖ρε - ρref‖ = 0.0013279066752547306 ‖Δρ‖ = 0.0013277677074920876  ‖vε - vref‖ = 0.688747530453002  α = 9.99e-6
 77   -137.8442094569       -9.68       -2.49    14.7s
    ‖ρε - ρref‖ = 0.0004836991636305631 ‖Δρ‖ = 0.0004830394681202942  ‖vε - vref‖ = 0.6887111997248093  α = 4.04e-5
 78   -137.8442094572       -9.61       -2.62    13.5s
    ‖ρε - ρref‖ = 0.00033606475118807 ‖Δρ‖ = 0.0003367698134320961  ‖vε - vref‖ = 0.6887311820921941  α = 6.3e-5
 79   -137.8442094574       -9.71       -2.71    15.1s
    ‖ρε - ρref‖ = 0.00028659372831359723 ‖Δρ‖ = 0.000285776066613524  ‖vε - vref‖ = 0.6887185008589253  α = 6.64e-5
 80   -137.8442094574      -10.24       -2.33    15.1s
    ‖ρε - ρref‖ = 0.0008787607992201949 ‖Δρ‖ = 0.0008785730627188957  ‖vε - vref‖ = 0.688716602432386  α = 1.18e-5
 81   -137.8442094576       -9.81       -2.59    14.7s
    ‖ρε - ρref‖ = 0.00038454652138276025 ‖Δρ‖ = 0.00038422659902663785  ‖vε - vref‖ = 0.6887334384329039  α = 4.44e-5
 82   -137.8442094578       -9.63       -2.66    14.5s
    ‖ρε - ρref‖ = 0.0003607869387737249 ‖Δρ‖ = 0.00036407320662132353  ‖vε - vref‖ = 0.6887737543283883  α = 5.58e-5
 83   -137.8442094580       -9.68       -1.90    15.1s
    ‖ρε - ρref‖ = 0.0021905888053132825 ‖Δρ‖ = 0.002186292455083068  ‖vε - vref‖ = 0.6888504314254444  α = 8.83e-6
 84   -137.8442094581      -10.04       -2.12    13.8s
    ‖ρε - ρref‖ = 0.0014874492671874346 ‖Δρ‖ = 0.0014903057276594084  ‖vε - vref‖ = 0.6888429773572107  α = 8.68e-6
 85   -137.8442094582       -9.83       -2.65    14.2s
    ‖ρε - ρref‖ = 0.00038272855097337693 ‖Δρ‖ = 0.00038176329216816723  ‖vε - vref‖ = 0.6889112368742774  α = 4.09e-5
 86   -137.8442094584       -9.71       -2.55    13.0s
    ‖ρε - ρref‖ = 0.0004497988577438238 ‖Δρ‖ = 0.0004496937020255445  ‖vε - vref‖ = 0.6889468142668072  α = 3.9e-5
 87   -137.8442094585      -10.28       -2.51    14.0s
    ‖ρε - ρref‖ = 0.0007867189851931208 ‖Δρ‖ = 0.0007868924432347395  ‖vε - vref‖ = 0.6889644719247163  α = 1.15e-5
 88   -137.8442094587       -9.79       -2.32    14.2s
    ‖ρε - ρref‖ = 0.0008193126709944364 ‖Δρ‖ = 0.0008188607750030128  ‖vε - vref‖ = 0.6890292249925754  α = 2.07e-5
 89   -137.8442094588       -9.84       -2.50    13.5s
    ‖ρε - ρref‖ = 0.0005511199272607266 ‖Δρ‖ = 0.0005501033739787787  ‖vε - vref‖ = 0.6890808385966315  α = 2.76e-5
 90   -137.8442094590       -9.69       -2.69    14.6s
    ‖ρε - ρref‖ = 0.0003200275963684214 ‖Δρ‖ = 0.00032070879411174214  ‖vε - vref‖ = 0.6891779155047015  α = 5.85e-5
 91   -137.8442094593       -9.48       -2.65    13.6s
    ‖ρε - ρref‖ = 0.00032306523024090624 ‖Δρ‖ = 0.0003230380441650717  ‖vε - vref‖ = 0.6892877553405039  α = 7.53e-5
 92   -137.8442094594      -10.25       -2.40    14.1s
    ‖ρε - ρref‖ = 0.0007760953188289341 ‖Δρ‖ = 0.0007761663014302881  ‖vε - vref‖ = 0.6893129077301537  α = 1.33e-5
 93   -137.8442094595       -9.82       -2.48    13.9s
    ‖ρε - ρref‖ = 0.0004727178378902851 ‖Δρ‖ = 0.0004721583948973473  ‖vε - vref‖ = 0.6894133026198697  α = 3.58e-5
 94   -137.8442094597       -9.89       -2.63    14.6s
    ‖ρε - ρref‖ = 0.0003724677772678693 ‖Δρ‖ = 0.00037560992901060624  ‖vε - vref‖ = 0.6894949325066212  α = 4.05e-5
 95   -137.8442094598      -10.07       -2.07    14.1s
    ‖ρε - ρref‖ = 0.0016974924517751027 ‖Δρ‖ = 0.0016925237300142457  ‖vε - vref‖ = 0.6895861675165326  α = 7.26e-6
 96   -137.8442094598      -10.11       -2.45    13.2s
    ‖ρε - ρref‖ = 0.000636147993361694 ‖Δρ‖ = 0.0006377404008193548  ‖vε - vref‖ = 0.6896351953354969  α = 1.88e-5
 97   -137.8442094600       -9.69       -2.38    13.9s
    ‖ρε - ρref‖ = 0.0005820220753190591 ‖Δρ‖ = 0.0005812771640624375  ‖vε - vref‖ = 0.6898009848287291  α = 3.34e-5
 98   -137.8442094602       -9.82       -2.71    14.7s
    ‖ρε - ρref‖ = 0.0003293424098313492 ‖Δρ‖ = 0.0003295272815986875  ‖vε - vref‖ = 0.6899346562300366  α = 4.85e-5
 99   -137.8442094603      -10.16       -2.30    13.6s
    ‖ρε - ρref‖ = 0.0011501913385510566 ‖Δρ‖ = 0.0011505090955760207  ‖vε - vref‖ = 0.6899672188854459  α = 9.18e-6
 100   -137.8442094604       -9.81       -2.27    14.3s
    ‖ρε - ρref‖ = 0.0008592172785772003 ‖Δρ‖ = 0.0008589423881451065  ‖vε - vref‖ = 0.690087809337451  α = 1.92e-5
 101   -137.8442094606       -9.82       -2.62    13.7s
    ‖ρε - ρref‖ = 0.0003832118048127473 ‖Δρ‖ = 0.00038273477323486435  ‖vε - vref‖ = 0.6902242530067969  α = 4.13e-5
 102   -137.8442094607       -9.83       -2.57    13.9s
    ‖ρε - ρref‖ = 0.0004484854268081989 ‖Δρ‖ = 0.0004491855688723497  ‖vε - vref‖ = 0.6903202195683928  α = 3.43e-5
 103   -137.8442094608       -9.93       -2.66    14.7s
    ‖ρε - ρref‖ = 0.0003642142331508878 ‖Δρ‖ = 0.0003637336343639689  ‖vε - vref‖ = 0.6904278371503071  α = 4.02e-5
 104   -137.8442094610       -9.81       -2.67    15.1s
    ‖ρε - ρref‖ = 0.0003120902945481819 ‖Δρ‖ = 0.0003121885695652638  ‖vε - vref‖ = 0.690564591604557  α = 5.47e-5
 105   -137.8442094612       -9.81       -2.09    13.7s
    ‖ρε - ρref‖ = 0.0012724891496081246 ‖Δρ‖ = 0.0012720366024025938  ‖vε - vref‖ = 0.6906972729124812  α = 1.34e-5
 106   -137.8442094614       -9.66       -2.69    14.7s
    ‖ρε - ρref‖ = 0.0003136713969344429 ‖Δρ‖ = 0.00031627228664350227  ‖vε - vref‖ = 0.6908480101704322  α = 6.2e-5
 107   -137.8442094614      -10.09       -1.96    13.9s
    ‖ρε - ρref‖ = 0.0021865723910941006 ‖Δρ‖ = 0.002181055022546253  ‖vε - vref‖ = 0.6909418361352531  α = 5.43e-6
 108   -137.8442094615      -10.20       -2.70    13.7s
    ‖ρε - ρref‖ = 0.0003674887317399452 ‖Δρ‖ = 0.0003686423777665798  ‖vε - vref‖ = 0.6909918254109068  α = 2.93e-5
 109   -137.8442094617       -9.74       -2.46    14.6s
    ‖ρε - ρref‖ = 0.0005644894028618802 ‖Δρ‖ = 0.0005643853895801698  ‖vε - vref‖ = 0.6911643048623061  α = 3.22e-5
 110   -137.8442094618       -9.82       -2.59    12.4s
    ‖ρε - ρref‖ = 0.0004118477422585804 ‖Δρ‖ = 0.0004117976562284393  ‖vε - vref‖ = 0.6913361427100303  α = 3.99e-5
 111   -137.8442094619      -10.45       -2.30    13.7s
    ‖ρε - ρref‖ = 0.0012283916851988294 ‖Δρ‖ = 0.0012286459887882442  ‖vε - vref‖ = 0.6913701075737396  α = 6.16e-6
 112   -137.8442094620       -9.79       -2.71    13.7s
    ‖ρε - ρref‖ = 0.0003010546179643051 ‖Δρ‖ = 0.00030073471191110904  ‖vε - vref‖ = 0.6915978166046534  α = 5.41e-5
 113   -137.8442094622       -9.71       -2.45    13.8s
    ‖ρε - ρref‖ = 0.0005251723239006264 ‖Δρ‖ = 0.0005246086364593895  ‖vε - vref‖ = 0.6917848396858348  α = 3.29e-5
 114   -137.8442094624       -9.94       -2.64    13.7s
    ‖ρε - ρref‖ = 0.00038591475300025704 ‖Δρ‖ = 0.0003857117613579025  ‖vε - vref‖ = 0.6918812614606082  α = 3.37e-5
 115   -137.8442094625       -9.86       -2.65    14.5s
    ‖ρε - ρref‖ = 0.0003392617155521131 ‖Δρ‖ = 0.00033821209873651094  ‖vε - vref‖ = 0.6920123111085449  α = 4.65e-5
 116   -137.8442094626       -9.85       -2.53    14.2s
    ‖ρε - ρref‖ = 0.0004414924376952912 ‖Δρ‖ = 0.00044244493094540893  ‖vε - vref‖ = 0.6921571248131373  α = 3.63e-5
 117   -137.8442094627      -10.01       -2.17    14.7s
    ‖ρε - ρref‖ = 0.0011047025768460388 ‖Δρ‖ = 0.0011048747984707126  ‖vε - vref‖ = 0.6922590075357499  α = 1.22e-5
 118   -137.8442094629       -9.89       -2.61    13.8s
    ‖ρε - ρref‖ = 0.00036374569336661283 ‖Δρ‖ = 0.0003665370956249487  ‖vε - vref‖ = 0.6923727884447954  α = 4.19e-5
 119   -137.8442094629      -10.34       -2.14    14.0s
    ‖ρε - ρref‖ = 0.0015555600865171896 ‖Δρ‖ = 0.0015500195204975812  ‖vε - vref‖ = 0.6924442451059492  α = 5.68e-6
 120   -137.8442094630       -9.95       -2.79    13.4s
    ‖ρε - ρref‖ = 0.00025843536148540075 ‖Δρ‖ = 0.0002588535268501614  ‖vε - vref‖ = 0.6925602182110102  α = 5.48e-5
 121   -137.8442094631      -10.24       -2.33    14.9s
    ‖ρε - ρref‖ = 0.0008182523734771603 ‖Δρ‖ = 0.0008177349281286513  ‖vε - vref‖ = 0.6926305558717287  α = 1.27e-5
 122   -137.8442094632       -9.92       -2.77    14.1s
    ‖ρε - ρref‖ = 0.00024112705729095036 ‖Δρ‖ = 0.00024079122837128092  ‖vε - vref‖ = 0.6927951144439364  α = 6.11e-5
 123   -137.8442094632      -10.38       -2.36    14.0s
    ‖ρε - ρref‖ = 0.0010348487185021992 ‖Δρ‖ = 0.0010349176003296315  ‖vε - vref‖ = 0.6928516816788435  α = 7.95e-6
 124   -137.8442094634       -9.79       -2.42    14.8s
    ‖ρε - ρref‖ = 0.0005113919532614479 ‖Δρ‖ = 0.0005107745215335988  ‖vε - vref‖ = 0.693084243866826  α = 3.38e-5
 125   -137.8442094635      -10.02       -2.91    13.6s
    ‖ρε - ρref‖ = 0.00022069563101507607 ‖Δρ‖ = 0.0002203893103067263  ‖vε - vref‖ = 0.6931926424391811  α = 5.42e-5
 126   -137.8442094636       -9.97       -2.72    14.4s
    ‖ρε - ρref‖ = 0.00036623506215980575 ‖Δρ‖ = 0.00036655524113947174  ‖vε - vref‖ = 0.6933074685204443  α = 3.51e-5
 127   -137.8442094637       -9.84       -2.65    14.5s
    ‖ρε - ρref‖ = 0.0003476446680641097 ‖Δρ‖ = 0.00034761831283843555  ‖vε - vref‖ = 0.6934829772679897  α = 4.53e-5
 128   -137.8442094638      -10.20       -2.66    15.2s
    ‖ρε - ρref‖ = 0.00038413468207878566 ‖Δρ‖ = 0.00038523303173776716  ‖vε - vref‖ = 0.6935452981006665  α = 2.73e-5
 129   -137.8442094639      -10.19       -2.41    14.4s
    ‖ρε - ρref‖ = 0.0006287256791742935 ‖Δρ‖ = 0.0006283223854009456  ‖vε - vref‖ = 0.6936277091415896  α = 1.72e-5
 130   -137.8442094640       -9.93       -2.51    14.7s
    ‖ρε - ρref‖ = 0.0004643119928263794 ‖Δρ‖ = 0.0004662800514562464  ‖vε - vref‖ = 0.6937454244822997  α = 3.12e-5
 131   -137.8442094640      -10.39       -2.26    14.3s
    ‖ρε - ρref‖ = 0.001263591694071434 ‖Δρ‖ = 0.0012575971057713895  ‖vε - vref‖ = 0.6938242609079314  α = 6.54e-6
 132   -137.8442094642       -9.80       -2.59    14.5s
    ‖ρε - ρref‖ = 0.0003418952848522145 ‖Δρ‖ = 0.0003424224922446439  ‖vε - vref‖ = 0.6940083090213106  α = 4.92e-5
 133   -137.8442094642      -10.24       -2.53    14.2s
    ‖ρε - ρref‖ = 0.0005277444762271828 ‖Δρ‖ = 0.0005274255994287755  ‖vε - vref‖ = 0.6940859604424132  α = 1.96e-5
 134   -137.8442094643      -10.17       -2.46    13.6s
    ‖ρε - ρref‖ = 0.00054450764863036 ‖Δρ‖ = 0.0005443845298525034  ‖vε - vref‖ = 0.6941844245930688  α = 2.03e-5
 135   -137.8442094643      -10.65       -2.70    14.3s
    ‖ρε - ρref‖ = 0.0004674460098155169 ‖Δρ‖ = 0.0004675403348164175  ‖vε - vref‖ = 0.6942182702754339  α = 1.31e-5
 136   -137.8442094644      -10.00       -2.47    14.9s
    ‖ρε - ρref‖ = 0.0004952471983151892 ‖Δρ‖ = 0.000494696923128669  ‖vε - vref‖ = 0.6943437010193303  α = 2.69e-5
 137   -137.8442094646       -9.69       -2.88    14.3s
    ‖ρε - ρref‖ = 0.00015407712271170735 ‖Δρ‖ = 0.00015435441111867303  ‖vε - vref‖ = 0.6946068470131125  α = 0.000126
 138   -137.8442094647      -10.02       -2.60    14.5s
    ‖ρε - ρref‖ = 0.0004057776419172691 ‖Δρ‖ = 0.00040600549952580107  ‖vε - vref‖ = 0.6947280021137515  α = 3.13e-5
 139   -137.8442094648      -10.22       -2.76    13.7s
    ‖ρε - ρref‖ = 0.0003278386204643653 ‖Δρ‖ = 0.0003271444996436523  ‖vε - vref‖ = 0.6947940172444701  α = 2.87e-5
 140   -137.8442094649       -9.93       -2.82    13.3s
    ‖ρε - ρref‖ = 0.00022977972475308003 ‖Δρ‖ = 0.00022982181061300628  ‖vε - vref‖ = 0.6949395979713161  α = 6.31e-5
 141   -137.8442094650      -10.26       -2.24    13.9s
    ‖ρε - ρref‖ = 0.000977313873258635 ‖Δρ‖ = 0.0009759325351309915  ‖vε - vref‖ = 0.6950149534218609  α = 1.03e-5
 142   -137.8442094650      -10.40       -2.68    14.4s
    ‖ρε - ρref‖ = 0.00036945579906553377 ‖Δρ‖ = 0.0003726011632357929  ‖vε - vref‖ = 0.6950546078024146  α = 2.27e-5
 143   -137.8442094650      -10.56       -2.42    14.4s
    ‖ρε - ρref‖ = 0.0008586104195720097 ‖Δρ‖ = 0.0008534770080106692  ‖vε - vref‖ = 0.6951216554995513  α = 7.77e-6
 144   -137.8442094651      -10.27       -2.73    14.0s
    ‖ρε - ρref‖ = 0.0002993383062293873 ‖Δρ‖ = 0.0003009889683517939  ‖vε - vref‖ = 0.6951784362521434  α = 3.13e-5
 145   -137.8442094651      -10.30       -2.94    13.8s
    ‖ρε - ρref‖ = 0.00020531814808643625 ‖Δρ‖ = 0.00020492583608053833  ‖vε - vref‖ = 0.6952485307661952  α = 4.67e-5
 146   -137.8442094652      -10.12       -2.40    14.5s
    ‖ρε - ρref‖ = 0.000600647994206744 ‖Δρ‖ = 0.0006002275061539089  ‖vε - vref‖ = 0.6953421789457558  α = 1.98e-5
 147   -137.8442094652      -10.52       -2.55    12.8s
    ‖ρε - ρref‖ = 0.0006715366708436218 ‖Δρ‖ = 0.0006718554967253765  ‖vε - vref‖ = 0.6953807769888342  α = 1.04e-5
 148   -137.8442094653      -10.19       -2.37    14.1s
    ‖ρε - ρref‖ = 0.0006430429098277958 ‖Δρ‖ = 0.0006432084574566537  ‖vε - vref‖ = 0.6954601416388126  α = 1.68e-5
 149   -137.8442094654       -9.98       -2.96    14.5s
    ‖ρε - ρref‖ = 0.00014179109525819014 ‖Δρ‖ = 0.00014153925942949984  ‖vε - vref‖ = 0.6956062687592343  α = 9.9e-5
 150   -137.8442094655      -10.22       -2.75    14.4s
    ‖ρε - ρref‖ = 0.0002370534113601444 ‖Δρ‖ = 0.0002369541891202497  ‖vε - vref‖ = 0.6956898670215111  α = 4.48e-5
 151   -137.8442094655      -10.43       -2.98    14.6s
    ‖ρε - ρref‖ = 0.00016493752575824362 ‖Δρ‖ = 0.0001641209599158608  ‖vε - vref‖ = 0.6957535121495526  α = 4.66e-5
 152   -137.8442094656      -10.25       -2.73    13.7s
    ‖ρε - ρref‖ = 0.00027966066349371894 ‖Δρ‖ = 0.00027986821946456925  ‖vε - vref‖ = 0.6958209456577117  α = 3.5e-5
 153   -137.8442094656      -10.39       -2.57    15.0s
    ‖ρε - ρref‖ = 0.0004754895125453798 ‖Δρ‖ = 0.0004736748489553575  ‖vε - vref‖ = 0.6958922008738164  α = 1.82e-5
 154   -137.8442094657      -10.02       -2.45    13.3s
    ‖ρε - ρref‖ = 0.0004881194868196877 ‖Δρ‖ = 0.000491188265692975  ‖vε - vref‖ = 0.695997648443911  α = 2.64e-5
 155   -137.8442094657      -10.43       -2.14    14.8s
    ‖ρε - ρref‖ = 0.0014176061161415435 ‖Δρ‖ = 0.0014126808593934457  ‖vε - vref‖ = 0.6960698456987906  α = 5.73e-6
 156   -137.8442094658      -10.40       -2.90    13.1s
    ‖ρε - ρref‖ = 0.00019445955283931552 ‖Δρ‖ = 0.00019597097849719566  ‖vε - vref‖ = 0.6961208465876095  α = 4.18e-5
 157   -137.8442094658      -10.35       -2.77    13.5s
    ‖ρε - ρref‖ = 0.00025736351546999393 ‖Δρ‖ = 0.00025716842481844404  ‖vε - vref‖ = 0.6961803597392824  α = 3.53e-5
 158   -137.8442094659      -10.47       -2.54    13.8s
    ‖ρε - ρref‖ = 0.0005148914791948343 ‖Δρ‖ = 0.0005144877731293744  ‖vε - vref‖ = 0.6962239036916463  α = 1.5e-5
 159   -137.8442094659      -10.56       -2.58    14.5s
    ‖ρε - ρref‖ = 0.0005452982706044615 ‖Δρ‖ = 0.0005454274890098037  ‖vε - vref‖ = 0.6962613772838487  α = 1.26e-5
 160   -137.8442094659      -10.16       -2.43    14.7s
    ‖ρε - ρref‖ = 0.0005759842754356211 ‖Δρ‖ = 0.0005758059992116594  ‖vε - vref‖ = 0.6963389379100433  α = 1.88e-5
 161   -137.8442094660      -10.32       -2.88    14.2s
    ‖ρε - ρref‖ = 0.00020803084502838337 ‖Δρ‖ = 0.0002078184104972876  ‖vε - vref‖ = 0.6963928451480378  α = 4.46e-5
 162   -137.8442094661      -10.16       -3.05    14.6s
    ‖ρε - ρref‖ = 0.00012258600877821055 ‖Δρ‖ = 0.00012238395935546147  ‖vε - vref‖ = 0.6964959086190307  α = 9.14e-5
 163   -137.8442094661      -10.41       -3.13    14.6s
    ‖ρε - ρref‖ = 0.00011130693460667959 ‖Δρ‖ = 0.00011076847422981351  ‖vε - vref‖ = 0.6965669273795739  α = 7.25e-5
 164   -137.8442094661      -10.47       -2.72    13.0s
    ‖ρε - ρref‖ = 0.0003085219615266618 ‖Δρ‖ = 0.0003092307881341345  ‖vε - vref‖ = 0.6966121641191066  α = 2.38e-5
 165   -137.8442094662      -10.71       -2.66    14.2s
    ‖ρε - ρref‖ = 0.00039748170726720865 ‖Δρ‖ = 0.00039514788081868724  ‖vε - vref‖ = 0.6966549595249459  α = 1.5e-5
 166   -137.8442094662      -10.61       -2.68    13.5s
    ‖ρε - ρref‖ = 0.0003629600128521716 ‖Δρ‖ = 0.00036673070128154174  ‖vε - vref‖ = 0.696677828718218  α = 1.76e-5
 167   -137.8442094662      -10.64       -2.44    13.8s
    ‖ρε - ρref‖ = 0.0006812050430751252 ‖Δρ‖ = 0.0006769001749965705  ‖vε - vref‖ = 0.6967312696941493  α = 9.31e-6
 168   -137.8442094663      -10.23       -2.80    14.1s
    ‖ρε - ρref‖ = 0.00022301772747786755 ‖Δρ‖ = 0.00022375390754755724  ‖vε - vref‖ = 0.6968181418523932  α = 4.54e-5
 169   -137.8442094663      -10.77       -2.95    13.1s
    ‖ρε - ρref‖ = 0.00019278423155215952 ‖Δρ‖ = 0.00019243995959920395  ‖vε - vref‖ = 0.6968439907425497  α = 2.88e-5
 170   -137.8442094663      -10.78       -2.76    15.0s
    ‖ρε - ρref‖ = 0.00034771533525860176 ‖Δρ‖ = 0.000347477004261411  ‖vε - vref‖ = 0.6968684229715034  α = 1.55e-5
 171   -137.8442094663      -10.81       -2.63    13.0s
    ‖ρε - ρref‖ = 0.000482347593443439 ‖Δρ‖ = 0.0004828234914093693  ‖vε - vref‖ = 0.6968889515639964  α = 1.09e-5
 172   -137.8442094663      -10.49       -2.70    14.6s
    ‖ρε - ρref‖ = 0.00034104297210455723 ‖Δρ‖ = 0.00034151390108654576  ‖vε - vref‖ = 0.6969263837405631  α = 2.17e-5
 173   -137.8442094664      -10.49       -2.97    14.1s
    ‖ρε - ρref‖ = 0.00017447079455654092 ‖Δρ‖ = 0.00017394849317934095  ‖vε - vref‖ = 0.6969696074136428  α = 4.29e-5
 174   -137.8442094664      -10.32       -3.06    14.6s
    ‖ρε - ρref‖ = 0.00012653141580736755 ‖Δρ‖ = 0.0001263870826379436  ‖vε - vref‖ = 0.6970387701413976  α = 7.44e-5
 175   -137.8442094665      -10.18       -3.11    13.6s
    ‖ρε - ρref‖ = 0.00010455973687995822 ‖Δρ‖ = 0.00010357787856657504  ‖vε - vref‖ = 0.6971494516186552  α = 0.000104
 176   -137.8442094665      -10.53       -2.84    13.2s
    ‖ρε - ρref‖ = 0.00023605039098550357 ‖Δρ‖ = 0.00023751118527985164  ‖vε - vref‖ = 0.6971920315940932  α = 2.98e-5
 177   -137.8442094665      -10.63       -2.56    13.3s
    ‖ρε - ρref‖ = 0.0004571424000972182 ‖Δρ‖ = 0.0004547949344279718  ‖vε - vref‖ = 0.6972413078966115  α = 1.43e-5
 178   -137.8442094666      -10.65       -2.67    14.4s
    ‖ρε - ρref‖ = 0.00043520400937525146 ‖Δρ‖ = 0.00043987217248722124  ‖vε - vref‖ = 0.6972584588167374  α = 1.36e-5
 179   -137.8442094666      -10.54       -2.45    12.4s
    ‖ρε - ρref‖ = 0.0005816332864352278 ‖Δρ‖ = 0.0005783700792155685  ‖vε - vref‖ = 0.6973244111946789  α = 1.23e-5
 180   -137.8442094666      -10.51       -2.69    14.8s
    ‖ρε - ρref‖ = 0.0003186038884758695 ‖Δρ‖ = 0.0003189530147542423  ‖vε - vref‖ = 0.6973562152875525  α = 2.2e-5
 181   -137.8442094666      -10.71       -3.17    14.3s
    ‖ρε - ρref‖ = 0.00011367915383053839 ‖Δρ‖ = 0.00011311375264789064  ‖vε - vref‖ = 0.6973876107883076  α = 5.28e-5
 182   -137.8442094667      -11.03       -2.74    14.1s
    ‖ρε - ρref‖ = 0.00040745055300945654 ‖Δρ‖ = 0.00040710656891934904  ‖vε - vref‖ = 0.6974037322152332  α = 9.68e-6
 183   -137.8442094667      -10.91       -2.76    14.4s
    ‖ρε - ρref‖ = 0.00032732576754463527 ‖Δρ‖ = 0.0003277073082363726  ‖vε - vref‖ = 0.697426226892824  α = 1.42e-5
 184   -137.8442094667      -10.56       -2.68    14.5s
    ‖ρε - ρref‖ = 0.00029355578997479937 ‖Δρ‖ = 0.00029385294050352336  ‖vε - vref‖ = 0.6974756919707304  α = 2.46e-5
 185   -137.8442094667      -10.64       -3.09    14.3s
    ‖ρε - ρref‖ = 0.00013019109561243967 ‖Δρ‖ = 0.00012932912571648756  ‖vε - vref‖ = 0.6975171080836702  α = 4.74e-5
 186   -137.8442094668      -10.48       -2.92    13.9s
    ‖ρε - ρref‖ = 0.0001612867482368932 ‖Δρ‖ = 0.0001613349890872067  ‖vε - vref‖ = 0.6975564874930531  α = 4.73e-5
 187   -137.8442094668      -10.49       -3.19    14.3s
    ‖ρε - ρref‖ = 9.155989956473227e-5 ‖Δρ‖ = 9.091712626274914e-5  ‖vε - vref‖ = 0.6976021713670669  α = 8.5e-5
 188   -137.8442094668      -10.47       -3.04    14.4s
    ‖ρε - ρref‖ = 0.0001280134360792515 ‖Δρ‖ = 0.00012933173297875782  ‖vε - vref‖ = 0.6976541910247723  α = 6.0e-5
 189   -137.8442094668      -10.85       -2.52    14.1s
    ‖ρε - ρref‖ = 0.0005365131033442794 ‖Δρ‖ = 0.0005331272786630229  ‖vε - vref‖ = 0.6976886898513404  α = 9.56e-6
 190   -137.8442094668      -10.96       -2.73    13.8s
    ‖ρε - ρref‖ = 0.0003446905468619138 ‖Δρ‖ = 0.00034908782913699256  ‖vε - vref‖ = 0.6976933752649173  α = 1.21e-5
 191   -137.8442094669      -10.83       -2.64    14.4s
    ‖ρε - ρref‖ = 0.0003851678713471761 ‖Δρ‖ = 0.0003827206460165872  ‖vε - vref‖ = 0.6977275678377078  α = 1.33e-5
 192   -137.8442094669      -10.95       -3.07    14.4s
    ‖ρε - ρref‖ = 0.00015976254058992645 ‖Δρ‖ = 0.00016020476970390055  ‖vε - vref‖ = 0.6977462199708032  α = 2.62e-5
 193   -137.8442094669      -10.48       -3.10    13.6s
    ‖ρε - ρref‖ = 0.00010604895379857275 ‖Δρ‖ = 0.00010546195600233143  ‖vε - vref‖ = 0.6978154842934793  α = 7.38e-5
 194   -137.8442094669      -11.03       -2.60    13.8s
    ‖ρε - ρref‖ = 0.0005444024288976982 ‖Δρ‖ = 0.0005439282909592626  ‖vε - vref‖ = 0.6978330411171906  α = 7.09e-6
 195   -137.8442094669      -10.91       -2.81    15.0s
    ‖ρε - ρref‖ = 0.0002840130368466198 ‖Δρ‖ = 0.0002841511790340758  ‖vε - vref‖ = 0.6978572508249251  α = 1.67e-5
 196   -137.8442094669      -10.84       -2.72    12.9s
    ‖ρε - ρref‖ = 0.00029767340980336017 ‖Δρ‖ = 0.0002976019374343364  ‖vε - vref‖ = 0.6978841966578716  α = 1.75e-5
 197   -137.8442094670      -10.66       -3.12    13.5s
    ‖ρε - ρref‖ = 0.00010921027203889616 ‖Δρ‖ = 0.00010858484274539487  ‖vε - vref‖ = 0.6979263154785847  α = 5.73e-5
 198   -137.8442094670      -10.65       -3.19    14.8s
    ‖ρε - ρref‖ = 9.66457726256047e-5 ‖Δρ‖ = 9.712122503450056e-5  ‖vε - vref‖ = 0.6979702735846856  α = 6.44e-5
 199   -137.8442094670      -10.64       -2.98    14.6s
    ‖ρε - ρref‖ = 0.00016671178693582146 ‖Δρ‖ = 0.00016624720768572385  ‖vε - vref‖ = 0.698008986700195  α = 3.75e-5
 200   -137.8442094670      -10.68       -3.19    14.7s
    ‖ρε - ρref‖ = 9.403126348101482e-5 ‖Δρ‖ = 9.486219934995892e-5  ‖vε - vref‖ = 0.6980403834543412  α = 6.48e-5
 201   -137.8442094670      -11.27       -2.83    14.8s
    ‖ρε - ρref‖ = 0.00029885076451000454 ‖Δρ‖ = 0.000294354994730163  ‖vε - vref‖ = 0.6980582001020595  α = 1.03e-5
 202   -137.8442094670      -11.04       -2.82    14.9s
    ‖ρε - ρref‖ = 0.0002417789850248834 ‖Δρ‖ = 0.00024512026542335174  ‖vε - vref‖ = 0.6980669896408495  α = 1.64e-5
 203   -137.8442094671      -11.05       -2.70    13.4s
    ‖ρε - ρref‖ = 0.00034627655152302047 ‖Δρ‖ = 0.0003440794510747402  ‖vε - vref‖ = 0.6980894943603689  α = 1.18e-5
 204   -137.8442094671      -10.65       -3.15    14.3s
    ‖ρε - ρref‖ = 9.933143067499286e-5 ‖Δρ‖ = 9.964805267724457e-5  ‖vε - vref‖ = 0.6981390125212431  α = 6.25e-5
 205   -137.8442094671      -10.85       -2.87    14.2s
    ‖ρε - ρref‖ = 0.00022532971527129634 ‖Δρ‖ = 0.00022494587188272929  ‖vε - vref‖ = 0.6981725581050167  α = 2.18e-5
 206   -137.8442094671      -11.22       -2.90    13.2s
    ‖ρε - ρref‖ = 0.0003086622596116444 ‖Δρ‖ = 0.0003080357079946402  ‖vε - vref‖ = 0.6981878031441845  α = 9.87e-6
 207   -137.8442094671      -10.69       -2.83    14.7s
    ‖ρε - ρref‖ = 0.00022761141803216814 ‖Δρ‖ = 0.00022733832110145461  ‖vε - vref‖ = 0.6982313259409121  α = 2.63e-5
 208   -137.8442094671      -10.97       -2.77    13.5s
    ‖ρε - ρref‖ = 0.0003197226681527432 ‖Δρ‖ = 0.0003194356617824017  ‖vε - vref‖ = 0.6982542088375272  α = 1.37e-5
 209   -137.8442094671      -10.66       -3.05    14.7s
    ‖ρε - ρref‖ = 0.00012948256446881332 ‖Δρ‖ = 0.0001291655978938913  ‖vε - vref‖ = 0.6982970916842406  α = 4.83e-5
 210   -137.8442094672      -10.70       -3.12    13.6s
    ‖ρε - ρref‖ = 0.00010809600190020356 ‖Δρ‖ = 0.00010836070753009219  ‖vε - vref‖ = 0.6983388080488869  α = 5.62e-5
 211   -137.8442094672      -10.89       -3.42    14.4s
    ‖ρε - ρref‖ = 6.546098410349389e-5 ‖Δρ‖ = 6.473971079621959e-5  ‖vε - vref‖ = 0.6983709189449215  α = 7.09e-5
 212   -137.8442094672      -10.71       -3.02    13.3s
    ‖ρε - ρref‖ = 0.00013287497374632614 ‖Δρ‖ = 0.00013429920780438386  ‖vε - vref‖ = 0.6984050012529913  α = 4.3e-5
 213   -137.8442094672      -11.43       -2.97    14.4s
    ‖ρε - ρref‖ = 0.00024749426413642666 ‖Δρ‖ = 0.0002422331983934855  ‖vε - vref‖ = 0.6984212794580483  α = 1.04e-5
 214   -137.8442094672      -11.01       -2.87    14.5s
    ‖ρε - ρref‖ = 0.00020269923024819026 ‖Δρ‖ = 0.00020493017580148275  ‖vε - vref‖ = 0.6984380388101984  α = 2.05e-5
 215   -137.8442094672      -11.18       -2.72    13.9s
    ‖ρε - ρref‖ = 0.00032705966945986416 ‖Δρ‖ = 0.00032510395776822967  ‖vε - vref‖ = 0.6984576242893724  α = 1.07e-5
 216   -137.8442094672      -10.86       -3.22    13.2s
    ‖ρε - ρref‖ = 8.715876376658804e-5 ‖Δρ‖ = 8.735508712681499e-5  ‖vε - vref‖ = 0.698495557365408  α = 5.62e-5
 217   -137.8442094672      -11.08       -3.06    13.5s
    ‖ρε - ρref‖ = 0.0001518568805546539 ‖Δρ‖ = 0.00015132749979524144  ‖vε - vref‖ = 0.6985194501104064  α = 2.53e-5
 218   -137.8442094672      -11.33       -2.78    13.9s
    ‖ρε - ρref‖ = 0.0003620346791437511 ‖Δρ‖ = 0.0003612576270094477  ‖vε - vref‖ = 0.6985326280733711  α = 7.61e-6
 219   -137.8442094673      -11.17       -3.07    14.5s
    ‖ρε - ρref‖ = 0.0001637973125338334 ‖Δρ‖ = 0.00016360265446381278  ‖vε - vref‖ = 0.6985458668736233  α = 1.98e-5
 220   -137.8442094673      -11.08       -3.16    14.1s
    ‖ρε - ρref‖ = 0.00012526429480561813 ‖Δρ‖ = 0.00012515240869582014  ‖vε - vref‖ = 0.6985656208967079  α = 3.06e-5
 221   -137.8442094673      -10.73       -2.88    14.7s
    ‖ρε - ρref‖ = 0.00018784471614388833 ‖Δρ‖ = 0.00018797663587002855  ‖vε - vref‖ = 0.698608164554875  α = 3.03e-5
 222   -137.8442094673      -10.71       -3.29    14.6s
    ‖ρε - ρref‖ = 6.635639218386215e-5 ‖Δρ‖ = 6.678816988483845e-5  ‖vε - vref‖ = 0.6986590986076096  α = 8.91e-5
 223   -137.8442094673      -10.87       -3.11    14.4s
    ‖ρε - ρref‖ = 0.00010737759251042313 ‖Δρ‖ = 0.0001065086095028301  ‖vε - vref‖ = 0.6986995149219983  α = 4.72e-5
 224   -137.8442094673      -10.87       -3.39    13.6s
    ‖ρε - ρref‖ = 6.699917831161484e-5 ‖Δρ‖ = 6.836939393966565e-5  ‖vε - vref‖ = 0.6987367325551738  α = 6.77e-5
 225   -137.8442094673      -11.18       -2.77    13.7s
    ‖ρε - ρref‖ = 0.0003516580388002994 ‖Δρ‖ = 0.00034603055245920473  ‖vε - vref‖ = 0.6987655026615713  α = 9.7e-6
 226   -137.8442094673      -10.98       -2.74    15.1s
    ‖ρε - ρref‖ = 0.00028623797779686957 ‖Δρ‖ = 0.0002880261451192405  ‖vε - vref‖ = 0.6987918266985842  α = 1.52e-5
 227   -137.8442094673      -11.39       -2.85    13.5s
    ‖ρε - ρref‖ = 0.00024832193535405 ‖Δρ‖ = 0.0002469742858349229  ‖vε - vref‖ = 0.6988073750395195  α = 1.09e-5
 228   -137.8442094674      -11.06       -3.21    13.9s
    ‖ρε - ρref‖ = 9.6066382935458e-5 ‖Δρ‖ = 9.67184732859676e-5  ‖vε - vref‖ = 0.6988338077929293  α = 4.04e-5
 229   -137.8442094674      -11.03       -3.24    13.7s
    ‖ρε - ρref‖ = 9.574517026010086e-5 ‖Δρ‖ = 9.607264817093336e-5  ‖vε - vref‖ = 0.6988620362493639  α = 4.29e-5
 230   -137.8442094674      -11.08       -2.56    13.2s
    ‖ρε - ρref‖ = 0.00047788559321969455 ‖Δρ‖ = 0.0004778425214594391  ‖vε - vref‖ = 0.6988854439958859  α = 7.78e-6
 231   -137.8442094674      -11.00       -3.10    12.6s
    ‖ρε - ρref‖ = 0.00014362933200007583 ‖Δρ‖ = 0.0001437570266825404  ‖vε - vref‖ = 0.6989089875444612  α = 2.72e-5
 232   -137.8442094674      -10.93       -2.89    14.5s
    ‖ρε - ρref‖ = 0.00019775982354307652 ‖Δρ‖ = 0.00019734073008665902  ‖vε - vref‖ = 0.6989412956671796  α = 2.39e-5
 233   -137.8442094674      -11.07       -2.95    15.0s
    ‖ρε - ρref‖ = 0.00020148446513178268 ‖Δρ‖ = 0.00020094066605132142  ‖vε - vref‖ = 0.6989662466242507  α = 1.85e-5
 234   -137.8442094674      -10.65       -3.25    13.2s
    ‖ρε - ρref‖ = 7.415566007773651e-5 ‖Δρ‖ = 7.415949238261297e-5  ‖vε - vref‖ = 0.6990427049470116  α = 8.52e-5
 235   -137.8442094674      -10.92       -3.21    14.3s
    ‖ρε - ρref‖ = 9.519436981316243e-5 ‖Δρ‖ = 9.42700214458176e-5  ‖vε - vref‖ = 0.6990798657045294  α = 4.76e-5
 236   -137.8442094674      -11.10       -3.44    14.8s
    ‖ρε - ρref‖ = 5.208626908573032e-5 ‖Δρ‖ = 5.370948382709325e-5  ‖vε - vref‖ = 0.699105480809251  α = 7.09e-5
 237   -137.8442094674      -11.57       -2.87    14.3s
    ‖ρε - ρref‖ = 0.0002972922627442703 ‖Δρ‖ = 0.0002915498321882241  ‖vε - vref‖ = 0.699122600362793  α = 7.33e-6
 238   -137.8442094675      -11.16       -3.05    14.1s
    ‖ρε - ρref‖ = 0.0001342784437964962 ‖Δρ‖ = 0.0001354929215952418  ‖vε - vref‖ = 0.6991441108408168  α = 2.6e-5
 239   -137.8442094675      -11.44       -2.89    13.6s
    ‖ρε - ρref‖ = 0.00021318775869908404 ‖Δρ‖ = 0.00021233782180373438  ‖vε - vref‖ = 0.6991584147477548  α = 1.24e-5
 240   -137.8442094675      -11.08       -3.26    14.5s
    ‖ρε - ρref‖ = 8.641938494545638e-5 ‖Δρ‖ = 8.66709869195153e-5  ‖vε - vref‖ = 0.699185951411271  α = 4.32e-5
 241   -137.8442094675      -11.06       -3.05    14.3s
    ‖ρε - ρref‖ = 0.00013854058475695581 ‖Δρ‖ = 0.000138256934029349  ‖vε - vref‖ = 0.6992155360755906  α = 2.82e-5
 242   -137.8442094675      -11.17       -2.59    14.1s
    ‖ρε - ρref‖ = 0.000464288313023418 ‖Δρ‖ = 0.00046361699815247704  ‖vε - vref‖ = 0.6992379689494952  α = 7.38e-6
 243   -137.8442094675      -11.02       -3.24    13.8s
    ‖ρε - ρref‖ = 8.970598222986459e-5 ‖Δρ‖ = 9.001411049935658e-5  ‖vε - vref‖ = 0.6992707555118294  α = 4.55e-5
 244   -137.8442094675      -11.17       -2.90    14.9s
    ‖ρε - ρref‖ = 0.00022093536713730746 ‖Δρ‖ = 0.00022099364195570496  ‖vε - vref‖ = 0.699292572503807  α = 1.58e-5
 245   -137.8442094675      -11.22       -3.17    13.7s
    ‖ρε - ρref‖ = 0.00011340389048617258 ‖Δρ‖ = 0.00011284066220525204  ‖vε - vref‖ = 0.6993145529878825  α = 2.74e-5
 246   -137.8442094675      -11.11       -3.12    13.8s
    ‖ρε - ρref‖ = 0.00011228291060196718 ‖Δρ‖ = 0.00011196606525356461  ‖vε - vref‖ = 0.6993397008076134  α = 3.29e-5
 247   -137.8442094675      -10.99       -3.47    15.1s
    ‖ρε - ρref‖ = 5.066183765795757e-5 ‖Δρ‖ = 5.024432165227402e-5  ‖vε - vref‖ = 0.6993780228739896  α = 8.64e-5
 248   -137.8442094675      -10.77       -3.24    14.5s
    ‖ρε - ρref‖ = 8.076728780320237e-5 ‖Δρ‖ = 8.168419862231629e-5  ‖vε - vref‖ = 0.6994387877675204  α = 6.86e-5
 249   -137.8442094675      -11.78       -2.97    14.2s
    ‖ρε - ρref‖ = 0.00028333951636030664 ‖Δρ‖ = 0.0002772742861105257  ‖vε - vref‖ = 0.6994530167357096  α = 6.48e-6
 250   -137.8442094676      -11.15       -3.13    14.6s
    ‖ρε - ρref‖ = 0.00010284017322055834 ‖Δρ‖ = 0.0001039164477251278  ‖vε - vref‖ = 0.6994780018622667  α = 3.47e-5
 251   -137.8442094676      -11.51       -3.02    14.1s
    ‖ρε - ρref‖ = 0.00016928863797637813 ‖Δρ‖ = 0.0001687009769521035  ‖vε - vref‖ = 0.6994915048957279  α = 1.42e-5
 252   -137.8442094676      -10.96       -3.19    14.5s
    ‖ρε - ρref‖ = 9.415892795956825e-5 ‖Δρ‖ = 9.387583462545628e-5  ‖vε - vref‖ = 0.699537044248267  α = 4.71e-5
 253   -137.8442094676      -11.18       -3.08    13.7s
    ‖ρε - ρref‖ = 0.0001662417432045035 ‖Δρ‖ = 0.00016590211641636152  ‖vε - vref‖ = 0.6995661096992851  α = 2.0e-5
 254   -137.8442094676      -10.88       -2.64    13.9s
    ‖ρε - ρref‖ = 0.0003634012341618674 ‖Δρ‖ = 0.0003623873979320162  ‖vε - vref‖ = 0.6996245198289792  α = 1.34e-5
 255   -137.8442094676      -11.04       -3.04    12.5s
    ‖ρε - ρref‖ = 0.00015028961527318552 ‖Δρ‖ = 0.00015082125310571598  ‖vε - vref‖ = 0.6996579354595379  α = 2.59e-5
 256   -137.8442094676      -11.28       -3.11    13.3s
    ‖ρε - ρref‖ = 0.00013832511101492925 ‖Δρ‖ = 0.00013840626484624887  ‖vε - vref‖ = 0.6996783893837965  α = 2.27e-5
 257   -137.8442094676      -10.94       -2.99    14.3s
    ‖ρε - ρref‖ = 0.00014579082220333861 ‖Δρ‖ = 0.0001456428513790182  ‖vε - vref‖ = 0.6997200920535114  α = 3.1e-5
 258   -137.8442094676      -11.31       -3.29    14.3s
    ‖ρε - ρref‖ = 0.0001019360104690825 ‖Δρ‖ = 0.00010212445823704083  ‖vε - vref‖ = 0.6997372656040965  α = 2.57e-5
 259   -137.8442094676      -11.00       -3.29    13.9s
    ‖ρε - ρref‖ = 7.263852608071947e-5 ‖Δρ‖ = 7.246549541441817e-5  ‖vε - vref‖ = 0.6997762973076327  α = 5.89e-5
 260   -137.8442094676      -10.95       -3.31    12.9s
    ‖ρε - ρref‖ = 6.950869984184317e-5 ‖Δρ‖ = 7.0431330748309e-5  ‖vε - vref‖ = 0.6998189625981318  α = 6.39e-5
 261   -137.8442094676      -11.53       -3.06    14.4s
    ‖ρε - ρref‖ = 0.00022376270902755863 ‖Δρ‖ = 0.00021763908117076558  ‖vε - vref‖ = 0.6998404631135242  α = 1.02e-5
 262   -137.8442094677      -10.83       -2.94    14.6s
    ‖ρε - ρref‖ = 0.00015774905762800168 ‖Δρ‖ = 0.00015873021745152388  ‖vε - vref‖ = 0.6999014245917624  α = 3.19e-5
 263   -137.8442094677      -11.63       -3.10    14.5s
    ‖ρε - ρref‖ = 0.00014222208913498353 ‖Δρ‖ = 0.00014192238126273856  ‖vε - vref‖ = 0.6999135176303102  α = 1.54e-5
 264   -137.8442094677      -11.16       -3.19    14.3s
    ‖ρε - ρref‖ = 0.00010790528318874262 ‖Δρ‖ = 0.00010808119898838902  ‖vε - vref‖ = 0.6999444183225825  α = 3.15e-5
 265   -137.8442094677      -11.63       -3.16    13.8s
    ‖ρε - ρref‖ = 0.00014169304997947986 ‖Δρ‖ = 0.00014163349278278076  ‖vε - vref‖ = 0.6999565573279616  α = 1.44e-5
 266   -137.8442094677      -11.20       -2.85    14.0s
    ‖ρε - ρref‖ = 0.00020801133439731076 ‖Δρ‖ = 0.00020722100777695863  ‖vε - vref‖ = 0.6999857328878244  α = 1.64e-5
 267   -137.8442094677      -11.15       -3.38    13.7s
    ‖ρε - ρref‖ = 6.410230218390143e-5 ‖Δρ‖ = 6.431474263843876e-5  ‖vε - vref‖ = 0.7000154131139418  α = 5.39e-5
 268   -137.8442094677      -11.36       -2.98    14.5s
    ‖ρε - ρref‖ = 0.0001686894217235897 ‖Δρ‖ = 0.00016846174747338718  ‖vε - vref‖ = 0.700035781377276  α = 1.71e-5
 269   -137.8442094677      -11.40       -3.24    13.3s
    ‖ρε - ρref‖ = 0.00011440513541710343 ‖Δρ‖ = 0.00011367873745998582  ‖vε - vref‖ = 0.7000555893864526  α = 2.22e-5
 270   -137.8442094677      -10.94       -3.42    14.1s
    ‖ρε - ρref‖ = 5.4855655971305814e-5 ‖Δρ‖ = 5.46625072889596e-5  ‖vε - vref‖ = 0.7001103005061594  α = 7.9e-5
 271   -137.8442094677      -11.16       -3.08    13.1s
    ‖ρε - ρref‖ = 0.00014449011068420097 ‖Δρ‖ = 0.00014411220447091037  ‖vε - vref‖ = 0.70014374140516  α = 2.34e-5
 272   -137.8442094677      -11.13       -3.35    15.1s
    ‖ρε - ρref‖ = 6.467273975792886e-5 ‖Δρ‖ = 6.547576212739074e-5  ‖vε - vref‖ = 0.7001716336259132  α = 5.45e-5
 273   -137.8442094677      -11.74       -3.09    13.1s
    ‖ρε - ρref‖ = 0.00019581792046413217 ‖Δρ‖ = 0.0001898302307288265  ‖vε - vref‖ = 0.7001859942585236  α = 9.13e-6
 274   -137.8442094677      -11.13       -3.10    14.6s
    ‖ρε - ρref‖ = 0.00011988842000108583 ‖Δρ‖ = 0.00012137148290747738  ‖vε - vref‖ = 0.7002139946292906  α = 3.02e-5
 275   -137.8442094677      -11.06       -3.29    13.9s
    ‖ρε - ρref‖ = 8.310575889863755e-5 ‖Δρ‖ = 8.287653890607501e-5  ‖vε - vref‖ = 0.7002538556850864  α = 4.79e-5
 276   -137.8442094677      -11.14       -2.71    13.8s
    ‖ρε - ρref‖ = 0.00031275240377118496 ‖Δρ‖ = 0.0003127798498081416  ‖vε - vref‖ = 0.7002874815760289  α = 1.17e-5
 277   -137.8442094677      -11.77       -3.27    13.6s
    ‖ρε - ρref‖ = 0.00012020105381178902 ‖Δρ‖ = 0.0001203938245871878  ‖vε - vref‖ = 0.7002979423878266  α = 1.48e-5
 278   -137.8442094677      -11.19       -2.94    13.7s
    ‖ρε - ρref‖ = 0.00016843858377876397 ‖Δρ‖ = 0.00016819565750746262  ‖vε - vref‖ = 0.7003321661595713  α = 2.01e-5
 279   -137.8442094678      -11.24       -3.40    14.5s
    ‖ρε - ρref‖ = 6.110013402557817e-5 ‖Δρ‖ = 6.022534780678407e-5  ‖vε - vref‖ = 0.7003638681270932  α = 5.36e-5
 280   -137.8442094678      -11.57       -3.17    14.6s
    ‖ρε - ρref‖ = 0.00011699118261058191 ‖Δρ‖ = 0.00011622267888628588  ‖vε - vref‖ = 0.7003787392375763  α = 1.97e-5
 281   -137.8442094678      -11.18       -3.17    14.3s
    ‖ρε - ρref‖ = 9.636594765308758e-5 ‖Δρ‖ = 9.56750139511695e-5  ‖vε - vref‖ = 0.7004122581870786  α = 3.44e-5
 282   -137.8442094678      -11.16       -3.31    13.7s
    ‖ρε - ρref‖ = 8.407354075381489e-5 ‖Δρ‖ = 8.463156930344332e-5  ‖vε - vref‖ = 0.7004471944881676  α = 4.0e-5
 283   -137.8442094678      -11.09       -3.21    14.4s
    ‖ρε - ρref‖ = 9.959895693019453e-5 ‖Δρ‖ = 9.899747789749733e-5  ‖vε - vref‖ = 0.7004909696631549  α = 3.79e-5
 284   -137.8442094678      -11.28       -3.27    14.0s
    ‖ρε - ρref‖ = 9.117608684261988e-5 ‖Δρ‖ = 9.253764217108233e-5  ‖vε - vref‖ = 0.7005133519254051  α = 3.1e-5
 285   -137.8442094678      -11.63       -3.12    13.7s
    ‖ρε - ρref‖ = 0.0001800937387209985 ‖Δρ‖ = 0.0001745361983004842  ‖vε - vref‖ = 0.7005317029779877  α = 1.1e-5
 286   -137.8442094678      -11.20       -3.03    14.6s
    ‖ρε - ρref‖ = 0.00014908151480573362 ‖Δρ‖ = 0.00015157337711799268  ‖vε - vref‖ = 0.7005588664336505  α = 2.12e-5
 287   -137.8442094678      -11.25       -3.33    14.3s
    ‖ρε - ρref‖ = 7.390464576881562e-5 ‖Δρ‖ = 7.312541515777109e-5  ‖vε - vref‖ = 0.7005894571380257  α = 4.52e-5
 288   -137.8442094678      -11.65       -3.04    14.7s
    ‖ρε - ρref‖ = 0.0001801562222012649 ‖Δρ‖ = 0.00017973017183989823  ‖vε - vref‖ = 0.7006010967112957  α = 1.14e-5
 289   -137.8442094678      -11.32       -3.30    14.9s
    ‖ρε - ρref‖ = 9.308735434003523e-5 ‖Δρ‖ = 9.315400598134255e-5  ‖vε - vref‖ = 0.7006270059501984  α = 3.02e-5
 290   -137.8442094678      -11.20       -2.67    14.5s
    ‖ρε - ρref‖ = 0.0003442082348837775 ‖Δρ‖ = 0.0003439657255040122  ‖vε - vref‖ = 0.7006601136604164  α = 9.6e-6
 291   -137.8442094678      -11.12       -3.59    14.1s
    ‖ρε - ρref‖ = 4.158099436962968e-5 ‖Δρ‖ = 4.032959618813278e-5  ‖vε - vref‖ = 0.700695616073748  α = 8.68e-5
 292   -137.8442094678      -11.11       -3.29    14.1s
    ‖ρε - ρref‖ = 8.480580407910095e-5 ‖Δρ‖ = 8.4300871160624e-5  ‖vε - vref‖ = 0.700736706135085  α = 4.44e-5
 293   -137.8442094678      -10.96       -2.78    14.1s
    ‖ρε - ρref‖ = 0.00023122534430887218 ‖Δρ‖ = 0.00023126669668541736  ‖vε - vref‖ = 0.7007977377518761  α = 1.93e-5
 294   -137.8442094678      -11.40       -3.34    12.8s
    ‖ρε - ρref‖ = 7.483311673643392e-5 ‖Δρ‖ = 7.564860088481942e-5  ‖vε - vref‖ = 0.7008197128774976  α = 3.51e-5
 295   -137.8442094678      -11.30       -3.36    13.5s
    ‖ρε - ρref‖ = 7.056189787422265e-5 ‖Δρ‖ = 6.962034148594608e-5  ‖vε - vref‖ = 0.7008506639661669  α = 4.12e-5
 296   -137.8442094678      -11.34       -3.23    14.0s
    ‖ρε - ρref‖ = 8.53476217734732e-5 ‖Δρ‖ = 8.742768863704253e-5  ‖vε - vref‖ = 0.7008707022710748  α = 3.12e-5
 297   -137.8442094679      -11.82       -2.96    14.9s
    ‖ρε - ρref‖ = 0.0002441691720072596 ‖Δρ‖ = 0.0002385142390195272  ‖vε - vref‖ = 0.7008844928948877  α = 6.57e-6
 298   -137.8442094679      -11.47       -3.32    13.9s
    ‖ρε - ρref‖ = 7.850149399877177e-5 ‖Δρ‖ = 7.960325491112059e-5  ‖vε - vref‖ = 0.7009019158667401  α = 3.04e-5
 299   -137.8442094679      -11.40       -3.38    14.6s
    ‖ρε - ρref‖ = 6.17174004586996e-5 ‖Δρ‖ = 6.0841625931808245e-5  ‖vε - vref‖ = 0.70092659353071  α = 4.41e-5
 300   -137.8442094679      -11.63       -3.10    14.4s
    ‖ρε - ρref‖ = 0.0001496734694068411 ‖Δρ‖ = 0.00014905447488374992  ‖vε - vref‖ = 0.7009400430824434  α = 1.37e-5
Trying again with Newton's method ...
n     Energy            log10(ΔE)   log10(Δρ)   Δtime 
---   ---------------   ---------   ---------   ------
  1   -137.8442094680                   -6.90    1208s
    ‖ρε - ρref‖ = 7.002472572059612e-6 ‖Δρ‖ = 1.2855379515520302e-8  ‖vε - vref‖ = 0.701358745552129
  2   -137.8442094681      -10.12       -7.04    1221s
    ‖ρε - ρref‖ = 7.002635935393967e-6 ‖Δρ‖ = 9.436625220831952e-9  ‖vε - vref‖ = 0.7016380443346936
    Stopping to avoid numerical instabilities.

#-- ‖ρε - ρref‖ = 7.002635935393967e-6 vs. 1.0e-8 = δ*ε ‖vε - vref‖ = 0.7016380443346936


# --- ε=5.62341325190349e-7

n     Energy            log10(ΔE)   log10(Δρ)   Δtime 
---   ---------------   ---------   ---------   ------
  1   -137.8441927458                    0.58    19.3s
    ‖ρε - ρref‖ = 1.3080355382125193 ‖Δρ‖ = 1.308033089556431  ‖vε - vref‖ = 3.7404466211767837  α = 3.0e-6
  2   -137.8441932870       -6.27       -0.37    13.3s
    ‖ρε - ρref‖ = 0.09635342986944233 ‖Δρ‖ = 0.09635258554685182  ‖vε - vref‖ = 3.513245419689741  α = 7.32e-6
  3   -137.8441934363       -6.83       -0.31    13.6s
    ‖ρε - ρref‖ = 0.113681660055343 ‖Δρ‖ = 0.11368121444921796  ‖vε - vref‖ = 3.462752362661744  α = 3.38e-6
  4   -137.8441937528       -6.50       -0.82    13.0s
    ‖ρε - ρref‖ = 0.028472216911484632 ‖Δρ‖ = 0.028471147489890523  ‖vε - vref‖ = 3.2354890909001646  α = 1.94e-5
  5   -137.8441938333       -7.09       -0.88    13.1s
    ‖ρε - ρref‖ = 0.02879377433341005 ‖Δρ‖ = 0.028793287108040213  ‖vε - vref‖ = 3.1596497183273087  α = 9.03e-6
  6   -137.8441938554       -7.66       -0.99    14.0s
    ‖ρε - ρref‖ = 0.019288975829988758 ‖Δρ‖ = 0.019288916602042884  ‖vε - vref‖ = 3.159845267945046  α = 7.75e-6
  7   -137.8441938785       -7.64       -1.08    13.8s
    ‖ρε - ρref‖ = 0.013537014418720782 ‖Δρ‖ = 0.01353696304652907  ‖vε - vref‖ = 3.1684221775849215  α = 1.12e-5
  8   -137.8441938852       -8.17       -1.42    13.4s
    ‖ρε - ρref‖ = 0.007864981922740542 ‖Δρ‖ = 0.007864768175818267  ‖vε - vref‖ = 3.1617837874512547  α = 1.04e-5
  9   -137.8441938940       -8.05       -1.43    13.6s
    ‖ρε - ρref‖ = 0.007518071824471951 ‖Δρ‖ = 0.007517749821467149  ‖vε - vref‖ = 3.1484396142210826  α = 1.25e-5
 10   -137.8441939157       -7.66       -1.68    13.3s
    ‖ρε - ρref‖ = 0.0031638247548338915 ‖Δρ‖ = 0.003163565508689982  ‖vε - vref‖ = 3.1345092416846483  α = 4.75e-5
 11   -137.8441939308       -7.82       -1.87    14.4s
    ‖ρε - ρref‖ = 0.0019151217205462382 ‖Δρ‖ = 0.0019150574752310892  ‖vε - vref‖ = 3.1385738176059377  α = 6.53e-5
 12   -137.8441959436       -5.70        0.24    14.5s
    ‖ρε - ρref‖ = 0.5249406863006862 ‖Δρ‖ = 0.5249441022621767  ‖vε - vref‖ = 0.8764616364946037  α = 1.81e-6
 13   -137.8441959549       -7.95       -1.61    14.0s
    ‖ρε - ρref‖ = 0.0030971988816248406 ‖Δρ‖ = 0.003096783978657208  ‖vε - vref‖ = 0.8481639067470588  α = 3.52e-5
 14   -137.8441959606       -8.25       -1.88    14.7s
    ‖ρε - ρref‖ = 0.0019037384437445026 ‖Δρ‖ = 0.0019035236943687054  ‖vε - vref‖ = 0.8352741495744854  α = 4.05e-5
 15   -137.8441959623       -8.76       -1.62    14.9s
    ‖ρε - ρref‖ = 0.005242473984245855 ‖Δρ‖ = 0.005242282571273883  ‖vε - vref‖ = 0.831497178071821  α = 7.76e-6
 16   -137.8441959668       -8.35       -1.32    15.1s
    ‖ρε - ρref‖ = 0.007382832571649856 ‖Δρ‖ = 0.007382802741257216  ‖vε - vref‖ = 0.8238727203364473  α = 9.08e-6
 17   -137.8441959727       -8.23       -1.87    13.5s
    ‖ρε - ρref‖ = 0.0018968819358023486 ‖Δρ‖ = 0.001896788207368957  ‖vε - vref‖ = 0.8110993470559588  α = 4.14e-5
 18   -137.8441959745       -8.74       -1.53    14.1s
    ‖ρε - ρref‖ = 0.00543725865729301 ‖Δρ‖ = 0.005437013059283581  ‖vε - vref‖ = 0.8069556511808705  α = 7.83e-6
 19   -137.8441959771       -8.58       -1.66    14.0s
    ‖ρε - ρref‖ = 0.0034670345141108645 ‖Δρ‖ = 0.003466794827737318  ‖vε - vref‖ = 0.8034832865335934  α = 1.46e-5
 20   -137.8441959801       -8.52       -1.58    13.0s
    ‖ρε - ρref‖ = 0.0039719747738962774 ‖Δρ‖ = 0.003971931906706227  ‖vε - vref‖ = 0.7955626106764986  α = 1.35e-5
 21   -137.8441959818       -8.77       -1.68    15.1s
    ‖ρε - ρref‖ = 0.0036927930197159873 ‖Δρ‖ = 0.0036927762694752447  ‖vε - vref‖ = 0.791893954065546  α = 1.11e-5
 22   -137.8441959855       -8.43       -1.65    14.0s
    ‖ρε - ρref‖ = 0.0032067092540085293 ‖Δρ‖ = 0.003206578532502564  ‖vε - vref‖ = 0.7846580876016156  α = 1.93e-5
 23   -137.8441960057       -7.69       -0.67    13.8s
    ‖ρε - ρref‖ = 0.06669904340686883 ‖Δρ‖ = 0.066702633865367  ‖vε - vref‖ = 0.7236398105192094  α = 2.0e-6
 24   -137.8441960081       -8.63       -1.86    14.9s
    ‖ρε - ρref‖ = 0.0020852704369839297 ‖Δρ‖ = 0.0020850649681612215  ‖vε - vref‖ = 0.7179694470323162  α = 2.28e-5
 25   -137.8441960097       -8.79       -2.25    13.7s
    ‖ρε - ρref‖ = 0.0009515992446400128 ‖Δρ‖ = 0.0009511732192418977  ‖vε - vref‖ = 0.7143480171033985  α = 4.16e-5
 26   -137.8441960126       -8.53       -1.85    14.3s
    ‖ρε - ρref‖ = 0.0019989341631704584 ‖Δρ‖ = 0.001999044741741509  ‖vε - vref‖ = 0.7068843683314691  α = 2.73e-5
 27   -137.8441960132       -9.23       -1.92    14.5s
    ‖ρε - ρref‖ = 0.00253056095992973 ‖Δρ‖ = 0.002530627443820292  ‖vε - vref‖ = 0.7055734011494255  α = 9.28e-6
 28   -137.8441960144       -8.92       -1.53    13.0s
    ‖ρε - ρref‖ = 0.004690478727556023 ‖Δρ‖ = 0.004690219318859801  ‖vε - vref‖ = 0.7025179659022945  α = 7.46e-6
 29   -137.8441960163       -8.72       -2.12    15.0s
    ‖ρε - ρref‖ = 0.0010614694488415293 ‖Δρ‖ = 0.0010612715283833663  ‖vε - vref‖ = 0.6981311132730839  α = 4.17e-5
 30   -137.8441960177       -8.88       -1.97    14.6s
    ‖ρε - ρref‖ = 0.001444011026195538 ‖Δρ‖ = 0.0014440113804530567  ‖vε - vref‖ = 0.6944266064852684  α = 2.57e-5
 31   -137.8441960184       -9.12       -1.54    13.2s
    ‖ρε - ρref‖ = 0.0046362204994010135 ‖Δρ‖ = 0.004636097225919457  ‖vε - vref‖ = 0.6922840385107476  α = 6.02e-6
 32   -137.8441960191       -9.18       -2.18    14.5s
    ‖ρε - ρref‖ = 0.0010481500993201917 ‖Δρ‖ = 0.0010479218716549024  ‖vε - vref‖ = 0.6907998028908733  α = 2.43e-5
 33   -137.8441960199       -9.11       -1.81    13.8s
    ‖ρε - ρref‖ = 0.0024708163749709382 ‖Δρ‖ = 0.0024707279624379343  ‖vε - vref‖ = 0.6889308167119413  α = 1.13e-5
 34   -137.8441960204       -9.26       -1.99    13.8s
    ‖ρε - ρref‖ = 0.001969616210323667 ‖Δρ‖ = 0.00197099937391825  ‖vε - vref‖ = 0.6876294507251263  α = 1.12e-5
 35   -137.8441960208       -9.38       -1.90    14.9s
    ‖ρε - ρref‖ = 0.0027036127167776518 ‖Δρ‖ = 0.002700580513276665  ‖vε - vref‖ = 0.6866023696253992  α = 7.45e-6
 36   -137.8441960218       -9.00       -1.74    15.0s
    ‖ρε - ρref‖ = 0.0031324968763706976 ‖Δρ‖ = 0.0031336555379579893  ‖vε - vref‖ = 0.6837762024478716  α = 9.62e-6
 37   -137.8441960227       -9.05       -2.10    13.5s
    ‖ρε - ρref‖ = 0.0012140756484986237 ‖Δρ‖ = 0.0012138051649451562  ‖vε - vref‖ = 0.6815393218335186  α = 2.47e-5
 38   -137.8441960236       -9.03       -2.45    14.6s
    ‖ρε - ρref‖ = 0.0005072541132172325 ‖Δρ‖ = 0.0005074350046429516  ‖vε - vref‖ = 0.6792100371264203  α = 6.04e-5
 39   -137.8441960241       -9.32       -2.09    13.7s
    ‖ρε - ρref‖ = 0.0014555127770001135 ‖Δρ‖ = 0.0014553781542527644  ‖vε - vref‖ = 0.678120948524138  α = 1.48e-5
 40   -137.8441960246       -9.33       -1.56    14.6s
    ‖ρε - ρref‖ = 0.004825668409830277 ‖Δρ‖ = 0.0048252507118604375  ‖vε - vref‖ = 0.6767766316711191  α = 4.48e-6
 41   -137.8441960255       -9.05       -2.34    14.1s
    ‖ρε - ρref‖ = 0.0006469531576353579 ‖Δρ‖ = 0.0006469914389097331  ‖vε - vref‖ = 0.6745561752590971  α = 4.67e-5
 42   -137.8441960259       -9.36       -2.30    14.3s
    ‖ρε - ρref‖ = 0.0009094352839605971 ‖Δρ‖ = 0.0009092794324801731  ‖vε - vref‖ = 0.6734794631415606  α = 2.17e-5
 43   -137.8441960264       -9.35       -2.09    14.5s
    ‖ρε - ρref‖ = 0.0012833199047170645 ‖Δρ‖ = 0.001283399463178103  ‖vε - vref‖ = 0.6722619502369656  α = 1.69e-5
 44   -137.8441960268       -9.41       -1.76    15.0s
    ‖ρε - ρref‖ = 0.002720293157100207 ‖Δρ‖ = 0.002720427516442309  ‖vε - vref‖ = 0.6711905480162732  α = 7.42e-6
 45   -137.8441960270       -9.64       -2.37    14.5s
    ‖ρε - ρref‖ = 0.0006820795734208662 ‖Δρ‖ = 0.0006816187947583462  ‖vε - vref‖ = 0.6706059049757322  α = 2.25e-5
 46   -137.8441960272       -9.66       -2.14    15.1s
    ‖ρε - ρref‖ = 0.0012788036628272113 ‖Δρ‖ = 0.0012791523871238614  ‖vε - vref‖ = 0.6700587270814445  α = 1.18e-5
 47   -137.8441960276       -9.42       -2.11    14.3s
    ‖ρε - ρref‖ = 0.0013368802792680153 ‖Δρ‖ = 0.0013346169398809919  ‖vε - vref‖ = 0.669252260036984  α = 1.45e-5
 48   -137.8441960278       -9.68       -1.71    14.5s
    ‖ρε - ρref‖ = 0.003836927116883355 ‖Δρ‖ = 0.003839612166302693  ‖vε - vref‖ = 0.6686792821444233  α = 3.6e-6
 49   -137.8441960280       -9.62       -2.43    15.0s
    ‖ρε - ρref‖ = 0.0006937765091714309 ‖Δρ‖ = 0.0006937549646877934  ‖vε - vref‖ = 0.6681909037739101  α = 2.05e-5
 50   -137.8441960286       -9.24       -2.24    15.0s
    ‖ρε - ρref‖ = 0.0008599522768279581 ‖Δρ‖ = 0.0008598388496641846  ‖vε - vref‖ = 0.6666633765947404  α = 2.78e-5
 51   -137.8441960289       -9.63       -2.28    15.0s
    ‖ρε - ρref‖ = 0.0009015319866235192 ‖Δρ‖ = 0.0009015628343972539  ‖vε - vref‖ = 0.6661620797854461  α = 1.68e-5
 52   -137.8441960290       -9.74       -1.69    14.2s
    ‖ρε - ρref‖ = 0.003430653226903116 ‖Δρ‖ = 0.003430468658635676  ‖vε - vref‖ = 0.6656774866428119  α = 3.92e-6
 53   -137.8441960293       -9.55       -2.49    13.3s
    ‖ρε - ρref‖ = 0.00042310689871021673 ‖Δρ‖ = 0.00042303593694939144  ‖vε - vref‖ = 0.6650175299671027  α = 4.1e-5
 54   -137.8441960298       -9.34       -2.49    14.5s
    ‖ρε - ρref‖ = 0.0004499159184032219 ‖Δρ‖ = 0.0004497940054088519  ‖vε - vref‖ = 0.6640939016202696  α = 4.66e-5
 55   -137.8441960299       -9.88       -2.24    12.7s
    ‖ρε - ρref‖ = 0.001033068277375616 ‖Δρ‖ = 0.0010330572472172683  ‖vε - vref‖ = 0.6637122652242791  α = 1.1e-5
 56   -137.8441960301       -9.76       -2.15    13.8s
    ‖ρε - ρref‖ = 0.0012365589189462468 ‖Δρ‖ = 0.0012365659064576316  ‖vε - vref‖ = 0.663352054347765  α = 1.04e-5
 57   -137.8441960303       -9.67       -2.44    14.5s
    ‖ρε - ρref‖ = 0.0006386281971878007 ‖Δρ‖ = 0.0006381410201536602  ‖vε - vref‖ = 0.6628015517996279  α = 2.26e-5
 58   -137.8441960305       -9.75       -2.26    15.1s
    ‖ρε - ρref‖ = 0.0009663776494526691 ‖Δρ‖ = 0.0009672544201316107  ‖vε - vref‖ = 0.6623979186453834  α = 1.4e-5
 59   -137.8441960307       -9.71       -2.03    13.9s
    ‖ρε - ρref‖ = 0.0016301207453089934 ‖Δρ‖ = 0.0016281666515438188  ‖vε - vref‖ = 0.6620828685479108  α = 8.65e-6
 60   -137.8441960308       -9.94       -1.96    13.9s
    ‖ρε - ρref‖ = 0.0023199819839919756 ‖Δρ‖ = 0.0023226734652503998  ‖vε - vref‖ = 0.6617735624522926  α = 4.46e-6
 61   -137.8441960311       -9.45       -2.27    14.0s
    ‖ρε - ρref‖ = 0.000744649758504233 ‖Δρ‖ = 0.0007441430374633919  ‖vε - vref‖ = 0.6610083362574963  α = 2.57e-5
 62   -137.8441960313       -9.74       -2.40    13.3s
    ‖ρε - ρref‖ = 0.0007150054308818848 ‖Δρ‖ = 0.0007145640293567667  ‖vε - vref‖ = 0.6606867561379245  α = 1.75e-5
 63   -137.8441960315       -9.79       -2.32    13.9s
    ‖ρε - ρref‖ = 0.0008278603869014697 ‖Δρ‖ = 0.000828130638418788  ‖vε - vref‖ = 0.6603032014127956  α = 1.43e-5
 64   -137.8441960315      -10.21       -1.96    14.6s
    ‖ρε - ρref‖ = 0.0023726521720085834 ‖Δρ‖ = 0.002372692063837913  ‖vε - vref‖ = 0.6601670587288555  α = 3.28e-6
 65   -137.8441960317       -9.75       -2.62    14.6s
    ‖ρε - ρref‖ = 0.0003576417007082976 ‖Δρ‖ = 0.0003577818338242701  ‖vε - vref‖ = 0.6598282854384694  α = 3.75e-5
 66   -137.8441960319       -9.64       -2.58    14.5s
    ‖ρε - ρref‖ = 0.00034416865161741845 ‖Δρ‖ = 0.0003437386127280716  ‖vε - vref‖ = 0.6594065518362207  α = 4.51e-5
 67   -137.8441960321       -9.81       -2.53    13.9s
    ‖ρε - ρref‖ = 0.00045348800295510875 ‖Δρ‖ = 0.00045343374525841417  ‖vε - vref‖ = 0.6591041076596255  α = 2.82e-5
 68   -137.8441960322      -10.01       -2.10    14.5s
    ‖ρε - ρref‖ = 0.0013968523603000384 ‖Δρ‖ = 0.0013969012491408747  ‖vε - vref‖ = 0.6589125136041077  α = 7.22e-6
 69   -137.8441960324       -9.77       -2.34    14.6s
    ‖ρε - ρref‖ = 0.0006432335639524363 ‖Δρ‖ = 0.000643108690889829  ‖vε - vref‖ = 0.65861522223267  α = 2.06e-5
 70   -137.8441960324      -10.36       -2.62    13.8s
    ‖ρε - ρref‖ = 0.0005019867232452892 ‖Δρ‖ = 0.000503420871493627  ‖vε - vref‖ = 0.6585248794680093  α = 1.28e-5
 71   -137.8441960325      -10.12       -2.38    14.3s
    ‖ρε - ρref‖ = 0.0008325223632120748 ‖Δρ‖ = 0.0008302179644711745  ‖vε - vref‖ = 0.6584384012007309  α = 1.05e-5
 72   -137.8441960326       -9.99       -2.09    14.5s
    ‖ρε - ρref‖ = 0.001502044915776894 ‖Δρ‖ = 0.0015041166541881147  ‖vε - vref‖ = 0.6582607711632706  α = 6.61e-6
 73   -137.8441960327       -9.86       -2.29    13.2s
    ‖ρε - ρref‖ = 0.000883729307116744 ‖Δρ‖ = 0.0008830962334795195  ‖vε - vref‖ = 0.6580054718349645  α = 1.32e-5
 74   -137.8441960329       -9.75       -2.62    15.1s
    ‖ρε - ρref‖ = 0.00035407406064081595 ‖Δρ‖ = 0.00035388229617415353  ‖vε - vref‖ = 0.6577712172630561  α = 3.6e-5
 75   -137.8441960330      -10.17       -2.38    15.0s
    ‖ρε - ρref‖ = 0.0009366239314809492 ‖Δρ‖ = 0.0009368548297350802  ‖vε - vref‖ = 0.6575997399433046  α = 7.95e-6
 76   -137.8441960330      -10.25       -2.14    15.2s
    ‖ρε - ρref‖ = 0.0015612054072188732 ‖Δρ‖ = 0.0015611709615164985  ‖vε - vref‖ = 0.6575095630983061  α = 4.67e-6
 77   -137.8441960331       -9.96       -2.53    14.7s
    ‖ρε - ρref‖ = 0.0004386874641529514 ‖Δρ‖ = 0.00043828816754736157  ‖vε - vref‖ = 0.6573563167250298  α = 2.41e-5
 78   -137.8441960333       -9.84       -2.58    15.1s
    ‖ρε - ρref‖ = 0.00037917703315810454 ‖Δρ‖ = 0.0003794951404278009  ‖vε - vref‖ = 0.6571756538794367  α = 3.23e-5
 79   -137.8441960334       -9.93       -2.72    14.6s
    ‖ρε - ρref‖ = 0.0002729604849282606 ‖Δρ‖ = 0.000272574876928956  ‖vε - vref‖ = 0.6570119687932979  α = 4.08e-5
 80   -137.8441960334      -10.57       -2.37    14.5s
    ‖ρε - ρref‖ = 0.0008015104749376671 ‖Δρ‖ = 0.0008014660508287656  ‖vε - vref‖ = 0.6569756984940569  α = 6.68e-6
 81   -137.8441960335       -9.96       -2.63    14.1s
    ‖ρε - ρref‖ = 0.0003263630430727264 ‖Δρ‖ = 0.0003262290277772362  ‖vε - vref‖ = 0.6568591287618378  α = 3.29e-5
 82   -137.8441960336       -9.92       -2.56    14.6s
    ‖ρε - ρref‖ = 0.0004540312846985265 ‖Δρ‖ = 0.0004558354114182295  ‖vε - vref‖ = 0.6567381727234625  α = 2.39e-5
 83   -137.8441960337      -10.01       -1.95    14.8s
    ‖ρε - ρref‖ = 0.0020164425542263187 ‖Δρ‖ = 0.0020140263996759225  ‖vε - vref‖ = 0.6566639621606297  α = 4.93e-6
 84   -137.8441960338      -10.33       -2.18    13.7s
    ‖ρε - ρref‖ = 0.0013492147894172246 ‖Δρ‖ = 0.0013508557631044145  ‖vε - vref‖ = 0.6565958575321814  α = 5.16e-6
 85   -137.8441960339      -10.03       -2.59    14.5s
    ‖ρε - ρref‖ = 0.0003958867725564114 ‖Δρ‖ = 0.0003954542419471209  ‖vε - vref‖ = 0.6565359052672634  α = 2.4e-5
 86   -137.8441960340      -10.08       -2.60    15.1s
    ‖ρε - ρref‖ = 0.00044565561482030197 ‖Δρ‖ = 0.000445590825933706  ‖vε - vref‖ = 0.6564455817837408  α = 1.9e-5
 87   -137.8441960340      -10.45       -2.53    13.3s
    ‖ρε - ρref‖ = 0.0006629462939522386 ‖Δρ‖ = 0.0006629915924545527  ‖vε - vref‖ = 0.6564220849897842  α = 8.5e-6
 88   -137.8441960341      -10.09       -2.18    14.1s
    ‖ρε - ρref‖ = 0.0010745486920355131 ‖Δρ‖ = 0.0010742390143972016  ‖vε - vref‖ = 0.6563588578525598  α = 8.48e-6
 89   -137.8441960341      -10.14       -2.54    14.6s
    ‖ρε - ρref‖ = 0.0004970772648898968 ‖Δρ‖ = 0.0004965412814834943  ‖vε - vref‖ = 0.6563097076591173  α = 1.63e-5
 90   -137.8441960343       -9.99       -2.67    13.3s
    ‖ρε - ρref‖ = 0.0003247117702147763 ‖Δρ‖ = 0.00032516610722715174  ‖vε - vref‖ = 0.6562402607601655  α = 3.06e-5
 91   -137.8441960344       -9.81       -2.62    13.1s
    ‖ρε - ρref‖ = 0.00035501065649532626 ‖Δρ‖ = 0.0003550111588360149  ‖vε - vref‖ = 0.656128066326818  α = 3.52e-5
 92   -137.8441960344      -10.41       -2.57    14.4s
    ‖ρε - ρref‖ = 0.0004895441430403963 ‖Δρ‖ = 0.0004895687136146776  ‖vε - vref‖ = 0.656103154882472  α = 1.3e-5
 93   -137.8441960345      -10.03       -2.34    13.8s
    ‖ρε - ρref‖ = 0.0006899612573343308 ‖Δρ‖ = 0.0006896971193634916  ‖vε - vref‖ = 0.6560717590924068  α = 1.42e-5
 94   -137.8441960346      -10.28       -2.77    14.5s
    ‖ρε - ρref‖ = 0.00028422357959310545 ‖Δρ‖ = 0.0002860956711150496  ‖vε - vref‖ = 0.6560581402614414  α = 2.55e-5
 95   -137.8441960346      -10.35       -2.16    15.1s
    ‖ρε - ρref‖ = 0.001429754302497943 ‖Δρ‖ = 0.0014270530179548322  ‖vε - vref‖ = 0.6560736325570015  α = 4.64e-6
 96   -137.8441960347      -10.31       -2.39    13.6s
    ‖ρε - ρref‖ = 0.0006846717887597208 ‖Δρ‖ = 0.0006856049290314489  ‖vε - vref‖ = 0.6560627810003395  α = 1.04e-5
 97   -137.8441960348      -10.15       -2.36    14.4s
    ‖ρε - ρref‖ = 0.0006890483174943263 ‖Δρ‖ = 0.0006885987622731764  ‖vε - vref‖ = 0.6560653173295715  α = 1.25e-5
 98   -137.8441960349       -9.96       -2.75    14.6s
    ‖ρε - ρref‖ = 0.0002565709282233271 ‖Δρ‖ = 0.0002565323030376183  ‖vε - vref‖ = 0.6560638684219997  α = 4.06e-5
 99   -137.8441960349      -10.62       -2.39    13.8s
    ‖ρε - ρref‖ = 0.0010647582522735853 ‖Δρ‖ = 0.0010648923816434506  ‖vε - vref‖ = 0.6560510819093274  α = 4.32e-6
 100   -137.8441960349      -10.29       -2.46    14.9s
    ‖ρε - ρref‖ = 0.0006384638788884964 ‖Δρ‖ = 0.0006383356877249824  ‖vε - vref‖ = 0.6560635003604397  α = 1.1e-5
 101   -137.8441960350       -9.99       -2.61    15.1s
    ‖ρε - ρref‖ = 0.0003559885267538142 ‖Δρ‖ = 0.000355847844074736  ‖vε - vref‖ = 0.6560775562060079  α = 2.77e-5
 102   -137.8441960351      -10.26       -2.63    14.3s
    ‖ρε - ρref‖ = 0.0004299204285082591 ‖Δρ‖ = 0.0004304772407166314  ‖vε - vref‖ = 0.6560722424897384  α = 1.62e-5
 103   -137.8441960352      -10.21       -2.80    14.6s
    ‖ρε - ρref‖ = 0.0002812484222070599 ‖Δρ‖ = 0.0002810734240585711  ‖vε - vref‖ = 0.6560961832542126  α = 2.76e-5
 104   -137.8441960352      -10.14       -2.69    14.5s
    ‖ρε - ρref‖ = 0.00029916200505863115 ‖Δρ‖ = 0.00029921634990040486  ‖vε - vref‖ = 0.6561189347256903  α = 2.94e-5
 105   -137.8441960353      -10.13       -2.15    13.9s
    ‖ρε - ρref‖ = 0.0011489562564875261 ‖Δρ‖ = 0.0011486673481852512  ‖vε - vref‖ = 0.6561375116780567  α = 7.6e-6
 106   -137.8441960354      -10.03       -2.65    15.1s
    ‖ρε - ρref‖ = 0.00033754110383548596 ‖Δρ‖ = 0.00033858394649000225  ‖vε - vref‖ = 0.6561595006338338  α = 2.9e-5
 107   -137.8441960354      -10.59       -2.12    14.4s
    ‖ρε - ρref‖ = 0.0016404378904488356 ‖Δρ‖ = 0.0016372184631894685  ‖vε - vref‖ = 0.6561817564830934  α = 3.07e-6
 108   -137.8441960355      -10.38       -2.71    14.0s
    ‖ρε - ρref‖ = 0.0003296651207198459 ‖Δρ‖ = 0.00033064652421942734  ‖vε - vref‖ = 0.6562040670951995  α = 1.99e-5
 109   -137.8441960355      -10.29       -2.37    14.7s
    ‖ρε - ρref‖ = 0.0007056594230427875 ‖Δρ‖ = 0.0007057609716198025  ‖vε - vref‖ = 0.6562498794673541  α = 1.04e-5
 110   -137.8441960356      -10.03       -2.70    14.6s
    ‖ρε - ρref‖ = 0.0003118006056278182 ‖Δρ‖ = 0.0003116942052678033  ‖vε - vref‖ = 0.6563140211420435  α = 3.11e-5
 111   -137.8441960356      -10.85       -2.50    14.4s
    ‖ρε - ρref‖ = 0.0008450908632623289 ‖Δρ‖ = 0.0008451611915078633  ‖vε - vref‖ = 0.6563302561035093  α = 4.24e-6
 112   -137.8441960357      -10.16       -2.58    13.8s
    ‖ρε - ρref‖ = 0.0003864459355614734 ‖Δρ‖ = 0.0003861378416639693  ‖vε - vref‖ = 0.6563859929031046  α = 2.21e-5
 113   -137.8441960358      -10.08       -2.60    14.5s
    ‖ρε - ρref‖ = 0.0003829283174142918 ‖Δρ‖ = 0.0003826215859724093  ‖vε - vref‖ = 0.6565034364788633  α = 2.24e-5
 114   -137.8441960358      -10.15       -2.54    14.7s
    ‖ρε - ρref‖ = 0.0004776598332790381 ‖Δρ‖ = 0.0004777182757136564  ‖vε - vref‖ = 0.6565398392093036  α = 1.66e-5
 115   -137.8441960359      -10.25       -2.90    15.1s
    ‖ρε - ρref‖ = 0.00022460689180578904 ‖Δρ‖ = 0.00022420730054601072  ‖vε - vref‖ = 0.6566320196486891  α = 3.19e-5
 116   -137.8441960360      -10.04       -2.54    15.0s
    ‖ρε - ρref‖ = 0.00041164845326709245 ‖Δρ‖ = 0.00041208943568870737  ‖vε - vref‖ = 0.6566922370371826  α = 2.3e-5
 117   -137.8441960360      -10.47       -2.23    12.8s
    ‖ρε - ρref‖ = 0.0010274098137858562 ‖Δρ‖ = 0.0010272913586608073  ‖vε - vref‖ = 0.6567261467672555  α = 5.68e-6
 118   -137.8441960361      -10.21       -2.74    14.1s
    ‖ρε - ρref‖ = 0.0002786128680741727 ‖Δρ‖ = 0.0002798849478668919  ‖vε - vref‖ = 0.6567812213929599  α = 2.84e-5
 119   -137.8441960361      -10.64       -2.22    14.9s
    ‖ρε - ρref‖ = 0.0013016028708503838 ‖Δρ‖ = 0.001298441074921671  ‖vε - vref‖ = 0.6568214262188511  α = 3.6e-6
 120   -137.8441960362      -10.31       -2.59    14.7s
    ‖ρε - ρref‖ = 0.00040750904974241447 ‖Δρ‖ = 0.00040835493024100916  ‖vε - vref‖ = 0.6568753309205758  α = 1.72e-5
 121   -137.8441960362      -10.77       -2.63    13.3s
    ‖ρε - ρref‖ = 0.00043473875012649873 ‖Δρ‖ = 0.0004345573553909159  ‖vε - vref‖ = 0.656902713378116  α = 9.7e-6
 122   -137.8441960363      -10.01       -2.74    13.3s
    ‖ρε - ρref‖ = 0.00022811387538873722 ‖Δρ‖ = 0.0002277881651232477  ‖vε - vref‖ = 0.657077715427979  α = 4.44e-5
 123   -137.8441960363      -10.79       -2.43    15.0s
    ‖ρε - ρref‖ = 0.0009044362052869183 ‖Δρ‖ = 0.000904430000857629  ‖vε - vref‖ = 0.6571091977456197  α = 4.29e-6
 124   -137.8441960363      -10.30       -2.47    14.6s
    ‖ρε - ρref‖ = 0.0005034110904649253 ‖Δρ‖ = 0.0005030653673098687  ‖vε - vref‖ = 0.6571906604074707  α = 1.45e-5
 125   -137.8441960364      -10.14       -2.89    14.6s
    ‖ρε - ρref‖ = 0.00019321835178372546 ‖Δρ‖ = 0.0001932666407132618  ‖vε - vref‖ = 0.6573231971261588  α = 4.27e-5
 126   -137.8441960365      -10.40       -2.71    14.6s
    ‖ρε - ρref‖ = 0.0003903933267674914 ‖Δρ‖ = 0.00039068731385480084  ‖vε - vref‖ = 0.6573843237133062  α = 1.49e-5
 127   -137.8441960365      -10.15       -2.72    14.5s
    ‖ρε - ρref‖ = 0.0002714093492500132 ‖Δρ‖ = 0.0002713212827541027  ‖vε - vref‖ = 0.6575055718871267  α = 3.13e-5
 128   -137.8441960366      -10.41       -2.72    14.4s
    ‖ρε - ρref‖ = 0.0003239575775166914 ‖Δρ‖ = 0.00032454784355775247  ‖vε - vref‖ = 0.6575762366379376  α = 1.92e-5
 129   -137.8441960366      -10.45       -2.35    14.7s
    ‖ρε - ρref‖ = 0.0006981723490455473 ‖Δρ‖ = 0.0006979338448689199  ‖vε - vref‖ = 0.6576489066867772  α = 8.78e-6
 130   -137.8441960367      -10.26       -2.53    13.9s
    ‖ρε - ρref‖ = 0.0004537420722099379 ‖Δρ‖ = 0.0004548017542794845  ‖vε - vref‖ = 0.6577348601030816  α = 1.62e-5
 131   -137.8441960367      -10.69       -2.32    14.6s
    ‖ρε - ρref‖ = 0.0010669950666575907 ‖Δρ‖ = 0.0010636256052387338  ‖vε - vref‖ = 0.6578081396502947  α = 4.12e-6
 132   -137.8441960367      -10.13       -2.55    13.6s
    ‖ρε - ρref‖ = 0.00040457614294274734 ‖Δρ‖ = 0.0004050642243379971  ‖vε - vref‖ = 0.6579370130016042  α = 2.08e-5
 133   -137.8441960368      -10.40       -2.57    13.9s
    ‖ρε - ρref‖ = 0.00043121918302424414 ‖Δρ‖ = 0.00043094039840717774  ‖vε - vref‖ = 0.6580254553628099  α = 1.5e-5
 134   -137.8441960368      -10.54       -2.39    15.0s
    ‖ρε - ρref‖ = 0.0006705621628041273 ‖Δρ‖ = 0.0006704495939974627  ‖vε - vref‖ = 0.6580909845870733  α = 8.15e-6
 135   -137.8441960368      -10.81       -2.85    14.9s
    ‖ρε - ρref‖ = 0.00030312953666689817 ‖Δρ‖ = 0.00030329525545582395  ‖vε - vref‖ = 0.6581345298508624  α = 1.26e-5
 136   -137.8441960369      -10.20       -2.34    15.0s
    ‖ρε - ρref‖ = 0.0006503906231573118 ‖Δρ‖ = 0.0006503893967729726  ‖vε - vref‖ = 0.6582822349490766  α = 1.21e-5
 137   -137.8441960370      -10.00       -2.79    13.9s
    ‖ρε - ρref‖ = 0.0002035617756724677 ‖Δρ‖ = 0.00020366825795840936  ‖vε - vref‖ = 0.6585211363528484  α = 5.03e-5
 138   -137.8441960371      -10.24       -2.66    14.6s
    ‖ρε - ρref‖ = 0.00032621810727319995 ‖Δρ‖ = 0.0003262211930311211  ‖vε - vref‖ = 0.6586557932315691  α = 2.32e-5
 139   -137.8441960371      -10.47       -2.75    14.9s
    ‖ρε - ρref‖ = 0.0003399091791956588 ‖Δρ‖ = 0.00033948881414261133  ‖vε - vref‖ = 0.6587364385005094  α = 1.52e-5
 140   -137.8441960372      -10.10       -2.80    13.6s
    ‖ρε - ρref‖ = 0.00022750496752974622 ‖Δρ‖ = 0.00022761098499313024  ‖vε - vref‖ = 0.658935178118742  α = 3.97e-5
 141   -137.8441960372      -10.60       -2.27    15.1s
    ‖ρε - ρref‖ = 0.0009516006473451287 ‖Δρ‖ = 0.0009509086492499605  ‖vε - vref‖ = 0.6590028406302557  α = 5.35e-6
 142   -137.8441960372      -10.65       -2.70    15.1s
    ‖ρε - ρref‖ = 0.00033488944662797516 ‖Δρ‖ = 0.0003366413077162508  ‖vε - vref‖ = 0.6590468434036333  α = 1.41e-5
 143   -137.8441960372      -10.85       -2.39    15.0s
    ‖ρε - ρref‖ = 0.0008485219325633188 ‖Δρ‖ = 0.0008456284917700612  ‖vε - vref‖ = 0.6591081149355801  α = 4.31e-6
 144   -137.8441960373      -10.43       -2.78    15.1s
    ‖ρε - ρref‖ = 0.0002770724707049303 ‖Δρ‖ = 0.0002778359082233446  ‖vε - vref‖ = 0.6591935013859376  α = 2.14e-5
 145   -137.8441960373      -10.44       -2.76    15.1s
    ‖ρε - ρref‖ = 0.0002801702686097369 ‖Δρ‖ = 0.0002798453082057788  ‖vε - vref‖ = 0.6592954763397302  α = 2.2e-5
 146   -137.8441960373      -10.45       -2.40    14.8s
    ‖ρε - ρref‖ = 0.0006294130527318857 ‖Δρ‖ = 0.0006292271131171262  ‖vε - vref‖ = 0.6593934698435555  α = 9.6e-6
 147   -137.8441960374      -10.63       -2.57    15.0s
    ‖ρε - ρref‖ = 0.0005631826322200854 ‖Δρ‖ = 0.0005634974141290915  ‖vε - vref‖ = 0.659468592917559  α = 8.4e-6
 148   -137.8441960374      -10.49       -2.25    14.5s
    ‖ρε - ρref‖ = 0.0009321786981500238 ‖Δρ‖ = 0.0009323757909605841  ‖vε - vref‖ = 0.659551591092046  α = 6.11e-6
 149   -137.8441960375      -10.07       -2.88    14.5s
    ‖ρε - ρref‖ = 0.00015489486372226635 ‖Δρ‖ = 0.00015484770487131906  ‖vε - vref‖ = 0.6598048695868206  α = 6.09e-5
 150   -137.8441960375      -10.50       -2.96    15.2s
    ‖ρε - ρref‖ = 0.00017171482357249466 ‖Δρ‖ = 0.000171383069369905  ‖vε - vref‖ = 0.6599042620184539  α = 3.26e-5
 151   -137.8441960375      -10.47       -2.93    14.0s
    ‖ρε - ρref‖ = 0.0001876635499483345 ‖Δρ‖ = 0.00018715031791592394  ‖vε - vref‖ = 0.660018674303379  α = 2.89e-5
 152   -137.8441960376      -10.34       -2.64    13.4s
    ‖ρε - ρref‖ = 0.0003488074163700369 ‖Δρ‖ = 0.00034905343121461566  ‖vε - vref‖ = 0.6601492680658324  α = 1.93e-5
 153   -137.8441960376      -10.46       -2.48    13.2s
    ‖ρε - ρref‖ = 0.0005594296884505956 ‖Δρ‖ = 0.0005585531320051962  ‖vε - vref‖ = 0.6602757930317493  α = 1.07e-5
 154   -137.8441960377      -10.30       -2.35    13.1s
    ‖ρε - ρref‖ = 0.0007026094298327513 ‖Δρ‖ = 0.0007043133956953276  ‖vε - vref‖ = 0.6604187830102731  α = 1.01e-5
 155   -137.8441960377      -10.83       -2.32    14.3s
    ‖ρε - ρref‖ = 0.0011369096682847706 ‖Δρ‖ = 0.0011340804973263045  ‖vε - vref‖ = 0.660485428870875  α = 3.35e-6
 156   -137.8441960377      -10.26       -2.85    13.9s
    ‖ρε - ρref‖ = 0.00018546485282321215 ‖Δρ‖ = 0.00018606924688696435  ‖vε - vref‖ = 0.6606620272491729  α = 3.89e-5
 157   -137.8441960378      -10.53       -2.65    15.1s
    ‖ρε - ρref‖ = 0.00037666556684776603 ‖Δρ‖ = 0.0003763188767685094  ‖vε - vref‖ = 0.6607515453311953  α = 1.47e-5
 158   -137.8441960378      -10.64       -2.58    14.4s
    ‖ρε - ρref‖ = 0.0005219519609735493 ‖Δρ‖ = 0.0005216605103132449  ‖vε - vref‖ = 0.6608231025948281  α = 9.21e-6
 159   -137.8441960378      -10.72       -2.55    15.2s
    ‖ρε - ρref‖ = 0.000601721524705966 ‖Δρ‖ = 0.0006018764070206177  ‖vε - vref‖ = 0.6608889499156403  α = 7.07e-6
 160   -137.8441960379      -10.40       -2.40    15.1s
    ‖ρε - ρref‖ = 0.0006682330031197739 ‖Δρ‖ = 0.0006683058662426266  ‖vε - vref‖ = 0.6610064216277607  α = 9.25e-6
 161   -137.8441960379      -10.27       -2.74    14.0s
    ‖ρε - ρref‖ = 0.0002685633687131619 ‖Δρ‖ = 0.00026844404257097334  ‖vε - vref‖ = 0.6611691625452909  α = 2.75e-5
 162   -137.8441960380      -10.31       -2.95    14.1s
    ‖ρε - ρref‖ = 0.00016764350725155395 ‖Δρ‖ = 0.0001677388860200051  ‖vε - vref‖ = 0.6613416000213381  α = 4.21e-5
 163   -137.8441960380      -10.46       -3.04    13.2s
    ‖ρε - ρref‖ = 0.00014262720445988602 ‖Δρ‖ = 0.00014248246424534994  ‖vε - vref‖ = 0.661481529858357  α = 4.01e-5
 164   -137.8441960380      -10.56       -2.74    14.4s
    ‖ρε - ρref‖ = 0.00029166343271326756 ‖Δρ‖ = 0.00029188681008333477  ‖vε - vref‖ = 0.6615758875091442  α = 1.69e-5
 165   -137.8441960380      -10.68       -2.53    15.0s
    ‖ρε - ρref‖ = 0.0004886623809641602 ‖Δρ‖ = 0.0004872210081865802  ‖vε - vref‖ = 0.6616606307772053  α = 9.56e-6
 166   -137.8441960381      -10.66       -2.52    15.1s
    ‖ρε - ρref‖ = 0.0005302012858307292 ‖Δρ‖ = 0.0005321773531715224  ‖vε - vref‖ = 0.6617243258916363  α = 8.33e-6
 167   -137.8441960381      -10.71       -2.41    13.4s
    ‖ρε - ρref‖ = 0.0007570313148260046 ‖Δρ‖ = 0.0007545644058248971  ‖vε - vref‖ = 0.6618133244213232  α = 5.76e-6
 168   -137.8441960381      -10.33       -2.53    14.1s
    ‖ρε - ρref‖ = 0.0004067740473406246 ‖Δρ‖ = 0.00040754981329608044  ‖vε - vref‖ = 0.6619769891235262  α = 1.66e-5
 169   -137.8441960382      -10.57       -3.10    15.2s
    ‖ρε - ρref‖ = 0.0001344010431496049 ‖Δρ‖ = 0.00013442064713161682  ‖vε - vref‖ = 0.662079644838535  α = 3.79e-5
 170   -137.8441960382      -10.58       -2.40    13.8s
    ‖ρε - ρref‖ = 0.0006647199730145833 ‖Δρ‖ = 0.0006647047806727463  ‖vε - vref‖ = 0.6621768989156738  α = 7.68e-6
 171   -137.8441960382      -10.86       -2.44    13.8s
    ‖ρε - ρref‖ = 0.0007783274773567853 ‖Δρ‖ = 0.0007785364985176374  ‖vε - vref‖ = 0.6622217768224031  α = 4.7e-6
 172   -137.8441960382      -10.67       -2.71    13.7s
    ‖ρε - ρref‖ = 0.0003878904720993871 ‖Δρ‖ = 0.00038784319191643784  ‖vε - vref‖ = 0.6622878223601111  α = 1.11e-5
 173   -137.8441960382      -10.47       -2.98    13.3s
    ‖ρε - ρref‖ = 0.000180410156746853 ‖Δρ‖ = 0.00017991519836291743  ‖vε - vref‖ = 0.6624092555168002  α = 3.3e-5
 174   -137.8441960383      -10.32       -2.80    15.1s
    ‖ρε - ρref‖ = 0.00022190258809577353 ‖Δρ‖ = 0.0002222803319403499  ‖vε - vref‖ = 0.6625924937833423  α = 3.18e-5
 175   -137.8441960383      -10.30       -2.90    15.1s
    ‖ρε - ρref‖ = 0.00017599131535279617 ‖Δρ‖ = 0.00017579549884545644  ‖vε - vref‖ = 0.6627853275882528  α = 4.0e-5
 176   -137.8441960384      -10.25       -2.79    15.0s
    ‖ρε - ρref‖ = 0.00021901625844277146 ‖Δρ‖ = 0.00021933111403452454  ‖vε - vref‖ = 0.6630014094966246  α = 3.45e-5
 177   -137.8441960384      -10.63       -2.31    13.4s
    ‖ρε - ρref‖ = 0.0008261550328008042 ‖Δρ‖ = 0.0008244534749475234  ‖vε - vref‖ = 0.6630902618362171  α = 5.9e-6
 178   -137.8441960384      -10.73       -2.60    13.3s
    ‖ρε - ρref‖ = 0.0005182444067203043 ‖Δρ‖ = 0.0005207938501499133  ‖vε - vref‖ = 0.6631449073220079  α = 7.76e-6
 179   -137.8441960385      -10.51       -2.37    14.5s
    ‖ρε - ρref‖ = 0.0006829443329613729 ‖Δρ‖ = 0.0006811935924575464  ‖vε - vref‖ = 0.6632884720573892  α = 8.09e-6
 180   -137.8441960385      -10.44       -2.51    13.8s
    ‖ρε - ρref‖ = 0.00048044365541023796 ‖Δρ‖ = 0.0004810089320901943  ‖vε - vref‖ = 0.6634096405697982  α = 1.19e-5
 181   -137.8441960385      -10.59       -2.94    13.7s
    ‖ρε - ρref‖ = 0.00018206047712019985 ‖Δρ‖ = 0.0001820315959995041  ‖vε - vref‖ = 0.6635148072320777  α = 2.85e-5
 182   -137.8441960385      -11.07       -2.62    15.1s
    ‖ρε - ρref‖ = 0.0005369343715207253 ‖Δρ‖ = 0.0005367844633371977  ‖vε - vref‖ = 0.6635447497733482  α = 5.21e-6
 183   -137.8441960386      -10.92       -2.71    13.2s
    ‖ρε - ρref‖ = 0.00040635556568865706 ‖Δρ‖ = 0.00040643649415774606  ‖vε - vref‖ = 0.6635910812873939  α = 8.49e-6
 184   -137.8441960386      -10.60       -2.57    14.9s
    ‖ρε - ρref‖ = 0.0004052250018303935 ‖Δρ‖ = 0.0004050865633975103  ‖vε - vref‖ = 0.6636896916003102  α = 1.26e-5
 185   -137.8441960386      -10.29       -2.92    15.1s
    ‖ρε - ρref‖ = 0.00016017014948712318 ‖Δρ‖ = 0.0001599202288220054  ‖vε - vref‖ = 0.6638910367234829  α = 4.35e-5
 186   -137.8441960387      -10.60       -2.74    14.0s
    ‖ρε - ρref‖ = 0.00030239054720590286 ‖Δρ‖ = 0.0003027867674816088  ‖vε - vref‖ = 0.6639720634190929  α = 1.62e-5
 187   -137.8441960387      -10.42       -3.10    13.8s
    ‖ρε - ρref‖ = 0.00012646556492593627 ‖Δρ‖ = 0.00012618571737236988  ‖vε - vref‖ = 0.6641204972050847  α = 4.83e-5
 188   -137.8441960387      -10.33       -2.81    14.5s
    ‖ρε - ρref‖ = 0.0002166524993823357 ‖Δρ‖ = 0.00021711152832798366  ‖vε - vref‖ = 0.6642944034816834  α = 3.15e-5
 189   -137.8441960388      -10.96       -2.55    13.9s
    ‖ρε - ρref‖ = 0.0005497826454185012 ‖Δρ‖ = 0.0005476230747999751  ‖vε - vref‖ = 0.6643463601189158  α = 6.1e-6
 190   -137.8441960388      -10.72       -2.62    14.4s
    ‖ρε - ρref‖ = 0.0004228182506949069 ‖Δρ‖ = 0.00042507477803372794  ‖vε - vref‖ = 0.6644020172982783  α = 1.0e-5
 191   -137.8441960388      -10.64       -2.31    14.6s
    ‖ρε - ρref‖ = 0.0007581595038733944 ‖Δρ‖ = 0.0007567223546684963  ‖vε - vref‖ = 0.6644986229595937  α = 6.37e-6
 192   -137.8441960388      -10.84       -2.92    14.4s
    ‖ρε - ρref‖ = 0.000232983604953887 ‖Δρ‖ = 0.00023333260834149482  ‖vε - vref‖ = 0.6645566125245014  α = 1.49e-5
 193   -137.8441960388      -10.46       -2.87    14.4s
    ‖ρε - ρref‖ = 0.00019146077354413105 ‖Δρ‖ = 0.00019127796142364377  ‖vε - vref‖ = 0.6646921685733947  α = 3.15e-5
 194   -137.8441960389      -11.05       -2.56    14.7s
    ‖ρε - ρref‖ = 0.0006052644900560462 ‖Δρ‖ = 0.0006050600450058458  ‖vε - vref‖ = 0.6647279490048275  α = 4.82e-6
 195   -137.8441960389      -10.64       -2.60    14.6s
    ‖ρε - ρref‖ = 0.0003987295081433645 ‖Δρ‖ = 0.00039886006132625886  ‖vε - vref‖ = 0.6648220142418931  α = 1.2e-5
 196   -137.8441960389      -10.65       -2.42    13.9s
    ‖ρε - ρref‖ = 0.0005688942573121307 ‖Δρ‖ = 0.0005688624436039114  ‖vε - vref‖ = 0.6649104129528924  α = 8.53e-6
 197   -137.8441960389      -10.60       -2.81    14.7s
    ‖ρε - ρref‖ = 0.00021887310917782085 ‖Δρ‖ = 0.00021859762031553145  ‖vε - vref‖ = 0.6650106892866237  α = 2.37e-5
 198   -137.8441960390      -10.48       -3.06    15.0s
    ‖ρε - ρref‖ = 0.00011647683892197963 ‖Δρ‖ = 0.00011649992430998621  ‖vε - vref‖ = 0.6651422469391144  α = 4.97e-5
 199   -137.8441960390      -10.55       -2.93    14.3s
    ‖ρε - ρref‖ = 0.0002002987528400744 ‖Δρ‖ = 0.00019995000326977557  ‖vε - vref‖ = 0.6652483014492377  α = 2.56e-5
 200   -137.8441960390      -10.51       -2.78    15.1s
    ‖ρε - ρref‖ = 0.00023370838035893378 ‖Δρ‖ = 0.00023437162484031413  ‖vε - vref‖ = 0.6653548376313297  α = 2.37e-5
 201   -137.8441960390      -11.27       -2.79    14.4s
    ‖ρε - ρref‖ = 0.00033180275601971457 ‖Δρ‖ = 0.00032924049630758554  ‖vε - vref‖ = 0.6653850101507853  α = 6.96e-6
 202   -137.8441960390      -10.93       -2.69    15.0s
    ‖ρε - ρref‖ = 0.0003491188458887596 ‖Δρ‖ = 0.00035097416831841773  ‖vε - vref‖ = 0.665420433768521  α = 9.79e-6
 203   -137.8441960390      -10.92       -2.58    15.1s
    ‖ρε - ρref‖ = 0.0004786658473931358 ‖Δρ‖ = 0.00047748930844341637  ‖vε - vref‖ = 0.6654763422499371  α = 7.45e-6
 204   -137.8441960391      -10.37       -2.77    14.6s
    ‖ρε - ρref‖ = 0.00020468735613061117 ‖Δρ‖ = 0.0002049486458777906  ‖vε - vref‖ = 0.6656502207221905  α = 3.23e-5
 205   -137.8441960391      -10.90       -2.79    14.6s
    ‖ρε - ρref‖ = 0.0003156182103262233 ‖Δρ‖ = 0.00031538387630705397  ‖vε - vref‖ = 0.665700362064442  α = 1.08e-5
 206   -137.8441960391      -11.09       -2.84    14.4s
    ‖ρε - ρref‖ = 0.000377129488129524 ‖Δρ‖ = 0.0003767514233987146  ‖vε - vref‖ = 0.6657406931520112  α = 7.04e-6
 207   -137.8441960392      -10.39       -2.60    14.2s
    ‖ρε - ρref‖ = 0.0003495559736444095 ‖Δρ‖ = 0.00034934903798367756  ‖vε - vref‖ = 0.6659054533346467  α = 1.82e-5
 208   -137.8441960392      -10.77       -2.46    13.2s
    ‖ρε - ρref‖ = 0.0006255463330347457 ‖Δρ‖ = 0.0006254307137103476  ‖vε - vref‖ = 0.6659731669332608  α = 6.68e-6
 209   -137.8441960392      -10.74       -2.89    13.9s
    ‖ρε - ρref‖ = 0.0002124052087645812 ‖Δρ‖ = 0.00021244783786508351  ‖vε - vref‖ = 0.6660426049448629  α = 2.0e-5
 210   -137.8441960392      -10.51       -3.12    14.3s
    ‖ρε - ρref‖ = 0.00010625423604171766 ‖Δρ‖ = 0.00010627963608983494  ‖vε - vref‖ = 0.6661552177304898  α = 5.23e-5
 211   -137.8441960392      -10.62       -3.09    13.9s
    ‖ρε - ρref‖ = 0.0001306251086399628 ‖Δρ‖ = 0.00013076771059916927  ‖vε - vref‖ = 0.6662544873628744  α = 3.64e-5
 212   -137.8441960393      -10.80       -2.93    13.9s
    ‖ρε - ρref‖ = 0.00019197990139696897 ‖Δρ‖ = 0.00019309014365725703  ‖vε - vref‖ = 0.6663117356656958  α = 1.97e-5
 213   -137.8441960393      -11.23       -2.79    13.8s
    ‖ρε - ρref‖ = 0.00037035374223179704 ‖Δρ‖ = 0.0003673280283193288  ‖vε - vref‖ = 0.6663465807126638  α = 6.44e-6
 214   -137.8441960393      -10.88       -2.63    14.5s
    ‖ρε - ρref‖ = 0.00037012622273385716 ‖Δρ‖ = 0.00037120238633146985  ‖vε - vref‖ = 0.6663945088650491  α = 1.0e-5
 215   -137.8441960393      -11.03       -2.60    13.3s
    ‖ρε - ρref‖ = 0.00043959424034991447 ‖Δρ‖ = 0.00043844292029038  ‖vε - vref‖ = 0.6664377780380762  α = 7.08e-6
 216   -137.8441960393      -10.74       -2.84    13.2s
    ‖ρε - ρref‖ = 0.00021811810769436054 ‖Δρ‖ = 0.0002181960537332486  ‖vε - vref‖ = 0.6665156892017265  α = 1.94e-5
 217   -137.8441960393      -11.05       -3.15    13.2s
    ‖ρε - ρref‖ = 0.00013956109543544144 ‖Δρ‖ = 0.00013939764732025082  ‖vε - vref‖ = 0.6665577080098337  α = 2.15e-5
 218   -137.8441960393      -11.06       -2.54    14.6s
    ‖ρε - ρref‖ = 0.0005448181628177296 ‖Δρ‖ = 0.0005445138205998022  ‖vε - vref‖ = 0.6665985146949426  α = 5.11e-6
 219   -137.8441960393      -10.92       -2.75    13.8s
    ‖ρε - ρref‖ = 0.0003145405861614839 ‖Δρ‖ = 0.0003147087168217671  ‖vε - vref‖ = 0.6666414630694966  α = 1.03e-5
 220   -137.8441960393      -10.94       -2.89    15.0s
    ‖ρε - ρref‖ = 0.00021840684323464523 ‖Δρ‖ = 0.00021855923923577963  ‖vε - vref‖ = 0.666689736094771  α = 1.55e-5
 221   -137.8441960394      -10.60       -2.68    14.4s
    ‖ρε - ρref‖ = 0.00028677424517400827 ‖Δρ‖ = 0.00028698005045166216  ‖vε - vref‖ = 0.6667848042112199  α = 1.72e-5
 222   -137.8441960394      -10.76       -2.90    15.1s
    ‖ρε - ρref‖ = 0.0001716851504825006 ‖Δρ‖ = 0.00017182627142894955  ‖vε - vref‖ = 0.66685867325846  α = 2.53e-5
 223   -137.8441960394      -10.67       -3.18    14.2s
    ‖ρε - ρref‖ = 9.679459359261688e-5 ‖Δρ‖ = 9.634063950551403e-5  ‖vε - vref‖ = 0.6669535724205935  α = 4.8e-5
 224   -137.8441960394      -10.60       -3.06    14.9s
    ‖ρε - ρref‖ = 0.0001229895022741667 ‖Δρ‖ = 0.00012336201567358294  ‖vε - vref‖ = 0.6670642317574021  α = 4.02e-5
 225   -137.8441960394      -11.32       -2.71    13.3s
    ‖ρε - ρref‖ = 0.0004907554240949712 ‖Δρ‖ = 0.00048746214191393273  ‖vε - vref‖ = 0.6670927091352368  α = 4.25e-6
 226   -137.8441960394      -11.06       -2.80    13.7s
    ‖ρε - ρref‖ = 0.0002810582480150921 ‖Δρ‖ = 0.00028226046992872636  ‖vε - vref‖ = 0.6671286176177086  α = 1.07e-5
 227   -137.8441960395      -11.24       -2.71    14.6s
    ‖ρε - ρref‖ = 0.0003258853146260825 ‖Δρ‖ = 0.0003255138989219147  ‖vε - vref‖ = 0.6671585679556686  α = 7.41e-6
 228   -137.8441960395      -10.97       -2.95    13.7s
    ‖ρε - ρref‖ = 0.00017207771346705605 ‖Δρ‖ = 0.0001727808729636933  ‖vε - vref‖ = 0.6672061953727602  α = 1.93e-5
 229   -137.8441960395      -10.77       -2.98    13.5s
    ‖ρε - ρref‖ = 0.000154488879791752 ‖Δρ‖ = 0.00015446361342593264  ‖vε - vref‖ = 0.6672801565981539  α = 2.67e-5
 230   -137.8441960395      -11.06       -2.39    14.6s
    ‖ρε - ρref‖ = 0.0007946941219966514 ‖Δρ‖ = 0.0007943946300728847  ‖vε - vref‖ = 0.6673153888226996  α = 3.66e-6
 231   -137.8441960395      -10.89       -2.92    15.0s
    ‖ρε - ρref‖ = 0.00020730352701614252 ‖Δρ‖ = 0.0002072861359630781  ‖vε - vref‖ = 0.6673645126239226  α = 1.65e-5
 232   -137.8441960395      -10.94       -2.75    15.0s
    ‖ρε - ρref‖ = 0.00028714927146899176 ‖Δρ‖ = 0.00028703533437200805  ‖vε - vref‖ = 0.6674120484892805  α = 1.19e-5
 233   -137.8441960395      -10.78       -2.81    14.5s
    ‖ρε - ρref‖ = 0.00024045530543637575 ‖Δρ‖ = 0.00024040428852321668  ‖vε - vref‖ = 0.6674890655459337  α = 1.65e-5
 234   -137.8441960395      -10.76       -2.77    13.9s
    ‖ρε - ρref‖ = 0.00025549252223930807 ‖Δρ‖ = 0.0002556859115550401  ‖vε - vref‖ = 0.667567940728304  α = 1.58e-5
 235   -137.8441960396      -10.78       -3.10    14.3s
    ‖ρε - ρref‖ = 0.00011071005347237138 ‖Δρ‖ = 0.00011033708085514801  ‖vε - vref‖ = 0.6676401512861757  α = 3.61e-5
 236   -137.8441960396      -10.93       -3.26    14.6s
    ‖ρε - ρref‖ = 7.546218393766152e-5 ‖Δρ‖ = 7.56438798398547e-5  ‖vε - vref‖ = 0.667693478335704  α = 4.62e-5
 237   -137.8441960396      -11.59       -2.99    13.5s
    ‖ρε - ρref‖ = 0.0002460649834654071 ‖Δρ‖ = 0.00024274802089033752  ‖vε - vref‖ = 0.6677136833705132  α = 6.38e-6
 238   -137.8441960396      -11.05       -2.81    14.6s
    ‖ρε - ρref‖ = 0.00023206009043745944 ‖Δρ‖ = 0.00023321805943803405  ‖vε - vref‖ = 0.6677493984344794  α = 1.31e-5
 239   -137.8441960396      -11.32       -2.88    14.4s
    ‖ρε - ρref‖ = 0.00023374767135467777 ‖Δρ‖ = 0.00023344966141883953  ‖vε - vref‖ = 0.667772200179574  α = 9.36e-6
 240   -137.8441960396      -10.79       -2.87    13.6s
    ‖ρε - ρref‖ = 0.0001760778611301111 ‖Δρ‖ = 0.0001763416096156046  ‖vε - vref‖ = 0.6678492294719162  α = 2.33e-5
 241   -137.8441960396      -11.22       -3.01    14.7s
    ‖ρε - ρref‖ = 0.00020226812728093926 ‖Δρ‖ = 0.00020209301773473597  ‖vε - vref‖ = 0.6678770446658622  α = 1.17e-5
 242   -137.8441960396      -11.26       -2.65    14.1s
    ‖ρε - ρref‖ = 0.0004644824349620971 ‖Δρ‖ = 0.000464067313508133  ‖vε - vref‖ = 0.6679015187599846  α = 4.84e-6
 243   -137.8441960396      -10.86       -2.98    14.5s
    ‖ρε - ρref‖ = 0.00015702849421018038 ‖Δρ‖ = 0.00015718060974824943  ‖vε - vref‖ = 0.6679577621710915  α = 2.32e-5
 244   -137.8441960396      -11.34       -2.89    14.3s
    ‖ρε - ρref‖ = 0.0002544484187919554 ‖Δρ‖ = 0.000254340543875901  ‖vε - vref‖ = 0.6679782662277722  α = 8.52e-6
 245   -137.8441960396      -11.18       -3.04    15.0s
    ‖ρε - ρref‖ = 0.00015238917542973945 ‖Δρ‖ = 0.00015211951011777277  ‖vε - vref‖ = 0.6680111719266347  α = 1.71e-5
 246   -137.8441960397      -11.15       -3.09    14.3s
    ‖ρε - ρref‖ = 0.00014161708897780656 ‖Δρ‖ = 0.00014177508287006074  ‖vε - vref‖ = 0.668046505399555  α = 1.74e-5
 247   -137.8441960397      -10.99       -3.15    13.7s
    ‖ρε - ρref‖ = 0.0001095195205113543 ‖Δρ‖ = 0.00010975274699181125  ‖vε - vref‖ = 0.6680943194174951  α = 2.85e-5
 248   -137.8441960397      -10.71       -3.14    14.8s
    ‖ρε - ρref‖ = 9.540276649944808e-5 ‖Δρ‖ = 9.539511471535209e-5  ‖vε - vref‖ = 0.6681884037900726  α = 4.78e-5
 249   -137.8441960397      -11.71       -3.09    13.6s
    ‖ρε - ρref‖ = 0.00019200549979926993 ‖Δρ‖ = 0.00018867651910756738  ‖vε - vref‖ = 0.6682046226739136  α = 6.84e-6
 250   -137.8441960397      -11.15       -2.85    14.1s
    ‖ρε - ρref‖ = 0.0001969520565887302 ‖Δρ‖ = 0.00019807500314065777  ‖vε - vref‖ = 0.6682352770947991  α = 1.37e-5
 251   -137.8441960397      -11.26       -3.03    14.0s
    ‖ρε - ρref‖ = 0.00014864655648959407 ‖Δρ‖ = 0.00014831348673885613  ‖vε - vref‖ = 0.6682670353921437  α = 1.67e-5
 252   -137.8441960397      -10.91       -2.72    13.9s
    ‖ρε - ρref‖ = 0.00028273995246107405 ‖Δρ‖ = 0.0002826317518063844  ‖vε - vref‖ = 0.6683307086161852  α = 1.25e-5
 253   -137.8441960397      -11.02       -2.99    14.5s
    ‖ρε - ρref‖ = 0.0001693195783268251 ‖Δρ‖ = 0.00016930340998896266  ‖vε - vref‖ = 0.6683838658630066  α = 1.8e-5
 254   -137.8441960397      -11.06       -2.42    14.2s
    ‖ρε - ρref‖ = 0.0006694551105242489 ‖Δρ‖ = 0.0006692197474726583  ‖vε - vref‖ = 0.6684261524279642  α = 4.34e-6
 255   -137.8441960397      -10.90       -3.10    14.5s
    ‖ρε - ρref‖ = 0.00011967682997248891 ‖Δρ‖ = 0.00011997960827227166  ‖vε - vref‖ = 0.6684848605526752  α = 2.92e-5
 256   -137.8441960397      -11.10       -2.76    13.1s
    ‖ρε - ρref‖ = 0.00028493509667089383 ‖Δρ‖ = 0.00028475297505701493  ‖vε - vref‖ = 0.6685210498545582  α = 1.01e-5
 257   -137.8441960398      -11.32       -2.91    13.5s
    ‖ρε - ρref‖ = 0.00022733987149822597 ‖Δρ‖ = 0.00022700761613195098  ‖vε - vref‖ = 0.6685452368082362  α = 9.52e-6
 258   -137.8441960398      -11.20       -3.26    14.7s
    ‖ρε - ρref‖ = 8.60505706231945e-5 ‖Δρ‖ = 8.62914676058444e-5  ‖vε - vref‖ = 0.6685790368251886  α = 2.71e-5
 259   -137.8441960398      -10.94       -3.10    15.1s
    ‖ρε - ρref‖ = 0.00011822414014587994 ‖Δρ‖ = 0.00011838488339624367  ‖vε - vref‖ = 0.6686372671689602  α = 2.75e-5
 260   -137.8441960398      -10.93       -2.96    14.5s
    ‖ρε - ρref‖ = 0.00016616683462765001 ‖Δρ‖ = 0.0001662880305579246  ‖vε - vref‖ = 0.6686959773386095  α = 2.11e-5
 261   -137.8441960398      -11.17       -3.14    15.1s
    ‖ρε - ρref‖ = 0.00013733509307792987 ‖Δρ‖ = 0.00013440467737050373  ‖vε - vref‖ = 0.6687443135062539  α = 1.93e-5
 262   -137.8441960398      -11.05       -2.45    14.0s
    ‖ρε - ρref‖ = 0.0005778026347781921 ‖Δρ‖ = 0.0005797336029207842  ‖vε - vref‖ = 0.6687806340104275  α = 5.07e-6
 263   -137.8441960398      -11.29       -3.29    14.4s
    ‖ρε - ρref‖ = 8.727514984882301e-5 ‖Δρ‖ = 8.727018447558391e-5  ‖vε - vref‖ = 0.6688095961519905  α = 2.44e-5
 264   -137.8441960398      -11.45       -2.83    13.8s
    ‖ρε - ρref‖ = 0.0002612324062472388 ‖Δρ‖ = 0.0002613400048393854  ‖vε - vref‖ = 0.6688320877847997  α = 7.45e-6
 265   -137.8441960398      -11.15       -3.14    15.1s
    ‖ρε - ρref‖ = 0.00011593767474098182 ‖Δρ‖ = 0.00011575563130830364  ‖vε - vref‖ = 0.6688752131983939  α = 2.33e-5
 266   -137.8441960398      -11.49       -2.58    13.8s
    ‖ρε - ρref‖ = 0.0005362556447752176 ‖Δρ‖ = 0.0005359046245848448  ‖vε - vref‖ = 0.6688922642184312  α = 3.35e-6
 267   -137.8441960398      -11.03       -3.28    14.4s
    ‖ρε - ρref‖ = 7.413560927291166e-5 ‖Δρ‖ = 7.408922455505302e-5  ‖vε - vref‖ = 0.6689423655131853  α = 4.11e-5
 268   -137.8441960398      -11.41       -3.09    14.3s
    ‖ρε - ρref‖ = 0.00014395138285383616 ‖Δρ‖ = 0.0001437633551443009  ‖vε - vref‖ = 0.6689648581635169  α = 1.4e-5
 269   -137.8441960398      -11.15       -2.93    15.0s
    ‖ρε - ρref‖ = 0.000180655052325046 ‖Δρ‖ = 0.00018059815113491252  ‖vε - vref‖ = 0.6690067581718148  α = 1.48e-5
 270   -137.8441960398      -11.19       -3.10    14.7s
    ‖ρε - ρref‖ = 0.00012645798621742783 ‖Δρ‖ = 0.00012685874369542267  ‖vε - vref‖ = 0.6690436840666777  α = 1.93e-5
 271   -137.8441960399      -11.20       -3.06    15.0s
    ‖ρε - ρref‖ = 0.00013197926693452172 ‖Δρ‖ = 0.00013168889536754286  ‖vε - vref‖ = 0.6690760885180702  α = 1.81e-5
 272   -137.8441960399      -11.11       -3.26    14.2s
    ‖ρε - ρref‖ = 8.375129822572628e-5 ‖Δρ‖ = 8.383995282822364e-5  ‖vε - vref‖ = 0.6691172266707571  α = 3.3e-5
 273   -137.8441960399      -11.17       -2.93    13.8s
    ‖ρε - ρref‖ = 0.00019490673231792124 ‖Δρ‖ = 0.00019270397338678498  ‖vε - vref‖ = 0.6691671820132944  α = 1.38e-5
 274   -137.8441960399      -11.33       -2.56    13.8s
    ‖ρε - ρref‖ = 0.0005341521190345538 ‖Δρ‖ = 0.0005369306741459554  ‖vε - vref‖ = 0.6691848181796204  α = 3.87e-6
 275   -137.8441960399      -11.13       -3.28    13.1s
    ‖ρε - ρref‖ = 8.174509000337302e-5 ‖Δρ‖ = 8.154504626668516e-5  ‖vε - vref‖ = 0.6692342353325335  α = 3.3e-5
 276   -137.8441960399      -11.56       -2.98    14.2s
    ‖ρε - ρref‖ = 0.00018751667457056885 ‖Δρ‖ = 0.0001874144859670362  ‖vε - vref‖ = 0.6692513803812397  α = 9.32e-6
 277   -137.8441960399      -11.15       -2.98    15.0s
    ‖ρε - ρref‖ = 0.0001718508984179323 ‖Δρ‖ = 0.0001717707062378876  ‖vε - vref‖ = 0.6692949132975962  α = 1.49e-5
 278   -137.8441960399      -11.81       -2.77    14.7s
    ‖ρε - ρref‖ = 0.0004044971154545858 ‖Δρ‖ = 0.0004042315825674735  ‖vε - vref‖ = 0.6693051189309173  α = 3.16e-6
 279   -137.8441960399      -11.12       -3.37    14.4s
    ‖ρε - ρref‖ = 6.0917814937508066e-5 ‖Δρ‖ = 6.0718643858433654e-5  ‖vε - vref‖ = 0.669352790398055  α = 4.48e-5
 280   -137.8441960399      -11.30       -3.26    14.9s
    ‖ρε - ρref‖ = 9.391025264898816e-5 ‖Δρ‖ = 9.385671250365208e-5  ‖vε - vref‖ = 0.6693849128035737  α = 2.38e-5
 281   -137.8441960399      -11.39       -2.91    14.4s
    ‖ρε - ρref‖ = 0.0002080225224747396 ‖Δρ‖ = 0.0002080569120917018  ‖vε - vref‖ = 0.6694094019097611  α = 9.62e-6
 282   -137.8441960399      -10.91       -3.17    14.3s
    ‖ρε - ρref‖ = 9.887468943328352e-5 ‖Δρ‖ = 9.873234971117984e-5  ‖vε - vref‖ = 0.6694866797944825  α = 3.54e-5
 283   -137.8441960399      -11.37       -3.14    14.6s
    ‖ρε - ρref‖ = 0.00013217052111041098 ‖Δρ‖ = 0.0001316590105290081  ‖vε - vref‖ = 0.6695184154865159  α = 1.52e-5
 284   -137.8441960399      -11.23       -3.13    14.3s
    ‖ρε - ρref‖ = 0.00010534266492730497 ‖Δρ‖ = 0.00010599486540821722  ‖vε - vref‖ = 0.6695526941552502  α = 2.24e-5
 285   -137.8441960399      -11.67       -3.20    14.4s
    ‖ρε - ρref‖ = 0.00014286516900149262 ‖Δρ‖ = 0.0001401308633765717  ‖vε - vref‖ = 0.669572155900946  α = 1.02e-5
 286   -137.8441960399      -11.35       -2.87    14.1s
    ‖ρε - ρref‖ = 0.0002483899197364365 ‖Δρ‖ = 0.0002505509364522323  ‖vε - vref‖ = 0.6695933952647676  α = 7.71e-6
 287   -137.8441960399      -11.09       -3.13    13.9s
    ‖ρε - ρref‖ = 0.00010934521606901379 ‖Δρ‖ = 0.00010885855173560212  ‖vε - vref‖ = 0.6696453304334941  α = 2.69e-5
 288   -137.8441960399      -11.40       -2.99    13.5s
    ‖ρε - ρref‖ = 0.00016784059220948796 ‖Δρ‖ = 0.00016784850011847217  ‖vε - vref‖ = 0.6696685490590178  α = 1.2e-5
 289   -137.8441960400      -11.45       -2.85    15.1s
    ‖ρε - ρref‖ = 0.0002638713239407874 ‖Δρ‖ = 0.0002641256463816476  ‖vε - vref‖ = 0.6696920908391807  α = 7.2e-6
 290   -137.8441960400      -11.78       -2.93    15.2s
    ‖ρε - ρref‖ = 0.0002485746730674913 ‖Δρ‖ = 0.0002483997282991181  ‖vε - vref‖ = 0.6697033622961333  α = 5.4e-6
 291   -137.8441960400      -11.08       -3.04    14.5s
    ‖ρε - ρref‖ = 0.00013725298239522645 ‖Δρ‖ = 0.000136991479124749  ‖vε - vref‖ = 0.6697569032491612  α = 2.08e-5
 292   -137.8441960400      -10.82       -3.26    13.6s
    ‖ρε - ρref‖ = 7.121047151271027e-5 ‖Δρ‖ = 7.091413357495443e-5  ‖vε - vref‖ = 0.6698618798039653  α = 5.58e-5
 293   -137.8441960400      -11.44       -3.02    14.2s
    ‖ρε - ρref‖ = 0.00019197104021535436 ‖Δρ‖ = 0.00019203586962021133  ‖vε - vref‖ = 0.669884272600817  α = 9.65e-6
 294   -137.8441960400      -11.24       -2.97    14.7s
    ‖ρε - ρref‖ = 0.00015604996938028506 ‖Δρ‖ = 0.00015617985142009618  ‖vε - vref‖ = 0.6699234353140987  α = 1.6e-5
 295   -137.8441960400      -11.03       -3.22    13.9s
    ‖ρε - ρref‖ = 7.48459862903909e-5 ‖Δρ‖ = 7.456327620796076e-5  ‖vε - vref‖ = 0.6699846538409927  α = 4.21e-5
 296   -137.8441960400      -11.64       -3.20    14.9s
    ‖ρε - ρref‖ = 0.00011329704552343952 ‖Δρ‖ = 0.00011443833375318164  ‖vε - vref‖ = 0.6699983308589065  α = 1.25e-5
 297   -137.8441960400      -11.72       -3.22    14.6s
    ‖ρε - ρref‖ = 0.00012407094201135176 ‖Δρ‖ = 0.0001212357720161244  ‖vε - vref‖ = 0.6700171020957219  α = 1.1e-5
 298   -137.8441960400      -11.39       -2.81    14.6s
    ‖ρε - ρref‖ = 0.0002485601932120807 ‖Δρ‖ = 0.0002503382760734707  ‖vε - vref‖ = 0.670038444950477  α = 7.69e-6
 299   -137.8441960400      -11.12       -3.30    14.6s
    ‖ρε - ρref‖ = 7.205191984709394e-5 ‖Δρ‖ = 7.138615202597881e-5  ‖vε - vref‖ = 0.6700917078567115  α = 3.86e-5
 300   -137.8441960400      -11.32       -2.98    14.0s
    ‖ρε - ρref‖ = 0.00017715349672920265 ‖Δρ‖ = 0.0001770362949686594  ‖vε - vref‖ = 0.6701223529512649  α = 1.24e-5
Trying again with Newton's method ...
n     Energy            log10(ΔE)   log10(Δρ)   Δtime 
---   ---------------   ---------   ---------   ------
  1   -137.8441960402                   -6.89    1212s
    ‖ρε - ρref‖ = 3.939716006379777e-6 ‖Δρ‖ = 1.2429332940558386e-8  ‖vε - vref‖ = 0.6705839649551281
  2   -137.8441960403      -10.02       -7.03    1217s
    ‖ρε - ρref‖ = 3.9402950729639075e-6 ‖Δρ‖ = 9.316380807289664e-9  ‖vε - vref‖ = 0.6710093342053937
    Stopping to avoid numerical instabilities.

#-- ‖ρε - ρref‖ = 3.9402950729639075e-6 vs. 5.62341325190349e-9 = δ*ε ‖vε - vref‖ = 0.6710093342053937


# --- ε=3.162277660168379e-7

n     Energy            log10(ΔE)   log10(Δρ)   Δtime 
---   ---------------   ---------   ---------   ------
  1   -137.8441866224                    0.58    19.1s
    ‖ρε - ρref‖ = 1.308298164862108 ‖Δρ‖ = 1.3082967888709243  ‖vε - vref‖ = 3.742412874523882  α = 1.69e-6
  2   -137.8441869270       -6.52       -0.37    13.1s
    ‖ρε - ρref‖ = 0.09638356617979746 ‖Δρ‖ = 0.09638309135276016  ‖vε - vref‖ = 3.5151943614709813  α = 4.12e-6
  3   -137.8441870109       -7.08       -0.31    13.0s
    ‖ρε - ρref‖ = 0.11371776061561167 ‖Δρ‖ = 0.11371750941597197  ‖vε - vref‖ = 3.464729443610529  α = 1.9e-6
  4   -137.8441871892       -6.75       -0.82    11.6s
    ‖ρε - ρref‖ = 0.028488747800317984 ‖Δρ‖ = 0.028488146159588088  ‖vε - vref‖ = 3.237079934213287  α = 1.09e-5
  5   -137.8441872346       -7.34       -0.88    12.9s
    ‖ρε - ρref‖ = 0.028760441030334302 ‖Δρ‖ = 0.028760166695265637  ‖vε - vref‖ = 3.161013683905803  α = 5.09e-6
  6   -137.8441872470       -7.91       -0.99    12.9s
    ‖ρε - ρref‖ = 0.01920256726248431 ‖Δρ‖ = 0.019202534493528035  ‖vε - vref‖ = 3.1612815919196136  α = 4.38e-6
  7   -137.8441872601       -7.89       -1.08    12.7s
    ‖ρε - ρref‖ = 0.013627862347679338 ‖Δρ‖ = 0.013627832857759453  ‖vε - vref‖ = 3.1697761416649293  α = 6.26e-6
  8   -137.8441872639       -8.42       -1.42    12.6s
    ‖ρε - ρref‖ = 0.007853404889357584 ‖Δρ‖ = 0.007853283815284193  ‖vε - vref‖ = 3.163035119717896  α = 5.88e-6
  9   -137.8441872688       -8.30       -1.43    14.5s
    ‖ρε - ρref‖ = 0.007570703462623886 ‖Δρ‖ = 0.00757052160209956  ‖vε - vref‖ = 3.1496096587072064  α = 7.0e-6
 10   -137.8441872812       -7.91       -1.68    14.3s
    ‖ρε - ρref‖ = 0.0031810065477095115 ‖Δρ‖ = 0.0031808588668196204  ‖vε - vref‖ = 3.1354983511320773  α = 2.67e-5
 11   -137.8441872897       -8.07       -1.86    14.4s
    ‖ρε - ρref‖ = 0.001931147380177094 ‖Δρ‖ = 0.001931108819371978  ‖vε - vref‖ = 3.139499201278383  α = 3.66e-5
 12   -137.8441884246       -5.95        0.24    14.5s
    ‖ρε - ρref‖ = 0.5252030341719287 ‖Δρ‖ = 0.5252049544475995  ‖vε - vref‖ = 0.8683292454719778  α = 1.02e-6
 13   -137.8441884312       -8.18       -1.61    14.3s
    ‖ρε - ρref‖ = 0.0031487636578526245 ‖Δρ‖ = 0.003148529122247566  ‖vε - vref‖ = 0.8382164299812647  α = 1.99e-5
 14   -137.8441884345       -8.48       -1.87    13.5s
    ‖ρε - ρref‖ = 0.0019486969711577326 ‖Δρ‖ = 0.001948574448492212  ‖vε - vref‖ = 0.8242768798880928  α = 2.27e-5
 15   -137.8441884356       -8.98       -1.61    14.5s
    ‖ρε - ρref‖ = 0.005293583424269134 ‖Δρ‖ = 0.005293474685750283  ‖vε - vref‖ = 0.8200601875838439  α = 4.47e-6
 16   -137.8441884382       -8.58       -1.30    15.0s
    ‖ρε - ρref‖ = 0.007730298305490287 ‖Δρ‖ = 0.0077302756495349545  ‖vε - vref‖ = 0.8115376106743463  α = 5.0e-6
 17   -137.8441884418       -8.45       -1.85    13.5s
    ‖ρε - ρref‖ = 0.001937053089800109 ‖Δρ‖ = 0.001936999759511076  ‖vε - vref‖ = 0.797242148550662  α = 2.35e-5
 18   -137.8441884428       -8.97       -1.53    13.9s
    ‖ρε - ρref‖ = 0.005441584827678492 ‖Δρ‖ = 0.0054414439657659896  ‖vε - vref‖ = 0.7926718097368833  α = 4.52e-6
 19   -137.8441884444       -8.80       -1.64    14.4s
    ‖ρε - ρref‖ = 0.0036338260468978508 ‖Δρ‖ = 0.0036336891687500797  ‖vε - vref‖ = 0.7885513857240889  α = 8.17e-6
 20   -137.8441884462       -8.75       -1.57    13.6s
    ‖ρε - ρref‖ = 0.0041179054251867615 ‖Δρ‖ = 0.004117878941016112  ‖vε - vref‖ = 0.7796404895553232  α = 7.52e-6
 21   -137.8441884472       -8.98       -1.67    13.9s
    ‖ρε - ρref‖ = 0.003761213000452835 ‖Δρ‖ = 0.0037612019403331994  ‖vε - vref‖ = 0.7753417988050858  α = 6.44e-6
 22   -137.8441884494       -8.66       -1.62    13.8s
    ‖ρε - ρref‖ = 0.0034455767886428464 ‖Δρ‖ = 0.003445499130675267  ‖vε - vref‖ = 0.7670401058412409  α = 1.04e-5
 23   -137.8441884609       -7.94       -0.67    14.9s
    ‖ρε - ρref‖ = 0.0670103987631921 ‖Δρ‖ = 0.06701241726115385  ‖vε - vref‖ = 0.7040377249975646  α = 1.12e-6
 24   -137.8441884624       -8.84       -1.84    14.4s
    ‖ρε - ρref‖ = 0.0021541799331991985 ‖Δρ‖ = 0.002154053898563347  ‖vε - vref‖ = 0.6972868578238115  α = 1.3e-5
 25   -137.8441884634       -8.97       -2.24    14.6s
    ‖ρε - ρref‖ = 0.0009402689133703739 ‖Δρ‖ = 0.0009400389479116743  ‖vε - vref‖ = 0.6926805780470994  α = 2.56e-5
 26   -137.8441884652       -8.76       -1.82    14.8s
    ‖ρε - ρref‖ = 0.0021952098417959863 ‖Δρ‖ = 0.0021952772163343543  ‖vε - vref‖ = 0.6841870030552578  α = 1.43e-5
 27   -137.8441884656       -9.40       -1.91    14.9s
    ‖ρε - ρref‖ = 0.0025179557872820886 ‖Δρ‖ = 0.002517981425216891  ‖vε - vref‖ = 0.682448553231306  α = 5.8e-6
 28   -137.8441884663       -9.15       -1.48    14.6s
    ‖ρε - ρref‖ = 0.005422016069728555 ‖Δρ‖ = 0.005421854401593019  ‖vε - vref‖ = 0.6789877614912078  α = 3.7e-6
 29   -137.8441884675       -8.92       -2.09    14.2s
    ‖ρε - ρref‖ = 0.0011183254539266641 ‖Δρ‖ = 0.001118219784880279  ‖vε - vref‖ = 0.6737375965848695  α = 2.34e-5
 30   -137.8441884684       -9.04       -1.96    14.7s
    ‖ρε - ρref‖ = 0.0014309231283157744 ‖Δρ‖ = 0.0014309139172399056  ‖vε - vref‖ = 0.6688303018477936  α = 1.62e-5
 31   -137.8441884688       -9.39       -1.54    13.6s
    ‖ρε - ρref‖ = 0.0048811702819854886 ‖Δρ‖ = 0.0048810951640219  ‖vε - vref‖ = 0.6666299008875849  α = 3.15e-6
 32   -137.8441884693       -9.34       -2.17    13.4s
    ‖ρε - ρref‖ = 0.0010530913693014875 ‖Δρ‖ = 0.0010529675863587505  ‖vε - vref‖ = 0.6646045580702951  α = 1.52e-5
 33   -137.8441884697       -9.34       -1.77    13.9s
    ‖ρε - ρref‖ = 0.002734294633618532 ‖Δρ‖ = 0.002734256177410611  ‖vε - vref‖ = 0.6624189567783882  α = 5.91e-6
 34   -137.8441884701       -9.45       -1.98    14.5s
    ‖ρε - ρref‖ = 0.002003095233227925 ‖Δρ‖ = 0.0020038883224677974  ‖vε - vref‖ = 0.6608509075173953  α = 6.66e-6
 35   -137.8441884703       -9.55       -1.85    13.6s
    ‖ρε - ρref‖ = 0.0030289660534379413 ‖Δρ‖ = 0.0030272734207518817  ‖vε - vref‖ = 0.6594250832516594  α = 4.1e-6
 36   -137.8441884709       -9.22       -1.70    13.8s
    ‖ρε - ρref‖ = 0.003476331196163254 ‖Δρ‖ = 0.0034769920746594487  ‖vε - vref‖ = 0.6562382758788169  α = 4.98e-6
 37   -137.8441884715       -9.24       -2.07    14.4s
    ‖ρε - ρref‖ = 0.0013013495811002413 ‖Δρ‖ = 0.0013012049169636168  ‖vε - vref‖ = 0.6534095097045416  α = 1.39e-5
 38   -137.8441884721       -9.22       -2.43    13.8s
    ‖ρε - ρref‖ = 0.0005390474343700594 ‖Δρ‖ = 0.0005391583661848515  ‖vε - vref‖ = 0.6505034770715576  α = 3.41e-5
 39   -137.8441884724       -9.52       -2.05    13.8s
    ‖ρε - ρref‖ = 0.0015866046526554934 ‖Δρ‖ = 0.0015865166417088547  ‖vε - vref‖ = 0.6491520895291568  α = 8.1e-6
 40   -137.8441884727       -9.51       -1.53    13.8s
    ‖ρε - ρref‖ = 0.0051364800657366875 ‖Δρ‖ = 0.0051362265788578365  ‖vε - vref‖ = 0.6474423797929646  α = 2.56e-6
 41   -137.8441884733       -9.25       -2.31    13.6s
    ‖ρε - ρref‖ = 0.0007036911480972941 ‖Δρ‖ = 0.0007037310508200284  ‖vε - vref‖ = 0.64472824978666  α = 2.56e-5
 42   -137.8441884736       -9.56       -2.24    14.5s
    ‖ρε - ρref‖ = 0.0010779472695720172 ‖Δρ‖ = 0.0010778440034908095  ‖vε - vref‖ = 0.6433169913279679  α = 1.09e-5
 43   -137.8441884739       -9.52       -2.11    15.0s
    ‖ρε - ρref‖ = 0.0012135876864781724 ‖Δρ‖ = 0.0012136267485857125  ‖vε - vref‖ = 0.6417593181243246  α = 1.1e-5
 44   -137.8441884741       -9.56       -1.70    14.4s
    ‖ρε - ρref‖ = 0.003074501325572869 ‖Δρ‖ = 0.003074566946450594  ‖vε - vref‖ = 0.6403245578026441  α = 4.11e-6
 45   -137.8441884743       -9.83       -2.36    15.0s
    ‖ρε - ρref‖ = 0.0007005839535235908 ‖Δρ‖ = 0.0007003263928894917  ‖vε - vref‖ = 0.6395509581987823  α = 1.33e-5
 46   -137.8441884744       -9.83       -2.08    14.3s
    ‖ρε - ρref‖ = 0.0014537634982135816 ‖Δρ‖ = 0.0014539885117918795  ‖vε - vref‖ = 0.6388182864817472  α = 6.38e-6
 47   -137.8441884747       -9.64       -2.08    14.6s
    ‖ρε - ρref‖ = 0.0014826437021664422 ‖Δρ‖ = 0.0014812554957483303  ‖vε - vref‖ = 0.6378002962574191  α = 7.53e-6
 48   -137.8441884748       -9.81       -1.66    13.9s
    ‖ρε - ρref‖ = 0.004053664822779336 ‖Δρ‖ = 0.004055053793653155  ‖vε - vref‖ = 0.6369920498927595  α = 2.22e-6
 49   -137.8441884750       -9.81       -2.38    12.8s
    ‖ρε - ρref‖ = 0.0007914545778026723 ‖Δρ‖ = 0.0007914767562118095  ‖vε - vref‖ = 0.6363145382360802  α = 1.07e-5
 50   -137.8441884754       -9.42       -2.24    14.4s
    ‖ρε - ρref‖ = 0.0008767752581359898 ‖Δρ‖ = 0.0008767274183746506  ‖vε - vref‖ = 0.634319348170272  α = 1.65e-5
 51   -137.8441884755       -9.77       -2.23    14.3s
    ‖ρε - ρref‖ = 0.0010046194813213573 ‖Δρ‖ = 0.001004610301012094  ‖vε - vref‖ = 0.6335480666390503  α = 9.63e-6
 52   -137.8441884756       -9.94       -1.66    15.1s
    ‖ρε - ρref‖ = 0.0038323288411011725 ‖Δρ‖ = 0.003832200349594459  ‖vε - vref‖ = 0.6329145758878789  α = 2.08e-6
 53   -137.8441884758       -9.69       -2.49    13.0s
    ‖ρε - ρref‖ = 0.00041586956479348317 ‖Δρ‖ = 0.0004158528638166007  ‖vε - vref‖ = 0.6319015863461631  α = 2.67e-5
 54   -137.8441884761       -9.56       -2.44    13.2s
    ‖ρε - ρref‖ = 0.0005253790402261651 ‖Δρ‖ = 0.0005253012477616155  ‖vε - vref‖ = 0.6307028471301246  α = 2.32e-5
 55   -137.8441884762      -10.00       -2.18    13.8s
    ‖ρε - ρref‖ = 0.0011579790092321406 ‖Δρ‖ = 0.0011579861032374559  ‖vε - vref‖ = 0.6301100891314638  α = 6.39e-6
 56   -137.8441884763       -9.97       -2.08    13.5s
    ‖ρε - ρref‖ = 0.001449794438657922 ‖Δρ‖ = 0.0014498120016359821  ‖vε - vref‖ = 0.6296086773663688  α = 5.29e-6
 57   -137.8441884765       -9.85       -2.40    15.0s
    ‖ρε - ρref‖ = 0.0007005443180822763 ‖Δρ‖ = 0.0007002578525264969  ‖vε - vref‖ = 0.6288455027045796  α = 1.26e-5
 58   -137.8441884766       -9.92       -2.27    15.3s
    ‖ρε - ρref‖ = 0.0009530083428411357 ‖Δρ‖ = 0.0009535285147251285  ‖vε - vref‖ = 0.6282464372371183  α = 8.77e-6
 59   -137.8441884767       -9.86       -1.95    13.6s
    ‖ρε - ρref‖ = 0.0018997252125635398 ‖Δρ‖ = 0.0018985855135778445  ‖vε - vref‖ = 0.6276973880244043  α = 4.67e-6
 60   -137.8441884768      -10.12       -1.90    14.3s
    ‖ρε - ρref‖ = 0.0026048903275674197 ‖Δρ‖ = 0.0026063626885629463  ‖vε - vref‖ = 0.627281363597506  α = 2.42e-6
 61   -137.8441884770       -9.63       -2.28    13.4s
    ‖ρε - ρref‖ = 0.0007337324566143642 ‖Δρ‖ = 0.0007335032602679768  ‖vε - vref‖ = 0.626156537871966  α = 1.59e-5
 62   -137.8441884772       -9.90       -2.32    13.5s
    ‖ρε - ρref‖ = 0.0008514831017439162 ‖Δρ‖ = 0.0008512505092447777  ‖vε - vref‖ = 0.6256181237374925  α = 9.23e-6
 63   -137.8441884773      -10.00       -2.31    14.1s
    ‖ρε - ρref‖ = 0.0008648172584670279 ‖Δρ‖ = 0.0008649645304574608  ‖vε - vref‖ = 0.6250877642993861  α = 8.1e-6
 64   -137.8441884773      -10.41       -1.96    15.1s
    ‖ρε - ρref‖ = 0.002434675940337215 ‖Δρ‖ = 0.0024346859386071493  ‖vε - vref‖ = 0.6248893318532226  α = 1.9e-6
 65   -137.8441884774       -9.94       -2.51    14.1s
    ‖ρε - ρref‖ = 0.0004500573645868849 ‖Δρ‖ = 0.00045010108593905384  ‖vε - vref‖ = 0.6243489596486106  α = 1.83e-5
 66   -137.8441884776       -9.79       -2.59    13.9s
    ‖ρε - ρref‖ = 0.00032932611362887867 ‖Δρ‖ = 0.0003291317592342094  ‖vε - vref‖ = 0.6236479236473632  α = 2.98e-5
 67   -137.8441884777      -10.01       -2.50    13.6s
    ‖ρε - ρref‖ = 0.0004899078649678583 ‖Δρ‖ = 0.0004899044313051951  ‖vε - vref‖ = 0.6231922672396818  α = 1.57e-5
 68   -137.8441884777      -10.18       -2.06    13.0s
    ‖ρε - ρref‖ = 0.0015066521603460889 ‖Δρ‖ = 0.001506675324805158  ‖vε - vref‖ = 0.6228892154859879  α = 4.14e-6
 69   -137.8441884778       -9.96       -2.29    14.1s
    ‖ρε - ρref‖ = 0.0007227748847445948 ‖Δρ‖ = 0.0007226562460980583  ‖vε - vref‖ = 0.6224199382128728  α = 1.1e-5
 70   -137.8441884779      -10.50       -2.57    13.8s
    ‖ρε - ρref‖ = 0.00054740327270168 ‖Δρ‖ = 0.0005482112534251437  ‖vε - vref‖ = 0.6222735169866774  α = 7.48e-6
 71   -137.8441884779      -10.39       -2.30    13.7s
    ‖ρε - ρref‖ = 0.0009837562082712782 ‖Δρ‖ = 0.0009824759277896854  ‖vε - vref‖ = 0.6221293756165603  α = 4.92e-6
 72   -137.8441884780      -10.23       -2.12    15.0s
    ‖ρε - ρref‖ = 0.0013788309226257728 ‖Δρ‖ = 0.0013800010535895977  ‖vε - vref‖ = 0.6218776096500962  α = 4.15e-6
 73   -137.8441884781       -9.97       -2.22    13.9s
    ‖ρε - ρref‖ = 0.0009976066011649412 ‖Δρ‖ = 0.0009972432425876378  ‖vε - vref‖ = 0.6214108150280301  α = 7.71e-6
 74   -137.8441884782      -10.01       -2.52    13.2s
    ‖ρε - ρref‖ = 0.00046149199600085456 ‖Δρ‖ = 0.0004614037939288159  ‖vε - vref‖ = 0.6210315234250441  α = 1.58e-5
 75   -137.8441884782      -10.27       -2.43    14.7s
    ‖ρε - ρref‖ = 0.0007730537997632648 ‖Δρ‖ = 0.0007731778453380083  ‖vε - vref‖ = 0.6207897623123855  α = 6.42e-6
 76   -137.8441884783      -10.35       -2.01    14.1s
    ‖ρε - ρref‖ = 0.00193713768985734 ‖Δρ‖ = 0.0019370876600624672  ‖vε - vref‖ = 0.6206069155242818  α = 2.55e-6
 77   -137.8441884783      -10.24       -2.41    15.0s
    ‖ρε - ρref‖ = 0.0006602766894066467 ‖Δρ‖ = 0.0006600606182364748  ‖vε - vref‖ = 0.6203626891900261  α = 8.48e-6
 78   -137.8441884785       -9.94       -2.65    14.0s
    ‖ρε - ρref‖ = 0.00029134143911330364 ‖Δρ‖ = 0.00029145986605385096  ‖vε - vref‖ = 0.6199335582555329  α = 2.82e-5
 79   -137.8441884785      -10.17       -2.70    13.9s
    ‖ρε - ρref‖ = 0.0002920382716553954 ‖Δρ‖ = 0.00029179726161115635  ‖vε - vref‖ = 0.6196614081961805  α = 2.16e-5
 80   -137.8441884785      -10.67       -2.34    12.6s
    ‖ρε - ρref‖ = 0.0008439025496552754 ‖Δρ‖ = 0.0008438958104883414  ‖vε - vref‖ = 0.6195748159161613  α = 4.21e-6
 81   -137.8441884786      -10.27       -2.50    13.3s
    ‖ρε - ρref‖ = 0.0004838583718008326 ‖Δρ‖ = 0.0004838768272738488  ‖vε - vref‖ = 0.6193846782909809  α = 1.16e-5
 82   -137.8441884787      -10.04       -2.67    15.0s
    ‖ρε - ρref‖ = 0.0003493404795893009 ‖Δρ‖ = 0.00035029358833218164  ‖vε - vref‖ = 0.619081300169552  α = 2.03e-5
 83   -137.8441884787      -10.22       -1.89    14.3s
    ‖ρε - ρref‖ = 0.002361752208582811 ‖Δρ‖ = 0.002360314221514191  ‖vε - vref‖ = 0.6188879814966971  α = 2.47e-6
 84   -137.8441884788      -10.53       -2.18    14.6s
    ‖ρε - ρref‖ = 0.0013388469385876038 ‖Δρ‖ = 0.0013397294592165131  ‖vε - vref‖ = 0.6187691595662427  α = 3.08e-6
 85   -137.8441884788      -10.24       -2.50    14.5s
    ‖ρε - ρref‖ = 0.000481156053906294 ‖Δρ‖ = 0.00048089533331070305  ‖vε - vref‖ = 0.6185935890301932  α = 1.16e-5
 86   -137.8441884789      -10.27       -2.55    15.0s
    ‖ρε - ρref‖ = 0.0004787358481936437 ‖Δρ‖ = 0.00047875738349829574  ‖vε - vref‖ = 0.6183911823816762  α = 1.08e-5
 87   -137.8441884789      -10.59       -2.57    13.5s
    ‖ρε - ρref‖ = 0.0005901005896558436 ‖Δρ‖ = 0.0005901091482952306  ‖vε - vref‖ = 0.6183180257988681  α = 6.09e-6
 88   -137.8441884790      -10.32       -2.11    13.8s
    ‖ρε - ρref‖ = 0.0013394900192172233 ‖Δρ‖ = 0.0013392865905869319  ‖vε - vref‖ = 0.6181555988840911  α = 3.89e-6
 89   -137.8441884790      -10.35       -2.52    14.9s
    ‖ρε - ρref‖ = 0.0005239824663831252 ‖Δρ‖ = 0.0005236679141919402  ‖vε - vref‖ = 0.6180127505440778  α = 9.17e-6
 90   -137.8441884791      -10.20       -2.60    13.4s
    ‖ρε - ρref‖ = 0.0003808662986474386 ‖Δρ‖ = 0.0003811083518996012  ‖vε - vref‖ = 0.6178032095684849  α = 1.57e-5
 91   -137.8441884792      -10.00       -2.65    13.8s
    ‖ρε - ρref‖ = 0.0003092279367445268 ‖Δρ‖ = 0.00030925464090773077  ‖vε - vref‖ = 0.6174882845667574  α = 2.47e-5
 92   -137.8441884792      -10.63       -2.53    13.0s
    ‖ρε - ρref‖ = 0.0005585486902833407 ‖Δρ‖ = 0.0005585805086428203  ‖vε - vref‖ = 0.6174146779486034  α = 6.67e-6
 93   -137.8441884792      -10.30       -2.34    15.2s
    ‖ρε - ρref‖ = 0.0007203466733356553 ‖Δρ‖ = 0.0007202191302211193  ‖vε - vref‖ = 0.617278539374906  α = 7.53e-6
 94   -137.8441884793      -10.43       -2.62    13.8s
    ‖ρε - ρref‖ = 0.0003585556363210955 ‖Δρ‖ = 0.0003593147792729774  ‖vε - vref‖ = 0.6171867246221769  α = 1.29e-5
 95   -137.8441884793      -10.78       -2.23    14.4s
    ‖ρε - ρref‖ = 0.0013521905094536974 ‖Δρ‖ = 0.00135048292558358  ‖vε - vref‖ = 0.617157054515748  α = 2.2e-6
 96   -137.8441884793      -10.47       -2.52    13.5s
    ‖ρε - ρref‖ = 0.0004991287787938589 ‖Δρ‖ = 0.0004996419564096885  ‖vε - vref‖ = 0.61706900928739  α = 8.95e-6
 97   -137.8441884794      -10.30       -2.23    14.3s
    ‖ρε - ρref‖ = 0.0008880755497596007 ‖Δρ‖ = 0.000887834825924975  ‖vε - vref‖ = 0.6169549559805717  α = 6.08e-6
 98   -137.8441884794      -10.25       -2.76    13.7s
    ‖ρε - ρref‖ = 0.00026508973852297274 ‖Δρ‖ = 0.000265138679958334  ‖vε - vref‖ = 0.616828085236053  α = 2.1e-5
 99   -137.8441884795      -10.70       -2.41    13.4s
    ‖ρε - ρref‖ = 0.0009273002935058132 ‖Δρ‖ = 0.0009273470584832581  ‖vε - vref‖ = 0.6167713930000328  α = 3.37e-6
 100   -137.8441884795      -10.51       -2.24    14.5s
    ‖ρε - ρref‖ = 0.001033304764134554 ‖Δρ‖ = 0.0010331618117484305  ‖vε - vref‖ = 0.616702846800353  α = 4.03e-6
 101   -137.8441884795      -10.31       -2.69    13.8s
    ‖ρε - ρref‖ = 0.0003144096430905282 ‖Δρ‖ = 0.0003142573866617202  ‖vε - vref‖ = 0.6166047329285766  α = 1.61e-5
 102   -137.8441884796      -10.36       -2.54    13.1s
    ‖ρε - ρref‖ = 0.00047385111719822277 ‖Δρ‖ = 0.00047415555988005934  ‖vε - vref‖ = 0.6164980727841919  α = 9.97e-6
 103   -137.8441884796      -10.51       -2.75    13.7s
    ‖ρε - ρref‖ = 0.00033228055753034504 ‖Δρ‖ = 0.0003322445853423284  ‖vε - vref‖ = 0.6164400864052019  α = 1.21e-5
 104   -137.8441884797      -10.35       -2.76    14.2s
    ‖ρε - ρref‖ = 0.000250483269707747 ‖Δρ‖ = 0.0002505554746427801  ‖vε - vref‖ = 0.6163590908890245  α = 2.08e-5
 105   -137.8441884797      -10.45       -2.18    14.2s
    ‖ρε - ρref‖ = 0.001153866386208895 ‖Δρ‖ = 0.0011537240724512389  ‖vε - vref‖ = 0.6162910856393885  α = 3.92e-6
 106   -137.8441884798      -10.22       -2.58    13.3s
    ‖ρε - ρref‖ = 0.0003715793785772317 ‖Δρ‖ = 0.00037197471354997455  ‖vε - vref‖ = 0.6161776155910998  α = 1.59e-5
 107   -137.8441884798      -10.93       -2.22    14.3s
    ‖ρε - ρref‖ = 0.0014124996015322537 ‖Δρ‖ = 0.0014106183223630102  ‖vε - vref‖ = 0.6161639372576083  α = 1.78e-6
 108   -137.8441884798      -10.50       -2.63    15.0s
    ‖ρε - ρref‖ = 0.0003455470499573 ‖Δρ‖ = 0.0003460248807363718  ‖vε - vref‖ = 0.6161120120764465  α = 1.26e-5
 109   -137.8441884798      -10.68       -2.36    14.2s
    ‖ρε - ρref‖ = 0.0008039120869368515 ‖Δρ‖ = 0.0008038533991936322  ‖vε - vref‖ = 0.6160859572406867  α = 4.39e-6
 110   -137.8441884799      -10.22       -2.80    13.5s
    ‖ρε - ρref‖ = 0.0002324322777240517 ‖Δρ‖ = 0.00023251899662122372  ‖vε - vref‖ = 0.6160152316586938  α = 2.55e-5
 111   -137.8441884799      -11.06       -2.48    15.1s
    ‖ρε - ρref‖ = 0.0008862868901359862 ‖Δρ‖ = 0.0008863535804359323  ‖vε - vref‖ = 0.6160093547474974  α = 2.37e-6
 112   -137.8441884799      -10.53       -2.55    14.5s
    ‖ρε - ρref‖ = 0.0004612661273369119 ‖Δρ‖ = 0.0004610948371876278  ‖vε - vref‖ = 0.6159804054553113  α = 9.08e-6
 113   -137.8441884800      -10.32       -2.62    13.8s
    ‖ρε - ρref‖ = 0.0003527117363720586 ‖Δρ‖ = 0.0003525082825029391  ‖vε - vref‖ = 0.6159555933489839  α = 1.39e-5
 114   -137.8441884800      -10.37       -2.55    14.9s
    ‖ρε - ρref‖ = 0.000452579434443193 ‖Δρ‖ = 0.0004526237911110717  ‖vε - vref‖ = 0.6158971631359017  α = 1.05e-5
 115   -137.8441884800      -10.60       -2.79    14.2s
    ‖ρε - ρref‖ = 0.0003062320708302017 ‖Δρ‖ = 0.0003060020684759494  ‖vε - vref‖ = 0.6158932297637739  α = 1.13e-5
 116   -137.8441884801      -10.31       -2.71    13.1s
    ‖ρε - ρref‖ = 0.00027001247688308015 ‖Δρ‖ = 0.0002702482347009185  ‖vε - vref‖ = 0.6158393084143573  α = 1.97e-5
 117   -137.8441884801      -10.63       -2.18    14.7s
    ‖ρε - ρref‖ = 0.0010740045672523407 ‖Δρ‖ = 0.0010739218701337767  ‖vε - vref‖ = 0.6158215077033288  α = 3.42e-6
 118   -137.8441884801      -10.51       -2.60    14.6s
    ‖ρε - ρref‖ = 0.0003800339732615468 ‖Δρ‖ = 0.00038059933751893144  ‖vε - vref‖ = 0.6158001814380393  α = 1.12e-5
 119   -137.8441884801      -11.04       -2.36    14.5s
    ‖ρε - ρref‖ = 0.0010063064136499962 ‖Δρ‖ = 0.0010044807921810947  ‖vε - vref‖ = 0.6158029191931348  α = 2.2e-6
 120   -137.8441884802      -10.48       -2.61    13.9s
    ‖ρε - ρref‖ = 0.0003673198645095886 ‖Δρ‖ = 0.00036783129563638933  ‖vε - vref‖ = 0.6157764900945382  α = 1.18e-5
 121   -137.8441884802      -11.00       -2.59    14.6s
    ‖ρε - ρref‖ = 0.0004745378118059701 ‖Δρ‖ = 0.00047443162634800513  ‖vε - vref‖ = 0.6157761520996835  α = 5.07e-6
 122   -137.8441884802      -10.47       -2.67    14.8s
    ‖ρε - ρref‖ = 0.0002740596723923342 ‖Δρ‖ = 0.0002739145806810965  ‖vε - vref‖ = 0.6157788336112139  α = 1.66e-5
 123   -137.8441884802      -11.00       -2.64    14.6s
    ‖ρε - ρref‖ = 0.0005394875785090138 ‖Δρ‖ = 0.000539480387463451  ‖vε - vref‖ = 0.6157901987123713  α = 4.15e-6
 124   -137.8441884803      -10.34       -2.34    14.1s
    ‖ρε - ρref‖ = 0.0005972703683425451 ‖Δρ‖ = 0.0005970495240037776  ‖vε - vref‖ = 0.6158173351032306  α = 8.63e-6
 125   -137.8441884803      -10.67       -2.78    13.6s
    ‖ρε - ρref‖ = 0.0002745257739402057 ‖Δρ‖ = 0.00027460728628166234  ‖vε - vref‖ = 0.6158212341721386  α = 1.19e-5
 126   -137.8441884803      -10.59       -2.83    13.2s
    ‖ρε - ρref‖ = 0.000265294514679581 ‖Δρ‖ = 0.0002654855413695264  ‖vε - vref‖ = 0.6158243685809743  α = 1.36e-5
 127   -137.8441884804      -10.40       -2.61    14.4s
    ‖ρε - ρref‖ = 0.00034720118436533767 ‖Δρ‖ = 0.00034709774910315205  ‖vε - vref‖ = 0.6158539777830236  α = 1.37e-5
 128   -137.8441884804      -10.76       -2.80    14.7s
    ‖ρε - ρref‖ = 0.00028248878893205554 ‖Δρ‖ = 0.0002828208242832499  ‖vε - vref‖ = 0.6158663807079123  α = 1.08e-5
 129   -137.8441884804      -10.73       -2.46    14.5s
    ‖ρε - ρref‖ = 0.0005580655558215271 ‖Δρ‖ = 0.0005579407164389512  ‖vε - vref‖ = 0.6158895415120107  α = 5.96e-6
 130   -137.8441884804      -10.49       -2.45    13.9s
    ‖ρε - ρref‖ = 0.0005290314729988017 ‖Δρ‖ = 0.0005296119525069935  ‖vε - vref‖ = 0.615894459017207  α = 8.05e-6
 131   -137.8441884804      -11.13       -2.42    14.6s
    ‖ρε - ρref‖ = 0.0009203310216397853 ‖Δρ‖ = 0.0009184142022533071  ‖vε - vref‖ = 0.6159172851787567  α = 2.15e-6
 132   -137.8441884805      -10.37       -2.69    14.5s
    ‖ρε - ρref‖ = 0.0002799275596053349 ‖Δρ‖ = 0.0002801193660175281  ‖vε - vref‖ = 0.6159604338475616  α = 1.79e-5
 133   -137.8441884805      -10.73       -2.54    13.3s
    ‖ρε - ρref‖ = 0.0004922596694210419 ‖Δρ‖ = 0.0004921090798580861  ‖vε - vref‖ = 0.6159862946791085  α = 6.79e-6
 134   -137.8441884805      -10.74       -2.41    13.8s
    ‖ρε - ρref‖ = 0.0005968258587294447 ‖Δρ‖ = 0.0005967537551614276  ‖vε - vref‖ = 0.61601080012857  α = 5.43e-6
 135   -137.8441884805      -11.22       -2.85    13.8s
    ‖ρε - ρref‖ = 0.000324055855224966 ‖Δρ‖ = 0.0003241185695246898  ‖vε - vref‖ = 0.6160274395535384  α = 5.64e-6
 136   -137.8441884806      -10.46       -2.50    13.1s
    ‖ρε - ρref‖ = 0.0004838425307014632 ‖Δρ‖ = 0.0004837773921192978  ‖vε - vref‖ = 0.6160861341580404  α = 9.0e-6
 137   -137.8441884806      -10.37       -2.83    13.7s
    ‖ρε - ρref‖ = 0.00019464150754735645 ‖Δρ‖ = 0.000194786855797119  ‖vε - vref‖ = 0.6161768892757841  α = 2.55e-5
 138   -137.8441884806      -10.50       -2.61    14.3s
    ‖ρε - ρref‖ = 0.00036715163607466426 ‖Δρ‖ = 0.0003672157369999089  ‖vε - vref‖ = 0.6162470542251716  α = 1.12e-5
 139   -137.8441884807      -10.70       -2.69    13.8s
    ‖ρε - ρref‖ = 0.0003626000170964846 ‖Δρ‖ = 0.00036236465114127626  ‖vε - vref‖ = 0.6162721806694573  α = 8.38e-6
 140   -137.8441884807      -10.48       -2.89    14.8s
    ‖ρε - ρref‖ = 0.00019830194361589808 ‖Δρ‖ = 0.00019840629644745004  ‖vε - vref‖ = 0.6163569829281652  α = 2.16e-5
 141   -137.8441884807      -10.77       -2.28    13.7s
    ‖ρε - ρref‖ = 0.0008888286613501448 ‖Δρ‖ = 0.0008884433794064002  ‖vε - vref‖ = 0.6163992815186746  α = 3.55e-6
 142   -137.8441884807      -10.88       -2.64    14.2s
    ‖ρε - ρref‖ = 0.0004175531077545678 ‖Δρ‖ = 0.00041843541859927974  ‖vε - vref‖ = 0.6164142699369863  α = 6.41e-6
 143   -137.8441884807      -11.22       -2.48    14.7s
    ‖ρε - ρref‖ = 0.0007695410183604283 ‖Δρ‖ = 0.0007678125790618575  ‖vε - vref‖ = 0.6164472502652494  α = 2.3e-6
 144   -137.8441884807      -10.72       -2.78    13.7s
    ‖ρε - ρref‖ = 0.00026417330430659195 ‖Δρ‖ = 0.00026465723954476235  ‖vε - vref‖ = 0.6164879905084407  α = 1.23e-5
 145   -137.8441884808      -10.72       -2.80    13.7s
    ‖ρε - ρref‖ = 0.00025682950804566633 ‖Δρ‖ = 0.0002566464916957522  ‖vε - vref‖ = 0.6165453815356119  α = 1.31e-5
 146   -137.8441884808      -10.86       -2.43    14.3s
    ‖ρε - ρref‖ = 0.0006191307608222398 ‖Δρ‖ = 0.000619009404753776  ‖vε - vref‖ = 0.6165859251781531  α = 4.63e-6
 147   -137.8441884808      -10.96       -2.72    14.6s
    ‖ρε - ρref‖ = 0.0004011028659416731 ‖Δρ‖ = 0.00040122358503549756  ‖vε - vref‖ = 0.6166319940351115  α = 6.04e-6
 148   -137.8441884808      -10.67       -2.24    13.8s
    ‖ρε - ρref‖ = 0.00086873346054811 ‖Δρ‖ = 0.0008687838199944624  ‖vε - vref‖ = 0.6166933636355793  α = 4.03e-6
 149   -137.8441884808      -10.41       -2.90    12.8s
    ‖ρε - ρref‖ = 0.00016766941639182533 ‖Δρ‖ = 0.00016770502240920297  ‖vε - vref‖ = 0.6168292005124433  α = 2.86e-5
 150   -137.8441884809      -10.72       -2.71    14.2s
    ‖ρε - ρref‖ = 0.0002609566154380109 ‖Δρ‖ = 0.00026096717185189206  ‖vε - vref‖ = 0.6168994169705541  α = 1.3e-5
 151   -137.8441884809      -10.91       -3.05    14.9s
    ‖ρε - ρref‖ = 0.00015269397923695362 ‖Δρ‖ = 0.0001523558537906296  ‖vε - vref‖ = 0.6169604339318157  α = 1.59e-5
 152   -137.8441884809      -10.57       -2.71    12.9s
    ‖ρε - ρref‖ = 0.0002753440956231852 ‖Δρ‖ = 0.000275314720890833  ‖vε - vref‖ = 0.6170601433629114  α = 1.39e-5
 153   -137.8441884809      -10.80       -2.49    13.3s
    ‖ρε - ρref‖ = 0.0005579159860771558 ‖Δρ‖ = 0.0005574009835045518  ‖vε - vref‖ = 0.6171316759861143  α = 5.39e-6
 154   -137.8441884809      -10.61       -2.45    13.5s
    ‖ρε - ρref‖ = 0.0005888180397192453 ‖Δρ‖ = 0.0005898626930524807  ‖vε - vref‖ = 0.6172303256944407  α = 6.26e-6
 155   -137.8441884810      -11.06       -2.32    13.1s
    ‖ρε - ρref‖ = 0.0010722482823547306 ‖Δρ‖ = 0.0010706978942748692  ‖vε - vref‖ = 0.6172879283684088  α = 1.99e-6
 156   -137.8441884810      -10.56       -2.83    14.0s
    ‖ρε - ρref‖ = 0.00021164009956447057 ‖Δρ‖ = 0.00021206837645007957  ‖vε - vref‖ = 0.6174076307131506  α = 1.77e-5
 157   -137.8441884810      -10.76       -2.65    14.5s
    ‖ρε - ρref‖ = 0.0003676969162368018 ‖Δρ‖ = 0.0003674884653370512  ‖vε - vref‖ = 0.6174843072064424  α = 8.7e-6
 158   -137.8441884810      -10.93       -2.59    13.6s
    ‖ρε - ρref‖ = 0.0004738291830080525 ‖Δρ‖ = 0.0004737103111305485  ‖vε - vref‖ = 0.6175331708822202  α = 5.42e-6
 159   -137.8441884810      -10.89       -2.55    14.0s
    ‖ρε - ρref‖ = 0.0005440139226931171 ‖Δρ‖ = 0.0005441315808215653  ‖vε - vref‖ = 0.617599235895454  α = 4.88e-6
 160   -137.8441884810      -10.77       -2.30    13.8s
    ‖ρε - ρref‖ = 0.0008780169364909525 ‖Δρ‖ = 0.0008780605241630842  ‖vε - vref‖ = 0.6176682263028291  α = 3.49e-6
 161   -137.8441884811      -10.37       -2.94    13.7s
    ‖ρε - ρref‖ = 0.0001525447811393079 ‖Δρ‖ = 0.00015248338792121338  ‖vε - vref‖ = 0.6178642862022139  α = 3.27e-5
 162   -137.8441884811      -10.67       -2.85    13.2s
    ‖ρε - ρref‖ = 0.0002019590542980965 ‖Δρ‖ = 0.00020201406022819006  ‖vε - vref‖ = 0.61798218103504  α = 1.76e-5
 163   -137.8441884811      -10.73       -2.86    13.8s
    ‖ρε - ρref‖ = 0.00019707749277549566 ‖Δρ‖ = 0.00019701862124377092  ‖vε - vref‖ = 0.6180904945157096  α = 1.61e-5
 164   -137.8441884811      -10.99       -2.82    14.7s
    ‖ρε - ρref‖ = 0.00027550191782575533 ‖Δρ‖ = 0.0002757234413991398  ‖vε - vref‖ = 0.6181437363249433  α = 8.38e-6
 165   -137.8441884811      -10.89       -2.64    14.7s
    ‖ρε - ρref‖ = 0.0003576426453535453 ‖Δρ‖ = 0.00035686733972840797  ‖vε - vref‖ = 0.6182290426640406  α = 7.74e-6
 166   -137.8441884812      -10.72       -2.36    13.9s
    ‖ρε - ρref‖ = 0.0006285017912989068 ‖Δρ‖ = 0.0006295119756255169  ‖vε - vref‖ = 0.6183257541728966  α = 5.14e-6
 167   -137.8441884812      -10.97       -2.27    14.5s
    ‖ρε - ρref‖ = 0.000999955243186779 ‖Δρ‖ = 0.0009985114884330302  ‖vε - vref‖ = 0.6183971106199442  α = 2.4e-6
 168   -137.8441884812      -10.60       -2.71    14.5s
    ‖ρε - ρref‖ = 0.0002874243350764499 ‖Δρ‖ = 0.000287772892742638  ‖vε - vref‖ = 0.6185406997534844  α = 1.31e-5
 169   -137.8441884812      -10.83       -2.86    14.2s
    ‖ρε - ρref‖ = 0.00023220255294400377 ‖Δρ‖ = 0.0002321831780553669  ‖vε - vref‖ = 0.6186320362168988  α = 1.24e-5
 170   -137.8441884812      -11.09       -2.53    14.2s
    ‖ρε - ρref‖ = 0.0005232335856969021 ‖Δρ‖ = 0.0005232483282902609  ‖vε - vref‖ = 0.618680412034977  α = 4.12e-6
 171   -137.8441884812      -11.14       -2.61    14.2s
    ‖ρε - ρref‖ = 0.000515967587855502 ‖Δρ‖ = 0.0005161471790449852  ‖vε - vref‖ = 0.6187268857194937  α = 3.9e-6
 172   -137.8441884812      -10.73       -2.54    14.2s
    ‖ρε - ρref‖ = 0.0004801969312081147 ‖Δρ‖ = 0.0004802812163613398  ‖vε - vref‖ = 0.6188405519973  α = 6.55e-6
 173   -137.8441884813      -10.69       -2.71    14.3s
    ‖ρε - ρref‖ = 0.0003218736491181914 ‖Δρ‖ = 0.0003216769674980801  ‖vε - vref‖ = 0.6189601148515672  α = 1.05e-5
 174   -137.8441884813      -10.55       -3.10    14.9s
    ‖ρε - ρref‖ = 0.00011032462183366462 ‖Δρ‖ = 0.00011039543461707661  ‖vε - vref‖ = 0.6191468379637289  α = 3.63e-5
 175   -137.8441884813      -10.46       -2.72    14.7s
    ‖ρε - ρref‖ = 0.0002528639434497495 ‖Δρ‖ = 0.0002527664190331019  ‖vε - vref‖ = 0.6193778661714641  α = 1.81e-5
 176   -137.8441884814      -10.57       -2.87    14.8s
    ‖ρε - ρref‖ = 0.00019591526134972532 ‖Δρ‖ = 0.00019627119810964504  ‖vε - vref‖ = 0.6195734545733658  α = 1.93e-5
 177   -137.8441884814      -10.69       -2.30    13.8s
    ‖ρε - ρref‖ = 0.0008243555062497866 ‖Δρ‖ = 0.0008234999781833154  ‖vε - vref‖ = 0.6197235325607311  α = 4.19e-6
 178   -137.8441884814      -10.89       -2.47    13.1s
    ‖ρε - ρref‖ = 0.0007297555573043977 ‖Δρ‖ = 0.000731146040437319  ‖vε - vref‖ = 0.6197930703927722  α = 3.45e-6
 179   -137.8441884814      -10.83       -2.39    14.4s
    ‖ρε - ρref‖ = 0.0007119436768491141 ‖Δρ‖ = 0.0007108336487449603  ‖vε - vref‖ = 0.6199178579321815  α = 4.01e-6
 180   -137.8441884814      -10.45       -2.48    14.9s
    ‖ρε - ρref‖ = 0.00042434422772533035 ‖Δρ‖ = 0.00042450712952651567  ‖vε - vref‖ = 0.6201376932598839  α = 1.04e-5
 181   -137.8441884815      -10.70       -2.90    13.3s
    ‖ρε - ρref‖ = 0.00020665865348476643 ‖Δρ‖ = 0.00020669673173568826  ‖vε - vref‖ = 0.6202872910077262  α = 1.63e-5
 182   -137.8441884815      -11.11       -2.47    13.2s
    ‖ρε - ρref‖ = 0.0007048650606554846 ‖Δρ‖ = 0.0007048510989380358  ‖vε - vref‖ = 0.6203400689810136  α = 2.82e-6
 183   -137.8441884815      -11.26       -2.61    14.1s
    ‖ρε - ρref‖ = 0.0005168860941818005 ‖Δρ‖ = 0.0005170060318658955  ‖vε - vref‖ = 0.6203845075667501  α = 3.46e-6
 184   -137.8441884815      -10.84       -2.72    13.4s
    ‖ρε - ρref‖ = 0.00031478793726613137 ‖Δρ‖ = 0.0003147727186627589  ‖vε - vref‖ = 0.6204995871716251  α = 8.8e-6
 185   -137.8441884815      -10.49       -2.79    14.7s
    ‖ρε - ρref‖ = 0.0002221304952558146 ‖Δρ‖ = 0.000221909036564455  ‖vε - vref‖ = 0.6207247112507754  α = 1.93e-5
 186   -137.8441884815      -10.61       -2.66    14.3s
    ‖ρε - ρref‖ = 0.0003257589970921757 ‖Δρ‖ = 0.0003259890896897658  ‖vε - vref‖ = 0.6208980062003944  α = 1.15e-5
 187   -137.8441884816      -10.60       -2.99    13.8s
    ‖ρε - ρref‖ = 0.00015217051653768874 ‖Δρ‖ = 0.000152071872092653  ‖vε - vref‖ = 0.6210873678310537  α = 2.53e-5
 188   -137.8441884816      -10.49       -2.86    13.0s
    ‖ρε - ρref‖ = 0.00019271803635971922 ‖Δρ‖ = 0.00019307479671798984  ‖vε - vref‖ = 0.6213234419965423  α = 2.21e-5
 189   -137.8441884816      -10.86       -2.32    14.3s
    ‖ρε - ρref‖ = 0.0008558033357320407 ‖Δρ‖ = 0.0008546375017084526  ‖vε - vref‖ = 0.6214352248372839  α = 3.29e-6
 190   -137.8441884816      -10.83       -2.46    14.9s
    ‖ρε - ρref‖ = 0.0006357398690866398 ‖Δρ‖ = 0.0006370482090451439  ‖vε - vref‖ = 0.6215286346956214  α = 4.33e-6
 191   -137.8441884817      -10.76       -2.31    14.5s
    ‖ρε - ρref‖ = 0.0008188511101655663 ‖Δρ‖ = 0.0008180651184470832  ‖vε - vref‖ = 0.6216654666314928  α = 3.87e-6
 192   -137.8441884817      -10.95       -2.76    14.0s
    ‖ρε - ρref‖ = 0.0003293229192866928 ‖Δρ‖ = 0.0003295854864684895  ‖vε - vref‖ = 0.6217430175691708  α = 6.83e-6
 193   -137.8441884817      -10.56       -2.95    14.2s
    ‖ρε - ρref‖ = 0.0001669228266555874 ‖Δρ‖ = 0.0001669062762055941  ‖vε - vref‖ = 0.6219710369809428  α = 2.38e-5
 194   -137.8441884817      -11.03       -2.48    14.3s
    ‖ρε - ρref‖ = 0.0007016897571192695 ‖Δρ‖ = 0.0007015951424860778  ‖vε - vref‖ = 0.6220387257169849  α = 3.14e-6
 195   -137.8441884817      -10.72       -2.46    14.1s
    ‖ρε - ρref‖ = 0.0006031016318486902 ‖Δρ‖ = 0.0006031349206934358  ‖vε - vref‖ = 0.6221763573799862  α = 5.44e-6
 196   -137.8441884817      -10.84       -2.38    13.7s
    ‖ρε - ρref‖ = 0.000691441315198442 ‖Δρ‖ = 0.0006913619911222324  ‖vε - vref‖ = 0.6222793570957036  α = 4.18e-6
 197   -137.8441884818      -10.56       -2.86    14.3s
    ‖ρε - ρref‖ = 0.00018837278952856489 ‖Δρ‖ = 0.00018817806860493846  ‖vε - vref‖ = 0.6224998083474815  α = 2.14e-5
 198   -137.8441884818      -10.68       -2.80    13.7s
    ‖ρε - ρref‖ = 0.00023882261720908798 ‖Δρ‖ = 0.0002390772127556485  ‖vε - vref‖ = 0.6226637113843477  α = 1.46e-5
 199   -137.8441884818      -10.61       -2.86    13.6s
    ‖ρε - ρref‖ = 0.00022095268437924296 ‖Δρ‖ = 0.00022078159157451824  ‖vε - vref‖ = 0.6228632104369927  α = 1.65e-5
 200   -137.8441884818      -10.56       -2.78    13.6s
    ‖ρε - ρref‖ = 0.0002425469551803156 ‖Δρ‖ = 0.00024269009084342455  ‖vε - vref‖ = 0.6230537289158098  α = 1.55e-5
 201   -137.8441884818      -11.18       -2.67    15.0s
    ‖ρε - ρref‖ = 0.00042653379469796834 ‖Δρ‖ = 0.00042514025207263914  ‖vε - vref‖ = 0.6231148020183667  α = 4.53e-6
 202   -137.8441884819      -10.79       -2.47    14.6s
    ‖ρε - ρref‖ = 0.0005369506331527416 ‖Δρ‖ = 0.0005381693064003287  ‖vε - vref‖ = 0.6232322362774144  α = 5.65e-6
 203   -137.8441884819      -10.97       -2.32    13.9s
    ‖ρε - ρref‖ = 0.0008215297647028736 ‖Δρ‖ = 0.000820989420304037  ‖vε - vref‖ = 0.623318595790259  α = 2.99e-6
 204   -137.8441884819      -10.73       -2.95    13.7s
    ‖ρε - ρref‖ = 0.00017085773682234154 ‖Δρ‖ = 0.00017106333756029262  ‖vε - vref‖ = 0.6234833085391529  α = 1.81e-5
 205   -137.8441884819      -10.56       -2.60    15.0s
    ‖ρε - ρref‖ = 0.00036890061678189354 ‖Δρ‖ = 0.00036876884033849443  ‖vε - vref‖ = 0.6236951448302388  α = 1.06e-5
 206   -137.8441884819      -10.99       -2.51    13.5s
    ‖ρε - ρref‖ = 0.0006678263617492551 ‖Δρ‖ = 0.0006676586703852559  ‖vε - vref‖ = 0.6237804236223018  α = 3.41e-6
 207   -137.8441884819      -10.70       -2.36    14.5s
    ‖ρε - ρref‖ = 0.0006884541020991642 ‖Δρ‖ = 0.0006884275179422091  ‖vε - vref‖ = 0.6239335541045778  α = 4.89e-6
 208   -137.8441884820      -10.93       -2.63    13.6s
    ‖ρε - ρref‖ = 0.00044500148717844005 ‖Δρ‖ = 0.00044491650177955753  ‖vε - vref‖ = 0.6240292623392754  α = 5.87e-6
 209   -137.8441884820      -10.31       -2.64    13.9s
    ‖ρε - ρref‖ = 0.00029389636073775134 ‖Δρ‖ = 0.00029373675421549676  ‖vε - vref‖ = 0.6244215037227843  α = 1.82e-5
 210   -137.8441884820      -10.72       -3.02    14.4s
    ‖ρε - ρref‖ = 0.0001464652806469542 ‖Δρ‖ = 0.00014669568091062833  ‖vε - vref‖ = 0.6245756131431277  α = 2.28e-5
 211   -137.8441884821      -10.52       -2.81    14.4s
    ‖ρε - ρref‖ = 0.00023882703555566708 ‖Δρ‖ = 0.0002388268527478792  ‖vε - vref‖ = 0.6248192496066373  α = 1.72e-5
 212   -137.8441884821      -10.80       -2.78    13.8s
    ‖ρε - ρref‖ = 0.00026440067835765046 ‖Δρ‖ = 0.00026497660881406637  ‖vε - vref‖ = 0.624937289200982  α = 1.07e-5
 213   -137.8441884821      -11.19       -2.69    14.1s
    ‖ρε - ρref‖ = 0.0004384700945905569 ‖Δρ‖ = 0.00043684254510573795  ‖vε - vref‖ = 0.6250000539333729  α = 4.33e-6
 214   -137.8441884821      -10.74       -2.47    13.2s
    ‖ρε - ρref‖ = 0.0005324466456101901 ‖Δρ‖ = 0.0005332140049254172  ‖vε - vref‖ = 0.6251385107099188  α = 6.11e-6
 215   -137.8441884821      -11.04       -2.42    13.4s
    ‖ρε - ρref‖ = 0.0007191199579119591 ‖Δρ‖ = 0.0007185567230171164  ‖vε - vref‖ = 0.6252152770303978  α = 3.16e-6
 216   -137.8441884821      -10.64       -2.85    14.1s
    ‖ρε - ρref‖ = 0.00018884885377039326 ‖Δρ‖ = 0.00018885693091695062  ‖vε - vref‖ = 0.6254161181380621  α = 1.9e-5
 217   -137.8441884821      -11.02       -2.80    14.8s
    ‖ρε - ρref‖ = 0.0003135993526237107 ‖Δρ‖ = 0.00031340866483237664  ‖vε - vref‖ = 0.625494929028609  α = 7.19e-6
 218   -137.8441884821      -11.26       -2.62    14.2s
    ‖ρε - ρref‖ = 0.0005532313262602334 ‖Δρ‖ = 0.0005530106182231653  ‖vε - vref‖ = 0.6255454648476861  α = 2.95e-6
 219   -137.8441884822      -10.83       -2.68    14.2s
    ‖ρε - ρref‖ = 0.00037339136533561234 ‖Δρ‖ = 0.00037337450873306744  ‖vε - vref‖ = 0.6256598494195703  α = 7.48e-6
 220   -137.8441884822      -10.90       -2.68    15.0s
    ‖ρε - ρref‖ = 0.00036295451869757195 ‖Δρ‖ = 0.00036298403400402  ‖vε - vref‖ = 0.6257714079165398  α = 7.39e-6
 221   -137.8441884822      -10.70       -2.59    13.7s
    ‖ρε - ρref‖ = 0.00041359063058843046 ‖Δρ‖ = 0.00041368512659628386  ‖vε - vref‖ = 0.6259416321569634  α = 8.15e-6
 222   -137.8441884822      -10.48       -2.85    14.5s
    ‖ρε - ρref‖ = 0.00018089311564855297 ‖Δρ‖ = 0.00018106220259636848  ‖vε - vref‖ = 0.6262032477199988  α = 2.38e-5
 223   -137.8441884822      -10.74       -2.90    13.8s
    ‖ρε - ρref‖ = 0.000172171786186505 ‖Δρ‖ = 0.00017198536032181377  ‖vε - vref‖ = 0.6263558558711675  α = 1.91e-5
 224   -137.8441884823      -10.54       -2.98    13.7s
    ‖ρε - ρref‖ = 0.00015318285945984723 ‖Δρ‖ = 0.0001536475254429313  ‖vε - vref‖ = 0.6266139649717759  α = 2.58e-5
 225   -137.8441884823      -11.05       -2.45    13.9s
    ‖ρε - ρref‖ = 0.0008091286464676984 ‖Δρ‖ = 0.0008073307129871854  ‖vε - vref‖ = 0.6266940975268631  α = 2.7e-6
 226   -137.8441884823      -10.90       -2.46    14.5s
    ‖ρε - ρref‖ = 0.0006050148994296367 ‖Δρ‖ = 0.0006056671724395564  ‖vε - vref‖ = 0.6267944119970846  α = 4.4e-6
 227   -137.8441884823      -11.18       -2.60    14.8s
    ‖ρε - ρref‖ = 0.00043712436548260577 ‖Δρ‖ = 0.00043676013736558  ‖vε - vref‖ = 0.6268587143365739  α = 4.51e-6
 228   -137.8441884823      -10.83       -2.67    14.9s
    ‖ρε - ρref‖ = 0.00028850768642154007 ‖Δρ‖ = 0.0002887039807149221  ‖vε - vref‖ = 0.6269793676301824  α = 1.0e-5
 229   -137.8441884823      -10.73       -3.00    14.4s
    ‖ρε - ρref‖ = 0.00015767427046059596 ‖Δρ‖ = 0.00015769382238937568  ‖vε - vref‖ = 0.6271434447145336  α = 2.02e-5
 230   -137.8441884823      -10.93       -2.23    14.2s
    ‖ρε - ρref‖ = 0.0011118887599401244 ‖Δρ‖ = 0.0011117973648086948  ‖vε - vref‖ = 0.6272518360994821  α = 2.2e-6
 231   -137.8441884824      -10.97       -2.72    14.5s
    ‖ρε - ρref‖ = 0.0003767420171106128 ‖Δρ‖ = 0.00037689702109454626  ‖vε - vref‖ = 0.6273327818202328  α = 5.86e-6
 232   -137.8441884824      -10.76       -2.83    14.6s
    ‖ρε - ρref‖ = 0.00025974827412977115 ‖Δρ‖ = 0.00025976460456321395  ‖vε - vref‖ = 0.6274839107913042  α = 1.2e-5
 233   -137.8441884824      -10.58       -2.45    14.2s
    ‖ρε - ρref‖ = 0.0005330460545188643 ‖Δρ‖ = 0.0005330054254986172  ‖vε - vref‖ = 0.6276978922616336  α = 7.14e-6
 234   -137.8441884824      -10.54       -2.69    13.8s
    ‖ρε - ρref‖ = 0.0002761853330766627 ‖Δρ‖ = 0.00027620751731947696  ‖vε - vref‖ = 0.6279223149638611  α = 1.47e-5
 235   -137.8441884824      -10.75       -2.91    15.0s
    ‖ρε - ρref‖ = 0.00018118751974124448 ‖Δρ‖ = 0.0001810498918737499  ‖vε - vref‖ = 0.6280821010452706  α = 1.78e-5
 236   -137.8441884825      -10.81       -2.96    13.2s
    ‖ρε - ρref‖ = 0.00015263358606277839 ‖Δρ‖ = 0.00015311184678885496  ‖vε - vref‖ = 0.6282154836955498  α = 1.97e-5
 237   -137.8441884825      -11.47       -2.70    14.0s
    ‖ρε - ρref‖ = 0.00048620210959812564 ‖Δρ‖ = 0.00048427460465573784  ‖vε - vref‖ = 0.6282543101342487  α = 2.68e-6
 238   -137.8441884825      -10.92       -2.69    13.7s
    ‖ρε - ρref‖ = 0.00028744035393757594 ‖Δρ‖ = 0.00028770855563486306  ‖vε - vref‖ = 0.6283545652812088  α = 9.46e-6
 239   -137.8441884825      -11.18       -2.56    13.0s
    ‖ρε - ρref‖ = 0.0004835757275716221 ‖Δρ‖ = 0.00048323871786455815  ‖vε - vref‖ = 0.6284099542177162  α = 4.07e-6
 240   -137.8441884825      -10.98       -2.86    13.9s
    ‖ρε - ρref‖ = 0.00025143453703770454 ‖Δρ‖ = 0.00025156405436235974  ‖vε - vref‖ = 0.6285015426881545  α = 9.11e-6
 241   -137.8441884825      -10.70       -2.87    15.2s
    ‖ρε - ρref‖ = 0.00019563135991857849 ‖Δρ‖ = 0.0001956951719096637  ‖vε - vref‖ = 0.6286761256152442  α = 1.7e-5
 242   -137.8441884825      -11.12       -2.28    13.3s
    ‖ρε - ρref‖ = 0.0010701852153223745 ‖Δρ‖ = 0.0010701356049134764  ‖vε - vref‖ = 0.6287366385673296  α = 1.86e-6
 243   -137.8441884825      -10.91       -2.79    14.6s
    ‖ρε - ρref‖ = 0.00025616706936526767 ‖Δρ‖ = 0.000256422774544204  ‖vε - vref‖ = 0.6288387814714135  α = 1.02e-5
 244   -137.8441884825      -11.06       -2.76    15.1s
    ‖ρε - ρref‖ = 0.00032639948770793014 ‖Δρ‖ = 0.00032636800708434944  ‖vε - vref‖ = 0.6289093414562302  α = 6.78e-6
 245   -137.8441884825      -10.96       -2.72    14.8s
    ‖ρε - ρref‖ = 0.00032330054065166764 ‖Δρ‖ = 0.00032311599332013216  ‖vε - vref‖ = 0.6290094718794219  α = 7.67e-6
 246   -137.8441884826      -11.08       -2.85    13.9s
    ‖ρε - ρref‖ = 0.0002662728426339103 ‖Δρ‖ = 0.000266214835408221  ‖vε - vref‖ = 0.629074589557969  α = 7.48e-6
 247   -137.8441884826      -10.66       -3.11    13.8s
    ‖ρε - ρref‖ = 0.00010430767453314432 ‖Δρ‖ = 0.00010439496871939832  ‖vε - vref‖ = 0.6292663999368012  α = 3.42e-5
 248   -137.8441884826      -10.81       -2.93    12.9s
    ‖ρε - ρref‖ = 0.00017636323416705927 ‖Δρ‖ = 0.0001764762526421929  ‖vε - vref‖ = 0.6293953867975259  α = 1.68e-5
 249   -137.8441884826      -11.44       -2.87    14.7s
    ‖ρε - ρref‖ = 0.0003010945744955268 ‖Δρ‖ = 0.00029923478423850156  ‖vε - vref‖ = 0.6294433635113783  α = 4.92e-6
 250   -137.8441884826      -10.84       -2.54    14.5s
    ‖ρε - ρref‖ = 0.0004397220986090779 ‖Δρ‖ = 0.00044040006263773877  ‖vε - vref‖ = 0.6295649408714559  α = 6.52e-6
 251   -137.8441884826      -11.36       -2.81    13.7s
    ‖ρε - ρref‖ = 0.0002736271273097812 ‖Δρ‖ = 0.0002735004497379135  ‖vε - vref‖ = 0.6296051241537272  α = 6.0e-6
 252   -137.8441884826      -10.85       -2.76    15.1s
    ‖ρε - ρref‖ = 0.00025968158386704325 ‖Δρ‖ = 0.0002597501200450781  ‖vε - vref‖ = 0.629735975480268  α = 1.07e-5
 253   -137.8441884826      -11.00       -2.90    14.5s
    ‖ρε - ρref‖ = 0.00024280826766513917 ‖Δρ‖ = 0.0002427309107223937  ‖vε - vref‖ = 0.6298229942863898  α = 9.3e-6
 254   -137.8441884826      -11.18       -2.48    13.7s
    ‖ρε - ρref‖ = 0.0007545954344833141 ‖Δρ‖ = 0.0007544387946424853  ‖vε - vref‖ = 0.6298844078064478  α = 2.5e-6
 255   -137.8441884827      -10.60       -2.77    14.2s
    ‖ρε - ρref‖ = 0.0002394217353549647 ‖Δρ‖ = 0.00023962234978453192  ‖vε - vref‖ = 0.6301019312349408  α = 1.56e-5
 256   -137.8441884827      -10.85       -2.60    13.2s
    ‖ρε - ρref‖ = 0.0004123647569925233 ‖Δρ‖ = 0.00041221372245025216  ‖vε - vref‖ = 0.630216798700889  α = 6.9e-6
 257   -137.8441884827      -11.05       -2.57    14.8s
    ‖ρε - ρref‖ = 0.00047226284096294944 ‖Δρ‖ = 0.00047206920280581726  ‖vε - vref‖ = 0.6302909881920273  α = 4.79e-6
 258   -137.8441884827      -11.17       -3.03    13.8s
    ‖ρε - ρref‖ = 0.00016596323457768278 ‖Δρ‖ = 0.00016599203375315558  ‖vε - vref‖ = 0.6303518754586823  α = 1.12e-5
 259   -137.8441884827      -10.90       -2.90    14.8s
    ‖ρε - ρref‖ = 0.00018530351618401954 ‖Δρ‖ = 0.00018533591299994657  ‖vε - vref‖ = 0.6304561744436715  α = 1.41e-5
 260   -137.8441884827      -10.56       -2.99    13.4s
    ‖ρε - ρref‖ = 0.00012999326340755224 ‖Δρ‖ = 0.00013025538880765105  ‖vε - vref‖ = 0.6306951875738604  α = 3.05e-5
 261   -137.8441884827      -11.34       -2.81    14.1s
    ‖ρε - ρref‖ = 0.00034960947629135463 ‖Δρ‖ = 0.00034784872038434944  ‖vε - vref‖ = 0.6307434593947222  α = 4.37e-6
 262   -137.8441884828      -10.97       -2.51    14.8s
    ‖ρε - ρref‖ = 0.0004900124230707674 ‖Δρ‖ = 0.0004908595207654549  ‖vε - vref‖ = 0.6308264192503985  α = 5.07e-6
 263   -137.8441884828      -10.99       -2.91    13.8s
    ‖ρε - ρref‖ = 0.0001853458222082408 ‖Δρ‖ = 0.00018511971446534987  ‖vε - vref‖ = 0.6309152366516867  α = 1.29e-5
 264   -137.8441884828      -11.18       -2.48    13.9s
    ‖ρε - ρref‖ = 0.0005574767384202024 ‖Δρ‖ = 0.0005573711762228369  ‖vε - vref‖ = 0.6309762267191895  α = 3.55e-6
 265   -137.8441884828      -11.05       -3.14    12.6s
    ‖ρε - ρref‖ = 0.00011890699239646632 ‖Δρ‖ = 0.00011882274739425053  ‖vε - vref‖ = 0.6310621579658681  α = 1.87e-5
 266   -137.8441884828      -11.12       -2.29    14.4s
    ‖ρε - ρref‖ = 0.000868862915575545 ‖Δρ‖ = 0.000868697893729673  ‖vε - vref‖ = 0.6311277761082903  α = 2.35e-6
 267   -137.8441884828      -11.06       -2.86    15.1s
    ‖ρε - ρref‖ = 0.00022310349410442027 ‖Δρ‖ = 0.0002233234566638065  ‖vε - vref‖ = 0.6312040489721178  α = 9.75e-6
 268   -137.8441884828      -11.22       -2.95    15.1s
    ‖ρε - ρref‖ = 0.00018400150913881234 ‖Δρ‖ = 0.00018390039689831147  ‖vε - vref‖ = 0.631257608469385  α = 1.01e-5
 269   -137.8441884828      -11.03       -2.74    14.3s
    ‖ρε - ρref‖ = 0.0002997917357531008 ‖Δρ‖ = 0.00029971451240957503  ‖vε - vref‖ = 0.6313427105844821  α = 7.68e-6
 270   -137.8441884828      -11.03       -2.79    14.3s
    ‖ρε - ρref‖ = 0.0002615242963701185 ‖Δρ‖ = 0.00026170384904014815  ‖vε - vref‖ = 0.6314207757944735  α = 8.45e-6
 271   -137.8441884828      -11.18       -3.08    14.9s
    ‖ρε - ρref‖ = 0.00014424430858236804 ‖Δρ‖ = 0.00014425117087352805  ‖vε - vref‖ = 0.631485058586211  α = 1.3e-5
 272   -137.8441884828      -10.88       -2.89    14.8s
    ‖ρε - ρref‖ = 0.0001777489329676979 ‖Δρ‖ = 0.000177912792238417  ‖vε - vref‖ = 0.6315955851522139  α = 1.5e-5
 273   -137.8441884829      -11.18       -2.94    14.4s
    ‖ρε - ρref‖ = 0.00020246206563414725 ‖Δρ‖ = 0.00020085786366510285  ‖vε - vref‖ = 0.63167193702851  α = 9.62e-6
 274   -137.8441884829      -10.96       -2.29    14.6s
    ‖ρε - ρref‖ = 0.0007427950438644178 ‖Δρ‖ = 0.0007438801452562304  ‖vε - vref‖ = 0.6317532898290736  α = 3.28e-6
 275   -137.8441884829      -10.97       -2.98    14.9s
    ‖ρε - ρref‖ = 0.00014834690592797992 ‖Δρ‖ = 0.00014822145106164553  ‖vε - vref‖ = 0.6318538008881653  α = 1.7e-5
 276   -137.8441884829      -11.41       -2.58    15.0s
    ‖ρε - ρref‖ = 0.0004457639666696822 ‖Δρ‖ = 0.00044574958339893615  ‖vε - vref‖ = 0.6318901363399292  α = 3.48e-6
 277   -137.8441884829      -11.00       -2.94    13.9s
    ‖ρε - ρref‖ = 0.00016347672088010126 ‖Δρ‖ = 0.00016351400380318625  ‖vε - vref‖ = 0.6319883814467256  α = 1.47e-5
 278   -137.8441884829      -11.50       -2.47    14.9s
    ‖ρε - ρref‖ = 0.0007374181417683752 ‖Δρ‖ = 0.0007373149826563405  ‖vε - vref‖ = 0.632013482974535  α = 1.72e-6
 279   -137.8441884829      -11.05       -3.13    14.4s
    ‖ρε - ρref‖ = 0.00010451706899200126 ‖Δρ‖ = 0.00010445956960685541  ‖vε - vref‖ = 0.6320981155341917  α = 2.17e-5
 280   -137.8441884829      -11.27       -3.02    15.1s
    ‖ρε - ρref‖ = 0.0001713088983856497 ‖Δρ‖ = 0.00017118187174359543  ‖vε - vref‖ = 0.6321475137804617  α = 1.01e-5
 281   -137.8441884829      -11.22       -2.74    14.8s
    ‖ρε - ρref‖ = 0.00029631177119124276 ‖Δρ‖ = 0.0002963570546817516  ‖vε - vref‖ = 0.6322052368065963  α = 6.15e-6
 282   -137.8441884829      -11.10       -2.94    14.6s
    ‖ρε - ρref‖ = 0.0001823047699619538 ‖Δρ‖ = 0.00018255772104276385  ‖vε - vref‖ = 0.6322829609702366  α = 1.15e-5
 283   -137.8441884829      -10.92       -2.91    13.9s
    ‖ρε - ρref‖ = 0.00018470680390790778 ‖Δρ‖ = 0.0001844769675774626  ‖vε - vref‖ = 0.6323981164050898  α = 1.41e-5
 284   -137.8441884829      -11.13       -2.85    15.0s
    ‖ρε - ρref‖ = 0.000229903393488377 ‖Δρ‖ = 0.00022997663350482662  ‖vε - vref‖ = 0.6324646745713803  α = 8.81e-6
 285   -137.8441884829      -11.42       -2.96    14.2s
    ‖ρε - ρref‖ = 0.00019926711165716164 ‖Δρ‖ = 0.00019797758842312216  ‖vε - vref‖ = 0.6325043669199847  α = 7.07e-6
 286   -137.8441884829      -11.50       -2.60    13.8s
    ‖ρε - ρref‖ = 0.0004874605212624848 ‖Δρ‖ = 0.0004890092578915508  ‖vε - vref‖ = 0.6325283097597271  α = 2.6e-6
 287   -137.8441884830      -10.86       -3.18    13.8s
    ‖ρε - ρref‖ = 9.208465578673135e-5 ‖Δρ‖ = 9.20125529323916e-5  ‖vε - vref‖ = 0.6326610464238483  α = 2.97e-5
 288   -137.8441884830      -11.32       -2.73    13.3s
    ‖ρε - ρref‖ = 0.00029897594770372647 ‖Δρ‖ = 0.0002989441751523393  ‖vε - vref‖ = 0.6327041155668471  α = 5.73e-6
 289   -137.8441884830      -11.13       -2.63    13.7s
    ‖ρε - ρref‖ = 0.00035691101715267794 ‖Δρ‖ = 0.0003569101645861009  ‖vε - vref‖ = 0.6327679170939559  α = 5.76e-6
 290   -137.8441884830      -11.92       -2.77    13.7s
    ‖ρε - ρref‖ = 0.0004206347502717209 ‖Δρ‖ = 0.0004205035671757616  ‖vε - vref‖ = 0.6327791387367884  α = 2.04e-6
 291   -137.8441884830      -10.91       -3.21    14.9s
    ‖ρε - ρref‖ = 9.176741151131495e-5 ‖Δρ‖ = 9.16496597197553e-5  ‖vε - vref‖ = 0.6328995529550933  α = 2.87e-5
 292   -137.8441884830      -10.89       -2.89    14.8s
    ‖ρε - ρref‖ = 0.00018412673695916956 ‖Δρ‖ = 0.00018407168487361947  ‖vε - vref‖ = 0.633022572524282  α = 1.48e-5
 293   -137.8441884830      -11.36       -2.81    13.0s
    ‖ρε - ρref‖ = 0.00030429214944116984 ‖Δρ‖ = 0.0003043454128101642  ‖vε - vref‖ = 0.6330629318855465  α = 5.21e-6
 294   -137.8441884830      -10.85       -2.90    13.7s
    ‖ρε - ρref‖ = 0.00017517609743003025 ‖Δρ‖ = 0.0001752425565987858  ‖vε - vref‖ = 0.6331974672102001  α = 1.59e-5
 295   -137.8441884830      -11.27       -2.97    14.6s
    ‖ρε - ρref‖ = 0.00019313502108681346 ‖Δρ‖ = 0.00019282820236489305  ‖vε - vref‖ = 0.6332482559020011  α = 8.61e-6
 296   -137.8441884830      -11.08       -2.95    14.2s
    ‖ρε - ρref‖ = 0.00014982960412051967 ‖Δρ‖ = 0.00015021926903342278  ‖vε - vref‖ = 0.633315948579512  α = 1.39e-5
 297   -137.8441884830      -11.78       -2.89    14.9s
    ‖ρε - ρref‖ = 0.0002733734074778015 ‖Δρ‖ = 0.00027188040209570456  ‖vε - vref‖ = 0.6333398152002603  α = 3.75e-6
 298   -137.8441884830      -11.51       -2.83    14.4s
    ‖ρε - ρref‖ = 0.00030366130308363864 ‖Δρ‖ = 0.0003049215637670477  ‖vε - vref‖ = 0.6333625166268784  α = 3.95e-6
 299   -137.8441884830      -11.10       -3.10    13.6s
    ‖ρε - ρref‖ = 0.00010622798610768917 ‖Δρ‖ = 0.00010600682103345872  ‖vε - vref‖ = 0.6334402534826722  α = 1.99e-5
 300   -137.8441884830      -11.34       -2.98    15.0s
    ‖ρε - ρref‖ = 0.00018182773501980277 ‖Δρ‖ = 0.0001816549648496549  ‖vε - vref‖ = 0.633477047280953  α = 8.67e-6
Trying again with Newton's method ...
n     Energy            log10(ΔE)   log10(Δρ)   Δtime 
---   ---------------   ---------   ---------   ------
  1   -137.8441884833                   -6.93    1218s
    ‖ρε - ρref‖ = 2.21651452860443e-6 ‖Δρ‖ = 1.1202162186923845e-8  ‖vε - vref‖ = 0.633279333862054
  2   -137.8441884834       -9.94       -7.08    1208s
    ‖ρε - ρref‖ = 2.2165379910223377e-6 ‖Δρ‖ = 7.94138345972456e-9  ‖vε - vref‖ = 0.6337244433171447
    Stopping to avoid numerical instabilities.

#-- ‖ρε - ρref‖ = 2.2165379910223377e-6 vs. 3.162277660168379e-9 = δ*ε ‖vε - vref‖ = 0.6337244433171447


# --- ε=1.7782794100389227e-7

n     Energy            log10(ΔE)   log10(Δρ)   Δtime 
---   ---------------   ---------   ---------   ------
  1   -137.8441831823                    0.58    19.1s
    ‖ρε - ρref‖ = 1.3081289183934695 ‖Δρ‖ = 1.308128144428165  ‖vε - vref‖ = 3.737459844844199  α = 9.48e-7
  2   -137.8441833537       -6.77       -0.37    13.2s
    ‖ρε - ρref‖ = 0.09637541896153154 ‖Δρ‖ = 0.09637515188699435  ‖vε - vref‖ = 3.5097430193933294  α = 2.32e-6
  3   -137.8441834009       -7.33       -0.31    13.2s
    ‖ρε - ρref‖ = 0.11375762950266748 ‖Δρ‖ = 0.11375748824566864  ‖vε - vref‖ = 3.4591201408601897  α = 1.07e-6
  4   -137.8441835013       -7.00       -0.82    13.6s
    ‖ρε - ρref‖ = 0.028485355610616676 ‖Δρ‖ = 0.02848501735952945  ‖vε - vref‖ = 3.2308922564834557  α = 6.15e-6
  5   -137.8441835268       -7.59       -0.89    13.5s
    ‖ρε - ρref‖ = 0.028690331558545886 ‖Δρ‖ = 0.02869017720923206  ‖vε - vref‖ = 3.154667808619164  α = 2.87e-6
  6   -137.8441835338       -8.16       -0.99    14.0s
    ‖ρε - ρref‖ = 0.019148088009008222 ‖Δρ‖ = 0.01914806956870321  ‖vε - vref‖ = 3.154918808833651  α = 2.47e-6
  7   -137.8441835411       -8.14       -1.08    13.2s
    ‖ρε - ρref‖ = 0.013686392540589731 ‖Δρ‖ = 0.013686375587387252  ‖vε - vref‖ = 3.1632555171507573  α = 3.5e-6
  8   -137.8441835433       -8.67       -1.43    14.1s
    ‖ρε - ρref‖ = 0.007755682496012818 ‖Δρ‖ = 0.00775561321074149  ‖vε - vref‖ = 3.1563091634395586  α = 3.37e-6
  9   -137.8441835460       -8.56       -1.42    14.2s
    ‖ρε - ρref‖ = 0.007676982464733571 ‖Δρ‖ = 0.007676881003968426  ‖vε - vref‖ = 3.1430455013404606  α = 3.87e-6
 10   -137.8441835530       -8.16       -1.68    13.0s
    ‖ρε - ρref‖ = 0.003187847582941187 ‖Δρ‖ = 0.0031877633959846545  ‖vε - vref‖ = 3.128800150259609  α = 1.5e-5
 11   -137.8441835579       -8.31       -1.86    13.6s
    ‖ρε - ρref‖ = 0.0019193039379138035 ‖Δρ‖ = 0.0019192812874188193  ‖vε - vref‖ = 3.1325953206214012  α = 2.09e-5
 12   -137.8441841952       -6.20        0.24    13.1s
    ‖ρε - ρref‖ = 0.5248543587886971 ‖Δρ‖ = 0.5248554385106866  ‖vε - vref‖ = 0.8524884853463265  α = 5.72e-7
 13   -137.8441841990       -8.42       -1.60    14.3s
    ‖ρε - ρref‖ = 0.0031911238521890243 ‖Δρ‖ = 0.003190991088419445  ‖vε - vref‖ = 0.8213257467644843  α = 1.11e-5
 14   -137.8441842009       -8.71       -1.87    13.7s
    ‖ρε - ρref‖ = 0.001966334205433644 ‖Δρ‖ = 0.001966263515006994  ‖vε - vref‖ = 0.8064343826359014  α = 1.29e-5
 15   -137.8441842016       -9.20       -1.62    13.9s
    ‖ρε - ρref‖ = 0.00517087996072904 ‖Δρ‖ = 0.005170820472145013  ‖vε - vref‖ = 0.8018126998736239  α = 2.66e-6
 16   -137.8441842030       -8.83       -1.27    14.3s
    ‖ρε - ρref‖ = 0.008201174954361859 ‖Δρ‖ = 0.008201162764169389  ‖vε - vref‖ = 0.7928080380711415  α = 2.65e-6
 17   -137.8441842052       -8.68       -1.85    14.9s
    ‖ρε - ρref‖ = 0.0019408903595263007 ‖Δρ‖ = 0.001940856530324006  ‖vε - vref‖ = 0.7769297531686382  α = 1.37e-5
 18   -137.8441842058       -9.22       -1.56    14.8s
    ‖ρε - ρref‖ = 0.00513679125545103 ‖Δρ‖ = 0.00513671236296794  ‖vε - vref‖ = 0.7722684156035641  α = 2.68e-6
 19   -137.8441842067       -9.01       -1.61    14.7s
    ‖ρε - ρref‖ = 0.003774080754407393 ‖Δρ‖ = 0.0037740037905498575  ‖vε - vref‖ = 0.7671086495727477  α = 4.69e-6
 20   -137.8441842077       -9.01       -1.56    13.7s
    ‖ρε - ρref‖ = 0.00427225570746561 ‖Δρ‖ = 0.004272245343748786  ‖vε - vref‖ = 0.7578452018695346  α = 3.98e-6
 21   -137.8441842084       -9.19       -1.68    13.9s
    ‖ρε - ρref‖ = 0.0036195283188941722 ‖Δρ‖ = 0.0036195208909674866  ‖vε - vref‖ = 0.7529766219019491  α = 3.98e-6
 22   -137.8441842096       -8.90       -1.58    15.0s
    ‖ρε - ρref‖ = 0.003853017913590959 ‖Δρ‖ = 0.003852967845273763  ‖vε - vref‖ = 0.744204252869465  α = 5.22e-6
 23   -137.8441842161       -8.19       -0.67    14.1s
    ‖ρε - ρref‖ = 0.06701782892625499 ‖Δρ‖ = 0.06701896409022572  ‖vε - vref‖ = 0.6790761864769468  α = 6.33e-7
 24   -137.8441842169       -9.08       -1.83    14.0s
    ‖ρε - ρref‖ = 0.0022393157275089996 ‖Δρ‖ = 0.0022392452197817873  ‖vε - vref‖ = 0.6716674622349057  α = 7.11e-6
 25   -137.8441842175       -9.21       -2.23    14.3s
    ‖ρε - ρref‖ = 0.000981274574510691 ‖Δρ‖ = 0.0009811449279222859  ‖vε - vref‖ = 0.6665587323245077  α = 1.4e-5
 26   -137.8441842186       -8.98       -1.81    14.6s
    ‖ρε - ρref‖ = 0.002218919420877058 ‖Δρ‖ = 0.002218955928223636  ‖vε - vref‖ = 0.6569367435501982  α = 8.24e-6
 27   -137.8441842188       -9.61       -1.91    14.3s
    ‖ρε - ρref‖ = 0.002504629791574013 ‖Δρ‖ = 0.002504642086409372  ‖vε - vref‖ = 0.6549061102087977  α = 3.42e-6
 28   -137.8441842192       -9.38       -1.46    13.2s
    ‖ρε - ρref‖ = 0.005746365061776644 ‖Δρ‖ = 0.00574627082041415  ‖vε - vref‖ = 0.6510238782336081  α = 2.01e-6
 29   -137.8441842200       -9.14       -2.08    13.3s
    ‖ρε - ρref‖ = 0.001151174780651902 ‖Δρ‖ = 0.0011511140849037264  ‖vε - vref‖ = 0.6450335613889173  α = 1.32e-5
 30   -137.8441842205       -9.26       -1.95    15.0s
    ‖ρε - ρref‖ = 0.0014542134162656142 ‖Δρ‖ = 0.0014542067598464275  ‖vε - vref‖ = 0.6393570338431604  α = 9.29e-6
 31   -137.8441842207       -9.63       -1.53    14.7s
    ‖ρε - ρref‖ = 0.005003591269116186 ‖Δρ‖ = 0.0050035484537697935  ‖vε - vref‖ = 0.6369414684439553  α = 1.75e-6
 32   -137.8441842210       -9.54       -2.15    15.0s
    ‖ρε - ρref‖ = 0.001080575759459181 ‖Δρ‖ = 0.0010805083528679289  ‖vε - vref‖ = 0.6344970013044424  α = 8.83e-6
 33   -137.8441842213       -9.57       -1.76    13.7s
    ‖ρε - ρref‖ = 0.002855730684298125 ‖Δρ‖ = 0.0028557124740495416  ‖vε - vref‖ = 0.6320677843861026  α = 3.23e-6
 34   -137.8441842215       -9.66       -1.97    14.4s
    ‖ρε - ρref‖ = 0.0020233298432173973 ‖Δρ‖ = 0.0020237789015241023  ‖vε - vref‖ = 0.6302705394995683  α = 3.89e-6
 35   -137.8441842217       -9.76       -1.81    13.4s
    ‖ρε - ρref‖ = 0.0032432959096593654 ‖Δρ‖ = 0.003242344496353901  ‖vε - vref‖ = 0.6285231662666011  α = 2.26e-6
 36   -137.8441842220       -9.45       -1.69    15.0s
    ‖ρε - ρref‖ = 0.0036366531221091393 ‖Δρ‖ = 0.0036370213078173973  ‖vε - vref‖ = 0.6249947769520929  α = 2.74e-6
 37   -137.8441842224       -9.45       -2.05    14.1s
    ‖ρε - ρref‖ = 0.001373749010812827 ‖Δρ‖ = 0.0013736718469588014  ‖vε - vref‖ = 0.6216965975863796  α = 7.72e-6
 38   -137.8441842228       -9.45       -2.40    14.2s
    ‖ρε - ρref‖ = 0.0005759480611271631 ‖Δρ‖ = 0.0005760036610328055  ‖vε - vref‖ = 0.6183594118083583  α = 1.85e-5
 39   -137.8441842229       -9.75       -2.03    13.7s
    ‖ρε - ρref‖ = 0.0016995305624269762 ‖Δρ‖ = 0.0016994954369287565  ‖vε - vref‖ = 0.6168392214526717  α = 4.35e-6
 40   -137.8441842231       -9.70       -1.51    13.6s
    ‖ρε - ρref‖ = 0.00525904598072195 ‖Δρ‖ = 0.005258910262417495  ‖vε - vref‖ = 0.6147347663093495  α = 1.52e-6
 41   -137.8441842235       -9.44       -2.30    14.3s
    ‖ρε - ρref‖ = 0.0007095584726566815 ‖Δρ‖ = 0.0007095554080518715  ‖vε - vref‖ = 0.6113121314705071  α = 1.54e-5
 42   -137.8441842237       -9.75       -2.28    13.7s
    ‖ρε - ρref‖ = 0.0009384637182344122 ‖Δρ‖ = 0.0009384370717628354  ‖vε - vref‖ = 0.6096861930753431  α = 7.54e-6
 43   -137.8441842238       -9.78       -1.97    13.6s
    ‖ρε - ρref‖ = 0.001692268996897517 ‖Δρ‖ = 0.0016922962327788477  ‖vε - vref‖ = 0.608028305812329  α = 4.39e-6
 44   -137.8441842240       -9.78       -1.75    14.5s
    ‖ρε - ρref‖ = 0.002775229312435541 ‖Δρ‖ = 0.0027752743109871556  ‖vε - vref‖ = 0.6062983035959033  α = 2.65e-6
 45   -137.8441842241      -10.05       -2.31    14.4s
    ‖ρε - ρref‖ = 0.0008142842375672101 ‖Δρ‖ = 0.0008141163017702723  ‖vε - vref‖ = 0.6054123176625101  α = 6.63e-6
 46   -137.8441842242      -10.07       -2.10    13.5s
    ‖ρε - ρref‖ = 0.0014142070301864293 ‖Δρ‖ = 0.0014143392775622895  ‖vε - vref‖ = 0.6045882824300367  α = 3.76e-6
 47   -137.8441842243       -9.84       -2.05    15.0s
    ‖ρε - ρref‖ = 0.0015781132905563066 ‖Δρ‖ = 0.0015773169342478673  ‖vε - vref‖ = 0.6032744522444089  α = 4.26e-6
 48   -137.8441842244       -9.98       -1.63    13.9s
    ‖ρε - ρref‖ = 0.004322629304862023 ‖Δρ‖ = 0.004323396153701138  ‖vε - vref‖ = 0.6022561990663967  α = 1.26e-6
 49   -137.8441842245      -10.03       -2.38    14.3s
    ‖ρε - ρref‖ = 0.0008180244703422004 ‖Δρ‖ = 0.000818058473201725  ‖vε - vref‖ = 0.6014423738093205  α = 6.03e-6
 50   -137.8441842248       -9.61       -2.25    15.0s
    ‖ρε - ρref‖ = 0.0008837288855900073 ‖Δρ‖ = 0.0008837159595380374  ‖vε - vref‖ = 0.5988984556581848  α = 9.89e-6
 51   -137.8441842249      -10.01       -2.20    13.8s
    ‖ρε - ρref‖ = 0.001125803041739225 ‖Δρ‖ = 0.0011257931856648129  ‖vε - vref‖ = 0.5980128378913564  α = 4.87e-6
 52   -137.8441842249      -10.16       -1.67    14.5s
    ‖ρε - ρref‖ = 0.003837612006569967 ‖Δρ‖ = 0.003837529902506008  ‖vε - vref‖ = 0.597264815326725  α = 1.2e-6
 53   -137.8441842251       -9.84       -2.48    14.9s
    ‖ρε - ρref‖ = 0.0004174566602001583 ‖Δρ‖ = 0.0004173974649057318  ‖vε - vref‖ = 0.5958635984203632  α = 1.67e-5
 54   -137.8441842252       -9.78       -2.42    14.5s
    ‖ρε - ρref‖ = 0.0005591110520181558 ‖Δρ‖ = 0.0005591157977564067  ‖vε - vref‖ = 0.594424713602056  α = 1.25e-5
 55   -137.8441842253      -10.21       -2.17    14.6s
    ‖ρε - ρref‖ = 0.0011970951567474156 ‖Δρ‖ = 0.0011971025396672154  ‖vε - vref‖ = 0.5937204916301088  α = 3.7e-6
 56   -137.8441842254      -10.07       -2.02    13.9s
    ‖ρε - ρref‖ = 0.0015574382844529015 ‖Δρ‖ = 0.0015574414332486517  ‖vε - vref‖ = 0.5928962689540536  α = 3.29e-6
 57   -137.8441842255      -10.11       -2.42    14.1s
    ‖ρε - ρref‖ = 0.0007043432611280102 ‖Δρ‖ = 0.0007041530753787149  ‖vε - vref‖ = 0.5920728003603777  α = 6.93e-6
 58   -137.8441842256      -10.10       -2.20    14.3s
    ‖ρε - ρref‖ = 0.0011103481723597098 ‖Δρ‖ = 0.001110627910047721  ‖vε - vref‖ = 0.5912881223345514  α = 4.6e-6
 59   -137.8441842256      -10.06       -1.91    13.5s
    ‖ρε - ρref‖ = 0.0020774138846519886 ‖Δρ‖ = 0.0020767247438170638  ‖vε - vref‖ = 0.5905247471920454  α = 2.58e-6
 60   -137.8441842257      -10.29       -1.85    15.0s
    ‖ρε - ρref‖ = 0.0028383455771167714 ‖Δρ‖ = 0.0028391394259971127  ‖vε - vref‖ = 0.5899912129212297  α = 1.37e-6
 61   -137.8441842258       -9.87       -2.31    12.8s
    ‖ρε - ρref‖ = 0.0007379454663165584 ‖Δρ‖ = 0.000737871077409871  ‖vε - vref‖ = 0.5886677864884217  α = 8.96e-6
 62   -137.8441842259      -10.02       -2.24    13.6s
    ‖ρε - ρref‖ = 0.0009587631270545268 ‖Δρ‖ = 0.0009586541395247938  ‖vε - vref‖ = 0.5878205099562522  α = 5.41e-6
 63   -137.8441842260      -10.28       -2.30    14.4s
    ‖ρε - ρref‖ = 0.0009869187679506794 ‖Δρ‖ = 0.000987004477399204  ‖vε - vref‖ = 0.5872250387243118  α = 3.82e-6
 64   -137.8441842260      -10.68       -2.02    14.8s
    ‖ρε - ρref‖ = 0.002299324944597812 ‖Δρ‖ = 0.0022993248940906402  ‖vε - vref‖ = 0.5870098948988677  α = 1.1e-6
 65   -137.8441842261      -10.01       -2.58    15.2s
    ‖ρε - ρref‖ = 0.00038601312087188335 ‖Δρ‖ = 0.00038598796166606364  ‖vε - vref‖ = 0.5860990116098763  α = 1.45e-5
 66   -137.8441842262      -10.10       -2.51    13.2s
    ‖ρε - ρref‖ = 0.0003976564492123573 ‖Δρ‖ = 0.00039757214982810246  ‖vε - vref‖ = 0.5853663900364101  α = 1.3e-5
 67   -137.8441842263      -10.08       -2.43    14.2s
    ‖ρε - ρref‖ = 0.0005494934539026732 ‖Δρ‖ = 0.0005494744452354397  ‖vε - vref‖ = 0.5845813815115875  α = 9.63e-6
 68   -137.8441842263      -10.43       -1.97    13.1s
    ‖ρε - ρref‖ = 0.0018482981013117025 ‖Δρ‖ = 0.0018483079991328775  ‖vε - vref‖ = 0.5842415768884731  α = 1.91e-6
 69   -137.8441842264      -10.20       -2.38    13.8s
    ‖ρε - ρref‖ = 0.0005770782066323808 ‖Δρ‖ = 0.0005770312509104939  ‖vε - vref‖ = 0.5836626467798512  α = 7.98e-6
 70   -137.8441842264      -10.67       -2.48    14.4s
    ‖ρε - ρref‖ = 0.0006557746160562664 ‖Δρ‖ = 0.0006562471907355991  ‖vε - vref‖ = 0.5834640424369182  α = 3.91e-6
 71   -137.8441842264      -10.54       -2.23    14.3s
    ‖ρε - ρref‖ = 0.001126498339407998 ‖Δρ‖ = 0.0011257660945575257  ‖vε - vref‖ = 0.5832265463969174  α = 2.71e-6
 72   -137.8441842264      -10.46       -2.06    13.9s
    ‖ρε - ρref‖ = 0.0015798178815616547 ‖Δρ‖ = 0.0015804443043917506  ‖vε - vref‖ = 0.5829222093541743  α = 2.09e-6
 73   -137.8441842265      -10.15       -2.28    13.7s
    ‖ρε - ρref‖ = 0.0008394933287402364 ‖Δρ‖ = 0.0008393157216782853  ‖vε - vref‖ = 0.5822911523180222  α = 5.59e-6
 74   -137.8441842266      -10.24       -2.41    13.6s
    ‖ρε - ρref‖ = 0.0006363035866968104 ‖Δρ‖ = 0.0006362914386094691  ‖vε - vref‖ = 0.5817863489316399  α = 6.56e-6
 75   -137.8441842266      -10.44       -2.46    13.8s
    ‖ρε - ρref‖ = 0.0007021389138332336 ‖Δρ‖ = 0.0007022196452947527  ‖vε - vref‖ = 0.5814703328228114  α = 4.45e-6
 76   -137.8441842266      -10.48       -1.92    13.6s
    ‖ρε - ρref‖ = 0.0022140563022889502 ‖Δρ‖ = 0.002214024595656822  ‖vε - vref‖ = 0.5811778549895791  α = 1.46e-6
 77   -137.8441842267      -10.45       -2.35    14.0s
    ‖ρε - ρref‖ = 0.0007828285489013169 ‖Δρ‖ = 0.0007826849661163801  ‖vε - vref‖ = 0.5808390893429021  α = 4.15e-6
 78   -137.8441842268      -10.10       -2.67    13.9s
    ‖ρε - ρref‖ = 0.0002775013803196792 ‖Δρ‖ = 0.00027755352437583056  ‖vε - vref‖ = 0.5801734500477798  α = 1.86e-5
 79   -137.8441842268      -10.43       -2.63    13.2s
    ‖ρε - ρref‖ = 0.0003486905440430693 ‖Δρ‖ = 0.0003485458928363828  ‖vε - vref‖ = 0.5798500629906379  α = 1.01e-5
 80   -137.8441842268      -10.79       -2.35    14.3s
    ‖ρε - ρref‖ = 0.0007966129259487027 ‖Δρ‖ = 0.0007966097549369982  ‖vε - vref‖ = 0.5797083156552735  α = 2.91e-6
 81   -137.8441842268      -10.41       -2.36    14.9s
    ‖ρε - ρref‖ = 0.0006554970585785092 ‖Δρ‖ = 0.0006555110226856644  ‖vε - vref‖ = 0.5793933735095431  α = 5.46e-6
 82   -137.8441842269      -10.22       -2.70    14.0s
    ‖ρε - ρref‖ = 0.0003277093083808619 ‖Δρ‖ = 0.0003282855864452508  ‖vε - vref‖ = 0.5789552359496036  α = 1.32e-5
 83   -137.8441842269      -10.35       -1.82    14.5s
    ‖ρε - ρref‖ = 0.0026753547919684748 ‖Δρ‖ = 0.0026745680325294553  ‖vε - vref‖ = 0.5785982153505639  α = 1.42e-6
 84   -137.8441842270      -10.72       -2.12    15.0s
    ‖ρε - ρref‖ = 0.0015300079499292703 ‖Δρ‖ = 0.0015305017976608426  ‖vε - vref‖ = 0.5784297889467293  α = 1.62e-6
 85   -137.8441842270      -10.44       -2.56    13.7s
    ‖ρε - ρref‖ = 0.000447916959653922 ‖Δρ‖ = 0.00044776872711871704  ‖vε - vref‖ = 0.5781489075299924  α = 7.42e-6
 86   -137.8441842270      -10.40       -2.60    14.2s
    ‖ρε - ρref‖ = 0.0004599906373185408 ‖Δρ‖ = 0.00045992803122632086  ‖vε - vref‖ = 0.5778436241715633  α = 7.09e-6
 87   -137.8441842271      -10.73       -2.42    14.7s
    ‖ρε - ρref‖ = 0.0008051327653923357 ‖Δρ‖ = 0.0008051268885144831  ‖vε - vref‖ = 0.5776928922972566  α = 2.84e-6
 88   -137.8441842271      -10.65       -2.10    14.3s
    ‖ρε - ρref‖ = 0.0015268071791757149 ‖Δρ‖ = 0.0015267142777697048  ‖vε - vref‖ = 0.5774946163670173  α = 1.76e-6
 89   -137.8441842271      -10.45       -2.64    14.2s
    ‖ρε - ρref‖ = 0.0004018349443525634 ‖Δρ‖ = 0.0004017066076373247  ‖vε - vref‖ = 0.5772437471063772  α = 7.9e-6
 90   -137.8441842272      -10.33       -2.45    14.0s
    ‖ρε - ρref‖ = 0.0005456672621200015 ‖Δρ‖ = 0.000545826214034332  ‖vε - vref‖ = 0.5768633657058927  α = 7.01e-6
 91   -137.8441842272      -10.21       -2.65    13.0s
    ‖ρε - ρref‖ = 0.00029613375003563475 ‖Δρ‖ = 0.00029609682642809857  ‖vε - vref‖ = 0.5763869628103699  α = 1.51e-5
 92   -137.8441842272      -10.74       -2.44    14.2s
    ‖ρε - ρref‖ = 0.0006678789129542199 ‖Δρ‖ = 0.0006679090477632153  ‖vε - vref‖ = 0.5762488733762711  α = 3.67e-6
 93   -137.8441842273      -10.61       -2.23    14.9s
    ‖ρε - ρref‖ = 0.000898517550584414 ‖Δρ‖ = 0.0008984892388849882  ‖vε - vref‖ = 0.5760767749412344  α = 3.2e-6
 94   -137.8441842273      -10.50       -2.63    14.4s
    ‖ρε - ρref‖ = 0.00033058354462028275 ‖Δρ‖ = 0.0003309977563637168  ‖vε - vref‖ = 0.5758628838970337  α = 9.86e-6
 95   -137.8441842273      -10.96       -2.16    13.9s
    ‖ρε - ρref‖ = 0.0016105039234451985 ‖Δρ‖ = 0.001609525389086796  ‖vε - vref‖ = 0.5757895962189155  α = 1.12e-6
 96   -137.8441842273      -10.68       -2.52    14.5s
    ‖ρε - ρref‖ = 0.0005109402810239945 ‖Δρ‖ = 0.0005111936347959837  ‖vε - vref‖ = 0.5756500306320025  α = 5.13e-6
 97   -137.8441842274      -10.47       -2.19    13.4s
    ‖ρε - ρref‖ = 0.0009316902562406653 ‖Δρ‖ = 0.0009315108973542682  ‖vε - vref‖ = 0.5754262231148101  α = 3.63e-6
 98   -137.8441842274      -10.42       -2.68    14.8s
    ‖ρε - ρref‖ = 0.0003227364176475139 ‖Δρ‖ = 0.0003227678596325722  ‖vε - vref‖ = 0.575151994292811  α = 1.06e-5
 99   -137.8441842274      -10.96       -2.48    14.9s
    ‖ρε - ρref‖ = 0.0008345163304063052 ‖Δρ‖ = 0.0008345698362642077  ‖vε - vref‖ = 0.5750840266931758  α = 2.04e-6
 100   -137.8441842274      -10.66       -2.23    13.7s
    ‖ρε - ρref‖ = 0.000989253036430482 ‖Δρ‖ = 0.0009892189680190994  ‖vε - vref‖ = 0.5749559075533583  α = 2.7e-6
 101   -137.8441842275      -10.50       -2.56    14.4s
    ‖ρε - ρref‖ = 0.0004504874834005247 ‖Δρ‖ = 0.00045044162806181864  ‖vε - vref‖ = 0.574734543249243  α = 6.65e-6
 102   -137.8441842275      -10.52       -2.58    15.1s
    ‖ρε - ρref‖ = 0.00043655812821011215 ‖Δρ‖ = 0.00043669919457993395  ‖vε - vref‖ = 0.5745365802827564  α = 6.79e-6
 103   -137.8441842275      -10.74       -2.69    14.5s
    ‖ρε - ρref‖ = 0.0003700173416455771 ‖Δρ‖ = 0.00036993640099207463  ‖vε - vref‖ = 0.5744157154875681  α = 6.19e-6
 104   -137.8441842276      -10.48       -2.72    13.7s
    ‖ρε - ρref‖ = 0.0002725991378387145 ‖Δρ‖ = 0.0002726666104828736  ‖vε - vref‖ = 0.5742177032803163  α = 1.23e-5
 105   -137.8441842276      -10.65       -2.19    14.7s
    ‖ρε - ρref‖ = 0.0011869622022791 ‖Δρ‖ = 0.0011868913867904513  ‖vε - vref‖ = 0.5740794437517579  α = 2.29e-6
 106   -137.8441842276      -10.41       -2.40    13.6s
    ‖ρε - ρref‖ = 0.0005507043542059733 ‖Δρ‖ = 0.0005508107367106182  ‖vε - vref‖ = 0.5738397283707032  α = 6.59e-6
 107   -137.8441842276      -11.33       -2.40    13.8s
    ‖ρε - ρref‖ = 0.0010387532763754697 ‖Δρ‖ = 0.0010376675418940716  ‖vε - vref‖ = 0.5738150664589252  α = 1.13e-6
 108   -137.8441842277      -10.50       -2.75    13.4s
    ‖ρε - ρref‖ = 0.0002714502688061332 ‖Δρ‖ = 0.0002717151124969537  ‖vε - vref‖ = 0.5736300302276051  α = 1.19e-5
 109   -137.8441842277      -10.70       -2.18    13.5s
    ‖ρε - ρref‖ = 0.0011481525448157734 ‖Δρ‖ = 0.0011481123647750027  ‖vε - vref‖ = 0.5735287208664862  α = 2.22e-6
 110   -137.8441842277      -10.67       -2.69    14.2s
    ‖ρε - ρref‖ = 0.00033217219317573896 ‖Δρ‖ = 0.00033219850308621935  ‖vε - vref‖ = 0.5734124525010095  α = 8.04e-6
 111   -137.8441842277      -11.10       -2.64    14.2s
    ‖ρε - ρref‖ = 0.0005398184194470685 ‖Δρ‖ = 0.000539848472813198  ‖vε - vref‖ = 0.5733899758375269  α = 2.8e-6
 112   -137.8441842277      -10.40       -2.26    13.7s
    ‖ρε - ρref‖ = 0.0007514587851514971 ‖Δρ‖ = 0.0007513677595063672  ‖vε - vref‖ = 0.5731948508107672  α = 4.75e-6
 113   -137.8441842278      -10.72       -2.59    14.9s
    ‖ρε - ρref‖ = 0.0004699169551459474 ‖Δρ‖ = 0.00046980360688431806  ‖vε - vref‖ = 0.5730985972632169  α = 4.82e-6
 114   -137.8441842278      -10.59       -2.67    14.9s
    ‖ρε - ρref‖ = 0.000347873559360684 ‖Δρ‖ = 0.0003478695185799856  ‖vε - vref‖ = 0.5729482724779592  α = 7.81e-6
 115   -137.8441842278      -10.65       -2.72    14.7s
    ‖ρε - ρref‖ = 0.00032257619842226016 ‖Δρ‖ = 0.00032252832581217193  ‖vε - vref‖ = 0.5728479050412869  α = 7.8e-6
 116   -137.8441842278      -10.60       -2.58    13.0s
    ‖ρε - ρref‖ = 0.0003796210307365383 ‖Δρ‖ = 0.0003798140395036111  ‖vε - vref‖ = 0.5727103342352553  α = 7.63e-6
 117   -137.8441842278      -10.83       -2.24    14.9s
    ‖ρε - ρref‖ = 0.000936687423688642 ‖Δρ‖ = 0.0009366455729723384  ‖vε - vref‖ = 0.5726369722852831  α = 2.34e-6
 118   -137.8441842279      -10.68       -2.47    13.6s
    ‖ρε - ρref‖ = 0.0005371630881991341 ‖Δρ‖ = 0.0005373380671095907  ‖vε - vref‖ = 0.5725358796804775  α = 4.92e-6
 119   -137.8441842279      -11.30       -2.47    13.9s
    ‖ρε - ρref‖ = 0.0008030903319069283 ‖Δρ‖ = 0.0008020385979575804  ‖vε - vref‖ = 0.5725197803408162  α = 1.53e-6
 120   -137.8441842279      -10.72       -2.44    14.0s
    ‖ρε - ρref‖ = 0.0004891626153522754 ‖Δρ‖ = 0.0004894940828598228  ‖vε - vref‖ = 0.5724254555122188  α = 5.16e-6
 121   -137.8441842279      -11.14       -2.70    14.7s
    ‖ρε - ρref‖ = 0.00036006022982984476 ‖Δρ‖ = 0.00035998422679060674  ‖vε - vref‖ = 0.5723966829462823  α = 4.34e-6
 122   -137.8441842279      -10.60       -2.53    15.0s
    ‖ρε - ρref‖ = 0.0003975084456809039 ‖Δρ‖ = 0.0003974361659507307  ‖vε - vref‖ = 0.572309179548602  α = 7.34e-6
 123   -137.8441842279      -10.90       -2.57    13.3s
    ‖ρε - ρref‖ = 0.0004968835588658212 ‖Δρ‖ = 0.0004968577319048034  ‖vε - vref‖ = 0.5722859219259095  α = 3.88e-6
 124   -137.8441842280      -10.84       -2.08    14.2s
    ‖ρε - ρref‖ = 0.0013460578478395532 ‖Δρ‖ = 0.0013459563509847282  ‖vε - vref‖ = 0.5722176426284565  α = 1.6e-6
 125   -137.8441842280      -10.61       -2.95    14.6s
    ‖ρε - ρref‖ = 0.0001717567278372026 ‖Δρ‖ = 0.00017178856335498959  ‖vε - vref‖ = 0.5721419541283458  α = 1.59e-5
 126   -137.8441842280      -10.83       -2.75    13.8s
    ‖ρε - ρref‖ = 0.000346001485448844 ‖Δρ‖ = 0.0003460739281281299  ‖vε - vref‖ = 0.5720909783465464  α = 5.61e-6
 127   -137.8441842280      -10.70       -2.64    14.2s
    ‖ρε - ρref‖ = 0.0003504186362570237 ‖Δρ‖ = 0.00035038452242921564  ‖vε - vref‖ = 0.572020698410582  α = 7.29e-6
 128   -137.8441842280      -10.79       -2.70    14.3s
    ‖ρε - ρref‖ = 0.0002992840158796092 ‖Δρ‖ = 0.0002994629211986779  ‖vε - vref‖ = 0.5719764459216905  α = 7.7e-6
 129   -137.8441842280      -11.08       -2.44    14.8s
    ‖ρε - ρref‖ = 0.0006178034038125048 ‖Δρ‖ = 0.0006176907683601528  ‖vε - vref‖ = 0.5719512288243506  α = 2.73e-6
 130   -137.8441842281      -10.65       -2.51    13.1s
    ‖ρε - ρref‖ = 0.0004267577911205484 ‖Δρ‖ = 0.00042700392895137775  ‖vε - vref‖ = 0.5718905738171349  α = 6.36e-6
 131   -137.8441842281      -11.10       -2.27    15.0s
    ‖ρε - ρref‖ = 0.0010612288921053145 ‖Δρ‖ = 0.0010602434775757814  ‖vε - vref‖ = 0.5718896669283513  α = 1.48e-6
 132   -137.8441842281      -10.80       -2.41    13.6s
    ‖ρε - ρref‖ = 0.0006540581353035871 ‖Δρ‖ = 0.0006544705618277615  ‖vε - vref‖ = 0.5718341218471813  α = 3.26e-6
 133   -137.8441842281      -10.72       -2.70    14.2s
    ‖ρε - ρref‖ = 0.0002804129799639279 ‖Δρ‖ = 0.0002802864872798207  ‖vε - vref‖ = 0.5717914277248047  α = 9.16e-6
 134   -137.8441842281      -11.11       -2.34    13.8s
    ‖ρε - ρref‖ = 0.0007979082563174662 ‖Δρ‖ = 0.0007978641534891677  ‖vε - vref‖ = 0.5717779577850763  α = 1.99e-6
 135   -137.8441842281      -10.97       -2.97    14.3s
    ‖ρε - ρref‖ = 0.0002039947226885263 ‖Δρ‖ = 0.0002040278355507453  ‖vε - vref‖ = 0.5717730450539452  α = 8.74e-6
 136   -137.8441842281      -10.88       -2.20    14.3s
    ‖ρε - ρref‖ = 0.001237058707450348 ‖Δρ‖ = 0.0012370286030613925  ‖vε - vref‖ = 0.5717499484206081  α = 1.58e-6
 137   -137.8441842282      -10.62       -2.77    14.1s
    ‖ρε - ρref‖ = 0.00023450933441488208 ‖Δρ‖ = 0.00023459612493713876  ‖vε - vref‖ = 0.5717320274256825  α = 1.17e-5
 138   -137.8441842282      -10.57       -2.69    15.2s
    ‖ρε - ρref‖ = 0.00026767228059375255 ‖Δρ‖ = 0.0002676744746650333  ‖vε - vref‖ = 0.5717013520983563  α = 1.11e-5
 139   -137.8441842282      -10.99       -2.77    14.2s
    ‖ρε - ρref‖ = 0.0003415650277818191 ‖Δρ‖ = 0.00034143383452104936  ‖vε - vref‖ = 0.571691343715216  α = 4.68e-6
 140   -137.8441842282      -10.67       -2.76    13.2s
    ‖ρε - ρref‖ = 0.00025535615383111016 ‖Δρ‖ = 0.00025539100293870293  ‖vε - vref‖ = 0.5716834319367855  α = 1.01e-5
 141   -137.8441842282      -11.08       -2.48    13.3s
    ‖ρε - ρref‖ = 0.0005821350734040283 ‖Δρ‖ = 0.000581961186937842  ‖vε - vref‖ = 0.5716748095988635  α = 2.81e-6
 142   -137.8441842282      -10.98       -2.42    14.4s
    ‖ρε - ρref‖ = 0.0005551528271398294 ‖Δρ‖ = 0.000555531053524887  ‖vε - vref‖ = 0.571659790680428  α = 3.34e-6
 143   -137.8441842282      -11.55       -2.54    14.1s
    ‖ρε - ρref‖ = 0.0006563099072228857 ‖Δρ‖ = 0.0006553256356150769  ‖vε - vref‖ = 0.5716672741469608  α = 1.39e-6
 144   -137.8441842283      -10.89       -2.75    14.4s
    ‖ρε - ρref‖ = 0.0002732266591006258 ‖Δρ‖ = 0.0002734977737651114  ‖vε - vref‖ = 0.5716645463562884  α = 7.31e-6
 145   -137.8441842283      -10.89       -2.63    14.9s
    ‖ρε - ρref‖ = 0.0003493540658726135 ‖Δρ‖ = 0.00034917255415726274  ‖vε - vref‖ = 0.5716726688937591  α = 5.89e-6
 146   -137.8441842283      -11.23       -2.61    14.5s
    ‖ρε - ρref‖ = 0.0004709808006140265 ‖Δρ‖ = 0.00047095994163358574  ‖vε - vref‖ = 0.5716796981996745  α = 2.94e-6
 147   -137.8441842283      -10.93       -2.69    13.9s
    ‖ρε - ρref‖ = 0.00034121963043188934 ‖Δρ‖ = 0.00034135466938254504  ‖vε - vref‖ = 0.5716971622432692  α = 5.6e-6
 148   -137.8441842283      -11.11       -2.21    13.9s
    ‖ρε - ρref‖ = 0.0011541772872368514 ‖Δρ‖ = 0.0011542165239305847  ‖vε - vref‖ = 0.5716962670997979  α = 1.28e-6
 149   -137.8441842283      -10.67       -2.68    13.6s
    ‖ρε - ρref‖ = 0.0003013899266636489 ‖Δρ‖ = 0.0003014279273060754  ‖vε - vref‖ = 0.5717252236047367  α = 8.89e-6
 150   -137.8441842283      -10.88       -2.85    14.0s
    ‖ρε - ρref‖ = 0.00022015277805407978 ‖Δρ‖ = 0.00022010844474615893  ‖vε - vref‖ = 0.5717442595170177  α = 9.48e-6
 151   -137.8441842283      -10.97       -2.96    14.2s
    ‖ρε - ρref‖ = 0.0001591340022149489 ‖Δρ‖ = 0.00015892862850816253  ‖vε - vref‖ = 0.5717715484536726  α = 1.16e-5
 152   -137.8441842283      -10.90       -2.92    14.4s
    ‖ρε - ρref‖ = 0.00021500477054633776 ‖Δρ‖ = 0.00021507241492286935  ‖vε - vref‖ = 0.5718178790886692  α = 8.6e-6
 153   -137.8441842284      -10.72       -2.48    14.5s
    ‖ρε - ρref‖ = 0.0004830122961599438 ‖Δρ‖ = 0.00048284368743255635  ‖vε - vref‖ = 0.5718620527963575  α = 5.16e-6
 154   -137.8441842284      -11.08       -2.29    13.7s
    ‖ρε - ρref‖ = 0.0009604718244779554 ‖Δρ‖ = 0.0009609470041139404  ‖vε - vref‖ = 0.571877513112138  α = 1.71e-6
 155   -137.8441842284      -11.38       -2.66    13.9s
    ‖ρε - ρref‖ = 0.0005107190165636869 ‖Δρ‖ = 0.0005097790968125141  ‖vε - vref‖ = 0.5719002482507163  α = 2.15e-6
 156   -137.8441842284      -10.60       -2.50    13.9s
    ‖ρε - ρref‖ = 0.00038834279992069773 ‖Δρ‖ = 0.0003886193609639041  ‖vε - vref‖ = 0.5719738056648594  α = 7.31e-6
 157   -137.8441842284      -11.03       -2.77    12.4s
    ‖ρε - ρref‖ = 0.0002858413509557859 ‖Δρ‖ = 0.00028569547553063444  ‖vε - vref‖ = 0.5720004332019953  α = 6.0e-6
 158   -137.8441842284      -11.09       -2.61    14.4s
    ‖ρε - ρref‖ = 0.0004346843709677428 ‖Δρ‖ = 0.00043467213487650156  ‖vε - vref‖ = 0.5720260461083277  α = 3.76e-6
 159   -137.8441842284      -10.98       -2.49    14.5s
    ‖ρε - ρref‖ = 0.0005421025116260753 ‖Δρ‖ = 0.0005422276333893183  ‖vε - vref‖ = 0.5720687675216505  α = 3.35e-6
 160   -137.8441842284      -11.09       -2.24    13.6s
    ‖ρε - ρref‖ = 0.001079632059619915 ‖Δρ‖ = 0.0010796714955434974  ‖vε - vref‖ = 0.5720850130577996  α = 1.43e-6
 161   -137.8441842285      -10.80       -2.71    14.5s
    ‖ρε - ρref‖ = 0.00030494274259847793 ‖Δρ‖ = 0.00030492516243456254  ‖vε - vref‖ = 0.5721429149634644  α = 7.29e-6
 162   -137.8441842285      -10.74       -2.78    14.4s
    ‖ρε - ρref‖ = 0.00022852574014321948 ‖Δρ‖ = 0.00022849598698382946  ‖vε - vref‖ = 0.572213386661767  α = 1.08e-5
 163   -137.8441842285      -10.86       -2.92    13.5s
    ‖ρε - ρref‖ = 0.00017094514667910743 ‖Δρ‖ = 0.0001709199984585566  ‖vε - vref‖ = 0.572283043979721  α = 1.23e-5
 164   -137.8441842285      -11.01       -2.95    14.4s
    ‖ρε - ρref‖ = 0.00017241308267496285 ‖Δρ‖ = 0.0001724838784069663  ‖vε - vref‖ = 0.5723401621281191  α = 9.79e-6
 165   -137.8441842285      -10.96       -2.53    14.8s
    ‖ρε - ρref‖ = 0.00044356050284664314 ‖Δρ‖ = 0.00044322997693597646  ‖vε - vref‖ = 0.5723898960214004  α = 4.27e-6
 166   -137.8441842285      -10.99       -2.36    14.2s
    ‖ρε - ρref‖ = 0.0007240909082688989 ‖Δρ‖ = 0.0007246581074555642  ‖vε - vref‖ = 0.5724454506924064  α = 2.46e-6
 167   -137.8441842285      -11.12       -2.33    15.1s
    ‖ρε - ρref‖ = 0.000831610535043992 ‖Δρ‖ = 0.000830823632741325  ‖vε - vref‖ = 0.5724890115552586  α = 1.82e-6
 168   -137.8441842285      -11.05       -2.39    14.6s
    ‖ρε - ρref‖ = 0.0006809308778788808 ‖Δρ‖ = 0.0006813403592671449  ‖vε - vref‖ = 0.5725276311266406  α = 2.41e-6
 169   -137.8441842286      -10.78       -2.99    13.6s
    ‖ρε - ρref‖ = 0.0001373827487072748 ‖Δρ‖ = 0.00013733319930906134  ‖vε - vref‖ = 0.5726211545656353  α = 1.73e-5
 170   -137.8441842286      -11.19       -2.59    14.4s
    ‖ρε - ρref‖ = 0.0004575482757155799 ‖Δρ‖ = 0.0004575689892733528  ‖vε - vref‖ = 0.5726580624775153  α = 3.16e-6
 171   -137.8441842286      -11.16       -2.52    14.7s
    ‖ρε - ρref‖ = 0.0005814972338977181 ‖Δρ‖ = 0.000581582252512569  ‖vε - vref‖ = 0.5727060670044448  α = 2.51e-6
 172   -137.8441842286      -11.23       -2.38    14.1s
    ‖ρε - ρref‖ = 0.0008228110936029117 ‖Δρ‖ = 0.0008228010885828631  ‖vε - vref‖ = 0.5727384707288303  α = 1.65e-6
 173   -137.8441842286      -10.86       -2.83    13.8s
    ‖ρε - ρref‖ = 0.0002412082489910062 ‖Δρ‖ = 0.00024117069371314115  ‖vε - vref‖ = 0.5728371154076044  α = 8.61e-6
 174   -137.8441842286      -10.90       -2.84    15.0s
    ‖ρε - ρref‖ = 0.00024140612541060147 ‖Δρ‖ = 0.0002414954638380923  ‖vε - vref‖ = 0.5729232342252802  α = 7.86e-6
 175   -137.8441842286      -10.63       -2.78    13.1s
    ‖ρε - ρref‖ = 0.00022228389766169613 ‖Δρ‖ = 0.00022219221755473986  ‖vε - vref‖ = 0.5730715906204961  α = 1.26e-5
 176   -137.8441842286      -10.64       -2.85    14.5s
    ‖ρε - ρref‖ = 0.00020057747300337582 ‖Δρ‖ = 0.00020072138323585248  ‖vε - vref‖ = 0.5732565923588004  α = 1.33e-5
 177   -137.8441842287      -10.85       -2.62    14.3s
    ‖ρε - ρref‖ = 0.0003909466054287314 ‖Δρ‖ = 0.0003905266875791671  ‖vε - vref‖ = 0.5733692342284012  α = 5.41e-6
 178   -137.8441842287      -10.83       -2.19    14.4s
    ‖ρε - ρref‖ = 0.001002037733590204 ‖Δρ‖ = 0.0010026299002137337  ‖vε - vref‖ = 0.573467787606566  α = 2.21e-6
 179   -137.8441842287      -11.07       -2.28    13.8s
    ‖ρε - ρref‖ = 0.0010052256718377814 ‖Δρ‖ = 0.0010044542417263229  ‖vε - vref‖ = 0.5735221665883043  α = 1.59e-6
 180   -137.8441842287      -10.86       -2.48    13.4s
    ‖ρε - ρref‖ = 0.0005258956820514185 ‖Δρ‖ = 0.0005261767206356794  ‖vε - vref‖ = 0.573637218103312  α = 3.83e-6
 181   -137.8441842287      -10.84       -2.58    14.3s
    ‖ρε - ρref‖ = 0.0004316432797766854 ‖Δρ‖ = 0.00043157863608081563  ‖vε - vref‖ = 0.5737347471856598  α = 4.71e-6
 182   -137.8441842287      -11.11       -2.90    13.7s
    ‖ρε - ρref‖ = 0.0002064455623038004 ‖Δρ‖ = 0.00020645839909165474  ‖vε - vref‖ = 0.5737941256304443  α = 7.7e-6
 183   -137.8441842287      -11.32       -2.42    15.1s
    ‖ρε - ρref‖ = 0.0007657814114067011 ‖Δρ‖ = 0.0007658469943883276  ‖vε - vref‖ = 0.5738346052461556  α = 1.55e-6
 184   -137.8441842287      -11.15       -2.58    13.5s
    ‖ρε - ρref‖ = 0.0004844019036543435 ‖Δρ‖ = 0.0004843789417045642  ‖vε - vref‖ = 0.5738900754539193  α = 3.07e-6
 185   -137.8441842288      -10.60       -2.50    14.9s
    ‖ρε - ρref‖ = 0.00041820758508301847 ‖Δρ‖ = 0.00041821312216235083  ‖vε - vref‖ = 0.5741040230944737  α = 6.89e-6
 186   -137.8441842288      -10.76       -2.78    14.2s
    ‖ρε - ρref‖ = 0.00025162679613656327 ‖Δρ‖ = 0.00025161735121071946  ‖vε - vref‖ = 0.5742418278508223  α = 9.1e-6
 187   -137.8441842288      -10.84       -2.91    14.4s
    ‖ρε - ρref‖ = 0.00021205917990185476 ‖Δρ‖ = 0.00021198993614304963  ‖vε - vref‖ = 0.5743656440760496  α = 9.38e-6
 188   -137.8441842288      -10.68       -2.71    14.2s
    ‖ρε - ρref‖ = 0.0002741318124787699 ‖Δρ‖ = 0.00027430246301463925  ‖vε - vref‖ = 0.5745378385932848  α = 9.48e-6
 189   -137.8441842288      -10.64       -2.66    12.6s
    ‖ρε - ρref‖ = 0.00030154806867322526 ‖Δρ‖ = 0.0003011426763704415  ‖vε - vref‖ = 0.5747289944162663  α = 9.02e-6
 190   -137.8441842288      -11.20       -2.22    13.0s
    ‖ρε - ρref‖ = 0.001188734425548352 ‖Δρ‖ = 0.0011895170724706043  ‖vε - vref‖ = 0.5747777371916809  α = 1.21e-6
 191   -137.8441842288      -11.25       -2.57    14.8s
    ‖ρε - ρref‖ = 0.0005089379564380223 ‖Δρ‖ = 0.0005083272376258032  ‖vε - vref‖ = 0.5748258827189303  α = 2.58e-6
 192   -137.8441842289      -10.81       -2.45    14.6s
    ‖ρε - ρref‖ = 0.0004883280799194377 ‖Δρ‖ = 0.0004885594519615038  ‖vε - vref‖ = 0.5749771765149465  α = 4.59e-6
 193   -137.8441842289      -10.99       -2.83    13.1s
    ‖ρε - ρref‖ = 0.00029004328318282184 ‖Δρ‖ = 0.0002899743927515749  ‖vε - vref‖ = 0.5750691520304927  α = 5.58e-6
 194   -137.8441842289      -10.67       -2.66    14.5s
    ‖ρε - ρref‖ = 0.00031276353232030424 ‖Δρ‖ = 0.0003127851677078019  ‖vε - vref‖ = 0.5752584297611295  α = 8.52e-6
 195   -137.8441842289      -11.20       -2.28    15.2s
    ‖ρε - ρref‖ = 0.0012047087301776539 ‖Δρ‖ = 0.0012047707168691187  ‖vε - vref‖ = 0.5753137879952768  α = 1.11e-6
 196   -137.8441842289      -10.99       -2.64    13.8s
    ‖ρε - ρref‖ = 0.0004185543051159041 ‖Δρ‖ = 0.0004184835300961564  ‖vε - vref‖ = 0.5754040759288641  α = 4.37e-6
 197   -137.8441842289      -10.78       -2.37    14.6s
    ‖ρε - ρref‖ = 0.0006353265726927858 ‖Δρ‖ = 0.0006352728791652065  ‖vε - vref‖ = 0.5755597359492185  α = 3.72e-6
 198   -137.8441842289      -10.81       -2.66    14.9s
    ‖ρε - ρref‖ = 0.0002971377002463841 ‖Δρ‖ = 0.00029717633253524675  ‖vε - vref‖ = 0.5756995607249162  α = 7.64e-6
 199   -137.8441842290      -10.52       -3.03    12.4s
    ‖ρε - ρref‖ = 0.00013086044348355845 ‖Δρ‖ = 0.00013080959105057197  ‖vε - vref‖ = 0.5759946836796039  α = 2.42e-5
 200   -137.8441842290      -10.87       -2.66    14.6s
    ‖ρε - ρref‖ = 0.0003454285512619528 ‖Δρ‖ = 0.00034556123600449484  ‖vε - vref‖ = 0.57611988492661  α = 5.77e-6
 201   -137.8441842290      -10.97       -2.84    15.2s
    ‖ρε - ρref‖ = 0.0002395963281461633 ‖Δρ‖ = 0.00023915282038148566  ‖vε - vref‖ = 0.5762240983782261  α = 7.57e-6
 202   -137.8441842290      -11.22       -2.39    13.8s
    ‖ρε - ρref‖ = 0.0008781222362528501 ‖Δρ‖ = 0.0008790135582114949  ‖vε - vref‖ = 0.5762767852743431  α = 1.6e-6
 203   -137.8441842290      -10.88       -2.44    13.5s
    ‖ρε - ρref‖ = 0.0005380449758808759 ‖Δρ‖ = 0.0005377018892151671  ‖vε - vref‖ = 0.5764174755146412  α = 3.91e-6
 204   -137.8441842290      -10.89       -2.24    14.1s
    ‖ρε - ρref‖ = 0.000904928489789037 ‖Δρ‖ = 0.0009052124339143138  ‖vε - vref‖ = 0.5765387590057883  α = 2.25e-6
 205   -137.8441842290      -10.65       -2.80    14.5s
    ‖ρε - ρref‖ = 0.00022846525176019254 ‖Δρ‖ = 0.0002283338533324623  ‖vε - vref‖ = 0.5767747035105769  α = 1.19e-5
 206   -137.8441842291      -10.87       -2.56    14.0s
    ‖ρε - ρref‖ = 0.00047556818128787387 ‖Δρ‖ = 0.0004755288481805618  ‖vε - vref‖ = 0.576909008124398  α = 4.36e-6
 207   -137.8441842291      -10.99       -2.30    13.8s
    ‖ρε - ρref‖ = 0.0010422075753063697 ‖Δρ‖ = 0.0010422385178613777  ‖vε - vref‖ = 0.5770366501790051  α = 1.62e-6
 208   -137.8441842291      -10.67       -2.39    13.5s
    ‖ρε - ρref‖ = 0.0006137643519221436 ‖Δρ‖ = 0.0006136734651949578  ‖vε - vref‖ = 0.5772206368398298  α = 3.98e-6
 209   -137.8441842291      -10.99       -2.43    14.5s
    ‖ρε - ρref‖ = 0.0006548168358695836 ‖Δρ‖ = 0.0006547995968985229  ‖vε - vref‖ = 0.5773325519662581  α = 2.78e-6
 210   -137.8441842291      -10.88       -2.61    13.8s
    ‖ρε - ρref‖ = 0.000395577029747313 ‖Δρ‖ = 0.0003956194599151554  ‖vε - vref‖ = 0.5774609715931764  α = 5.07e-6
 211   -137.8441842291      -10.45       -2.94    14.5s
    ‖ρε - ρref‖ = 0.00014510836409604137 ‖Δρ‖ = 0.0001452437692399545  ‖vε - vref‖ = 0.5778347544353443  α = 2.36e-5
 212   -137.8441842292      -10.75       -3.00    14.4s
    ‖ρε - ρref‖ = 0.0001662532280042491 ‖Δρ‖ = 0.00016619669663131987  ‖vε - vref‖ = 0.5780448567667102  α = 1.34e-5
 213   -137.8441842292      -10.80       -2.83    13.9s
    ‖ρε - ρref‖ = 0.00023873390875330712 ‖Δρ‖ = 0.00023827821022400706  ‖vε - vref‖ = 0.5782049277295841  α = 8.7e-6
 214   -137.8441842292      -11.24       -2.29    13.7s
    ‖ρε - ρref‖ = 0.0011245109832935364 ‖Δρ‖ = 0.0011254793158736718  ‖vε - vref‖ = 0.5782594101350751  α = 1.19e-6
 215   -137.8441842292      -11.04       -2.58    15.0s
    ‖ρε - ρref‖ = 0.0004421432679833365 ‖Δρ‖ = 0.00044184282658082865  ‖vε - vref‖ = 0.5783542006940662  α = 3.83e-6
 216   -137.8441842292      -11.05       -2.47    15.2s
    ‖ρε - ρref‖ = 0.0006254170323035459 ‖Δρ‖ = 0.0006255391122470078  ‖vε - vref‖ = 0.5784512701824075  α = 2.71e-6
 217   -137.8441842292      -10.83       -2.66    15.0s
    ‖ρε - ρref‖ = 0.0003419726884860172 ‖Δρ‖ = 0.000341727050338869  ‖vε - vref‖ = 0.5786276667890853  α = 6.39e-6
 218   -137.8441842292      -10.95       -2.80    13.9s
    ‖ρε - ρref‖ = 0.00026939807026208035 ‖Δρ‖ = 0.00026943595739997223  ‖vε - vref‖ = 0.5787480404079292  α = 6.99e-6
 219   -137.8441842292      -11.20       -2.33    13.4s
    ‖ρε - ρref‖ = 0.0010464630334944308 ‖Δρ‖ = 0.001046572796801631  ‖vε - vref‖ = 0.5788283557050643  α = 1.33e-6
 220   -137.8441842293      -10.74       -2.67    13.7s
    ‖ρε - ρref‖ = 0.0003483467823241953 ‖Δρ‖ = 0.0003483719699211795  ‖vε - vref‖ = 0.5790478173502576  α = 6.51e-6
 221   -137.8441842293      -10.72       -2.32    13.9s
    ‖ρε - ρref‖ = 0.0007183293416183104 ‖Δρ‖ = 0.0007184058785802961  ‖vε - vref‖ = 0.579256251722839  α = 3.46e-6
 222   -137.8441842293      -11.05       -2.57    13.9s
    ‖ρε - ρref‖ = 0.0005368481448522971 ‖Δρ‖ = 0.0005369053584934264  ‖vε - vref‖ = 0.5793489135160307  α = 2.91e-6
 223   -137.8441842293      -10.67       -2.82    14.2s
    ‖ρε - ρref‖ = 0.00020061588956444906 ‖Δρ‖ = 0.00020058070098551308  ‖vε - vref‖ = 0.5795836340635013  α = 1.3e-5
 224   -137.8441842293      -10.57       -2.86    14.9s
    ‖ρε - ρref‖ = 0.00019461932842634744 ‖Δρ‖ = 0.0001945847291713647  ‖vε - vref‖ = 0.5799053061649396  α = 1.53e-5
 225   -137.8441842294      -10.70       -2.72    15.0s
    ‖ρε - ρref‖ = 0.0002699189309799569 ‖Δρ‖ = 0.0002697413744481234  ‖vε - vref‖ = 0.5801477568838236  α = 9.54e-6
 226   -137.8441842294      -11.50       -2.60    14.5s
    ‖ρε - ρref‖ = 0.0006106710284185387 ‖Δρ‖ = 0.0006117278993699331  ‖vε - vref‖ = 0.5801797179063694  α = 1.64e-6
 227   -137.8441842294      -10.76       -2.62    15.1s
    ‖ρε - ρref‖ = 0.00037098306542871846 ‖Δρ‖ = 0.00037068291226058234  ‖vε - vref‖ = 0.5803871787134517  α = 6.27e-6
 228   -137.8441842294      -11.19       -2.38    13.8s
    ‖ρε - ρref‖ = 0.0007430063209214039 ‖Δρ‖ = 0.0007430962559029647  ‖vε - vref‖ = 0.5804683326599605  α = 1.98e-6
 229   -137.8441842294      -10.75       -2.75    13.6s
    ‖ρε - ρref‖ = 0.0002722959302983499 ‖Δρ‖ = 0.00027216308601898443  ‖vε - vref‖ = 0.5806846053891231  α = 8.66e-6
 230   -137.8441842294      -10.79       -2.67    14.5s
    ‖ρε - ρref‖ = 0.00035286947619869366 ‖Δρ‖ = 0.00035296503634230694  ‖vε - vref‖ = 0.580876293654606  α = 6.3e-6
 231   -137.8441842294      -11.06       -2.21    14.3s
    ‖ρε - ρref‖ = 0.0012643803698945452 ‖Δρ‖ = 0.0012645114165205596  ‖vε - vref‖ = 0.5809826594365965  α = 1.28e-6
 232   -137.8441842294      -10.60       -2.59    13.8s
    ‖ρε - ρref‖ = 0.00040285935257057705 ‖Δρ‖ = 0.00040285608057717096  ‖vε - vref‖ = 0.5812833264450437  α = 6.72e-6
 233   -137.8441842295      -10.71       -2.38    14.9s
    ‖ρε - ρref‖ = 0.0006536090504261632 ‖Δρ‖ = 0.0006536820372747823  ‖vε - vref‖ = 0.5815025151728493  α = 3.86e-6
 234   -137.8441842295      -10.79       -2.33    14.5s
    ‖ρε - ρref‖ = 0.0007021881539735718 ‖Δρ‖ = 0.0007022590631616892  ‖vε - vref‖ = 0.5816863711551966  α = 3.19e-6
 235   -137.8441842295      -11.04       -2.77    13.2s
    ‖ρε - ρref‖ = 0.0003179664929496233 ‖Δρ‖ = 0.0003178862886947501  ‖vε - vref‖ = 0.5817962180600423  α = 5.1e-6
 236   -137.8441842295      -10.74       -2.69    14.1s
    ‖ρε - ρref‖ = 0.00025814464786303343 ‖Δρ‖ = 0.00025802217062436555  ‖vε - vref‖ = 0.5820117909816752  α = 9.49e-6
 237   -137.8441842295      -10.88       -2.89    13.8s
    ‖ρε - ρref‖ = 0.00018688814783769713 ‖Δρ‖ = 0.00018677096509165538  ‖vε - vref‖ = 0.5821704860746411  α = 1.11e-5
 238   -137.8441842295      -11.03       -2.84    14.8s
    ‖ρε - ρref‖ = 0.00028410856269031566 ‖Δρ‖ = 0.00028498523310050106  ‖vε - vref‖ = 0.582288156506787  α = 6.04e-6
 239   -137.8441842295      -10.84       -2.14    15.1s
    ‖ρε - ρref‖ = 0.0011776570016824466 ‖Δρ‖ = 0.0011770169694377433  ‖vε - vref‖ = 0.5824749157909613  α = 1.73e-6
 240   -137.8441842296      -10.96       -2.82    14.5s
    ‖ρε - ρref‖ = 0.0002573926675636875 ‖Δρ‖ = 0.0002574584138133787  ‖vε - vref‖ = 0.5826029302797614  α = 7.39e-6
 241   -137.8441842296      -10.78       -2.27    13.8s
    ‖ρε - ρref‖ = 0.0007844906717627841 ‖Δρ‖ = 0.0007844713756670777  ‖vε - vref‖ = 0.5828007981356693  α = 2.99e-6
 242   -137.8441842296      -10.77       -2.69    15.0s
    ‖ρε - ρref‖ = 0.00030613360740374546 ‖Δρ‖ = 0.0003061491498161494  ‖vε - vref‖ = 0.5830031769961789  α = 7.63e-6
 243   -137.8441842296      -11.40       -2.37    13.8s
    ‖ρε - ρref‖ = 0.0010052803402914093 ‖Δρ‖ = 0.0010053590976374083  ‖vε - vref‖ = 0.583052522356075  α = 1.06e-6
 244   -137.8441842296      -10.84       -2.79    14.0s
    ‖ρε - ρref‖ = 0.00024894783818910635 ‖Δρ‖ = 0.0002490107676261327  ‖vε - vref‖ = 0.583238799363427  α = 8.6e-6
 245   -137.8441842296      -11.13       -2.67    14.5s
    ‖ρε - ρref‖ = 0.00040642790563325177 ‖Δρ‖ = 0.00040654890222105455  ‖vε - vref‖ = 0.5833224615696831  α = 3.67e-6
 246   -137.8441842296      -10.96       -2.71    14.6s
    ‖ρε - ρref‖ = 0.00035292455306077823 ‖Δρ‖ = 0.00035294579260441235  ‖vε - vref‖ = 0.5834843755887502  α = 5.12e-6
 247   -137.8441842296      -10.70       -2.56    14.3s
    ‖ρε - ρref‖ = 0.000397168249127795 ‖Δρ‖ = 0.0003969786335935654  ‖vε - vref‖ = 0.5837235445658434  α = 6.25e-6
 248   -137.8441842297      -11.00       -2.81    14.9s
    ‖ρε - ρref‖ = 0.00030667870569252065 ‖Δρ‖ = 0.0003067020432904695  ‖vε - vref‖ = 0.5838439631454969  α = 5.21e-6
 249   -137.8441842297      -10.87       -2.82    14.2s
    ‖ρε - ρref‖ = 0.00023804571848485707 ‖Δρ‖ = 0.00023811651867612196  ‖vε - vref‖ = 0.5840224093297353  α = 8.68e-6
 250   -137.8441842297      -10.79       -2.83    13.5s
    ‖ρε - ρref‖ = 0.00023544907282940179 ‖Δρ‖ = 0.00023594422005548198  ‖vε - vref‖ = 0.5842161406046368  α = 9.47e-6
 251   -137.8441842297      -11.18       -2.25    14.4s
    ‖ρε - ρref‖ = 0.0013709434109319245 ‖Δρ‖ = 0.0013699386070388441  ‖vε - vref‖ = 0.5843014650551477  α = 9.82e-7
 252   -137.8441842297      -10.84       -2.87    14.6s
    ‖ρε - ρref‖ = 0.0001867794357651017 ‖Δρ‖ = 0.0001869200514908402  ‖vε - vref‖ = 0.5844886575856597  α = 1.19e-5
 253   -137.8441842297      -10.93       -2.46    13.6s
    ‖ρε - ρref‖ = 0.0005914212396023207 ‖Δρ‖ = 0.0005914281876928793  ‖vε - vref‖ = 0.5846390992041972  α = 3.3e-6
 254   -137.8441842298      -10.43       -2.41    13.9s
    ‖ρε - ρref‖ = 0.0005261724107144749 ‖Δρ‖ = 0.000526138264647427  ‖vε - vref‖ = 0.5851082427634894  α = 6.68e-6
 255   -137.8441842298      -11.43       -2.47    13.9s
    ‖ρε - ρref‖ = 0.0008638366984699128 ‖Δρ‖ = 0.0008638793379753958  ‖vε - vref‖ = 0.5851576311592652  α = 1.22e-6
 256   -137.8441842298      -10.78       -2.58    12.5s
    ‖ρε - ρref‖ = 0.00034287106400867544 ‖Δρ‖ = 0.0003428449019997718  ‖vε - vref‖ = 0.585362878471906  α = 6.84e-6
 257   -137.8441842298      -10.97       -2.88    14.0s
    ‖ρε - ρref‖ = 0.00021158928760118848 ‖Δρ‖ = 0.00021169300252650485  ‖vε - vref‖ = 0.5855046294022158  α = 8.86e-6
 258   -137.8441842298      -10.84       -2.41    13.3s
    ‖ρε - ρref‖ = 0.0006178773465465139 ‖Δρ‖ = 0.0006179305566295934  ‖vε - vref‖ = 0.5856937248642863  α = 3.49e-6
 259   -137.8441842298      -10.84       -2.68    14.2s
    ‖ρε - ρref‖ = 0.00035659413497378286 ‖Δρ‖ = 0.00035650951024855833  ‖vε - vref‖ = 0.5858824095803142  α = 5.79e-6
 260   -137.8441842298      -10.68       -2.67    14.2s
    ‖ρε - ρref‖ = 0.00032444921903280446 ‖Δρ‖ = 0.0003245441993010687  ‖vε - vref‖ = 0.5861482161451012  α = 7.47e-6
 261   -137.8441842299      -10.82       -2.62    12.6s
    ‖ρε - ρref‖ = 0.00037432541416427206 ‖Δρ‖ = 0.000374275124589273  ‖vε - vref‖ = 0.586326301909729  α = 5.6e-6
 262   -137.8441842299      -11.07       -2.79    13.8s
    ‖ρε - ρref‖ = 0.0002795982112902308 ‖Δρ‖ = 0.0002799761984268732  ‖vε - vref‖ = 0.5864311757808982  α = 6.07e-6
 263   -137.8441842299      -11.32       -2.44    14.5s
    ‖ρε - ρref‖ = 0.0008393525849251818 ‖Δρ‖ = 0.0008382990456330724  ‖vε - vref‖ = 0.5865007890441443  α = 1.38e-6
 264   -137.8441842299      -10.73       -2.61    13.2s
    ‖ρε - ρref‖ = 0.0003270713042684471 ‖Δρ‖ = 0.0003272480263738302  ‖vε - vref‖ = 0.5867474398522481  α = 7.51e-6
 265   -137.8441842299      -11.07       -2.72    14.8s
    ‖ρε - ρref‖ = 0.00029317796003721806 ‖Δρ‖ = 0.0002931904165803798  ‖vε - vref‖ = 0.5868590624153723  α = 5.64e-6
 266   -137.8441842299      -11.00       -2.37    15.0s
    ‖ρε - ρref‖ = 0.0006671335751166067 ‖Δρ‖ = 0.0006671387124430239  ‖vε - vref‖ = 0.586993153528251  α = 2.72e-6
 267   -137.8441842299      -11.21       -2.71    13.2s
    ‖ρε - ρref‖ = 0.000366402672809305 ‖Δρ‖ = 0.00036644087160956913  ‖vε - vref‖ = 0.5870843737016316  α = 3.79e-6
 268   -137.8441842299      -10.95       -2.23    13.4s
    ‖ρε - ρref‖ = 0.0009019917811325603 ‖Δρ‖ = 0.0009019623931398928  ‖vε - vref‖ = 0.5872241995945312  α = 2.03e-6
 269   -137.8441842299      -10.75       -2.92    14.4s
    ‖ρε - ρref‖ = 0.00015822096263523177 ‖Δρ‖ = 0.00015827013676452003  ‖vε - vref‖ = 0.5874497038262433  α = 1.52e-5
 270   -137.8441842299      -11.24       -2.76    14.6s
    ‖ρε - ρref‖ = 0.00032053111728898737 ‖Δρ‖ = 0.00032052991473136537  ‖vε - vref‖ = 0.5875236608179278  α = 4.25e-6
 271   -137.8441842300      -10.83       -2.62    14.8s
    ‖ρε - ρref‖ = 0.00036367088315647256 ‖Δρ‖ = 0.0003637032487912017  ‖vε - vref‖ = 0.5877334686879633  α = 6.06e-6
 272   -137.8441842300      -10.72       -2.68    15.0s
    ‖ρε - ρref‖ = 0.00028064713562134307 ‖Δρ‖ = 0.00028071391492070694  ‖vε - vref‖ = 0.5880061871211918  α = 8.53e-6
 273   -137.8441842300      -10.94       -2.66    14.6s
    ‖ρε - ρref‖ = 0.0003702226061516747 ‖Δρ‖ = 0.0003700504420529578  ‖vε - vref‖ = 0.5881401697304406  α = 4.77e-6
 274   -137.8441842300      -10.82       -2.74    15.0s
    ‖ρε - ρref‖ = 0.00026245725573714577 ‖Δρ‖ = 0.000262778599537425  ‖vε - vref‖ = 0.5883378702718179  α = 8.42e-6
 275   -137.8441842300      -11.49       -2.44    14.3s
    ‖ρε - ρref‖ = 0.000885449617338357 ‖Δρ‖ = 0.0008844342660461593  ‖vε - vref‖ = 0.5883881408935177  α = 1.08e-6
 276   -137.8441842300      -11.04       -2.82    15.1s
    ‖ρε - ρref‖ = 0.00025868888822048927 ‖Δρ‖ = 0.00025899829202223536  ‖vε - vref‖ = 0.5885191762550718  α = 6.37e-6
 277   -137.8441842300      -10.87       -2.73    14.8s
    ‖ρε - ρref‖ = 0.00027333801545961935 ‖Δρ‖ = 0.0002732454503255505  ‖vε - vref‖ = 0.5886982685423006  α = 7.44e-6
 278   -137.8441842300      -11.37       -2.50    14.4s
    ‖ρε - ρref‖ = 0.0005590324638935074 ‖Δρ‖ = 0.0005589787066463562  ‖vε - vref‖ = 0.5887543569773712  α = 2.08e-6
 279   -137.8441842300      -11.05       -2.77    14.7s
    ‖ρε - ρref‖ = 0.00028957425933975466 ‖Δρ‖ = 0.00028962402166953394  ‖vε - vref‖ = 0.588883181440121  α = 5.81e-6
 280   -137.8441842301      -11.26       -2.23    14.5s
    ‖ρε - ρref‖ = 0.0010732040746088219 ‖Δρ‖ = 0.0010731858217717502  ‖vε - vref‖ = 0.5889569109047945  α = 1.2e-6
 281   -137.8441842301      -10.78       -2.91    14.6s
    ‖ρε - ρref‖ = 0.0001693714914190866 ‖Δρ‖ = 0.00016934802421346434  ‖vε - vref‖ = 0.5891929840855817  α = 1.38e-5
 282   -137.8441842301      -10.77       -2.81    14.5s
    ‖ρε - ρref‖ = 0.00023516683645920553 ‖Δρ‖ = 0.00023519530283683837  ‖vε - vref‖ = 0.5894333184434047  α = 1.01e-5
 283   -137.8441842301      -11.25       -2.48    14.1s
    ‖ρε - ρref‖ = 0.0006103831952982066 ‖Δρ‖ = 0.0006103903997548209  ‖vε - vref‖ = 0.589508053040008  α = 2.23e-6
 284   -137.8441842301      -11.00       -2.89    15.0s
    ‖ρε - ρref‖ = 0.0002234577144978956 ‖Δρ‖ = 0.00022337370739132007  ‖vε - vref‖ = 0.5896437031155395  α = 7.6e-6
 285   -137.8441842301      -10.87       -3.03    15.1s
    ‖ρε - ρref‖ = 0.00014941927919505523 ‖Δρ‖ = 0.00014939240058052866  ‖vε - vref‖ = 0.5898358853096264  α = 1.33e-5
 286   -137.8441842301      -10.93       -2.63    14.7s
    ‖ρε - ρref‖ = 0.00038322426844681094 ‖Δρ‖ = 0.0003837274315399517  ‖vε - vref‖ = 0.5899869913944007  α = 4.73e-6
 287   -137.8441842301      -11.39       -2.51    14.6s
    ‖ρε - ρref‖ = 0.0006512032661769925 ‖Δρ‖ = 0.0006502410893394673  ‖vε - vref‖ = 0.5900557894710862  α = 1.75e-6
 288   -137.8441842301      -10.97       -2.46    13.2s
    ‖ρε - ρref‖ = 0.0005284347318796846 ‖Δρ‖ = 0.0005287561033875277  ‖vε - vref‖ = 0.59018145645858  α = 3.37e-6
 289   -137.8441842301      -11.00       -2.99    14.1s
    ‖ρε - ρref‖ = 0.0001652154618594897 ‖Δρ‖ = 0.00016502020883574792  ‖vε - vref‖ = 0.590320452323253  α = 1.09e-5
 290   -137.8441842302      -11.08       -2.59    14.5s
    ‖ρε - ρref‖ = 0.0004389021728891453 ‖Δρ‖ = 0.0004388468481721024  ‖vε - vref‖ = 0.5904354422429304  α = 3.76e-6
 291   -137.8441842302      -10.86       -2.39    14.0s
    ‖ρε - ρref‖ = 0.0006391951849412306 ‖Δρ‖ = 0.0006392818260809874  ‖vε - vref‖ = 0.5906341067417237  α = 3.23e-6
 292   -137.8441842302      -11.18       -2.28    14.4s
    ‖ρε - ρref‖ = 0.0010604147545869656 ‖Δρ‖ = 0.001060399616622833  ‖vε - vref‖ = 0.5907212513365032  α = 1.31e-6
 293   -137.8441842302      -10.94       -2.61    13.4s
    ‖ρε - ρref‖ = 0.0004093941888790729 ‖Δρ‖ = 0.000409351038926066  ‖vε - vref‖ = 0.5908734942536064  α = 4.55e-6
 294   -137.8441842302      -10.62       -2.90    12.8s
    ‖ρε - ρref‖ = 0.00016003964513805052 ‖Δρ‖ = 0.00016009105453692108  ‖vε - vref‖ = 0.5911936701128291  α = 1.77e-5
 295   -137.8441842302      -11.15       -2.73    13.6s
    ‖ρε - ρref‖ = 0.00032546753184315585 ‖Δρ‖ = 0.0003255298165502262  ‖vε - vref‖ = 0.591284449380173  α = 4.61e-6
 296   -137.8441842302      -11.33       -2.53    14.4s
    ‖ρε - ρref‖ = 0.00047584094250280995 ‖Δρ‖ = 0.0004758652001028641  ‖vε - vref‖ = 0.5913462981400927  α = 2.66e-6
 297   -137.8441842302      -10.93       -2.99    13.4s
    ‖ρε - ρref‖ = 0.00014046120205788717 ‖Δρ‖ = 0.00014038893431103807  ‖vε - vref‖ = 0.5915023272143514  α = 1.41e-5
 298   -137.8441842302      -11.00       -2.97    14.9s
    ‖ρε - ρref‖ = 0.00015284769421954473 ‖Δρ‖ = 0.00015325985575098715  ‖vε - vref‖ = 0.5916543583569662  α = 1.16e-5
 299   -137.8441842303      -11.35       -2.44    14.5s
    ‖ρε - ρref‖ = 0.0007482703421566885 ‖Δρ‖ = 0.0007472798396559143  ‖vε - vref‖ = 0.5917166494421549  α = 1.51e-6
 300   -137.8441842303      -11.13       -2.56    15.0s
    ‖ρε - ρref‖ = 0.0004926308564872381 ‖Δρ‖ = 0.0004929916054662159  ‖vε - vref‖ = 0.5918154443324934  α = 2.85e-6
Trying again with Newton's method ...
n     Energy            log10(ΔE)   log10(Δρ)   Δtime 
---   ---------------   ---------   ---------   ------
  1   -137.8441842306                   -6.97    1223s
    ‖ρε - ρref‖ = 1.2467959922007027e-6 ‖Δρ‖ = 1.0246105581094832e-8  ‖vε - vref‖ = 0.5902951133830082
  2   -137.8441842307       -9.87       -7.16    1228s
    ‖ρε - ρref‖ = 1.2470274778590283e-6 ‖Δρ‖ = 6.574100469663797e-9  ‖vε - vref‖ = 0.5904951427168642
    Stopping to avoid numerical instabilities.

#-- ‖ρε - ρref‖ = 1.2470274778590283e-6 vs. 1.7782794100389228e-9 = δ*ε ‖vε - vref‖ = 0.5904951427168642


# --- ε=1.0e-7

n     Energy            log10(ΔE)   log10(Δρ)   Δtime 
---   ---------------   ---------   ---------   ------
  1   -137.8441812460                    0.58    19.0s
    ‖ρε - ρref‖ = 1.3079990324887012 ‖Δρ‖ = 1.307998597256647  ‖vε - vref‖ = 3.734031045813933  α = 5.33e-7
  2   -137.8441813424       -7.02       -0.37    12.2s
    ‖ρε - ρref‖ = 0.09639958187638294 ‖Δρ‖ = 0.09639943148554692  ‖vε - vref‖ = 3.506101361909232  α = 1.3e-6
  3   -137.8441813690       -7.58       -0.31    13.4s
    ‖ρε - ρref‖ = 0.11378916280876784 ‖Δρ‖ = 0.11378908357390762  ‖vε - vref‖ = 3.4553114030483836  α = 6.02e-7
  4   -137.8441814254       -7.25       -0.82    13.5s
    ‖ρε - ρref‖ = 0.02850160212275358 ‖Δρ‖ = 0.028501411966863135  ‖vε - vref‖ = 3.226975794786885  α = 3.46e-6
  5   -137.8441814397       -7.84       -0.88    13.0s
    ‖ρε - ρref‖ = 0.02898528934718494 ‖Δρ‖ = 0.028985202773647637  ‖vε - vref‖ = 3.1505104851351153  α = 1.6e-6
  6   -137.8441814437       -8.40       -0.98    12.6s
    ‖ρε - ρref‖ = 0.019494638757850395 ‖Δρ‖ = 0.019494627698442776  ‖vε - vref‖ = 3.15038161203335  α = 1.37e-6
  7   -137.8441814478       -8.38       -1.09    13.3s
    ‖ρε - ρref‖ = 0.013447777091562597 ‖Δρ‖ = 0.013447767803623185  ‖vε - vref‖ = 3.158815614400776  α = 2.01e-6
  8   -137.8441814490       -8.93       -1.41    13.5s
    ‖ρε - ρref‖ = 0.008138608802522693 ‖Δρ‖ = 0.008138571931760779  ‖vε - vref‖ = 3.1524158188994753  α = 1.79e-6
  9   -137.8441814506       -8.79       -1.44    13.4s
    ‖ρε - ρref‖ = 0.007389502092840994 ‖Δρ‖ = 0.007389443660093668  ‖vε - vref‖ = 3.138577416933382  α = 2.29e-6
 10   -137.8441814545       -8.40       -1.68    13.1s
    ‖ρε - ρref‖ = 0.0031579842278778004 ‖Δρ‖ = 0.0031579367490587986  ‖vε - vref‖ = 3.124183403862797  α = 8.53e-6
 11   -137.8441814573       -8.56       -1.86    13.8s
    ‖ρε - ρref‖ = 0.0019429877230439552 ‖Δρ‖ = 0.00194297490282216  ‖vε - vref‖ = 3.1280735983949755  α = 1.15e-5
 12   -137.8441818155       -6.45        0.24    13.3s
    ‖ρε - ρref‖ = 0.5246893897666836 ‖Δρ‖ = 0.5246899968481583  ‖vε - vref‖ = 0.8411276564998551  α = 3.21e-7
 13   -137.8441818177       -8.66       -1.60    14.4s
    ‖ρε - ρref‖ = 0.003207208849041536 ‖Δρ‖ = 0.0032071345749357344  ‖vε - vref‖ = 0.8087269264220441  α = 6.3e-6
 14   -137.8441818188       -8.97       -1.86    13.2s
    ‖ρε - ρref‖ = 0.002008890994429131 ‖Δρ‖ = 0.0020088504939118866  ‖vε - vref‖ = 0.7934851938725203  α = 7.08e-6
 15   -137.8441818191       -9.42       -1.63    13.7s
    ‖ρε - ρref‖ = 0.005006462537687106 ‖Δρ‖ = 0.005006428591566061  ‖vε - vref‖ = 0.7884755752336765  α = 1.6e-6
 16   -137.8441818200       -9.07       -1.25    14.1s
    ‖ρε - ρref‖ = 0.008724631011625671 ‖Δρ‖ = 0.008724622318524411  ‖vε - vref‖ = 0.7789162902475522  α = 1.41e-6
 17   -137.8441818212       -8.91       -1.85    14.6s
    ‖ρε - ρref‖ = 0.0019227900480161479 ‖Δρ‖ = 0.001922771464325  ‖vε - vref‖ = 0.7622837737748492  α = 7.86e-6
 18   -137.8441818215       -9.47       -1.56    13.8s
    ‖ρε - ρref‖ = 0.005080111978600755 ‖Δρ‖ = 0.005080068304309593  ‖vε - vref‖ = 0.7574769757940684  α = 1.53e-6
 19   -137.8441818221       -9.23       -1.60    14.7s
    ‖ρε - ρref‖ = 0.0038212432050123606 ‖Δρ‖ = 0.0038211994529212664  ‖vε - vref‖ = 0.7516776753153668  α = 2.68e-6
 20   -137.8441818227       -9.27       -1.56    14.3s
    ‖ρε - ρref‖ = 0.004357817287910266 ‖Δρ‖ = 0.004357812037574646  ‖vε - vref‖ = 0.742254120053071  α = 2.17e-6
 21   -137.8441818230       -9.42       -1.67    13.2s
    ‖ρε - ρref‖ = 0.003705295671961756 ‖Δρ‖ = 0.0037052918205603964  ‖vε - vref‖ = 0.7370115320821781  α = 2.24e-6
 22   -137.8441818237       -9.15       -1.57    13.6s
    ‖ρε - ρref‖ = 0.0039150720279234105 ‖Δρ‖ = 0.00391504272555057  ‖vε - vref‖ = 0.72793678260905  α = 2.89e-6
 23   -137.8441818274       -8.44       -0.67    13.4s
    ‖ρε - ρref‖ = 0.06705276725079172 ‖Δρ‖ = 0.0670534056008315  ‖vε - vref‖ = 0.6613481953470645  α = 3.56e-7
 24   -137.8441818279       -9.31       -1.82    14.3s
    ‖ρε - ρref‖ = 0.0022705861749379263 ‖Δρ‖ = 0.002270546970220989  ‖vε - vref‖ = 0.6532139585597652  α = 4.05e-6
 25   -137.8441818282       -9.47       -2.21    14.8s
    ‖ρε - ρref‖ = 0.0010243081670968728 ‖Δρ‖ = 0.001024234315907185  ‖vε - vref‖ = 0.6479703387326554  α = 7.46e-6
 26   -137.8441818288       -9.21       -1.82    14.4s
    ‖ρε - ρref‖ = 0.0021604759861186314 ‖Δρ‖ = 0.0021604946965193992  ‖vε - vref‖ = 0.6374829168404456  α = 4.89e-6
 27   -137.8441818290       -9.83       -1.90    12.6s
    ‖ρε - ρref‖ = 0.0025178582704038447 ‖Δρ‖ = 0.002517864467084206  ‖vε - vref‖ = 0.6351816354489234  α = 2.0e-6
 28   -137.8441818292       -9.63       -1.44    13.5s
    ‖ρε - ρref‖ = 0.006071558522748195 ‖Δρ‖ = 0.0060715049372159725  ‖vε - vref‖ = 0.6311131673158153  α = 1.08e-6
 29   -137.8441818296       -9.38       -2.08    12.5s
    ‖ρε - ρref‖ = 0.0011632537592460657 ‖Δρ‖ = 0.0011632200685428083  ‖vε - vref‖ = 0.6246401908375098  α = 7.48e-6
 30   -137.8441818300       -9.48       -1.95    14.0s
    ‖ρε - ρref‖ = 0.0014639700129947927 ‖Δρ‖ = 0.0014639648396263072  ‖vε - vref‖ = 0.6183322355800035  α = 5.37e-6
 31   -137.8441818301       -9.87       -1.52    13.0s
    ‖ρε - ρref‖ = 0.005107602335151495 ‖Δρ‖ = 0.005107577584353322  ‖vε - vref‖ = 0.6157761019530479  α = 9.75e-7
 32   -137.8441818303       -9.77       -2.14    14.6s
    ‖ρε - ρref‖ = 0.0010950546774106972 ‖Δρ‖ = 0.0010950176305350929  ‖vε - vref‖ = 0.6130450741020051  α = 5.04e-6
 33   -137.8441818304       -9.81       -1.74    14.4s
    ‖ρε - ρref‖ = 0.002993618212488768 ‖Δρ‖ = 0.002993606993368109  ‖vε - vref‖ = 0.6104459024105181  α = 1.76e-6
 34   -137.8441818306       -9.88       -1.97    13.5s
    ‖ρε - ρref‖ = 0.0019974661754035153 ‖Δρ‖ = 0.001997723561282801  ‖vε - vref‖ = 0.6084466034786203  α = 2.31e-6
 35   -137.8441818307      -10.00       -1.79    14.2s
    ‖ρε - ρref‖ = 0.0034740301377493583 ‖Δρ‖ = 0.00347349361710269  ‖vε - vref‖ = 0.6064963564542579  α = 1.21e-6
 36   -137.8441818309       -9.69       -1.69    14.0s
    ‖ρε - ρref‖ = 0.0035914316455619394 ‖Δρ‖ = 0.003591630787118259  ‖vε - vref‖ = 0.6027739452208488  α = 1.58e-6
 37   -137.8441818311       -9.68       -2.04    12.4s
    ‖ρε - ρref‖ = 0.001412305071687458 ‖Δρ‖ = 0.0014122633480144985  ‖vε - vref‖ = 0.5990655600370202  α = 4.36e-6
 38   -137.8441818313       -9.68       -2.38    14.7s
    ‖ρε - ρref‖ = 0.0005932325049803698 ‖Δρ‖ = 0.0005932644087346085  ‖vε - vref‖ = 0.5954099931315566  α = 1.03e-5
 39   -137.8441818314       -9.98       -2.02    12.6s
    ‖ρε - ρref‖ = 0.0017672749322622618 ‖Δρ‖ = 0.001767255887411398  ‖vε - vref‖ = 0.5937286193261362  α = 2.4e-6
 40   -137.8441818315       -9.91       -1.50    14.8s
    ‖ρε - ρref‖ = 0.0053658922220762425 ‖Δρ‖ = 0.005365814217518552  ‖vε - vref‖ = 0.591347029465492  α = 8.78e-7
 41   -137.8441818317       -9.67       -2.29    13.9s
    ‖ρε - ρref‖ = 0.0007255244555172026 ‖Δρ‖ = 0.0007255257077392528  ‖vε - vref‖ = 0.5876077963680189  α = 8.61e-6
 42   -137.8441818318       -9.98       -2.25    14.5s
    ‖ρε - ρref‖ = 0.0010170653220082483 ‖Δρ‖ = 0.0010170453239205894  ‖vε - vref‖ = 0.5857953608033944  α = 3.99e-6
 43   -137.8441818319      -10.01       -1.98    14.1s
    ‖ρε - ρref‖ = 0.0016710538991124586 ‖Δρ‖ = 0.0016710672518846165  ‖vε - vref‖ = 0.5839693857890866  α = 2.57e-6
 44   -137.8441818320       -9.99       -1.73    14.5s
    ‖ρε - ρref‖ = 0.002870472728750854 ‖Δρ‖ = 0.002870497635589734  ‖vε - vref‖ = 0.5819905734681432  α = 1.51e-6
 45   -137.8441818321      -10.27       -2.28    14.9s
    ‖ρε - ρref‖ = 0.0008641065122764397 ‖Δρ‖ = 0.0008640190719555397  ‖vε - vref‖ = 0.5809933909546833  α = 3.65e-6
 46   -137.8441818321      -10.31       -2.06    14.4s
    ‖ρε - ρref‖ = 0.001536303658275223 ‖Δρ‖ = 0.0015363805965673825  ‖vε - vref‖ = 0.5801229093714287  α = 1.96e-6
 47   -137.8441818322      -10.10       -2.07    14.5s
    ‖ρε - ρref‖ = 0.001520373508552749 ‖Δρ‖ = 0.0015199118135485398  ‖vε - vref‖ = 0.578734386554588  α = 2.43e-6
 48   -137.8441818323      -10.17       -1.62    14.3s
    ‖ρε - ρref‖ = 0.0042822759100145215 ‖Δρ‖ = 0.004282686568936681  ‖vε - vref‖ = 0.5775176537848745  α = 7.73e-7
 49   -137.8441818323      -10.20       -2.28    14.7s
    ‖ρε - ρref‖ = 0.0009092238348931082 ‖Δρ‖ = 0.0009092258399652051  ‖vε - vref‖ = 0.5764564057305237  α = 3.4e-6
 50   -137.8441818325       -9.95       -2.15    13.8s
    ‖ρε - ρref‖ = 0.0010452155001306153 ‖Δρ‖ = 0.0010451801571649795  ‖vε - vref‖ = 0.5741998388523777  α = 4.24e-6
 51   -137.8441818325      -10.07       -2.23    14.0s
    ‖ρε - ρref‖ = 0.0009550078388823068 ‖Δρ‖ = 0.0009550199886356193  ‖vε - vref‖ = 0.572728980494781  α = 4.07e-6
 52   -137.8441818326      -10.28       -1.55    13.5s
    ‖ρε - ρref‖ = 0.00490153778472664 ‖Δρ‖ = 0.00490150614881823  ‖vε - vref‖ = 0.5716960884016202  α = 6.18e-7
 53   -137.8441818327      -10.20       -2.38    14.3s
    ‖ρε - ρref‖ = 0.0005447906648692876 ‖Δρ‖ = 0.000544793757644857  ‖vε - vref‖ = 0.5705213939395278  α = 6.38e-6
 54   -137.8441818328       -9.91       -2.49    13.9s
    ‖ρε - ρref‖ = 0.00045689310290273976 ‖Δρ‖ = 0.00045686746322811967  ‖vε - vref‖ = 0.5683892156734691  α = 1.03e-5
 55   -137.8441818328      -10.46       -2.15    14.3s
    ‖ρε - ρref‖ = 0.0013147336954109723 ‖Δρ‖ = 0.001314722844190608  ‖vε - vref‖ = 0.567605590855733  α = 1.87e-6
 56   -137.8441818329      -10.34       -2.06    15.1s
    ‖ρε - ρref‖ = 0.0014975012536822387 ‖Δρ‖ = 0.0014974934821048913  ‖vε - vref‖ = 0.5668466944687638  α = 1.85e-6
 57   -137.8441818329      -10.28       -2.39    14.2s
    ‖ρε - ρref‖ = 0.0007356243078169192 ‖Δρ‖ = 0.000735535521907716  ‖vε - vref‖ = 0.565757693013207  α = 4.07e-6
 58   -137.8441818330      -10.35       -2.17    14.4s
    ‖ρε - ρref‖ = 0.0012268458420275031 ‖Δρ‖ = 0.001227021117840057  ‖vε - vref‖ = 0.5649402434236305  α = 2.32e-6
 59   -137.8441818330      -10.32       -1.95    15.1s
    ‖ρε - ρref‖ = 0.0019590546440187368 ‖Δρ‖ = 0.0019586868218388655  ‖vε - vref‖ = 0.5641066867758903  α = 1.52e-6
 60   -137.8441818330      -10.49       -1.85    13.6s
    ‖ρε - ρref‖ = 0.002808376230360835 ‖Δρ‖ = 0.002808828007458665  ‖vε - vref‖ = 0.5634729538671316  α = 8.24e-7
 61   -137.8441818331      -10.04       -2.20    14.8s
    ‖ρε - ρref‖ = 0.0008772877736548333 ‖Δρ‖ = 0.000877202857411155  ‖vε - vref‖ = 0.5617564727747105  α = 4.73e-6
 62   -137.8441818332      -10.32       -2.27    14.6s
    ‖ρε - ρref‖ = 0.0009210195542320358 ‖Δρ‖ = 0.0009209395817119298  ‖vε - vref‖ = 0.5609463734214267  α = 2.99e-6
 63   -137.8441818332      -10.40       -2.28    14.0s
    ‖ρε - ρref‖ = 0.0009283058656638098 ‖Δρ‖ = 0.0009283600464379666  ‖vε - vref‖ = 0.5600995650735024  α = 2.68e-6
 64   -137.8441818332      -10.80       -1.90    13.2s
    ‖ρε - ρref‖ = 0.002697068610861488 ‖Δρ‖ = 0.002697075551714364  ‖vε - vref‖ = 0.5597903998878171  α = 6.17e-7
 65   -137.8441818333      -10.38       -2.39    14.5s
    ‖ρε - ρref‖ = 0.0006040388227588345 ‖Δρ‖ = 0.0006040587491617281  ‖vε - vref‖ = 0.5589853041739734  α = 4.61e-6
 66   -137.8441818333      -10.19       -2.59    14.0s
    ‖ρε - ρref‖ = 0.000330835770805985 ‖Δρ‖ = 0.00033077428093262703  ‖vε - vref‖ = 0.5578676997892259  α = 1.05e-5
 67   -137.8441818334      -10.36       -2.45    14.4s
    ‖ρε - ρref‖ = 0.0005256063675381967 ‖Δρ‖ = 0.000525594493109203  ‖vε - vref‖ = 0.5570786539274187  α = 5.48e-6
 68   -137.8441818334      -10.64       -2.06    15.2s
    ‖ρε - ρref‖ = 0.0015156847007259597 ‖Δρ‖ = 0.0015156888506628733  ‖vε - vref‖ = 0.5566622034720702  α = 1.37e-6
 69   -137.8441818335      -10.32       -2.20    15.2s
    ‖ρε - ρref‖ = 0.0008786615559419665 ‖Δρ‖ = 0.000878638752994129  ‖vε - vref‖ = 0.5558021518407799  α = 3.41e-6
 70   -137.8441818335      -10.90       -2.56    14.4s
    ‖ρε - ρref‖ = 0.0005624043799568004 ‖Δρ‖ = 0.0005626548307274702  ‖vε - vref‖ = 0.5555919974238075  α = 2.61e-6
 71   -137.8441818335      -10.73       -2.21    15.1s
    ‖ρε - ρref‖ = 0.0011175185932988574 ‖Δρ‖ = 0.0011171218633568047  ‖vε - vref‖ = 0.555259036089171  α = 1.65e-6
 72   -137.8441818335      -10.64       -2.02    15.4s
    ‖ρε - ρref‖ = 0.0017114347481760627 ‖Δρ‖ = 0.001711812633278896  ‖vε - vref‖ = 0.5548835691972314  α = 1.17e-6
 73   -137.8441818336      -10.34       -2.21    14.4s
    ‖ρε - ρref‖ = 0.001020666891405355 ‖Δρ‖ = 0.001020556966095701  ‖vε - vref‖ = 0.5540805177532271  α = 2.78e-6
 74   -137.8441818336      -10.46       -2.40    14.0s
    ‖ρε - ρref‖ = 0.0006573251146278603 ‖Δρ‖ = 0.0006573234763024674  ‖vε - vref‖ = 0.5535085741651719  α = 3.67e-6
 75   -137.8441818336      -10.58       -2.47    14.9s
    ‖ρε - ρref‖ = 0.0006584611607100657 ‖Δρ‖ = 0.0006584937876867585  ‖vε - vref‖ = 0.5530674506693903  α = 3.0e-6
 76   -137.8441818336      -10.72       -1.92    13.8s
    ‖ρε - ρref‖ = 0.0024239196696798034 ‖Δρ‖ = 0.002423884530970916  ‖vε - vref‖ = 0.5527381201775277  α = 7.46e-7
 77   -137.8441818337      -10.66       -2.33    13.4s
    ‖ρε - ρref‖ = 0.0008369897130967754 ‖Δρ‖ = 0.0008369017126951606  ‖vε - vref‖ = 0.5523462394789947  α = 2.25e-6
 78   -137.8441818337      -10.31       -2.60    14.6s
    ‖ρε - ρref‖ = 0.0003305088266938384 ‖Δρ‖ = 0.0003305402430842013  ‖vε - vref‖ = 0.5515129873203751  α = 9.05e-6
 79   -137.8441818337      -10.57       -2.64    13.5s
    ‖ρε - ρref‖ = 0.0003363497853687662 ‖Δρ‖ = 0.00033628454814932596  ‖vε - vref‖ = 0.5510436140730499  α = 6.72e-6
 80   -137.8441818337      -10.95       -2.42    13.8s
    ‖ρε - ρref‖ = 0.0007085342764917571 ‖Δρ‖ = 0.0007085494257182751  ‖vε - vref‖ = 0.5508496002302978  α = 2.03e-6
 81   -137.8441818338      -10.66       -2.25    14.7s
    ‖ρε - ρref‖ = 0.0008564717495436801 ‖Δρ‖ = 0.0008564854754821967  ‖vε - vref‖ = 0.5504970893281327  α = 2.36e-6
 82   -137.8441818338      -10.34       -2.62    13.9s
    ‖ρε - ρref‖ = 0.0003521098841669462 ‖Δρ‖ = 0.0003523402930123768  ‖vε - vref‖ = 0.5498381456876128  α = 8.09e-6
 83   -137.8441818338      -10.73       -1.88    15.1s
    ‖ρε - ρref‖ = 0.002609472380205164 ‖Δρ‖ = 0.00260899279150803  ‖vε - vref‖ = 0.5494973199336481  α = 6.98e-7
 84   -137.8441818338      -10.92       -2.20    14.6s
    ‖ρε - ρref‖ = 0.0012801530564327912 ‖Δρ‖ = 0.0012804593619427694  ‖vε - vref‖ = 0.5492987878421639  α = 1.15e-6
 85   -137.8441818339      -10.54       -2.33    14.5s
    ‖ρε - ρref‖ = 0.0006710459967341615 ‖Δρ‖ = 0.0006709858528781166  ‖vε - vref‖ = 0.548832944114631  α = 3.37e-6
 86   -137.8441818339      -10.68       -2.59    14.0s
    ‖ρε - ρref‖ = 0.0004826664447109442 ‖Δρ‖ = 0.00048265775119721543  ‖vε - vref‖ = 0.5484736995150663  α = 3.68e-6
 87   -137.8441818339      -10.77       -2.48    14.3s
    ‖ρε - ρref‖ = 0.0006363751539561043 ‖Δρ‖ = 0.0006363380286753838  ‖vε - vref‖ = 0.5482180980429601  α = 2.59e-6
 88   -137.8441818339      -10.82       -1.98    13.3s
    ‖ρε - ρref‖ = 0.0020619740378615124 ‖Δρ‖ = 0.0020618886103426015  ‖vε - vref‖ = 0.5479623503340674  α = 7.99e-7
 89   -137.8441818339      -10.68       -2.48    13.9s
    ‖ρε - ρref‖ = 0.0005556397233790439 ‖Δρ‖ = 0.000555562641034312  ‖vε - vref‖ = 0.5476468606983859  α = 3.35e-6
 90   -137.8441818340      -10.60       -2.50    14.7s
    ‖ρε - ρref‖ = 0.0005029360263363294 ‖Δρ‖ = 0.0005030422652427584  ‖vε - vref‖ = 0.5472288624704611  α = 4.13e-6
 91   -137.8441818340      -10.35       -2.54    13.2s
    ‖ρε - ρref‖ = 0.0004081831496175101 ‖Δρ‖ = 0.0004081937598906863  ‖vε - vref‖ = 0.5465412486526124  α = 7.0e-6
 92   -137.8441818340      -10.78       -2.61    13.3s
    ‖ρε - ρref‖ = 0.00043455357230420003 ‖Δρ‖ = 0.000434543084561877  ‖vε - vref‖ = 0.5462771461518109  α = 4.01e-6
 93   -137.8441818340      -10.80       -2.10    13.4s
    ‖ρε - ρref‖ = 0.0012602041721931523 ‖Δρ‖ = 0.0012601542733825404  ‖vε - vref‖ = 0.5460378352280139  α = 1.38e-6
 94   -137.8441818341      -10.70       -2.50    14.5s
    ‖ρε - ρref‖ = 0.00044944868289766834 ‖Δρ‖ = 0.00044958991271042413  ‖vε - vref‖ = 0.5457656899674648  α = 4.3e-6
 95   -137.8441818341      -11.30       -2.36    15.1s
    ‖ρε - ρref‖ = 0.0011081064609002212 ‖Δρ‖ = 0.0011075409672601753  ‖vε - vref‖ = 0.5456708576819331  α = 8.41e-7
 96   -137.8441818341      -10.67       -2.39    15.0s
    ‖ρε - ρref‖ = 0.0006057459036083076 ‖Δρ‖ = 0.0006059516647503007  ‖vε - vref‖ = 0.5453498921479986  α = 3.27e-6
 97   -137.8441818341      -10.77       -2.11    14.9s
    ‖ρε - ρref‖ = 0.0013147154830356785 ‖Δρ‖ = 0.0013146286227297068  ‖vε - vref‖ = 0.5451013871720006  α = 1.34e-6
 98   -137.8441818341      -10.56       -2.67    13.9s
    ‖ρε - ρref‖ = 0.0003104724599887336 ‖Δρ‖ = 0.00031043322333929653  ‖vε - vref‖ = 0.5447039087574274  α = 7.16e-6
 99   -137.8441818341      -11.01       -2.50    13.9s
    ‖ρε - ρref‖ = 0.0007184818709309218 ‖Δρ‖ = 0.0007184877773145865  ‖vε - vref‖ = 0.5445466549895381  α = 1.72e-6
 100   -137.8441818342      -10.86       -2.07    14.1s
    ‖ρε - ρref‖ = 0.0015140319106102553 ‖Δρ‖ = 0.0015140024009103073  ‖vε - vref‖ = 0.5443420383584905  α = 1.03e-6
 101   -137.8441818342      -10.73       -2.51    12.8s
    ‖ρε - ρref‖ = 0.000513355117717298 ‖Δρ‖ = 0.0005133800368902123  ‖vε - vref‖ = 0.5440961542750158  α = 3.43e-6
 102   -137.8441818342      -10.66       -2.56    14.0s
    ‖ρε - ρref‖ = 0.0004562535112429968 ‖Δρ‖ = 0.0004563521687135288  ‖vε - vref‖ = 0.5437527876605064  α = 4.19e-6
 103   -137.8441818342      -10.87       -2.59    14.5s
    ‖ρε - ρref‖ = 0.0004747564179487735 ‖Δρ‖ = 0.00047467440188350165  ‖vε - vref‖ = 0.5435742940804604  α = 3.24e-6
 104   -137.8441818342      -10.68       -2.74    14.0s
    ‖ρε - ρref‖ = 0.00027885215793192243 ‖Δρ‖ = 0.0002788459698697432  ‖vε - vref‖ = 0.5433184139701005  α = 6.85e-6
 105   -137.8441818342      -10.88       -2.29    14.4s
    ‖ρε - ρref‖ = 0.0009271175502268031 ‖Δρ‖ = 0.000927070332152961  ‖vε - vref‖ = 0.5431502866650931  α = 1.69e-6
 106   -137.8441818343      -10.53       -2.27    13.0s
    ‖ρε - ρref‖ = 0.0007753314989423246 ‖Δρ‖ = 0.0007754040185890075  ‖vε - vref‖ = 0.5426987977977332  α = 2.93e-6
 107   -137.8441818343      -11.39       -2.51    12.9s
    ‖ρε - ρref‖ = 0.0007591028509847195 ‖Δρ‖ = 0.0007585181949279923  ‖vε - vref‖ = 0.5426496355687717  α = 1.07e-6
 108   -137.8441818343      -10.71       -2.38    13.9s
    ‖ρε - ρref‖ = 0.0006019789861234153 ‖Δρ‖ = 0.0006021806898429621  ‖vε - vref‖ = 0.5423786050978359  α = 3.16e-6
 109   -137.8441818343      -11.08       -2.34    14.4s
    ‖ρε - ρref‖ = 0.0008219010981054612 ‖Δρ‖ = 0.0008218478511219364  ‖vε - vref‖ = 0.5422699874299893  α = 1.52e-6
 110   -137.8441818343      -10.66       -2.51    13.4s
    ‖ρε - ρref‖ = 0.0004515353034602876 ‖Δρ‖ = 0.00045155386081508045  ‖vε - vref‖ = 0.5419906169608985  α = 4.53e-6
 111   -137.8441818343      -11.03       -2.66    13.7s
    ‖ρε - ρref‖ = 0.00044131223755516187 ‖Δρ‖ = 0.0004413411377625693  ‖vε - vref‖ = 0.5418980661815469  α = 2.82e-6
 112   -137.8441818344      -10.91       -2.07    13.7s
    ‖ρε - ρref‖ = 0.0015596814419551739 ‖Δρ‖ = 0.0015596616603902717  ‖vε - vref‖ = 0.5417190418970206  α = 9.43e-7
 113   -137.8441818344      -10.64       -2.63    14.0s
    ‖ρε - ρref‖ = 0.0003302753059404205 ‖Δρ‖ = 0.0003302131898915327  ‖vε - vref‖ = 0.5414722034924582  α = 5.96e-6
 114   -137.8441818344      -10.75       -2.37    13.9s
    ‖ρε - ρref‖ = 0.0006789964230340498 ‖Δρ‖ = 0.0006789742599098203  ‖vε - vref‖ = 0.5412024000641833  α = 2.5e-6
 115   -137.8441818344      -10.84       -2.76    13.8s
    ‖ρε - ρref‖ = 0.0002888123447479025 ‖Δρ‖ = 0.00028877718966260375  ‖vε - vref‖ = 0.5410442368086898  α = 5.3e-6
 116   -137.8441818344      -10.68       -2.54    14.6s
    ‖ρε - ρref‖ = 0.00040738641677148595 ‖Δρ‖ = 0.00040748553151946247  ‖vε - vref‖ = 0.5407510570159401  α = 4.72e-6
 117   -137.8441818344      -11.01       -2.34    14.0s
    ‖ρε - ρref‖ = 0.0007689830074814489 ‖Δρ‖ = 0.0007689292480136251  ‖vε - vref‖ = 0.5406435935230373  α = 1.74e-6
 118   -137.8441818345      -10.87       -2.29    13.8s
    ‖ρε - ρref‖ = 0.0007989187646700528 ‖Δρ‖ = 0.0007989762594143236  ‖vε - vref‖ = 0.5404895124049798  α = 2.0e-6
 119   -137.8441818345      -11.17       -2.52    14.0s
    ‖ρε - ρref‖ = 0.0005769762365237872 ‖Δρ‖ = 0.0005764891514050413  ‖vε - vref‖ = 0.540402832928241  α = 1.88e-6
 120   -137.8441818345      -10.94       -2.13    14.0s
    ‖ρε - ρref‖ = 0.0012285199933828109 ‖Δρ‖ = 0.0012288949005562263  ‖vε - vref‖ = 0.5402537490018989  α = 1.13e-6
 121   -137.8441818345      -11.05       -2.71    13.6s
    ‖ρε - ρref‖ = 0.0002937426612413202 ‖Δρ‖ = 0.0002936887029904305  ‖vε - vref‖ = 0.5401488434337572  α = 4.47e-6
 122   -137.8441818345      -11.05       -2.28    15.2s
    ‖ρε - ρref‖ = 0.0008062698658555849 ‖Δρ‖ = 0.0008062569000314032  ‖vε - vref‖ = 0.5400520492344273  α = 1.61e-6
 123   -137.8441818345      -10.76       -2.75    13.7s
    ‖ρε - ρref‖ = 0.00025890505662211485 ‖Δρ‖ = 0.0002588674631396094  ‖vε - vref‖ = 0.5398838138227101  α = 6.82e-6
 124   -137.8441818345      -11.17       -2.04    13.3s
    ‖ρε - ρref‖ = 0.0017897534948042551 ‖Δρ‖ = 0.0017896973519071111  ‖vε - vref‖ = 0.5397955212854361  α = 5.92e-7
 125   -137.8441818345      -10.83       -2.53    14.0s
    ‖ρε - ρref‖ = 0.0004108370137800722 ‖Δρ‖ = 0.00041082951244746926  ‖vε - vref‖ = 0.5396310212589632  α = 4.07e-6
 126   -137.8441818345      -10.85       -2.94    15.0s
    ‖ρε - ρref‖ = 0.00019561467698720923 ‖Δρ‖ = 0.00019563940300374718  ‖vε - vref‖ = 0.5395255091745701  α = 7.57e-6
 127   -137.8441818346      -10.84       -2.44    14.8s
    ‖ρε - ρref‖ = 0.0005598968988052286 ‖Δρ‖ = 0.0005598922276199309  ‖vε - vref‖ = 0.5393477439846233  α = 2.71e-6
 128   -137.8441818346      -10.94       -2.72    14.2s
    ‖ρε - ρref‖ = 0.00029145761355494547 ‖Δρ‖ = 0.00029156812990734337  ‖vε - vref‖ = 0.5392411187595164  α = 5.0e-6
 129   -137.8441818346      -10.99       -2.55    14.5s
    ‖ρε - ρref‖ = 0.0004574161226458358 ‖Δρ‖ = 0.0004573461132766778  ‖vε - vref‖ = 0.5391319777992262  α = 3.0e-6
 130   -137.8441818346      -10.90       -2.20    14.4s
    ‖ρε - ρref‖ = 0.0009583637455427021 ‖Δρ‖ = 0.0009584535971970959  ‖vε - vref‖ = 0.539020786620384  α = 1.61e-6
 131   -137.8441818346      -11.24       -2.50    14.5s
    ‖ρε - ρref‖ = 0.0006274074838313161 ‖Δρ‖ = 0.0006269442716843785  ‖vε - vref‖ = 0.5389636910196434  α = 1.63e-6
 132   -137.8441818346      -11.04       -2.27    14.4s
    ‖ρε - ρref‖ = 0.0010190719064342192 ‖Δρ‖ = 0.0010194656138917627  ‖vε - vref‖ = 0.5388931429935488  α = 1.14e-6
 133   -137.8441818346      -10.71       -2.54    14.3s
    ‖ρε - ρref‖ = 0.0003825703587567195 ‖Δρ‖ = 0.00038246321729034375  ‖vε - vref‖ = 0.538687955936035  α = 4.97e-6
 134   -137.8441818346      -11.49       -2.49    14.5s
    ‖ρε - ρref‖ = 0.0006242718197253831 ‖Δρ‖ = 0.0006242614227224348  ‖vε - vref‖ = 0.5386611664701851  α = 1.27e-6
 135   -137.8441818346      -10.86       -2.84    14.3s
    ‖ρε - ρref‖ = 0.00022034082578518355 ‖Δρ‖ = 0.00022033263976557524  ‖vε - vref‖ = 0.5385538479717767  α = 7.1e-6
 136   -137.8441818346      -11.45       -2.34    14.2s
    ‖ρε - ρref‖ = 0.0011861327341192742 ‖Δρ‖ = 0.0011861049446939727  ‖vε - vref‖ = 0.5385307834171545  α = 6.3e-7
 137   -137.8441818347      -10.77       -2.65    14.1s
    ‖ρε - ρref‖ = 0.0003155552857531505 ‖Δρ‖ = 0.00031559753805077584  ‖vε - vref‖ = 0.5384168184279783  α = 5.5e-6
 138   -137.8441818347      -10.68       -2.61    14.6s
    ‖ρε - ρref‖ = 0.0003161994256045353 ‖Δρ‖ = 0.00031621213086391336  ‖vε - vref‖ = 0.5382533896669508  α = 6.22e-6
 139   -137.8441818347      -11.06       -2.80    14.5s
    ‖ρε - ρref‖ = 0.00028494701523442794 ‖Δρ‖ = 0.00028489618869230763  ‖vε - vref‖ = 0.5382169465475707  α = 4.03e-6
 140   -137.8441818347      -10.80       -2.60    15.2s
    ‖ρε - ρref‖ = 0.0003898556330951293 ‖Δρ‖ = 0.0003898833090504268  ‖vε - vref‖ = 0.5380899198941911  α = 4.11e-6
 141   -137.8441818347      -11.11       -2.59    14.8s
    ‖ρε - ρref‖ = 0.00042866650006379356 ‖Δρ‖ = 0.00042859106329002993  ‖vε - vref‖ = 0.5380244350863774  α = 2.76e-6
 142   -137.8441818347      -11.33       -2.30    14.4s
    ‖ρε - ρref‖ = 0.0007989485095390162 ‖Δρ‖ = 0.0007991048356851978  ‖vε - vref‖ = 0.5379918979376701  α = 1.16e-6
 143   -137.8441818347      -11.37       -2.73    14.0s
    ‖ρε - ρref‖ = 0.00037791244785695285 ‖Δρ‖ = 0.00037743415018343134  ‖vε - vref‖ = 0.5379606983796915  α = 2.37e-6
 144   -137.8441818347      -11.05       -2.27    14.6s
    ‖ρε - ρref‖ = 0.0009502518661221913 ‖Δρ‖ = 0.0009505851049911976  ‖vε - vref‖ = 0.5379110209663138  α = 1.27e-6
 145   -137.8441818347      -11.08       -2.62    13.9s
    ‖ρε - ρref‖ = 0.00037448573503792395 ‖Δρ‖ = 0.0003743551807131002  ‖vε - vref‖ = 0.5378704250768751  α = 3.2e-6
 146   -137.8441818347      -11.21       -2.69    14.1s
    ‖ρε - ρref‖ = 0.00034029038392370634 ‖Δρ‖ = 0.0003403130028201611  ‖vε - vref‖ = 0.5378398125443619  α = 3.2e-6
 147   -137.8441818348      -11.09       -2.40    15.1s
    ‖ρε - ρref‖ = 0.0006376767550681926 ‖Δρ‖ = 0.0006377274890152028  ‖vε - vref‖ = 0.5377937446642138  α = 1.9e-6
 148   -137.8441818348      -11.42       -2.56    13.6s
    ‖ρε - ρref‖ = 0.0006135337986278183 ‖Δρ‖ = 0.0006135209921049309  ‖vε - vref‖ = 0.5377780920839971  α = 1.32e-6
 149   -137.8441818348      -10.78       -2.32    13.8s
    ‖ρε - ρref‖ = 0.0006856820122108284 ‖Δρ‖ = 0.0006857050317361872  ‖vε - vref‖ = 0.5376947192950581  α = 2.57e-6
 150   -137.8441818348      -11.03       -2.59    15.1s
    ‖ρε - ρref‖ = 0.00034242166872412933 ‖Δρ‖ = 0.00034243878599229846  ‖vε - vref‖ = 0.5376567513425123  α = 3.84e-6
 151   -137.8441818348      -10.93       -3.03    14.8s
    ‖ρε - ρref‖ = 0.00012183266241428854 ‖Δρ‖ = 0.00012172540787908704  ‖vε - vref‖ = 0.5376400186576372  α = 1.22e-5
 152   -137.8441818348      -10.97       -2.79    14.6s
    ‖ρε - ρref‖ = 0.0002693732309736698 ‖Δρ‖ = 0.0002694115074106795  ‖vε - vref‖ = 0.5376258397687896  α = 4.69e-6
 153   -137.8441818348      -10.93       -2.49    14.2s
    ‖ρε - ρref‖ = 0.0005074480247263807 ‖Δρ‖ = 0.0005073948970092759  ‖vε - vref‖ = 0.5375754661632444  α = 2.79e-6
 154   -137.8441818348      -11.32       -2.45    14.0s
    ‖ρε - ρref‖ = 0.0006730629164988638 ‖Δρ‖ = 0.000673287705001649  ‖vε - vref‖ = 0.5375630536028627  α = 1.39e-6
 155   -137.8441818348      -11.02       -2.51    14.3s
    ‖ρε - ρref‖ = 0.0005436907942533246 ‖Δρ‖ = 0.0005432912108824887  ‖vε - vref‖ = 0.5375367036842629  α = 2.36e-6
 156   -137.8441818348      -11.13       -2.08    13.1s
    ‖ρε - ρref‖ = 0.0014392597640247853 ‖Δρ‖ = 0.0014396704932604055  ‖vε - vref‖ = 0.5375354434979109  α = 7.8e-7
 157   -137.8441818349      -10.87       -2.73    14.4s
    ‖ρε - ρref‖ = 0.0002679131598891005 ‖Δρ‖ = 0.00026783165920877893  ‖vε - vref‖ = 0.5374944319657444  α = 5.85e-6
 158   -137.8441818349      -11.16       -2.58    14.8s
    ‖ρε - ρref‖ = 0.00043812446582245046 ‖Δρ‖ = 0.0004381930792905676  ‖vε - vref‖ = 0.5374780691149892  α = 2.53e-6
 159   -137.8441818349      -11.20       -2.49    13.2s
    ‖ρε - ρref‖ = 0.0005857983921160973 ‖Δρ‖ = 0.0005858578261371664  ‖vε - vref‖ = 0.5374708856240953  α = 1.82e-6
 160   -137.8441818349      -11.25       -2.46    14.8s
    ‖ρε - ρref‖ = 0.0006950554900178862 ‖Δρ‖ = 0.0006950274535590007  ‖vε - vref‖ = 0.537464520118843  α = 1.4e-6
 161   -137.8441818349      -10.95       -2.22    15.0s
    ‖ρε - ρref‖ = 0.0009580230618753068 ‖Δρ‖ = 0.0009580051739242118  ‖vε - vref‖ = 0.5374477555590217  α = 1.5e-6
 162   -137.8441818349      -10.91       -2.67    13.1s
    ‖ρε - ρref‖ = 0.0003129243592253266 ‖Δρ‖ = 0.00031292413776827895  ‖vε - vref‖ = 0.5374332959562533  α = 4.76e-6
 163   -137.8441818349      -10.87       -2.78    14.0s
    ‖ρε - ρref‖ = 0.00022756977282370396 ‖Δρ‖ = 0.0002275862682091632  ‖vε - vref‖ = 0.5374319434309349  α = 6.92e-6
 164   -137.8441818349      -11.05       -2.92    15.0s
    ‖ρε - ρref‖ = 0.00016778200620047476 ‖Δρ‖ = 0.0001677396904233663  ‖vε - vref‖ = 0.5374410652799916  α = 7.7e-6
 165   -137.8441818349      -10.95       -2.68    14.1s
    ‖ρε - ρref‖ = 0.0002979246761087561 ‖Δρ‖ = 0.0002977937978368476  ‖vε - vref‖ = 0.5374561938506403  α = 4.56e-6
 166   -137.8441818349      -11.06       -2.29    14.2s
    ‖ρε - ρref‖ = 0.0008092245463274182 ‖Δρ‖ = 0.000809462043900735  ‖vε - vref‖ = 0.5374593849841897  α = 1.58e-6
 167   -137.8441818349      -11.22       -2.34    14.6s
    ‖ρε - ρref‖ = 0.0009009557937212872 ‖Δρ‖ = 0.0009005598991007417  ‖vε - vref‖ = 0.5374434956019803  α = 1.07e-6
 168   -137.8441818350      -11.41       -2.37    15.2s
    ‖ρε - ρref‖ = 0.0008563655446547616 ‖Δρ‖ = 0.0008567752557863447  ‖vε - vref‖ = 0.5374569427688697  α = 9.94e-7
 169   -137.8441818350      -10.99       -2.56    14.3s
    ‖ρε - ρref‖ = 0.0004187630902487484 ‖Δρ‖ = 0.0004187108179695554  ‖vε - vref‖ = 0.5374598100989058  α = 3.19e-6
 170   -137.8441818350      -10.93       -2.89    15.1s
    ‖ρε - ρref‖ = 0.00018816311420580362 ‖Δρ‖ = 0.00018817260936609864  ‖vε - vref‖ = 0.5374799301269081  α = 7.95e-6
 171   -137.8441818350      -11.23       -2.39    14.9s
    ‖ρε - ρref‖ = 0.000775710967510288 ‖Δρ‖ = 0.000775705446788754  ‖vε - vref‖ = 0.5374968072205881  α = 1.32e-6
 172   -137.8441818350      -11.34       -2.41    14.5s
    ‖ρε - ρref‖ = 0.0007503731484421937 ‖Δρ‖ = 0.0007503267218047828  ‖vε - vref‖ = 0.5375015749931681  α = 1.18e-6
 173   -137.8441818350      -11.21       -2.35    13.8s
    ‖ρε - ρref‖ = 0.0008235406280205941 ‖Δρ‖ = 0.0008235418247474282  ‖vε - vref‖ = 0.5375160535630573  α = 1.28e-6
 174   -137.8441818350      -10.88       -2.81    14.2s
    ‖ρε - ρref‖ = 0.00022272216073671605 ‖Δρ‖ = 0.0002227856300228535  ‖vε - vref‖ = 0.537570957246752  α = 6.8e-6
 175   -137.8441818350      -10.84       -2.58    14.0s
    ‖ρε - ρref‖ = 0.00040406973013002985 ‖Δρ‖ = 0.0004040364202457962  ‖vε - vref‖ = 0.5375945029885751  α = 4.01e-6
 176   -137.8441818350      -10.69       -2.76    13.7s
    ‖ρε - ρref‖ = 0.00022612166708656407 ‖Δρ‖ = 0.00022615913377273448  ‖vε - vref‖ = 0.5376607797562133  α = 8.59e-6
 177   -137.8441818351      -10.69       -2.66    13.5s
    ‖ρε - ρref‖ = 0.00029828951572565384 ‖Δρ‖ = 0.00029819409044573727  ‖vε - vref‖ = 0.5377676844002246  α = 6.56e-6
 178   -137.8441818351      -11.03       -2.45    13.7s
    ‖ρε - ρref‖ = 0.0006161138383883137 ‖Δρ‖ = 0.0006164117454257014  ‖vε - vref‖ = 0.5378123830676691  α = 2.1e-6
 179   -137.8441818351      -10.87       -2.15    15.0s
    ‖ρε - ρref‖ = 0.0010978926627054598 ‖Δρ‖ = 0.0010975036645532357  ‖vε - vref‖ = 0.5378539168579072  α = 1.36e-6
 180   -137.8441818351      -11.07       -2.08    14.3s
    ‖ρε - ρref‖ = 0.0014219746414235448 ‖Δρ‖ = 0.0014223216868794121  ‖vε - vref‖ = 0.53785502582568  α = 8.61e-7
 181   -137.8441818351      -11.10       -2.57    13.8s
    ‖ρε - ρref‖ = 0.0005302035775200962 ‖Δρ‖ = 0.0005300819076160832  ‖vε - vref‖ = 0.5378880796472846  α = 2.05e-6
 182   -137.8441818351      -11.05       -2.65    13.9s
    ‖ρε - ρref‖ = 0.0003645206269567635 ‖Δρ‖ = 0.0003645543718539063  ‖vε - vref‖ = 0.5379205009456534  α = 3.38e-6
 183   -137.8441818351      -11.16       -2.91    13.9s
    ‖ρε - ρref‖ = 0.0002218708790902961 ‖Δρ‖ = 0.00022189750849320922  ‖vε - vref‖ = 0.5379571367527136  α = 4.85e-6
 184   -137.8441818351      -10.93       -2.21    14.4s
    ‖ρε - ρref‖ = 0.0010518359188790764 ‖Δρ‖ = 0.0010518390428739513  ‖vε - vref‖ = 0.5380086674086647  α = 1.31e-6
 185   -137.8441818351      -10.95       -2.14    14.0s
    ‖ρε - ρref‖ = 0.001218510987374359 ‖Δρ‖ = 0.001218544648482155  ‖vε - vref‖ = 0.5380721122858658  α = 1.19e-6
 186   -137.8441818352      -10.82       -2.47    15.2s
    ‖ρε - ρref‖ = 0.0005345298021953627 ‖Δρ‖ = 0.0005345196543390223  ‖vε - vref‖ = 0.5381311062976082  α = 3.04e-6
 187   -137.8441818352      -10.80       -2.90    13.8s
    ‖ρε - ρref‖ = 0.0001934675165489213 ‖Δρ‖ = 0.00019343603045958893  ‖vε - vref‖ = 0.5382258003155356  α = 8.6e-6
 188   -137.8441818352      -10.84       -2.58    13.7s
    ‖ρε - ρref‖ = 0.00041473082529075434 ‖Δρ‖ = 0.0004148169739395831  ‖vε - vref‖ = 0.5382825888857451  α = 3.83e-6
 189   -137.8441818352      -10.52       -2.63    14.5s
    ‖ρε - ρref‖ = 0.00028328431903294846 ‖Δρ‖ = 0.0002832131831958004  ‖vε - vref‖ = 0.5384338417456191  α = 8.41e-6
 190   -137.8441818352      -11.30       -2.71    14.3s
    ‖ρε - ρref‖ = 0.0003940021412187757 ‖Δρ‖ = 0.0003943531315207959  ‖vε - vref‖ = 0.5384790393703792  α = 2.37e-6
 191   -137.8441818352      -11.11       -2.29    14.0s
    ‖ρε - ρref‖ = 0.0008914353068548354 ‖Δρ‖ = 0.00089102760684253  ‖vε - vref‖ = 0.5385299664847415  α = 1.29e-6
 192   -137.8441818352      -11.13       -2.27    15.1s
    ‖ρε - ρref‖ = 0.0009380031207346797 ‖Δρ‖ = 0.0009382854937861226  ‖vε - vref‖ = 0.5385783382309371  α = 1.25e-6
 193   -137.8441818353      -10.75       -2.44    13.7s
    ‖ρε - ρref‖ = 0.000545526014383026 ‖Δρ‖ = 0.000545482208556635  ‖vε - vref‖ = 0.5387305791561334  α = 3.18e-6
 194   -137.8441818353      -10.99       -2.53    12.7s
    ‖ρε - ρref‖ = 0.0005421028546257482 ‖Δρ‖ = 0.000542166305877618  ‖vε - vref‖ = 0.5387881966144389  α = 2.33e-6
 195   -137.8441818353      -10.80       -2.67    13.1s
    ‖ρε - ρref‖ = 0.0003065997686690228 ‖Δρ‖ = 0.0003065777009516701  ‖vε - vref‖ = 0.53892451119788  α = 5.61e-6
 196   -137.8441818353      -11.07       -2.04    14.0s
    ‖ρε - ρref‖ = 0.0016707160489408035 ‖Δρ‖ = 0.001670678481716575  ‖vε - vref‖ = 0.5389615579872232  α = 6.78e-7
 197   -137.8441818353      -11.12       -2.36    13.9s
    ‖ρε - ρref‖ = 0.0007218881246183317 ‖Δρ‖ = 0.0007218943545296824  ‖vε - vref‖ = 0.5390226500335837  α = 1.66e-6
 198   -137.8441818353      -10.95       -2.42    13.9s
    ‖ρε - ρref‖ = 0.0006270248245741528 ‖Δρ‖ = 0.0006270282094846299  ‖vε - vref‖ = 0.5391145588693584  α = 2.31e-6
 199   -137.8441818353      -10.66       -2.69    13.3s
    ‖ρε - ρref‖ = 0.00027027491756351625 ‖Δρ‖ = 0.0002702776871110584  ‖vε - vref‖ = 0.5392965475014606  α = 7.5e-6
 200   -137.8441818353      -10.71       -2.74    15.2s
    ‖ρε - ρref‖ = 0.0002392926378766855 ‖Δρ‖ = 0.00023934835572041868  ‖vε - vref‖ = 0.5394817224390411  α = 7.84e-6
 201   -137.8441818354      -10.98       -2.59    14.6s
    ‖ρε - ρref‖ = 0.0004368469093757078 ‖Δρ‖ = 0.0004368012763050998  ‖vε - vref‖ = 0.539556782628137  α = 3.08e-6
 202   -137.8441818354      -10.75       -2.75    13.9s
    ‖ρε - ρref‖ = 0.0002299136721798695 ‖Δρ‖ = 0.0002301627245163156  ‖vε - vref‖ = 0.5397290530395127  α = 7.92e-6
 203   -137.8441818354      -11.19       -2.17    13.8s
    ‖ρε - ρref‖ = 0.0013183688155109126 ‖Δρ‖ = 0.0013178770864657608  ‖vε - vref‖ = 0.5397813421321033  α = 7.7e-7
 204   -137.8441818354      -10.93       -2.33    13.9s
    ‖ρε - ρref‖ = 0.0007528860437016864 ‖Δρ‖ = 0.0007531165821922223  ‖vε - vref‖ = 0.5399004620018832  α = 1.98e-6
 205   -137.8441818354      -10.94       -2.19    14.0s
    ‖ρε - ρref‖ = 0.001093886742750235 ‖Δρ‖ = 0.0010937354222766084  ‖vε - vref‖ = 0.5400107544531825  α = 1.34e-6
 206   -137.8441818354      -10.56       -2.62    13.8s
    ‖ρε - ρref‖ = 0.0003354227451345849 ‖Δρ‖ = 0.0003354210257489522  ‖vε - vref‖ = 0.5402933321614654  α = 6.53e-6
 207   -137.8441818354      -10.86       -2.38    14.5s
    ‖ρε - ρref‖ = 0.0007433122501572992 ‖Δρ‖ = 0.0007432883074865126  ‖vε - vref‖ = 0.5403938712121207  α = 1.99e-6
 208   -137.8441818354      -11.36       -2.49    14.9s
    ‖ρε - ρref‖ = 0.0007983456824526389 ‖Δρ‖ = 0.0007983287722176174  ‖vε - vref‖ = 0.5404563886738207  α = 1.06e-6
 209   -137.8441818355      -10.90       -2.39    14.1s
    ‖ρε - ρref‖ = 0.0006886570711002261 ‖Δρ‖ = 0.0006887356337001088  ‖vε - vref‖ = 0.5405573918121696  α = 2.09e-6
 210   -137.8441818355      -11.01       -2.43    15.0s
    ‖ρε - ρref‖ = 0.0006839307795499853 ‖Δρ‖ = 0.0006839682824610764  ‖vε - vref‖ = 0.5406699911051196  α = 1.91e-6
 211   -137.8441818355      -10.57       -2.44    14.2s
    ‖ρε - ρref‖ = 0.0005146779686059495 ‖Δρ‖ = 0.000514730549497084  ‖vε - vref‖ = 0.5409088154082566  α = 4.33e-6
 212   -137.8441818355      -10.72       -2.79    14.0s
    ‖ρε - ρref‖ = 0.0002222796634604766 ‖Δρ‖ = 0.00022227995646529214  ‖vε - vref‖ = 0.5411319954895403  α = 8.38e-6
 213   -137.8441818355      -10.81       -2.77    14.3s
    ‖ρε - ρref‖ = 0.0002724853508829976 ‖Δρ‖ = 0.0002724869371330578  ‖vε - vref‖ = 0.5412791993029304  α = 5.69e-6
 214   -137.8441818355      -10.84       -2.64    14.4s
    ‖ρε - ρref‖ = 0.0003445213622743184 ‖Δρ‖ = 0.0003445909807794488  ‖vε - vref‖ = 0.5414160472199298  α = 4.53e-6
 215   -137.8441818356      -10.97       -2.59    14.9s
    ‖ρε - ρref‖ = 0.00043421764442214627 ‖Δρ‖ = 0.00043381748961834334  ‖vε - vref‖ = 0.5415355413785998  α = 3.14e-6
 216   -137.8441818356      -11.25       -2.14    13.1s
    ‖ρε - ρref‖ = 0.0014633665875170188 ‖Δρ‖ = 0.0014637892418131327  ‖vε - vref‖ = 0.541610042404245  α = 7.25e-7
 217   -137.8441818356      -11.10       -2.54    14.3s
    ‖ρε - ρref‖ = 0.0005288025269551332 ‖Δρ‖ = 0.0005286147327059838  ‖vε - vref‖ = 0.5417032237811769  α = 2.22e-6
 218   -137.8441818356      -10.82       -2.27    13.8s
    ‖ρε - ρref‖ = 0.0008150477137215786 ‖Δρ‖ = 0.000815180507838747  ‖vε - vref‖ = 0.5418846676339503  α = 2.06e-6
 219   -137.8441818356      -10.71       -2.66    14.6s
    ‖ρε - ρref‖ = 0.00032455053473989446 ‖Δρ‖ = 0.00032454074052725703  ‖vε - vref‖ = 0.5421415539854301  α = 5.8e-6
 220   -137.8441818356      -10.95       -2.40    14.9s
    ‖ρε - ρref‖ = 0.000762264630905656 ‖Δρ‖ = 0.0007622967667862395  ‖vε - vref‖ = 0.5422524625433577  α = 1.83e-6
 221   -137.8441818356      -11.11       -2.17    14.4s
    ‖ρε - ρref‖ = 0.0013573594082420361 ‖Δρ‖ = 0.0013574456380148641  ‖vε - vref‖ = 0.5423623603817782  α = 7.95e-7
 222   -137.8441818356      -10.93       -2.42    13.7s
    ‖ρε - ρref‖ = 0.0005850391434404095 ‖Δρ‖ = 0.0005850597560149671  ‖vε - vref‖ = 0.542471586945002  α = 2.45e-6
 223   -137.8441818356      -11.10       -2.45    14.3s
    ‖ρε - ρref‖ = 0.0006557143987731268 ‖Δρ‖ = 0.0006557317903476415  ‖vε - vref‖ = 0.5425767933138557  α = 1.81e-6
 224   -137.8441818357      -10.55       -2.58    13.7s
    ‖ρε - ρref‖ = 0.0003617422107127526 ‖Δρ‖ = 0.000361768884855045  ‖vε - vref‖ = 0.5429216078608228  α = 6.21e-6
 225   -137.8441818357      -10.65       -2.68    14.5s
    ‖ρε - ρref‖ = 0.00026559644025072606 ‖Δρ‖ = 0.00026557388038812244  ‖vε - vref‖ = 0.5431787024859607  α = 7.8e-6
 226   -137.8441818357      -10.80       -2.66    14.7s
    ‖ρε - ρref‖ = 0.0003461194321986973 ‖Δρ‖ = 0.00034613792563518227  ‖vε - vref‖ = 0.5433487466378806  α = 4.88e-6
 227   -137.8441818357      -10.67       -2.75    14.4s
    ‖ρε - ρref‖ = 0.00023548881964493366 ‖Δρ‖ = 0.00023541544623589662  ‖vε - vref‖ = 0.5436401607433288  α = 8.34e-6
 228   -137.8441818357      -11.01       -2.61    14.3s
    ‖ρε - ρref‖ = 0.0004428420179951652 ‖Δρ‖ = 0.00044304672271482435  ‖vε - vref‖ = 0.5437476722883309  α = 2.84e-6
 229   -137.8441818357      -11.09       -2.37    14.5s
    ‖ρε - ρref‖ = 0.0008321263275099316 ‖Δρ‖ = 0.0008318039167895577  ‖vε - vref‖ = 0.5438422340433691  α = 1.42e-6
 230   -137.8441818358      -10.81       -2.30    14.6s
    ‖ρε - ρref‖ = 0.0009424887019574246 ‖Δρ‖ = 0.0009429336798032806  ‖vε - vref‖ = 0.5440699773011275  α = 1.88e-6
 231   -137.8441818358      -10.58       -1.98    14.7s
    ‖ρε - ρref‖ = 0.0015710415638463691 ‖Δρ‖ = 0.001570937811460395  ‖vε - vref‖ = 0.5443680228537845  α = 1.4e-6
 232   -137.8441818358      -10.61       -2.51    14.9s
    ‖ρε - ρref‖ = 0.0004565085367494471 ‖Δρ‖ = 0.00045659436039475023  ‖vε - vref‖ = 0.544650643960051  α = 4.6e-6
 233   -137.8441818358      -11.17       -2.26    14.5s
    ‖ρε - ρref‖ = 0.0013107275199154595 ‖Δρ‖ = 0.0013107812134455993  ‖vε - vref‖ = 0.5447333083730362  α = 8.33e-7
 234   -137.8441818358      -11.02       -2.35    13.5s
    ‖ρε - ρref‖ = 0.0008373975879300769 ‖Δρ‖ = 0.0008373822268815652  ‖vε - vref‖ = 0.5448392206903442  α = 1.39e-6
 235   -137.8441818358      -10.97       -2.51    13.6s
    ‖ρε - ρref‖ = 0.0005323285922593275 ‖Δρ‖ = 0.0005323335913051837  ‖vε - vref‖ = 0.544956544091959  α = 2.58e-6
 236   -137.8441818359      -11.00       -2.39    14.3s
    ‖ρε - ρref‖ = 0.0006568695268536529 ‖Δρ‖ = 0.0006568556762919479  ‖vε - vref‖ = 0.5450720922009076  α = 1.97e-6
 237   -137.8441818359      -10.73       -2.51    13.3s
    ‖ρε - ρref‖ = 0.0004043980251277265 ‖Δρ‖ = 0.0004043215837120515  ‖vε - vref‖ = 0.545274877772858  α = 4.53e-6
 238   -137.8441818359      -10.67       -2.93    13.5s
    ‖ρε - ρref‖ = 0.00014718209760689117 ‖Δρ‖ = 0.00014724565545328757  ‖vε - vref‖ = 0.5455629046268156  α = 1.34e-5
 239   -137.8441818359      -10.62       -2.58    14.3s
    ‖ρε - ρref‖ = 0.00036438148115082935 ‖Δρ‖ = 0.0003643874839351067  ‖vε - vref‖ = 0.5458360596539737  α = 5.83e-6
 240   -137.8441818359      -10.63       -2.78    13.3s
    ‖ρε - ρref‖ = 0.00024059841294290078 ‖Δρ‖ = 0.00024057459450989795  ‖vε - vref‖ = 0.5461529073148116  α = 8.35e-6
 241   -137.8441818359      -11.18       -2.50    13.7s
    ‖ρε - ρref‖ = 0.0006646171268281853 ‖Δρ‖ = 0.0006650680941287293  ‖vε - vref‖ = 0.5462527815632514  α = 1.7e-6
 242   -137.8441818360      -11.06       -2.25    13.9s
    ‖ρε - ρref‖ = 0.001147927251347929 ‖Δρ‖ = 0.0011475183482977799  ‖vε - vref‖ = 0.5463435705264561  α = 9.79e-7
 243   -137.8441818360      -10.94       -2.62    14.4s
    ‖ρε - ρref‖ = 0.0004082697960570604 ‖Δρ‖ = 0.0004084102395286625  ‖vε - vref‖ = 0.5464805633478299  α = 3.45e-6
 244   -137.8441818360      -11.08       -2.27    14.3s
    ‖ρε - ρref‖ = 0.0009015594324496308 ‖Δρ‖ = 0.0009016143506506438  ‖vε - vref‖ = 0.5465879038224611  α = 1.37e-6
 245   -137.8441818360      -10.90       -2.47    14.3s
    ‖ρε - ρref‖ = 0.0005762781672840291 ‖Δρ‖ = 0.0005762376776557598  ‖vε - vref‖ = 0.5467689221235357  α = 2.5e-6
 246   -137.8441818360      -10.95       -1.97    15.1s
    ‖ρε - ρref‖ = 0.0018140724340464012 ‖Δρ‖ = 0.0018141030843894163  ‖vε - vref‖ = 0.5469015352202953  α = 8.12e-7
 247   -137.8441818360      -10.87       -2.64    14.9s
    ‖ρε - ρref‖ = 0.0003740546162583065 ‖Δρ‖ = 0.0003740248576015738  ‖vε - vref‖ = 0.5471036079223202  α = 4.07e-6
 248   -137.8441818360      -10.92       -2.53    14.7s
    ‖ρε - ρref‖ = 0.0005067881217653953 ‖Δρ‖ = 0.000506750617316082  ‖vε - vref‖ = 0.5472504751050239  α = 2.8e-6
 249   -137.8441818360      -10.87       -2.67    14.4s
    ‖ρε - ρref‖ = 0.00033822725362003613 ‖Δρ‖ = 0.0003382855126442907  ‖vε - vref‖ = 0.5474396902353423  α = 4.61e-6
 250   -137.8441818360      -10.95       -2.22    13.9s
    ‖ρε - ρref‖ = 0.0009353737343444713 ‖Δρ‖ = 0.0009354445388513266  ‖vε - vref‖ = 0.5475873001864779  α = 1.53e-6
 251   -137.8441818361      -10.68       -2.77    15.2s
    ‖ρε - ρref‖ = 0.0002810985332978095 ‖Δρ‖ = 0.00028109393302943854  ‖vε - vref‖ = 0.5478842454110175  α = 6.49e-6
 252   -137.8441818361      -10.36       -2.76    14.1s
    ‖ρε - ρref‖ = 0.00020885280856134894 ‖Δρ‖ = 0.0002089507624837128  ‖vε - vref‖ = 0.548460758575274  α = 1.36e-5
 253   -137.8441818361      -10.96       -2.47    14.5s
    ‖ρε - ρref‖ = 0.0006382986819686258 ‖Δρ‖ = 0.0006377761530178518  ‖vε - vref‖ = 0.5486158383327935  α = 2.09e-6
 254   -137.8441818361      -10.88       -1.98    14.5s
    ‖ρε - ρref‖ = 0.0018784653161611964 ‖Δρ‖ = 0.0018788187310012526  ‖vε - vref‖ = 0.5487948747219109  α = 9.41e-7
 255   -137.8441818362      -10.87       -2.74    14.6s
    ‖ρε - ρref‖ = 0.00030301667025681286 ‖Δρ‖ = 0.00030302666549772813  ‖vε - vref‖ = 0.548983010462303  α = 5.02e-6
 256   -137.8441818362      -11.13       -2.26    14.5s
    ‖ρε - ρref‖ = 0.0009693724955505208 ‖Δρ‖ = 0.0009693893999950062  ‖vε - vref‖ = 0.5491048841731027  α = 1.17e-6
 257   -137.8441818362      -10.92       -2.45    14.0s
    ‖ρε - ρref‖ = 0.000651100088031313 ‖Δρ‖ = 0.0006511475898815284  ‖vε - vref‖ = 0.5492703498854975  α = 2.18e-6
 258   -137.8441818362      -10.68       -2.00    14.1s
    ‖ρε - ρref‖ = 0.0015639335195186792 ‖Δρ‖ = 0.001564008001041001  ‖vε - vref‖ = 0.5495587499269445  α = 1.26e-6
 259   -137.8441818362      -10.79       -2.58    13.9s
    ‖ρε - ρref‖ = 0.00045560847927771363 ‖Δρ‖ = 0.0004556942506911533  ‖vε - vref‖ = 0.5497690496729783  α = 3.55e-6
 260   -137.8441818362      -10.57       -2.57    14.1s
    ‖ρε - ρref‖ = 0.000378952081049517 ‖Δρ‖ = 0.00037894293612200896  ‖vε - vref‖ = 0.5501326840120541  α = 5.81e-6
 261   -137.8441818362      -11.30       -2.54    13.8s
    ‖ρε - ρref‖ = 0.0005879364480693421 ‖Δρ‖ = 0.0005879173978162448  ‖vε - vref‖ = 0.5502034895679077  α = 1.68e-6
 262   -137.8441818363      -10.70       -2.60    14.4s
    ‖ρε - ρref‖ = 0.00035688087491767754 ‖Δρ‖ = 0.0003568821427806255  ‖vε - vref‖ = 0.5504890648808305  α = 5.33e-6
 263   -137.8441818363      -10.68       -2.53    14.6s
    ‖ρε - ρref‖ = 0.00038835814992915356 ‖Δρ‖ = 0.00038843005958645843  ‖vε - vref‖ = 0.5508002380394057  α = 4.92e-6
 264   -137.8441818363      -11.01       -2.58    14.6s
    ‖ρε - ρref‖ = 0.0004575447542128375 ‖Δρ‖ = 0.0004573880533497543  ‖vε - vref‖ = 0.5509425520611556  α = 2.6e-6
 265   -137.8441818363      -11.04       -2.54    12.9s
    ‖ρε - ρref‖ = 0.0005075540062947402 ‖Δρ‖ = 0.0005080367587591247  ‖vε - vref‖ = 0.5510960066210898  α = 2.53e-6
 266   -137.8441818363      -10.94       -2.02    14.5s
    ‖ρε - ρref‖ = 0.0014604634353760477 ‖Δρ‖ = 0.0014601422767371512  ‖vε - vref‖ = 0.551231488152857  α = 8.81e-7
 267   -137.8441818363      -10.85       -2.69    15.1s
    ‖ρε - ρref‖ = 0.0002961881445687233 ‖Δρ‖ = 0.00029622288486112584  ‖vε - vref‖ = 0.5514646808774049  α = 5.49e-6
 268   -137.8441818363      -11.27       -2.36    14.9s
    ‖ρε - ρref‖ = 0.0008462493443923585 ‖Δρ‖ = 0.0008463114156562845  ‖vε - vref‖ = 0.5515439387755972  α = 1.15e-6
 269   -137.8441818363      -11.01       -2.33    13.8s
    ‖ρε - ρref‖ = 0.0007974715758678824 ‖Δρ‖ = 0.0007975020383985842  ‖vε - vref‖ = 0.5517150633795168  α = 1.67e-6
 270   -137.8441818363      -11.04       -2.16    14.4s
    ‖ρε - ρref‖ = 0.0011828452594916214 ‖Δρ‖ = 0.0011829089811579876  ‖vε - vref‖ = 0.5518619028509517  α = 1.07e-6
 271   -137.8441818364      -10.45       -2.78    13.0s
    ‖ρε - ρref‖ = 0.00020506864572218607 ‖Δρ‖ = 0.00020507466924602754  ‖vε - vref‖ = 0.5524709149033178  α = 1.25e-5
 272   -137.8441818364      -10.86       -2.64    13.4s
    ‖ρε - ρref‖ = 0.00036274455206949745 ‖Δρ‖ = 0.0003627023641082539  ‖vε - vref‖ = 0.5526886157126646  α = 4.33e-6
 273   -137.8441818364      -10.92       -2.48    14.1s
    ‖ρε - ρref‖ = 0.0005261097164749235 ‖Δρ‖ = 0.0005261646263674609  ‖vε - vref‖ = 0.5528673836244007  α = 2.74e-6
 274   -137.8441818364      -11.05       -2.36    13.3s
    ‖ρε - ρref‖ = 0.000769425861849783 ‖Δρ‖ = 0.0007694877059620717  ‖vε - vref‖ = 0.5530143921895059  α = 1.6e-6
 275   -137.8441818364      -10.74       -2.67    14.6s
    ‖ρε - ρref‖ = 0.0002956018302696659 ‖Δρ‖ = 0.0002955681513175652  ‖vε - vref‖ = 0.5533274815334749  α = 6.2e-6
 276   -137.8441818364      -10.94       -2.68    15.0s
    ‖ρε - ρref‖ = 0.0003327440210902421 ‖Δρ‖ = 0.0003329901899970192  ‖vε - vref‖ = 0.553548969200425  α = 4.38e-6
 277   -137.8441818365      -11.50       -2.29    14.2s
    ‖ρε - ρref‖ = 0.0012018567994652445 ‖Δρ‖ = 0.00120128709629594  ‖vε - vref‖ = 0.5535991758573472  α = 5.89e-7
 278   -137.8441818365      -10.67       -2.71    13.2s
    ‖ρε - ρref‖ = 0.0002527390110423231 ‖Δρ‖ = 0.00025282625511768316  ‖vε - vref‖ = 0.5540150202656317  α = 8.01e-6
 279   -137.8441818365      -11.07       -2.57    13.3s
    ‖ρε - ρref‖ = 0.00048761690727438573 ‖Δρ‖ = 0.000487657043474823  ‖vε - vref‖ = 0.5541733118641143  α = 2.49e-6
 280   -137.8441818365      -10.94       -2.16    14.4s
    ‖ρε - ρref‖ = 0.001223864548262469 ‖Δρ‖ = 0.001223897272438829  ‖vε - vref‖ = 0.554405383326009  α = 1.14e-6
 281   -137.8441818365      -11.14       -2.24    14.0s
    ‖ρε - ρref‖ = 0.0010717188059809367 ‖Δρ‖ = 0.001071769993855958  ‖vε - vref‖ = 0.5545183656481287  α = 1.04e-6
 282   -137.8441818365      -10.94       -2.49    14.4s
    ‖ρε - ρref‖ = 0.0005181897389260528 ‖Δρ‖ = 0.000518226908339497  ‖vε - vref‖ = 0.5547457035963279  α = 2.69e-6
 283   -137.8441818365      -11.04       -2.59    14.4s
    ‖ρε - ρref‖ = 0.0004448847878914348 ‖Δρ‖ = 0.00044483426704625096  ‖vε - vref‖ = 0.5549141751010457  α = 2.74e-6
 284   -137.8441818365      -10.73       -2.69    13.7s
    ‖ρε - ρref‖ = 0.0002594607978638768 ‖Δρ‖ = 0.0002594953380347165  ‖vε - vref‖ = 0.5552715723585381  α = 7.19e-6
 285   -137.8441818366      -10.94       -2.62    13.8s
    ‖ρε - ρref‖ = 0.0003759161998901579 ‖Δρ‖ = 0.0003759428554315104  ‖vε - vref‖ = 0.5554926663341743  α = 3.87e-6
 286   -137.8441818366      -10.91       -2.24    13.2s
    ‖ρε - ρref‖ = 0.0009003352015972069 ‖Δρ‖ = 0.0009003810751805466  ‖vε - vref‖ = 0.5557408452269451  α = 1.71e-6
 287   -137.8441818366      -10.89       -2.67    14.6s
    ‖ρε - ρref‖ = 0.00032275907034403934 ‖Δρ‖ = 0.0003227808748535212  ‖vε - vref‖ = 0.5559804163800193  α = 4.79e-6
 288   -137.8441818366      -11.04       -2.71    14.5s
    ‖ρε - ρref‖ = 0.000370849137394055 ‖Δρ‖ = 0.0003704146282859871  ‖vε - vref‖ = 0.556150041368941  α = 3.26e-6
 289   -137.8441818366      -10.91       -2.05    13.8s
    ‖ρε - ρref‖ = 0.0016159697174328227 ‖Δρ‖ = 0.001616454719971593  ‖vε - vref‖ = 0.5564433259587044  α = 1.03e-6
 290   -137.8441818366      -10.91       -2.58    15.1s
    ‖ρε - ρref‖ = 0.0004539630889072822 ‖Δρ‖ = 0.00045387606822910106  ‖vε - vref‖ = 0.5566709324614857  α = 3.25e-6
 291   -137.8441818366      -10.99       -2.66    13.9s
    ‖ρε - ρref‖ = 0.0004436366224883005 ‖Δρ‖ = 0.00044361371179644913  ‖vε - vref‖ = 0.5568961847120956  α = 2.99e-6
 292   -137.8441818366      -10.60       -2.00    15.0s
    ‖ρε - ρref‖ = 0.0015595913135227348 ‖Δρ‖ = 0.001559795751767427  ‖vε - vref‖ = 0.5573962134183817  α = 1.5e-6
 293   -137.8441818367      -11.11       -2.18    14.9s
    ‖ρε - ρref‖ = 0.0011796790371795879 ‖Δρ‖ = 0.0011797352045760416  ‖vε - vref‖ = 0.5575432805713164  α = 1.02e-6
 294   -137.8441818367      -10.91       -2.47    14.8s
    ‖ρε - ρref‖ = 0.0004967787412071522 ‖Δρ‖ = 0.0004968113607426062  ‖vε - vref‖ = 0.5577829401468996  α = 3.07e-6
 295   -137.8441818367      -10.96       -2.81    15.0s
    ‖ρε - ρref‖ = 0.0002190390922176671 ‖Δρ‖ = 0.00021907550263261825  ‖vε - vref‖ = 0.5580026659020243  α = 6.26e-6
 296   -137.8441818367      -11.05       -2.65    15.0s
    ‖ρε - ρref‖ = 0.00039681357342588017 ‖Δρ‖ = 0.00039678291969869967  ‖vε - vref‖ = 0.5581636972951939  α = 2.99e-6
 297   -137.8441818367      -10.87       -2.57    14.8s
    ‖ρε - ρref‖ = 0.0003726180362706132 ‖Δρ‖ = 0.0003726446420757389  ‖vε - vref‖ = 0.5584317729477372  α = 4.23e-6
 298   -137.8441818367      -11.21       -2.34    14.3s
    ‖ρε - ρref‖ = 0.000815825829652975 ‖Δρ‖ = 0.0008158712811037512  ‖vε - vref‖ = 0.5585533406506102  α = 1.28e-6
 299   -137.8441818367      -10.83       -2.76    13.9s
    ‖ρε - ρref‖ = 0.0002312831136509867 ‖Δρ‖ = 0.00023109038622582502  ‖vε - vref‖ = 0.5589026062235476  α = 6.95e-6
 300   -137.8441818367      -11.36       -2.27    15.2s
    ‖ρε - ρref‖ = 0.0011567424513487395 ‖Δρ‖ = 0.0011573061850868563  ‖vε - vref‖ = 0.5590074323198876  α = 7.77e-7
Trying again with Newton's method ...
n     Energy            log10(ΔE)   log10(Δρ)   Δtime 
---   ---------------   ---------   ---------   ------
  1   -137.8441818373                   -6.97    1217s
    ‖ρε - ρref‖ = 7.017336310617436e-7 ‖Δρ‖ = 1.0055465269748146e-8  ‖vε - vref‖ = 0.5517660966050848
  2   -137.8441818375       -9.72       -7.20    1221s
    ‖ρε - ρref‖ = 7.017087962314126e-7 ‖Δρ‖ = 5.9292303743396476e-9  ‖vε - vref‖ = 0.5501614930131833
    Stopping to avoid numerical instabilities.

#-- ‖ρε - ρref‖ = 7.017087962314126e-7 vs. 1.0e-9 = δ*ε ‖vε - vref‖ = 0.5501614930131833


# --- ε=5.6234132519034905e-8

n     Energy            log10(ΔE)   log10(Δρ)   Δtime 
---   ---------------   ---------   ---------   ------
  1   -137.8441801562                    0.58    19.9s
    ‖ρε - ρref‖ = 1.3081710112025369 ‖Δρ‖ = 1.3081707666354105  ‖vε - vref‖ = 3.7366352642743417  α = 3.0e-7
  2   -137.8441802104       -7.27       -0.37    13.4s
    ‖ρε - ρref‖ = 0.09638722810241929 ‖Δρ‖ = 0.09638714347594614  ‖vε - vref‖ = 3.5090712305129754  α = 7.32e-7
  3   -137.8441802253       -7.83       -0.31    13.5s
    ‖ρε - ρref‖ = 0.11378373554838649 ‖Δρ‖ = 0.11378369111402577  ‖vε - vref‖ = 3.4583001494038466  α = 3.38e-7
  4   -137.8441802570       -7.50       -0.82    13.7s
    ‖ρε - ρref‖ = 0.02846006664942465 ‖Δρ‖ = 0.02845995962063074  ‖vε - vref‖ = 3.229985702451155  α = 1.95e-6
  5   -137.8441802651       -8.09       -0.88    13.9s
    ‖ρε - ρref‖ = 0.028776005821873188 ‖Δρ‖ = 0.028775957158783966  ‖vε - vref‖ = 3.1535853619438257  α = 9.05e-7
  6   -137.8441802673       -8.65       -0.99    13.9s
    ‖ρε - ρref‖ = 0.019236908596405786 ‖Δρ‖ = 0.0192369027542841  ‖vε - vref‖ = 3.153690632056856  α = 7.78e-7
  7   -137.8441802696       -8.64       -1.08    14.2s
    ‖ρε - ρref‖ = 0.01360809135742062 ‖Δρ‖ = 0.013608086120684844  ‖vε - vref‖ = 3.1620824872389974  α = 1.12e-6
  8   -137.8441802703       -9.17       -1.42    14.4s
    ‖ρε - ρref‖ = 0.00788557089354787 ‖Δρ‖ = 0.007885549415908128  ‖vε - vref‖ = 3.15535903675928  α = 1.04e-6
  9   -137.8441802712       -9.05       -1.43    14.4s
    ‖ρε - ρref‖ = 0.007540477640738952 ‖Δρ‖ = 0.007540445049358046  ‖vε - vref‖ = 3.141785075346398  α = 1.25e-6
 10   -137.8441802734       -8.66       -1.68    15.0s
    ‖ρε - ρref‖ = 0.0031847891179381865 ‖Δρ‖ = 0.003184762464365786  ‖vε - vref‖ = 3.1274713394973634  α = 4.75e-6
 11   -137.8441802749       -8.81       -1.86    14.0s
    ‖ρε - ρref‖ = 0.0019466099826190208 ‖Δρ‖ = 0.001946602532542379  ‖vε - vref‖ = 3.1314176975080517  α = 6.48e-6
 12   -137.8441804768       -6.69        0.24    14.1s
    ‖ρε - ρref‖ = 0.5250198881009546 ‖Δρ‖ = 0.5250202293976834  ‖vε - vref‖ = 0.8449717796245642  α = 1.81e-7
 13   -137.8441804780       -8.91       -1.60    13.4s
    ‖ρε - ρref‖ = 0.0031846844495375653 ‖Δρ‖ = 0.0031846425992120395  ‖vε - vref‖ = 0.8124681065715991  α = 3.58e-6
 14   -137.8441804786       -9.20       -1.87    14.2s
    ‖ρε - ρref‖ = 0.0019487342487610091 ‖Δρ‖ = 0.0019487120042840402  ‖vε - vref‖ = 0.7968600649637746  α = 4.19e-6
 15   -137.8441804788       -9.70       -1.61    14.6s
    ‖ρε - ρref‖ = 0.005257961848380731 ‖Δρ‖ = 0.005257942824797665  ‖vε - vref‖ = 0.7921766398510319  α = 8.29e-7
 16   -137.8441804793       -9.32       -1.28    14.9s
    ‖ρε - ρref‖ = 0.008146554688090684 ‖Δρ‖ = 0.008146551088194278  ‖vε - vref‖ = 0.782657032616211  α = 8.52e-7
 17   -137.8441804800       -9.17       -1.84    15.1s
    ‖ρε - ρref‖ = 0.001998014347347202 ‖Δρ‖ = 0.001998002805110382  ‖vε - vref‖ = 0.7660776731244519  α = 4.24e-6
 18   -137.8441804802       -9.71       -1.56    15.0s
    ‖ρε - ρref‖ = 0.005140520725083195 ‖Δρ‖ = 0.005140496103452033  ‖vε - vref‖ = 0.7612154424996379  α = 8.56e-7
 19   -137.8441804805       -9.48       -1.60    14.0s
    ‖ρε - ρref‖ = 0.00382672567146112 ‖Δρ‖ = 0.0038267018401103906  ‖vε - vref‖ = 0.7554859189489652  α = 1.5e-6
 20   -137.8441804808       -9.51       -1.56    13.8s
    ‖ρε - ρref‖ = 0.004360277268195884 ‖Δρ‖ = 0.004360274695398529  ‖vε - vref‖ = 0.7460117899311651  α = 1.23e-6
 21   -137.8441804810       -9.67       -1.67    14.5s
    ‖ρε - ρref‖ = 0.0036844725422231733 ‖Δρ‖ = 0.003684469848849469  ‖vε - vref‖ = 0.7408181797348298  α = 1.26e-6
 22   -137.8441804815       -9.39       -1.57    14.6s
    ‖ρε - ρref‖ = 0.003913318601050147 ‖Δρ‖ = 0.003913301459450391  ‖vε - vref‖ = 0.7313820733723914  α = 1.65e-6
 23   -137.8441804835       -8.69       -0.67    14.8s
    ‖ρε - ρref‖ = 0.06716605869604383 ‖Δρ‖ = 0.06716641760798824  ‖vε - vref‖ = 0.6652509110822048  α = 2.0e-7
 24   -137.8441804838       -9.56       -1.82    13.0s
    ‖ρε - ρref‖ = 0.002307067722642948 ‖Δρ‖ = 0.002307046509223464  ‖vε - vref‖ = 0.6572123763660344  α = 2.24e-6
 25   -137.8441804840       -9.73       -2.20    14.3s
    ‖ρε - ρref‖ = 0.0010636947951303442 ‖Δρ‖ = 0.0010636522681568856  ‖vε - vref‖ = 0.65213091416941  α = 3.97e-6
 26   -137.8441804843       -9.44       -1.83    15.0s
    ‖ρε - ρref‖ = 0.0020949511344829337 ‖Δρ‖ = 0.002094960865351272  ‖vε - vref‖ = 0.6413948211553194  α = 2.89e-6
 27   -137.8441804844      -10.10       -1.89    15.0s
    ‖ρε - ρref‖ = 0.002629782101938037 ‖Δρ‖ = 0.0026297865219020917  ‖vε - vref‖ = 0.6391926807158476  α = 1.05e-6
 28   -137.8441804845       -9.85       -1.45    13.8s
    ‖ρε - ρref‖ = 0.005779086741222801 ‖Δρ‖ = 0.005779057030675702  ‖vε - vref‖ = 0.6349714191419077  α = 6.56e-7
 29   -137.8441804848       -9.63       -2.07    14.8s
    ‖ρε - ρref‖ = 0.0011701815951645172 ‖Δρ‖ = 0.0011701631581384558  ‖vε - vref‖ = 0.6284970954807642  α = 4.2e-6
 30   -137.8441804850       -9.74       -1.93    13.9s
    ‖ρε - ρref‖ = 0.0015269471494954786 ‖Δρ‖ = 0.001526944148099404  ‖vε - vref‖ = 0.622389098716894  α = 2.87e-6
 31   -137.8441804850      -10.07       -1.50    15.0s
    ‖ρε - ρref‖ = 0.00524589293027266 ‖Δρ‖ = 0.005245878291171731  ‖vε - vref‖ = 0.619553092541529  α = 5.63e-7
 32   -137.8441804851      -10.03       -2.14    14.4s
    ‖ρε - ρref‖ = 0.0011144326050187563 ‖Δρ‖ = 0.0011144119090938966  ‖vε - vref‖ = 0.6169544425184587  α = 2.72e-6
 33   -137.8441804852      -10.03       -1.74    13.4s
    ‖ρε - ρref‖ = 0.002943511409011628 ‖Δρ‖ = 0.002943504223664799  ‖vε - vref‖ = 0.6141304683411586  α = 1.05e-6
 34   -137.8441804853      -10.14       -1.96    14.5s
    ‖ρε - ρref‖ = 0.0021060638924099806 ‖Δρ‖ = 0.0021061986507873247  ‖vε - vref‖ = 0.6121943028606214  α = 1.21e-6
 35   -137.8441804854      -10.24       -1.83    14.9s
    ‖ρε - ρref‖ = 0.003148146874339458 ‖Δρ‖ = 0.003147843894660752  ‖vε - vref‖ = 0.6102083021867545  α = 7.54e-7
 36   -137.8441804855       -9.91       -1.66    13.7s
    ‖ρε - ρref‖ = 0.003798333066248704 ‖Δρ‖ = 0.0037984513327081137  ‖vε - vref‖ = 0.6062785272378883  α = 8.72e-7
 37   -137.8441804856       -9.93       -2.04    15.1s
    ‖ρε - ρref‖ = 0.0014117647988324258 ‖Δρ‖ = 0.0014117419529592736  ‖vε - vref‖ = 0.6026011973671811  α = 2.45e-6
 38   -137.8441804857       -9.92       -2.38    14.5s
    ‖ρε - ρref‖ = 0.0005950423068259373 ‖Δρ‖ = 0.000595056550757507  ‖vε - vref‖ = 0.5988452853057216  α = 5.85e-6
 39   -137.8441804858      -10.18       -2.02    14.5s
    ‖ρε - ρref‖ = 0.0016901975051027865 ‖Δρ‖ = 0.001690189664305978  ‖vε - vref‖ = 0.5968730697300174  α = 1.51e-6
 40   -137.8441804859      -10.19       -1.48    15.0s
    ‖ρε - ρref‖ = 0.005740948943512726 ‖Δρ‖ = 0.005740910099503211  ‖vε - vref‖ = 0.5947245087350612  α = 4.39e-7
 41   -137.8441804860       -9.90       -2.30    15.1s
    ‖ρε - ρref‖ = 0.000709498097347416 ‖Δρ‖ = 0.0007094835735361593  ‖vε - vref‖ = 0.5906883439531093  α = 5.12e-6
 42   -137.8441804861      -10.08       -2.28    13.9s
    ‖ρε - ρref‖ = 0.0007709480903520233 ‖Δρ‖ = 0.0007709907064613559  ‖vε - vref‖ = 0.5880568510568406  α = 3.8e-6
 43   -137.8441804861      -10.37       -1.82    15.1s
    ‖ρε - ρref‖ = 0.0025607612200829353 ‖Δρ‖ = 0.002560752428956895  ‖vε - vref‖ = 0.5867034091514037  α = 8.26e-7
 44   -137.8441804862      -10.29       -1.90    13.6s
    ‖ρε - ρref‖ = 0.0019972252892643556 ‖Δρ‖ = 0.001997186074136171  ‖vε - vref‖ = 0.5851266812406003  α = 1.17e-6
 45   -137.8441804862      -10.60       -2.32    14.7s
    ‖ρε - ρref‖ = 0.0008891518353661555 ‖Δρ‖ = 0.0008891304710222469  ‖vε - vref‖ = 0.5842316657402563  α = 1.75e-6
 46   -137.8441804862      -10.39       -2.08    13.4s
    ‖ρε - ρref‖ = 0.001423733407886272 ‖Δρ‖ = 0.0014238387173958144  ‖vε - vref‖ = 0.583228105093313  α = 1.37e-6
 47   -137.8441804863      -10.47       -1.95    14.1s
    ‖ρε - ρref‖ = 0.0023010982187369453 ‖Δρ‖ = 0.002300793161415708  ‖vε - vref‖ = 0.581845358100762  α = 7.79e-7
 48   -137.8441804863      -10.41       -1.71    13.4s
    ‖ρε - ρref‖ = 0.0034688968036782476 ‖Δρ‖ = 0.0034690462886144196  ‖vε - vref‖ = 0.5806283216585442  α = 5.67e-7
 49   -137.8441804864      -10.27       -2.36    15.0s
    ‖ρε - ρref‖ = 0.0006597604129066195 ‖Δρ‖ = 0.0006597694185019607  ‖vε - vref‖ = 0.5790355260281013  α = 3.38e-6
 50   -137.8441804864      -10.29       -2.16    14.5s
    ‖ρε - ρref‖ = 0.0012345282615518198 ‖Δρ‖ = 0.001234516535276495  ‖vε - vref‖ = 0.577156690291048  α = 1.74e-6
 51   -137.8441804865      -10.26       -2.13    14.5s
    ‖ρε - ρref‖ = 0.0011181205430658978 ‖Δρ‖ = 0.001118122325984852  ‖vε - vref‖ = 0.5754013469678918  α = 2.08e-6
 52   -137.8441804865      -10.84       -1.71    12.9s
    ‖ρε - ρref‖ = 0.0040467229926376014 ‖Δρ‖ = 0.004046705803831925  ‖vε - vref‖ = 0.5749133588252571  α = 2.95e-7
 53   -137.8441804865      -10.42       -2.35    14.7s
    ‖ρε - ρref‖ = 0.0005704222884777176 ‖Δρ‖ = 0.0005704141280493384  ‖vε - vref‖ = 0.5736601745490331  α = 3.55e-6
 54   -137.8441804866      -10.15       -2.45    14.9s
    ‖ρε - ρref‖ = 0.0004909386679818674 ‖Δρ‖ = 0.0004909383140934861  ‖vε - vref‖ = 0.5714078016115904  α = 5.43e-6
 55   -137.8441804866      -10.43       -2.37    14.5s
    ‖ρε - ρref‖ = 0.0006856631313470721 ‖Δρ‖ = 0.0006856315942966161  ‖vε - vref‖ = 0.5701463404892972  α = 2.76e-6
 56   -137.8441804866      -10.91       -2.08    14.5s
    ‖ρε - ρref‖ = 0.0015079590002579507 ‖Δρ‖ = 0.0015079548944317452  ‖vε - vref‖ = 0.5697423485996836  α = 7.57e-7
 57   -137.8441804867      -10.32       -2.29    14.8s
    ‖ρε - ρref‖ = 0.0007388669045852144 ‖Δρ‖ = 0.0007388582656270801  ‖vε - vref‖ = 0.5680919381702975  α = 2.99e-6
 58   -137.8441804867      -10.55       -2.31    14.5s
    ‖ρε - ρref‖ = 0.0009046983418356523 ‖Δρ‖ = 0.000904818311304341  ‖vε - vref‖ = 0.5672452746293682  α = 1.85e-6
 59   -137.8441804867      -10.55       -1.83    14.4s
    ‖ρε - ρref‖ = 0.0025139308519008833 ‖Δρ‖ = 0.0025136884777739697  ‖vε - vref‖ = 0.566327314477349  α = 6.8e-7
 60   -137.8441804868      -10.72       -1.83    13.7s
    ‖ρε - ρref‖ = 0.002743742182931743 ‖Δρ‖ = 0.00274394730913396  ‖vε - vref‖ = 0.5656834064245387  α = 5.02e-7
 61   -137.8441804868      -10.32       -2.14    14.9s
    ‖ρε - ρref‖ = 0.0009743160322491137 ‖Δρ‖ = 0.000974260506073479  ‖vε - vref‖ = 0.5640488270366987  α = 2.29e-6
 62   -137.8441804868      -10.55       -2.41    14.5s
    ‖ρε - ρref‖ = 0.0006211574146509972 ‖Δρ‖ = 0.0006211696832646351  ‖vε - vref‖ = 0.5631454180103448  α = 2.71e-6
 63   -137.8441804868      -10.83       -2.31    14.4s
    ‖ρε - ρref‖ = 0.000910425355321624 ‖Δρ‖ = 0.0009104584525334255  ‖vε - vref‖ = 0.5626081860670218  α = 1.2e-6
 64   -137.8441804869      -11.16       -2.06    13.5s
    ‖ρε - ρref‖ = 0.00194752635214371 ‖Δρ‖ = 0.0019475160305016236  ‖vε - vref‖ = 0.562375744385633  α = 4.24e-7
 65   -137.8441804869      -10.67       -2.32    14.2s
    ‖ρε - ρref‖ = 0.0007451908097122568 ‖Δρ‖ = 0.000745155510266496  ‖vε - vref‖ = 0.5616637051392712  α = 1.99e-6
 66   -137.8441804869      -10.51       -2.42    14.0s
    ‖ρε - ρref‖ = 0.0005513967208145654 ‖Δρ‖ = 0.0005513982841993711  ‖vε - vref‖ = 0.5607181448958295  α = 3.18e-6
 67   -137.8441804869      -10.64       -2.41    14.8s
    ‖ρε - ρref‖ = 0.000599333195870322 ‖Δρ‖ = 0.0005992876083242779  ‖vε - vref‖ = 0.5600110995522865  α = 2.47e-6
 68   -137.8441804870      -10.47       -2.33    14.9s
    ‖ρε - ρref‖ = 0.0006289037835434828 ‖Δρ‖ = 0.000628924999054644  ‖vε - vref‖ = 0.55885642485496  α = 2.92e-6
 69   -137.8441804870      -11.29       -2.28    14.6s
    ‖ρε - ρref‖ = 0.0009245857010351295 ‖Δρ‖ = 0.0009245830020934574  ‖vε - vref‖ = 0.5586921793271834  α = 8.07e-7
 70   -137.8441804870      -10.76       -2.42    14.5s
    ‖ρε - ρref‖ = 0.0005920207498241489 ‖Δρ‖ = 0.0005920609601829651  ‖vε - vref‖ = 0.5581391462864919  α = 2.31e-6
 71   -137.8441804870      -10.70       -2.47    14.5s
    ‖ρε - ρref‖ = 0.0006328814476286925 ‖Δρ‖ = 0.0006326536314948557  ‖vε - vref‖ = 0.5575167919655807  α = 2.23e-6
 72   -137.8441804870      -10.67       -1.78    15.0s
    ‖ρε - ρref‖ = 0.0030090381455981138 ‖Δρ‖ = 0.003009279343828648  ‖vε - vref‖ = 0.5568660862860196  α = 4.62e-7
 73   -137.8441804870      -11.08       -2.21    13.1s
    ‖ρε - ρref‖ = 0.0011642928810080906 ‖Δρ‖ = 0.0011642074347042199  ‖vε - vref‖ = 0.5565844997750189  α = 8.04e-7
 74   -137.8441804871      -10.49       -2.39    14.7s
    ‖ρε - ρref‖ = 0.000578111386245281 ‖Δρ‖ = 0.000578096553895942  ‖vε - vref‖ = 0.555593300211818  α = 3.16e-6
 75   -137.8441804871      -10.74       -2.68    13.3s
    ‖ρε - ρref‖ = 0.0003503019331929397 ‖Δρ‖ = 0.00035032258355627597  ‖vε - vref‖ = 0.555038281943183  α = 3.86e-6
 76   -137.8441804871      -11.13       -2.00    13.1s
    ‖ρε - ρref‖ = 0.0021829273325332486 ‖Δρ‖ = 0.0021829131318678707  ‖vε - vref‖ = 0.5547914125629865  α = 3.75e-7
 77   -137.8441804871      -10.77       -2.24    15.1s
    ‖ρε - ρref‖ = 0.00079747583036546 ‖Δρ‖ = 0.0007974550484400619  ‖vε - vref‖ = 0.5543059800683898  α = 1.66e-6
 78   -137.8441804871      -10.98       -2.52    13.8s
    ‖ρε - ρref‖ = 0.0006067215580003463 ‖Δρ‖ = 0.0006067267606445141  ‖vε - vref‖ = 0.5539538794696873  α = 1.53e-6
 79   -137.8441804871      -10.81       -2.52    13.9s
    ‖ρε - ρref‖ = 0.00042689690317594957 ‖Δρ‖ = 0.0004268683104611313  ‖vε - vref‖ = 0.5534512522938865  α = 2.97e-6
 80   -137.8441804872      -10.56       -2.75    13.0s
    ‖ρε - ρref‖ = 0.0002381613975147455 ‖Δρ‖ = 0.0002381921466267162  ‖vε - vref‖ = 0.552658522216049  α = 7.14e-6
 81   -137.8441804872      -10.81       -2.24    15.2s
    ‖ρε - ρref‖ = 0.0008948909855463251 ‖Δρ‖ = 0.0008948784452046846  ‖vε - vref‖ = 0.5522042080943493  α = 1.42e-6
 82   -137.8441804872      -10.90       -2.04    14.2s
    ‖ρε - ρref‖ = 0.0015238057166448902 ‖Δρ‖ = 0.001523831024909971  ‖vε - vref‖ = 0.5518340920563205  α = 7.64e-7
 83   -137.8441804872      -10.82       -2.50    15.2s
    ‖ρε - ρref‖ = 0.0005021583150694509 ‖Δρ‖ = 0.0005020732359639758  ‖vε - vref‖ = 0.5513059076375298  α = 2.4e-6
 84   -137.8441804872      -11.27       -2.19    14.4s
    ‖ρε - ρref‖ = 0.0014509507046651029 ‖Δρ‖ = 0.001451254739139017  ‖vε - vref‖ = 0.5512081029599732  α = 4.92e-7
 85   -137.8441804872      -10.87       -2.26    13.8s
    ‖ρε - ρref‖ = 0.0009673211080589 ‖Δρ‖ = 0.0009671525356953663  ‖vε - vref‖ = 0.5507439342639606  α = 1.19e-6
 86   -137.8441804872      -11.04       -2.38    15.1s
    ‖ρε - ρref‖ = 0.0007181199395821351 ‖Δρ‖ = 0.0007181301738237158  ‖vε - vref‖ = 0.5504838431079302  α = 1.35e-6
 87   -137.8441804872      -10.89       -2.26    15.0s
    ‖ρε - ρref‖ = 0.00092192404808813 ‖Δρ‖ = 0.0009219159633914883  ‖vε - vref‖ = 0.5500894218687788  α = 1.26e-6
 88   -137.8441804873      -10.67       -2.66    14.5s
    ‖ρε - ρref‖ = 0.0003207771261489074 ‖Δρ‖ = 0.0003207625759637868  ‖vε - vref‖ = 0.5494756183741912  α = 4.7e-6
 89   -137.8441804873      -11.32       -2.16    14.7s
    ‖ρε - ρref‖ = 0.0016886789709646454 ‖Δρ‖ = 0.001688695296384655  ‖vε - vref‖ = 0.5493145604049275  α = 3.94e-7
 90   -137.8441804873      -10.66       -2.32    15.0s
    ‖ρε - ρref‖ = 0.0006482434081951929 ‖Δρ‖ = 0.000648263917416674  ‖vε - vref‖ = 0.5487062952575144  α = 2.33e-6
 91   -137.8441804873      -10.73       -2.67    14.5s
    ‖ρε - ρref‖ = 0.00030277799820513975 ‖Δρ‖ = 0.0003027827231546652  ‖vε - vref‖ = 0.5481940027123444  α = 4.43e-6
 92   -137.8441804873      -11.07       -2.60    13.2s
    ‖ρε - ρref‖ = 0.0005100296373113937 ‖Δρ‖ = 0.0005100305603825698  ‖vε - vref‖ = 0.5479548674477888  α = 1.6e-6
 93   -137.8441804873      -10.93       -2.53    14.7s
    ‖ρε - ρref‖ = 0.000446848921985619 ‖Δρ‖ = 0.00044678989497855715  ‖vε - vref‖ = 0.5476482737330125  α = 2.39e-6
 94   -137.8441804873      -10.82       -2.56    14.0s
    ‖ρε - ρref‖ = 0.00040483626690389324 ‖Δρ‖ = 0.00040486875230416115  ‖vε - vref‖ = 0.5471638787195212  α = 3.13e-6
 95   -137.8441804874      -11.06       -2.06    14.6s
    ‖ρε - ρref‖ = 0.0015902785851456462 ‖Δρ‖ = 0.0015902393588557368  ‖vε - vref‖ = 0.5468862939106702  α = 6.03e-7
 96   -137.8441804874      -11.04       -2.59    13.8s
    ‖ρε - ρref‖ = 0.00047489646077283383 ‖Δρ‖ = 0.0004751064430593603  ‖vε - vref‖ = 0.5466618830156789  α = 2.01e-6
 97   -137.8441804874      -11.11       -1.95    15.1s
    ‖ρε - ρref‖ = 0.002034229607510925 ‖Δρ‖ = 0.0020339595239565493  ‖vε - vref‖ = 0.546408285883971  α = 4.26e-7
 98   -137.8441804874      -10.77       -2.55    14.5s
    ‖ρε - ρref‖ = 0.00042029923105130543 ‖Δρ‖ = 0.000420330660081582  ‖vε - vref‖ = 0.5459359589136602  α = 3.1e-6
 99   -137.8441804874      -11.24       -2.31    15.0s
    ‖ρε - ρref‖ = 0.0009230501967957718 ‖Δρ‖ = 0.0009230457780791707  ‖vε - vref‖ = 0.5457748393336425  α = 8.51e-7
 100   -137.8441804874      -10.82       -2.47    14.5s
    ‖ρε - ρref‖ = 0.0005136948163996793 ‖Δρ‖ = 0.0005137178247025474  ‖vε - vref‖ = 0.5453610267593385  α = 2.45e-6
 101   -137.8441804874      -11.48       -2.64    13.7s
    ‖ρε - ρref‖ = 0.0004999570951512674 ‖Δρ‖ = 0.0004999750922991114  ‖vε - vref‖ = 0.5452642221099254  α = 1.15e-6
 102   -137.8441804874      -11.00       -2.22    15.0s
    ‖ρε - ρref‖ = 0.0010917229477672395 ‖Δρ‖ = 0.0010917130306833207  ‖vε - vref‖ = 0.5450088858934697  α = 9.04e-7
 103   -137.8441804874      -10.62       -2.53    13.5s
    ‖ρε - ρref‖ = 0.0004091468690894483 ‖Δρ‖ = 0.00040910509638144264  ‖vε - vref‖ = 0.5443917094034006  α = 3.86e-6
 104   -137.8441804875      -11.09       -2.59    13.8s
    ‖ρε - ρref‖ = 0.00047240583108134373 ‖Δρ‖ = 0.00047244279403199093  ‖vε - vref‖ = 0.5441696929967885  α = 1.85e-6
 105   -137.8441804875      -10.82       -2.62    14.4s
    ‖ρε - ρref‖ = 0.0003322923042312436 ‖Δρ‖ = 0.0003322859488263128  ‖vε - vref‖ = 0.543763642308303  α = 3.74e-6
 106   -137.8441804875      -10.99       -2.69    15.0s
    ‖ρε - ρref‖ = 0.0003536297976350872 ‖Δρ‖ = 0.00035368311370533945  ‖vε - vref‖ = 0.5435445971988906  α = 2.75e-6
 107   -137.8441804875      -11.06       -2.30    14.3s
    ‖ρε - ρref‖ = 0.0008583081641016634 ‖Δρ‖ = 0.0008582622128841791  ‖vε - vref‖ = 0.5432765938420451  α = 1.09e-6
 108   -137.8441804875      -11.32       -2.31    15.0s
    ‖ρε - ρref‖ = 0.0009612516797791749 ‖Δρ‖ = 0.0009613651001453941  ‖vε - vref‖ = 0.5431719658337971  α = 6.99e-7
 109   -137.8441804875      -11.35       -2.50    14.4s
    ‖ρε - ρref‖ = 0.0006895777932892126 ‖Δρ‖ = 0.0006892576028256409  ‖vε - vref‖ = 0.5430371597245416  α = 9.67e-7
 110   -137.8441804875      -10.86       -2.13    15.0s
    ‖ρε - ρref‖ = 0.001072519796611503 ‖Δρ‖ = 0.0010726010094857978  ‖vε - vref‖ = 0.542738063788145  α = 1.08e-6
 111   -137.8441804875      -10.80       -2.44    14.5s
    ‖ρε - ρref‖ = 0.0005029041462551864 ‖Δρ‖ = 0.0005028974778945275  ‖vε - vref‖ = 0.5422715505257111  α = 2.5e-6
 112   -137.8441804875      -11.44       -2.54    14.2s
    ‖ρε - ρref‖ = 0.0005677587742280733 ‖Δρ‖ = 0.0005677720944638517  ‖vε - vref‖ = 0.5421847885421313  α = 1.09e-6
 113   -137.8441804876      -10.77       -2.53    14.5s
    ‖ρε - ρref‖ = 0.00041193554757701476 ‖Δρ‖ = 0.00041195581213696736  ‖vε - vref‖ = 0.5417606391052179  α = 3.19e-6
 114   -137.8441804876      -11.41       -2.16    14.4s
    ‖ρε - ρref‖ = 0.0015608389528986419 ‖Δρ‖ = 0.0015608311667673258  ‖vε - vref‖ = 0.5416661991816458  α = 3.85e-7
 115   -137.8441804876      -10.91       -2.32    14.9s
    ‖ρε - ρref‖ = 0.0006506350708222924 ‖Δρ‖ = 0.0006506510544694273  ‖vε - vref‖ = 0.5413741046617875  α = 1.75e-6
 116   -137.8441804876      -10.92       -2.74    13.7s
    ‖ρε - ρref‖ = 0.0002709193100856381 ‖Δρ‖ = 0.00027090637937434483  ‖vε - vref‖ = 0.5410814031209548  α = 4.1e-6
 117   -137.8441804876      -11.11       -2.84    15.0s
    ‖ρε - ρref‖ = 0.00023301103732830894 ‖Δρ‖ = 0.00023302267026647854  ‖vε - vref‖ = 0.5408743455279623  α = 3.8e-6
 118   -137.8441804876      -10.80       -2.71    14.6s
    ‖ρε - ρref‖ = 0.00023896695526642316 ‖Δρ‖ = 0.00023894674854265288  ‖vε - vref‖ = 0.5405163454787636  α = 5.39e-6
 119   -137.8441804876      -11.26       -2.53    14.4s
    ‖ρε - ρref‖ = 0.0005074277282064777 ‖Δρ‖ = 0.0005073421065111531  ‖vε - vref‖ = 0.5403737331604169  α = 1.43e-6
 120   -137.8441804876      -11.40       -2.31    13.9s
    ‖ρε - ρref‖ = 0.0008334139383169949 ‖Δρ‖ = 0.0008335287553767093  ‖vε - vref‖ = 0.5402942277622984  α = 7.72e-7
 121   -137.8441804876      -11.41       -2.50    14.5s
    ‖ρε - ρref‖ = 0.0006768811130114494 ‖Δρ‖ = 0.0006766176279369828  ‖vε - vref‖ = 0.5401690984127001  α = 8.95e-7
 122   -137.8441804876      -11.18       -2.27    13.5s
    ‖ρε - ρref‖ = 0.0010495699817439366 ‖Δρ‖ = 0.0010497646553454887  ‖vε - vref‖ = 0.540072561700417  α = 7.65e-7
 123   -137.8441804876      -10.97       -2.39    14.1s
    ‖ρε - ρref‖ = 0.0006447998893971345 ‖Δρ‖ = 0.000644778620320325  ‖vε - vref‖ = 0.5398120827912296  α = 1.54e-6
 124   -137.8441804876      -11.16       -2.71    15.2s
    ‖ρε - ρref‖ = 0.0002986962612763461 ‖Δρ‖ = 0.00029873581680417194  ‖vε - vref‖ = 0.5396734940020766  α = 2.74e-6
 125   -137.8441804876      -11.34       -2.43    14.6s
    ‖ρε - ρref‖ = 0.0006531642438699078 ‖Δρ‖ = 0.0006531597689513648  ‖vε - vref‖ = 0.5395801575460536  α = 1.07e-6
 126   -137.8441804877      -11.19       -2.46    13.4s
    ‖ρε - ρref‖ = 0.0006518505612217341 ‖Δρ‖ = 0.0006518154426126826  ‖vε - vref‖ = 0.5394549861763482  α = 1.17e-6
 127   -137.8441804877      -11.26       -2.13    13.5s
    ‖ρε - ρref‖ = 0.0014355183886565137 ‖Δρ‖ = 0.0014355179472057824  ‖vε - vref‖ = 0.5393276673801828  α = 5.05e-7
 128   -137.8441804877      -10.92       -2.34    14.5s
    ‖ρε - ρref‖ = 0.0006215116330896517 ‖Δρ‖ = 0.0006215317995899971  ‖vε - vref‖ = 0.5390540551678882  α = 1.77e-6
 129   -137.8441804877      -11.01       -2.63    15.0s
    ‖ρε - ρref‖ = 0.00031205878698018137 ‖Δρ‖ = 0.00031202139285640604  ‖vε - vref‖ = 0.5388434466725678  α = 3.26e-6
 130   -137.8441804877      -11.02       -2.74    14.5s
    ‖ρε - ρref‖ = 0.0002516785086227523 ‖Δρ‖ = 0.00025167193799207715  ‖vε - vref‖ = 0.5386398951143622  α = 3.99e-6
 131   -137.8441804877      -10.98       -2.91    14.3s
    ‖ρε - ρref‖ = 0.00017885575073613757 ‖Δρ‖ = 0.00017886689352675277  ‖vε - vref‖ = 0.5384465207085355  α = 5.82e-6
 132   -137.8441804877      -10.98       -2.63    13.8s
    ‖ρε - ρref‖ = 0.00031835089713618865 ‖Δρ‖ = 0.0003184243753240672  ‖vε - vref‖ = 0.5382678103398716  α = 3.22e-6
 133   -137.8441804877      -11.47       -2.24    14.5s
    ‖ρε - ρref‖ = 0.0010445046464050746 ‖Δρ‖ = 0.0010442721277442492  ‖vε - vref‖ = 0.5381951719051361  α = 5.61e-7
 134   -137.8441804877      -11.19       -2.38    13.9s
    ‖ρε - ρref‖ = 0.0007369278999848454 ‖Δρ‖ = 0.0007371381536863177  ‖vε - vref‖ = 0.5380891533729826  α = 1.07e-6
 135   -137.8441804877      -11.08       -2.03    15.0s
    ‖ρε - ρref‖ = 0.0013455996733579198 ‖Δρ‖ = 0.0013454796138116455  ‖vε - vref‖ = 0.537914668731799  α = 7.04e-7
 136   -137.8441804877      -11.04       -2.79    14.9s
    ‖ρε - ρref‖ = 0.0002366920120036176 ‖Δρ‖ = 0.00023672205040533206  ‖vε - vref‖ = 0.5377802139684962  α = 3.98e-6
 137   -137.8441804877      -11.20       -2.41    15.1s
    ‖ρε - ρref‖ = 0.0006316107949531917 ‖Δρ‖ = 0.0006315940535547497  ‖vε - vref‖ = 0.5376386099235386  α = 1.21e-6
 138   -137.8441804877      -11.60       -2.53    14.5s
    ‖ρε - ρref‖ = 0.0005790995633393638 ‖Δρ‖ = 0.0005790857044259722  ‖vε - vref‖ = 0.5376031283061687  α = 9.01e-7
 139   -137.8441804877      -11.50       -2.38    13.9s
    ‖ρε - ρref‖ = 0.0008175991205430623 ‖Δρ‖ = 0.0008176129449351992  ‖vε - vref‖ = 0.5375185359759229  α = 6.59e-7
 140   -137.8441804878      -11.37       -2.37    13.1s
    ‖ρε - ρref‖ = 0.0007703535407692698 ‖Δρ‖ = 0.0007703488757003471  ‖vε - vref‖ = 0.5374565664858165  α = 8.53e-7
 141   -137.8441804878      -11.17       -2.54    13.8s
    ‖ρε - ρref‖ = 0.0004090912128133678 ‖Δρ‖ = 0.00040907093107321303  ‖vε - vref‖ = 0.5373444648255149  α = 2.04e-6
 142   -137.8441804878      -11.04       -2.93    14.4s
    ‖ρε - ρref‖ = 0.00015922682480649402 ‖Δρ‖ = 0.00015921452493660457  ‖vε - vref‖ = 0.5372177491305541  α = 6.18e-6
 143   -137.8441804878      -11.06       -2.65    13.9s
    ‖ρε - ρref‖ = 0.0003560907179326656 ‖Δρ‖ = 0.0003561482201497503  ‖vε - vref‖ = 0.537074342055532  α = 2.52e-6
 144   -137.8441804878      -11.00       -2.53    14.3s
    ‖ρε - ρref‖ = 0.0004029117467177957 ‖Δρ‖ = 0.00040291429725698914  ‖vε - vref‖ = 0.5369109241662414  α = 2.5e-6
 145   -137.8441804878      -11.26       -2.87    15.1s
    ‖ρε - ρref‖ = 0.00019667329037854 ‖Δρ‖ = 0.000196552559993985  ‖vε - vref‖ = 0.5368414487743953  α = 3.86e-6
 146   -137.8441804878      -11.77       -2.44    14.6s
    ‖ρε - ρref‖ = 0.0008099222763078809 ‖Δρ‖ = 0.0008102207826232987  ‖vε - vref‖ = 0.536844199039823  α = 4.87e-7
 147   -137.8441804878      -11.20       -2.50    13.7s
    ‖ρε - ρref‖ = 0.00046350547026363713 ‖Δρ‖ = 0.0004633690954098238  ‖vε - vref‖ = 0.5367443357156163  α = 1.74e-6
 148   -137.8441804878      -11.31       -2.20    12.7s
    ‖ρε - ρref‖ = 0.0010611809355649097 ‖Δρ‖ = 0.0010612308422877504  ‖vε - vref‖ = 0.5366951161640209  α = 6.55e-7
 149   -137.8441804878      -10.95       -2.67    14.6s
    ‖ρε - ρref‖ = 0.00029971930686748194 ‖Δρ‖ = 0.0002997245065947725  ‖vε - vref‖ = 0.5365475622357837  α = 3.6e-6
 150   -137.8441804878      -11.14       -2.68    14.1s
    ‖ρε - ρref‖ = 0.0003376118586826868 ‖Δρ‖ = 0.0003376110149990497  ‖vε - vref‖ = 0.5364687227998013  α = 2.54e-6
 151   -137.8441804878      -11.31       -2.09    13.9s
    ‖ρε - ρref‖ = 0.0015909289098943716 ‖Δρ‖ = 0.0015909440963792795  ‖vε - vref‖ = 0.5364055866836216  α = 4.4e-7
 152   -137.8441804878      -11.36       -2.37    13.6s
    ‖ρε - ρref‖ = 0.0007992904085278824 ‖Δρ‖ = 0.0007992751784167541  ‖vε - vref‖ = 0.536363243079149  α = 8.11e-7
 153   -137.8441804878      -11.06       -2.43    12.7s
    ‖ρε - ρref‖ = 0.0005609479418685882 ‖Δρ‖ = 0.0005609455815807337  ‖vε - vref‖ = 0.5362664649933568  α = 1.71e-6
 154   -137.8441804878      -11.30       -2.78    13.6s
    ‖ρε - ρref‖ = 0.0003144372346825604 ‖Δρ‖ = 0.0003144814686992908  ‖vε - vref‖ = 0.5362360141014672  α = 2.04e-6
 155   -137.8441804879      -10.94       -2.59    14.1s
    ‖ρε - ρref‖ = 0.0003640359360492113 ‖Δρ‖ = 0.00036405000812083233  ‖vε - vref‖ = 0.5360805597476859  α = 2.85e-6
 156   -137.8441804879      -11.05       -2.59    14.4s
    ‖ρε - ρref‖ = 0.0003717638393875994 ‖Δρ‖ = 0.00037175884015162083  ‖vε - vref‖ = 0.5359882409714226  α = 2.6e-6
 157   -137.8441804879      -10.98       -2.79    15.0s
    ‖ρε - ρref‖ = 0.00022494223852570204 ‖Δρ‖ = 0.0002248999231829634  ‖vε - vref‖ = 0.5358863762128302  α = 4.63e-6
 158   -137.8441804879      -11.35       -2.64    14.6s
    ‖ρε - ρref‖ = 0.0003792102847366184 ‖Δρ‖ = 0.00037944127261204644  ‖vε - vref‖ = 0.5358714286961891  α = 1.74e-6
 159   -137.8441804879      -11.53       -2.17    13.4s
    ‖ρε - ρref‖ = 0.0013276661799973462 ‖Δρ‖ = 0.0013274104148806151  ‖vε - vref‖ = 0.5358127088294642  α = 4.01e-7
 160   -137.8441804879      -11.14       -2.68    14.0s
    ‖ρε - ρref‖ = 0.00031720183931360297 ‖Δρ‖ = 0.00031722383006090396  ‖vε - vref‖ = 0.5357630833118641  α = 2.72e-6
 161   -137.8441804879      -11.09       -2.13    14.3s
    ‖ρε - ρref‖ = 0.001068984226088272 ‖Δρ‖ = 0.001068949246638564  ‖vε - vref‖ = 0.5356975323093237  α = 8.7e-7
 162   -137.8441804879      -11.18       -2.39    13.9s
    ‖ρε - ρref‖ = 0.0006276780729772115 ‖Δρ‖ = 0.0006277044450507582  ‖vε - vref‖ = 0.5356100126500017  α = 1.24e-6
 163   -137.8441804879      -11.50       -2.87    14.0s
    ‖ρε - ρref‖ = 0.0003066284237166061 ‖Δρ‖ = 0.00030665050106065244  ‖vε - vref‖ = 0.5355813988520909  α = 1.8e-6
 164   -137.8441804879      -10.97       -2.10    13.3s
    ‖ρε - ρref‖ = 0.0010745089390003276 ‖Δρ‖ = 0.0010745176622988526  ‖vε - vref‖ = 0.5354982218280395  α = 9.88e-7
 165   -137.8441804879      -11.38       -2.45    14.1s
    ‖ρε - ρref‖ = 0.0006445479516293827 ‖Δρ‖ = 0.0006445486445060467  ‖vε - vref‖ = 0.5354614192751241  α = 1.01e-6
 166   -137.8441804879      -11.18       -2.50    13.8s
    ‖ρε - ρref‖ = 0.0005463232236512639 ‖Δρ‖ = 0.0005463128658435964  ‖vε - vref‖ = 0.5354225045896222  α = 1.51e-6
 167   -137.8441804879      -10.95       -2.69    15.1s
    ‖ρε - ρref‖ = 0.0002802500800106853 ‖Δρ‖ = 0.00028027265223182083  ‖vε - vref‖ = 0.5353496185376013  α = 3.81e-6
 168   -137.8441804880      -11.12       -2.89    14.4s
    ‖ρε - ρref‖ = 0.0002306261296563548 ‖Δρ‖ = 0.00023063934130279076  ‖vε - vref‖ = 0.5353534481248935  α = 3.51e-6
 169   -137.8441804880      -10.90       -2.42    14.2s
    ‖ρε - ρref‖ = 0.0005487272454464173 ‖Δρ‖ = 0.0005486934200068421  ‖vε - vref‖ = 0.5352523742404507  α = 2.03e-6
 170   -137.8441804880      -10.83       -2.70    13.7s
    ‖ρε - ρref‖ = 0.00029306823505364826 ‖Δρ‖ = 0.0002931531988072017  ‖vε - vref‖ = 0.5352171659339844  α = 4.09e-6
 171   -137.8441804880      -11.31       -2.40    14.3s
    ‖ρε - ρref‖ = 0.0008281972023964771 ‖Δρ‖ = 0.0008278788950616563  ‖vε - vref‖ = 0.535186821092631  α = 8.28e-7
 172   -137.8441804880      -10.76       -2.05    14.2s
    ‖ρε - ρref‖ = 0.0012035418223246047 ‖Δρ‖ = 0.0012036796523258993  ‖vε - vref‖ = 0.5350621522406833  α = 1.14e-6
 173   -137.8441804880      -10.90       -2.46    14.1s
    ‖ρε - ρref‖ = 0.0005353719467850838 ‖Δρ‖ = 0.0005353469583870333  ‖vε - vref‖ = 0.5349730043794352  α = 2.15e-6
 174   -137.8441804880      -10.95       -1.98    14.0s
    ‖ρε - ρref‖ = 0.0015718026227691823 ‖Δρ‖ = 0.0015718131556299898  ‖vε - vref‖ = 0.5349228030447561  α = 6.87e-7
 175   -137.8441804880      -11.31       -2.66    13.6s
    ‖ρε - ρref‖ = 0.0003663307334498124 ‖Δρ‖ = 0.00036636809247723626  ‖vε - vref‖ = 0.5348806172702802  α = 1.96e-6
 176   -137.8441804880      -11.54       -2.22    14.9s
    ‖ρε - ρref‖ = 0.0013194657162590578 ‖Δρ‖ = 0.0013194711477938048  ‖vε - vref‖ = 0.5348708688898276  α = 3.73e-7
 177   -137.8441804880      -10.83       -2.75    13.7s
    ‖ρε - ρref‖ = 0.00024219537281764924 ‖Δρ‖ = 0.0002421908114586152  ‖vε - vref‖ = 0.5348388852759858  α = 5.16e-6
 178   -137.8441804881      -11.12       -2.20    15.0s
    ‖ρε - ρref‖ = 0.0010462677741387013 ‖Δρ‖ = 0.0010462745783905271  ‖vε - vref‖ = 0.5348126908726671  α = 8.45e-7
 179   -137.8441804881      -10.96       -2.42    15.0s
    ‖ρε - ρref‖ = 0.0006035288474133975 ‖Δρ‖ = 0.0006035543766492493  ‖vε - vref‖ = 0.5347622058785801  α = 1.72e-6
 180   -137.8441804881      -10.97       -2.72    14.3s
    ‖ρε - ρref‖ = 0.00033007848313022716 ‖Δρ‖ = 0.00033005341909733  ‖vε - vref‖ = 0.5347224776370609  α = 3.1e-6
 181   -137.8441804881      -10.74       -2.50    14.7s
    ‖ρε - ρref‖ = 0.0004416218772391742 ‖Δρ‖ = 0.00044164357657889945  ‖vε - vref‖ = 0.5346390664423428  α = 3.06e-6
 182   -137.8441804881      -10.78       -2.53    13.9s
    ‖ρε - ρref‖ = 0.00040308835947393154 ‖Δρ‖ = 0.00040308939145039974  ‖vε - vref‖ = 0.5345989676904317  α = 3.19e-6
 183   -137.8441804881      -11.06       -2.51    14.6s
    ‖ρε - ρref‖ = 0.0005623480034383908 ‖Δρ‖ = 0.0005623492040573292  ‖vε - vref‖ = 0.5345776853531031  α = 1.55e-6
 184   -137.8441804881      -11.08       -2.47    14.8s
    ‖ρε - ρref‖ = 0.0005769902646342519 ‖Δρ‖ = 0.0005767630656762389  ‖vε - vref‖ = 0.5345250457034312  α = 1.52e-6
 185   -137.8441804881      -11.18       -2.00    15.1s
    ‖ρε - ρref‖ = 0.0019128335000876094 ‖Δρ‖ = 0.0019131139228263877  ‖vε - vref‖ = 0.534547787785207  α = 4.32e-7
 186   -137.8441804881      -10.81       -2.58    15.0s
    ‖ρε - ρref‖ = 0.0003546113500627755 ‖Δρ‖ = 0.00035462368666612395  ‖vε - vref‖ = 0.5344741275837283  α = 3.5e-6
 187   -137.8441804882      -10.96       -2.51    13.5s
    ‖ρε - ρref‖ = 0.000487490660118275 ‖Δρ‖ = 0.00048749877383780894  ‖vε - vref‖ = 0.5344597669755334  α = 2.23e-6
 188   -137.8441804882      -10.83       -1.96    13.5s
    ‖ρε - ρref‖ = 0.0016520128092815424 ‖Δρ‖ = 0.00165204576415842  ‖vε - vref‖ = 0.5344181049177066  α = 7.13e-7
 189   -137.8441804882      -11.39       -2.08    13.3s
    ‖ρε - ρref‖ = 0.001730744730146528 ‖Δρ‖ = 0.0017307289507386984  ‖vε - vref‖ = 0.5344189026720729  α = 3.67e-7
 190   -137.8441804882      -10.83       -2.55    13.2s
    ‖ρε - ρref‖ = 0.00038997736061735 ‖Δρ‖ = 0.0003899715290063065  ‖vε - vref‖ = 0.5343794089227397  α = 3.19e-6
 191   -137.8441804882      -10.91       -2.56    14.6s
    ‖ρε - ρref‖ = 0.00039421554545482796 ‖Δρ‖ = 0.00039420613696039645  ‖vε - vref‖ = 0.5343656048393961  α = 2.95e-6
 192   -137.8441804882      -11.02       -2.18    13.7s
    ‖ρε - ρref‖ = 0.0011740516283447603 ‖Δρ‖ = 0.0011740589153712924  ‖vε - vref‖ = 0.5343532555394729  α = 8.52e-7
 193   -137.8441804882      -10.68       -2.51    14.9s
    ‖ρε - ρref‖ = 0.0004280449788145831 ‖Δρ‖ = 0.0004280816883783481  ‖vε - vref‖ = 0.5343206705914857  α = 3.39e-6
 194   -137.8441804882      -11.09       -2.60    14.6s
    ‖ρε - ρref‖ = 0.00046293254021103134 ‖Δρ‖ = 0.00046291559476067094  ‖vε - vref‖ = 0.5343197391003582  α = 1.89e-6
 195   -137.8441804883      -10.68       -2.58    14.4s
    ‖ρε - ρref‖ = 0.000310388468521082 ‖Δρ‖ = 0.0003103928024536785  ‖vε - vref‖ = 0.5343341535995713  α = 4.75e-6
 196   -137.8441804883      -11.21       -2.60    14.2s
    ‖ρε - ρref‖ = 0.0005713227411648026 ‖Δρ‖ = 0.0005716130437331477  ‖vε - vref‖ = 0.5343768443506323  α = 1.3e-6
 197   -137.8441804883      -11.05       -2.12    14.7s
    ‖ρε - ρref‖ = 0.0014079351163459011 ‖Δρ‖ = 0.001407716738219055  ‖vε - vref‖ = 0.5343912132359552  α = 5.74e-7
 198   -137.8441804883      -10.73       -2.33    13.3s
    ‖ρε - ρref‖ = 0.0006838099177884745 ‖Δρ‖ = 0.0006838451196359404  ‖vε - vref‖ = 0.5343602181843641  α = 1.97e-6
 199   -137.8441804883      -10.66       -2.34    14.0s
    ‖ρε - ρref‖ = 0.0006600440455629306 ‖Δρ‖ = 0.0006600710612919189  ‖vε - vref‖ = 0.5343336304127265  α = 2.2e-6
 200   -137.8441804883      -11.27       -2.14    13.5s
    ‖ρε - ρref‖ = 0.0015484054829921511 ‖Δρ‖ = 0.0015483997826958877  ‖vε - vref‖ = 0.534361330969638  α = 4.78e-7
 201   -137.8441804883      -10.89       -2.24    14.7s
    ‖ρε - ρref‖ = 0.0009314100920291923 ‖Δρ‖ = 0.0009314163106961215  ‖vε - vref‖ = 0.5343486278416083  α = 1.22e-6
 202   -137.8441804883      -11.04       -2.00    13.9s
    ‖ρε - ρref‖ = 0.0016666568213152754 ‖Δρ‖ = 0.0016666523862949557  ‖vε - vref‖ = 0.5343675299779436  α = 6.06e-7
 203   -137.8441804884      -10.59       -2.65    13.9s
    ‖ρε - ρref‖ = 0.00029462215123786595 ‖Δρ‖ = 0.00029465927879539623  ‖vε - vref‖ = 0.534423869554489  α = 5.58e-6
 204   -137.8441804884      -10.85       -2.48    13.1s
    ‖ρε - ρref‖ = 0.0005495624534198112 ‖Δρ‖ = 0.0005496046875728253  ‖vε - vref‖ = 0.5344434705220065  α = 2.22e-6
 205   -137.8441804884      -10.98       -2.13    14.7s
    ‖ρε - ρref‖ = 0.0012185540759642717 ‖Δρ‖ = 0.0012185904474716178  ‖vε - vref‖ = 0.5344625825643147  α = 8.62e-7
 206   -137.8441804884      -10.74       -2.43    15.0s
    ‖ρε - ρref‖ = 0.0005115199485589065 ‖Δρ‖ = 0.0005115318733848438  ‖vε - vref‖ = 0.5345014048022045  α = 2.72e-6
 207   -137.8441804884      -10.70       -2.71    15.0s
    ‖ρε - ρref‖ = 0.00028514195746176383 ‖Δρ‖ = 0.0002851540063640764  ‖vε - vref‖ = 0.534556342590264  α = 4.99e-6
 208   -137.8441804884      -11.21       -2.47    13.1s
    ‖ρε - ρref‖ = 0.0006934834287697607 ‖Δρ‖ = 0.0006931612710349022  ‖vε - vref‖ = 0.5345567410630964  α = 1.04e-6
 209   -137.8441804885      -11.05       -1.99    13.7s
    ‖ρε - ρref‖ = 0.001755590384289396 ‖Δρ‖ = 0.0017557771022589153  ‖vε - vref‖ = 0.5346435548273335  α = 6.06e-7
 210   -137.8441804885      -10.90       -2.53    15.0s
    ‖ρε - ρref‖ = 0.00047232529538530893 ‖Δρ‖ = 0.0004723407128826647  ‖vε - vref‖ = 0.5346693355910571  α = 2.21e-6
 211   -137.8441804885      -10.86       -2.60    14.5s
    ‖ρε - ρref‖ = 0.000427529200557076 ‖Δρ‖ = 0.00042755638804448733  ‖vε - vref‖ = 0.5348048835164836  α = 2.8e-6
 212   -137.8441804885      -11.15       -1.98    14.2s
    ‖ρε - ρref‖ = 0.002149866480954927 ‖Δρ‖ = 0.0021499370488870886  ‖vε - vref‖ = 0.5348149916714676  α = 3.71e-7
 213   -137.8441804885      -10.82       -2.38    14.9s
    ‖ρε - ρref‖ = 0.0006614238812298104 ‖Δρ‖ = 0.0006614407654751661  ‖vε - vref‖ = 0.5349333707238753  α = 1.95e-6
 214   -137.8441804885      -10.73       -1.90    13.9s
    ‖ρε - ρref‖ = 0.0018640326647700112 ‖Δρ‖ = 0.0018641137182994474  ‖vε - vref‖ = 0.5350598898229499  α = 8.35e-7
 215   -137.8441804885      -10.94       -2.58    15.0s
    ‖ρε - ρref‖ = 0.000434446554554125 ‖Δρ‖ = 0.00043447995574930184  ‖vε - vref‖ = 0.5351786259511397  α = 2.5e-6
 216   -137.8441804885      -10.82       -2.45    14.9s
    ‖ρε - ρref‖ = 0.000570795212579981 ‖Δρ‖ = 0.0005707871714370943  ‖vε - vref‖ = 0.5353346361487206  α = 2.08e-6
 217   -137.8441804886      -10.74       -2.34    15.0s
    ‖ρε - ρref‖ = 0.0006967024708752033 ‖Δρ‖ = 0.0006967274192858424  ‖vε - vref‖ = 0.5353681949203247  α = 1.92e-6
 218   -137.8441804886      -10.97       -2.17    13.9s
    ‖ρε - ρref‖ = 0.0012732877008972219 ‖Δρ‖ = 0.001273330875733088  ‖vε - vref‖ = 0.5354351116097715  α = 7.6e-7
 219   -137.8441804886      -10.73       -2.55    14.5s
    ‖ρε - ρref‖ = 0.0003729671512951785 ‖Δρ‖ = 0.0003729217161477774  ‖vε - vref‖ = 0.5355546374423878  α = 3.5e-6
 220   -137.8441804886      -11.30       -2.34    14.2s
    ‖ρε - ρref‖ = 0.0010275883505412216 ‖Δρ‖ = 0.0010279084117960173  ‖vε - vref‖ = 0.5355910911506945  α = 6.89e-7
 221   -137.8441804886      -10.78       -2.16    15.0s
    ‖ρε - ρref‖ = 0.0010451949524949752 ‖Δρ‖ = 0.0010450829766144101  ‖vε - vref‖ = 0.5356992212042357  α = 1.16e-6
 222   -137.8441804886      -10.78       -2.66    15.0s
    ‖ρε - ρref‖ = 0.00036999872416434277 ‖Δρ‖ = 0.00037000933251943237  ‖vε - vref‖ = 0.5358314930345286  α = 3.47e-6
 223   -137.8441804886      -11.04       -2.27    14.9s
    ‖ρε - ρref‖ = 0.001020349817092042 ‖Δρ‖ = 0.0010204307237735076  ‖vε - vref‖ = 0.5359045130637955  α = 8.73e-7
 224   -137.8441804887      -10.81       -1.94    14.3s
    ‖ρε - ρref‖ = 0.0018912276438467056 ‖Δρ‖ = 0.0018913487585635518  ‖vε - vref‖ = 0.5360560626882546  α = 7.31e-7
 225   -137.8441804887      -10.80       -2.32    14.0s
    ‖ρε - ρref‖ = 0.0007828842121322627 ‖Δρ‖ = 0.0007829352600044763  ‖vε - vref‖ = 0.5361422846712476  α = 1.67e-6
 226   -137.8441804887      -10.67       -1.97    13.9s
    ‖ρε - ρref‖ = 0.0018364876603359844 ‖Δρ‖ = 0.0018365539034086499  ‖vε - vref‖ = 0.5363673247622236  α = 1.04e-6
 227   -137.8441804887      -10.65       -2.43    13.9s
    ‖ρε - ρref‖ = 0.0005459464991034737 ‖Δρ‖ = 0.0005459612593542126  ‖vε - vref‖ = 0.536512458781319  α = 2.77e-6
 228   -137.8441804887      -10.71       -2.38    13.0s
    ‖ρε - ρref‖ = 0.0006149941235868541 ‖Δρ‖ = 0.000615043693179369  ‖vε - vref‖ = 0.5366443988664822  α = 2.13e-6
 229   -137.8441804887      -10.95       -2.15    14.1s
    ‖ρε - ρref‖ = 0.0011289898185657503 ‖Δρ‖ = 0.0011290046770928825  ‖vε - vref‖ = 0.5366571018957641  α = 9.49e-7
 230   -137.8441804888      -11.11       -2.40    13.9s
    ‖ρε - ρref‖ = 0.000740742711350385 ‖Δρ‖ = 0.0007407085470812776  ‖vε - vref‖ = 0.5367457427561746  α = 1.11e-6
 231   -137.8441804888      -10.70       -2.46    15.1s
    ‖ρε - ρref‖ = 0.0004668894665491367 ‖Δρ‖ = 0.0004669641728310605  ‖vε - vref‖ = 0.5368792898670924  α = 3.11e-6
 232   -137.8441804888      -11.56       -2.28    14.3s
    ‖ρε - ρref‖ = 0.00126066190568169 ‖Δρ‖ = 0.0012603220230191343  ‖vε - vref‖ = 0.536885777375117  α = 3.93e-7
 233   -137.8441804888      -10.85       -2.41    14.8s
    ‖ρε - ρref‖ = 0.0005595317473433044 ‖Δρ‖ = 0.0005596188433213896  ‖vε - vref‖ = 0.5370142245676627  α = 2.24e-6
 234   -137.8441804888      -10.53       -2.55    12.7s
    ‖ρε - ρref‖ = 0.0003628382293639055 ‖Δρ‖ = 0.00036290503416339543  ‖vε - vref‖ = 0.537336098906853  α = 4.74e-6
 235   -137.8441804888      -11.09       -1.82    14.5s
    ‖ρε - ρref‖ = 0.003203500689367154 ‖Δρ‖ = 0.00320357426318585  ‖vε - vref‖ = 0.5375215282191529  α = 3.74e-7
 236   -137.8441804888      -10.76       -2.40    14.3s
    ‖ρε - ρref‖ = 0.0006629389876531966 ‖Δρ‖ = 0.0006629880836473677  ‖vε - vref‖ = 0.5376937043211636  α = 1.97e-6
 237   -137.8441804889      -11.12       -2.14    15.2s
    ‖ρε - ρref‖ = 0.0012363731642363893 ‖Δρ‖ = 0.0012364134050483716  ‖vε - vref‖ = 0.5377739944997553  α = 7.32e-7
 238   -137.8441804889      -10.96       -2.42    15.1s
    ‖ρε - ρref‖ = 0.0006378243447882913 ‖Δρ‖ = 0.0006378705931331254  ‖vε - vref‖ = 0.537876692235109  α = 1.55e-6
 239   -137.8441804889      -10.73       -2.48    13.8s
    ‖ρε - ρref‖ = 0.00048551356562171437 ‖Δρ‖ = 0.00048550893831127693  ‖vε - vref‖ = 0.5380542943554738  α = 2.93e-6
 240   -137.8441804889      -10.89       -2.39    13.6s
    ‖ρε - ρref‖ = 0.0006572100983552743 ‖Δρ‖ = 0.0006572019525294396  ‖vε - vref‖ = 0.5381823391271241  α = 1.78e-6
 241   -137.8441804889      -10.94       -2.18    15.1s
    ‖ρε - ρref‖ = 0.0010864275268686315 ‖Δρ‖ = 0.0010864587349669237  ‖vε - vref‖ = 0.538288312555237  α = 1.01e-6
 242   -137.8441804889      -10.83       -2.45    14.4s
    ‖ρε - ρref‖ = 0.0006292842960668545 ‖Δρ‖ = 0.0006293895271797264  ‖vε - vref‖ = 0.538470015283842  α = 1.88e-6
 243   -137.8441804889      -10.91       -2.30    13.7s
    ‖ρε - ρref‖ = 0.0008309355514608042 ‖Δρ‖ = 0.0008307399481360269  ‖vε - vref‖ = 0.5385484506178003  α = 1.17e-6
 244   -137.8441804889      -11.15       -1.96    14.0s
    ‖ρε - ρref‖ = 0.002550497093037053 ‖Δρ‖ = 0.002550771875254123  ‖vε - vref‖ = 0.5387012539158605  α = 4.2e-7
 245   -137.8441804890      -10.63       -2.57    15.1s
    ‖ρε - ρref‖ = 0.0003737685340558473 ‖Δρ‖ = 0.00037379856089695556  ‖vε - vref‖ = 0.5389323558918344  α = 3.95e-6
 246   -137.8441804890      -10.76       -2.54    14.4s
    ‖ρε - ρref‖ = 0.000462737033452216 ‖Δρ‖ = 0.0004627680314698058  ‖vε - vref‖ = 0.5391115112236933  α = 2.94e-6
 247   -137.8441804890      -10.97       -1.85    14.1s
    ‖ρε - ρref‖ = 0.0026275981129580683 ‖Δρ‖ = 0.0026276949682719616  ‖vε - vref‖ = 0.5390361966854392  α = 3.58e-7
 248   -137.8441804890      -10.44       -2.47    13.8s
    ‖ρε - ρref‖ = 0.00048758662996364085 ‖Δρ‖ = 0.00048760593177858854  ‖vε - vref‖ = 0.5392619291035717  α = 4.11e-6
 249   -137.8441804890      -10.90       -1.89    13.9s
    ‖ρε - ρref‖ = 0.002190270847078063 ‖Δρ‖ = 0.00219033386978377  ‖vε - vref‖ = 0.5393280113390637  α = 5.78e-7
 250   -137.8441804891      -10.60       -2.34    14.6s
    ‖ρε - ρref‖ = 0.0006311550743114821 ‖Δρ‖ = 0.0006311923562471596  ‖vε - vref‖ = 0.5394569874669265  α = 2.66e-6
 251   -137.8441804891      -10.76       -2.51    15.0s
    ‖ρε - ρref‖ = 0.0005366611929593661 ‖Δρ‖ = 0.0005366970873362806  ‖vε - vref‖ = 0.5395354970100542  α = 2.35e-6
 252   -137.8441804891      -10.90       -2.29    13.6s
    ‖ρε - ρref‖ = 0.0008697124522296309 ‖Δρ‖ = 0.0008697446134215345  ‖vε - vref‖ = 0.5395282297204511  α = 1.32e-6
 253   -137.8441804891      -10.69       -2.26    14.9s
    ‖ρε - ρref‖ = 0.0009522424381076391 ‖Δρ‖ = 0.0009523061862406897  ‖vε - vref‖ = 0.5397075443380291  α = 1.56e-6
 254   -137.8441804891      -10.56       -2.19    14.8s
    ‖ρε - ρref‖ = 0.0009481044617547371 ‖Δρ‖ = 0.0009480486275678109  ‖vε - vref‖ = 0.5398183552722131  α = 1.6e-6
 255   -137.8441804892      -11.07       -2.04    14.0s
    ‖ρε - ρref‖ = 0.002289100821983176 ‖Δρ‖ = 0.0022894332049274145  ‖vε - vref‖ = 0.5398614038368487  α = 4.97e-7
 256   -137.8441804892      -10.81       -2.20    14.5s
    ‖ρε - ρref‖ = 0.001082160361624837 ‖Δρ‖ = 0.0010821137657060112  ‖vε - vref‖ = 0.5398476664460692  α = 9.58e-7
 257   -137.8441804892      -10.65       -2.38    14.3s
    ‖ρε - ρref‖ = 0.0006081732641740107 ‖Δρ‖ = 0.0006081764441598851  ‖vε - vref‖ = 0.5399735836514633  α = 2.68e-6
 258   -137.8441804892      -11.16       -2.43    14.5s
    ‖ρε - ρref‖ = 0.0008852762122247752 ‖Δρ‖ = 0.0008853342337968499  ‖vε - vref‖ = 0.5399537316792139  α = 8.51e-7
 259   -137.8441804892      -10.70       -2.03    14.0s
    ‖ρε - ρref‖ = 0.0015376919093556152 ‖Δρ‖ = 0.0015378126936642807  ‖vε - vref‖ = 0.5401499936380747  α = 1.02e-6
 260   -137.8441804892      -10.65       -2.53    13.7s
    ‖ρε - ρref‖ = 0.00044700222555892066 ‖Δρ‖ = 0.0004470138601675492  ‖vε - vref‖ = 0.5402861382298718  α = 3.53e-6
 261   -137.8441804893      -10.93       -1.90    13.5s
    ‖ρε - ρref‖ = 0.0021048938731434274 ‖Δρ‖ = 0.002104938367200881  ‖vε - vref‖ = 0.540348733985991  α = 5.99e-7
 262   -137.8441804893      -10.66       -2.55    13.1s
    ‖ρε - ρref‖ = 0.0003812244707987382 ‖Δρ‖ = 0.0003812636842347228  ‖vε - vref‖ = 0.5405480364852124  α = 3.95e-6
 263   -137.8441804893      -10.77       -2.47    14.3s
    ‖ρε - ρref‖ = 0.0005167369398469966 ‖Δρ‖ = 0.0005167890830973444  ‖vε - vref‖ = 0.5406039090146675  α = 2.46e-6
 264   -137.8441804893      -10.94       -2.17    13.8s
    ‖ρε - ρref‖ = 0.0011357862136339271 ‖Δρ‖ = 0.001135841673302021  ‖vε - vref‖ = 0.5406507612251314  α = 9.63e-7
 265   -137.8441804893      -10.70       -2.31    15.0s
    ‖ρε - ρref‖ = 0.0007088783539990137 ‖Δρ‖ = 0.0007088350372489034  ‖vε - vref‖ = 0.5407653506787234  α = 1.86e-6
 266   -137.8441804893      -10.95       -2.18    13.3s
    ‖ρε - ρref‖ = 0.0012782307921519514 ‖Δρ‖ = 0.0012784794619514566  ‖vε - vref‖ = 0.540882711105295  α = 9.82e-7
 267   -137.8441804893      -11.05       -2.02    13.8s
    ‖ρε - ρref‖ = 0.0019167096063631248 ‖Δρ‖ = 0.00191649028989402  ‖vε - vref‖ = 0.5408604598828306  α = 4.09e-7
 268   -137.8441804894      -10.52       -2.48    13.2s
    ‖ρε - ρref‖ = 0.0004282708224485989 ‖Δρ‖ = 0.0004282874462259153  ‖vε - vref‖ = 0.5410106358395476  α = 4.31e-6
 269   -137.8441804894      -10.86       -2.41    13.6s
    ‖ρε - ρref‖ = 0.0007043342468213552 ‖Δρ‖ = 0.000704413928041736  ‖vε - vref‖ = 0.5410052600287049  α = 1.45e-6
 270   -137.8441804894      -11.02       -1.94    14.0s
    ‖ρε - ρref‖ = 0.002450585252823959 ‖Δρ‖ = 0.0024506519718546947  ‖vε - vref‖ = 0.5410927089934745  α = 4.56e-7
 271   -137.8441804894      -10.69       -2.38    14.6s
    ‖ρε - ρref‖ = 0.0006903180475039366 ‖Δρ‖ = 0.0006903418933517964  ‖vε - vref‖ = 0.5412231600936392  α = 2.09e-6
 272   -137.8441804894      -10.73       -2.41    13.4s
    ‖ρε - ρref‖ = 0.0006152439942287815 ‖Δρ‖ = 0.0006152969880896883  ‖vε - vref‖ = 0.5412965145340457  α = 2.28e-6
 273   -137.8441804894      -10.94       -2.03    14.3s
    ‖ρε - ρref‖ = 0.0016288405585635178 ‖Δρ‖ = 0.0016289115137372726  ‖vε - vref‖ = 0.5413218867654084  α = 6.98e-7
 274   -137.8441804895      -10.66       -2.39    14.5s
    ‖ρε - ρref‖ = 0.0005998425720012281 ‖Δρ‖ = 0.0005998779552965087  ‖vε - vref‖ = 0.5413088146756756  α = 2.54e-6
 275   -137.8441804895      -10.87       -2.69    13.9s
    ‖ρε - ρref‖ = 0.0003463045678575506 ‖Δρ‖ = 0.00034633819312297325  ‖vε - vref‖ = 0.5413664347974073  α = 3.33e-6
 276   -137.8441804895      -11.01       -2.23    13.0s
    ‖ρε - ρref‖ = 0.0010394646866326398 ‖Δρ‖ = 0.001039454045097966  ‖vε - vref‖ = 0.541407398899815  α = 9.48e-7
 277   -137.8441804895      -10.43       -2.35    15.0s
    ‖ρε - ρref‖ = 0.0005697267663903937 ‖Δρ‖ = 0.0005698092984331295  ‖vε - vref‖ = 0.5414496457152104  α = 3.67e-6
 278   -137.8441804895      -11.24       -2.11    15.1s
    ‖ρε - ρref‖ = 0.0019066009098148754 ‖Δρ‖ = 0.0019062546638902351  ‖vε - vref‖ = 0.541395578343417  α = 3.44e-7
 279   -137.8441804896      -10.63       -2.30    13.8s
    ‖ρε - ρref‖ = 0.0007225542576813795 ‖Δρ‖ = 0.0007226390516123407  ‖vε - vref‖ = 0.5415081047541865  α = 2.31e-6
 280   -137.8441804896      -10.94       -2.52    14.0s
    ‖ρε - ρref‖ = 0.0005450697666588437 ‖Δρ‖ = 0.0005451525728961764  ‖vε - vref‖ = 0.5415297161460749  α = 1.66e-6
 281   -137.8441804896      -11.22       -2.29    14.4s
    ‖ρε - ρref‖ = 0.0011768279007261 ‖Δρ‖ = 0.0011768502388074488  ‖vε - vref‖ = 0.5415726921765642  α = 6.76e-7
 282   -137.8441804896      -10.96       -2.19    14.4s
    ‖ρε - ρref‖ = 0.0012227567109040999 ‖Δρ‖ = 0.0012228143455245493  ‖vε - vref‖ = 0.5416072161165861  α = 8.26e-7
 283   -137.8441804896      -10.58       -2.47    13.2s
    ‖ρε - ρref‖ = 0.00046178667646809145 ‖Δρ‖ = 0.00046183932488292034  ‖vε - vref‖ = 0.5417080488098457  α = 3.76e-6
 284   -137.8441804896      -11.22       -2.35    13.7s
    ‖ρε - ρref‖ = 0.0008557642953514602 ‖Δρ‖ = 0.0008557934688564432  ‖vε - vref‖ = 0.5417154450900459  α = 9.42e-7
 285   -137.8441804896      -10.62       -2.32    14.1s
    ‖ρε - ρref‖ = 0.000661033041826636 ‖Δρ‖ = 0.000661085433152372  ‖vε - vref‖ = 0.5417623543770389  α = 2.32e-6
 286   -137.8441804897      -10.51       -2.46    13.3s
    ‖ρε - ρref‖ = 0.0005134459812155966 ‖Δρ‖ = 0.0005134577496046875  ‖vε - vref‖ = 0.5418769496231918  α = 3.6e-6
 287   -137.8441804897      -10.78       -2.26    14.5s
    ‖ρε - ρref‖ = 0.0009370680628196207 ‖Δρ‖ = 0.0009370757122999661  ‖vε - vref‖ = 0.5418888123832105  α = 1.4e-6
 288   -137.8441804897      -10.68       -2.06    14.9s
    ‖ρε - ρref‖ = 0.001459965094009619 ‖Δρ‖ = 0.0014600799397973116  ‖vε - vref‖ = 0.5420420123072647  α = 1.18e-6
 289   -137.8441804897      -11.15       -2.41    15.1s
    ‖ρε - ρref‖ = 0.0008476971064452799 ‖Δρ‖ = 0.0008473917244637632  ‖vε - vref‖ = 0.542030239634239  α = 8.91e-7
 290   -137.8441804897      -10.94       -2.02    15.0s
    ‖ρε - ρref‖ = 0.001927993192781174 ‖Δρ‖ = 0.0019281878020108796  ‖vε - vref‖ = 0.5421856694070486  α = 7.65e-7
 291   -137.8441804898      -10.63       -2.34    13.6s
    ‖ρε - ρref‖ = 0.0005980340954556783 ‖Δρ‖ = 0.0005981152193058164  ‖vε - vref‖ = 0.5422582873699363  α = 2.46e-6
 292   -137.8441804898      -11.30       -2.43    13.8s
    ‖ρε - ρref‖ = 0.0008272260339529929 ‖Δρ‖ = 0.0008272257463173839  ‖vε - vref‖ = 0.5423194755133033  α = 7.96e-7
 293   -137.8441804898      -10.97       -2.15    14.5s
    ‖ρε - ρref‖ = 0.0011808856959079031 ‖Δρ‖ = 0.0011809549103782462  ‖vε - vref‖ = 0.5423739271398796  α = 8.13e-7
 294   -137.8441804898      -10.81       -2.30    13.6s
    ‖ρε - ρref‖ = 0.000726985874301251 ‖Δρ‖ = 0.0007270553190268802  ‖vε - vref‖ = 0.5424203461661062  α = 1.65e-6
 295   -137.8441804898      -10.83       -2.49    13.9s
    ‖ρε - ρref‖ = 0.0005118177501021112 ‖Δρ‖ = 0.0005118334977696654  ‖vε - vref‖ = 0.542525139790503  α = 2.41e-6
 296   -137.8441804898      -11.08       -2.08    14.7s
    ‖ρε - ρref‖ = 0.0014073351415388462 ‖Δρ‖ = 0.0014073574758292806  ‖vε - vref‖ = 0.5426289666441064  α = 6.91e-7
 297   -137.8441804898      -10.74       -2.39    14.0s
    ‖ρε - ρref‖ = 0.0005651266055979916 ‖Δρ‖ = 0.000565145418985858  ‖vε - vref‖ = 0.5427044891522856  α = 2.46e-6
 298   -137.8441804898      -10.72       -2.61    15.1s
    ‖ρε - ρref‖ = 0.0003441647842416454 ‖Δρ‖ = 0.0003441842469426477  ‖vε - vref‖ = 0.5428546914377208  α = 4.02e-6
 299   -137.8441804899      -11.10       -2.23    14.6s
    ‖ρε - ρref‖ = 0.0010681079495426802 ‖Δρ‖ = 0.0010681813422442786  ‖vε - vref‖ = 0.5429445476087371  α = 8.89e-7
 300   -137.8441804899      -10.88       -2.34    13.7s
    ‖ρε - ρref‖ = 0.000715256686240651 ‖Δρ‖ = 0.0007150686132064299  ‖vε - vref‖ = 0.5430527287908308  α = 1.52e-6
Trying again with Newton's method ...
n     Energy            log10(ΔE)   log10(Δρ)   Δtime 
---   ---------------   ---------   ---------   ------
  1   -137.8441804905                   -7.05    1218s
    ‖ρε - ρref‖ = 3.9496159821623365e-7 ‖Δρ‖ = 8.315401507916619e-9  ‖vε - vref‖ = 0.5245759227524754
  2   -137.8441804907       -9.72       -7.32    1219s
    ‖ρε - ρref‖ = 3.9485488048862026e-7 ‖Δρ‖ = 4.510106785754069e-9  ‖vε - vref‖ = 0.5199399440408701
    Stopping to avoid numerical instabilities.

#-- ‖ρε - ρref‖ = 3.9485488048862026e-7 vs. 5.623413251903491e-10 = δ*ε ‖vε - vref‖ = 0.5199399440408701


# --- ε=3.162277660168379e-8

n     Energy            log10(ΔE)   log10(Δρ)   Δtime 
---   ---------------   ---------   ---------   ------
  1   -137.8441795439                    0.58    20.3s
    ‖ρε - ρref‖ = 1.3082499643859966 ‖Δρ‖ = 1.308249826867017  ‖vε - vref‖ = 3.7395993909754432  α = 1.69e-7
  2   -137.8441795743       -7.52       -0.37    13.5s
    ‖ρε - ρref‖ = 0.09637418881121988 ‖Δρ‖ = 0.09637414124527087  ‖vε - vref‖ = 3.5131738768239864  α = 4.12e-7
  3   -137.8441795827       -8.08       -0.31    13.4s
    ‖ρε - ρref‖ = 0.1137318116313776 ‖Δρ‖ = 0.1137317865693583  ‖vε - vref‖ = 3.462569728378382  α = 1.9e-7
  4   -137.8441796005       -7.75       -0.82    12.2s
    ‖ρε - ρref‖ = 0.028396220432619336 ‖Δρ‖ = 0.02839616024540596  ‖vε - vref‖ = 3.2350887582039585  α = 1.1e-6
  5   -137.8441796050       -8.34       -0.89    13.1s
    ‖ρε - ρref‖ = 0.02833735745140396 ‖Δρ‖ = 0.02833732986656025  ‖vε - vref‖ = 3.1587753745632696  α = 5.16e-7
  6   -137.8441796063       -8.90       -1.01    14.0s
    ‖ρε - ρref‖ = 0.01831667165413777 ‖Δρ‖ = 0.018316668774392107  ‖vε - vref‖ = 3.159779737457164  α = 4.61e-7
  7   -137.8441796075       -8.90       -1.06    13.9s
    ‖ρε - ρref‖ = 0.014158453972456053 ‖Δρ‖ = 0.014158450694827521  ‖vε - vref‖ = 3.1676165520820874  α = 5.95e-7
  8   -137.8441796079       -9.42       -1.42    14.0s
    ‖ρε - ρref‖ = 0.007834065047564254 ‖Δρ‖ = 0.007834053002982481  ‖vε - vref‖ = 3.1607831207043113  α = 5.91e-7
  9   -137.8441796084       -9.30       -1.42    14.2s
    ‖ρε - ρref‖ = 0.007692472331574467 ‖Δρ‖ = 0.007692454106780582  ‖vε - vref‖ = 3.147361535014733  α = 6.87e-7
 10   -137.8441796097       -8.91       -1.68    14.2s
    ‖ρε - ρref‖ = 0.0031813966844385397 ‖Δρ‖ = 0.003181381745491661  ‖vε - vref‖ = 3.1331028555779556  α = 2.67e-6
 11   -137.8441796105       -9.07       -1.86    14.2s
    ‖ρε - ρref‖ = 0.001942324208403261 ‖Δρ‖ = 0.0019423201392474948  ‖vε - vref‖ = 3.1370658747845455  α = 3.65e-6
 12   -137.8441797240       -6.94        0.24    13.0s
    ‖ρε - ρref‖ = 0.5250156585353686 ‖Δρ‖ = 0.525015850439834  ‖vε - vref‖ = 0.8669699110480221  α = 1.02e-7
 13   -137.8441797247       -9.16       -1.60    13.3s
    ‖ρε - ρref‖ = 0.0031980992613108283 ‖Δρ‖ = 0.003198075663244608  ‖vε - vref‖ = 0.8354589802809426  α = 2.0e-6
 14   -137.8441797251       -9.45       -1.87    14.6s
    ‖ρε - ρref‖ = 0.0019713310828193007 ‖Δρ‖ = 0.0019713183846981033  ‖vε - vref‖ = 0.8204485290871457  α = 2.31e-6
 15   -137.8441797252       -9.93       -1.62    14.4s
    ‖ρε - ρref‖ = 0.00506953846929869 ‖Δρ‖ = 0.005069527926416586  ‖vε - vref‖ = 0.8157769412409249  α = 4.96e-7
 16   -137.8441797255       -9.58       -1.26    13.7s
    ‖ρε - ρref‖ = 0.008598428580611531 ‖Δρ‖ = 0.00859842627428267  ‖vε - vref‖ = 0.8065482069255694  α = 4.5e-7
 17   -137.8441797259       -9.41       -1.85    13.9s
    ‖ρε - ρref‖ = 0.0019384850312975522 ‖Δρ‖ = 0.0019384786246873834  ‖vε - vref‖ = 0.7901032392041334  α = 2.49e-6
 18   -137.8441797260       -9.96       -1.61    13.6s
    ‖ρε - ρref‖ = 0.0046260015432538736 ‖Δρ‖ = 0.004625987141240057  ‖vε - vref‖ = 0.7855215074704156  α = 5.36e-7
 19   -137.8441797262       -9.73       -1.56    13.8s
    ‖ρε - ρref‖ = 0.004075876606708669 ‖Δρ‖ = 0.004075863459546796  ‖vε - vref‖ = 0.7797030772662025  α = 8.07e-7
 20   -137.8441797263       -9.78       -1.56    13.5s
    ‖ρε - ρref‖ = 0.004392874691319724 ‖Δρ‖ = 0.004392873461830041  ‖vε - vref‖ = 0.7708496823876628  α = 6.67e-7
 21   -137.8441797264       -9.90       -1.67    14.5s
    ‖ρε - ρref‖ = 0.0036470342445944844 ‖Δρ‖ = 0.0036470328842588425  ‖vε - vref‖ = 0.7656208984997703  α = 7.36e-7
 22   -137.8441797267       -9.66       -1.55    15.0s
    ‖ρε - ρref‖ = 0.004132366293062252 ‖Δρ‖ = 0.004132356543413028  ‖vε - vref‖ = 0.7570092806418139  α = 8.54e-7
 23   -137.8441797278       -8.94       -0.67    14.4s
    ‖ρε - ρref‖ = 0.06717861872317579 ‖Δρ‖ = 0.06717882057253115  ‖vε - vref‖ = 0.6934969029099312  α = 1.13e-7
 24   -137.8441797280       -9.81       -1.81    14.6s
    ‖ρε - ρref‖ = 0.0023161412806602375 ‖Δρ‖ = 0.0023161292298792837  ‖vε - vref‖ = 0.6856835305889272  α = 1.26e-6
 25   -137.8441797281       -9.96       -2.21    15.2s
    ‖ρε - ρref‖ = 0.0010294473455609223 ‖Δρ‖ = 0.0010294238475397335  ‖vε - vref‖ = 0.6806553513838002  α = 2.36e-6
 26   -137.8441797283       -9.69       -1.81    14.4s
    ‖ρε - ρref‖ = 0.0021831883407614685 ‖Δρ‖ = 0.002183193645861322  ‖vε - vref‖ = 0.67038730318144  α = 1.56e-6
 27   -137.8441797283      -10.35       -1.90    13.8s
    ‖ρε - ρref‖ = 0.0025754004361213004 ‖Δρ‖ = 0.0025754027114435487  ‖vε - vref‖ = 0.6682627452586299  α = 5.99e-7
 28   -137.8441797284      -10.12       -1.46    15.0s
    ‖ρε - ρref‖ = 0.005783295572723697 ‖Δρ‖ = 0.0057832789342986335  ‖vε - vref‖ = 0.6644205411840682  α = 3.63e-7
 29   -137.8441797285       -9.86       -2.06    15.1s
    ‖ρε - ρref‖ = 0.001192804648471856 ‖Δρ‖ = 0.0011927945888742847  ‖vε - vref‖ = 0.6580963291801317  α = 2.35e-6
 30   -137.8441797287       -9.97       -1.96    14.4s
    ‖ρε - ρref‖ = 0.0014327293510580914 ‖Δρ‖ = 0.0014327273437319355  ‖vε - vref‖ = 0.65196366161132  α = 1.75e-6
 31   -137.8441797287      -10.39       -1.54    14.5s
    ‖ρε - ρref‖ = 0.004983591635683811 ‖Δρ‖ = 0.004983583441325114  ‖vε - vref‖ = 0.6496531448585087  α = 3.1e-7
 32   -137.8441797288      -10.26       -2.13    13.4s
    ‖ρε - ρref‖ = 0.0011337411484991196 ‖Δρ‖ = 0.0011337299788568374  ‖vε - vref‖ = 0.6470111290959082  α = 1.56e-6
 33   -137.8441797288      -10.30       -1.73    14.4s
    ‖ρε - ρref‖ = 0.0030528987115239167 ‖Δρ‖ = 0.0030528955436393175  ‖vε - vref‖ = 0.6444868856731646  α = 5.51e-7
 34   -137.8441797288      -10.38       -1.97    14.5s
    ‖ρε - ρref‖ = 0.0020207146884776996 ‖Δρ‖ = 0.002020795642614781  ‖vε - vref‖ = 0.6426654466204178  α = 7.15e-7
 35   -137.8441797289      -10.48       -1.79    14.4s
    ‖ρε - ρref‖ = 0.0033947268198075485 ‖Δρ‖ = 0.003394557049369941  ‖vε - vref‖ = 0.6406968771943093  α = 3.99e-7
 36   -137.8441797289      -10.16       -1.67    14.5s
    ‖ρε - ρref‖ = 0.003726070698967634 ‖Δρ‖ = 0.003726133381594741  ‖vε - vref‖ = 0.637045132814261  α = 4.98e-7
 37   -137.8441797290      -10.19       -2.04    14.3s
    ‖ρε - ρref‖ = 0.0014358356879744115 ‖Δρ‖ = 0.0014358231030119032  ‖vε - vref‖ = 0.633610781323791  α = 1.34e-6
 38   -137.8441797291      -10.17       -2.37    14.2s
    ‖ρε - ρref‖ = 0.0006092890383497041 ‖Δρ‖ = 0.0006092976752102201  ‖vε - vref‖ = 0.6300181983038261  α = 3.22e-6
 39   -137.8441797291      -10.48       -2.01    15.1s
    ‖ρε - ρref‖ = 0.0018236029578203923 ‖Δρ‖ = 0.0018235989457410131  ‖vε - vref‖ = 0.6283732118637215  α = 7.33e-7
 40   -137.8441797292      -10.39       -1.49    14.4s
    ‖ρε - ρref‖ = 0.005303493010624159 ‖Δρ‖ = 0.005303470067370997  ‖vε - vref‖ = 0.6261180160717884  α = 2.87e-7
 41   -137.8441797292      -10.14       -2.29    14.4s
    ‖ρε - ρref‖ = 0.0007160588561758656 ‖Δρ‖ = 0.0007160545413083756  ‖vε - vref‖ = 0.6223197191815466  α = 2.87e-6
 42   -137.8441797293      -10.38       -2.30    14.4s
    ‖ρε - ρref‖ = 0.0008080189766062274 ‖Δρ‖ = 0.0008080255832791176  ‖vε - vref‖ = 0.6202589364985518  α = 1.83e-6
 43   -137.8441797293      -10.56       -1.84    14.5s
    ‖ρε - ρref‖ = 0.002370747400514343 ‖Δρ‖ = 0.0023707508675960723  ‖vε - vref‖ = 0.6187019954374813  α = 5.37e-7
 44   -137.8441797293      -10.53       -1.84    14.5s
    ‖ρε - ρref‖ = 0.0022611294768330307 ‖Δρ‖ = 0.0022611321830192208  ‖vε - vref‖ = 0.6169481300263394  α = 5.7e-7
 45   -137.8441797293      -10.81       -2.26    14.8s
    ‖ρε - ρref‖ = 0.0009636263648511706 ‖Δρ‖ = 0.0009635945630626906  ‖vε - vref‖ = 0.6161026258891356  α = 9.81e-7
 46   -137.8441797294      -10.74       -2.08    14.9s
    ‖ρε - ρref‖ = 0.001468200162442997 ‖Δρ‖ = 0.0014682245557130606  ‖vε - vref‖ = 0.6151666725357035  α = 7.09e-7
 47   -137.8441797294      -10.60       -2.01    14.5s
    ‖ρε - ρref‖ = 0.0018223043708375775 ‖Δρ‖ = 0.0018221567533873214  ‖vε - vref‖ = 0.6137791085208382  α = 6.47e-7
 48   -137.8441797294      -10.67       -1.64    14.4s
    ‖ρε - ρref‖ = 0.0041649278259493355 ‖Δρ‖ = 0.004165058561798491  ‖vε - vref‖ = 0.6127336780548793  α = 2.47e-7
 49   -137.8441797294      -10.70       -2.35    13.4s
    ‖ρε - ρref‖ = 0.0008394031437953363 ‖Δρ‖ = 0.0008394121163621182  ‖vε - vref‖ = 0.6117006256085262  α = 1.16e-6
 50   -137.8441797295      -10.37       -2.20    14.4s
    ‖ρε - ρref‖ = 0.001003706808949393 ‖Δρ‖ = 0.0010036990402891273  ‖vε - vref‖ = 0.6091994142783926  α = 1.51e-6
 51   -137.8441797295      -10.63       -2.17    15.1s
    ‖ρε - ρref‖ = 0.0011302635445936064 ‖Δρ‖ = 0.0011302645567057166  ‖vε - vref‖ = 0.6079230305042858  α = 1.01e-6
 52   -137.8441797295      -10.86       -1.61    13.8s
    ‖ρε - ρref‖ = 0.004433269233325552 ‖Δρ‖ = 0.0044332571441741886  ‖vε - vref‖ = 0.6071606229980457  α = 1.96e-7
 53   -137.8441797295      -10.58       -2.44    15.0s
    ‖ρε - ρref‖ = 0.00045195234506843995 ‖Δρ‖ = 0.0004519425653766501  ‖vε - vref‖ = 0.6056410141953387  α = 2.82e-6
 54   -137.8441797296      -10.47       -2.39    14.0s
    ‖ρε - ρref‖ = 0.0005820177468869966 ‖Δρ‖ = 0.0005820201227686322  ‖vε - vref‖ = 0.6038744741988222  α = 2.35e-6
 55   -137.8441797296      -10.88       -2.23    13.9s
    ‖ρε - ρref‖ = 0.0010415513055431452 ‖Δρ‖ = 0.001041546138902555  ‖vε - vref‖ = 0.6030646932732225  α = 8.27e-7
 56   -137.8441797296      -10.76       -1.93    13.8s
    ‖ρε - ρref‖ = 0.0018670499372324405 ‖Δρ‖ = 0.0018670435567745853  ‖vε - vref‖ = 0.6021390819276131  α = 5.37e-7
 57   -137.8441797296      -10.75       -2.45    15.0s
    ‖ρε - ρref‖ = 0.0006191437338545364 ‖Δρ‖ = 0.0006191151969683231  ‖vε - vref‖ = 0.6011314616751893  α = 1.55e-6
 58   -137.8441797296      -10.85       -2.02    15.1s
    ‖ρε - ρref‖ = 0.0017048386641690446 ‖Δρ‖ = 0.0017048937254438511  ‖vε - vref‖ = 0.6003782077848574  α = 5.37e-7
 59   -137.8441797296      -10.92       -2.02    14.5s
    ‖ρε - ρref‖ = 0.0018095639097793449 ‖Δρ‖ = 0.0018094261785404676  ‖vε - vref‖ = 0.5996928751349357  α = 4.5e-7
 60   -137.8441797297      -10.89       -1.88    13.9s
    ‖ρε - ρref‖ = 0.002447034261718308 ‖Δρ‖ = 0.0024471568101190463  ‖vε - vref‖ = 0.5990050084936454  α = 3.32e-7
 61   -137.8441797297      -10.55       -2.17    15.1s
    ‖ρε - ρref‖ = 0.0009659101969437014 ‖Δρ‖ = 0.0009658870893222379  ‖vε - vref‖ = 0.5974005828320497  α = 1.32e-6
 62   -137.8441797297      -10.75       -2.21    15.0s
    ‖ρε - ρref‖ = 0.0009995833192983207 ‖Δρ‖ = 0.0009995646033745885  ‖vε - vref‖ = 0.5964413295988792  α = 9.71e-7
 63   -137.8441797297      -10.99       -2.29    15.0s
    ‖ρε - ρref‖ = 0.0009730023890483181 ‖Δρ‖ = 0.0009730276789166023  ‖vε - vref‖ = 0.5957552491286103  α = 7.21e-7
 64   -137.8441797297      -11.34       -1.97    13.5s
    ‖ρε - ρref‖ = 0.002407009024601364 ‖Δρ‖ = 0.002407014353735886  ‖vε - vref‖ = 0.5955099010616638  α = 2.09e-7
 65   -137.8441797297      -10.82       -2.40    15.1s
    ‖ρε - ρref‖ = 0.0005806767850841909 ‖Δρ‖ = 0.0005806720396723009  ‖vε - vref‖ = 0.594643989941493  α = 1.62e-6
 66   -137.8441797297      -10.72       -2.54    15.1s
    ‖ρε - ρref‖ = 0.0003722946938125189 ‖Δρ‖ = 0.00037227636215546696  ‖vε - vref‖ = 0.5936334735167674  α = 2.89e-6
 67   -137.8441797298      -10.80       -2.50    15.0s
    ‖ρε - ρref‖ = 0.00046576192109967204 ‖Δρ‖ = 0.00046576090820745077  ‖vε - vref‖ = 0.5927784880916944  α = 2.07e-6
 68   -137.8441797298      -11.14       -2.03    14.9s
    ‖ρε - ρref‖ = 0.0015825109508873334 ‖Δρ‖ = 0.0015825140634472751  ‖vε - vref‖ = 0.5923797452632006  α = 4.19e-7
 69   -137.8441797298      -10.87       -2.17    15.1s
    ‖ρε - ρref‖ = 0.0009229371017599586 ‖Δρ‖ = 0.0009229298155876114  ‖vε - vref‖ = 0.591642980667216  α = 9.73e-7
 70   -137.8441797298      -11.36       -2.56    14.3s
    ‖ρε - ρref‖ = 0.0005328576727958407 ‖Δρ‖ = 0.000532940633242722  ‖vε - vref‖ = 0.5914350242026821  α = 9.49e-7
 71   -137.8441797298      -11.11       -2.13    13.2s
    ‖ρε - ρref‖ = 0.00130733995381584 ‖Δρ‖ = 0.0013072095742294426  ‖vε - vref‖ = 0.5909853160297742  α = 4.99e-7
 72   -137.8441797298      -11.16       -1.99    14.8s
    ‖ρε - ρref‖ = 0.0019541726745658586 ‖Δρ‖ = 0.0019542854263215033  ‖vε - vref‖ = 0.5906664610945153  α = 3.13e-7
 73   -137.8441797298      -10.89       -2.32    14.6s
    ‖ρε - ρref‖ = 0.0007583251378065636 ‖Δρ‖ = 0.0007583016766659623  ‖vε - vref‖ = 0.5899763521007656  α = 1.15e-6
 74   -137.8441797298      -10.93       -2.45    13.9s
    ‖ρε - ρref‖ = 0.0006104222963924736 ‖Δρ‖ = 0.0006104197235990191  ‖vε - vref‖ = 0.5893911812725396  α = 1.28e-6
 75   -137.8441797298      -10.98       -2.29    14.2s
    ‖ρε - ρref‖ = 0.0008737975420897147 ‖Δρ‖ = 0.0008738079259926958  ‖vε - vref‖ = 0.5887713873496812  α = 8.21e-7
 76   -137.8441797298      -11.33       -1.90    14.3s
    ‖ρε - ρref‖ = 0.002595291359235555 ‖Δρ‖ = 0.0025952827673192433  ‖vε - vref‖ = 0.5885507691068798  α = 1.94e-7
 77   -137.8441797298      -11.13       -2.52    14.3s
    ‖ρε - ρref‖ = 0.000536335953079257 ‖Δρ‖ = 0.0005363095894853986  ‖vε - vref‖ = 0.5881981959202662  α = 1.13e-6
 78   -137.8441797299      -10.87       -2.42    15.0s
    ‖ρε - ρref‖ = 0.0005240943421632329 ‖Δρ‖ = 0.0005241040940091963  ‖vε - vref‖ = 0.587445452384653  α = 1.67e-6
 79   -137.8441797299      -10.95       -2.58    14.3s
    ‖ρε - ρref‖ = 0.0003528136990640417 ‖Δρ‖ = 0.0003527955803508758  ‖vε - vref‖ = 0.5868455178649519  α = 2.34e-6
 80   -137.8441797299      -11.42       -2.49    14.9s
    ‖ρε - ρref‖ = 0.000584221177809582 ‖Δρ‖ = 0.0005842325796097276  ‖vε - vref‖ = 0.5866599244431953  α = 7.97e-7
 81   -137.8441797299      -11.17       -2.23    13.2s
    ‖ρε - ρref‖ = 0.0009425070891474917 ‖Δρ‖ = 0.0009425133922767732  ‖vε - vref‖ = 0.5863441506418554  α = 6.56e-7
 82   -137.8441797299      -10.80       -2.54    14.6s
    ‖ρε - ρref‖ = 0.00040379167773746914 ‖Δρ‖ = 0.000403849564594811  ‖vε - vref‖ = 0.5856230656544031  α = 2.37e-6
 83   -137.8441797299      -11.32       -1.94    13.9s
    ‖ρε - ρref‖ = 0.002438294747928038 ‖Δρ‖ = 0.0024381315711135432  ‖vε - vref‖ = 0.585324742128817  α = 2.07e-7
 84   -137.8441797299      -11.29       -2.26    15.1s
    ‖ρε - ρref‖ = 0.0010410192808391501 ‖Δρ‖ = 0.0010411107241705255  ‖vε - vref‖ = 0.5850685525720504  α = 5.17e-7
 85   -137.8441797299      -10.97       -2.15    13.9s
    ‖ρε - ρref‖ = 0.0009827951893876241 ‖Δρ‖ = 0.000982781998603312  ‖vε - vref‖ = 0.5844372498844167  α = 8.11e-7
 86   -137.8441797299      -11.08       -2.72    13.8s
    ‖ρε - ρref‖ = 0.00033221493068835174 ‖Δρ‖ = 0.0003321915980341852  ‖vε - vref‖ = 0.5840890776388994  α = 1.96e-6
 87   -137.8441797299      -11.29       -2.38    15.1s
    ‖ρε - ρref‖ = 0.0008325940961399568 ‖Δρ‖ = 0.0008325870560308028  ‖vε - vref‖ = 0.5837635277396446  α = 5.9e-7
 88   -137.8441797299      -11.32       -2.05    14.5s
    ‖ρε - ρref‖ = 0.0018919237505828166 ‖Δρ‖ = 0.0018919066713947831  ‖vε - vref‖ = 0.5835438842851086  α = 2.69e-7
 89   -137.8441797299      -11.09       -2.45    13.6s
    ‖ρε - ρref‖ = 0.0005969904027928644 ‖Δρ‖ = 0.0005969798270600092  ‖vε - vref‖ = 0.5831499885415549  α = 1.09e-6
 90   -137.8441797300      -10.98       -2.58    14.9s
    ‖ρε - ρref‖ = 0.0004070576834057103 ‖Δρ‖ = 0.00040708544977648  ‖vε - vref‖ = 0.5826030698700151  α = 1.86e-6
 91   -137.8441797300      -10.98       -2.37    14.3s
    ‖ρε - ρref‖ = 0.000672861579197519 ‖Δρ‖ = 0.0006728452702531479  ‖vε - vref‖ = 0.5820960367800189  α = 1.16e-6
 92   -137.8441797300      -11.03       -2.64    13.3s
    ‖ρε - ρref‖ = 0.000379528475835027 ‖Δρ‖ = 0.00037954171972618143  ‖vε - vref‖ = 0.5816031709990656  α = 1.93e-6
 93   -137.8441797300      -11.38       -2.07    14.6s
    ‖ρε - ρref‖ = 0.0015019864517945194 ‖Δρ‖ = 0.001501980558202977  ‖vε - vref‖ = 0.5813969619981465  α = 3.29e-7
 94   -137.8441797300      -11.18       -2.48    14.9s
    ‖ρε - ρref‖ = 0.0004477079861839142 ‖Δρ‖ = 0.00044774183738605436  ‖vε - vref‖ = 0.5811242808156629  α = 1.39e-6
 95   -137.8441797300      -11.70       -2.37    13.1s
    ‖ρε - ρref‖ = 0.0010513949295172576 ‖Δρ‖ = 0.0010512119266274619  ‖vε - vref‖ = 0.5809837919132136  α = 3.14e-7
 96   -137.8441797300      -11.09       -2.27    13.8s
    ‖ρε - ρref‖ = 0.00076193701531462 ‖Δρ‖ = 0.0007619978088639532  ‖vε - vref‖ = 0.5805993652849906  α = 9.07e-7
 97   -137.8441797300      -11.37       -2.17    14.1s
    ‖ρε - ρref‖ = 0.0012397069310606506 ‖Δρ‖ = 0.0012396785391998477  ‖vε - vref‖ = 0.5803911165017954  α = 3.99e-7
 98   -137.8441797300      -10.90       -2.59    14.5s
    ‖ρε - ρref‖ = 0.0003516537357203725 ‖Δρ‖ = 0.0003516478576755995  ‖vε - vref‖ = 0.5797202976747527  α = 2.42e-6
 99   -137.8441797300      -11.57       -2.63    14.5s
    ‖ρε - ρref‖ = 0.0005587973216057129 ‖Δρ‖ = 0.000558806857650064  ‖vε - vref‖ = 0.5795773950048384  α = 6.5e-7
 100   -137.8441797300      -11.23       -2.08    13.7s
    ‖ρε - ρref‖ = 0.0013791069464962242 ‖Δρ‖ = 0.0013791041057064613  ‖vε - vref‖ = 0.5793297687425248  α = 4.19e-7
 101   -137.8441797300      -11.05       -2.41    14.0s
    ‖ρε - ρref‖ = 0.000621273759078645 ‖Δρ‖ = 0.0006212733405320042  ‖vε - vref‖ = 0.578904286162896  α = 1.09e-6
 102   -137.8441797300      -11.26       -2.41    14.7s
    ‖ρε - ρref‖ = 0.000647307610113093 ‖Δρ‖ = 0.0006473261038045693  ‖vε - vref‖ = 0.5786046472130464  α = 8.65e-7
 103   -137.8441797300      -11.12       -2.80    12.6s
    ‖ρε - ρref‖ = 0.00025725826914720535 ‖Δρ‖ = 0.0002572443457187179  ‖vε - vref‖ = 0.5782808835514582  α = 2.56e-6
 104   -137.8441797301      -11.11       -2.47    13.1s
    ‖ρε - ρref‖ = 0.0005201638212132411 ‖Δρ‖ = 0.0005201855558964922  ‖vε - vref‖ = 0.5779174844241876  α = 1.27e-6
 105   -137.8441797301      -11.29       -2.28    13.3s
    ‖ρε - ρref‖ = 0.000939981751108035 ‖Δρ‖ = 0.0009399659935670742  ‖vε - vref‖ = 0.5776647782451444  α = 5.83e-7
 106   -137.8441797301      -11.08       -2.22    14.6s
    ‖ρε - ρref‖ = 0.0009595748745650118 ‖Δρ‖ = 0.0009595863408088953  ‖vε - vref‖ = 0.5772989818778607  α = 7.05e-7
 107   -137.8441797301      -11.72       -2.47    14.3s
    ‖ρε - ρref‖ = 0.0007725822994893455 ‖Δρ‖ = 0.0007724020067914576  ‖vε - vref‖ = 0.5771905962469752  α = 4.26e-7
 108   -137.8441797301      -11.25       -2.27    14.7s
    ‖ρε - ρref‖ = 0.0009320298450411958 ‖Δρ‖ = 0.0009321063503464038  ‖vε - vref‖ = 0.5769562370177795  α = 5.74e-7
 109   -137.8441797301      -11.31       -2.51    14.4s
    ‖ρε - ρref‖ = 0.0005244767751527631 ‖Δρ‖ = 0.0005244658055709676  ‖vε - vref‖ = 0.5767368637252293  α = 1.0e-6
 110   -137.8441797301      -11.10       -2.22    14.6s
    ‖ρε - ρref‖ = 0.0009751246474704938 ‖Δρ‖ = 0.0009751420168823958  ‖vε - vref‖ = 0.5763495448480541  α = 6.98e-7
 111   -137.8441797301      -11.27       -2.74    13.9s
    ‖ρε - ρref‖ = 0.00029256033285922475 ‖Δρ‖ = 0.0002925756815812729  ‖vε - vref‖ = 0.5760915056011153  α = 1.89e-6
 112   -137.8441797301      -11.40       -1.96    14.4s
    ‖ρε - ρref‖ = 0.0020822913871038277 ‖Δρ‖ = 0.0020822859805805774  ‖vε - vref‖ = 0.5759140128484191  α = 2.2e-7
 113   -137.8441797301      -10.98       -2.47    15.1s
    ‖ρε - ρref‖ = 0.0004315509817320065 ‖Δρ‖ = 0.0004315160771932728  ‖vε - vref‖ = 0.5754140964719733  α = 1.84e-6
 114   -137.8441797301      -11.40       -2.59    14.4s
    ‖ρε - ρref‖ = 0.0004901728848245293 ‖Δρ‖ = 0.0004901786270724783  ‖vε - vref‖ = 0.5752507540207865  α = 8.87e-7
 115   -137.8441797301      -11.06       -2.59    13.7s
    ‖ρε - ρref‖ = 0.0003710708084919076 ‖Δρ‖ = 0.00037107564527873215  ‖vε - vref‖ = 0.5748293954083121  α = 1.85e-6
 116   -137.8441797301      -11.12       -2.54    15.0s
    ‖ρε - ρref‖ = 0.00041795891160159 ‖Δρ‖ = 0.00041797770634501344  ‖vε - vref‖ = 0.5744933247978938  α = 1.53e-6
 117   -137.8441797301      -11.48       -2.38    14.4s
    ‖ρε - ρref‖ = 0.0006803887467954743 ‖Δρ‖ = 0.0006803679468112466  ‖vε - vref‖ = 0.5743383900557383  α = 6.52e-7
 118   -137.8441797301      -11.21       -2.26    14.5s
    ‖ρε - ρref‖ = 0.0008397427429093452 ‖Δρ‖ = 0.000839776867177005  ‖vε - vref‖ = 0.5740818046661115  α = 7.13e-7
 119   -137.8441797301      -11.68       -2.37    15.0s
    ‖ρε - ρref‖ = 0.0008773099878847804 ‖Δρ‖ = 0.0008771691399120127  ‖vε - vref‖ = 0.5739602139748583  α = 4.0e-7
 120   -137.8441797301      -11.63       -2.30    13.8s
    ‖ρε - ρref‖ = 0.0010910179973096824 ‖Δρ‖ = 0.0010911524253979746  ‖vε - vref‖ = 0.5738719415429684  α = 3.13e-7
 121   -137.8441797301      -11.27       -2.73    13.2s
    ‖ρε - ρref‖ = 0.0002577809655460626 ‖Δρ‖ = 0.0002577463288706069  ‖vε - vref‖ = 0.5736252179276653  α = 2.12e-6
 122   -137.8441797302      -11.49       -2.25    14.4s
    ‖ρε - ρref‖ = 0.0009235892597088118 ‖Δρ‖ = 0.0009235804404440134  ‖vε - vref‖ = 0.5734818832821829  α = 4.9e-7
 123   -137.8441797302      -11.12       -2.49    13.1s
    ‖ρε - ρref‖ = 0.00045600635197769987 ‖Δρ‖ = 0.00045600815274894163  ‖vε - vref‖ = 0.5731461644738745  α = 1.45e-6
 124   -137.8441797302      -11.87       -2.30    13.7s
    ‖ρε - ρref‖ = 0.0011826913844870768 ‖Δρ‖ = 0.001182679336837858  ‖vε - vref‖ = 0.5731026401542035  α = 2.24e-7
 125   -137.8441797302      -11.24       -2.48    14.3s
    ‖ρε - ρref‖ = 0.00048161694973302934 ‖Δρ‖ = 0.0004816053361579766  ‖vε - vref‖ = 0.5728159944580417  α = 1.2e-6
 126   -137.8441797302      -11.09       -2.74    12.8s
    ‖ρε - ρref‖ = 0.00025220500518967223 ‖Δρ‖ = 0.0002522238290473693  ‖vε - vref‖ = 0.5725085997294892  α = 2.71e-6
 127   -137.8441797302      -11.47       -2.68    14.0s
    ‖ρε - ρref‖ = 0.00039940151298518495 ‖Δρ‖ = 0.00039939471813148415  ‖vε - vref‖ = 0.5724012624005297  α = 9.84e-7
 128   -137.8441797302      -11.20       -2.58    14.4s
    ‖ρε - ρref‖ = 0.0003756991689584476 ‖Δρ‖ = 0.00037571491374338166  ‖vε - vref‖ = 0.5721264710000801  α = 1.59e-6
 129   -137.8441797302      -11.31       -2.47    15.1s
    ‖ρε - ρref‖ = 0.0004898851284040946 ‖Δρ‖ = 0.0004898694249329283  ‖vε - vref‖ = 0.5719062154711917  α = 1.08e-6
 130   -137.8441797302      -11.55       -2.22    14.8s
    ‖ρε - ρref‖ = 0.001076151006936226 ‖Δρ‖ = 0.0010762011774170417  ‖vε - vref‖ = 0.5717889790374255  α = 3.81e-7
 131   -137.8441797302      -11.36       -2.53    15.0s
    ‖ρε - ρref‖ = 0.0005214100240046791 ‖Δρ‖ = 0.0005212561276855294  ‖vε - vref‖ = 0.5715759706392209  α = 9.28e-7
 132   -137.8441797302      -11.21       -1.91    13.1s
    ‖ρε - ρref‖ = 0.0018183465366696952 ‖Δρ‖ = 0.0018184492803468124  ‖vε - vref‖ = 0.5713253135937683  α = 3.22e-7
 133   -137.8441797302      -11.51       -2.64    15.0s
    ‖ρε - ρref‖ = 0.00040358505040941046 ‖Δρ‖ = 0.00040354099840889774  ‖vε - vref‖ = 0.5712037154460572  α = 1.03e-6
 134   -137.8441797302      -11.57       -2.53    15.2s
    ‖ρε - ρref‖ = 0.0005097948669153146 ‖Δρ‖ = 0.0005097934786174611  ‖vε - vref‖ = 0.5710897271825728  α = 8.03e-7
 135   -137.8441797302      -11.42       -2.40    13.7s
    ‖ρε - ρref‖ = 0.0006659768447162043 ‖Δρ‖ = 0.0006659918046858222  ‖vε - vref‖ = 0.5709415125233299  α = 6.78e-7
 136   -137.8441797302      -11.80       -2.55    14.4s
    ‖ρε - ρref‖ = 0.0006605309311095669 ‖Δρ‖ = 0.0006605279732048391  ‖vε - vref‖ = 0.5709104815122287  α = 4.41e-7
 137   -137.8441797302      -11.13       -2.28    13.9s
    ‖ρε - ρref‖ = 0.000752089443830885 ‖Δρ‖ = 0.0007520995090502298  ‖vε - vref‖ = 0.5706264925267632  α = 8.48e-7
 138   -137.8441797302      -11.13       -2.46    13.8s
    ‖ρε - ρref‖ = 0.00044747296661663106 ‖Δρ‖ = 0.0004474724263587776  ‖vε - vref‖ = 0.5703162864157112  α = 1.49e-6
 139   -137.8441797302      -11.13       -2.80    13.9s
    ‖ρε - ρref‖ = 0.00022741892760672148 ‖Δρ‖ = 0.0002274146943612802  ‖vε - vref‖ = 0.5700487350016396  α = 2.85e-6
 140   -137.8441797302      -11.38       -2.62    15.1s
    ‖ρε - ρref‖ = 0.00039506961314112366 ‖Δρ‖ = 0.0003950845712905528  ‖vε - vref‖ = 0.5698983650507934  α = 1.18e-6
 141   -137.8441797302      -11.38       -2.42    14.2s
    ‖ρε - ρref‖ = 0.0005586806086980919 ‖Δρ‖ = 0.0005586541918807043  ‖vε - vref‖ = 0.5697166399873687  α = 8.35e-7
 142   -137.8441797302      -11.85       -2.47    14.6s
    ‖ρε - ρref‖ = 0.0006438995254427491 ‖Δρ‖ = 0.0006439618249356547  ‖vε - vref‖ = 0.5696746385210086  α = 4.49e-7
 143   -137.8441797302      -11.58       -2.49    14.8s
    ‖ρε - ρref‖ = 0.000551012664599933 ‖Δρ‖ = 0.0005508873516608624  ‖vε - vref‖ = 0.5695482472727593  α = 7.13e-7
 144   -137.8441797302      -11.70       -2.14    14.4s
    ‖ρε - ρref‖ = 0.0013227182217578218 ‖Δρ‖ = 0.001322848290345123  ‖vε - vref‖ = 0.5694997877896003  α = 2.46e-7
 145   -137.8441797303      -11.23       -2.64    14.6s
    ‖ρε - ρref‖ = 0.0002832458487320627 ‖Δρ‖ = 0.00028322430636363867  ‖vε - vref‖ = 0.5692974762112082  α = 2.06e-6
 146   -137.8441797303      -11.75       -2.71    13.8s
    ‖ρε - ρref‖ = 0.00037482533298498905 ‖Δρ‖ = 0.0003748409418803333  ‖vε - vref‖ = 0.5692221886583523  α = 9.03e-7
 147   -137.8441797303      -11.22       -2.49    14.5s
    ‖ρε - ρref‖ = 0.0005217217537577931 ‖Δρ‖ = 0.0005217440970192457  ‖vε - vref‖ = 0.5689927623835496  α = 1.08e-6
 148   -137.8441797303      -11.61       -2.20    13.9s
    ‖ρε - ρref‖ = 0.0013193425429599782 ‖Δρ‖ = 0.0013193350698387377  ‖vε - vref‖ = 0.5689213063247168  α = 2.84e-7
 149   -137.8441797303      -11.42       -2.23    14.6s
    ‖ρε - ρref‖ = 0.0010401851723006342 ‖Δρ‖ = 0.0010401771309350117  ‖vε - vref‖ = 0.568784868450532  α = 4.35e-7
 150   -137.8441797303      -11.42       -2.76    13.0s
    ‖ρε - ρref‖ = 0.00025515001707863185 ‖Δρ‖ = 0.00025515030111694084  ‖vε - vref‖ = 0.5686870577599027  α = 1.76e-6
 151   -137.8441797303      -11.37       -2.78    14.5s
    ‖ρε - ρref‖ = 0.00023515369148094498 ‖Δρ‖ = 0.00023513251331314035  ‖vε - vref‖ = 0.5685412858019041  α = 2.13e-6
 152   -137.8441797303      -11.09       -2.77    14.1s
    ‖ρε - ρref‖ = 0.00022570500951713551 ‖Δρ‖ = 0.00022571501351535453  ‖vε - vref‖ = 0.5683153037131214  α = 3.03e-6
 153   -137.8441797303      -11.53       -2.62    13.9s
    ‖ρε - ρref‖ = 0.00046642755729182765 ‖Δρ‖ = 0.00046638517131932276  ‖vε - vref‖ = 0.5682169070020467  α = 8.29e-7
 154   -137.8441797303      -11.39       -2.42    14.4s
    ‖ρε - ρref‖ = 0.000670019894619528 ‖Δρ‖ = 0.0006700970093498428  ‖vε - vref‖ = 0.5681332349687759  α = 7.04e-7
 155   -137.8441797303      -11.36       -2.16    13.8s
    ‖ρε - ρref‖ = 0.0012077526454882961 ‖Δρ‖ = 0.001207624154238708  ‖vε - vref‖ = 0.5679406992718095  α = 3.9e-7
 156   -137.8441797303      -11.64       -2.12    12.9s
    ‖ρε - ρref‖ = 0.0014143455876592724 ‖Δρ‖ = 0.0014144692411223608  ‖vε - vref‖ = 0.5679027469867042  α = 2.53e-7
 157   -137.8441797303      -11.25       -2.61    14.6s
    ‖ρε - ρref‖ = 0.00036691158260855416 ‖Δρ‖ = 0.0003669107655876038  ‖vε - vref‖ = 0.5676924134053901  α = 1.47e-6
 158   -137.8441797303      -11.23       -2.66    13.8s
    ‖ρε - ρref‖ = 0.00032342746292321944 ‖Δρ‖ = 0.0003234284035005795  ‖vε - vref‖ = 0.567534778142925  α = 1.84e-6
 159   -137.8441797303      -11.59       -2.25    13.6s
    ‖ρε - ρref‖ = 0.0010327993268419 ‖Δρ‖ = 0.0010327979559097114  ‖vε - vref‖ = 0.5674544200527392  α = 3.8e-7
 160   -137.8441797303      -11.71       -2.44    14.5s
    ‖ρε - ρref‖ = 0.0007549981943226387 ‖Δρ‖ = 0.0007549872360719165  ‖vε - vref‖ = 0.5674277532258571  α = 4.38e-7
 161   -137.8441797303      -11.27       -2.21    13.8s
    ‖ρε - ρref‖ = 0.000952542238216455 ‖Δρ‖ = 0.0009525480967210104  ‖vε - vref‖ = 0.5672602790685093  α = 5.84e-7
 162   -137.8441797303      -11.15       -2.55    14.5s
    ‖ρε - ρref‖ = 0.00038700671441242555 ‖Δρ‖ = 0.0003870286944878475  ‖vε - vref‖ = 0.5670572856573706  α = 1.66e-6
 163   -137.8441797303      -11.43       -2.58    14.3s
    ‖ρε - ρref‖ = 0.0004214530307029934 ‖Δρ‖ = 0.0004214273300262404  ‖vε - vref‖ = 0.5669823224022019  α = 1.05e-6
 164   -137.8441797303      -11.26       -2.76    13.7s
    ‖ρε - ρref‖ = 0.00024173522409590077 ‖Δρ‖ = 0.00024172526080091264  ‖vε - vref‖ = 0.5668193997767595  α = 2.35e-6
 165   -137.8441797303      -11.11       -2.67    13.9s
    ‖ρε - ρref‖ = 0.0002833906572561385 ‖Δρ‖ = 0.0002833655848648645  ‖vε - vref‖ = 0.5666195932663972  α = 2.35e-6
 166   -137.8441797303      -11.53       -2.34    13.2s
    ‖ρε - ρref‖ = 0.0008042932483293809 ‖Δρ‖ = 0.0008043979065838358  ‖vε - vref‖ = 0.5665392771040755  α = 5.08e-7
 167   -137.8441797304      -11.43       -2.29    13.9s
    ‖ρε - ρref‖ = 0.0010110557373233982 ‖Δρ‖ = 0.0010109331143152353  ‖vε - vref‖ = 0.5664044631639428  α = 4.1e-7
 168   -137.8441797304      -11.60       -2.17    15.0s
    ‖ρε - ρref‖ = 0.0013162684753459683 ‖Δρ‖ = 0.0013163796596683019  ‖vε - vref‖ = 0.566349886246952  α = 2.94e-7
 169   -137.8441797304      -11.51       -2.63    15.0s
    ‖ρε - ρref‖ = 0.0004979512729900572 ‖Δρ‖ = 0.0004979212812815818  ‖vε - vref‖ = 0.5662635878134556  α = 7.53e-7
 170   -137.8441797304      -11.10       -2.59    14.5s
    ‖ρε - ρref‖ = 0.0003618352714271075 ‖Δρ‖ = 0.0003618413218152486  ‖vε - vref‖ = 0.5660617077366998  α = 1.94e-6
 171   -137.8441797304      -11.49       -2.56    14.9s
    ‖ρε - ρref‖ = 0.0004894873108421522 ‖Δρ‖ = 0.0004894804927442431  ‖vε - vref‖ = 0.5659835866683348  α = 8.46e-7
 172   -137.8441797304      -11.49       -2.23    13.7s
    ‖ρε - ρref‖ = 0.0012198068138584975 ‖Δρ‖ = 0.0012197937716700304  ‖vε - vref‖ = 0.5659260543989583  α = 3.5e-7
 173   -137.8441797304      -11.52       -2.23    14.0s
    ‖ρε - ρref‖ = 0.0011237645345866896 ‖Δρ‖ = 0.0011237735248115182  ‖vε - vref‖ = 0.5658441034043458  α = 3.68e-7
 174   -137.8441797304      -11.09       -2.42    13.5s
    ‖ρε - ρref‖ = 0.000506130401082624 ‖Δρ‖ = 0.0005061562731574185  ‖vε - vref‖ = 0.5656639491496439  α = 1.38e-6
 175   -137.8441797304      -10.90       -2.81    13.2s
    ‖ρε - ρref‖ = 0.00022426517034372458 ‖Δρ‖ = 0.00022425074899688665  ‖vε - vref‖ = 0.5654240481814108  α = 3.75e-6
 176   -137.8441797304      -11.05       -2.45    13.6s
    ‖ρε - ρref‖ = 0.0005491361446012105 ‖Δρ‖ = 0.0005491594992305921  ‖vε - vref‖ = 0.5652690517387772  α = 1.27e-6
 177   -137.8441797304      -10.93       -2.50    14.0s
    ‖ρε - ρref‖ = 0.00044102444491425077 ‖Δρ‖ = 0.00044100656771345906  ‖vε - vref‖ = 0.5649996251375456  α = 1.81e-6
 178   -137.8441797304      -10.96       -2.35    13.8s
    ‖ρε - ρref‖ = 0.0006653362996223871 ‖Δρ‖ = 0.0006654265167876251  ‖vε - vref‖ = 0.5647216580825499  α = 1.19e-6
 179   -137.8441797304      -11.26       -1.90    14.8s
    ‖ρε - ρref‖ = 0.002323929244011955 ‖Δρ‖ = 0.0023237873046104496  ‖vε - vref‖ = 0.5645283420246232  α = 2.1e-7
 180   -137.8441797304      -11.56       -2.22    14.4s
    ‖ρε - ρref‖ = 0.001119549583132232 ‖Δρ‖ = 0.0011196412870012281  ‖vε - vref‖ = 0.5644947755239734  α = 3.52e-7
 181   -137.8441797304      -11.24       -2.36    14.4s
    ‖ρε - ρref‖ = 0.0006739143359602626 ‖Δρ‖ = 0.0006738933878599192  ‖vε - vref‖ = 0.5643564787856097  α = 8.63e-7
 182   -137.8441797304      -11.48       -2.65    14.9s
    ‖ρε - ρref‖ = 0.0004781099418999685 ‖Δρ‖ = 0.000478127904031981  ‖vε - vref‖ = 0.5642886730647201  α = 8.04e-7
 183   -137.8441797305      -10.96       -2.69    14.9s
    ‖ρε - ρref‖ = 0.0002884609507001578 ‖Δρ‖ = 0.0002884603544322876  ‖vε - vref‖ = 0.5640603694233222  α = 2.81e-6
 184   -137.8441797305      -11.27       -1.90    14.6s
    ‖ρε - ρref‖ = 0.002525111912673237 ‖Δρ‖ = 0.002525115508633718  ‖vε - vref‖ = 0.5639975686769073  α = 2.23e-7
 185   -137.8441797305      -11.26       -2.22    15.2s
    ‖ρε - ρref‖ = 0.0010370235957303713 ‖Δρ‖ = 0.0010370366411427607  ‖vε - vref‖ = 0.5638520593254642  α = 5.39e-7
 186   -137.8441797305      -10.99       -2.15    14.9s
    ‖ρε - ρref‖ = 0.0010154922925644401 ‖Δρ‖ = 0.001015509409330416  ‖vε - vref‖ = 0.5636155250435442  α = 7.66e-7
 187   -137.8441797305      -11.02       -2.53    15.0s
    ‖ρε - ρref‖ = 0.0004152495782400647 ‖Δρ‖ = 0.0004152582772606748  ‖vε - vref‖ = 0.563426612875293  α = 1.77e-6
 188   -137.8441797305      -10.72       -2.60    13.7s
    ‖ρε - ρref‖ = 0.0003119951850367299 ‖Δρ‖ = 0.00031200301593758707  ‖vε - vref‖ = 0.5630547322425226  α = 3.39e-6
 189   -137.8441797305      -11.02       -2.49    14.5s
    ‖ρε - ρref‖ = 0.0004755223972800625 ‖Δρ‖ = 0.00047549523852422396  ‖vε - vref‖ = 0.5628663004394172  α = 1.57e-6
 190   -137.8441797305      -10.97       -2.37    14.5s
    ‖ρε - ρref‖ = 0.000611096814833744 ‖Δρ‖ = 0.0006111573635143034  ‖vε - vref‖ = 0.5626612152617343  α = 1.25e-6
 191   -137.8441797305      -11.56       -2.27    15.1s
    ‖ρε - ρref‖ = 0.0012906705209638635 ‖Δρ‖ = 0.0012905085667841512  ‖vε - vref‖ = 0.5625480893855365  α = 2.86e-7
 192   -137.8441797305      -11.21       -2.30    15.0s
    ‖ρε - ρref‖ = 0.000978598820741349 ‖Δρ‖ = 0.0009786863681250444  ‖vε - vref‖ = 0.5624682613804798  α = 6.25e-7
 193   -137.8441797305      -11.27       -2.14    15.2s
    ‖ρε - ρref‖ = 0.001247313021058209 ‖Δρ‖ = 0.0012472819858565221  ‖vε - vref‖ = 0.5623479790361194  α = 4.45e-7
 194   -137.8441797306      -10.78       -2.33    14.9s
    ‖ρε - ρref‖ = 0.0006232568284918701 ‖Δρ‖ = 0.0006232926551546198  ‖vε - vref‖ = 0.562016480466771  α = 1.54e-6
 195   -137.8441797306      -11.08       -2.40    14.9s
    ‖ρε - ρref‖ = 0.0007205589143081756 ‖Δρ‖ = 0.0007205528714637265  ‖vε - vref‖ = 0.5618254283104338  α = 9.05e-7
 196   -137.8441797306      -11.32       -2.10    13.5s
    ‖ρε - ρref‖ = 0.0016383283131441633 ‖Δρ‖ = 0.0016383216243664733  ‖vε - vref‖ = 0.5618619638876905  α = 3.29e-7
 197   -137.8441797306      -11.11       -2.05    14.6s
    ‖ρε - ρref‖ = 0.0014107285685267398 ‖Δρ‖ = 0.0014107420508223073  ‖vε - vref‖ = 0.5615922059231261  α = 4.4e-7
 198   -137.8441797306      -11.34       -2.34    14.5s
    ‖ρε - ρref‖ = 0.0008204546917530836 ‖Δρ‖ = 0.0008204588072894699  ‖vε - vref‖ = 0.5615154134696057  α = 6.46e-7
 199   -137.8441797306      -10.86       -2.36    14.4s
    ‖ρε - ρref‖ = 0.0006692171724611488 ‖Δρ‖ = 0.0006692368129057631  ‖vε - vref‖ = 0.5612334278063297  α = 1.31e-6
 200   -137.8441797306      -10.76       -2.41    14.3s
    ‖ρε - ρref‖ = 0.0005558128496931164 ‖Δρ‖ = 0.0005558261728245507  ‖vε - vref‖ = 0.5609056127252482  α = 1.82e-6
 201   -137.8441797306      -10.79       -2.69    14.1s
    ‖ρε - ρref‖ = 0.00023904976477653628 ‖Δρ‖ = 0.00023905941275169276  ‖vε - vref‖ = 0.5605911914455637  α = 4.17e-6
 202   -137.8441797306      -10.75       -2.47    14.6s
    ‖ρε - ρref‖ = 0.00041077699336395545 ‖Δρ‖ = 0.0004107912105978593  ‖vε - vref‖ = 0.5602613954220043  α = 2.54e-6
 203   -137.8441797307      -10.83       -2.41    14.4s
    ‖ρε - ρref‖ = 0.0005521070253950783 ‖Δρ‖ = 0.0005521463474293956  ‖vε - vref‖ = 0.5600572462934567  α = 1.74e-6
 204   -137.8441797307      -11.29       -2.13    13.0s
    ‖ρε - ρref‖ = 0.0015732825290529933 ‖Δρ‖ = 0.00157311012775722  ‖vε - vref‖ = 0.5599415111415447  α = 3.01e-7
 205   -137.8441797307      -10.73       -2.09    14.3s
    ‖ρε - ρref‖ = 0.0013379834440509465 ‖Δρ‖ = 0.0013380928266616679  ‖vε - vref‖ = 0.5596496427353611  α = 8.26e-7
 206   -137.8441797307      -11.02       -2.01    14.6s
    ‖ρε - ρref‖ = 0.0017885642112899247 ‖Δρ‖ = 0.0017885513253637943  ‖vε - vref‖ = 0.5594447625233098  α = 4.19e-7
 207   -137.8441797307      -11.05       -2.12    13.8s
    ‖ρε - ρref‖ = 0.0012807314323694207 ‖Δρ‖ = 0.0012807382930279086  ‖vε - vref‖ = 0.5592788487079031  α = 5.88e-7
 208   -137.8441797307      -10.81       -2.60    14.4s
    ‖ρε - ρref‖ = 0.0004006646079420051 ‖Δρ‖ = 0.0004007016442950946  ‖vε - vref‖ = 0.5590927958690993  α = 2.16e-6
 209   -137.8441797307      -11.09       -2.10    13.2s
    ‖ρε - ρref‖ = 0.001657493258613442 ‖Δρ‖ = 0.0016575165113640491  ‖vε - vref‖ = 0.5589325915734018  α = 4.46e-7
 210   -137.8441797307      -11.10       -1.94    14.4s
    ‖ρε - ρref‖ = 0.0021302368021546354 ‖Δρ‖ = 0.002130275639249632  ‖vε - vref‖ = 0.5587652136623017  α = 2.83e-7
 211   -137.8441797307      -11.04       -2.22    13.2s
    ‖ρε - ρref‖ = 0.0010493335891781385 ‖Δρ‖ = 0.0010493456376974915  ‖vε - vref‖ = 0.5586564866161194  α = 7.38e-7
 212   -137.8441797308      -10.94       -2.16    14.5s
    ‖ρε - ρref‖ = 0.0011922771016374507 ‖Δρ‖ = 0.0011923008933499555  ‖vε - vref‖ = 0.5584663858899112  α = 7.04e-7
 213   -137.8441797308      -10.86       -2.35    15.0s
    ‖ρε - ρref‖ = 0.0006620120303216428 ‖Δρ‖ = 0.0006620331090468008  ‖vε - vref‖ = 0.5582428423173474  α = 1.35e-6
 214   -137.8441797308      -10.81       -2.67    14.3s
    ‖ρε - ρref‖ = 0.0003224675597451291 ‖Δρ‖ = 0.0003224688707262715  ‖vε - vref‖ = 0.5578999674247379  α = 2.74e-6
 215   -137.8441797308      -10.78       -2.45    14.4s
    ‖ρε - ρref‖ = 0.0005152337932143989 ‖Δρ‖ = 0.0005151760730896186  ‖vε - vref‖ = 0.557655278428674  α = 1.83e-6
 216   -137.8441797308      -11.60       -2.16    13.6s
    ‖ρε - ρref‖ = 0.001744567400775981 ‖Δρ‖ = 0.0017447483915340163  ‖vε - vref‖ = 0.5576810501453542  α = 2.26e-7
 217   -137.8441797308      -10.86       -2.42    15.1s
    ‖ρε - ρref‖ = 0.0005986426377168933 ‖Δρ‖ = 0.0005986145637795051  ‖vε - vref‖ = 0.5574096591813494  α = 1.41e-6
 218   -137.8441797308      -10.96       -1.95    14.9s
    ‖ρε - ρref‖ = 0.0019324698363313796 ‖Δρ‖ = 0.0019325333522256095  ‖vε - vref‖ = 0.5572868708712924  α = 4.5e-7
 219   -137.8441797308      -10.73       -2.17    14.4s
    ‖ρε - ρref‖ = 0.000981120409670927 ‖Δρ‖ = 0.0009811819108080451  ‖vε - vref‖ = 0.5570498288017482  α = 1.07e-6
 220   -137.8441797309      -10.93       -2.30    13.1s
    ‖ρε - ρref‖ = 0.0008293449373543124 ‖Δρ‖ = 0.0008293399204956658  ‖vε - vref‖ = 0.5568801866333111  α = 1.04e-6
 221   -137.8441797309      -11.33       -2.21    15.1s
    ‖ρε - ρref‖ = 0.0012900376103712312 ‖Δρ‖ = 0.0012900514054002808  ‖vε - vref‖ = 0.5567356673910147  α = 3.68e-7
 222   -137.8441797309      -10.86       -2.05    13.6s
    ‖ρε - ρref‖ = 0.0015376798664609758 ‖Δρ‖ = 0.001537707255342895  ‖vε - vref‖ = 0.5566194608813059  α = 7.17e-7
 223   -137.8441797309      -11.09       -2.25    14.4s
    ‖ρε - ρref‖ = 0.0010166747393593246 ‖Δρ‖ = 0.0010166896690888168  ‖vε - vref‖ = 0.5564909060472061  α = 6.51e-7
 224   -137.8441797309      -10.65       -2.20    14.3s
    ‖ρε - ρref‖ = 0.0009331491191332516 ‖Δρ‖ = 0.0009331815645602246  ‖vε - vref‖ = 0.5560493577331741  α = 1.2e-6
 225   -137.8441797309      -10.95       -2.24    15.0s
    ‖ρε - ρref‖ = 0.0010674831583749524 ‖Δρ‖ = 0.0010675020709007973  ‖vε - vref‖ = 0.555801460187308  α = 7.13e-7
 226   -137.8441797309      -10.74       -2.48    14.4s
    ‖ρε - ρref‖ = 0.00047106666089781897 ‖Δρ‖ = 0.0004710666482365285  ‖vε - vref‖ = 0.5554225787540034  α = 2.11e-6
 227   -137.8441797310      -10.74       -2.41    15.0s
    ‖ρε - ρref‖ = 0.0005397624589676042 ‖Δρ‖ = 0.0005397975227580803  ‖vε - vref‖ = 0.5550772985294581  α = 1.98e-6
 228   -137.8441797310      -11.43       -2.25    15.0s
    ‖ρε - ρref‖ = 0.0013240358363775775 ‖Δρ‖ = 0.0013238517959839693  ‖vε - vref‖ = 0.5549572282470555  α = 3.14e-7
 229   -137.8441797310      -10.65       -2.13    14.3s
    ‖ρε - ρref‖ = 0.0011424273770483397 ‖Δρ‖ = 0.001142525730586422  ‖vε - vref‖ = 0.5547628560065938  α = 1.24e-6
 230   -137.8441797310      -10.52       -2.35    13.8s
    ‖ρε - ρref‖ = 0.0006043419687712973 ‖Δρ‖ = 0.0006043640896452563  ‖vε - vref‖ = 0.5542186069867184  α = 2.32e-6
 231   -137.8441797310      -10.87       -1.97    15.1s
    ‖ρε - ρref‖ = 0.0018055018406165058 ‖Δρ‖ = 0.0018055456161858916  ‖vε - vref‖ = 0.5539839577491731  α = 5.51e-7
 232   -137.8441797310      -10.63       -1.93    15.1s
    ‖ρε - ρref‖ = 0.0017564965732009554 ‖Δρ‖ = 0.001756555127138497  ‖vε - vref‖ = 0.5536474461085572  α = 8.76e-7
 233   -137.8441797311      -11.22       -2.34    13.8s
    ‖ρε - ρref‖ = 0.0009457955023413008 ‖Δρ‖ = 0.0009458033770722875  ‖vε - vref‖ = 0.5535726327128504  α = 6.27e-7
 234   -137.8441797311      -10.88       -1.89    14.5s
    ‖ρε - ρref‖ = 0.00187088370983775 ‖Δρ‖ = 0.0018709379907954852  ‖vε - vref‖ = 0.5531406819559128  α = 4.0e-7
 235   -137.8441797311      -10.97       -2.27    13.7s
    ‖ρε - ρref‖ = 0.0008585701022613086 ‖Δρ‖ = 0.000858551124020694  ‖vε - vref‖ = 0.5529577144209992  α = 9.41e-7
 236   -137.8441797311      -11.00       -2.13    14.3s
    ‖ρε - ρref‖ = 0.0012215164920929143 ‖Δρ‖ = 0.0012215072786944262  ‖vε - vref‖ = 0.5527504140444744  α = 6.42e-7
 237   -137.8441797311      -10.85       -2.27    14.5s
    ‖ρε - ρref‖ = 0.0009142306998350953 ‖Δρ‖ = 0.0009142572852678427  ‖vε - vref‖ = 0.5525023638793399  α = 9.54e-7
 238   -137.8441797311      -10.74       -2.45    14.9s
    ‖ρε - ρref‖ = 0.0005705541123852224 ‖Δρ‖ = 0.0005705713306130526  ‖vε - vref‖ = 0.55221484775556  α = 1.7e-6
 239   -137.8441797311      -10.84       -2.25    15.0s
    ‖ρε - ρref‖ = 0.0009341690136810689 ‖Δρ‖ = 0.0009341666850750536  ‖vε - vref‖ = 0.5519731663794579  α = 8.94e-7
 240   -137.8441797311      -11.05       -2.26    14.3s
    ‖ρε - ρref‖ = 0.0011499282377720461 ‖Δρ‖ = 0.0011500983813246862  ‖vε - vref‖ = 0.5517700476873993  α = 6.6e-7
 241   -137.8441797312      -10.75       -1.78    14.5s
    ‖ρε - ρref‖ = 0.00238945815993836 ‖Δρ‖ = 0.0023894199274230505  ‖vε - vref‖ = 0.5512597277046141  α = 4.6e-7
 242   -137.8441797312      -10.62       -2.28    15.0s
    ‖ρε - ρref‖ = 0.0007550068337633545 ‖Δρ‖ = 0.0007550505652881523  ‖vε - vref‖ = 0.550721748516799  α = 1.65e-6
 243   -137.8441797312      -11.14       -2.30    15.1s
    ‖ρε - ρref‖ = 0.0008813299072708048 ‖Δρ‖ = 0.0008813458509114917  ‖vε - vref‖ = 0.5504682236839284  α = 7.48e-7
 244   -137.8441797312      -10.85       -2.05    13.5s
    ‖ρε - ρref‖ = 0.0013527330703568493 ‖Δρ‖ = 0.0013527485297558817  ‖vε - vref‖ = 0.549986080851074  α = 6.66e-7
 245   -137.8441797312      -10.62       -2.53    13.7s
    ‖ρε - ρref‖ = 0.00045290062268681927 ‖Δρ‖ = 0.00045289696755499386  ‖vε - vref‖ = 0.5494916266023214  α = 2.72e-6
 246   -137.8441797312      -10.86       -1.54    14.6s
    ‖ρε - ρref‖ = 0.004671744028996609 ‖Δρ‖ = 0.00467180897580562  ‖vε - vref‖ = 0.5490424824224248  α = 2.16e-7
 247   -137.8441797313      -10.75       -2.40    14.5s
    ‖ρε - ρref‖ = 0.0006091224545193469 ‖Δρ‖ = 0.0006091072625609156  ‖vε - vref‖ = 0.5485429218107738  α = 1.73e-6
 248   -137.8441797313      -10.98       -2.26    14.2s
    ‖ρε - ρref‖ = 0.0009371207249219207 ‖Δρ‖ = 0.0009371387492670568  ‖vε - vref‖ = 0.5482304636955312  α = 8.35e-7
 249   -137.8441797313      -10.75       -2.06    13.5s
    ‖ρε - ρref‖ = 0.0013645223637390547 ‖Δρ‖ = 0.001364575188795256  ‖vε - vref‖ = 0.5477097172154711  α = 7.34e-7
 250   -137.8441797313      -10.70       -2.46    14.7s
    ‖ρε - ρref‖ = 0.0005539190869267218 ‖Δρ‖ = 0.0005539234491758639  ‖vε - vref‖ = 0.5473018040417945  α = 1.93e-6
 251   -137.8441797313      -10.76       -2.27    14.6s
    ‖ρε - ρref‖ = 0.0008959356094131897 ‖Δρ‖ = 0.0008959284302343841  ‖vε - vref‖ = 0.5468309378783583  α = 9.9e-7
 252   -137.8441797313      -11.09       -2.09    14.5s
    ‖ρε - ρref‖ = 0.0020552368402812263 ‖Δρ‖ = 0.0020554254888403164  ‖vε - vref‖ = 0.5466909101812724  α = 3.43e-7
 253   -137.8441797314      -10.51       -1.94    14.7s
    ‖ρε - ρref‖ = 0.001682109174926096 ‖Δρ‖ = 0.0016820853813897963  ‖vε - vref‖ = 0.5456841704488621  α = 8.4e-7
 254   -137.8441797314      -10.57       -2.12    14.6s
    ‖ρε - ρref‖ = 0.0012388960352018004 ‖Δρ‖ = 0.0012389177279405026  ‖vε - vref‖ = 0.5448192070265355  α = 1.06e-6
 255   -137.8441797314      -10.71       -2.26    15.0s
    ‖ρε - ρref‖ = 0.000821914627534149 ‖Δρ‖ = 0.0008219379018474667  ‖vε - vref‖ = 0.5441346196489124  α = 1.25e-6
 256   -137.8441797314      -10.92       -2.21    14.9s
    ‖ρε - ρref‖ = 0.0010695384248393934 ‖Δρ‖ = 0.001069544541891219  ‖vε - vref‖ = 0.5437080802465629  α = 7.66e-7
 257   -137.8441797314      -10.87       -1.92    13.2s
    ‖ρε - ρref‖ = 0.0023976362224345936 ‖Δρ‖ = 0.0023976540484257213  ‖vε - vref‖ = 0.5432949708499636  α = 4.05e-7
 258   -137.8441797314      -11.13       -1.92    14.4s
    ‖ρε - ρref‖ = 0.0025929492332113307 ‖Δρ‖ = 0.0025929826507749085  ‖vε - vref‖ = 0.5430212420984336  α = 2.24e-7
 259   -137.8441797315      -10.44       -2.38    15.0s
    ‖ρε - ρref‖ = 0.0005793774582472528 ‖Δρ‖ = 0.0005793943032182534  ‖vε - vref‖ = 0.5419439081640369  α = 2.6e-6
 260   -137.8441797315      -10.52       -2.33    13.4s
    ‖ρε - ρref‖ = 0.0006793184264540484 ‖Δρ‖ = 0.0006793388944585656  ‖vε - vref‖ = 0.5407518347142506  α = 1.95e-6
 261   -137.8441797315      -10.64       -2.41    12.5s
    ‖ρε - ρref‖ = 0.0005899373026500421 ‖Δρ‖ = 0.0005899509856273296  ‖vε - vref‖ = 0.5400535943925417  α = 1.92e-6
 262   -137.8441797315      -11.00       -2.15    14.5s
    ‖ρε - ρref‖ = 0.001287155414489929 ‖Δρ‖ = 0.0012871556919751895  ‖vε - vref‖ = 0.5397898378789766  α = 6.0e-7
 263   -137.8441797316      -10.64       -2.12    13.8s
    ‖ρε - ρref‖ = 0.0010673061810713605 ‖Δρ‖ = 0.0010672758124640157  ‖vε - vref‖ = 0.5389959140446893  α = 1.07e-6
 264   -137.8441797316      -11.09       -2.25    13.4s
    ‖ρε - ρref‖ = 0.0011559460382535168 ‖Δρ‖ = 0.0011561275910045659  ‖vε - vref‖ = 0.5387559721087087  α = 5.89e-7
 265   -137.8441797316      -10.69       -1.83    13.7s
    ‖ρε - ρref‖ = 0.0020683253420560287 ‖Δρ‖ = 0.0020682804624499733  ‖vε - vref‖ = 0.537844792954069  α = 4.42e-7
 266   -137.8441797316      -10.57       -2.46    15.0s
    ‖ρε - ρref‖ = 0.00044352407343439246 ‖Δρ‖ = 0.00044352328254179907  ‖vε - vref‖ = 0.537018617858113  α = 2.9e-6
 267   -137.8441797316      -10.92       -2.27    14.1s
    ‖ρε - ρref‖ = 0.0010094659747677305 ‖Δρ‖ = 0.0010094977100348018  ‖vε - vref‖ = 0.5365812816719853  α = 7.42e-7
 268   -137.8441797317      -10.74       -2.37    13.6s
    ‖ρε - ρref‖ = 0.0006326264462437528 ‖Δρ‖ = 0.0006326431688317328  ‖vε - vref‖ = 0.5358895436965136  α = 1.57e-6
 269   -137.8441797317      -11.15       -1.92    13.9s
    ‖ρε - ρref‖ = 0.00251171615121279 ‖Δρ‖ = 0.0025117277597226017  ‖vε - vref‖ = 0.5357447634257089  α = 2.61e-7
 270   -137.8441797317      -10.86       -2.18    13.8s
    ‖ρε - ρref‖ = 0.001241975664552542 ‖Δρ‖ = 0.0012419950959077512  ‖vε - vref‖ = 0.5351867857577758  α = 6.86e-7
 271   -137.8441797317      -10.75       -1.87    14.1s
    ‖ρε - ρref‖ = 0.002254408662496526 ‖Δρ‖ = 0.0022544233304358442  ‖vε - vref‖ = 0.5346782802235498  α = 4.94e-7
 272   -137.8441797317      -10.59       -2.20    14.7s
    ‖ρε - ρref‖ = 0.0010146054081092324 ‖Δρ‖ = 0.0010146386847060497  ‖vε - vref‖ = 0.5336761110121542  α = 1.11e-6
 273   -137.8441797317      -10.62       -2.26    14.9s
    ‖ρε - ρref‖ = 0.0008556586358024544 ‖Δρ‖ = 0.0008556552946695431  ‖vε - vref‖ = 0.5327910312805282  α = 1.42e-6
 274   -137.8441797318      -10.62       -2.44    14.3s
    ‖ρε - ρref‖ = 0.00047207143568491985 ‖Δρ‖ = 0.00047207164939778643  ‖vε - vref‖ = 0.5319585628175759  α = 2.5e-6
 275   -137.8441797318      -10.90       -2.43    14.1s
    ‖ρε - ρref‖ = 0.0006337451767854063 ‖Δρ‖ = 0.000633735594923898  ‖vε - vref‖ = 0.5315287685212063  α = 1.36e-6
 276   -137.8441797318      -10.81       -2.05    14.3s
    ‖ρε - ρref‖ = 0.001645097959182812 ‖Δρ‖ = 0.0016451438866626395  ‖vε - vref‖ = 0.5310408218084909  α = 6.0e-7
 277   -137.8441797318      -10.83       -2.25    13.5s
    ‖ρε - ρref‖ = 0.0009211791664178505 ‖Δρ‖ = 0.000921066038064576  ‖vε - vref‖ = 0.5304560647687377  α = 9.09e-7
 278   -137.8441797318      -11.04       -1.76    13.7s
    ‖ρε - ρref‖ = 0.003775838591096607 ‖Δρ‖ = 0.0037759972560755138  ‖vε - vref‖ = 0.5301614879701503  α = 2.2e-7
 279   -137.8441797318      -10.58       -2.60    14.9s
    ‖ρε - ρref‖ = 0.00034500894153856657 ‖Δρ‖ = 0.0003449875051114553  ‖vε - vref‖ = 0.5293344556147387  α = 3.62e-6
 280   -137.8441797319      -10.74       -2.33    13.3s
    ‖ρε - ρref‖ = 0.0008096274535368041 ‖Δρ‖ = 0.0008096581032485106  ‖vε - vref‖ = 0.5287822666064032  α = 1.21e-6
 281   -137.8441797319      -10.83       -2.06    14.5s
    ‖ρε - ρref‖ = 0.0013953098406140976 ‖Δρ‖ = 0.001395332024878179  ‖vε - vref‖ = 0.5282146700926661  α = 5.93e-7
 282   -137.8441797319      -11.00       -1.81    14.2s
    ‖ρε - ρref‖ = 0.0033195688040880797 ‖Δρ‖ = 0.0033195839826393094  ‖vε - vref‖ = 0.5279279718079746  α = 2.59e-7
 283   -137.8441797319      -11.06       -2.25    14.5s
    ‖ρε - ρref‖ = 0.0009757362334709201 ‖Δρ‖ = 0.0009757472574613852  ‖vε - vref‖ = 0.5275582652021223  α = 7.3e-7
 284   -137.8441797319      -10.83       -2.07    13.5s
    ‖ρε - ρref‖ = 0.0015048384154356961 ‖Δρ‖ = 0.0015048466280300939  ‖vε - vref‖ = 0.5270818825159107  α = 6.14e-7
 285   -137.8441797319      -10.66       -2.33    14.5s
    ‖ρε - ρref‖ = 0.0006780989201876016 ‖Δρ‖ = 0.000678122584960846  ‖vε - vref‖ = 0.5263101917972416  α = 1.72e-6
 286   -137.8441797320      -10.67       -2.56    14.8s
    ‖ρε - ρref‖ = 0.00039788490579075283 ‖Δρ‖ = 0.0003978837277521738  ‖vε - vref‖ = 0.5257263734565322  α = 2.74e-6
 287   -137.8441797320      -10.63       -2.37    14.6s
    ‖ρε - ρref‖ = 0.0006386743099806688 ‖Δρ‖ = 0.0006386985660905213  ‖vε - vref‖ = 0.5248898602296123  α = 1.69e-6
 288   -137.8441797320      -10.76       -2.16    14.5s
    ‖ρε - ρref‖ = 0.0012340638030020085 ‖Δρ‖ = 0.0012340278713389918  ‖vε - vref‖ = 0.5242819956417382  α = 8.04e-7
 289   -137.8441797320      -10.82       -1.91    14.6s
    ‖ρε - ρref‖ = 0.002246881825181708 ‖Δρ‖ = 0.002246980102138378  ‖vε - vref‖ = 0.5239286305823198  α = 5.41e-7
 290   -137.8441797320      -11.02       -2.00    14.5s
    ‖ρε - ρref‖ = 0.002055146440914183 ‖Δρ‖ = 0.0020550012938110322  ‖vε - vref‖ = 0.5235750252764485  α = 3.07e-7
 291   -137.8441797320      -10.62       -1.93    14.4s
    ‖ρε - ρref‖ = 0.0018135899265063998 ‖Δρ‖ = 0.0018136859184027896  ‖vε - vref‖ = 0.5228187817253647  α = 7.28e-7
 292   -137.8441797321      -10.67       -2.36    14.4s
    ‖ρε - ρref‖ = 0.0006583472752298895 ‖Δρ‖ = 0.0006583533310017968  ‖vε - vref‖ = 0.5222196385542776  α = 1.65e-6
 293   -137.8441797321      -11.20       -2.04    14.9s
    ‖ρε - ρref‖ = 0.0019683379480176237 ‖Δρ‖ = 0.001968347917975812  ‖vε - vref‖ = 0.522143536874636  α = 3.42e-7
 294   -137.8441797321      -10.84       -2.05    14.3s
    ‖ρε - ρref‖ = 0.0014682927037467314 ‖Δρ‖ = 0.0014683312251338014  ‖vε - vref‖ = 0.521749473870641  α = 5.62e-7
 295   -137.8441797321      -10.91       -1.99    14.3s
    ‖ρε - ρref‖ = 0.0016432366012978491 ‖Δρ‖ = 0.0016432439305425837  ‖vε - vref‖ = 0.5213442611992686  α = 5.42e-7
 296   -137.8441797321      -10.99       -2.12    13.9s
    ‖ρε - ρref‖ = 0.0013680575275092726 ‖Δρ‖ = 0.0013680780128313252  ‖vε - vref‖ = 0.5211217304936894  α = 5.52e-7
 297   -137.8441797321      -10.74       -2.25    14.5s
    ‖ρε - ρref‖ = 0.0007802627717909466 ‖Δρ‖ = 0.0007803051140969479  ‖vε - vref‖ = 0.5204484834933994  α = 1.2e-6
 298   -137.8441797321      -10.71       -2.56    14.4s
    ‖ρε - ρref‖ = 0.0003776226839744287 ‖Δρ‖ = 0.00037764551467328085  ‖vε - vref‖ = 0.5199865916906765  α = 2.79e-6
 299   -137.8441797322      -10.62       -2.31    14.7s
    ‖ρε - ρref‖ = 0.0006561397293814336 ‖Δρ‖ = 0.0006561137662418908  ‖vε - vref‖ = 0.519365391780961  α = 1.97e-6
 300   -137.8441797322      -11.03       -2.32    13.2s
    ‖ρε - ρref‖ = 0.000926698865711154 ‖Δρ‖ = 0.0009267695573728447  ‖vε - vref‖ = 0.5190810980347637  α = 7.72e-7
Trying again with Newton's method ...
n     Energy            log10(ΔE)   log10(Δρ)   Δtime 
---   ---------------   ---------   ---------   ------
  1   -137.8441797325                   -7.32    1217s
    ‖ρε - ρref‖ = 2.223445206846372e-7 ‖Δρ‖ = 4.54984256868765e-9  ‖vε - vref‖ = 0.5007794600957247
  2   -137.8441797326       -9.98       -7.57    1210s
    ‖ρε - ρref‖ = 2.2245419752499474e-7 ‖Δρ‖ = 2.53292649418934e-9  ‖vε - vref‖ = 0.4968324184663153
    Stopping to avoid numerical instabilities.

#-- ‖ρε - ρref‖ = 2.2245419752499474e-7 vs. 3.162277660168379e-10 = δ*ε ‖vε - vref‖ = 0.4968324184663153

|v-vref|h1 = [0.6710093342053938, 0.6337244433171447, 0.5904951427168643, 0.5501614930131833, 0.5199399440408701, 0.49683241846631543]
|v-vref|l2 = [0.043477301268957005, 0.039096056154776994, 0.03432996429292408, 0.030585259414611078, 0.02888649366555928, 0.028925648371034052]
──────────────────────────────────────────────────────────────────────────────────────────────
                                                     Time                    Allocations      
                                            ───────────────────────   ────────────────────────
             Tot / % measured:                   30.9h /  56.5%            171TiB /  43.3%    

Section                             ncalls     time    %tot     avg     alloc    %tot      avg
──────────────────────────────────────────────────────────────────────────────────────────────
solve_ΩplusK                            30    10.1h   57.6%   1209s   41.9TiB   56.7%  1.40TiB
  apply_K                            3.00k    6.34h   36.3%   7.61s   5.35TiB    7.2%  1.82GiB
    compute_δρ                       3.00k    1029s    1.6%   343ms   1.17TiB    1.6%   408MiB
      symmetrize_ρ                   3.00k    78.3s    0.1%  26.1ms   64.5GiB    0.1%  22.0MiB
    apply_kernel                     3.00k     283s    0.5%  94.4ms    314GiB    0.4%   107MiB
  apply_Ω                            3.00k    1.71h    9.8%   2.05s   9.35TiB   12.7%  3.19GiB
    DftHamiltonian multiplication     855k    1.12h    6.4%  4.71ms   1.67TiB    2.3%  2.05MiB
      nonlocal                        855k    1459s    2.3%  1.71ms   22.9GiB    0.0%  28.0KiB
  DftHamiltonian multiplication      8.55k    40.0s    0.1%  4.68ms   17.1GiB    0.0%  2.05MiB
    nonlocal                         8.55k    14.5s    0.0%  1.69ms    234MiB    0.0%  28.0KiB
  energy_hamiltonian                    30    15.3s    0.0%   511ms   40.9GiB    0.1%  1.36GiB
    ene_ops                             30    12.2s    0.0%   408ms   3.70GiB    0.0%   126MiB
      ene_ops: nonlocal                 30    8.15s    0.0%   272ms    272MiB    0.0%  9.07MiB
      ene_ops: dualmap                  30    2.76s    0.0%  92.0ms   2.68GiB    0.0%  91.5MiB
      ene_ops: kinetic                  30    1.17s    0.0%  39.0ms   26.6MiB    0.0%   907KiB
      ene_ops: hartree                  30    126ms    0.0%  4.20ms    606MiB    0.0%  20.2MiB
      ene_ops: local                    30   20.3ms    0.0%   676μs    126MiB    0.0%  4.21MiB
  compute_density                       30    5.08s    0.0%   169ms   8.18GiB    0.0%   279MiB
    symmetrize_ρ                        30    777ms    0.0%  25.9ms    660MiB    0.0%  22.0MiB
DftHamiltonian multiplication        3.09M    3.98h   22.7%  4.64ms   6.04TiB    8.2%  2.05MiB
  nonlocal                           3.09M    1.44h    8.2%  1.68ms   82.5GiB    0.1%  28.0KiB
energy_hamiltonian                   10.8k    1.46h    8.3%   485ms   14.4TiB   19.5%  1.36GiB
  ene_ops                            10.8k    1.22h    7.0%   405ms   1.30TiB    1.8%   126MiB
    ene_ops: nonlocal                10.8k    2930s    4.7%   271ms   95.9GiB    0.1%  9.07MiB
    ene_ops: dualmap                 10.8k     987s    1.6%  91.2ms   0.94TiB    1.3%  91.5MiB
    ene_ops: kinetic                 10.8k     419s    0.7%  38.7ms   9.37GiB    0.0%   907KiB
    ene_ops: hartree                 10.8k    40.9s    0.1%  3.78ms    214GiB    0.3%  20.2MiB
    ene_ops: local                   10.8k    7.27s    0.0%   672μs   44.5GiB    0.1%  4.21MiB
ortho_qr                             1.50M    3549s    5.6%  2.37ms   6.74TiB    9.1%  4.71MiB
compute_density                      16.1k    2577s    4.1%   161ms   4.28TiB    5.8%   279MiB
  symmetrize_ρ                       16.1k     417s    0.7%  26.0ms    345GiB    0.5%  22.0MiB
PlaneWaveBasis                          31     853s    1.4%   27.5s    381GiB    0.5%  12.3GiB
  Instantiation AtomicNonlocal          31     830s    1.3%   26.8s    306GiB    0.4%  9.86GiB
  Instantiation AtomicLocal             31    9.52s    0.0%   307ms   1.82GiB    0.0%  60.1MiB
    enforce_real!                       31   40.1ms    0.0%  1.29ms   11.6KiB    0.0%     384B
  build_kpoints                         31    8.39s    0.0%   271ms   65.0GiB    0.1%  2.10GiB
  Instantiation DualMap                 31    4.00s    0.0%   129ms   2.66GiB    0.0%  87.7MiB
  Instantiation Kinetic                 31    1.05s    0.0%  33.7ms   5.08GiB    0.0%   168MiB
  _check_kpoint_reduction               31    359ms    0.0%  11.6ms     0.00B    0.0%    0.00B
  Instantiation Hartree                 31   78.8ms    0.0%  2.54ms    124MiB    0.0%  4.00MiB
    enforce_real!                       31   37.3ms    0.0%  1.20ms   13.1KiB    0.0%     432B
  Instantiation Ewald                   31   18.1ms    0.0%   584μs   87.8KiB    0.0%  2.83KiB
    precomp: Ewald                      31   17.5ms    0.0%   564μs   61.5KiB    0.0%  1.98KiB
  Instantiation PspCorrection           31    777μs    0.0%  25.1μs   25.2KiB    0.0%     832B
compute_projected_gradient              30    68.0s    0.1%   2.27s    106GiB    0.1%  3.52GiB
  DftHamiltonian multiplication      8.55k    39.7s    0.1%  4.65ms   17.1GiB    0.0%  2.05MiB
    nonlocal                         8.55k    14.6s    0.0%  1.70ms    234MiB    0.0%  28.0KiB
  energy_hamiltonian                    30    16.1s    0.0%   538ms   40.9GiB    0.1%  1.36GiB
    ene_ops                             30    12.2s    0.0%   405ms   3.70GiB    0.0%   126MiB
      ene_ops: nonlocal                 30    7.96s    0.0%   265ms    272MiB    0.0%  9.07MiB
      ene_ops: dualmap                  30    2.82s    0.0%  94.0ms   2.68GiB    0.0%  91.5MiB
      ene_ops: kinetic                  30    1.16s    0.0%  38.7ms   26.6MiB    0.0%   907KiB
      ene_ops: hartree                  30    195ms    0.0%  6.50ms    606MiB    0.0%  20.2MiB
      ene_ops: local                    30   19.5ms    0.0%   650μs    126MiB    0.0%  4.21MiB
  compute_density                       30    4.75s    0.0%   158ms   8.18GiB    0.0%   279MiB
    symmetrize_ρ                        30    852ms    0.0%  28.4ms    660MiB    0.0%  22.0MiB
load_scfres                              1    40.4s    0.1%   40.4s   17.8GiB    0.0%  17.8GiB
  Instantiation AtomicNonlocal           1    28.5s    0.0%   28.5s   9.92GiB    0.0%  9.92GiB
  energy_hamiltonian                     1    3.56s    0.0%   3.56s   1.62GiB    0.0%  1.62GiB
    ene_ops                              1    3.40s    0.0%   3.40s    387MiB    0.0%   387MiB
      ene_ops: xc                        1    2.17s    0.0%   2.17s    328MiB    0.0%   328MiB
      ene_ops: nonlocal                  1    305ms    0.0%   305ms   11.0MiB    0.0%  11.0MiB
      ene_ops: kinetic                   1   73.0ms    0.0%  73.0ms    977KiB    0.0%   977KiB
      ene_ops: hartree                   1   6.58ms    0.0%  6.58ms   20.2MiB    0.0%  20.2MiB
      ene_ops: local                     1    817μs    0.0%   817μs   4.21MiB    0.0%  4.21MiB
  Instantiation Xc                       1    1.10s    0.0%   1.10s    140MiB    0.0%   140MiB
    enforce_real!                        1   1.47ms    0.0%  1.47ms      384B    0.0%     384B
  build_kpoints                          1    712ms    0.0%   712ms   2.10GiB    0.0%  2.10GiB
  Instantiation AtomicLocal              1    435ms    0.0%   435ms   64.3MiB    0.0%  64.3MiB
    enforce_real!                        1   1.28ms    0.0%  1.28ms      384B    0.0%     384B
  Instantiation Ewald                    1   66.1ms    0.0%  66.1ms   18.4MiB    0.0%  18.4MiB
    precomp: Ewald                       1    638μs    0.0%   638μs   3.06KiB    0.0%  3.06KiB
  Instantiation Kinetic                  1   48.4ms    0.0%  48.4ms    168MiB    0.0%   168MiB
  Instantiation PspCorrection            1   21.6ms    0.0%  21.6ms   2.76MiB    0.0%  2.76MiB
  Instantiation Hartree                  1   21.2ms    0.0%  21.2ms   11.7MiB    0.0%  11.7MiB
    enforce_real!                        1   1.20ms    0.0%  1.20ms      432B    0.0%     432B
  _check_kpoint_reduction                1   11.5ms    0.0%  11.5ms     0.00B    0.0%    0.00B
save_scfres                              2    6.51s    0.0%   3.25s    491MiB    0.0%   246MiB
symmetry_operations                     31   90.9ms    0.0%  2.93ms   9.52MiB    0.0%   314KiB
  _check_symmetries                     31   3.53ms    0.0%   114μs    756KiB    0.0%  24.4KiB
──────────────────────────────────────────────────────────────────────────────────────────────
