
DFTK Version      0.7.20
Julia Version     1.12.4
libxc Version     7.0.0
FFTW.jl provider  fftw v3.3.10

BLAS.get_config()
  LinearAlgebra.BLAS.LBTConfig
  Libraries: 
  └ [ILP64] libopenblas64_.so

MPI.versioninfo()
  MPIPreferences:
    binary:  MPICH_jll
    abi:     MPICH
  
  Package versions
    MPI.jl:             0.20.23
    MPIPreferences.jl:  0.1.11
    MPICH_jll:          4.3.2+0
  
  Library information:
    libmpi:  /data/vebak3345/.julia/artifacts/117d9048128625bb3418b0b4cca48739c5d28740/lib/libmpi.so
    libmpi dlpath:  /data/vebak3345/.julia/artifacts/117d9048128625bb3418b0b4cca48739c5d28740/lib/libmpi.so
    MPI version:  4.1.0
    Library version:  
      MPICH Version:      4.3.1
      MPICH Release date: Fri Jun 20 09:24:41 AM CDT 2025
      MPICH ABI:          17:1:5
      MPICH Device:       ch3:nemesis
      MPICH configure:    --build=x86_64-linux-musl --disable-dependency-tracking --disable-doc --enable-fast=ndebug,O3 --enable-static=no --host=x86_64-linux-gnu --prefix=/workspace/destdir --with-device=ch3 --with-hwloc=/workspace/destdir
      MPICH CC:           cc     -DNDEBUG -DNVALGRIND -O3
      MPICH CXX:          c++   -DNDEBUG -DNVALGRIND -O3
      MPICH F77:          gfortran   -O3
      MPICH FC:           gfortran   -O3
      MPICH features:     
      
    MPI launcher: /data/vebak3345/.julia/artifacts/117d9048128625bb3418b0b4cca48739c5d28740/bin/mpiexec
    MPI launcher path: /data/vebak3345/.julia/artifacts/117d9048128625bb3418b0b4cca48739c5d28740/bin/mpiexec
  


‖ρref - ρorig‖H-1 = 0.0
‖ρref - ρorig‖L2  = 0.0

# --- ε=1.0

n     Energy            log10(ΔE)   log10(Δρ)   Δtime 
---   ---------------   ---------   ---------   ------
  1   -27.28403205466                    0.02    11.0s
    ‖ρε - ρref‖ = 0.04350398861087223 ‖Δρ‖ = 0.5355255348090706  ‖vε - vref‖ = 5.6825299225760135  α = 1.0
  2   -27.79623311521       -0.29       -0.38    3.91s
    ‖ρε - ρref‖ = 0.4958860843672377 ‖Δρ‖ = 0.19784196638556645  ‖vε - vref‖ = 5.892605319047121  α = 1.0
  3   -27.90695097239       -0.96       -0.55    3.86s
    ‖ρε - ρref‖ = 0.38607581341511243 ‖Δρ‖ = 0.12876616399896393  ‖vε - vref‖ = 5.946571201492147  α = 0.367
  4   -27.93382285641       -1.57       -1.08    3.59s
    ‖ρε - ρref‖ = 0.26847811296150553 ‖Δρ‖ = 0.03507726598288091  ‖vε - vref‖ = 5.938698689373949  α = 0.359
  5   -27.94912586277       -1.82       -1.04    3.55s
    ‖ρε - ρref‖ = 0.2637560301322482 ‖Δρ‖ = 0.048424419326036805  ‖vε - vref‖ = 5.908140526349783  α = 0.493
  6   -27.95341957204       -2.37       -1.53    3.09s
    ‖ρε - ρref‖ = 0.3093831528507004 ‖Δρ‖ = 0.018155006178592253  ‖vε - vref‖ = 5.882717616162871  α = 1.0
  7   -27.95584926810       -2.61       -1.66    3.19s
    ‖ρε - ρref‖ = 0.32613776315965787 ‖Δρ‖ = 0.0121080255097418  ‖vε - vref‖ = 5.882263656428849  α = 1.0
  8   -27.95737479845       -2.82       -1.59    4.65s
    ‖ρε - ρref‖ = 0.33036292842585796 ‖Δρ‖ = 0.01339289569671542  ‖vε - vref‖ = 5.885658915443266  α = 0.354
  9   -27.95759302772       -3.66       -2.11    2.56s
    ‖ρε - ρref‖ = 0.3243287226460882 ‖Δρ‖ = 0.003582015607885549  ‖vε - vref‖ = 5.889384999321832  α = 1.0
 10   -27.95805835772       -3.33       -2.22    2.44s
    ‖ρε - ρref‖ = 0.3218530896218737 ‖Δρ‖ = 0.0031917735318281086  ‖vε - vref‖ = 5.886968516443048  α = 1.0

#-- ‖ρε - ρref‖ = 0.3242926934511809 vs. 0.01 = δ*ε ‖vε - vref‖ = 5.884919871139541


# --- ε=0.5623413251903491

n     Energy            log10(ΔE)   log10(Δρ)   Δtime 
---   ---------------   ---------   ---------   ------
  1   -27.89304775967                   -1.28    5.69s
    ‖ρε - ρref‖ = 0.32430184606516665 ‖Δρ‖ = 0.029165801568664725  ‖vε - vref‖ = 5.599708208087117  α = 1.0
  2   -27.89458519672       -2.81       -1.80    4.03s
    ‖ρε - ρref‖ = 0.29917414579720325 ‖Δρ‖ = 0.009386915865545683  ‖vε - vref‖ = 5.60517979587481  α = 0.39
  3   -27.89547934312       -3.05       -1.58    3.62s
    ‖ρε - ρref‖ = 0.28915097594568595 ‖Δρ‖ = 0.013251058870782801  ‖vε - vref‖ = 5.594136068973738  α = 0.486
  4   -27.89565596217       -3.75       -2.02    4.25s
    ‖ρε - ρref‖ = 0.2948333164868388 ‖Δρ‖ = 0.0046354423093699  ‖vε - vref‖ = 5.590361085324977  α = 0.39
  5   -27.89570402070       -4.32       -2.71    2.51s
    ‖ρε - ρref‖ = 0.2983583013514514 ‖Δρ‖ = 0.0010195463962158746  ‖vε - vref‖ = 5.589699831146934  α = 1.0

#-- ‖ρε - ρref‖ = 0.2980839986268381 vs. 0.005623413251903491 = δ*ε ‖vε - vref‖ = 5.591060494533483


# --- ε=0.31622776601683794

n     Energy            log10(ΔE)   log10(Δρ)   Δtime 
---   ---------------   ---------   ---------   ------
  1   -27.80190915667                   -1.06    5.45s
    ‖ρε - ρref‖ = 0.2981259571029662 ‖Δρ‖ = 0.04862212937315714  ‖vε - vref‖ = 5.23418872764047  α = 1.0
  2   -27.80344736087       -2.81       -1.46    2.30s
    ‖ρε - ρref‖ = 0.2496882200989262 ‖Δρ‖ = 0.01658521405447138  ‖vε - vref‖ = 5.197843072611151  α = 1.0
  3   -27.80606661876       -2.58       -1.58    3.90s
    ‖ρε - ρref‖ = 0.25093626256271506 ‖Δρ‖ = 0.012835720265852023  ‖vε - vref‖ = 5.1720513537315185  α = 0.482
  4   -27.80687370916       -3.09       -1.75    4.41s
    ‖ρε - ρref‖ = 0.26293322388375134 ‖Δρ‖ = 0.008578949889134359  ‖vε - vref‖ = 5.172942001933941  α = 0.375
  5   -27.80714173531       -3.57       -1.85    4.27s
    ‖ρε - ρref‖ = 0.2649644196235928 ‖Δρ‖ = 0.006435031171214207  ‖vε - vref‖ = 5.180049847572042  α = 0.391
  6   -27.80719095037       -4.31       -2.46    2.66s
    ‖ρε - ρref‖ = 0.26120914401517187 ‖Δρ‖ = 0.001854839309888667  ‖vε - vref‖ = 5.18826202954418  α = 1.0
  7   -27.80723409395       -4.37       -2.70    3.81s
    ‖ρε - ρref‖ = 0.2598763476144909 ‖Δρ‖ = 0.0012729740732443083  ‖vε - vref‖ = 5.190075597736792  α = 0.464

#-- ‖ρε - ρref‖ = 0.25955128115936277 vs. 0.0031622776601683794 = δ*ε ‖vε - vref‖ = 5.1874961280953436


# --- ε=0.1778279410038923

n     Energy            log10(ΔE)   log10(Δρ)   Δtime 
---   ---------------   ---------   ---------   ------
  1   -27.67534260473                   -0.84    5.92s
    ‖ρε - ρref‖ = 0.2597135847490752 ‖Δρ‖ = 0.07792648272737394  ‖vε - vref‖ = 4.9205639599620135  α = 1.0
  2   -27.69008262665       -1.83       -1.13    2.29s
    ‖ρε - ρref‖ = 0.18220801150998114 ‖Δρ‖ = 0.036261983577633654  ‖vε - vref‖ = 4.700993871749873  α = 1.0
  3   -27.69405099007       -2.40       -1.36    3.77s
    ‖ρε - ρref‖ = 0.1971784340418377 ‖Δρ‖ = 0.022656605503541608  ‖vε - vref‖ = 4.647602803698623  α = 0.346
  4   -27.69508301312       -2.99       -1.57    4.16s
    ‖ρε - ρref‖ = 0.21909076544704947 ‖Δρ‖ = 0.01338548928521327  ‖vε - vref‖ = 4.6534623812066505  α = 0.381
  5   -27.69542164706       -3.47       -1.76    4.46s
    ‖ρε - ρref‖ = 0.2208341635205602 ‖Δρ‖ = 0.00801680455234655  ‖vε - vref‖ = 4.667773189105678  α = 0.344
  6   -27.69545478170       -4.48       -2.24    2.33s
    ‖ρε - ρref‖ = 0.21560834516757138 ‖Δρ‖ = 0.0031604897979032286  ‖vε - vref‖ = 4.689759039512516  α = 1.0
  7   -27.69551296183       -4.24       -2.91    3.98s
    ‖ρε - ρref‖ = 0.2125100091310207 ‖Δρ‖ = 0.0005674074498032115  ‖vε - vref‖ = 4.689653022787625  α = 0.48
  8   -27.69555332788       -4.39       -2.39    4.09s
    ‖ρε - ρref‖ = 0.21157349497622152 ‖Δρ‖ = 0.001955141174658773  ‖vε - vref‖ = 4.683269612456144  α = 0.488
  9   -27.69555951990       -5.21       -2.94    3.96s
    ‖ρε - ρref‖ = 0.2131445865008845 ‖Δρ‖ = 0.0006126014583801889  ‖vε - vref‖ = 4.681716448876202  α = 0.432
 10   -27.69556406858       -5.34       -3.31    3.90s
    ‖ρε - ρref‖ = 0.21361047470130357 ‖Δρ‖ = 0.00021930362157959775  ‖vε - vref‖ = 4.681242934086866  α = 0.522

#-- ‖ρε - ρref‖ = 0.21359284679770724 vs. 0.001778279410038923 = δ*ε ‖vε - vref‖ = 4.6825276359226535


# --- ε=0.1

n     Energy            log10(ΔE)   log10(Δρ)   Δtime 
---   ---------------   ---------   ---------   ------
  1   -27.56803006201                   -0.65    7.12s
    ‖ρε - ρref‖ = 0.28791861560871457 ‖Δρ‖ = 0.12115541719933565  ‖vε - vref‖ = 4.107435526238379  α = 0.387
  2   -27.57072685757       -2.57       -1.33    4.34s
    ‖ρε - ρref‖ = 0.17241660673556797 ‖Δρ‖ = 0.025625132787307582  ‖vε - vref‖ = 4.122088989580946  α = 0.372
  3   -27.57128536940       -3.25       -2.02    4.09s
    ‖ρε - ρref‖ = 0.1653372365814946 ‖Δρ‖ = 0.004961170960667646  ‖vε - vref‖ = 4.127624688981044  α = 0.403
  4   -27.57152489222       -3.62       -2.21    3.90s
    ‖ρε - ρref‖ = 0.1648302154664314 ‖Δρ‖ = 0.003045140785044225  ‖vε - vref‖ = 4.135392709897593  α = 0.401
  5   -27.57161741274       -4.03       -2.37    4.31s
    ‖ρε - ρref‖ = 0.16424070388316864 ‖Δρ‖ = 0.0015458524358694821  ‖vε - vref‖ = 4.138539293085983  α = 0.355
  6   -27.57165125381       -4.47       -2.86    2.61s
    ‖ρε - ρref‖ = 0.1639602203677934 ‖Δρ‖ = 0.0007241325656008712  ‖vε - vref‖ = 4.136795222593463  α = 1.0
  7   -27.57166374333       -4.90       -3.18    4.10s
    ‖ρε - ρref‖ = 0.16398819408835774 ‖Δρ‖ = 0.0002517511747566027  ‖vε - vref‖ = 4.137206570024653  α = 0.423

#-- ‖ρε - ρref‖ = 0.16391260179448428 vs. 0.001 = δ*ε ‖vε - vref‖ = 4.138012585661937


# --- ε=0.05623413251903491

n     Energy            log10(ΔE)   log10(Δρ)   Δtime 
---   ---------------   ---------   ---------   ------
  1   -27.44907544552                   -0.48    7.41s
    ‖ρε - ρref‖ = 0.29342690128427745 ‖Δρ‖ = 0.17494774439453828  ‖vε - vref‖ = 3.6069339250850914  α = 0.26
  2   -27.45141655812       -2.63       -1.26    3.58s
    ‖ρε - ρref‖ = 0.12488374789491351 ‖Δρ‖ = 0.02982839454019506  ‖vε - vref‖ = 3.6089384324396434  α = 0.285
  3   -27.45196173636       -3.26       -2.17    3.65s
    ‖ρε - ρref‖ = 0.11815207753281548 ‖Δρ‖ = 0.003150072099485225  ‖vε - vref‖ = 3.628929164913485  α = 0.517
  4   -27.45208683625       -3.90       -2.39    3.59s
    ‖ρε - ρref‖ = 0.1174197125881912 ‖Δρ‖ = 0.001656148501472113  ‖vε - vref‖ = 3.6363294788211604  α = 0.401
  5   -27.45213071757       -4.36       -2.66    3.68s
    ‖ρε - ρref‖ = 0.11709777717821829 ‖Δρ‖ = 0.001113266288196924  ‖vε - vref‖ = 3.636109831554772  α = 0.313
  6   -27.45215467368       -4.62       -2.82    3.80s
    ‖ρε - ρref‖ = 0.11708419782306663 ‖Δρ‖ = 0.0006654936600403051  ‖vε - vref‖ = 3.6341774448245645  α = 0.515
  7   -27.45216249433       -5.11       -3.02    3.81s
    ‖ρε - ρref‖ = 0.1170932072299999 ‖Δρ‖ = 0.0004028874083122683  ‖vε - vref‖ = 3.635281119947364  α = 0.465
  8   -27.45216508023       -5.59       -3.54    3.67s
    ‖ρε - ρref‖ = 0.1170354258487747 ‖Δρ‖ = 0.00010297833234673019  ‖vε - vref‖ = 3.635644128619057  α = 0.425

#-- ‖ρε - ρref‖ = 0.11704266001306017 vs. 0.0005623413251903491 = δ*ε ‖vε - vref‖ = 3.635587941833625


# --- ε=0.03162277660168379

n     Energy            log10(ΔE)   log10(Δρ)   Δtime 
---   ---------------   ---------   ---------   ------
  1   -27.34920928256                   -0.35    7.52s
    ‖ρε - ρref‖ = 0.31150964307582524 ‖Δρ‖ = 0.23274671088050122  ‖vε - vref‖ = 3.2001069441786627  α = 0.164
  2   -27.35080007076       -2.80       -1.21    4.29s
    ‖ρε - ρref‖ = 0.0870712384655495 ‖Δρ‖ = 0.03262151125407482  ‖vε - vref‖ = 3.189783474640713  α = 0.191
  3   -27.35124738942       -3.35       -2.03    4.39s
    ‖ρε - ρref‖ = 0.07943615122585097 ‖Δρ‖ = 0.004551712957284588  ‖vε - vref‖ = 3.2240226108726717  α = 0.419
  4   -27.35134331449       -4.02       -2.52    4.51s
    ‖ρε - ρref‖ = 0.07853102690328355 ‖Δρ‖ = 0.0012294715300291  ‖vε - vref‖ = 3.22818723996755  α = 0.403
  5   -27.35137159562       -4.55       -2.93    4.10s
    ‖ρε - ρref‖ = 0.078425678807256 ‖Δρ‖ = 0.00040605631156524535  ‖vε - vref‖ = 3.2298353007363034  α = 0.298
  6   -27.35138505317       -4.87       -3.06    3.92s
    ‖ρε - ρref‖ = 0.07827339636807108 ‖Δρ‖ = 0.00025398398176806387  ‖vε - vref‖ = 3.2303179588971327  α = 0.419
  7   -27.35139016149       -5.29       -3.09    4.03s
    ‖ρε - ρref‖ = 0.07819102834296789 ‖Δρ‖ = 0.0002642210351398028  ‖vε - vref‖ = 3.2296628406383827  α = 0.434

#-- ‖ρε - ρref‖ = 0.07818602957302982 vs. 0.00031622776601683794 = δ*ε ‖vε - vref‖ = 3.230321905802776


# --- ε=0.01778279410038923

n     Energy            log10(ΔE)   log10(Δρ)   Δtime 
---   ---------------   ---------   ---------   ------
  1   -27.27431153213                   -0.26    7.53s
    ‖ρε - ρref‖ = 0.33462348919344576 ‖Δρ‖ = 0.2850599592520506  ‖vε - vref‖ = 2.8828024244023935  α = 0.1
  2   -27.27527870964       -3.01       -1.18    3.55s
    ‖ρε - ρref‖ = 0.061307665580841816 ‖Δρ‖ = 0.033969667538398904  ‖vε - vref‖ = 2.867081720888904  α = 0.119
  3   -27.27562410153       -3.46       -1.92    3.81s
    ‖ρε - ρref‖ = 0.05077948388527157 ‖Δρ‖ = 0.005501776499351847  ‖vε - vref‖ = 2.9127691192705454  α = 0.297
  4   -27.27570493139       -4.09       -2.38    3.85s
    ‖ρε - ρref‖ = 0.05000952955625579 ‖Δρ‖ = 0.0013952144093457956  ‖vε - vref‖ = 2.919010727558791  α = 0.337
  5   -27.27572943401       -4.61       -2.81    3.76s
    ‖ρε - ρref‖ = 0.04978792297070158 ‖Δρ‖ = 0.0005522346085962887  ‖vε - vref‖ = 2.921767150165851  α = 0.317
  6   -27.27573853369       -5.04       -2.96    4.23s
    ‖ρε - ρref‖ = 0.049592835678879316 ‖Δρ‖ = 0.0003354816674011853  ‖vε - vref‖ = 2.9239768771860914  α = 0.357
  7   -27.27574228613       -5.43       -3.01    4.00s
    ‖ρε - ρref‖ = 0.049491478598295856 ‖Δρ‖ = 0.0003168149576407077  ‖vε - vref‖ = 2.923521663864737  α = 0.395
  8   -27.27574371694       -5.84       -3.56    4.53s
    ‖ρε - ρref‖ = 0.049440300173225635 ‖Δρ‖ = 8.217606968004808e-5  ‖vε - vref‖ = 2.9243514735871377  α = 0.52
  9   -27.27574400501       -6.54       -3.99    4.35s
    ‖ρε - ρref‖ = 0.049432487910992376 ‖Δρ‖ = 2.7855223531662862e-5  ‖vε - vref‖ = 2.9242811865491007  α = 0.371

#-- ‖ρε - ρref‖ = 0.04944730889269528 vs. 0.0001778279410038923 = δ*ε ‖vε - vref‖ = 2.9240245438981076


# --- ε=0.01

n     Energy            log10(ΔE)   log10(Δρ)   Δtime 
---   ---------------   ---------   ---------   ------
  1   -27.22287367294                   -0.20    7.21s
    ‖ρε - ρref‖ = 0.3557541400704392 ‖Δρ‖ = 0.3258838830828939  ‖vε - vref‖ = 2.6265648696880204  α = 0.0594
  2   -27.22348432584       -3.21       -1.16    3.84s
    ‖ρε - ρref‖ = 0.04653902783080091 ‖Δρ‖ = 0.034476485337319805  ‖vε - vref‖ = 2.610192072903924  α = 0.074
  3   -27.22376552189       -3.55       -1.75    4.21s
    ‖ρε - ρref‖ = 0.03186234324853625 ‖Δρ‖ = 0.007579733645547827  ‖vε - vref‖ = 2.6676388660367865  α = 0.19
  4   -27.22383407563       -4.16       -2.29    3.84s
    ‖ρε - ρref‖ = 0.030556171376905653 ‖Δρ‖ = 0.0016040830139663707  ‖vε - vref‖ = 2.6772553566816955  α = 0.308
  5   -27.22385385773       -4.70       -2.63    3.74s
    ‖ρε - ρref‖ = 0.030375593216185003 ‖Δρ‖ = 0.0007792439213586742  ‖vε - vref‖ = 2.682184740645377  α = 0.322
  6   -27.22386037742       -5.19       -3.20    3.76s
    ‖ρε - ρref‖ = 0.030181857155781828 ‖Δρ‖ = 0.00023536460279839072  ‖vε - vref‖ = 2.6832493181537793  α = 0.432
  7   -27.22386184230       -5.83       -3.33    4.57s
    ‖ρε - ρref‖ = 0.03009400978719587 ‖Δρ‖ = 0.00014877331079492698  ‖vε - vref‖ = 2.6836245275605566  α = 0.311
  8   -27.22386266905       -6.08       -3.53    3.60s
    ‖ρε - ρref‖ = 0.030058701506010057 ‖Δρ‖ = 9.735435599550933e-5  ‖vε - vref‖ = 2.6851023994093772  α = 0.361
  9   -27.22386293522       -6.57       -4.07    3.83s
    ‖ρε - ρref‖ = 0.030034813631213426 ‖Δρ‖ = 2.8233316551762676e-5  ‖vε - vref‖ = 2.6848108769032892  α = 0.455

#-- ‖ρε - ρref‖ = 0.030039322571842608 vs. 0.0001 = δ*ε ‖vε - vref‖ = 2.684730053719354


# --- ε=0.005623413251903491

n     Energy            log10(ΔE)   log10(Δρ)   Δtime 
---   ---------------   ---------   ---------   ------
  1   -27.18968264744                   -0.16    6.87s
    ‖ρε - ρref‖ = 0.3713969849174967 ‖Δρ‖ = 0.35395209102674396  ‖vε - vref‖ = 2.4103423206755252  α = 0.0348
  2   -27.19011479355       -3.36       -1.14    3.85s
    ‖ρε - ρref‖ = 0.03964122939200758 ‖Δρ‖ = 0.034697238534971316  ‖vε - vref‖ = 2.3926715588512946  α = 0.0481
  3   -27.19038065943       -3.58       -1.56    4.30s
    ‖ρε - ρref‖ = 0.022005836528494496 ‖Δρ‖ = 0.011220849021202755  ‖vε - vref‖ = 2.454464117113361  α = 0.109
  4   -27.19043488387       -4.27       -2.22    3.97s
    ‖ρε - ρref‖ = 0.018165754493688888 ‖Δρ‖ = 0.001827233832262243  ‖vε - vref‖ = 2.472833825895528  α = 0.237
  5   -27.19045130714       -4.78       -2.56    3.79s
    ‖ρε - ρref‖ = 0.01805905506542333 ‖Δρ‖ = 0.00091173299196654  ‖vε - vref‖ = 2.4804231310448865  α = 0.251
  6   -27.19045718857       -5.23       -2.99    4.01s
    ‖ρε - ρref‖ = 0.017931696561643177 ‖Δρ‖ = 0.0003569680500375183  ‖vε - vref‖ = 2.4771136079377554  α = 0.331
  7   -27.19045903654       -5.73       -3.39    4.36s
    ‖ρε - ρref‖ = 0.017856799831608303 ‖Δρ‖ = 0.0001319168519116366  ‖vε - vref‖ = 2.4804044455571543  α = 0.311
  8   -27.19045978414       -6.13       -3.65    4.23s
    ‖ρε - ρref‖ = 0.01781472015854957 ‖Δρ‖ = 6.442277275234717e-5  ‖vε - vref‖ = 2.4813414688065816  α = 0.344
  9   -27.19046005477       -6.57       -3.86    4.24s
    ‖ρε - ρref‖ = 0.017789766835895053 ‖Δρ‖ = 3.968732962497461e-5  ‖vε - vref‖ = 2.481151474208403  α = 0.373
 10   -27.19046016726       -6.95       -3.87    4.49s
    ‖ρε - ρref‖ = 0.017778175019304857 ‖Δρ‖ = 3.613557840346638e-5  ‖vε - vref‖ = 2.4815206026677834  α = 0.357

#-- ‖ρε - ρref‖ = 0.017781651011359714 vs. 5.6234132519034914e-5 = δ*ε ‖vε - vref‖ = 2.481340843424561


# --- ε=0.0031622776601683794

n     Energy            log10(ΔE)   log10(Δρ)   Δtime 
---   ---------------   ---------   ---------   ------
  1   -27.16913724925                   -0.14    7.41s
    ‖ρε - ρref‖ = 0.3816349669727919 ‖Δρ‖ = 0.3716535511594905  ‖vε - vref‖ = 2.2357873370365193  α = 0.0202
  2   -27.16947261287       -3.47       -1.12    4.18s
    ‖ρε - ρref‖ = 0.03705727989507757 ‖Δρ‖ = 0.03494687465664523  ‖vε - vref‖ = 2.2096473898573574  α = 0.0324
  3   -27.16973519902       -3.58       -1.39    3.51s
    ‖ρε - ρref‖ = 0.020533989979464023 ‖Δρ‖ = 0.016426445239721605  ‖vε - vref‖ = 2.258642363885737  α = 0.0604
  4   -27.16978320717       -4.32       -2.08    3.66s
    ‖ρε - ρref‖ = 0.01082671165953805 ‖Δρ‖ = 0.0023573937667494584  ‖vε - vref‖ = 2.287722687640106  α = 0.157
  5   -27.16979516574       -4.92       -2.51    3.94s
    ‖ρε - ρref‖ = 0.010577440925338504 ‖Δρ‖ = 0.0010595570502040569  ‖vε - vref‖ = 2.2993025494139085  α = 0.169
  6   -27.16980115874       -5.22       -2.88    4.27s
    ‖ρε - ρref‖ = 0.010480702639293685 ‖Δρ‖ = 0.0004072870351355355  ‖vε - vref‖ = 2.295578981488488  α = 0.23
  7   -27.16980327421       -5.67       -3.13    3.89s
    ‖ρε - ρref‖ = 0.010433865130476892 ‖Δρ‖ = 0.00019303825494147004  ‖vε - vref‖ = 2.298153063440226  α = 0.28
  8   -27.16980416506       -6.05       -3.42    4.17s
    ‖ρε - ρref‖ = 0.010405117172938565 ‖Δρ‖ = 0.00010318910620917319  ‖vε - vref‖ = 2.29867707292064  α = 0.352
  9   -27.16980442577       -6.58       -3.32    4.32s
    ‖ρε - ρref‖ = 0.010391510045487091 ‖Δρ‖ = 0.0001287760951989705  ‖vε - vref‖ = 2.2987925951992296  α = 0.197
 10   -27.16980461195       -6.73       -3.81    3.80s
    ‖ρε - ρref‖ = 0.01037534827630521 ‖Δρ‖ = 4.68746650695621e-5  ‖vε - vref‖ = 2.2992666399080033  α = 0.336
 11   -27.16980468550       -7.13       -3.99    4.41s
    ‖ρε - ρref‖ = 0.010370875068410097 ‖Δρ‖ = 3.299149210685928e-5  ‖vε - vref‖ = 2.299286817471823  α = 0.317
 12   -27.16980469361       -8.09       -3.56    4.77s
    ‖ρε - ρref‖ = 0.010248023236282594 ‖Δρ‖ = 0.00013470525745009655  ‖vε - vref‖ = 2.2989302672936427  α = 0.0401
 13   -27.16980471955       -7.59       -4.05    4.82s
    ‖ρε - ρref‖ = 0.010384118164590995 ‖Δρ‖ = 3.428080179373284e-5  ‖vε - vref‖ = 2.299089534801797  α = 0.174
 14   -27.16980472224       -8.57       -3.76    4.42s
    ‖ρε - ρref‖ = 0.010377464954546937 ‖Δρ‖ = 8.952274212542847e-5  ‖vε - vref‖ = 2.2991011507745327  α = 0.0342
 15   -27.16980473350       -7.95       -4.36    4.03s
    ‖ρε - ρref‖ = 0.010373075813936969 ‖Δρ‖ = 1.4810060133911724e-5  ‖vε - vref‖ = 2.2993556438439158  α = 0.24
 16   -27.16980473656       -8.51       -4.24    4.44s
    ‖ρε - ρref‖ = 0.010370278355729484 ‖Δρ‖ = 1.8537511488125633e-5  ‖vε - vref‖ = 2.2991682143082377  α = 0.157

#-- ‖ρε - ρref‖ = 0.010372242994636082 vs. 3.1622776601683795e-5 = δ*ε ‖vε - vref‖ = 2.2991481307293973


# --- ε=0.0017782794100389228

n     Energy            log10(ΔE)   log10(Δρ)   Δtime 
---   ---------------   ---------   ---------   ------
  1   -27.15676579272                   -0.13    7.02s
    ‖ρε - ρref‖ = 0.38789586095853906 ‖Δρ‖ = 0.38225201865044756  ‖vε - vref‖ = 2.117228793231682  α = 0.0116
  2   -27.15703123870       -3.58       -1.10    4.12s
    ‖ρε - ρref‖ = 0.036223152758802286 ‖Δρ‖ = 0.03519414133460387  ‖vε - vref‖ = 2.0694715136724766  α = 0.022
  3   -27.15726979821       -3.62       -1.25    3.85s
    ‖ρε - ρref‖ = 0.024469311703957875 ‖Δρ‖ = 0.02273163581297299  ‖vε - vref‖ = 2.080195662873709  α = 0.0328
  4   -27.15732282881       -4.28       -1.92    3.72s
    ‖ρε - ρref‖ = 0.00705621312976615 ‖Δρ‖ = 0.003239066708474981  ‖vε - vref‖ = 2.1182704173721834  α = 0.101
  5   -27.15733078839       -5.10       -2.40    4.42s
    ‖ρε - ρref‖ = 0.006259892717672829 ‖Δρ‖ = 0.0013525877008144329  ‖vε - vref‖ = 2.1310541627859756  α = 0.0948
  6   -27.15733648600       -5.24       -2.79    3.62s
    ‖ρε - ρref‖ = 0.006067623033016055 ‖Δρ‖ = 0.00043236784439563356  ‖vε - vref‖ = 2.1334335054491342  α = 0.175
  7   -27.15733850298       -5.70       -3.01    3.98s
    ‖ρε - ρref‖ = 0.0060363584940351135 ‖Δρ‖ = 0.0002521296817362062  ‖vε - vref‖ = 2.1364184672001723  α = 0.197
  8   -27.15733917074       -6.18       -3.21    4.38s
    ‖ρε - ρref‖ = 0.006028898923058332 ‖Δρ‖ = 0.00016491377532283822  ‖vε - vref‖ = 2.136148730714213  α = 0.191
  9   -27.15733959969       -6.37       -3.29    4.92s
    ‖ρε - ρref‖ = 0.006028340300761946 ‖Δρ‖ = 0.00014737333433594092  ‖vε - vref‖ = 2.1353553267283716  α = 0.167
 10   -27.15733984968       -6.60       -3.59    4.43s
    ‖ρε - ρref‖ = 0.006011144619246874 ‖Δρ‖ = 7.748619571744554e-5  ‖vε - vref‖ = 2.135501319898906  α = 0.211
 11   -27.15733995986       -6.96       -3.77    4.86s
    ‖ρε - ρref‖ = 0.006009116591504691 ‖Δρ‖ = 6.011426756841722e-5  ‖vε - vref‖ = 2.135908699594459  α = 0.209
 12   -27.15734000138       -7.38       -3.93    4.42s
    ‖ρε - ρref‖ = 0.005963871964094924 ‖Δρ‖ = 5.338092459181458e-5  ‖vε - vref‖ = 2.135419798423486  α = 0.144
 13   -27.15734004215       -7.39       -3.14    4.69s
    ‖ρε - ρref‖ = 0.006247818807196748 ‖Δρ‖ = 0.0003000663966397642  ‖vε - vref‖ = 2.1360512546395736  α = 0.0248
 14   -27.15734004756       -8.27       -3.75    4.18s
    ‖ρε - ρref‖ = 0.006010405863884528 ‖Δρ‖ = 8.81637479126921e-5  ‖vε - vref‖ = 2.1360689890518905  α = 0.0369
 15   -27.15734007614       -7.54       -3.88    4.05s
    ‖ρε - ρref‖ = 0.006004009210513706 ‖Δρ‖ = 4.051594284578796e-5  ‖vε - vref‖ = 2.1362246468482784  α = 0.1
 16   -27.15734008332       -8.14       -4.00    3.82s
    ‖ρε - ρref‖ = 0.005999805731726059 ‖Δρ‖ = 3.060344194061749e-5  ‖vε - vref‖ = 2.135957489166879  α = 0.119
 17   -27.15734009079       -8.13       -4.13    4.05s
    ‖ρε - ρref‖ = 0.006005119361389638 ‖Δρ‖ = 1.827885317288703e-5  ‖vε - vref‖ = 2.136082806011913  α = 0.158
 18   -27.15734009370       -8.54       -4.37    4.09s
    ‖ρε - ρref‖ = 0.00600407496601519 ‖Δρ‖ = 1.293417691532958e-5  ‖vε - vref‖ = 2.1361050113447235  α = 0.164
 19   -27.15734009563       -8.71       -4.39    4.02s
    ‖ρε - ρref‖ = 0.006003437150061284 ‖Δρ‖ = 1.248359883549054e-5  ‖vε - vref‖ = 2.1361232044189373  α = 0.131

#-- ‖ρε - ρref‖ = 0.006003743423847758 vs. 1.778279410038923e-5 = δ*ε ‖vε - vref‖ = 2.1360665981048212


# --- ε=0.001

n     Energy            log10(ΔE)   log10(Δρ)   Δtime 
---   ---------------   ---------   ---------   ------
  1   -27.14946016513                   -0.12    6.59s
    ‖ρε - ρref‖ = 0.39138543675228754 ‖Δρ‖ = 0.3882128575264859  ‖vε - vref‖ = 2.0634899411712855  α = 0.00664
  2   -27.14966258305       -3.69       -1.08    3.69s
    ‖ρε - ρref‖ = 0.03588196030868736 ‖Δρ‖ = 0.03531155284590389  ‖vε - vref‖ = 1.980616038489232  α = 0.0146
  3   -27.14985626916       -3.71       -1.14    4.37s
    ‖ρε - ρref‖ = 0.03022969348616312 ‖Δρ‖ = 0.029320400653491417  ‖vε - vref‖ = 1.930489147620073  α = 0.0178
  4   -27.14991558870       -4.23       -1.77    4.44s
    ‖ρε - ρref‖ = 0.005885168870707789 ‖Δρ‖ = 0.004376528158189274  ‖vε - vref‖ = 1.9661830843470747  α = 0.0644
  5   -27.14992168969       -5.21       -2.30    3.66s
    ‖ρε - ρref‖ = 0.003961999553234215 ‖Δρ‖ = 0.0016839809942373611  ‖vε - vref‖ = 1.9786890259563081  α = 0.0536
  6   -27.14992695372       -5.28       -2.62    3.72s
    ‖ρε - ρref‖ = 0.0035482791915228775 ‖Δρ‖ = 0.0005772226739325953  ‖vε - vref‖ = 1.9892150143989988  α = 0.117
  7   -27.14992887088       -5.72       -2.87    4.47s
    ‖ρε - ρref‖ = 0.003482506826783768 ‖Δρ‖ = 0.0003373169891621269  ‖vε - vref‖ = 1.9957056265963047  α = 0.124
  8   -27.14992944696       -6.24       -3.02    4.47s
    ‖ρε - ρref‖ = 0.0034757295358528286 ‖Δρ‖ = 0.00025443673548559867  ‖vε - vref‖ = 1.9962363474463263  α = 0.102
  9   -27.14992992201       -6.32       -3.26    3.95s
    ‖ρε - ρref‖ = 0.0034758191606965574 ‖Δρ‖ = 0.00015944709056785232  ‖vε - vref‖ = 1.994996460524993  α = 0.122
 10   -27.14993013014       -6.68       -3.38    4.52s
    ‖ρε - ρref‖ = 0.003462916603525304 ‖Δρ‖ = 0.00012115949784755024  ‖vε - vref‖ = 1.9943462092202162  α = 0.125
 11   -27.14993031962       -6.72       -3.64    4.16s
    ‖ρε - ρref‖ = 0.003464482010740013 ‖Δρ‖ = 6.957638598297284e-5  ‖vε - vref‖ = 1.993899290856459  α = 0.166
 12   -27.14993038419       -7.19       -3.81    4.74s
    ‖ρε - ρref‖ = 0.003492174412530122 ‖Δρ‖ = 5.174170118672656e-5  ‖vε - vref‖ = 1.9946287619756373  α = 0.148
 13   -27.14993042670       -7.37       -2.79    4.15s
    ‖ρε - ρref‖ = 0.0030194048884638024 ‖Δρ‖ = 0.0006068745057512435  ‖vε - vref‖ = 1.9941632957278503  α = 0.0111
 14   -27.14993043689       -7.99       -3.58    4.64s
    ‖ρε - ρref‖ = 0.0034526093148670475 ‖Δρ‖ = 0.00011969592289760427  ‖vε - vref‖ = 1.994183986865181  α = 0.0279
 15   -27.14993047836       -7.38       -3.25    4.07s
    ‖ρε - ρref‖ = 0.0034721637464899344 ‖Δρ‖ = 0.00014097135492817283  ‖vε - vref‖ = 1.9943320389473675  α = 0.042
 16   -27.14993049356       -7.82       -3.80    3.81s
    ‖ρε - ρref‖ = 0.0034696892805832174 ‖Δρ‖ = 4.980672179227529e-5  ‖vε - vref‖ = 1.9947220225911877  α = 0.0842
 17   -27.14993051327       -7.71       -3.73    4.58s
    ‖ρε - ρref‖ = 0.0034570696788540113 ‖Δρ‖ = 3.908121605147524e-5  ‖vε - vref‖ = 1.9944896922962039  α = 0.105
 18   -27.14993052181       -8.07       -4.10    4.00s
    ‖ρε - ρref‖ = 0.0034606136021513327 ‖Δρ‖ = 2.598117981144021e-5  ‖vε - vref‖ = 1.9944837767386883  α = 0.114
 19   -27.14993053103       -8.04       -3.92    3.97s
    ‖ρε - ρref‖ = 0.0034622979827464437 ‖Δρ‖ = 2.9879117298120818e-5  ‖vε - vref‖ = 1.9944360807439563  α = 0.0879
 20   -27.14993053481       -8.42       -4.44    3.99s
    ‖ρε - ρref‖ = 0.0034621192113251536 ‖Δρ‖ = 7.91074400312165e-6  ‖vε - vref‖ = 1.9945562728659123  α = 0.214
 21   -27.14993053632       -8.82       -4.35    3.96s
    ‖ρε - ρref‖ = 0.0034610752763044217 ‖Δρ‖ = 1.1249220202471093e-5  ‖vε - vref‖ = 1.9944826627264478  α = 0.112
 22   -27.14993053745       -8.95       -4.42    4.23s
    ‖ρε - ρref‖ = 0.0034611849532983686 ‖Δρ‖ = 9.263663196397895e-6  ‖vε - vref‖ = 1.9944309726229834  α = 0.11
 23   -27.14993053805       -9.22       -4.80    4.68s
    ‖ρε - ρref‖ = 0.0034615601999526007 ‖Δρ‖ = 5.001710603897276e-6  ‖vε - vref‖ = 1.9945102640950723  α = 0.143

#-- ‖ρε - ρref‖ = 0.0034614328252381282 vs. 1.0e-5 = δ*ε ‖vε - vref‖ = 1.9945215862275487


# --- ε=0.0005623413251903491

n     Energy            log10(ΔE)   log10(Δρ)   Δtime 
---   ---------------   ---------   ---------   ------
  1   -27.14520979955                   -0.12    7.42s
    ‖ρε - ρref‖ = 0.3932724132859933 ‖Δρ‖ = 0.39149303151131454  ‖vε - vref‖ = 2.0691151855037617  α = 0.00378
  2   -27.14535516942       -3.84       -1.07    3.76s
    ‖ρε - ρref‖ = 0.0356250245459732 ‖Δρ‖ = 0.035287381306160104  ‖vε - vref‖ = 1.9440512973348643  α = 0.0094
  3   -27.14549761156       -3.85       -1.06    4.45s
    ‖ρε - ρref‖ = 0.03595924804714695 ‖Δρ‖ = 0.035427057989286276  ‖vε - vref‖ = 1.823375708163366  α = 0.00968
  4   -27.14555566329       -4.24       -1.66    4.01s
    ‖ρε - ρref‖ = 0.006189708661234976 ‖Δρ‖ = 0.005572234607990597  ‖vε - vref‖ = 1.836550737664275  α = 0.0396
  5   -27.14556124484       -5.25       -2.22    4.33s
    ‖ρε - ρref‖ = 0.0029365468158213505 ‖Δρ‖ = 0.0019830235733983713  ‖vε - vref‖ = 1.848870880806367  α = 0.0337
  6   -27.14556719530       -5.23       -2.41    3.87s
    ‖ρε - ρref‖ = 0.0022513027385962316 ‖Δρ‖ = 0.0008861222481084256  ‖vε - vref‖ = 1.8662897301307255  α = 0.0702
  7   -27.14556922105       -5.69       -2.66    4.02s
    ‖ρε - ρref‖ = 0.0020586048789929226 ‖Δρ‖ = 0.0005145927264441603  ‖vε - vref‖ = 1.8763365905207523  α = 0.0716
  8   -27.14556971835       -6.30       -2.85    4.12s
    ‖ρε - ρref‖ = 0.0020203863814621695 ‖Δρ‖ = 0.000377979942017615  ‖vε - vref‖ = 1.878244636668163  α = 0.0528
  9   -27.14557023166       -6.29       -3.18    4.51s
    ‖ρε - ρref‖ = 0.002000372327686268 ‖Δρ‖ = 0.00017828559549509633  ‖vε - vref‖ = 1.8785408383690854  α = 0.0935
 10   -27.14557044950       -6.66       -3.18    4.41s
    ‖ρε - ρref‖ = 0.001992153928853557 ‖Δρ‖ = 0.00019312181570103914  ‖vε - vref‖ = 1.8783886339669662  α = 0.064
 11   -27.14557064929       -6.70       -3.55    4.60s
    ‖ρε - ρref‖ = 0.0019896118787165232 ‖Δρ‖ = 8.281441488981879e-5  ‖vε - vref‖ = 1.877876374601195  α = 0.117
 12   -27.14557066043       -7.95       -3.25    3.73s
    ‖ρε - ρref‖ = 0.0017662690961019732 ‖Δρ‖ = 0.0002599714201333665  ‖vε - vref‖ = 1.8774714320623835  α = 0.0111
 13   -27.14557073673       -7.12       -3.19    4.21s
    ‖ρε - ρref‖ = 0.0020297947692766993 ‖Δρ‖ = 0.0001580483488549414  ‖vε - vref‖ = 1.8773183079044449  α = 0.0421
 14   -27.14557074591       -8.04       -3.45    4.07s
    ‖ρε - ρref‖ = 0.001994753113862925 ‖Δρ‖ = 0.0001482340372441865  ‖vε - vref‖ = 1.877263106572122  α = 0.0168
 15   -27.14557080884       -7.20       -3.12    3.84s
    ‖ρε - ρref‖ = 0.001992605342109782 ‖Δρ‖ = 0.00015370692916180138  ‖vε - vref‖ = 1.8770158065545457  α = 0.0358
 16   -27.14557084200       -7.48       -3.83    4.12s
    ‖ρε - ρref‖ = 0.001997390194062398 ‖Δρ‖ = 4.283790412407951e-5  ‖vε - vref‖ = 1.87765560785285  α = 0.102
 17   -27.14557086167       -7.71       -3.40    4.61s
    ‖ρε - ρref‖ = 0.0019845617341635656 ‖Δρ‖ = 9.916689339915163e-5  ‖vε - vref‖ = 1.8775065711243524  α = 0.0373
 18   -27.14557087750       -7.80       -3.85    3.69s
    ‖ρε - ρref‖ = 0.0019882202239213742 ‖Δρ‖ = 3.298186272385577e-5  ‖vε - vref‖ = 1.8772304349343634  α = 0.0948
 19   -27.14557088533       -8.11       -3.72    4.51s
    ‖ρε - ρref‖ = 0.001988614560947463 ‖Δρ‖ = 6.242560010311123e-5  ‖vε - vref‖ = 1.8771227599339224  α = 0.038
 20   -27.14557089654       -7.95       -3.99    4.69s
    ‖ρε - ρref‖ = 0.001993142352408393 ‖Δρ‖ = 2.2787026147243415e-5  ‖vε - vref‖ = 1.8777195977037038  α = 0.104
 21   -27.14557090285       -8.20       -4.06    4.25s
    ‖ρε - ρref‖ = 0.001990679772353461 ‖Δρ‖ = 2.3488818368459997e-5  ‖vε - vref‖ = 1.877659408472672  α = 0.0817
 22   -27.14557090631       -8.46       -4.00    4.19s
    ‖ρε - ρref‖ = 0.0019895207692873663 ‖Δρ‖ = 2.5283061781703683e-5  ‖vε - vref‖ = 1.8775066145996278  α = 0.0621
 23   -27.14557091034       -8.39       -4.28    4.70s
    ‖ρε - ρref‖ = 0.0019883144740339173 ‖Δρ‖ = 1.3569808106013843e-5  ‖vε - vref‖ = 1.8774282141401566  α = 0.104
 24   -27.14557091082       -9.32       -4.07    4.40s
    ‖ρε - ρref‖ = 0.002020367130077542 ‖Δρ‖ = 3.630668335830276e-5  ‖vε - vref‖ = 1.8775019516217806  α = 0.0161
 25   -27.14557091185       -8.99       -3.72    4.76s
    ‖ρε - ρref‖ = 0.0019692074252285574 ‖Δρ‖ = 6.187273991531537e-5  ‖vε - vref‖ = 1.877479292484282  α = 0.0142
 26   -27.14557091200       -9.81       -4.16    4.65s
    ‖ρε - ρref‖ = 0.001989290619540392 ‖Δρ‖ = 3.3006754291103775e-5  ‖vε - vref‖ = 1.877483432939105  α = 0.00967
 27   -27.14557091334       -8.87       -4.27    4.26s
    ‖ρε - ρref‖ = 0.001991988609698296 ‖Δρ‖ = 1.332250900145851e-5  ‖vε - vref‖ = 1.8775252216641083  α = 0.0573
 28   -27.14557091389       -9.25       -4.75    3.93s
    ‖ρε - ρref‖ = 0.001989857416734042 ‖Δρ‖ = 4.844085529633204e-6  ‖vε - vref‖ = 1.8774580881692877  α = 0.119
 29   -27.14557091432       -9.37       -5.01    4.48s
    ‖ρε - ρref‖ = 0.0019906193113177627 ‖Δρ‖ = 2.6969991215896563e-6  ‖vε - vref‖ = 1.877516779140624  α = 0.156

#-- ‖ρε - ρref‖ = 0.0019904095832703307 vs. 5.623413251903491e-6 = δ*ε ‖vε - vref‖ = 1.877503855801635


# --- ε=0.00031622776601683794

n     Energy            log10(ΔE)   log10(Δρ)   Δtime 
---   ---------------   ---------   ---------   ------
  1   -27.14276567670                   -0.11    6.76s
    ‖ρε - ρref‖ = 0.39432765747233617 ‖Δρ‖ = 0.39333013116442633  ‖vε - vref‖ = 2.1186769232402822  α = 0.00214
  2   -27.14286379724       -4.01       -1.06    4.03s
    ‖ρε - ρref‖ = 0.03538772508215236 ‖Δρ‖ = 0.035184909785637965  ‖vε - vref‖ = 1.954111723915723  α = 0.00586
  3   -27.14296060448       -4.01       -1.00    3.75s
    ‖ρε - ρref‖ = 0.04084863707896017 ‖Δρ‖ = 0.040529250257286493  ‖vε - vref‖ = 1.7688171165992996  α = 0.00532
  4   -27.14300957253       -4.31       -1.58    3.63s
    ‖ρε - ρref‖ = 0.0069336514058252465 ‖Δρ‖ = 0.0066421182069962515  ‖vε - vref‖ = 1.7416055679517115  α = 0.0236
  5   -27.14301517280       -5.25       -2.15    4.14s
    ‖ρε - ρref‖ = 0.002631020018784998 ‖Δρ‖ = 0.0022410099236595898  ‖vε - vref‖ = 1.7523074174642796  α = 0.0228
  6   -27.14302233767       -5.14       -2.19    4.19s
    ‖ρε - ρref‖ = 0.0019166955062288745 ‖Δρ‖ = 0.0014027010346966062  ‖vε - vref‖ = 1.7709542986925462  α = 0.0394
  7   -27.14302460587       -5.64       -2.47    3.81s
    ‖ρε - ρref‖ = 0.0013985317096342844 ‖Δρ‖ = 0.0007836416672041398  ‖vε - vref‖ = 1.7815403698443721  α = 0.0405
  8   -27.14302508314       -6.32       -2.69    4.59s
    ‖ρε - ρref‖ = 0.0012594113804935056 ‖Δρ‖ = 0.0005475725062111215  ‖vε - vref‖ = 1.7840704039871043  α = 0.0282
  9   -27.14302556678       -6.32       -3.04    3.77s
    ‖ρε - ρref‖ = 0.0011668737830517611 ‖Δρ‖ = 0.00023394874535734474  ‖vε - vref‖ = 1.7862280456774478  α = 0.0584
 10   -27.14302578123       -6.67       -3.02    4.12s
    ‖ρε - ρref‖ = 0.0011632528336804175 ‖Δρ‖ = 0.00026494681359883116  ‖vε - vref‖ = 1.7871944569766656  α = 0.0367
 11   -27.14302601223       -6.64       -3.40    4.63s
    ‖ρε - ρref‖ = 0.0011445859197211352 ‖Δρ‖ = 0.000104225688859727  ‖vε - vref‖ = 1.7878177489935723  α = 0.0799
 12   -27.14302602820       -7.80       -2.74    4.40s
    ‖ρε - ρref‖ = 0.00055124770647622 ‖Δρ‖ = 0.0008902626859767278  ‖vε - vref‖ = 1.787364535013667  α = 0.00292
 13   -27.14302612463       -7.02       -3.30    4.34s
    ‖ρε - ρref‖ = 0.0011600152893660193 ‖Δρ‖ = 0.0001269014079096159  ‖vε - vref‖ = 1.7873869660523802  α = 0.0468
 14   -27.14302615769       -7.48       -3.47    4.69s
    ‖ρε - ρref‖ = 0.0011279304505922548 ‖Δρ‖ = 9.454955013835187e-5  ‖vε - vref‖ = 1.7864512869758309  α = 0.0396
 15   -27.14302616813       -7.98       -3.13    3.84s
    ‖ρε - ρref‖ = 0.0011791277788591225 ‖Δρ‖ = 0.0002858461750415938  ‖vε - vref‖ = 1.7863993812608934  α = 0.00671
 16   -27.14302619808       -7.52       -2.88    3.78s
    ‖ρε - ρref‖ = 0.001209606065970289 ‖Δρ‖ = 0.0003137214469511326  ‖vε - vref‖ = 1.7865154060470805  α = 0.0112
 17   -27.14302622377       -7.59       -3.55    3.89s
    ‖ρε - ρref‖ = 0.0011524167082014394 ‖Δρ‖ = 7.040942557935157e-5  ‖vε - vref‖ = 1.7871095522317506  α = 0.0466
 18   -27.14302623582       -7.92       -3.60    4.82s
    ‖ρε - ρref‖ = 0.0011450544957747224 ‖Δρ‖ = 7.881755609892766e-5  ‖vε - vref‖ = 1.7871590966541429  α = 0.0288
 19   -27.14302625580       -7.70       -3.58    4.45s
    ‖ρε - ρref‖ = 0.0011366423697164994 ‖Δρ‖ = 5.7646676033429964e-5  ‖vε - vref‖ = 1.786559300379827  α = 0.0459
 20   -27.14302627129       -7.81       -3.91    4.02s
    ‖ρε - ρref‖ = 0.0011418399012516818 ‖Δρ‖ = 3.390280038349792e-5  ‖vε - vref‖ = 1.7867394490781996  α = 0.0682
 21   -27.14302628009       -8.06       -3.69    4.35s
    ‖ρε - ρref‖ = 0.0011445417521029225 ‖Δρ‖ = 4.803751532084588e-5  ‖vε - vref‖ = 1.7868946574519762  α = 0.0412
 22   -27.14302629060       -7.98       -3.82    4.44s
    ‖ρε - ρref‖ = 0.001144545579823821 ‖Δρ‖ = 3.6837939617841e-5  ‖vε - vref‖ = 1.786920606372347  α = 0.0509
 23   -27.14302629521       -8.34       -3.96    4.55s
    ‖ρε - ρref‖ = 0.0011413887701902687 ‖Δρ‖ = 3.198630689847042e-5  ‖vε - vref‖ = 1.786864110727161  α = 0.0442
 24   -27.14302629652       -8.88       -3.90    3.84s
    ‖ρε - ρref‖ = 0.0010972875908168214 ‖Δρ‖ = 5.258721234890503e-5  ‖vε - vref‖ = 1.786745242043089  α = 0.0139
 25   -27.14302630133       -8.32       -3.34    4.18s
    ‖ρε - ρref‖ = 0.0011830379308246598 ‖Δρ‖ = 0.00011975074264007931  ‖vε - vref‖ = 1.786729832215526  α = 0.0113
 26   -27.14302630544       -8.39       -4.15    4.34s
    ‖ρε - ρref‖ = 0.0011429204282939506 ‖Δρ‖ = 1.7739096000420613e-5  ‖vε - vref‖ = 1.7868809347135217  α = 0.0684
 27   -27.14302630670       -8.90       -4.38    4.17s
    ‖ρε - ρref‖ = 0.0011397718179800749 ‖Δρ‖ = 1.6559823408057157e-5  ‖vε - vref‖ = 1.7868278049805413  α = 0.0401
 28   -27.14302630798       -8.89       -3.44    4.44s
    ‖ρε - ρref‖ = 0.0011427006471273827 ‖Δρ‖ = 0.0001426387721631214  ‖vε - vref‖ = 1.7867925593949812  α = 0.00463
 29   -27.14302630995       -8.70       -3.83    3.81s
    ‖ρε - ρref‖ = 0.0011470905443835898 ‖Δρ‖ = 4.081310251447883e-5  ‖vε - vref‖ = 1.786877007077676  α = 0.0216
 30   -27.14302631107       -8.95       -4.25    4.58s
    ‖ρε - ρref‖ = 0.0011418358512667185 ‖Δρ‖ = 1.528296304180073e-5  ‖vε - vref‖ = 1.786928849862174  α = 0.0436
 31   -27.14302631170       -9.20       -4.18    3.77s
    ‖ρε - ρref‖ = 0.0011412366090747571 ‖Δρ‖ = 2.1264371093987192e-5  ‖vε - vref‖ = 1.786958675581487  α = 0.0243
 32   -27.14302631280       -8.96       -4.37    4.14s
    ‖ρε - ρref‖ = 0.001140568628838806 ‖Δρ‖ = 9.169513957527062e-6  ‖vε - vref‖ = 1.7868890797069914  α = 0.0663
 33   -27.14302631327       -9.32       -4.53    4.13s
    ‖ρε - ρref‖ = 0.0011418347654933636 ‖Δρ‖ = 7.263815979145006e-6  ‖vε - vref‖ = 1.7869225425289068  α = 0.0599
 34   -27.14302631358       -9.52       -4.33    4.23s
    ‖ρε - ρref‖ = 0.001141726040901514 ‖Δρ‖ = 1.1443655846666333e-5  ‖vε - vref‖ = 1.7869179865812477  α = 0.0318
 35   -27.14302631374       -9.79       -4.70    4.26s
    ‖ρε - ρref‖ = 0.001140996768947908 ‖Δρ‖ = 5.133390217522641e-6  ‖vε - vref‖ = 1.786858295783508  α = 0.0487
 36   -27.14302631386       -9.91       -4.82    4.22s
    ‖ρε - ρref‖ = 0.001143960909552713 ‖Δρ‖ = 4.591232907966685e-6  ‖vε - vref‖ = 1.786860193319507  α = 0.0464
 37   -27.14302631397       -9.97       -3.83    4.39s
    ‖ρε - ρref‖ = 0.0011072532253340506 ‖Δρ‖ = 4.859487422256054e-5  ‖vε - vref‖ = 1.786825886254968  α = 0.00412
 38   -27.14302631408       -9.95       -4.67    4.13s
    ‖ρε - ρref‖ = 0.0011419704975759557 ‖Δρ‖ = 5.934333541756597e-6  ‖vε - vref‖ = 1.7868448224903308  α = 0.0362
 39   -27.14302631410      -10.74       -5.00    3.82s
    ‖ρε - ρref‖ = 0.0011417249451801765 ‖Δρ‖ = 4.374060705711828e-6  ‖vε - vref‖ = 1.7868556562806708  α = 0.0189
 40   -27.14302631418      -10.11       -4.29    4.71s
    ‖ρε - ρref‖ = 0.0011430485958813963 ‖Δρ‖ = 1.2921607907798431e-5  ‖vε - vref‖ = 1.7868991008561552  α = 0.012
 41   -27.14302631422      -10.41       -4.65    4.70s
    ‖ρε - ρref‖ = 0.0011403952787901316 ‖Δρ‖ = 6.717629479620732e-6  ‖vε - vref‖ = 1.7868965637782632  α = 0.019
 42   -27.14302631425      -10.46       -5.10    4.38s
    ‖ρε - ρref‖ = 0.0011411662173516437 ‖Δρ‖ = 2.3018668041935125e-6  ‖vε - vref‖ = 1.7868905552698855  α = 0.0494
 43   -27.14302631427      -10.84       -4.99    4.45s
    ‖ρε - ρref‖ = 0.0011413878266708687 ‖Δρ‖ = 3.289246209401627e-6  ‖vε - vref‖ = 1.786888536945381  α = 0.0239
 44   -27.14302631429      -10.57       -5.16    4.75s
    ‖ρε - ρref‖ = 0.0011415144208869019 ‖Δρ‖ = 1.5684598868550843e-6  ‖vε - vref‖ = 1.786899805031452  α = 0.0607
 45   -27.14302631431      -10.87       -5.31    4.19s
    ‖ρε - ρref‖ = 0.0011412665424837159 ‖Δρ‖ = 1.0182747706635614e-6  ‖vε - vref‖ = 1.78688677489792  α = 0.0718

#-- ‖ρε - ρref‖ = 0.0011413521561658476 vs. 3.1622776601683796e-6 = δ*ε ‖vε - vref‖ = 1.7868829929330696


# --- ε=0.00017782794100389227

n     Energy            log10(ΔE)   log10(Δρ)   Δtime 
---   ---------------   ---------   ---------   ------
  1   -27.14137333657                   -0.11    7.19s
    ‖ρε - ρref‖ = 0.39487735407558494 ‖Δρ‖ = 0.39431796344144876  ‖vε - vref‖ = 2.1939297154898902  α = 0.00121
  2   -27.14143600328       -4.20       -1.06    4.34s
    ‖ρε - ρref‖ = 0.03517513856475997 ‖Δρ‖ = 0.0350544608378088  ‖vε - vref‖ = 1.999311746734817  α = 0.00355
  3   -27.14149796947       -4.21       -0.96    3.99s
    ‖ρε - ρref‖ = 0.044578381118981776 ‖Δρ‖ = 0.04438822621899711  ‖vε - vref‖ = 1.7656054014857698  α = 0.00295
  4   -27.14153458461       -4.44       -1.52    3.73s
    ‖ρε - ρref‖ = 0.007640400950578686 ‖Δρ‖ = 0.007486921677948683  ‖vε - vref‖ = 1.6909631507304843  α = 0.0138
  5   -27.14154003576       -5.26       -2.09    3.79s
    ‖ρε - ρref‖ = 0.00263813827928745 ‖Δρ‖ = 0.0024652062673556213  ‖vε - vref‖ = 1.695625152227122  α = 0.0155
  6   -27.14154762125       -5.12       -2.01    3.76s
    ‖ρε - ρref‖ = 0.0022909223342610697 ‖Δρ‖ = 0.0020974488102950438  ‖vε - vref‖ = 1.7044293444295469  α = 0.0213
  7   -27.14154992966       -5.64       -2.32    3.90s
    ‖ρε - ρref‖ = 0.0012916753261114063 ‖Δρ‖ = 0.0010907400240499  ‖vε - vref‖ = 1.7113089670748172  α = 0.0229
  8   -27.14155038739       -6.34       -2.56    3.78s
    ‖ρε - ρref‖ = 0.0009833934150855392 ‖Δρ‖ = 0.0007391053548446734  ‖vε - vref‖ = 1.7135245954741396  α = 0.0157
  9   -27.14155083515       -6.35       -2.88    3.80s
    ‖ρε - ρref‖ = 0.0007320340907108698 ‖Δρ‖ = 0.00031939449355452676  ‖vε - vref‖ = 1.7163658225381038  α = 0.0334
 10   -27.14155102299       -6.73       -2.87    4.88s
    ‖ρε - ρref‖ = 0.000735201877793851 ‖Δρ‖ = 0.0003501458755247598  ‖vε - vref‖ = 1.7180141504901079  α = 0.0205
 11   -27.14155124309       -6.66       -3.24    4.00s
    ‖ρε - ρref‖ = 0.0006692700081534886 ‖Δρ‖ = 0.00013561651384599283  ‖vε - vref‖ = 1.7201452146091791  α = 0.0494
 12   -27.14155126542       -7.65       -2.49    4.23s
    ‖ρε - ρref‖ = 0.0010714374482465477 ‖Δρ‖ = 0.0015879645797641576  ‖vε - vref‖ = 1.7196612643341986  α = 0.00145
 13   -27.14155137196       -6.97       -3.19    4.40s
    ‖ρε - ρref‖ = 0.0006835228452464641 ‖Δρ‖ = 0.00016142578592105982  ‖vε - vref‖ = 1.720469610743013  α = 0.031
 14   -27.14155138125       -8.03       -3.13    4.73s
    ‖ρε - ρref‖ = 0.0006939852858553996 ‖Δρ‖ = 0.00032153153125575305  ‖vε - vref‖ = 1.7202391161225785  α = 0.0045
 15   -27.14155140860       -7.56       -2.83    4.79s
    ‖ρε - ρref‖ = 0.0007254798361581346 ‖Δρ‖ = 0.0004480691259797713  ‖vε - vref‖ = 1.7197328712155966  α = 0.00582
 16   -27.14155145650       -7.32       -3.16    4.24s
    ‖ρε - ρref‖ = 0.0006782387394500956 ‖Δρ‖ = 0.00014191240906701936  ‖vε - vref‖ = 1.7200520001985726  α = 0.0233
 17   -27.14155148696       -7.52       -3.37    4.36s
    ‖ρε - ρref‖ = 0.0006754423811156572 ‖Δρ‖ = 0.0001045817613476871  ‖vε - vref‖ = 1.7206769068153642  α = 0.0266
 18   -27.14155150106       -7.85       -3.42    4.74s
    ‖ρε - ρref‖ = 0.0006636189408972881 ‖Δρ‖ = 0.00011580434962715574  ‖vε - vref‖ = 1.7206729237461285  α = 0.0162
 19   -27.14155152103       -7.70       -3.41    3.94s
    ‖ρε - ρref‖ = 0.0006482660809291209 ‖Δρ‖ = 8.889138522145876e-5  ‖vε - vref‖ = 1.7200387547633547  α = 0.0234
 20   -27.14155153520       -7.85       -3.73    4.66s
    ‖ρε - ρref‖ = 0.0006544493787808659 ‖Δρ‖ = 4.78656894770602e-5  ‖vε - vref‖ = 1.7200756320746717  α = 0.0372
 21   -27.14155154074       -8.26       -3.58    4.69s
    ‖ρε - ρref‖ = 0.0006580663955021507 ‖Δρ‖ = 6.109028823852903e-5  ‖vε - vref‖ = 1.7201319293589858  α = 0.0206
 22   -27.14155154967       -8.05       -3.78    4.80s
    ‖ρε - ρref‖ = 0.0006563919854465706 ‖Δρ‖ = 3.6618513122120234e-5  ‖vε - vref‖ = 1.7200975411980017  α = 0.0383
 23   -27.14155155446       -8.32       -3.81    4.39s
    ‖ρε - ρref‖ = 0.000653681732635949 ‖Δρ‖ = 4.41512944412596e-5  ‖vε - vref‖ = 1.7200174811745863  α = 0.0249
 24   -27.14155155558       -8.95       -3.77    4.72s
    ‖ρε - ρref‖ = 0.0005931214649246892 ‖Δρ‖ = 7.229643103147184e-5  ‖vε - vref‖ = 1.7199191291370157  α = 0.00707
 25   -27.14155156052       -8.31       -3.29    4.25s
    ‖ρε - ρref‖ = 0.0007041433214041607 ‖Δρ‖ = 0.0001425587537248849  ‖vε - vref‖ = 1.719897952755783  α = 0.00753
 26   -27.14155156165       -8.95       -3.75    4.52s
    ‖ρε - ρref‖ = 0.0006558517040676475 ‖Δρ‖ = 7.541742962775916e-5  ‖vε - vref‖ = 1.7198856332677002  α = 0.00641
 27   -27.14155156787       -8.21       -3.25    4.43s
    ‖ρε - ρref‖ = 0.0006626519434615608 ‖Δρ‖ = 0.00012716293133569766  ‖vε - vref‖ = 1.7198948937077287  α = 0.00908
 28   -27.14155156926       -8.86       -4.05    3.79s
    ‖ρε - ρref‖ = 0.0006578908998521754 ‖Δρ‖ = 2.8044630231366986e-5  ‖vε - vref‖ = 1.7200065566633942  α = 0.0217
 29   -27.14155157345       -8.38       -3.91    4.58s
    ‖ρε - ρref‖ = 0.0006544632420146788 ‖Δρ‖ = 2.7602203411255397e-5  ‖vε - vref‖ = 1.7200660291225498  α = 0.0324
 30   -27.14155157479       -8.87       -3.93    3.99s
    ‖ρε - ρref‖ = 0.0006507545113736725 ‖Δρ‖ = 3.6440122562607995e-5  ‖vε - vref‖ = 1.7200300165731843  α = 0.0157
 31   -27.14155157638       -8.80       -3.89    4.05s
    ‖ρε - ρref‖ = 0.0006490833339256007 ‖Δρ‖ = 3.0820763282137845e-5  ‖vε - vref‖ = 1.7199249982337246  α = 0.0202
 32   -27.14155157779       -8.85       -4.30    4.52s
    ‖ρε - ρref‖ = 0.0006532261644734557 ‖Δρ‖ = 1.2828407129729111e-5  ‖vε - vref‖ = 1.7200722652769103  α = 0.0436
 33   -27.14155157875       -9.02       -4.16    4.17s
    ‖ρε - ρref‖ = 0.0006530386387899981 ‖Δρ‖ = 1.6673318944552163e-5  ‖vε - vref‖ = 1.72012081269317  α = 0.0303
 34   -27.14155158019       -8.84       -4.08    4.83s
    ‖ρε - ρref‖ = 0.0006526873147798031 ‖Δρ‖ = 1.80297577041249e-5  ‖vε - vref‖ = 1.720115639158031  α = 0.0301
 35   -27.14155158095       -9.12       -4.28    4.10s
    ‖ρε - ρref‖ = 0.0006547041862994467 ‖Δρ‖ = 1.5216398621246396e-5  ‖vε - vref‖ = 1.7201257776998307  α = 0.0274
 36   -27.14155158105      -10.01       -3.76    3.77s
    ‖ρε - ρref‖ = 0.0005890349860903795 ‖Δρ‖ = 7.643058751883017e-5  ‖vε - vref‖ = 1.720099855354647  α = 0.002
 37   -27.14155158158       -9.27       -4.09    3.85s
    ‖ρε - ρref‖ = 0.0006548649194031113 ‖Δρ‖ = 1.9610192745216767e-5  ‖vε - vref‖ = 1.7200796182905012  α = 0.0191
 38   -27.14155158165      -10.16       -3.94    3.99s
    ‖ρε - ρref‖ = 0.0006557032118916252 ‖Δρ‖ = 5.204388969495859e-5  ‖vε - vref‖ = 1.720074018368325  α = 0.00233
 39   -27.14155158232       -9.18       -4.11    4.47s
    ‖ρε - ρref‖ = 0.0006521657948361336 ‖Δρ‖ = 1.535339220015621e-5  ‖vε - vref‖ = 1.7200213221652358  α = 0.0253
 40   -27.14155158272       -9.40       -4.44    4.20s
    ‖ρε - ρref‖ = 0.0006531399302682216 ‖Δρ‖ = 7.3980134671250085e-6  ‖vε - vref‖ = 1.7200482528491465  α = 0.0418
 41   -27.14155158285       -9.91       -4.42    3.71s
    ‖ρε - ρref‖ = 0.0006510325782105252 ‖Δρ‖ = 1.1250147466267845e-5  ‖vε - vref‖ = 1.7200272964564574  α = 0.016
 42   -27.14155158314       -9.53       -4.39    4.11s
    ‖ρε - ρref‖ = 0.000652164272435519 ‖Δρ‖ = 8.10965840511768e-6  ‖vε - vref‖ = 1.7200231570433162  α = 0.0309
 43   -27.14155158320      -10.20       -4.62    3.76s
    ‖ρε - ρref‖ = 0.0006530633196228878 ‖Δρ‖ = 8.258511818569626e-6  ‖vε - vref‖ = 1.7200333477670329  α = 0.0148
 44   -27.14155158334       -9.85       -4.63    3.93s
    ‖ρε - ρref‖ = 0.0006532872417334366 ‖Δρ‖ = 5.577723668708114e-6  ‖vε - vref‖ = 1.7200812648448223  α = 0.0323
 45   -27.14155158345       -9.96       -4.78    3.80s
    ‖ρε - ρref‖ = 0.0006517477735900607 ‖Δρ‖ = 3.9321754618829065e-6  ‖vε - vref‖ = 1.7200383860716162  α = 0.0391
 46   -27.14155158349      -10.46       -4.68    3.68s
    ‖ρε - ρref‖ = 0.0006521075374088384 ‖Δρ‖ = 5.104622339251054e-6  ‖vε - vref‖ = 1.7200295025109504  α = 0.0195
 47   -27.14155158355      -10.18       -4.85    3.94s
    ‖ρε - ρref‖ = 0.0006520790312355585 ‖Δρ‖ = 2.746794630478924e-6  ‖vε - vref‖ = 1.7200341505820103  α = 0.0427
 48   -27.14155158356      -11.22       -4.49    4.37s
    ‖ρε - ρref‖ = 0.000664248010356516 ‖Δρ‖ = 1.3963184733397208e-5  ‖vε - vref‖ = 1.7200402461988356  α = 0.00272
 49   -27.14155158359      -10.57       -4.61    3.80s
    ‖ρε - ρref‖ = 0.0006513304056467798 ‖Δρ‖ = 7.400049767217607e-6  ‖vε - vref‖ = 1.7200371138668265  α = 0.0105
 50   -27.14155158359      -11.46       -4.71    3.84s
    ‖ρε - ρref‖ = 0.0006518766756876366 ‖Δρ‖ = 9.004557209437278e-6  ‖vε - vref‖ = 1.7200372307967977  α = 0.00308
 51   -27.14155158362      -10.56       -4.72    3.70s
    ‖ρε - ρref‖ = 0.0006526545630661128 ‖Δρ‖ = 4.878613270708387e-6  ‖vε - vref‖ = 1.7200405060597883  α = 0.0166
 52   -27.14155158366      -10.40       -4.99    4.40s
    ‖ρε - ρref‖ = 0.0006524182455288962 ‖Δρ‖ = 1.9554785563533583e-6  ‖vε - vref‖ = 1.7200508870523252  α = 0.0449
 53   -27.14155158367      -10.80       -5.11    4.35s
    ‖ρε - ρref‖ = 0.0006521724351711076 ‖Δρ‖ = 1.5793341875473308e-6  ‖vε - vref‖ = 1.7200439717841303  α = 0.0398
 54   -27.14155158368      -11.11       -5.42    4.25s
    ‖ρε - ρref‖ = 0.0006525249423138844 ‖Δρ‖ = 1.0205141847691561e-6  ‖vε - vref‖ = 1.7200503925706079  α = 0.0423

#-- ‖ρε - ρref‖ = 0.0006523743124652825 vs. 1.7782794100389227e-6 = δ*ε ‖vε - vref‖ = 1.7200518230195665


# --- ε=0.0001

n     Energy            log10(ΔE)   log10(Δρ)   Δtime 
---   ---------------   ---------   ---------   ------
  1   -27.14058617614                   -0.11    7.31s
    ‖ρε - ρref‖ = 0.39517157306022377 ‖Δρ‖ = 0.3948577001925821  ‖vε - vref‖ = 2.2745765035816157  α = 0.000682
  2   -27.14062453621       -4.42       -1.06    3.92s
    ‖ρε - ρref‖ = 0.035010991467546194 ‖Δρ‖ = 0.0349402679081205  ‖vε - vref‖ = 2.060383070264525  α = 0.0021
  3   -27.14066249775       -4.42       -0.93    3.54s
    ‖ρε - ρref‖ = 0.04721689073906283 ‖Δρ‖ = 0.04710540709267728  ‖vε - vref‖ = 1.7957189764465231  α = 0.00165
  4   -27.14068751186       -4.60       -1.49    3.83s
    ‖ρε - ρref‖ = 0.00817610342158117 ‖Δρ‖ = 0.00809092823805269  ‖vε - vref‖ = 1.6778443340794698  α = 0.00801
  5   -27.14069226441       -5.32       -2.04    4.31s
    ‖ρε - ρref‖ = 0.0027399892304618054 ‖Δρ‖ = 0.002654424795164079  ‖vε - vref‖ = 1.6711750778107162  α = 0.0102
  6   -27.14069899541       -5.17       -1.87    4.25s
    ‖ρε - ρref‖ = 0.002931871988156186 ‖Δρ‖ = 0.002843952081603894  ‖vε - vref‖ = 1.6600150574926167  α = 0.0115
  7   -27.14070102397       -5.69       -2.22    3.48s
    ‖ρε - ρref‖ = 0.0014434896734282052 ‖Δρ‖ = 0.0013768025569551954  ‖vε - vref‖ = 1.6598302751124074  α = 0.0131
  8   -27.14070143457       -6.39       -2.46    3.61s
    ‖ρε - ρref‖ = 0.000997023824345066 ‖Δρ‖ = 0.0009241873340266439  ‖vε - vref‖ = 1.6609554534368902  α = 0.00906
  9   -27.14070184407       -6.39       -2.75    4.42s
    ‖ρε - ρref‖ = 0.0005706660826526024 ‖Δρ‖ = 0.00042130092016887094  ‖vε - vref‖ = 1.6632372530475596  α = 0.019
 10   -27.14070200403       -6.80       -2.75    4.02s
    ‖ρε - ρref‖ = 0.0005819015235606533 ‖Δρ‖ = 0.0004490375390964932  ‖vε - vref‖ = 1.6648868914672152  α = 0.0115
 11   -27.14070219683       -6.71       -3.08    3.64s
    ‖ρε - ρref‖ = 0.0004206803253337255 ‖Δρ‖ = 0.00017945392293894607  ‖vε - vref‖ = 1.6677231187882815  α = 0.0286
 12   -27.14070221881       -7.66       -2.36    3.77s
    ‖ρε - ρref‖ = 0.0018468709648520438 ‖Δρ‖ = 0.0021550125681288686  ‖vε - vref‖ = 1.6672834500048754  α = 0.000795
 13   -27.14070231516       -7.02       -3.05    3.56s
    ‖ρε - ρref‖ = 0.0004393201163276403 ‖Δρ‖ = 0.00021104339609772074  ‖vε - vref‖ = 1.6687626901873747  α = 0.018
 14   -27.14070232137       -8.21       -2.79    3.73s
    ‖ρε - ρref‖ = 0.0008733085694008574 ‖Δρ‖ = 0.0008136138080047568  ‖vε - vref‖ = 1.6686761907744951  α = 0.00107
 15   -27.14070234697       -7.59       -3.00    3.95s
    ‖ρε - ρref‖ = 0.00043866672624318234 ‖Δρ‖ = 0.00028996961925216983  ‖vε - vref‖ = 1.6686536368686933  α = 0.00691
 16   -27.14070239346       -7.33       -3.04    3.70s
    ‖ρε - ρref‖ = 0.0004276470078158319 ‖Δρ‖ = 0.00018169266029425483  ‖vε - vref‖ = 1.6698053280920966  α = 0.0141
 17   -27.14070241691       -7.63       -3.36    3.73s
    ‖ρε - ρref‖ = 0.00040168373776054505 ‖Δρ‖ = 0.00011724271381525377  ‖vε - vref‖ = 1.6703635493178546  α = 0.0154
 18   -27.14070243494       -7.74       -3.14    3.69s
    ‖ρε - ρref‖ = 0.00043153917853685635 ‖Δρ‖ = 0.00020540193531266545  ‖vε - vref‖ = 1.6706435541767097  α = 0.008
 19   -27.14070245897       -7.62       -3.45    3.74s
    ‖ρε - ρref‖ = 0.00036659874785489513 ‖Δρ‖ = 7.562053178214078e-5  ‖vε - vref‖ = 1.6701375475680258  α = 0.0237
 20   -27.14070247538       -7.78       -3.48    3.87s
    ‖ρε - ρref‖ = 0.00038488848942566645 ‖Δρ‖ = 8.461276443402225e-5  ‖vε - vref‖ = 1.6702184838890712  α = 0.018
 21   -27.14070248295       -8.12       -3.35    3.87s
    ‖ρε - ρref‖ = 0.00039353920256477673 ‖Δρ‖ = 0.00010538116967857902  ‖vε - vref‖ = 1.6702959530285961  α = 0.0105
 22   -27.14070249516       -7.91       -3.64    4.57s
    ‖ρε - ρref‖ = 0.0003773314486053702 ‖Δρ‖ = 4.666838305123693e-5  ‖vε - vref‖ = 1.6700721419899185  α = 0.027
 23   -27.14070249949       -8.36       -3.60    4.22s
    ‖ρε - ρref‖ = 0.00037756026980418234 ‖Δρ‖ = 7.131943637496413e-5  ‖vε - vref‖ = 1.6699128055281656  α = 0.0114
 24   -27.14070250009       -9.22       -3.63    3.70s
    ‖ρε - ρref‖ = 0.00028551491728905077 ‖Δρ‖ = 0.00010658980389396757  ‖vε - vref‖ = 1.669844590353085  α = 0.00266
 25   -27.14070250519       -8.29       -3.37    3.76s
    ‖ρε - ρref‖ = 0.0003974728025205074 ‖Δρ‖ = 0.00010078590484091077  ‖vε - vref‖ = 1.669716861732946  α = 0.00825
 26   -27.14070250572       -9.28       -3.37    4.00s
    ‖ρε - ρref‖ = 0.0004173878588512866 ‖Δρ‖ = 0.00018926013239516733  ‖vε - vref‖ = 1.6697002038163833  α = 0.00134
 27   -27.14070250987       -8.38       -3.52    4.11s
    ‖ρε - ρref‖ = 0.00038087128667367657 ‖Δρ‖ = 6.799427781152038e-5  ‖vε - vref‖ = 1.6697179920408152  α = 0.0114
 28   -27.14070251070       -9.08       -4.01    4.31s
    ‖ρε - ρref‖ = 0.000378143741514104 ‖Δρ‖ = 2.9867190489381265e-5  ‖vε - vref‖ = 1.6697770603370543  α = 0.0121
 29   -27.14070251362       -8.53       -3.87    3.81s
    ‖ρε - ρref‖ = 0.0003738119293387585 ‖Δρ‖ = 2.8810623928825113e-5  ‖vε - vref‖ = 1.669775756080083  α = 0.021
 30   -27.14070251513       -8.82       -3.87    3.82s
    ‖ρε - ρref‖ = 0.000370912665247906 ‖Δρ‖ = 3.8252038378454744e-5  ‖vε - vref‖ = 1.6697452865287519  α = 0.0119
 31   -27.14070251717       -8.69       -3.72    4.44s
    ‖ρε - ρref‖ = 0.0003701158122366925 ‖Δρ‖ = 4.645500360766518e-5  ‖vε - vref‖ = 1.6696711776018431  α = 0.0111
 32   -27.14070251876       -8.80       -4.12    3.69s
    ‖ρε - ρref‖ = 0.0003735626869599593 ‖Δρ‖ = 1.8290566999500126e-5  ‖vε - vref‖ = 1.6697991345083552  α = 0.0255
 33   -27.14070251977       -9.00       -4.02    4.13s
    ‖ρε - ρref‖ = 0.0003720933860732209 ‖Δρ‖ = 2.3030166382435974e-5  ‖vε - vref‖ = 1.6698170174660256  α = 0.0173
 34   -27.14070252103       -8.90       -3.85    4.16s
    ‖ρε - ρref‖ = 0.00037205466842362496 ‖Δρ‖ = 2.8041042564629062e-5  ‖vε - vref‖ = 1.6698052221243362  α = 0.0152
 35   -27.14070252210       -8.97       -4.13    3.64s
    ‖ρε - ρref‖ = 0.00036957723895569513 ‖Δρ‖ = 1.7788862223085067e-5  ‖vε - vref‖ = 1.6698256126406616  α = 0.0213
 36   -27.14070252223       -9.90       -3.65    3.59s
    ‖ρε - ρref‖ = 0.0004520410908206076 ‖Δρ‖ = 9.37198109842052e-5  ‖vε - vref‖ = 1.6698461156685604  α = 0.00138
 37   -27.14070252290       -9.17       -3.76    3.93s
    ‖ρε - ρref‖ = 0.00036738759021378886 ‖Δρ‖ = 4.009854435247002e-5  ‖vε - vref‖ = 1.6698037206583  α = 0.0078
 38   -27.14070252298      -10.08       -3.72    4.25s
    ‖ρε - ρref‖ = 0.000374024575955717 ‖Δρ‖ = 7.830080361537428e-5  ‖vε - vref‖ = 1.6697974874203545  α = 0.00129
 39   -27.14070252370       -9.14       -3.93    4.17s
    ‖ρε - ρref‖ = 0.00037141146673727495 ‖Δρ‖ = 2.4831963752897606e-5  ‖vε - vref‖ = 1.6697280576737599  α = 0.0131
 40   -27.14070252432       -9.21       -4.23    3.68s
    ‖ρε - ρref‖ = 0.0003727420022001349 ‖Δρ‖ = 1.2646097782692061e-5  ‖vε - vref‖ = 1.6697296110602242  α = 0.0237
 41   -27.14070252453       -9.67       -4.29    3.76s
    ‖ρε - ρref‖ = 0.00036992047766333064 ‖Δρ‖ = 1.5308652049233014e-5  ‖vε - vref‖ = 1.6697054619088427  α = 0.0118
 42   -27.14070252526       -9.14       -4.14    3.99s
    ‖ρε - ρref‖ = 0.00037174044504731363 ‖Δρ‖ = 1.487834883271013e-5  ‖vε - vref‖ = 1.6697044808757204  α = 0.0203
 43   -27.14070252544       -9.74       -4.31    3.69s
    ‖ρε - ρref‖ = 0.0003734859791158564 ‖Δρ‖ = 1.623123912891265e-5  ‖vε - vref‖ = 1.669723644758932  α = 0.00973
 44   -27.14070252592       -9.32       -4.22    4.20s
    ‖ρε - ρref‖ = 0.0003741008575105437 ‖Δρ‖ = 1.3535099783258862e-5  ‖vε - vref‖ = 1.6698109427461187  α = 0.0188
 45   -27.14070252624       -9.49       -4.38    3.73s
    ‖ρε - ρref‖ = 0.00036983773027608453 ‖Δρ‖ = 9.212800789019809e-6  ‖vε - vref‖ = 1.6697605323059959  α = 0.0237
 46   -27.14070252636       -9.91       -4.38    3.89s
    ‖ρε - ρref‖ = 0.00037119175317967655 ‖Δρ‖ = 1.0585783365500388e-5  ‖vε - vref‖ = 1.6697554127345315  α = 0.0134
 47   -27.14070252671       -9.46       -4.41    3.89s
    ‖ρε - ρref‖ = 0.0003720936052790639 ‖Δρ‖ = 7.0294520109765066e-6  ‖vε - vref‖ = 1.6697814531999307  α = 0.029
 48   -27.14070252677      -10.24       -4.35    3.73s
    ‖ρε - ρref‖ = 0.000360462006117002 ‖Δρ‖ = 1.6133051634701427e-5  ‖vε - vref‖ = 1.669766795552486  α = 0.00527
 49   -27.14070252687      -10.01       -3.70    3.87s
    ‖ρε - ρref‖ = 0.0004040411340542308 ‖Δρ‖ = 6.156396532845407e-5  ‖vε - vref‖ = 1.6697719111151523  α = 0.0019
 50   -27.14070252688      -10.85       -4.27    4.08s
    ‖ρε - ρref‖ = 0.00037665252685373306 ‖Δρ‖ = 2.4145232144023263e-5  ‖vε - vref‖ = 1.6697732569251957  α = 0.0017
 51   -27.14070252697      -10.04       -4.21    4.59s
    ‖ρε - ρref‖ = 0.0003713912577417107 ‖Δρ‖ = 1.4647420158984092e-5  ‖vε - vref‖ = 1.669779682391526  α = 0.00808
 52   -27.14070252709       -9.94       -4.63    4.42s
    ‖ρε - ρref‖ = 0.000371891470235832 ‖Δρ‖ = 5.207751024994561e-6  ‖vε - vref‖ = 1.669796710921735  α = 0.0244
 53   -27.14070252718      -10.02       -4.58    4.05s
    ‖ρε - ρref‖ = 0.00037149216149130233 ‖Δρ‖ = 4.9339102893234e-6  ‖vε - vref‖ = 1.6697905978497718  α = 0.0237
 54   -27.14070252721      -10.55       -4.51    4.24s
    ‖ρε - ρref‖ = 0.0003706587777722496 ‖Δρ‖ = 8.710649896905768e-6  ‖vε - vref‖ = 1.6697811066106423  α = 0.00744
 55   -27.14070252728      -10.13       -4.70    4.02s
    ‖ρε - ρref‖ = 0.00037193419581558367 ‖Δρ‖ = 4.624386163901959e-6  ‖vε - vref‖ = 1.6697830068310848  α = 0.0214
 56   -27.14070252730      -10.73       -4.81    4.64s
    ‖ρε - ρref‖ = 0.00037172468557123805 ‖Δρ‖ = 4.721483244658659e-6  ‖vε - vref‖ = 1.6697790076766232  α = 0.0108
 57   -27.14070252735      -10.37       -4.61    4.32s
    ‖ρε - ρref‖ = 0.0003712797802172863 ‖Δρ‖ = 4.544331064059465e-6  ‖vε - vref‖ = 1.6697667295967227  α = 0.0168
 58   -27.14070252737      -10.60       -4.94    4.32s
    ‖ρε - ρref‖ = 0.0003718163302545067 ‖Δρ‖ = 2.4187395030348686e-6  ‖vε - vref‖ = 1.669769618255205  α = 0.0251
 59   -27.14070252740      -10.51       -5.16    3.70s
    ‖ρε - ρref‖ = 0.00037135182765232196 ‖Δρ‖ = 1.4244172785905716e-6  ‖vε - vref‖ = 1.6697627857581123  α = 0.0431
 60   -27.14070252740      -11.62       -4.29    4.38s
    ‖ρε - ρref‖ = 0.00038914918918270947 ‖Δρ‖ = 2.1884669965127605e-5  ‖vε - vref‖ = 1.6697651077677416  α = 0.000825
 61   -27.14070252741      -11.22       -5.02    4.53s
    ‖ρε - ρref‖ = 0.0003714458603910271 ‖Δρ‖ = 2.9458965187531833e-6  ‖vε - vref‖ = 1.6697621317785714  α = 0.00995
 62   -27.14070252742      -11.18       -4.19    4.51s
    ‖ρε - ρref‖ = 0.0003659326915963582 ‖Δρ‖ = 1.8973573424709418e-5  ‖vε - vref‖ = 1.669757564720096  α = 0.0015
 63   -27.14070252743      -10.99       -5.03    4.16s
    ‖ρε - ρref‖ = 0.00037165675689154943 ‖Δρ‖ = 2.1728635514087984e-6  ‖vε - vref‖ = 1.6697597689093846  α = 0.0176
 64   -27.14070252744      -10.96       -4.93    4.60s
    ‖ρε - ρref‖ = 0.0003719379832903854 ‖Δρ‖ = 2.5871512903891592e-6  ‖vε - vref‖ = 1.6697716606174149  α = 0.0154
 65   -27.14070252744      -11.29       -5.04    3.76s
    ‖ρε - ρref‖ = 0.00037177165745032635 ‖Δρ‖ = 2.25088028458041e-6  ‖vε - vref‖ = 1.6697767279237083  α = 0.0127
 66   -27.14070252745      -11.04       -5.19    4.17s
    ‖ρε - ρref‖ = 0.00037168295855031423 ‖Δρ‖ = 1.3654276438222423e-6  ‖vε - vref‖ = 1.6697792626760843  α = 0.0254
 67   -27.14070252746      -11.39       -4.82    4.22s
    ‖ρε - ρref‖ = 0.0003710912348490091 ‖Δρ‖ = 4.010024380848968e-6  ‖vε - vref‖ = 1.6697750976454546  α = 0.00598
 68   -27.14070252746      -11.32       -5.23    4.61s
    ‖ρε - ρref‖ = 0.00037148578860283295 ‖Δρ‖ = 1.3233884523214174e-6  ‖vε - vref‖ = 1.6697701293485592  α = 0.0201
 69   -27.14070252746      -11.70       -5.36    3.84s
    ‖ρε - ρref‖ = 0.0003717158936116732 ‖Δρ‖ = 1.224051940051843e-6  ‖vε - vref‖ = 1.6697709485890997  α = 0.0138
 70   -27.14070252747      -11.51       -5.11    4.25s
    ‖ρε - ρref‖ = 0.00037167131904658983 ‖Δρ‖ = 1.668350447210217e-6  ‖vε - vref‖ = 1.6697723872144792  α = 0.0124
 71   -27.14070252747      -11.54       -5.38    3.71s
    ‖ρε - ρref‖ = 0.0003712648316787758 ‖Δρ‖ = 9.158520671698018e-7  ‖vε - vref‖ = 1.6697671173541302  α = 0.021
 72   -27.14070252747      -12.38       -4.61    3.77s
    ‖ρε - ρref‖ = 0.00037836915299734476 ‖Δρ‖ = 9.362652799594462e-6  ‖vε - vref‖ = 1.6697677511983242  α = 0.000824
 73   -27.14070252747      -12.04       -5.61    3.81s
    ‖ρε - ρref‖ = 0.0003717518937964647 ‖Δρ‖ = 9.30106696931279e-7  ‖vε - vref‖ = 1.6697690313671905  α = 0.0114
 74   -27.14070252747      -11.75       -4.63    4.07s
    ‖ρε - ρref‖ = 0.00037043184620876637 ‖Δρ‖ = 6.965361859421111e-6  ‖vε - vref‖ = 1.6697706127557845  α = 0.00207
 75   -27.14070252747      -11.86       -5.80    3.78s
    ‖ρε - ρref‖ = 0.00037165552627565725 ‖Δρ‖ = 3.9221402960910435e-7  ‖vε - vref‖ = 1.6697737998269844  α = 0.0345
 76   -27.14070252747      -11.98       -5.37    4.27s
    ‖ρε - ρref‖ = 0.0003716288357847214 ‖Δρ‖ = 1.0459680632790727e-6  ‖vε - vref‖ = 1.66977581888151  α = 0.012
 77   -27.14070252748      -11.98       -5.52    3.73s
    ‖ρε - ρref‖ = 0.00037154067038376316 ‖Δρ‖ = 6.408193349491827e-7  ‖vε - vref‖ = 1.6697753261201052  α = 0.0192
 78   -27.14070252748      -12.21       -5.46    4.53s
    ‖ρε - ρref‖ = 0.00037159467826113274 ‖Δρ‖ = 8.542857816596747e-7  ‖vε - vref‖ = 1.6697750215982894  α = 0.0114

#-- ‖ρε - ρref‖ = 0.00037159916238245364 vs. 1.0000000000000002e-6 = δ*ε ‖vε - vref‖ = 1.6697743063815094


# --- ε=5.623413251903491e-5

n     Energy            log10(ΔE)   log10(Δρ)   Δtime 
---   ---------------   ---------   ---------   ------
  1   -27.14014355769                   -0.11    7.30s
    ‖ρε - ρref‖ = 0.39532817277155047 ‖Δρ‖ = 0.3951519569939535  ‖vε - vref‖ = 2.343445592384801  α = 0.000384
  2   -27.14016633538       -4.64       -1.05    3.82s
    ‖ρε - ρref‖ = 0.034892071127644496 ‖Δρ‖ = 0.03485117770889879  ‖vε - vref‖ = 2.117487364927112  α = 0.00122
  3   -27.14018889825       -4.65       -0.92    4.03s
    ‖ρε - ρref‖ = 0.048974997400374906 ‖Δρ‖ = 0.048910510580184745  ‖vε - vref‖ = 1.8344699661231754  α = 0.000922
  4   -27.14020490213       -4.80       -1.47    3.77s
    ‖ρε - ρref‖ = 0.008546089249251121 ‖Δρ‖ = 0.008497955190120931  ‖vε - vref‖ = 1.6830231268487263  α = 0.0046
  5   -27.14020855672       -5.44       -2.00    3.61s
    ‖ρε - ρref‖ = 0.002846635840826968 ‖Δρ‖ = 0.0028009350032692833  ‖vε - vref‖ = 1.6624278007754747  α = 0.00639
  6   -27.14021369782       -5.29       -1.77    3.88s
    ‖ρε - ρref‖ = 0.0035521727857180828 ‖Δρ‖ = 0.003506379801091395  ‖vε - vref‖ = 1.6277112835384637  α = 0.0062
  7   -27.14021526220       -5.81       -2.16    3.97s
    ‖ρε - ρref‖ = 0.001633374773704111 ‖Δρ‖ = 0.0016076534116000929  ‖vε - vref‖ = 1.61917507046522  α = 0.00746
  8   -27.14021559937       -6.47       -2.38    3.89s
    ‖ρε - ρref‖ = 0.001103970768952467 ‖Δρ‖ = 0.0010816727750652454  ‖vε - vref‖ = 1.6186719464383525  α = 0.0053
  9   -27.14021596065       -6.44       -2.64    4.29s
    ‖ρε - ρref‖ = 0.0005759354751770425 ‖Δρ‖ = 0.0005269159174544305  ‖vε - vref‖ = 1.6193731243284957  α = 0.0109
 10   -27.14021610021       -6.86       -2.65    4.44s
    ‖ρε - ρref‖ = 0.0006004824009349661 ‖Δρ‖ = 0.0005606714984237621  ‖vε - vref‖ = 1.620541807910863  α = 0.00653
 11   -27.14021627513       -6.76       -2.95    4.12s
    ‖ρε - ρref‖ = 0.0003288045526501813 ‖Δρ‖ = 0.00023802384571878772  ‖vε - vref‖ = 1.623122811124038  α = 0.0161
 12   -27.14021629310       -7.75       -2.29    3.88s
    ‖ρε - ρref‖ = 0.0023696272728189237 ‖Δρ‖ = 0.0025453700964140867  ‖vε - vref‖ = 1.622724211540878  α = 0.000456
 13   -27.14021637525       -7.09       -2.91    4.80s
    ‖ρε - ρref‖ = 0.0003663035511229905 ‖Δρ‖ = 0.00028603608443178647  ‖vε - vref‖ = 1.6242161033028544  α = 0.00963
 14   -27.14021638173       -8.19       -2.56    4.13s
    ‖ρε - ρref‖ = 0.0014148353179690156 ‖Δρ‖ = 0.001407080412633752  ‖vε - vref‖ = 1.62416077242977  α = 0.000473
 15   -27.14021640343       -7.66       -3.00    4.18s
    ‖ρε - ρref‖ = 0.0003302730074294052 ‖Δρ‖ = 0.00027489328318254513  ‖vε - vref‖ = 1.6244433961210025  α = 0.00517
 16   -27.14021643970       -7.44       -2.90    4.62s
    ‖ρε - ρref‖ = 0.000347250674998199 ‖Δρ‖ = 0.0002514309407893137  ‖vε - vref‖ = 1.626010700299491  α = 0.00709
 17   -27.14021645571       -7.80       -3.32    4.22s
    ‖ρε - ρref‖ = 0.0002557916366630234 ‖Δρ‖ = 0.00013392106705236904  ‖vε - vref‖ = 1.6266083651327272  α = 0.00848
 18   -27.14021647152       -7.80       -3.03    4.03s
    ‖ρε - ρref‖ = 0.00032250768459366266 ‖Δρ‖ = 0.0002428772124489112  ‖vε - vref‖ = 1.6271143688707048  α = 0.00487
 19   -27.14021649365       -7.65       -3.47    3.75s
    ‖ρε - ρref‖ = 0.00021248599759261872 ‖Δρ‖ = 6.62905462788024e-5  ‖vε - vref‖ = 1.6274533393342412  α = 0.0205
 20   -27.14021650349       -8.01       -3.27    3.56s
    ‖ρε - ρref‖ = 0.00025996614078834635 ‖Δρ‖ = 0.0001390114952320588  ‖vε - vref‖ = 1.6277909841567757  α = 0.00675
 21   -27.14021651235       -8.05       -3.37    4.43s
    ‖ρε - ρref‖ = 0.0002439987451665943 ‖Δρ‖ = 9.961824927689701e-5  ‖vε - vref‖ = 1.6281560000103092  α = 0.00887
 22   -27.14021652536       -7.89       -3.44    3.93s
    ‖ρε - ρref‖ = 0.0002241977581780196 ‖Δρ‖ = 7.317396299456857e-5  ‖vε - vref‖ = 1.628227880128931  α = 0.0136
 23   -27.14021652987       -8.35       -3.46    4.06s
    ‖ρε - ρref‖ = 0.00022742998686018436 ‖Δρ‖ = 9.494829769208885e-5  ‖vε - vref‖ = 1.6281264659970127  α = 0.00669
 24   -27.14021653062       -9.12       -3.48    4.73s
    ‖ρε - ρref‖ = 0.00011725296958206375 ‖Δρ‖ = 0.00014499459295092085  ‖vε - vref‖ = 1.628072564488591  α = 0.00164
 25   -27.14021654012       -8.02       -3.17    3.68s
    ‖ρε - ρref‖ = 0.0002615331570355474 ‖Δρ‖ = 0.00012932183479904665  ‖vε - vref‖ = 1.6279453297202036  α = 0.00651
 26   -27.14021654058       -9.34       -3.25    3.83s
    ‖ρε - ρref‖ = 0.00033562015750439724 ‖Δρ‖ = 0.0002551112211524723  ‖vε - vref‖ = 1.6279400062363942  α = 0.000689
 27   -27.14021654369       -8.51       -3.45    3.66s
    ‖ρε - ρref‖ = 0.0002408134865321289 ‖Δρ‖ = 8.980663746242185e-5  ‖vε - vref‖ = 1.6280008541374233  α = 0.00587
 28   -27.14021654541       -8.76       -3.99    3.83s
    ‖ρε - ρref‖ = 0.0002162709568650025 ‖Δρ‖ = 2.6685491923094875e-5  ‖vε - vref‖ = 1.6279894862627309  α = 0.0145
 29   -27.14021654767       -8.65       -3.43    3.92s
    ‖ρε - ρref‖ = 0.00021928471174879573 ‖Δρ‖ = 8.112314218301984e-5  ‖vε - vref‖ = 1.6278605205692986  α = 0.00523
 30   -27.14021654972       -8.69       -3.84    3.78s
    ‖ρε - ρref‖ = 0.00021122460846541063 ‖Δρ‖ = 3.340374769884224e-5  ‖vε - vref‖ = 1.627754338845814  α = 0.0123
 31   -27.14021655091       -8.93       -3.57    4.25s
    ‖ρε - ρref‖ = 0.0002236084423075436 ‖Δρ‖ = 7.783725383121514e-5  ‖vε - vref‖ = 1.6276903974623487  α = 0.00384
 32   -27.14021655226       -8.87       -3.92    3.62s
    ‖ρε - ρref‖ = 0.00021427267375617298 ‖Δρ‖ = 2.6478931054451445e-5  ‖vε - vref‖ = 1.6277075499678881  α = 0.0128
 33   -27.14021655321       -9.02       -4.05    3.86s
    ‖ρε - ρref‖ = 0.00021176664565796503 ‖Δρ‖ = 1.9283452080633506e-5  ‖vε - vref‖ = 1.6277071238814174  α = 0.015
 34   -27.14021655380       -9.23       -3.71    4.18s
    ‖ρε - ρref‖ = 0.00021531496134205602 ‖Δρ‖ = 4.034911931306109e-5  ‖vε - vref‖ = 1.6277098217423849  α = 0.00588
 35   -27.14021655463       -9.08       -4.10    3.80s
    ‖ρε - ρref‖ = 0.0002113819400978334 ‖Δρ‖ = 1.7095017260439532e-5  ‖vε - vref‖ = 1.6277213825336134  α = 0.0154
 36   -27.14021655483       -9.71       -4.04    3.71s
    ‖ρε - ρref‖ = 0.00023322559816971308 ‖Δρ‖ = 3.1203651670697344e-5  ‖vε - vref‖ = 1.6277287650198728  α = 0.00404
 37   -27.14021655520       -9.43       -3.30    4.12s
    ‖ρε - ρref‖ = 0.00019538192928565573 ‖Δρ‖ = 0.00014531282703912014  ‖vε - vref‖ = 1.6276876810682028  α = 0.00117
 38   -27.14021655539       -9.73       -3.82    3.87s
    ‖ρε - ρref‖ = 0.0002134827567610659 ‖Δρ‖ = 5.3032694433305106e-5  ‖vε - vref‖ = 1.6276736689784177  α = 0.00216
 39   -27.14021655614       -9.12       -3.29    3.75s
    ‖ρε - ρref‖ = 0.00024228762265086706 ‖Δρ‖ = 0.00011089358424791561  ‖vε - vref‖ = 1.6276222204122088  α = 0.00221
 40   -27.14021655664       -9.30       -4.32    3.98s
    ‖ρε - ρref‖ = 0.0002108969319526366 ‖Δρ‖ = 1.0727747076278492e-5  ‖vε - vref‖ = 1.6275970854837583  α = 0.0189
 41   -27.14021655694       -9.53       -4.04    4.46s
    ‖ρε - ρref‖ = 0.00020832207737692089 ‖Δρ‖ = 2.57712051242174e-5  ‖vε - vref‖ = 1.6275590932582717  α = 0.00616
 42   -27.14021655735       -9.39       -3.91    4.03s
    ‖ρε - ρref‖ = 0.00021369286481648863 ‖Δρ‖ = 2.970481044760535e-5  ‖vε - vref‖ = 1.627546480766771  α = 0.00646
 43   -27.14021655773       -9.42       -4.32    4.01s
    ‖ρε - ρref‖ = 0.00021324062668400228 ‖Δρ‖ = 1.2930311713926077e-5  ‖vε - vref‖ = 1.627588021829802  α = 0.0133
 44   -27.14021655823       -9.30       -3.81    4.07s
    ‖ρε - ρref‖ = 0.00021780064616961132 ‖Δρ‖ = 3.5732489041547515e-5  ‖vε - vref‖ = 1.6276494574961247  α = 0.00537
 45   -27.14021655854       -9.51       -4.24    4.54s
    ‖ρε - ρref‖ = 0.00020852548774405132 ‖Δρ‖ = 1.2691862513868129e-5  ‖vε - vref‖ = 1.6276111977401546  α = 0.0129
 46   -27.14021655877       -9.64       -4.43    4.24s
    ‖ρε - ρref‖ = 0.00021154391141818763 ‖Δρ‖ = 8.895218521798508e-6  ‖vε - vref‖ = 1.627633757169205  α = 0.0161
 47   -27.14021655899       -9.64       -3.98    4.66s
    ‖ρε - ρref‖ = 0.00021318411420520405 ‖Δρ‖ = 2.1962073791701066e-5  ‖vε - vref‖ = 1.6276648036773111  α = 0.00646
 48   -27.14021655910       -9.96       -4.35    3.88s
    ‖ρε - ρref‖ = 0.00021853738216445927 ‖Δρ‖ = 1.1314237493779624e-5  ‖vε - vref‖ = 1.6276814432727618  α = 0.00834
 49   -27.14021655927       -9.77       -3.24    4.03s
    ‖ρε - ρref‖ = 0.0001866147120103104 ‖Δρ‖ = 0.00011898812465497113  ‖vε - vref‖ = 1.62767360285578  α = 0.000959
 50   -27.14021655929      -10.68       -4.12    4.48s
    ‖ρε - ρref‖ = 0.00020905851815214473 ‖Δρ‖ = 3.310304827104316e-5  ‖vε - vref‖ = 1.6276730763655238  α = 0.00113
 51   -27.14021655940       -9.98       -4.05    4.40s
    ‖ρε - ρref‖ = 0.0002135122800234553 ‖Δρ‖ = 2.8542142157278007e-5  ‖vε - vref‖ = 1.6276764474541143  α = 0.00324
 52   -27.14021655957       -9.75       -4.34    3.65s
    ‖ρε - ρref‖ = 0.0002109383613283701 ‖Δρ‖ = 9.201451656450713e-6  ‖vε - vref‖ = 1.6276659512912428  α = 0.0135
 53   -27.14021655976       -9.72       -4.49    3.93s
    ‖ρε - ρref‖ = 0.00021061706556270283 ‖Δρ‖ = 6.222104548382863e-6  ‖vε - vref‖ = 1.6276374059377234  α = 0.0196
 54   -27.14021655982      -10.21       -4.13    4.54s
    ‖ρε - ρref‖ = 0.00021418989354775184 ‖Δρ‖ = 2.0634178572844357e-5  ‖vε - vref‖ = 1.6276405446021727  α = 0.00357
 55   -27.14021655996       -9.86       -4.44    4.58s
    ‖ρε - ρref‖ = 0.00021103855518997964 ‖Δρ‖ = 7.583409621189265e-6  ‖vε - vref‖ = 1.6276409578522018  α = 0.0144
 56   -27.14021656007       -9.98       -4.32    3.82s
    ‖ρε - ρref‖ = 0.0002107789207438333 ‖Δρ‖ = 1.2529059476421251e-5  ‖vε - vref‖ = 1.6276384853833759  α = 0.00723
 57   -27.14021656017       -9.97       -4.15    4.04s
    ‖ρε - ρref‖ = 0.00021175647902152826 ‖Δρ‖ = 1.716936604355301e-5  ‖vε - vref‖ = 1.6276316949399  α = 0.00533
 58   -27.14021656029       -9.94       -4.73    4.09s
    ‖ρε - ρref‖ = 0.00021177774116134713 ‖Δρ‖ = 3.526409506839147e-6  ‖vε - vref‖ = 1.6276681406398057  α = 0.0277
 59   -27.14021656035      -10.24       -4.49    4.27s
    ‖ρε - ρref‖ = 0.00021008757062228976 ‖Δρ‖ = 8.077230279065892e-6  ‖vε - vref‖ = 1.627662112927227  α = 0.00886
 60   -27.14021656038      -10.54       -4.28    4.38s
    ‖ρε - ρref‖ = 0.0002171479731174673 ‖Δρ‖ = 1.345622498777048e-5  ‖vε - vref‖ = 1.6276608654467737  α = 0.00373
 61   -27.14021656040      -10.62       -3.66    4.58s
    ‖ρε - ρref‖ = 0.00017740317571562073 ‖Δρ‖ = 6.129200398284157e-5  ‖vε - vref‖ = 1.6276496810216627  α = 0.000726
 62   -27.14021656041      -10.94       -4.58    4.10s
    ‖ρε - ρref‖ = 0.00020925679749601197 ‖Δρ‖ = 1.0420198188849784e-5  ‖vε - vref‖ = 1.6276489633531495  α = 0.00266
 63   -27.14021656050      -10.06       -3.91    3.85s
    ‖ρε - ρref‖ = 0.000213638835455307 ‖Δρ‖ = 2.1965651864598667e-5  ‖vε - vref‖ = 1.6276562258263512  α = 0.00375
 64   -27.14021656052      -10.60       -4.70    4.42s
    ‖ρε - ρref‖ = 0.00021136312317371412 ‖Δρ‖ = 5.428303716049627e-6  ‖vε - vref‖ = 1.6276577241493844  α = 0.00867
 65   -27.14021656056      -10.49       -4.63    3.69s
    ‖ρε - ρref‖ = 0.00021095995959149568 ‖Δρ‖ = 4.422938044945809e-6  ‖vε - vref‖ = 1.627658426222878  α = 0.0123
 66   -27.14021656059      -10.52       -4.80    3.83s
    ‖ρε - ρref‖ = 0.0002110040723371573 ‖Δρ‖ = 3.3489415265089985e-6  ‖vε - vref‖ = 1.6276573659057405  α = 0.0149
 67   -27.14021656061      -10.74       -4.37    4.12s
    ‖ρε - ρref‖ = 0.00020990075201470114 ‖Δρ‖ = 1.0294820099492637e-5  ‖vε - vref‖ = 1.627652396830623  α = 0.00384
 68   -27.14021656063      -10.58       -4.80    3.85s
    ‖ρε - ρref‖ = 0.00021134474213419348 ‖Δρ‖ = 3.736666020736282e-6  ‖vε - vref‖ = 1.6276598775273874  α = 0.0125
 69   -27.14021656064      -10.99       -4.77    4.49s
    ‖ρε - ρref‖ = 0.0002114680879518212 ‖Δρ‖ = 5.6209113078943e-6  ‖vε - vref‖ = 1.6276626042793  α = 0.00497
 70   -27.14021656066      -10.71       -4.77    4.35s
    ‖ρε - ρref‖ = 0.0002109786737996994 ‖Δρ‖ = 4.07878685043607e-6  ‖vε - vref‖ = 1.6276682135319567  α = 0.00972
 71   -27.14021656068      -10.64       -5.02    3.99s
    ‖ρε - ρref‖ = 0.00021082934877832428 ‖Δρ‖ = 1.6896267501560541e-6  ‖vε - vref‖ = 1.6276721344842038  α = 0.0254
 72   -27.14021656069      -11.62       -4.69    4.12s
    ‖ρε - ρref‖ = 0.00021697415433405876 ‖Δρ‖ = 7.558960737128078e-6  ‖vε - vref‖ = 1.6276757087249076  α = 0.00179
 73   -27.14021656069      -11.19       -4.22    4.37s
    ‖ρε - ρref‖ = 0.00020866813607460925 ‖Δρ‖ = 1.5028891511933579e-5  ‖vε - vref‖ = 1.6276787501914411  α = 0.00162
 74   -27.14021656070      -11.68       -4.63    4.62s
    ‖ρε - ρref‖ = 0.0002098946149743587 ‖Δρ‖ = 8.604235136509467e-6  ‖vε - vref‖ = 1.6276792061181122  α = 0.00138
 75   -27.14021656070      -11.09       -4.30    4.26s
    ‖ρε - ρref‖ = 0.00021332673784724693 ‖Δρ‖ = 1.062198940791507e-5  ‖vε - vref‖ = 1.6276821788902032  α = 0.0025
 76   -27.14021656071      -11.14       -5.01    4.53s
    ‖ρε - ρref‖ = 0.00021072800270492806 ‖Δρ‖ = 2.1380971107899177e-6  ‖vε - vref‖ = 1.6276699290843353  α = 0.0112
 77   -27.14021656072      -11.22       -5.30    3.96s
    ‖ρε - ρref‖ = 0.00021082351436986998 ‖Δρ‖ = 1.0725394458725561e-6  ‖vε - vref‖ = 1.6276592245835075  α = 0.0203
 78   -27.14021656072      -11.39       -5.02    4.24s
    ‖ρε - ρref‖ = 0.00021108558509453593 ‖Δρ‖ = 2.2882298827884574e-6  ‖vε - vref‖ = 1.627654785128607  α = 0.00828
 79   -27.14021656072      -11.48       -5.09    4.47s
    ‖ρε - ρref‖ = 0.0002109991670540462 ‖Δρ‖ = 1.8099971558831756e-6  ‖vε - vref‖ = 1.6276524676090605  α = 0.00944
 80   -27.14021656073      -11.64       -4.88    4.50s
    ‖ρε - ρref‖ = 0.00021144663565143533 ‖Δρ‖ = 3.3485851937499913e-6  ‖vε - vref‖ = 1.6276534719909352  α = 0.00428
 81   -27.14021656073      -11.20       -5.24    4.72s
    ‖ρε - ρref‖ = 0.00021096205472957277 ‖Δρ‖ = 1.0634361547349876e-6  ‖vε - vref‖ = 1.6276528619152775  α = 0.0208
 82   -27.14021656073      -11.71       -4.92    4.85s
    ‖ρε - ρref‖ = 0.00021088789663710028 ‖Δρ‖ = 3.4138206718619047e-6  ‖vε - vref‖ = 1.6276536026239374  α = 0.00363
 83   -27.14021656074      -11.57       -5.12    4.53s
    ‖ρε - ρref‖ = 0.0002109257984132673 ‖Δρ‖ = 1.411793193791054e-6  ‖vε - vref‖ = 1.6276560088967502  α = 0.011
 84   -27.14021656074      -12.70       -4.82    4.03s
    ‖ρε - ρref‖ = 0.00021623309754762875 ‖Δρ‖ = 6.481237833016103e-6  ‖vε - vref‖ = 1.6276568267213234  α = 0.000589
 85   -27.14021656074      -11.72       -5.27    4.45s
    ‖ρε - ρref‖ = 0.00021111269200239273 ‖Δρ‖ = 1.2060909950149756e-6  ‖vε - vref‖ = 1.6276584392758786  α = 0.0103
 86   -27.14021656074      -11.94       -4.30    3.80s
    ‖ρε - ρref‖ = 0.00020844848087894655 ‖Δρ‖ = 1.3634916589486928e-5  ‖vε - vref‖ = 1.6276587664049973  α = 0.000669
 87   -27.14021656074      -11.82       -4.99    4.02s
    ‖ρε - ρref‖ = 0.00021098490862193103 ‖Δρ‖ = 2.479750252465288e-6  ‖vε - vref‖ = 1.6276589999458082  α = 0.00472
 88   -27.14021656074      -11.62       -5.44    4.78s
    ‖ρε - ρref‖ = 0.0002109729520669447 ‖Δρ‖ = 7.426145015347201e-7  ‖vε - vref‖ = 1.627657498029626  α = 0.0184
 89   -27.14021656075      -11.91       -5.38    4.22s
    ‖ρε - ρref‖ = 0.00021111903642261125 ‖Δρ‖ = 8.749503958361582e-7  ‖vε - vref‖ = 1.6276603137101542  α = 0.0118
 90   -27.14021656075      -11.92       -5.53    3.80s
    ‖ρε - ρref‖ = 0.00021102071715801217 ‖Δρ‖ = 6.896288898877342e-7  ‖vε - vref‖ = 1.6276599901188988  α = 0.0146
 91   -27.14021656075      -12.18       -5.26    3.92s
    ‖ρε - ρref‖ = 0.00021074106134179316 ‖Δρ‖ = 1.3854721787664407e-6  ‖vε - vref‖ = 1.627658163333206  α = 0.00552
 92   -27.14021656075      -12.49       -5.34    4.51s
    ‖ρε - ρref‖ = 0.0002109720512321196 ‖Δρ‖ = 1.2169333481963355e-6  ‖vε - vref‖ = 1.6276579687282065  α = 0.00439
 93   -27.14021656075      -11.97       -5.61    4.39s
    ‖ρε - ρref‖ = 0.00021095991608769652 ‖Δρ‖ = 4.595015339181202e-7  ‖vε - vref‖ = 1.627657367338203  α = 0.0204
 94   -27.14021656075      -12.40       -5.33    4.03s
    ‖ρε - ρref‖ = 0.0002110715780609612 ‖Δρ‖ = 1.276800703345936e-6  ‖vε - vref‖ = 1.6276581357257731  α = 0.00448
 95   -27.14021656075      -12.50       -5.43    4.69s
    ‖ρε - ρref‖ = 0.0002106583147556425 ‖Δρ‖ = 1.0499587116988834e-6  ‖vε - vref‖ = 1.6276587734177042  α = 0.00475
 96   -27.14021656075      -12.70       -4.73    4.57s
    ‖ρε - ρref‖ = 0.00021572696036489328 ‖Δρ‖ = 6.40450826162422e-6  ‖vε - vref‖ = 1.6276600354878392  α = 0.000625
 97   -27.14021656075      -13.13       -5.70    4.56s
    ‖ρε - ρref‖ = 0.00021123423549349773 ‖Δρ‖ = 8.196086137485357e-7  ‖vε - vref‖ = 1.6276602475635475  α = 0.00268
 98   -27.14021656075      -12.25       -5.08    4.15s
    ‖ρε - ρref‖ = 0.00021084480133820482 ‖Δρ‖ = 1.6346199139346322e-6  ‖vε - vref‖ = 1.62766052365923  α = 0.00403
 99   -27.14021656075      -12.54       -5.48    3.85s
    ‖ρε - ρref‖ = 0.0002109578291811676 ‖Δρ‖ = 7.778297255426778e-7  ‖vε - vref‖ = 1.6276605338715058  α = 0.00635
 100   -27.14021656075      -12.62       -5.62    4.69s
    ‖ρε - ρref‖ = 0.00021098962053810692 ‖Δρ‖ = 5.754273882181677e-7  ‖vε - vref‖ = 1.627660587368776  α = 0.00807
 101   -27.14021656075      -12.40       -5.95    4.52s
    ‖ρε - ρref‖ = 0.00021100616255373896 ‖Δρ‖ = 1.9811973308495104e-7  ‖vε - vref‖ = 1.6276610407604646  α = 0.0289
 102   -27.14021656075      -12.62       -5.74    4.22s
    ‖ρε - ρref‖ = 0.00021098811909480266 ‖Δρ‖ = 3.8038630092444403e-7  ‖vε - vref‖ = 1.6276603249667043  α = 0.0115

#-- ‖ρε - ρref‖ = 0.00021100031544360356 vs. 5.62341325190349e-7 = δ*ε ‖vε - vref‖ = 1.627659842623229


# --- ε=3.1622776601683795e-5

n     Energy            log10(ΔE)   log10(Δρ)   Δtime 
---   ---------------   ---------   ---------   ------
  1   -27.13989535025                   -0.11    7.44s
    ‖ρε - ρref‖ = 0.3954118233187571 ‖Δρ‖ = 0.3953128416555812  ‖vε - vref‖ = 2.3911474725806268  α = 0.000216
  2   -27.13990859574       -4.88       -1.05    4.26s
    ‖ρε - ρref‖ = 0.03481091227200612 ‖Δρ‖ = 0.03478750737186133  ‖vε - vref‖ = 2.158076230808537  α = 0.000699
  3   -27.13992172836       -4.88       -0.91    3.95s
    ‖ρε - ρref‖ = 0.050085076921119125 ‖Δρ‖ = 0.05004815398226924  ‖vε - vref‖ = 1.864027153543588  α = 0.000517
  4   -27.13993150139       -5.01       -1.46    4.57s
    ‖ρε - ρref‖ = 0.008783021514573143 ‖Δρ‖ = 0.00875571375600321  ‖vε - vref‖ = 1.6887297794264668  α = 0.00262
  5   -27.13993403291       -5.60       -1.98    4.63s
    ‖ρε - ρref‖ = 0.002930453097020823 ‖Δρ‖ = 0.0029051166585497734  ‖vε - vref‖ = 1.6549691800739048  α = 0.00386
  6   -27.13993755770       -5.45       -1.71    4.40s
    ‖ρε - ρref‖ = 0.004041950283494839 ‖Δρ‖ = 0.004016689885654825  ‖vε - vref‖ = 1.5986921046050342  α = 0.0034
  7   -27.13993864976       -5.96       -2.11    4.18s
    ‖ρε - ρref‖ = 0.0017879698316985986 ‖Δρ‖ = 0.0017764171110714005  ‖vε - vref‖ = 1.5821893447821893  α = 0.00426
  8   -27.13993890332       -6.60       -2.34    3.78s
    ‖ρε - ρref‖ = 0.0012124784267051863 ‖Δρ‖ = 0.001204828627749566  ‖vε - vref‖ = 1.579780539344296  α = 0.00311
  9   -27.13993919976       -6.53       -2.56    3.94s
    ‖ρε - ρref‖ = 0.0006423693873826068 ‖Δρ‖ = 0.0006249755571008976  ‖vε - vref‖ = 1.5780663963812542  α = 0.00633
 10   -27.13993931849       -6.93       -2.56    4.15s
    ‖ρε - ρref‖ = 0.0006865067087574191 ‖Δρ‖ = 0.0006741537162641707  ‖vε - vref‖ = 1.5783277133587745  α = 0.00379
 11   -27.13993947832       -6.80       -2.83    4.79s
    ‖ρε - ρref‖ = 0.000338592969582524 ‖Δρ‖ = 0.0003070788056533461  ‖vε - vref‖ = 1.5798094178651951  α = 0.00917
 12   -27.13993949201       -7.86       -2.24    4.21s
    ‖ρε - ρref‖ = 0.002699390208957598 ‖Δρ‖ = 0.0027985537197476257  ‖vε - vref‖ = 1.5794179559880792  α = 0.000272
 13   -27.13993956366       -7.14       -2.77    4.09s
    ‖ρε - ρref‖ = 0.0004207814273689013 ‖Δρ‖ = 0.00039507354254725996  ‖vε - vref‖ = 1.5804312300552743  α = 0.00499
 14   -27.13993957028       -8.18       -2.40    4.24s
    ‖ρε - ρref‖ = 0.0020187470184435652 ‖Δρ‖ = 0.002017869898285293  ‖vε - vref‖ = 1.580351652602147  α = 0.00025
 15   -27.13993959280       -7.65       -2.97    4.51s
    ‖ρε - ρref‖ = 0.0002918611201290023 ‖Δρ‖ = 0.0002732952701228492  ‖vε - vref‖ = 1.580811443102407  α = 0.00403
 16   -27.13993962026       -7.56       -2.72    4.65s
    ‖ρε - ρref‖ = 0.0004276763492314073 ‖Δρ‖ = 0.00039340696574919145  ‖vε - vref‖ = 1.5821621637438028  α = 0.00302
 17   -27.13993963477       -7.84       -3.24    4.30s
    ‖ρε - ρref‖ = 0.00019212143886625685 ‖Δρ‖ = 0.00014789434606404296  ‖vε - vref‖ = 1.5828610833645578  α = 0.00563
 18   -27.13993964510       -7.99       -2.93    5.03s
    ‖ρε - ρref‖ = 0.0003339933529234217 ‖Δρ‖ = 0.00031458896995298905  ‖vε - vref‖ = 1.5833297383886373  α = 0.00231
 19   -27.13993966374       -7.73       -3.42    4.72s
    ‖ρε - ρref‖ = 0.0001349712654602571 ‖Δρ‖ = 7.188282460036697e-5  ‖vε - vref‖ = 1.5844036139119544  α = 0.0137
 20   -27.13993966850       -8.32       -3.23    4.40s
    ‖ρε - ρref‖ = 0.00019643351199333988 ‖Δρ‖ = 0.00014901060439620668  ‖vε - vref‖ = 1.5847783252276835  α = 0.00342
 21   -27.13993967879       -7.99       -3.37    3.96s
    ‖ρε - ρref‖ = 0.00015237810597759603 ‖Δρ‖ = 8.257974793652731e-5  ‖vε - vref‖ = 1.5856806839720985  α = 0.00873
 22   -27.13993968527       -8.19       -3.26    3.86s
    ‖ρε - ρref‖ = 0.000169514180876084 ‖Δρ‖ = 0.00012600145047956868  ‖vε - vref‖ = 1.5860711132400729  α = 0.00437
 23   -27.13993968930       -8.39       -3.53    3.94s
    ‖ρε - ρref‖ = 0.00013237333206755707 ‖Δρ‖ = 7.35821808087348e-5  ‖vε - vref‖ = 1.5862191374400683  α = 0.00621
 24   -27.13993969111       -8.74       -3.39    4.07s
    ‖ρε - ρref‖ = 9.04700162878716e-5 ‖Δρ‖ = 0.0001303922302419188  ‖vε - vref‖ = 1.5862812126934585  α = 0.00216
 25   -27.13993969865       -8.12       -2.59    3.86s
    ‖ρε - ρref‖ = 0.0005483115749908753 ‖Δρ‖ = 0.0004915808527477306  ‖vε - vref‖ = 1.5867094410519569  α = 0.00118
 26   -27.13993969900       -9.45       -3.48    4.28s
    ‖ρε - ρref‖ = 0.00019944833008786486 ‖Δρ‖ = 0.00015123576179976585  ‖vε - vref‖ = 1.5867446710970967  α = 0.000763
 27   -27.13993970143       -8.62       -3.19    3.83s
    ‖ρε - ρref‖ = 0.00021680056975446421 ‖Δρ‖ = 0.00016461958298920215  ‖vε - vref‖ = 1.5869981261628008  α = 0.00216
 28   -27.13993970430       -8.54       -3.82    3.73s
    ‖ρε - ρref‖ = 0.00012507131116666306 ‖Δρ‖ = 3.294411985160608e-5  ‖vε - vref‖ = 1.5871630601956654  α = 0.0112
 29   -27.13993970548       -8.93       -3.38    4.25s
    ‖ρε - ρref‖ = 0.00014862998690805647 ‖Δρ‖ = 0.00010867064136535772  ‖vε - vref‖ = 1.5871803481001925  α = 0.00223
 30   -27.13993970880       -8.48       -3.68    4.07s
    ‖ρε - ρref‖ = 0.00012544627109629364 ‖Δρ‖ = 4.252023995077445e-5  ‖vε - vref‖ = 1.5872768934503036  α = 0.00927
 31   -27.13993970968       -9.05       -3.53    4.01s
    ‖ρε - ρref‖ = 0.00015314111842154783 ‖Δρ‖ = 9.105487515954997e-5  ‖vε - vref‖ = 1.5872992154744128  α = 0.00218
 32   -27.13993971120       -8.82       -3.70    3.78s
    ‖ρε - ρref‖ = 0.00013129334045940545 ‖Δρ‖ = 4.575097343915769e-5  ‖vε - vref‖ = 1.5873610971690286  α = 0.00598
 33   -27.13993971282       -8.79       -3.83    4.18s
    ‖ρε - ρref‖ = 0.0001225412579208094 ‖Δρ‖ = 2.784277707193599e-5  ‖vε - vref‖ = 1.5873510387953562  α = 0.0102
 34   -27.13993971338       -9.25       -3.66    4.52s
    ‖ρε - ρref‖ = 0.0001317948016558502 ‖Δρ‖ = 5.25114145226391e-5  ‖vε - vref‖ = 1.5873338740668064  α = 0.00333
 35   -27.13993971423       -9.07       -3.80    4.05s
    ‖ρε - ρref‖ = 0.00012625651581595074 ‖Δρ‖ = 3.1081065236028056e-5  ‖vε - vref‖ = 1.5872789455783411  α = 0.00673
 36   -27.13993971432      -10.05       -3.79    4.16s
    ‖ρε - ρref‖ = 7.766759300875099e-5 ‖Δρ‖ = 6.791568627028386e-5  ‖vε - vref‖ = 1.587251410703007  α = 0.000907
 37   -27.13993971523       -9.04       -3.51    4.54s
    ‖ρε - ρref‖ = 0.0001501997454937316 ‖Δρ‖ = 6.891204121943309e-5  ‖vε - vref‖ = 1.5870625447104851  α = 0.00298
 38   -27.13993971531      -10.06       -3.54    3.99s
    ‖ρε - ρref‖ = 0.000171876735388064 ‖Δρ‖ = 0.00011874264732027241  ‖vε - vref‖ = 1.5870424612143883  α = 0.000492
 39   -27.13993971566       -9.46       -3.52    4.35s
    ‖ρε - ρref‖ = 0.00013674707739402513 ‖Δρ‖ = 7.788366794478457e-5  ‖vε - vref‖ = 1.5869464820206236  α = 0.0017
 40   -27.13993971628       -9.21       -4.11    4.29s
    ‖ρε - ρref‖ = 0.00011798789120548668 ‖Δρ‖ = 1.5480893420464923e-5  ‖vε - vref‖ = 1.586737421589221  α = 0.0114
 41   -27.13993971663       -9.45       -4.42    3.92s
    ‖ρε - ρref‖ = 0.0001202775937778159 ‖Δρ‖ = 8.970593004848909e-6  ‖vε - vref‖ = 1.5866858504311212  α = 0.0147
 42   -27.13993971682       -9.72       -3.77    4.64s
    ‖ρε - ρref‖ = 0.00013400681684911509 ‖Δρ‖ = 4.546397862645422e-5  ‖vε - vref‖ = 1.5866700243049874  α = 0.00214
 43   -27.13993971711       -9.54       -4.09    4.43s
    ‖ρε - ρref‖ = 0.00011880272376805882 ‖Δρ‖ = 1.843444878998548e-5  ‖vε - vref‖ = 1.5866186609820672  α = 0.00657
 44   -27.13993971724       -9.91       -4.08    3.91s
    ‖ρε - ρref‖ = 0.00012041331015267062 ‖Δρ‖ = 2.4011644897059952e-5  ‖vε - vref‖ = 1.5866102798502844  α = 0.00313
 45   -27.13993971750       -9.58       -4.01    3.94s
    ‖ρε - ρref‖ = 0.00012228092514976105 ‖Δρ‖ = 1.9895646942020244e-5  ‖vε - vref‖ = 1.5866100197152144  α = 0.00552
 46   -27.13993971772       -9.65       -4.34    4.27s
    ‖ρε - ρref‖ = 0.00012180384209847327 ‖Δρ‖ = 9.569761039342835e-6  ‖vε - vref‖ = 1.5866585859391804  α = 0.011
 47   -27.13993971792       -9.72       -4.07    4.82s
    ‖ρε - ρref‖ = 0.00011979739017939731 ‖Δρ‖ = 1.6991982634052435e-5  ‖vε - vref‖ = 1.5866663222502557  α = 0.00587
 48   -27.13993971805       -9.89       -3.90    4.43s
    ‖ρε - ρref‖ = 0.00012533535035097186 ‖Δρ‖ = 2.5863475930295607e-5  ‖vε - vref‖ = 1.586666990232094  α = 0.00322
 49   -27.13993971806      -10.78       -3.68    4.62s
    ‖ρε - ρref‖ = 7.099789807913487e-5 ‖Δρ‖ = 8.791897083658672e-5  ‖vε - vref‖ = 1.586662187498314  α = 0.000304
 50   -27.13993971819       -9.90       -4.35    4.14s
    ‖ρε - ρref‖ = 0.00011923244083258051 ‖Δρ‖ = 1.1501413132761354e-5  ‖vε - vref‖ = 1.5866735795102487  α = 0.00611
 51   -27.13993971833       -9.86       -3.19    4.68s
    ‖ρε - ρref‖ = 0.00021533548103633784 ‖Δρ‖ = 0.00016531348026628293  ‖vε - vref‖ = 1.5866880477429517  α = 0.000458
 52   -27.13993971847       -9.85       -4.20    4.39s
    ‖ρε - ρref‖ = 0.00012033083312396266 ‖Δρ‖ = 1.4997835387239348e-5  ‖vε - vref‖ = 1.5866913858535312  α = 0.00541
 53   -27.13993971856      -10.02       -4.24    4.68s
    ‖ρε - ρref‖ = 0.00011992700380570858 ‖Δρ‖ = 1.3745746619552714e-5  ‖vε - vref‖ = 1.5866965233363364  α = 0.00521
 54   -27.13993971874       -9.75       -4.40    4.42s
    ‖ρε - ρref‖ = 0.00011983562426152429 ‖Δρ‖ = 7.258125414253815e-6  ‖vε - vref‖ = 1.5867201713351233  α = 0.0128
 55   -27.13993971882      -10.09       -4.16    3.87s
    ‖ρε - ρref‖ = 0.00011839813412567191 ‖Δρ‖ = 1.7110999191357126e-5  ‖vε - vref‖ = 1.5867233014081907  α = 0.00373
 56   -27.13993971893       -9.98       -3.99    4.63s
    ‖ρε - ρref‖ = 0.00012223799522272818 ‖Δρ‖ = 2.2501392783246483e-5  ‖vε - vref‖ = 1.586741335886067  α = 0.00321
 57   -27.13993971902      -10.07       -4.47    3.74s
    ‖ρε - ρref‖ = 0.00012091180212747152 ‖Δρ‖ = 7.406425225030782e-6  ‖vε - vref‖ = 1.5867667241697292  α = 0.00851
 58   -27.13993971910      -10.07       -3.94    3.76s
    ‖ρε - ρref‖ = 0.00012448932400194076 ‖Δρ‖ = 2.5360881189219687e-5  ‖vε - vref‖ = 1.5867911609261927  α = 0.00251
 59   -27.13993971917      -10.17       -4.67    4.12s
    ‖ρε - ρref‖ = 0.00011888357726293421 ‖Δρ‖ = 4.326674123714056e-6  ‖vε - vref‖ = 1.5867778604230522  α = 0.0137
 60   -27.13993971922      -10.26       -4.43    4.07s
    ‖ρε - ρref‖ = 0.0001237954592592061 ‖Δρ‖ = 8.288843326622508e-6  ‖vε - vref‖ = 1.5867780476776678  α = 0.00613
 61   -27.13993971926      -10.47       -3.40    4.67s
    ‖ρε - ρref‖ = 0.0001029633312634498 ‖Δρ‖ = 0.00010843117408590242  ‖vε - vref‖ = 1.5867690640306904  α = 0.000362
 62   -27.13993971929      -10.51       -4.07    4.54s
    ‖ρε - ρref‖ = 0.00012094673893003538 ‖Δρ‖ = 2.2456517195181644e-5  ‖vε - vref‖ = 1.5867655077217209  α = 0.0017
 63   -27.13993971931      -10.66       -3.57    4.57s
    ‖ρε - ρref‖ = 0.0001545549192514805 ‖Δρ‖ = 7.69544586035335e-5  ‖vε - vref‖ = 1.5867642278226357  α = 0.0004
 64   -27.13993971937      -10.18       -4.50    4.56s
    ‖ρε - ρref‖ = 0.00011964163080020253 ‖Δρ‖ = 6.37446292853176e-6  ‖vε - vref‖ = 1.5867441955545556  α = 0.00876
 65   -27.13993971943      -10.25       -4.55    4.57s
    ‖ρε - ρref‖ = 0.00011861961918512716 ‖Δρ‖ = 5.91958845670922e-6  ‖vε - vref‖ = 1.586708690106724  α = 0.00896
 66   -27.13993971948      -10.34       -4.50    4.65s
    ‖ρε - ρref‖ = 0.00011983364858713978 ‖Δρ‖ = 6.969147952738754e-6  ‖vε - vref‖ = 1.5866937678687434  α = 0.00699
 67   -27.13993971952      -10.32       -4.34    4.56s
    ‖ρε - ρref‖ = 0.00011980278078039512 ‖Δρ‖ = 8.802523265892469e-6  ‖vε - vref‖ = 1.5866869710802338  α = 0.00561
 68   -27.13993971955      -10.58       -4.31    4.11s
    ‖ρε - ρref‖ = 0.00012119322112661416 ‖Δρ‖ = 1.214553651232345e-5  ‖vε - vref‖ = 1.5866876044707559  α = 0.00301
 69   -27.13993971959      -10.36       -4.33    4.45s
    ‖ρε - ρref‖ = 0.00011902846762355339 ‖Δρ‖ = 9.900325663538534e-6  ‖vε - vref‖ = 1.5866808825817893  α = 0.0044
 70   -27.13993971962      -10.56       -4.61    4.43s
    ‖ρε - ρref‖ = 0.00011981548511183538 ‖Δρ‖ = 5.678898940970925e-6  ‖vε - vref‖ = 1.586693825446569  α = 0.00634
 71   -27.13993971965      -10.53       -4.25    4.70s
    ‖ρε - ρref‖ = 0.00012120002422703862 ‖Δρ‖ = 1.3043227470314683e-5  ‖vε - vref‖ = 1.5867109282781175  α = 0.00289
 72   -27.13993971966      -11.24       -4.50    3.88s
    ‖ρε - ρref‖ = 0.00012885868292528176 ‖Δρ‖ = 1.1943916654297808e-5  ‖vε - vref‖ = 1.5867163018840413  α = 0.00135
 73   -27.13993971968      -10.57       -3.94    3.96s
    ‖ρε - ρref‖ = 0.00011705892804362149 ‖Δρ‖ = 2.6853503226108596e-5  ‖vε - vref‖ = 1.5867254385092495  α = 0.00133
 74   -27.13993971969      -11.46       -4.25    4.47s
    ‖ρε - ρref‖ = 0.00011665556368481021 ‖Δρ‖ = 2.471865521531159e-5  ‖vε - vref‖ = 1.5867260432083332  α = 0.000462
 75   -27.13993971972      -10.51       -4.34    4.54s
    ‖ρε - ρref‖ = 0.00012049393123150521 ‖Δρ‖ = 9.873983895745796e-6  ‖vε - vref‖ = 1.5867354087945262  α = 0.00399
 76   -27.13993971975      -10.58       -4.26    3.81s
    ‖ρε - ρref‖ = 0.00012022264377300795 ‖Δρ‖ = 1.1095267089457437e-5  ‖vε - vref‖ = 1.5867395012138088  α = 0.00339
 77   -27.13993971979      -10.33       -4.80    3.83s
    ‖ρε - ρref‖ = 0.00011911101708347617 ‖Δρ‖ = 2.658311958716892e-6  ‖vε - vref‖ = 1.5867233765589839  α = 0.0175
 78   -27.13993971981      -10.81       -4.76    4.02s
    ‖ρε - ρref‖ = 0.00012041828384096466 ‖Δρ‖ = 4.234879059087399e-6  ‖vε - vref‖ = 1.5867279839921213  α = 0.00656
 79   -27.13993971982      -10.99       -4.69    4.18s
    ‖ρε - ρref‖ = 0.00011961035977392445 ‖Δρ‖ = 4.903660079359624e-6  ‖vε - vref‖ = 1.5867286779135517  α = 0.00479
 80   -27.13993971983      -10.88       -4.55    4.15s
    ‖ρε - ρref‖ = 0.00011994347604705572 ‖Δρ‖ = 6.361542465552395e-6  ‖vε - vref‖ = 1.5867295247752609  α = 0.00398
 81   -27.13993971985      -10.72       -4.46    4.22s
    ‖ρε - ρref‖ = 0.00011856109789650827 ‖Δρ‖ = 7.474826615151478e-6  ‖vε - vref‖ = 1.5867224318791608  α = 0.00409
 82   -27.13993971986      -11.05       -4.81    4.68s
    ‖ρε - ρref‖ = 0.00011949645624250236 ‖Δρ‖ = 3.769914211014354e-6  ‖vε - vref‖ = 1.58672392470691  α = 0.00559
 83   -27.13993971987      -11.15       -4.50    4.17s
    ‖ρε - ρref‖ = 0.00011755066265684639 ‖Δρ‖ = 7.967052467653659e-6  ‖vε - vref‖ = 1.5867246136919668  α = 0.00229
 84   -27.13993971987      -11.70       -4.07    4.57s
    ‖ρε - ρref‖ = 0.00014419246168985021 ‖Δρ‖ = 3.0920120979014033e-5  ‖vε - vref‖ = 1.5867267469708144  α = 0.000299
 85   -27.13993971987      -11.27       -4.82    4.32s
    ‖ρε - ρref‖ = 0.00012033719880282394 ‖Δρ‖ = 4.039425750532889e-6  ‖vε - vref‖ = 1.5867289370696764  α = 0.0038
 86   -27.13993971988      -11.16       -3.86    3.95s
    ‖ρε - ρref‖ = 0.00011981361368184495 ‖Δρ‖ = 3.257793935640566e-5  ‖vε - vref‖ = 1.5867302468374354  α = 0.000514
 87   -27.13993971989      -11.20       -4.91    3.60s
    ‖ρε - ρref‖ = 0.0001194898635419286 ‖Δρ‖ = 2.9947246908276637e-6  ‖vε - vref‖ = 1.5867305489179022  α = 0.00607
 88   -27.13993971989      -11.17       -4.66    3.60s
    ‖ρε - ρref‖ = 0.00011963717451277013 ‖Δρ‖ = 4.581542006193417e-6  ‖vε - vref‖ = 1.5867309948153037  α = 0.00415
 89   -27.13993971990      -10.99       -4.96    3.78s
    ‖ρε - ρref‖ = 0.00011957160574322814 ‖Δρ‖ = 2.011456961042349e-6  ‖vε - vref‖ = 1.5867341366228456  α = 0.0111
 90   -27.13993971991      -11.02       -5.01    4.09s
    ‖ρε - ρref‖ = 0.00011946763951351301 ‖Δρ‖ = 2.0700395908702738e-6  ‖vε - vref‖ = 1.586732584990309  α = 0.0103
 91   -27.13993971992      -11.58       -4.91    3.78s
    ‖ρε - ρref‖ = 0.00011930396546963597 ‖Δρ‖ = 3.1472394308018897e-6  ‖vε - vref‖ = 1.5867325197647089  α = 0.00377
 92   -27.13993971992      -11.47       -4.87    3.67s
    ‖ρε - ρref‖ = 0.0001198888309546131 ‖Δρ‖ = 3.3674642552428913e-6  ‖vε - vref‖ = 1.586735012320523  α = 0.00362
 93   -27.13993971993      -11.26       -4.86    4.36s
    ‖ρε - ρref‖ = 0.00011952123670520998 ‖Δρ‖ = 2.8360593656299013e-6  ‖vε - vref‖ = 1.5867349062885383  α = 0.00576
 94   -27.13993971993      -11.53       -4.85    4.48s
    ‖ρε - ρref‖ = 0.00011988533094363607 ‖Δρ‖ = 3.5547797919023936e-6  ‖vε - vref‖ = 1.586735197438122  α = 0.00344
 95   -27.13993971993      -12.30       -4.61    4.13s
    ‖ρε - ρref‖ = 0.0001123161376121935 ‖Δρ‖ = 1.0142289028046709e-5  ‖vε - vref‖ = 1.586734505721236  α = 0.000455
 96   -27.13993971993      -11.81       -4.74    4.33s
    ‖ρε - ρref‖ = 0.00012095361182798399 ‖Δρ‖ = 5.855690434421554e-6  ‖vε - vref‖ = 1.5867354814994068  α = 0.00147
 97   -27.13993971993      -12.25       -4.78    4.09s
    ‖ρε - ρref‖ = 0.00012184806328340264 ‖Δρ‖ = 7.0013192990712135e-6  ‖vε - vref‖ = 1.5867361162185398  α = 0.000627
 98   -27.13993971994      -11.28       -4.64    3.92s
    ‖ρε - ρref‖ = 0.0001194422748384595 ‖Δρ‖ = 4.329430733334563e-6  ‖vε - vref‖ = 1.5867395803253073  α = 0.0036
 99   -27.13993971994      -11.63       -5.25    3.78s
    ‖ρε - ρref‖ = 0.00011929510698473226 ‖Δρ‖ = 1.2718267498936026e-6  ‖vε - vref‖ = 1.5867384059066556  α = 0.00861
 100   -27.13993971994      -11.79       -4.98    4.25s
    ‖ρε - ρref‖ = 0.00011961446889454693 ‖Δρ‖ = 2.2681529243149273e-6  ‖vε - vref‖ = 1.5867396808838927  α = 0.00414
 101   -27.13993971994      -11.69       -5.02    3.92s
    ‖ρε - ρref‖ = 0.00011990719263442042 ‖Δρ‖ = 1.8846248105704802e-6  ‖vε - vref‖ = 1.5867442516171202  α = 0.00546
 102   -27.13993971994      -11.72       -5.56    4.32s
    ‖ρε - ρref‖ = 0.00011955865714253792 ‖Δρ‖ = 5.48621961880976e-7  ‖vε - vref‖ = 1.5867436095664778  α = 0.0176
 103   -27.13993971994      -12.04       -5.17    4.84s
    ‖ρε - ρref‖ = 0.00011925766114289371 ‖Δρ‖ = 1.521165811737975e-6  ‖vε - vref‖ = 1.586740788345913  α = 0.00448
 104   -27.13993971995      -12.08       -4.97    4.33s
    ‖ρε - ρref‖ = 0.00011943962431924636 ‖Δρ‖ = 2.536611434029296e-6  ‖vε - vref‖ = 1.5867386731642654  α = 0.00256
 105   -27.13993971995      -11.94       -5.43    4.30s
    ‖ρε - ρref‖ = 0.00011943380795454552 ‖Δρ‖ = 8.090917868806238e-7  ‖vε - vref‖ = 1.5867344995022237  α = 0.00951
 106   -27.13993971995      -12.44       -4.94    4.32s
    ‖ρε - ρref‖ = 0.00012178448518314045 ‖Δρ‖ = 3.687136910733638e-6  ‖vε - vref‖ = 1.5867339836428573  α = 0.00108
 107   -27.13993971995      -12.21       -4.53    4.07s
    ‖ρε - ρref‖ = 0.00011615898620968601 ‖Δρ‖ = 8.181556278528127e-6  ‖vε - vref‖ = 1.5867315290574597  α = 0.000676
 108   -27.13993971995      -12.50       -5.05    3.89s
    ‖ρε - ρref‖ = 0.00011897704548881284 ‖Δρ‖ = 3.121973137548685e-6  ‖vε - vref‖ = 1.5867305456134047  α = 0.00115
 109   -27.13993971995      -12.15       -4.64    4.03s
    ‖ρε - ρref‖ = 0.00012111045936571196 ‖Δρ‖ = 6.339875775217476e-6  ‖vε - vref‖ = 1.5867289741825994  α = 0.000846
 110   -27.13993971995      -11.92       -5.19    4.02s
    ‖ρε - ρref‖ = 0.0001195776336122093 ‖Δρ‖ = 1.423447900882354e-6  ‖vε - vref‖ = 1.5867261936949302  α = 0.00525
 111   -27.13993971995      -12.05       -5.51    4.02s
    ‖ρε - ρref‖ = 0.00011953855829980041 ‖Δρ‖ = 7.31738398998688e-7  ‖vε - vref‖ = 1.5867257587716195  α = 0.00875
 112   -27.13993971995      -12.23       -5.45    4.23s
    ‖ρε - ρref‖ = 0.00011951273457701501 ‖Δρ‖ = 8.558194272872386e-7  ‖vε - vref‖ = 1.58672500849792  α = 0.00643
 113   -27.13993971995      -12.14       -5.22    3.74s
    ‖ρε - ρref‖ = 0.00011946004757659467 ‖Δρ‖ = 1.3222832879077248e-6  ‖vε - vref‖ = 1.5867243271976719  α = 0.00454
 114   -27.13993971995      -12.16       -5.38    4.42s
    ‖ρε - ρref‖ = 0.00011957318339169636 ‖Δρ‖ = 8.68304426222329e-7  ‖vε - vref‖ = 1.586725011170882  α = 0.00689
 115   -27.13993971995      -12.16       -5.72    4.22s
    ‖ρε - ρref‖ = 0.00011945316467874176 ‖Δρ‖ = 4.250141471287291e-7  ‖vε - vref‖ = 1.5867240475491322  α = 0.0131
 116   -27.13993971995      -12.44       -5.03    4.05s
    ‖ρε - ρref‖ = 0.00011971261079719263 ‖Δρ‖ = 2.354430821724154e-6  ‖vε - vref‖ = 1.5867244762346064  α = 0.00182
 117   -27.13993971995      -12.59       -5.60    4.17s
    ‖ρε - ρref‖ = 0.00011950225571782926 ‖Δρ‖ = 5.730802944908766e-7  ‖vε - vref‖ = 1.586725947557788  α = 0.00645
 118   -27.13993971995      -13.30       -4.92    4.62s
    ‖ρε - ρref‖ = 0.0001231949609857458 ‖Δρ‖ = 4.6287593873300496e-6  ‖vε - vref‖ = 1.5867264012507574  α = 0.000281
 119   -27.13993971995      -12.89       -5.60    3.94s
    ‖ρε - ρref‖ = 0.00011952628024631131 ‖Δρ‖ = 7.30342302651283e-7  ‖vε - vref‖ = 1.5867270434654521  α = 0.00344
 120   -27.13993971995      -13.05       -4.90    4.08s
    ‖ρε - ρref‖ = 0.00011821563400161703 ‖Δρ‖ = 4.003861097581081e-6  ‖vε - vref‖ = 1.5867273281841072  α = 0.000446
 121   -27.13993971995      -12.58       -5.25    3.74s
    ‖ρε - ρref‖ = 0.00011954127429239892 ‖Δρ‖ = 1.3159850204926393e-6  ‖vε - vref‖ = 1.5867284100251065  α = 0.0027
 122   -27.13993971996      -12.53       -5.68    3.91s
    ‖ρε - ρref‖ = 0.00011950906773988936 ‖Δρ‖ = 4.58275624321325e-7  ‖vε - vref‖ = 1.58673012845043  α = 0.00853
 123   -27.13993971996      -12.51       -5.46    4.52s
    ‖ρε - ρref‖ = 0.00011956258953111795 ‖Δρ‖ = 7.428109624514876e-7  ‖vε - vref‖ = 1.5867324697628902  α = 0.0051
 124   -27.13993971996      -12.61       -5.76    4.16s
    ‖ρε - ρref‖ = 0.00011955653554871947 ‖Δρ‖ = 4.153938366756155e-7  ‖vε - vref‖ = 1.5867339359457366  α = 0.00818
 125   -27.13993971996      -12.91       -5.64    3.94s
    ‖ρε - ρref‖ = 0.00011948841125786117 ‖Δρ‖ = 5.847298874010885e-7  ‖vε - vref‖ = 1.5867341650393865  α = 0.00429
 126   -27.13993971996      -12.74       -5.54    4.32s
    ‖ρε - ρref‖ = 0.00011948797971089062 ‖Δρ‖ = 5.216668123876856e-7  ‖vε - vref‖ = 1.5867341797328725  α = 0.00613
 127   -27.13993971996      -12.69       -5.78    4.14s
    ‖ρε - ρref‖ = 0.00011950487093945943 ‖Δρ‖ = 3.2961662872589713e-7  ‖vε - vref‖ = 1.5867341508305393  α = 0.00926
 128   -27.13993971996      -13.55       -5.56    3.99s
    ‖ρε - ρref‖ = 0.00011961364417312105 ‖Δρ‖ = 7.401678654512544e-7  ‖vε - vref‖ = 1.5867342905489643  α = 0.0022
 129   -27.13993971996      -12.93       -5.84    4.03s
    ‖ρε - ρref‖ = 0.0001193636202961403 ‖Δρ‖ = 3.5286739531502864e-7  ‖vε - vref‖ = 1.58673369355458  α = 0.00616
 130   -27.13993971996      -13.55       -4.87    3.84s
    ‖ρε - ρref‖ = 0.00012237158486474425 ‖Δρ‖ = 4.649026819719008e-6  ‖vε - vref‖ = 1.5867337610504741  α = 0.000281
 131   -27.13993971996      -13.27       -5.82    4.00s
    ‖ρε - ρref‖ = 0.00011961093926313052 ‖Δρ‖ = 4.469376058700708e-7  ‖vε - vref‖ = 1.5867338868567602  α = 0.0031
 132   -27.13993971996      -13.03       -4.93    4.58s
    ‖ρε - ρref‖ = 0.00011895170662555011 ‖Δρ‖ = 2.673983595450003e-6  ‖vε - vref‖ = 1.5867339261309439  α = 0.000646
 133   -27.13993971996      -13.22       -5.68    4.53s
    ‖ρε - ρref‖ = 0.00011956296457100468 ‖Δρ‖ = 4.855035926495554e-7  ‖vε - vref‖ = 1.5867339913468015  α = 0.00355
 134   -27.13993971996      -13.25       -5.60    3.72s
    ‖ρε - ρref‖ = 0.00011950531917760748 ‖Δρ‖ = 5.430600852969168e-7  ‖vε - vref‖ = 1.5867339894195958  α = 0.00344
 135   -27.13993971996      -12.91       -6.21    3.99s
    ‖ρε - ρref‖ = 0.0001195376164988856 ‖Δρ‖ = 1.1404458626229061e-7  ‖vε - vref‖ = 1.5867346129546869  α = 0.0204
 136   -27.13993971996      -13.19       -5.75    4.09s
    ‖ρε - ρref‖ = 0.00011950239436720292 ‖Δρ‖ = 4.1680682152044515e-7  ‖vε - vref‖ = 1.58673431617966  α = 0.00431
 137   -27.13993971996      -13.50       -5.95    3.95s
    ‖ρε - ρref‖ = 0.00011944869912868646 ‖Δρ‖ = 2.852568241778916e-7  ‖vε - vref‖ = 1.586733718353367  α = 0.00498
 138   -27.13993971996      -13.60       -6.04    4.71s
    ‖ρε - ρref‖ = 0.0001195116480121466 ‖Δρ‖ = 2.077648360059173e-7  ‖vε - vref‖ = 1.58673345949343  α = 0.00646

#-- ‖ρε - ρref‖ = 0.0001195180394003754 vs. 3.1622776601683797e-7 = δ*ε ‖vε - vref‖ = 1.5867332166496944


# --- ε=1.778279410038923e-5

n     Energy            log10(ΔE)   log10(Δρ)   Δtime 
---   ---------------   ---------   ---------   ------
  1   -27.13975618804                   -0.11    6.65s
    ‖ρε - ρref‖ = 0.3954564846958707 ‖Δρ‖ = 0.3954008645987768  ‖vε - vref‖ = 2.4161417465143957  α = 0.000122
  2   -27.13976378795       -5.12       -1.05    4.31s
    ‖ρε - ρref‖ = 0.03475778874492429 ‖Δρ‖ = 0.03474448435934259  ‖vε - vref‖ = 2.178232068344471  α = 0.000398
  3   -27.13977132899       -5.12       -0.90    4.27s
    ‖ρε - ρref‖ = 0.050761833416964046 ‖Δρ‖ = 0.05074083766734693  ‖vε - vref‖ = 1.8765858630832721  α = 0.000291
  4   -27.13977711344       -5.24       -1.45    3.73s
    ‖ρε - ρref‖ = 0.00892873710088187 ‖Δρ‖ = 0.008913261141637095  ‖vε - vref‖ = 1.6846026846937312  α = 0.00149
  5   -27.13977873966       -5.79       -1.96    4.33s
    ‖ρε - ρref‖ = 0.0029884732058246335 ‖Δρ‖ = 0.0029742262911711097  ‖vε - vref‖ = 1.640118390283477  α = 0.00227
  6   -27.13978098731       -5.65       -1.68    4.03s
    ‖ρε - ρref‖ = 0.004387353375783742 ‖Δρ‖ = 0.004373143765091413  ‖vε - vref‖ = 1.5664327846309367  α = 0.00188
  7   -27.13978169778       -6.15       -2.09    4.08s
    ‖ρε - ρref‖ = 0.0018985454670190083 ‖Δρ‖ = 0.001892765885093322  ‖vε - vref‖ = 1.5430948455371754  α = 0.00243
  8   -27.13978187457       -6.75       -2.30    4.56s
    ‖ρε - ρref‖ = 0.001299525716220379 ‖Δρ‖ = 0.0012964857056386337  ‖vε - vref‖ = 1.5387329015554705  α = 0.00181
  9   -27.13978209806       -6.65       -2.50    3.93s
    ‖ρε - ρref‖ = 0.0007153059772426667 ‖Δρ‖ = 0.00070810052580105  ‖vε - vref‖ = 1.5340652307365161  α = 0.00367
 10   -27.13978219224       -7.03       -2.50    4.18s
    ‖ρε - ρref‖ = 0.0007828289508003274 ‖Δρ‖ = 0.0007783848644731234  ‖vε - vref‖ = 1.53304394760142  α = 0.0022
 11   -27.13978232857       -6.87       -2.74    4.05s
    ‖ρε - ρref‖ = 0.0003893274311598447 ‖Δρ‖ = 0.0003771873292553003  ‖vε - vref‖ = 1.532609624944327  α = 0.00525
 12   -27.13978233864       -8.00       -2.22    3.97s
    ‖ρε - ρref‖ = 0.00290537283195518 ‖Δρ‖ = 0.0029610885278720045  ‖vε - vref‖ = 1.5321881053207653  α = 0.000165
 13   -27.13978239912       -7.22       -2.64    4.32s
    ‖ρε - ρref‖ = 0.0005418361011133761 ‖Δρ‖ = 0.0005321472831838509  ‖vε - vref‖ = 1.5323402753957611  α = 0.00258
 14   -27.13978240520       -8.22       -2.28    4.25s
    ‖ρε - ρref‖ = 0.0025979527661167175 ‖Δρ‖ = 0.0025977476562153413  ‖vε - vref‖ = 1.532177483782238  α = 0.000139
 15   -27.13978243140       -7.58       -2.92    4.68s
    ‖ρε - ρref‖ = 0.0002823500439394418 ‖Δρ‖ = 0.0002755667070412509  ‖vε - vref‖ = 1.5326636777047102  α = 0.00328
 16   -27.13978245071       -7.71       -2.58    4.59s
    ‖ρε - ρref‖ = 0.0006039361468602113 ‖Δρ‖ = 0.0005893022368002623  ‖vε - vref‖ = 1.533531391652533  α = 0.00127
 17   -27.13978246687       -7.79       -3.14    4.46s
    ‖ρε - ρref‖ = 0.00018572363189903415 ‖Δρ‖ = 0.0001728142283836336  ‖vε - vref‖ = 1.5343048004518662  α = 0.00391
 18   -27.13978247350       -8.18       -2.89    4.28s
    ‖ρε - ρref‖ = 0.00038338224652210176 ‖Δρ‖ = 0.0003793705283008564  ‖vε - vref‖ = 1.5346282358280048  α = 0.00114
 19   -27.13978249142       -7.75       -3.26    4.10s
    ‖ρε - ρref‖ = 0.0001206446934859011 ‖Δρ‖ = 0.00010172680631320935  ‖vε - vref‖ = 1.5360646958555062  α = 0.00731
 20   -27.13978249582       -8.36       -3.28    4.76s
    ‖ρε - ρref‖ = 0.00014293222552606952 ‖Δρ‖ = 0.00012305771530525712  ‖vε - vref‖ = 1.5365606376361427  α = 0.00302
 21   -27.13978250685       -7.96       -3.08    4.59s
    ‖ρε - ρref‖ = 0.00016243796659764516 ‖Δρ‖ = 0.00014484771436759332  ‖vε - vref‖ = 1.5378828699310727  α = 0.004
 22   -27.13978250956       -8.57       -3.38    3.75s
    ‖ρε - ρref‖ = 0.00012992227823723434 ‖Δρ‖ = 0.00011343426901520888  ‖vε - vref‖ = 1.538249630141078  α = 0.00251
 23   -27.13978251618       -8.18       -3.46    3.71s
    ‖ρε - ρref‖ = 8.606883192078685e-5 ‖Δρ‖ = 6.755794173940479e-5  ‖vε - vref‖ = 1.5391483555512853  α = 0.00634
 24   -27.13978251687       -9.16       -3.15    3.71s
    ‖ρε - ρref‖ = 0.00032874849388364954 ‖Δρ‖ = 0.00027063586223464623  ‖vε - vref‖ = 1.5392794281567488  α = 0.000476
 25   -27.13978252036       -8.46       -2.81    4.03s
    ‖ρε - ρref‖ = 0.00034125267742170077 ‖Δρ‖ = 0.00033836199923486344  ‖vε - vref‖ = 1.5398152569349008  α = 0.000906
 26   -27.13978252087       -9.29       -2.70    4.19s
    ‖ρε - ρref‖ = 0.0007608063865799295 ‖Δρ‖ = 0.00075908385954094  ‖vε - vref‖ = 1.5398768246544894  α = 0.000144
 27   -27.13978252291       -8.69       -3.75    4.55s
    ‖ρε - ρref‖ = 7.817243532299634e-5 ‖Δρ‖ = 3.61778395622721e-5  ‖vε - vref‖ = 1.5401939622038716  α = 0.00678
 28   -27.13978252411       -8.92       -3.57    4.13s
    ‖ρε - ρref‖ = 9.16572276942431e-5 ‖Δρ‖ = 6.145883094549551e-5  ‖vε - vref‖ = 1.5403644835520278  α = 0.00314
 29   -27.13978252564       -8.81       -3.31    4.09s
    ‖ρε - ρref‖ = 0.0001220870368437781 ‖Δρ‖ = 0.00011411336819942192  ‖vε - vref‖ = 1.5405597028558091  α = 0.00176
 30   -27.13978252804       -8.62       -3.54    4.16s
    ‖ρε - ρref‖ = 9.28239073441898e-5 ‖Δρ‖ = 5.7459638354457856e-5  ‖vε - vref‖ = 1.5410181883884455  α = 0.0045
 31   -27.13978252876       -9.14       -3.45    4.11s
    ‖ρε - ρref‖ = 0.0001324397010531973 ‖Δρ‖ = 0.00010912712744412883  ‖vε - vref‖ = 1.5411524588598198  α = 0.00126
 32   -27.13978253079       -8.69       -3.61    4.01s
    ‖ρε - ρref‖ = 7.89874383724795e-5 ‖Δρ‖ = 4.536514467476246e-5  ‖vε - vref‖ = 1.541537325057474  α = 0.00535
 33   -27.13978253233       -8.81       -3.74    4.85s
    ‖ρε - ρref‖ = 7.791069916470002e-5 ‖Δρ‖ = 3.55117145173556e-5  ‖vε - vref‖ = 1.541869234802705  α = 0.00589
 34   -27.13978253297       -9.20       -3.89    4.20s
    ‖ρε - ρref‖ = 7.683540535460499e-5 ‖Δρ‖ = 3.181655858331351e-5  ‖vε - vref‖ = 1.5419879500205038  α = 0.00428
 35   -27.13978253418       -8.92       -3.53    4.64s
    ‖ρε - ρref‖ = 8.30145702204478e-5 ‖Δρ‖ = 6.249694978666587e-5  ‖vε - vref‖ = 1.5421894114597665  α = 0.00292
 36   -27.13978253432       -9.86       -3.02    4.66s
    ‖ρε - ρref‖ = 0.0004428184790495372 ‖Δρ‖ = 0.0003878518654785654  ‖vε - vref‖ = 1.542222995540319  α = 0.000151
 37   -27.13978253453       -9.67       -3.76    3.68s
    ‖ρε - ρref‖ = 9.148520939211882e-5 ‖Δρ‖ = 5.864693026779211e-5  ‖vε - vref‖ = 1.5422578803948166  α = 0.00118
 38   -27.13978253507       -9.27       -2.98    4.03s
    ‖ρε - ρref‖ = 0.00026315010973082883 ‖Δρ‖ = 0.0002613006634561082  ‖vε - vref‖ = 1.5423268804220294  α = 0.000457
 39   -27.13978253573       -9.18       -3.63    4.41s
    ‖ρε - ρref‖ = 8.323213800177779e-5 ‖Δρ‖ = 5.217345589487132e-5  ‖vε - vref‖ = 1.5423881073271786  α = 0.00267
 40   -27.13978253607       -9.47       -3.95    3.90s
    ‖ρε - ρref‖ = 7.266116851511004e-5 ‖Δρ‖ = 2.8138405044575006e-5  ‖vε - vref‖ = 1.5424141533265234  α = 0.00353
 41   -27.13978253629       -9.66       -3.85    3.74s
    ‖ρε - ρref‖ = 7.362619476433968e-5 ‖Δρ‖ = 3.5982408193116734e-5  ‖vε - vref‖ = 1.5424226332471918  α = 0.00221
 42   -27.13978253686       -9.24       -3.65    4.03s
    ‖ρε - ρref‖ = 8.425745349407201e-5 ‖Δρ‖ = 4.327598273012102e-5  ‖vε - vref‖ = 1.5424675690850007  α = 0.00297
 43   -27.13978253707       -9.67       -4.02    4.62s
    ‖ρε - ρref‖ = 7.144559292674928e-5 ‖Δρ‖ = 2.3317214235959685e-5  ‖vε - vref‖ = 1.5424635073275648  α = 0.00326
 44   -27.13978253743       -9.45       -3.59    4.03s
    ‖ρε - ρref‖ = 7.93454067892507e-5 ‖Δρ‖ = 4.891377880941123e-5  ‖vε - vref‖ = 1.5424465974834793  α = 0.00203
 45   -27.13978253773       -9.52       -4.24    3.89s
    ‖ρε - ρref‖ = 6.996879957496213e-5 ‖Δρ‖ = 1.0559588115500544e-5  ‖vε - vref‖ = 1.5424432219856647  α = 0.00879
 46   -27.13978253797       -9.62       -3.98    4.03s
    ‖ρε - ρref‖ = 7.023775712927517e-5 ‖Δρ‖ = 1.7949498841177357e-5  ‖vε - vref‖ = 1.5424055311204499  α = 0.0047
 47   -27.13978253799      -10.75       -3.87    4.67s
    ‖ρε - ρref‖ = 4.074255726399328e-5 ‖Δρ‖ = 5.3880835178647634e-5  ‖vε - vref‖ = 1.5423968182351404  α = 0.000392
 48   -27.13978253805      -10.20       -3.60    4.20s
    ‖ρε - ρref‖ = 9.812744352365719e-5 ‖Δρ‖ = 6.220340362936185e-5  ‖vε - vref‖ = 1.5423811417683093  α = 0.000699
 49   -27.13978253807      -10.73       -3.78    4.27s
    ‖ρε - ρref‖ = 9.97548565990136e-5 ‖Δρ‖ = 6.56730824327379e-5  ‖vε - vref‖ = 1.5423761094994193  α = 0.000306
 50   -27.13978253821       -9.85       -3.72    3.98s
    ‖ρε - ρref‖ = 7.505566983407523e-5 ‖Δρ‖ = 3.800470293228562e-5  ‖vε - vref‖ = 1.5423314452121792  α = 0.00169
 51   -27.13978253835       -9.86       -4.07    4.05s
    ‖ρε - ρref‖ = 7.1777019390213e-5 ‖Δρ‖ = 1.675859993379334e-5  ‖vε - vref‖ = 1.5423053632322368  α = 0.00381
 52   -27.13978253843      -10.07       -4.32    4.56s
    ‖ρε - ρref‖ = 6.76864592821339e-5 ‖Δρ‖ = 9.667770953500571e-6  ‖vε - vref‖ = 1.5422712265047824  α = 0.00523
 53   -27.13978253851      -10.14       -3.99    4.34s
    ‖ρε - ρref‖ = 6.726983638601955e-5 ‖Δρ‖ = 2.333896647447472e-5  ‖vε - vref‖ = 1.542232716334044  α = 0.00191
 54   -27.13978253858      -10.14       -3.96    4.28s
    ‖ρε - ρref‖ = 7.259318574162556e-5 ‖Δρ‖ = 2.4487834537666116e-5  ‖vε - vref‖ = 1.5422052903855181  α = 0.0019
 55   -27.13978253868       -9.99       -4.13    3.91s
    ‖ρε - ρref‖ = 7.024742442450012e-5 ‖Δρ‖ = 1.5760959264142313e-5  ‖vε - vref‖ = 1.542174427972652  α = 0.00338
 56   -27.13978253873      -10.32       -4.23    4.01s
    ‖ρε - ρref‖ = 6.923838725952824e-5 ‖Δρ‖ = 1.59723248950548e-5  ‖vε - vref‖ = 1.5421590402097092  α = 0.00222
 57   -27.13978253887       -9.86       -4.01    4.17s
    ‖ρε - ρref‖ = 7.114854409905757e-5 ‖Δρ‖ = 1.7408162815653056e-5  ‖vε - vref‖ = 1.5421109582477772  α = 0.00347
 58   -27.13978253894      -10.16       -4.47    4.07s
    ‖ρε - ρref‖ = 6.91974613918839e-5 ‖Δρ‖ = 6.048407202878344e-6  ‖vε - vref‖ = 1.5420897878167046  α = 0.00745
 59   -27.13978253895      -10.94       -3.47    3.87s
    ‖ρε - ρref‖ = 7.764350018211544e-5 ‖Δρ‖ = 0.00011434038874061208  ‖vε - vref‖ = 1.5420825538683265  α = 0.000149
 60   -27.13978253897      -10.75       -4.34    3.74s
    ‖ρε - ρref‖ = 6.736092999016445e-5 ‖Δρ‖ = 1.3411751904815236e-5  ‖vε - vref‖ = 1.5420766940932844  α = 0.00153
 61   -27.13978253902      -10.30       -3.42    4.57s
    ‖ρε - ρref‖ = 0.00010643635509682736 ‖Δρ‖ = 7.52279476685972e-5  ‖vε - vref‖ = 1.5420618270341562  α = 0.000491
 62   -27.13978253906      -10.38       -3.97    4.23s
    ‖ρε - ρref‖ = 7.150554975514957e-5 ‖Δρ‖ = 2.1343815855038416e-5  ‖vε - vref‖ = 1.542048501345038  α = 0.00168
 63   -27.13978253912      -10.19       -4.47    3.74s
    ‖ρε - ρref‖ = 6.78571693537881e-5 ‖Δρ‖ = 6.447964698498237e-6  ‖vε - vref‖ = 1.5420254903489488  α = 0.00662
 64   -27.13978253916      -10.48       -4.50    4.03s
    ‖ρε - ρref‖ = 6.806456190998362e-5 ‖Δρ‖ = 7.274212390613503e-6  ‖vε - vref‖ = 1.542013871849618  α = 0.00428
 65   -27.13978253918      -10.55       -4.16    4.41s
    ‖ρε - ρref‖ = 6.728767488400977e-5 ‖Δρ‖ = 1.5814808438682665e-5  ‖vε - vref‖ = 1.5420003092005017  α = 0.00176
 66   -27.13978253923      -10.32       -4.17    4.03s
    ‖ρε - ρref‖ = 6.868691863695043e-5 ‖Δρ‖ = 1.339808614923311e-5  ‖vε - vref‖ = 1.5419860036831865  α = 0.00277
 67   -27.13978253926      -10.51       -4.27    4.41s
    ‖ρε - ρref‖ = 6.815943446926427e-5 ‖Δρ‖ = 1.2625462671795595e-5  ‖vε - vref‖ = 1.5419807703937727  α = 0.00241
 68   -27.13978253930      -10.48       -4.35    4.15s
    ‖ρε - ρref‖ = 6.77069144465119e-5 ‖Δρ‖ = 1.0413538881741215e-5  ‖vε - vref‖ = 1.5419822127324647  α = 0.00286
 69   -27.13978253935      -10.26       -4.02    4.00s
    ‖ρε - ρref‖ = 7.028910234270097e-5 ‖Δρ‖ = 1.675767607059889e-5  ‖vε - vref‖ = 1.541991063677059  α = 0.00231
 70   -27.13978253936      -11.26       -4.48    4.34s
    ‖ρε - ρref‖ = 7.846957715973926e-5 ‖Δρ‖ = 1.2692985781909796e-5  ‖vε - vref‖ = 1.5419966365221733  α = 0.000895
 71   -27.13978253939      -10.46       -3.81    4.13s
    ‖ρε - ρref‖ = 7.317620234209607e-5 ‖Δρ‖ = 3.3220572443677425e-5  ‖vε - vref‖ = 1.5420178267057105  α = 0.00094
 72   -27.13978253940      -11.32       -3.94    3.89s
    ‖ρε - ρref‖ = 7.391455086751858e-5 ‖Δρ‖ = 4.537650207757446e-5  ‖vε - vref‖ = 1.5420197750028724  α = 0.00022
 73   -27.13978253943      -10.42       -4.12    4.66s
    ‖ρε - ρref‖ = 6.896703752049752e-5 ‖Δρ‖ = 1.3650978257940276e-5  ‖vε - vref‖ = 1.5420315675262952  α = 0.0024
 74   -27.13978253945      -10.88       -4.56    3.92s
    ‖ρε - ρref‖ = 6.803347177883428e-5 ‖Δρ‖ = 6.709455226432331e-6  ‖vε - vref‖ = 1.5420341641359585  α = 0.00298
 75   -27.13978253949      -10.34       -4.40    3.77s
    ‖ρε - ρref‖ = 6.799597442453866e-5 ‖Δρ‖ = 6.966055041719751e-6  ‖vε - vref‖ = 1.542042582425319  α = 0.00513
 76   -27.13978253952      -10.55       -4.67    4.06s
    ‖ρε - ρref‖ = 6.773878069639583e-5 ‖Δρ‖ = 4.23723675766808e-6  ‖vε - vref‖ = 1.542045916801231  α = 0.00654
 77   -27.13978253953      -10.96       -4.11    3.93s
    ‖ρε - ρref‖ = 6.796420188649557e-5 ‖Δρ‖ = 1.847443627738126e-5  ‖vε - vref‖ = 1.5420446089323765  α = 0.000965
 78   -27.13978253955      -10.77       -4.81    3.81s
    ‖ρε - ρref‖ = 6.793127482963573e-5 ‖Δρ‖ = 3.5913268360208173e-6  ‖vε - vref‖ = 1.5420470108035895  α = 0.00608
 79   -27.13978253957      -10.71       -4.34    4.15s
    ‖ρε - ρref‖ = 6.879409365320884e-5 ‖Δρ‖ = 9.879505114049288e-6  ‖vε - vref‖ = 1.5420486072433586  α = 0.00237
 80   -27.13978253958      -10.95       -4.40    4.47s
    ‖ρε - ρref‖ = 6.754887140758307e-5 ‖Δρ‖ = 1.0663803703402532e-5  ‖vε - vref‖ = 1.542047857057091  α = 0.00164
 81   -27.13978253959      -10.86       -4.46    4.44s
    ‖ρε - ρref‖ = 6.47165741509566e-5 ‖Δρ‖ = 7.374535031031372e-6  ‖vε - vref‖ = 1.542042866266664  α = 0.00272
 82   -27.13978253960      -11.31       -3.64    4.35s
    ‖ρε - ρref‖ = 0.0001224980265379188 ‖Δρ‖ = 6.841785932684619e-5  ‖vε - vref‖ = 1.54204360962926  α = 0.000165
 83   -27.13978253960      -11.33       -4.65    3.96s
    ‖ρε - ρref‖ = 6.96634128876905e-5 ‖Δρ‖ = 7.34299866204498e-6  ‖vε - vref‖ = 1.5420444252294767  α = 0.00138
 84   -27.13978253963      -10.60       -3.75    4.03s
    ‖ρε - ρref‖ = 7.444690233507633e-5 ‖Δρ‖ = 3.175032873421701e-5  ‖vε - vref‖ = 1.5420451761431113  α = 0.000824
 85   -27.13978253964      -11.05       -4.67    4.83s
    ‖ρε - ρref‖ = 6.736987303983387e-5 ‖Δρ‖ = 4.896828424772993e-6  ‖vε - vref‖ = 1.5420400299766293  α = 0.00334
 86   -27.13978253965      -10.97       -4.61    4.26s
    ‖ρε - ρref‖ = 6.775125965343675e-5 ‖Δρ‖ = 5.596389969656048e-6  ‖vε - vref‖ = 1.5420348077986348  α = 0.00314
 87   -27.13978253967      -10.61       -4.49    3.62s
    ‖ρε - ρref‖ = 6.810608969277579e-5 ‖Δρ‖ = 5.731067652484827e-6  ‖vε - vref‖ = 1.5420286252669502  α = 0.00459
 88   -27.13978253968      -10.99       -4.73    3.77s
    ‖ρε - ρref‖ = 6.798844647798113e-5 ‖Δρ‖ = 4.28936346263681e-6  ‖vε - vref‖ = 1.5420251181156348  α = 0.00407
 89   -27.13978253969      -10.96       -4.32    4.76s
    ‖ρε - ρref‖ = 6.717484653636651e-5 ‖Δρ‖ = 1.1637092494539035e-5  ‖vε - vref‖ = 1.5420177883131168  α = 0.00146
 90   -27.13978253971      -10.91       -4.72    4.33s
    ‖ρε - ρref‖ = 6.738320792655938e-5 ‖Δρ‖ = 4.391116607429326e-6  ‖vε - vref‖ = 1.5420124393304364  α = 0.00418
 91   -27.13978253971      -11.13       -4.61    4.64s
    ‖ρε - ρref‖ = 6.796094389538441e-5 ‖Δρ‖ = 6.5359219437386865e-6  ‖vε - vref‖ = 1.5420110421963373  α = 0.0022
 92   -27.13978253972      -11.01       -4.44    4.81s
    ‖ρε - ρref‖ = 6.91129618009464e-5 ‖Δρ‖ = 8.064551686520546e-6  ‖vε - vref‖ = 1.5420115792536218  α = 0.0021
 93   -27.13978253972      -11.91       -4.19    4.61s
    ‖ρε - ρref‖ = 5.118346172064208e-5 ‖Δρ‖ = 2.6171983620455113e-5  ‖vε - vref‖ = 1.5420106480013525  α = 0.000209
 94   -27.13978253973      -11.25       -4.46    3.95s
    ‖ρε - ρref‖ = 6.943042565547548e-5 ‖Δρ‖ = 9.249045930271988e-6  ‖vε - vref‖ = 1.5420121366140238  α = 0.00138
 95   -27.13978253973      -11.84       -4.16    4.06s
    ‖ρε - ρref‖ = 8.12012817630918e-5 ‖Δρ‖ = 2.8685309226900644e-5  ‖vε - vref‖ = 1.5420129689495052  α = 0.000193
 96   -27.13978253974      -10.94       -4.66    4.72s
    ‖ρε - ρref‖ = 6.787902144173617e-5 ‖Δρ‖ = 4.5609070026872635e-6  ‖vε - vref‖ = 1.5420189478706294  α = 0.004
 97   -27.13978253976      -10.85       -4.89    4.63s
    ‖ρε - ρref‖ = 6.745988627918925e-5 ‖Δρ‖ = 2.5681540034879426e-6  ‖vε - vref‖ = 1.5420252784086843  α = 0.00774
 98   -27.13978253976      -11.30       -4.71    4.75s
    ‖ρε - ρref‖ = 6.812134484597372e-5 ‖Δρ‖ = 5.202761711921512e-6  ‖vε - vref‖ = 1.5420297063226394  α = 0.00236
 99   -27.13978253977      -10.98       -4.67    4.49s
    ‖ρε - ρref‖ = 6.806514236721931e-5 ‖Δρ‖ = 4.427883510864947e-6  ‖vε - vref‖ = 1.5420407477523959  α = 0.00397
 100   -27.13978253978      -11.18       -4.76    3.74s
    ‖ρε - ρref‖ = 6.770726564785317e-5 ‖Δρ‖ = 3.569897362055398e-6  ‖vε - vref‖ = 1.5420450677417707  α = 0.00388
 101   -27.13978253978      -11.33       -4.40    4.03s
    ‖ρε - ρref‖ = 6.691383002215134e-5 ‖Δρ‖ = 9.542038461074889e-6  ‖vε - vref‖ = 1.5420456358538073  α = 0.00122
 102   -27.13978253979      -11.03       -4.88    3.80s
    ‖ρε - ρref‖ = 6.769873126550396e-5 ‖Δρ‖ = 2.3749305927350733e-6  ‖vε - vref‖ = 1.5420491005431076  α = 0.00686
 103   -27.13978253979      -11.77       -4.74    4.04s
    ‖ρε - ρref‖ = 6.784507168599325e-5 ‖Δρ‖ = 5.99073432305202e-6  ‖vε - vref‖ = 1.5420497298672504  α = 0.00113
 104   -27.13978253980      -12.17       -4.84    4.06s
    ‖ρε - ρref‖ = 7.203333185928846e-5 ‖Δρ‖ = 5.823810665896535e-6  ‖vε - vref‖ = 1.5420506514597236  α = 0.000694
 105   -27.13978253980      -11.40       -4.35    4.53s
    ‖ρε - ρref‖ = 6.573821961300165e-5 ‖Δρ‖ = 1.1472401627061877e-5  ‖vε - vref‖ = 1.5420507752039587  α = 0.000915
 106   -27.13978253980      -12.09       -4.44    4.43s
    ‖ρε - ρref‖ = 6.482030269594431e-5 ‖Δρ‖ = 1.4838653562505919e-5  ‖vε - vref‖ = 1.54205037433236  α = 0.000283
 107   -27.13978253980      -11.31       -4.45    3.80s
    ‖ρε - ρref‖ = 6.805164966048877e-5 ‖Δρ‖ = 7.970710815040654e-6  ‖vε - vref‖ = 1.542048476468775  α = 0.00148
 108   -27.13978253981      -11.40       -4.88    3.64s
    ‖ρε - ρref‖ = 6.747352904832115e-5 ‖Δρ‖ = 3.1289600121214864e-6  ‖vε - vref‖ = 1.5420470806667725  α = 0.00344
 109   -27.13978253981      -11.39       -4.98    3.86s
    ‖ρε - ρref‖ = 6.801275642300394e-5 ‖Δρ‖ = 2.1627977545516823e-6  ‖vε - vref‖ = 1.5420506996926333  α = 0.00515
 110   -27.13978253981      -11.75       -4.95    3.97s
    ‖ρε - ρref‖ = 6.770556881201094e-5 ‖Δρ‖ = 2.545468088758087e-6  ‖vε - vref‖ = 1.5420507948973805  α = 0.00292
 111   -27.13978253982      -11.56       -4.80    3.62s
    ‖ρε - ρref‖ = 6.727577176960236e-5 ‖Δρ‖ = 3.058982278882033e-6  ‖vε - vref‖ = 1.5420493003379094  α = 0.00301
 112   -27.13978253982      -11.76       -5.07    3.88s
    ‖ρε - ρref‖ = 6.776760986748897e-5 ‖Δρ‖ = 2.1820193358258478e-6  ‖vε - vref‖ = 1.5420497177016064  α = 0.00312
 113   -27.13978253982      -11.79       -4.71    4.34s
    ‖ρε - ρref‖ = 6.748501679524947e-5 ‖Δρ‖ = 4.720437731607959e-6  ‖vε - vref‖ = 1.542048995664555  α = 0.00148
 114   -27.13978253982      -11.39       -5.05    3.64s
    ‖ρε - ρref‖ = 6.76566946998138e-5 ‖Δρ‖ = 1.664129590528512e-6  ‖vε - vref‖ = 1.542047357290447  α = 0.00644
 115   -27.13978253983      -11.95       -4.86    3.87s
    ‖ρε - ρref‖ = 6.564304431625749e-5 ‖Δρ‖ = 4.279453840431437e-6  ‖vε - vref‖ = 1.5420461975832378  α = 0.00129
 116   -27.13978253983      -11.99       -4.18    3.94s
    ‖ρε - ρref‖ = 8.104642236785576e-5 ‖Δρ‖ = 2.0952825023185537e-5  ‖vε - vref‖ = 1.5420464645921017  α = 0.000247
 117   -27.13978253983      -11.94       -4.69    4.67s
    ‖ρε - ρref‖ = 6.803449356264694e-5 ‖Δρ‖ = 6.3601902543480985e-6  ‖vε - vref‖ = 1.542046222578976  α = 0.000874
 118   -27.13978253983      -12.17       -4.31    4.02s
    ‖ρε - ρref‖ = 6.363339310865818e-5 ‖Δρ‖ = 1.717860899714165e-5  ‖vε - vref‖ = 1.542045790514272  α = 0.000211
 119   -27.13978253983      -11.56       -5.33    4.34s
    ‖ρε - ρref‖ = 6.768276237527753e-5 ‖Δρ‖ = 8.73985554542881e-7  ‖vε - vref‖ = 1.542049033523819  α = 0.0102
 120   -27.13978253983      -12.04       -5.03    4.56s
    ‖ρε - ρref‖ = 6.763300366556328e-5 ‖Δρ‖ = 2.3793126067403526e-6  ‖vε - vref‖ = 1.5420503824362513  α = 0.00221
 121   -27.13978253984      -11.57       -5.27    4.52s
    ‖ρε - ρref‖ = 6.756094581699015e-5 ‖Δρ‖ = 9.76585966760307e-7  ‖vε - vref‖ = 1.5420543653990215  α = 0.00899
 122   -27.13978253984      -12.14       -5.01    4.36s
    ‖ρε - ρref‖ = 6.78515338723649e-5 ‖Δρ‖ = 2.2747145406783885e-6  ‖vε - vref‖ = 1.5420560795127227  α = 0.00209
 123   -27.13978253984      -11.97       -5.13    4.08s
    ‖ρε - ρref‖ = 6.76819854850176e-5 ‖Δρ‖ = 1.7014651035602832e-6  ‖vε - vref‖ = 1.5420578815076154  α = 0.00328
 124   -27.13978253984      -11.98       -5.05    4.63s
    ‖ρε - ρref‖ = 6.773400452778822e-5 ‖Δρ‖ = 2.0203666157209194e-6  ‖vε - vref‖ = 1.542058415835611  α = 0.00269
 125   -27.13978253984      -11.95       -4.81    4.00s
    ‖ρε - ρref‖ = 6.7263150600452e-5 ‖Δρ‖ = 3.4096179515098807e-6  ‖vε - vref‖ = 1.542057276325281  α = 0.00157
 126   -27.13978253984      -12.07       -5.32    3.79s
    ‖ρε - ρref‖ = 6.783359384185351e-5 ‖Δρ‖ = 1.0159290234911392e-6  ‖vε - vref‖ = 1.5420570645580494  α = 0.00489
 127   -27.13978253984      -12.76       -4.44    3.81s
    ‖ρε - ρref‖ = 5.955219505135687e-5 ‖Δρ‖ = 1.2604822898668577e-5  ‖vε - vref‖ = 1.5420565826658454  α = 0.000163
 128   -27.13978253984      -12.50       -5.14    3.77s
    ‖ρε - ρref‖ = 6.764517787238244e-5 ‖Δρ‖ = 2.4080027880344145e-6  ‖vε - vref‖ = 1.5420560561799173  α = 0.00125
 129   -27.13978253984      -12.63       -4.67    4.25s
    ‖ρε - ρref‖ = 7.05658134489603e-5 ‖Δρ‖ = 7.953240624359845e-6  ‖vε - vref‖ = 1.542055839277202  α = 0.000251
 130   -27.13978253984      -11.99       -4.94    4.28s
    ‖ρε - ρref‖ = 6.729861442627122e-5 ‖Δρ‖ = 2.4282409981518977e-6  ‖vε - vref‖ = 1.5420535550012764  α = 0.00221
 131   -27.13978253984      -12.13       -5.31    3.82s
    ‖ρε - ρref‖ = 6.76272734883546e-5 ‖Δρ‖ = 1.1001987492340192e-6  ‖vε - vref‖ = 1.5420526622936637  α = 0.00416
 132   -27.13978253984      -12.08       -5.38    4.46s
    ‖ρε - ρref‖ = 6.762708507906603e-5 ‖Δρ‖ = 7.213262346029185e-7  ‖vε - vref‖ = 1.5420513352904133  α = 0.00695
 133   -27.13978253984      -12.40       -5.27    4.49s
    ‖ρε - ρref‖ = 6.76205269937721e-5 ‖Δρ‖ = 1.1527080872120346e-6  ‖vε - vref‖ = 1.5420503567594352  α = 0.00297
 134   -27.13978253984      -12.20       -5.19    4.69s
    ‖ρε - ρref‖ = 6.761611146793828e-5 ‖Δρ‖ = 1.1144854011956694e-6  ‖vε - vref‖ = 1.542048840111562  α = 0.00395
 135   -27.13978253984      -12.67       -5.22    4.66s
    ‖ρε - ρref‖ = 6.742924817733847e-5 ‖Δρ‖ = 1.546958527318026e-6  ‖vε - vref‖ = 1.5420481683764815  α = 0.00154
 136   -27.13978253984      -12.65       -5.39    3.72s
    ‖ρε - ρref‖ = 6.760001248379311e-5 ‖Δρ‖ = 9.370514652100103e-7  ‖vε - vref‖ = 1.5420477253944622  α = 0.00268
 137   -27.13978253984      -12.71       -5.17    3.67s
    ‖ρε - ρref‖ = 6.744773946278044e-5 ‖Δρ‖ = 1.4520656127585561e-6  ‖vε - vref‖ = 1.542046998818693  α = 0.00174
 138   -27.13978253985      -12.82       -5.46    3.70s
    ‖ρε - ρref‖ = 6.826222848358235e-5 ‖Δρ‖ = 1.0172695496608625e-6  ‖vε - vref‖ = 1.5420472773172853  α = 0.00186
 139   -27.13978253985      -12.59       -4.47    3.58s
    ‖ρε - ρref‖ = 6.553941521984921e-5 ‖Δρ‖ = 7.969061514364889e-6  ‖vε - vref‖ = 1.5420470461630682  α = 0.00035
 140   -27.13978253985      -13.85       -5.29    4.12s
    ‖ρε - ρref‖ = 6.700687775501577e-5 ‖Δρ‖ = 2.2665318643597656e-6  ‖vε - vref‖ = 1.5420469920267201  α = 0.000339
 141   -27.13978253985      -12.55       -5.26    4.61s
    ‖ρε - ρref‖ = 6.781208561437007e-5 ‖Δρ‖ = 1.28561464679472e-6  ‖vε - vref‖ = 1.5420470555146069  α = 0.00199
 142   -27.13978253985      -12.46       -5.09    4.22s
    ‖ρε - ρref‖ = 6.745802250829754e-5 ‖Δρ‖ = 1.7268710591920322e-6  ‖vε - vref‖ = 1.5420467486836744  α = 0.00179
 143   -27.13978253985      -12.48       -5.43    4.88s
    ‖ρε - ρref‖ = 6.75703977567263e-5 ‖Δρ‖ = 7.570787162234868e-7  ‖vε - vref‖ = 1.542046036885883  α = 0.00406
 144   -27.13978253985      -12.44       -5.68    4.48s
    ‖ρε - ρref‖ = 6.764655691386082e-5 ‖Δρ‖ = 4.166584440585837e-7  ‖vε - vref‖ = 1.5420467021140316  α = 0.00763
 145   -27.13978253985      -12.45       -5.46    4.36s
    ‖ρε - ρref‖ = 6.748963097191555e-5 ‖Δρ‖ = 6.301150241639827e-7  ‖vε - vref‖ = 1.5420457263197151  α = 0.00511
 146   -27.13978253985      -12.89       -5.68    4.71s
    ‖ρε - ρref‖ = 6.761102588187916e-5 ‖Δρ‖ = 5.408931425620176e-7  ‖vε - vref‖ = 1.5420457917622459  α = 0.00356
 147   -27.13978253985      -12.66       -5.38    3.86s
    ‖ρε - ρref‖ = 6.759354137981824e-5 ‖Δρ‖ = 9.355054252220176e-7  ‖vε - vref‖ = 1.5420459348426434  α = 0.00258
 148   -27.13978253985      -12.87       -5.30    4.14s
    ‖ρε - ρref‖ = 6.781896176875748e-5 ‖Δρ‖ = 1.1587293385040008e-6  ‖vε - vref‖ = 1.5420464724063634  α = 0.00188
 149   -27.13978253985      -12.81       -5.32    4.57s
    ‖ρε - ρref‖ = 6.7435319336738e-5 ‖Δρ‖ = 1.0950454905217606e-6  ‖vε - vref‖ = 1.5420465571428092  α = 0.00186
 150   -27.13978253985      -13.67       -4.90    4.26s
    ‖ρε - ρref‖ = 7.098079243881127e-5 ‖Δρ‖ = 4.71921903160001e-6  ‖vε - vref‖ = 1.54204670008899  α = 0.000164
 151   -27.13978253985      -12.84       -5.54    3.97s
    ‖ρε - ρref‖ = 6.758601438376658e-5 ‖Δρ‖ = 6.930228312585908e-7  ‖vε - vref‖ = 1.5420465309418774  α = 0.00262
 152   -27.13978253985      -13.27       -4.71    3.62s
    ‖ρε - ρref‖ = 6.546808025096313e-5 ‖Δρ‖ = 5.931907018304915e-6  ‖vε - vref‖ = 1.5420463137087645  α = 0.0002
 153   -27.13978253985      -13.07       -5.48    3.71s
    ‖ρε - ρref‖ = 6.757186119036644e-5 ‖Δρ‖ = 8.552293343370774e-7  ‖vε - vref‖ = 1.5420460637602837  α = 0.00188
 154   -27.13978253985      -13.13       -5.77    3.72s
    ‖ρε - ρref‖ = 6.756142089166397e-5 ‖Δρ‖ = 4.0464371549512933e-7  ‖vε - vref‖ = 1.54204597180223  α = 0.00349
 155   -27.13978253985      -12.81       -5.35    4.16s
    ‖ρε - ρref‖ = 6.766793685007037e-5 ‖Δρ‖ = 8.171323895822147e-7  ‖vε - vref‖ = 1.542046000330943  α = 0.00256
 156   -27.13978253985      -12.84       -5.87    3.82s
    ‖ρε - ρref‖ = 6.758285958436467e-5 ‖Δρ‖ = 2.1761260804844204e-7  ‖vε - vref‖ = 1.542045901341634  α = 0.0103
 157   -27.13978253985      -13.02       -5.93    3.97s
    ‖ρε - ρref‖ = 6.762209112390037e-5 ‖Δρ‖ = 2.692756641926504e-7  ‖vε - vref‖ = 1.5420463612756985  α = 0.00479
 158   -27.13978253985      -12.87       -5.84    3.71s
    ‖ρε - ρref‖ = 6.758607377509991e-5 ‖Δρ‖ = 2.3392729472850827e-7  ‖vε - vref‖ = 1.542046439286885  α = 0.00834
 159   -27.13978253985      -13.97       -5.52    3.61s
    ‖ρε - ρref‖ = 6.750108376365582e-5 ‖Δρ‖ = 7.583737041762174e-7  ‖vε - vref‖ = 1.542046357890228  α = 0.00126
 160   -27.13978253985      -13.17       -5.72    3.62s
    ‖ρε - ρref‖ = 6.766602079008097e-5 ‖Δρ‖ = 4.0940956486871325e-7  ‖vε - vref‖ = 1.5420465597341664  α = 0.00284
 161   -27.13978253985   +    -Inf       -5.36    4.09s
    ‖ρε - ρref‖ = 6.656154790716796e-5 ‖Δρ‖ = 1.5394892568059546e-6  ‖vε - vref‖ = 1.542046499124412  α = 0.000287
 162   -27.13978253985      -13.60       -5.31    4.56s
    ‖ρε - ρref‖ = 6.777593684874417e-5 ‖Δρ‖ = 1.0862582077455764e-6  ‖vε - vref‖ = 1.5420465593882031  α = 0.000898
 163   -27.13978253985      -13.75       -5.54    3.73s
    ‖ρε - ρref‖ = 6.801311187366982e-5 ‖Δρ‖ = 1.1560099559856484e-6  ‖vε - vref‖ = 1.5420466005332778  α = 0.000379
 164   -27.13978253985      -13.27       -5.32    3.86s
    ‖ρε - ρref‖ = 6.752482115451462e-5 ‖Δρ‖ = 9.482459706549597e-7  ‖vε - vref‖ = 1.5420465764295341  α = 0.00145
 165   -27.13978253985      -13.17       -5.84    4.21s
    ‖ρε - ρref‖ = 6.758551478301371e-5 ‖Δρ‖ = 2.787382772535516e-7  ‖vε - vref‖ = 1.5420464707080064  α = 0.00461
 166   -27.13978253985      -13.55       -5.67    4.14s
    ‖ρε - ρref‖ = 6.752235064387825e-5 ‖Δρ‖ = 5.746325933113969e-7  ‖vε - vref‖ = 1.5420464329232244  α = 0.00145
 167   -27.13978253985      -13.50       -5.85    4.33s
    ‖ρε - ρref‖ = 6.760451244242889e-5 ‖Δρ‖ = 2.838535699345706e-7  ‖vε - vref‖ = 1.542046603143874  α = 0.00435
 168   -27.13978253985      -13.19       -6.00    3.85s
    ‖ρε - ρref‖ = 6.760608928941906e-5 ‖Δρ‖ = 1.9598063325785094e-7  ‖vε - vref‖ = 1.5420469789174511  α = 0.00642
 169   -27.13978253985      -13.50       -5.75    4.22s
    ‖ρε - ρref‖ = 6.759175022294847e-5 ‖Δρ‖ = 4.2782255332205005e-7  ‖vε - vref‖ = 1.5420471740666053  α = 0.00221
 170   -27.13978253985      -13.41       -6.12    4.13s
    ‖ρε - ρref‖ = 6.758098331221891e-5 ‖Δρ‖ = 1.5481235390535125e-7  ‖vε - vref‖ = 1.542047039850763  α = 0.00699
 171   -27.13978253985      -13.37       -5.99    3.88s
    ‖ρε - ρref‖ = 6.757958505790219e-5 ‖Δρ‖ = 2.0436523723657977e-7  ‖vε - vref‖ = 1.5420469041624232  α = 0.00443
 172   -27.13978253985      -14.15       -5.57    4.85s
    ‖ρε - ρref‖ = 6.793174584246514e-5 ‖Δρ‖ = 7.05958011619212e-7  ‖vε - vref‖ = 1.5420469204840648  α = 0.000164
 173   -27.13978253985      -14.45       -5.21    3.93s
    ‖ρε - ρref‖ = 6.652167438195129e-5 ‖Δρ‖ = 2.0648797378063656e-6  ‖vε - vref‖ = 1.5420468812709383  α = 0.000165
 174   -27.13978253985      -14.15       -6.13    4.56s
    ‖ρε - ρref‖ = 6.753890009437598e-5 ‖Δρ‖ = 1.9380473563434255e-7  ‖vε - vref‖ = 1.5420467989327378  α = 0.00294
 175   -27.13978253985   +    -Inf       -5.06    4.43s
    ‖ρε - ρref‖ = 6.804990737989393e-5 ‖Δρ‖ = 2.2139527817044714e-6  ‖vε - vref‖ = 1.5420467753331615  α = 0.00026
 176   -27.13978253985      -13.60       -5.90    4.19s
    ‖ρε - ρref‖ = 6.755500790664508e-5 ‖Δρ‖ = 2.683874978323757e-7  ‖vε - vref‖ = 1.5420466516416558  α = 0.00263
 177   -27.13978253985      -13.97       -5.85    4.11s
    ‖ρε - ρref‖ = 6.758814522470827e-5 ‖Δρ‖ = 2.895020303426122e-7  ‖vε - vref‖ = 1.5420465954719225  α = 0.00248
 178   -27.13978253985      -13.50       -6.07    3.94s
    ‖ρε - ρref‖ = 6.760762998390356e-5 ‖Δρ‖ = 1.891181215173969e-7  ‖vε - vref‖ = 1.5420468413187725  α = 0.00346
 179   -27.13978253985   +  -14.15       -5.81    4.23s
    ‖ρε - ρref‖ = 6.766209589462998e-5 ‖Δρ‖ = 3.715502629068037e-7  ‖vε - vref‖ = 1.5420470684739889  α = 0.00156
 180   -27.13978253985      -13.41       -6.07    3.98s
    ‖ρε - ρref‖ = 6.75760587936157e-5 ‖Δρ‖ = 1.6204299452162988e-7  ‖vε - vref‖ = 1.5420471238994164  α = 0.00429
 181   -27.13978253985      -13.85       -6.47    4.03s
    ‖ρε - ρref‖ = 6.758921697953145e-5 ‖Δρ‖ = 6.064134933636784e-8  ‖vε - vref‖ = 1.542047405794947  α = 0.0127

#-- ‖ρε - ρref‖ = 6.759089193490696e-5 vs. 1.778279410038923e-7 = δ*ε ‖vε - vref‖ = 1.5420476436526156


# --- ε=1.0e-5

n     Energy            log10(ΔE)   log10(Δρ)   Δtime 
---   ---------------   ---------   ---------   ------
  1   -27.13967806864                   -0.11    6.85s
    ‖ρε - ρref‖ = 0.3954832676712581 ‖Δρ‖ = 0.3954520050528227  ‖vε - vref‖ = 2.421096350556805  α = 6.85e-5
  2   -27.13968239377       -5.36       -1.05    4.15s
    ‖ρε - ρref‖ = 0.03472473386124816 ‖Δρ‖ = 0.034717203447892885  ‖vε - vref‖ = 2.1791603477982133  α = 0.000225
  3   -27.13968668764       -5.37       -0.90    3.91s
    ‖ρε - ρref‖ = 0.05116730288510793 ‖Δρ‖ = 0.05115541638494185  ‖vε - vref‖ = 1.8710701438856725  α = 0.000163
  4   -27.13969004341       -5.47       -1.44    3.76s
    ‖ρε - ρref‖ = 0.009016095146857321 ‖Δρ‖ = 0.00900734273406386  ‖vε - vref‖ = 1.666782143919048  α = 0.000842
  5   -27.13969103705       -6.00       -1.95    4.42s
    ‖ρε - ρref‖ = 0.0030259038502821346 ‖Δρ‖ = 0.003017859781822174  ‖vε - vref‖ = 1.614085388309198  α = 0.00132
  6   -27.13969240509       -5.86       -1.66    3.63s
    ‖ρε - ρref‖ = 0.004615377742075211 ‖Δρ‖ = 0.00460734024095814  ‖vε - vref‖ = 1.5268773098465742  α = 0.00105
  7   -27.13969284553       -6.36       -2.07    3.62s
    ‖ρε - ρref‖ = 0.0019731755371274065 ‖Δρ‖ = 0.001970096403717302  ‖vε - vref‖ = 1.497899504043029  α = 0.00138
  8   -27.13969296156       -6.94       -2.28    3.67s
    ‖ρε - ρref‖ = 0.0013632800229741234 ‖Δρ‖ = 0.0013618912256092312  ‖vε - vref‖ = 1.4916946627809058  α = 0.00105
  9   -27.13969311778       -6.81       -2.46    3.72s
    ‖ρε - ρref‖ = 0.000777263478078646 ‖Δρ‖ = 0.0007738303618607354  ‖vε - vref‖ = 1.483882611954318  α = 0.00212
 10   -27.13969318687       -7.16       -2.45    3.91s
    ‖ρε - ρref‖ = 0.0008685732631090999 ‖Δρ‖ = 0.0008666618173000883  ‖vε - vref‖ = 1.4813391867655896  α = 0.00127
 11   -27.13969329315       -6.97       -2.67    4.17s
    ‖ρε - ρref‖ = 0.00044623253814975064 ‖Δρ‖ = 0.00044074921038102254  ‖vε - vref‖ = 1.4783585793284728  α = 0.003
 12   -27.13969330033       -8.14       -2.20    4.14s
    ‖ρε - ρref‖ = 0.0030348484843671785 ‖Δρ‖ = 0.0030660925030221576  ‖vε - vref‖ = 1.477872263326375  α = 0.000101
 13   -27.13969334798       -7.32       -2.53    4.44s
    ‖ρε - ρref‖ = 0.000689672405201407 ‖Δρ‖ = 0.0006850660137631716  ‖vε - vref‖ = 1.4768341507356921  α = 0.00134
 14   -27.13969335297       -8.30       -2.19    4.64s
    ‖ρε - ρref‖ = 0.00311179637173256 ‖Δρ‖ = 0.003111563480610383  ‖vε - vref‖ = 1.4765379222219046  α = 7.91e-5
 15   -27.13969338122       -7.55       -2.87    4.18s
    ‖ρε - ρref‖ = 0.0002899968065144523 ‖Δρ‖ = 0.00028689672829471086  ‖vε - vref‖ = 1.476614508846261  α = 0.00248
 16   -27.13969339307       -7.93       -2.54    3.99s
    ‖ρε - ρref‖ = 0.0007138689875938559 ‖Δρ‖ = 0.0007065858317117987  ‖vε - vref‖ = 1.4770268234098363  α = 0.000626
 17   -27.13969340995       -7.77       -3.01    3.65s
    ‖ρε - ρref‖ = 0.00022956553793762512 ‖Δρ‖ = 0.00022666915802060564  ‖vε - vref‖ = 1.477605316316899  α = 0.00233
 18   -27.13969341499       -8.30       -2.94    3.72s
    ‖ρε - ρref‖ = 0.0003563202208774691 ‖Δρ‖ = 0.0003552400956765924  ‖vε - vref‖ = 1.477857303590352  α = 0.000785
 19   -27.13969343286       -7.75       -3.01    4.31s
    ‖ρε - ρref‖ = 0.00019050586393526585 ‖Δρ‖ = 0.00018639226846782483  ‖vε - vref‖ = 1.479289485550409  α = 0.00301
 20   -27.13969344095       -8.09       -3.29    4.19s
    ‖ρε - ρref‖ = 0.00011341384670815261 ‖Δρ‖ = 0.0001065024125933482  ‖vε - vref‖ = 1.480256453836484  α = 0.00347
 21   -27.13969344845       -8.12       -2.80    4.12s
    ‖ρε - ρref‖ = 0.00032111614204858154 ‖Δρ‖ = 0.0003183870905885738  ‖vε - vref‖ = 1.4812140101951567  α = 0.00115
 22   -27.13969345258       -8.38       -3.11    4.09s
    ‖ρε - ρref‖ = 0.00017532315786112995 ‖Δρ‖ = 0.00016843570979518677  ‖vε - vref‖ = 1.4818652999763704  α = 0.00158
 23   -27.13969345996       -8.13       -3.41    4.36s
    ‖ρε - ρref‖ = 7.801660837880193e-5 ‖Δρ‖ = 6.878352906915564e-5  ‖vε - vref‖ = 1.4831646434378012  α = 0.00514
 24   -27.13969346083       -9.06       -2.88    3.88s
    ‖ρε - ρref‖ = 0.00042347150100259165 ‖Δρ‖ = 0.0004502165054075565  ‖vε - vref‖ = 1.4832886044630045  α = 0.000243
 25   -27.13969346304       -8.66       -2.61    3.88s
    ‖ρε - ρref‖ = 0.000646562396310491 ‖Δρ‖ = 0.0006317565861772718  ‖vε - vref‖ = 1.4836824536535356  α = 0.000299
 26   -27.13969346324       -9.70       -3.26    4.51s
    ‖ρε - ρref‖ = 0.0002561445600667884 ‖Δρ‖ = 0.00024872148643309533  ‖vε - vref‖ = 1.4837439500919873  α = 0.000199
 27   -27.13969346496       -8.76       -3.08    4.70s
    ‖ρε - ρref‖ = 0.00019990810031708122 ‖Δρ‖ = 0.00018871243545040442  ‖vε - vref‖ = 1.4842862594586521  α = 0.000918
 28   -27.13969346669       -8.76       -3.59    4.67s
    ‖ρε - ρref‖ = 6.0023380278734423e-5 ‖Δρ‖ = 5.3423364360179194e-5  ‖vε - vref‖ = 1.4848385889086075  α = 0.00312
 29   -27.13969346777       -8.97       -3.09    4.57s
    ‖ρε - ρref‖ = 0.0001995278589032991 ‖Δρ‖ = 0.00019455185914913034  ‖vε - vref‖ = 1.4852285968743841  α = 0.000693
 30   -27.13969347020       -8.61       -3.52    4.57s
    ‖ρε - ρref‖ = 7.254408057336597e-5 ‖Δρ‖ = 5.980666418714834e-5  ‖vε - vref‖ = 1.4862009548909694  α = 0.00323
 31   -27.13969347093       -9.14       -3.22    3.98s
    ‖ρε - ρref‖ = 0.00017505495483044828 ‖Δρ‖ = 0.00017079156918842792  ‖vε - vref‖ = 1.4864998677098529  α = 0.000623
 32   -27.13969347259       -8.78       -3.57    3.80s
    ‖ρε - ρref‖ = 6.713421796120843e-5 ‖Δρ‖ = 5.3495893082232186e-5  ‖vε - vref‖ = 1.487268309765026  α = 0.00316
 33   -27.13969347393       -8.87       -3.49    4.65s
    ‖ρε - ρref‖ = 6.761283293324559e-5 ‖Δρ‖ = 5.6929189777170836e-5  ‖vε - vref‖ = 1.4878711727121823  α = 0.00269
 34   -27.13969347464       -9.15       -3.63    4.32s
    ‖ρε - ρref‖ = 6.203680612373208e-5 ‖Δρ‖ = 4.732320234814113e-5  ‖vε - vref‖ = 1.4882246859635966  α = 0.00235
 35   -27.13969347530       -9.18       -3.45    3.82s
    ‖ρε - ρref‖ = 9.64630189088289e-5 ‖Δρ‖ = 8.366326871245156e-5  ‖vε - vref‖ = 1.4885525948465934  α = 0.00127
 36   -27.13969347550       -9.69       -3.50    4.32s
    ‖ρε - ρref‖ = 8.488259262572854e-5 ‖Δρ‖ = 0.00011006247102649623  ‖vε - vref‖ = 1.488633416953362  α = 0.000479
 37   -27.13969347651       -8.99       -2.87    4.75s
    ‖ρε - ρref‖ = 0.00030164417045347246 ‖Δρ‖ = 0.00029000017953307916  ‖vε - vref‖ = 1.4890731559191053  α = 0.000442
 38   -27.13969347659      -10.14       -3.21    4.37s
    ‖ρε - ρref‖ = 0.00027505776685552265 ‖Δρ‖ = 0.0002682480283176759  ‖vε - vref‖ = 1.489105394431811  α = 0.00011
 39   -27.13969347722       -9.20       -3.53    3.74s
    ‖ρε - ρref‖ = 7.565073690750742e-5 ‖Δρ‖ = 6.520701041179896e-5  ‖vε - vref‖ = 1.4893597300628323  α = 0.00159
 40   -27.13969347777       -9.26       -3.58    4.18s
    ‖ρε - ρref‖ = 6.611945066766383e-5 ‖Δρ‖ = 5.8583519264779285e-5  ‖vε - vref‖ = 1.4895672343367872  α = 0.00162
 41   -27.13969347804       -9.58       -3.66    4.36s
    ‖ρε - ρref‖ = 6.555717699002428e-5 ‖Δρ‖ = 5.356859154886711e-5  ‖vε - vref‖ = 1.4896703771098383  α = 0.00128
 42   -27.13969347831       -9.57       -3.64    3.93s
    ‖ρε - ρref‖ = 6.922733750968469e-5 ‖Δρ‖ = 6.311818911221309e-5  ‖vε - vref‖ = 1.4897723275504848  α = 0.000991
 43   -27.13969347908       -9.12       -3.71    4.05s
    ‖ρε - ρref‖ = 5.378865938634652e-5 ‖Δρ‖ = 3.483748229180156e-5  ‖vε - vref‖ = 1.4901208450687693  α = 0.00317
 44   -27.13969347925       -9.76       -3.59    4.75s
    ‖ρε - ρref‖ = 8.78602020454843e-5 ‖Δρ‖ = 7.62533623774362e-5  ‖vε - vref‖ = 1.4901955617351428  α = 0.000673
 45   -27.13969347985       -9.23       -3.79    4.75s
    ‖ρε - ρref‖ = 4.5393849476944086e-5 ‖Δρ‖ = 2.7349948053624407e-5  ‖vε - vref‖ = 1.490440980887386  α = 0.00365
 46   -27.13969348040       -9.26       -4.06    4.39s
    ‖ρε - ρref‖ = 4.189378122313938e-5 ‖Δρ‖ = 1.3250426753143725e-5  ‖vε - vref‖ = 1.4906980330019175  α = 0.00722
 47   -27.13969348055       -9.84       -3.82    4.57s
    ‖ρε - ρref‖ = 6.1797309786571e-5 ‖Δρ‖ = 3.6954015236028794e-5  ‖vε - vref‖ = 1.4907606790825345  α = 0.0013
 48   -27.13969348061      -10.20       -3.04    3.87s
    ‖ρε - ρref‖ = 0.00026999647002040665 ‖Δρ‖ = 0.0002956301814479141  ‖vε - vref‖ = 1.4907782726596193  α = 0.000102
 49   -27.13969348067      -10.19       -3.82    3.94s
    ‖ρε - ρref‖ = 5.5349481633359966e-5 ‖Δρ‖ = 4.4503651082140645e-5  ‖vε - vref‖ = 1.4908018882411227  α = 0.000685
 50   -27.13969348074      -10.18       -3.15    4.33s
    ‖ρε - ρref‖ = 0.00021327790346706055 ‖Δρ‖ = 0.00020844024831809867  ‖vε - vref‖ = 1.4908229042825  α = 0.00015
 51   -27.13969348101       -9.58       -3.78    3.75s
    ‖ρε - ρref‖ = 4.8280511313863576e-5 ‖Δρ‖ = 2.975931027054073e-5  ‖vε - vref‖ = 1.490909970645037  α = 0.00226
 52   -27.13969348113       -9.92       -4.03    3.88s
    ‖ρε - ρref‖ = 4.443617070482925e-5 ‖Δρ‖ = 1.8419528767479656e-5  ‖vε - vref‖ = 1.4909573690065931  α = 0.00248
 53   -27.13969348121      -10.09       -4.03    3.59s
    ‖ρε - ρref‖ = 4.393797779851183e-5 ‖Δρ‖ = 2.0756843068367057e-5  ‖vε - vref‖ = 1.490979589328219  α = 0.00177
 54   -27.13969348136       -9.82       -3.64    4.25s
    ‖ρε - ρref‖ = 5.069886798737163e-5 ‖Δρ‖ = 4.2693116643261225e-5  ‖vε - vref‖ = 1.4910001534534416  α = 0.00116
 55   -27.13969348145      -10.03       -4.06    3.62s
    ‖ρε - ρref‖ = 4.3135022100858144e-5 ‖Δρ‖ = 1.9315929796067346e-5  ‖vε - vref‖ = 1.4910242360540404  α = 0.00204
 56   -27.13969348154      -10.04       -3.82    3.64s
    ‖ρε - ρref‖ = 5.47850646862108e-5 ‖Δρ‖ = 3.461808595461256e-5  ‖vε - vref‖ = 1.4910481067159247  α = 0.00108
 57   -27.13969348166       -9.93       -3.88    3.60s
    ‖ρε - ρref‖ = 4.8304603064505225e-5 ‖Δρ‖ = 2.8078918972543768e-5  ‖vε - vref‖ = 1.4910722759728368  α = 0.00155
 58   -27.13969348174      -10.07       -3.98    3.57s
    ‖ρε - ρref‖ = 4.5339380807504746e-5 ‖Δρ‖ = 2.3645205642894953e-5  ‖vε - vref‖ = 1.491080197508598  α = 0.0015
 59   -27.13969348178      -10.51       -4.12    4.04s
    ‖ρε - ρref‖ = 5.394658602031761e-5 ‖Δρ‖ = 2.0694760771032893e-5  ‖vε - vref‖ = 1.4910860144181841  α = 0.00101
 60   -27.13969348183      -10.26       -3.16    3.85s
    ‖ρε - ρref‖ = 0.00014586506019514055 ‖Δρ‖ = 0.0001573662600870725  ‖vε - vref‖ = 1.4910854843714574  α = 0.00019
 61   -27.13969348184      -11.16       -3.99    4.33s
    ‖ρε - ρref‖ = 5.101831177067038e-5 ‖Δρ‖ = 4.084160820397286e-5  ‖vε - vref‖ = 1.491084790605253  α = 0.000223
 62   -27.13969348192      -10.07       -3.74    4.15s
    ‖ρε - ρref‖ = 4.877489414451991e-5 ‖Δρ‖ = 3.0477442278539265e-5  ‖vε - vref‖ = 1.4910744854989706  α = 0.00125
 63   -27.13969348196      -10.40       -3.92    3.67s
    ‖ρε - ρref‖ = 4.718534326476494e-5 ‖Δρ‖ = 2.6469171317687443e-5  ‖vε - vref‖ = 1.491066436983813  α = 0.000985
 64   -27.13969348203      -10.19       -4.12    4.04s
    ‖ρε - ρref‖ = 4.070445462067826e-5 ‖Δρ‖ = 1.2761964369360398e-5  ‖vε - vref‖ = 1.4910456236960006  α = 0.00261
 65   -27.13969348206      -10.43       -4.48    4.00s
    ‖ρε - ρref‖ = 3.886572430058587e-5 ‖Δρ‖ = 6.897735698711713e-6  ‖vε - vref‖ = 1.4910229647844955  α = 0.00356
 66   -27.13969348210      -10.45       -3.77    4.58s
    ‖ρε - ρref‖ = 4.700721967389239e-5 ‖Δρ‖ = 3.384525946413877e-5  ‖vε - vref‖ = 1.4909952082976046  α = 0.000723
 67   -27.13969348214      -10.40       -4.50    3.58s
    ‖ρε - ρref‖ = 3.864076173902357e-5 ‖Δρ‖ = 6.287213521482057e-6  ‖vε - vref‖ = 1.490968560067964  α = 0.00409
 68   -27.13969348216      -10.59       -3.98    3.76s
    ‖ρε - ρref‖ = 4.686278020978714e-5 ‖Δρ‖ = 2.5637830045810794e-5  ‖vε - vref‖ = 1.4909508329849015  α = 0.000762
 69   -27.13969348220      -10.44       -4.25    3.65s
    ‖ρε - ρref‖ = 3.845604228144359e-5 ‖Δρ‖ = 1.0690625642469551e-5  ‖vε - vref‖ = 1.4909235432481753  α = 0.00231
 70   -27.13969348222      -10.64       -4.14    3.60s
    ‖ρε - ρref‖ = 3.849716965320474e-5 ‖Δρ‖ = 1.4949225091848154e-5  ‖vε - vref‖ = 1.49090859775417  α = 0.00131
 71   -27.13969348223      -11.47       -3.76    3.98s
    ‖ρε - ρref‖ = 0.00010091489715072853 ‖Δρ‖ = 6.813613361493064e-5  ‖vε - vref‖ = 1.4909081527064945  α = 0.000101
 72   -27.13969348225      -10.59       -4.27    4.45s
    ‖ρε - ρref‖ = 4.199865951077334e-5 ‖Δρ‖ = 1.1154189785701417e-5  ‖vε - vref‖ = 1.4909009934903001  α = 0.00175
 73   -27.13969348227      -10.78       -3.27    3.62s
    ‖ρε - ρref‖ = 0.00013485605088990377 ‖Δρ‖ = 0.0001303367710913627  ‖vε - vref‖ = 1.4908946114527513  α = 0.000114
 74   -27.13969348229      -10.65       -4.28    3.88s
    ‖ρε - ρref‖ = 3.861051495292647e-5 ‖Δρ‖ = 1.0007286626042588e-5  ‖vε - vref‖ = 1.490877812665717  α = 0.00194
 75   -27.13969348230      -10.92       -4.39    3.67s
    ‖ρε - ρref‖ = 3.89699488644889e-5 ‖Δρ‖ = 9.539779266808435e-6  ‖vε - vref‖ = 1.4908680165426884  α = 0.00153
 76   -27.13969348234      -10.42       -4.34    3.68s
    ‖ρε - ρref‖ = 3.859362354243863e-5 ‖Δρ‖ = 8.120982163436445e-6  ‖vε - vref‖ = 1.4908396913871795  α = 0.00301
 77   -27.13969348236      -10.72       -4.36    3.94s
    ‖ρε - ρref‖ = 4.067052202295117e-5 ‖Δρ‖ = 9.477706555472046e-6  ‖vε - vref‖ = 1.4908270563173365  α = 0.00191
 78   -27.13969348237      -11.08       -4.18    4.05s
    ‖ρε - ρref‖ = 4.119693879799224e-5 ‖Δρ‖ = 1.690371391620478e-5  ‖vε - vref‖ = 1.490819761419218  α = 0.000657
 79   -27.13969348239      -10.70       -4.51    4.62s
    ‖ρε - ρref‖ = 3.8785756943008614e-5 ‖Δρ‖ = 6.056433042851573e-6  ‖vε - vref‖ = 1.4908040213106306  α = 0.0029
 80   -27.13969348240      -11.00       -4.51    4.34s
    ‖ρε - ρref‖ = 3.890238871606872e-5 ‖Δρ‖ = 8.00681873678493e-6  ‖vε - vref‖ = 1.49079464661429  α = 0.00155
 81   -27.13969348242      -10.77       -4.21    4.17s
    ‖ρε - ρref‖ = 3.912748166747415e-5 ‖Δρ‖ = 1.3218017434738313e-5  ‖vε - vref‖ = 1.4907791518878046  α = 0.00129
 82   -27.13969348242      -11.30       -4.35    3.65s
    ‖ρε - ρref‖ = 3.1261566306225876e-5 ‖Δρ‖ = 1.3301240151113432e-5  ‖vε - vref‖ = 1.490774481156809  α = 0.000649
 83   -27.13969348243      -10.88       -3.58    4.09s
    ‖ρε - ρref‖ = 7.96675950749478e-5 ‖Δρ‖ = 5.6588856146769725e-5  ‖vε - vref‖ = 1.4907675023815263  α = 0.000255
 84   -27.13969348243      -11.87       -4.25    3.84s
    ‖ρε - ρref‖ = 4.916302079172576e-5 ‖Δρ‖ = 2.368691590224553e-5  ‖vε - vref‖ = 1.4907669255331155  α = 0.000173
 85   -27.13969348245      -10.89       -4.24    3.73s
    ‖ρε - ρref‖ = 4.004334659590384e-5 ‖Δρ‖ = 1.2980578214260622e-5  ‖vε - vref‖ = 1.4907594102008583  α = 0.00112
 86   -27.13969348247      -10.75       -4.31    3.65s
    ‖ρε - ρref‖ = 3.950129909896019e-5 ‖Δρ‖ = 9.430582635087809e-6  ‖vε - vref‖ = 1.4907470834214165  α = 0.00182
 87   -27.13969348248      -10.91       -4.77    3.72s
    ‖ρε - ρref‖ = 3.8436921060156926e-5 ‖Δρ‖ = 3.462307611276225e-6  ‖vε - vref‖ = 1.4907386482697842  α = 0.00421
 88   -27.13969348249      -10.89       -4.18    3.66s
    ‖ρε - ρref‖ = 4.005471657723319e-5 ‖Δρ‖ = 1.2843771627568025e-5  ‖vε - vref‖ = 1.4907297648855595  α = 0.00116
 89   -27.13969348251      -10.80       -4.56    4.18s
    ‖ρε - ρref‖ = 3.915378596646913e-5 ‖Δρ‖ = 5.335723156532828e-6  ‖vε - vref‖ = 1.4907193635122935  α = 0.00306
 90   -27.13969348251      -11.28       -4.26    3.68s
    ‖ρε - ρref‖ = 3.943872707978425e-5 ‖Δρ‖ = 1.4525434408164277e-5  ‖vε - vref‖ = 1.4907138182015263  α = 0.000622
 91   -27.13969348253      -10.80       -4.59    3.92s
    ‖ρε - ρref‖ = 3.781119541344281e-5 ‖Δρ‖ = 4.915872241945792e-6  ‖vε - vref‖ = 1.4906972985843674  α = 0.00335
 92   -27.13969348253      -11.22       -4.63    4.07s
    ‖ρε - ρref‖ = 3.928805904564495e-5 ‖Δρ‖ = 6.550695918014058e-6  ‖vε - vref‖ = 1.490694195252568  α = 0.00145
 93   -27.13969348254      -11.05       -4.29    3.83s
    ‖ρε - ρref‖ = 4.32375150858358e-5 ‖Δρ‖ = 1.0963917200114917e-5  ‖vε - vref‖ = 1.4906919653334885  α = 0.00109
 94   -27.13969348254      -11.64       -3.73    4.08s
    ‖ρε - ρref‖ = 4.6112341174972525e-5 ‖Δρ‖ = 6.274474479286418e-5  ‖vε - vref‖ = 1.4906898834851452  α = 9.17e-5
 95   -27.13969348255      -11.34       -4.52    3.91s
    ‖ρε - ρref‖ = 3.7829424901438564e-5 ‖Δρ‖ = 8.193944474173533e-6  ‖vε - vref‖ = 1.4906866101608403  α = 0.000975
 96   -27.13969348255      -11.35       -3.70    4.29s
    ‖ρε - ρref‖ = 7.16299533003169e-5 ‖Δρ‖ = 5.5810655519378575e-5  ‖vε - vref‖ = 1.4906838159334204  α = 0.000141
 97   -27.13969348256      -11.02       -4.82    3.58s
    ‖ρε - ρref‖ = 3.82333778345893e-5 ‖Δρ‖ = 3.158730841603518e-6  ‖vε - vref‖ = 1.4906825254770777  α = 0.00401
 98   -27.13969348257      -11.08       -4.43    3.83s
    ‖ρε - ρref‖ = 3.9333123597999895e-5 ‖Δρ‖ = 8.137938612720611e-6  ‖vε - vref‖ = 1.4906827559006595  α = 0.00145
 99   -27.13969348258      -11.11       -4.75    3.96s
    ‖ρε - ρref‖ = 3.868451990457676e-5 ‖Δρ‖ = 3.858508920976878e-6  ‖vε - vref‖ = 1.4906855191015749  α = 0.00292
 100   -27.13969348259      -11.22       -4.46    4.07s
    ‖ρε - ρref‖ = 3.8803053711959476e-5 ‖Δρ‖ = 7.646137840134298e-6  ‖vε - vref‖ = 1.4906881084442936  α = 0.00134
 101   -27.13969348259      -11.24       -4.55    4.25s
    ‖ρε - ρref‖ = 3.8984864632646545e-5 ‖Δρ‖ = 6.412186578710034e-6  ‖vε - vref‖ = 1.4906912048376595  α = 0.00147
 102   -27.13969348259      -11.46       -4.60    3.69s
    ‖ρε - ρref‖ = 3.797189553123222e-5 ‖Δρ‖ = 6.400166052662209e-6  ‖vε - vref‖ = 1.4906914815885783  α = 0.00117
 103   -27.13969348260      -11.01       -4.44    3.82s
    ‖ρε - ρref‖ = 3.86557376879171e-5 ‖Δρ‖ = 6.96852156571585e-6  ‖vε - vref‖ = 1.4906945677021488  α = 0.00184
 104   -27.13969348261      -11.24       -4.65    3.75s
    ‖ρε - ρref‖ = 3.853410919057661e-5 ‖Δρ‖ = 4.2261412657789545e-6  ‖vε - vref‖ = 1.4906976719434355  α = 0.00236
 105   -27.13969348261      -12.19       -4.26    3.80s
    ‖ρε - ρref‖ = 5.470182778906894e-5 ‖Δρ‖ = 2.0640039032981795e-5  ‖vε - vref‖ = 1.4906985382972142  α = 0.000149
 106   -27.13969348261      -11.82       -4.33    4.79s
    ‖ρε - ρref‖ = 3.6683893074934996e-5 ‖Δρ‖ = 1.4324022488396377e-5  ‖vε - vref‖ = 1.490698668678307  α = 0.000338
 107   -27.13969348261      -12.21       -4.60    4.39s
    ‖ρε - ρref‖ = 3.637060019958588e-5 ‖Δρ‖ = 1.1052151073675925e-5  ‖vε - vref‖ = 1.4906985501529892  α = 0.000239
 108   -27.13969348262      -11.15       -4.37    3.77s
    ‖ρε - ρref‖ = 3.8841139022184575e-5 ‖Δρ‖ = 8.654930867217874e-6  ‖vε - vref‖ = 1.490698745862098  α = 0.00124
 109   -27.13969348263      -11.01       -4.75    3.87s
    ‖ρε - ρref‖ = 3.8579507059560455e-5 ‖Δρ‖ = 3.1834725646736424e-6  ‖vε - vref‖ = 1.490703971014703  α = 0.00403
 110   -27.13969348263      -11.38       -4.96    4.55s
    ‖ρε - ρref‖ = 3.8372177474816925e-5 ‖Δρ‖ = 2.7122855412719647e-6  ‖vε - vref‖ = 1.4907057883209704  α = 0.00312
 111   -27.13969348264      -11.52       -4.61    3.71s
    ‖ρε - ρref‖ = 3.854161095696787e-5 ‖Δρ‖ = 5.460069408371607e-6  ‖vε - vref‖ = 1.4907064058454433  α = 0.00134
 112   -27.13969348264      -11.44       -4.80    3.90s
    ‖ρε - ρref‖ = 3.7983229151639116e-5 ‖Δρ‖ = 3.261124479376047e-6  ‖vε - vref‖ = 1.4907053165057118  α = 0.00244
 113   -27.13969348264      -11.50       -4.51    3.84s
    ‖ρε - ρref‖ = 3.920700829478313e-5 ‖Δρ‖ = 6.793866562787133e-6  ‖vε - vref‖ = 1.4907053088171418  α = 0.00108
 114   -27.13969348265      -11.77       -4.67    3.71s
    ‖ρε - ρref‖ = 3.846089839283426e-5 ‖Δρ‖ = 5.4347901845214445e-6  ‖vε - vref‖ = 1.4907051327396104  α = 0.000988
 115   -27.13969348265      -11.37       -4.74    3.66s
    ‖ρε - ρref‖ = 3.8762854123977247e-5 ‖Δρ‖ = 3.875521307026988e-6  ‖vε - vref‖ = 1.4907062213272295  α = 0.00207
 116   -27.13969348266      -11.26       -4.65    3.76s
    ‖ρε - ρref‖ = 3.607884285287154e-5 ‖Δρ‖ = 4.397697283492627e-6  ‖vε - vref‖ = 1.490702326064932  α = 0.00205
 117   -27.13969348266      -11.59       -3.60    3.75s
    ‖ρε - ρref‖ = 9.069852533178982e-5 ‖Δρ‖ = 6.460394313327175e-5  ‖vε - vref‖ = 1.490701936257641  α = 9.69e-5
 118   -27.13969348266      -12.18       -4.69    3.99s
    ‖ρε - ρref‖ = 4.0016914622091975e-5 ‖Δρ‖ = 8.291040663781689e-6  ‖vε - vref‖ = 1.4907020890888971  α = 0.00037
 119   -27.13969348266      -11.85       -4.30    3.78s
    ‖ρε - ρref‖ = 3.7258158242235736e-5 ‖Δρ‖ = 1.571404133072986e-5  ‖vε - vref‖ = 1.490702141673911  α = 0.000261
 120   -27.13969348267      -11.30       -4.54    3.66s
    ‖ρε - ρref‖ = 3.9169536750209604e-5 ‖Δρ‖ = 5.301650322647542e-6  ‖vε - vref‖ = 1.490705435687894  α = 0.00172
 121   -27.13969348267      -11.44       -4.82    3.97s
    ‖ρε - ρref‖ = 3.860188960787081e-5 ‖Δρ‖ = 3.2843973684810106e-6  ‖vε - vref‖ = 1.4907085594664955  α = 0.00235
 122   -27.13969348267      -11.20       -5.00    4.00s
    ‖ρε - ρref‖ = 3.829903844327611e-5 ‖Δρ‖ = 1.7944785299292234e-6  ‖vε - vref‖ = 1.4907148787528814  α = 0.00568
 123   -27.13969348268      -11.38       -4.91    3.77s
    ‖ρε - ρref‖ = 3.812667019736522e-5 ‖Δρ‖ = 2.6263645920738408e-6  ‖vε - vref‖ = 1.4907174807649703  α = 0.00315
 124   -27.13969348268      -11.75       -4.86    3.69s
    ‖ρε - ρref‖ = 3.805785819951619e-5 ‖Δρ‖ = 3.163183446140665e-6  ‖vε - vref‖ = 1.4907175039761236  α = 0.00174
 125   -27.13969348269      -11.36       -4.60    3.86s
    ‖ρε - ρref‖ = 3.879821987417395e-5 ‖Δρ‖ = 4.560440712360302e-6  ‖vε - vref‖ = 1.4907183765887555  α = 0.00186
 126   -27.13969348269      -11.84       -4.45    3.99s
    ‖ρε - ρref‖ = 3.8685352329509365e-5 ‖Δρ‖ = 8.269680385633698e-6  ‖vε - vref‖ = 1.4907180604219854  α = 0.000588
 127   -27.13969348269      -11.56       -5.06    3.70s
    ‖ρε - ρref‖ = 3.859030004536102e-5 ‖Δρ‖ = 1.8093805037246643e-6  ‖vε - vref‖ = 1.4907184514819605  α = 0.00367
 128   -27.13969348269      -12.41       -4.18    4.06s
    ‖ρε - ρref‖ = 2.6820046464621434e-5 ‖Δρ‖ = 2.4347280314628557e-5  ‖vε - vref‖ = 1.4907179383920843  α = 9.61e-5
 129   -27.13969348269      -11.85       -4.69    3.65s
    ‖ρε - ρref‖ = 3.844039530537708e-5 ‖Δρ‖ = 5.116498109696733e-6  ‖vε - vref‖ = 1.49071712127135  α = 0.000937
 130   -27.13969348269      -12.29       -4.20    3.92s
    ‖ρε - ρref‖ = 4.9158533758589796e-5 ‖Δρ‖ = 2.2479784312422655e-5  ‖vε - vref‖ = 1.490717013161923  α = 0.000111
 131   -27.13969348269      -11.71       -4.79    3.90s
    ‖ρε - ρref‖ = 3.7851903650577103e-5 ‖Δρ‖ = 3.960540379966182e-6  ‖vε - vref‖ = 1.490716021013368  α = 0.00141
 132   -27.13969348270      -11.77       -4.70    4.01s
    ‖ρε - ρref‖ = 3.895279281052004e-5 ‖Δρ‖ = 5.28196465722742e-6  ‖vε - vref‖ = 1.4907159961436913  α = 0.000967
 133   -27.13969348270      -11.73       -4.90    4.41s
    ‖ρε - ρref‖ = 3.84557374966128e-5 ‖Δρ‖ = 2.91707815668398e-6  ‖vε - vref‖ = 1.4907163742278833  α = 0.00193
 134   -27.13969348270      -11.28       -5.03    3.78s
    ‖ρε - ρref‖ = 3.813364673069376e-5 ‖Δρ‖ = 1.4447668235909554e-6  ‖vε - vref‖ = 1.490712966755894  α = 0.00622
 135   -27.13969348270      -11.68       -4.93    3.69s
    ‖ρε - ρref‖ = 3.854905556511126e-5 ‖Δρ‖ = 2.3681932966941777e-6  ‖vε - vref‖ = 1.490713383790853  α = 0.00247
 136   -27.13969348271      -11.57       -5.05    3.80s
    ‖ρε - ρref‖ = 3.818685001530042e-5 ‖Δρ‖ = 1.625188232896587e-6  ‖vε - vref‖ = 1.4907122831871786  α = 0.00407
 137   -27.13969348271      -12.18       -4.78    3.85s
    ‖ρε - ρref‖ = 3.8577765080761243e-5 ‖Δρ‖ = 4.3736999285697515e-6  ‖vε - vref‖ = 1.490712114302371  α = 0.000756
 138   -27.13969348271      -11.93       -4.92    3.94s
    ‖ρε - ρref‖ = 3.769020104763911e-5 ‖Δρ‖ = 2.771006082306832e-6  ‖vε - vref‖ = 1.4907108536684708  α = 0.00161
 139   -27.13969348271      -12.30       -4.85    3.53s
    ‖ρε - ρref‖ = 4.012366915927254e-5 ‖Δρ‖ = 3.74578635530422e-6  ‖vε - vref‖ = 1.4907113839002737  α = 0.000736
 140   -27.13969348271      -12.37       -4.13    3.61s
    ‖ρε - ρref‖ = 3.321196721553879e-5 ‖Δρ‖ = 1.9844337334833446e-5  ‖vε - vref‖ = 1.490711272464966  α = 0.000135
 141   -27.13969348271      -12.11       -4.80    3.79s
    ‖ρε - ρref‖ = 3.811391115370947e-5 ‖Δρ‖ = 3.833292759434839e-6  ‖vε - vref‖ = 1.490712056334767  α = 0.000886
 142   -27.13969348271      -12.07       -4.01    3.57s
    ‖ρε - ρref‖ = 5.046536069004381e-5 ‖Δρ‖ = 2.2261438237807696e-5  ‖vε - vref‖ = 1.490713295607298  α = 0.000152
 143   -27.13969348271      -11.93       -5.16    3.51s
    ‖ρε - ρref‖ = 3.8055311248139235e-5 ‖Δρ‖ = 1.3552255678360485e-6  ‖vε - vref‖ = 1.4907138344803739  α = 0.00318
 144   -27.13969348271      -12.18       -4.73    3.77s
    ‖ρε - ρref‖ = 3.867296759688136e-5 ‖Δρ‖ = 4.523390014109032e-6  ‖vε - vref‖ = 1.4907143143383985  α = 0.000727
 145   -27.13969348271      -11.93       -5.09    4.02s
    ‖ρε - ρref‖ = 3.8256504447018636e-5 ‖Δρ‖ = 1.4980614862420682e-6  ‖vε - vref‖ = 1.4907157934757147  α = 0.00302
 146   -27.13969348272      -12.39       -5.17    3.57s
    ‖ρε - ρref‖ = 3.8207799179324675e-5 ‖Δρ‖ = 1.8315466254359876e-6  ‖vε - vref‖ = 1.4907163199353766  α = 0.00145
 147   -27.13969348272      -12.04       -5.24    3.59s
    ‖ρε - ρref‖ = 3.8162868821780604e-5 ‖Δρ‖ = 1.1405441391003726e-6  ‖vε - vref‖ = 1.490717007238841  α = 0.00341
 148   -27.13969348272      -11.83       -5.42    3.53s
    ‖ρε - ρref‖ = 3.826536780589805e-5 ‖Δρ‖ = 6.464211080221997e-7  ‖vε - vref‖ = 1.4907202401129735  α = 0.00758
 149   -27.13969348272      -12.20       -4.99    3.66s
    ‖ρε - ρref‖ = 3.837684998742962e-5 ‖Δρ‖ = 2.167303814650977e-6  ‖vε - vref‖ = 1.4907208832809058  α = 0.00152
 150   -27.13969348272      -12.46       -4.92    4.10s
    ‖ρε - ρref‖ = 3.7629395636556856e-5 ‖Δρ‖ = 3.1660703050682393e-6  ‖vε - vref‖ = 1.490720720122069  α = 0.000688
 151   -27.13969348272      -13.11       -4.98    3.52s
    ‖ρε - ρref‖ = 4.093282229758863e-5 ‖Δρ‖ = 3.810785633917881e-6  ‖vε - vref‖ = 1.490720977887135  α = 0.000296
 152   -27.13969348272      -12.21       -4.59    3.94s
    ‖ρε - ρref‖ = 3.7882667913150495e-5 ‖Δρ‖ = 5.168946681063186e-6  ‖vε - vref‖ = 1.4907213594484554  α = 0.000626
 153   -27.13969348272      -13.22       -4.85    3.58s
    ‖ρε - ρref‖ = 3.645438966102807e-5 ‖Δρ‖ = 6.42923143451263e-6  ‖vε - vref‖ = 1.4907212865932422  α = 0.000125
 154   -27.13969348272      -12.38       -5.06    3.58s
    ‖ρε - ρref‖ = 3.817726733363443e-5 ‖Δρ‖ = 2.002938512325647e-6  ‖vε - vref‖ = 1.4907208286785065  α = 0.00134
 155   -27.13969348272      -12.33       -4.93    3.64s
    ‖ρε - ρref‖ = 3.791903594634201e-5 ‖Δρ‖ = 2.3326829381385567e-6  ‖vε - vref‖ = 1.4907201813516262  α = 0.00124
 156   -27.13969348272      -12.19       -5.26    3.71s
    ‖ρε - ρref‖ = 3.833339759302268e-5 ‖Δρ‖ = 1.1161438742418359e-6  ‖vε - vref‖ = 1.4907202810723585  α = 0.0029
 157   -27.13969348272      -12.34       -4.81    3.59s
    ‖ρε - ρref‖ = 3.833697072748246e-5 ‖Δρ‖ = 3.5281025876629315e-6  ‖vε - vref‖ = 1.4907204143503854  α = 0.00074
 158   -27.13969348272      -12.21       -5.42    3.46s
    ‖ρε - ρref‖ = 3.824586237772181e-5 ‖Δρ‖ = 7.207550394371116e-7  ‖vε - vref‖ = 1.490721238693501  α = 0.00441
 159   -27.13969348272      -12.15       -5.21    4.02s
    ‖ρε - ρref‖ = 3.815303294586802e-5 ‖Δρ‖ = 1.1480995998949602e-6  ‖vε - vref‖ = 1.4907216497298514  α = 0.00294
 160   -27.13969348272      -12.34       -5.37    4.37s
    ‖ρε - ρref‖ = 3.819072729787615e-5 ‖Δρ‖ = 9.938050308859704e-7  ‖vε - vref‖ = 1.4907221543581912  α = 0.00281
 161   -27.13969348272      -12.40       -5.14    3.53s
    ‖ρε - ρref‖ = 3.830604211144096e-5 ‖Δρ‖ = 1.7238688101886538e-6  ‖vε - vref‖ = 1.49072251759614  α = 0.00147
 162   -27.13969348272      -12.55       -5.42    4.11s
    ‖ρε - ρref‖ = 3.7685817557108597e-5 ‖Δρ‖ = 9.094031006525406e-7  ‖vε - vref‖ = 1.4907223142372585  α = 0.00223
 163   -27.13969348272      -12.60       -4.24    4.33s
    ‖ρε - ρref‖ = 4.690797614783092e-5 ‖Δρ‖ = 1.4656540544921342e-5  ‖vε - vref‖ = 1.490722682573391  α = 0.000132
 164   -27.13969348272      -12.42       -4.67    4.43s
    ‖ρε - ρref‖ = 3.864520727205401e-5 ‖Δρ‖ = 4.669799392426365e-6  ‖vε - vref‖ = 1.4907232850891567  α = 0.000532
 165   -27.13969348272      -13.41       -4.86    3.81s
    ‖ρε - ρref‖ = 3.6586111846047755e-5 ‖Δρ‖ = 6.417465166520786e-6  ‖vε - vref‖ = 1.4907233051408013  α = 9.29e-5
 166   -27.13969348272      -12.50       -5.51    3.69s
    ‖ρε - ρref‖ = 3.836297862574135e-5 ‖Δρ‖ = 6.716940010755008e-7  ‖vε - vref‖ = 1.490724969268652  α = 0.00339
 167   -27.13969348273      -12.39       -5.39    3.60s
    ‖ρε - ρref‖ = 3.8099832937937944e-5 ‖Δρ‖ = 7.736805708743342e-7  ‖vε - vref‖ = 1.4907256238296471  α = 0.00341
 168   -27.13969348273      -12.87       -5.08    3.68s
    ‖ρε - ρref‖ = 3.8295159209646516e-5 ‖Δρ‖ = 2.032091491850221e-6  ‖vε - vref‖ = 1.4907258761665336  α = 0.000741
 169   -27.13969348273      -12.76       -5.44    3.64s
    ‖ρε - ρref‖ = 3.81936684845025e-5 ‖Δρ‖ = 7.829927578514615e-7  ‖vε - vref‖ = 1.4907264627926735  α = 0.0022
 170   -27.13969348273      -12.71       -5.13    3.82s
    ‖ρε - ρref‖ = 3.838041052231271e-5 ‖Δρ‖ = 1.5986849212683613e-6  ‖vε - vref‖ = 1.4907270633420329  α = 0.0011
 171   -27.13969348273      -12.84       -5.36    3.65s
    ‖ρε - ρref‖ = 3.819795541652681e-5 ‖Δρ‖ = 9.489419428151987e-7  ‖vε - vref‖ = 1.490727185507361  α = 0.00165
 172   -27.13969348273      -12.65       -5.72    3.77s
    ‖ρε - ρref‖ = 3.8175606677238705e-5 ‖Δρ‖ = 3.6715742159578294e-7  ‖vε - vref‖ = 1.490727288902078  α = 0.00519
 173   -27.13969348273      -12.76       -5.78    3.97s
    ‖ρε - ρref‖ = 3.8202974863701914e-5 ‖Δρ‖ = 3.5321582761124347e-7  ‖vε - vref‖ = 1.4907271187064066  α = 0.00476
 174   -27.13969348273      -14.15       -5.34    3.75s
    ‖ρε - ρref‖ = 3.688817830718854e-5 ‖Δρ‖ = 1.8086759935151013e-6  ‖vε - vref‖ = 1.4907269806535508  α = 0.000269
 175   -27.13969348273      -12.78       -5.07    3.61s
    ‖ρε - ρref‖ = 3.8476093119002095e-5 ‖Δρ‖ = 1.9485069860853112e-6  ‖vε - vref‖ = 1.4907266082627444  α = 0.000773
 176   -27.13969348273      -13.25       -5.03    3.93s
    ‖ρε - ρref‖ = 3.926372357700036e-5 ‖Δρ‖ = 2.852206938589988e-6  ‖vε - vref‖ = 1.4907266071145244  α = 0.000312
 177   -27.13969348273      -13.11       -4.70    3.69s
    ‖ρε - ρref‖ = 3.8053350720240084e-5 ‖Δρ‖ = 5.1579353770399386e-6  ‖vε - vref‖ = 1.4907264845209656  α = 0.000209
 178   -27.13969348273      -13.09       -5.29    3.95s
    ‖ρε - ρref‖ = 3.816838925563584e-5 ‖Δρ‖ = 1.1829607431756208e-6  ‖vε - vref‖ = 1.4907262684619855  α = 0.00107
 179   -27.13969348273      -12.92       -5.48    3.97s
    ‖ρε - ρref‖ = 3.8195910448015694e-5 ‖Δρ‖ = 7.112505018944016e-7  ‖vε - vref‖ = 1.4907259882054067  α = 0.00195
 180   -27.13969348273      -12.94       -5.73    3.75s
    ‖ρε - ρref‖ = 3.8178601250384325e-5 ‖Δρ‖ = 4.198706720502322e-7  ‖vε - vref‖ = 1.4907255268685131  α = 0.00314
 181   -27.13969348273      -13.17       -5.47    4.14s
    ‖ρε - ρref‖ = 3.812926096071755e-5 ‖Δρ‖ = 8.724041221840185e-7  ‖vε - vref‖ = 1.490725226540287  α = 0.00124
 182   -27.13969348273      -12.88       -5.30    4.51s
    ‖ρε - ρref‖ = 3.8325039912692844e-5 ‖Δρ‖ = 9.458884024171462e-7  ‖vε - vref‖ = 1.4907248141387992  α = 0.00156
 183   -27.13969348273      -13.34       -5.57    3.77s
    ‖ρε - ρref‖ = 3.818751496284226e-5 ‖Δρ‖ = 6.408821772205599e-7  ‖vε - vref‖ = 1.4907245659083384  α = 0.00128
 184   -27.13969348273      -12.83       -5.58    3.67s
    ‖ρε - ρref‖ = 3.816204214379792e-5 ‖Δρ‖ = 4.5556147811393715e-7  ‖vε - vref‖ = 1.490723398218212  α = 0.00353
 185   -27.13969348273      -12.96       -5.85    3.97s
    ‖ρε - ρref‖ = 3.8243455753610605e-5 ‖Δρ‖ = 2.9089904725136256e-7  ‖vε - vref‖ = 1.4907231550009759  α = 0.00419
 186   -27.13969348273      -14.45       -5.33    3.71s
    ‖ρε - ρref‖ = 3.6819367810175445e-5 ‖Δρ‖ = 1.941564966425017e-6  ‖vε - vref‖ = 1.4907230348793115  α = 0.000177
 187   -27.13969348273      -13.00       -5.29    3.78s
    ‖ρε - ρref‖ = 3.812579225452797e-5 ‖Δρ‖ = 9.726800683798548e-7  ‖vε - vref‖ = 1.490722078163302  α = 0.00141
 188   -27.13969348273      -13.67       -5.07    3.90s
    ‖ρε - ρref‖ = 3.956649725320527e-5 ‖Δρ‖ = 3.3814963105810694e-6  ‖vε - vref‖ = 1.490722039242866  α = 0.000113
 189   -27.13969348273      -13.17       -5.38    3.72s
    ‖ρε - ρref‖ = 3.82460889628676e-5 ‖Δρ‖ = 8.624899758180778e-7  ‖vε - vref‖ = 1.4907218498140986  α = 0.00119
 190   -27.13969348273      -13.85       -5.37    3.59s
    ‖ρε - ρref‖ = 3.8157059850629045e-5 ‖Δρ‖ = 1.0895929834514012e-6  ‖vε - vref‖ = 1.4907217390892529  α = 0.000573
 191   -27.13969348273      -13.05       -5.94    4.15s
    ‖ρε - ρref‖ = 3.823179805381766e-5 ‖Δρ‖ = 2.2047087031039945e-7  ‖vε - vref‖ = 1.490721584046975  α = 0.00539
 192   -27.13969348273      -13.07       -5.70    3.71s
    ‖ρε - ρref‖ = 3.815264177107515e-5 ‖Δρ‖ = 3.6929997705714786e-7  ‖vε - vref‖ = 1.4907209409768911  α = 0.0032
 193   -27.13969348273      -13.55       -5.55    3.92s
    ‖ρε - ρref‖ = 3.8078418437598797e-5 ‖Δρ‖ = 7.962211847117797e-7  ‖vε - vref‖ = 1.4907207862429535  α = 0.000766
 194   -27.13969348273      -13.50       -5.73    4.59s
    ‖ρε - ρref‖ = 3.822517332804875e-5 ‖Δρ‖ = 4.0440315758406147e-7  ‖vε - vref‖ = 1.490720713560533  α = 0.00204
 195   -27.13969348273      -13.60       -5.82    4.30s
    ‖ρε - ρref‖ = 3.820516233949859e-5 ‖Δρ‖ = 4.298420363732864e-7  ‖vε - vref‖ = 1.490720616176467  α = 0.00145
 196   -27.13969348273      -13.11       -5.75    3.94s
    ‖ρε - ρref‖ = 3.818825702202446e-5 ‖Δρ‖ = 3.3950282871650817e-7  ‖vε - vref‖ = 1.4907202682812257  α = 0.00322
 197   -27.13969348273      -13.45       -5.49    3.91s
    ‖ρε - ρref‖ = 3.831652650341085e-5 ‖Δρ‖ = 7.46974724316316e-7  ‖vε - vref‖ = 1.4907201622241124  α = 0.00107
 198   -27.13969348273      -13.97       -5.18    3.61s
    ‖ρε - ρref‖ = 3.648444299676837e-5 ‖Δρ‖ = 2.6278292858150798e-6  ‖vε - vref‖ = 1.4907200991392626  α = 0.000101
 199   -27.13969348273      -13.37       -5.65    3.75s
    ‖ρε - ρref‖ = 3.818706899022431e-5 ‖Δρ‖ = 4.6204403136335213e-7  ‖vε - vref‖ = 1.4907199665527473  α = 0.00188
 200   -27.13969348273      -13.85       -5.06    3.51s
    ‖ρε - ρref‖ = 3.966296686119943e-5 ‖Δρ‖ = 3.3105319486686014e-6  ‖vε - vref‖ = 1.4907199743630126  α = 9.21e-5
 201   -27.13969348273      -13.50       -5.76    3.73s
    ‖ρε - ρref‖ = 3.817405474608481e-5 ‖Δρ‖ = 3.531599222404983e-7  ‖vε - vref‖ = 1.490719788031377  α = 0.00198
 202   -27.13969348273      -13.97       -5.98    4.27s
    ‖ρε - ρref‖ = 3.816900805838794e-5 ‖Δρ‖ = 2.3482359511165546e-7  ‖vε - vref‖ = 1.4907196653766417  α = 0.00242
 203   -27.13969348273      -13.60       -5.43    4.08s
    ‖ρε - ρref‖ = 3.825612289220202e-5 ‖Δρ‖ = 7.336562664701176e-7  ‖vε - vref‖ = 1.4907196329424652  α = 0.00102
 204   -27.13969348273      -13.41       -6.03    3.99s
    ‖ρε - ρref‖ = 3.817727989916162e-5 ‖Δρ‖ = 2.0466902358768427e-7  ‖vε - vref‖ = 1.490719512757625  α = 0.00315
 205   -27.13969348273      -14.15       -6.07    3.72s
    ‖ρε - ρref‖ = 3.819402694593027e-5 ‖Δρ‖ = 1.9381509751260721e-7  ‖vε - vref‖ = 1.4907196157225742  α = 0.00303
 206   -27.13969348273      -13.45       -5.52    3.85s
    ‖ρε - ρref‖ = 3.830467016589101e-5 ‖Δρ‖ = 6.654238305721938e-7  ‖vε - vref‖ = 1.4907197381070147  α = 0.000956
 207   -27.13969348273      -13.50       -5.80    3.75s
    ‖ρε - ρref‖ = 3.8177176079049484e-5 ‖Δρ‖ = 3.419421316005933e-7  ‖vε - vref‖ = 1.4907196557780344  α = 0.00173
 208   -27.13969348273      -14.15       -6.04    3.74s
    ‖ρε - ρref‖ = 3.816729414048415e-5 ‖Δρ‖ = 1.9831388550336793e-7  ‖vε - vref‖ = 1.490719601175419  α = 0.00243
 209   -27.13969348273      -14.15       -5.64    3.67s
    ‖ρε - ρref‖ = 3.852157637643641e-5 ‖Δρ‖ = 6.438599590877697e-7  ‖vε - vref‖ = 1.4907196325324485  α = 0.0005
 210   -27.13969348273      -13.85       -5.01    3.99s
    ‖ρε - ρref‖ = 3.7283027173146954e-5 ‖Δρ‖ = 2.396377873846443e-6  ‖vε - vref‖ = 1.4907195755607276  α = 0.000168
 211   -27.13969348273   +  -14.15       -6.08    3.83s
    ‖ρε - ρref‖ = 3.808056918560321e-5 ‖Δρ‖ = 3.0300021757105235e-7  ‖vε - vref‖ = 1.4907195688463384  α = 0.000748
 212   -27.13969348273      -13.41       -5.22    3.80s
    ‖ρε - ρref‖ = 3.8413727523849954e-5 ‖Δρ‖ = 1.1206428979690281e-6  ‖vε - vref‖ = 1.4907197259666747  α = 0.000608
 213   -27.13969348273      -14.15       -5.86    3.89s
    ‖ρε - ρref‖ = 3.8195048510675975e-5 ‖Δρ‖ = 3.646794245854661e-7  ‖vε - vref‖ = 1.4907197841306823  α = 0.00111
 214   -27.13969348273      -13.75       -6.20    3.88s
    ‖ρε - ρref‖ = 3.818030836727931e-5 ‖Δρ‖ = 1.3578892865848855e-7  ‖vε - vref‖ = 1.490719825298898  α = 0.00434
 215   -27.13969348273   +    -Inf       -5.52    3.77s
    ‖ρε - ρref‖ = 3.8292459484805366e-5 ‖Δρ‖ = 7.341624774598956e-7  ‖vε - vref‖ = 1.4907199416975614  α = 0.000603
 216   -27.13969348273      -13.85       -6.13    3.65s
    ‖ρε - ρref‖ = 3.822133257033345e-5 ‖Δρ‖ = 1.6674530602155286e-7  ‖vε - vref‖ = 1.490720136912466  α = 0.00302
 217   -27.13969348273      -13.45       -6.09    3.65s
    ‖ρε - ρref‖ = 3.816857202249873e-5 ‖Δρ‖ = 1.6729514176039564e-7  ‖vε - vref‖ = 1.490720015492327  α = 0.00328
 218   -27.13969348273      -14.15       -5.86    3.65s
    ‖ρε - ρref‖ = 3.8206129537069906e-5 ‖Δρ‖ = 3.938423151035002e-7  ‖vε - vref‖ = 1.4907199847000983  α = 0.000777
 219   -27.13969348273      -13.45       -5.99    3.57s
    ‖ρε - ρref‖ = 3.817462832573948e-5 ‖Δρ‖ = 2.0213727792421827e-7  ‖vε - vref‖ = 1.490719927426233  α = 0.00236
 220   -27.13969348273   +  -14.15       -6.11    9.45s
    ‖ρε - ρref‖ = 3.815693108269441e-5 ‖Δρ‖ = 1.5437251638105828e-7  ‖vε - vref‖ = 1.490719927426219  α = 0.0
 221   -27.13969348273   +  -14.45       -6.05    3.25s
    ‖ρε - ρref‖ = 3.816914200510507e-5 ‖Δρ‖ = 1.9590733085265067e-7  ‖vε - vref‖ = 1.4907199336157073  α = 0.00148
 222   -27.13969348273   +  -13.75       -5.43    3.56s
    ‖ρε - ρref‖ = 3.909620983988554e-5 ‖Δρ‖ = 1.3501218586104906e-6  ‖vε - vref‖ = 1.490719958482044  α = 8.95e-5
 223   -27.13969348273      -14.15       -6.05    3.53s
    ‖ρε - ρref‖ = 3.8209218013035474e-5 ‖Δρ‖ = 2.2194779504870984e-7  ‖vε - vref‖ = 1.4907199770656645  α = 0.000952
 224   -27.13969348273      -13.97       -5.65    3.54s
    ‖ρε - ρref‖ = 3.789032005344652e-5 ‖Δρ‖ = 7.556772312145259e-7  ‖vε - vref‖ = 1.4907199709619527  α = 0.000146
 225   -27.13969348273      -14.45       -5.82    3.45s
    ‖ρε - ρref‖ = 3.823729004662714e-5 ‖Δρ‖ = 2.905461391795407e-7  ‖vε - vref‖ = 1.4907200158139433  α = 0.00107
 226   -27.13969348273      -14.45       -6.05    3.81s
    ‖ρε - ρref‖ = 3.8156580774526824e-5 ‖Δρ‖ = 2.17037079262599e-7  ‖vε - vref‖ = 1.4907199878076816  α = 0.00109
 227   -27.13969348273      -14.45       -6.09    3.62s
    ‖ρε - ρref‖ = 3.817836559688971e-5 ‖Δρ‖ = 1.5868832046309506e-7  ‖vε - vref‖ = 1.490719935823323  α = 0.00208
 228   -27.13969348273      -13.85       -6.18    3.80s
    ‖ρε - ρref‖ = 3.8209585349812904e-5 ‖Δρ‖ = 1.228639725540704e-7  ‖vε - vref‖ = 1.4907200547979704  α = 0.00263
 229   -27.13969348273   +  -14.15       -6.29    3.71s
    ‖ρε - ρref‖ = 3.8204132610305816e-5 ‖Δρ‖ = 1.3069980063630347e-7  ‖vε - vref‖ = 1.4907200873806736  α = 0.00143
 230   -27.13969348273      -14.45       -6.06    3.62s
    ‖ρε - ρref‖ = 3.817210922711261e-5 ‖Δρ‖ = 1.9413883471950046e-7  ‖vε - vref‖ = 1.4907200653487962  α = 0.00128
 231   -27.13969348273      -13.85       -6.15    3.67s
    ‖ρε - ρref‖ = 3.818966116839164e-5 ‖Δρ‖ = 1.5144138860575788e-7  ‖vε - vref‖ = 1.4907200664641733  α = 0.00181
 232   -27.13969348273      -13.97       -6.14    3.73s
    ‖ρε - ρref‖ = 3.819498895102928e-5 ‖Δρ‖ = 1.371664419565448e-7  ‖vε - vref‖ = 1.4907201538955566  α = 0.00238
 233   -27.13969348273      -14.45       -6.31    3.67s
    ‖ρε - ρref‖ = 3.8200929109789986e-5 ‖Δρ‖ = 1.001461822510709e-7  ‖vε - vref‖ = 1.4907202666197767  α = 0.00309
 234   -27.13969348273   +  -13.97       -6.37    3.96s
    ‖ρε - ρref‖ = 3.8179503448266035e-5 ‖Δρ‖ = 8.777109889118773e-8  ‖vε - vref‖ = 1.4907203151581303  α = 0.00338
 235   -27.13969348273   +    -Inf       -6.09    4.19s
    ‖ρε - ρref‖ = 3.8402382267670415e-5 ‖Δρ‖ = 3.311461829883375e-7  ‖vε - vref‖ = 1.4907203351825822  α = 0.000223
 236   -27.13969348273      -13.75       -5.95    3.80s
    ‖ρε - ρref‖ = 3.8179449601905634e-5 ‖Δρ‖ = 2.0886752737012917e-7  ‖vε - vref‖ = 1.490720483512693  α = 0.00156
 237   -27.13969348273      -14.15       -5.84    4.20s
    ‖ρε - ρref‖ = 3.7866353109337796e-5 ‖Δρ‖ = 6.623980665350423e-7  ‖vε - vref‖ = 1.4907204846855417  α = 0.000103
 238   -27.13969348273   +  -13.75       -6.35    4.17s
    ‖ρε - ρref‖ = 3.820145509363668e-5 ‖Δρ‖ = 8.555366139154072e-8  ‖vε - vref‖ = 1.4907206941743794  α = 0.00369
 239   -27.13969348273      -13.45       -6.40    3.82s
    ‖ρε - ρref‖ = 3.818730253353101e-5 ‖Δρ‖ = 9.75659655901453e-8  ‖vε - vref‖ = 1.4907207847125543  α = 0.00206

#-- ‖ρε - ρref‖ = 3.8192715368944315e-5 vs. 1.0000000000000001e-7 = δ*ε ‖vε - vref‖ = 1.4907209097691363


# --- ε=5.623413251903491e-6

n     Energy            log10(ΔE)   log10(Δρ)   Δtime 
---   ---------------   ---------   ---------   ------
  1   -27.13963413664                   -0.11    6.42s
    ‖ρε - ρref‖ = 0.3954935628852533 ‖Δρ‖ = 0.39547598778721643  ‖vε - vref‖ = 2.4107061199265964  α = 3.85e-5
  2   -27.13963658573       -5.61       -1.05    3.40s
    ‖ρε - ρref‖ = 0.03470426715369525 ‖Δρ‖ = 0.034700016150058625  ‖vε - vref‖ = 2.1649046409884236  α = 0.000127
  3   -27.13963901820       -5.61       -0.90    3.42s
    ‖ρε - ρref‖ = 0.05140332683894511 ‖Δρ‖ = 0.05139661544846668  ‖vε - vref‖ = 1.8504532905914863  α = 9.18e-5
  4   -27.13964094092       -5.72       -1.44    3.35s
    ‖ρε - ρref‖ = 0.009067520682968946 ‖Δρ‖ = 0.00906257979129341  ‖vε - vref‖ = 1.6362269797334126  α = 0.000475
  5   -27.13964152904       -6.23       -1.95    3.57s
    ‖ρε - ρref‖ = 0.0030492394192428844 ‖Δρ‖ = 0.00304469571415207  ‖vε - vref‖ = 1.5772287923630457  α = 0.000754
  6   -27.13964233754       -6.09       -1.64    3.60s
    ‖ρε - ρref‖ = 0.004760448724913493 ‖Δρ‖ = 0.004755900038994782  ‖vε - vref‖ = 1.4793349234536317  α = 0.000588
  7   -27.13964260187       -6.58       -2.06    3.54s
    ‖ρε - ρref‖ = 0.0020219578366267883 ‖Δρ‖ = 0.0020202630069478035  ‖vε - vref‖ = 1.4456791196392786  α = 0.000784
  8   -27.13964267466       -7.14       -2.26    3.57s
    ‖ρε - ρref‖ = 0.0014081179345119689 ‖Δρ‖ = 0.0014074145261094664  ‖vε - vref‖ = 1.4378064670817332  α = 0.000605
  9   -27.13964277757       -6.99       -2.43    3.74s
    ‖ρε - ρref‖ = 0.0008252796768758561 ‖Δρ‖ = 0.0008234861732965704  ‖vε - vref‖ = 1.426907212586439  α = 0.00121
 10   -27.13964282499       -7.32       -2.42    3.75s
    ‖ρε - ρref‖ = 0.0009381666098514542 ‖Δρ‖ = 0.000937216971300314  ‖vε - vref‖ = 1.4227448160831744  α = 0.000733
 11   -27.13964290154       -7.12       -2.62    3.71s
    ‖ρε - ρref‖ = 0.0004970764843804022 ‖Δρ‖ = 0.0004942867069704323  ‖vε - vref‖ = 1.4168388350661731  α = 0.00171
 12   -27.13964290648       -8.31       -2.18    3.74s
    ‖ρε - ρref‖ = 0.003114817011185065 ‖Δρ‖ = 0.0031323236878421736  ‖vε - vref‖ = 1.4162579840167928  α = 6.16e-5
 13   -27.13964294149       -7.46       -2.45    3.90s
    ‖ρε - ρref‖ = 0.0008448271482840813 ‖Δρ‖ = 0.0008422852900074792  ‖vε - vref‖ = 1.4137689581823871  α = 0.000704
 14   -27.13964294523       -8.43       -2.13    4.03s
    ‖ρε - ρref‖ = 0.003545526176808651 ‖Δρ‖ = 0.003545286541062047  ‖vε - vref‖ = 1.4133033826330654  α = 4.51e-5
 15   -27.13964297124       -7.58       -2.82    3.65s
    ‖ρε - ρref‖ = 0.0003100117266998279 ‖Δρ‖ = 0.00030827085770878136  ‖vε - vref‖ = 1.41235534198446  α = 0.00167
 16   -27.13964297876       -8.12       -2.61    3.72s
    ‖ρε - ρref‖ = 0.0006455620708569955 ‖Δρ‖ = 0.0006418215902362075  ‖vε - vref‖ = 1.4124815818020418  α = 0.000415
 17   -27.13964299355       -7.83       -2.82    3.62s
    ‖ρε - ρref‖ = 0.00035397471521911116 ‖Δρ‖ = 0.00035367626253049293  ‖vε - vref‖ = 1.4124517225779858  α = 0.00105
 18   -27.13964299966       -8.21       -3.00    3.61s
    ‖ρε - ρref‖ = 0.0002807021643969758 ‖Δρ‖ = 0.00028014556771254574  ‖vε - vref‖ = 1.4127676493132668  α = 0.000826
 19   -27.13964301484       -7.82       -2.66    3.64s
    ‖ρε - ρref‖ = 0.000436657570382711 ‖Δρ‖ = 0.00043534038972898594  ‖vε - vref‖ = 1.413612940397513  α = 0.000886
 20   -27.13964302426       -8.03       -3.14    3.81s
    ‖ρε - ρref‖ = 0.00014037817217617596 ‖Δρ‖ = 0.0001394215200188893  ‖vε - vref‖ = 1.414585803064996  α = 0.00211
 21   -27.13964303299       -8.06       -2.88    3.63s
    ‖ρε - ρref‖ = 0.00025740295987936095 ‖Δρ‖ = 0.0002552048468692606  ‖vε - vref‖ = 1.415542157606435  α = 0.00114
 22   -27.13964303589       -8.54       -2.85    3.57s
    ‖ρε - ρref‖ = 0.0003267474303946716 ‖Δρ‖ = 0.00032476177278159925  ‖vε - vref‖ = 1.4159641147674813  α = 0.00053
 23   -27.13964304361       -8.11       -3.21    3.76s
    ‖ρε - ρref‖ = 0.00011061732349897788 ‖Δρ‖ = 0.00010899510690682601  ‖vε - vref‖ = 1.4172912779323008  α = 0.00256
 24   -27.13964304584       -8.65       -2.78    3.68s
    ‖ρε - ρref‖ = 0.000426469169729258 ‖Δρ‖ = 0.0004374702111363753  ‖vε - vref‖ = 1.417714841196355  α = 0.00032
 25   -27.13964304762       -8.75       -2.20    4.14s
    ‖ρε - ρref‖ = 0.0017500475055401258 ‖Δρ‖ = 0.0017379289982393988  ‖vε - vref‖ = 1.4180069350048272  α = 7.15e-5
 26   -27.13964304793       -9.51       -3.21    3.70s
    ‖ρε - ρref‖ = 0.00025485862338931435 ‖Δρ‖ = 0.00025101045306145844  ‖vε - vref‖ = 1.4181050826431758  α = 0.000186
 27   -27.13964304982       -8.72       -2.75    4.60s
    ‖ρε - ρref‖ = 0.00042122603098983274 ‖Δρ‖ = 0.00041639922052619943  ‖vε - vref‖ = 1.418671156863502  α = 0.000321
 28   -27.13964305145       -8.79       -3.39    3.67s
    ‖ρε - ρref‖ = 8.799303118149793e-5 ‖Δρ‖ = 8.86755152152148e-5  ‖vε - vref‖ = 1.419256461765053  α = 0.00139
 29   -27.13964305345       -8.70       -2.88    3.71s
    ‖ρε - ρref‖ = 0.000278345789621533 ‖Δρ‖ = 0.0002775912646220531  ‖vε - vref‖ = 1.4200240997499332  α = 0.000501
 30   -27.13964305593       -8.61       -3.32    3.68s
    ‖ρε - ρref‖ = 9.884621000229613e-5 ‖Δρ‖ = 9.490436064419676e-5  ‖vε - vref‖ = 1.4211294666467642  α = 0.0016
 31   -27.13964305737       -8.84       -2.90    3.64s
    ‖ρε - ρref‖ = 0.000307485472112365 ‖Δρ‖ = 0.0003061396763667987  ‖vε - vref‖ = 1.4217759694686984  α = 0.000375
 32   -27.13964305950       -8.67       -3.40    4.27s
    ‖ρε - ρref‖ = 7.445428299263131e-5 ‖Δρ‖ = 7.065962255536113e-5  ‖vε - vref‖ = 1.4228970380374126  α = 0.00203
 33   -27.13964306110       -8.80       -3.41    3.66s
    ‖ρε - ρref‖ = 8.152492496905317e-5 ‖Δρ‖ = 7.942388603287537e-5  ‖vε - vref‖ = 1.4238003031077948  α = 0.00153
 34   -27.13964306175       -9.18       -3.36    3.77s
    ‖ρε - ρref‖ = 9.569766786543012e-5 ‖Δρ‖ = 9.291576907185354e-5  ‖vε - vref‖ = 1.424212869644353  α = 0.00087
 35   -27.13964306265       -9.05       -3.31    3.65s
    ‖ρε - ρref‖ = 0.00010395179311439906 ‖Δρ‖ = 0.00010256396469924547  ‖vε - vref‖ = 1.4248120447074686  α = 0.000924
 36   -27.13964306277       -9.93       -3.04    3.78s
    ‖ρε - ρref‖ = 0.0003829225683992682 ‖Δρ‖ = 0.00036530872321470753  ‖vε - vref‖ = 1.4249032820973897  α = 8.32e-5
 37   -27.13964306392       -8.94       -3.15    3.73s
    ‖ρε - ρref‖ = 0.00014584523781988135 ‖Δρ‖ = 0.0001449888464602809  ‖vε - vref‖ = 1.4257343688636361  α = 0.000709
 38   -27.13964306421       -9.55       -2.57    3.81s
    ‖ρε - ρref‖ = 0.0008800317688995179 ‖Δρ‖ = 0.0008815711057183586  ‖vε - vref‖ = 1.425918300227522  α = 5.07e-5
 39   -27.13964306477       -9.25       -3.39    3.94s
    ‖ρε - ρref‖ = 9.675253905456644e-5 ‖Δρ‖ = 9.604533907282374e-5  ‖vε - vref‖ = 1.426322837280033  α = 0.000774
 40   -27.13964306559       -9.09       -3.47    3.59s
    ‖ρε - ρref‖ = 7.054823344472921e-5 ‖Δρ‖ = 6.779881875205737e-5  ‖vε - vref‖ = 1.4269347102209062  α = 0.00133
 41   -27.13964306584       -9.60       -3.27    4.09s
    ‖ρε - ρref‖ = 0.0001378139327368149 ‖Δρ‖ = 0.00013817130277469014  ‖vε - vref‖ = 1.4271333345516048  α = 0.000352
 42   -27.13964306631       -9.33       -3.64    3.92s
    ‖ρε - ρref‖ = 5.6490854399612566e-5 ‖Δρ‖ = 4.8737717620913835e-5  ‖vε - vref‖ = 1.4275612916765885  α = 0.0013
 43   -27.13964306684       -9.27       -3.51    3.86s
    ‖ρε - ρref‖ = 7.291369517040674e-5 ‖Δρ‖ = 6.837079332267322e-5  ‖vε - vref‖ = 1.428040072547466  α = 0.00102
 44   -27.13964306747       -9.20       -3.18    3.60s
    ‖ρε - ρref‖ = 0.0001335313310980316 ‖Δρ‖ = 0.00013356112352191828  ‖vε - vref‖ = 1.4285797367908086  α = 0.000546
 45   -27.13964306821       -9.13       -3.75    3.56s
    ‖ρε - ρref‖ = 3.556536294036761e-5 ‖Δρ‖ = 2.9703908077211943e-5  ‖vε - vref‖ = 1.4292554954376508  α = 0.00285
 46   -27.13964306871       -9.30       -3.80    3.80s
    ‖ρε - ρref‖ = 3.759177917454102e-5 ‖Δρ‖ = 2.8126909202424918e-5  ‖vε - vref‖ = 1.4297579335704316  α = 0.00247
 47   -27.13964306886       -9.85       -3.37    4.27s
    ‖ρε - ρref‖ = 0.00012047509839506743 ‖Δρ‖ = 0.00010707177896943798  ‖vε - vref‖ = 1.4299030309931504  α = 0.000329
 48   -27.13964306901       -9.81       -2.74    3.70s
    ‖ρε - ρref‖ = 0.0004263245704078432 ‖Δρ‖ = 0.00043696491013226857  ‖vε - vref‖ = 1.430042319676288  α = 8.57e-5
 49   -27.13964306912       -9.96       -3.42    4.00s
    ‖ρε - ρref‖ = 0.0001024182107526965 ‖Δρ‖ = 0.00010307549589333895  ‖vε - vref‖ = 1.4301467976320585  α = 0.00027
 50   -27.13964306934       -9.65       -2.80    4.27s
    ‖ρε - ρref‖ = 0.0003557021873378652 ‖Δρ‖ = 0.00035514771535307093  ‖vε - vref‖ = 1.430350672041552  α = 0.000127
 51   -27.13964306963       -9.53       -3.90    3.83s
    ‖ρε - ρref‖ = 3.2628822295627884e-5 ‖Δρ‖ = 2.363057573987947e-5  ‖vε - vref‖ = 1.430640006596451  α = 0.00226
 52   -27.13964306981       -9.76       -3.62    3.68s
    ‖ρε - ρref‖ = 5.247069827306656e-5 ‖Δρ‖ = 4.867777502307264e-5  ‖vε - vref‖ = 1.4308150162837179  α = 0.000861
 53   -27.13964306992       -9.95       -3.51    3.68s
    ‖ρε - ρref‖ = 8.005888701907788e-5 ‖Δρ‖ = 7.495338729927934e-5  ‖vε - vref‖ = 1.4309291868206486  α = 0.000426
 54   -27.13964307003       -9.97       -3.85    3.56s
    ‖ρε - ρref‖ = 4.010002730274426e-5 ‖Δρ‖ = 3.56250007197892e-5  ‖vε - vref‖ = 1.4310323629616515  α = 0.000876
 55   -27.13964307023       -9.70       -3.74    3.73s
    ‖ρε - ρref‖ = 3.776079746322847e-5 ‖Δρ‖ = 3.3963905673708074e-5  ‖vε - vref‖ = 1.4312283507442085  α = 0.00128
 56   -27.13964307037       -9.85       -3.49    3.81s
    ‖ρε - ρref‖ = 7.776249250317121e-5 ‖Δρ‖ = 7.401647199479628e-5  ‖vε - vref‖ = 1.4313705553351235  α = 0.000466
 57   -27.13964307055       -9.73       -3.75    4.46s
    ‖ρε - ρref‖ = 4.2495078567539145e-5 ‖Δρ‖ = 3.3506838331369074e-5  ‖vε - vref‖ = 1.43156949515738  α = 0.00127
 58   -27.13964307083       -9.56       -3.93    3.64s
    ‖ρε - ρref‖ = 2.9213565163197857e-5 ‖Δρ‖ = 1.900068387975156e-5  ‖vε - vref‖ = 1.4318293047850301  α = 0.00261
 59   -27.13964307085      -10.68       -3.75    3.54s
    ‖ρε - ρref‖ = 5.01181903538486e-5 ‖Δρ‖ = 6.304998225028447e-5  ‖vε - vref‖ = 1.431847670860099  α = 0.000207
 60   -27.13964307094      -10.05       -3.26    3.64s
    ‖ρε - ρref‖ = 0.00013047453665761646 ‖Δρ‖ = 0.00012269595264237826  ‖vε - vref‖ = 1.4319348711481459  α = 0.000229
 61   -27.13964307095      -10.98       -3.58    3.81s
    ‖ρε - ρref‖ = 0.00011823239270764178 ‖Δρ‖ = 0.00011289367277260811  ‖vε - vref‖ = 1.4319450513669572  α = 7.49e-5
 62   -27.13964307110       -9.82       -3.69    3.73s
    ‖ρε - ρref‖ = 3.737402835855112e-5 ‖Δρ‖ = 3.241693298496311e-5  ‖vε - vref‖ = 1.4320820344552743  α = 0.0012
 63   -27.13964307118      -10.12       -3.60    3.71s
    ‖ρε - ρref‖ = 5.712173655724142e-5 ‖Δρ‖ = 5.290571478030926e-5  ‖vε - vref‖ = 1.4321467516549224  α = 0.00051
 64   -27.13964307131       -9.87       -3.95    4.14s
    ‖ρε - ρref‖ = 2.8945298381354375e-5 ‖Δρ‖ = 1.7428962416523015e-5  ‖vε - vref‖ = 1.4322634341558313  α = 0.00209
 65   -27.13964307134      -10.60       -4.07    4.84s
    ‖ρε - ρref‖ = 2.8950713883655697e-5 ‖Δρ‖ = 2.2542852007741813e-5  ‖vε - vref‖ = 1.4322806071477583  α = 0.000666
 66   -27.13964307142      -10.08       -3.85    4.37s
    ‖ρε - ρref‖ = 3.2917389352352825e-5 ‖Δρ‖ = 2.5793896583016453e-5  ‖vε - vref‖ = 1.4323380764629001  α = 0.0011
 67   -27.13964307147      -10.30       -4.01    4.18s
    ‖ρε - ρref‖ = 3.038945105027995e-5 ‖Δρ‖ = 2.0407909430252374e-5  ‖vε - vref‖ = 1.432373569060685  α = 0.00107
 68   -27.13964307151      -10.39       -3.78    3.62s
    ‖ρε - ρref‖ = 4.3264610194882284e-5 ‖Δρ‖ = 3.818658996174011e-5  ‖vε - vref‖ = 1.4324014948762849  α = 0.000496
 69   -27.13964307158      -10.13       -4.07    3.66s
    ‖ρε - ρref‖ = 2.7068279116768824e-5 ‖Δρ‖ = 1.6098477342955738e-5  ‖vε - vref‖ = 1.432446645555022  α = 0.00157
 70   -27.13964307164      -10.29       -4.01    3.80s
    ‖ρε - ρref‖ = 2.749183042702422e-5 ‖Δρ‖ = 2.0504822788122884e-5  ‖vε - vref‖ = 1.4324774009670798  α = 0.00106
 71   -27.13964307164      -11.17       -3.70    4.10s
    ‖ρε - ρref‖ = 9.063892298502846e-5 ‖Δρ‖ = 7.329063359718151e-5  ‖vε - vref‖ = 1.4324832073969924  α = 9.93e-5
 72   -27.13964307168      -10.43       -3.60    3.64s
    ‖ρε - ρref‖ = 5.4591651193796436e-5 ‖Δρ‖ = 5.282252806223076e-5  ‖vε - vref‖ = 1.4325048597671362  α = 0.000357
 73   -27.13964307169      -11.29       -3.62    3.93s
    ‖ρε - ρref‖ = 9.570614215577713e-5 ‖Δρ‖ = 9.775619287864488e-5  ‖vε - vref‖ = 1.4325075828885097  α = 6.0e-5
 74   -27.13964307176      -10.15       -4.05    3.94s
    ‖ρε - ρref‖ = 2.7296994953998687e-5 ‖Δρ‖ = 1.507186979915025e-5  ‖vε - vref‖ = 1.4325492711317975  α = 0.00171
 75   -27.13964307179      -10.51       -4.29    3.74s
    ‖ρε - ρref‖ = 2.455585582350929e-5 ‖Δρ‖ = 1.1023955007351899e-5  ‖vε - vref‖ = 1.4325650400695782  α = 0.00153
 76   -27.13964307183      -10.38       -4.23    3.64s
    ‖ρε - ρref‖ = 2.3510413421618235e-5 ‖Δρ‖ = 1.1317308649666625e-5  ‖vε - vref‖ = 1.4325750897914522  α = 0.00175
 77   -27.13964307186      -10.53       -3.79    3.61s
    ‖ρε - ρref‖ = 3.83875602761884e-5 ‖Δρ‖ = 3.1909280070164206e-5  ‖vε - vref‖ = 1.4325829048625331  α = 0.00054
 78   -27.13964307187      -10.75       -4.12    4.01s
    ‖ρε - ρref‖ = 2.7225262327626836e-5 ‖Δρ‖ = 1.5995364979951754e-5  ‖vε - vref‖ = 1.4325882277115163  α = 0.000818
 79   -27.13964307190      -10.67       -3.90    3.87s
    ‖ρε - ρref‖ = 3.7357685223158096e-5 ‖Δρ‖ = 2.6485617771497106e-5  ‖vε - vref‖ = 1.4325956196973801  α = 0.000536
 80   -27.13964307192      -10.59       -4.37    3.72s
    ‖ρε - ρref‖ = 2.2084095533318307e-5 ‖Δρ‖ = 8.389844945370785e-6  ‖vε - vref‖ = 1.4325917064526614  α = 0.00189
 81   -27.13964307193      -10.92       -4.12    3.78s
    ‖ρε - ρref‖ = 2.7744525303334333e-5 ‖Δρ‖ = 2.0718229858640968e-5  ‖vε - vref‖ = 1.4325899060893073  α = 0.000492
 82   -27.13964307197      -10.49       -4.16    3.71s
    ‖ρε - ρref‖ = 2.5851774510827736e-5 ‖Δρ‖ = 1.2334178851609818e-5  ‖vε - vref‖ = 1.4325862961421  α = 0.00143
 83   -27.13964307199      -10.70       -4.47    3.69s
    ‖ρε - ρref‖ = 2.293009904156706e-5 ‖Δρ‖ = 6.754732325696876e-6  ‖vε - vref‖ = 1.4325779461850305  α = 0.00202
 84   -27.13964307199      -11.62       -3.97    3.59s
    ‖ρε - ρref‖ = 2.7089340043010037e-5 ‖Δρ‖ = 3.926271621404146e-5  ‖vε - vref‖ = 1.4325760265275707  α = 0.000111
 85   -27.13964307200      -10.90       -3.85    3.66s
    ‖ρε - ρref‖ = 4.1792880643413426e-5 ‖Δρ‖ = 3.300727306258021e-5  ‖vε - vref‖ = 1.4325706431837646  α = 0.00032
 86   -27.13964307200      -11.69       -3.89    4.03s
    ‖ρε - ρref‖ = 6.06439821816129e-5 ‖Δρ‖ = 5.192182763374862e-5  ‖vε - vref‖ = 1.4325698746904463  α = 7.32e-5
 87   -27.13964307202      -10.81       -4.06    4.21s
    ‖ρε - ρref‖ = 2.7980817680736674e-5 ‖Δρ‖ = 1.753091474071298e-5  ‖vε - vref‖ = 1.4325614511075022  α = 0.000695
 88   -27.13964307203      -10.91       -4.51    4.28s
    ‖ρε - ρref‖ = 2.262844806767212e-5 ‖Δρ‖ = 6.2161178533903195e-6  ‖vε - vref‖ = 1.4325509937195502  α = 0.00173
 89   -27.13964307205      -10.63       -4.41    3.62s
    ‖ρε - ρref‖ = 2.2594902510484187e-5 ‖Δρ‖ = 6.306126209018913e-6  ‖vε - vref‖ = 1.432526922287377  α = 0.0024
 90   -27.13964307206      -11.35       -4.34    3.65s
    ‖ρε - ρref‖ = 2.3923077883371384e-5 ‖Δρ‖ = 1.2041133829215593e-5  ‖vε - vref‖ = 1.4325205994067352  α = 0.000542
 91   -27.13964307207      -10.99       -4.42    3.64s
    ‖ρε - ρref‖ = 2.2777458104777235e-5 ‖Δρ‖ = 7.802950697896167e-6  ‖vε - vref‖ = 1.4325058768807157  α = 0.00129
 92   -27.13964307208      -11.08       -4.06    3.77s
    ‖ρε - ρref‖ = 2.7295632173658523e-5 ‖Δρ‖ = 1.927296988002144e-5  ‖vε - vref‖ = 1.432493179731153  α = 0.000458
 93   -27.13964307209      -10.98       -4.36    3.69s
    ‖ρε - ρref‖ = 2.3996162321868283e-5 ‖Δρ‖ = 8.379984696818561e-6  ‖vε - vref‖ = 1.4324804477778026  α = 0.0012
 94   -27.13964307209      -11.28       -4.49    3.62s
    ‖ρε - ρref‖ = 2.3450111436007656e-5 ‖Δρ‖ = 8.256201125412911e-6  ‖vε - vref‖ = 1.432472287887235  α = 0.000857
 95   -27.13964307210      -11.28       -4.30    3.73s
    ‖ρε - ρref‖ = 2.4504076746125027e-5 ‖Δρ‖ = 1.28483209775819e-5  ‖vε - vref‖ = 1.4324634649306762  α = 0.000524
 96   -27.13964307210      -12.13       -4.43    3.94s
    ‖ρε - ρref‖ = 1.4048701700924798e-5 ‖Δρ‖ = 1.5493766670421883e-5  ‖vε - vref‖ = 1.4324617943723938  α = 0.000157
 97   -27.13964307211      -10.95       -4.14    4.52s
    ‖ρε - ρref‖ = 2.640845307929081e-5 ‖Δρ‖ = 1.3715882560961946e-5  ‖vε - vref‖ = 1.4324447851945217  α = 0.000736
 98   -27.13964307211      -11.80       -3.75    4.02s
    ‖ρε - ρref‖ = 7.545285856405665e-5 ‖Δρ‖ = 6.639362970195962e-5  ‖vε - vref‖ = 1.432442465797798  α = 4.94e-5
 99   -27.13964307212      -11.20       -4.58    3.83s
    ‖ρε - ρref‖ = 2.2735573316344674e-5 ‖Δρ‖ = 6.255234158940445e-6  ‖vε - vref‖ = 1.4324322690766969  α = 0.0012
 100   -27.13964307212      -11.39       -4.48    4.08s
    ‖ρε - ρref‖ = 2.289660452389884e-5 ‖Δρ‖ = 7.599699933394912e-6  ‖vε - vref‖ = 1.432425877125365  α = 0.000837
 101   -27.13964307213      -10.90       -4.76    4.40s
    ‖ρε - ρref‖ = 2.1648831070606888e-5 ‖Δρ‖ = 3.128579195702398e-6  ‖vε - vref‖ = 1.432404821731308  α = 0.00344
 102   -27.13964307214      -11.26       -4.61    3.60s
    ‖ρε - ρref‖ = 2.2155064810998474e-5 ‖Δρ‖ = 5.206589431893578e-6  ‖vε - vref‖ = 1.4323945461679208  α = 0.00136
 103   -27.13964307214      -11.41       -4.48    3.71s
    ‖ρε - ρref‖ = 2.3766354737292877e-5 ‖Δρ‖ = 7.908287489686575e-6  ‖vε - vref‖ = 1.4323882289096839  α = 0.000756
 104   -27.13964307215      -11.37       -4.29    3.98s
    ‖ρε - ρref‖ = 2.4184732063930313e-5 ‖Δρ‖ = 1.1118594891215176e-5  ‖vε - vref‖ = 1.4323803408809481  α = 0.000573
 105   -27.13964307215      -11.69       -4.52    3.73s
    ‖ρε - ρref‖ = 2.3334752133454257e-5 ‖Δρ‖ = 7.960244784794228e-6  ‖vε - vref‖ = 1.4323765310423116  α = 0.000548
 106   -27.13964307216      -10.94       -4.74    3.64s
    ‖ρε - ρref‖ = 2.1384914894322367e-5 ‖Δρ‖ = 3.235703020615193e-6  ‖vε - vref‖ = 1.4323507834761615  α = 0.00319
 107   -27.13964307216      -11.56       -4.36    3.89s
    ‖ρε - ρref‖ = 2.6706415601859647e-5 ‖Δρ‖ = 1.1625504173078069e-5  ‖vε - vref‖ = 1.4323462756565724  α = 0.000434
 108   -27.13964307217      -12.11       -4.00    3.72s
    ‖ρε - ρref‖ = 2.793417863954642e-5 ‖Δρ‖ = 3.576423865980682e-5  ‖vε - vref‖ = 1.4323446405918108  α = 6.96e-5
 109   -27.13964307217      -11.54       -4.29    3.69s
    ‖ρε - ρref‖ = 2.8448524739399667e-5 ‖Δρ‖ = 1.3301383847532081e-5  ‖vε - vref‖ = 1.432340867579267  α = 0.000381
 110   -27.13964307217      -12.26       -4.13    3.57s
    ‖ρε - ρref‖ = 4.6823902506838816e-5 ‖Δρ‖ = 3.32143802178138e-5  ‖vε - vref‖ = 1.4323402431309722  α = 5.64e-5
 111   -27.13964307218      -11.22       -4.77    3.76s
    ‖ρε - ρref‖ = 2.1634708829253238e-5 ‖Δρ‖ = 3.5709421264001046e-6  ‖vε - vref‖ = 1.4323268297545941  α = 0.00207
 112   -27.13964307218      -11.45       -4.76    3.67s
    ‖ρε - ρref‖ = 2.1557300292319203e-5 ‖Δρ‖ = 3.8121806138561207e-6  ‖vε - vref‖ = 1.4323186383204043  α = 0.0015
 113   -27.13964307218      -11.50       -4.79    3.78s
    ‖ρε - ρref‖ = 2.1826880205128162e-5 ‖Δρ‖ = 3.4791854821931008e-6  ‖vε - vref‖ = 1.4323111724559587  α = 0.00158
 114   -27.13964307219      -11.38       -4.57    4.09s
    ‖ρε - ρref‖ = 2.218209015126247e-5 ‖Δρ‖ = 5.689503419488454e-6  ‖vε - vref‖ = 1.432301872798597  α = 0.00112
 115   -27.13964307219      -11.11       -4.69    3.94s
    ‖ρε - ρref‖ = 2.1846992486937768e-5 ‖Δρ‖ = 3.3989945831790055e-6  ‖vε - vref‖ = 1.4322862602725903  α = 0.00253
 116   -27.13964307220      -11.73       -4.62    3.62s
    ‖ρε - ρref‖ = 2.2153463721565886e-5 ‖Δρ‖ = 6.396400801285737e-6  ‖vε - vref‖ = 1.4322828257451206  α = 0.000642
 117   -27.13964307220      -11.56       -4.45    3.48s
    ‖ρε - ρref‖ = 2.370860593573046e-5 ‖Δρ‖ = 7.925787697179738e-6  ‖vε - vref‖ = 1.4322794208171952  α = 0.000646
 118   -27.13964307220      -11.69       -4.63    4.11s
    ‖ρε - ρref‖ = 2.2209381645769383e-5 ‖Δρ‖ = 5.19521820294336e-6  ‖vε - vref‖ = 1.43227732294835  α = 0.000867
 119   -27.13964307221      -11.26       -4.51    4.43s
    ‖ρε - ρref‖ = 2.3316425641336747e-5 ‖Δρ‖ = 5.312118701430582e-6  ‖vε - vref‖ = 1.432272828671127  α = 0.00133
 120   -27.13964307221      -12.29       -3.96    3.80s
    ‖ρε - ρref‖ = 2.909435800577359e-5 ‖Δρ‖ = 3.931229519220464e-5  ‖vε - vref‖ = 1.4322718232689644  α = 5.28e-5
 121   -27.13964307221      -11.71       -4.48    3.60s
    ‖ρε - ρref‖ = 2.2950513638741473e-5 ‖Δρ‖ = 8.573331045728691e-6  ‖vε - vref‖ = 1.4322692160345831  α = 0.000489
 122   -27.13964307221      -12.18       -4.05    3.55s
    ‖ρε - ρref‖ = 4.349428058242621e-5 ‖Δρ‖ = 3.161445171888694e-5  ‖vε - vref‖ = 1.4322685368037356  α = 6.51e-5
 123   -27.13964307221      -11.81       -4.47    3.61s
    ‖ρε - ρref‖ = 2.1562188780500602e-5 ‖Δρ‖ = 9.015911504416285e-6  ‖vε - vref‖ = 1.4322662782848874  α = 0.000415
 124   -27.13964307222      -11.33       -4.69    3.54s
    ‖ρε - ρref‖ = 2.185547300240816e-5 ‖Δρ‖ = 3.519290939904271e-6  ‖vε - vref‖ = 1.4322616199367537  α = 0.00189
 125   -27.13964307222      -11.45       -4.84    3.69s
    ‖ρε - ρref‖ = 2.1784711897552552e-5 ‖Δρ‖ = 2.490593097893462e-6  ‖vε - vref‖ = 1.4322582592466626  α = 0.00235
 126   -27.13964307222      -11.51       -4.87    3.61s
    ‖ρε - ρref‖ = 2.1920927383109827e-5 ‖Δρ‖ = 2.454506655458553e-6  ‖vε - vref‖ = 1.4322568823183386  α = 0.00223
 127   -27.13964307222      -11.82       -4.80    3.62s
    ‖ρε - ρref‖ = 2.1528753733873558e-5 ‖Δρ‖ = 3.3221404929804045e-6  ‖vε - vref‖ = 1.4322554386831488  α = 0.00115
 128   -27.13964307222      -11.96       -4.82    3.68s
    ‖ρε - ρref‖ = 2.1903546352243788e-5 ‖Δρ‖ = 3.4636974236802577e-6  ‖vε - vref‖ = 1.432254750549008  α = 0.000951
 129   -27.13964307223      -11.96       -4.67    3.58s
    ‖ρε - ρref‖ = 2.179993836094699e-5 ‖Δρ‖ = 4.98835868054577e-6  ‖vε - vref‖ = 1.4322540800278638  α = 0.000635
 130   -27.13964307223      -11.92       -4.60    3.73s
    ‖ρε - ρref‖ = 2.264337827491621e-5 ‖Δρ‖ = 5.481737618180218e-6  ‖vε - vref‖ = 1.4322541647386136  α = 0.000613
 131   -27.13964307223      -11.91       -4.96    4.19s
    ‖ρε - ρref‖ = 2.0571651264760887e-5 ‖Δρ‖ = 2.5489629771440493e-6  ‖vε - vref‖ = 1.4322533053164879  α = 0.0013
 132   -27.13964307223      -12.09       -3.81    4.03s
    ‖ρε - ρref‖ = 5.531932932928053e-5 ‖Δρ‖ = 4.106043773486017e-5  ‖vε - vref‖ = 1.4322533933052781  α = 6.37e-5
 133   -27.13964307223      -12.07       -4.51    3.72s
    ‖ρε - ρref‖ = 2.3958535303530486e-5 ‖Δρ‖ = 8.208153330523242e-6  ‖vε - vref‖ = 1.4322532681522717  α = 0.000336
 134   -27.13964307223      -12.36       -4.08    3.70s
    ‖ρε - ρref‖ = 2.8004085094285637e-5 ‖Δρ‖ = 2.6531879874492537e-5  ‖vε - vref‖ = 1.4322530005569531  α = 6.48e-5
 135   -27.13964307223      -11.71       -4.86    4.15s
    ‖ρε - ρref‖ = 2.2145140785639733e-5 ‖Δρ‖ = 2.6020359042251096e-6  ‖vε - vref‖ = 1.4322537685897  α = 0.00165
 136   -27.13964307223      -11.88       -4.43    4.15s
    ‖ρε - ρref‖ = 2.2782228525956242e-5 ‖Δρ‖ = 8.443768039749633e-6  ‖vε - vref‖ = 1.4322540738339498  α = 0.00041
 137   -27.13964307223      -11.77       -5.08    3.61s
    ‖ρε - ρref‖ = 2.141206381658387e-5 ‖Δρ‖ = 1.660475762915991e-6  ‖vε - vref‖ = 1.432253908803515  α = 0.00242
 138   -27.13964307224      -11.67       -4.82    3.73s
    ‖ρε - ρref‖ = 2.182176193163252e-5 ‖Δρ‖ = 2.801000295069848e-6  ‖vε - vref‖ = 1.4322561904095348  α = 0.0016
 139   -27.13964307224      -11.81       -5.13    3.78s
    ‖ρε - ρref‖ = 2.1874485307706285e-5 ‖Δρ‖ = 1.5779689657674554e-6  ‖vε - vref‖ = 1.4322588288694482  α = 0.00236
 140   -27.13964307224      -11.54       -4.96    3.60s
    ‖ρε - ρref‖ = 2.1483282504847983e-5 ‖Δρ‖ = 1.8508041282281723e-6  ‖vε - vref‖ = 1.4322625942723028  α = 0.00282
 141   -27.13964307224      -12.16       -4.54    3.73s
    ‖ρε - ρref‖ = 2.3050751984106628e-5 ‖Δρ‖ = 6.928718681053684e-6  ‖vε - vref‖ = 1.432263772032257  α = 0.000355
 142   -27.13964307224      -11.93       -4.78    3.69s
    ‖ρε - ρref‖ = 2.15152383513231e-5 ‖Δρ‖ = 3.148155636067934e-6  ‖vε - vref‖ = 1.4322654155409995  α = 0.00108
 143   -27.13964307224      -12.43       -4.75    3.79s
    ‖ρε - ρref‖ = 2.522341905733806e-5 ‖Δρ‖ = 5.554026100998689e-6  ‖vε - vref‖ = 1.4322665042181044  α = 0.000321
 144   -27.13964307224      -12.18       -4.05    3.76s
    ‖ρε - ρref‖ = 2.6032961077779986e-5 ‖Δρ‖ = 2.343602119989545e-5  ‖vε - vref‖ = 1.4322676595546389  α = 0.000106
 145   -27.13964307224      -12.50       -4.76    3.58s
    ‖ρε - ρref‖ = 2.06696625000693e-5 ‖Δρ‖ = 5.802113327769693e-6  ‖vε - vref‖ = 1.4322682138175435  α = 0.000264
 146   -27.13964307225      -12.14       -4.18    3.81s
    ‖ρε - ρref‖ = 3.001904323616766e-5 ‖Δρ‖ = 1.6404753023000357e-5  ‖vε - vref‖ = 1.4322700137114177  α = 0.000152
 147   -27.13964307225      -12.19       -4.88    3.67s
    ‖ρε - ρref‖ = 2.1631250551378185e-5 ‖Δρ‖ = 3.256591085365126e-6  ‖vε - vref‖ = 1.4322713106351195  α = 0.000725
 148   -27.13964307225      -11.82       -4.86    3.72s
    ‖ρε - ρref‖ = 2.1913692535398255e-5 ‖Δρ‖ = 2.851602812339608e-6  ‖vε - vref‖ = 1.43227474018544  α = 0.00132
 149   -27.13964307225      -11.89       -4.56    3.74s
    ‖ρε - ρref‖ = 2.219102531928198e-5 ‖Δρ‖ = 5.974759920095939e-6  ‖vε - vref‖ = 1.4322780677813356  α = 0.000584
 150   -27.13964307225      -11.77       -4.79    3.84s
    ‖ρε - ρref‖ = 2.234060634673935e-5 ‖Δρ‖ = 3.232052625143686e-6  ‖vε - vref‖ = 1.4322830579594275  α = 0.00122
 151   -27.13964307225      -11.82       -4.95    3.48s
    ‖ρε - ρref‖ = 2.1339013080117396e-5 ‖Δρ‖ = 2.0947940498816857e-6  ‖vε - vref‖ = 1.432284779382172  α = 0.00185
 152   -27.13964307225      -11.68       -5.24    3.95s
    ‖ρε - ρref‖ = 2.159286084388418e-5 ‖Δρ‖ = 9.191191806844173e-7  ‖vε - vref‖ = 1.43228779214592  α = 0.00488
 153   -27.13964307226      -12.08       -4.96    3.93s
    ‖ρε - ρref‖ = 2.1550024366136277e-5 ‖Δρ‖ = 2.3565518875238273e-6  ‖vε - vref‖ = 1.4322885134891876  α = 0.00113
 154   -27.13964307226      -12.31       -4.83    3.84s
    ‖ρε - ρref‖ = 2.2321813456731867e-5 ‖Δρ‖ = 3.6820570802080216e-6  ‖vε - vref‖ = 1.4322894379069304  α = 0.000581
 155   -27.13964307226      -11.88       -4.74    4.53s
    ‖ρε - ρref‖ = 2.128836665002711e-5 ‖Δρ‖ = 3.457522228065145e-6  ‖vε - vref‖ = 1.4322914535750344  α = 0.00104
 156   -27.13964307226      -12.85       -4.19    3.88s
    ‖ρε - ρref‖ = 4.114973083097674e-5 ‖Δρ‖ = 2.34905238288051e-5  ‖vε - vref‖ = 1.4322918729093728  α = 4.48e-5
 157   -27.13964307226      -12.26       -5.04    3.77s
    ‖ρε - ρref‖ = 2.2021762396319976e-5 ‖Δρ‖ = 2.1910942080632986e-6  ‖vε - vref‖ = 1.4322927576990474  α = 0.00101
 158   -27.13964307226      -12.38       -4.04    3.76s
    ‖ρε - ρref‖ = 2.664530192429297e-5 ‖Δρ‖ = 2.4595094486783317e-5  ‖vε - vref‖ = 1.4322931028810288  α = 7.12e-5
 159   -27.13964307226      -12.32       -4.80    4.23s
    ‖ρε - ρref‖ = 2.2072008238182083e-5 ‖Δρ‖ = 3.7196469929801646e-6  ‖vε - vref‖ = 1.4322938269174528  α = 0.000578
 160   -27.13964307226      -11.99       -4.92    4.69s
    ‖ρε - ρref‖ = 2.161648463888409e-5 ‖Δρ‖ = 2.2797335940951723e-6  ‖vε - vref‖ = 1.4322953892003394  α = 0.00136
 161   -27.13964307226      -12.05       -4.58    3.91s
    ‖ρε - ρref‖ = 2.2542367671064057e-5 ‖Δρ‖ = 5.099293994469186e-6  ‖vε - vref‖ = 1.4322968268516594  α = 0.00057
 162   -27.13964307226      -12.12       -4.85    3.58s
    ‖ρε - ρref‖ = 2.151865515899375e-5 ‖Δρ‖ = 3.035990903413984e-6  ‖vε - vref‖ = 1.4322977090160516  α = 0.000882
 163   -27.13964307226      -12.11       -4.82    3.74s
    ‖ρε - ρref‖ = 2.1798698552426858e-5 ‖Δρ‖ = 3.047960007089329e-6  ‖vε - vref‖ = 1.4322985670946955  α = 0.000901
 164   -27.13964307226      -12.06       -5.10    3.70s
    ‖ρε - ρref‖ = 2.1693272947033902e-5 ‖Δρ‖ = 1.600067775882264e-6  ‖vε - vref‖ = 1.4322999807441477  α = 0.00179
 165   -27.13964307226      -11.86       -5.12    3.72s
    ‖ρε - ρref‖ = 2.1562989184644014e-5 ‖Δρ‖ = 1.4689799821819321e-6  ‖vε - vref‖ = 1.432301222230903  α = 0.00238
 166   -27.13964307227      -11.83       -5.12    3.78s
    ‖ρε - ρref‖ = 2.1823600633065407e-5 ‖Δρ‖ = 1.3200182304292421e-6  ‖vε - vref‖ = 1.432304402201129  α = 0.00274
 167   -27.13964307227      -12.59       -4.77    3.75s
    ‖ρε - ρref‖ = 1.9149978774834398e-5 ‖Δρ‖ = 5.171284180294314e-6  ‖vε - vref‖ = 1.4323043958371084  α = 0.000264
 168   -27.13964307227      -12.77       -4.22    3.70s
    ‖ρε - ρref‖ = 3.303611044944061e-5 ‖Δρ‖ = 1.8037329197702643e-5  ‖vε - vref‖ = 1.4323046670601263  α = 7.32e-5
 169   -27.13964307227      -12.26       -4.72    3.72s
    ‖ρε - ρref‖ = 2.2048648634390966e-5 ‖Δρ‖ = 3.821282103913331e-6  ‖vε - vref‖ = 1.4323050595404672  α = 0.000612
 170   -27.13964307227      -12.89       -4.32    3.85s
    ‖ρε - ρref‖ = 2.069563560889828e-5 ‖Δρ‖ = 1.6522601628590827e-5  ‖vε - vref‖ = 1.4323050212150417  α = 5.46e-5
 171   -27.13964307227      -12.06       -5.12    4.70s
    ‖ρε - ρref‖ = 2.1794836455068287e-5 ‖Δρ‖ = 1.481534713312098e-6  ‖vε - vref‖ = 1.4323062189595623  α = 0.00196
 172   -27.13964307227      -12.26       -4.97    3.53s
    ‖ρε - ρref‖ = 2.163288560120863e-5 ‖Δρ‖ = 2.2211058026725042e-6  ‖vε - vref‖ = 1.432306353900642  α = 0.00106
 173   -27.13964307227      -12.49       -4.85    3.71s
    ‖ρε - ρref‖ = 2.193918275366218e-5 ‖Δρ‖ = 3.4895798490803196e-6  ‖vε - vref‖ = 1.43230625599844  α = 0.000464
 174   -27.13964307227      -12.29       -5.18    3.70s
    ‖ρε - ρref‖ = 2.1362483934611222e-5 ‖Δρ‖ = 1.5122786418222045e-6  ‖vε - vref‖ = 1.432305721403899  α = 0.00147
 175   -27.13964307227      -12.20       -4.76    4.58s
    ‖ρε - ρref‖ = 2.1799650319684567e-5 ‖Δρ‖ = 3.511494387186731e-6  ‖vε - vref‖ = 1.4323053961393728  α = 0.000709
 176   -27.13964307227      -12.19       -5.00    4.19s
    ‖ρε - ρref‖ = 2.1849671309573015e-5 ‖Δρ‖ = 2.026782760063781e-6  ‖vε - vref‖ = 1.4323056827156695  α = 0.00127
 177   -27.13964307227      -12.37       -5.09    3.69s
    ‖ρε - ρref‖ = 2.1891191005864934e-5 ‖Δρ‖ = 2.0650313524451196e-6  ‖vε - vref‖ = 1.4323057519239781  α = 0.000941
 178   -27.13964307227      -12.04       -5.05    3.94s
    ‖ρε - ρref‖ = 2.1642280004692444e-5 ‖Δρ‖ = 1.5130478201782007e-6  ‖vε - vref‖ = 1.432305423433446  α = 0.00195
 179   -27.13964307227      -13.05       -5.16    3.59s
    ‖ρε - ρref‖ = 1.974287651276373e-5 ‖Δρ‖ = 2.708368214631717e-6  ‖vε - vref‖ = 1.4323051742597515  α = 0.000246
 180   -27.13964307227      -12.40       -4.58    3.50s
    ‖ρε - ρref‖ = 2.282134818912499e-5 ‖Δρ‖ = 6.069398266361374e-6  ‖vε - vref‖ = 1.4323043727895175  α = 0.000318
 181   -27.13964307227      -12.92       -4.72    3.64s
    ‖ρε - ρref‖ = 2.418314763089827e-5 ‖Δρ‖ = 5.570013005121141e-6  ‖vε - vref‖ = 1.432304345197153  α = 0.000186
 182   -27.13964307227      -12.85       -4.43    3.81s
    ‖ρε - ρref‖ = 2.2259595738927083e-5 ‖Δρ‖ = 1.0569693913892218e-5  ‖vε - vref‖ = 1.432304164264994  α = 0.000102
 183   -27.13964307227      -12.34       -5.01    3.81s
    ‖ρε - ρref‖ = 2.179321866786366e-5 ‖Δρ‖ = 1.97759781252944e-6  ‖vε - vref‖ = 1.432303844958825  α = 0.00103
 184   -27.13964307227      -12.25       -5.18    3.72s
    ‖ρε - ρref‖ = 2.1455091974413248e-5 ‖Δρ‖ = 1.1616481863400656e-6  ‖vε - vref‖ = 1.4323024641435702  α = 0.00204
 185   -27.13964307227      -12.88       -5.21    3.53s
    ‖ρε - ρref‖ = 2.180686157954326e-5 ‖Δρ‖ = 1.7188537639365451e-6  ‖vε - vref‖ = 1.4323023084193367  α = 0.000642
 186   -27.13964307227      -12.32       -5.11    3.67s
    ‖ρε - ρref‖ = 2.170062354146804e-5 ‖Δρ‖ = 1.4259917524597938e-6  ‖vε - vref‖ = 1.4323018240695553  α = 0.0015
 187   -27.13964307227      -12.54       -4.94    3.80s
    ‖ρε - ρref‖ = 2.1878110975391145e-5 ‖Δρ‖ = 2.485874858418e-6  ‖vε - vref‖ = 1.4323013763664223  α = 0.000648
 188   -27.13964307227      -12.50       -5.09    3.60s
    ‖ρε - ρref‖ = 2.1471229414605773e-5 ‖Δρ‖ = 1.777895486945447e-6  ‖vε - vref‖ = 1.4323005660501307  α = 0.000969
 189   -27.13964307227      -12.39       -5.19    3.58s
    ‖ρε - ρref‖ = 2.1575549013164448e-5 ‖Δρ‖ = 1.3201662026072342e-6  ‖vε - vref‖ = 1.4322998283658406  α = 0.00149
 190   -27.13964307228      -12.75       -5.21    3.88s
    ‖ρε - ρref‖ = 2.182292037226824e-5 ‖Δρ‖ = 1.4653791661996812e-6  ‖vε - vref‖ = 1.4322996805822812  α = 0.000857
 191   -27.13964307228      -13.67       -4.84    4.05s
    ‖ρε - ρref‖ = 1.8594008353994402e-5 ‖Δρ‖ = 5.451193017220967e-6  ‖vε - vref‖ = 1.432299539887349  α = 8.75e-5
 192   -27.13964307228      -12.49       -4.92    3.64s
    ‖ρε - ρref‖ = 2.189737875114048e-5 ‖Δρ‖ = 2.2893365222585534e-6  ‖vε - vref‖ = 1.432298819430576  α = 0.000758
 193   -27.13964307228      -13.30       -4.78    3.83s
    ‖ρε - ρref‖ = 2.555422725093136e-5 ‖Δρ‖ = 6.78666915022832e-6  ‖vε - vref‖ = 1.4322988123848497  α = 7.19e-5
 194   -27.13964307228      -12.65       -4.98    3.49s
    ‖ρε - ρref‖ = 2.165423770884397e-5 ‖Δρ‖ = 2.223615854192152e-6  ‖vε - vref‖ = 1.4322983176719113  α = 0.000625
 195   -27.13964307228      -12.79       -4.82    3.54s
    ‖ρε - ρref‖ = 2.1461437648088156e-5 ‖Δρ‖ = 3.394923965633132e-6  ‖vε - vref‖ = 1.4322977248595001  α = 0.000374
 196   -27.13964307228      -12.69       -5.64    3.63s
    ‖ρε - ρref‖ = 2.156284918261835e-5 ‖Δρ‖ = 4.5264648410889474e-7  ‖vε - vref‖ = 1.4322969988187833  α = 0.00316
 197   -27.13964307228      -12.82       -5.51    3.74s
    ‖ρε - ρref‖ = 2.169522436976387e-5 ‖Δρ‖ = 8.484894647949587e-7  ‖vε - vref‖ = 1.432296745645928  α = 0.00131
 198   -27.13964307228      -12.66       -5.01    4.03s
    ‖ρε - ρref‖ = 2.1624039397388673e-5 ‖Δρ‖ = 2.1470982733075637e-6  ‖vε - vref‖ = 1.4322962434083903  α = 0.000664
 199   -27.13964307228      -12.55       -5.18    4.56s
    ‖ρε - ρref‖ = 2.162392573803863e-5 ‖Δρ‖ = 1.394412066518191e-6  ‖vε - vref‖ = 1.4322951962751578  α = 0.00118
 200   -27.13964307228      -13.02       -5.11    4.12s
    ‖ρε - ρref‖ = 2.1585797269417153e-5 ‖Δρ‖ = 1.7865046346917051e-6  ‖vε - vref‖ = 1.4322948526527295  α = 0.000534
 201   -27.13964307228      -12.65       -5.46    3.85s
    ‖ρε - ρref‖ = 2.1645135893321e-5 ‖Δρ‖ = 7.125064849162399e-7  ‖vε - vref‖ = 1.4322940222872267  α = 0.00219
 202   -27.13964307228      -13.19       -5.34    3.86s
    ‖ρε - ρref‖ = 2.2127377601964816e-5 ‖Δρ‖ = 1.3563431115313377e-6  ‖vε - vref‖ = 1.432293768671558  α = 0.000496
 203   -27.13964307228      -13.05       -4.52    3.56s
    ‖ρε - ρref‖ = 1.840699087750482e-5 ‖Δρ‖ = 8.77022228137063e-6  ‖vε - vref‖ = 1.4322931835004826  α = 8.82e-5
 204   -27.13964307228      -13.27       -5.36    3.78s
    ‖ρε - ρref‖ = 2.110653258898936e-5 ‖Δρ‖ = 1.2013908329197065e-6  ‖vε - vref‖ = 1.43229262790552  α = 0.000635
 205   -27.13964307228      -13.11       -4.46    3.67s
    ‖ρε - ρref‖ = 2.5123428730793085e-5 ‖Δρ‖ = 9.101951724896952e-6  ‖vε - vref‖ = 1.4322921818111503  α = 8.98e-5
 206   -27.13964307228      -12.71       -5.25    3.80s
    ‖ρε - ρref‖ = 2.17304650802327e-5 ‖Δρ‖ = 1.1827133506066508e-6  ‖vε - vref‖ = 1.4322917301310882  α = 0.00103
 207   -27.13964307228      -12.99       -4.98    3.76s
    ‖ρε - ρref‖ = 2.1669036762745092e-5 ‖Δρ‖ = 2.5086342298162886e-6  ‖vε - vref‖ = 1.432291423398115  α = 0.00037
 208   -27.13964307228      -12.99       -5.39    3.64s
    ‖ρε - ρref‖ = 2.1674409614154437e-5 ‖Δρ‖ = 8.464962524102498e-7  ‖vε - vref‖ = 1.4322910365042973  α = 0.00136
 209   -27.13964307228      -12.73       -5.48    3.78s
    ‖ρε - ρref‖ = 2.1562135558164264e-5 ‖Δρ‖ = 6.352227957316243e-7  ‖vε - vref‖ = 1.4322904413340591  α = 0.00206
 210   -27.13964307228      -13.17       -5.31    3.69s
    ‖ρε - ρref‖ = 2.1489043108570682e-5 ‖Δρ‖ = 1.3408455476727573e-6  ‖vε - vref‖ = 1.4322902602864633  α = 0.000559
 211   -27.13964307228      -12.89       -5.26    3.56s
    ‖ρε - ρref‖ = 2.171122819046398e-5 ‖Δρ‖ = 1.1249245214073171e-6  ‖vε - vref‖ = 1.4322900570298986  α = 0.000972
 212   -27.13964307228      -12.99       -5.58    3.69s
    ‖ρε - ρref‖ = 2.15643343896965e-5 ‖Δρ‖ = 5.645870150517009e-7  ‖vε - vref‖ = 1.4322898366084715  α = 0.00173
 213   -27.13964307228      -12.92       -5.09    3.91s
    ‖ρε - ρref‖ = 2.155582100315568e-5 ‖Δρ‖ = 1.5407094872361125e-6  ‖vε - vref‖ = 1.432289506923313  α = 0.000736
 214   -27.13964307228      -13.60       -5.20    3.71s
    ‖ρε - ρref‖ = 2.324177403402319e-5 ‖Δρ‖ = 2.491807726836583e-6  ‖vε - vref‖ = 1.4322895362776282  α = 0.000125
 215   -27.13964307228      -12.91       -5.02    3.75s
    ‖ρε - ρref‖ = 2.1505149052294495e-5 ‖Δρ‖ = 1.991944493166268e-6  ‖vε - vref‖ = 1.4322892290155507  α = 0.000548
 216   -27.13964307228      -14.45       -5.18    3.69s
    ‖ρε - ρref‖ = 2.0383900817657865e-5 ‖Δρ‖ = 2.9616528757014007e-6  ‖vε - vref‖ = 1.4322891883955955  α = 8.07e-5
 217   -27.13964307228      -13.03       -5.34    3.76s
    ‖ρε - ρref‖ = 2.1793347939528663e-5 ‖Δρ‖ = 1.0722188476865528e-6  ‖vε - vref‖ = 1.4322892530611893  α = 0.000843
 218   -27.13964307228      -12.86       -5.33    3.92s
    ‖ρε - ρref‖ = 2.1719865273947233e-5 ‖Δρ‖ = 9.782928721622983e-7  ‖vε - vref‖ = 1.4322892858726184  α = 0.00114
 219   -27.13964307228      -12.92       -4.98    3.68s
    ‖ρε - ρref‖ = 2.1411732147559124e-5 ‖Δρ‖ = 2.252817646424358e-6  ‖vε - vref‖ = 1.4322889122566365  α = 0.000484
 220   -27.13964307228      -13.07       -5.17    3.85s
    ‖ρε - ρref‖ = 2.1508445321824234e-5 ‖Δρ‖ = 1.458636545496383e-6  ‖vε - vref‖ = 1.4322885513590626  α = 0.000623
 221   -27.13964307228      -12.94       -5.76    4.60s
    ‖ρε - ρref‖ = 2.156765162208545e-5 ‖Δρ‖ = 3.555742062075199e-7  ‖vε - vref‖ = 1.4322883221279055  α = 0.00289
 222   -27.13964307228      -13.25       -5.40    3.69s
    ‖ρε - ρref‖ = 2.150608290288921e-5 ‖Δρ‖ = 9.876300225158189e-7  ‖vε - vref‖ = 1.4322882009634081  α = 0.000654
 223   -27.13964307228      -13.27       -5.32    4.30s
    ‖ρε - ρref‖ = 2.1685803101706563e-5 ‖Δρ‖ = 1.0643502292988507e-6  ‖vε - vref‖ = 1.4322880871268902  α = 0.000712
 224   -27.13964307228      -12.99       -5.65    3.76s
    ‖ρε - ρref‖ = 2.1601966984804473e-5 ‖Δρ‖ = 4.5965596290426796e-7  ‖vε - vref‖ = 1.4322881329609805  α = 0.0019
 225   -27.13964307228      -13.50       -5.34    3.75s
    ‖ρε - ρref‖ = 2.127918023168659e-5 ‖Δρ‖ = 1.0791478886056608e-6  ‖vε - vref‖ = 1.4322880841701384  α = 0.000592
 226   -27.13964307228      -13.50       -4.60    3.72s
    ‖ρε - ρref‖ = 2.6189785858869186e-5 ‖Δρ‖ = 7.253435540967935e-6  ‖vε - vref‖ = 1.4322881518428696  α = 5.94e-5
 227   -27.13964307228      -13.37       -5.28    3.68s
    ‖ρε - ρref‖ = 2.1662527735359865e-5 ‖Δρ‖ = 1.1272917174638883e-6  ‖vε - vref‖ = 1.4322881491833235  α = 0.000615
 228   -27.13964307228      -14.45       -4.95    3.75s
    ‖ρε - ρref‖ = 1.9777709398065366e-5 ‖Δρ‖ = 4.465317957885943e-6  ‖vε - vref‖ = 1.43228811288609  α = 5.41e-5
 229   -27.13964307228      -13.00       -5.64    3.76s
    ‖ρε - ρref‖ = 2.158479102121244e-5 ‖Δρ‖ = 3.8708915513759284e-7  ‖vε - vref‖ = 1.4322881513570054  α = 0.00237
 230   -27.13964307228      -13.75       -5.75    4.03s
    ‖ρε - ρref‖ = 2.1622051886527255e-5 ‖Δρ‖ = 4.9557603476656e-7  ‖vε - vref‖ = 1.4322882059137756  α = 0.000821
 231   -27.13964307228      -13.34       -5.46    3.89s
    ‖ρε - ρref‖ = 2.153154658696097e-5 ‖Δρ‖ = 7.413936190228301e-7  ‖vε - vref‖ = 1.4322881941466494  α = 0.000925
 232   -27.13964307228      -13.50       -5.41    4.34s
    ‖ρε - ρref‖ = 2.164764211946537e-5 ‖Δρ‖ = 9.210223814998312e-7  ‖vε - vref‖ = 1.4322882788487727  α = 0.000652
 233   -27.13964307228      -13.27       -5.80    3.82s
    ‖ρε - ρref‖ = 2.1594609452653888e-5 ‖Δρ‖ = 3.2209699577978087e-7  ‖vε - vref‖ = 1.4322885783118122  α = 0.00216
 234   -27.13964307228      -13.67       -5.61    4.50s
    ‖ρε - ρref‖ = 2.149910055797741e-5 ‖Δρ‖ = 5.775445445404871e-7  ‖vε - vref‖ = 1.4322886654477263  α = 0.000837
 235   -27.13964307228      -13.60       -5.39    3.72s
    ‖ρε - ρref‖ = 2.16064517473127e-5 ‖Δρ‖ = 8.761230148851125e-7  ‖vε - vref‖ = 1.4322888334602104  α = 0.000595
 236   -27.13964307228      -13.09       -5.65    3.75s
    ‖ρε - ρref‖ = 2.163171633215976e-5 ‖Δρ‖ = 3.677857882497177e-7  ‖vε - vref‖ = 1.4322897837163364  α = 0.00225
 237   -27.13964307228      -13.97       -5.22    3.91s
    ‖ρε - ρref‖ = 2.0233784543389707e-5 ‖Δρ‖ = 2.328860681371368e-6  ‖vε - vref‖ = 1.4322897884552428  α = 6.84e-5
 238   -27.13964307228      -13.60       -5.36    3.73s
    ‖ρε - ρref‖ = 2.1677199357102135e-5 ‖Δρ‖ = 8.827909713292738e-7  ‖vε - vref‖ = 1.4322899778319342  α = 0.000527
 239   -27.13964307228      -14.45       -5.38    3.64s
    ‖ρε - ρref‖ = 2.2207381083378323e-5 ‖Δρ‖ = 1.3307346644756486e-6  ‖vε - vref‖ = 1.4322900749308793  α = 0.00019
 240   -27.13964307228      -13.50       -4.92    3.89s
    ‖ρε - ρref‖ = 2.1233842229604155e-5 ‖Δρ‖ = 2.4796685949982266e-6  ‖vε - vref‖ = 1.4322902597623826  α = 0.000224
 241   -27.13964307228      -13.41       -5.58    4.80s
    ‖ρε - ρref‖ = 2.1588801336226705e-5 ‖Δρ‖ = 4.7069576080407585e-7  ‖vε - vref‖ = 1.4322905016690048  α = 0.00126
 242   -27.13964307228      -13.85       -5.83    3.61s
    ‖ρε - ρref‖ = 2.157082839838937e-5 ‖Δρ‖ = 3.18997057853869e-7  ‖vε - vref‖ = 1.4322905701518553  α = 0.00142
 243   -27.13964307228      -13.67       -5.54    3.63s
    ‖ρε - ρref‖ = 2.1452059757837256e-5 ‖Δρ‖ = 7.989465269084779e-7  ‖vε - vref‖ = 1.432290551297946  α = 0.000369
 244   -27.13964307228      -13.67       -5.85    3.78s
    ‖ρε - ρref‖ = 2.156356748367687e-5 ‖Δρ‖ = 2.663531092081584e-7  ‖vε - vref‖ = 1.4322906740515073  α = 0.00198
 245   -27.13964307228      -13.97       -5.72    4.10s
    ‖ρε - ρref‖ = 2.1590288440652556e-5 ‖Δρ‖ = 4.1832766205782027e-7  ‖vε - vref‖ = 1.4322909298080622  α = 0.00116
 246   -27.13964307228      -13.19       -5.60    3.65s
    ‖ρε - ρref‖ = 2.1607013566704114e-5 ‖Δρ‖ = 5.01285419178463e-7  ‖vε - vref‖ = 1.4322913450065728  α = 0.00116
 247   -27.13964307228   +  -14.15       -5.61    3.75s
    ‖ρε - ρref‖ = 2.1654636231232472e-5 ‖Δρ‖ = 6.61882287747329e-7  ‖vε - vref‖ = 1.4322914740933554  α = 0.000477
 248   -27.13964307228      -13.55       -5.73    3.77s
    ‖ρε - ρref‖ = 2.1617625529051855e-5 ‖Δρ‖ = 3.782371415615121e-7  ‖vε - vref‖ = 1.4322917797827914  α = 0.00137
 249   -27.13964307228      -14.15       -5.00    4.02s
    ‖ρε - ρref‖ = 1.947134844836825e-5 ‖Δρ‖ = 3.745046285886553e-6  ‖vε - vref‖ = 1.4322917858322386  α = 4.45e-5
 250   -27.13964307228      -13.97       -5.87    3.73s
    ‖ρε - ρref‖ = 2.159123860483988e-5 ‖Δρ‖ = 3.3017698101544185e-7  ‖vε - vref‖ = 1.4322919894514372  α = 0.0011
 251   -27.13964307228      -14.45       -5.21    4.01s
    ‖ρε - ρref‖ = 2.3079671534185248e-5 ‖Δρ‖ = 2.5034930286701805e-6  ‖vε - vref‖ = 1.4322920485322508  α = 5.36e-5
 252   -27.13964307228      -13.75       -5.87    4.07s
    ‖ρε - ρref‖ = 2.1577231095377576e-5 ‖Δρ‖ = 3.0014614446097326e-7  ‖vε - vref‖ = 1.432292183108104  α = 0.00107
 253   -27.13964307228      -13.67       -5.63    3.91s
    ‖ρε - ρref‖ = 2.157442841093035e-5 ‖Δρ‖ = 4.058592051973638e-7  ‖vε - vref‖ = 1.4322924572028206  α = 0.00128
 254   -27.13964307228      -13.75       -5.82    4.16s
    ‖ρε - ρref‖ = 2.152807790658696e-5 ‖Δρ‖ = 3.1147458583451786e-7  ‖vε - vref‖ = 1.4322924872539236  α = 0.00134
 255   -27.13964307228      -13.85       -5.80    4.22s
    ‖ρε - ρref‖ = 2.1552445404081676e-5 ‖Δρ‖ = 3.5652333963973837e-7  ‖vε - vref‖ = 1.4322926325062926  α = 0.00106
 256   -27.13964307228      -13.37       -5.35    4.39s
    ‖ρε - ρref‖ = 2.1722815397343494e-5 ‖Δρ‖ = 8.105798072922643e-7  ‖vε - vref‖ = 1.4322930870967714  α = 0.000621
 257   -27.13964307228      -13.60       -6.02    3.72s
    ‖ρε - ρref‖ = 2.156838728177699e-5 ‖Δρ‖ = 2.0427089495064101e-7  ‖vε - vref‖ = 1.4322932834048714  α = 0.00202
 258   -27.13964307228   +  -13.85       -5.83    10.0s
    ‖ρε - ρref‖ = 2.1555481396610383e-5 ‖Δρ‖ = 3.399186973478543e-7  ‖vε - vref‖ = 1.4322932834048612  α = 0.0
 259   -27.13964307228      -13.85       -5.82    3.48s
    ‖ρε - ρref‖ = 2.156941286898046e-5 ‖Δρ‖ = 4.4324146843054115e-7  ‖vε - vref‖ = 1.43229327628315  α = 0.000594
 260   -27.13964307228   +  -14.45       -5.88    3.48s
    ‖ρε - ρref‖ = 2.1631948068690526e-5 ‖Δρ‖ = 3.1648746551138244e-7  ‖vε - vref‖ = 1.4322932892451499  α = 0.000675
 261   -27.13964307228   +    -Inf       -5.36    3.51s
    ‖ρε - ρref‖ = 2.1066870356578476e-5 ‖Δρ‖ = 1.483234868369194e-6  ‖vε - vref‖ = 1.4322932797700618  α = 6.89e-5
 262   -27.13964307228      -13.85       -5.58    3.56s
    ‖ρε - ρref‖ = 2.1649287116640995e-5 ‖Δρ‖ = 5.567631965348798e-7  ‖vε - vref‖ = 1.4322932996434286  α = 0.00044
 263   -27.13964307228   +  -14.15       -5.66    3.59s
    ‖ρε - ρref‖ = 2.1138325239038216e-5 ‖Δρ‖ = 7.157512100041656e-7  ‖vε - vref‖ = 1.43229327820286  α = 0.000162
 264   -27.13964307228      -13.67       -5.31    3.59s
    ‖ρε - ρref‖ = 2.1862573449470138e-5 ‖Δρ‖ = 9.735083425685932e-7  ‖vε - vref‖ = 1.4322932910136654  α = 0.000251
 265   -27.13964307228      -13.97       -5.92    3.60s
    ‖ρε - ρref‖ = 2.1608431763809866e-5 ‖Δρ‖ = 2.503746248694106e-7  ‖vε - vref‖ = 1.4322933069466766  α = 0.000825
 266   -27.13964307228   +  -13.67       -5.62    3.56s
    ‖ρε - ρref‖ = 2.1551657758202794e-5 ‖Δρ‖ = 4.443944733054781e-7  ‖vε - vref‖ = 1.4322932677900706  α = 0.000554
 267   -27.13964307228      -13.75       -6.05    3.70s
    ‖ρε - ρref‖ = 2.1579400109956066e-5 ‖Δρ‖ = 1.6545145059087484e-7  ‖vε - vref‖ = 1.432293184387518  α = 0.00149
 268   -27.13964307228   +    -Inf       -5.83    3.52s
    ‖ρε - ρref‖ = 2.1567999278900738e-5 ‖Δρ‖ = 3.3618842661549295e-7  ‖vε - vref‖ = 1.4322931316410648  α = 0.000552
 269   -27.13964307228      -13.75       -6.22    3.67s
    ‖ρε - ρref‖ = 2.1580205735368466e-5 ‖Δρ‖ = 1.1229484840009027e-7  ‖vε - vref‖ = 1.4322930284580295  α = 0.00224
 270   -27.13964307228   +  -13.67       -6.00    3.67s
    ‖ρε - ρref‖ = 2.1547338021242787e-5 ‖Δρ‖ = 1.8065762947111245e-7  ‖vε - vref‖ = 1.432292759564522  α = 0.00154
 271   -27.13964307228      -13.67       -6.28    3.71s
    ‖ρε - ρref‖ = 2.1580767789539354e-5 ‖Δρ‖ = 8.766077071037883e-8  ‖vε - vref‖ = 1.4322925713611423  α = 0.00364
 272   -27.13964307228   +    -Inf       -6.16    3.60s
    ‖ρε - ρref‖ = 2.1586037285877324e-5 ‖Δρ‖ = 1.228202725980703e-7  ‖vε - vref‖ = 1.4322925101321644  α = 0.00222
 273   -27.13964307228      -13.60       -6.30    3.59s
    ‖ρε - ρref‖ = 2.1586531666091032e-5 ‖Δρ‖ = 9.229756035276003e-8  ‖vε - vref‖ = 1.4322924727725823  α = 0.003
 274   -27.13964307228   +  -13.85       -5.49    3.60s
    ‖ρε - ρref‖ = 2.1069104763075938e-5 ‖Δρ‖ = 1.2720367369562495e-6  ‖vε - vref‖ = 1.432292462327246  α = 5.15e-5
 275   -27.13964307228      -13.75       -6.11    3.61s
    ‖ρε - ρref‖ = 2.1622445373449567e-5 ‖Δρ‖ = 1.4810930724754998e-7  ‖vε - vref‖ = 1.4322924778395876  α = 0.00197
 276   -27.13964307228      -13.97       -5.40    3.62s
    ‖ρε - ρref‖ = 2.0618501608952564e-5 ‖Δρ‖ = 1.5801972899672482e-6  ‖vε - vref‖ = 1.4322924577911478  α = 5.2e-5
 277   -27.13964307228      -14.15       -6.09    3.57s
    ‖ρε - ρref‖ = 2.156475086475286e-5 ‖Δρ‖ = 1.9504566439205408e-7  ‖vε - vref‖ = 1.432292358027847  α = 0.000962
 278   -27.13964307228   +  -13.85       -5.84    3.59s
    ‖ρε - ρref‖ = 2.1500900283156493e-5 ‖Δρ‖ = 3.5906140487248846e-7  ‖vε - vref‖ = 1.4322922535618017  α = 0.000489
 279   -27.13964307228      -13.67       -6.17    3.63s
    ‖ρε - ρref‖ = 2.1573918546578583e-5 ‖Δρ‖ = 1.1921679227680938e-7  ‖vε - vref‖ = 1.432292075587964  α = 0.00231
 280   -27.13964307228   +  -14.15       -5.65    3.69s
    ‖ρε - ρref‖ = 2.1673436237057905e-5 ‖Δρ‖ = 5.502594851131714e-7  ‖vε - vref‖ = 1.4322920441030649  α = 0.000304
 281   -27.13964307228      -13.50       -6.30    3.71s
    ‖ρε - ρref‖ = 2.1575399738414708e-5 ‖Δρ‖ = 9.467262799058318e-8  ‖vε - vref‖ = 1.432291954897904  α = 0.00264
 282   -27.13964307228   +  -13.75       -5.90    3.62s
    ‖ρε - ρref‖ = 2.159013534702343e-5 ‖Δρ‖ = 3.0188735278133076e-7  ‖vε - vref‖ = 1.4322919017276614  α = 0.000636
 283   -27.13964307228   +    -Inf       -6.26    3.58s
    ‖ρε - ρref‖ = 2.1575654190464213e-5 ‖Δρ‖ = 1.1840653938055286e-7  ‖vε - vref‖ = 1.4322918500089332  α = 0.00187
 284   -27.13964307228      -13.85       -5.79    3.70s
    ‖ρε - ρref‖ = 2.1585084331724923e-5 ‖Δρ‖ = 3.432085344701267e-7  ‖vε - vref‖ = 1.432291806435827  α = 0.000661
 285   -27.13964307228      -14.15       -6.40    3.66s
    ‖ρε - ρref‖ = 2.1580825238094423e-5 ‖Δρ‖ = 6.5387861947766e-8  ‖vε - vref‖ = 1.4322917149336993  α = 0.00466
 286   -27.13964307228      -13.55       -6.52    4.10s
    ‖ρε - ρref‖ = 2.1576688579233388e-5 ‖Δρ‖ = 5.624614270926459e-8  ‖vε - vref‖ = 1.4322915030621783  α = 0.00529
 287   -27.13964307228   +  -13.85       -5.36    3.80s
    ‖ρε - ρref‖ = 2.0807457220871176e-5 ‖Δρ‖ = 1.6983858184746266e-6  ‖vε - vref‖ = 1.4322914785987502  α = 4.39e-5
 288   -27.13964307228   +  -13.75       -6.12    3.67s
    ‖ρε - ρref‖ = 2.16048083868397e-5 ‖Δρ‖ = 1.6263697861819056e-7  ‖vε - vref‖ = 1.4322914726229008  α = 0.00113
 289   -27.13964307228      -13.55       -5.73    3.68s
    ‖ρε - ρref‖ = 2.107944923613844e-5 ‖Δρ‖ = 7.684502554015697e-7  ‖vε - vref‖ = 1.4322914609940611  α = 7.49e-5
 290   -27.13964307228   +  -14.45       -5.97    4.29s
    ‖ρε - ρref‖ = 2.1593189254646075e-5 ‖Δρ‖ = 1.770754293982597e-7  ‖vε - vref‖ = 1.4322914839455343  α = 0.00157
 291   -27.13964307228      -13.97       -6.45    3.84s
    ‖ρε - ρref‖ = 2.1586653534937535e-5 ‖Δρ‖ = 7.228858204280032e-8  ‖vε - vref‖ = 1.4322916758102329  α = 0.00325
 292   -27.13964307228      -14.45       -5.89    3.57s
    ‖ρε - ρref‖ = 2.1592137425985897e-5 ‖Δρ‖ = 2.8990038499035197e-7  ‖vε - vref‖ = 1.4322917845186371  α = 0.000748
 293   -27.13964307228      -13.85       -5.71    3.71s
    ‖ρε - ρref‖ = 2.1558255388786043e-5 ‖Δρ‖ = 4.2165188710045687e-7  ‖vε - vref‖ = 1.4322918728776686  α = 0.000533
 294   -27.13964307228   +  -13.67       -6.26    3.66s
    ‖ρε - ρref‖ = 2.1556349383201683e-5 ‖Δρ‖ = 1.3270938097908208e-7  ‖vε - vref‖ = 1.432291877184327  α = 0.00111
 295   -27.13964307228      -13.55       -5.79    3.57s
    ‖ρε - ρref‖ = 2.1595146848363326e-5 ‖Δρ‖ = 2.9250511561571733e-7  ‖vε - vref‖ = 1.4322919484923309  α = 0.000864
 296   -27.13964307228   +  -13.97       -6.58    3.78s
    ‖ρε - ρref‖ = 2.1574387009320496e-5 ‖Δρ‖ = 4.273878610519053e-8  ‖vε - vref‖ = 1.432291999322596  α = 0.00616
 297   -27.13964307228      -13.97       -5.95    4.13s
    ‖ρε - ρref‖ = 2.158364406968446e-5 ‖Δρ‖ = 2.751676765039875e-7  ‖vε - vref‖ = 1.4322920165403985  α = 0.000513
 298   -27.13964307228   +    -Inf       -6.25    4.12s
    ‖ρε - ρref‖ = 2.1578886779055805e-5 ‖Δρ‖ = 1.1775440200014538e-7  ‖vε - vref‖ = 1.432292070057989  α = 0.00161
 299   -27.13964307228      -14.45       -6.19    3.64s
    ‖ρε - ρref‖ = 2.1595333582502417e-5 ‖Δρ‖ = 1.628493527646018e-7  ‖vε - vref‖ = 1.4322921273882372  α = 0.000886
 300   -27.13964307228      -14.15       -5.72    3.63s
    ‖ρε - ρref‖ = 2.1241501703508895e-5 ‖Δρ‖ = 7.511496315460957e-7  ‖vε - vref‖ = 1.4322921302800184  α = 7.47e-5
Trying again with Newton's method ...
n     Energy            log10(ΔE)   log10(Δρ)   Δtime 
---   ---------------   ---------   ---------   ------
  1   -27.13964307228                   -8.56     326s
    ‖ρε - ρref‖ = 2.157734359563557e-5 ‖Δρ‖ = 3.448715278770723e-10  ‖vε - vref‖ = 1.4322922379647616
  2   -27.13964307228      -13.85       -8.87     329s
    ‖ρε - ρref‖ = 2.157736866617921e-5 ‖Δρ‖ = 1.6978803677382588e-10  ‖vε - vref‖ = 1.432292851366097
    Stopping to avoid numerical instabilities.

#-- ‖ρε - ρref‖ = 2.157736866617921e-5 vs. 5.623413251903491e-8 = δ*ε ‖vε - vref‖ = 1.432292851366097


# --- ε=3.162277660168379e-6

n     Energy            log10(ΔE)   log10(Δρ)   Δtime 
---   ---------------   ---------   ---------   ------
  1   -27.13960938094                   -0.11    7.36s
    ‖ρε - ρref‖ = 0.3955007871711249 ‖Δρ‖ = 0.3954909057549338  ‖vε - vref‖ = 2.391539965366663  α = 2.17e-5
  2   -27.13961076377       -5.86       -1.05    3.61s
    ‖ρε - ρref‖ = 0.03469212111031136 ‖Δρ‖ = 0.03468972504839351  ‖vε - vref‖ = 2.141937614059004  α = 7.17e-5
  3   -27.13961213757       -5.86       -0.90    3.90s
    ‖ρε - ρref‖ = 0.05154201462325866 ‖Δρ‖ = 0.05153823142445991  ‖vε - vref‖ = 1.8211269463334616  α = 5.16e-5
  4   -27.13961323099       -5.96       -1.44    3.92s
    ‖ρε - ρref‖ = 0.009097565898194366 ‖Δρ‖ = 0.009094780284020774  ‖vε - vref‖ = 1.598381360470326  α = 0.000268
  5   -27.13961357230       -6.47       -1.94    4.26s
    ‖ρε - ρref‖ = 0.003063536925659957 ‖Δρ‖ = 0.0030609721998087172  ‖vε - vref‖ = 1.5344346530225261  α = 0.000429
  6   -27.13961404142       -6.33       -1.63    3.79s
    ‖ρε - ρref‖ = 0.004850970823260698 ‖Δρ‖ = 0.004848398882196689  ‖vε - vref‖ = 1.4278394785978517  α = 0.00033
  7   -27.13961419667       -6.81       -2.05    3.74s
    ‖ρε - ρref‖ = 0.002053564684062803 ‖Δρ‖ = 0.002052617226789886  ‖vε - vref‖ = 1.3902414435184391  α = 0.000444
  8   -27.13961424089       -7.35       -2.25    3.75s
    ‖ρε - ρref‖ = 0.0014392160233191965 ‖Δρ‖ = 0.0014388368845159516  ‖vε - vref‖ = 1.3808896142747937  α = 0.000346
  9   -27.13961430578       -7.19       -2.41    4.89s
    ‖ρε - ρref‖ = 0.0008608947918872795 ‖Δρ‖ = 0.0008599103812366018  ‖vε - vref‖ = 1.3670990473617426  α = 0.000694
 10   -27.13961433669       -7.51       -2.39    4.42s
    ‖ρε - ρref‖ = 0.0009925452473045575 ‖Δρ‖ = 0.00099203109777189  ‖vε - vref‖ = 1.3613247248735763  α = 0.00042
 11   -27.13961438856       -7.29       -2.59    3.87s
    ‖ρε - ρref‖ = 0.0005387902330451805 ‖Δρ‖ = 0.0005372730547652123  ‖vε - vref‖ = 1.3523254989206261  α = 0.000976
 12   -27.13961439185       -8.48       -2.18    3.97s
    ‖ρε - ρref‖ = 0.0031654600650733093 ‖Δρ‖ = 0.003175267739105709  ‖vε - vref‖ = 1.3516261965762515  α = 3.72e-5
 13   -27.13961441612       -7.61       -2.37    3.89s
    ‖ρε - ρref‖ = 0.0009957350273927777 ‖Δρ‖ = 0.0009942437940229788  ‖vε - vref‖ = 1.3474990632926203  α = 0.000373
 14   -27.13961441874       -8.58       -2.09    4.33s
    ‖ρε - ρref‖ = 0.003900861680316257 ‖Δρ‖ = 0.0039006642336378533  ‖vε - vref‖ = 1.3468415466311898  α = 2.57e-5
 15   -27.13961443949       -7.68       -2.77    3.73s
    ‖ρε - ρref‖ = 0.00033720233548411796 ‖Δρ‖ = 0.00033613553642346066  ‖vε - vref‖ = 1.344357946839348  α = 0.00103
 16   -27.13961444673       -8.14       -2.73    3.85s
    ‖ρε - ρref‖ = 0.00046424872842590337 ‖Δρ‖ = 0.00046242338313674493  ‖vε - vref‖ = 1.3440596143812533  α = 0.000431
 17   -27.13961445645       -8.01       -2.54    3.94s
    ‖ρε - ρref‖ = 0.0006992130456771675 ‖Δρ‖ = 0.0006995665027125564  ‖vε - vref‖ = 1.3432070391000794  α = 0.000321
 18   -27.13961446645       -8.00       -2.99    3.77s
    ‖ρε - ρref‖ = 0.00022687571343577871 ‖Δρ‖ = 0.00022637870044034194  ‖vε - vref‖ = 1.3433305077857527  α = 0.00101
 19   -27.13961447497       -8.07       -2.43    3.93s
    ‖ρε - ρref‖ = 0.0008786345963974722 ‖Δρ‖ = 0.000877777443511292  ‖vε - vref‖ = 1.343185702060339  α = 0.00024
 20   -27.13961448278       -8.11       -2.96    4.62s
    ‖ρε - ρref‖ = 0.00021868536167331484 ‖Δρ‖ = 0.0002189778328692349  ‖vε - vref‖ = 1.3435096292512554  α = 0.000918
 21   -27.13961449226       -8.02       -2.78    4.23s
    ‖ρε - ρref‖ = 0.0002997055865183191 ‖Δρ‖ = 0.0002986228587038122  ‖vε - vref‖ = 1.3440243698755505  α = 0.000781
 22   -27.13961449554       -8.48       -2.79    4.49s
    ‖ρε - ρref‖ = 0.0004103954291477933 ‖Δρ‖ = 0.00040976956621918784  ‖vε - vref‖ = 1.3443061361119844  α = 0.000331
 23   -27.13961450112       -8.25       -3.06    4.01s
    ‖ρε - ρref‖ = 0.00017245295021492768 ‖Δρ‖ = 0.0001721975473676301  ‖vε - vref‖ = 1.3450698530130345  α = 0.00103
 24   -27.13961450702       -8.23       -2.61    4.03s
    ‖ρε - ρref‖ = 0.0004687263158399988 ‖Δρ‖ = 0.00046662855347222613  ‖vε - vref‖ = 1.3458976972235681  α = 0.000386
 25   -27.13961450755       -9.27       -2.30    3.84s
    ‖ρε - ρref‖ = 0.001933398095458802 ‖Δρ‖ = 0.0019425138164007381  ‖vε - vref‖ = 1.3459315925859618  α = 2.51e-5
 26   -27.13961450852       -9.02       -3.16    3.77s
    ‖ρε - ρref‖ = 0.00020330811595764182 ‖Δρ‖ = 0.00020215260566727971  ‖vε - vref‖ = 1.3462346235619336  α = 0.000323
 27   -27.13961451000       -8.83       -2.24    3.99s
    ‖ρε - ρref‖ = 0.0015050819182036831 ‖Δρ‖ = 0.001501501790117441  ‖vε - vref‖ = 1.3464833973211863  α = 5.64e-5
 28   -27.13961451345       -8.46       -3.30    3.92s
    ‖ρε - ρref‖ = 9.14350922817887e-5 ‖Δρ‖ = 9.105523618317886e-5  ‖vε - vref‖ = 1.347565932865197  α = 0.00154
 29   -27.13961451566       -8.66       -3.09    4.13s
    ‖ρε - ρref‖ = 0.00017601442654773268 ‖Δρ‖ = 0.00017696130742071335  ‖vε - vref‖ = 1.3483986421307999  α = 0.00062
 30   -27.13961451823       -8.59       -2.69    4.24s
    ‖ρε - ρref‖ = 0.00042187012445636543 ‖Δρ‖ = 0.00042055951795655686  ‖vε - vref‖ = 1.349349160189718  α = 0.000279
 31   -27.13961452053       -8.64       -3.18    3.66s
    ‖ρε - ρref‖ = 0.00014741094906235345 ‖Δρ‖ = 0.00014525789339148707  ‖vε - vref‖ = 1.350370089749092  α = 0.000714
 32   -27.13961452165       -8.95       -2.90    3.88s
    ‖ρε - ρref‖ = 0.0003126093729688446 ‖Δρ‖ = 0.0003123435255143473  ‖vε - vref‖ = 1.3508424664927177  α = 0.000245
 33   -27.13961452423       -8.59       -3.11    4.27s
    ‖ρε - ρref‖ = 0.00014253174513386257 ‖Δρ‖ = 0.00014271376502506645  ‖vε - vref‖ = 1.3521221507794157  α = 0.000843
 34   -27.13961452558       -8.87       -3.27    4.42s
    ‖ρε - ρref‖ = 9.603040701994113e-5 ‖Δρ‖ = 9.535189354694401e-5  ‖vε - vref‖ = 1.3529040722999295  α = 0.000933
 35   -27.13961452666       -8.97       -3.21    3.90s
    ‖ρε - ρref‖ = 0.00013622654401384518 ‖Δρ‖ = 0.00013477422686693352  ‖vε - vref‖ = 1.3536124540946763  α = 0.00058
 36   -27.13961452827       -8.80       -3.12    3.78s
    ‖ρε - ρref‖ = 0.00015400463845419615 ‖Δρ‖ = 0.00015368035815027604  ‖vε - vref‖ = 1.3546969775156172  α = 0.000614
 37   -27.13961452848       -9.67       -2.93    3.85s
    ‖ρε - ρref‖ = 0.00043843245885709885 ‖Δρ‖ = 0.0004299369366245434  ‖vε - vref‖ = 1.354874220981342  α = 7.39e-5
 38   -27.13961452916       -9.17       -2.68    4.45s
    ‖ρε - ρref‖ = 0.0005178674699457782 ‖Δρ‖ = 0.0005208012494808444  ‖vε - vref‖ = 1.3553538311282545  α = 0.000109
 39   -27.13961452930       -9.87       -3.08    3.78s
    ‖ρε - ρref‖ = 0.00032666103732240223 ‖Δρ‖ = 0.00033019669341358365  ‖vε - vref‖ = 1.355466648241258  α = 6.95e-5
 40   -27.13961453027       -9.01       -2.86    3.65s
    ‖ρε - ρref‖ = 0.00029061880131712634 ‖Δρ‖ = 0.00029076646146357094  ‖vε - vref‖ = 1.356252852571459  α = 0.00025
 41   -27.13961453113       -9.06       -3.35    3.90s
    ‖ρε - ρref‖ = 9.753806647594198e-5 ‖Δρ‖ = 9.504358255439552e-5  ‖vε - vref‖ = 1.3570415976021468  α = 0.000697
 42   -27.13961453155       -9.38       -3.46    4.70s
    ‖ρε - ρref‖ = 8.25981249016535e-5 ‖Δρ‖ = 8.236168002652537e-5  ‖vε - vref‖ = 1.3574635155083332  α = 0.000568
 43   -27.13961453311       -8.81       -3.04    4.58s
    ‖ρε - ρref‖ = 0.0001529456745384461 ‖Δρ‖ = 0.00015104951362282813  ‖vε - vref‖ = 1.359081294657486  α = 0.000615
 44   -27.13961453347       -9.44       -3.44    3.85s
    ‖ρε - ρref‖ = 9.135455237195928e-5 ‖Δρ‖ = 9.07710366532911e-5  ‖vε - vref‖ = 1.359477757138077  α = 0.000479
 45   -27.13961453421       -9.14       -3.13    3.89s
    ‖ρε - ρref‖ = 0.00014195558035480518 ‖Δρ‖ = 0.0001432008824021061  ‖vε - vref‖ = 1.360270600063211  α = 0.000437
 46   -27.13961453494       -9.14       -3.49    3.90s
    ‖ρε - ρref‖ = 6.257165215861478e-5 ‖Δρ‖ = 5.9853560630329986e-5  ‖vε - vref‖ = 1.3611333697171129  α = 0.00103
 47   -27.13961453559       -9.18       -3.45    3.96s
    ‖ρε - ρref‖ = 6.12505395276285e-5 ‖Δρ‖ = 6.004031460379354e-5  ‖vε - vref‖ = 1.361929593305393  α = 0.001
 48   -27.13961453577       -9.75       -3.33    3.63s
    ‖ρε - ρref‖ = 0.00011606567157458347 ‖Δρ‖ = 0.00011080582214519656  ‖vε - vref‖ = 1.3621630832414615  α = 0.000278
 49   -27.13961453589       -9.93       -2.65    3.78s
    ‖ρε - ρref‖ = 0.0006317321827167616 ‖Δρ‖ = 0.0006389868728152953  ‖vε - vref‖ = 1.3623012328134234  α = 3.71e-5
 50   -27.13961453607       -9.73       -3.32    3.88s
    ‖ρε - ρref‖ = 0.00011539220105036796 ‖Δρ‖ = 0.00011715459551719274  ‖vε - vref‖ = 1.3625574006163221  α = 0.000258
 51   -27.13961453621       -9.88       -2.65    4.10s
    ‖ρε - ρref‖ = 0.0006037262706202766 ‖Δρ‖ = 0.0006013626669334486  ‖vε - vref‖ = 1.3627247105381928  α = 3.99e-5
 52   -27.13961453662       -9.38       -3.54    4.09s
    ‖ρε - ρref‖ = 5.235348470941634e-5 ‖Δρ‖ = 4.939784216458643e-5  ‖vε - vref‖ = 1.3633213975542497  α = 0.000975
 53   -27.13961453679       -9.76       -3.52    4.78s
    ‖ρε - ρref‖ = 6.978508184603332e-5 ‖Δρ‖ = 6.952557204230004e-5  ‖vε - vref‖ = 1.363574793564219  α = 0.00045
 54   -27.13961453698       -9.73       -3.55    3.94s
    ‖ρε - ρref‖ = 5.925998275546177e-5 ‖Δρ‖ = 5.805672689029273e-5  ‖vε - vref‖ = 1.3638570838530992  α = 0.000557
 55   -27.13961453720       -9.66       -3.29    4.88s
    ‖ρε - ρref‖ = 0.00010523999547655934 ‖Δρ‖ = 0.0001060852299504307  ‖vε - vref‖ = 1.3641978699517945  α = 0.000315
 56   -27.13961453756       -9.44       -3.48    3.93s
    ‖ρε - ρref‖ = 6.20703246571315e-5 ‖Δρ‖ = 5.962976013525325e-5  ‖vε - vref‖ = 1.3647876146851412  α = 0.000712
 57   -27.13961453769       -9.90       -3.53    4.20s
    ‖ρε - ρref‖ = 7.655796150932383e-5 ‖Δρ‖ = 7.41766715085656e-5  ‖vε - vref‖ = 1.364996159611002  α = 0.000339
 58   -27.13961453798       -9.53       -3.44    4.23s
    ‖ρε - ρref‖ = 6.73625491272972e-5 ‖Δρ‖ = 6.61872697360825e-5  ‖vε - vref‖ = 1.365463823898633  α = 0.000579
 59   -27.13961453826       -9.56       -3.56    4.18s
    ‖ρε - ρref‖ = 5.0965871617778655e-5 ‖Δρ‖ = 4.938419665333279e-5  ‖vε - vref‖ = 1.3659087974498731  α = 0.000798
 60   -27.13961453841       -9.82       -3.91    4.02s
    ‖ρε - ρref‖ = 2.0049418098481598e-5 ‖Δρ‖ = 2.4439466227771258e-5  ‖vε - vref‖ = 1.3661669776239378  α = 0.00113
 61   -27.13961453859       -9.74       -2.41    4.42s
    ‖ρε - ρref‖ = 0.0006886146388426927 ‖Δρ‖ = 0.0006836972492045214  ‖vε - vref‖ = 1.3664642631592536  α = 4.44e-5
 62   -27.13961453861      -10.69       -3.56    4.35s
    ‖ρε - ρref‖ = 0.00010289400978798223 ‖Δρ‖ = 9.816596988592809e-5  ‖vε - vref‖ = 1.3665028788412377  α = 9.12e-5
 63   -27.13961453878       -9.76       -3.16    4.49s
    ‖ρε - ρref‖ = 0.00011743186430815923 ‖Δρ‖ = 0.00011663724087109407  ‖vε - vref‖ = 1.3668008231182298  α = 0.000262
 64   -27.13961453887      -10.06       -3.47    4.62s
    ‖ρε - ρref‖ = 7.009403253635046e-5 ‖Δρ‖ = 6.839662854799687e-5  ‖vε - vref‖ = 1.366951415829406  α = 0.000323
 65   -27.13961453896      -10.05       -3.78    4.23s
    ‖ρε - ρref‖ = 3.7003204518139184e-5 ‖Δρ‖ = 3.5902179418977264e-5  ‖vε - vref‖ = 1.367106413156632  α = 0.000613
 66   -27.13961453908       -9.92       -3.82    3.76s
    ‖ρε - ρref‖ = 2.957829410788295e-5 ‖Δρ‖ = 2.7589924395229514e-5  ‖vε - vref‖ = 1.3673238880811618  α = 0.000948
 67   -27.13961453916      -10.13       -3.61    4.73s
    ‖ρε - ρref‖ = 5.4484134764852044e-5 ‖Δρ‖ = 5.230998367494088e-5  ‖vε - vref‖ = 1.3674650631283387  α = 0.000365
 68   -27.13961453922      -10.22       -3.57    3.95s
    ‖ρε - ρref‖ = 5.909648433147571e-5 ‖Δρ‖ = 5.8554631304269856e-5  ‖vε - vref‖ = 1.3675733577146525  α = 0.000307
 69   -27.13961453933       -9.94       -3.69    3.78s
    ‖ρε - ρref‖ = 4.260610098098585e-5 ‖Δρ‖ = 4.003889207686315e-5  ‖vε - vref‖ = 1.3677869268361922  α = 0.000607
 70   -27.13961453945       -9.92       -3.80    3.86s
    ‖ρε - ρref‖ = 3.0370123504417206e-5 ‖Δρ‖ = 2.7725869559810482e-5  ‖vε - vref‖ = 1.368015359023946  α = 0.000923
 71   -27.13961453949      -10.40       -3.61    4.10s
    ‖ρε - ρref‖ = 6.295593873111641e-5 ‖Δρ‖ = 6.295515929871952e-5  ‖vε - vref‖ = 1.368080471764597  α = 0.000222
 72   -27.13961453956      -10.16       -3.84    3.77s
    ‖ρε - ρref‖ = 2.6238205012534196e-5 ‖Δρ‖ = 2.7656435015645472e-5  ‖vε - vref‖ = 1.368198698286518  α = 0.000685
 73   -27.13961453959      -10.56       -2.85    4.17s
    ‖ρε - ρref‖ = 0.0003960539169089424 ‖Δρ‖ = 0.00038858881195246245  ‖vε - vref‖ = 1.3682458422608323  α = 2.98e-5
 74   -27.13961453963      -10.41       -3.79    3.66s
    ‖ρε - ρref‖ = 4.40025185489086e-5 ‖Δρ‖ = 3.8707040240953955e-5  ‖vε - vref‖ = 1.3683180619205506  α = 0.000338
 75   -27.13961453968      -10.28       -2.87    3.85s
    ‖ρε - ρref‖ = 0.0002939400639535193 ‖Δρ‖ = 0.00029566924261389716  ‖vε - vref‖ = 1.3684042210287495  α = 5.34e-5
 76   -27.13961453977      -10.05       -4.17    3.76s
    ‖ρε - ρref‖ = 1.5673498992243762e-5 ‖Δρ‖ = 1.2160120809952422e-5  ‖vε - vref‖ = 1.3685453492270008  α = 0.00182
 77   -27.13961453983      -10.22       -3.71    3.92s
    ‖ρε - ρref‖ = 3.873323040839991e-5 ‖Δρ‖ = 3.6164423724287335e-5  ‖vε - vref‖ = 1.3686472824108302  α = 0.000509
 78   -27.13961453987      -10.33       -3.67    4.39s
    ‖ρε - ρref‖ = 4.840607320858553e-5 ‖Δρ‖ = 4.479330505070091e-5  ‖vε - vref‖ = 1.3687299469556686  α = 0.000361
 79   -27.13961453993      -10.23       -4.18    3.82s
    ‖ρε - ρref‖ = 1.7736502169045036e-5 ‖Δρ‖ = 1.2101936326527283e-5  ‖vε - vref‖ = 1.368829899600393  α = 0.00148
 80   -27.13961453997      -10.49       -3.61    3.77s
    ‖ρε - ρref‖ = 5.645907852019691e-5 ‖Δρ‖ = 5.616146563201601e-5  ‖vε - vref‖ = 1.3688812156984114  α = 0.00023
 81   -27.13961454000      -10.50       -3.89    3.85s
    ‖ρε - ρref‖ = 3.347752913365968e-5 ‖Δρ‖ = 3.0820331645254085e-5  ‖vε - vref‖ = 1.3689306327323758  α = 0.000418
 82   -27.13961454006      -10.23       -3.90    4.27s
    ‖ρε - ρref‖ = 2.5878784244980048e-5 ‖Δρ‖ = 2.3526790853748525e-5  ‖vε - vref‖ = 1.3690200243250854  α = 0.000754
 83   -27.13961454008      -10.55       -4.08    3.82s
    ‖ρε - ρref‖ = 2.3031799244060593e-5 ‖Δρ‖ = 1.9868591903666265e-5  ‖vε - vref‖ = 1.3690586335711357  α = 0.000613
 84   -27.13961454010      -10.83       -3.76    3.79s
    ‖ρε - ρref‖ = 4.536596971863371e-5 ‖Δρ‖ = 4.929655012728088e-5  ‖vε - vref‖ = 1.3690789629925506  α = 0.000168
 85   -27.13961454011      -10.85       -3.20    3.92s
    ‖ρε - ρref‖ = 0.00019590054366698339 ‖Δρ‖ = 0.00018913140310313644  ‖vε - vref‖ = 1.369099304703872  α = 4.35e-5
 86   -27.13961454013      -10.69       -3.84    3.80s
    ‖ρε - ρref‖ = 4.042894438464482e-5 ‖Δρ‖ = 3.5618500226915415e-5  ‖vε - vref‖ = 1.3691294632207915  α = 0.000279
 87   -27.13961454016      -10.65       -3.06    3.87s
    ‖ρε - ρref‖ = 0.00019536793180445396 ‖Δρ‖ = 0.00019854543228836293  ‖vε - vref‖ = 1.36915568910814  α = 4.84e-5
 88   -27.13961454019      -10.45       -4.29    4.39s
    ‖ρε - ρref‖ = 1.4776773801667516e-5 ‖Δρ‖ = 9.534061368390416e-6  ‖vε - vref‖ = 1.3691967841687112  α = 0.00148
 89   -27.13961454024      -10.30       -4.15    4.03s
    ‖ρε - ρref‖ = 1.7934863323609482e-5 ‖Δρ‖ = 1.1833764273585442e-5  ‖vε - vref‖ = 1.3692579370567792  α = 0.00141
 90   -27.13961454025      -10.88       -4.04    3.84s
    ‖ρε - ρref‖ = 2.4653633177500566e-5 ‖Δρ‖ = 2.1806116797691853e-5  ‖vε - vref‖ = 1.3692707620117872  α = 0.000387
 91   -27.13961454028      -10.68       -4.09    4.02s
    ‖ρε - ρref‖ = 1.9804706400646428e-5 ‖Δρ‖ = 1.709028110557581e-5  ‖vε - vref‖ = 1.369289554831745  α = 0.000627
 92   -27.13961454030      -10.53       -4.09    3.85s
    ‖ρε - ρref‖ = 1.9521068747824045e-5 ‖Δρ‖ = 1.5427243687834173e-5  ‖vε - vref‖ = 1.3693187287972135  α = 0.000822
 93   -27.13961454032      -10.92       -3.77    3.75s
    ‖ρε - ρref‖ = 4.535770399981418e-5 ‖Δρ‖ = 4.19875495938834e-5  ‖vε - vref‖ = 1.3693312774622346  α = 0.000185
 94   -27.13961454033      -10.78       -4.25    3.96s
    ‖ρε - ρref‖ = 1.767848241970813e-5 ‖Δρ‖ = 1.2439652002319926e-5  ‖vε - vref‖ = 1.369346613301419  α = 0.000781
 95   -27.13961454034      -10.97       -4.20    3.96s
    ‖ρε - ρref‖ = 2.0864586396725118e-5 ‖Δρ‖ = 1.6470840634386584e-5  ‖vε - vref‖ = 1.3693548621268927  α = 0.000448
 96   -27.13961454035      -11.62       -4.09    4.06s
    ‖ρε - ρref‖ = 2.3963398011637778e-5 ‖Δρ‖ = 3.014348701579699e-5  ‖vε - vref‖ = 1.3693559483558964  α = 0.000111
 97   -27.13961454036      -10.82       -3.63    3.89s
    ‖ρε - ρref‖ = 5.441533312740342e-5 ‖Δρ‖ = 5.141538426158127e-5  ‖vε - vref‖ = 1.369366124939799  α = 0.000171
 98   -27.13961454037      -11.33       -3.74    3.87s
    ‖ρε - ρref‖ = 6.297909802257005e-5 ‖Δρ‖ = 5.8626972475962785e-5  ‖vε - vref‖ = 1.369370001392387  α = 7.78e-5
 99   -27.13961454037      -11.10       -3.55    3.74s
    ‖ρε - ρref‖ = 7.414081315354953e-5 ‖Δρ‖ = 7.716127810505494e-5  ‖vε - vref‖ = 1.369374568679372  α = 7.66e-5
 100   -27.13961454039      -10.93       -4.25    3.84s
    ‖ρε - ρref‖ = 1.817037827733857e-5 ‖Δρ‖ = 1.1803294956414662e-5  ‖vε - vref‖ = 1.3693836186526591  α = 0.000665
 101   -27.13961454041      -10.69       -4.54    3.75s
    ‖ρε - ρref‖ = 1.3410597357545868e-5 ‖Δρ‖ = 5.107621963297173e-6  ‖vε - vref‖ = 1.3693981291109816  α = 0.00208
 102   -27.13961454042      -10.87       -4.16    4.06s
    ‖ρε - ρref‖ = 1.670047375285184e-5 ‖Δρ‖ = 1.2562150239014296e-5  ‖vε - vref‖ = 1.3694039303574317  α = 0.000695
 103   -27.13961454043      -11.09       -4.36    3.91s
    ‖ρε - ρref‖ = 1.5378581563366e-5 ‖Δρ‖ = 8.696130485808357e-6  ‖vε - vref‖ = 1.3694080729670752  α = 0.000772
 104   -27.13961454044      -11.13       -4.10    3.87s
    ‖ρε - ρref‖ = 2.188390023732809e-5 ‖Δρ‖ = 1.735856554277201e-5  ‖vε - vref‖ = 1.369410854910526  α = 0.000368
 105   -27.13961454044      -11.09       -4.36    4.20s
    ‖ρε - ρref‖ = 1.5736213573359854e-5 ‖Δρ‖ = 9.392534279306216e-6  ‖vε - vref‖ = 1.3694115493381491  α = 0.000709
 106   -27.13961454045      -11.26       -4.00    3.75s
    ‖ρε - ρref‖ = 2.5753579456637006e-5 ‖Δρ‖ = 2.418910069299486e-5  ‖vε - vref‖ = 1.3694103862361537  α = 0.000215
 107   -27.13961454046      -10.84       -4.55    3.79s
    ‖ρε - ρref‖ = 1.3369311661532943e-5 ‖Δρ‖ = 5.157508049170715e-6  ‖vε - vref‖ = 1.3694076321396762  α = 0.00173
 108   -27.13961454047      -11.88       -3.99    3.78s
    ‖ρε - ρref‖ = 3.294167692212715e-5 ‖Δρ‖ = 3.92738297378884e-5  ‖vε - vref‖ = 1.3694068867702076  α = 6.3e-5
 109   -27.13961454047      -11.34       -3.82    3.80s
    ‖ρε - ρref‖ = 4.411428275074035e-5 ‖Δρ‖ = 4.0387804579056284e-5  ‖vε - vref‖ = 1.36940591897911  α = 0.000122
 110   -27.13961454047      -12.04       -4.25    4.06s
    ‖ρε - ρref‖ = 3.093237686872042e-5 ‖Δρ‖ = 2.409798255323965e-5  ‖vε - vref‖ = 1.3694059539366978  α = 7.95e-5
 111   -27.13961454047      -11.37       -4.05    4.00s
    ‖ρε - ρref‖ = 2.5623646347817846e-5 ‖Δρ‖ = 2.4950354754543717e-5  ‖vε - vref‖ = 1.3694041611808718  α = 0.000173
 112   -27.13961454048      -11.39       -4.22    3.71s
    ‖ρε - ρref‖ = 2.088927079317977e-5 ‖Δρ‖ = 1.5239642962752954e-5  ‖vε - vref‖ = 1.3694028130317961  α = 0.000304
 113   -27.13961454048      -11.34       -4.42    3.97s
    ‖ρε - ρref‖ = 1.5031765155512666e-5 ‖Δρ‖ = 8.50822153589887e-6  ‖vε - vref‖ = 1.3694008478411355  α = 0.000577
 114   -27.13961454049      -11.20       -4.70    4.54s
    ‖ρε - ρref‖ = 1.2221377208587621e-5 ‖Δρ‖ = 3.66522906262899e-6  ‖vε - vref‖ = 1.3693929886748835  α = 0.00164
 115   -27.13961454050      -11.05       -4.58    4.68s
    ‖ρε - ρref‖ = 1.3525560970050942e-5 ‖Δρ‖ = 4.866463760904549e-6  ‖vε - vref‖ = 1.369384292540262  α = 0.00145
 116   -27.13961454050      -11.36       -4.41    4.78s
    ‖ρε - ρref‖ = 1.3895039984529781e-5 ‖Δρ‖ = 7.377113433524291e-6  ‖vε - vref‖ = 1.3693787142657345  α = 0.000669
 117   -27.13961454051      -11.48       -4.25    4.34s
    ‖ρε - ρref‖ = 1.7011312572177943e-5 ‖Δρ‖ = 1.230579321339667e-5  ‖vε - vref‖ = 1.3693747811819783  α = 0.000352
 118   -27.13961454051      -11.52       -4.44    3.96s
    ‖ρε - ρref‖ = 1.4461979793460038e-5 ‖Δρ‖ = 8.10665437660196e-6  ‖vε - vref‖ = 1.3693719318863256  α = 0.000508
 119   -27.13961454051      -11.53       -4.27    4.02s
    ‖ρε - ρref‖ = 1.8885159109711158e-5 ‖Δρ‖ = 1.2815598586378193e-5  ‖vε - vref‖ = 1.369370073324626  α = 0.000293
 120   -27.13961454052      -11.25       -4.42    4.55s
    ‖ρε - ρref‖ = 1.6248646611897985e-5 ‖Δρ‖ = 7.216569625172277e-6  ‖vε - vref‖ = 1.369365354210878  α = 0.000755
 121   -27.13961454052      -11.66       -3.36    3.93s
    ‖ρε - ρref‖ = 0.00010445590690352136 ‖Δρ‖ = 0.00011043172454203229  ‖vε - vref‖ = 1.3693625139879748  α = 2.81e-5
 122   -27.13961454052      -11.85       -4.66    4.26s
    ‖ρε - ρref‖ = 1.0817346422655674e-5 ‖Δρ‖ = 6.672276170393691e-6  ‖vε - vref‖ = 1.369360444404745  α = 0.00036
 123   -27.13961454052      -11.65       -3.67    4.33s
    ‖ρε - ρref‖ = 5.849599168499473e-5 ‖Δρ‖ = 5.543706592191111e-5  ‖vε - vref‖ = 1.3693576519104351  α = 6.09e-5
 124   -27.13961454053      -11.41       -4.47    3.72s
    ‖ρε - ρref‖ = 1.4036136358744236e-5 ‖Δρ‖ = 7.600174863727265e-6  ‖vε - vref‖ = 1.3693533638796034  α = 0.000586
 125   -27.13961454053      -11.37       -4.23    4.27s
    ‖ρε - ρref‖ = 1.65804611874294e-5 ‖Δρ‖ = 1.1904653294132758e-5  ‖vε - vref‖ = 1.369349164489502  α = 0.0004
 126   -27.13961454054      -11.53       -4.24    3.89s
    ‖ρε - ρref‖ = 1.925701876049622e-5 ‖Δρ‖ = 1.3127483005488737e-5  ‖vε - vref‖ = 1.3693466389728766  α = 0.000295
 127   -27.13961454054      -11.29       -4.75    3.65s
    ‖ρε - ρref‖ = 1.2827557391826594e-5 ‖Δρ‖ = 2.9265396969284085e-6  ‖vε - vref‖ = 1.3693426198603331  α = 0.00183
 128   -27.13961454054      -11.46       -4.63    4.26s
    ‖ρε - ρref‖ = 1.2357321611209581e-5 ‖Δρ‖ = 4.134980771935136e-6  ‖vε - vref‖ = 1.3693380800528683  α = 0.00107
 129   -27.13961454055      -11.67       -4.73    4.25s
    ‖ρε - ρref‖ = 1.3320657125446257e-5 ‖Δρ‖ = 4.5025238960143165e-6  ‖vε - vref‖ = 1.369336772033309  α = 0.0007
 130   -27.13961454055      -12.03       -4.69    3.86s
    ‖ρε - ρref‖ = 1.312469085686535e-5 ‖Δρ‖ = 4.6264637092129255e-6  ‖vε - vref‖ = 1.3693357573954394  α = 0.000497
 131   -27.13961454055      -11.55       -4.54    4.05s
    ‖ρε - ρref‖ = 1.3291724957786834e-5 ‖Δρ‖ = 4.973877387982928e-6  ‖vε - vref‖ = 1.3693323417814416  α = 0.000803
 132   -27.13961454055      -11.93       -4.32    4.56s
    ‖ρε - ρref‖ = 1.4545782166942658e-5 ‖Δρ‖ = 1.1133607629748734e-5  ‖vε - vref‖ = 1.3693304661445787  α = 0.000219
 133   -27.13961454055      -12.47       -4.29    3.81s
    ‖ρε - ρref‖ = 2.6513053301222694e-5 ‖Δρ‖ = 1.762865104999266e-5  ‖vε - vref‖ = 1.369330220834182  α = 6.98e-5
 134   -27.13961454055      -11.67       -4.07    3.99s
    ‖ρε - ρref‖ = 1.9855003542347468e-5 ‖Δρ‖ = 1.7007729226258058e-5  ‖vε - vref‖ = 1.3693275198487382  α = 0.000199
 135   -27.13961454055      -12.58       -4.57    4.15s
    ‖ρε - ρref‖ = 1.1491277118355688e-5 ‖Δρ‖ = 1.008988719418046e-5  ‖vε - vref‖ = 1.3693270694466593  α = 0.000103
 136   -27.13961454056      -11.73       -4.15    3.72s
    ‖ρε - ρref‖ = 2.0173489034325105e-5 ‖Δρ‖ = 1.403223222691532e-5  ‖vε - vref‖ = 1.3693249594093018  α = 0.00022
 137   -27.13961454056      -11.84       -4.71    4.09s
    ‖ρε - ρref‖ = 1.3044162828826158e-5 ‖Δρ‖ = 4.505098784689479e-6  ‖vε - vref‖ = 1.3693233769292552  α = 0.000597
 138   -27.13961454056      -11.97       -4.53    3.79s
    ‖ρε - ρref‖ = 1.466894100477887e-5 ‖Δρ‖ = 7.03581896344538e-6  ‖vε - vref‖ = 1.3693222471739042  α = 0.00034
 139   -27.13961454056      -11.85       -4.62    4.32s
    ‖ρε - ρref‖ = 1.2885192379997725e-5 ‖Δρ‖ = 5.511666292071669e-6  ‖vε - vref‖ = 1.3693204775433216  α = 0.00049
 140   -27.13961454056      -11.70       -4.56    4.59s
    ‖ρε - ρref‖ = 1.3278447169373757e-5 ‖Δρ‖ = 5.460070902778055e-6  ‖vε - vref‖ = 1.3693176500578732  α = 0.000605
 141   -27.13961454056      -11.53       -5.05    3.85s
    ‖ρε - ρref‖ = 1.2518439576562957e-5 ‖Δρ‖ = 1.4800396246775088e-6  ‖vε - vref‖ = 1.3693142957752318  α = 0.00272
 142   -27.13961454057      -11.62       -4.63    4.00s
    ‖ρε - ρref‖ = 1.2056555880565438e-5 ‖Δρ‖ = 4.1535443498418796e-6  ‖vε - vref‖ = 1.3693089395151872  α = 0.000871
 143   -27.13961454057      -12.09       -4.84    4.17s
    ‖ρε - ρref‖ = 1.2597453637009789e-5 ‖Δρ‖ = 3.320282821460226e-6  ‖vε - vref‖ = 1.3693078903421976  α = 0.000612
 144   -27.13961454057      -12.03       -4.60    4.31s
    ‖ρε - ρref‖ = 1.4019435504862764e-5 ‖Δρ‖ = 5.602562307710847e-6  ‖vε - vref‖ = 1.3693068212003192  α = 0.000406
 145   -27.13961454057      -13.00       -4.32    3.89s
    ‖ρε - ρref‖ = 1.5360580308872474e-5 ‖Δρ‖ = 1.8222377996551326e-5  ‖vε - vref‖ = 1.3693065601156487  α = 3.95e-5
 146   -27.13961454057      -12.19       -4.53    4.18s
    ‖ρε - ρref‖ = 1.5069463369782984e-5 ‖Δρ‖ = 7.140173906592505e-6  ‖vε - vref‖ = 1.3693058714625124  α = 0.000255
 147   -27.13961454057      -12.34       -4.49    3.97s
    ‖ρε - ρref‖ = 1.813740841720071e-5 ‖Δρ‖ = 9.509736291750975e-6  ‖vε - vref‖ = 1.369305356088581  α = 0.000144
 148   -27.13961454057      -12.20       -3.98    3.99s
    ‖ρε - ρref‖ = 2.6124694693908484e-5 ‖Δρ‖ = 2.7907547658424587e-5  ‖vε - vref‖ = 1.3693041133690287  α = 6.18e-5
 149   -27.13961454057      -11.73       -4.72    3.80s
    ‖ρε - ρref‖ = 1.290016676476719e-5 ‖Δρ‖ = 3.2593759688268813e-6  ‖vε - vref‖ = 1.3693019286871315  α = 0.00099
 150   -27.13961454057      -11.74       -4.77    4.07s
    ‖ρε - ρref‖ = 1.269258331509826e-5 ‖Δρ‖ = 3.2744129454523992e-6  ‖vε - vref‖ = 1.3692989754735385  α = 0.00095
 151   -27.13961454057      -12.11       -4.52    3.97s
    ‖ρε - ρref‖ = 1.359374433433276e-5 ‖Δρ‖ = 7.264882417811863e-6  ‖vε - vref‖ = 1.369297416694343  α = 0.000272
 152   -27.13961454058      -12.17       -4.72    4.32s
    ‖ρε - ρref‖ = 1.3274443545088243e-5 ‖Δρ‖ = 4.66147973682345e-6  ‖vε - vref‖ = 1.3692960229552387  α = 0.000405
 153   -27.13961454058      -11.99       -4.70    4.08s
    ‖ρε - ρref‖ = 1.252385902400824e-5 ‖Δρ‖ = 3.88090133959569e-6  ‖vε - vref‖ = 1.3692938603548335  α = 0.000611
 154   -27.13961454058      -11.80       -4.92    4.35s
    ‖ρε - ρref‖ = 1.2271222898702606e-5 ‖Δρ‖ = 2.161733534732453e-6  ‖vε - vref‖ = 1.369290228744314  α = 0.00135
 155   -27.13961454058      -11.93       -4.76    4.47s
    ‖ρε - ρref‖ = 1.2761494850613057e-5 ‖Δρ‖ = 3.3371070551885195e-6  ‖vε - vref‖ = 1.3692883163308618  α = 0.000751
 156   -27.13961454058      -11.89       -5.10    3.99s
    ‖ρε - ρref‖ = 1.220601782110608e-5 ‖Δρ‖ = 1.4607106885081885e-6  ‖vε - vref‖ = 1.3692867896325238  α = 0.00182
 157   -27.13961454058      -12.86       -4.09    4.49s
    ‖ρε - ρref‖ = 3.7914352647661354e-5 ‖Δρ‖ = 2.936200874351795e-5  ‖vε - vref‖ = 1.3692867566627063  α = 2.7e-5
 158   -27.13961454058      -12.34       -4.67    4.31s
    ‖ρε - ρref‖ = 1.3112097511710379e-5 ‖Δρ‖ = 5.07525895831119e-6  ‖vε - vref‖ = 1.3692861549366775  α = 0.000306
 159   -27.13961454058      -12.86       -4.63    4.12s
    ‖ρε - ρref‖ = 1.0195905728737583e-5 ‖Δρ‖ = 8.818852767327867e-6  ‖vε - vref‖ = 1.369285783537171  α = 8.65e-5
 160   -27.13961454058      -12.10       -4.27    4.05s
    ‖ρε - ρref‖ = 1.6764369834466282e-5 ‖Δρ‖ = 1.1017086454353924e-5  ‖vε - vref‖ = 1.3692844330404217  α = 0.00019
 161   -27.13961454058      -12.24       -4.81    3.90s
    ‖ρε - ρref‖ = 1.291044609315966e-5 ‖Δρ‖ = 3.366401384338035e-6  ‖vε - vref‖ = 1.3692837449666553  α = 0.000525
 162   -27.13961454058      -11.98       -4.46    3.97s
    ‖ρε - ρref‖ = 1.3444184762865415e-5 ‖Δρ‖ = 6.139399777652781e-6  ‖vε - vref‖ = 1.3692821389337184  α = 0.000368
 163   -27.13961454058      -12.14       -4.84    4.12s
    ‖ρε - ρref‖ = 1.2603710479155176e-5 ‖Δρ‖ = 2.712126996173919e-6  ‖vε - vref‖ = 1.3692816259683607  α = 0.000733
 164   -27.13961454058      -12.36       -4.88    3.93s
    ‖ρε - ρref‖ = 1.260878068543548e-5 ‖Δρ‖ = 3.1139311329640372e-6  ‖vε - vref‖ = 1.3692812248108583  α = 0.000482
 165   -27.13961454059      -12.32       -4.73    4.01s
    ‖ρε - ρref‖ = 1.2297671002152748e-5 ‖Δρ‖ = 4.278093828826995e-6  ‖vε - vref‖ = 1.3692806882429445  α = 0.000366
 166   -27.13961454059      -12.16       -4.84    4.20s
    ‖ρε - ρref‖ = 1.2780292293809082e-5 ‖Δρ‖ = 3.0533245632595655e-6  ‖vε - vref‖ = 1.3692803965874447  α = 0.000627
 167   -27.13961454059      -11.87       -4.72    3.99s
    ‖ρε - ρref‖ = 1.2922906721499142e-5 ‖Δρ‖ = 3.1956807237331966e-6  ‖vε - vref‖ = 1.3692805080867845  α = 0.00085
 168   -27.13961454059      -12.18       -4.94    3.83s
    ‖ρε - ρref‖ = 1.208583768658205e-5 ‖Δρ‖ = 2.1906720059113177e-6  ‖vε - vref‖ = 1.369279429343152  α = 0.000871
 169   -27.13961454059      -12.78       -4.91    3.74s
    ‖ρε - ρref‖ = 1.0713771495285929e-5 ‖Δρ‖ = 3.628532759277251e-6  ‖vε - vref‖ = 1.369279180683859  α = 0.000241
 170   -27.13961454059      -12.04       -4.00    3.90s
    ‖ρε - ρref‖ = 2.2150554310628573e-5 ‖Δρ‖ = 1.6150026581065155e-5  ‖vε - vref‖ = 1.3692787025737485  α = 0.000135
 171   -27.13961454059      -12.96       -4.97    4.28s
    ‖ρε - ρref‖ = 1.4479400384853129e-5 ‖Δρ‖ = 3.569078214712552e-6  ‖vε - vref‖ = 1.3692787652783982  α = 0.000192
 172   -27.13961454059      -12.47       -4.22    4.31s
    ‖ρε - ρref‖ = 1.725123564779601e-5 ‖Δρ‖ = 1.41397957821537e-5  ‖vε - vref‖ = 1.369278490910815  α = 9.5e-5
 173   -27.13961454059      -12.37       -4.79    3.88s
    ‖ρε - ρref‖ = 1.2851004235357863e-5 ‖Δρ‖ = 3.5304474794274015e-6  ‖vε - vref‖ = 1.3692781077508391  α = 0.000443
 174   -27.13961454059      -12.25       -4.82    4.32s
    ‖ρε - ρref‖ = 1.2215165327339505e-5 ‖Δρ‖ = 3.041485124330997e-6  ‖vε - vref‖ = 1.3692771009501226  α = 0.000571
 175   -27.13961454059      -12.84       -4.85    3.82s
    ‖ρε - ρref‖ = 1.299055722637621e-5 ‖Δρ‖ = 3.7133069936886365e-6  ‖vε - vref‖ = 1.3692769419778466  α = 0.00024
 176   -27.13961454059      -12.03       -5.04    4.00s
    ‖ρε - ρref‖ = 1.2202244422440713e-5 ‖Δρ‖ = 1.620437981592814e-6  ‖vε - vref‖ = 1.369275545688182  α = 0.00137
 177   -27.13961454059      -12.42       -4.99    3.75s
    ‖ρε - ρref‖ = 1.251211842174208e-5 ‖Δρ‖ = 2.3412389071942144e-6  ‖vε - vref‖ = 1.3692752126731875  α = 0.000603
 178   -27.13961454059      -12.51       -4.76    3.64s
    ‖ρε - ρref‖ = 1.3377275796969947e-5 ‖Δρ‖ = 4.030702001701785e-6  ‖vε - vref‖ = 1.3692749017650134  α = 0.000326
 179   -27.13961454059      -12.36       -4.88    3.75s
    ‖ρε - ρref‖ = 1.2249678671560076e-5 ‖Δρ‖ = 2.8328781838642758e-6  ‖vε - vref‖ = 1.3692740868459614  α = 0.000531
 180   -27.13961454059      -12.21       -4.82    3.76s
    ‖ρε - ρref‖ = 1.2362255186712183e-5 ‖Δρ‖ = 2.838525339991789e-6  ‖vε - vref‖ = 1.3692727260064723  α = 0.000651
 181   -27.13961454059      -12.54       -5.06    3.98s
    ‖ρε - ρref‖ = 1.238550798051931e-5 ‖Δρ‖ = 1.907648497159028e-6  ‖vε - vref‖ = 1.3692726068833203  α = 0.00065
 182   -27.13961454059      -14.45       -4.76    3.73s
    ‖ρε - ρref‖ = 1.765077393886712e-5 ‖Δρ‖ = 7.454962704269291e-6  ‖vε - vref‖ = 1.369272646664269  α = 4.38e-5
 183   -27.13961454059      -12.30       -4.96    3.88s
    ‖ρε - ρref‖ = 1.2336652884827065e-5 ‖Δρ‖ = 2.0784285887131164e-6  ‖vε - vref‖ = 1.3692719439360688  α = 0.000753
 184   -27.13961454059      -13.34       -4.91    3.98s
    ‖ρε - ρref‖ = 9.927504566172968e-6 ‖Δρ‖ = 5.564593330766728e-6  ‖vε - vref‖ = 1.3692718288367518  α = 6.79e-5
 185   -27.13961454059      -12.25       -4.75    4.52s
    ‖ρε - ρref‖ = 1.2590416843256447e-5 ‖Δρ‖ = 3.3480297758097784e-6  ‖vε - vref‖ = 1.369271336537027  α = 0.000508
 186   -27.13961454059      -12.76       -4.84    4.34s
    ‖ρε - ρref‖ = 1.274040981521665e-5 ‖Δρ‖ = 3.498080427043484e-6  ‖vε - vref‖ = 1.369271273919431  α = 0.000296
 187   -27.13961454060      -12.48       -5.12    4.50s
    ‖ρε - ρref‖ = 1.2629558831985096e-5 ‖Δρ‖ = 1.6428625381267744e-6  ‖vε - vref‖ = 1.3692715508489917  α = 0.000824
 188   -27.13961454060      -12.61       -4.82    4.27s
    ‖ρε - ρref‖ = 1.2529095855191678e-5 ‖Δρ‖ = 3.517117158425237e-6  ‖vε - vref‖ = 1.3692713703348927  α = 0.000307
 189   -27.13961454060      -12.31       -4.82    4.23s
    ‖ρε - ρref‖ = 1.2514946749073098e-5 ‖Δρ‖ = 2.9797109026775395e-6  ‖vε - vref‖ = 1.3692708466431678  α = 0.000547
 190   -27.13961454060      -12.42       -5.28    4.28s
    ‖ρε - ρref‖ = 1.2132973060202513e-5 ‖Δρ‖ = 1.1962082353964866e-6  ‖vε - vref‖ = 1.3692701520092678  α = 0.00114
 191   -27.13961454060      -12.49       -4.80    4.27s
    ‖ρε - ρref‖ = 1.2262234789532079e-5 ‖Δρ‖ = 3.699461199528296e-6  ‖vε - vref‖ = 1.3692696825828974  α = 0.000352
 192   -27.13961454060      -12.29       -4.78    4.23s
    ‖ρε - ρref‖ = 1.2990489248551405e-5 ‖Δρ‖ = 3.2698287741509023e-6  ‖vε - vref‖ = 1.3692694471699245  α = 0.000508
 193   -27.13961454060      -12.60       -4.94    3.67s
    ‖ρε - ρref‖ = 1.2525689773811975e-5 ‖Δρ‖ = 2.7299377438260648e-6  ‖vε - vref‖ = 1.369269419401728  α = 0.000431
 194   -27.13961454060      -12.69       -5.03    3.68s
    ‖ρε - ρref‖ = 1.3046206898770049e-5 ‖Δρ‖ = 2.018496309813721e-6  ‖vε - vref‖ = 1.3692694341121041  α = 0.000515
 195   -27.13961454060      -12.83       -3.98    3.71s
    ‖ρε - ρref‖ = 2.228119483486046e-5 ‖Δρ‖ = 2.42326687071332e-5  ‖vε - vref‖ = 1.3692692423662651  α = 3.47e-5
 196   -27.13961454060      -12.68       -5.36    3.77s
    ‖ρε - ρref‖ = 1.2014448062048974e-5 ‖Δρ‖ = 9.80013380394662e-7  ‖vε - vref‖ = 1.3692691942791444  α = 0.00104
 197   -27.13961454060      -12.93       -4.20    4.53s
    ‖ρε - ρref‖ = 2.6950666819832998e-5 ‖Δρ‖ = 1.8570367403567547e-5  ‖vε - vref‖ = 1.3692692884084794  α = 3.46e-5
 198   -27.13961454060      -12.38       -5.11    3.88s
    ‖ρε - ρref‖ = 1.2191856415640692e-5 ‖Δρ‖ = 1.4060309598570188e-6  ‖vε - vref‖ = 1.369268438883294  α = 0.00107
 199   -27.13961454060      -12.45       -5.05    4.45s
    ‖ρε - ρref‖ = 1.2433982063338866e-5 ‖Δρ‖ = 1.9768805360045183e-6  ‖vε - vref‖ = 1.369267836287864  α = 0.000704
 200   -27.13961454060      -12.48       -4.70    3.84s
    ‖ρε - ρref‖ = 1.2813152605392191e-5 ‖Δρ‖ = 3.7997932506824874e-6  ‖vε - vref‖ = 1.3692671302907715  α = 0.000357
 201   -27.13961454060      -12.62       -4.97    4.65s
    ‖ρε - ρref‖ = 1.2593594887909449e-5 ‖Δρ‖ = 2.4363567319923126e-6  ‖vε - vref‖ = 1.369266474392954  α = 0.000465
 202   -27.13961454060      -12.55       -4.68    4.48s
    ‖ρε - ρref‖ = 1.2449500030509547e-5 ‖Δρ‖ = 4.235714328471489e-6  ‖vε - vref‖ = 1.3692653326310682  α = 0.000296
 203   -27.13961454060      -12.29       -5.35    4.16s
    ‖ρε - ρref‖ = 1.220653965963637e-5 ‖Δρ‖ = 8.119240479647108e-7  ‖vε - vref‖ = 1.3692634030013566  α = 0.00206
 204   -27.13961454060      -12.84       -4.91    3.88s
    ‖ρε - ρref‖ = 1.285884570005774e-5 ‖Δρ‖ = 3.4000265314665054e-6  ‖vε - vref‖ = 1.3692627935880362  α = 0.000253
 205   -27.13961454060      -12.45       -5.02    4.32s
    ‖ρε - ρref‖ = 1.2022495918363384e-5 ‖Δρ‖ = 1.8896845271375213e-6  ‖vε - vref‖ = 1.3692612919879397  α = 0.000718
 206   -27.13961454060      -12.48       -4.91    4.28s
    ‖ρε - ρref‖ = 1.2792966449401607e-5 ‖Δρ‖ = 2.471381143222736e-6  ‖vε - vref‖ = 1.3692601796189878  α = 0.000526
 207   -27.13961454060      -13.50       -4.35    4.46s
    ‖ρε - ρref‖ = 1.4181803134232481e-5 ‖Δρ‖ = 1.607471771007115e-5  ‖vε - vref‖ = 1.3692599354382509  α = 2.94e-5
 208   -27.13961454060      -12.57       -4.90    4.55s
    ‖ρε - ρref‖ = 1.2742086802106828e-5 ‖Δρ‖ = 2.7651807157427977e-6  ‖vε - vref‖ = 1.3692593102186466  α = 0.000434
 209   -27.13961454060      -13.34       -5.07    3.96s
    ‖ρε - ρref‖ = 1.4669495058548829e-5 ‖Δρ‖ = 3.586887799138515e-6  ‖vε - vref‖ = 1.3692592956536256  α = 0.000104
 210   -27.13961454060      -12.47       -4.63    3.74s
    ‖ρε - ρref‖ = 1.288848943680902e-5 ‖Δρ‖ = 4.616836406676374e-6  ‖vε - vref‖ = 1.3692584356077206  α = 0.000287
 211   -27.13961454060      -12.34       -5.11    3.89s
    ‖ρε - ρref‖ = 1.2218796979963814e-5 ‖Δρ‖ = 1.3160697999261723e-6  ‖vε - vref‖ = 1.3692571313007837  α = 0.00123
 212   -27.13961454060      -12.82       -5.18    4.24s
    ‖ρε - ρref‖ = 1.229931967585654e-5 ‖Δρ‖ = 1.5804710187670104e-6  ‖vε - vref‖ = 1.3692567021598625  α = 0.000562
 213   -27.13961454060      -12.97       -5.00    3.68s
    ‖ρε - ρref‖ = 1.2532494856502778e-5 ‖Δρ‖ = 2.214020276512377e-6  ‖vε - vref‖ = 1.3692564576147008  α = 0.00036
 214   -27.13961454060      -12.81       -5.17    4.05s
    ‖ρε - ρref‖ = 1.2186434503025236e-5 ‖Δρ‖ = 1.6061723391058149e-6  ‖vε - vref‖ = 1.3692559694842281  α = 0.000574
 215   -27.13961454060      -12.62       -4.82    3.84s
    ‖ρε - ρref‖ = 1.2698118239635918e-5 ‖Δρ‖ = 3.1114101830105347e-6  ‖vε - vref‖ = 1.3692553287966056  α = 0.000357
 216   -27.13961454060      -12.41       -5.15    4.01s
    ‖ρε - ρref‖ = 1.2043073143036656e-5 ‖Δρ‖ = 1.3687280374641104e-6  ‖vε - vref‖ = 1.3692537511132254  α = 0.00102
 217   -27.13961454060      -12.74       -5.09    4.51s
    ‖ρε - ρref‖ = 1.2360207448123262e-5 ‖Δρ‖ = 1.856396842362663e-6  ‖vε - vref‖ = 1.3692535189487633  α = 0.000556
 218   -27.13961454060      -12.73       -4.88    4.50s
    ‖ρε - ρref‖ = 1.3392079394427756e-5 ‖Δρ‖ = 3.2367158451667093e-6  ‖vε - vref‖ = 1.3692535028627668  α = 0.000299
 219   -27.13961454060      -13.30       -5.00    4.41s
    ‖ρε - ρref‖ = 1.077249587677058e-5 ‖Δρ‖ = 3.3383711727558517e-6  ‖vε - vref‖ = 1.3692533745161455  α = 0.000147
 220   -27.13961454060      -12.44       -4.34    3.78s
    ‖ρε - ρref‖ = 1.5215028564719521e-5 ‖Δρ‖ = 8.13044367703658e-6  ‖vε - vref‖ = 1.369253034861871  α = 0.000173
 221   -27.13961454060      -13.02       -5.04    3.78s
    ‖ρε - ρref‖ = 1.3188368612487603e-5 ‖Δρ‖ = 2.5480392774261906e-6  ‖vε - vref‖ = 1.3692530068076605  α = 0.000274
 222   -27.13961454060      -13.22       -4.42    3.81s
    ‖ρε - ρref‖ = 1.2874702655813627e-5 ‖Δρ‖ = 1.2537050089541929e-5  ‖vε - vref‖ = 1.3692528856029134  α = 3.79e-5
 223   -27.13961454060      -12.46       -5.19    3.78s
    ‖ρε - ρref‖ = 1.2381351809817095e-5 ‖Δρ‖ = 1.0930551425792035e-6  ‖vε - vref‖ = 1.3692530431197487  α = 0.00128
 224   -27.13961454060      -12.51       -5.31    4.02s
    ‖ρε - ρref‖ = 1.2320408118559202e-5 ‖Δρ‖ = 9.582136097604273e-7  ‖vε - vref‖ = 1.3692527650418045  α = 0.00132
 225   -27.13961454061      -12.45       -5.14    3.57s
    ‖ρε - ρref‖ = 1.218643567770606e-5 ‖Δρ‖ = 1.3680422679705481e-6  ‖vε - vref‖ = 1.3692520546968852  α = 0.000954
 226   -27.13961454061      -12.85       -4.86    3.94s
    ‖ρε - ρref‖ = 1.2141088514713616e-5 ‖Δρ‖ = 3.1665515235742603e-6  ‖vε - vref‖ = 1.3692514795146278  α = 0.000294
 227   -27.13961454061      -12.88       -4.99    4.49s
    ‖ρε - ρref‖ = 1.2328723994856596e-5 ‖Δρ‖ = 2.312790385089339e-6  ‖vε - vref‖ = 1.3692510283469195  α = 0.00037
 228   -27.13961454061      -13.03       -5.01    4.27s
    ‖ρε - ρref‖ = 1.213124599490215e-5 ‖Δρ‖ = 2.405084161082819e-6  ‖vε - vref‖ = 1.3692506195210559  α = 0.000296
 229   -27.13961454061      -12.48       -5.25    4.26s
    ‖ρε - ρref‖ = 1.2305380327462305e-5 ‖Δρ‖ = 9.81199771321609e-7  ‖vε - vref‖ = 1.3692498279186658  α = 0.00137
 230   -27.13961454061      -13.03       -5.27    4.79s
    ‖ρε - ρref‖ = 1.2322867229660234e-5 ‖Δρ‖ = 1.3612469459901946e-6  ‖vε - vref‖ = 1.3692495797710145  α = 0.000497
 231   -27.13961454061      -13.13       -5.06    4.67s
    ‖ρε - ρref‖ = 1.127255854676647e-5 ‖Δρ‖ = 2.4270443212462007e-6  ‖vε - vref‖ = 1.3692493084925457  α = 0.000254
 232   -27.13961454061      -13.15       -4.32    4.43s
    ‖ρε - ρref‖ = 2.1670008195057904e-5 ‖Δρ‖ = 1.4198215000516841e-5  ‖vε - vref‖ = 1.3692492650138073  α = 3.5e-5
 233   -27.13961454061      -12.72       -5.14    3.79s
    ‖ρε - ρref‖ = 1.2595212224032514e-5 ‖Δρ‖ = 1.3841048446266223e-6  ‖vε - vref‖ = 1.36924953927408  α = 0.000748
 234   -27.13961454061      -14.15       -4.89    4.16s
    ‖ρε - ρref‖ = 1.0300725272538917e-5 ‖Δρ‖ = 5.75932353931324e-6  ‖vε - vref‖ = 1.3692495080947018  α = 4.12e-5
 235   -27.13961454061      -12.92       -5.12    4.17s
    ‖ρε - ρref‖ = 1.2540746247425469e-5 ‖Δρ‖ = 1.7381199218633244e-6  ‖vε - vref‖ = 1.3692495962950084  α = 0.000473
 236   -27.13961454061      -12.68       -5.13    4.04s
    ‖ρε - ρref‖ = 1.2248180724852464e-5 ‖Δρ‖ = 1.5184006093103964e-6  ‖vε - vref‖ = 1.3692493271892008  α = 0.000661
 237   -27.13961454061      -12.62       -5.32    3.98s
    ‖ρε - ρref‖ = 1.2106724828962447e-5 ‖Δρ‖ = 9.473312114753732e-7  ‖vε - vref‖ = 1.3692487730803153  α = 0.0012
 238   -27.13961454061      -12.60       -5.23    3.81s
    ‖ρε - ρref‖ = 1.233843814071324e-5 ‖Δρ‖ = 1.0485282896212333e-6  ‖vε - vref‖ = 1.3692484855413942  α = 0.0011
 239   -27.13961454061      -13.15       -5.18    4.25s
    ‖ρε - ρref‖ = 1.2426822035906665e-5 ‖Δρ‖ = 1.6762693583087932e-6  ‖vε - vref‖ = 1.3692484413484758  α = 0.00034
 240   -27.13961454061      -12.89       -5.14    4.43s
    ‖ρε - ρref‖ = 1.2118102847910911e-5 ‖Δρ‖ = 1.5277287162354396e-6  ‖vε - vref‖ = 1.3692481070694622  α = 0.00055
 241   -27.13961454061      -13.09       -4.95    3.77s
    ‖ρε - ρref‖ = 1.2469724134209718e-5 ‖Δρ‖ = 2.6311099622301956e-6  ‖vε - vref‖ = 1.3692479588112376  α = 0.000248
 242   -27.13961454061      -13.02       -5.39    4.14s
    ‖ρε - ρref‖ = 1.2121604516233937e-5 ‖Δρ‖ = 8.821715325841797e-7  ‖vε - vref‖ = 1.3692477333899025  α = 0.000839
 243   -27.13961454061      -12.78       -5.38    4.31s
    ‖ρε - ρref‖ = 1.2152305708429511e-5 ‖Δρ‖ = 8.313452071977916e-7  ‖vε - vref‖ = 1.3692479011827172  α = 0.00111
 244   -27.13961454061      -13.67       -4.68    4.11s
    ‖ρε - ρref‖ = 1.741914649657506e-5 ‖Δρ‖ = 7.205628537766307e-6  ‖vε - vref‖ = 1.3692480199641852  α = 5.47e-5
 245   -27.13961454061      -12.93       -4.57    3.94s
    ‖ρε - ρref‖ = 1.3655561064056169e-5 ‖Δρ‖ = 6.457164366282094e-6  ‖vε - vref‖ = 1.3692481328918449  α = 0.000112
 246   -27.13961454061      -12.84       -5.05    4.09s
    ‖ρε - ρref‖ = 1.1978285920518127e-5 ‖Δρ‖ = 1.704593085116643e-6  ‖vε - vref‖ = 1.3692481290575502  α = 0.00051
 247   -27.13961454061      -13.67       -4.48    3.72s
    ‖ρε - ρref‖ = 2.0834028628128508e-5 ‖Δρ‖ = 1.154984320474013e-5  ‖vε - vref‖ = 1.3692481928114457  α = 2.85e-5
 248   -27.13961454061      -12.93       -5.46    4.09s
    ‖ρε - ρref‖ = 1.2213317170612973e-5 ‖Δρ‖ = 7.118892703491296e-7  ‖vε - vref‖ = 1.369248232153498  α = 0.00116
 249   -27.13961454061      -13.02       -5.20    4.30s
    ‖ρε - ρref‖ = 1.2226017060482035e-5 ‖Δρ‖ = 1.4627362145870149e-6  ‖vε - vref‖ = 1.3692482407207214  α = 0.000468
 250   -27.13961454061      -12.88       -5.39    4.57s
    ‖ρε - ρref‖ = 1.2187758897169941e-5 ‖Δρ‖ = 7.774524629589972e-7  ‖vε - vref‖ = 1.369248133195967  α = 0.00104
 251   -27.13961454061      -13.13       -5.41    4.18s
    ‖ρε - ρref‖ = 1.2272246144057046e-5 ‖Δρ‖ = 8.302698853574026e-7  ‖vε - vref‖ = 1.3692483607442887  α = 0.000773
 252   -27.13961454061      -13.02       -5.51    4.14s
    ‖ρε - ρref‖ = 1.2165009442522469e-5 ‖Δρ‖ = 6.375977831607442e-7  ‖vε - vref‖ = 1.3692485907076761  α = 0.0011
 253   -27.13961454061      -13.13       -4.89    4.75s
    ‖ρε - ρref‖ = 1.2611983357322181e-5 ‖Δρ‖ = 2.607226330817434e-6  ‖vε - vref‖ = 1.3692488962923253  α = 0.000239
 254   -27.13961454061      -13.45       -5.29    3.82s
    ‖ρε - ρref‖ = 1.2233580822117125e-5 ‖Δρ‖ = 1.2174427795333744e-6  ‖vε - vref‖ = 1.369249028619912  α = 0.000341
 255   -27.13961454061      -12.86       -5.39    3.80s
    ‖ρε - ρref‖ = 1.23354961774864e-5 ‖Δρ‖ = 7.220507875014226e-7  ‖vε - vref‖ = 1.36924981368884  α = 0.0012
 256   -27.13961454061      -13.19       -5.23    3.92s
    ‖ρε - ρref‖ = 1.162992981672404e-5 ‖Δρ‖ = 1.3207167262797434e-6  ‖vε - vref‖ = 1.3692498860484525  α = 0.000441
 257   -27.13961454061      -13.25       -4.20    3.77s
    ‖ρε - ρref‖ = 2.162244704032901e-5 ‖Δρ‖ = 1.4902411165508352e-5  ‖vε - vref‖ = 1.3692500498037785  α = 3.7e-5
 258   -27.13961454061      -13.50       -5.26    3.74s
    ‖ρε - ρref‖ = 1.2075351485792573e-5 ‖Δρ‖ = 1.6994614990531752e-6  ‖vε - vref‖ = 1.3692501276760558  α = 0.00021
 259   -27.13961454061      -13.67       -5.40    3.81s
    ‖ρε - ρref‖ = 1.1566890352711292e-5 ‖Δρ‖ = 1.3688205901850401e-6  ‖vε - vref‖ = 1.3692501858628614  α = 0.000169
 260   -27.13961454061      -13.55       -4.73    3.90s
    ‖ρε - ρref‖ = 1.416559625509022e-5 ‖Δρ‖ = 4.261910434059367e-6  ‖vε - vref‖ = 1.3692505858578883  α = 0.000112
 261   -27.13961454061      -12.99       -5.47    3.74s
    ‖ρε - ρref‖ = 1.2252544859067809e-5 ‖Δρ‖ = 6.220801636920615e-7  ‖vε - vref‖ = 1.369251335515056  α = 0.00114
 262   -27.13961454061      -13.15       -5.40    3.65s
    ‖ρε - ρref‖ = 1.2220370901316126e-5 ‖Δρ‖ = 8.565258719578116e-7  ‖vε - vref‖ = 1.3692518012630523  α = 0.000702
 263   -27.13961454061      -13.22       -5.31    3.81s
    ‖ρε - ρref‖ = 1.2170883038022732e-5 ‖Δρ‖ = 1.0371017294737858e-6  ‖vε - vref‖ = 1.3692522686619366  α = 0.00057
 264   -27.13961454061      -13.37       -5.41    3.86s
    ‖ρε - ρref‖ = 1.2217159740234981e-5 ‖Δρ‖ = 6.733148310153204e-7  ‖vε - vref‖ = 1.3692526302913703  α = 0.000856
 265   -27.13961454061      -13.19       -5.75    3.56s
    ‖ρε - ρref‖ = 1.22221545421975e-5 ‖Δρ‖ = 3.572995921817704e-7  ‖vε - vref‖ = 1.3692529425670683  α = 0.00146
 266   -27.13961454061      -13.55       -5.12    4.02s
    ‖ρε - ρref‖ = 1.2157188114989728e-5 ‖Δρ‖ = 1.6512446263858735e-6  ‖vε - vref‖ = 1.3692530568570342  α = 0.000242
 267   -27.13961454061      -13.41       -5.42    4.82s
    ‖ρε - ρref‖ = 1.220196174114111e-5 ‖Δρ‖ = 8.747353998579527e-7  ‖vε - vref‖ = 1.36925321453327  α = 0.000483
 268   -27.13961454061      -13.60       -5.23    4.19s
    ‖ρε - ρref‖ = 1.2232539458265226e-5 ‖Δρ‖ = 1.2227814831325747e-6  ‖vε - vref‖ = 1.369253424388197  α = 0.000381
 269   -27.13961454061   +    -Inf       -5.12    3.72s
    ‖ρε - ρref‖ = 1.0888707381999342e-5 ‖Δρ‖ = 3.1170967860076036e-6  ‖vε - vref‖ = 1.3692534398362457  α = 4.49e-5
 270   -27.13961454061      -13.22       -5.23    3.82s
    ‖ρε - ρref‖ = 1.2512029571119065e-5 ‖Δρ‖ = 1.2292009440118572e-6  ‖vε - vref‖ = 1.3692539917037818  α = 0.000401
 271   -27.13961454061      -13.60       -5.56    3.79s
    ‖ρε - ρref‖ = 1.2522100416383513e-5 ‖Δρ‖ = 6.848109796610417e-7  ‖vε - vref‖ = 1.3692542717654834  α = 0.000501
 272   -27.13961454061      -13.85       -4.57    3.83s
    ‖ρε - ρref‖ = 1.1522254850026239e-5 ‖Δρ‖ = 7.125361737804435e-6  ‖vε - vref‖ = 1.3692544183855782  α = 4.73e-5
 273   -27.13961454061      -13.34       -5.08    3.80s
    ‖ρε - ρref‖ = 1.2250600941164165e-5 ‖Δρ‖ = 1.9824023529853783e-6  ‖vε - vref‖ = 1.3692546821029399  α = 0.000214
 274   -27.13961454061      -13.50       -5.63    3.77s
    ‖ρε - ρref‖ = 1.2174141550735215e-5 ‖Δρ‖ = 4.604747891453498e-7  ‖vε - vref‖ = 1.3692550196073152  α = 0.00102
 275   -27.13961454061      -13.37       -5.74    4.55s
    ‖ρε - ρref‖ = 1.2172237130829803e-5 ‖Δρ‖ = 3.786788152407733e-7  ‖vε - vref‖ = 1.369255509476941  α = 0.00129
 276   -27.13961454061      -13.17       -5.33    3.84s
    ‖ρε - ρref‖ = 1.22140615538322e-5 ‖Δρ‖ = 8.977990036176113e-7  ‖vε - vref‖ = 1.3692563250940595  α = 0.000654
 277   -27.13961454061      -13.41       -5.45    3.77s
    ‖ρε - ρref‖ = 1.2225222658046432e-5 ‖Δρ‖ = 7.886195586848588e-7  ‖vε - vref‖ = 1.3692569577049172  α = 0.000556
 278   -27.13961454061      -13.13       -5.66    3.96s
    ‖ρε - ρref‖ = 1.2211185505411229e-5 ‖Δρ‖ = 3.7271252270961434e-7  ‖vε - vref‖ = 1.3692581945643385  α = 0.00161
 279   -27.13961454061      -13.60       -5.44    3.74s
    ‖ρε - ρref‖ = 1.2378389101579198e-5 ‖Δρ‖ = 8.534904749681902e-7  ‖vε - vref‖ = 1.3692587213973348  α = 0.000397
 280   -27.13961454061      -13.55       -5.28    3.83s
    ‖ρε - ρref‖ = 1.2252483844110616e-5 ‖Δρ‖ = 1.1068421248356785e-6  ‖vε - vref‖ = 1.3692594833306015  α = 0.000387
 281   -27.13961454061      -13.97       -5.17    3.74s
    ‖ρε - ρref‖ = 1.3698839660934925e-5 ‖Δρ‖ = 2.551628431160965e-6  ‖vε - vref‖ = 1.3692596003019162  α = 5.67e-5
 282   -27.13961454061      -13.85       -5.00    3.83s
    ‖ρε - ρref‖ = 1.2046127992055429e-5 ‖Δρ‖ = 2.438030721338457e-6  ‖vε - vref‖ = 1.369259872820418  α = 0.000122
 283   -27.13961454061      -13.67       -5.50    3.80s
    ‖ρε - ρref‖ = 1.2001037415007672e-5 ‖Δρ‖ = 6.435919972876783e-7  ‖vε - vref‖ = 1.36926022683772  α = 0.000632
 284   -27.13961454061      -13.97       -5.22    3.84s
    ‖ρε - ρref‖ = 1.3735180425113672e-5 ‖Δρ‖ = 2.518620002012109e-6  ‖vε - vref‖ = 1.3692602975373214  α = 4.52e-5
 285   -27.13961454061      -13.27       -5.45    3.76s
    ‖ρε - ρref‖ = 1.217752379782455e-5 ‖Δρ‖ = 6.510079960438658e-7  ‖vε - vref‖ = 1.369261355402377  α = 0.000872
 286   -27.13961454061      -13.60       -5.23    3.71s
    ‖ρε - ρref‖ = 1.252367666137372e-5 ‖Δρ‖ = 1.5827629567735556e-6  ‖vε - vref‖ = 1.3692617524156712  α = 0.00021
 287   -27.13961454061      -13.30       -5.60    3.76s
    ‖ρε - ρref‖ = 1.217792451847602e-5 ‖Δρ‖ = 5.173036551990863e-7  ‖vε - vref‖ = 1.3692623131282795  α = 0.00082
 288   -27.13961454061      -13.55       -5.59    4.01s
    ‖ρε - ρref‖ = 1.2209293781015117e-5 ‖Δρ‖ = 4.782284648222629e-7  ‖vε - vref‖ = 1.3692630950318327  α = 0.00101
 289   -27.13961454061      -13.67       -5.65    4.09s
    ‖ρε - ρref‖ = 1.2180890949231504e-5 ‖Δρ‖ = 5.146179717446201e-7  ‖vε - vref‖ = 1.3692635468479146  α = 0.000675
 290   -27.13961454061      -13.60       -5.53    3.88s
    ‖ρε - ρref‖ = 1.2209487482112473e-5 ‖Δρ‖ = 6.213979670780252e-7  ‖vε - vref‖ = 1.3692640239582037  α = 0.000591
 291   -27.13961454061      -13.45       -5.60    3.93s
    ‖ρε - ρref‖ = 1.2233154718883797e-5 ‖Δρ‖ = 4.1594255835333854e-7  ‖vε - vref‖ = 1.3692646508545685  α = 0.000953
 292   -27.13961454061      -13.55       -5.84    3.91s
    ‖ρε - ρref‖ = 1.220889715221338e-5 ‖Δρ‖ = 3.075789749195116e-7  ‖vε - vref‖ = 1.3692649721535401  α = 0.000995
 293   -27.13961454061   +    -Inf       -5.12    34.9s
    ‖ρε - ρref‖ = 1.1225836953084939e-5 ‖Δρ‖ = 2.510050256261913e-6  ‖vε - vref‖ = 1.3692649721975536  α = 3.77e-8
 294   -27.13961454061   +    -Inf       -4.99    4.70s
    ‖ρε - ρref‖ = 1.2961597129264861e-5 ‖Δρ‖ = 2.344179331993084e-6  ‖vε - vref‖ = 1.3692653127043315  α = 0.00012
Trying again with Newton's method ...
n     Energy            log10(ΔE)   log10(Δρ)   Δtime 
---   ---------------   ---------   ---------   ------
  1   -27.13961454061                   -8.09     325s
    ‖ρε - ρref‖ = 1.2194063399610066e-5 ‖Δρ‖ = 9.42445588793125e-10  ‖vε - vref‖ = 1.3692625274891816
  2   -27.13961454061      -12.91       -8.30     316s
    ‖ρε - ρref‖ = 1.2193999525350599e-5 ‖Δρ‖ = 6.072478232513175e-10  ‖vε - vref‖ = 1.3692616693201987
    Stopping to avoid numerical instabilities.

#-- ‖ρε - ρref‖ = 1.2193999525350599e-5 vs. 3.162277660168379e-8 = δ*ε ‖vε - vref‖ = 1.3692616693201987


# --- ε=1.778279410038923e-6

n     Energy            log10(ΔE)   log10(Δρ)   Δtime 
---   ---------------   ---------   ---------   ------
  1   -27.13959540608                   -0.11    6.10s
    ‖ρε - ρref‖ = 0.39550250039994034 ‖Δρ‖ = 0.3954969442725941  ‖vε - vref‖ = 2.37174076852546  α = 1.22e-5
  2   -27.13959618554       -6.11       -1.05    3.46s
    ‖ρε - ρref‖ = 0.0346851675034364 ‖Δρ‖ = 0.034683818258495015  ‖vε - vref‖ = 2.11887008920013  α = 4.04e-5
  3   -27.13959696002       -6.11       -0.89    3.42s
    ‖ρε - ρref‖ = 0.05162248678827249 ‖Δρ‖ = 0.051620356275236486  ‖vε - vref‖ = 1.7925125477347699  α = 2.9e-5
  4   -27.13959757903       -6.21       -1.44    3.45s
    ‖ρε - ρref‖ = 0.009114789766981496 ‖Δρ‖ = 0.009113220621429921  ‖vε - vref‖ = 1.5628604876758263  α = 0.000151
  5   -27.13959777473       -6.71       -1.94    3.62s
    ‖ρε - ρref‖ = 0.003072278222378575 ‖Δρ‖ = 0.0030708317951639637  ‖vε - vref‖ = 1.4951285134453414  α = 0.000243
  6   -27.13959804385       -6.57       -1.63    3.64s
    ‖ρε - ρref‖ = 0.004906894154844726 ‖Δρ‖ = 0.004905441565031355  ‖vε - vref‖ = 1.3816415791790586  α = 0.000185
  7   -27.13959813375       -7.05       -2.05    3.68s
    ‖ρε - ρref‖ = 0.0020740118711387564 ‖Δρ‖ = 0.0020734786118090606  ‖vε - vref‖ = 1.3408235081258717  α = 0.000251
  8   -27.13959816002       -7.58       -2.25    3.62s
    ‖ρε - ρref‖ = 0.0014605671845609994 ‖Δρ‖ = 0.00146035618503644  ‖vε - vref‖ = 1.330214451199128  α = 0.000197
  9   -27.13959819966       -7.40       -2.40    3.78s
    ‖ρε - ρref‖ = 0.0008868509954039613 ‖Δρ‖ = 0.0008862981731285182  ‖vε - vref‖ = 1.3138548800529823  α = 0.000395
 10   -27.13959821906       -7.71       -2.37    3.63s
    ‖ρε - ρref‖ = 0.0010341876999268567 ‖Δρ‖ = 0.0010338977367537051  ‖vε - vref‖ = 1.3065706968704187  α = 0.00024
 11   -27.13959825262       -7.47       -2.56    3.80s
    ‖ρε - ρref‖ = 0.0005717120449450139 ‖Δρ‖ = 0.0005708606854146391  ‖vε - vref‖ = 1.294516717157049  α = 0.000555
 12   -27.13959825475       -8.67       -2.17    3.71s
    ‖ρε - ρref‖ = 0.0031973275111716196 ‖Δρ‖ = 0.0032028229479461575  ‖vε - vref‖ = 1.2936857592492916  α = 2.23e-5
 13   -27.13959827081       -7.79       -2.32    3.65s
    ‖ρε - ρref‖ = 0.0011353473220759925 ‖Δρ‖ = 0.0011344585111132534  ‖vε - vref‖ = 1.287832851088398  α = 0.0002
 14   -27.13959827255       -8.76       -2.06    3.73s
    ‖ρε - ρref‖ = 0.004186705045582971 ‖Δρ‖ = 0.004186562251050325  ‖vε - vref‖ = 1.2869752161445396  α = 1.46e-5
 15   -27.13959828751       -7.83       -2.72    3.62s
    ‖ρε - ρref‖ = 0.0003666902859399804 ‖Δρ‖ = 0.00036602943345272106  ‖vε - vref‖ = 1.2826626559262484  α = 0.0006
 16   -27.13959829722       -8.01       -2.84    4.22s
    ‖ρε - ρref‖ = 0.00033393206660417617 ‖Δρ‖ = 0.0003333510046520869  ‖vε - vref‖ = 1.280442217710778  α = 0.000527
 17   -27.13959830037       -8.50       -2.53    4.37s
    ‖ρε - ρref‖ = 0.0008103309843419702 ‖Δρ‖ = 0.0008106524455909704  ‖vε - vref‖ = 1.2798319258324837  α = 0.000116
 18   -27.13959831274       -7.91       -2.82    3.71s
    ‖ρε - ρref‖ = 0.0002919848507554994 ‖Δρ‖ = 0.00029137600591233473  ‖vε - vref‖ = 1.2781332482769845  α = 0.000678
 19   -27.13959831774       -8.30       -2.70    3.83s
    ‖ρε - ρref‖ = 0.0004129982119542008 ‖Δρ‖ = 0.0004132525672625387  ‖vε - vref‖ = 1.2773523925948271  α = 0.000301
 20   -27.13959832358       -8.23       -2.69    3.76s
    ‖ρε - ρref‖ = 0.00043033805129085215 ‖Δρ‖ = 0.00043016478218563454  ‖vε - vref‖ = 1.2771382903671251  α = 0.000314
 21   -27.13959833112       -8.12       -2.60    3.76s
    ‖ρε - ρref‖ = 0.00047684975814654956 ‖Δρ‖ = 0.0004763749688561755  ‖vε - vref‖ = 1.2763992151192685  α = 0.000323
 22   -27.13959833383       -8.57       -2.85    3.68s
    ‖ρε - ρref‖ = 0.000365324092517555 ‖Δρ‖ = 0.00036481173264917965  ‖vε - vref‖ = 1.2763817243344797  α = 0.000253
 23   -27.13959834184       -8.10       -2.90    4.04s
    ‖ρε - ρref‖ = 0.0002115336899539913 ‖Δρ‖ = 0.00021174725954336415  ‖vε - vref‖ = 1.2764955018146389  α = 0.000753
 24   -27.13959834334       -8.82       -2.42    3.70s
    ‖ρε - ρref‖ = 0.0010920793153599085 ‖Δρ‖ = 0.0010948853538771406  ‖vε - vref‖ = 1.276502152983775  α = 5.97e-5
 25   -27.13959834421       -9.06       -2.19    3.81s
    ‖ρε - ρref‖ = 0.002219513182082565 ‖Δρ‖ = 0.0022147897358300375  ‖vε - vref‖ = 1.2764062967889513  α = 2.08e-5
 26   -27.13959834462       -9.39       -3.01    3.62s
    ‖ρε - ρref‖ = 0.0003829802528412631 ‖Δρ‖ = 0.0003817212987187237  ‖vε - vref‖ = 1.2765512008107938  α = 7.92e-5
 27   -27.13959834687       -8.65       -2.38    3.67s
    ‖ρε - ρref‖ = 0.000940484732301782 ‖Δρ‖ = 0.0009394052198886779  ‖vε - vref‖ = 1.2768266523980052  α = 8.81e-5
 28   -27.13959835066       -8.42       -3.16    3.88s
    ‖ρε - ρref‖ = 0.00012875799529071358 ‖Δρ‖ = 0.0001293699967663682  ‖vε - vref‖ = 1.2778603476047175  α = 0.000845
 29   -27.13959835216       -8.82       -2.76    3.62s
    ‖ρε - ρref‖ = 0.00043916768819942244 ‖Δρ‖ = 0.00043857211904851326  ‖vε - vref‖ = 1.2784277858142965  α = 0.000151
 30   -27.13959835669       -8.34       -2.81    3.70s
    ‖ρε - ρref‖ = 0.0002962804254919781 ‖Δρ‖ = 0.00029569791333060677  ‖vε - vref‖ = 1.2797266213214964  α = 0.000391
 31   -27.13959835924       -8.59       -3.07    3.64s
    ‖ρε - ρref‖ = 0.00017255523953876653 ‖Δρ‖ = 0.0001719005575141532  ‖vε - vref‖ = 1.2806707397773913  α = 0.000519
 32   -27.13959836108       -8.73       -2.85    3.74s
    ‖ρε - ρref‖ = 0.0003034351928970855 ‖Δρ‖ = 0.0003035302998370762  ‖vε - vref‖ = 1.2814426361474516  α = 0.000254
 33   -27.13959836299       -8.72       -2.79    3.79s
    ‖ρε - ρref‖ = 0.0002950451604252387 ‖Δρ‖ = 0.00029512620318650554  ‖vε - vref‖ = 1.2822343390212683  α = 0.000269
 34   -27.13959836465       -8.78       -3.21    3.77s
    ‖ρε - ρref‖ = 0.00012107333583739764 ‖Δρ‖ = 0.00012043553064932339  ‖vε - vref‖ = 1.2831527604806758  α = 0.000587
 35   -27.13959836605       -8.85       -3.01    3.84s
    ‖ρε - ρref‖ = 0.00021314309608450868 ‖Δρ‖ = 0.00021290781263835597  ‖vε - vref‖ = 1.283836941677504  α = 0.000305
 36   -27.13959836639       -9.47       -2.74    3.82s
    ‖ρε - ρref‖ = 0.0006398227223356819 ‖Δρ‖ = 0.0006350140657777663  ‖vε - vref‖ = 1.2840754748941923  α = 4.72e-5
 37   -27.13959836769       -8.89       -2.43    3.69s
    ‖ρε - ρref‖ = 0.0008198020965416922 ‖Δρ‖ = 0.0008218371146403642  ‖vε - vref‖ = 1.2848262732149576  α = 7.19e-5
 38   -27.13959836797       -9.55       -2.54    3.86s
    ‖ρε - ρref‖ = 0.0010092974166381564 ‖Δρ‖ = 0.0010100692201660429  ‖vε - vref‖ = 1.2850203948182937  α = 2.54e-5
 39   -27.13959836870       -9.14       -2.64    3.84s
    ‖ρε - ρref‖ = 0.0005826029671906905 ‖Δρ‖ = 0.00058163736152845  ‖vε - vref‖ = 1.2853878232314178  α = 7.58e-5
 40   -27.13959837035       -8.78       -3.19    3.76s
    ‖ρε - ρref‖ = 0.00012279041574308995 ‖Δρ‖ = 0.0001226446434238906  ‖vε - vref‖ = 1.2865189007668356  α = 0.000585
 41   -27.13959837107       -9.14       -3.27    3.81s
    ‖ρε - ρref‖ = 0.000125602879064651 ‖Δρ‖ = 0.00012613242647767193  ‖vε - vref‖ = 1.2870906752505908  α = 0.000362
 42   -27.13959837163       -9.25       -2.97    3.62s
    ‖ρε - ρref‖ = 0.00026653713061063284 ‖Δρ‖ = 0.0002659948215488378  ‖vε - vref‖ = 1.2875405375052962  α = 0.000153
 43   -27.13959837371       -8.68       -3.06    3.67s
    ‖ρε - ρref‖ = 0.00013847576276357828 ‖Δρ‖ = 0.00013769938270767805  ‖vε - vref‖ = 1.2893696972221906  α = 0.000598
 44   -27.13959837519       -8.83       -3.37    3.78s
    ‖ρε - ρref‖ = 7.008193174032946e-5 ‖Δρ‖ = 7.037462036448778e-5  ‖vε - vref‖ = 1.2907413820860616  α = 0.00098
 45   -27.13959837596       -9.11       -3.35    3.74s
    ‖ρε - ρref‖ = 8.627906615952022e-5 ‖Δρ‖ = 8.504614029641431e-5  ‖vε - vref‖ = 1.2915287438445768  α = 0.000583
 46   -27.13959837668       -9.15       -2.92    3.72s
    ‖ρε - ρref‖ = 0.00021934252924933834 ‖Δρ‖ = 0.00021884615175782923  ‖vε - vref‖ = 1.2922327481437708  α = 0.000221
 47   -27.13959837734       -9.18       -3.08    3.68s
    ‖ρε - ρref‖ = 0.0001416845199873799 ‖Δρ‖ = 0.00014243291015564278  ‖vε - vref‖ = 1.292886441918944  α = 0.000326
 48   -27.13959837739      -10.28       -3.11    3.72s
    ‖ρε - ρref‖ = 0.0003071360359941862 ‖Δρ‖ = 0.0003022893656890176  ‖vε - vref‖ = 1.292947422960929  α = 3.82e-5
 49   -27.13959837772       -9.48       -2.99    3.75s
    ‖ρε - ρref‖ = 0.0002642116456811644 ‖Δρ‖ = 0.0002659019749833625  ‖vε - vref‖ = 1.2933409032039274  α = 0.000116
 50   -27.13959837782      -10.02       -2.77    3.73s
    ‖ρε - ρref‖ = 0.0005974136428799377 ‖Δρ‖ = 0.0005987426654620701  ‖vε - vref‖ = 1.2934741133910657  α = 2.39e-5
 51   -27.13959837824       -9.37       -2.90    3.64s
    ‖ρε - ρref‖ = 0.00025533688882836784 ‖Δρ‖ = 0.0002542319371542842  ‖vε - vref‖ = 1.2939894801264191  α = 0.000141
 52   -27.13959837856       -9.50       -3.12    3.66s
    ‖ρε - ρref‖ = 0.00017260627559392082 ‖Δρ‖ = 0.00017239862549534574  ‖vε - vref‖ = 1.2943936075620202  α = 0.000176
 53   -27.13959837887       -9.51       -3.35    3.66s
    ‖ρε - ρref‖ = 9.761552338333149e-5 ‖Δρ‖ = 9.684832936659067e-5  ‖vε - vref‖ = 1.2948231096321947  α = 0.000314
 54   -27.13959837949       -9.21       -3.50    3.71s
    ‖ρε - ρref‖ = 5.18090393069941e-5 ‖Δρ‖ = 5.158981701557631e-5  ‖vε - vref‖ = 1.2957594014836398  α = 0.000839
 55   -27.13959837970       -9.68       -3.01    3.70s
    ‖ρε - ρref‖ = 0.00022957445855065832 ‖Δρ‖ = 0.00023021278118391488  ‖vε - vref‖ = 1.2960560109871195  α = 0.000108
 56   -27.13959838018       -9.32       -3.34    3.70s
    ‖ρε - ρref‖ = 8.251655664519987e-5 ‖Δρ‖ = 8.17370151312315e-5  ‖vε - vref‖ = 1.29682770601264  α = 0.000484
 57   -27.13959838077       -9.23       -3.42    3.61s
    ‖ρε - ρref‖ = 6.280167351989205e-5 ‖Δρ‖ = 6.142054106450904e-5  ‖vε - vref‖ = 1.2977970714191633  α = 0.000708
 58   -27.13959838105       -9.55       -3.48    3.70s
    ‖ρε - ρref‖ = 6.565287870968401e-5 ‖Δρ‖ = 6.618786955437086e-5  ‖vε - vref‖ = 1.2982785687485017  α = 0.00044
 59   -27.13959838144       -9.41       -3.59    3.71s
    ‖ρε - ρref‖ = 4.391958927926116e-5 ‖Δρ‖ = 4.179841897018611e-5  ‖vε - vref‖ = 1.298991432445138  α = 0.000807
 60   -27.13959838150      -10.24       -2.60    3.83s
    ‖ρε - ρref‖ = 0.0008077826643926178 ‖Δρ‖ = 0.000812567204518442  ‖vε - vref‖ = 1.2990811547105252  α = 1.5e-5
 61   -27.13959838159      -10.05       -3.32    3.78s
    ‖ρε - ρref‖ = 0.00012127616774985944 ‖Δρ‖ = 0.00012123684889804305  ‖vε - vref‖ = 1.2992522118390841  α = 0.000128
 62   -27.13959838170       -9.95       -2.61    3.74s
    ‖ρε - ρref‖ = 0.0005501615570176815 ‖Δρ‖ = 0.0005485480346726427  ‖vε - vref‖ = 1.2994509391665636  α = 3.03e-5
 63   -27.13959838195       -9.59       -3.16    3.73s
    ‖ρε - ρref‖ = 0.00012412642666535518 ‖Δρ‖ = 0.00012441972213882537  ‖vε - vref‖ = 1.2999173200192589  α = 0.000222
 64   -27.13959838203      -10.11       -3.45    3.75s
    ‖ρε - ρref‖ = 9.246033340210068e-5 ‖Δρ‖ = 9.15940817824684e-5  ‖vε - vref‖ = 1.3000654366560327  α = 0.000165
 65   -27.13959838218       -9.84       -3.53    3.74s
    ‖ρε - ρref‖ = 5.8650280414727384e-5 ‖Δρ‖ = 5.830438303618665e-5  ‖vε - vref‖ = 1.3003659802848333  α = 0.000354
 66   -27.13959838237       -9.72       -3.42    3.63s
    ‖ρε - ρref‖ = 6.764115301417369e-5 ‖Δρ‖ = 6.747793595297064e-5  ‖vε - vref‖ = 1.3007514115601877  α = 0.000362
 67   -27.13959838248       -9.97       -3.43    3.63s
    ‖ρε - ρref‖ = 8.172653552746537e-5 ‖Δρ‖ = 8.154814034708858e-5  ‖vε - vref‖ = 1.3009791289474242  α = 0.000223
 68   -27.13959838257      -10.05       -3.42    4.22s
    ‖ρε - ρref‖ = 8.5375961454891e-5 ‖Δρ‖ = 8.594802774072809e-5  ‖vε - vref‖ = 1.3011729421781972  α = 0.000186
 69   -27.13959838281       -9.61       -3.36    3.61s
    ‖ρε - ρref‖ = 7.151344923774922e-5 ‖Δρ‖ = 7.108552998304341e-5  ‖vε - vref‖ = 1.301718881438574  α = 0.000395
 70   -27.13959838297       -9.80       -3.71    3.55s
    ‖ρε - ρref‖ = 3.550339004670611e-5 ‖Δρ‖ = 3.4158541745464e-5  ‖vε - vref‖ = 1.3020994323418593  α = 0.000662
 71   -27.13959838312       -9.82       -3.67    3.73s
    ‖ρε - ρref‖ = 3.8068443308750225e-5 ‖Δρ‖ = 3.9332309705819166e-5  ‖vε - vref‖ = 1.3024684827076007  α = 0.000545
 72   -27.13959838316      -10.43       -2.66    3.63s
    ‖ρε - ρref‖ = 0.0006474293536844403 ‖Δρ‖ = 0.0006427159948006733  ‖vε - vref‖ = 1.302559185530525  α = 1.51e-5
 73   -27.13959838319      -10.51       -3.63    3.58s
    ‖ρε - ρref‖ = 6.93305594376976e-5 ‖Δρ‖ = 6.804109425030397e-5  ‖vε - vref‖ = 1.3026386948128843  α = 0.000127
 74   -27.13959838327      -10.08       -2.82    3.85s
    ‖ρε - ρref‖ = 0.00031279017380912006 ‖Δρ‖ = 0.00031419839319862195  ‖vε - vref‖ = 1.3028381348077682  α = 4.84e-5
 75   -27.13959838339       -9.95       -3.78    3.94s
    ‖ρε - ρref‖ = 3.360326212277265e-5 ‖Δρ‖ = 3.155416905295206e-5  ‖vε - vref‖ = 1.3031321298480143  α = 0.000578
 76   -27.13959838347      -10.07       -3.30    4.59s
    ‖ρε - ρref‖ = 0.00010441025437907032 ‖Δρ‖ = 0.0001043654692138537  ‖vε - vref‖ = 1.3033489588934166  α = 0.000155
 77   -27.13959838356      -10.04       -3.59    3.72s
    ‖ρε - ρref‖ = 5.153999150365162e-5 ‖Δρ‖ = 5.156357601616856e-5  ‖vε - vref‖ = 1.303583544532355  α = 0.000329
 78   -27.13959838361      -10.28       -3.45    4.12s
    ‖ρε - ρref‖ = 7.544546854238946e-5 ‖Δρ‖ = 7.561700259408131e-5  ‖vε - vref‖ = 1.3037165077478658  α = 0.000166
 79   -27.13959838371      -10.02       -3.82    4.43s
    ‖ρε - ρref‖ = 2.9280280846428057e-5 ‖Δρ‖ = 2.7857501843362284e-5  ‖vε - vref‖ = 1.3039764433897756  α = 0.00063
 80   -27.13959838374      -10.46       -3.48    4.36s
    ‖ρε - ρref‖ = 8.268020143373848e-5 ‖Δρ‖ = 8.148199760953747e-5  ‖vε - vref‖ = 1.304075390387287  α = 0.000123
 81   -27.13959838385       -9.96       -3.73    3.62s
    ‖ρε - ρref‖ = 3.494934017884034e-5 ‖Δρ‖ = 3.4754961422894306e-5  ‖vε - vref‖ = 1.304372169210777  α = 0.000518
 82   -27.13959838392      -10.15       -3.71    3.78s
    ‖ρε - ρref‖ = 3.914946352159871e-5 ‖Δρ‖ = 3.896743634953063e-5  ‖vε - vref‖ = 1.3045673217530178  α = 0.000381
 83   -27.13959838394      -10.70       -3.88    3.79s
    ‖ρε - ρref‖ = 4.471109688367937e-5 ‖Δρ‖ = 3.988909435561178e-5  ‖vε - vref‖ = 1.3046282092437396  α = 0.00018
 84   -27.13959838401      -10.19       -2.87    3.71s
    ‖ρε - ρref‖ = 0.0002716124596966501 ‖Δρ‖ = 0.00027339420676552695  ‖vε - vref‖ = 1.3048061612738255  α = 5.1e-5
 85   -27.13959838402      -10.85       -3.38    3.72s
    ‖ρε - ρref‖ = 0.0001342433530222478 ‖Δρ‖ = 0.00013569284958792966  ‖vε - vref‖ = 1.3048470277488733  α = 4.22e-5
 86   -27.13959838407      -10.36       -3.12    3.77s
    ‖ρε - ρref‖ = 0.00017011390875706559 ‖Δρ‖ = 0.0001689052260774987  ‖vε - vref‖ = 1.3049668594858979  α = 6.59e-5
 87   -27.13959838413      -10.19       -4.07    3.96s
    ‖ρε - ρref‖ = 1.6980767930262298e-5 ‖Δρ‖ = 1.6009097628381025e-5  ‖vε - vref‖ = 1.3051493299905421  α = 0.000864
 88   -27.13959838419      -10.22       -3.74    3.96s
    ‖ρε - ρref‖ = 3.528249015676493e-5 ‖Δρ‖ = 3.418170750536627e-5  ‖vε - vref‖ = 1.3053158752752614  α = 0.000398
 89   -27.13959838423      -10.42       -3.45    3.75s
    ‖ρε - ρref‖ = 7.833468400144066e-5 ‖Δρ‖ = 7.849574288917505e-5  ‖vε - vref‖ = 1.3054206139014526  α = 0.000132
 90   -27.13959838426      -10.46       -3.96    3.73s
    ‖ρε - ρref‖ = 2.5940281212273752e-5 ‖Δρ‖ = 2.4134498621665315e-5  ‖vε - vref‖ = 1.3055198019991137  α = 0.000422
 91   -27.13959838430      -10.49       -3.74    3.81s
    ‖ρε - ρref‖ = 3.841924634737803e-5 ‖Δρ‖ = 3.753359151805379e-5  ‖vε - vref‖ = 1.3056102583316165  α = 0.00027
 92   -27.13959838435      -10.25       -3.63    3.74s
    ‖ρε - ρref‖ = 4.2480495232579344e-5 ‖Δρ‖ = 4.3143748466256824e-5  ‖vε - vref‖ = 1.3057612944322814  α = 0.000304
 93   -27.13959838437      -10.77       -3.51    4.00s
    ‖ρε - ρref‖ = 7.258704607205229e-5 ‖Δρ‖ = 7.209283322703144e-5  ‖vε - vref‖ = 1.3058073516575903  α = 9.86e-5
 94   -27.13959838441      -10.41       -4.16    4.26s
    ‖ρε - ρref‖ = 1.6799727997177057e-5 ‖Δρ‖ = 1.3542560089294976e-5  ‖vε - vref‖ = 1.3059291959352557  α = 0.000821
 95   -27.13959838441      -11.52       -3.49    3.60s
    ‖ρε - ρref‖ = 0.00012646138895196818 ‖Δρ‖ = 0.00013121876483286653  ‖vε - vref‖ = 1.3059370994017965  α = 2.1e-5
 96   -27.13959838444      -10.52       -3.76    3.70s
    ‖ρε - ρref‖ = 3.6416166054502e-5 ‖Δρ‖ = 3.6474865135573955e-5  ‖vε - vref‖ = 1.3060249819545622  α = 0.00026
 97   -27.13959838445      -11.16       -3.16    4.23s
    ‖ρε - ρref‖ = 0.00023844489730470142 ‖Δρ‖ = 0.00023655426373598445  ‖vε - vref‖ = 1.3060446474882272  α = 1.66e-5
 98   -27.13959838448      -10.48       -4.03    3.99s
    ‖ρε - ρref‖ = 1.9267329116660906e-5 ‖Δρ‖ = 1.861504543781401e-5  ‖vε - vref‖ = 1.3061427291817507  α = 0.000534
 99   -27.13959838450      -10.72       -3.96    4.11s
    ‖ρε - ρref‖ = 2.74443212120906e-5 ‖Δρ‖ = 2.604282085803562e-5  ‖vε - vref‖ = 1.3061996732933598  α = 0.000288
 100   -27.13959838452      -10.70       -4.05    3.77s
    ‖ρε - ρref‖ = 2.1875000019197344e-5 ‖Δρ‖ = 2.0608849781114603e-5  ‖vε - vref‖ = 1.3062611326296139  α = 0.000384
 101   -27.13959838454      -10.69       -3.89    3.73s
    ‖ρε - ρref‖ = 3.0467713584067075e-5 ‖Δρ‖ = 2.8885965667866118e-5  ‖vε - vref‖ = 1.3063233898516478  α = 0.000266
 102   -27.13959838457      -10.50       -3.68    3.73s
    ‖ρε - ρref‖ = 4.0855660194741196e-5 ‖Δρ‖ = 4.068141836756028e-5  ‖vε - vref‖ = 1.3064119191321786  α = 0.00023
 103   -27.13959838459      -10.74       -4.11    3.84s
    ‖ρε - ρref‖ = 1.573240344025994e-5 ‖Δρ‖ = 1.4641658896773621e-5  ‖vε - vref‖ = 1.3064613458715482  α = 0.000511
 104   -27.13959838460      -10.88       -3.69    4.69s
    ‖ρε - ρref‖ = 4.5563891584203924e-5 ‖Δρ‖ = 4.4562539991310684e-5  ‖vε - vref‖ = 1.3064976408096927  α = 0.000144
 105   -27.13959838461      -11.09       -3.99    3.94s
    ‖ρε - ρref‖ = 2.5024179364398852e-5 ‖Δρ‖ = 2.40033904496427e-5  ‖vε - vref‖ = 1.306519952706425  α = 0.000208
 106   -27.13959838463      -10.72       -3.98    3.75s
    ‖ρε - ρref‖ = 2.2015830548538214e-5 ‖Δρ‖ = 2.282975385742917e-5  ‖vε - vref‖ = 1.3065726005584644  α = 0.000331
 107   -27.13959838464      -11.13       -3.08    3.65s
    ‖ρε - ρref‖ = 0.0002545034551109315 ‖Δρ‖ = 0.0002499216943086213  ‖vε - vref‖ = 1.3065940872386663  α = 1.73e-5
 108   -27.13959838465      -10.80       -3.85    3.70s
    ‖ρε - ρref‖ = 3.455391049154121e-5 ‖Δρ‖ = 3.3012428606552907e-5  ‖vε - vref‖ = 1.3066366102170979  α = 0.000194
 109   -27.13959838467      -10.85       -2.99    3.68s
    ‖ρε - ρref‖ = 0.0002433859289663281 ‖Δρ‖ = 0.0002454899928259762  ‖vε - vref‖ = 1.306669401662106  α = 2.42e-5
 110   -27.13959838469      -10.75       -4.36    3.87s
    ‖ρε - ρref‖ = 1.1743252720114083e-5 ‖Δρ‖ = 8.81917706043519e-6  ‖vε - vref‖ = 1.306715600542268  α = 0.000843
 111   -27.13959838470      -10.81       -4.23    3.76s
    ‖ρε - ρref‖ = 1.2686190029359053e-5 ‖Δρ‖ = 1.1300241953549447e-5  ‖vε - vref‖ = 1.3067498430396849  α = 0.00062
 112   -27.13959838471      -11.17       -4.13    3.70s
    ‖ρε - ρref‖ = 2.0678725618153875e-5 ‖Δρ‖ = 1.9085710273266042e-5  ‖vε - vref‖ = 1.3067645019314684  α = 0.000236
 113   -27.13959838472      -11.17       -4.07    3.71s
    ‖ρε - ρref‖ = 2.0494281877632584e-5 ‖Δρ‖ = 1.9805425692483933e-5  ‖vε - vref‖ = 1.3067788636452924  α = 0.000224
 114   -27.13959838473      -10.98       -4.07    3.75s
    ‖ρε - ρref‖ = 2.0016183807992965e-5 ‖Δρ‖ = 1.8615548389680407e-5  ‖vε - vref‖ = 1.3067993184260167  α = 0.000296
 115   -27.13959838474      -10.78       -4.06    3.84s
    ‖ρε - ρref‖ = 1.763805843001345e-5 ‖Δρ‖ = 1.6489973135181138e-5  ‖vε - vref‖ = 1.3068293681406027  α = 0.000436
 116   -27.13959838475      -11.12       -3.93    3.80s
    ‖ρε - ρref‖ = 2.7481559392245704e-5 ‖Δρ‖ = 2.732906767528746e-5  ‖vε - vref‖ = 1.3068433818043999  α = 0.000172
 117   -27.13959838476      -11.01       -3.93    3.74s
    ‖ρε - ρref‖ = 2.6737554362222676e-5 ‖Δρ‖ = 2.5962237601935255e-5  ‖vε - vref‖ = 1.306861553269069  α = 0.000205
 118   -27.13959838476      -11.95       -3.85    3.79s
    ‖ρε - ρref‖ = 5.947373282208462e-5 ‖Δρ‖ = 5.4420298737230825e-5  ‖vε - vref‖ = 1.306864215040786  α = 3.1e-5
 119   -27.13959838477      -11.33       -3.76    3.74s
    ‖ρε - ρref‖ = 4.2867519745937845e-5 ‖Δρ‖ = 4.290279457034066e-5  ‖vε - vref‖ = 1.3068735185884164  α = 8.7e-5
 120   -27.13959838477      -11.76       -3.87    3.72s
    ‖ρε - ρref‖ = 4.614561393275414e-5 ‖Δρ‖ = 4.7798454577896964e-5  ‖vε - vref‖ = 1.3068770465495712  α = 4.14e-5
 121   -27.13959838478      -10.86       -3.62    3.87s
    ‖ρε - ρref‖ = 4.334071643703941e-5 ‖Δρ‖ = 4.139978159808872e-5  ‖vε - vref‖ = 1.3069051243794914  α = 0.000159
 122   -27.13959838480      -10.82       -4.17    3.66s
    ‖ρε - ρref‖ = 1.3733115395277578e-5 ‖Δρ‖ = 1.2390041445354764e-5  ‖vε - vref‖ = 1.3069325861853494  α = 0.000555
 123   -27.13959838481      -10.85       -4.40    3.63s
    ‖ρε - ρref‖ = 9.944001860927213e-6 ‖Δρ‖ = 7.758041734325447e-6  ‖vε - vref‖ = 1.306953579657186  α = 0.000829
 124   -27.13959838482      -10.91       -4.14    3.68s
    ‖ρε - ρref‖ = 1.5577991379502098e-5 ‖Δρ‖ = 1.3528890415777706e-5  ‖vε - vref‖ = 1.3069730946717535  α = 0.000455
 125   -27.13959838483      -11.36       -4.11    4.05s
    ‖ρε - ρref‖ = 2.2637662164793764e-5 ‖Δρ‖ = 2.0816171870822596e-5  ‖vε - vref‖ = 1.3069794604756757  α = 0.000167
 126   -27.13959838484      -10.89       -4.11    3.91s
    ‖ρε - ρref‖ = 1.459344479192451e-5 ‖Δρ‖ = 1.3767565372910334e-5  ‖vε - vref‖ = 1.3069941168494643  α = 0.00045
 127   -27.13959838485      -11.20       -4.11    3.78s
    ‖ρε - ρref‖ = 1.8027419091050514e-5 ‖Δρ‖ = 1.653306780580479e-5  ‖vε - vref‖ = 1.3070017786449202  α = 0.000269
 128   -27.13959838485      -11.35       -4.04    3.78s
    ‖ρε - ρref‖ = 2.304444211668548e-5 ‖Δρ‖ = 2.0904336436132898e-5  ‖vε - vref‖ = 1.3070075330398274  α = 0.000176
 129   -27.13959838485      -11.63       -4.11    3.70s
    ‖ρε - ρref‖ = 2.6879304786602398e-5 ‖Δρ‖ = 2.3297688974613317e-5  ‖vε - vref‖ = 1.3070101316195633  α = 0.000112
 130   -27.13959838485      -11.88       -3.59    3.62s
    ‖ρε - ρref‖ = 8.54464189129385e-5 ‖Δρ‖ = 8.926781148837373e-5  ‖vε - vref‖ = 1.307010880742435  α = 1.97e-5
 131   -27.13959838486      -11.52       -4.24    3.82s
    ‖ρε - ρref‖ = 1.3941675523878235e-5 ‖Δρ‖ = 1.4349113020340361e-5  ‖vε - vref‖ = 1.3070129284188368  α = 0.000193
 132   -27.13959838486      -11.40       -3.31    3.62s
    ‖ρε - ρref‖ = 0.00010827250643633171 ‖Δρ‖ = 0.0001068313163693202  ‖vε - vref‖ = 1.307015481054281  α = 3.05e-5
 133   -27.13959838486      -11.51       -4.11    3.78s
    ‖ρε - ρref‖ = 1.903939060122836e-5 ‖Δρ‖ = 1.8297905076063718e-5  ‖vε - vref‖ = 1.3070169379880816  α = 0.00017
 134   -27.13959838487      -11.23       -4.48    3.69s
    ‖ρε - ρref‖ = 9.813390173112514e-6 ‖Δρ‖ = 6.678312370256292e-6  ‖vε - vref‖ = 1.307019433987932  α = 0.000632
 135   -27.13959838488      -11.11       -4.24    3.88s
    ‖ρε - ρref‖ = 1.237202495800039e-5 ‖Δρ‖ = 9.923133266133548e-6  ‖vε - vref‖ = 1.3070201925427978  α = 0.000497
 136   -27.13959838488      -11.17       -4.55    3.82s
    ‖ρε - ρref‖ = 8.356242948964607e-6 ‖Δρ‖ = 5.0595839562089466e-6  ‖vε - vref‖ = 1.3070179125584382  α = 0.000914
 137   -27.13959838489      -11.72       -4.35    3.78s
    ‖ρε - ρref‖ = 1.3033583322255958e-5 ‖Δρ‖ = 1.1939368036651463e-5  ‖vε - vref‖ = 1.307017005427485  α = 0.000192
 138   -27.13959838489      -11.37       -4.26    3.78s
    ‖ρε - ρref‖ = 1.355706585763127e-5 ‖Δρ‖ = 1.1334437492610944e-5  ‖vε - vref‖ = 1.3070147754946755  α = 0.000319
 139   -27.13959838490      -11.35       -4.32    3.80s
    ‖ρε - ρref‖ = 1.144850671418654e-5 ‖Δρ‖ = 8.681748511942093e-6  ‖vε - vref‖ = 1.3070127583795386  α = 0.000421
 140   -27.13959838490      -11.91       -4.17    3.71s
    ‖ρε - ρref‖ = 1.9307839191147135e-5 ‖Δρ‖ = 1.7566743538764488e-5  ‖vε - vref‖ = 1.3070117057868975  α = 0.000112
 141   -27.13959838490      -12.42       -4.06    3.80s
    ‖ρε - ρref‖ = 3.165103648205153e-5 ‖Δρ‖ = 3.6332369601830577e-5  ‖vε - vref‖ = 1.3070111259843649  α = 2.59e-5
 142   -27.13959838490      -11.49       -4.17    3.68s
    ‖ρε - ρref‖ = 1.5217911903812231e-5 ‖Δρ‖ = 1.4396105432707396e-5  ‖vε - vref‖ = 1.3070079324251604  α = 0.000207
 143   -27.13959838490      -11.99       -3.63    3.64s
    ‖ρε - ρref‖ = 7.600874129337248e-5 ‖Δρ‖ = 7.342314847485136e-5  ‖vε - vref‖ = 1.3070069074719342  α = 2.12e-5
 144   -27.13959838490      -11.40       -4.03    3.87s
    ‖ρε - ρref‖ = 1.947731140827322e-5 ‖Δρ‖ = 1.853660776177088e-5  ‖vε - vref‖ = 1.3070026505360253  α = 0.000184
 145   -27.13959838491      -11.48       -4.21    4.19s
    ‖ρε - ρref‖ = 1.4812809482631143e-5 ‖Δρ‖ = 1.2018919048924884e-5  ‖vε - vref‖ = 1.306999999060932  α = 0.000268
 146   -27.13959838491      -11.69       -4.37    3.71s
    ‖ρε - ρref‖ = 1.1892489384866892e-5 ‖Δρ‖ = 9.314863918195765e-6  ‖vε - vref‖ = 1.306997679859302  α = 0.000271
 147   -27.13959838491      -11.45       -4.38    3.83s
    ‖ρε - ρref‖ = 9.074114330018448e-6 ‖Δρ‖ = 6.928639533374379e-6  ‖vε - vref‖ = 1.306991088113495  α = 0.000483
 148   -27.13959838492      -11.66       -4.82    3.66s
    ‖ρε - ρref‖ = 7.640493845264666e-6 ‖Δρ‖ = 3.1049281654428925e-6  ‖vε - vref‖ = 1.3069871239944908  α = 0.000826
 149   -27.13959838492      -11.53       -4.50    3.80s
    ‖ρε - ρref‖ = 9.904769993311967e-6 ‖Δρ‖ = 6.184371232191328e-6  ‖vε - vref‖ = 1.3069808173676525  α = 0.00047
 150   -27.13959838492      -11.59       -4.07    3.78s
    ‖ρε - ρref‖ = 1.933967646750289e-5 ‖Δρ‖ = 1.8292919299842847e-5  ‖vε - vref‖ = 1.306974954761853  α = 0.000151
 151   -27.13959838492      -11.50       -4.42    3.82s
    ‖ρε - ρref‖ = 1.000974370477614e-5 ‖Δρ‖ = 7.208025280640041e-6  ‖vε - vref‖ = 1.306966767205946  α = 0.000437
 152   -27.13959838492      -12.63       -4.20    3.84s
    ‖ρε - ρref‖ = 1.878634553100473e-5 ‖Δρ‖ = 2.1753501296425316e-5  ‖vε - vref‖ = 1.306965960325874  α = 3.77e-5
 153   -27.13959838493      -12.27       -4.06    4.08s
    ‖ρε - ρref‖ = 2.681702716693323e-5 ‖Δρ‖ = 2.3727154606721524e-5  ‖vε - vref‖ = 1.306964552365041  α = 4.86e-5
 154   -27.13959838493      -12.31       -4.32    4.56s
    ‖ρε - ρref‖ = 1.7009777771564122e-5 ‖Δρ‖ = 1.3663134660990962e-5  ‖vε - vref‖ = 1.3069630320846413  α = 7.81e-5
 155   -27.13959838493      -11.84       -3.74    3.57s
    ‖ρε - ρref‖ = 3.5112797099300355e-5 ‖Δρ‖ = 3.650295712055938e-5  ‖vε - vref‖ = 1.3069576267705116  α = 5.74e-5
 156   -27.13959838493      -11.69       -4.57    3.69s
    ‖ρε - ρref‖ = 8.749695598812868e-6 ‖Δρ‖ = 5.242419269957416e-6  ‖vε - vref‖ = 1.306950398873967  α = 0.000476
 157   -27.13959838493      -11.70       -4.16    3.72s
    ‖ρε - ρref‖ = 1.4113336745358618e-5 ‖Δρ‖ = 1.2019956994694437e-5  ‖vε - vref‖ = 1.306942693622973  α = 0.000209
 158   -27.13959838493      -11.95       -4.66    3.67s
    ‖ρε - ρref‖ = 8.383338794967091e-6 ‖Δρ‖ = 4.9721527692059e-6  ‖vε - vref‖ = 1.3069378829249267  α = 0.000354
 159   -27.13959838493      -11.79       -4.61    3.73s
    ‖ρε - ρref‖ = 8.456690869427769e-6 ‖Δρ‖ = 4.843612606300152e-6  ‖vε - vref‖ = 1.3069308638665649  α = 0.000466
 160   -27.13959838494      -11.79       -4.44    3.84s
    ‖ρε - ρref‖ = 1.0247426202205076e-5 ‖Δρ‖ = 7.09292323029556e-6  ‖vε - vref‖ = 1.3069237391189976  α = 0.000314
 161   -27.13959838494      -11.87       -4.95    4.56s
    ‖ρε - ρref‖ = 6.794484133735849e-6 ‖Δρ‖ = 2.255136280146691e-6  ‖vε - vref‖ = 1.30691619206552  α = 0.000896
 162   -27.13959838494      -11.89       -4.19    3.69s
    ‖ρε - ρref‖ = 1.4732396596285415e-5 ‖Δρ‖ = 1.3025177583438419e-5  ‖vε - vref‖ = 1.3069092283173016  α = 0.000147
 163   -27.13959838494      -12.01       -4.54    3.69s
    ‖ρε - ρref‖ = 8.302637621226261e-6 ‖Δρ‖ = 5.953944099840993e-6  ‖vε - vref‖ = 1.3069043547449153  α = 0.00029
 164   -27.13959838494      -12.46       -3.73    4.19s
    ‖ρε - ρref‖ = 6.122973693293368e-5 ‖Δρ‖ = 5.638894168860347e-5  ‖vε - vref‖ = 1.3069028712709514  α = 1.64e-5
 165   -27.13959838494      -12.58       -4.56    4.03s
    ‖ρε - ρref‖ = 1.147743309888351e-5 ‖Δρ‖ = 8.203587555052452e-6  ‖vε - vref‖ = 1.3069014153274299  α = 9.77e-5
 166   -27.13959838494      -12.53       -4.02    4.26s
    ‖ρε - ρref‖ = 2.654886403015284e-5 ‖Δρ‖ = 2.835071993891572e-5  ‖vε - vref‖ = 1.306899672197963  α = 3.04e-5
 167   -27.13959838494      -11.99       -4.36    3.78s
    ‖ρε - ρref‖ = 1.1136264534054375e-5 ‖Δρ‖ = 8.36989367677945e-6  ‖vε - vref‖ = 1.3068939220083353  α = 0.000216
 168   -27.13959838494      -11.95       -4.78    3.69s
    ‖ρε - ρref‖ = 7.5045160339618795e-6 ‖Δρ‖ = 3.397033071863469e-6  ‖vε - vref‖ = 1.3068873605836335  α = 0.00055
 169   -27.13959838494      -12.00       -4.52    3.80s
    ‖ρε - ρref‖ = 9.354429250133211e-6 ‖Δρ‖ = 6.288278965365432e-6  ‖vε - vref‖ = 1.3068816873678872  α = 0.000282
 170   -27.13959838494      -11.87       -4.50    3.79s
    ‖ρε - ρref‖ = 1.0081821466163752e-5 ‖Δρ‖ = 6.708846050274827e-6  ‖vε - vref‖ = 1.3068740475217366  α = 0.000298
 171   -27.13959838495      -11.86       -4.82    3.83s
    ‖ρε - ρref‖ = 7.45341444499848e-6 ‖Δρ‖ = 2.6685872509780654e-6  ‖vε - vref‖ = 1.306865540949036  α = 0.000792
 172   -27.13959838495      -12.08       -4.49    3.79s
    ‖ρε - ρref‖ = 9.492226271252484e-6 ‖Δρ‖ = 6.8587188867951625e-6  ‖vε - vref‖ = 1.306860380931559  α = 0.000228
 173   -27.13959838495      -12.15       -4.82    3.73s
    ‖ρε - ρref‖ = 7.781515657305938e-6 ‖Δρ‖ = 3.3489446866001494e-6  ‖vε - vref‖ = 1.306855326111508  α = 0.000434
 174   -27.13959838495      -12.38       -4.60    3.79s
    ‖ρε - ρref‖ = 8.774601445362605e-6 ‖Δρ‖ = 6.566145402198305e-6  ‖vε - vref‖ = 1.3068524214403683  α = 0.000162
 175   -27.13959838495      -12.83       -4.46    4.13s
    ‖ρε - ρref‖ = 1.6790940864318638e-5 ‖Δρ‖ = 1.1576498824548622e-5  ‖vε - vref‖ = 1.3068514096864128  α = 5.55e-5
 176   -27.13959838495      -12.13       -4.04    3.73s
    ‖ρε - ρref‖ = 1.9145739683310507e-5 ‖Δρ‖ = 1.8815519728964244e-5  ‖vε - vref‖ = 1.3068459157045886  α = 7.8e-5
 177   -27.13959838495      -13.02       -4.39    3.85s
    ‖ρε - ρref‖ = 1.5002690340337336e-5 ‖Δρ‖ = 1.6621169327428237e-5  ‖vε - vref‖ = 1.3068451639882597  α = 2.65e-5
 178   -27.13959838495      -12.25       -4.41    3.72s
    ‖ρε - ρref‖ = 1.0834832912623077e-5 ‖Δρ‖ = 8.05862615404239e-6  ‖vε - vref‖ = 1.3068408991548683  α = 0.000164
 179   -27.13959838495      -12.33       -4.43    3.73s
    ‖ρε - ρref‖ = 9.742267315942435e-6 ‖Δρ‖ = 8.611845076160502e-6  ‖vε - vref‖ = 1.306837018359998  α = 0.000135
 180   -27.13959838495      -11.89       -4.84    3.86s
    ‖ρε - ρref‖ = 7.6106965631508305e-6 ‖Δρ‖ = 2.3513862432414347e-6  ‖vε - vref‖ = 1.3068283943274617  α = 0.000849
 181   -27.13959838495      -12.22       -4.80    3.64s
    ‖ρε - ρref‖ = 7.615617164393566e-6 ‖Δρ‖ = 3.209044555629108e-6  ‖vε - vref‖ = 1.3068238700511903  α = 0.000433
 182   -27.13959838495      -12.03       -4.48    3.87s
    ‖ρε - ρref‖ = 9.02766000678035e-6 ‖Δρ‖ = 6.138431788068066e-6  ‖vε - vref‖ = 1.3068167667296466  α = 0.000279
 183   -27.13959838495      -12.14       -4.64    3.76s
    ‖ρε - ρref‖ = 8.417266488942449e-6 ‖Δρ‖ = 4.333937710307426e-6  ‖vε - vref‖ = 1.3068114522894152  α = 0.000345
 184   -27.13959838495      -12.24       -5.06    3.70s
    ‖ρε - ρref‖ = 7.247924972626575e-6 ‖Δρ‖ = 1.9530595412404935e-6  ‖vε - vref‖ = 1.3068068513415216  α = 0.000658
 185   -27.13959838495      -12.30       -4.79    3.69s
    ‖ρε - ρref‖ = 7.141835075103673e-6 ‖Δρ‖ = 3.6963829592305446e-6  ‖vε - vref‖ = 1.3068027788167151  α = 0.000324
 186   -27.13959838496      -12.56       -4.51    3.74s
    ‖ρε - ρref‖ = 1.2641417994212771e-5 ‖Δρ‖ = 8.289357429507739e-6  ‖vε - vref‖ = 1.306800371869025  α = 0.000109
 187   -27.13959838496      -12.62       -3.89    3.76s
    ‖ρε - ρref‖ = 3.398575666711683e-5 ‖Δρ‖ = 3.6905993002510216e-5  ‖vε - vref‖ = 1.3067982174045427  α = 2.2e-5
 188   -27.13959838496      -12.72       -4.65    3.75s
    ‖ρε - ρref‖ = 7.892033221709006e-6 ‖Δρ‖ = 6.561812515130174e-6  ‖vε - vref‖ = 1.306796785105059  α = 9.56e-5
 189   -27.13959838496      -12.86       -4.10    3.68s
    ‖ρε - ρref‖ = 2.7317113275337226e-5 ‖Δρ‖ = 2.458058044039154e-5  ‖vε - vref‖ = 1.3067956549499782  α = 2.61e-5
 190   -27.13959838496      -12.29       -4.92    3.63s
    ‖ρε - ρref‖ = 7.36719110058564e-6 ‖Δρ‖ = 2.5882839430612004e-6  ‖vε - vref‖ = 1.3067922005693167  α = 0.000466
 191   -27.13959838496      -12.45       -4.45    3.59s
    ‖ρε - ρref‖ = 1.1608878200297982e-5 ‖Δρ‖ = 8.028327404667386e-6  ‖vε - vref‖ = 1.306789818869649  α = 0.000132
 192   -27.13959838496      -12.20       -4.83    3.71s
    ‖ρε - ρref‖ = 7.5135069056132265e-6 ‖Δρ‖ = 2.9613494301515544e-6  ‖vε - vref‖ = 1.3067855819010759  α = 0.000477
 193   -27.13959838496      -12.28       -4.91    3.62s
    ‖ρε - ρref‖ = 6.973945501611681e-6 ‖Δρ‖ = 2.3375531070847026e-6  ‖vε - vref‖ = 1.3067817845395675  α = 0.000555
 194   -27.13959838496      -12.39       -4.93    3.81s
    ‖ρε - ρref‖ = 7.644177928681878e-6 ‖Δρ‖ = 2.83778095652499e-6  ‖vε - vref‖ = 1.3067793569046042  α = 0.000394
 195   -27.13959838496      -12.11       -4.62    3.69s
    ‖ρε - ρref‖ = 8.659782752714569e-6 ‖Δρ‖ = 4.64500621858892e-6  ‖vε - vref‖ = 1.306774751414267  α = 0.000333
 196   -27.13959838496      -12.09       -4.72    3.70s
    ‖ρε - ρref‖ = 7.366638267145908e-6 ‖Δρ‖ = 3.4328415360623623e-6  ‖vε - vref‖ = 1.3067691714828036  α = 0.000453
 197   -27.13959838496      -12.55       -5.08    3.73s
    ‖ρε - ρref‖ = 7.774470156770716e-6 ‖Δρ‖ = 1.910505325394325e-6  ‖vε - vref‖ = 1.3067676010494773  α = 0.00048
 198   -27.13959838496      -13.03       -4.03    3.71s
    ‖ρε - ρref‖ = 2.4883534888161584e-5 ‖Δρ‖ = 2.784558177078492e-5  ‖vε - vref‖ = 1.3067668877160359  α = 1.91e-5
 199   -27.13959838496      -12.64       -4.51    3.81s
    ‖ρε - ρref‖ = 1.0015674108875679e-5 ‖Δρ‖ = 7.671076240676275e-6  ‖vε - vref‖ = 1.30676575214843  α = 9.15e-5
 200   -27.13959838496      -13.97       -4.43    3.70s
    ‖ρε - ρref‖ = 1.9002168970802213e-5 ‖Δρ‖ = 1.5077972012898247e-5  ‖vε - vref‖ = 1.3067655528858158  α = 2.05e-5
 201   -27.13959838496      -12.58       -4.90    3.64s
    ‖ρε - ρref‖ = 7.261948993489613e-6 ‖Δρ‖ = 3.0951263243090984e-6  ‖vε - vref‖ = 1.3067639498206354  α = 0.000275
 202   -27.13959838496      -12.48       -4.82    3.77s
    ‖ρε - ρref‖ = 7.883374228824865e-6 ‖Δρ‖ = 3.3931199995243523e-6  ‖vε - vref‖ = 1.306762155379986  α = 0.000292
 203   -27.13959838496      -12.33       -4.51    3.86s
    ‖ρε - ρref‖ = 8.450175892473528e-6 ‖Δρ‖ = 5.947202887253746e-6  ‖vε - vref‖ = 1.306759275188831  α = 0.000206
 204   -27.13959838496      -12.51       -4.75    3.71s
    ‖ρε - ρref‖ = 8.091990136164843e-6 ‖Δρ‖ = 4.171126804874932e-6  ‖vε - vref‖ = 1.306757730549498  α = 0.000226
 205   -27.13959838496      -12.15       -5.01    3.67s
    ‖ρε - ρref‖ = 7.223914286316683e-6 ‖Δρ‖ = 1.7276689207678518e-6  ‖vε - vref‖ = 1.3067546573553208  α = 0.000849
 206   -27.13959838496      -12.42       -5.05    3.66s
    ‖ρε - ρref‖ = 7.243352391698071e-6 ‖Δρ‖ = 2.048337017899606e-6  ‖vε - vref‖ = 1.3067532878813735  α = 0.000504
 207   -27.13959838496      -12.57       -4.66    3.91s
    ‖ρε - ρref‖ = 8.355275373100579e-6 ‖Δρ‖ = 4.604837139991836e-6  ‖vε - vref‖ = 1.3067520996908248  α = 0.000209
 208   -27.13959838496      -12.49       -4.84    3.69s
    ‖ρε - ρref‖ = 7.318490345085301e-6 ‖Δρ‖ = 2.6399937473664184e-6  ‖vε - vref‖ = 1.3067506892917982  α = 0.000381
 209   -27.13959838496      -12.94       -4.98    3.67s
    ‖ρε - ρref‖ = 5.646921803697499e-6 ‖Δρ‖ = 3.306788867873001e-6  ‖vε - vref‖ = 1.3067502453782134  α = 0.000158
 210   -27.13959838496      -12.30       -4.03    3.79s
    ‖ρε - ρref‖ = 1.9762705595162754e-5 ‖Δρ‖ = 1.7031004373802634e-5  ‖vε - vref‖ = 1.3067485942479184  α = 7.08e-5
 211   -27.13959838496      -12.96       -4.49    3.82s
    ‖ρε - ρref‖ = 1.5623708371770932e-5 ‖Δρ‖ = 1.1199810405009754e-5  ‖vε - vref‖ = 1.3067483290377457  α = 3.71e-5
 212   -27.13959838496      -12.66       -4.29    3.64s
    ‖ρε - ρref‖ = 1.3475634783991819e-5 ‖Δρ‖ = 1.2809474080868108e-5  ‖vε - vref‖ = 1.306747334297589  α = 6.35e-5
 213   -27.13959838496      -12.40       -4.65    3.73s
    ‖ρε - ρref‖ = 7.793685036772303e-6 ‖Δρ‖ = 4.4285731222612435e-6  ‖vε - vref‖ = 1.3067455096624225  α = 0.000248
 214   -27.13959838496      -12.66       -4.91    3.83s
    ‖ρε - ρref‖ = 7.233637650697986e-6 ‖Δρ‖ = 2.757723404358485e-6  ‖vε - vref‖ = 1.3067448355976365  α = 0.000288
 215   -27.13959838497      -12.52       -4.58    3.71s
    ‖ρε - ρref‖ = 9.332828761946331e-6 ‖Δρ‖ = 5.151541113983641e-6  ‖vε - vref‖ = 1.3067440892351179  α = 0.000189
 216   -27.13959838497      -12.73       -5.09    3.65s
    ‖ρε - ρref‖ = 6.97309780991844e-6 ‖Δρ‖ = 1.8756365413637509e-6  ‖vε - vref‖ = 1.3067434745910533  α = 0.000391
 217   -27.13959838497      -12.64       -5.03    3.59s
    ‖ρε - ρref‖ = 6.973956809159612e-6 ‖Δρ‖ = 2.0465719611889034e-6  ‖vε - vref‖ = 1.306742883587804  α = 0.000406
 218   -27.13959838497      -12.50       -4.93    3.68s
    ‖ρε - ρref‖ = 7.412845743603549e-6 ‖Δρ‖ = 2.2133684989302854e-6  ‖vε - vref‖ = 1.3067425505581247  α = 0.00044
 219   -27.13959838497      -12.92       -5.07    4.02s
    ‖ρε - ρref‖ = 7.373828654365154e-6 ‖Δρ‖ = 2.0098275127612447e-6  ‖vε - vref‖ = 1.306742553144608  α = 0.000332
 220   -27.13959838497      -12.73       -4.91    3.79s
    ‖ρε - ρref‖ = 7.285460816804372e-6 ‖Δρ‖ = 2.672646080513934e-6  ‖vε - vref‖ = 1.3067425305527902  α = 0.000268
 221   -27.13959838497      -13.67       -4.55    3.60s
    ‖ρε - ρref‖ = 1.5580228846573195e-5 ‖Δρ‖ = 1.0293105649964417e-5  ‖vε - vref‖ = 1.3067425768151024  α = 2.69e-5
 222   -27.13959838497      -12.44       -4.63    3.72s
    ‖ρε - ρref‖ = 7.951113586041359e-6 ‖Δρ‖ = 4.1975780184969e-6  ‖vε - vref‖ = 1.3067423956702082  α = 0.000252
 223   -27.13959838497      -13.34       -4.36    3.65s
    ‖ρε - ρref‖ = 1.4685756908255307e-5 ‖Δρ‖ = 1.702639574023135e-5  ‖vε - vref‖ = 1.306742313354922  α = 1.62e-5
 224   -27.13959838497      -12.73       -5.06    3.79s
    ‖ρε - ρref‖ = 7.157371558147367e-6 ‖Δρ‖ = 1.9058871095958068e-6  ‖vε - vref‖ = 1.3067421414555027  α = 0.000388
 225   -27.13959838497      -12.83       -4.70    3.73s
    ‖ρε - ρref‖ = 8.498187860489675e-6 ‖Δρ‖ = 4.707162687653218e-6  ‖vε - vref‖ = 1.306741942267942  α = 0.000139
 226   -27.13959838497      -12.72       -5.18    3.79s
    ‖ρε - ρref‖ = 7.195397032823661e-6 ‖Δρ‖ = 1.4092878003975736e-6  ‖vε - vref‖ = 1.3067419171034877  α = 0.000527
 227   -27.13959838497      -12.73       -4.63    3.68s
    ‖ρε - ρref‖ = 7.822747677801107e-6 ‖Δρ‖ = 4.897742178024941e-6  ‖vε - vref‖ = 1.3067416934913778  α = 0.000147
 228   -27.13959838497      -12.66       -4.88    3.67s
    ‖ρε - ρref‖ = 7.093216085610708e-6 ‖Δρ‖ = 2.5863954762169646e-6  ‖vε - vref‖ = 1.306741343933264  α = 0.000318
 229   -27.13959838497      -12.53       -5.35    3.74s
    ‖ρε - ρref‖ = 7.042023317587213e-6 ‖Δρ‖ = 7.51818011769652e-7  ‖vε - vref‖ = 1.3067418576316483  α = 0.00129
 230   -27.13959838497      -12.73       -4.96    3.75s
    ‖ρε - ρref‖ = 7.262197125793518e-6 ‖Δρ‖ = 2.3854862056326922e-6  ‖vε - vref‖ = 1.306742082077501  α = 0.00032
 231   -27.13959838497      -12.70       -4.86    3.68s
    ‖ρε - ρref‖ = 7.141306839037281e-6 ‖Δρ‖ = 2.5687981734388714e-6  ‖vε - vref‖ = 1.3067421541586675  α = 0.000321
 232   -27.13959838497      -13.22       -4.87    3.80s
    ‖ρε - ρref‖ = 9.591261326288363e-6 ‖Δρ‖ = 3.941655038441689e-6  ‖vε - vref‖ = 1.3067422544482277  α = 8.23e-5
 233   -27.13959838497      -13.03       -4.22    3.69s
    ‖ρε - ρref‖ = 1.2858393353057811e-5 ‖Δρ‖ = 1.2836751922640172e-5  ‖vε - vref‖ = 1.3067423061548873  α = 4.2e-5
 234   -27.13959838497      -13.34       -4.84    3.74s
    ‖ρε - ρref‖ = 6.592823778263737e-6 ‖Δρ‖ = 3.662662003809272e-6  ‖vε - vref‖ = 1.3067423499522544  α = 0.000109
 235   -27.13959838497      -12.97       -4.16    3.70s
    ‖ρε - ρref‖ = 1.8921320644769807e-5 ‖Δρ‖ = 1.564782390936265e-5  ‖vε - vref‖ = 1.306742526555397  α = 3.39e-5
 236   -27.13959838497      -13.05       -5.14    3.70s
    ‖ρε - ρref‖ = 6.980601651464008e-6 ‖Δρ‖ = 1.5415203674926994e-6  ‖vε - vref‖ = 1.3067425168350644  α = 0.000339
 237   -27.13959838497      -13.19       -5.17    3.70s
    ‖ρε - ρref‖ = 7.02270325910464e-6 ‖Δρ‖ = 1.9208702732450794e-6  ‖vε - vref‖ = 1.3067425619876396  α = 0.000193
 238   -27.13959838497      -12.83       -5.05    3.68s
    ‖ρε - ρref‖ = 6.9679588774487376e-6 ‖Δρ‖ = 1.6839248802461424e-6  ‖vε - vref‖ = 1.3067427866058698  α = 0.000444
 239   -27.13959838497      -13.07       -5.02    3.65s
    ‖ρε - ρref‖ = 7.707978026102003e-6 ‖Δρ‖ = 2.4067199770160027e-6  ‖vε - vref‖ = 1.3067430365131472  α = 0.000182
 240   -27.13959838497      -12.85       -4.95    3.66s
    ‖ρε - ρref‖ = 7.326110070967285e-6 ‖Δρ‖ = 2.2716792875922638e-6  ‖vε - vref‖ = 1.3067435568265642  α = 0.00028
 241   -27.13959838497      -12.78       -5.23    3.60s
    ‖ρε - ρref‖ = 6.942204573511559e-6 ‖Δρ‖ = 1.1110152713670239e-6  ‖vε - vref‖ = 1.3067443032643367  α = 0.000652
 242   -27.13959838497      -12.91       -5.37    3.67s
    ‖ρε - ρref‖ = 6.8977170257652785e-6 ‖Δρ‖ = 8.197292707416806e-7  ‖vε - vref‖ = 1.3067448089209377  α = 0.000753
 243   -27.13959838497      -12.88       -5.14    3.71s
    ‖ρε - ρref‖ = 7.568050049511772e-6 ‖Δρ‖ = 1.4686914368272756e-6  ‖vε - vref‖ = 1.3067456070754737  α = 0.000396
 244   -27.13959838497      -13.85       -4.31    3.68s
    ‖ρε - ρref‖ = 1.3946982924486481e-5 ‖Δρ‖ = 1.5948376997954028e-5  ‖vε - vref‖ = 1.3067457047004782  α = 1.58e-5
 245   -27.13959838497      -13.15       -4.95    3.79s
    ‖ρε - ρref‖ = 7.373583518627588e-6 ‖Δρ‖ = 2.651295355933634e-6  ‖vε - vref‖ = 1.3067459674856758  α = 0.000159
 246   -27.13959838497   +    -Inf       -4.66    10.0s
    ‖ρε - ρref‖ = 1.3288797507371338e-5 ‖Δρ‖ = 8.422246207415515e-6  ‖vε - vref‖ = 1.3067459674856825  α = 0.0
 247   -27.13959838497      -14.45       -4.73    31.9s
    ‖ρε - ρref‖ = 1.389521030898283e-5 ‖Δρ‖ = 9.275591369030458e-6  ‖vε - vref‖ = 1.3067459674856248  α = 6.47e-15
 248   -27.13959838497   +  -13.97       -4.18    9.29s
    ‖ρε - ρref‖ = 3.368738003039196e-5 ‖Δρ‖ = 3.1129559902591324e-5  ‖vε - vref‖ = 1.3067459674857027  α = 0.0
 249   -27.13959838497      -14.45       -4.73    58.1s
    ‖ρε - ρref‖ = 1.3895207587491237e-5 ‖Δρ‖ = 9.275588008893396e-6  ‖vε - vref‖ = 1.306745967485482  α = 1.89e-10
 250   -27.13959838497      -13.85       -4.97    4.11s
    ‖ρε - ρref‖ = 7.99049519892148e-6 ‖Δρ‖ = 2.7796523619581833e-6  ‖vε - vref‖ = 1.3067458527462628  α = 0.000124
 251   -27.13959838497      -13.85       -4.46    3.72s
    ‖ρε - ρref‖ = 9.247246942309977e-6 ‖Δρ‖ = 1.1573017875212846e-5  ‖vε - vref‖ = 1.3067457375781244  α = 1.83e-5
 252   -27.13959838497      -13.37       -5.08    3.60s
    ‖ρε - ρref‖ = 7.395969891311182e-6 ‖Δρ‖ = 2.023236720570754e-6  ‖vε - vref‖ = 1.3067455984689473  α = 0.000163
 253   -27.13959838497      -13.85       -5.42    3.58s
    ‖ρε - ρref‖ = 6.93891451548444e-6 ‖Δρ‖ = 8.395337154418844e-7  ‖vε - vref‖ = 1.306745489110699  α = 0.000392
 254   -27.13959838497      -13.15       -5.10    4.05s
    ‖ρε - ρref‖ = 6.992549350499736e-6 ‖Δρ‖ = 1.9000590176290176e-6  ‖vε - vref‖ = 1.3067453955038506  α = 0.000163
 255   -27.13959838497      -13.19       -5.34    3.84s
    ‖ρε - ρref‖ = 6.7090442770655824e-6 ‖Δρ‖ = 9.644920504603796e-7  ‖vε - vref‖ = 1.3067450386972617  α = 0.000452
 256   -27.13959838497      -13.37       -5.05    3.80s
    ‖ρε - ρref‖ = 7.4959656596036405e-6 ‖Δρ‖ = 2.174491718447627e-6  ‖vε - vref‖ = 1.3067449605332135  α = 0.000154
 257   -27.13959838497      -13.34       -5.15    3.92s
    ‖ρε - ρref‖ = 7.221051207158836e-6 ‖Δρ‖ = 1.3951588365580462e-6  ‖vε - vref‖ = 1.3067449312220025  α = 0.000315
 258   -27.13959838497      -13.22       -5.38    3.73s
    ‖ρε - ρref‖ = 7.1002186305801645e-6 ‖Δρ‖ = 9.585132922901992e-7  ‖vε - vref‖ = 1.3067449611258004  α = 0.0004
 259   -27.13959838497      -13.13       -5.20    3.75s
    ‖ρε - ρref‖ = 6.885260984567929e-6 ‖Δρ‖ = 1.24722838564733e-6  ‖vε - vref‖ = 1.30674497526706  α = 0.000383
 260   -27.13959838497      -13.41       -5.54    3.61s
    ‖ρε - ρref‖ = 6.894792329266528e-6 ‖Δρ‖ = 6.218425901818098e-7  ‖vε - vref‖ = 1.3067449850380293  α = 0.000633
 261   -27.13959838497      -13.50       -4.75    3.57s
    ‖ρε - ρref‖ = 9.034042653271074e-6 ‖Δρ‖ = 3.7826425920158013e-6  ‖vε - vref‖ = 1.3067450430525398  α = 7.55e-5
 262   -27.13959838497      -13.67       -4.98    4.08s
    ‖ρε - ρref‖ = 5.8077023758949235e-6 ‖Δρ‖ = 3.25218409941367e-6  ‖vε - vref‖ = 1.3067450044566251  α = 6.02e-5
 263   -27.13959838497      -13.34       -4.45    3.57s
    ‖ρε - ρref‖ = 1.0380133599800833e-5 ‖Δρ‖ = 6.592810132920242e-6  ‖vε - vref‖ = 1.3067450579575257  α = 6.67e-5
 264   -27.13959838497      -13.30       -5.15    3.78s
    ‖ρε - ρref‖ = 6.898881856425496e-6 ‖Δρ‖ = 1.3370130168275746e-6  ‖vε - vref‖ = 1.3067447615095902  α = 0.00032
 265   -27.13959838497      -13.25       -4.82    3.75s
    ‖ρε - ρref‖ = 7.0645621466952775e-6 ‖Δρ‖ = 3.7353120415289683e-6  ‖vε - vref‖ = 1.3067446913802017  α = 8.07e-5
 266   -27.13959838497      -13.27       -5.03    3.62s
    ‖ρε - ρref‖ = 7.462980860005531e-6 ‖Δρ‖ = 1.9874285963568954e-6  ‖vε - vref‖ = 1.3067447329251316  α = 0.000214
 267   -27.13959838497      -13.19       -4.82    3.64s
    ‖ρε - ρref‖ = 7.341272556049223e-6 ‖Δρ‖ = 3.1908030986711165e-6  ‖vε - vref‖ = 1.3067446383475658  α = 0.000126
 268   -27.13959838497      -13.25       -5.08    3.78s
    ‖ρε - ρref‖ = 7.182471203462517e-6 ‖Δρ‖ = 1.5052909929306342e-6  ‖vε - vref‖ = 1.3067445999886416  α = 0.000287
 269   -27.13959838497      -13.45       -5.03    3.74s
    ‖ρε - ρref‖ = 6.771559390874526e-6 ‖Δρ‖ = 2.3682397681117676e-6  ‖vε - vref‖ = 1.3067444889680093  α = 0.000124
 270   -27.13959838497      -13.67       -5.28    3.64s
    ‖ρε - ρref‖ = 7.221987971124001e-6 ‖Δρ‖ = 1.1521361654701098e-6  ‖vε - vref‖ = 1.3067446324806713  α = 0.000316
 271   -27.13959838497      -13.11       -4.50    4.00s
    ‖ρε - ρref‖ = 8.514466666457974e-6 ‖Δρ‖ = 5.80259291276302e-6  ‖vε - vref‖ = 1.306744704935552  α = 6.86e-5
 272   -27.13959838497      -13.67       -5.23    3.84s
    ‖ρε - ρref‖ = 7.435191124308039e-6 ‖Δρ‖ = 1.3316538347692814e-6  ‖vε - vref‖ = 1.3067448085367013  α = 0.000223
 273   -27.13959838497      -13.41       -4.82    3.86s
    ‖ρε - ρref‖ = 6.105421810103399e-6 ‖Δρ‖ = 3.408409248378616e-6  ‖vε - vref‖ = 1.3067447994746018  α = 9.46e-5
 274   -27.13959838497      -13.67       -4.30    3.75s
    ‖ρε - ρref‖ = 1.6099417188498292e-5 ‖Δρ‖ = 1.2322386113279263e-5  ‖vε - vref‖ = 1.3067448551059062  α = 1.98e-5
 275   -27.13959838497      -13.15       -5.20    3.68s
    ‖ρε - ρref‖ = 6.9764439804857155e-6 ‖Δρ‖ = 1.251420214651831e-6  ‖vε - vref‖ = 1.3067447851419072  α = 0.000378
 276   -27.13959838497      -13.34       -4.89    3.77s
    ‖ρε - ρref‖ = 7.12432373617777e-6 ‖Δρ‖ = 2.8801626655678246e-6  ‖vε - vref‖ = 1.3067448746475987  α = 0.000122
 277   -27.13959838497      -13.25       -4.73    3.67s
    ‖ρε - ρref‖ = 8.320746438104403e-6 ‖Δρ‖ = 3.5668063389187553e-6  ‖vε - vref‖ = 1.3067450120289377  α = 0.000128
 278   -27.13959838497      -13.22       -4.96    3.70s
    ‖ρε - ρref‖ = 7.05508757827841e-6 ‖Δρ‖ = 2.6629301197929216e-6  ‖vε - vref‖ = 1.306744985032025  α = 0.00012
 279   -27.13959838497      -13.55       -5.12    3.96s
    ‖ρε - ρref‖ = 7.147104429114315e-6 ‖Δρ‖ = 1.7352867882707747e-6  ‖vε - vref‖ = 1.306744944290041  α = 0.000212
 280   -27.13959838497      -13.37       -5.18    3.87s
    ‖ρε - ρref‖ = 6.724403967539458e-6 ‖Δρ‖ = 1.6644256463202542e-6  ‖vε - vref‖ = 1.3067448879712564  α = 0.000193
 281   -27.13959838497      -13.27       -5.04    3.68s
    ‖ρε - ρref‖ = 7.395057265235917e-6 ‖Δρ‖ = 1.7432279475281174e-6  ‖vε - vref‖ = 1.3067450752945589  α = 0.000252
 282   -27.13959838497      -13.50       -4.70    3.71s
    ‖ρε - ρref‖ = 7.650778554973735e-6 ‖Δρ‖ = 4.445129576433319e-6  ‖vε - vref‖ = 1.306745084321167  α = 5.66e-5
 283   -27.13959838497      -13.67       -4.93    3.70s
    ‖ρε - ρref‖ = 8.150997422918369e-6 ‖Δρ‖ = 2.613667331899422e-6  ‖vε - vref‖ = 1.306745231534684  α = 0.000109
 284   -27.13959838497      -13.67       -4.95    3.75s
    ‖ρε - ρref‖ = 6.1685085739527435e-6 ‖Δρ‖ = 2.3830643833567353e-6  ‖vε - vref‖ = 1.306745233943039  α = 0.000105
 285   -27.13959838497      -14.45       -4.52    3.55s
    ‖ρε - ρref‖ = 1.2412443292527022e-5 ‖Δρ‖ = 7.94069569962471e-6  ‖vε - vref‖ = 1.3067452775537625  α = 2.13e-5
 286   -27.13959838497      -13.25       -5.02    3.58s
    ‖ρε - ρref‖ = 7.068984370479262e-6 ‖Δρ‖ = 2.042819961426877e-6  ‖vε - vref‖ = 1.3067452640286044  α = 0.000175
 287   -27.13959838497      -13.67       -5.28    3.71s
    ‖ρε - ρref‖ = 6.84126864989766e-6 ‖Δρ‖ = 1.2889509653797416e-6  ‖vε - vref‖ = 1.306745341843569  α = 0.000196
 288   -27.13959838497      -13.85       -4.85    3.72s
    ‖ρε - ρref‖ = 7.966983186970177e-6 ‖Δρ‖ = 3.0404492788642162e-6  ‖vε - vref‖ = 1.3067454143027617  α = 0.000109
 289   -27.13959838497      -13.17       -5.18    3.65s
    ‖ρε - ρref‖ = 6.838575614858994e-6 ‖Δρ‖ = 1.5168030709460925e-6  ‖vε - vref‖ = 1.3067454082797187  α = 0.000234
 290   -27.13959838497      -13.27       -4.96    3.71s
    ‖ρε - ρref‖ = 7.405184117642696e-6 ‖Δρ‖ = 2.490568992371647e-6  ‖vε - vref‖ = 1.3067454208404188  α = 0.000155
 291   -27.13959838497      -13.25       -5.17    3.68s
    ‖ρε - ρref‖ = 6.823568666434092e-6 ‖Δρ‖ = 1.5903913825874105e-6  ‖vε - vref‖ = 1.3067454756089867  α = 0.000223
 292   -27.13959838497      -13.97       -5.04    3.57s
    ‖ρε - ρref‖ = 7.608537666330808e-6 ‖Δρ‖ = 2.0860052409659513e-6  ‖vε - vref‖ = 1.3067457345786015  α = 0.000171
 293   -27.13959838497      -13.11       -5.04    3.59s
    ‖ρε - ρref‖ = 6.9870965948238206e-6 ‖Δρ‖ = 2.1005520325320903e-6  ‖vε - vref‖ = 1.3067458920510933  α = 0.000175
 294   -27.13959838497      -13.50       -4.51    3.66s
    ‖ρε - ρref‖ = 1.1193161354928497e-5 ‖Δρ‖ = 6.872358873004819e-6  ‖vε - vref‖ = 1.3067462529008929  α = 5.78e-5
 295   -27.13959838497      -13.45       -4.98    3.73s
    ‖ρε - ρref‖ = 6.1743641120014145e-6 ‖Δρ‖ = 2.195762789870022e-6  ‖vε - vref‖ = 1.3067463602575144  α = 0.00016
 296   -27.13959838497      -13.50       -4.49    4.07s
    ‖ρε - ρref‖ = 1.4065530162783796e-5 ‖Δρ‖ = 9.677734732974032e-6  ‖vε - vref‖ = 1.3067464590121327  α = 2.18e-5
 297   -27.13959838497      -13.50       -4.72    4.30s
    ‖ρε - ρref‖ = 7.691340942566871e-6 ‖Δρ‖ = 3.984315553137925e-6  ‖vε - vref‖ = 1.306746560581192  α = 9.0e-5
 298   -27.13959838497      -13.41       -5.39    3.66s
    ‖ρε - ρref‖ = 6.876090666225034e-6 ‖Δρ‖ = 1.030325106338021e-6  ‖vε - vref‖ = 1.306746853315051  α = 0.000307
 299   -27.13959838497      -13.34       -4.74    3.74s
    ‖ρε - ρref‖ = 8.650863723909345e-6 ‖Δρ‖ = 4.078566863589045e-6  ‖vε - vref‖ = 1.306747107655213  α = 8.26e-5
 300   -27.13959838497      -13.41       -5.12    3.66s
    ‖ρε - ρref‖ = 6.905060001681392e-6 ‖Δρ‖ = 1.6431705581853091e-6  ‖vε - vref‖ = 1.3067473800813367  α = 0.00022
Trying again with Newton's method ...
n     Energy            log10(ΔE)   log10(Δρ)   Δtime 
---   ---------------   ---------   ---------   ------
  1   -27.13959838497                   -7.72     320s
    ‖ρε - ρref‖ = 6.89467349326062e-6 ‖Δρ‖ = 1.9860895848737646e-9  ‖vε - vref‖ = 1.3067565113266129
  2   -27.13959838497      -12.00       -7.84     309s
    ‖ρε - ρref‖ = 6.894678967384027e-6 ‖Δρ‖ = 1.529423120209374e-9  ‖vε - vref‖ = 1.3067404018463151
    Stopping to avoid numerical instabilities.

#-- ‖ρε - ρref‖ = 6.894678967384027e-6 vs. 1.7782794100389228e-8 = δ*ε ‖vε - vref‖ = 1.3067404018463151


# --- ε=1.0e-6

n     Energy            log10(ΔE)   log10(Δρ)   Δtime 
---   ---------------   ---------   ---------   ------
  1   -27.13958750846                   -0.11    6.24s
    ‖ρε - ρref‖ = 0.3955071536090638 ‖Δρ‖ = 0.39550402937438456  ‖vε - vref‖ = 2.3593709492546378  α = 6.85e-6
  2   -27.13958794738       -6.36       -1.05    3.53s
    ‖ρε - ρref‖ = 0.03468050092223032 ‖Δρ‖ = 0.03467974152018469  ‖vε - vref‖ = 2.1044644677321864  α = 2.27e-5
  3   -27.13958838358       -6.36       -0.89    3.72s
    ‖ρε - ρref‖ = 0.05166846298256868 ‖Δρ‖ = 0.051667263827298145  ‖vε - vref‖ = 1.7745968519378508  α = 1.63e-5
  4   -27.13958873309       -6.46       -1.44    3.72s
    ‖ρε - ρref‖ = 0.009125465056003285 ‖Δρ‖ = 0.009124581709127602  ‖vε - vref‖ = 1.540525176915229  α = 8.49e-5
  5   -27.13958884449       -6.95       -1.94    3.52s
    ‖ρε - ρref‖ = 0.003077462097579144 ‖Δρ‖ = 0.0030766469683683496  ‖vε - vref‖ = 1.4703042997495697  α = 0.000137
  6   -27.13958899778       -6.81       -1.62    3.53s
    ‖ρε - ρref‖ = 0.004941974227181173 ‖Δρ‖ = 0.004941154738908576  ‖vε - vref‖ = 1.3521774926548293  α = 0.000104
  7   -27.13958904935       -7.29       -2.04    3.65s
    ‖ρε - ρref‖ = 0.0020870635335347304 ‖Δρ‖ = 0.002086762592788188  ‖vε - vref‖ = 1.3090825490614149  α = 0.000142
  8   -27.13958906471       -7.81       -2.24    3.57s
    ‖ρε - ρref‖ = 0.0014750968942896386 ‖Δρ‖ = 0.0014749778008094538  ‖vε - vref‖ = 1.2975208192651884  α = 0.000112
  9   -27.13958908838       -7.63       -2.39    3.72s
    ‖ρε - ρref‖ = 0.0009056832087928618 ‖Δρ‖ = 0.0009053698990148734  ‖vε - vref‖ = 1.2790977693449748  α = 0.000224
 10   -27.13958910021       -7.93       -2.36    4.16s
    ‖ρε - ρref‖ = 0.0010650969183273113 ‖Δρ‖ = 0.0010649307811369446  ‖vε - vref‖ = 1.270529561560434  α = 0.000136
 11   -27.13958912118       -7.68       -2.54    4.22s
    ‖ρε - ρref‖ = 0.000597417315163152 ‖Δρ‖ = 0.000596933655285558  ‖vε - vref‖ = 1.2557355277169404  α = 0.000315
 12   -27.13958912252       -8.87       -2.16    3.96s
    ‖ρε - ρref‖ = 0.0032178342314567016 ‖Δρ‖ = 0.0032209146089284386  ‖vε - vref‖ = 1.2547767069740312  α = 1.32e-5
 13   -27.13958913276       -7.99       -2.27    4.39s
    ‖ρε - ρref‖ = 0.00125886216510236 ‖Δρ‖ = 0.0012583338463207862  ‖vε - vref‖ = 1.2472722743321434  α = 0.000108
 14   -27.13958913387       -8.96       -2.03    3.84s
    ‖ρε - ρref‖ = 0.004412613678723556 ‖Δρ‖ = 0.00441251828087777  ‖vε - vref‖ = 1.2462269092399263  α = 8.32e-6
 15   -27.13958914393       -8.00       -2.69    3.74s
    ‖ρε - ρref‖ = 0.0003949336996949584 ‖Δρ‖ = 0.00039453037269433934  ‖vε - vref‖ = 1.2400355877878209  α = 0.000342
 16   -27.13958915014       -8.21       -2.82    3.83s
    ‖ρε - ρref‖ = 0.00038228162321716125 ‖Δρ‖ = 0.00038231481388817466  ‖vε - vref‖ = 1.2365796057163947  α = 0.000269
 17   -27.13958915313       -8.52       -2.42    3.83s
    ‖ρε - ρref‖ = 0.0009942483563993444 ‖Δρ‖ = 0.0009936811554014486  ‖vε - vref‖ = 1.2350118986779415  α = 7.13e-5
 18   -27.13958916172       -8.07       -2.80    3.79s
    ‖ρε - ρref‖ = 0.00030598516232235775 ‖Δρ‖ = 0.0003058479947906594  ‖vε - vref‖ = 1.2314282439212763  α = 0.000412
 19   -27.13958916439       -8.57       -2.41    3.78s
    ‖ρε - ρref‖ = 0.0010257489063652484 ‖Δρ‖ = 0.0010255503738685458  ‖vε - vref‖ = 1.2302666462079883  α = 6.41e-5
 20   -27.13958916890       -8.35       -2.68    3.98s
    ‖ρε - ρref‖ = 0.00042508614361032104 ‖Δρ‖ = 0.00042519831070700765  ‖vε - vref‖ = 1.228580656296117  α = 0.0002
 21   -27.13958917429       -8.27       -2.54    3.89s
    ‖ρε - ρref‖ = 0.0005461391034235893 ‖Δρ‖ = 0.0005458924052957416  ‖vε - vref‖ = 1.2266162720644214  α = 0.000183
 22   -27.13958917798       -8.43       -2.50    3.80s
    ‖ρε - ρref‖ = 0.0007021678294902356 ‖Δρ‖ = 0.0007018945596680814  ‖vε - vref‖ = 1.2251205617843512  α = 0.000114
 23   -27.13958918105       -8.51       -2.90    3.83s
    ‖ρε - ρref‖ = 0.0002850923044980056 ‖Δρ‖ = 0.000284984202152295  ‖vε - vref‖ = 1.2243984310423979  α = 0.000258
 24   -27.13958918707       -8.22       -2.57    3.79s
    ‖ρε - ρref‖ = 0.0004753651594584429 ‖Δρ‖ = 0.00047470464877399096  ‖vε - vref‖ = 1.2230619200041295  α = 0.000219
 25   -27.13958918764       -9.24       -2.00    3.66s
    ‖ρε - ρref‖ = 0.0036380939704238175 ‖Δρ‖ = 0.0036409360863654994  ‖vε - vref‖ = 1.2228045648233983  α = 7.69e-6
 26   -27.13958918845       -9.09       -2.92    3.94s
    ‖ρε - ρref‖ = 0.00035096855358995584 ‖Δρ‖ = 0.00035084729983092446  ‖vε - vref‖ = 1.222939939081437  α = 9.47e-5
 27   -27.13958918975       -8.89       -2.03    4.62s
    ‖ρε - ρref‖ = 0.0024324000782589166 ‖Δρ‖ = 0.002431178663157267  ‖vε - vref‖ = 1.2225268627077972  α = 1.86e-5
 28   -27.13958919303       -8.48       -3.08    3.82s
    ‖ρε - ρref‖ = 0.00015786592671714398 ‖Δρ‖ = 0.00015789038601933823  ‖vε - vref‖ = 1.2225327667567314  α = 0.000482
 29   -27.13958919473       -8.77       -2.66    4.07s
    ‖ρε - ρref‖ = 0.0005260321228058784 ‖Δρ‖ = 0.0005256564109727657  ‖vε - vref‖ = 1.2225647190465772  α = 0.000102
 30   -27.13958919831       -8.45       -2.64    3.63s
    ‖ρε - ρref‖ = 0.0004498570169962182 ‖Δρ‖ = 0.00045004773307885117  ‖vε - vref‖ = 1.2225575613806003  α = 0.000177
 31   -27.13958920026       -8.71       -2.81    3.64s
    ‖ρε - ρref‖ = 0.00034960613292278717 ‖Δρ‖ = 0.00034908239645933765  ‖vε - vref‖ = 1.2228702064912753  α = 0.000168
 32   -27.13958920228       -8.70       -2.56    3.71s
    ‖ρε - ρref‖ = 0.0006429964525973355 ‖Δρ‖ = 0.0006425703007387222  ‖vε - vref‖ = 1.2230138736805292  α = 8.5e-5
 33   -27.13958920469       -8.62       -2.89    4.09s
    ‖ρε - ρref‖ = 0.00023530281391281413 ‖Δρ‖ = 0.000235373021719912  ‖vε - vref‖ = 1.223227225130454  α = 0.000279
 34   -27.13958920601       -8.88       -2.66    4.16s
    ‖ρε - ρref‖ = 0.00047616258994419335 ‖Δρ‖ = 0.0004764321506485006  ‖vε - vref‖ = 1.2234734596133126  α = 0.000103
 35   -27.13958920747       -8.84       -2.94    3.66s
    ‖ρε - ρref‖ = 0.00022467000832075763 ‖Δρ‖ = 0.00022473248531420476  ‖vε - vref‖ = 1.2238323847722867  α = 0.000227
 36   -27.13958920895       -8.83       -2.92    3.94s
    ‖ρε - ρref‖ = 0.00026250263512935814 ‖Δρ‖ = 0.000261584512639245  ‖vε - vref‖ = 1.2243840051491384  α = 0.000191
 37   -27.13958920920       -9.60       -2.35    3.70s
    ‖ρε - ρref‖ = 0.001585319338327986 ‖Δρ‖ = 0.0015879760161365342  ‖vε - vref‖ = 1.2244223245768144  α = 1.2e-5
 38   -27.13958921096       -8.76       -2.62    3.87s
    ‖ρε - ρref‖ = 0.0004789806604341459 ‖Δρ‖ = 0.0004785352046050775  ‖vε - vref‖ = 1.2252312053262575  α = 0.000113
 39   -27.13958921141       -9.34       -2.07    3.77s
    ‖ρε - ρref‖ = 0.0026544443306092953 ‖Δρ‖ = 0.002653314837915555  ‖vε - vref‖ = 1.2252205119076536  α = 9.27e-6
 40   -27.13958921282       -8.85       -2.99    3.79s
    ‖ρε - ρref‖ = 0.00020163983604157886 ‖Δρ‖ = 0.00020211638880950072  ‖vε - vref‖ = 1.2259329118424847  α = 0.000243
 41   -27.13958921447       -8.78       -3.10    4.14s
    ‖ρε - ρref‖ = 0.00015209529499693992 ‖Δρ‖ = 0.00015150058178660134  ‖vε - vref‖ = 1.2267367082749259  α = 0.000348
 42   -27.13958921487       -9.39       -3.05    4.55s
    ‖ρε - ρref‖ = 0.00024328265972799992 ‖Δρ‖ = 0.00024349064206521666  ‖vε - vref‖ = 1.2269831072863275  α = 0.000107
 43   -27.13958921743       -8.59       -2.94    3.68s
    ‖ρε - ρref‖ = 0.0001717383166903368 ‖Δρ‖ = 0.00017116124262091744  ‖vε - vref‖ = 1.2286509258768175  α = 0.000401
 44   -27.13958921791       -9.32       -2.82    3.79s
    ‖ρε - ρref‖ = 0.0003770415473456023 ‖Δρ‖ = 0.000377226459505285  ‖vε - vref‖ = 1.228990524769981  α = 7.46e-5
 45   -27.13958921874       -9.08       -2.97    3.62s
    ‖ρε - ρref‖ = 0.00022848997093027367 ‖Δρ‖ = 0.00022881699863057148  ‖vε - vref‖ = 1.2295994153655487  α = 0.000158
 46   -27.13958921995       -8.92       -3.05    3.77s
    ‖ρε - ρref‖ = 0.00016157464763789968 ‖Δρ‖ = 0.00016164225674974463  ‖vε - vref‖ = 1.230447319262909  α = 0.000283
 47   -27.13958922070       -9.12       -2.74    3.70s
    ‖ρε - ρref‖ = 0.00035591796640322933 ‖Δρ‖ = 0.00035562477610081856  ‖vε - vref‖ = 1.2310493220604548  α = 0.000104
 48   -27.13958922142       -9.15       -3.05    3.73s
    ‖ρε - ρref‖ = 0.00016397310504191406 ‖Δρ‖ = 0.0001638272285181128  ‖vε - vref‖ = 1.2316410478383877  α = 0.000221
 49   -27.13958922151      -10.02       -2.83    4.22s
    ‖ρε - ρref‖ = 0.0005442560434194781 ‖Δρ‖ = 0.0005415397799904051  ‖vε - vref‖ = 1.2317537326410137  α = 2.17e-5
 50   -27.13958922199       -9.32       -2.63    3.79s
    ‖ρε - ρref‖ = 0.0005412978753297202 ‖Δρ‖ = 0.0005419045168201837  ‖vε - vref‖ = 1.232197006443176  α = 5.17e-5
 51   -27.13958922208      -10.05       -2.86    3.75s
    ‖ρε - ρref‖ = 0.0005136853113309279 ‖Δρ‖ = 0.0005151274004373458  ‖vε - vref‖ = 1.2323084383412857  α = 2.02e-5
 52   -27.13958922272       -9.19       -2.70    3.81s
    ‖ρε - ρref‖ = 0.00039329518251331094 ‖Δρ‖ = 0.000393406008966029  ‖vε - vref‖ = 1.232886134757197  α = 8.47e-5
 53   -27.13958922336       -9.19       -3.25    3.73s
    ‖ρε - ρref‖ = 9.597224983606494e-5 ‖Δρ‖ = 9.523759427379331e-5  ‖vε - vref‖ = 1.2335950307830783  α = 0.000356
 54   -27.13958922376       -9.40       -3.23    3.76s
    ‖ρε - ρref‖ = 0.00012355810134007287 ‖Δρ‖ = 0.00012390940769837236  ‖vε - vref‖ = 1.2340453215032579  α = 0.000202
 55   -27.13958922409       -9.48       -2.87    3.64s
    ‖ρε - ρref‖ = 0.00028515262223630794 ‖Δρ‖ = 0.0002849096372624795  ‖vε - vref‖ = 1.2344237321451152  α = 8.53e-5
 56   -27.13958922480       -9.15       -3.20    3.85s
    ‖ρε - ρref‖ = 0.00010797738467379835 ‖Δρ‖ = 0.0001079501638124921  ‖vε - vref‖ = 1.2352969172420531  α = 0.00033
 57   -27.13958922508       -9.55       -2.91    4.12s
    ‖ρε - ρref‖ = 0.00029890445048155273 ‖Δρ‖ = 0.00029862597315873655  ‖vε - vref‖ = 1.2356757227275663  α = 6.87e-5
 58   -27.13958922567       -9.23       -3.08    3.99s
    ‖ρε - ρref‖ = 0.00014275238605599406 ‖Δρ‖ = 0.00014235686847465282  ‖vε - vref‖ = 1.2363807564836693  α = 0.000227
 59   -27.13958922618       -9.29       -3.18    3.76s
    ‖ρε - ρref‖ = 0.00011527740359522762 ‖Δρ‖ = 0.00011516280174420734  ‖vε - vref‖ = 1.2370688991277434  α = 0.000267
 60   -27.13958922650       -9.51       -2.95    3.76s
    ‖ρε - ρref‖ = 0.00024959025827218744 ‖Δρ‖ = 0.00024991820273241843  ‖vε - vref‖ = 1.2374892291796844  α = 9.33e-5
 61   -27.13958922654      -10.36       -3.23    3.93s
    ‖ρε - ρref‖ = 0.0002055542696655896 ‖Δρ‖ = 0.0002029891328710639  ‖vε - vref‖ = 1.2375599672641184  α = 3.91e-5
 62   -27.13958922694       -9.40       -2.70    3.69s
    ‖ρε - ρref‖ = 0.0003451559460389584 ‖Δρ‖ = 0.0003458931115713966  ‖vε - vref‖ = 1.2381702990497805  α = 7.63e-5
 63   -27.13958922701      -10.13       -2.77    3.69s
    ‖ρε - ρref‖ = 0.0005223210292979966 ‖Δρ‖ = 0.0005237620093251026  ‖vε - vref‖ = 1.2382686006223835  α = 1.84e-5
 64   -27.13958922732       -9.51       -2.65    3.95s
    ‖ρε - ρref‖ = 0.0004171076106545253 ‖Δρ‖ = 0.00041679519622712865  ‖vε - vref‖ = 1.238704253293423  α = 5.46e-5
 65   -27.13958922762       -9.53       -3.35    3.80s
    ‖ρε - ρref‖ = 8.126368606085817e-5 ‖Δρ‖ = 8.056372788239251e-5  ‖vε - vref‖ = 1.2391682703167215  α = 0.000279
 66   -27.13958922787       -9.59       -3.34    3.64s
    ‖ρε - ρref‖ = 8.378418709500696e-5 ‖Δρ‖ = 8.37453619458571e-5  ‖vε - vref‖ = 1.2395903978382086  α = 0.00025
 67   -27.13958922797      -10.00       -3.30    3.71s
    ‖ρε - ρref‖ = 0.00012082880081637033 ‖Δρ‖ = 0.00012035533929728102  ‖vε - vref‖ = 1.2397520796359127  α = 0.000107
 68   -27.13958922828       -9.51       -3.19    3.64s
    ‖ρε - ρref‖ = 0.00010678886416215036 ‖Δρ‖ = 0.00010699440273693839  ‖vε - vref‖ = 1.2402993496962496  α = 0.00022
 69   -27.13958922841       -9.89       -3.33    3.65s
    ‖ρε - ρref‖ = 0.00010942726673422792 ‖Δρ‖ = 0.0001091278270610132  ‖vε - vref‖ = 1.2405505732225208  α = 0.000133
 70   -27.13958922863       -9.67       -3.10    3.64s
    ‖ρε - ρref‖ = 0.0001552381710560733 ‖Δρ‖ = 0.00015493135016505862  ‖vε - vref‖ = 1.2409327613281709  α = 0.000119
 71   -27.13958922891       -9.54       -3.37    3.70s
    ‖ρε - ρref‖ = 6.711110748043958e-5 ‖Δρ‖ = 6.686781626936336e-5  ‖vε - vref‖ = 1.2414798624987418  α = 0.000346
 72   -27.13958922905       -9.87       -3.20    3.71s
    ‖ρε - ρref‖ = 0.00012158215846503352 ‖Δρ‖ = 0.00012209220243309144  ‖vε - vref‖ = 1.241745627883011  α = 0.000129
 73   -27.13958922909      -10.43       -3.11    3.72s
    ‖ρε - ρref‖ = 0.00024338014718908892 ‖Δρ‖ = 0.00024106184641644324  ‖vε - vref‖ = 1.2418261024565918  α = 3.09e-5
 74   -27.13958922922       -9.87       -2.70    3.75s
    ‖ρε - ρref‖ = 0.00041819962683247786 ‖Δρ‖ = 0.0004192493270523482  ‖vε - vref‖ = 1.2420927528488943  α = 3.55e-5
 75   -27.13958922924      -10.64       -3.27    3.74s
    ‖ρε - ρref‖ = 0.00020442701466907647 ‖Δρ‖ = 0.00020583938278834812  ‖vε - vref‖ = 1.242147998433018  α = 2.57e-5
 76   -27.13958922943       -9.72       -2.94    3.64s
    ‖ρε - ρref‖ = 0.00020948599790277287 ‖Δρ‖ = 0.00020884665689494355  ‖vε - vref‖ = 1.2425438514967961  α = 8.6e-5
 77   -27.13958922952      -10.05       -3.44    3.85s
    ‖ρε - ρref‖ = 8.953554366266761e-5 ‖Δρ‖ = 8.942179916271912e-5  ‖vε - vref‖ = 1.242733437850886  α = 0.000138
 78   -27.13958922972       -9.70       -3.58    4.26s
    ‖ρε - ρref‖ = 4.488510449271748e-5 ‖Δρ‖ = 4.5287719469939567e-5  ‖vε - vref‖ = 1.2431896807838814  α = 0.000419
 79   -27.13958922989       -9.77       -3.35    3.77s
    ‖ρε - ρref‖ = 7.895909489849325e-5 ‖Δρ‖ = 7.802403070774128e-5  ‖vε - vref‖ = 1.2435898357182062  α = 0.00022
 80   -27.13958922995      -10.22       -3.11    3.69s
    ‖ρε - ρref‖ = 0.00017676348061268512 ‖Δρ‖ = 0.000176723637766181  ‖vε - vref‖ = 1.2437269278030907  α = 5.8e-5
 81   -27.13958923008       -9.89       -3.76    3.68s
    ‖ρε - ρref‖ = 3.273117598635282e-5 ‖Δρ‖ = 3.228641436939203e-5  ‖vε - vref‖ = 1.2440525415511856  α = 0.000474
 82   -27.13958923019       -9.99       -3.09    4.25s
    ‖ρε - ρref‖ = 0.00016880099739817066 ‖Δρ‖ = 0.00016877264091390724  ‖vε - vref‖ = 1.2443153344180067  α = 7.54e-5
 83   -27.13958923029      -10.00       -3.44    3.70s
    ‖ρε - ρref‖ = 7.748723035707856e-5 ‖Δρ‖ = 7.754005530884372e-5  ‖vε - vref‖ = 1.2445515908994196  α = 0.000161
 84   -27.13958923042       -9.87       -3.72    3.72s
    ‖ρε - ρref‖ = 3.2420461102694944e-5 ‖Δρ‖ = 3.309593530534665e-5  ‖vε - vref‖ = 1.2448999417399194  α = 0.000472
 85   -27.13958923044      -10.68       -2.83    3.59s
    ‖ρε - ρref‖ = 0.0004719913028104487 ‖Δρ‖ = 0.0004695371890282092  ‖vε - vref‖ = 1.2449559311257297  α = 1.19e-5
 86   -27.13958923051      -10.17       -3.02    3.64s
    ‖ρε - ρref‖ = 0.00020467822708057347 ‖Δρ‖ = 0.00020486781767110594  ‖vε - vref‖ = 1.245130352561035  α = 5.32e-5
 87   -27.13958923052      -11.03       -3.23    3.92s
    ‖ρε - ρref‖ = 0.00023080203409208325 ‖Δρ‖ = 0.0002322556668003193  ‖vε - vref‖ = 1.2451545793259742  α = 1.45e-5
 88   -27.13958923059      -10.13       -3.31    3.84s
    ‖ρε - ρref‖ = 9.742210405797809e-5 ‖Δρ‖ = 9.669911203831502e-5  ‖vε - vref‖ = 1.245356289977597  α = 0.00012
 89   -27.13958923067      -10.14       -3.78    3.79s
    ‖ρε - ρref‖ = 3.440370852342144e-5 ‖Δρ‖ = 3.429543735067075e-5  ‖vε - vref‖ = 1.2455645842924714  α = 0.000322
 90   -27.13958923077       -9.97       -3.41    3.77s
    ‖ρε - ρref‖ = 7.051769000347894e-5 ‖Δρ‖ = 7.069518284245691e-5  ‖vε - vref‖ = 1.2458646084708915  α = 0.000194
 91   -27.13958923083      -10.23       -3.73    3.84s
    ‖ρε - ρref‖ = 4.302379819345368e-5 ‖Δρ‖ = 4.2027688978128614e-5  ‖vε - vref‖ = 1.2460424802923469  α = 0.000233
 92   -27.13958923087      -10.45       -3.54    3.91s
    ‖ρε - ρref‖ = 7.218303300926804e-5 ‖Δρ‖ = 7.233427892536137e-5  ‖vε - vref‖ = 1.246143150709316  α = 0.000107
 93   -27.13958923096      -10.06       -3.45    3.80s
    ‖ρε - ρref‖ = 6.495478802804796e-5 ‖Δρ‖ = 6.483898557149237e-5  ‖vε - vref‖ = 1.2464052070240461  α = 0.000192
 94   -27.13958923099      -10.50       -3.60    3.84s
    ‖ρε - ρref‖ = 6.176283192120682e-5 ‖Δρ‖ = 6.176659818420043e-5  ‖vε - vref‖ = 1.2465037996993713  α = 0.000116
 95   -27.13958923104      -10.26       -3.42    3.70s
    ‖ρε - ρref‖ = 7.541631824026945e-5 ‖Δρ‖ = 7.527510601695566e-5  ‖vε - vref‖ = 1.2466684239894896  α = 0.000128
 96   -27.13958923109      -10.36       -3.80    3.69s
    ‖ρε - ρref‖ = 3.1494125776069864e-5 ‖Δρ‖ = 3.172163332524184e-5  ‖vε - vref‖ = 1.2468051119842483  α = 0.000272
 97   -27.13958923109      -11.11       -2.95    3.72s
    ‖ρε - ρref‖ = 0.0003992039011750809 ‖Δρ‖ = 0.000396613052356596  ‖vε - vref‖ = 1.2468275704539231  α = 8.51e-6
 98   -27.13958923112      -10.58       -3.70    3.70s
    ‖ρε - ρref‖ = 4.76766515903815e-5 ‖Δρ‖ = 4.6915851205767615e-5  ‖vε - vref‖ = 1.2469142554093713  α = 0.00014
 99   -27.13958923113      -10.85       -2.94    3.69s
    ‖ρε - ρref‖ = 0.00033545941385850105 ‖Δρ‖ = 0.00033690867317200617  ‖vε - vref‖ = 1.2469538462615575  α = 1.26e-5
 100   -27.13958923118      -10.35       -3.45    3.63s
    ‖ρε - ρref‖ = 7.666173274878393e-5 ‖Δρ‖ = 7.676358347959938e-5  ‖vε - vref‖ = 1.247096654777405  α = 0.000115
 101   -27.13958923122      -10.40       -3.76    3.66s
    ‖ρε - ρref‖ = 3.417030153225496e-5 ‖Δρ‖ = 3.4296645592282675e-5  ‖vε - vref‖ = 1.247225254357417  α = 0.000245
 102   -27.13958923125      -10.51       -3.85    3.77s
    ‖ρε - ρref‖ = 3.1600451975646257e-5 ‖Δρ‖ = 3.117254535425877e-5  ‖vε - vref‖ = 1.2473311224639574  α = 0.000235
 103   -27.13958923128      -10.46       -3.77    3.72s
    ‖ρε - ρref‖ = 3.905187150883895e-5 ‖Δρ‖ = 3.832892194811645e-5  ‖vε - vref‖ = 1.2474508025322144  α = 0.000199
 104   -27.13958923132      -10.40       -3.72    3.72s
    ‖ρε - ρref‖ = 3.626250217092406e-5 ‖Δρ‖ = 3.642838393656473e-5  ‖vε - vref‖ = 1.2475951992348888  α = 0.000225
 105   -27.13958923135      -10.57       -3.35    3.66s
    ‖ρε - ρref‖ = 9.257983112275402e-5 ‖Δρ‖ = 9.222617960894968e-5  ‖vε - vref‖ = 1.2476863349122502  α = 7.4e-5
 106   -27.13958923138      -10.47       -3.82    3.70s
    ‖ρε - ρref‖ = 3.2078615743843066e-5 ‖Δρ‖ = 3.1902600859413786e-5  ‖vε - vref‖ = 1.2478101278354152  α = 0.000239
 107   -27.13958923139      -10.97       -3.62    3.61s
    ‖ρε - ρref‖ = 6.936199217297867e-5 ‖Δρ‖ = 6.918119709801528e-5  ‖vε - vref‖ = 1.2478485649419526  α = 5.8e-5
 108   -27.13958923142      -10.55       -4.12    3.60s
    ‖ρε - ρref‖ = 1.5254216497229122e-5 ‖Δρ‖ = 1.6683023498842523e-5  ‖vε - vref‖ = 1.2479548252693997  α = 0.000385
 109   -27.13958923146      -10.49       -2.62    3.81s
    ‖ρε - ρref‖ = 0.0005341152794088849 ‖Δρ‖ = 0.0005323977980596734  ‖vε - vref‖ = 1.2480721584314078  α = 1.38e-5
 110   -27.13958923147      -11.01       -3.63    3.66s
    ‖ρε - ρref‖ = 6.701565131505254e-5 ‖Δρ‖ = 6.548271482554987e-5  ‖vε - vref‖ = 1.2481125370665231  α = 5.59e-5
 111   -27.13958923149      -10.68       -2.95    3.76s
    ‖ρε - ρref‖ = 0.00023743418399355796 ‖Δρ‖ = 0.00023814398416384085  ‖vε - vref‖ = 1.2481844601861198  α = 2.42e-5
 112   -27.13958923150      -10.81       -3.74    3.77s
    ‖ρε - ρref‖ = 4.3208300801569576e-5 ‖Δρ‖ = 4.3193225648470684e-5  ‖vε - vref‖ = 1.2482428764147602  α = 0.000121
 113   -27.13958923152      -10.64       -3.86    3.64s
    ‖ρε - ρref‖ = 3.0204454316880273e-5 ‖Δρ‖ = 3.0230947029138635e-5  ‖vε - vref‖ = 1.2483279609421332  α = 0.000209
 114   -27.13958923155      -10.65       -4.05    3.61s
    ‖ρε - ρref‖ = 1.813786115926372e-5 ‖Δρ‖ = 1.739855768818499e-5  ‖vε - vref‖ = 1.248417668557414  α = 0.000368
 115   -27.13958923156      -10.83       -3.85    3.59s
    ‖ρε - ρref‖ = 3.321757865821731e-5 ‖Δρ‖ = 3.290068311013725e-5  ‖vε - vref‖ = 1.2484767152985505  α = 0.000155
 116   -27.13958923158      -10.85       -3.97    3.98s
    ‖ρε - ρref‖ = 2.4988047281706977e-5 ‖Δρ‖ = 2.5531996850005082e-5  ‖vε - vref‖ = 1.2485324858854718  α = 0.000189
 117   -27.13958923159      -10.98       -3.73    4.15s
    ‖ρε - ρref‖ = 4.478685949274712e-5 ‖Δρ‖ = 4.442460951719275e-5  ‖vε - vref‖ = 1.2485751796963251  α = 9.44e-5
 118   -27.13958923162      -10.44       -3.84    4.02s
    ‖ρε - ρref‖ = 2.5992617809608954e-5 ‖Δρ‖ = 2.5327806083799397e-5  ‖vε - vref‖ = 1.248727537417795  α = 0.00032
 119   -27.13958923163      -10.91       -3.63    3.77s
    ‖ρε - ρref‖ = 6.172029521314592e-5 ‖Δρ‖ = 6.108474061223411e-5  ‖vε - vref‖ = 1.2487799461258997  α = 7.16e-5
 120   -27.13958923164      -11.27       -3.66    3.74s
    ‖ρε - ρref‖ = 6.209201895151453e-5 ‖Δρ‖ = 6.415696853070526e-5  ‖vε - vref‖ = 1.2488006779460723  α = 4.28e-5
 121   -27.13958923165      -10.91       -3.05    3.61s
    ‖ρε - ρref‖ = 0.00019550110302495884 ‖Δρ‖ = 0.0001942886688865342  ‖vε - vref‖ = 1.2488508674367724  α = 2.33e-5
 122   -27.13958923165      -11.54       -3.94    3.76s
    ‖ρε - ρref‖ = 4.2204052009403536e-5 ‖Δρ‖ = 4.053071678365522e-5  ‖vε - vref‖ = 1.2488648469382944  α = 4.68e-5
 123   -27.13958923168      -10.60       -3.33    3.67s
    ‖ρε - ρref‖ = 8.125364521391854e-5 ‖Δρ‖ = 8.220214774294076e-5  ‖vε - vref‖ = 1.2489660179850253  α = 7.95e-5
 124   -27.13958923170      -10.73       -3.84    3.69s
    ‖ρε - ρref‖ = 2.732370569147606e-5 ‖Δρ‖ = 2.7049427859827393e-5  ‖vε - vref‖ = 1.2490442384032217  α = 0.000214
 125   -27.13958923171      -10.81       -3.69    3.64s
    ‖ρε - ρref‖ = 4.456159005673863e-5 ‖Δρ‖ = 4.409962740459836e-5  ‖vε - vref‖ = 1.2491116892184513  α = 0.00012
 126   -27.13958923174      -10.51       -3.97    3.71s
    ‖ρε - ρref‖ = 1.959541472275303e-5 ‖Δρ‖ = 1.9037933941498723e-5  ‖vε - vref‖ = 1.2492461208119219  α = 0.00039
 127   -27.13958923176      -10.85       -4.10    3.64s
    ‖ρε - ρref‖ = 1.74376476867247e-5 ‖Δρ‖ = 1.7117353917838686e-5  ‖vε - vref‖ = 1.2493087258308073  α = 0.000289
 128   -27.13958923179      -10.58       -3.72    3.67s
    ‖ρε - ρref‖ = 3.2306733057208006e-5 ‖Δρ‖ = 3.246661389152529e-5  ‖vε - vref‖ = 1.2494235476760676  α = 0.00021
 129   -27.13958923180      -10.93       -3.58    3.60s
    ‖ρε - ρref‖ = 5.908015474312769e-5 ‖Δρ‖ = 5.827619267133363e-5  ‖vε - vref‖ = 1.2494749069351734  α = 7.19e-5
 130   -27.13958923181      -10.98       -3.81    3.65s
    ‖ρε - ρref‖ = 3.286983532053531e-5 ‖Δρ‖ = 3.22446267691477e-5  ‖vε - vref‖ = 1.249521368369402  α = 0.000134
 131   -27.13958923181      -11.15       -4.03    3.65s
    ‖ρε - ρref‖ = 2.6183763189426146e-5 ‖Δρ‖ = 2.4971596353383615e-5  ‖vε - vref‖ = 1.2495526993736183  α = 0.000133
 132   -27.13958923182      -11.53       -3.31    3.73s
    ‖ρε - ρref‖ = 0.00015960841387964962 ‖Δρ‖ = 0.00016193083619241613  ‖vε - vref‖ = 1.2495638630052666  α = 1.27e-5
 133   -27.13958923183      -10.97       -3.58    3.71s
    ‖ρε - ρref‖ = 6.419988556867526e-5 ‖Δρ‖ = 6.419010296531266e-5  ‖vε - vref‖ = 1.2496084192095178  α = 6.5e-5
 134   -27.13958923183      -11.96       -3.74    3.63s
    ‖ρε - ρref‖ = 8.473901996349634e-5 ‖Δρ‖ = 8.289528721730402e-5  ‖vε - vref‖ = 1.2496136404756695  α = 1.37e-5
 135   -27.13958923184      -10.82       -3.90    3.70s
    ‖ρε - ρref‖ = 2.3157509140258557e-5 ‖Δρ‖ = 2.3470161413592233e-5  ‖vε - vref‖ = 1.2496775249314558  α = 0.000217
 136   -27.13958923186      -10.98       -4.18    3.69s
    ‖ρε - ρref‖ = 1.4504928781579483e-5 ‖Δρ‖ = 1.3584321679913605e-5  ‖vε - vref‖ = 1.2497241959224765  α = 0.000317
 137   -27.13958923186      -11.08       -3.87    3.67s
    ‖ρε - ρref‖ = 3.0071867318644334e-5 ‖Δρ‖ = 2.950250612586075e-5  ‖vε - vref‖ = 1.2497619425668902  α = 0.000131
 138   -27.13958923188      -10.78       -3.93    3.69s
    ‖ρε - ρref‖ = 2.07616569926773e-5 ‖Δρ‖ = 2.0606002585813608e-5  ‖vε - vref‖ = 1.2498359453490102  α = 0.000266
 139   -27.13958923189      -11.02       -4.15    3.67s
    ‖ρε - ρref‖ = 1.5639498691827464e-5 ‖Δρ‖ = 1.5141686770803092e-5  ‖vε - vref‖ = 1.2498782669808544  α = 0.000271
 140   -27.13958923190      -11.06       -4.10    3.63s
    ‖ρε - ρref‖ = 1.7646533508628477e-5 ‖Δρ‖ = 1.7262527141418825e-5  ‖vε - vref‖ = 1.2499179010149015  α = 0.000227
 141   -27.13958923191      -11.04       -3.75    3.65s
    ‖ρε - ρref‖ = 3.847939028427869e-5 ‖Δρ‖ = 3.764350412209362e-5  ‖vε - vref‖ = 1.2499594211579064  α = 0.000104
 142   -27.13958923191      -11.22       -3.86    3.64s
    ‖ρε - ρref‖ = 3.257469552651538e-5 ‖Δρ‖ = 3.262305971397827e-5  ‖vε - vref‖ = 1.2499849870989574  α = 9.4e-5
 143   -27.13958923192      -11.59       -4.08    3.72s
    ‖ρε - ρref‖ = 2.506354254126485e-5 ‖Δρ‖ = 2.3165461821741096e-5  ‖vε - vref‖ = 1.2499969379140194  α = 8.5e-5
 144   -27.13958923192      -11.35       -3.22    3.76s
    ‖ρε - ρref‖ = 0.00014272554873067831 ‖Δρ‖ = 0.0001444378204681711  ‖vε - vref‖ = 1.2500157543800785  α = 1.86e-5
 145   -27.13958923193      -11.26       -3.80    3.70s
    ‖ρε - ρref‖ = 3.894829566179016e-5 ‖Δρ‖ = 3.9646855679758155e-5  ‖vε - vref‖ = 1.2500393807610766  α = 7.55e-5
 146   -27.13958923193      -11.59       -3.39    3.79s
    ‖ρε - ρref‖ = 0.00013421722673798725 ‖Δρ‖ = 0.00013248709996783615  ‖vε - vref‖ = 1.2500507914559758  α = 1.28e-5
 147   -27.13958923195      -10.76       -3.78    3.74s
    ‖ρε - ρref‖ = 2.7709170676171216e-5 ‖Δρ‖ = 2.742465029220327e-5  ‖vε - vref‖ = 1.2501264211460432  α = 0.0002
 148   -27.13958923196      -11.04       -4.22    3.71s
    ‖ρε - ρref‖ = 1.1193120973218792e-5 ‖Δρ‖ = 1.0558853627153216e-5  ‖vε - vref‖ = 1.2501658597847085  α = 0.000382
 149   -27.13958923196      -11.23       -3.98    3.71s
    ‖ρε - ρref‖ = 2.0780772878910384e-5 ‖Δρ‖ = 2.0176837746756678e-5  ‖vε - vref‖ = 1.2501914075736813  α = 0.000162
 150   -27.13958923196      -11.52       -4.07    3.79s
    ‖ρε - ρref‖ = 2.2355452521061853e-5 ‖Δρ‖ = 2.1945304825084276e-5  ‖vε - vref‖ = 1.2502047910112155  α = 0.000103
 151   -27.13958923198      -10.91       -4.42    3.79s
    ‖ρε - ρref‖ = 7.0744897930399456e-6 ‖Δρ‖ = 6.014149677094738e-6  ‖vε - vref‖ = 1.2502555733626697  α = 0.000788
 152   -27.13958923199      -11.05       -4.08    3.65s
    ‖ρε - ρref‖ = 1.5765619202393663e-5 ‖Δρ‖ = 1.522448585906939e-5  ‖vε - vref‖ = 1.2502931876856145  α = 0.000265
 153   -27.13958923199      -11.37       -3.80    3.68s
    ‖ρε - ρref‖ = 3.7894751688699e-5 ‖Δρ‖ = 3.711532080101179e-5  ‖vε - vref‖ = 1.2503108377741081  α = 7.27e-5
 154   -27.13958923199      -11.41       -4.11    3.59s
    ‖ρε - ρref‖ = 1.7679134937957656e-5 ‖Δρ‖ = 1.8019494877857773e-5  ‖vε - vref‖ = 1.2503265972265147  α = 0.000137
 155   -27.13958923199      -12.02       -3.80    3.74s
    ‖ρε - ρref‖ = 5.648711184018388e-5 ‖Δρ‖ = 5.4254749101072845e-5  ‖vε - vref‖ = 1.2503304137184503  α = 2.18e-5
 156   -27.13958923200      -11.27       -3.58    3.73s
    ‖ρε - ρref‖ = 5.2527528572195663e-5 ‖Δρ‖ = 5.3297705761212806e-5  ‖vε - vref‖ = 1.2503517843403493  α = 5.69e-5
 157   -27.13958923200      -11.95       -3.91    3.71s
    ‖ρε - ρref‖ = 4.1284296043837746e-5 ‖Δρ‖ = 4.2581373979852645e-5  ‖vε - vref‖ = 1.25035638934732  α = 2.98e-5
 158   -27.13958923200      -11.72       -3.63    3.61s
    ‖ρε - ρref‖ = 6.878084313006255e-5 ‖Δρ‖ = 6.751078562974561e-5  ‖vε - vref‖ = 1.2503643057571368  α = 2.36e-5
 159   -27.13958923201      -11.26       -4.13    3.75s
    ‖ρε - ρref‖ = 1.6256651979423447e-5 ‖Δρ‖ = 1.542337891165328e-5  ‖vε - vref‖ = 1.2503874891746034  α = 0.000193
 160   -27.13958923201      -11.20       -4.19    3.75s
    ‖ρε - ρref‖ = 1.19883418602771e-5 ‖Δρ‖ = 1.1344817066545438e-5  ‖vε - vref‖ = 1.250412634736012  α = 0.000299
 161   -27.13958923202      -11.37       -4.36    3.78s
    ‖ρε - ρref‖ = 9.481900863517387e-6 ‖Δρ‖ = 8.9570694168037e-6  ‖vε - vref‖ = 1.2504287214497425  α = 0.000309
 162   -27.13958923202      -11.58       -4.09    3.79s
    ‖ρε - ρref‖ = 1.7303347651472758e-5 ‖Δρ‖ = 1.6975348929884206e-5  ‖vε - vref‖ = 1.2504386357368373  α = 0.000128
 163   -27.13958923203      -11.41       -4.21    3.59s
    ‖ρε - ρref‖ = 1.3793419383436424e-5 ‖Δρ‖ = 1.284718414782026e-5  ‖vε - vref‖ = 1.2504537172752161  α = 0.000199
 164   -27.13958923203      -11.29       -4.38    3.71s
    ‖ρε - ρref‖ = 8.149846457947913e-6 ‖Δρ‖ = 6.9540655653389355e-6  ‖vε - vref‖ = 1.250473648082606  α = 0.000442
 165   -27.13958923203      -11.71       -4.17    3.70s
    ‖ρε - ρref‖ = 1.562527190154964e-5 ‖Δρ‖ = 1.4955722630636687e-5  ‖vε - vref‖ = 1.2504807306044015  α = 0.000124
 166   -27.13958923204      -11.64       -4.10    3.74s
    ‖ρε - ρref‖ = 1.7394869259087673e-5 ‖Δρ‖ = 1.840424824320343e-5  ‖vε - vref‖ = 1.2504884841459945  α = 0.000101
 167   -27.13958923204      -12.42       -3.71    3.85s
    ‖ρε - ρref‖ = 7.167666914340508e-5 ‖Δρ‖ = 6.949058939684699e-5  ‖vε - vref‖ = 1.2504898688541037  α = 1.09e-5
 168   -27.13958923204      -11.52       -4.08    3.72s
    ‖ρε - ρref‖ = 1.6980090214877523e-5 ‖Δρ‖ = 1.648968792149936e-5  ‖vε - vref‖ = 1.2505014437761133  α = 0.000136
 169   -27.13958923204      -12.13       -3.95    3.68s
    ‖ρε - ρref‖ = 3.4570815826449585e-5 ‖Δρ‖ = 3.581896688418018e-5  ‖vε - vref‖ = 1.2505042981833352  α = 2.86e-5
 170   -27.13958923204      -11.73       -3.64    3.93s
    ‖ρε - ρref‖ = 5.318587924191704e-5 ‖Δρ‖ = 5.1911453957352406e-5  ‖vε - vref‖ = 1.250511098347095  α = 3.11e-5
 171   -27.13958923204      -11.82       -4.20    4.13s
    ‖ρε - ρref‖ = 1.6741751735268473e-5 ‖Δρ‖ = 1.6456882936267796e-5  ‖vε - vref‖ = 1.2505162520412194  α = 9.39e-5
 172   -27.13958923205      -11.53       -4.33    3.79s
    ‖ρε - ρref‖ = 9.849798101277435e-6 ‖Δρ‖ = 9.475864220546302e-6  ‖vε - vref‖ = 1.2505258874607017  α = 0.000244
 173   -27.13958923205      -11.22       -4.40    3.74s
    ‖ρε - ρref‖ = 7.85347455089249e-6 ‖Δρ‖ = 6.6853696540833665e-6  ‖vε - vref‖ = 1.2505463432847739  α = 0.000488
 174   -27.13958923205      -11.77       -4.49    3.89s
    ‖ρε - ρref‖ = 8.42769044208774e-6 ‖Δρ‖ = 7.2009284442812634e-6  ‖vε - vref‖ = 1.2505518966928155  α = 0.000239
 175   -27.13958923206      -11.63       -4.14    4.04s
    ‖ρε - ρref‖ = 1.4577007972840315e-5 ‖Δρ‖ = 1.3631125875350149e-5  ‖vε - vref‖ = 1.2505595608707107  α = 0.000149
 176   -27.13958923206      -11.56       -4.32    3.80s
    ‖ρε - ρref‖ = 9.249942079326937e-6 ‖Δρ‖ = 8.568500091956964e-6  ‖vε - vref‖ = 1.2505674591750016  α = 0.000253
 177   -27.13958923206      -11.64       -4.36    3.69s
    ‖ρε - ρref‖ = 8.536412261415673e-6 ‖Δρ‖ = 7.834762231537955e-6  ‖vε - vref‖ = 1.250573503839927  α = 0.00026
 178   -27.13958923206      -12.29       -4.23    3.57s
    ‖ρε - ρref‖ = 1.59475101546916e-5 ‖Δρ‖ = 1.7106104717426542e-5  ‖vε - vref‖ = 1.2505746725624414  α = 5.1e-5
 179   -27.13958923206      -12.76       -3.86    3.64s
    ‖ρε - ρref‖ = 4.969909677075548e-5 ‖Δρ‖ = 4.768650024469041e-5  ‖vε - vref‖ = 1.2505751592049317  α = 1.07e-5
 180   -27.13958923206      -11.69       -4.49    3.80s
    ‖ρε - ρref‖ = 7.922815539303247e-6 ‖Δρ‖ = 6.336459446520954e-6  ‖vε - vref‖ = 1.2505818297295057  α = 0.000298
 181   -27.13958923207      -11.78       -4.19    3.71s
    ‖ρε - ρref‖ = 1.363922699099305e-5 ‖Δρ‖ = 1.397460826689269e-5  ‖vε - vref‖ = 1.2505861206516578  α = 0.000115
 182   -27.13958923207      -12.01       -3.45    3.69s
    ‖ρε - ρref‖ = 8.991050991301654e-5 ‖Δρ‖ = 8.830545501103318e-5  ‖vε - vref‖ = 1.2505889105360088  α = 1.27e-5
 183   -27.13958923207      -11.77       -4.04    3.71s
    ‖ρε - ρref‖ = 1.8548588360864802e-5 ‖Δρ‖ = 1.8904880496075858e-5  ‖vε - vref‖ = 1.2505927504068264  α = 8.49e-5
 184   -27.13958923207      -11.93       -4.27    3.82s
    ‖ρε - ρref‖ = 1.3885941607501333e-5 ‖Δρ‖ = 1.3647767868694115e-5  ‖vε - vref‖ = 1.250595295452735  α = 0.000101
 185   -27.13958923207      -11.65       -4.57    3.75s
    ‖ρε - ρref‖ = 6.631895109012882e-6 ‖Δρ‖ = 4.920752581893604e-6  ‖vε - vref‖ = 1.2506014841557929  α = 0.000405
 186   -27.13958923207      -11.77       -4.47    3.66s
    ‖ρε - ρref‖ = 7.49059405353473e-6 ‖Δρ‖ = 6.3305685010809585e-6  ‖vε - vref‖ = 1.2506051582438313  α = 0.000274
 187   -27.13958923207      -11.91       -4.48    4.04s
    ‖ρε - ρref‖ = 7.3299478610759846e-6 ‖Δρ‖ = 6.2739083474495e-6  ‖vε - vref‖ = 1.2506075329482935  α = 0.000238
 188   -27.13958923208      -11.90       -4.23    4.14s
    ‖ρε - ρref‖ = 1.2564405012423385e-5 ‖Δρ‖ = 1.2194136905753451e-5  ‖vε - vref‖ = 1.2506098882262084  α = 0.000123
 189   -27.13958923208      -11.97       -4.58    3.91s
    ‖ρε - ρref‖ = 6.502515108872145e-6 ‖Δρ‖ = 5.1635100686079014e-6  ‖vε - vref‖ = 1.2506116866100345  α = 0.00027
 190   -27.13958923208      -11.99       -4.70    4.13s
    ‖ρε - ρref‖ = 5.24014202786564e-6 ‖Δρ‖ = 4.113859547279561e-6  ‖vε - vref‖ = 1.2506131647737138  α = 0.00032
 191   -27.13958923208      -12.31       -3.95    3.70s
    ‖ρε - ρref‖ = 3.3464871901252576e-5 ‖Δρ‖ = 3.090837509570725e-5  ‖vε - vref‖ = 1.2506140600471944  α = 2.67e-5
 192   -27.13958923208      -11.99       -3.56    3.78s
    ‖ρε - ρref‖ = 5.650967823781505e-5 ‖Δρ‖ = 5.691603513637837e-5  ‖vε - vref‖ = 1.250615366267511  α = 2.34e-5
 193   -27.13958923208      -12.16       -4.59    3.65s
    ‖ρε - ρref‖ = 6.760010421070542e-6 ‖Δρ‖ = 6.145093557001828e-6  ‖vε - vref‖ = 1.2506157301865999  α = 0.000171
 194   -27.13958923208      -12.88       -4.29    3.87s
    ‖ρε - ρref‖ = 2.1962500067822967e-5 ‖Δρ‖ = 2.0069703635287707e-5  ‖vε - vref‖ = 1.2506159618113477  α = 2.09e-5
 195   -27.13958923208      -12.14       -4.19    3.80s
    ‖ρε - ρref‖ = 1.593008908289994e-5 ‖Δρ‖ = 1.635251594988213e-5  ‖vε - vref‖ = 1.250616380448507  α = 6.41e-5
 196   -27.13958923208      -11.94       -4.27    3.71s
    ‖ρε - ρref‖ = 1.1880251239049542e-5 ‖Δρ‖ = 1.1184814225595797e-5  ‖vε - vref‖ = 1.2506172391592498  α = 0.000125
 197   -27.13958923208      -12.08       -4.39    3.77s
    ‖ρε - ρref‖ = 1.0413840142414424e-5 ‖Δρ‖ = 9.500486197929375e-6  ‖vε - vref‖ = 1.2506178343185987  α = 0.000125
 198   -27.13958923208      -11.73       -4.69    3.76s
    ‖ρε - ρref‖ = 5.544544161830332e-6 ‖Δρ‖ = 3.6953676316261024e-6  ‖vε - vref‖ = 1.2506190985952441  α = 0.000486
 199   -27.13958923209      -11.87       -4.57    3.86s
    ‖ρε - ρref‖ = 6.175036587896382e-6 ‖Δρ‖ = 4.886805943303759e-6  ‖vε - vref‖ = 1.2506196139094807  α = 0.00032
 200   -27.13958923209      -12.39       -4.40    3.82s
    ‖ρε - ρref‖ = 9.320447112049804e-6 ‖Δρ‖ = 8.586706905916531e-6  ‖vε - vref‖ = 1.2506196784629022  α = 0.000102
 201   -27.13958923209      -12.24       -4.65    3.98s
    ‖ρε - ρref‖ = 6.410480575195385e-6 ‖Δρ‖ = 4.894399764853631e-6  ‖vε - vref‖ = 1.2506196217597307  α = 0.000203
 202   -27.13958923209      -12.10       -4.82    3.71s
    ‖ρε - ρref‖ = 4.945908552327438e-6 ‖Δρ‖ = 2.9523075827748694e-6  ‖vε - vref‖ = 1.250619407653772  α = 0.000402
 203   -27.13958923209      -12.37       -4.49    3.72s
    ‖ρε - ρref‖ = 8.244275815373434e-6 ‖Δρ‖ = 7.863070158547582e-6  ‖vε - vref‖ = 1.2506190225042964  α = 0.00011
 204   -27.13958923209      -12.73       -3.92    3.78s
    ‖ρε - ρref‖ = 3.964669625677332e-5 ‖Δρ‖ = 3.735653916982023e-5  ‖vε - vref‖ = 1.2506189940209653  α = 1.38e-5
 205   -27.13958923209      -12.02       -4.08    3.69s
    ‖ρε - ρref‖ = 1.5239362442006222e-5 ‖Δρ‖ = 1.558926106813757e-5  ‖vε - vref‖ = 1.2506177115416608  α = 7.92e-5
 206   -27.13958923209      -13.03       -4.22    3.79s
    ‖ρε - ρref‖ = 2.346240150316646e-5 ‖Δρ‖ = 2.531804614203545e-5  ‖vε - vref‖ = 1.250617558220228  α = 1.28e-5
 207   -27.13958923209      -12.06       -4.45    3.84s
    ‖ρε - ρref‖ = 8.836471064172636e-6 ‖Δρ‖ = 7.107692273959617e-6  ‖vε - vref‖ = 1.250617234257587  α = 0.000169
 208   -27.13958923209      -12.22       -4.50    3.79s
    ‖ρε - ρref‖ = 8.864375616753704e-6 ‖Δρ‖ = 7.5994960951585135e-6  ‖vε - vref‖ = 1.2506165580592472  α = 0.000131
 209   -27.13958923209      -12.15       -4.37    3.60s
    ‖ρε - ρref‖ = 1.0248128408621864e-5 ‖Δρ‖ = 9.691531015018921e-6  ‖vε - vref‖ = 1.2506155461937036  α = 0.000111
 210   -27.13958923209      -12.33       -4.48    3.71s
    ‖ρε - ρref‖ = 8.407086635502711e-6 ‖Δρ‖ = 7.879405210668256e-6  ‖vε - vref‖ = 1.2506145777937676  α = 0.000116
 211   -27.13958923209      -12.11       -4.89    3.71s
    ‖ρε - ρref‖ = 4.549415664452925e-6 ‖Δρ‖ = 2.424910616260278e-6  ‖vε - vref‖ = 1.2506131332413137  α = 0.000476
 212   -27.13958923209      -11.95       -4.64    3.68s
    ‖ρε - ρref‖ = 5.823312454638724e-6 ‖Δρ‖ = 4.007523356683273e-6  ‖vε - vref‖ = 1.2506108187766427  α = 0.000346
 213   -27.13958923209      -12.14       -4.46    3.89s
    ‖ρε - ρref‖ = 7.88838598142628e-6 ‖Δρ‖ = 6.642057194664626e-6  ‖vε - vref‖ = 1.2506089890517704  α = 0.000171
 214   -27.13958923210      -12.07       -4.36    3.75s
    ‖ρε - ρref‖ = 9.464897461512522e-6 ‖Δρ‖ = 8.769410386924002e-6  ‖vε - vref‖ = 1.2506065226805374  α = 0.000139
 215   -27.13958923210      -12.26       -4.76    3.83s
    ‖ρε - ρref‖ = 5.60903585888074e-6 ‖Δρ‖ = 3.4034455123864662e-6  ‖vε - vref‖ = 1.2506045826878518  α = 0.000291
 216   -27.13958923210      -12.76       -3.75    3.79s
    ‖ρε - ρref‖ = 5.296812134959638e-5 ‖Δρ‖ = 5.5138683707718445e-5  ‖vε - vref‖ = 1.2506038547843854  α = 8.63e-6
 217   -27.13958923210      -12.70       -4.55    3.76s
    ‖ρε - ρref‖ = 7.161258524161312e-6 ‖Δρ‖ = 6.872313749101521e-6  ‖vε - vref‖ = 1.250603053696209  α = 8.56e-5
 218   -27.13958923210      -12.97       -4.33    3.73s
    ‖ρε - ρref‖ = 1.7368885406431553e-5 ‖Δρ‖ = 1.5143229647970603e-5  ‖vε - vref‖ = 1.2506027805889908  α = 2.39e-5
 219   -27.13958923210      -12.28       -4.10    4.07s
    ‖ρε - ρref‖ = 1.552503273586802e-5 ‖Δρ‖ = 1.5148208873029891e-5  ‖vε - vref‖ = 1.2506008783424247  α = 6.31e-5
 220   -27.13958923210      -12.38       -4.82    3.95s
    ‖ρε - ρref‖ = 4.978538989197732e-6 ‖Δρ‖ = 3.422493952469077e-6  ‖vε - vref‖ = 1.2505991940059267  α = 0.000235
 221   -27.13958923210      -12.44       -4.50    3.89s
    ‖ρε - ρref‖ = 8.004614792662078e-6 ‖Δρ‖ = 7.306440966071616e-6  ‖vε - vref‖ = 1.2505977480567443  α = 0.000105
 222   -27.13958923210      -12.44       -4.57    3.70s
    ‖ρε - ρref‖ = 7.717720140216464e-6 ‖Δρ‖ = 6.382607845085635e-6  ‖vε - vref‖ = 1.2505965338834726  α = 0.000118
 223   -27.13958923210      -12.45       -4.74    3.75s
    ‖ρε - ρref‖ = 6.0099727720825035e-6 ‖Δρ‖ = 3.956858238385446e-6  ‖vε - vref‖ = 1.2505954716315295  α = 0.000202
 224   -27.13958923210      -12.00       -4.77    3.82s
    ‖ρε - ρref‖ = 4.867238216350354e-6 ‖Δρ‖ = 2.7148582506112063e-6  ‖vε - vref‖ = 1.2505914751036415  α = 0.000479
 225   -27.13958923210      -12.41       -4.76    4.33s
    ‖ρε - ρref‖ = 4.998528976255563e-6 ‖Δρ‖ = 3.605194086179251e-6  ‖vε - vref‖ = 1.2505893999846025  α = 0.000232
 226   -27.13958923210      -12.49       -4.63    4.30s
    ‖ρε - ρref‖ = 6.31668054337176e-6 ‖Δρ‖ = 5.365768129914884e-6  ‖vε - vref‖ = 1.2505876956325632  α = 0.000138
 227   -27.13958923210      -12.21       -4.67    3.59s
    ‖ρε - ρref‖ = 5.7754183438299355e-6 ‖Δρ‖ = 4.162475806392883e-6  ‖vε - vref‖ = 1.2505842963840037  α = 0.000251
 228   -27.13958923210      -13.02       -4.79    3.76s
    ‖ρε - ρref‖ = 7.930150230530703e-6 ‖Δρ‖ = 5.330389400094523e-6  ‖vε - vref‖ = 1.2505838199298431  α = 7.03e-5
 229   -27.13958923210      -12.47       -3.96    3.59s
    ‖ρε - ρref‖ = 2.3185760385941345e-5 ‖Δρ‖ = 2.3854944980041363e-5  ‖vε - vref‖ = 1.2505816460075774  α = 3.2e-5
 230   -27.13958923210      -12.48       -4.41    3.67s
    ‖ρε - ρref‖ = 1.0175962232801278e-5 ‖Δρ‖ = 9.305032248040748e-6  ‖vε - vref‖ = 1.2505797180880296  α = 7.83e-5
 231   -27.13958923210      -13.09       -4.33    3.93s
    ‖ρε - ρref‖ = 1.9644774573125573e-5 ‖Δρ‖ = 1.7200239350420903e-5  ‖vε - vref‖ = 1.25057926004714  α = 1.85e-5
 232   -27.13958923210      -12.32       -4.23    4.29s
    ‖ρε - ρref‖ = 1.1132430385309081e-5 ‖Δρ‖ = 1.1479418150752957e-5  ‖vε - vref‖ = 1.2505759393528117  α = 7.9e-5
 233   -27.13958923210      -12.54       -4.89    3.73s
    ‖ρε - ρref‖ = 5.035512149627629e-6 ‖Δρ‖ = 3.3082434650504645e-6  ‖vε - vref‖ = 1.2505743186514964  α = 0.000194
 234   -27.13958923210      -12.27       -4.46    3.80s
    ‖ρε - ρref‖ = 8.0495315612985e-6 ‖Δρ‖ = 6.815672408755716e-6  ‖vε - vref‖ = 1.2505709255907398  α = 0.00014
 235   -27.13958923210      -12.30       -4.55    3.62s
    ‖ρε - ρref‖ = 7.300498579440554e-6 ‖Δρ‖ = 5.9382071814681795e-6  ‖vε - vref‖ = 1.2505677572350102  α = 0.000152
 236   -27.13958923210      -12.41       -4.56    3.76s
    ‖ρε - ρref‖ = 6.516469559235224e-6 ‖Δρ‖ = 5.049891327422157e-6  ‖vε - vref‖ = 1.2505650672610313  α = 0.000167
 237   -27.13958923210      -12.42       -5.08    3.63s
    ‖ρε - ρref‖ = 4.254589971838284e-6 ‖Δρ‖ = 1.6354579370026917e-6  ‖vε - vref‖ = 1.250562081801304  α = 0.000493
 238   -27.13958923210      -12.68       -4.70    3.66s
    ‖ρε - ρref‖ = 5.4014098752157384e-6 ‖Δρ‖ = 4.0264427282462775e-6  ‖vε - vref‖ = 1.2505599940128038  α = 0.000158
 239   -27.13958923210      -12.69       -4.71    3.83s
    ‖ρε - ρref‖ = 5.696273312841239e-6 ‖Δρ‖ = 4.3367755340571714e-6  ‖vε - vref‖ = 1.2505578476188999  α = 0.000142
 240   -27.13958923210      -12.66       -4.85    4.60s
    ‖ρε - ρref‖ = 6.074184405656863e-6 ‖Δρ‖ = 3.410503970503595e-6  ‖vε - vref‖ = 1.2505559796898436  α = 0.000163
 241   -27.13958923210      -12.59       -3.71    4.14s
    ‖ρε - ρref‖ = 4.378286101120164e-5 ‖Δρ‖ = 4.5006777173169836e-5  ‖vε - vref‖ = 1.2505533777984237  α = 1.45e-5
 242   -27.13958923211      -12.73       -4.73    3.71s
    ‖ρε - ρref‖ = 5.479542190779235e-6 ‖Δρ‖ = 4.121305647413574e-6  ‖vε - vref‖ = 1.250551564240895  α = 0.000134
 243   -27.13958923211      -12.97       -4.24    3.71s
    ‖ρε - ρref‖ = 1.8956261085325014e-5 ‖Δρ‖ = 1.6721803666314627e-5  ‖vε - vref‖ = 1.2505507609896642  α = 2.01e-5
 244   -27.13958923211      -12.54       -4.14    3.73s
    ‖ρε - ρref‖ = 1.3584581628663603e-5 ‖Δρ‖ = 1.4254872980163831e-5  ‖vε - vref‖ = 1.2505475860759614  α = 4.86e-5
 245   -27.13958923211      -12.61       -4.86    3.69s
    ‖ρε - ρref‖ = 5.091093038784121e-6 ‖Δρ‖ = 2.6110109100348525e-6  ‖vε - vref‖ = 1.2505452385578189  α = 0.000255
 246   -27.13958923211      -12.81       -4.59    3.75s
    ‖ρε - ρref‖ = 7.740489631401528e-6 ‖Δρ‖ = 6.097730597996166e-6  ‖vε - vref‖ = 1.2505438448549693  α = 7.7e-5
 247   -27.13958923211      -12.60       -4.83    3.85s
    ‖ρε - ρref‖ = 4.790640591632915e-6 ‖Δρ‖ = 2.8934336979777224e-6  ‖vε - vref‖ = 1.250540864776397  α = 0.000233
 248   -27.13958923211      -12.68       -4.74    3.72s
    ‖ρε - ρref‖ = 5.289285325622675e-6 ‖Δρ‖ = 3.971156324292239e-6  ‖vε - vref‖ = 1.2505382570079664  α = 0.000152
 249   -27.13958923211      -12.69       -4.87    3.73s
    ‖ρε - ρref‖ = 4.575302504468727e-6 ‖Δρ‖ = 2.4666167703807666e-6  ‖vε - vref‖ = 1.250535583821367  α = 0.000252
 250   -27.13958923211      -12.69       -5.10    3.78s
    ‖ρε - ρref‖ = 4.2805181485408146e-6 ‖Δρ‖ = 1.6597214766837796e-6  ‖vε - vref‖ = 1.250532861101373  α = 0.000354
 251   -27.13958923211      -12.80       -4.77    3.80s
    ‖ρε - ρref‖ = 5.219114301808859e-6 ‖Δρ‖ = 3.5214209887490378e-6  ‖vε - vref‖ = 1.2505307996555506  α = 0.000145
 252   -27.13958923211      -13.00       -4.77    3.76s
    ‖ρε - ρref‖ = 6.8179939426370366e-6 ‖Δρ‖ = 4.420009494374483e-6  ‖vε - vref‖ = 1.2505291053137595  α = 9.47e-5
 253   -27.13958923211      -12.79       -3.87    3.97s
    ‖ρε - ρref‖ = 3.211954459937223e-5 ‖Δρ‖ = 3.3473914290947947e-5  ‖vε - vref‖ = 1.2505267387247139  α = 1.5e-5
 254   -27.13958923211      -12.45       -4.85    3.88s
    ‖ρε - ρref‖ = 4.420331078943426e-6 ‖Δρ‖ = 2.5578887853747646e-6  ‖vε - vref‖ = 1.250521354847774  α = 0.000309
 255   -27.13958923211      -13.07       -4.04    4.04s
    ‖ρε - ρref‖ = 3.1324517838385576e-5 ‖Δρ‖ = 2.9066503935489515e-5  ‖vε - vref‖ = 1.2505202352030866  α = 1.08e-5
 256   -27.13958923211      -12.97       -4.47    4.01s
    ‖ρε - ρref‖ = 9.18285899350481e-6 ‖Δρ‖ = 9.183591249630266e-6  ‖vε - vref‖ = 1.2505187532899624  α = 4.3e-5
 257   -27.13958923211      -12.73       -5.05    4.13s
    ‖ρε - ρref‖ = 4.597727819570679e-6 ‖Δρ‖ = 1.8712139430319215e-6  ‖vε - vref‖ = 1.2505160179216024  α = 0.000306
 258   -27.13958923211      -13.00       -4.84    3.93s
    ‖ρε - ρref‖ = 5.2768808511723555e-6 ‖Δρ‖ = 3.5345907800633314e-6  ‖vε - vref‖ = 1.25051415003286  α = 0.000117
 259   -27.13958923211      -12.89       -4.72    3.91s
    ‖ρε - ρref‖ = 5.2944518478901726e-6 ‖Δρ‖ = 4.21661255114551e-6  ‖vε - vref‖ = 1.2505119562610947  α = 0.000106
 260   -27.13958923211      -12.84       -5.14    4.07s
    ‖ρε - ρref‖ = 4.166725602093832e-6 ‖Δρ‖ = 1.5515924273862179e-6  ‖vε - vref‖ = 1.2505095821583165  α = 0.000316
 261   -27.13958923211      -12.80       -4.88    3.90s
    ‖ρε - ρref‖ = 5.10418737710281e-6 ‖Δρ‖ = 2.970905452740321e-6  ‖vε - vref‖ = 1.2505071300040296  α = 0.000174
 262   -27.13958923211      -12.50       -5.02    3.86s
    ‖ρε - ρref‖ = 4.346891400183702e-6 ‖Δρ‖ = 1.6363480173482634e-6  ‖vε - vref‖ = 1.2505016896759487  α = 0.000466
 263   -27.13958923211      -12.82       -4.84    3.79s
    ‖ρε - ρref‖ = 4.534780981071029e-6 ‖Δρ‖ = 2.8881053278492817e-6  ‖vε - vref‖ = 1.2504986819231818  α = 0.000189
 264   -27.13958923211      -13.30       -4.52    3.77s
    ‖ρε - ρref‖ = 1.251443121050856e-5 ‖Δρ‖ = 1.0304009863302054e-5  ‖vε - vref‖ = 1.2504981263492967  α = 2.08e-5
 265   -27.13958923211      -12.99       -4.29    3.83s
    ‖ρε - ρref‖ = 1.1466604615087346e-5 ‖Δρ‖ = 1.1969201308235032e-5  ‖vε - vref‖ = 1.250496154872375  α = 3.5e-5
 266   -27.13958923211      -12.76       -5.08    3.66s
    ‖ρε - ρref‖ = 3.824576873457706e-6 ‖Δρ‖ = 1.7159040258722578e-6  ‖vε - vref‖ = 1.2504929723622213  α = 0.000306
 267   -27.13958923211      -12.93       -3.85    3.75s
    ‖ρε - ρref‖ = 3.3885220428879005e-5 ‖Δρ‖ = 3.181513656267933e-5  ‖vε - vref‖ = 1.2504906286449484  α = 1.32e-5
 268   -27.13958923211      -12.87       -4.57    3.80s
    ‖ρε - ρref‖ = 6.3448549740315236e-6 ‖Δρ‖ = 5.635767509063635e-6  ‖vε - vref‖ = 1.2504882601831442  α = 8.12e-5
 269   -27.13958923211      -12.80       -4.71    3.89s
    ‖ρε - ρref‖ = 5.781392657832078e-6 ‖Δρ‖ = 4.0648593805662266e-6  ‖vε - vref‖ = 1.2504850440797959  α = 0.000131
 270   -27.13958923211      -12.86       -5.11    3.75s
    ‖ρε - ρref‖ = 4.245022130984641e-6 ‖Δρ‖ = 1.8668367699125668e-6  ‖vε - vref‖ = 1.250482491872565  α = 0.000243
 271   -27.13958923211      -12.64       -4.57    3.72s
    ‖ρε - ρref‖ = 6.151923424995028e-6 ‖Δρ‖ = 5.1630773981828e-6  ‖vε - vref‖ = 1.2504781009066914  α = 0.000122
 272   -27.13958923211      -12.57       -4.74    3.86s
    ‖ρε - ρref‖ = 5.368593518876724e-6 ‖Δρ‖ = 3.248564212860872e-6  ‖vε - vref‖ = 1.250473493767284  α = 0.000206
 273   -27.13958923211      -12.94       -5.06    3.80s
    ‖ρε - ρref‖ = 4.618592468463343e-6 ‖Δρ‖ = 2.2264800720602875e-6  ‖vε - vref‖ = 1.2504714474324026  α = 0.000194
 274   -27.13958923211      -12.56       -4.91    3.77s
    ‖ρε - ρref‖ = 4.441014867217328e-6 ‖Δρ‖ = 2.2112189250331686e-6  ‖vε - vref‖ = 1.2504662729105191  α = 0.000317
 275   -27.13958923211      -12.94       -5.02    3.79s
    ‖ρε - ρref‖ = 3.984713302346568e-6 ‖Δρ‖ = 2.1257815981179265e-6  ‖vε - vref‖ = 1.250464035179144  α = 0.00021
 276   -27.13958923211      -13.34       -4.04    3.73s
    ‖ρε - ρref‖ = 2.849702173015277e-5 ‖Δρ‖ = 2.6458576322026445e-5  ‖vε - vref‖ = 1.2504631468666072  α = 9.99e-6
 277   -27.13958923211      -12.91       -4.67    3.70s
    ‖ρε - ρref‖ = 5.803562952318914e-6 ‖Δρ‖ = 4.491145262790883e-6  ‖vε - vref‖ = 1.250460707519037  α = 0.000105
 278   -27.13958923211      -13.60       -4.81    3.74s
    ‖ρε - ρref‖ = 4.292591604381396e-6 ‖Δρ‖ = 4.527903378789294e-6  ‖vε - vref‖ = 1.2504597667569246  α = 5.41e-5
 279   -27.13958923211      -12.83       -4.15    3.73s
    ‖ρε - ρref‖ = 1.6685948937218202e-5 ‖Δρ‖ = 1.5164571040105907e-5  ‖vε - vref‖ = 1.2504573251944144  α = 2.96e-5
 280   -27.13958923211      -13.13       -4.94    3.70s
    ‖ρε - ρref‖ = 4.448875169559973e-6 ‖Δρ‖ = 2.5863408893676387e-6  ‖vε - vref‖ = 1.2504556758762888  α = 0.000145
 281   -27.13958923211      -12.86       -4.72    3.78s
    ‖ρε - ρref‖ = 5.902076536902852e-6 ‖Δρ‖ = 4.080132493126596e-6  ‖vε - vref‖ = 1.2504530236565914  α = 0.000119
 282   -27.13958923211      -12.74       -5.02    3.69s
    ‖ρε - ρref‖ = 4.101660100687067e-6 ‖Δρ‖ = 1.8236304723206481e-6  ‖vε - vref‖ = 1.2504495916606402  α = 0.000294
 283   -27.13958923211      -12.99       -4.57    3.76s
    ‖ρε - ρref‖ = 6.641535611094431e-6 ‖Δρ‖ = 5.925705939027913e-6  ‖vε - vref‖ = 1.2504474606868035  α = 6.97e-5
 284   -27.13958923211      -12.86       -5.11    3.71s
    ‖ρε - ρref‖ = 4.482202196828004e-6 ‖Δρ‖ = 1.6347716896020912e-6  ‖vε - vref‖ = 1.2504451959372749  α = 0.000296
 285   -27.13958923211      -12.97       -5.07    3.72s
    ‖ρε - ρref‖ = 4.361013595298836e-6 ‖Δρ‖ = 1.8263740742098852e-6  ‖vε - vref‖ = 1.2504433817764098  α = 0.000227
 286   -27.13958923211      -12.93       -4.94    3.78s
    ‖ρε - ρref‖ = 4.454379661905109e-6 ‖Δρ‖ = 2.292645305012336e-6  ‖vε - vref‖ = 1.2504414066811638  α = 0.000197
 287   -27.13958923211      -13.97       -4.88    3.68s
    ‖ρε - ρref‖ = 4.160171034533802e-6 ‖Δρ‖ = 3.962870329958785e-6  ‖vε - vref‖ = 1.250440948825616  α = 5.12e-5
 288   -27.13958923211      -12.97       -4.20    3.57s
    ‖ρε - ρref‖ = 1.423960023389385e-5 ‖Δρ‖ = 1.2615644775030136e-5  ‖vε - vref‖ = 1.2504394067933295  α = 3.22e-5
 289   -27.13958923211      -13.22       -4.93    3.59s
    ‖ρε - ρref‖ = 5.032184397728314e-6 ‖Δρ‖ = 2.4947261269928176e-6  ‖vε - vref‖ = 1.2504385246244376  α = 0.000126
 290   -27.13958923211      -13.67       -4.46    3.69s
    ‖ρε - ρref‖ = 1.025007294477793e-5 ‖Δρ‖ = 1.1703865668446166e-5  ‖vε - vref‖ = 1.250438200255623  α = 1.32e-5
 291   -27.13958923211      -13.03       -4.73    3.71s
    ‖ρε - ρref‖ = 5.5581537014333066e-6 ‖Δρ‖ = 3.464250146401377e-6  ‖vε - vref‖ = 1.2504364485277715  α = 0.000126
 292   -27.13958923211      -13.09       -4.97    3.66s
    ‖ρε - ρref‖ = 4.123781153523209e-6 ‖Δρ‖ = 2.28560384070067e-6  ‖vε - vref‖ = 1.2504352101430332  α = 0.000153
 293   -27.13958923211      -13.45       -4.82    3.67s
    ‖ρε - ρref‖ = 5.428255291483634e-6 ‖Δρ‖ = 3.783239849166515e-6  ‖vε - vref‖ = 1.250434400643587  α = 7.25e-5
 294   -27.13958923211      -12.97       -5.32    3.73s
    ‖ρε - ρref‖ = 3.957413036341271e-6 ‖Δρ‖ = 8.904716684473309e-7  ‖vε - vref‖ = 1.2504327056376559  α = 0.000473
 295   -27.13958923211      -13.22       -4.68    3.79s
    ‖ρε - ρref‖ = 5.809146293127728e-6 ‖Δρ‖ = 4.6152295480068876e-6  ‖vε - vref‖ = 1.2504317470041495  α = 6.81e-5
 296   -27.13958923211      -13.03       -5.16    3.73s
    ‖ρε - ρref‖ = 4.219864040384325e-6 ‖Δρ‖ = 1.3030230476956793e-6  ‖vε - vref‖ = 1.250430370065897  α = 0.000325
 297   -27.13958923211      -12.86       -5.21    3.62s
    ‖ρε - ρref‖ = 3.986375111492185e-6 ‖Δρ‖ = 1.1534981199805625e-6  ‖vε - vref‖ = 1.250428582726232  α = 0.000392
 298   -27.13958923211      -13.11       -4.82    3.58s
    ‖ρε - ρref‖ = 5.290815720356929e-6 ‖Δρ‖ = 3.0601887419364323e-6  ‖vε - vref‖ = 1.250427348839632  α = 0.00013
 299   -27.13958923211      -13.67       -4.29    3.81s
    ‖ρε - ρref‖ = 1.666329162994845e-5 ‖Δρ‖ = 1.8247026182425955e-5  ‖vε - vref‖ = 1.250427133544371  α = 8.03e-6
 300   -27.13958923211      -13.27       -5.09    3.63s
    ‖ρε - ρref‖ = 4.575290304181782e-6 ‖Δρ‖ = 1.7673660016727515e-6  ‖vε - vref‖ = 1.2504266976831155  α = 0.00016
Trying again with Newton's method ...
n     Energy            log10(ΔE)   log10(Δρ)   Δtime 
---   ---------------   ---------   ---------   ------
  1   -27.13958923211                   -7.86     318s
    ‖ρε - ρref‖ = 3.899659295549816e-6 ‖Δρ‖ = 1.4744516382675528e-9  ‖vε - vref‖ = 1.2504537603089847
  2   -27.13958923212      -12.05       -7.99     321s
    ‖ρε - ρref‖ = 3.899687730271792e-6 ‖Δρ‖ = 1.1276402502414225e-9  ‖vε - vref‖ = 1.250439051068931
    Stopping to avoid numerical instabilities.

#-- ‖ρε - ρref‖ = 3.899687730271792e-6 vs. 1.0e-8 = δ*ε ‖vε - vref‖ = 1.250439051068931


# --- ε=5.62341325190349e-7

n     Energy            log10(ΔE)   log10(Δρ)   Δtime 
---   ---------------   ---------   ---------   ------
  1   -27.13958304589                   -0.11    6.14s
    ‖ρε - ρref‖ = 0.3954975233646799 ‖Δρ‖ = 0.39549576653980484  ‖vε - vref‖ = 2.3589355644294416  α = 3.85e-6
  2   -27.13958329295       -6.61       -1.05    3.38s
    ‖ρε - ρref‖ = 0.034680001485369066 ‖Δρ‖ = 0.034679574271891646  ‖vε - vref‖ = 2.1036101503855296  α = 1.28e-5
  3   -27.13958353847       -6.61       -0.89    3.45s
    ‖ρε - ρref‖ = 0.0517015377643618 ‖Δρ‖ = 0.05170086303577905  ‖vε - vref‖ = 1.7730549541058245  α = 9.18e-6
  4   -27.13958373551       -6.71       -1.44    3.69s
    ‖ρε - ρref‖ = 0.009131896420808144 ‖Δρ‖ = 0.009131399327438844  ‖vε - vref‖ = 1.5376794988809754  α = 4.78e-5
  5   -27.13958379862       -7.20       -1.94    3.80s
    ‖ρε - ρref‖ = 0.0030811265023751085 ‖Δρ‖ = 0.0030806674502370252  ‖vε - vref‖ = 1.4664002755926013  α = 7.73e-5
  6   -27.13958388555       -7.06       -1.62    3.62s
    ‖ρε - ρref‖ = 0.004962661459954658 ‖Δρ‖ = 0.004962199429106885  ‖vε - vref‖ = 1.346245371754775  α = 5.86e-5
  7   -27.13958391495       -7.53       -2.04    3.57s
    ‖ρε - ρref‖ = 0.0020971584561560713 ‖Δρ‖ = 0.00209698858138481  ‖vε - vref‖ = 1.302014356598115  α = 7.98e-5
  8   -27.13958392383       -8.05       -2.24    3.67s
    ‖ρε - ρref‖ = 0.0014875358467104926 ‖Δρ‖ = 0.0014874683088338357  ‖vε - vref‖ = 1.2898728871816645  α = 6.33e-5
  9   -27.13958393773       -7.86       -2.38    3.88s
    ‖ρε - ρref‖ = 0.0009178516554423053 ‖Δρ‖ = 0.000917673744340937  ‖vε - vref‖ = 1.2700618312274594  α = 0.000127
 10   -27.13958394480       -8.15       -2.35    4.44s
    ‖ρε - ρref‖ = 0.0010895943197865197 ‖Δρ‖ = 0.0010894989281154592  ‖vε - vref‖ = 1.260549509198524  α = 7.72e-5
 11   -27.13958395755       -7.89       -2.53    3.95s
    ‖ρε - ρref‖ = 0.0006157749703464544 ‖Δρ‖ = 0.0006154993112735451  ‖vε - vref‖ = 1.243611569793533  α = 0.000179
 12   -27.13958395838       -9.08       -2.16    4.51s
    ‖ρε - ρref‖ = 0.003230559866022421 ‖Δρ‖ = 0.0032322873968910143  ‖vε - vref‖ = 1.2425487221672762  α = 7.72e-6
 13   -27.13958396471       -8.20       -2.24    3.78s
    ‖ρε - ρref‖ = 0.0013625514079879766 ‖Δρ‖ = 0.0013622401691184792  ‖vε - vref‖ = 1.233667481011635  α = 5.89e-5
 14   -27.13958396539       -9.16       -2.01    3.63s
    ‖ρε - ρref‖ = 0.0045874456838934045 ‖Δρ‖ = 0.004587385319429257  ‖vε - vref‖ = 1.2324699052326589  α = 4.72e-6
 15   -27.13958397183       -8.19       -2.66    3.76s
    ‖ρε - ρref‖ = 0.00041958115312753976 ‖Δρ‖ = 0.0004193397238758024  ‖vε - vref‖ = 1.2246097026367035  α = 0.000193
 16   -27.13958397483       -8.52       -2.74    3.73s
    ‖ρε - ρref‖ = 0.0005163528146780612 ‖Δρ‖ = 0.0005164602709020859  ‖vε - vref‖ = 1.221035318145118  α = 0.000102
 17   -27.13958397796       -8.50       -2.33    3.65s
    ‖ρε - ρref‖ = 0.0011085067195445656 ‖Δρ‖ = 0.0011082149013548208  ‖vε - vref‖ = 1.2174436741155439  α = 5.04e-5
 18   -27.13958398187       -8.41       -2.78    3.95s
    ‖ρε - ρref‖ = 0.00036330255390276965 ‖Δρ‖ = 0.0003632083127024428  ‖vε - vref‖ = 1.2144434491560536  α = 0.000169
 19   -27.13958398583       -8.40       -2.22    3.76s
    ‖ρε - ρref‖ = 0.0013665612450965536 ‖Δρ‖ = 0.0013664279511853203  ‖vε - vref‖ = 1.2096127120629645  α = 4.44e-5
 20   -27.13958398918       -8.47       -2.72    3.64s
    ‖ρε - ρref‖ = 0.0003732395583821149 ‖Δρ‖ = 0.0003732604894287125  ‖vε - vref‖ = 1.2064721797159106  α = 0.000152
 21   -27.13958399307       -8.41       -2.47    3.83s
    ‖ρε - ρref‖ = 0.0006564684293836674 ‖Δρ‖ = 0.0006563320697569016  ‖vε - vref‖ = 1.2029814922670001  α = 9.68e-5
 22   -27.13958399591       -8.55       -2.47    3.89s
    ‖ρε - ρref‖ = 0.0007527654222711515 ‖Δρ‖ = 0.000752592334132341  ‖vε - vref‖ = 1.1999460276231346  α = 6.96e-5
 23   -27.13958399820       -8.64       -2.84    3.79s
    ‖ρε - ρref‖ = 0.00033486339872314415 ‖Δρ‖ = 0.00033479057785395177  ‖vε - vref‖ = 1.1981388747597082  α = 0.000143
 24   -27.13958400303       -8.32       -2.52    3.70s
    ‖ρε - ρref‖ = 0.0005224063974207013 ‖Δρ‖ = 0.0005221245090243278  ‖vε - vref‖ = 1.1943493372681542  α = 0.000135
 25   -27.13958400333       -9.52       -2.05    3.81s
    ‖ρε - ρref‖ = 0.0034416574514225216 ‖Δρ‖ = 0.003443249409320519  ‖vε - vref‖ = 1.1940233329185777  α = 4.44e-6
 26   -27.13958400420       -9.06       -2.85    3.74s
    ‖ρε - ρref‖ = 0.000379239393129979 ‖Δρ‖ = 0.0003790953616071311  ‖vε - vref‖ = 1.193829608143839  α = 7.03e-5
 27   -27.13958400501       -9.09       -1.92    3.89s
    ‖ρε - ρref‖ = 0.003373769113377752 ‖Δρ‖ = 0.003372993691451994  ‖vε - vref‖ = 1.192862349197656  α = 7.77e-6
 28   -27.13958400778       -8.56       -2.99    3.70s
    ‖ρε - ρref‖ = 0.00019077364145714493 ‖Δρ‖ = 0.00019080855429593578  ‖vε - vref‖ = 1.1914901976431547  α = 0.000274
 29   -27.13958400918       -8.85       -2.55    3.74s
    ‖ρε - ρref‖ = 0.0006755735600730557 ‖Δρ‖ = 0.000675330527395669  ‖vε - vref‖ = 1.1907573659009743  α = 5.44e-5
 30   -27.13958401221       -8.52       -2.56    3.57s
    ‖ρε - ρref‖ = 0.0005440325798414794 ‖Δρ‖ = 0.0005441124401251157  ‖vε - vref‖ = 1.1890604360043242  α = 0.000102
 31   -27.13958401360       -8.86       -2.67    3.63s
    ‖ρε - ρref‖ = 0.0005145689709420027 ‖Δρ‖ = 0.0005143414404235043  ‖vε - vref‖ = 1.1887622240506022  α = 7.04e-5
 32   -27.13958401568       -8.68       -2.52    3.67s
    ‖ρε - ρref‖ = 0.0006565481836598112 ‖Δρ‖ = 0.0006562032607013067  ‖vε - vref‖ = 1.1876871967105804  α = 6.46e-5
 33   -27.13958401792       -8.65       -2.83    3.66s
    ‖ρε - ρref‖ = 0.0002683686662792429 ‖Δρ‖ = 0.00026844120239878346  ‖vε - vref‖ = 1.1866219207145443  α = 0.000177
 34   -27.13958401895       -8.99       -2.59    3.70s
    ‖ρε - ρref‖ = 0.000557930417743432 ‖Δρ‖ = 0.0005580686429496142  ‖vε - vref‖ = 1.1862799997062217  α = 5.86e-5
 35   -27.13958402030       -8.87       -2.83    3.91s
    ‖ρε - ρref‖ = 0.00028607016090625585 ‖Δρ‖ = 0.0002860619801406381  ‖vε - vref‖ = 1.1858814849238963  α = 0.00013
 36   -27.13958402168       -8.86       -2.82    3.65s
    ‖ρε - ρref‖ = 0.0003230554170412326 ‖Δρ‖ = 0.0003231863613129832  ‖vε - vref‖ = 1.1856509183022286  α = 0.000113
 37   -27.13958402191       -9.64       -2.34    3.77s
    ‖ρε - ρref‖ = 0.0016746328683623988 ‖Δρ‖ = 0.0016729947613686764  ‖vε - vref‖ = 1.185718177572408  α = 8.06e-6
 38   -27.13958402363       -8.76       -2.41    3.94s
    ‖ρε - ρref‖ = 0.0007521759852588038 ‖Δρ‖ = 0.000752046951791204  ‖vε - vref‖ = 1.185388348398687  α = 5.47e-5
 39   -27.13958402381       -9.74       -2.30    4.20s
    ‖ρε - ρref‖ = 0.0020025101018625313 ‖Δρ‖ = 0.0020031870158436927  ‖vε - vref‖ = 1.1852783272428065  α = 5.48e-6
 40   -27.13958402509       -8.89       -2.82    3.73s
    ‖ρε - ρref‖ = 0.00030509137556813715 ‖Δρ‖ = 0.00030527204941952315  ‖vε - vref‖ = 1.1852492434659339  α = 0.000115
 41   -27.13958402618       -8.96       -2.93    3.69s
    ‖ρε - ρref‖ = 0.0002511690289151055 ‖Δρ‖ = 0.00025077388232709933  ‖vε - vref‖ = 1.1849860119987907  α = 0.000126
 42   -27.13958402686       -9.17       -2.53    3.71s
    ‖ρε - ρref‖ = 0.0006802713250012307 ‖Δρ‖ = 0.000680283330110173  ‖vε - vref‖ = 1.1849358787224495  α = 3.81e-5
 43   -27.13958402828       -8.85       -3.13    3.98s
    ‖ρε - ρref‖ = 0.0001358282435075687 ‖Δρ‖ = 0.00013558654976714442  ‖vε - vref‖ = 1.1852893855480309  α = 0.000273
 44   -27.13958402976       -8.83       -2.31    3.75s
    ‖ρε - ρref‖ = 0.0008563409495660663 ‖Δρ‖ = 0.0008561573481661521  ‖vε - vref‖ = 1.1850810020550178  α = 4.34e-5
 45   -27.13958403065       -9.05       -3.01    4.09s
    ‖ρε - ρref‖ = 0.000205527455340736 ‖Δρ‖ = 0.00020581264944298232  ‖vε - vref‖ = 1.185160065294286  α = 0.000142
 46   -27.13958403148       -9.08       -2.89    3.72s
    ‖ρε - ρref‖ = 0.0002530439371762187 ‖Δρ‖ = 0.0002531399678694116  ‖vε - vref‖ = 1.1852454392816607  α = 0.000114
 47   -27.13958403263       -8.94       -2.66    4.13s
    ‖ρε - ρref‖ = 0.00038496643730568454 ‖Δρ‖ = 0.00038477562987608  ‖vε - vref‖ = 1.1854777523056377  α = 8.88e-5
 48   -27.13958403309       -9.33       -2.88    3.73s
    ‖ρε - ρref‖ = 0.00027947994881817687 ‖Δρ‖ = 0.0002800375273414957  ‖vε - vref‖ = 1.1856122632932324  α = 7.64e-5
 49   -27.13958403328       -9.72       -2.12    3.76s
    ‖ρε - ρref‖ = 0.0022458764104936447 ‖Δρ‖ = 0.002244424043296956  ‖vε - vref‖ = 1.1856002294295493  α = 5.53e-6
 50   -27.13958403370       -9.38       -2.94    3.68s
    ‖ρε - ρref‖ = 0.00028001090350090313 ‖Δρ‖ = 0.00027965631011075644  ‖vε - vref‖ = 1.1858033059844155  α = 6.86e-5
 51   -27.13958403391       -9.67       -2.18    3.79s
    ‖ρε - ρref‖ = 0.0019347942664802282 ‖Δρ‖ = 0.0019354015100398222  ‖vε - vref‖ = 1.1857913457153815  α = 6.36e-6
 52   -27.13958403466       -9.13       -2.96    3.78s
    ‖ρε - ρref‖ = 0.00020535156286026498 ‖Δρ‖ = 0.00020553466955911068  ‖vε - vref‖ = 1.1859844877274481  α = 0.000134
 53   -27.13958403515       -9.31       -3.10    3.90s
    ‖ρε - ρref‖ = 0.00014837590970222556 ‖Δρ‖ = 0.0001479262119347781  ‖vε - vref‖ = 1.1862782744946674  α = 0.000147
 54   -27.13958403547       -9.50       -2.70    4.13s
    ‖ρε - ρref‖ = 0.00041527746855909444 ‖Δρ‖ = 0.0004153417146742809  ‖vε - vref‖ = 1.186359267565901  α = 4.23e-5
 55   -27.13958403606       -9.23       -3.04    3.76s
    ‖ρε - ρref‖ = 0.00016714222644426593 ‖Δρ‖ = 0.0001671556309184648  ‖vε - vref‖ = 1.1867246503033235  α = 0.000145
 56   -27.13958403633       -9.57       -2.86    3.64s
    ‖ρε - ρref‖ = 0.00033227927692356323 ‖Δρ‖ = 0.00033225972149897385  ‖vε - vref‖ = 1.1869324451973435  α = 4.62e-5
 57   -27.13958403709       -9.12       -2.96    3.67s
    ‖ρε - ρref‖ = 0.00018530694914781172 ‖Δρ‖ = 0.00018518553182338926  ‖vε - vref‖ = 1.1873885204594241  α = 0.000143
 58   -27.13958403771       -9.21       -2.99    4.06s
    ‖ρε - ρref‖ = 0.00017296119973150321 ‖Δρ‖ = 0.00017287745670551002  ‖vε - vref‖ = 1.187750264595501  α = 0.000148
 59   -27.13958403807       -9.44       -2.95    3.70s
    ‖ρε - ρref‖ = 0.0002354623950899611 ‖Δρ‖ = 0.00023531169530355116  ‖vε - vref‖ = 1.1880178023104075  α = 8.09e-5
 60   -27.13958403847       -9.39       -2.88    3.74s
    ‖ρε - ρref‖ = 0.00026633326568765054 ‖Δρ‖ = 0.00026717768488094764  ‖vε - vref‖ = 1.1883734863404276  α = 7.21e-5
 61   -27.13958403868       -9.69       -2.04    3.84s
    ‖ρε - ρref‖ = 0.0024171495653427444 ‖Δρ‖ = 0.0024159385051669797  ‖vε - vref‖ = 1.1884550348670007  α = 5.56e-6
 62   -27.13958403878       -9.98       -3.21    4.11s
    ‖ρε - ρref‖ = 0.00017319620718861785 ‖Δρ‖ = 0.00017268200394982372  ‖vε - vref‖ = 1.1886342190082884  α = 5.17e-5
 63   -27.13958403902       -9.64       -2.31    4.48s
    ‖ρε - ρref‖ = 0.0010710806123890974 ‖Δρ‖ = 0.0010716280793948176  ‖vε - vref‖ = 1.1888055595170084  α = 1.33e-5
 64   -27.13958403956       -9.27       -2.87    3.88s
    ‖ρε - ρref‖ = 0.00020999404830563683 ‖Δρ‖ = 0.00021017488774803162  ‖vε - vref‖ = 1.1892597788539288  α = 0.000111
 65   -27.13958403986       -9.52       -3.21    4.16s
    ‖ρε - ρref‖ = 0.00011535479799085504 ‖Δρ‖ = 0.00011477421545336038  ‖vε - vref‖ = 1.189596770607978  α = 0.000149
 66   -27.13958404000       -9.84       -3.02    4.44s
    ‖ρε - ρref‖ = 0.00022406627863764232 ‖Δρ‖ = 0.00022413442569092196  ‖vε - vref‖ = 1.189741279844074  α = 5.11e-5
 67   -27.13958404027       -9.57       -3.00    4.60s
    ‖ρε - ρref‖ = 0.00018037333117192772 ‖Δρ‖ = 0.0001802755772155647  ‖vε - vref‖ = 1.19006341335104  α = 9.35e-5
 68   -27.13958404042       -9.83       -3.19    4.16s
    ‖ρε - ρref‖ = 0.0001450582228291267 ‖Δρ‖ = 0.0001450595251567457  ‖vε - vref‖ = 1.1902726975287345  α = 8.08e-5
 69   -27.13958404068       -9.59       -2.94    3.59s
    ‖ρε - ρref‖ = 0.00021366206328043806 ‖Δρ‖ = 0.0002136806801980111  ‖vε - vref‖ = 1.1906111605763674  α = 7.06e-5
 70   -27.13958404103       -9.46       -3.24    3.83s
    ‖ρε - ρref‖ = 9.920900424707566e-5 ‖Δρ‖ = 9.897891201678679e-5  ‖vε - vref‖ = 1.1910701716088437  α = 0.000185
 71   -27.13958404124       -9.66       -3.19    3.95s
    ‖ρε - ρref‖ = 0.00011318835453933307 ‖Δρ‖ = 0.00011304166240738818  ‖vε - vref‖ = 1.191405121174553  α = 0.000134
 72   -27.13958404136       -9.93       -2.89    3.85s
    ‖ρε - ρref‖ = 0.000301117315436222 ‖Δρ‖ = 0.0003022894698886251  ‖vε - vref‖ = 1.1916107036830936  α = 3.39e-5
 73   -27.13958404150       -9.87       -2.21    3.75s
    ‖ρε - ρref‖ = 0.0013607235566114075 ‖Δρ‖ = 0.0013598858331913268  ‖vε - vref‖ = 1.1917932932969113  α = 8.21e-6
 74   -27.13958404157      -10.14       -3.16    4.24s
    ‖ρε - ρref‖ = 0.00018389199985754386 ‖Δρ‖ = 0.00018323371477009008  ‖vε - vref‖ = 1.1919528313490235  α = 4.03e-5
 75   -27.13958404175       -9.74       -2.35    3.69s
    ‖ρε - ρref‖ = 0.000871191404039935 ‖Δρ‖ = 0.000871600537318614  ‖vε - vref‖ = 1.192206751754351  α = 1.47e-5
 76   -27.13958404191       -9.81       -3.29    3.80s
    ‖ρε - ρref‖ = 0.00010991953548314313 ‖Δρ‖ = 0.00010985457373549082  ‖vε - vref‖ = 1.1924736339323043  α = 0.00011
 77   -27.13958404210       -9.72       -3.21    4.07s
    ‖ρε - ρref‖ = 0.00012271339897988262 ‖Δρ‖ = 0.00012258194572170814  ‖vε - vref‖ = 1.1928144291759375  α = 0.000113
 78   -27.13958404222       -9.94       -3.43    4.00s
    ‖ρε - ρref‖ = 8.29573843865386e-5 ‖Δρ‖ = 8.338578296006293e-5  ‖vε - vref‖ = 1.193043399896258  α = 0.000122
 79   -27.13958404236       -9.84       -2.98    3.80s
    ‖ρε - ρref‖ = 0.00021146088545767906 ‖Δρ‖ = 0.00021139057227622862  ‖vε - vref‖ = 1.1933087086971452  α = 5.7e-5
 80   -27.13958404260       -9.62       -3.12    3.70s
    ‖ρε - ρref‖ = 0.00012384819057242145 ‖Δρ‖ = 0.00012352499817526986  ‖vε - vref‖ = 1.1937802339403707  α = 0.000125
 81   -27.13958404265      -10.27       -3.11    4.25s
    ‖ρε - ρref‖ = 0.00021783006143439446 ‖Δρ‖ = 0.00021768400688726726  ‖vε - vref‖ = 1.193878636983991  α = 3.16e-5
 82   -27.13958404287       -9.66       -3.58    4.33s
    ‖ρε - ρref‖ = 4.330364338041479e-5 ‖Δρ‖ = 4.3109089601223756e-5  ‖vε - vref‖ = 1.194367566897228  α = 0.000345
 83   -27.13958404301       -9.84       -3.30    4.69s
    ‖ρε - ρref‖ = 9.856970511509016e-5 ‖Δρ‖ = 9.853257901430388e-5  ‖vε - vref‖ = 1.1946756888973584  α = 0.000119
 84   -27.13958404303      -10.71       -3.13    3.93s
    ‖ρε - ρref‖ = 0.0002526623002258862 ‖Δρ‖ = 0.0002541092467519239  ‖vε - vref‖ = 1.1947207085422713  α = 1.58e-5
 85   -27.13958404310      -10.19       -2.74    4.62s
    ‖ρε - ρref‖ = 0.0004193752042670536 ‖Δρ‖ = 0.00041904087519212144  ‖vε - vref‖ = 1.1948737142531627  α = 1.89e-5
 86   -27.13958404313      -10.45       -3.19    3.76s
    ‖ρε - ρref‖ = 0.0001905860713440508 ‖Δρ‖ = 0.0001898381127509764  ‖vε - vref‖ = 1.194969337934323  α = 2.63e-5
 87   -27.13958404325       -9.93       -2.56    3.65s
    ‖ρε - ρref‖ = 0.0005480132449493863 ‖Δρ‖ = 0.0005483733182040074  ‖vε - vref‖ = 1.195233087949366  α = 1.95e-5
 88   -27.13958404339       -9.86       -3.33    3.76s
    ‖ρε - ρref‖ = 8.385393558582216e-5 ‖Δρ‖ = 8.365221870842707e-5  ‖vε - vref‖ = 1.1955713186202466  α = 0.000143
 89   -27.13958404344      -10.26       -3.46    3.79s
    ‖ρε - ρref‖ = 8.804066213294296e-5 ‖Δρ‖ = 8.796171445588412e-5  ‖vε - vref‖ = 1.195712210650889  α = 8.25e-5
 90   -27.13958404357       -9.91       -3.50    3.85s
    ‖ρε - ρref‖ = 5.507304011655847e-5 ‖Δρ‖ = 5.539385285386561e-5  ‖vε - vref‖ = 1.196040515150509  α = 0.0002
 91   -27.13958404362      -10.25       -3.14    4.05s
    ‖ρε - ρref‖ = 0.00016660506656172847 ‖Δρ‖ = 0.0001662843072828514  ‖vε - vref‖ = 1.1961925222959002  α = 4.34e-5
 92   -27.13958404372      -10.02       -3.27    3.97s
    ‖ρε - ρref‖ = 0.0001004210268561024 ‖Δρ‖ = 0.00010006720886439703  ‖vε - vref‖ = 1.196448258497672  α = 9.83e-5
 93   -27.13958404376      -10.39       -3.49    3.69s
    ‖ρε - ρref‖ = 8.619840471264144e-5 ‖Δρ‖ = 8.616283222749671e-5  ‖vε - vref‖ = 1.196561616961297  α = 6.9e-5
 94   -27.13958404387       -9.95       -3.27    3.66s
    ‖ρε - ρref‖ = 9.840139161714656e-5 ‖Δρ‖ = 9.845396548543378e-5  ‖vε - vref‖ = 1.1968840551523814  α = 0.000103
 95   -27.13958404395      -10.07       -3.63    3.85s
    ‖ρε - ρref‖ = 4.652753739061584e-5 ‖Δρ‖ = 4.621225483548946e-5  ‖vε - vref‖ = 1.197124387350464  α = 0.000191
 96   -27.13958404396      -11.13       -3.07    4.16s
    ‖ρε - ρref‖ = 0.0003330250603502419 ‖Δρ‖ = 0.00033446796565593534  ‖vε - vref‖ = 1.197142516400834  α = 7.35e-6
 97   -27.13958404401      -10.32       -3.14    3.73s
    ‖ρε - ρref‖ = 0.000144950576163599 ‖Δρ‖ = 0.00014487314390808042  ‖vε - vref‖ = 1.1972848552539448  α = 4.87e-5
 98   -27.13958404402      -11.05       -3.09    3.76s
    ‖ρε - ρref‖ = 0.0003136218046913926 ‖Δρ‖ = 0.00031271205481089805  ‖vε - vref‖ = 1.1973089430788728  α = 7.91e-6
 99   -27.13958404405      -10.46       -3.19    3.91s
    ‖ρε - ρref‖ = 0.00015397499672775824 ‖Δρ‖ = 0.00015408268991934102  ‖vε - vref‖ = 1.1974100166450208  α = 3.73e-5
 100   -27.13958404412      -10.15       -3.60    3.96s
    ‖ρε - ρref‖ = 4.4768019588536734e-5 ‖Δρ‖ = 4.461267884965835e-5  ‖vε - vref‖ = 1.1976290670848737  α = 0.000191
 101   -27.13958404418      -10.26       -3.61    3.81s
    ‖ρε - ρref‖ = 5.189534994950571e-5 ‖Δρ‖ = 5.19389636517572e-5  ‖vε - vref‖ = 1.197807740358306  α = 0.000143
 102   -27.13958404422      -10.36       -3.44    3.89s
    ‖ρε - ρref‖ = 7.888562427770642e-5 ‖Δρ‖ = 7.911895140519638e-5  ‖vε - vref‖ = 1.1979526407330443  α = 8.25e-5
 103   -27.13958404425      -10.57       -3.62    4.30s
    ‖ρε - ρref‖ = 6.241040018649799e-5 ‖Δρ‖ = 6.20470940059992e-5  ‖vε - vref‖ = 1.1980469492409842  α = 7.93e-5
 104   -27.13958404429      -10.35       -3.34    4.63s
    ‖ρε - ρref‖ = 9.642554416502403e-5 ‖Δρ‖ = 9.636327728491488e-5  ‖vε - vref‖ = 1.1981984310223315  α = 6.9e-5
 105   -27.13958404433      -10.42       -3.61    4.39s
    ‖ρε - ρref‖ = 5.112980574263265e-5 ‖Δρ‖ = 5.11546899404176e-5  ‖vε - vref‖ = 1.1983422431432666  α = 0.00012
 106   -27.13958404438      -10.37       -3.26    4.21s
    ‖ρε - ρref‖ = 0.0001144173584951134 ‖Δρ‖ = 0.00011440514251783332  ‖vε - vref‖ = 1.198491747152229  α = 5.4e-5
 107   -27.13958404443      -10.25       -3.49    3.71s
    ‖ρε - ρref‖ = 6.0858168441185586e-5 ‖Δρ‖ = 6.046772695573394e-5  ‖vε - vref‖ = 1.1986927609552132  α = 0.000123
 108   -27.13958404444      -11.43       -2.98    4.19s
    ‖ρε - ρref‖ = 0.0003933327977741854 ‖Δρ‖ = 0.000394726845941212  ‖vε - vref‖ = 1.1987042445813854  α = 4.41e-6
 109   -27.13958404446      -10.64       -3.85    3.66s
    ‖ρε - ρref‖ = 3.344617559981715e-5 ‖Δρ‖ = 3.3650789435383564e-5  ‖vε - vref‖ = 1.1988009258682242  α = 0.000136
 110   -27.13958404448      -10.74       -2.73    3.81s
    ‖ρε - ρref‖ = 0.000488507732505136 ‖Δρ‖ = 0.00048758896156426534  ‖vε - vref‖ = 1.1988667456659294  α = 7.55e-6
 111   -27.13958404451      -10.43       -3.40    3.79s
    ‖ρε - ρref‖ = 8.486140139418731e-5 ‖Δρ‖ = 8.482453845712379e-5  ‖vε - vref‖ = 1.1990128162762375  α = 7.31e-5
 112   -27.13958404457      -10.29       -3.48    4.01s
    ‖ρε - ρref‖ = 6.652326849961787e-5 ‖Δρ‖ = 6.674833881862117e-5  ‖vε - vref‖ = 1.1992118573426165  α = 0.000106
 113   -27.13958404460      -10.45       -3.80    4.16s
    ‖ρε - ρref‖ = 3.360504598166379e-5 ‖Δρ‖ = 3.3504847507877574e-5  ‖vε - vref‖ = 1.1993524546820273  α = 0.000176
 114   -27.13958404462      -10.72       -3.63    4.13s
    ‖ρε - ρref‖ = 5.653363450727443e-5 ‖Δρ‖ = 5.6457144785515674e-5  ‖vε - vref‖ = 1.1994314756869013  α = 7.7e-5
 115   -27.13958404464      -10.76       -3.74    3.74s
    ‖ρε - ρref‖ = 4.5369147199825515e-5 ‖Δρ‖ = 4.494119003342862e-5  ‖vε - vref‖ = 1.1995087199253929  α = 8.86e-5
 116   -27.13958404466      -10.65       -3.44    3.74s
    ‖ρε - ρref‖ = 7.876518241884344e-5 ‖Δρ‖ = 7.886999127720085e-5  ‖vε - vref‖ = 1.1996015612720226  α = 5.92e-5
 117   -27.13958404468      -10.69       -3.65    4.06s
    ‖ρε - ρref‖ = 4.47463915245242e-5 ‖Δρ‖ = 4.5056611148404206e-5  ‖vε - vref‖ = 1.1996911967463197  α = 9.95e-5
 118   -27.13958404469      -10.92       -3.59    3.82s
    ‖ρε - ρref‖ = 6.502175717134851e-5 ‖Δρ‖ = 6.509553430896e-5  ‖vε - vref‖ = 1.1997445262642845  α = 5.06e-5
 119   -27.13958404472      -10.53       -3.70    4.11s
    ‖ρε - ρref‖ = 4.208112381818275e-5 ‖Δρ‖ = 4.089872603899531e-5  ‖vε - vref‖ = 1.1998882953512677  α = 0.000123
 120   -27.13958404474      -10.63       -2.49    4.02s
    ‖ρε - ρref‖ = 0.0007143505792235705 ‖Δρ‖ = 0.0007151437510748907  ‖vε - vref‖ = 1.1999866144988127  α = 6.44e-6
 121   -27.13958404476      -10.93       -3.63    3.78s
    ‖ρε - ρref‖ = 6.35750775731486e-5 ‖Δρ‖ = 6.419573115543857e-5  ‖vε - vref‖ = 1.200047325320804  α = 4.69e-5
 122   -27.13958404479      -10.54       -2.75    3.74s
    ‖ρε - ρref‖ = 0.00035229377398672714 ‖Δρ‖ = 0.0003516172600269888  ‖vε - vref‖ = 1.2001704663573116  α = 1.44e-5
 123   -27.13958404480      -10.81       -3.74    3.78s
    ‖ρε - ρref‖ = 3.8887843044112915e-5 ‖Δρ‖ = 3.89360643925346e-5  ‖vε - vref‖ = 1.2002430758943812  α = 0.000102
 124   -27.13958404484      -10.42       -3.54    3.95s
    ‖ρε - ρref‖ = 5.02867353938946e-5 ‖Δρ‖ = 5.0583698182977795e-5  ‖vε - vref‖ = 1.200419183603063  α = 0.000123
 125   -27.13958404487      -10.57       -3.80    3.86s
    ‖ρε - ρref‖ = 3.209889806835591e-5 ‖Δρ‖ = 3.188158047616987e-5  ‖vε - vref‖ = 1.2005519402524298  α = 0.000161
 126   -27.13958404490      -10.50       -3.69    3.79s
    ‖ρε - ρref‖ = 3.870711709170867e-5 ‖Δρ‖ = 3.864091493311847e-5  ‖vε - vref‖ = 1.2007067234717654  α = 0.000147
 127   -27.13958404492      -10.66       -3.44    3.97s
    ‖ρε - ρref‖ = 8.090710142086756e-5 ‖Δρ‖ = 8.065136258428185e-5  ‖vε - vref‖ = 1.2008139987379625  α = 5.65e-5
 128   -27.13958404493      -10.83       -3.55    3.89s
    ‖ρε - ρref‖ = 7.164150611625843e-5 ‖Δρ‖ = 7.186326075972715e-5  ‖vε - vref‖ = 1.2008881430373641  α = 5.12e-5
 129   -27.13958404497      -10.49       -3.70    4.23s
    ‖ρε - ρref‖ = 3.54579297415774e-5 ‖Δρ‖ = 3.5566270754974266e-5  ‖vε - vref‖ = 1.2010519823436592  α = 0.00016
 130   -27.13958404498      -10.75       -3.42    4.11s
    ‖ρε - ρref‖ = 8.640878324131216e-5 ‖Δρ‖ = 8.64229443401754e-5  ‖vε - vref‖ = 1.2011375987008797  α = 4.51e-5
 131   -27.13958404499      -11.32       -3.38    3.89s
    ‖ρε - ρref‖ = 0.00014003917329425975 ‖Δρ‖ = 0.0001385156039889747  ‖vε - vref‖ = 1.2011624089564676  α = 1.4e-5
 132   -27.13958404501      -10.70       -3.03    4.71s
    ‖ρε - ρref‖ = 0.0001908176209504005 ‖Δρ‖ = 0.0001908477403956163  ‖vε - vref‖ = 1.2012618854511097  α = 2.33e-5
 133   -27.13958404501      -11.74       -3.67    4.43s
    ‖ρε - ρref‖ = 9.40473863323083e-5 ‖Δρ‖ = 9.50569131404951e-5  ‖vε - vref‖ = 1.201271301341905  α = 1.16e-5
 134   -27.13958404504      -10.55       -3.52    4.08s
    ‖ρε - ρref‖ = 5.431392686679746e-5 ‖Δρ‖ = 5.427597750868857e-5  ‖vε - vref‖ = 1.2014103771613847  α = 9.82e-5
 135   -27.13958404505      -10.84       -3.80    4.04s
    ‖ρε - ρref‖ = 3.415991594781979e-5 ‖Δρ‖ = 3.40756984917381e-5  ‖vε - vref‖ = 1.2014830817088809  α = 0.000114
 136   -27.13958404507      -10.90       -3.63    4.65s
    ‖ρε - ρref‖ = 5.172978996826003e-5 ‖Δρ‖ = 5.1704826244631305e-5  ‖vε - vref‖ = 1.2015482275181977  α = 6.86e-5
 137   -27.13958404508      -10.81       -3.89    4.44s
    ‖ρε - ρref‖ = 2.6045551616673087e-5 ‖Δρ‖ = 2.5920991024368992e-5  ‖vε - vref‖ = 1.2016300144890522  α = 0.000148
 138   -27.13958404511      -10.59       -3.95    4.45s
    ‖ρε - ρref‖ = 1.9649947656719933e-5 ‖Δρ‖ = 1.9560719681606765e-5  ‖vε - vref‖ = 1.2017678344102025  α = 0.000265
 139   -27.13958404512      -10.94       -3.50    3.80s
    ‖ρε - ρref‖ = 7.11124170922612e-5 ‖Δρ‖ = 7.086459489589136e-5  ‖vε - vref‖ = 1.2018292302534694  α = 4.67e-5
 140   -27.13958404513      -10.96       -3.66    3.78s
    ‖ρε - ρref‖ = 4.988395115790416e-5 ‖Δρ‖ = 5.009615765374246e-5  ‖vε - vref‖ = 1.2018871540324574  α = 6.45e-5
 141   -27.13958404514      -10.91       -3.77    3.82s
    ‖ρε - ρref‖ = 3.869432437784531e-5 ‖Δρ‖ = 3.873231324220276e-5  ‖vε - vref‖ = 1.2019553193519286  α = 8.73e-5
 142   -27.13958404515      -11.13       -3.79    4.20s
    ‖ρε - ρref‖ = 4.217370270848226e-5 ‖Δρ‖ = 4.2683516684560484e-5  ‖vε - vref‖ = 1.2019977018471968  α = 5.86e-5
 143   -27.13958404515      -11.32       -3.04    4.56s
    ‖ρε - ρref‖ = 0.00028197474050846894 ‖Δρ‖ = 0.0002806626023569679  ‖vε - vref‖ = 1.202025844609403  α = 7.15e-6
 144   -27.13958404517      -10.69       -3.40    4.68s
    ‖ρε - ρref‖ = 7.443322856050503e-5 ‖Δρ‖ = 7.402086046683949e-5  ‖vε - vref‖ = 1.2021405734169897  α = 6.0e-5
 145   -27.13958404518      -11.58       -3.14    3.95s
    ‖ρε - ρref‖ = 0.00026606869277187887 ‖Δρ‖ = 0.00026704533362335517  ‖vε - vref‖ = 1.2021530555962303  α = 4.93e-6
 146   -27.13958404519      -10.89       -3.99    4.52s
    ‖ρε - ρref‖ = 1.957792431914989e-5 ‖Δρ‖ = 1.9715358755452107e-5  ‖vε - vref‖ = 1.2022249654538004  α = 0.00018
 147   -27.13958404521      -10.62       -3.89    4.09s
    ‖ρε - ρref‖ = 2.276931022339343e-5 ‖Δρ‖ = 2.2666390366127586e-5  ‖vε - vref‖ = 1.2023593473625869  α = 0.000214
 148   -27.13958404522      -10.99       -3.55    4.04s
    ‖ρε - ρref‖ = 5.8089455626053175e-5 ‖Δρ‖ = 5.800071936127128e-5  ‖vε - vref‖ = 1.2024181955909388  α = 5.61e-5
 149   -27.13958404524      -10.76       -3.83    4.05s
    ‖ρε - ρref‖ = 2.7152436055130396e-5 ‖Δρ‖ = 2.6882189556373647e-5  ‖vε - vref‖ = 1.2025191726991789  α = 0.000154
 150   -27.13958404526      -10.83       -3.85    4.07s
    ‖ρε - ρref‖ = 2.6112474726621295e-5 ‖Δρ‖ = 2.6288285130985327e-5  ‖vε - vref‖ = 1.202600735659335  α = 0.000145
 151   -27.13958404526      -11.51       -3.86    3.60s
    ‖ρε - ρref‖ = 3.5529921789116084e-5 ‖Δρ‖ = 3.525971608192255e-5  ‖vε - vref‖ = 1.2026187696736788  α = 4.85e-5
 152   -27.13958404527      -11.09       -3.93    3.74s
    ‖ρε - ρref‖ = 2.3977193206236706e-5 ‖Δρ‖ = 2.3968884252353615e-5  ‖vε - vref‖ = 1.2026665185800938  α = 0.000117
 153   -27.13958404528      -10.96       -3.78    3.85s
    ‖ρε - ρref‖ = 3.527515437525968e-5 ‖Δρ‖ = 3.496759220576933e-5  ‖vε - vref‖ = 1.2027362796379895  α = 9.16e-5
 154   -27.13958404528      -11.57       -3.60    4.28s
    ‖ρε - ρref‖ = 8.104377101096989e-5 ‖Δρ‖ = 8.217962367620327e-5  ‖vε - vref‖ = 1.2027525473382814  α = 1.8e-5
 155   -27.13958404529      -10.99       -3.16    3.69s
    ‖ρε - ρref‖ = 0.0001507526088611445 ‖Δρ‖ = 0.00015003723293528727  ‖vε - vref‖ = 1.2028180890655922  α = 2.03e-5
 156   -27.13958404530      -11.11       -3.44    3.81s
    ‖ρε - ρref‖ = 8.693188427657454e-5 ‖Δρ‖ = 8.624061573996066e-5  ‖vε - vref‖ = 1.2028694472263555  α = 3.0e-5
 157   -27.13958404531      -11.20       -2.96    3.93s
    ‖ρε - ρref‖ = 0.0002702423791548187 ‖Δρ‖ = 0.000271029822463053  ‖vε - vref‖ = 1.2029034123842397  α = 7.88e-6
 158   -27.13958404532      -10.94       -3.93    4.27s
    ‖ρε - ρref‖ = 2.15028329812989e-5 ‖Δρ‖ = 2.17599538702524e-5  ‖vε - vref‖ = 1.2029741918966717  α = 0.000157
 159   -27.13958404533      -11.03       -4.05    3.74s
    ‖ρε - ρref‖ = 1.8426023181477143e-5 ‖Δρ‖ = 1.8134474626553645e-5  ‖vε - vref‖ = 1.2030333065097172  α = 0.000167
 160   -27.13958404533      -11.12       -3.96    3.78s
    ‖ρε - ρref‖ = 2.3457099843743793e-5 ‖Δρ‖ = 2.3371426319234008e-5  ‖vε - vref‖ = 1.2030812957938553  α = 0.000119
 161   -27.13958404534      -11.00       -3.68    3.71s
    ‖ρε - ρref‖ = 3.9588232683111536e-5 ‖Δρ‖ = 3.956480457534358e-5  ‖vε - vref‖ = 1.2031434125916352  α = 7.95e-5
 162   -27.13958404535      -11.03       -4.14    3.67s
    ‖ρε - ρref‖ = 1.3790010182134958e-5 ‖Δρ‖ = 1.3770067763241933e-5  ‖vε - vref‖ = 1.2032034655759865  α = 0.000222
 163   -27.13958404536      -11.34       -3.89    3.91s
    ‖ρε - ρref‖ = 2.9368659388771633e-5 ‖Δρ‖ = 2.8963620276452272e-5  ‖vε - vref‖ = 1.2032327281161999  α = 7.34e-5
 164   -27.13958404536      -11.31       -3.79    3.74s
    ‖ρε - ρref‖ = 3.793405002500242e-5 ‖Δρ‖ = 3.787148721390169e-5  ‖vε - vref‖ = 1.203264377725895  α = 5.31e-5
 165   -27.13958404537      -11.26       -4.04    3.86s
    ‖ρε - ρref‖ = 1.9590755793858054e-5 ‖Δρ‖ = 1.9002382960846603e-5  ‖vε - vref‖ = 1.203302464774935  α = 0.00012
 166   -27.13958404537      -11.94       -3.38    3.84s
    ‖ρε - ρref‖ = 0.0001359588537382394 ‖Δρ‖ = 0.00013717131141757137  ‖vε - vref‖ = 1.2033099756021188  α = 7.11e-6
 167   -27.13958404537      -11.28       -3.55    3.77s
    ‖ρε - ρref‖ = 5.828136256960954e-5 ‖Δρ‖ = 5.801783844654641e-5  ‖vε - vref‖ = 1.2033477818095606  α = 3.94e-5
 168   -27.13958404538      -11.93       -3.65    3.89s
    ‖ρε - ρref‖ = 7.561772050348616e-5 ‖Δρ‖ = 7.47294692033588e-5  ‖vε - vref‖ = 1.2033571681558424  α = 1.28e-5
 169   -27.13958404538      -11.51       -3.48    3.66s
    ‖ρε - ρref‖ = 8.028889891700304e-5 ‖Δρ‖ = 8.09104384214056e-5  ‖vε - vref‖ = 1.2033779796820678  α = 1.94e-5
 170   -27.13958404538      -11.23       -3.98    3.84s
    ‖ρε - ρref‖ = 2.1298131159132917e-5 ‖Δρ‖ = 2.1332088633253716e-5  ‖vε - vref‖ = 1.2034197869069019  α = 0.000112
 171   -27.13958404539      -11.03       -4.09    4.31s
    ‖ρε - ρref‖ = 1.34956122937845e-5 ‖Δρ‖ = 1.3063526138004716e-5  ‖vε - vref‖ = 1.2034874719585351  α = 0.000235
 172   -27.13958404540      -11.32       -4.13    3.65s
    ‖ρε - ρref‖ = 1.4984330191548878e-5 ‖Δρ‖ = 1.51338031692359e-5  ‖vε - vref‖ = 1.2035208972060372  α = 0.000145
 173   -27.13958404540      -11.47       -3.88    3.84s
    ‖ρε - ρref‖ = 2.7625271575070047e-5 ‖Δρ‖ = 2.76801762161739e-5  ‖vε - vref‖ = 1.2035450028004797  α = 6.83e-5
 174   -27.13958404541      -11.03       -4.10    3.84s
    ‖ρε - ρref‖ = 1.435714185398725e-5 ‖Δρ‖ = 1.4184283029016258e-5  ‖vε - vref‖ = 1.2036130107300207  α = 0.000211
 175   -27.13958404542      -11.31       -4.08    3.59s
    ‖ρε - ρref‖ = 1.7613484985439137e-5 ‖Δρ‖ = 1.7212140995949424e-5  ‖vε - vref‖ = 1.2036474563962625  α = 0.000129
 176   -27.13958404542      -11.51       -3.77    3.90s
    ‖ρε - ρref‖ = 3.929569410105476e-5 ‖Δρ‖ = 3.937885161012478e-5  ‖vε - vref‖ = 1.20367013894048  α = 4.15e-5
 177   -27.13958404542      -11.44       -3.99    3.79s
    ‖ρε - ρref‖ = 2.0204423032259598e-5 ‖Δρ‖ = 1.944538453636963e-5  ‖vε - vref‖ = 1.203696594799278  α = 9.2e-5
 178   -27.13958404542      -12.16       -3.33    4.31s
    ‖ρε - ρref‖ = 0.0001490485791898888 ‖Δρ‖ = 0.00015019204335347812  ‖vε - vref‖ = 1.20370116338007  α = 5.11e-6
 179   -27.13958404543      -11.50       -4.00    4.32s
    ‖ρε - ρref‖ = 2.2485208829036775e-5 ‖Δρ‖ = 2.2446004586748717e-5  ‖vε - vref‖ = 1.2037242701814235  α = 7.76e-5
 180   -27.13958404543      -11.96       -3.54    3.75s
    ‖ρε - ρref‖ = 9.012596041071796e-5 ‖Δρ‖ = 8.912765570639833e-5  ‖vε - vref‖ = 1.2037331393787538  α = 9.92e-6
 181   -27.13958404543      -11.36       -3.50    3.67s
    ‖ρε - ρref‖ = 5.9049512202708405e-5 ‖Δρ‖ = 5.949690147110037e-5  ‖vε - vref‖ = 1.2037645096946326  α = 3.34e-5
 182   -27.13958404544      -11.64       -3.90    3.80s
    ‖ρε - ρref‖ = 3.004636659107671e-5 ‖Δρ‖ = 2.9964933827008874e-5  ‖vε - vref‖ = 1.2037812059174093  α = 4.94e-5
 183   -27.13958404544      -11.28       -4.47    4.42s
    ‖ρε - ρref‖ = 6.816260585885801e-6 ‖Δρ‖ = 6.210624376219679e-6  ‖vε - vref‖ = 1.203820925912332  α = 0.000367
 184   -27.13958404545      -11.21       -4.06    4.45s
    ‖ρε - ρref‖ = 1.4274838753528843e-5 ‖Δρ‖ = 1.438611278958076e-5  ‖vε - vref‖ = 1.203865504190778  α = 0.000174
 185   -27.13958404545      -11.55       -4.02    3.65s
    ‖ρε - ρref‖ = 2.0937758838889366e-5 ‖Δρ‖ = 2.0857263251181535e-5  ‖vε - vref‖ = 1.203885772714344  α = 8.05e-5
 186   -27.13958404545      -11.33       -3.93    3.77s
    ‖ρε - ρref‖ = 2.0564088752069067e-5 ‖Δρ‖ = 2.0391745385454414e-5  ‖vε - vref‖ = 1.2039210638343592  α = 0.000107
 187   -27.13958404546      -11.48       -4.18    4.09s
    ‖ρε - ρref‖ = 1.3568708684878059e-5 ‖Δρ‖ = 1.3029418392113088e-5  ‖vε - vref‖ = 1.2039451908952636  α = 0.000139
 188   -27.13958404546      -11.91       -4.09    3.79s
    ‖ρε - ρref‖ = 1.913955508322602e-5 ‖Δρ‖ = 1.9307900580288274e-5  ‖vε - vref‖ = 1.203954432603647  α = 5.53e-5
 189   -27.13958404546      -11.48       -4.04    3.67s
    ‖ρε - ρref‖ = 1.773831362369486e-5 ‖Δρ‖ = 1.7046959218381556e-5  ‖vε - vref‖ = 1.2039786195548163  α = 0.0001
 190   -27.13958404546      -11.94       -3.13    3.70s
    ‖ρε - ρref‖ = 0.00019940393523384497 ‖Δρ‖ = 0.00020053776708967784  ‖vε - vref‖ = 1.2039864412630934  α = 5.09e-6
 191   -27.13958404546      -11.72       -4.06    3.73s
    ‖ρε - ρref‖ = 1.9333121725996103e-5 ‖Δρ‖ = 1.947812278858215e-5  ‖vε - vref‖ = 1.204000448937296  α = 6.91e-5
 192   -27.13958404547      -12.27       -3.55    3.96s
    ‖ρε - ρref‖ = 9.392909545860275e-5 ‖Δρ‖ = 9.286053303647603e-5  ‖vε - vref‖ = 1.204004579820819  α = 6.55e-6
 193   -27.13958404547      -11.89       -3.95    3.74s
    ‖ρε - ρref‖ = 2.7599688049332073e-5 ‖Δρ‖ = 2.7723827377328012e-5  ‖vε - vref‖ = 1.204014026466028  α = 3.94e-5
 194   -27.13958404547      -11.79       -4.26    3.72s
    ‖ρε - ρref‖ = 1.3573820685518565e-5 ‖Δρ‖ = 1.3173173165123028e-5  ‖vε - vref‖ = 1.2040264460865677  α = 9.19e-5
 195   -27.13958404547      -11.44       -4.15    3.74s
    ‖ρε - ρref‖ = 1.3204775138066468e-5 ‖Δρ‖ = 1.291208581615039e-5  ‖vε - vref‖ = 1.2040532253576093  α = 0.000147
 196   -27.13958404547      -11.64       -4.36    3.65s
    ‖ρε - ρref‖ = 8.885727220241966e-6 ‖Δρ‖ = 9.017537739029456e-6  ‖vε - vref‖ = 1.20406880057682  α = 0.000166
 197   -27.13958404548      -11.45       -4.28    3.73s
    ‖ρε - ρref‖ = 9.978099091964225e-6 ‖Δρ‖ = 9.646980471894077e-6  ‖vε - vref‖ = 1.2040941219209367  α = 0.000198
 198   -27.13958404548      -11.78       -3.94    3.68s
    ‖ρε - ρref‖ = 2.482825786580435e-5 ‖Δρ‖ = 2.4687277789026674e-5  ‖vε - vref‖ = 1.204106127270626  α = 5.27e-5
 199   -27.13958404548      -11.52       -4.31    3.84s
    ‖ρε - ρref‖ = 9.373848836871577e-6 ‖Δρ‖ = 9.042546400265027e-6  ‖vε - vref‖ = 1.2041274379332447  α = 0.000195
 200   -27.13958404548      -11.74       -4.27    4.58s
    ‖ρε - ρref‖ = 1.1576238419465952e-5 ‖Δρ‖ = 1.1790976300845363e-5  ‖vε - vref‖ = 1.2041403172957372  α = 0.000113
 201   -27.13958404549      -11.67       -3.81    3.58s
    ‖ρε - ρref‖ = 3.3367140301036706e-5 ‖Δρ‖ = 3.243707746024579e-5  ‖vε - vref‖ = 1.2041556971227096  α = 4.03e-5
 202   -27.13958404549      -11.92       -3.16    3.72s
    ‖ρε - ρref‖ = 0.0001800069313635392 ‖Δρ‖ = 0.00018089993775826862  ‖vε - vref‖ = 1.2041635619061861  α = 5.8e-6
 203   -27.13958404549      -11.80       -4.20    3.72s
    ‖ρε - ρref‖ = 1.3693728397392047e-5 ‖Δρ‖ = 1.3696731785140813e-5  ‖vε - vref‖ = 1.2041746562515288  α = 8.73e-5
 204   -27.13958404549      -12.24       -3.46    3.79s
    ‖ρε - ρref‖ = 0.00010400081546843869 ‖Δρ‖ = 0.00010279166299123929  ‖vε - vref‖ = 1.2041788319302464  α = 6.04e-6
 205   -27.13958404549      -12.11       -4.10    3.95s
    ‖ρε - ρref‖ = 1.9406285509802957e-5 ‖Δρ‖ = 1.935291007048317e-5  ‖vε - vref‖ = 1.2041841556932738  α = 4.36e-5
 206   -27.13958404549      -12.05       -4.28    3.77s
    ‖ρε - ρref‖ = 1.2196805498845011e-5 ‖Δρ‖ = 1.1885137661696558e-5  ‖vε - vref‖ = 1.204190270312014  α = 7.85e-5
 207   -27.13958404549      -11.86       -4.41    3.79s
    ‖ρε - ρref‖ = 9.485430114212379e-6 ‖Δρ‖ = 9.367887280880894e-6  ‖vε - vref‖ = 1.204199308636252  α = 0.000122
 208   -27.13958404550      -11.49       -4.32    3.90s
    ‖ρε - ρref‖ = 8.36920193517496e-6 ‖Δρ‖ = 8.230169010178883e-6  ‖vε - vref‖ = 1.2042205429518  α = 0.000218
 209   -27.13958404550      -11.57       -4.27    4.19s
    ‖ρε - ρref‖ = 1.038673007618231e-5 ‖Δρ‖ = 9.823123218715795e-6  ‖vε - vref‖ = 1.2042382084075545  α = 0.000166
 210   -27.13958404550      -11.76       -4.19    3.85s
    ‖ρε - ρref‖ = 1.4044698455394988e-5 ‖Δρ‖ = 1.3975859742532987e-5  ‖vε - vref‖ = 1.204248551672552  α = 9.3e-5
 211   -27.13958404550      -11.75       -4.05    3.87s
    ‖ρε - ρref‖ = 1.7920532691593385e-5 ‖Δρ‖ = 1.7967324932432014e-5  ‖vε - vref‖ = 1.2042593396431325  α = 7.37e-5
 212   -27.13958404550      -11.78       -4.60    3.85s
    ‖ρε - ρref‖ = 5.716283592891602e-6 ‖Δρ‖ = 5.5588416856199285e-6  ‖vε - vref‖ = 1.2042692664926977  α = 0.000226
 213   -27.13958404550      -12.27       -3.92    4.03s
    ‖ρε - ρref‖ = 3.823331428601034e-5 ‖Δρ‖ = 3.6884401893920807e-5  ‖vε - vref‖ = 1.2042727862831752  α = 1.7e-5
 214   -27.13958404551      -12.15       -3.48    4.24s
    ‖ρε - ρref‖ = 8.633006458145778e-5 ‖Δρ‖ = 8.676729464732878e-5  ‖vε - vref‖ = 1.2042769842256735  α = 9.37e-6
 215   -27.13958404551      -11.79       -4.29    3.86s
    ‖ρε - ρref‖ = 1.10888246341189e-5 ‖Δρ‖ = 1.1134016024258328e-5  ‖vε - vref‖ = 1.2042864999988039  α = 0.000108
 216   -27.13958404551      -12.40       -3.58    4.04s
    ‖ρε - ρref‖ = 9.444359670043017e-5 ‖Δρ‖ = 9.331591823571869e-5  ‖vε - vref‖ = 1.2042889351818422  α = 5.74e-6
 217   -27.13958404551      -11.73       -4.23    3.72s
    ‖ρε - ρref‖ = 1.1757939818128405e-5 ‖Δρ‖ = 1.1547788688589346e-5  ‖vε - vref‖ = 1.2043001312514316  α = 0.000114
 218   -27.13958404551      -11.71       -3.89    3.65s
    ‖ρε - ρref‖ = 2.5647919506072144e-5 ‖Δρ‖ = 2.532727249687707e-5  ‖vε - vref‖ = 1.2043109979571096  α = 5.35e-5
 219   -27.13958404551      -11.77       -4.16    3.71s
    ‖ρε - ρref‖ = 1.3700880704284927e-5 ‖Δρ‖ = 1.3706119507713962e-5  ‖vε - vref‖ = 1.2043197030704367  α = 9.45e-5
 220   -27.13958404551      -11.88       -4.20    3.78s
    ‖ρε - ρref‖ = 1.3098992375606895e-5 ‖Δρ‖ = 1.3154208094359757e-5  ‖vε - vref‖ = 1.2043262419164904  α = 8.82e-5
 221   -27.13958404552      -11.82       -4.46    3.76s
    ‖ρε - ρref‖ = 6.572953454374572e-6 ‖Δρ‖ = 6.130894832576861e-6  ‖vε - vref‖ = 1.2043334274541702  α = 0.000203
 222   -27.13958404552      -12.05       -4.54    3.75s
    ‖ρε - ρref‖ = 6.368366515964851e-6 ‖Δρ‖ = 6.267566487828034e-6  ‖vε - vref‖ = 1.2043373859365698  α = 0.000152
 223   -27.13958404552      -11.96       -4.18    3.68s
    ‖ρε - ρref‖ = 1.3507604139054988e-5 ‖Δρ‖ = 1.3423208305520362e-5  ‖vε - vref‖ = 1.204342052704495  α = 7.81e-5
 224   -27.13958404552      -11.86       -4.34    3.67s
    ‖ρε - ρref‖ = 9.103548917156565e-6 ‖Δρ‖ = 8.775600701128396e-6  ‖vε - vref‖ = 1.2043484194637961  α = 0.000134
 225   -27.13958404552      -12.75       -4.17    3.99s
    ‖ρε - ρref‖ = 2.6994250367366897e-5 ‖Δρ‖ = 2.547796396368643e-5  ‖vε - vref‖ = 1.204349455077601  α = 1.44e-5
 226   -27.13958404552      -12.08       -3.80    4.16s
    ‖ρε - ρref‖ = 3.651253855755693e-5 ‖Δρ‖ = 3.649447233368456e-5  ‖vε - vref‖ = 1.2043530958103545  α = 2.47e-5
 227   -27.13958404552      -11.81       -3.98    3.81s
    ‖ρε - ρref‖ = 1.9832422627973107e-5 ‖Δρ‖ = 1.999317700197757e-5  ‖vε - vref‖ = 1.2043593948668216  α = 5.93e-5
 228   -27.13958404552      -12.81       -3.78    3.85s
    ‖ρε - ρref‖ = 6.429535300739433e-5 ‖Δρ‖ = 6.319843724644298e-5  ‖vε - vref‖ = 1.2043602411989935  α = 5.5e-6
 229   -27.13958404552      -12.01       -4.39    3.82s
    ‖ρε - ρref‖ = 8.818615185212253e-6 ‖Δρ‖ = 8.910744371144467e-6  ‖vε - vref‖ = 1.204363745748155  α = 0.000104
 230   -27.13958404552      -12.25       -4.37    3.94s
    ‖ρε - ρref‖ = 1.181600657699562e-5 ‖Δρ‖ = 1.150949721466193e-5  ‖vε - vref‖ = 1.2043657074486114  α = 6.26e-5
 231   -27.13958404552      -11.77       -4.28    3.81s
    ‖ρε - ρref‖ = 1.0397703177063683e-5 ‖Δρ‖ = 1.0060874548473184e-5  ‖vε - vref‖ = 1.204371573116068  α = 0.00013
 232   -27.13958404553      -12.17       -4.35    3.72s
    ‖ρε - ρref‖ = 1.1361909873993196e-5 ‖Δρ‖ = 1.0994260299051495e-5  ‖vε - vref‖ = 1.2043737452177266  α = 7.36e-5
 233   -27.13958404553      -11.71       -4.54    3.86s
    ‖ρε - ρref‖ = 5.700105451050312e-6 ‖Δρ‖ = 5.158972433559838e-6  ‖vε - vref‖ = 1.2043784410775293  α = 0.000271
 234   -27.13958404553      -11.84       -4.35    4.54s
    ‖ρε - ρref‖ = 7.685132666026937e-6 ‖Δρ‖ = 7.867926100564311e-6  ‖vε - vref‖ = 1.2043808914861185  α = 0.000155
 235   -27.13958404553      -12.18       -4.28    3.79s
    ‖ρε - ρref‖ = 1.2057524651637872e-5 ‖Δρ‖ = 1.1868472808553711e-5  ‖vε - vref‖ = 1.2043820436727586  α = 6.89e-5
 236   -27.13958404553      -11.96       -4.37    3.76s
    ‖ρε - ρref‖ = 8.925207672547011e-6 ‖Δρ‖ = 8.627236822519596e-6  ‖vε - vref‖ = 1.2043841747289599  α = 0.000119
 237   -27.13958404553      -12.78       -4.14    3.97s
    ‖ρε - ρref‖ = 2.9094778368035264e-5 ‖Δρ‖ = 2.7662252388972464e-5  ‖vε - vref‖ = 1.2043846394093436  α = 1.24e-5
 238   -27.13958404553      -11.92       -3.87    3.82s
    ‖ρε - ρref‖ = 2.5839358433298678e-5 ‖Δρ‖ = 2.580428771869829e-5  ‖vε - vref‖ = 1.2043862418584685  α = 4.29e-5
 239   -27.13958404553      -12.15       -4.00    3.72s
    ‖ρε - ρref‖ = 2.2768618884766032e-5 ‖Δρ‖ = 2.324155063566642e-5  ‖vε - vref‖ = 1.2043869155756932  α = 3.29e-5
 240   -27.13958404553      -12.83       -3.88    3.76s
    ‖ρε - ρref‖ = 5.054410880447608e-5 ‖Δρ‖ = 4.952121723720764e-5  ‖vε - vref‖ = 1.204387153756888  α = 6.48e-6
 241   -27.13958404553      -11.94       -4.32    4.19s
    ‖ρε - ρref‖ = 9.323549514979805e-6 ‖Δρ‖ = 9.101966209105735e-6  ‖vε - vref‖ = 1.2043881953402307  α = 0.000115
 242   -27.13958404553      -12.37       -4.50    4.75s
    ‖ρε - ρref‖ = 8.828364263169322e-6 ‖Δρ‖ = 8.260420192019865e-6  ‖vε - vref‖ = 1.204388342379142  α = 7.2e-5
 243   -27.13958404554      -12.15       -4.28    4.14s
    ‖ρε - ρref‖ = 1.1354276859304793e-5 ‖Δρ‖ = 1.1029087722621255e-5  ‖vε - vref‖ = 1.2043883821739363  α = 7.65e-5
 244   -27.13958404554      -12.26       -4.50    3.75s
    ‖ρε - ρref‖ = 6.985654107502718e-6 ‖Δρ‖ = 6.728355033011223e-6  ‖vε - vref‖ = 1.2043878784433222  α = 0.000113
 245   -27.13958404554      -12.27       -4.56    3.83s
    ‖ρε - ρref‖ = 6.709336529876872e-6 ‖Δρ‖ = 6.569840902862793e-6  ‖vε - vref‖ = 1.2043869862572447  α = 0.000108
 246   -27.13958404554      -11.75       -4.58    4.13s
    ‖ρε - ρref‖ = 4.473474942943634e-6 ‖Δρ‖ = 4.160892483648801e-6  ‖vε - vref‖ = 1.2043833993948236  α = 0.000321
 247   -27.13958404554      -12.10       -4.34    3.91s
    ‖ρε - ρref‖ = 1.0040746668666754e-5 ‖Δρ‖ = 9.513951585578413e-6  ‖vε - vref‖ = 1.2043818393269328  α = 9.34e-5
 248   -27.13958404554      -12.46       -4.29    4.42s
    ‖ρε - ρref‖ = 1.134203898564982e-5 ‖Δρ‖ = 1.1198575748878417e-5  ‖vε - vref‖ = 1.2043810661118899  α = 5.38e-5
 249   -27.13958404554      -13.27       -4.25    3.80s
    ‖ρε - ρref‖ = 2.3457769472303772e-5 ‖Δρ‖ = 2.204871900271834e-5  ‖vε - vref‖ = 1.2043809995968338  α = 9.06e-6
 250   -27.13958404554      -12.23       -4.19    3.78s
    ‖ρε - ρref‖ = 1.1209543972124158e-5 ‖Δρ‖ = 1.097640465247176e-5  ‖vε - vref‖ = 1.2043791797923125  α = 7.19e-5
 251   -27.13958404554      -12.78       -4.36    3.98s
    ‖ρε - ρref‖ = 1.2036228017924166e-5 ‖Δρ‖ = 1.2661326583532735e-5  ‖vε - vref‖ = 1.2043786142095751  α = 2.81e-5
 252   -27.13958404554      -13.00       -3.97    4.24s
    ‖ρε - ρref‖ = 3.492205201792795e-5 ‖Δρ‖ = 3.4099986262208336e-5  ‖vε - vref‖ = 1.2043782506943808  α = 8.25e-6
 253   -27.13958404554      -12.26       -4.40    3.79s
    ‖ρε - ρref‖ = 7.644106774287725e-6 ‖Δρ‖ = 7.196342593608287e-6  ‖vε - vref‖ = 1.2043758778711222  α = 0.000103
 254   -27.13958404554      -12.36       -4.69    4.03s
    ‖ρε - ρref‖ = 5.082183688422712e-6 ‖Δρ‖ = 4.470856302832762e-6  ‖vε - vref‖ = 1.2043734063548355  α = 0.000135
 255   -27.13958404554      -12.40       -4.26    4.68s
    ‖ρε - ρref‖ = 1.248908060202919e-5 ‖Δρ‖ = 1.2435704429874004e-5  ‖vε - vref‖ = 1.2043708389519951  α = 4.94e-5
 256   -27.13958404554      -12.35       -4.60    4.45s
    ‖ρε - ρref‖ = 5.410735904530436e-6 ‖Δρ‖ = 4.949756920718807e-6  ‖vε - vref‖ = 1.2043676183302667  α = 0.000133
 257   -27.13958404554      -12.13       -4.61    3.75s
    ‖ρε - ρref‖ = 5.16634493440591e-6 ‖Δρ‖ = 4.827121908025053e-6  ‖vε - vref‖ = 1.2043616398078796  α = 0.000176
 258   -27.13958404554      -12.11       -4.30    4.83s
    ‖ρε - ρref‖ = 9.494540534001276e-6 ‖Δρ‖ = 9.405564074044693e-6  ‖vε - vref‖ = 1.2043551650895998  α = 9.22e-5
 259   -27.13958404554      -12.42       -4.74    4.35s
    ‖ρε - ρref‖ = 4.488317290005048e-6 ‖Δρ‖ = 3.5000503976314784e-6  ‖vε - vref‖ = 1.204351666130442  α = 0.000181
 260   -27.13958404554      -12.73       -4.52    4.01s
    ‖ρε - ρref‖ = 7.197400184976906e-6 ‖Δρ‖ = 7.412749154875681e-6  ‖vε - vref‖ = 1.2043496571978136  α = 5.73e-5
 261   -27.13958404554      -13.17       -3.94    3.67s
    ‖ρε - ρref‖ = 4.131483196277844e-5 ‖Δρ‖ = 4.015817651073646e-5  ‖vε - vref‖ = 1.2043490264503287  α = 5.72e-6
 262   -27.13958404554      -12.43       -4.45    4.11s
    ‖ρε - ρref‖ = 6.943751878241952e-6 ‖Δρ‖ = 6.769060503169472e-6  ‖vε - vref‖ = 1.2043447320952785  α = 9.2e-5
 263   -27.13958404554      -13.13       -4.50    3.86s
    ‖ρε - ρref‖ = 9.983930247093873e-6 ‖Δρ‖ = 1.0899803824884044e-5  ‖vε - vref‖ = 1.2043440131783467  α = 1.92e-5
 264   -27.13958404554      -12.82       -4.07    4.34s
    ‖ρε - ρref‖ = 2.124621192392208e-5 ‖Δρ‖ = 2.075217441825944e-5  ‖vε - vref‖ = 1.2043420177273445  α = 1.9e-5
 265   -27.13958404555      -12.45       -4.38    4.53s
    ‖ρε - ρref‖ = 9.59476582781673e-6 ‖Δρ‖ = 8.959430576962738e-6  ‖vε - vref‖ = 1.2043378390484207  α = 6.29e-5
 266   -27.13958404555      -12.36       -4.84    4.30s
    ‖ρε - ρref‖ = 3.7651890076060152e-6 ‖Δρ‖ = 2.892354220269952e-6  ‖vε - vref‖ = 1.2043318427740815  α = 0.000213
 267   -27.13958404555      -12.45       -4.26    4.45s
    ‖ρε - ρref‖ = 1.1539956213014377e-5 ‖Δρ‖ = 1.1497446047093287e-5  ‖vε - vref‖ = 1.2043265212022194  α = 5.01e-5
 268   -27.13958404555      -12.29       -4.43    4.83s
    ‖ρε - ρref‖ = 6.705186888559787e-6 ‖Δρ‖ = 6.484213887117036e-6  ‖vε - vref‖ = 1.2043182982808753  α = 0.000111
 269   -27.13958404555      -12.59       -4.68    4.05s
    ‖ρε - ρref‖ = 4.805771589982129e-6 ‖Δρ‖ = 4.355173641533422e-6  ‖vε - vref‖ = 1.204314136668464  α = 0.000115
 270   -27.13958404555      -12.49       -4.72    3.94s
    ‖ρε - ρref‖ = 4.714411327201538e-6 ‖Δρ‖ = 4.1999962630852786e-6  ‖vε - vref‖ = 1.2043084918922844  α = 0.000134
 271   -27.13958404555      -12.17       -4.59    4.28s
    ‖ρε - ρref‖ = 4.950888934308937e-6 ‖Δρ‖ = 4.306286414470083e-6  ‖vε - vref‖ = 1.204296200938782  α = 0.000193
 272   -27.13958404555      -13.03       -4.58    3.93s
    ‖ρε - ρref‖ = 7.462959030259513e-6 ‖Δρ‖ = 8.47641650788011e-6  ‖vε - vref‖ = 1.204294403240286  α = 3.21e-5
 273   -27.13958404555      -12.66       -3.85    4.19s
    ‖ρε - ρref‖ = 3.550723498843359e-5 ‖Δρ‖ = 3.503146249155091e-5  ‖vε - vref‖ = 1.2042903117149988  α = 1.3e-5
 274   -27.13958404555      -12.26       -4.41    4.03s
    ‖ρε - ρref‖ = 8.019957611346304e-6 ‖Δρ‖ = 7.650447488372042e-6  ‖vε - vref‖ = 1.2042798229227172  α = 9.59e-5
 275   -27.13958404555      -13.19       -4.20    4.15s
    ‖ρε - ρref‖ = 2.4322861796681403e-5 ‖Δρ‖ = 2.538041376255177e-5  ‖vε - vref‖ = 1.204278622226173  α = 8.14e-6
 276   -27.13958404555      -12.53       -4.25    4.63s
    ‖ρε - ρref‖ = 1.2469524069409634e-5 ‖Δρ‖ = 1.1977501017600306e-5  ‖vε - vref‖ = 1.2042726556271108  α = 4.59e-5
 277   -27.13958404555      -12.55       -4.33    4.10s
    ‖ρε - ρref‖ = 1.1403881645720386e-5 ‖Δρ‖ = 1.0756097801361343e-5  ‖vε - vref‖ = 1.204267464255859  α = 4.55e-5
 278   -27.13958404555      -12.33       -4.61    3.92s
    ‖ρε - ρref‖ = 4.689231344004093e-6 ‖Δρ‖ = 4.248780951706801e-6  ‖vε - vref‖ = 1.20425766378496  α = 0.000163
 279   -27.13958404555      -12.84       -4.63    3.92s
    ‖ρε - ρref‖ = 6.891057371714728e-6 ‖Δρ‖ = 6.783666824052254e-6  ‖vε - vref‖ = 1.204254741787901  α = 5.0e-5
 280   -27.13958404555      -12.38       -4.63    3.76s
    ‖ρε - ρref‖ = 5.036669868215937e-6 ‖Δρ‖ = 4.4909076153127795e-6  ‖vε - vref‖ = 1.204245647918084  α = 0.000142
 281   -27.13958404555      -12.34       -4.71    3.67s
    ‖ρε - ρref‖ = 4.5703117386382394e-6 ‖Δρ‖ = 3.7362787546710054e-6  ‖vε - vref‖ = 1.2042353115649875  α = 0.000176
 282   -27.13958404555      -12.45       -4.56    4.59s
    ‖ρε - ρref‖ = 6.118080500994549e-6 ‖Δρ‖ = 5.682075006009125e-6  ‖vε - vref‖ = 1.2042271421470119  α = 0.000104
 283   -27.13958404555      -12.35       -4.56    3.78s
    ‖ρε - ρref‖ = 5.583572821153622e-6 ‖Δρ‖ = 5.244330214042374e-6  ‖vε - vref‖ = 1.2042158038635307  α = 0.000129
 284   -27.13958404555      -13.55       -4.47    4.21s
    ‖ρε - ρref‖ = 1.3017647163933195e-5 ‖Δρ‖ = 1.4297780742598212e-5  ‖vε - vref‖ = 1.2042151241908736  α = 9.75e-6
 285   -27.13958404555      -12.65       -4.36    3.80s
    ‖ρε - ρref‖ = 9.453349682279e-6 ‖Δρ‖ = 9.282415838409554e-6  ‖vε - vref‖ = 1.204209683770074  α = 4.97e-5
 286   -27.13958404555      -12.74       -4.55    3.73s
    ‖ρε - ρref‖ = 7.4218761424280135e-6 ‖Δρ‖ = 6.650271187656243e-6  ‖vε - vref‖ = 1.2042048584442104  α = 6.39e-5
 287   -27.13958404555      -13.22       -4.02    4.07s
    ‖ρε - ρref‖ = 3.156109657706883e-5 ‖Δρ‖ = 3.250843890796109e-5  ‖vε - vref‖ = 1.2042031527489994  α = 6.59e-6
 288   -27.13958404555      -12.48       -4.48    3.85s
    ‖ρε - ρref‖ = 6.881379977680972e-6 ‖Δρ‖ = 6.3605694758106165e-6  ‖vε - vref‖ = 1.2041944070429882  α = 9.19e-5
 289   -27.13958404555      -12.73       -4.38    3.79s
    ‖ρε - ρref‖ = 1.031142172256523e-5 ‖Δρ‖ = 9.769933821447073e-6  ‖vε - vref‖ = 1.2041899521406052  α = 4.11e-5
 290   -27.13958404555      -12.48       -4.60    4.17s
    ‖ρε - ρref‖ = 4.782361994676875e-6 ‖Δρ‖ = 4.386722904399523e-6  ‖vε - vref‖ = 1.2041809024519499  α = 0.000129
 291   -27.13958404555      -12.60       -4.69    3.84s
    ‖ρε - ρref‖ = 4.698320072106105e-6 ‖Δρ‖ = 4.325599233773648e-6  ‖vε - vref‖ = 1.2041741131883035  α = 0.000111
 292   -27.13958404555      -12.55       -4.30    3.65s
    ‖ρε - ρref‖ = 1.0236287259052277e-5 ‖Δρ‖ = 9.860937513466021e-6  ‖vε - vref‖ = 1.2041665620235726  α = 5.09e-5
 293   -27.13958404555      -12.60       -5.04    3.69s
    ‖ρε - ρref‖ = 2.9505696744089455e-6 ‖Δρ‖ = 1.7224281583614602e-6  ‖vε - vref‖ = 1.2041595569623038  α = 0.000281
 294   -27.13958404555      -12.73       -4.70    4.13s
    ‖ρε - ρref‖ = 4.651013770354051e-6 ‖Δρ‖ = 4.096969864229721e-6  ‖vε - vref‖ = 1.2041538615421208  α = 0.000105
 295   -27.13958404555      -12.79       -4.71    3.68s
    ‖ρε - ρref‖ = 4.852300074009846e-6 ‖Δρ‖ = 4.145474458026737e-6  ‖vε - vref‖ = 1.2041487036532386  α = 9.93e-5
 296   -27.13958404555      -13.60       -4.16    3.95s
    ‖ρε - ρref‖ = 2.4994588216981977e-5 ‖Δρ‖ = 2.62470497824605e-5  ‖vε - vref‖ = 1.2041479359619949  α = 5.2e-6
 297   -27.13958404555      -12.56       -4.72    4.03s
    ‖ρε - ρref‖ = 3.771035574120338e-6 ‖Δρ‖ = 3.340954738033378e-6  ‖vε - vref‖ = 1.2041393052259757  α = 0.000159
 298   -27.13958404555      -13.09       -4.48    3.72s
    ‖ρε - ρref‖ = 1.0966279557806029e-5 ‖Δρ‖ = 9.789999230508507e-6  ‖vε - vref‖ = 1.2041371231124531  α = 2.41e-5
 299   -27.13958404555      -12.94       -3.95    3.72s
    ‖ρε - ρref‖ = 2.64529697376434e-5 ‖Δρ‖ = 2.682692848279613e-5  ‖vε - vref‖ = 1.204133098401027  α = 1.26e-5
 300   -27.13958404555      -12.73       -4.57    3.98s
    ‖ρε - ρref‖ = 5.990075675179801e-6 ‖Δρ‖ = 5.5631348210925275e-6  ‖vε - vref‖ = 1.2041275318226532  α = 7.67e-5
Trying again with Newton's method ...
n     Energy            log10(ΔE)   log10(Δρ)   Δtime 
---   ---------------   ---------   ---------   ------
  1   -27.13958404556                   -7.75     328s
    ‖ρε - ρref‖ = 2.20551494990297e-6 ‖Δρ‖ = 1.922285059282541e-9  ‖vε - vref‖ = 1.2040456644983573
  2   -27.13958404556      -11.79       -7.96     341s
    ‖ρε - ρref‖ = 2.2055635583615614e-6 ‖Δρ‖ = 1.227705618780949e-9  ‖vε - vref‖ = 1.2040357014660457
    Stopping to avoid numerical instabilities.

#-- ‖ρε - ρref‖ = 2.2055635583615614e-6 vs. 5.62341325190349e-9 = δ*ε ‖vε - vref‖ = 1.2040357014660457


# --- ε=3.162277660168379e-7

n     Energy            log10(ΔE)   log10(Δρ)   Δtime 
---   ---------------   ---------   ---------   ------
  1   -27.13958052767                   -0.11    6.88s
    ‖ρε - ρref‖ = 0.3955000854741018 ‖Δρ‖ = 0.39549909756611773  ‖vε - vref‖ = 2.369355445537822  α = 2.17e-6
  2   -27.13958066666       -6.86       -1.05    3.54s
    ‖ρε - ρref‖ = 0.034674667954734575 ‖Δρ‖ = 0.03467442760898395  ‖vε - vref‖ = 2.1151119488361756  α = 7.2e-6
  3   -27.13958080481       -6.86       -0.89    3.47s
    ‖ρε - ρref‖ = 0.051714363279096454 ‖Δρ‖ = 0.05171398370024991  ‖vε - vref‖ = 1.7863646895981833  α = 5.16e-6
  4   -27.13958091577       -6.95       -1.44    3.88s
    ‖ρε - ρref‖ = 0.009136555897317338 ‖Δρ‖ = 0.0091362762794566  ‖vε - vref‖ = 1.5523712265718224  α = 2.69e-5
  5   -27.13958095146       -7.45       -1.94    3.61s
    ‖ρε - ρref‖ = 0.003082555144431061 ‖Δρ‖ = 0.0030822966601490812  ‖vε - vref‖ = 1.4811793474172295  α = 4.36e-5
  6   -27.13958100060       -7.31       -1.62    3.94s
    ‖ρε - ρref‖ = 0.00497838949201514 ‖Δρ‖ = 0.00497812924190941  ‖vε - vref‖ = 1.3612511169431223  α = 3.29e-5
  7   -27.13958101728       -7.78       -2.04    3.48s
    ‖ρε - ρref‖ = 0.002102446519439994 ‖Δρ‖ = 0.002102350732109994  ‖vε - vref‖ = 1.3168889693823795  α = 4.5e-5
  8   -27.13958102237       -8.29       -2.24    3.89s
    ‖ρε - ρref‖ = 0.001493950586195679 ‖Δρ‖ = 0.001493912285525015  ‖vε - vref‖ = 1.3045191822534488  α = 3.58e-5
  9   -27.13958103043       -8.09       -2.38    4.24s
    ‖ρε - ρref‖ = 0.0009274643788134286 ‖Δρ‖ = 0.00092736338716812  ‖vε - vref‖ = 1.2840007907504165  α = 7.19e-5
 10   -27.13958103458       -8.38       -2.34    4.05s
    ‖ρε - ρref‖ = 0.0011060050109858003 ‖Δρ‖ = 0.0011059503205102929  ‖vε - vref‖ = 1.2739267256830114  α = 4.37e-5
 11   -27.13958104216       -8.12       -2.52    4.75s
    ‖ρε - ρref‖ = 0.0006298421303222823 ‖Δρ‖ = 0.0006296851699846179  ‖vε - vref‖ = 1.2555822872032976  α = 0.000101
 12   -27.13958104266       -9.30       -2.16    4.23s
    ‖ρε - ρref‖ = 0.00323857396452175 ‖Δρ‖ = 0.003239543329402094  ‖vε - vref‖ = 1.2544494240630628  α = 4.48e-6
 13   -27.13958104648       -8.42       -2.21    3.80s
    ‖ρε - ρref‖ = 0.00144536517723624 ‖Δρ‖ = 0.0014451837650986258  ‖vε - vref‖ = 1.2445917909770203  α = 3.23e-5
 14   -27.13958104689       -9.38       -2.00    3.77s
    ‖ρε - ρref‖ = 0.004715674436195794 ‖Δρ‖ = 0.004715637584351327  ‖vε - vref‖ = 1.2432915897568504  α = 2.67e-6
 15   -27.13958105086       -8.40       -2.64    3.69s
    ‖ρε - ρref‖ = 0.00043938028445565175 ‖Δρ‖ = 0.00043923832799182516  ‖vε - vref‖ = 1.2341650095002492  α = 0.000108
 16   -27.13958105245       -8.80       -2.66    3.67s
    ‖ρε - ρref‖ = 0.0006403223978457261 ‖Δρ‖ = 0.0006403991461558221  ‖vε - vref‖ = 1.2303937345892337  α = 4.5e-5
 17   -27.13958105480       -8.63       -2.35    3.90s
    ‖ρε - ρref‖ = 0.0010243286009327594 ‖Δρ‖ = 0.0010241777378362407  ‖vε - vref‖ = 1.2251682628555844  α = 3.56e-5
 18   -27.13958105677       -8.71       -2.73    4.15s
    ‖ρε - ρref‖ = 0.0004443730348778767 ‖Δρ‖ = 0.00044431508251183615  ‖vε - vref‖ = 1.222213209072945  α = 7.19e-5
 19   -27.13958106004       -8.49       -2.23    4.00s
    ‖ρε - ρref‖ = 0.0012418271244160905 ‖Δρ‖ = 0.001241744122042371  ‖vε - vref‖ = 1.2144459653319932  α = 3.39e-5
 20   -27.13958106228       -8.65       -2.70    4.31s
    ‖ρε - ρref‖ = 0.0003956882840162086 ‖Δρ‖ = 0.0003956896626971319  ‖vε - vref‖ = 1.2099847664642387  α = 8.83e-5
 21   -27.13958106494       -8.58       -2.41    4.01s
    ‖ρε - ρref‖ = 0.0007533038258112859 ‖Δρ‖ = 0.0007532214590227266  ‖vε - vref‖ = 1.204895158560523  α = 5.23e-5
 22   -27.13958106690       -8.71       -2.44    3.61s
    ‖ρε - ρref‖ = 0.0007949166014847594 ‖Δρ‖ = 0.0007948130633874918  ‖vε - vref‖ = 1.2003868509719084  α = 4.09e-5
 23   -27.13958106851       -8.79       -2.79    3.69s
    ‖ρε - ρref‖ = 0.0003754781672263855 ‖Δρ‖ = 0.00037543120612332676  ‖vε - vref‖ = 1.1974221967056937  α = 8.02e-5
 24   -27.13958107198       -8.46       -2.48    3.79s
    ‖ρε - ρref‖ = 0.0005693338012982232 ‖Δρ‖ = 0.0005692054924430883  ‖vε - vref‖ = 1.1909524348619513  α = 7.9e-5
 25   -27.13958107214       -9.79       -2.10    3.62s
    ‖ρε - ρref‖ = 0.0031942949003989788 ‖Δρ‖ = 0.0031951759939286106  ‖vε - vref‖ = 1.190597329697027  α = 2.64e-6
 26   -27.13958107292       -9.11       -2.78    4.05s
    ‖ρε - ρref‖ = 0.0004196208842168046 ‖Δρ‖ = 0.00041949658707056864  ‖vε - vref‖ = 1.189728258013852  α = 4.61e-5
 27   -27.13958107337       -9.34       -1.89    3.92s
    ‖ρε - ρref‖ = 0.003945169981168952 ‖Δρ‖ = 0.003944689653722047  ‖vε - vref‖ = 1.1884162180670887  α = 3.62e-6
 28   -27.13958107541       -8.69       -2.93    4.10s
    ‖ρε - ρref‖ = 0.00022491040398024418 ‖Δρ‖ = 0.00022494340600901237  ‖vε - vref‖ = 1.1853636154848926  α = 0.00015
 29   -27.13958107646       -8.98       -2.45    3.80s
    ‖ρε - ρref‖ = 0.000856906400907689 ‖Δρ‖ = 0.0008567597057792425  ‖vε - vref‖ = 1.1836617840081054  α = 2.79e-5
 30   -27.13958107880       -8.63       -2.53    3.70s
    ‖ρε - ρref‖ = 0.0005747235957568552 ‖Δρ‖ = 0.0005747498344328583  ‖vε - vref‖ = 1.1797692074383874  α = 6.37e-5
 31   -27.13958107979       -9.01       -2.58    4.06s
    ‖ρε - ρref‖ = 0.0006580243482049648 ‖Δρ‖ = 0.0006579059365775886  ‖vε - vref‖ = 1.1787147794047221  α = 3.44e-5
 32   -27.13958108146       -8.77       -2.48    3.86s
    ‖ρε - ρref‖ = 0.0006859686348172132 ‖Δρ‖ = 0.0006857556513937582  ‖vε - vref‖ = 1.1759705282365573  α = 4.21e-5
 33   -27.13958108319       -8.76       -2.76    4.06s
    ‖ρε - ρref‖ = 0.0003117453281513612 ‖Δρ‖ = 0.0003117863677267424  ‖vε - vref‖ = 1.173181752100903  α = 0.000101
 34   -27.13958108398       -9.10       -2.52    3.72s
    ‖ρε - ρref‖ = 0.0006552968299610959 ‖Δρ‖ = 0.0006553711274506263  ‖vε - vref‖ = 1.1720847289593035  α = 3.28e-5
 35   -27.13958108507       -8.96       -2.76    3.77s
    ‖ρε - ρref‖ = 0.00033094472427871974 ‖Δρ‖ = 0.00033093317900654065  ‖vε - vref‖ = 1.1705864778336244  α = 7.55e-5
 36   -27.13958108614       -8.97       -2.75    3.84s
    ‖ρε - ρref‖ = 0.0003860620277054054 ‖Δρ‖ = 0.0003861496011836316  ‖vε - vref‖ = 1.169301401164169  α = 6.27e-5
 37   -27.13958108633       -9.74       -2.23    3.82s
    ‖ρε - ρref‖ = 0.002183678251943734 ‖Δρ‖ = 0.0021827686092515085  ‖vε - vref‖ = 1.1692121237501059  α = 4.13e-6
 38   -27.13958108772       -8.86       -2.37    3.73s
    ‖ρε - ρref‖ = 0.0008110719399133617 ‖Δρ‖ = 0.0008109716866453482  ‖vε - vref‖ = 1.1674087491889784  α = 3.42e-5
 39   -27.13958108786       -9.84       -2.22    3.61s
    ‖ρε - ρref‖ = 0.002400482253317175 ‖Δρ‖ = 0.0024008815951452847  ‖vε - vref‖ = 1.167111957051716  α = 3.06e-6
 40   -27.13958108889       -8.99       -2.75    3.74s
    ‖ρε - ρref‖ = 0.0003506743696713264 ‖Δρ‖ = 0.0003507619902946556  ‖vε - vref‖ = 1.1661126632437726  α = 6.75e-5
 41   -27.13958108983       -9.03       -2.84    4.16s
    ‖ρε - ρref‖ = 0.000298500637740414 ‖Δρ‖ = 0.0002982656120647906  ‖vε - vref‖ = 1.1647787328378034  α = 7.31e-5
 42   -27.13958109032       -9.31       -2.47    3.71s
    ‖ρε - ρref‖ = 0.0008064655200920108 ‖Δρ‖ = 0.0008064787588876405  ‖vε - vref‖ = 1.1642078692361624  α = 2.05e-5
 43   -27.13958109164       -8.88       -3.03    3.72s
    ‖ρε - ρref‖ = 0.00016024785936210353 ‖Δρ‖ = 0.0001601150230909178  ‖vε - vref‖ = 1.1632675030272246  α = 0.000169
 44   -27.13958109275       -8.96       -2.22    3.63s
    ‖ρε - ρref‖ = 0.0010888219184299497 ‖Δρ‖ = 0.0010887195629427392  ‖vε - vref‖ = 1.1617226943853551  α = 2.21e-5
 45   -27.13958109352       -9.11       -2.94    3.84s
    ‖ρε - ρref‖ = 0.00023624913798595907 ‖Δρ‖ = 0.00023642217519094267  ‖vε - vref‖ = 1.1609744242744806  α = 8.61e-5
 46   -27.13958109426       -9.13       -2.81    4.38s
    ‖ρε - ρref‖ = 0.00029272143911485496 ‖Δρ‖ = 0.00029274782401897436  ‖vε - vref‖ = 1.1602428394560378  α = 7.06e-5
 47   -27.13958109519       -9.03       -2.54    3.65s
    ‖ρε - ρref‖ = 0.0005126635575890275 ‖Δρ‖ = 0.0005125357770386769  ‖vε - vref‖ = 1.1594451401442407  α = 4.51e-5
 48   -27.13958109562       -9.37       -2.84    3.68s
    ‖ρε - ρref‖ = 0.0003032552131000553 ‖Δρ‖ = 0.0003034728955190456  ‖vε - vref‖ = 1.1590733249578604  α = 5.11e-5
 49   -27.13958109572       -9.98       -2.16    3.98s
    ‖ρε - ρref‖ = 0.0023236655587973807 ‖Δρ‖ = 0.0023228163248392073  ‖vε - vref‖ = 1.1589522920920465  α = 2.96e-6
 50   -27.13958109616       -9.36       -2.83    3.70s
    ‖ρε - ρref‖ = 0.00033393486063022803 ‖Δρ‖ = 0.0003338373831038585  ‖vε - vref‖ = 1.1586723350528387  α = 4.56e-5
 51   -27.13958109627       -9.96       -2.24    3.88s
    ‖ρε - ρref‖ = 0.001958278452964802 ‖Δρ‖ = 0.001958705190462477  ‖vε - vref‖ = 1.1585655374333717  α = 3.3e-6
 52   -27.13958109690       -9.21       -2.79    4.08s
    ‖ρε - ρref‖ = 0.0003043079572883757 ‖Δρ‖ = 0.0003043750735676965  ‖vε - vref‖ = 1.157990881242397  α = 6.14e-5
 53   -27.13958109737       -9.32       -3.01    4.18s
    ‖ρε - ρref‖ = 0.00017233728279770653 ‖Δρ‖ = 0.00017208564275089612  ‖vε - vref‖ = 1.157799248973076  α = 9.44e-5
 54   -27.13958109761       -9.62       -2.70    4.40s
    ‖ρε - ρref‖ = 0.0004473396767184287 ‖Δρ‖ = 0.0004474101680472777  ‖vε - vref‖ = 1.1575592136625257  α = 2.51e-5
 55   -27.13958109817       -9.25       -2.86    3.72s
    ‖ρε - ρref‖ = 0.00024062368158633195 ‖Δρ‖ = 0.00024061234240584144  ‖vε - vref‖ = 1.157349460078224  α = 7.47e-5
 56   -27.13958109842       -9.62       -2.84    3.67s
    ‖ρε - ρref‖ = 0.00035028018288696394 ‖Δρ‖ = 0.0003502482148427749  ‖vε - vref‖ = 1.1573178191132463  α = 3.13e-5
 57   -27.13958109906       -9.19       -2.78    3.66s
    ‖ρε - ρref‖ = 0.0002864226148235827 ‖Δρ‖ = 0.0002863598580127521  ‖vε - vref‖ = 1.1569969178015302  α = 6.33e-5
 58   -27.13958109964       -9.23       -2.89    3.63s
    ‖ρε - ρref‖ = 0.00021315225642566402 ‖Δρ‖ = 0.00021312292534375566  ‖vε - vref‖ = 1.1566356538874583  α = 8.67e-5
 59   -27.13958110001       -9.44       -2.88    3.68s
    ‖ρε - ρref‖ = 0.0002561955072159689 ‖Δρ‖ = 0.0002561236410654764  ‖vε - vref‖ = 1.1565054229127518  α = 5.66e-5
 60   -27.13958110041       -9.39       -2.72    3.69s
    ‖ρε - ρref‖ = 0.0003677746516026418 ‖Δρ‖ = 0.00036799702344644797  ‖vε - vref‖ = 1.1563740615242282  α = 4.04e-5
 61   -27.13958110046      -10.31       -2.30    3.66s
    ‖ρε - ρref‖ = 0.0018653427856332738 ‖Δρ‖ = 0.0018645261268374189  ‖vε - vref‖ = 1.156320850010122  α = 2.54e-6
 62   -27.13958110075       -9.55       -3.13    3.75s
    ‖ρε - ρref‖ = 0.00014084661048930462 ‖Δρ‖ = 0.00014076957734386337  ‖vε - vref‖ = 1.156481896225975  α = 8.62e-5
 63   -27.13958110088       -9.89       -2.09    3.69s
    ‖ρε - ρref‖ = 0.0020135104783862534 ‖Δρ‖ = 0.002013963002331418  ‖vε - vref‖ = 1.1563250886141234  α = 3.65e-6
 64   -27.13958110129       -9.39       -2.65    4.01s
    ‖ρε - ρref‖ = 0.0003744577558219116 ‖Δρ‖ = 0.00037449458303360903  ‖vε - vref‖ = 1.1561466366118907  α = 4.04e-5
 65   -27.13958110158       -9.54       -3.14    4.00s
    ‖ρε - ρref‖ = 0.00013223978746500844 ‖Δρ‖ = 0.00013191947399205587  ‖vε - vref‖ = 1.1561554045866704  α = 9.63e-5
 66   -27.13958110174       -9.78       -3.02    3.71s
    ‖ρε - ρref‖ = 0.00020981559391898845 ‖Δρ‖ = 0.00020989439441722695  ‖vε - vref‖ = 1.1561676365467755  α = 4.36e-5
 67   -27.13958110196       -9.65       -2.74    3.80s
    ‖ρε - ρref‖ = 0.0003362054087486552 ‖Δρ‖ = 0.0003361385914768922  ‖vε - vref‖ = 1.1561509165704968  α = 3.4e-5
 68   -27.13958110215       -9.73       -3.13    3.73s
    ‖ρε - ρref‖ = 0.00014936123593281474 ‖Δρ‖ = 0.00014937233632724716  ‖vε - vref‖ = 1.1562172900898533  α = 6.78e-5
 69   -27.13958110234       -9.72       -2.78    3.79s
    ‖ρε - ρref‖ = 0.0003401936847240752 ‖Δρ‖ = 0.00034020223311886347  ‖vε - vref‖ = 1.1562874781378372  α = 2.82e-5
 70   -27.13958110268       -9.46       -3.07    3.67s
    ‖ρε - ρref‖ = 0.00014415701295802933 ‖Δρ‖ = 0.00014403095106533403  ‖vε - vref‖ = 1.156333533981727  α = 9.41e-5
 71   -27.13958110294       -9.59       -3.12    3.84s
    ‖ρε - ρref‖ = 0.00012193559564982954 ‖Δρ‖ = 0.00012190366807814352  ‖vε - vref‖ = 1.156399818329351  α = 0.000102
 72   -27.13958110310       -9.81       -2.83    3.80s
    ‖ρε - ρref‖ = 0.0003059721589925193 ‖Δρ‖ = 0.00030632266373396  ‖vε - vref‖ = 1.156469394402179  α = 3.03e-5
 73   -27.13958110314      -10.41       -2.35    4.12s
    ‖ρε - ρref‖ = 0.001410628862258653 ‖Δρ‖ = 0.0014098817171018679  ‖vε - vref‖ = 1.15646993107724  α = 3.01e-6
 74   -27.13958110336       -9.65       -2.98    3.84s
    ‖ρε - ρref‖ = 0.00019231184968966706 ‖Δρ‖ = 0.00019226766038020333  ‖vε - vref‖ = 1.1565892941692186  α = 5.77e-5
 75   -27.13958110339      -10.55       -2.53    3.67s
    ‖ρε - ρref‖ = 0.0010849476543672038 ‖Δρ‖ = 0.0010854158598384252  ‖vε - vref‖ = 1.156580078352808  α = 3.03e-6
 76   -27.13958110356       -9.77       -3.15    3.66s
    ‖ρε - ρref‖ = 0.00014234527043840026 ‖Δρ‖ = 0.00014227162562213653  ‖vε - vref‖ = 1.1566781924685907  α = 6.65e-5
 77   -27.13958110371       -9.82       -3.07    3.74s
    ‖ρε - ρref‖ = 0.00018183767466426064 ‖Δρ‖ = 0.00018181432563192754  ‖vε - vref‖ = 1.1567462334539274  α = 5.07e-5
 78   -27.13958110389       -9.75       -3.30    4.18s
    ‖ρε - ρref‖ = 9.40204775292954e-5 ‖Δρ‖ = 9.422594804686784e-5  ‖vε - vref‖ = 1.1569072138190981  α = 0.000104
 79   -27.13958110401       -9.89       -2.93    4.22s
    ‖ρε - ρref‖ = 0.000246799192496275 ‖Δρ‖ = 0.0002466154220222238  ‖vε - vref‖ = 1.1569662459146286  α = 3.37e-5
 80   -27.13958110422       -9.69       -2.82    3.62s
    ‖ρε - ρref‖ = 0.00025816836734549796 ‖Δρ‖ = 0.00025802020984592625  ‖vε - vref‖ = 1.1571095151212225  α = 4.21e-5
 81   -27.13958110426      -10.33       -3.34    4.54s
    ‖ρε - ρref‖ = 0.00012911136184346587 ‖Δρ‖ = 0.00012907172667237256  ‖vε - vref‖ = 1.1571652941011867  α = 3.72e-5
 82   -27.13958110452       -9.60       -3.13    3.72s
    ‖ρε - ρref‖ = 0.00011699101160982061 ‖Δρ‖ = 0.00011691110046863338  ‖vε - vref‖ = 1.1574250482097221  α = 0.000102
 83   -27.13958110464       -9.91       -3.26    4.26s
    ‖ρε - ρref‖ = 0.00011788391089163516 ‖Δρ‖ = 0.0001179498737857696  ‖vε - vref‖ = 1.157524977533773  α = 6.8e-5
 84   -27.13958110473      -10.06       -3.28    3.77s
    ‖ρε - ρref‖ = 0.00011041030721980494 ‖Δρ‖ = 0.00011089824165335865  ‖vε - vref‖ = 1.1576430646915237  α = 6.19e-5
 85   -27.13958110477      -10.37       -2.30    3.78s
    ‖ρε - ρref‖ = 0.0013337522436030274 ‖Δρ‖ = 0.0013331103342822542  ‖vε - vref‖ = 1.1576853524321067  α = 3.44e-6
 86   -27.13958110490       -9.90       -2.87    3.80s
    ‖ρε - ρref‖ = 0.000258247734558924 ‖Δρ‖ = 0.0002581885405963782  ‖vε - vref‖ = 1.1578379038227002  α = 3.24e-5
 87   -27.13958110491      -10.74       -2.65    3.69s
    ‖ρε - ρref‖ = 0.0008244482347901341 ‖Δρ‖ = 0.0008249010890474467  ‖vε - vref‖ = 1.157837594136907  α = 3.23e-6
 88   -27.13958110502       -9.98       -3.12    3.64s
    ‖ρε - ρref‖ = 0.0001467906902774546 ‖Δρ‖ = 0.0001465834780389893  ‖vε - vref‖ = 1.1579699398618442  α = 5.32e-5
 89   -27.13958110510      -10.08       -3.46    3.74s
    ‖ρε - ρref‖ = 7.28522912784149e-5 ‖Δρ‖ = 7.285348288518815e-5  ‖vε - vref‖ = 1.1581062996763116  α = 9.31e-5
 90   -27.13958110524       -9.85       -3.12    3.65s
    ‖ρε - ρref‖ = 0.00013234604154877355 ‖Δρ‖ = 0.00013247773855500864  ‖vε - vref‖ = 1.158295998766311  α = 6.68e-5
 91   -27.13958110530      -10.23       -3.29    3.68s
    ‖ρε - ρref‖ = 0.00011805206879065217 ‖Δρ‖ = 0.00011777848427501085  ‖vε - vref‖ = 1.1584032849052583  α = 4.71e-5
 92   -27.13958110537      -10.16       -3.00    3.81s
    ‖ρε - ρref‖ = 0.00020618901590281917 ‖Δρ‖ = 0.00020611583086207002  ‖vε - vref‖ = 1.1584959448114314  α = 3.05e-5
 93   -27.13958110547       -9.99       -3.40    3.83s
    ‖ρε - ρref‖ = 7.805755816541527e-5 ‖Δρ‖ = 7.808737366615703e-5  ‖vε - vref‖ = 1.1586803867904338  α = 9.2e-5
 94   -27.13958110553      -10.22       -2.95    3.78s
    ‖ρε - ρref‖ = 0.0002632985628876567 ‖Δρ‖ = 0.0002632931984921951  ‖vε - vref‖ = 1.1587745700220675  α = 2.1e-5
 95   -27.13958110563      -10.04       -3.47    4.18s
    ‖ρε - ρref‖ = 6.18585840542579e-5 ‖Δρ‖ = 6.178105531567622e-5  ‖vε - vref‖ = 1.15893591169388  α = 0.000116
 96   -27.13958110566      -10.42       -3.33    3.60s
    ‖ρε - ρref‖ = 0.00010660017287125032 ‖Δρ‖ = 0.00010715594542505072  ‖vε - vref‖ = 1.1590089981348257  α = 4.04e-5
 97   -27.13958110569      -10.51       -2.36    3.66s
    ‖ρε - ρref‖ = 0.0010677629404269352 ‖Δρ‖ = 0.0010672071445282387  ‖vε - vref‖ = 1.1590484483023684  α = 3.8e-6
 98   -27.13958110572      -10.61       -3.37    3.59s
    ‖ρε - ρref‖ = 0.00011511971716191572 ‖Δρ‖ = 0.00011484450608549235  ‖vε - vref‖ = 1.1591116762429037  α = 3.04e-5
 99   -27.13958110574      -10.79       -2.68    3.67s
    ‖ρε - ρref‖ = 0.0006292183919759691 ‖Δρ‖ = 0.0006295891583013664  ‖vε - vref‖ = 1.1591312834787297  α = 4.22e-6
 100   -27.13958110581      -10.12       -3.26    3.63s
    ‖ρε - ρref‖ = 0.00010847917300886097 ‖Δρ‖ = 0.00010842074509903657  ‖vε - vref‖ = 1.15928612332506  α = 5.97e-5
 101   -27.13958110588      -10.14       -3.50    3.67s
    ‖ρε - ρref‖ = 6.301453389288786e-5 ‖Δρ‖ = 6.307249555668404e-5  ‖vε - vref‖ = 1.1594487773077826  α = 0.000102
 102   -27.13958110592      -10.43       -3.40    3.76s
    ‖ρε - ρref‖ = 9.893659997407092e-5 ‖Δρ‖ = 9.898449274383239e-5  ‖vε - vref‖ = 1.1595352949455409  α = 4.57e-5
 103   -27.13958110597      -10.35       -3.53    3.65s
    ‖ρε - ρref‖ = 6.629851121003515e-5 ‖Δρ‖ = 6.609548979961095e-5  ‖vε - vref‖ = 1.1596556921969805  α = 7.39e-5
 104   -27.13958110600      -10.44       -3.20    3.66s
    ‖ρε - ρref‖ = 0.00014456787895452544 ‖Δρ‖ = 0.00014464030482245384  ‖vε - vref‖ = 1.159745424676291  α = 3.03e-5
 105   -27.13958110608      -10.12       -3.22    3.79s
    ‖ρε - ρref‖ = 0.00010742929540286104 ‖Δρ‖ = 0.00010741426037909514  ‖vε - vref‖ = 1.1599389901303687  α = 6.2e-5
 106   -27.13958110611      -10.53       -3.32    3.75s
    ‖ρε - ρref‖ = 0.0001180780733906384 ‖Δρ‖ = 0.0001180513932310698  ‖vε - vref‖ = 1.1600285735086395  α = 3.28e-5
 107   -27.13958110614      -10.43       -3.23    3.81s
    ‖ρε - ρref‖ = 0.00012172993462161255 ‖Δρ‖ = 0.00012171265248631279  ‖vε - vref‖ = 1.1601141580134675  α = 3.64e-5
 108   -27.13958110615      -11.26       -3.57    3.70s
    ‖ρε - ρref‖ = 0.00010044040811203006 ‖Δρ‖ = 0.00010121647150530508  ‖vε - vref‖ = 1.1601318989293052  α = 1.55e-5
 109   -27.13958110623      -10.11       -2.96    3.86s
    ‖ρε - ρref‖ = 0.00019729900736613283 ‖Δρ‖ = 0.00019703287004333995  ‖vε - vref‖ = 1.160353723501258  α = 3.39e-5
 110   -27.13958110624      -11.03       -3.05    3.67s
    ‖ρε - ρref‖ = 0.00032090700901319643 ‖Δρ‖ = 0.0003203891583361827  ‖vε - vref‖ = 1.1603926744301778  α = 5.97e-6
 111   -27.13958110627      -10.43       -2.87    3.78s
    ‖ρε - ρref‖ = 0.00027536611332872095 ‖Δρ‖ = 0.0002755104617526204  ‖vε - vref‖ = 1.1604853942775348  α = 1.65e-5
 112   -27.13958110631      -10.47       -3.32    3.82s
    ‖ρε - ρref‖ = 0.00010651958542277241 ‖Δρ‖ = 0.0001066659107645325  ‖vε - vref‖ = 1.160585665004914  α = 4.05e-5
 113   -27.13958110636      -10.30       -3.69    3.72s
    ‖ρε - ρref‖ = 4.025435612229582e-5 ‖Δρ‖ = 4.0339416807796185e-5  ‖vε - vref‖ = 1.1607392154344964  α = 0.000132
 114   -27.13958110638      -10.61       -3.48    3.79s
    ‖ρε - ρref‖ = 7.357681550919635e-5 ‖Δρ‖ = 7.348739339339683e-5  ‖vε - vref‖ = 1.1608202509884618  α = 5.06e-5
 115   -27.13958110640      -10.70       -3.58    3.71s
    ‖ρε - ρref‖ = 6.258802679666823e-5 ‖Δρ‖ = 6.233599053508313e-5  ‖vε - vref‖ = 1.1608961650251781  α = 5.3e-5
 116   -27.13958110642      -10.70       -3.42    3.63s
    ‖ρε - ρref‖ = 9.179136138872075e-5 ‖Δρ‖ = 9.1887189724169e-5  ‖vε - vref‖ = 1.160966686808579  α = 3.48e-5
 117   -27.13958110646      -10.45       -3.34    3.85s
    ‖ρε - ρref‖ = 8.644067812701126e-5 ‖Δρ‖ = 8.650718927194523e-5  ‖vε - vref‖ = 1.1610974150581002  α = 5.23e-5
 118   -27.13958110648      -10.65       -3.53    3.60s
    ‖ρε - ρref‖ = 7.15549063597086e-5 ‖Δρ‖ = 7.147784389448272e-5  ‖vε - vref‖ = 1.161187093029307  α = 4.73e-5
 119   -27.13958110653      -10.34       -3.25    3.64s
    ‖ρε - ρref‖ = 0.00011050381183888919 ‖Δρ‖ = 0.00011016373046087336  ‖vε - vref‖ = 1.1613657158405533  α = 4.39e-5
 120   -27.13958110653      -11.19       -2.74    3.58s
    ‖ρε - ρref‖ = 0.000637691017075818 ‖Δρ‖ = 0.0006384266799348262  ‖vε - vref‖ = 1.1613818949760102  α = 2.7e-6
 121   -27.13958110657      -10.39       -3.43    3.71s
    ‖ρε - ρref‖ = 6.846513374470925e-5 ‖Δρ‖ = 6.853732908786624e-5  ‖vε - vref‖ = 1.16153818896413  α = 6.91e-5
 122   -27.13958110658      -11.07       -2.68    3.78s
    ‖ρε - ρref‖ = 0.0006354288182442971 ‖Δρ‖ = 0.0006349045416233869  ‖vε - vref‖ = 1.1615625065322768  α = 2.89e-6
 123   -27.13958110661      -10.63       -3.61    3.69s
    ‖ρε - ρref‖ = 5.3378860923023595e-5 ‖Δρ‖ = 5.3467227421469e-5  ‖vε - vref‖ = 1.16165439656317  α = 6.82e-5
 124   -27.13958110664      -10.42       -3.31    4.02s
    ‖ρε - ρref‖ = 8.988804270038139e-5 ‖Δρ‖ = 9.003545605311837e-5  ‖vε - vref‖ = 1.16180686412887  α = 5.23e-5
 125   -27.13958110668      -10.39       -3.48    3.65s
    ‖ρε - ρref‖ = 6.329437343356706e-5 ‖Δρ‖ = 6.32593115083791e-5  ‖vε - vref‖ = 1.1619784028428062  α = 7.57e-5
 126   -27.13958110673      -10.34       -3.64    3.75s
    ‖ρε - ρref‖ = 4.247601329414092e-5 ‖Δρ‖ = 4.237004171755819e-5  ‖vε - vref‖ = 1.162169635861879  α = 0.00012
 127   -27.13958110675      -10.66       -3.34    3.85s
    ‖ρε - ρref‖ = 0.00011090212031273437 ‖Δρ‖ = 0.00011074474814171994  ‖vε - vref‖ = 1.1622670921276375  α = 3.12e-5
 128   -27.13958110677      -10.72       -3.46    4.15s
    ‖ρε - ρref‖ = 8.625513690942303e-5 ‖Δρ‖ = 8.64152221580439e-5  ‖vε - vref‖ = 1.1623551482604093  α = 3.57e-5
 129   -27.13958110682      -10.30       -3.36    4.10s
    ‖ρε - ρref‖ = 7.316097086763603e-5 ‖Δρ‖ = 7.324643557248578e-5  ‖vε - vref‖ = 1.1625742451934638  α = 7.3e-5
 130   -27.13958110684      -10.79       -3.38    3.66s
    ‖ρε - ρref‖ = 0.00010311441024739626 ‖Δρ‖ = 0.00010303542311617945  ‖vε - vref‖ = 1.1626455331706838  α = 2.68e-5
 131   -27.13958110684      -11.19       -3.32    3.72s
    ‖ρε - ρref‖ = 0.00014994195894261374 ‖Δρ‖ = 0.00014909313681453525  ‖vε - vref‖ = 1.1626796098784287  α = 1.13e-5
 132   -27.13958110686      -10.83       -2.78    3.84s
    ‖ρε - ρref‖ = 0.0003748769970805137 ‖Δρ‖ = 0.0003750402805380238  ‖vε - vref‖ = 1.162743763277639  α = 7.67e-6
 133   -27.13958110687      -11.13       -3.64    3.78s
    ‖ρε - ρref‖ = 6.958669760568198e-5 ‖Δρ‖ = 7.007503764251897e-5  ‖vε - vref‖ = 1.16278519237895  α = 2.47e-5
 134   -27.13958110690      -10.44       -2.76    3.75s
    ‖ρε - ρref‖ = 0.0003122980555608051 ‖Δρ‖ = 0.00031213589475406035  ‖vε - vref‖ = 1.1629386601596896  α = 1.4e-5
 135   -27.13958110692      -10.82       -3.57    3.68s
    ‖ρε - ρref‖ = 5.7266598251950194e-5 ‖Δρ‖ = 5.731378909619129e-5  ‖vε - vref‖ = 1.1630055276821416  α = 5.13e-5
 136   -27.13958110693      -11.00       -3.64    3.76s
    ‖ρε - ρref‖ = 5.7527238313699686e-5 ‖Δρ‖ = 5.75856362436586e-5  ‖vε - vref‖ = 1.163055484695195  α = 4.05e-5
 137   -27.13958110697      -10.36       -3.70    4.14s
    ‖ρε - ρref‖ = 2.9544954050963337e-5 ‖Δρ‖ = 2.9496372204738544e-5  ‖vε - vref‖ = 1.1632718974521128  α = 0.000171
 138   -27.13958110699      -10.67       -3.62    4.32s
    ‖ρε - ρref‖ = 4.63346740037924e-5 ‖Δρ‖ = 4.634006708309368e-5  ‖vε - vref‖ = 1.1633814001658727  α = 7.65e-5
 139   -27.13958110700      -11.01       -3.52    3.68s
    ‖ρε - ρref‖ = 7.794972807696155e-5 ‖Δρ‖ = 7.779817019462164e-5  ‖vε - vref‖ = 1.1634338679084995  α = 2.95e-5
 140   -27.13958110702      -10.82       -3.58    3.69s
    ‖ρε - ρref‖ = 5.857470100771529e-5 ‖Δρ‖ = 5.8658224291642543e-5  ‖vε - vref‖ = 1.1635187312071504  α = 4.81e-5
 141   -27.13958110705      -10.55       -3.44    4.21s
    ‖ρε - ρref‖ = 6.611560891799145e-5 ‖Δρ‖ = 6.610167584937502e-5  ‖vε - vref‖ = 1.1636721013322662  α = 5.93e-5
 142   -27.13958110705      -11.12       -3.44    4.15s
    ‖ρε - ρref‖ = 9.476040414055092e-5 ‖Δρ‖ = 9.50713374170696e-5  ‖vε - vref‖ = 1.16371652765739  α = 2.04e-5
 143   -27.13958110706      -11.38       -2.92    4.30s
    ‖ρε - ρref‖ = 0.000382642918246505 ‖Δρ‖ = 0.0003818928590797759  ‖vε - vref‖ = 1.1637405915159147  α = 3.67e-6
 144   -27.13958110707      -10.81       -3.43    3.94s
    ‖ρε - ρref‖ = 7.817230477320188e-5 ‖Δρ‖ = 7.797401260234597e-5  ‖vε - vref‖ = 1.1638251730369642  α = 3.7e-5
 145   -27.13958110708      -11.63       -3.14    3.96s
    ‖ρε - ρref‖ = 0.0002896962919149943 ‖Δρ‖ = 0.00029021956662385134  ‖vε - vref‖ = 1.1638376731032571  α = 3.2e-6
 146   -27.13958110709      -10.72       -3.69    3.90s
    ‖ρε - ρref‖ = 3.949519487618067e-5 ‖Δρ‖ = 3.948342259749421e-5  ‖vε - vref‖ = 1.1639525377564512  α = 8.06e-5
 147   -27.13958110713      -10.43       -3.69    3.86s
    ‖ρε - ρref‖ = 3.250790001060862e-5 ‖Δρ‖ = 3.253885053546095e-5  ‖vε - vref‖ = 1.1641653787502075  α = 0.000143
 148   -27.13958110715      -10.81       -3.23    3.74s
    ‖ρε - ρref‖ = 0.00011593009896798762 ‖Δρ‖ = 0.00011597064238746503  ‖vε - vref‖ = 1.1642562059059063  α = 2.59e-5
 149   -27.13958110716      -10.79       -3.76    3.86s
    ‖ρε - ρref‖ = 3.180816329944604e-5 ‖Δρ‖ = 3.1679030007196075e-5  ‖vε - vref‖ = 1.1643532283020075  α = 9.51e-5
 150   -27.13958110718      -10.90       -3.75    3.83s
    ‖ρε - ρref‖ = 3.347852462266917e-5 ‖Δρ‖ = 3.348444467953678e-5  ‖vε - vref‖ = 1.164429717525655  α = 8.04e-5
 151   -27.13958110718      -11.29       -3.65    3.70s
    ‖ρε - ρref‖ = 5.694923903176396e-5 ‖Δρ‖ = 5.682245382688322e-5  ‖vε - vref‖ = 1.1644636058686098  α = 2.95e-5
 152   -27.13958110720      -10.81       -3.71    3.79s
    ‖ρε - ρref‖ = 3.889153864876689e-5 ‖Δρ‖ = 3.9007823025011323e-5  ‖vε - vref‖ = 1.1645640205170131  α = 7.29e-5
 153   -27.13958110722      -10.70       -3.46    4.13s
    ‖ρε - ρref‖ = 6.686196363168421e-5 ‖Δρ‖ = 6.672606764674735e-5  ‖vε - vref‖ = 1.1646972812841005  α = 4.94e-5
 154   -27.13958110722      -11.57       -3.18    4.56s
    ‖ρε - ρref‖ = 0.0002264022341182722 ‖Δρ‖ = 0.00022709185288451373  ‖vε - vref‖ = 1.164714920407528  α = 4.9e-6
 155   -27.13958110723      -11.00       -3.21    4.13s
    ‖ρε - ρref‖ = 0.00015121045996568277 ‖Δρ‖ = 0.00015081783195928532  ‖vε - vref‖ = 1.1647802824793614  α = 1.46e-5
 156   -27.13958110723      -11.34       -3.44    4.46s
    ‖ρε - ρref‖ = 0.0001051938128761817 ‖Δρ‖ = 0.00010470663231233842  ‖vε - vref‖ = 1.1648174020192539  α = 1.38e-5
 157   -27.13958110724      -11.20       -2.96    3.89s
    ‖ρε - ρref‖ = 0.0002828039432136592 ‖Δρ‖ = 0.0002830743847229507  ‖vε - vref‖ = 1.1648521814186554  α = 5.95e-6
 158   -27.13958110726      -10.72       -3.81    4.11s
    ‖ρε - ρref‖ = 2.7011144504524712e-5 ‖Δρ‖ = 2.7206773100573048e-5  ‖vε - vref‖ = 1.1649801742618242  α = 0.000121
 159   -27.13958110727      -10.88       -3.81    4.37s
    ‖ρε - ρref‖ = 3.0170377667859108e-5 ‖Δρ‖ = 3.0087560415052413e-5  ‖vε - vref‖ = 1.1650733043106631  α = 9.13e-5
 160   -27.13958110728      -11.23       -3.64    3.66s
    ‖ρε - ρref‖ = 5.109237109328314e-5 ‖Δρ‖ = 5.105055909107161e-5  ‖vε - vref‖ = 1.1651144415526087  α = 3.6e-5
 161   -27.13958110730      -10.76       -3.81    3.78s
    ‖ρε - ρref‖ = 2.7630812279033906e-5 ‖Δρ‖ = 2.7509763693280598e-5  ‖vε - vref‖ = 1.165240628279946  α = 0.000112
 162   -27.13958110730      -11.10       -3.82    3.87s
    ‖ρε - ρref‖ = 3.2689436617142e-5 ‖Δρ‖ = 3.2734913329728276e-5  ‖vε - vref‖ = 1.1652972931654297  α = 6.35e-5
 163   -27.13958110731      -11.38       -3.80    4.37s
    ‖ρε - ρref‖ = 3.9577040372030044e-5 ‖Δρ‖ = 3.944619568391618e-5  ‖vε - vref‖ = 1.1653309329548882  α = 3.74e-5
 164   -27.13958110732      -10.97       -3.63    4.54s
    ‖ρε - ρref‖ = 4.3992963262385026e-5 ‖Δρ‖ = 4.409713568711591e-5  ‖vε - vref‖ = 1.1654101292079986  α = 5.48e-5
 165   -27.13958110732      -11.44       -3.75    4.76s
    ‖ρε - ρref‖ = 4.831942346485784e-5 ‖Δρ‖ = 4.7776363124468914e-5  ‖vε - vref‖ = 1.165440406313061  α = 2.78e-5
 166   -27.13958110732      -11.56       -2.97    4.60s
    ‖ρε - ρref‖ = 0.00030500452418086077 ‖Δρ‖ = 0.0003055327783313247  ‖vε - vref‖ = 1.1654614033942374  α = 3.87e-6
 167   -27.13958110733      -11.21       -3.64    3.81s
    ‖ρε - ρref‖ = 5.167870571678697e-5 ‖Δρ‖ = 5.1629664062011925e-5  ‖vε - vref‖ = 1.1655128438660909  α = 3.54e-5
 168   -27.13958110733      -11.73       -3.19    4.65s
    ‖ρε - ρref‖ = 0.00021721018020048102 ‖Δρ‖ = 0.00021659373088468912  ‖vε - vref‖ = 1.1655297486808582  α = 3.91e-6
 169   -27.13958110734      -11.26       -3.53    4.26s
    ‖ρε - ρref‖ = 7.009529677695644e-5 ‖Δρ‖ = 7.019749896759723e-5  ‖vε - vref‖ = 1.1655731940155025  α = 2.31e-5
 170   -27.13958110735      -10.97       -3.86    4.18s
    ‖ρε - ρref‖ = 2.392409518286584e-5 ‖Δρ‖ = 2.4074254617917862e-5  ‖vε - vref‖ = 1.165661088610339  α = 0.000102
 171   -27.13958110736      -11.08       -3.95    3.67s
    ‖ρε - ρref‖ = 2.1139253067528693e-5 ‖Δρ‖ = 2.0952842011441086e-5  ‖vε - vref‖ = 1.1657329827257603  α = 0.000102
 172   -27.13958110736      -11.33       -3.82    4.19s
    ‖ρε - ρref‖ = 3.325631450298829e-5 ‖Δρ‖ = 3.327704492710361e-5  ‖vε - vref‖ = 1.165772868094686  α = 4.91e-5
 173   -27.13958110737      -11.04       -3.76    4.69s
    ‖ρε - ρref‖ = 3.331814469374452e-5 ‖Δρ‖ = 3.338252316839392e-5  ‖vε - vref‖ = 1.1658533539252722  α = 6.71e-5
 174   -27.13958110738      -10.97       -3.81    4.46s
    ‖ρε - ρref‖ = 2.750483725401969e-5 ‖Δρ‖ = 2.7466219226023674e-5  ‖vε - vref‖ = 1.16594820827994  α = 9.05e-5
 175   -27.13958110738      -11.60       -3.82    3.98s
    ‖ρε - ρref‖ = 3.762336642284514e-5 ‖Δρ‖ = 3.738797584104053e-5  ‖vε - vref‖ = 1.1659719581919028  α = 3.14e-5
 176   -27.13958110739      -11.22       -3.77    4.33s
    ‖ρε - ρref‖ = 3.3028513349372244e-5 ‖Δρ‖ = 3.303515886086357e-5  ‖vε - vref‖ = 1.1660300719141974  α = 5.37e-5
 177   -27.13958110739      -11.94       -3.62    4.72s
    ‖ρε - ρref‖ = 7.976882102441147e-5 ‖Δρ‖ = 7.900256536181688e-5  ‖vε - vref‖ = 1.1660406579106357  α = 9.06e-6
 178   -27.13958110740      -11.12       -3.21    4.41s
    ‖ρε - ρref‖ = 0.00010814652567656988 ‖Δρ‖ = 0.00010834101961080904  ‖vε - vref‖ = 1.1661132872333644  α = 1.87e-5
 179   -27.13958110740      -11.71       -3.50    4.01s
    ‖ρε - ρref‖ = 8.753441033369529e-5 ‖Δρ‖ = 8.79113738116072e-5  ‖vε - vref‖ = 1.1661333594268735  α = 1.1e-5
 180   -27.13958110740      -11.67       -3.18    3.66s
    ‖ρε - ρref‖ = 0.00017580273238989308 ‖Δρ‖ = 0.00017542291820631602  ‖vε - vref‖ = 1.1661513871146447  α = 5.4e-6
 181   -27.13958110741      -11.59       -3.94    4.21s
    ‖ρε - ρref‖ = 2.8798550807051924e-5 ‖Δρ‖ = 2.8910596840882786e-5  ‖vε - vref‖ = 1.1661768271960595  α = 4.05e-5
 182   -27.13958110741      -11.23       -3.93    4.24s
    ‖ρε - ρref‖ = 2.146200121117166e-5 ‖Δρ‖ = 2.1498587075415184e-5  ‖vε - vref‖ = 1.1662367639267328  α = 8.43e-5
 183   -27.13958110742      -11.24       -4.01    4.77s
    ‖ρε - ρref‖ = 1.8448261413723398e-5 ‖Δρ‖ = 1.82778323219525e-5  ‖vε - vref‖ = 1.1662959141524736  α = 9.74e-5
 184   -27.13958110743      -11.07       -3.88    3.92s
    ‖ρε - ρref‖ = 2.123631165522142e-5 ‖Δρ‖ = 2.119345993146534e-5  ‖vε - vref‖ = 1.1663836275112238  α = 0.000105
 185   -27.13958110743      -11.39       -3.53    3.83s
    ‖ρε - ρref‖ = 5.6016472475198214e-5 ‖Δρ‖ = 5.598468051967336e-5  ‖vε - vref‖ = 1.1664257923625305  α = 2.76e-5
 186   -27.13958110744      -11.18       -4.11    4.37s
    ‖ρε - ρref‖ = 1.4147238573175716e-5 ‖Δρ‖ = 1.4204843985338522e-5  ‖vε - vref‖ = 1.1664964058204468  α = 0.000136
 187   -27.13958110744      -11.66       -3.90    4.24s
    ‖ρε - ρref‖ = 2.9857662669358825e-5 ‖Δρ‖ = 2.9634425183709456e-5  ‖vε - vref‖ = 1.1665203000691329  α = 3.7e-5
 188   -27.13958110744      -11.42       -3.77    4.34s
    ‖ρε - ρref‖ = 3.3911083946672484e-5 ‖Δρ‖ = 3.411160325598556e-5  ‖vε - vref‖ = 1.1665634855464386  α = 3.87e-5
 189   -27.13958110744      -12.19       -3.25    4.22s
    ‖ρε - ρref‖ = 0.0001951424300189526 ‖Δρ‖ = 0.00019440960700024026  ‖vε - vref‖ = 1.1665698012071986  α = 2.79e-6
 190   -27.13958110745      -11.39       -3.92    3.89s
    ‖ρε - ρref‖ = 2.2848639586071258e-5 ‖Δρ‖ = 2.2734646654799782e-5  ‖vε - vref‖ = 1.1666158956399815  α = 6.52e-5
 191   -27.13958110745      -12.11       -3.35    3.71s
    ‖ρε - ρref‖ = 0.00014653632441449053 ‖Δρ‖ = 0.00014708129314543216  ‖vε - vref‖ = 1.1666250201243225  α = 3.79e-6
 192   -27.13958110745      -11.70       -3.65    4.69s
    ‖ρε - ρref‖ = 5.352800069530721e-5 ‖Δρ‖ = 5.3380843045787125e-5  ‖vε - vref‖ = 1.166647323222795  α = 1.88e-5
 193   -27.13958110745      -11.67       -3.94    4.82s
    ‖ρε - ρref‖ = 2.534369348189557e-5 ‖Δρ‖ = 2.5443186744250285e-5  ‖vε - vref‖ = 1.166672294311418  α = 4.21e-5
 194   -27.13958110746      -11.53       -4.05    4.78s
    ‖ρε - ρref‖ = 1.8821758180118366e-5 ‖Δρ‖ = 1.8770611902834485e-5  ‖vε - vref‖ = 1.1667077118805218  α = 6.85e-5
 195   -27.13958110746      -11.31       -3.95    4.45s
    ‖ρε - ρref‖ = 1.9451397658583397e-5 ‖Δρ‖ = 1.9277666596070428e-5  ‖vε - vref‖ = 1.1667675833367976  α = 8.77e-5
 196   -27.13958110746      -11.48       -4.19    4.63s
    ‖ρε - ρref‖ = 1.3465905290826709e-5 ‖Δρ‖ = 1.3620661960714572e-5  ‖vε - vref‖ = 1.1668067160714923  α = 9.9e-5
 197   -27.13958110747      -11.54       -3.88    4.50s
    ‖ρε - ρref‖ = 2.8017392428752356e-5 ‖Δρ‖ = 2.8025533600049214e-5  ‖vε - vref‖ = 1.1668416669439348  α = 4.58e-5
 198   -27.13958110747      -11.36       -3.83    4.77s
    ‖ρε - ρref‖ = 2.632282216032034e-5 ‖Δρ‖ = 2.622589582739545e-5  ‖vε - vref‖ = 1.166896183731865  α = 6.17e-5
 199   -27.13958110747      -11.63       -4.26    4.74s
    ‖ρε - ρref‖ = 1.3251678462232492e-5 ‖Δρ‖ = 1.2924686777859026e-5  ‖vε - vref‖ = 1.1669269871723262  α = 8.68e-5
 200   -27.13958110748      -11.60       -3.60    4.18s
    ‖ρε - ρref‖ = 5.7937637692904075e-5 ‖Δρ‖ = 5.85474766864064e-5  ‖vε - vref‖ = 1.1669602726733395  α = 1.81e-5
 201   -27.13958110748      -11.50       -2.90    4.65s
    ‖ρε - ρref‖ = 0.00027343136842722013 ‖Δρ‖ = 0.0002730257145399753  ‖vε - vref‖ = 1.1670009486142001  α = 4.83e-6
 202   -27.13958110748      -11.53       -3.83    4.48s
    ‖ρε - ρref‖ = 3.266084118444285e-5 ‖Δρ‖ = 3.243520375943151e-5  ‖vε - vref‖ = 1.1670389369860734  α = 3.8e-5
 203   -27.13958110748      -11.91       -3.13    4.28s
    ‖ρε - ρref‖ = 0.00020617915653563902 ‖Δρ‖ = 0.0002067354961515329  ‖vε - vref‖ = 1.1670535179661745  α = 3.31e-6
 204   -27.13958110748      -12.10       -4.12    4.76s
    ‖ρε - ρref‖ = 2.0757973175516763e-5 ‖Δρ‖ = 2.0626618234552614e-5  ‖vε - vref‖ = 1.167063894703736  α = 3.08e-5
 205   -27.13958110749      -11.81       -4.09    4.65s
    ‖ρε - ρref‖ = 1.7916292663436114e-5 ‖Δρ‖ = 1.7879098272938086e-5  ‖vε - vref‖ = 1.1670846242114923  α = 5.23e-5
 206   -27.13958110749      -11.69       -4.22    4.42s
    ‖ρε - ρref‖ = 1.383748256221754e-5 ‖Δρ‖ = 1.3681351573421849e-5  ‖vε - vref‖ = 1.1671132832660611  α = 7.65e-5
 207   -27.13958110749      -11.31       -3.99    3.92s
    ‖ρε - ρref‖ = 1.7774158922516897e-5 ‖Δρ‖ = 1.7637681980321374e-5  ‖vε - vref‖ = 1.1671806982212174  α = 9.46e-5
 208   -27.13958110750      -11.41       -4.08    4.61s
    ‖ρε - ρref‖ = 1.4417629150153097e-5 ‖Δρ‖ = 1.4592543487082914e-5  ‖vε - vref‖ = 1.1672329374405497  α = 0.000102
 209   -27.13958110750      -11.70       -3.89    4.10s
    ‖ρε - ρref‖ = 2.7598915540277772e-5 ‖Δρ‖ = 2.754797153053595e-5  ‖vε - vref‖ = 1.16726009991429  α = 3.86e-5
 210   -27.13958110750      -11.61       -3.97    3.60s
    ‖ρε - ρref‖ = 2.1141806767104917e-5 ‖Δρ‖ = 2.1009985155200698e-5  ‖vε - vref‖ = 1.1672949432111555  α = 5.7e-5
 211   -27.13958110750      -11.68       -4.12    4.44s
    ‖ρε - ρref‖ = 1.632190345788134e-5 ‖Δρ‖ = 1.5972233596991586e-5  ‖vε - vref‖ = 1.167324197879571  α = 6.64e-5
 212   -27.13958110750      -12.32       -3.41    4.43s
    ‖ρε - ρref‖ = 0.0001281491329300145 ‖Δρ‖ = 0.00012889821976428157  ‖vε - vref‖ = 1.1673303274903337  α = 3.56e-6
 213   -27.13958110750      -11.96       -3.69    4.77s
    ‖ρε - ρref‖ = 5.302446168081214e-5 ‖Δρ‖ = 5.303644359252121e-5  ‖vε - vref‖ = 1.1673470141031308  α = 1.43e-5
 214   -27.13958110750      -12.02       -4.15    4.66s
    ‖ρε - ρref‖ = 2.173150022071401e-5 ‖Δρ‖ = 2.120583316522779e-5  ‖vε - vref‖ = 1.167361919425355  α = 3.0e-5
 215   -27.13958110751      -11.50       -3.20    3.70s
    ‖ρε - ρref‖ = 0.00011740400230895 ‖Δρ‖ = 0.0001176455970616407  ‖vε - vref‖ = 1.1674077406023846  α = 1.04e-5
 216   -27.13958110751      -11.62       -4.03    4.06s
    ‖ρε - ρref‖ = 1.997286391384005e-5 ‖Δρ‖ = 1.9728067587980763e-5  ‖vε - vref‖ = 1.1674428876316174  α = 5.53e-5
 217   -27.13958110751      -11.60       -3.74    3.98s
    ‖ρε - ρref‖ = 3.8765536950526426e-5 ‖Δρ‖ = 3.8678343238281315e-5  ‖vε - vref‖ = 1.1674796350472938  α = 3.03e-5
 218   -27.13958110752      -11.47       -4.08    3.97s
    ‖ρε - ρref‖ = 1.527893431782831e-5 ‖Δρ‖ = 1.5291229788274414e-5  ‖vε - vref‖ = 1.1675301395123796  α = 9.17e-5
 219   -27.13958110752      -11.66       -3.88    3.90s
    ‖ρε - ρref‖ = 2.718836555972937e-5 ‖Δρ‖ = 2.7280279006088218e-5  ‖vε - vref‖ = 1.1675612136853042  α = 4.03e-5
 220   -27.13958110752      -11.69       -4.31    4.78s
    ‖ρε - ρref‖ = 9.940235955255083e-6 ‖Δρ‖ = 9.980955047017e-6  ‖vε - vref‖ = 1.1675906756648273  α = 0.000106
 221   -27.13958110752      -11.78       -4.16    4.01s
    ‖ρε - ρref‖ = 1.4468735958968558e-5 ‖Δρ‖ = 1.4325896548480232e-5  ‖vε - vref‖ = 1.1676152599082221  α = 6.76e-5
 222   -27.13958110752      -11.87       -3.94    4.13s
    ‖ρε - ρref‖ = 2.411119070265381e-5 ‖Δρ‖ = 2.4086170163446115e-5  ‖vε - vref‖ = 1.1676349991506711  α = 3.66e-5
 223   -27.13958110752      -12.11       -4.19    4.46s
    ‖ρε - ρref‖ = 1.712741879798862e-5 ‖Δρ‖ = 1.647215576191182e-5  ‖vε - vref‖ = 1.1676468062361558  α = 3.73e-5
 224   -27.13958110753      -11.94       -3.17    4.55s
    ‖ρε - ρref‖ = 0.00014716461998361634 ‖Δρ‖ = 0.00014756329766149931  ‖vε - vref‖ = 1.1676629383311037  α = 5.3e-6
 225   -27.13958110753      -11.89       -3.88    3.92s
    ‖ρε - ρref‖ = 3.0375326408507224e-5 ‖Δρ‖ = 3.055167879494314e-5  ‖vε - vref‖ = 1.1676829189305242  α = 2.7e-5
 226   -27.13958110753      -12.27       -3.73    4.01s
    ‖ρε - ρref‖ = 6.197441552940029e-5 ‖Δρ‖ = 6.139006778107744e-5  ‖vε - vref‖ = 1.1676917832977773  α = 7.54e-6
 227   -27.13958110753      -11.48       -3.47    3.90s
    ‖ρε - ρref‖ = 5.762248506567279e-5 ‖Δρ‖ = 5.762324470304016e-5  ‖vε - vref‖ = 1.1677409470849245  α = 2.26e-5
 228   -27.13958110753      -12.04       -4.39    4.16s
    ‖ρε - ρref‖ = 1.0321502902523034e-5 ‖Δρ‖ = 1.0155209921476049e-5  ‖vε - vref‖ = 1.1677545962901459  α = 6.54e-5
 229   -27.13958110753      -11.76       -4.00    4.48s
    ‖ρε - ρref‖ = 2.1880796618657572e-5 ‖Δρ‖ = 2.1885780561007978e-5  ‖vε - vref‖ = 1.167780794999489  α = 4.33e-5
 230   -27.13958110754      -11.52       -4.05    4.05s
    ‖ρε - ρref‖ = 1.6218723769775615e-5 ‖Δρ‖ = 1.6144072876816445e-5  ‖vε - vref‖ = 1.1678251034436202  α = 7.92e-5
 231   -27.13958110754      -11.81       -4.11    4.48s
    ‖ρε - ρref‖ = 1.7025880715058713e-5 ‖Δρ‖ = 1.704560944403528e-5  ‖vε - vref‖ = 1.1678478438863389  α = 5.49e-5
 232   -27.13958110754      -11.68       -4.12    4.50s
    ‖ρε - ρref‖ = 1.497701698004076e-5 ‖Δρ‖ = 1.5034431631622195e-5  ‖vε - vref‖ = 1.1678782762642383  α = 7.22e-5
 233   -27.13958110754      -11.74       -4.30    4.58s
    ‖ρε - ρref‖ = 1.0410128160473653e-5 ‖Δρ‖ = 1.0119773467487721e-5  ‖vε - vref‖ = 1.1679052678272779  α = 0.0001
 234   -27.13958110754      -11.77       -3.91    3.73s
    ‖ρε - ρref‖ = 2.486300122612569e-5 ‖Δρ‖ = 2.4955217308435692e-5  ‖vε - vref‖ = 1.1679289871728087  α = 3.95e-5
 235   -27.13958110754      -12.55       -3.66    4.14s
    ‖ρε - ρref‖ = 8.02267005403734e-5 ‖Δρ‖ = 7.949949682627637e-5  ‖vε - vref‖ = 1.1679334473954415  α = 4.65e-6
 236   -27.13958110755      -11.60       -3.68    3.80s
    ‖ρε - ρref‖ = 3.759529387025931e-5 ‖Δρ‖ = 3.779519818803793e-5  ‖vε - vref‖ = 1.1679675404151628  α = 3.21e-5
 237   -27.13958110755      -12.21       -3.82    3.92s
    ‖ρε - ρref‖ = 4.178213176278426e-5 ‖Δρ‖ = 4.232328623068945e-5  ‖vε - vref‖ = 1.167976161339484  α = 1.25e-5
 238   -27.13958110755      -12.32       -3.47    4.19s
    ‖ρε - ρref‖ = 9.722552213602404e-5 ‖Δρ‖ = 9.693840166825492e-5  ‖vε - vref‖ = 1.167982689700896  α = 4.77e-6
 239   -27.13958110755      -11.54       -4.05    4.64s
    ‖ρε - ρref‖ = 1.4664093241134617e-5 ‖Δρ‖ = 1.4496438964822809e-5  ‖vε - vref‖ = 1.1680224223064601  α = 8.63e-5
 240   -27.13958110755      -11.91       -4.16    4.36s
    ‖ρε - ρref‖ = 1.5701011991482342e-5 ‖Δρ‖ = 1.546657538714641e-5  ‖vε - vref‖ = 1.168038798401521  α = 5.01e-5
 241   -27.13958110755      -11.99       -3.94    4.62s
    ‖ρε - ρref‖ = 2.675695337851954e-5 ‖Δρ‖ = 2.6700914695049882e-5  ‖vε - vref‖ = 1.1680521594640696  α = 2.75e-5
 242   -27.13958110755      -11.84       -4.24    4.64s
    ‖ρε - ρref‖ = 1.0394546018675456e-5 ‖Δρ‖ = 1.0288272328744831e-5  ‖vε - vref‖ = 1.1680709035080403  α = 8.88e-5
 243   -27.13958110756      -11.92       -4.28    4.50s
    ‖ρε - ρref‖ = 1.1149868320311574e-5 ‖Δρ‖ = 1.1116637359054206e-5  ‖vε - vref‖ = 1.168086043648167  α = 7.46e-5
 244   -27.13958110756      -11.88       -4.18    3.96s
    ‖ρε - ρref‖ = 1.4007739272846254e-5 ‖Δρ‖ = 1.4026630370444553e-5  ‖vε - vref‖ = 1.168102312457513  α = 6.04e-5
 245   -27.13958110756      -11.61       -4.28    3.79s
    ‖ρε - ρref‖ = 9.487892080624947e-6 ‖Δρ‖ = 9.373599090507246e-6  ‖vε - vref‖ = 1.1681312062723093  α = 0.000125
 246   -27.13958110756      -12.35       -3.92    3.96s
    ‖ρε - ρref‖ = 3.470508659386956e-5 ‖Δρ‖ = 3.533793925875528e-5  ‖vε - vref‖ = 1.168136468667248  α = 1.34e-5
 247   -27.13958110756      -12.28       -3.38    4.37s
    ‖ρε - ρref‖ = 0.0001119266605896658 ‖Δρ‖ = 0.00011155078582382944  ‖vε - vref‖ = 1.1681422016227687  α = 4.62e-6
 248   -27.13958110756      -11.90       -4.21    3.75s
    ‖ρε - ρref‖ = 1.2411412392217451e-5 ‖Δρ‖ = 1.2214085639188216e-5  ‖vε - vref‖ = 1.168156874907066  α = 6.94e-5
 249   -27.13958110756      -12.49       -3.54    4.49s
    ‖ρε - ρref‖ = 9.109496120461771e-5 ‖Δρ‖ = 9.168043099065173e-5  ‖vε - vref‖ = 1.1681606449343436  α = 3.98e-6
 250   -27.13958110756      -12.16       -3.79    4.17s
    ‖ρε - ρref‖ = 3.8074692521658876e-5 ‖Δρ‖ = 3.801133246485075e-5  ‖vε - vref‖ = 1.1681686195690297  α = 1.58e-5
 251   -27.13958110756      -11.87       -4.15    3.71s
    ‖ρε - ρref‖ = 1.3305049358509371e-5 ‖Δρ‖ = 1.2966448467495417e-5  ‖vε - vref‖ = 1.1681832473891829  α = 6.51e-5
 252   -27.13958110756      -12.09       -4.30    4.35s
    ‖ρε - ρref‖ = 1.0804250694633572e-5 ‖Δρ‖ = 1.0697182898521538e-5  ‖vε - vref‖ = 1.1681920670967516  α = 6.18e-5
 253   -27.13958110757      -12.21       -4.04    3.81s
    ‖ρε - ρref‖ = 2.219993654422898e-5 ‖Δρ‖ = 2.2320951861019915e-5  ‖vε - vref‖ = 1.1681980336245308  α = 2.52e-5
 254   -27.13958110757      -11.98       -4.50    4.71s
    ‖ρε - ρref‖ = 6.385479328677157e-6 ‖Δρ‖ = 6.317807137319688e-6  ‖vε - vref‖ = 1.1682084113929145  α = 0.000118
 255   -27.13958110757      -11.97       -4.40    4.24s
    ‖ρε - ρref‖ = 8.706789012622037e-6 ‖Δρ‖ = 8.514630149839282e-6  ‖vε - vref‖ = 1.1682183405231699  α = 8.89e-5
 256   -27.13958110757      -11.97       -4.18    4.28s
    ‖ρε - ρref‖ = 1.421673832999197e-5 ‖Δρ‖ = 1.4111690646310787e-5  ‖vε - vref‖ = 1.1682279564030538  α = 5.53e-5
 257   -27.13958110757      -11.88       -4.30    4.18s
    ‖ρε - ρref‖ = 9.877013171385896e-6 ‖Δρ‖ = 9.619550414830507e-6  ‖vε - vref‖ = 1.1682392162139301  α = 8.91e-5
 258   -27.13958110757      -12.65       -3.51    4.06s
    ‖ρε - ρref‖ = 0.00010454075978569151 ‖Δρ‖ = 0.00010529036110592102  ‖vε - vref‖ = 1.1682406999444679  α = 3.03e-6
 259   -27.13958110757      -12.05       -3.99    4.49s
    ‖ρε - ρref‖ = 2.3237099923675723e-5 ‖Δρ‖ = 2.3297259413561793e-5  ‖vε - vref‖ = 1.1682474523883097  α = 3.0e-5
 260   -27.13958110757      -12.36       -4.03    3.90s
    ‖ρε - ρref‖ = 2.4467059542738044e-5 ‖Δρ‖ = 2.3973765382366873e-5  ‖vε - vref‖ = 1.1682510696132191  α = 1.81e-5
 261   -27.13958110757      -12.24       -3.39    4.53s
    ‖ρε - ρref‖ = 9.35199435403022e-5 ‖Δρ‖ = 9.382466511084977e-5  ‖vε - vref‖ = 1.168255152537316  α = 5.8e-6
 262   -27.13958110757      -12.50       -4.17    4.19s
    ‖ρε - ρref‖ = 1.792969507859208e-5 ‖Δρ‖ = 1.794278843410938e-5  ‖vε - vref‖ = 1.1682574198572426  α = 2.29e-5
 263   -27.13958110757      -12.11       -4.37    3.79s
    ‖ρε - ρref‖ = 8.736064224675646e-6 ‖Δρ‖ = 8.48462616207319e-6  ‖vε - vref‖ = 1.1682627062236701  α = 7.72e-5
 264   -27.13958110757      -12.23       -4.36    4.23s
    ‖ρε - ρref‖ = 9.20427334422601e-6 ‖Δρ‖ = 9.102752298166112e-6  ‖vε - vref‖ = 1.1682660922928851  α = 6.02e-5
 265   -27.13958110757      -12.46       -4.16    4.51s
    ‖ρε - ρref‖ = 1.74175985338655e-5 ‖Δρ‖ = 1.751104962262042e-5  ‖vε - vref‖ = 1.1682679446640125  α = 2.39e-5
 266   -27.13958110758      -11.60       -4.65    4.18s
    ‖ρε - ρref‖ = 3.4069591166028262e-6 ‖Δρ‖ = 3.1994731246160178e-6  ‖vε - vref‖ = 1.1682804812896954  α = 0.000371
 267   -27.13958110758      -12.14       -4.23    4.29s
    ‖ρε - ρref‖ = 1.3933747480882294e-5 ‖Δρ‖ = 1.3779913639496152e-5  ‖vε - vref‖ = 1.1682834102404718  α = 4.29e-5
 268   -27.13958110758      -12.34       -4.38    3.74s
    ‖ρε - ρref‖ = 9.534364181726792e-6 ‖Δρ‖ = 9.414623505931208e-6  ‖vε - vref‖ = 1.1682852712128695  α = 5.48e-5
 269   -27.13958110758      -12.87       -4.34    3.75s
    ‖ρε - ρref‖ = 1.7011829163100058e-5 ‖Δρ‖ = 1.620965866331752e-5  ‖vε - vref‖ = 1.1682858258693682  α = 1.48e-5
 270   -27.13958110758      -12.04       -3.67    4.03s
    ‖ρε - ρref‖ = 4.0316753869924695e-5 ‖Δρ‖ = 4.0434238615702534e-5  ‖vε - vref‖ = 1.1682885673899237  α = 1.78e-5
 271   -27.13958110758      -12.15       -4.06    4.16s
    ‖ρε - ρref‖ = 1.933301518458384e-5 ‖Δρ‖ = 1.9690925028302088e-5  ‖vε - vref‖ = 1.168290657866195  α = 3.08e-5
 272   -27.13958110758      -12.60       -3.54    3.65s
    ‖ρε - ρref‖ = 9.085307908082074e-5 ‖Δρ‖ = 9.041510775386365e-5  ‖vε - vref‖ = 1.1682911318353617  α = 3.71e-6
 273   -27.13958110758      -12.04       -4.02    4.14s
    ‖ρε - ρref‖ = 1.9391507573709738e-5 ‖Δρ‖ = 1.946212557921178e-5  ‖vε - vref‖ = 1.1682932005309001  α = 3.66e-5
 274   -27.13958110758      -12.20       -4.05    4.48s
    ‖ρε - ρref‖ = 2.110715706210631e-5 ‖Δρ‖ = 2.1220737664128237e-5  ‖vε - vref‖ = 1.1682944156808353  α = 2.72e-5
 275   -27.13958110758      -11.86       -4.28    4.12s
    ‖ρε - ρref‖ = 1.0533871068599487e-5 ‖Δρ‖ = 1.0339674988373055e-5  ‖vε - vref‖ = 1.168297276690076  α = 8.44e-5
 276   -27.13958110758      -12.31       -4.31    3.88s
    ‖ρε - ρref‖ = 1.214125012105813e-5 ‖Δρ‖ = 1.2017519929321817e-5  ‖vε - vref‖ = 1.1682982719812398  α = 4.17e-5
 277   -27.13958110758      -12.04       -4.08    4.36s
    ‖ρε - ρref‖ = 1.5526540486302636e-5 ‖Δρ‖ = 1.5583878618091236e-5  ‖vε - vref‖ = 1.1682994634357478  α = 4.55e-5
 278   -27.13958110759      -11.87       -4.35    4.69s
    ‖ρε - ρref‖ = 8.140663976971517e-6 ‖Δρ‖ = 7.821040975706408e-6  ‖vε - vref‖ = 1.1683011271974182  α = 0.000109
 279   -27.13958110759      -12.13       -4.54    4.30s
    ‖ρε - ρref‖ = 6.666611051668935e-6 ‖Δρ‖ = 6.443073362512406e-6  ‖vε - vref‖ = 1.1683013035738639  α = 9.82e-5
 280   -27.13958110759      -12.07       -4.21    4.04s
    ‖ρε - ρref‖ = 1.3116538383255738e-5 ‖Δρ‖ = 1.3477173786632293e-5  ‖vε - vref‖ = 1.168301162569471  α = 4.9e-5
 281   -27.13958110759      -12.52       -3.38    4.19s
    ‖ρε - ρref‖ = 0.00012711400458808252 ‖Δρ‖ = 0.00012650130291475597  ‖vε - vref‖ = 1.1683008421397285  α = 2.91e-6
 282   -27.13958110759      -12.04       -4.23    3.85s
    ‖ρε - ρref‖ = 1.2360506582252641e-5 ‖Δρ‖ = 1.23483750679173e-5  ‖vε - vref‖ = 1.1682997499939978  α = 5.82e-5
 283   -27.13958110759      -12.79       -3.92    4.81s
    ‖ρε - ρref‖ = 4.182249314394943e-5 ‖Δρ‖ = 4.248992888590856e-5  ‖vε - vref‖ = 1.1682996073256795  α = 5.96e-6
 284   -27.13958110759      -12.18       -3.76    4.31s
    ‖ρε - ρref‖ = 3.601709407856839e-5 ‖Δρ‖ = 3.6009296625963816e-5  ‖vε - vref‖ = 1.1682984991154104  α = 1.65e-5
 285   -27.13958110759      -12.18       -4.11    4.04s
    ‖ρε - ρref‖ = 1.7287494275011757e-5 ‖Δρ‖ = 1.7169994130825947e-5  ‖vε - vref‖ = 1.1682974561221766  α = 3.55e-5
 286   -27.13958110759      -12.46       -4.15    4.27s
    ‖ρε - ρref‖ = 1.7188362461381773e-5 ‖Δρ‖ = 1.7169730493496894e-5  ‖vε - vref‖ = 1.16829677291773  α = 2.53e-5
 287   -27.13958110759      -11.92       -4.52    4.02s
    ‖ρε - ρref‖ = 5.541568309339862e-6 ‖Δρ‖ = 5.283977552887709e-6  ‖vε - vref‖ = 1.1682942364230178  α = 0.000156
 288   -27.13958110759      -12.30       -4.15    3.78s
    ‖ρε - ρref‖ = 1.7413001913185353e-5 ‖Δρ‖ = 1.7325908192049615e-5  ‖vε - vref‖ = 1.1682928244655744  α = 2.93e-5
 289   -27.13958110759      -12.01       -4.16    4.38s
    ‖ρε - ρref‖ = 1.287631726405853e-5 ‖Δρ‖ = 1.3032899027311904e-5  ‖vε - vref‖ = 1.1682898486928583  α = 5.63e-5
 290   -27.13958110759      -11.98       -4.40    4.73s
    ‖ρε - ρref‖ = 7.381498696644278e-6 ‖Δρ‖ = 7.089395866718609e-6  ‖vε - vref‖ = 1.1682867022596974  α = 0.000105
 291   -27.13958110759      -12.14       -4.42    4.20s
    ‖ρε - ρref‖ = 7.934859256740865e-6 ‖Δρ‖ = 7.658797498415523e-6  ‖vε - vref‖ = 1.1682838975934433  α = 7.97e-5
 292   -27.13958110759      -13.34       -4.02    4.77s
    ‖ρε - ρref‖ = 3.645178370114494e-5 ‖Δρ‖ = 3.719266941856894e-5  ‖vε - vref‖ = 1.1682836221794404  α = 4.41e-6
 293   -27.13958110759      -12.44       -4.10    4.67s
    ‖ρε - ρref‖ = 1.8925735485745206e-5 ‖Δρ‖ = 1.8842132054068164e-5  ‖vε - vref‖ = 1.168281862382427  α = 2.33e-5
 294   -27.13958110759      -12.54       -4.39    4.38s
    ‖ρε - ρref‖ = 1.0255860652769575e-5 ‖Δρ‖ = 9.801812998783017e-6  ‖vε - vref‖ = 1.168280564775292  α = 3.83e-5
 295   -27.13958110760      -12.47       -3.46    3.97s
    ‖ρε - ρref‖ = 7.758859678537737e-5 ‖Δρ‖ = 7.800340407673982e-5  ‖vε - vref‖ = 1.168278438323033  α = 5.14e-6
 296   -27.13958110760      -12.34       -4.18    4.19s
    ‖ρε - ρref‖ = 1.3495793713882903e-5 ‖Δρ‖ = 1.355250198225106e-5  ‖vε - vref‖ = 1.1682758722160689  α = 3.59e-5
 297   -27.13958110760      -12.27       -4.13    3.93s
    ‖ρε - ρref‖ = 1.3859283685427218e-5 ‖Δρ‖ = 1.3724893966513574e-5  ‖vε - vref‖ = 1.1682724236025646  α = 4.16e-5
 298   -27.13958110760      -12.40       -4.14    3.94s
    ‖ρε - ρref‖ = 1.6343614755680073e-5 ‖Δρ‖ = 1.635821583281634e-5  ‖vε - vref‖ = 1.1682699546838764  α = 2.79e-5
 299   -27.13958110760      -12.29       -4.52    4.77s
    ‖ρε - ρref‖ = 6.368205144150005e-6 ‖Δρ‖ = 6.352685442586781e-6  ‖vε - vref‖ = 1.16826622956305  α = 8.59e-5
 300   -27.13958110760      -12.52       -4.42    3.79s
    ‖ρε - ρref‖ = 1.0536602008240843e-5 ‖Δρ‖ = 1.0410861500568907e-5  ‖vε - vref‖ = 1.1682641793966033  α = 3.61e-5
Trying again with Newton's method ...
n     Energy            log10(ΔE)   log10(Δρ)   Δtime 
---   ---------------   ---------   ---------   ------
  1   -27.13958110761                   -7.64     343s
    ‖ρε - ρref‖ = 1.246772807973682e-6 ‖Δρ‖ = 2.460369858469586e-9  ‖vε - vref‖ = 1.1679916780797217
  2   -27.13958110761      -11.42       -7.88     339s
    ‖ρε - ρref‖ = 1.246809717099295e-6 ‖Δρ‖ = 1.4417934253747702e-9  ‖vε - vref‖ = 1.1679472255008336
    Stopping to avoid numerical instabilities.

#-- ‖ρε - ρref‖ = 1.246809717099295e-6 vs. 3.162277660168379e-9 = δ*ε ‖vε - vref‖ = 1.1679472255008336


# --- ε=1.7782794100389227e-7

n     Energy            log10(ΔE)   log10(Δρ)   Δtime 
---   ---------------   ---------   ---------   ------
  1   -27.13957910920                   -0.11    6.90s
    ‖ρε - ρref‖ = 0.39553729260717135 ‖Δρ‖ = 0.3955367370684927  ‖vε - vref‖ = 2.385687796210756  α = 1.22e-6
  2   -27.13957918734       -7.11       -1.05    3.87s
    ‖ρε - ρref‖ = 0.034681135818305495 ‖Δρ‖ = 0.03468100067372691  ‖vε - vref‖ = 2.1333801460412887  α = 4.05e-6
  3   -27.13957926505       -7.11       -0.89    4.07s
    ‖ρε - ρref‖ = 0.05170785670358868 ‖Δρ‖ = 0.0517076432293938  ‖vε - vref‖ = 1.8078966846559534  α = 2.9e-6
  4   -27.13957932749       -7.20       -1.44    4.12s
    ‖ρε - ρref‖ = 0.009135047159574904 ‖Δρ‖ = 0.009134889817502719  ‖vε - vref‖ = 1.5767616761737666  α = 1.51e-5
  5   -27.13957934761       -7.70       -1.94    4.49s
    ‖ρε - ρref‖ = 0.0030846061228255077 ‖Δρ‖ = 0.003084460687433391  ‖vε - vref‖ = 1.5064056992463872  α = 2.45e-5
  6   -27.13957937534       -7.56       -1.62    3.55s
    ‖ρε - ρref‖ = 0.004983940259247127 ‖Δρ‖ = 0.004983793741490635  ‖vε - vref‖ = 1.3879533539392988  α = 1.85e-5
  7   -27.13957938478       -8.03       -2.04    3.67s
    ‖ρε - ρref‖ = 0.0021055335446376502 ‖Δρ‖ = 0.0021054794795468514  ‖vε - vref‖ = 1.3440548907731764  α = 2.53e-5
  8   -27.13957938768       -8.54       -2.23    3.98s
    ‖ρε - ρref‖ = 0.001498675732440675 ‖Δρ‖ = 0.0014986540690966603  ‖vε - vref‖ = 1.3316985153152625  α = 2.02e-5
  9   -27.13957939231       -8.33       -2.37    4.32s
    ‖ρε - ρref‖ = 0.0009335998747169963 ‖Δρ‖ = 0.0009335427052080578  ‖vε - vref‖ = 1.3109339936880404  α = 4.06e-5
 10   -27.13957939471       -8.62       -2.34    4.31s
    ‖ρε - ρref‖ = 0.0011156305182584735 ‖Δρ‖ = 0.0011155992980745578  ‖vε - vref‖ = 1.3005921426382863  α = 2.47e-5
 11   -27.13957939914       -8.35       -2.51    3.87s
    ‖ρε - ρref‖ = 0.0006405862208565282 ‖Δρ‖ = 0.0006404971053109898  ‖vε - vref‖ = 1.28148942081718  α = 5.71e-5
 12   -27.13957939944       -9.53       -2.16    4.60s
    ‖ρε - ρref‖ = 0.0032457605843973967 ‖Δρ‖ = 0.0032463048437048098  ‖vε - vref‖ = 1.2803182200521641  α = 2.57e-6
 13   -27.13957940169       -8.65       -2.20    4.62s
    ‖ρε - ρref‖ = 0.001505603051186598 ‖Δρ‖ = 0.0015054983904286812  ‖vε - vref‖ = 1.269858620010535  α = 1.79e-5
 14   -27.13957940193       -9.61       -1.99    4.53s
    ‖ρε - ρref‖ = 0.004806015643967763 ‖Δρ‖ = 0.004805993734877111  ‖vε - vref‖ = 1.2684999222213682  α = 1.51e-6
 15   -27.13957940431       -8.62       -2.63    3.96s
    ‖ρε - ρref‖ = 0.0004546287759168585 ‖Δρ‖ = 0.00045454628286510163  ‖vε - vref‖ = 1.2585511145012553  α = 6.06e-5
 16   -27.13957940520       -9.05       -2.60    3.65s
    ‖ρε - ρref‖ = 0.0007389993645577282 ‖Δρ‖ = 0.000739045978137082  ‖vε - vref‖ = 1.2545943322939856  α = 2.18e-5
 17   -27.13957940675       -8.81       -2.37    4.70s
    ‖ρε - ρref‖ = 0.0009599536269284596 ‖Δρ‖ = 0.0009598732672836756  ‖vε - vref‖ = 1.2481901514928158  α = 2.32e-5
 18   -27.13957940781       -8.97       -2.69    4.17s
    ‖ρε - ρref‖ = 0.0005127131553156904 ‖Δρ‖ = 0.0005126790039223829  ‖vε - vref‖ = 1.2451387574714792  α = 3.39e-5
 19   -27.13957941006       -8.65       -2.25    4.24s
    ‖ρε - ρref‖ = 0.0011409626392962949 ‖Δρ‖ = 0.0011409133092504927  ‖vε - vref‖ = 1.235187359236442  α = 2.32e-5
 20   -27.13957941148       -8.85       -2.67    4.47s
    ‖ρε - ρref‖ = 0.00041695361946400414 ‖Δρ‖ = 0.0004169501447068378  ‖vε - vref‖ = 1.2296853568370427  α = 5.01e-5
 21   -27.13957941321       -8.76       -2.37    4.63s
    ‖ρε - ρref‖ = 0.0008255852241983846 ‖Δρ‖ = 0.0008255358018780298  ‖vε - vref‖ = 1.2232327638116893  α = 2.88e-5
 22   -27.13957941447       -8.90       -2.42    3.88s
    ‖ρε - ρref‖ = 0.0008264763226748785 ‖Δρ‖ = 0.000826415827998695  ‖vε - vref‖ = 1.2175242435630798  α = 2.36e-5
 23   -27.13957941553       -8.97       -2.75    4.37s
    ‖ρε - ρref‖ = 0.0004064958151310356 ‖Δρ‖ = 0.000406466823842223  ‖vε - vref‖ = 1.213538120379359  α = 4.52e-5
 24   -27.13957941785       -8.63       -2.45    4.22s
    ‖ρε - ρref‖ = 0.0006070994167353377 ‖Δρ‖ = 0.0006070414955139906  ‖vε - vref‖ = 1.204681848217419  α = 4.55e-5
 25   -27.13957941794      -10.07       -2.16    4.48s
    ‖ρε - ρref‖ = 0.002822604962216271 ‖Δρ‖ = 0.0028230862621403015  ‖vε - vref‖ = 1.204338664123017  α = 1.64e-6
 26   -27.13957941855       -9.21       -2.70    4.19s
    ‖ρε - ρref‖ = 0.0004759457982178517 ‖Δρ‖ = 0.00047584729941199644  ‖vε - vref‖ = 1.2024983248907726  α = 2.79e-5
 27   -27.13957941877       -9.67       -1.94    3.70s
    ‖ρε - ρref‖ = 0.003991590184448619 ‖Δρ‖ = 0.003991294153974792  ‖vε - vref‖ = 1.2012114279248312  α = 1.79e-6
 28   -27.13957942013       -8.87       -2.87    3.77s
    ‖ρε - ρref‖ = 0.0002600721724756853 ‖Δρ‖ = 0.00026009917260256344  ‖vε - vref‖ = 1.1966710100549574  α = 7.92e-5
 29   -27.13957942087       -9.13       -2.36    4.00s
    ‖ρε - ρref‖ = 0.0010236444057845028 ‖Δρ‖ = 0.001023558127721369  ‖vε - vref‖ = 1.193967874991795  α = 1.47e-5
 30   -27.13957942251       -8.79       -2.52    3.76s
    ‖ρε - ρref‖ = 0.0005889386094327037 ‖Δρ‖ = 0.0005889440458791306  ‖vε - vref‖ = 1.18792786244067  α = 3.91e-5
 31   -27.13957942316       -9.19       -2.51    4.75s
    ‖ρε - ρref‖ = 0.0007958358716260138 ‖Δρ‖ = 0.0007957725881652014  ‖vε - vref‖ = 1.186149657269757  α = 1.72e-5
 32   -27.13957942438       -8.92       -2.47    4.42s
    ‖ρε - ρref‖ = 0.0006931179934286615 ‖Δρ‖ = 0.0006929920238097084  ‖vε - vref‖ = 1.1816862203456213  α = 2.68e-5
 33   -27.13957942557       -8.92       -2.71    3.74s
    ‖ρε - ρref‖ = 0.000349664324162777 ‖Δρ‖ = 0.0003496857451419516  ‖vε - vref‖ = 1.1772280405623037  α = 5.62e-5
 34   -27.13957942614       -9.25       -2.47    3.92s
    ‖ρε - ρref‖ = 0.0007413743222146124 ‖Δρ‖ = 0.0007414145729819087  ‖vε - vref‖ = 1.1753470454959598  α = 1.83e-5
 35   -27.13957942692       -9.11       -2.71    4.13s
    ‖ρε - ρref‖ = 0.0003647315426559801 ‖Δρ‖ = 0.00036472254158421307  ‖vε - vref‖ = 1.1726886319768155  α = 4.37e-5
 36   -27.13957942769       -9.11       -2.70    4.51s
    ‖ρε - ρref‖ = 0.0004329920273367257 ‖Δρ‖ = 0.00043302493458084236  ‖vε - vref‖ = 1.1702946422563447  α = 3.55e-5
 37   -27.13957942782       -9.89       -2.23    4.94s
    ‖ρε - ρref‖ = 0.002178386176468504 ‖Δρ‖ = 0.002177883780573006  ‖vε - vref‖ = 1.170071002545666  α = 2.63e-6
 38   -27.13957942885       -8.99       -2.26    4.59s
    ‖ρε - ρref‖ = 0.0010258881475053393 ‖Δρ‖ = 0.001025841365886529  ‖vε - vref‖ = 1.16652455066292  α = 1.75e-5
 39   -27.13957942893      -10.08       -2.30    3.96s
    ‖ρε - ρref‖ = 0.0021336043956381064 ‖Δρ‖ = 0.0021338610000699535  ‖vε - vref‖ = 1.166193667651302  α = 1.94e-6
 40   -27.13957942967       -9.13       -2.65    4.12s
    ‖ρε - ρref‖ = 0.00044541140413148137 ‖Δρ‖ = 0.000445447773311672  ‖vε - vref‖ = 1.1641316952032468  α = 3.39e-5
 41   -27.13957943034       -9.17       -2.78    4.08s
    ‖ρε - ρref‖ = 0.00034715968996572387 ‖Δρ‖ = 0.00034702092556420944  ‖vε - vref‖ = 1.1616646442003165  α = 3.99e-5
 42   -27.13957943070       -9.45       -2.41    3.80s
    ‖ρε - ρref‖ = 0.0009075873221259695 ‖Δρ‖ = 0.0009075920280581539  ‖vε - vref‖ = 1.1605379100511948  α = 1.16e-5
 43   -27.13957943169       -9.00       -2.97    3.89s
    ‖ρε - ρref‖ = 0.0001834972478282356 ‖Δρ‖ = 0.00018342280213342704  ‖vε - vref‖ = 1.1580755042330215  α = 9.57e-5
 44   -27.13957943249       -9.10       -2.16    4.07s
    ‖ρε - ρref‖ = 0.001251088409878427 ‖Δρ‖ = 0.001251027950841938  ‖vε - vref‖ = 1.1551016229106363  α = 1.23e-5
 45   -27.13957943307       -9.24       -2.88    4.01s
    ‖ρε - ρref‖ = 0.0002687339678938671 ‖Δρ‖ = 0.00026883338490283064  ‖vε - vref‖ = 1.153362836707689  α = 4.94e-5
 46   -27.13957943363       -9.25       -2.76    4.67s
    ‖ρε - ρref‖ = 0.00032701932683459846 ‖Δρ‖ = 0.00032702403549679206  ‖vε - vref‖ = 1.1516888007267239  α = 4.11e-5
 47   -27.13957943433       -9.16       -2.47    3.88s
    ‖ρε - ρref‖ = 0.0006022409275631839 ‖Δρ‖ = 0.0006021621607666082  ‖vε - vref‖ = 1.149683056309148  α = 2.5e-5
 48   -27.13957943466       -9.48       -2.80    4.25s
    ‖ρε - ρref‖ = 0.0003264020317718002 ‖Δρ‖ = 0.00032647479135085224  ‖vε - vref‖ = 1.1486703463463535  α = 3.16e-5
 49   -27.13957943471      -10.27       -2.27    4.32s
    ‖ρε - ρref‖ = 0.0019635849804800335 ‖Δρ‖ = 0.0019631063819021467  ‖vε - vref‖ = 1.1485301001356663  α = 1.87e-6
 50   -27.13957943508       -9.43       -2.69    3.99s
    ‖ρε - ρref‖ = 0.00045167177795966685 ‖Δρ‖ = 0.0004516679655087849  ‖vε - vref‖ = 1.1475076557695691  α = 2.35e-5
 51   -27.13957943514      -10.24       -2.39    4.76s
    ‖ρε - ρref‖ = 0.0015513892044596923 ‖Δρ‖ = 0.0015516654363467984  ‖vε - vref‖ = 1.1474045501401295  α = 2.26e-6
 52   -27.13957943560       -9.34       -2.61    4.65s
    ‖ρε - ρref‖ = 0.00047016787183446585 ‖Δρ‖ = 0.00047017921772799713  ‖vε - vref‖ = 1.1459472661468397  α = 2.55e-5
 53   -27.13957943597       -9.44       -2.94    4.34s
    ‖ρε - ρref‖ = 0.00020025247356739452 ‖Δρ‖ = 0.00020010894661487611  ‖vε - vref‖ = 1.145111593276224  α = 5.35e-5
 54   -27.13957943615       -9.74       -2.68    4.44s
    ‖ρε - ρref‖ = 0.000480314950461734 ‖Δρ‖ = 0.00048035777584170235  ‖vε - vref‖ = 1.1445226786885225  α = 1.52e-5
 55   -27.13957943660       -9.34       -2.75    3.88s
    ‖ρε - ρref‖ = 0.00030419118987311955 ‖Δρ‖ = 0.0003041726598884807  ‖vε - vref‖ = 1.1434836411969858  α = 4.01e-5
 56   -27.13957943679       -9.73       -2.79    3.86s
    ‖ρε - ρref‖ = 0.0003897096460694855 ‖Δρ‖ = 0.0003896880335509636  ‖vε - vref‖ = 1.1431164707655062  α = 1.85e-5
 57   -27.13957943729       -9.30       -2.71    3.76s
    ‖ρε - ρref‖ = 0.0003449073435487974 ‖Δρ‖ = 0.0003448771785958021  ‖vε - vref‖ = 1.1418709673444127  α = 3.47e-5
 58   -27.13957943775       -9.34       -2.82    4.10s
    ‖ρε - ρref‖ = 0.00025181311638411755 ‖Δρ‖ = 0.00025180595956682397  ‖vε - vref‖ = 1.1405487269992511  α = 4.85e-5
 59   -27.13957943804       -9.53       -2.80    3.91s
    ‖ρε - ρref‖ = 0.0002984321638604114 ‖Δρ‖ = 0.0002983906641048562  ‖vε - vref‖ = 1.1398326861451058  α = 3.29e-5
 60   -27.13957943835       -9.52       -2.65    4.60s
    ‖ρε - ρref‖ = 0.00043860579320246655 ‖Δρ‖ = 0.0004386518782915002  ‖vε - vref‖ = 1.139087912924198  α = 2.23e-5
 61   -27.13957943837      -10.73       -2.57    3.76s
    ‖ρε - ρref‖ = 0.0011060319526283884 ‖Δρ‖ = 0.001105565914104751  ‖vε - vref‖ = 1.1390357296298166  α = 1.96e-6
 62   -27.13957943867       -9.51       -2.90    3.91s
    ‖ρε - ρref‖ = 0.00021558169911148066 ‖Δρ‖ = 0.0002156119775704881  ‖vε - vref‖ = 1.1385628647847197  α = 4.53e-5
 63   -27.13957943874      -10.18       -2.24    4.20s
    ‖ρε - ρref‖ = 0.0016805587913841964 ‖Δρ‖ = 0.0016808507638805883  ‖vε - vref‖ = 1.1383333320502018  α = 2.26e-6
 64   -27.13957943903       -9.54       -2.45    4.78s
    ‖ρε - ρref‖ = 0.0006200353390751061 ‖Δρ‖ = 0.0006200199676104671  ‖vε - vref‖ = 1.1375226712909736  α = 1.53e-5
 65   -27.13957943926       -9.64       -3.08    4.26s
    ‖ρε - ρref‖ = 0.00015097446895405908 ‖Δρ‖ = 0.000150793793446189  ‖vε - vref‖ = 1.1370646281027337  α = 5.68e-5
 66   -27.13957943941       -9.82       -2.98    3.72s
    ‖ρε - ρref‖ = 0.0002214820540993769 ‖Δρ‖ = 0.0002215391354812173  ‖vε - vref‖ = 1.1367909472558713  α = 3.0e-5
 67   -27.13957943959       -9.76       -2.61    4.05s
    ‖ρε - ρref‖ = 0.000456410929465112 ‖Δρ‖ = 0.00045637334613385437  ‖vε - vref‖ = 1.1363837879602658  α = 1.65e-5
 68   -27.13957943974       -9.81       -3.06    4.35s
    ‖ρε - ρref‖ = 0.0001730006576186984 ‖Δρ‖ = 0.00017299947498567955  ‖vε - vref‖ = 1.1361465665070827  α = 4.03e-5
 69   -27.13957943989       -9.84       -2.72    4.15s
    ‖ρε - ρref‖ = 0.00039612480528111266 ‖Δρ‖ = 0.0003961190218410534  ‖vε - vref‖ = 1.1359640358454535  α = 1.59e-5
 70   -27.13957944019       -9.52       -2.93    4.06s
    ‖ρε - ρref‖ = 0.0001924760803583523 ‖Δρ‖ = 0.0001924094381747621  ‖vε - vref‖ = 1.1353493655321443  α = 4.92e-5
 71   -27.13957944039       -9.70       -3.05    3.62s
    ‖ρε - ρref‖ = 0.00014431451095756715 ‖Δρ‖ = 0.00014431460835890496  ‖vε - vref‖ = 1.1349553725990797  α = 5.68e-5
 72   -27.13957944053       -9.86       -2.80    3.92s
    ‖ρε - ρref‖ = 0.0003141144174097047 ‖Δρ‖ = 0.000314212685681363  ‖vε - vref‖ = 1.1347278950362358  α = 2.13e-5
 73   -27.13957944055      -10.58       -2.61    4.28s
    ‖ρε - ρref‖ = 0.0008219061154616475 ‖Δρ‖ = 0.0008214590964781872  ‖vε - vref‖ = 1.134707536909768  α = 3.19e-6
 74   -27.13957944076       -9.68       -2.52    4.48s
    ‖ρε - ρref‖ = 0.0005416050241843269 ‖Δρ‖ = 0.0005416589507179654  ‖vε - vref‖ = 1.134347232301869  α = 1.49e-5
 75   -27.13957944077      -10.89       -2.80    3.81s
    ‖ρε - ρref‖ = 0.000689201022264254 ‖Δρ‖ = 0.0006894860249788841  ‖vε - vref‖ = 1.1343335627091091  α = 2.42e-6
 76   -27.13957944089       -9.92       -2.95    3.89s
    ‖ρε - ρref‖ = 0.00023460961898914397 ‖Δρ‖ = 0.00023454595891935254  ‖vε - vref‖ = 1.134168134484603  α = 2.53e-5
 77   -27.13957944104       -9.84       -2.99    4.55s
    ‖ρε - ρref‖ = 0.00020804375716580815 ‖Δρ‖ = 0.00020803374231200567  ‖vε - vref‖ = 1.1339319969909558  α = 3.25e-5
 78   -27.13957944121       -9.77       -3.16    3.78s
    ‖ρε - ρref‖ = 0.00012508996587862656 ‖Δρ‖ = 0.00012519505872578211  ‖vε - vref‖ = 1.1337542936900662  α = 5.73e-5
 79   -27.13957944131       -9.99       -2.87    3.70s
    ‖ρε - ρref‖ = 0.00028828478018158614 ‖Δρ‖ = 0.00028816127808426877  ‖vε - vref‖ = 1.1335674920425731  α = 1.93e-5
 80   -27.13957944145       -9.85       -2.74    3.83s
    ‖ρε - ρref‖ = 0.0003287880550526 ‖Δρ‖ = 0.0003287069770033709  ‖vε - vref‖ = 1.1333732574318738  α = 2.07e-5
 81   -27.13957944151      -10.26       -3.28    3.73s
    ‖ρε - ρref‖ = 0.0001343418963172984 ‖Δρ‖ = 0.0001343164313173862  ‖vε - vref‖ = 1.1333529691235917  α = 2.95e-5
 82   -27.13957944169       -9.74       -2.88    3.94s
    ‖ρε - ρref‖ = 0.00022049479118987697 ‖Δρ‖ = 0.00022045305295218171  ‖vε - vref‖ = 1.133166594658517  α = 3.39e-5
 83   -27.13957944182       -9.87       -3.17    4.66s
    ‖ρε - ρref‖ = 0.0001330204774924222 ‖Δρ‖ = 0.00013307012709657493  ‖vε - vref‖ = 1.1329984543034122  α = 4.8e-5
 84   -27.13957944191      -10.04       -3.17    3.68s
    ‖ρε - ρref‖ = 0.00013458620388020099 ‖Δρ‖ = 0.0001346859079744171  ‖vε - vref‖ = 1.1329189363892442  α = 4.02e-5
 85   -27.13957944193      -10.69       -2.68    4.78s
    ‖ρε - ρref‖ = 0.0006899092671389833 ‖Δρ‖ = 0.0006894732548210908  ‖vε - vref‖ = 1.1329126181438787  α = 3.38e-6
 86   -27.13957944203      -10.03       -2.53    4.08s
    ‖ρε - ρref‖ = 0.0005988583487330439 ‖Δρ‖ = 0.0005989204743047619  ‖vε - vref‖ = 1.1328382768156253  α = 8.96e-6
 87   -27.13957944204      -10.71       -2.88    4.21s
    ‖ρε - ρref‖ = 0.00043994446337596287 ‖Δρ‖ = 0.00044020888317552684  ‖vε - vref‖ = 1.1328237732557631  α = 4.67e-6
 88   -27.13957944215      -10.00       -2.53    4.01s
    ‖ρε - ρref‖ = 0.0005597103838652891 ‖Δρ‖ = 0.0005595838821465903  ‖vε - vref‖ = 1.1327261991014663  α = 1.02e-5
 89   -27.13957944222      -10.13       -3.39    3.96s
    ‖ρε - ρref‖ = 8.666258318292856e-5 ‖Δρ‖ = 8.670684659918277e-5  ‖vε - vref‖ = 1.1327020507581738  α = 5.56e-5
 90   -27.13957944233       -9.94       -3.05    3.65s
    ‖ρε - ρref‖ = 0.0001622719828242075 ‖Δρ‖ = 0.00016233025490777975  ‖vε - vref‖ = 1.132642600769645  α = 3.68e-5
 91   -27.13957944241      -10.10       -3.14    3.89s
    ‖ρε - ρref‖ = 0.00014472544090486831 ‖Δρ‖ = 0.00014455441977082815  ‖vε - vref‖ = 1.1326224185237155  α = 3.42e-5
 92   -27.13957944246      -10.37       -2.91    4.62s
    ‖ρε - ρref‖ = 0.00028626576892800353 ‖Δρ‖ = 0.0002862661397872818  ‖vε - vref‖ = 1.1325711944433763  α = 1.25e-5
 93   -27.13957944257       -9.95       -3.29    3.72s
    ‖ρε - ρref‖ = 9.124699662235313e-5 ‖Δρ‖ = 9.126186391397864e-5  ‖vε - vref‖ = 1.1325653364529815  α = 6.37e-5
 94   -27.13957944261      -10.41       -2.94    3.92s
    ‖ρε - ρref‖ = 0.00029609617104080937 ‖Δρ‖ = 0.00029608015189559007  ‖vε - vref‖ = 1.132538702321614  α = 1.12e-5
 95   -27.13957944270      -10.05       -3.29    4.14s
    ‖ρε - ρref‖ = 9.311355689756459e-5 ‖Δρ‖ = 9.308062616365216e-5  ‖vε - vref‖ = 1.13253159692207  α = 5.71e-5
 96   -27.13957944276      -10.21       -3.30    3.66s
    ‖ρε - ρref‖ = 9.477908053465747e-5 ‖Δρ‖ = 9.486125560045885e-5  ‖vε - vref‖ = 1.1325239009314831  α = 4.59e-5
 97   -27.13957944276      -11.22       -2.80    3.68s
    ‖ρε - ρref‖ = 0.0006030090966827084 ‖Δρ‖ = 0.0006025614874342788  ‖vε - vref‖ = 1.1325143576221406  α = 2.07e-6
 98   -27.13957944280      -10.43       -3.00    4.19s
    ‖ρε - ρref‖ = 0.00020641870809495207 ‖Δρ‖ = 0.0002064126217967765  ‖vε - vref‖ = 1.1325203077668446  α = 1.67e-5
 99   -27.13957944281      -11.00       -2.92    3.98s
    ‖ρε - ρref‖ = 0.00042733920755014 ‖Δρ‖ = 0.00042762779063806904  ‖vε - vref‖ = 1.1325230340089283  α = 3.44e-6
 100   -27.13957944286      -10.30       -2.82    3.77s
    ‖ρε - ρref‖ = 0.00033263967859564113 ‖Δρ‖ = 0.0003325588581336974  ‖vε - vref‖ = 1.1325192367304329  α = 1.16e-5
 101   -27.13957944294      -10.09       -3.33    3.60s
    ‖ρε - ρref‖ = 8.427116523950564e-5 ‖Δρ‖ = 8.431562535228823e-5  ‖vε - vref‖ = 1.132553864028282  α = 6.1e-5
 102   -27.13957944298      -10.43       -3.35    4.06s
    ‖ρε - ρref‖ = 0.00010601603587956152 ‖Δρ‖ = 0.00010601273961055318  ‖vε - vref‖ = 1.1325768313357156  α = 3.21e-5
 103   -27.13957944303      -10.30       -3.34    4.21s
    ‖ρε - ρref‖ = 0.00010236826072041822 ‖Δρ‖ = 0.00010226589518571809  ‖vε - vref‖ = 1.1326033069858994  α = 3.84e-5
 104   -27.13957944306      -10.53       -3.25    3.97s
    ‖ρε - ρref‖ = 0.00013564423068472846 ‖Δρ‖ = 0.00013572407041262448  ‖vε - vref‖ = 1.1326456310288189  α = 2.14e-5
 105   -27.13957944313      -10.14       -3.04    3.68s
    ‖ρε - ρref‖ = 0.00015981490677443596 ‖Δρ‖ = 0.00015981197632396467  ‖vε - vref‖ = 1.13268496680235  α = 3.05e-5
 106   -27.13957944318      -10.34       -3.18    4.14s
    ‖ρε - ρref‖ = 0.0001475174875568206 ‖Δρ‖ = 0.0001474923306113244  ‖vε - vref‖ = 1.1327335892700214  α = 2.54e-5
 107   -27.13957944320      -10.61       -3.09    4.42s
    ‖ρε - ρref‖ = 0.00020971843053294045 ‖Δρ‖ = 0.0002097098001589684  ‖vε - vref‖ = 1.1327330188718954  α = 1.22e-5
 108   -27.13957944328      -10.12       -3.73    4.24s
    ‖ρε - ρref‖ = 3.4550106981947694e-5 ‖Δρ‖ = 3.4586219838466994e-5  ‖vε - vref‖ = 1.1328512483344355  α = 0.00014
 109   -27.13957944329      -10.84       -2.40    4.03s
    ‖ρε - ρref‖ = 0.0012970814459475196 ‖Δρ‖ = 0.001296624677888618  ‖vε - vref‖ = 1.1328487669945992  α = 1.5e-6
 110   -27.13957944334      -10.34       -3.15    4.22s
    ‖ρε - ρref‖ = 0.000146802850144822 ‖Δρ‖ = 0.00014677082861528536  ‖vε - vref‖ = 1.1329226182641419  α = 2.59e-5
 111   -27.13957944335      -10.90       -2.55    4.38s
    ‖ρε - ρref‖ = 0.0009095024404449908 ‖Δρ‖ = 0.0009098410207844904  ‖vε - vref‖ = 1.132907767573798  α = 1.81e-6
 112   -27.13957944337      -10.66       -3.15    4.13s
    ‖ρε - ρref‖ = 0.0001711250582668303 ‖Δρ‖ = 0.00017117495313036273  ‖vε - vref‖ = 1.132937693738437  α = 1.54e-5
 113   -27.13957944343      -10.24       -3.52    3.98s
    ‖ρε - ρref‖ = 5.9361324235170156e-5 ‖Δρ‖ = 5.938907534841878e-5  ‖vε - vref‖ = 1.1330164049385716  α = 7.19e-5
 114   -27.13957944345      -10.61       -3.43    3.86s
    ‖ρε - ρref‖ = 7.934606173324412e-5 ‖Δρ‖ = 7.927832487355492e-5  ‖vε - vref‖ = 1.133058506930197  α = 3.5e-5
 115   -27.13957944348      -10.57       -3.49    4.14s
    ‖ρε - ρref‖ = 7.677758763527589e-5 ‖Δρ‖ = 7.669134121937433e-5  ‖vε - vref‖ = 1.1331127937174907  α = 3.77e-5
 116   -27.13957944351      -10.57       -3.32    3.83s
    ‖ρε - ρref‖ = 0.00010653864440661203 ‖Δρ‖ = 0.00010663447962732899  ‖vε - vref‖ = 1.1331778823311371  α = 2.63e-5
 117   -27.13957944354      -10.53       -3.06    3.62s
    ‖ρε - ρref‖ = 0.00017560156805246827 ‖Δρ‖ = 0.00017557676679454823  ‖vε - vref‖ = 1.1332243983114103  α = 1.74e-5
 118   -27.13957944358      -10.38       -3.39    3.91s
    ‖ρε - ρref‖ = 8.10844131431057e-5 ‖Δρ‖ = 8.100191439472443e-5  ‖vε - vref‖ = 1.1333249836485522  α = 4.44e-5
 119   -27.13957944361      -10.57       -3.10    4.33s
    ‖ρε - ρref‖ = 0.0001900491552000166 ‖Δρ‖ = 0.0001900152263223923  ‖vε - vref‖ = 1.1333846279116848  α = 1.47e-5
 120   -27.13957944365      -10.36       -3.24    4.18s
    ‖ρε - ρref‖ = 0.00010543896745553711 ‖Δρ‖ = 0.00010566349771619226  ‖vε - vref‖ = 1.1334860584753512  α = 3.34e-5
 121   -27.13957944367      -10.73       -2.26    4.21s
    ‖ρε - ρref‖ = 0.0014113285249925456 ‖Δρ‖ = 0.0014109699306048037  ‖vε - vref‖ = 1.1335015096299321  α = 1.62e-6
 122   -27.13957944368      -10.87       -3.61    4.21s
    ‖ρε - ρref‖ = 6.717920859406565e-5 ‖Δρ‖ = 6.69716612131591e-5  ‖vε - vref‖ = 1.1335667685782393  α = 2.75e-5
 123   -27.13957944372      -10.43       -2.46    4.42s
    ‖ρε - ρref‖ = 0.0006538795125587916 ‖Δρ‖ = 0.0006541174754193172  ‖vε - vref‖ = 1.133629286275877  α = 4.87e-6
 124   -27.13957944375      -10.51       -3.13    3.99s
    ‖ρε - ρref‖ = 0.00014645515073524588 ‖Δρ‖ = 0.00014647177686542343  ‖vε - vref‖ = 1.1337036976929846  α = 2.17e-5
 125   -27.13957944379      -10.39       -3.26    4.01s
    ‖ρε - ρref‖ = 0.00010705139037259971 ‖Δρ‖ = 0.00010696976627400279  ‖vε - vref‖ = 1.1338061273201154  α = 3.34e-5
 126   -27.13957944384      -10.33       -3.41    3.99s
    ‖ρε - ρref‖ = 6.833305154695911e-5 ‖Δρ‖ = 6.829420751736774e-5  ‖vε - vref‖ = 1.1339283991214768  α = 5.7e-5
 127   -27.13957944387      -10.48       -3.43    3.67s
    ‖ρε - ρref‖ = 7.645750187119433e-5 ‖Δρ‖ = 7.645806820816757e-5  ‖vε - vref‖ = 1.134026649216881  α = 4.25e-5
 128   -27.13957944391      -10.40       -3.15    3.74s
    ‖ρε - ρref‖ = 0.0001402941729446501 ‖Δρ‖ = 0.00014038723125713644  ‖vε - vref‖ = 1.1341406000690333  α = 2.5e-5
 129   -27.13957944393      -10.61       -3.06    3.70s
    ‖ρε - ρref‖ = 0.0001905885209861749 ‖Δρ‖ = 0.00019050160604822691  ‖vε - vref‖ = 1.1341976887258638  α = 1.36e-5
 130   -27.13957944396      -10.62       -3.40    3.71s
    ‖ρε - ρref‖ = 8.20915972554278e-5 ‖Δρ‖ = 8.196541741918334e-5  ‖vε - vref‖ = 1.134277469171275  α = 3.33e-5
 131   -27.13957944397      -10.82       -3.37    3.69s
    ‖ρε - ρref‖ = 0.00010854830574052653 ‖Δρ‖ = 0.00010849689395278787  ‖vε - vref‖ = 1.1343203850598174  α = 1.88e-5
 132   -27.13957944398      -10.98       -3.19    3.73s
    ‖ρε - ρref‖ = 0.00018654163155682255 ‖Δρ‖ = 0.00018696549443850385  ‖vε - vref‖ = 1.1343445351129022  α = 8.6e-6
 133   -27.13957944402      -10.46       -2.51    3.66s
    ‖ρε - ρref‖ = 0.0006134169161278174 ‖Δρ‖ = 0.0006132905269937148  ‖vε - vref‖ = 1.1344295620695435  α = 5.33e-6
 134   -27.13957944402      -11.63       -3.48    3.92s
    ‖ρε - ρref‖ = 0.00013838030203794865 ‖Δρ‖ = 0.00013805903907082378  ‖vε - vref‖ = 1.1344416528589347  α = 5.21e-6
 135   -27.13957944404      -10.81       -3.10    3.92s
    ‖ρε - ρref‖ = 0.00017740233615797006 ‖Δρ‖ = 0.00017748818275125597  ‖vε - vref‖ = 1.1344834011775364  α = 1.2e-5
 136   -27.13957944407      -10.51       -3.55    3.97s
    ‖ρε - ρref‖ = 4.581959411754868e-5 ‖Δρ‖ = 4.583584751661323e-5  ‖vε - vref‖ = 1.134589623062048  α = 7.07e-5
 137   -27.13957944409      -10.60       -3.10    3.67s
    ‖ρε - ρref‖ = 0.00014918101949538327 ‖Δρ‖ = 0.00014916960108964496  ‖vε - vref‖ = 1.134670616986706  α = 1.89e-5
 138   -27.13957944412      -10.62       -3.48    3.67s
    ‖ρε - ρref‖ = 6.109661714139208e-5 ‖Δρ‖ = 6.107132049660293e-5  ‖vε - vref‖ = 1.134752407888836  α = 4.57e-5
 139   -27.13957944415      -10.44       -3.66    3.71s
    ‖ρε - ρref‖ = 3.59935225627583e-5 ‖Δρ‖ = 3.595950701906121e-5  ‖vε - vref‖ = 1.1348933895774937  α = 9.65e-5
 140   -27.13957944417      -10.76       -3.10    4.37s
    ‖ρε - ρref‖ = 0.00016813626489091296 ‖Δρ‖ = 0.00016819707024347507  ‖vε - vref‖ = 1.1349561690750751  α = 1.37e-5
 141   -27.13957944418      -11.00       -3.42    3.98s
    ‖ρε - ρref‖ = 9.927509362416474e-5 ‖Δρ‖ = 9.918055987513011e-5  ‖vε - vref‖ = 1.1349967204996148  α = 1.68e-5
 142   -27.13957944421      -10.58       -3.52    4.13s
    ‖ρε - ρref‖ = 5.377414132567181e-5 ‖Δρ‖ = 5.368150795331916e-5  ‖vε - vref‖ = 1.135100592514583  α = 5.36e-5
 143   -27.13957944422      -10.99       -3.27    3.75s
    ‖ρε - ρref‖ = 0.00014057726454855455 ‖Δρ‖ = 0.0001404263486003066  ‖vε - vref‖ = 1.1351462303685083  α = 1.19e-5
 144   -27.13957944422      -11.46       -2.86    3.75s
    ‖ρε - ρref‖ = 0.000491718288394148 ‖Δρ‖ = 0.0004921409367978426  ‖vε - vref‖ = 1.1351581954229377  α = 1.91e-6
 145   -27.13957944424      -10.73       -3.29    3.80s
    ‖ρε - ρref‖ = 0.00010397032855956734 ‖Δρ‖ = 0.00010408611708334749  ‖vε - vref‖ = 1.1352350739075159  α = 2.31e-5
 146   -27.13957944424      -11.58       -3.05    3.72s
    ‖ρε - ρref‖ = 0.00034909891829000816 ‖Δρ‖ = 0.0003487834990225186  ‖vε - vref‖ = 1.1352473843983486  α = 2.14e-6
 147   -27.13957944428      -10.40       -3.38    3.74s
    ‖ρε - ρref‖ = 6.736435401897345e-5 ‖Δρ‖ = 6.741413730265197e-5  ‖vε - vref‖ = 1.135412471342023  α = 5.28e-5
 148   -27.13957944430      -10.68       -3.43    3.69s
    ‖ρε - ρref‖ = 7.253452083132359e-5 ‖Δρ‖ = 7.24835698572128e-5  ‖vε - vref‖ = 1.135491893917598  α = 3.54e-5
 149   -27.13957944431      -11.13       -3.40    3.76s
    ‖ρε - ρref‖ = 8.883858318707389e-5 ‖Δρ‖ = 8.878859513269297e-5  ‖vε - vref‖ = 1.1355251863888431  α = 1.73e-5
 150   -27.13957944432      -10.81       -3.74    3.68s
    ‖ρε - ρref‖ = 3.7637646006005815e-5 ‖Δρ‖ = 3.762923787189753e-5  ‖vε - vref‖ = 1.1355945564467766  α = 5.87e-5
 151   -27.13957944435      -10.66       -3.69    3.84s
    ‖ρε - ρref‖ = 3.6148123032089596e-5 ‖Δρ‖ = 3.60960030610371e-5  ‖vε - vref‖ = 1.1356995376873906  α = 7.47e-5
 152   -27.13957944436      -10.96       -3.40    3.78s
    ‖ρε - ρref‖ = 9.145242494104415e-5 ‖Δρ‖ = 9.150021985813699e-5  ‖vε - vref‖ = 1.1357540094471161  α = 2.01e-5
 153   -27.13957944438      -10.68       -3.31    4.24s
    ‖ρε - ρref‖ = 9.379627097413226e-5 ‖Δρ‖ = 9.371683670137817e-5  ‖vε - vref‖ = 1.135860119882215  α = 2.64e-5
 154   -27.13957944439      -10.81       -3.31    4.11s
    ‖ρε - ρref‖ = 0.00010356468848884876 ‖Δρ‖ = 0.0001036155443269207  ‖vε - vref‖ = 1.1359301522183527  α = 2.06e-5
 155   -27.13957944440      -11.60       -3.42    4.46s
    ‖ρε - ρref‖ = 0.00012809024036159006 ‖Δρ‖ = 0.00012777816821102602  ‖vε - vref‖ = 1.1359409049046534  α = 6.26e-6
 156   -27.13957944440      -11.23       -3.00    3.77s
    ‖ρε - ρref‖ = 0.00028315934797244334 ‖Δρ‖ = 0.00028347057466653937  ‖vε - vref‖ = 1.1359682511935043  α = 4.36e-6
 157   -27.13957944441      -11.12       -3.44    3.88s
    ‖ρε - ρref‖ = 9.382576558238867e-5 ‖Δρ‖ = 9.401817602222203e-5  ‖vε - vref‖ = 1.1360138519301377  α = 1.57e-5
 158   -27.13957944441      -11.45       -2.89    4.22s
    ‖ρε - ρref‖ = 0.00042809456701509705 ‖Δρ‖ = 0.00042781493968661167  ‖vε - vref‖ = 1.1360239801713707  α = 2.1e-6
 159   -27.13957944443      -10.74       -3.52    3.87s
    ‖ρε - ρref‖ = 5.470724960470746e-5 ‖Δρ‖ = 5.463879897776984e-5  ‖vε - vref‖ = 1.1361207472266286  α = 4.47e-5
 160   -27.13957944445      -10.74       -3.78    4.07s
    ‖ρε - ρref‖ = 2.999857757447546e-5 ‖Δρ‖ = 2.999556567599673e-5  ‖vε - vref‖ = 1.1362153402895219  α = 7.94e-5
 161   -27.13957944445      -11.26       -3.56    3.90s
    ‖ρε - ρref‖ = 6.313044070712394e-5 ‖Δρ‖ = 6.313386793857083e-5  ‖vε - vref‖ = 1.1362456736971471  α = 2.12e-5
 162   -27.13957944446      -11.00       -3.63    4.49s
    ‖ρε - ρref‖ = 4.5244493236664066e-5 ‖Δρ‖ = 4.5280794798347634e-5  ‖vε - vref‖ = 1.1363043633508938  α = 3.89e-5
 163   -27.13957944448      -10.85       -3.68    3.69s
    ‖ρε - ρref‖ = 3.5581447602921216e-5 ‖Δρ‖ = 3.5516332462024765e-5  ‖vε - vref‖ = 1.1363831924074275  α = 5.94e-5
 164   -27.13957944449      -11.18       -3.59    3.71s
    ‖ρε - ρref‖ = 5.178960025940904e-5 ‖Δρ‖ = 5.178109411126221e-5  ‖vε - vref‖ = 1.1364225431655424  α = 2.81e-5
 165   -27.13957944449      -11.27       -3.43    3.77s
    ‖ρε - ρref‖ = 8.602385346803133e-5 ‖Δρ‖ = 8.590378350498792e-5  ‖vε - vref‖ = 1.1364522421413714  α = 1.44e-5
 166   -27.13957944450      -11.02       -3.76    3.69s
    ‖ρε - ρref‖ = 3.3679918673901376e-5 ‖Δρ‖ = 3.381966618207681e-5  ‖vε - vref‖ = 1.1365165098351593  α = 5.02e-5
 167   -27.13957944450      -11.70       -2.98    3.75s
    ‖ρε - ρref‖ = 0.0003209763521497915 ‖Δρ‖ = 0.0003206082101153328  ‖vε - vref‖ = 1.1365274267048218  α = 2.27e-6
 168   -27.13957944451      -11.09       -3.13    3.77s
    ‖ρε - ρref‖ = 0.0001461572388583426 ‖Δρ‖ = 0.00014628789302510565  ‖vε - vref‖ = 1.1365781934988124  α = 1.07e-5
 169   -27.13957944451      -11.81       -3.42    3.92s
    ‖ρε - ρref‖ = 0.00012750215095962833 ‖Δρ‖ = 0.00012776566571703101  ‖vε - vref‖ = 1.136591460681113  α = 4.91e-6
 170   -27.13957944451      -11.53       -3.18    4.04s
    ‖ρε - ρref‖ = 0.00018158147173400247 ‖Δρ‖ = 0.000181347959789828  ‖vε - vref‖ = 1.136607034814492  α = 4.54e-6
 171   -27.13957944452      -11.06       -3.72    3.69s
    ‖ρε - ρref‖ = 3.61470418276172e-5 ‖Δρ‖ = 3.606974026835158e-5  ‖vε - vref‖ = 1.136665715738457  α = 4.67e-5
 172   -27.13957944454      -10.88       -3.76    3.70s
    ‖ρε - ρref‖ = 2.975637426834729e-5 ‖Δρ‖ = 2.983877248952793e-5  ‖vε - vref‖ = 1.1367571654934547  α = 6.96e-5
 173   -27.13957944455      -11.05       -3.79    3.75s
    ‖ρε - ρref‖ = 3.186706439663261e-5 ‖Δρ‖ = 3.180726835334272e-5  ‖vε - vref‖ = 1.1368202893363155  α = 5.34e-5
 174   -27.13957944455      -11.23       -3.42    3.79s
    ‖ρε - ρref‖ = 7.800743602362065e-5 ‖Δρ‖ = 7.797564930109222e-5  ‖vε - vref‖ = 1.1368635655914494  α = 1.76e-5
 175   -27.13957944456      -11.09       -3.83    3.70s
    ‖ρε - ρref‖ = 2.5958847218474278e-5 ‖Δρ‖ = 2.592864367076646e-5  ‖vε - vref‖ = 1.1369246673908353  α = 6.12e-5
 176   -27.13957944457      -11.08       -3.65    3.64s
    ‖ρε - ρref‖ = 3.825741933558262e-5 ‖Δρ‖ = 3.827701167279184e-5  ‖vε - vref‖ = 1.1369878457950084  α = 4.32e-5
 177   -27.13957944457      -11.55       -3.48    3.71s
    ‖ρε - ρref‖ = 8.209223502223172e-5 ‖Δρ‖ = 8.200333607374499e-5  ‖vε - vref‖ = 1.1370087913301274  α = 1.1e-5
 178   -27.13957944458      -11.31       -3.84    3.70s
    ‖ρε - ρref‖ = 2.935378397674994e-5 ‖Δρ‖ = 2.9610083596400584e-5  ‖vε - vref‖ = 1.1370511149049118  α = 3.99e-5
 179   -27.13957944458      -11.73       -2.79    4.23s
    ‖ρε - ρref‖ = 0.00043864382629155846 ‖Δρ‖ = 0.0004383340280215745  ‖vε - vref‖ = 1.1370634285695187  α = 1.66e-6
 180   -27.13957944458      -11.56       -3.67    3.83s
    ‖ρε - ρref‖ = 5.61509458098898e-5 ‖Δρ‖ = 5.612879080288296e-5  ‖vε - vref‖ = 1.1370861052369476  α = 1.61e-5
 181   -27.13957944458      -12.17       -3.44    4.26s
    ‖ρε - ρref‖ = 0.00014258325080314174 ‖Δρ‖ = 0.0001429124069910486  ‖vε - vref‖ = 1.1370930406267492  α = 2.69e-6
 182   -27.13957944458      -11.45       -3.55    4.22s
    ‖ρε - ρref‖ = 6.695605153357682e-5 ‖Δρ‖ = 6.680007506012342e-5  ‖vε - vref‖ = 1.1371246859529207  α = 1.52e-5
 183   -27.13957944459      -11.09       -3.61    3.75s
    ‖ρε - ρref‖ = 4.458133310067688e-5 ‖Δρ‖ = 4.453032425017032e-5  ‖vε - vref‖ = 1.137197536041982  α = 3.53e-5
 184   -27.13957944460      -11.00       -3.60    4.26s
    ‖ρε - ρref‖ = 4.188678599830129e-5 ‖Δρ‖ = 4.192824518369996e-5  ‖vε - vref‖ = 1.1372826315603055  α = 4.25e-5
 185   -27.13957944461      -11.36       -3.91    3.89s
    ‖ρε - ρref‖ = 2.5615240974101985e-5 ‖Δρ‖ = 2.5623424756319312e-5  ‖vε - vref‖ = 1.137322272807035  α = 4.56e-5
 186   -27.13957944461      -11.36       -3.88    3.79s
    ‖ρε - ρref‖ = 2.5990473492223447e-5 ‖Δρ‖ = 2.596538148680228e-5  ‖vε - vref‖ = 1.1373635467746737  α = 4.63e-5
 187   -27.13957944462      -11.13       -3.47    4.52s
    ‖ρε - ρref‖ = 5.6115264862060893e-5 ‖Δρ‖ = 5.605374088970872e-5  ‖vε - vref‖ = 1.1374338890400624  α = 2.78e-5
 188   -27.13957944462      -11.44       -4.01    3.74s
    ‖ρε - ρref‖ = 1.9424665353746395e-5 ‖Δρ‖ = 1.9532346599269907e-5  ‖vε - vref‖ = 1.1374688975468379  α = 5.53e-5
 189   -27.13957944462      -11.70       -3.73    3.68s
    ‖ρε - ρref‖ = 4.4326077855098876e-5 ‖Δρ‖ = 4.424328735401126e-5  ‖vε - vref‖ = 1.1374903826288192  α = 1.72e-5
 190   -27.13957944463      -11.56       -3.66    3.75s
    ‖ρε - ρref‖ = 4.738122448905493e-5 ‖Δρ‖ = 4.7658651813931887e-5  ‖vε - vref‖ = 1.137519319454908  α = 1.8e-5
 191   -27.13957944463      -11.64       -2.77    4.09s
    ‖ρε - ρref‖ = 0.0003910038409131487 ‖Δρ‖ = 0.0003907245855660938  ‖vε - vref‖ = 1.1375416961630538  α = 2.12e-6
 192   -27.13957944463      -11.79       -3.93    4.48s
    ‖ρε - ρref‖ = 3.0445382512483982e-5 ‖Δρ‖ = 3.0231410214100636e-5  ‖vε - vref‖ = 1.137560823709915  α = 2.27e-5
 193   -27.13957944463      -11.95       -3.14    3.67s
    ‖ρε - ρref‖ = 0.00020281122209990315 ‖Δρ‖ = 0.00020306401479977786  ‖vε - vref‖ = 1.1375736016177045  α = 2.5e-6
 194   -27.13957944464      -11.43       -3.58    3.98s
    ‖ρε - ρref‖ = 5.227481154817699e-5 ‖Δρ‖ = 5.214775612093995e-5  ‖vε - vref‖ = 1.1376147973485737  α = 2.0e-5
 195   -27.13957944464      -11.45       -3.66    3.79s
    ‖ρε - ρref‖ = 4.733933846398101e-5 ‖Δρ‖ = 4.739247023536479e-5  ‖vε - vref‖ = 1.137651761951722  α = 2.14e-5
 196   -27.13957944464      -11.47       -3.86    3.62s
    ‖ρε - ρref‖ = 2.795130669102012e-5 ‖Δρ‖ = 2.8055454965221267e-5  ‖vε - vref‖ = 1.1376895102827058  α = 3.69e-5
 197   -27.13957944465      -11.27       -3.94    3.66s
    ‖ρε - ρref‖ = 2.0572481601709676e-5 ‖Δρ‖ = 2.0536676246445094e-5  ‖vε - vref‖ = 1.137751842421363  α = 6.36e-5
 198   -27.13957944465      -11.30       -4.02    3.87s
    ‖ρε - ρref‖ = 1.886772388648386e-5 ‖Δρ‖ = 1.8834180816155464e-5  ‖vε - vref‖ = 1.1378121039140119  α = 6.65e-5
 199   -27.13957944466      -11.42       -3.52    3.84s
    ‖ρε - ρref‖ = 5.972306806988737e-5 ‖Δρ‖ = 5.969316107662932e-5  ‖vε - vref‖ = 1.137859664178487  α = 1.84e-5
 200   -27.13957944466      -11.35       -3.88    3.79s
    ‖ρε - ρref‖ = 2.355192996703857e-5 ‖Δρ‖ = 2.3597255803678263e-5  ‖vε - vref‖ = 1.1379119469927195  α = 5.07e-5
 201   -27.13957944466      -11.88       -3.93    3.87s
    ‖ρε - ρref‖ = 2.770053699121249e-5 ‖Δρ‖ = 2.7519884424425015e-5  ‖vε - vref‖ = 1.1379289657540608  α = 2.26e-5
 202   -27.13957944466      -12.19       -3.68    3.70s
    ‖ρε - ρref‖ = 6.94505080877255e-5 ‖Δρ‖ = 6.978355036661721e-5  ‖vε - vref‖ = 1.137936985091371  α = 5.76e-6
 203   -27.13957944466      -11.92       -3.22    4.05s
    ‖ρε - ρref‖ = 0.00016432016664422273 ‖Δρ‖ = 0.00016412350197346688  ‖vε - vref‖ = 1.137952969932732  α = 3.72e-6
 204   -27.13957944467      -11.88       -4.13    3.74s
    ‖ρε - ρref‖ = 2.0162569854085734e-5 ‖Δρ‖ = 1.992554647949611e-5  ‖vε - vref‖ = 1.1379728131854054  α = 3.01e-5
 205   -27.13957944467      -11.86       -3.09    3.89s
    ‖ρε - ρref‖ = 0.0002034800549923752 ‖Δρ‖ = 0.00020373447843343394  ‖vε - vref‖ = 1.1379918235424678  α = 2.75e-6
 206   -27.13957944467      -11.62       -3.82    3.76s
    ‖ρε - ρref‖ = 3.5036984073722515e-5 ‖Δρ‖ = 3.499547008128747e-5  ‖vε - vref‖ = 1.1380246306036734  α = 2.4e-5
 207   -27.13957944468      -11.23       -3.60    3.97s
    ‖ρε - ρref‖ = 4.1298285589631645e-5 ‖Δρ‖ = 4.136356986628588e-5  ‖vε - vref‖ = 1.1381071711804223  α = 3.29e-5
 208   -27.13957944468      -11.54       -3.68    4.00s
    ‖ρε - ρref‖ = 4.714884633444082e-5 ‖Δρ‖ = 4.7121811477103386e-5  ‖vε - vref‖ = 1.1381463423986848  α = 1.96e-5
 209   -27.13957944468      -11.55       -4.05    4.06s
    ‖ρε - ρref‖ = 1.7241734942740366e-5 ‖Δρ‖ = 1.711548444553411e-5  ‖vε - vref‖ = 1.1381863021368703  α = 5.53e-5
 210   -27.13957944469      -11.36       -3.98    4.31s
    ‖ρε - ρref‖ = 1.7489277101543396e-5 ‖Δρ‖ = 1.7542852921559097e-5  ‖vε - vref‖ = 1.1382503277905505  α = 6.75e-5
 211   -27.13957944469      -11.84       -3.83    4.68s
    ‖ρε - ρref‖ = 3.1804978354315486e-5 ‖Δρ‖ = 3.1784172089032314e-5  ‖vε - vref‖ = 1.1382714336172761  α = 2.16e-5
 212   -27.13957944469      -11.51       -3.96    3.89s
    ‖ρε - ρref‖ = 2.1753901555717816e-5 ‖Δρ‖ = 2.1712734228696137e-5  ‖vε - vref‖ = 1.1383187636879533  α = 4.44e-5
 213   -27.13957944470      -11.30       -3.89    4.40s
    ‖ρε - ρref‖ = 2.2725660722755388e-5 ‖Δρ‖ = 2.255545041043334e-5  ‖vε - vref‖ = 1.1383973388521333  α = 5.65e-5
 214   -27.13957944470      -12.11       -3.20    3.74s
    ‖ρε - ρref‖ = 0.0002056087561448494 ‖Δρ‖ = 0.0002060139557065952  ‖vε - vref‖ = 1.1384067118017243  α = 2.09e-6
 215   -27.13957944470      -11.74       -3.35    3.79s
    ‖ρε - ρref‖ = 0.0001042676811549298 ‖Δρ‖ = 0.0001042414956511899  ‖vε - vref‖ = 1.1384348015505947  α = 7.13e-6
 216   -27.13957944470      -11.65       -3.77    3.65s
    ‖ρε - ρref‖ = 3.713041087833508e-5 ‖Δρ‖ = 3.69347302410863e-5  ‖vε - vref‖ = 1.1384711618564047  α = 2.16e-5
 217   -27.13957944470      -11.89       -2.99    3.71s
    ‖ρε - ρref‖ = 0.0002694905163584106 ‖Δρ‖ = 0.0002697687508888859  ‖vε - vref‖ = 1.1384887318793933  α = 2.08e-6
 218   -27.13957944470      -11.71       -4.03    3.71s
    ‖ρε - ρref‖ = 1.907055447511927e-5 ‖Δρ‖ = 1.9083296104265917e-5  ‖vε - vref‖ = 1.1385203401013346  α = 3.95e-5
 219   -27.13957944471      -11.76       -3.63    3.65s
    ‖ρε - ρref‖ = 4.851456967127113e-5 ‖Δρ‖ = 4.860841380303108e-5  ‖vε - vref‖ = 1.1385463002062086  α = 1.49e-5
 220   -27.13957944471      -11.85       -4.14    3.63s
    ‖ρε - ρref‖ = 1.6800168965768818e-5 ‖Δρ‖ = 1.6747439145159524e-5  ‖vε - vref‖ = 1.1385704950831814  α = 3.98e-5
 221   -27.13957944471      -11.57       -3.92    3.72s
    ‖ρε - ρref‖ = 2.228614566237632e-5 ‖Δρ‖ = 2.2211889094968053e-5  ‖vε - vref‖ = 1.1386152622669314  α = 4.12e-5
 222   -27.13957944471      -11.53       -4.12    3.90s
    ‖ρε - ρref‖ = 1.3633100320926125e-5 ‖Δρ‖ = 1.3697247635679337e-5  ‖vε - vref‖ = 1.1386660036660037  α = 7.13e-5
 223   -27.13957944472      -11.51       -3.88    3.68s
    ‖ρε - ρref‖ = 2.383624797163832e-5 ‖Δρ‖ = 2.3786957943263788e-5  ‖vε - vref‖ = 1.1387184555618388  α = 4.17e-5
 224   -27.13957944472      -11.85       -3.69    3.67s
    ‖ρε - ρref‖ = 4.0956261443732636e-5 ‖Δρ‖ = 4.091812930856879e-5  ‖vε - vref‖ = 1.1387428638368746  α = 1.66e-5
 225   -27.13957944472      -11.68       -4.17    3.75s
    ‖ρε - ρref‖ = 1.4530381766395672e-5 ‖Δρ‖ = 1.4297321255982498e-5  ‖vε - vref‖ = 1.1387799803089327  α = 5.58e-5
 226   -27.13957944472      -12.45       -3.31    3.74s
    ‖ρε - ρref‖ = 0.00017328226961471984 ‖Δρ‖ = 0.0001736602081034132  ‖vε - vref‖ = 1.1387858689117447  α = 1.67e-6
 227   -27.13957944472      -11.83       -3.77    3.63s
    ‖ρε - ρref‖ = 3.62177264229973e-5 ‖Δρ‖ = 3.627064469169519e-5  ‖vε - vref‖ = 1.1388126657214568  α = 1.86e-5
 228   -27.13957944472      -11.82       -3.64    3.96s
    ‖ρε - ρref‖ = 5.320835109322789e-5 ‖Δρ‖ = 5.2995652394016986e-5  ‖vε - vref‖ = 1.138840180701452  α = 1.22e-5
 229   -27.13957944472      -11.97       -3.07    3.72s
    ‖ρε - ρref‖ = 0.00021621620570117555 ‖Δρ‖ = 0.0002164831644357009  ‖vε - vref‖ = 1.1388567543253174  α = 2.29e-6
 230   -27.13957944473      -11.53       -4.08    3.66s
    ‖ρε - ρref‖ = 1.529546467166886e-5 ‖Δρ‖ = 1.5280409952454138e-5  ‖vε - vref‖ = 1.1389102286112531  α = 6.35e-5
 231   -27.13957944473      -11.90       -3.74    3.76s
    ‖ρε - ρref‖ = 4.560169625594749e-5 ‖Δρ‖ = 4.563588043256095e-5  ‖vε - vref‖ = 1.138932633373027  α = 1.33e-5
 232   -27.13957944473      -11.69       -3.95    3.76s
    ‖ρε - ρref‖ = 2.1953870115144603e-5 ‖Δρ‖ = 2.1883758010200727e-5  ‖vε - vref‖ = 1.1389702360451819  α = 3.66e-5
 233   -27.13957944473      -11.68       -4.06    3.85s
    ‖ρε - ρref‖ = 1.9437538602840195e-5 ‖Δρ‖ = 1.9461597695234664e-5  ‖vε - vref‖ = 1.1390078484345785  α = 4.03e-5
 234   -27.13957944474      -11.43       -3.85    3.86s
    ‖ρε - ρref‖ = 2.3911316204333305e-5 ‖Δρ‖ = 2.398039065242985e-5  ‖vε - vref‖ = 1.1390747436112272  α = 4.57e-5
 235   -27.13957944474      -11.64       -3.99    3.71s
    ‖ρε - ρref‖ = 2.037162418160138e-5 ‖Δρ‖ = 2.0248296198805788e-5  ‖vε - vref‖ = 1.1391168526191358  α = 4.21e-5
 236   -27.13957944474      -11.73       -4.04    3.77s
    ‖ρε - ρref‖ = 1.891744268925043e-5 ‖Δρ‖ = 1.889284913478453e-5  ‖vε - vref‖ = 1.1391512390556777  α = 4.11e-5
 237   -27.13957944474      -11.58       -3.68    4.25s
    ‖ρε - ρref‖ = 3.831438772942056e-5 ‖Δρ‖ = 3.816837085612908e-5  ‖vε - vref‖ = 1.1391992831431572  α = 2.4e-5
 238   -27.13957944474      -12.51       -3.23    3.69s
    ‖ρε - ρref‖ = 0.00020305268410167538 ‖Δρ‖ = 0.00020344139184733223  ‖vε - vref‖ = 1.1392044610537986  α = 1.38e-6
 239   -27.13957944474      -11.98       -4.13    4.08s
    ‖ρε - ρref‖ = 1.708197230749266e-5 ‖Δρ‖ = 1.7163668155493815e-5  ‖vε - vref‖ = 1.1392236294556588  α = 3.33e-5
 240   -27.13957944474      -12.36       -3.71    3.69s
    ‖ρε - ρref‖ = 6.322617851612122e-5 ‖Δρ‖ = 6.290285378001972e-5  ‖vε - vref‖ = 1.1392322904626007  α = 5.27e-6
 241   -27.13957944474      -12.17       -3.39    3.64s
    ‖ρε - ρref‖ = 0.0001090178352430873 ‖Δρ‖ = 0.0001091402673301012  ‖vε - vref‖ = 1.1392442937153833  α = 3.78e-6
 242   -27.13957944475      -11.79       -4.19    3.71s
    ‖ρε - ρref‖ = 1.2954404697984908e-5 ‖Δρ‖ = 1.2897158480477894e-5  ‖vε - vref‖ = 1.1392753296216558  α = 5.29e-5
 243   -27.13957944475      -11.78       -4.00    3.69s
    ‖ρε - ρref‖ = 2.042553506607861e-5 ‖Δρ‖ = 2.04401939100177e-5  ‖vε - vref‖ = 1.1393058860101355  α = 3.38e-5
 244   -27.13957944475      -11.65       -3.65    3.81s
    ‖ρε - ρref‖ = 4.44305447756764e-5 ‖Δρ‖ = 4.439865423455403e-5  ‖vε - vref‖ = 1.1393460213253461  α = 1.88e-5
 245   -27.13957944475      -11.72       -4.11    4.29s
    ‖ρε - ρref‖ = 1.4410420005538142e-5 ‖Δρ‖ = 1.4513889268395483e-5  ‖vε - vref‖ = 1.1393812936289758  α = 5.4e-5
 246   -27.13957944475      -11.75       -3.91    4.17s
    ‖ρε - ρref‖ = 2.4659948310773592e-5 ‖Δρ‖ = 2.469019271980055e-5  ‖vε - vref‖ = 1.1394132191321917  α = 2.96e-5
 247   -27.13957944476      -11.85       -4.02    3.96s
    ‖ρε - ρref‖ = 1.825583536998998e-5 ‖Δρ‖ = 1.8101553051403412e-5  ‖vε - vref‖ = 1.139439769130309  α = 3.73e-5
 248   -27.13957944476      -11.91       -4.31    3.73s
    ‖ρε - ρref‖ = 9.644689740277374e-6 ‖Δρ‖ = 9.63828948366256e-6  ‖vε - vref‖ = 1.1394625411848645  α = 6.43e-5
 249   -27.13957944476      -12.18       -3.78    3.73s
    ‖ρε - ρref‖ = 3.6876177724891164e-5 ‖Δρ‖ = 3.6613702060573254e-5  ‖vε - vref‖ = 1.1394759396903198  α = 1.25e-5
 250   -27.13957944476      -12.40       -3.17    3.76s
    ‖ρε - ρref‖ = 0.00017835641347829407 ‖Δρ‖ = 0.0001786419149424972  ‖vε - vref‖ = 1.139482964397183  α = 1.87e-6
 251   -27.13957944476      -12.00       -4.16    3.68s
    ‖ρε - ρref‖ = 1.3787624665885435e-5 ‖Δρ‖ = 1.3833000677109159e-5  ‖vε - vref‖ = 1.1395018136797253  α = 4.07e-5
 252   -27.13957944476      -12.69       -3.65    4.27s
    ‖ρε - ρref‖ = 8.369417777161854e-5 ‖Δρ‖ = 8.331349884553468e-5  ‖vε - vref‖ = 1.1395052917163724  α = 2.41e-6
 253   -27.13957944476      -12.29       -3.81    4.09s
    ‖ρε - ρref‖ = 3.9261447775765904e-5 ‖Δρ‖ = 3.925957945131426e-5  ‖vε - vref‖ = 1.1395157548394586  α = 9.99e-6
 254   -27.13957944476      -11.66       -4.03    3.96s
    ‖ρε - ρref‖ = 1.6661112112214046e-5 ‖Δρ‖ = 1.6694647928241956e-5  ‖vε - vref‖ = 1.1395550881610348  α = 4.84e-5
 255   -27.13957944476      -11.96       -4.01    3.73s
    ‖ρε - ρref‖ = 1.992188336979526e-5 ‖Δρ‖ = 1.9934570986162624e-5  ‖vε - vref‖ = 1.1395749748375674  α = 2.87e-5
 256   -27.13957944476      -12.09       -3.89    4.14s
    ‖ρε - ρref‖ = 3.107556184807502e-5 ‖Δρ‖ = 3.101133037446152e-5  ‖vε - vref‖ = 1.1395894116533678  α = 1.56e-5
 257   -27.13957944477      -11.64       -4.14    4.74s
    ‖ρε - ρref‖ = 1.2312028366920205e-5 ‖Δρ‖ = 1.2309382095254718e-5  ‖vε - vref‖ = 1.1396304997407853  α = 7.04e-5
 258   -27.13957944477      -12.23       -4.15    4.61s
    ‖ρε - ρref‖ = 1.7445769583084874e-5 ‖Δρ‖ = 1.7410745742282625e-5  ‖vε - vref‖ = 1.1396409513328902  α = 2.43e-5
 259   -27.13957944477      -11.99       -4.29    4.54s
    ‖ρε - ρref‖ = 1.0451423883058801e-5 ‖Δρ‖ = 1.0374902340923965e-5  ‖vε - vref‖ = 1.1396591642351674  α = 5.43e-5
 260   -27.13957944477      -12.08       -4.23    4.22s
    ‖ρε - ρref‖ = 1.219042028950483e-5 ‖Δρ‖ = 1.2300349280296703e-5  ‖vε - vref‖ = 1.139673736163746  α = 4.07e-5
 261   -27.13957944477      -13.02       -3.96    3.87s
    ‖ρε - ρref‖ = 3.9085426114259034e-5 ‖Δρ‖ = 3.87157909548775e-5  ‖vε - vref‖ = 1.1396756669203458  α = 4.31e-6
 262   -27.13957944477      -12.24       -3.69    3.63s
    ‖ρε - ρref‖ = 4.6956896363129265e-5 ‖Δρ‖ = 4.7083876201981504e-5  ‖vε - vref‖ = 1.139685660945257  α = 9.09e-6
 263   -27.13957944477      -11.79       -3.98    3.86s
    ‖ρε - ρref‖ = 1.7739483030885886e-5 ‖Δρ‖ = 1.7919052798778027e-5  ‖vε - vref‖ = 1.1397154155976599  α = 3.86e-5
 264   -27.13957944477      -12.25       -3.11    3.99s
    ‖ρε - ρref‖ = 0.00019829579881053933 ‖Δρ‖ = 0.00019798776323009357  ‖vε - vref‖ = 1.1397239967128319  α = 1.87e-6
 265   -27.13957944477      -12.05       -3.85    3.84s
    ‖ρε - ρref‖ = 3.041054723535771e-5 ‖Δρ‖ = 3.030381526871594e-5  ‖vε - vref‖ = 1.139740046430477  α = 1.73e-5
 266   -27.13957944477      -12.00       -3.80    3.74s
    ‖ρε - ρref‖ = 3.207208576541097e-5 ‖Δρ‖ = 3.201864137571524e-5  ‖vε - vref‖ = 1.139757590363815  α = 1.72e-5
 267   -27.13957944477      -12.05       -4.43    4.22s
    ‖ρε - ρref‖ = 7.934233746662451e-6 ‖Δρ‖ = 7.97458715101394e-6  ‖vε - vref‖ = 1.1397733913991583  α = 6.23e-5
 268   -27.13957944477      -12.14       -3.91    3.67s
    ‖ρε - ρref‖ = 2.927164680866862e-5 ‖Δρ‖ = 2.924534979854482e-5  ‖vε - vref‖ = 1.1397856983920243  α = 1.6e-5
 269   -27.13957944478      -11.69       -4.09    3.72s
    ‖ρε - ρref‖ = 1.378632108709928e-5 ‖Δρ‖ = 1.3763937298627288e-5  ‖vε - vref‖ = 1.1398203273917318  α = 5.92e-5
 270   -27.13957944478      -11.85       -4.15    4.38s
    ‖ρε - ρref‖ = 1.4391755205624824e-5 ‖Δρ‖ = 1.4331543302116965e-5  ‖vε - vref‖ = 1.1398446294121047  α = 4.62e-5
 271   -27.13957944478      -11.87       -4.04    4.25s
    ‖ρε - ρref‖ = 2.002961705446257e-5 ‖Δρ‖ = 2.0028314070752975e-5  ‖vε - vref‖ = 1.1398673612564114  α = 3.18e-5
 272   -27.13957944478      -11.80       -4.11    4.08s
    ‖ρε - ρref‖ = 1.44740863858211e-5 ‖Δρ‖ = 1.46691278425964e-5  ‖vε - vref‖ = 1.1398946600881241  α = 4.75e-5
 273   -27.13957944478      -12.73       -3.40    4.01s
    ‖ρε - ρref‖ = 0.0001362610606048199 ‖Δρ‖ = 0.00013589406182444263  ‖vε - vref‖ = 1.1398974608360586  α = 1.68e-6
 274   -27.13957944478      -11.91       -3.92    3.68s
    ‖ρε - ρref‖ = 2.568990663089265e-5 ‖Δρ‖ = 2.5626376512134673e-5  ‖vε - vref‖ = 1.1399174278056454  α = 2.39e-5
 275   -27.13957944478      -12.48       -3.88    4.24s
    ‖ρε - ρref‖ = 3.765730855564097e-5 ‖Δρ‖ = 3.788923986061314e-5  ‖vε - vref‖ = 1.1399232374405883  α = 7.58e-6
 276   -27.13957944478      -12.41       -3.41    3.73s
    ‖ρε - ρref‖ = 0.00010351712035959382 ‖Δρ‖ = 0.00010326493905227259  ‖vε - vref‖ = 1.1399294805060378  α = 3.21e-6
 277   -27.13957944478      -11.93       -4.23    3.63s
    ‖ρε - ρref‖ = 1.1612185754656831e-5 ‖Δρ‖ = 1.1471643664829255e-5  ‖vε - vref‖ = 1.1399496746892075  α = 5.3e-5
 278   -27.13957944479      -11.83       -3.65    3.69s
    ‖ρε - ρref‖ = 4.153753062237576e-5 ‖Δρ‖ = 4.1534138620212354e-5  ‖vε - vref‖ = 1.139973583407146  α = 1.59e-5
 279   -27.13957944479      -11.74       -4.14    3.72s
    ‖ρε - ρref‖ = 1.307542537360538e-5 ‖Δρ‖ = 1.3137439051235579e-5  ‖vε - vref‖ = 1.1400030035636632  α = 5.66e-5
 280   -27.13957944479      -12.20       -3.95    3.69s
    ‖ρε - ρref‖ = 2.9837370996091133e-5 ‖Δρ‖ = 2.9794636305588497e-5  ‖vε - vref‖ = 1.1400127709122279  α = 1.39e-5
 281   -27.13957944479      -11.83       -4.07    3.68s
    ‖ρε - ρref‖ = 1.6032639003089122e-5 ‖Δρ‖ = 1.6022368091653258e-5  ‖vε - vref‖ = 1.140036020303103  α = 4.27e-5
 282   -27.13957944479      -11.92       -4.25    3.66s
    ‖ρε - ρref‖ = 1.1382146732572712e-5 ‖Δρ‖ = 1.1402676203311251e-5  ‖vε - vref‖ = 1.140054316546583  α = 5.37e-5
 283   -27.13957944479      -11.87       -4.19    4.12s
    ‖ρε - ρref‖ = 1.3927419588609141e-5 ‖Δρ‖ = 1.3948826645701976e-5  ‖vε - vref‖ = 1.1400754988474013  α = 4.55e-5
 284   -27.13957944479      -12.00       -3.97    4.24s
    ‖ρε - ρref‖ = 2.4457236424041077e-5 ‖Δρ‖ = 2.4694797694133388e-5  ‖vε - vref‖ = 1.1400916515680226  α = 2.16e-5
 285   -27.13957944479      -12.29       -3.12    4.06s
    ‖ρε - ρref‖ = 0.00021615635556998836 ‖Δρ‖ = 0.00021584549298194259  ‖vε - vref‖ = 1.1400987989288287  α = 1.76e-6
 286   -27.13957944479      -11.94       -4.19    3.69s
    ‖ρε - ρref‖ = 1.3041022388936021e-5 ‖Δρ‖ = 1.2835648111339304e-5  ‖vε - vref‖ = 1.1401163506960752  α = 4.58e-5
 287   -27.13957944479      -12.64       -3.58    3.62s
    ‖ρε - ρref‖ = 9.129625952892807e-5 ‖Δρ‖ = 9.16187645095184e-5  ‖vε - vref‖ = 1.140119696553645  α = 2.47e-6
 288   -27.13957944480      -12.02       -3.70    3.69s
    ‖ρε - ρref‖ = 4.186681081613055e-5 ‖Δρ‖ = 4.1803162879851174e-5  ‖vε - vref‖ = 1.1401334913747798  α = 1.3e-5
 289   -27.13957944480      -11.96       -3.92    3.97s
    ‖ρε - ρref‖ = 2.1833767403321576e-5 ‖Δρ‖ = 2.1821631916244717e-5  ‖vε - vref‖ = 1.140150409213889  α = 2.79e-5
 290   -27.13957944480      -12.25       -3.84    4.13s
    ‖ρε - ρref‖ = 3.208661556144987e-5 ‖Δρ‖ = 3.214998094902619e-5  ‖vε - vref‖ = 1.140158474102524  α = 1.27e-5
 291   -27.13957944480      -11.93       -4.16    3.77s
    ‖ρε - ρref‖ = 1.2459304937041975e-5 ‖Δρ‖ = 1.2346573179293665e-5  ‖vε - vref‖ = 1.140175750905927  α = 4.97e-5
 292   -27.13957944480      -12.42       -4.24    3.85s
    ‖ρε - ρref‖ = 1.505290719635116e-5 ‖Δρ‖ = 1.4968547121435283e-5  ‖vε - vref‖ = 1.1401812656440669  α = 2.22e-5
 293   -27.13957944480      -12.03       -4.08    4.20s
    ‖ρε - ρref‖ = 1.6220547689265634e-5 ‖Δρ‖ = 1.626381221119103e-5  ‖vε - vref‖ = 1.140194453217445  α = 3.18e-5
 294   -27.13957944480      -11.82       -4.14    3.67s
    ‖ρε - ρref‖ = 1.2670922926032769e-5 ‖Δρ‖ = 1.2713842765981774e-5  ‖vε - vref‖ = 1.1402143952969692  α = 5.43e-5
 295   -27.13957944480      -11.95       -4.39    4.40s
    ‖ρε - ρref‖ = 7.842255684751451e-6 ‖Δρ‖ = 7.858211312440607e-6  ‖vε - vref‖ = 1.1402298478378379  α = 7.73e-5
 296   -27.13957944480      -12.62       -3.78    3.62s
    ‖ρε - ρref‖ = 5.408358542719646e-5 ‖Δρ‖ = 5.448061330230379e-5  ‖vε - vref‖ = 1.1402333965328058  α = 4.59e-6
 297   -27.13957944480      -11.97       -3.44    3.65s
    ‖ρε - ρref‖ = 7.418788089269044e-5 ‖Δρ‖ = 7.409333632653322e-5  ‖vε - vref‖ = 1.1402477951528185  α = 7.6e-6
 298   -27.13957944480      -12.11       -4.10    3.74s
    ‖ρε - ρref‖ = 1.7284738879960186e-5 ‖Δρ‖ = 1.6972473584865008e-5  ‖vε - vref‖ = 1.1402588233300361  α = 2.75e-5
 299   -27.13957944481      -12.43       -3.26    3.69s
    ‖ρε - ρref‖ = 0.00015107883382188927 ‖Δρ‖ = 0.00015129695234036443  ‖vε - vref‖ = 1.1402629585408943  α = 1.94e-6
 300   -27.13957944481      -12.37       -4.19    3.64s
    ‖ρε - ρref‖ = 1.6192008690345752e-5 ‖Δρ‖ = 1.6169831733920293e-5  ‖vε - vref‖ = 1.1402689515976567  α = 2.3e-5
Trying again with Newton's method ...
n     Energy            log10(ΔE)   log10(Δρ)   Δtime 
---   ---------------   ---------   ---------   ------
  1   -27.13957944483                   -7.63     318s
    ‖ρε - ρref‖ = 7.041664138597155e-7 ‖Δρ‖ = 2.504971809807002e-9  ‖vε - vref‖ = 1.1400505619207282
  2   -27.13957944483      -11.13       -7.85     333s
    ‖ρε - ρref‖ = 7.042097836063908e-7 ‖Δρ‖ = 1.5384559639594382e-9  ‖vε - vref‖ = 1.140017624458093
    Stopping to avoid numerical instabilities.

#-- ‖ρε - ρref‖ = 7.042097836063908e-7 vs. 1.7782794100389228e-9 = δ*ε ‖vε - vref‖ = 1.140017624458093


# --- ε=1.0e-7

n     Energy            log10(ΔE)   log10(Δρ)   Δtime 
---   ---------------   ---------   ---------   ------
  1   -27.13957831138                   -0.11    6.78s
    ‖ρε - ρref‖ = 0.3955056315285339 ‖Δρ‖ = 0.3955053191271528  ‖vε - vref‖ = 2.402671344951575  α = 6.85e-7
  2   -27.13957835532       -7.36       -1.05    4.04s
    ‖ρε - ρref‖ = 0.03467496288132499 ‖Δρ‖ = 0.0346748868627753  ‖vε - vref‖ = 2.152350576548051  α = 2.28e-6
  3   -27.13957839900       -7.36       -0.89    3.56s
    ‖ρε - ρref‖ = 0.051703843800815795 ‖Δρ‖ = 0.05170372375814836  ‖vε - vref‖ = 1.8302646517595207  α = 1.63e-6
  4   -27.13957843412       -7.45       -1.44    4.22s
    ‖ρε - ρref‖ = 0.009134064416460622 ‖Δρ‖ = 0.009133975920441007  ‖vε - vref‖ = 1.602233528404387  α = 8.5e-6
  5   -27.13957844544       -7.95       -1.94    4.04s
    ‖ρε - ρref‖ = 0.0030843154055534105 ‖Δρ‖ = 0.003084233622237752  ‖vε - vref‖ = 1.5328865659858444  α = 1.38e-5
  6   -27.13957846107       -7.81       -1.62    4.01s
    ‖ρε - ρref‖ = 0.0049866690772516495 ‖Δρ‖ = 0.004986586608345062  ‖vε - vref‖ = 1.416227136671772  α = 1.04e-5
  7   -27.13957846639       -8.27       -2.04    4.27s
    ‖ρε - ρref‖ = 0.002108999912057036 ‖Δρ‖ = 0.0021089694206278733  ‖vε - vref‖ = 1.37302940368916  α = 1.42e-5
  8   -27.13957846803       -8.79       -2.23    4.22s
    ‖ρε - ρref‖ = 0.0015075413981520726 ‖Δρ‖ = 0.001507529249726841  ‖vε - vref‖ = 1.3608138730005703  α = 1.13e-5
  9   -27.13957847068       -8.58       -2.37    4.43s
    ‖ρε - ρref‖ = 0.0009332433493847841 ‖Δρ‖ = 0.000933211067594384  ‖vε - vref‖ = 1.3399953165520848  α = 2.3e-5
 10   -27.13957847206       -8.86       -2.34    3.90s
    ‖ρε - ρref‖ = 0.0011170971071797213 ‖Δρ‖ = 0.0011170792757263135  ‖vε - vref‖ = 1.3295476184580395  α = 1.4e-5
 11   -27.13957847461       -8.59       -2.51    4.64s
    ‖ρε - ρref‖ = 0.0006499536620619359 ‖Δρ‖ = 0.0006499031731534439  ‖vε - vref‖ = 1.3100998487953965  α = 3.2e-5
 12   -27.13957847478       -9.77       -2.16    4.16s
    ‖ρε - ρref‖ = 0.003246592476266079 ‖Δρ‖ = 0.0032468981779302554  ‖vε - vref‖ = 1.308911608597613  α = 1.47e-6
 13   -27.13957847609       -8.88       -2.18    4.02s
    ‖ρε - ρref‖ = 0.0015497864784281541 ‖Δρ‖ = 0.0015497265437405098  ‖vε - vref‖ = 1.2981352650932754  α = 9.92e-6
 14   -27.13957847623       -9.85       -1.99    4.57s
    ‖ρε - ρref‖ = 0.0048621264970877 ‖Δρ‖ = 0.004862113716819258  ‖vε - vref‖ = 1.296750039301479  α = 8.53e-7
 15   -27.13957847763       -8.86       -2.62    3.83s
    ‖ρε - ρref‖ = 0.00046490893772879017 ‖Δρ‖ = 0.0004648616808457488  ‖vε - vref‖ = 1.286288379595344  α = 3.4e-5
 16   -27.13957847813       -9.29       -2.57    3.87s
    ‖ρε - ρref‖ = 0.0008045663733396136 ‖Δρ‖ = 0.0008045932755023267  ‖vε - vref‖ = 1.282189166462359  α = 1.14e-5
 17   -27.13957847909       -9.02       -2.38    3.92s
    ‖ρε - ρref‖ = 0.0009264954040709488 ‖Δρ‖ = 0.0009264513935294347  ‖vε - vref‖ = 1.2750361297370782  α = 1.42e-5
 18   -27.13957847968       -9.23       -2.66    4.34s
    ‖ρε - ρref‖ = 0.000559480137859454 ‖Δρ‖ = 0.0005594603195258184  ‖vε - vref‖ = 1.2718509514615859  α = 1.74e-5
 19   -27.13957848111       -8.85       -2.26    3.90s
    ‖ρε - ρref‖ = 0.0010912809271185681 ‖Δρ‖ = 0.0010912522412997558  ‖vε - vref‖ = 1.2604207431481533  α = 1.45e-5
 20   -27.13957848197       -9.06       -2.66    4.71s
    ‖ρε - ρref‖ = 0.00043333549046628415 ‖Δρ‖ = 0.00043333199316786784  ‖vε - vref‖ = 1.254184587352096  α = 2.83e-5
 21   -27.13957848304       -8.97       -2.34    4.42s
    ‖ρε - ρref‖ = 0.0008778406284459593 ‖Δρ‖ = 0.000877811436128302  ‖vε - vref‖ = 1.2467270769859122  α = 1.6e-5
 22   -27.13957848382       -9.11       -2.41    4.30s
    ‖ρε - ρref‖ = 0.0008470417061635076 ‖Δρ‖ = 0.0008470066681385236  ‖vε - vref‖ = 1.2401582206437392  α = 1.36e-5
 23   -27.13957848449       -9.17       -2.73    4.23s
    ‖ρε - ρref‖ = 0.00042569842155254793 ‖Δρ‖ = 0.00042568113833966  ‖vε - vref‖ = 1.2353653272385883  α = 2.57e-5
 24   -27.13957848595       -8.84       -2.43    4.09s
    ‖ρε - ρref‖ = 0.0006401539047230393 ‖Δρ‖ = 0.0006401280292398168  ‖vε - vref‖ = 1.2247180617971931  α = 2.57e-5
 25   -27.13957848599      -10.33       -2.23    3.92s
    ‖ρε - ρref‖ = 0.0024006632982593256 ‖Δρ‖ = 0.0024009216709549833  ‖vε - vref‖ = 1.22439713012241  α = 1.07e-6
 26   -27.13957848643       -9.36       -2.62    4.08s
    ‖ρε - ρref‖ = 0.0005590719216116154 ‖Δρ‖ = 0.0005589988216736328  ‖vε - vref‖ = 1.2215142910486958  α = 1.53e-5
 27   -27.13957848652      -10.05       -2.06    3.75s
    ‖ρε - ρref‖ = 0.0034493791091521056 ‖Δρ‖ = 0.003449197257784109  ‖vε - vref‖ = 1.2205298948396333  α = 9.72e-7
 28   -27.13957848738       -9.07       -2.80    3.82s
    ‖ρε - ρref‖ = 0.0003044879312525812 ‖Δρ‖ = 0.000304508150073436  ‖vε - vref‖ = 1.2148721226293042  α = 4.0e-5
 29   -27.13957848787       -9.31       -2.31    4.24s
    ‖ρε - ρref‖ = 0.001139579320283249 ‖Δρ‖ = 0.0011395290801198533  ‖vε - vref‖ = 1.2113027273943497  α = 8.1e-6
 30   -27.13957848893       -8.97       -2.51    4.33s
    ‖ρε - ρref‖ = 0.0006062809786811024 ‖Δρ‖ = 0.0006062801379607244  ‖vε - vref‖ = 1.2035354422228177  α = 2.3e-5
 31   -27.13957848934       -9.38       -2.46    3.88s
    ‖ρε - ρref‖ = 0.0008967398222873592 ‖Δρ‖ = 0.0008967046534951857  ‖vε - vref‖ = 1.2011510725216983  α = 9.11e-6
 32   -27.13957849015       -9.10       -2.46    4.05s
    ‖ρε - ρref‖ = 0.0007022952930067869 ‖Δρ‖ = 0.0007022225731004484  ‖vε - vref‖ = 1.1952759432121172  α = 1.62e-5
 33   -27.13957849091       -9.11       -2.68    4.00s
    ‖ρε - ρref‖ = 0.00038021665453037224 ‖Δρ‖ = 0.0003802278067239865  ‖vε - vref‖ = 1.1894950175085572  α = 3.11e-5
 34   -27.13957849129       -9.43       -2.43    4.25s
    ‖ρε - ρref‖ = 0.0008062609343254517 ‖Δρ‖ = 0.0008062830760179198  ‖vε - vref‖ = 1.1869364895730148  α = 1.03e-5
 35   -27.13957849181       -9.28       -2.68    4.64s
    ‖ρε - ρref‖ = 0.00038979835115362604 ‖Δρ‖ = 0.00038979235145652087  ‖vε - vref‖ = 1.1832810651837762  α = 2.5e-5
 36   -27.13957849231       -9.29       -2.67    4.06s
    ‖ρε - ρref‖ = 0.00046403680513717647 ‖Δρ‖ = 0.00046404782592750286  ‖vε - vref‖ = 1.1799513328367102  α = 2.02e-5
 37   -27.13957849240      -10.06       -2.23    3.87s
    ‖ρε - ρref‖ = 0.0021526619138277398 ‖Δρ‖ = 0.002152387347025005  ‖vε - vref‖ = 1.1795996768964578  α = 1.64e-6
 38   -27.13957849310       -9.16       -2.18    3.82s
    ‖ρε - ρref‖ = 0.0012336322540901147 ‖Δρ‖ = 0.0012336098468908958  ‖vε - vref‖ = 1.1744902856929624  α = 8.94e-6
 39   -27.13957849315      -10.31       -2.39    3.70s
    ‖ρε - ρref‖ = 0.0017594810316409694 ‖Δρ‖ = 0.0017596451070365042  ‖vε - vref‖ = 1.1741634178508853  α = 1.36e-6
 40   -27.13957849364       -9.31       -2.52    3.72s
    ‖ρε - ρref‖ = 0.0005930678777774852 ‖Δρ‖ = 0.0005930781601202528  ‖vε - vref‖ = 1.1711650028058878  α = 1.55e-5
 41   -27.13957849409       -9.34       -2.74    3.91s
    ‖ρε - ρref‖ = 0.0003785673158621982 ‖Δρ‖ = 0.00037848607233585625  ‖vε - vref‖ = 1.1676757878491275  α = 2.26e-5
 42   -27.13957849432       -9.65       -2.38    3.93s
    ‖ρε - ρref‖ = 0.0009742665125421717 ‖Δρ‖ = 0.000974270015996741  ‖vε - vref‖ = 1.1661178030796797  α = 6.49e-6
 43   -27.13957849502       -9.15       -2.92    4.23s
    ‖ρε - ρref‖ = 0.00020021055802657312 ‖Δρ‖ = 0.00020016869224323688  ‖vε - vref‖ = 1.1620626329761419  α = 5.55e-5
 44   -27.13957849553       -9.29       -2.12    4.77s
    ‖ρε - ρref‖ = 0.0013843129516231893 ‖Δρ‖ = 0.001384279848290122  ‖vε - vref‖ = 1.158028405794612  α = 6.62e-6
 45   -27.13957849592       -9.40       -2.85    4.34s
    ‖ρε - ρref‖ = 0.0002917045112774068 ‖Δρ‖ = 0.00029176014523911117  ‖vε - vref‖ = 1.1553863643581792  α = 2.82e-5
 46   -27.13957849631       -9.41       -2.72    3.82s
    ‖ρε - ρref‖ = 0.0003532404764784079 ‖Δρ‖ = 0.00035323849853171376  ‖vε - vref‖ = 1.1528088307204212  α = 2.38e-5
 47   -27.13957849678       -9.33       -2.42    4.12s
    ‖ρε - ρref‖ = 0.0006777099628141216 ‖Δρ‖ = 0.0006776627707810095  ‖vε - vref‖ = 1.1497350593268725  α = 1.37e-5
 48   -27.13957849701       -9.63       -2.77    4.45s
    ‖ρε - ρref‖ = 0.0003417492599667963 ‖Δρ‖ = 0.0003417716426453615  ‖vε - vref‖ = 1.1481246179694535  α = 1.89e-5
 49   -27.13957849704      -10.47       -2.38    4.26s
    ‖ρε - ρref‖ = 0.001571864493957957 ‖Δρ‖ = 0.0015716040135059291  ‖vε - vref‖ = 1.1479685780875415  α = 1.39e-6
 50   -27.13957849731       -9.58       -2.51    4.61s
    ‖ρε - ρref‖ = 0.0006721831085597004 ‖Δρ‖ = 0.0006722050616799956  ‖vε - vref‖ = 1.1462383292813976  α = 9.97e-6
 51   -27.13957849735      -10.39       -2.52    3.64s
    ‖ρε - ρref‖ = 0.0011387633201563074 ‖Δρ‖ = 0.0011389336158833562  ‖vε - vref‖ = 1.1461262245788058  α = 1.96e-6
 52   -27.13957849765       -9.52       -2.37    4.26s
    ‖ρε - ρref‖ = 0.0008120494883493883 ‖Δρ‖ = 0.000812036091545054  ‖vε - vref‖ = 1.1438957540140884  α = 8.92e-6
 53   -27.13957849791       -9.59       -2.91    4.71s
    ‖ρε - ρref‖ = 0.00021875184904852568 ‖Δρ‖ = 0.00021866969593590038  ‖vε - vref‖ = 1.1423979741194266  α = 3.1e-5
 54   -27.13957849803       -9.90       -2.68    3.75s
    ‖ρε - ρref‖ = 0.0004810562204469829 ‖Δρ‖ = 0.00048108245230136956  ‖vε - vref‖ = 1.1414779429427444  α = 9.47e-6
 55   -27.13957849836       -9.49       -2.65    3.86s
    ‖ρε - ρref‖ = 0.0003805936304190578 ‖Δρ‖ = 0.00038057606019214574  ‖vε - vref‖ = 1.1396267736349341  α = 2.02e-5
 56   -27.13957849849       -9.86       -2.79    3.85s
    ‖ρε - ρref‖ = 0.0003922024125816118 ‖Δρ‖ = 0.00039218981384290494  ‖vε - vref‖ = 1.1388925660380962  α = 1.18e-5
 57   -27.13957849884       -9.46       -2.62    3.68s
    ‖ρε - ρref‖ = 0.0004254002992196411 ‖Δρ‖ = 0.0004253870912034535  ‖vε - vref‖ = 1.1367623463079726  α = 1.75e-5
 58   -27.13957849916       -9.50       -2.77    4.02s
    ‖ρε - ρref‖ = 0.00027948726835131716 ‖Δρ‖ = 0.00027948609694888047  ‖vε - vref‖ = 1.1345019336527122  α = 2.74e-5
 59   -27.13957849937       -9.66       -2.75    4.49s
    ‖ρε - ρref‖ = 0.00033063667126013334 ‖Δρ‖ = 0.0003306116805513396  ‖vε - vref‖ = 1.1331733187642576  α = 1.9e-5
 60   -27.13957849957       -9.70       -2.60    3.97s
    ‖ρε - ρref‖ = 0.0005002622752387905 ‖Δρ‖ = 0.0005002634125006151  ‖vε - vref‖ = 1.1319252633300316  α = 1.19e-5
 61   -27.13957849959      -10.70       -2.83    3.81s
    ‖ρε - ρref‖ = 0.000532162599823414 ‖Δρ‖ = 0.0005319171943824525  ‖vε - vref‖ = 1.1318404334236827  α = 3.21e-6
 62   -27.13957849983       -9.62       -2.40    4.11s
    ‖ρε - ρref‖ = 0.0006580347614136984 ‖Δρ‖ = 0.0006580956957858137  ‖vε - vref‖ = 1.130561312094108  α = 9.93e-6
 63   -27.13957849989      -10.28       -2.42    4.03s
    ‖ρε - ρref‖ = 0.001057503488895121 ‖Δρ‖ = 0.0010576706572176424  ‖vε - vref‖ = 1.1302909020007532  α = 2.42e-6
 64   -27.13957850006       -9.76       -2.14    3.82s
    ‖ρε - ρref‖ = 0.0013572775679900598 ‖Δρ‖ = 0.0013572285216662883  ‖vε - vref‖ = 1.1289945765907543  α = 3.99e-6
 65   -27.13957850023       -9.78       -3.04    3.73s
    ‖ρε - ρref‖ = 0.00016517330627095078 ‖Δρ‖ = 0.00016507540750320285  ‖vε - vref‖ = 1.1280503595562892  α = 3.32e-5
 66   -27.13957850036       -9.88       -2.95    3.94s
    ‖ρε - ρref‖ = 0.00022324073921940288 ‖Δρ‖ = 0.00022327910863915103  ‖vε - vref‖ = 1.127353614159305  α = 2.09e-5
 67   -27.13957850047       -9.97       -2.53    4.06s
    ‖ρε - ρref‖ = 0.0005732417654508746 ‖Δρ‖ = 0.0005732169290405332  ‖vε - vref‖ = 1.1266379682924559  α = 7.72e-6
 68   -27.13957850059       -9.92       -3.03    3.67s
    ‖ρε - ρref‖ = 0.0001825714317761661 ‖Δρ‖ = 0.000182566501439597  ‖vε - vref‖ = 1.126045497083557  α = 2.55e-5
 69   -27.13957850069       -9.99       -2.69    3.88s
    ‖ρε - ρref‖ = 0.00043872584233484857 ‖Δρ‖ = 0.00043871535019362047  ‖vε - vref‖ = 1.1256247894073508  α = 9.09e-6
 70   -27.13957850091       -9.65       -2.81    4.14s
    ‖ρε - ρref‖ = 0.000256499008312738 ‖Δρ‖ = 0.00025645852494613055  ‖vε - vref‖ = 1.1242333002545462  α = 2.37e-5
 71   -27.13957850105       -9.85       -3.03    4.13s
    ‖ρε - ρref‖ = 0.0001552104699351971 ‖Δρ‖ = 0.00015521953602387606  ‖vε - vref‖ = 1.1234231523306621  α = 3.31e-5
 72   -27.13957850116       -9.95       -2.77    3.77s
    ‖ρε - ρref‖ = 0.00032713854223938944 ‖Δρ‖ = 0.0003271682256689678  ‖vε - vref‖ = 1.122836026644902  α = 1.38e-5
 73   -27.13957850127       -9.99       -2.76    3.77s
    ‖ρε - ρref‖ = 0.0003581002683023246 ‖Δρ‖ = 0.00035794141400004667  ‖vε - vref‖ = 1.1224109289176394  α = 1.16e-5
 74   -27.13957850134      -10.12       -1.87    3.85s
    ‖ρε - ρref‖ = 0.003052223236515093 ‖Δρ‖ = 0.003052395333284091  ‖vε - vref‖ = 1.1218374838161727  α = 1.11e-6
 75   -27.13957850136      -10.71       -3.16    3.76s
    ‖ρε - ρref‖ = 0.00023737539886234217 ‖Δρ‖ = 0.00023750446047521545  ‖vε - vref‖ = 1.1218199339285158  α = 6.79e-6
 76   -27.13957850142      -10.23       -2.39    3.68s
    ‖ρε - ρref‖ = 0.0009757674268245626 ‖Δρ‖ = 0.0009756575135123769  ‖vε - vref‖ = 1.1215101537333365  α = 3.05e-6
 77   -27.13957850160       -9.76       -2.88    4.01s
    ‖ρε - ρref‖ = 0.00021317549772995915 ‖Δρ‖ = 0.00021314529506051105  ‖vε - vref‖ = 1.1205962992032745  α = 2.64e-5
 78   -27.13957850170       -9.98       -2.97    4.56s
    ‖ρε - ρref‖ = 0.00020690284373607167 ‖Δρ‖ = 0.0002069674069463638  ‖vε - vref‖ = 1.1200647350952726  α = 2.04e-5
 79   -27.13957850175      -10.28       -3.00    3.91s
    ‖ρε - ρref‖ = 0.00023394419472057412 ‖Δρ‖ = 0.00023388548270814128  ‖vε - vref‖ = 1.1197770535441247  α = 1.26e-5
 80   -27.13957850187       -9.93       -2.76    4.29s
    ‖ρε - ρref‖ = 0.00030787412527167354 ‖Δρ‖ = 0.0003078465420050666  ‖vε - vref‖ = 1.1192083926012806  α = 1.51e-5
 81   -27.13957850192      -10.30       -3.11    3.89s
    ‖ρε - ρref‖ = 0.00018455866303806475 ‖Δρ‖ = 0.00018454014825130578  ‖vε - vref‖ = 1.1190289679854795  α = 1.55e-5
 82   -27.13957850203       -9.97       -2.80    4.28s
    ‖ρε - ρref‖ = 0.0002949086753679839 ‖Δρ‖ = 0.0002948793193935049  ‖vε - vref‖ = 1.1185139383309832  α = 1.42e-5
 83   -27.13957850213       -9.97       -3.13    4.10s
    ‖ρε - ρref‖ = 0.000144081506508389 ‖Δρ‖ = 0.00014411863961633577  ‖vε - vref‖ = 1.1179727208128643  α = 2.98e-5
 84   -27.13957850222      -10.08       -3.07    4.47s
    ‖ρε - ρref‖ = 0.00016106338873332363 ‖Δρ‖ = 0.00016108571580647385  ‖vε - vref‖ = 1.1176046188344513  α = 2.42e-5
 85   -27.13957850229      -10.14       -2.83    4.40s
    ‖ρε - ρref‖ = 0.000300617985430009 ‖Δρ‖ = 0.0003005772204091085  ‖vε - vref‖ = 1.1172623647282298  α = 1.21e-5
 86   -27.13957850230      -10.83       -2.89    4.00s
    ‖ρε - ρref‖ = 0.00040372331504971324 ‖Δρ‖ = 0.0004039470513478899  ‖vε - vref‖ = 1.1172363780146437  α = 3.7e-6
 87   -27.13957850237      -10.19       -2.38    4.01s
    ‖ρε - ρref‖ = 0.0008386396624927696 ‖Δρ‖ = 0.0008385178018707923  ‖vε - vref‖ = 1.116942633806863  α = 3.96e-6
 88   -27.13957850237      -11.21       -2.95    4.48s
    ‖ρε - ρref‖ = 0.0004716063413346787 ‖Δρ‖ = 0.0004714516056452504  ‖vε - vref‖ = 1.1169115642046705  α = 1.84e-6
 89   -27.13957850245      -10.15       -2.88    3.93s
    ‖ρε - ρref‖ = 0.00025600075839408553 ‖Δρ‖ = 0.00025604890391354757  ‖vε - vref‖ = 1.116632720771787  α = 1.37e-5
 90   -27.13957850252      -10.13       -2.97    4.17s
    ‖ρε - ρref‖ = 0.00021466194113816702 ‖Δρ‖ = 0.00021469156377278527  ‖vε - vref‖ = 1.1163050420982346  α = 1.67e-5
 91   -27.13957850259      -10.15       -3.11    4.01s
    ‖ρε - ρref‖ = 0.00014175825661518312 ‖Δρ‖ = 0.00014168475423498783  ‖vε - vref‖ = 1.1160352533809126  α = 2.52e-5
 92   -27.13957850262      -10.51       -2.95    3.98s
    ‖ρε - ρref‖ = 0.0002701792867098364 ‖Δρ‖ = 0.00027020629487976014  ‖vε - vref‖ = 1.1158674639548822  α = 8.38e-6
 93   -27.13957850271      -10.05       -3.04    4.82s
    ‖ρε - ρref‖ = 0.00016244228481837166 ‖Δρ‖ = 0.00016242865232644863  ‖vε - vref‖ = 1.1155286124531671  α = 2.44e-5
 94   -27.13957850273      -10.65       -3.11    4.08s
    ‖ρε - ρref‖ = 0.0002198314058390414 ‖Δρ‖ = 0.00021981495952300758  ‖vε - vref‖ = 1.1154510785808263  α = 8.47e-6
 95   -27.13957850282      -10.08       -3.09    4.10s
    ‖ρε - ρref‖ = 0.0001367211862843204 ‖Δρ‖ = 0.00013671099672343278  ‖vε - vref‖ = 1.1151424099073468  α = 2.84e-5
 96   -27.13957850286      -10.36       -3.27    3.82s
    ‖ρε - ρref‖ = 0.00011039574551315649 ‖Δρ‖ = 0.00011040371757566765  ‖vε - vref‖ = 1.1149641438993254  α = 2.51e-5
 97   -27.13957850290      -10.44       -3.23    4.29s
    ‖ρε - ρref‖ = 0.00012360841486808958 ‖Δρ‖ = 0.00012357155696059976  ‖vε - vref‖ = 1.1148182377741624  α = 2.08e-5
 98   -27.13957850291      -10.83       -2.93    4.78s
    ‖ρε - ρref‖ = 0.0003618485507565073 ‖Δρ‖ = 0.0003620702775648002  ‖vε - vref‖ = 1.114785246654075  α = 4.19e-6
 99   -27.13957850295      -10.46       -2.37    4.25s
    ‖ρε - ρref‖ = 0.000991369150662351 ‖Δρ‖ = 0.0009912525838162098  ‖vε - vref‖ = 1.1146600455404485  α = 2.35e-6
 100   -27.13957850296      -10.98       -3.13    3.83s
    ‖ρε - ρref‖ = 0.0002607073203032847 ‖Δρ‖ = 0.0002605684785526014  ‖vε - vref‖ = 1.1146600258892263  α = 4.41e-6
 101   -27.13957850301      -10.25       -2.52    4.17s
    ‖ρε - ρref‖ = 0.0006080196431429127 ‖Δρ‖ = 0.0006080921605069688  ‖vε - vref‖ = 1.11441366308156  α = 5.15e-6
 102   -27.13957850304      -10.52       -3.33    4.19s
    ‖ρε - ρref‖ = 0.00011033880878223892 ‖Δρ‖ = 0.00011031342260751752  ‖vε - vref‖ = 1.114328622781136  α = 2.09e-5
 103   -27.13957850309      -10.33       -3.21    4.52s
    ‖ρε - ρref‖ = 0.00012405484330216658 ‖Δρ‖ = 0.0001239894599143524  ‖vε - vref‖ = 1.1141866864985592  α = 2.3e-5
 104   -27.13957850314      -10.32       -3.19    4.76s
    ‖ρε - ρref‖ = 0.0001278913792495298 ‖Δρ‖ = 0.000127950620679232  ‖vε - vref‖ = 1.1140936582487126  α = 2.23e-5
 105   -27.13957850318      -10.33       -2.74    4.11s
    ‖ρε - ρref‖ = 0.00035051799849451407 ‖Δρ‖ = 0.0003505089584663384  ‖vε - vref‖ = 1.1138922572809895  α = 8.17e-6
 106   -27.13957850322      -10.52       -3.19    3.65s
    ‖ρε - ρref‖ = 0.00013424306469173004 ‖Δρ‖ = 0.0001342265455693157  ‖vε - vref‖ = 1.1138144166098907  α = 1.74e-5
 107   -27.13957850323      -10.83       -3.13    3.84s
    ‖ρε - ρref‖ = 0.0001977527860930113 ‖Δρ‖ = 0.0001977422398107384  ‖vε - vref‖ = 1.1137760799297236  α = 7.57e-6
 108   -27.13957850330      -10.13       -3.44    3.74s
    ‖ρε - ρref‖ = 6.442824600101902e-5 ‖Δρ‖ = 6.437200500344075e-5  ‖vε - vref‖ = 1.1136091946102775  α = 5.67e-5
 109   -27.13957850335      -10.30       -3.17    3.80s
    ‖ρε - ρref‖ = 0.00013225467669140563 ‖Δρ‖ = 0.00013227220458051858  ‖vε - vref‖ = 1.1134671943052286  α = 2.25e-5
 110   -27.13957850336      -11.40       -3.00    4.58s
    ‖ρε - ρref‖ = 0.0003758215375878238 ‖Δρ‖ = 0.00037608443698879395  ‖vε - vref‖ = 1.1134580046255813  α = 2.03e-6
 111   -27.13957850338      -10.76       -2.78    3.99s
    ‖ρε - ρref‖ = 0.00037979896986132855 ‖Δρ‖ = 0.00037976969390324694  ‖vε - vref‖ = 1.113422369121421  α = 4.67e-6
 112   -27.13957850339      -11.01       -3.09    3.75s
    ‖ρε - ρref‖ = 0.00026259060881855546 ‖Δρ‖ = 0.00026244425546704733  ‖vε - vref‖ = 1.1134165933142013  α = 4.23e-6
 113   -27.13957850342      -10.42       -2.53    3.83s
    ‖ρε - ρref‖ = 0.0006424782481490018 ‖Δρ‖ = 0.0006425377004683134  ‖vε - vref‖ = 1.1133009978410606  α = 3.97e-6
 114   -27.13957850345      -10.58       -3.44    3.96s
    ‖ρε - ρref‖ = 7.152939319347025e-5 ‖Δρ‖ = 7.14898898514716e-5  ‖vε - vref‖ = 1.1132604944794355  α = 3.06e-5
 115   -27.13957850348      -10.57       -3.33    4.45s
    ‖ρε - ρref‖ = 0.00010125532744005659 ‖Δρ‖ = 0.00010123877583085837  ‖vε - vref‖ = 1.1132195421032687  α = 2.13e-5
 116   -27.13957850351      -10.48       -3.24    3.89s
    ‖ρε - ρref‖ = 0.00011682119822052363 ‖Δρ‖ = 0.0001168650761174039  ‖vε - vref‖ = 1.1131803270200893  α = 2.06e-5
 117   -27.13957850353      -10.72       -3.10    3.80s
    ‖ρε - ρref‖ = 0.0001880807562060141 ‖Δρ‖ = 0.00018801917593784377  ‖vε - vref‖ = 1.1131317202312974  α = 9.24e-6
 118   -27.13957850357      -10.40       -3.12    4.03s
    ‖ρε - ρref‖ = 0.00014569723545020236 ‖Δρ‖ = 0.0001456572717635523  ‖vε - vref‖ = 1.113086283678743  α = 1.86e-5
 119   -27.13957850360      -10.45       -3.16    3.83s
    ‖ρε - ρref‖ = 0.00014159535643193193 ‖Δρ‖ = 0.00014159450462042996  ‖vε - vref‖ = 1.1130625687740658  α = 1.71e-5
 120   -27.13957850364      -10.46       -2.86    4.31s
    ‖ρε - ρref‖ = 0.0002784078870769891 ‖Δρ‖ = 0.0002784045798143049  ‖vε - vref‖ = 1.112977481076292  α = 8.61e-6
 121   -27.13957850369      -10.28       -3.58    4.33s
    ‖ρε - ρref‖ = 4.349907792758916e-5 ‖Δρ‖ = 4.352153702091065e-5  ‖vε - vref‖ = 1.1129370790717281  α = 7.06e-5
 122   -27.13957850370      -11.38       -2.75    3.91s
    ‖ρε - ρref‖ = 0.0006754964703857247 ‖Δρ‖ = 0.0006757562200555617  ‖vε - vref‖ = 1.112921018021019  α = 1.14e-6
 123   -27.13957850373      -10.51       -2.97    3.92s
    ‖ρε - ρref‖ = 0.00020795070721439622 ‖Δρ‖ = 0.00020792396626807184  ‖vε - vref‖ = 1.1128915617803259  α = 1.14e-5
 124   -27.13957850373      -11.16       -2.75    4.01s
    ‖ρε - ρref‖ = 0.0006093716927463469 ‖Δρ‖ = 0.0006091785020837093  ‖vε - vref‖ = 1.112885863332173  α = 1.49e-6
 125   -27.13957850376      -10.57       -2.79    3.91s
    ‖ρε - ρref‖ = 0.0003378498368011079 ‖Δρ‖ = 0.0003378387220749391  ‖vε - vref‖ = 1.1128497789345193  α = 6.42e-6
 126   -27.13957850380      -10.37       -3.29    4.25s
    ‖ρε - ρref‖ = 9.129721811713243e-5 ‖Δρ‖ = 9.13010842431669e-5  ‖vε - vref‖ = 1.1128110142951202  α = 3.02e-5
 127   -27.13957850385      -10.37       -3.34    3.64s
    ‖ρε - ρref‖ = 8.19722514581344e-5 ‖Δρ‖ = 8.198512124698654e-5  ‖vε - vref‖ = 1.1127780514153314  α = 3.41e-5
 128   -27.13957850388      -10.48       -3.09    3.75s
    ‖ρε - ρref‖ = 0.00016380879681163844 ‖Δρ‖ = 0.00016381513393959367  ‖vε - vref‖ = 1.1127413770700885  α = 1.46e-5
 129   -27.13957850389      -10.80       -3.20    4.21s
    ‖ρε - ρref‖ = 0.00015032097534599802 ‖Δρ‖ = 0.00015023513594498945  ‖vε - vref‖ = 1.1127617640369654  α = 1.05e-5
 130   -27.13957850391      -10.74       -3.13    4.11s
    ‖ρε - ρref‖ = 0.0001589770505248241 ‖Δρ‖ = 0.000158963669931906  ‖vε - vref‖ = 1.1127253892563158  α = 1.12e-5
 131   -27.13957850395      -10.46       -3.34    3.92s
    ‖ρε - ρref‖ = 8.70386367944113e-5 ‖Δρ‖ = 8.705599923953698e-5  ‖vε - vref‖ = 1.1127052745828907  α = 2.81e-5
 132   -27.13957850396      -10.85       -3.03    3.85s
    ‖ρε - ρref‖ = 0.0002443984635438318 ‖Δρ‖ = 0.0002443936714200441  ‖vε - vref‖ = 1.1126760401401163  α = 6.01e-6
 133   -27.13957850398      -10.74       -3.57    3.72s
    ‖ρε - ρref‖ = 5.529936702188987e-5 ‖Δρ‖ = 5.52424910841412e-5  ‖vε - vref‖ = 1.1126743369938916  α = 3.19e-5
 134   -27.13957850398      -11.65       -2.82    4.19s
    ‖ρε - ρref‖ = 0.0005669235991183707 ‖Δρ‖ = 0.0005671693215813299  ‖vε - vref‖ = 1.1126673610597273  α = 1.01e-6
 135   -27.13957850401      -10.52       -3.26    3.67s
    ‖ρε - ρref‖ = 8.897123508966827e-5 ‖Δρ‖ = 8.90250549451744e-5  ‖vε - vref‖ = 1.1126824498067613  α = 2.58e-5
 136   -27.13957850402      -11.16       -2.47    4.19s
    ‖ρε - ρref‖ = 0.0009632803164003346 ‖Δρ‖ = 0.0009631174285893525  ‖vε - vref‖ = 1.1126531995409696  α = 9.77e-7
 137   -27.13957850404      -10.79       -3.12    3.76s
    ‖ρε - ρref‖ = 0.0001445057782164132 ‖Δρ‖ = 0.00014450174665220505  ‖vε - vref‖ = 1.112652361521729  α = 1.21e-5
 138   -27.13957850405      -10.77       -3.26    3.69s
    ‖ρε - ρref‖ = 0.00011771343622587192 ‖Δρ‖ = 0.00011769886690420508  ‖vε - vref‖ = 1.1126444188485578  α = 1.47e-5
 139   -27.13957850409      -10.38       -3.46    4.03s
    ‖ρε - ρref‖ = 5.4045989742642005e-5 ‖Δρ‖ = 5.405191986357342e-5  ‖vε - vref‖ = 1.1126470921548923  α = 5.14e-5
 140   -27.13957850411      -10.89       -3.47    4.30s
    ‖ρε - ρref‖ = 7.444764623019864e-5 ‖Δρ‖ = 7.443396177658186e-5  ‖vε - vref‖ = 1.112655074522241  α = 2.03e-5
 141   -27.13957850413      -10.69       -3.25    3.94s
    ‖ρε - ρref‖ = 0.00011392325873732677 ‖Δρ‖ = 0.00011383536332322393  ‖vε - vref‖ = 1.1126773720616374  α = 1.66e-5
 142   -27.13957850414      -10.79       -3.03    4.44s
    ‖ρε - ρref‖ = 0.00019720856068339399 ‖Δρ‖ = 0.00019722266514503436  ‖vε - vref‖ = 1.1126618506518602  α = 8.14e-6
 143   -27.13957850416      -10.81       -3.42    3.92s
    ‖ρε - ρref‖ = 7.949476758980053e-5 ‖Δρ‖ = 7.956987009315807e-5  ‖vε - vref‖ = 1.1126779728167167  α = 2.06e-5
 144   -27.13957850417      -10.93       -3.27    4.22s
    ‖ρε - ρref‖ = 0.00013195663259784923 ‖Δρ‖ = 0.0001319850273261751  ‖vε - vref‖ = 1.112684514111793  α = 1.04e-5
 145   -27.13957850420      -10.52       -3.23    4.52s
    ‖ρε - ρref‖ = 0.00010302376863772734 ‖Δρ‖ = 0.00010289977107571052  ‖vε - vref‖ = 1.1127256826176382  α = 2.16e-5
 146   -27.13957850421      -10.95       -2.21    3.82s
    ‖ρε - ρref‖ = 0.001493826928427874 ‖Δρ‖ = 0.001494023290950847  ‖vε - vref‖ = 1.1126955324285817  α = 8.78e-7
 147   -27.13957850422      -11.06       -3.39    3.76s
    ‖ρε - ρref‖ = 0.00010397366353982308 ‖Δρ‖ = 0.00010405440452652674  ‖vε - vref‖ = 1.112716442427852  α = 1.11e-5
 148   -27.13957850423      -11.09       -2.54    3.74s
    ‖ρε - ρref‖ = 0.000731919724576969 ‖Δρ‖ = 0.0007317554343484526  ‖vε - vref‖ = 1.11270037254396  α = 1.44e-6
 149   -27.13957850424      -10.87       -3.53    3.71s
    ‖ρε - ρref‖ = 6.003106109259511e-5 ‖Δρ‖ = 6.0011614755965004e-5  ‖vε - vref‖ = 1.1127072336398953  α = 2.62e-5
 150   -27.13957850425      -11.08       -3.29    4.05s
    ‖ρε - ρref‖ = 0.00012114213504409536 ‖Δρ‖ = 0.00012114723318627141  ‖vε - vref‖ = 1.112715076616892  α = 9.99e-6
 151   -27.13957850427      -10.65       -3.66    4.45s
    ‖ρε - ρref‖ = 3.607445589729403e-5 ‖Δρ‖ = 3.6086295977354035e-5  ‖vε - vref‖ = 1.1127374252892714  α = 5.67e-5
 152   -27.13957850430      -10.54       -3.40    3.89s
    ‖ρε - ρref‖ = 6.58342984311284e-5 ‖Δρ‖ = 6.58240450953259e-5  ‖vε - vref‖ = 1.11278081582786  α = 3.48e-5
 153   -27.13957850431      -11.00       -3.13    4.63s
    ‖ρε - ρref‖ = 0.0001686947936202902 ‖Δρ‖ = 0.00016864747212481463  ‖vε - vref‖ = 1.1127909798199245  α = 7.85e-6
 154   -27.13957850432      -11.12       -3.38    3.91s
    ‖ρε - ρref‖ = 0.00010325878587370443 ‖Δρ‖ = 0.00010330689121329335  ‖vε - vref‖ = 1.1127974727741476  α = 1.03e-5
 155   -27.13957850433      -10.93       -3.48    3.74s
    ‖ρε - ρref‖ = 7.149364231536637e-5 ‖Δρ‖ = 7.152056493611732e-5  ‖vε - vref‖ = 1.112816631442923  α = 1.95e-5
 156   -27.13957850434      -11.13       -3.42    3.95s
    ‖ρε - ρref‖ = 9.639169899510403e-5 ‖Δρ‖ = 9.637923238571754e-5  ‖vε - vref‖ = 1.1128206889719843  α = 1.12e-5
 157   -27.13957850434      -11.35       -3.22    3.96s
    ‖ρε - ρref‖ = 0.0001676075136402354 ‖Δρ‖ = 0.0001673790881703124  ‖vε - vref‖ = 1.112835084685753  α = 4.83e-6
 158   -27.13957850435      -11.07       -2.57    3.93s
    ‖ρε - ρref‖ = 0.0006010238838941307 ‖Δρ‖ = 0.0006011139170480634  ‖vε - vref‖ = 1.1128377315005444  α = 2.02e-6
 159   -27.13957850436      -11.27       -3.43    3.94s
    ‖ρε - ρref‖ = 9.453760423702934e-5 ‖Δρ‖ = 9.470693603890746e-5  ‖vε - vref‖ = 1.1128658522341413  α = 8.99e-6
 160   -27.13957850437      -10.87       -2.51    4.20s
    ‖ρε - ρref‖ = 0.000575766299192788 ‖Δρ‖ = 0.0005757012164516733  ‖vε - vref‖ = 1.1128608387704473  α = 2.6e-6
 161   -27.13957850438      -11.00       -3.78    3.92s
    ‖ρε - ρref‖ = 3.063620058279062e-5 ‖Δρ‖ = 3.0649151092906806e-5  ‖vε - vref‖ = 1.1128832185146613  α = 4.44e-5
 162   -27.13957850439      -11.04       -3.27    3.82s
    ‖ρε - ρref‖ = 0.00010195315750642173 ‖Δρ‖ = 0.00010194986040350774  ‖vε - vref‖ = 1.1129025878466061  α = 1.27e-5
 163   -27.13957850440      -11.02       -3.45    3.83s
    ‖ρε - ρref‖ = 7.223537212423274e-5 ‖Δρ‖ = 7.217607911186687e-5  ‖vε - vref‖ = 1.1129204393758223  α = 1.78e-5
 164   -27.13957850441      -10.93       -3.73    4.19s
    ‖ρε - ρref‖ = 3.217173853249867e-5 ‖Δρ‖ = 3.2140177995956855e-5  ‖vε - vref‖ = 1.1129445906779185  α = 4.54e-5
 165   -27.13957850442      -11.16       -3.39    4.60s
    ‖ρε - ρref‖ = 8.142639213307904e-5 ‖Δρ‖ = 8.141695192350033e-5  ‖vε - vref‖ = 1.1129676761661045  α = 1.37e-5
 166   -27.13957850442      -11.20       -3.26    3.89s
    ‖ρε - ρref‖ = 0.00011657909662472323 ‖Δρ‖ = 0.00011666446505904702  ‖vε - vref‖ = 1.1129787567119125  α = 8.71e-6
 167   -27.13957850443      -11.23       -3.60    4.55s
    ‖ρε - ρref‖ = 5.499161045432306e-5 ‖Δρ‖ = 5.5006954374712656e-5  ‖vε - vref‖ = 1.1129979451041696  α = 1.8e-5
 168   -27.13957850444      -11.15       -3.42    4.70s
    ‖ρε - ρref‖ = 7.74052511037114e-5 ‖Δρ‖ = 7.744575610072427e-5  ‖vε - vref‖ = 1.1130212815872615  α = 1.39e-5
 169   -27.13957850444      -11.78       -2.88    4.64s
    ‖ρε - ρref‖ = 0.0004434276909454093 ‖Δρ‖ = 0.00044319029742060663  ‖vε - vref‖ = 1.1130241218877668  α = 1.11e-6
 170   -27.13957850444      -11.32       -3.21    4.34s
    ‖ρε - ρref‖ = 0.00015500160325814725 ‖Δρ‖ = 0.00015502525515477116  ‖vε - vref‖ = 1.1130333743292034  α = 5.69e-6
 171   -27.13957850444      -11.94       -3.46    4.01s
    ‖ρε - ρref‖ = 0.00013328731505788055 ‖Δρ‖ = 0.00013348294576425118  ‖vε - vref‖ = 1.1130430074953286  α = 2.77e-6
 172   -27.13957850446      -10.98       -3.09    4.38s
    ‖ρε - ρref‖ = 0.00014466933089737178 ‖Δρ‖ = 0.00014463910992493575  ‖vε - vref‖ = 1.1130734231668764  α = 9.56e-6
 173   -27.13957850447      -10.89       -3.69    4.58s
    ‖ρε - ρref‖ = 3.6744775576501614e-5 ‖Δρ‖ = 3.673077826977963e-5  ‖vε - vref‖ = 1.1131203336533002  α = 4.13e-5
 174   -27.13957850447      -11.39       -3.60    4.18s
    ‖ρε - ρref‖ = 5.2909379006956825e-5 ‖Δρ‖ = 5.290428340732602e-5  ‖vε - vref‖ = 1.1131339081487044  α = 1.63e-5
 175   -27.13957850448      -11.09       -3.49    4.50s
    ‖ρε - ρref‖ = 5.884786247528696e-5 ‖Δρ‖ = 5.8818336143549056e-5  ‖vε - vref‖ = 1.1131729351590531  α = 2.01e-5
 176   -27.13957850449      -11.13       -3.60    3.79s
    ‖ρε - ρref‖ = 4.532237512519661e-5 ‖Δρ‖ = 4.5315888333004306e-5  ‖vε - vref‖ = 1.1131976407367141  α = 2.56e-5
 177   -27.13957850449      -11.28       -3.65    4.29s
    ‖ρε - ρref‖ = 4.33616040302843e-5 ‖Δρ‖ = 4.3372382912335056e-5  ‖vε - vref‖ = 1.113222744417297  α = 2.25e-5
 178   -27.13957850450      -11.55       -3.33    4.18s
    ‖ρε - ρref‖ = 0.00010611687397040692 ‖Δρ‖ = 0.00010618583691655503  ‖vε - vref‖ = 1.113234054621444  α = 6.55e-6
 179   -27.13957850450      -11.30       -3.85    4.10s
    ‖ρε - ρref‖ = 3.0079350582441354e-5 ‖Δρ‖ = 3.0035156204744892e-5  ‖vε - vref‖ = 1.113267554035685  α = 3.05e-5
 180   -27.13957850450      -11.44       -3.36    3.94s
    ‖ρε - ρref‖ = 0.00010258695595466768 ‖Δρ‖ = 0.0001027256165658972  ‖vε - vref‖ = 1.113285688040658  α = 7.26e-6
 181   -27.13957850451      -11.36       -2.63    3.84s
    ‖ρε - ρref‖ = 0.0005587437555493287 ‖Δρ‖ = 0.0005585589000230427  ‖vε - vref‖ = 1.113309717427176  α = 1.49e-6
 182   -27.13957850451      -11.32       -3.29    4.03s
    ‖ρε - ρref‖ = 0.00011357219429564818 ‖Δρ‖ = 0.00011354019701964535  ‖vε - vref‖ = 1.113335014522332  α = 7.88e-6
 183   -27.13957850451      -11.89       -2.99    3.85s
    ‖ρε - ρref‖ = 0.00034045146096995803 ‖Δρ‖ = 0.0003406600238925228  ‖vε - vref‖ = 1.113340635212795  α = 1.15e-6
 184   -27.13957850452      -11.28       -3.41    4.06s
    ‖ρε - ρref‖ = 8.037641353694497e-5 ‖Δρ‖ = 8.039423879584092e-5  ‖vε - vref‖ = 1.113365987025337  α = 1.17e-5
 185   -27.13957850453      -11.10       -3.79    4.47s
    ‖ρε - ρref‖ = 2.7804809012498645e-5 ‖Δρ‖ = 2.7775397931498226e-5  ‖vε - vref‖ = 1.1134146711096364  α = 4.36e-5
 186   -27.13957850453      -11.29       -3.69    4.51s
    ‖ρε - ρref‖ = 3.94293293322129e-5 ‖Δρ‖ = 3.939817249497727e-5  ‖vε - vref‖ = 1.1134460674335396  α = 2.44e-5
 187   -27.13957850454      -11.62       -3.56    4.12s
    ‖ρε - ρref‖ = 5.6697463825811807e-5 ‖Δρ‖ = 5.669103756348852e-5  ‖vε - vref‖ = 1.1134614318524134  α = 1.17e-5
 188   -27.13957850454      -11.22       -3.71    4.64s
    ‖ρε - ρref‖ = 3.3723778179057056e-5 ‖Δρ‖ = 3.376908893809183e-5  ‖vε - vref‖ = 1.1135032758241075  α = 3.07e-5
 189   -27.13957850455      -11.32       -3.67    4.83s
    ‖ρε - ρref‖ = 3.705013401334002e-5 ‖Δρ‖ = 3.7011350678036755e-5  ‖vε - vref‖ = 1.1135367767194724  α = 2.54e-5
 190   -27.13957850455      -11.92       -3.62    4.52s
    ‖ρε - ρref‖ = 6.433194200248856e-5 ‖Δρ‖ = 6.436441795808861e-5  ‖vε - vref‖ = 1.1135461385681114  α = 6.9e-6
 191   -27.13957850455      -11.23       -3.86    3.98s
    ‖ρε - ρref‖ = 2.356915347315569e-5 ‖Δρ‖ = 2.3498685704704146e-5  ‖vε - vref‖ = 1.1135998261325148  α = 4.26e-5
 192   -27.13957850455      -12.13       -3.22    4.62s
    ‖ρε - ρref‖ = 0.00020242628347919294 ‖Δρ‖ = 0.00020264853594104663  ‖vε - vref‖ = 1.1136021011070136  α = 1.58e-6
 193   -27.13957850456      -11.58       -3.20    4.57s
    ‖ρε - ρref‖ = 0.0001488980964882978 ‖Δρ‖ = 0.00014884498312991385  ‖vε - vref‖ = 1.1136234342532003  α = 4.48e-6
 194   -27.13957850456      -11.88       -3.53    4.24s
    ‖ρε - ρref‖ = 8.201965459904819e-5 ‖Δρ‖ = 8.192720843182943e-5  ‖vε - vref‖ = 1.1136382906909026  α = 5.47e-6
 195   -27.13957850456      -11.76       -2.99    4.44s
    ‖ρε - ρref‖ = 0.00025562804767566413 ‖Δρ‖ = 0.00025581464963397415  ‖vε - vref‖ = 1.11365211361635  α = 1.84e-6
 196   -27.13957850456      -11.37       -3.57    3.96s
    ‖ρε - ρref‖ = 5.2709233145288225e-5 ‖Δρ‖ = 5.271946728833167e-5  ‖vε - vref‖ = 1.1136890067067953  α = 1.64e-5
 197   -27.13957850457      -11.37       -3.66    4.55s
    ‖ρε - ρref‖ = 4.250916278043773e-5 ‖Δρ‖ = 4.246060118737211e-5  ‖vε - vref‖ = 1.1137282357350522  α = 2.07e-5
 198   -27.13957850457      -11.21       -3.91    4.33s
    ‖ρε - ρref‖ = 2.2551394876044645e-5 ‖Δρ‖ = 2.2539844955935832e-5  ‖vε - vref‖ = 1.1137935487664865  α = 4.56e-5
 199   -27.13957850458      -11.31       -3.62    4.28s
    ‖ρε - ρref‖ = 4.354981015993386e-5 ‖Δρ‖ = 4.3554022120306485e-5  ‖vε - vref‖ = 1.1138396787380305  α = 2.18e-5
 200   -27.13957850458      -11.45       -3.39    4.43s
    ‖ρε - ρref‖ = 7.983118530799908e-5 ‖Δρ‖ = 7.984468044888635e-5  ‖vε - vref‖ = 1.1138722424500953  α = 9.91e-6
 201   -27.13957850459      -11.65       -4.12    3.87s
    ‖ρε - ρref‖ = 1.7361983701383986e-5 ‖Δρ‖ = 1.7283399852968922e-5  ‖vε - vref‖ = 1.1138973073616871  α = 3.67e-5
 202   -27.13957850459      -11.88       -3.82    3.81s
    ‖ρε - ρref‖ = 3.873058358976065e-5 ‖Δρ‖ = 3.8771493794584234e-5  ‖vε - vref‖ = 1.1139135826296955  α = 1.22e-5
 203   -27.13957850459      -11.37       -3.67    3.71s
    ‖ρε - ρref‖ = 4.1371701780105464e-5 ‖Δρ‖ = 4.132476474828098e-5  ‖vε - vref‖ = 1.1139699631274924  α = 2.02e-5
 204   -27.13957850459      -12.27       -3.10    4.10s
    ‖ρε - ρref‖ = 0.0002816370150105871 ‖Δρ‖ = 0.0002818669841329418  ‖vε - vref‖ = 1.1139737666197795  α = 1.0e-6
 205   -27.13957850460      -11.33       -3.55    4.25s
    ‖ρε - ρref‖ = 5.3593689720958854e-5 ‖Δρ‖ = 5.360947373217415e-5  ‖vε - vref‖ = 1.1140287981692825  α = 1.66e-5
 206   -27.13957850460      -11.96       -3.19    4.20s
    ‖ρε - ρref‖ = 0.0001986839684582741 ‖Δρ‖ = 0.0001985210168927279  ‖vε - vref‖ = 1.114045567952479  α = 1.92e-6
 207   -27.13957850460      -11.63       -3.11    4.55s
    ‖ρε - ρref‖ = 0.0001831309115692386 ‖Δρ‖ = 0.000183226301777301  ‖vε - vref‖ = 1.1140688041481919  α = 3.28e-6
 208   -27.13957850460      -11.62       -3.71    4.20s
    ‖ρε - ρref‖ = 4.395723972436717e-5 ‖Δρ‖ = 4.391498367787345e-5  ‖vε - vref‖ = 1.1140992267420742  α = 1.45e-5
 209   -27.13957850461      -11.43       -3.75    3.81s
    ‖ρε - ρref‖ = 3.536797031221833e-5 ‖Δρ‖ = 3.534007338075362e-5  ‖vε - vref‖ = 1.1141462390994157  α = 2.29e-5
 210   -27.13957850461      -11.52       -3.75    3.79s
    ‖ρε - ρref‖ = 3.4543550879748316e-5 ‖Δρ‖ = 3.456437167113099e-5  ‖vε - vref‖ = 1.1141854138626577  α = 2.14e-5
 211   -27.13957850461      -11.34       -4.07    4.01s
    ‖ρε - ρref‖ = 1.5245745264282098e-5 ‖Δρ‖ = 1.5201983106037329e-5  ‖vε - vref‖ = 1.1142491328232418  α = 5.98e-5
 212   -27.13957850462      -11.44       -3.41    3.88s
    ‖ρε - ρref‖ = 7.480771071250496e-5 ‖Δρ‖ = 7.479194840169249e-5  ‖vε - vref‖ = 1.1143003039412354  α = 1.1e-5
 213   -27.13957850462      -11.32       -3.72    4.77s
    ‖ρε - ρref‖ = 3.530874762545689e-5 ‖Δρ‖ = 3.529771889549436e-5  ‖vε - vref‖ = 1.1143649979312922  α = 2.58e-5
 214   -27.13957850463      -11.47       -3.70    3.75s
    ‖ρε - ρref‖ = 3.928154326672196e-5 ‖Δρ‖ = 3.932675283920046e-5  ‖vε - vref‖ = 1.1144140496631594  α = 1.98e-5
 215   -27.13957850463      -11.78       -3.46    3.90s
    ‖ρε - ρref‖ = 8.763198462612387e-5 ‖Δρ‖ = 8.751527004670416e-5  ‖vε - vref‖ = 1.1144372962581024  α = 5.59e-6
 216   -27.13957850463      -12.41       -3.14    4.73s
    ‖ρε - ρref‖ = 0.00025680940170251396 ‖Δρ‖ = 0.0002570093633515168  ‖vε - vref‖ = 1.1144413553922057  α = 9.25e-7
 217   -27.13957850463      -11.55       -3.82    4.80s
    ‖ρε - ρref‖ = 2.9051921038210113e-5 ‖Δρ‖ = 2.913194589866458e-5  ‖vε - vref‖ = 1.114482666714887  α = 2.44e-5
 218   -27.13957850463      -12.47       -3.30    3.75s
    ‖ρε - ρref‖ = 0.0001962670398506937 ‖Δρ‖ = 0.00019609184964992647  ‖vε - vref‖ = 1.114487588713269  α = 1.07e-6
 219   -27.13957850463      -11.97       -3.73    3.76s
    ‖ρε - ρref‖ = 4.7412240297550215e-5 ‖Δρ‖ = 4.7453802399120564e-5  ‖vε - vref‖ = 1.114505537485387  α = 8.52e-6
 220   -27.13957850463      -11.68       -3.70    3.76s
    ‖ρε - ρref‖ = 3.9743960969214626e-5 ‖Δρ‖ = 3.967575576337129e-5  ‖vε - vref‖ = 1.1145380048622309  α = 1.54e-5
 221   -27.13957850464      -11.67       -3.92    3.72s
    ‖ρε - ρref‖ = 2.7819293595237452e-5 ‖Δρ‖ = 2.7817699108079324e-5  ‖vε - vref‖ = 1.1145746688289524  α = 2.15e-5
 222   -27.13957850464      -11.35       -3.74    3.92s
    ‖ρε - ρref‖ = 3.246590838381144e-5 ‖Δρ‖ = 3.2508312158916345e-5  ‖vε - vref‖ = 1.1146475538371954  α = 2.74e-5
 223   -27.13957850464      -11.59       -3.91    4.31s
    ‖ρε - ρref‖ = 2.3513479533383613e-5 ‖Δρ‖ = 2.3443481588559378e-5  ‖vε - vref‖ = 1.1146913210036915  α = 2.88e-5
 224   -27.13957850464      -11.66       -3.84    3.83s
    ‖ρε - ρref‖ = 3.0295038980960638e-5 ‖Δρ‖ = 3.0273696298900018e-5  ‖vε - vref‖ = 1.1147281658067107  α = 2.07e-5
 225   -27.13957850465      -11.56       -3.56    4.10s
    ‖ρε - ρref‖ = 4.996096016363548e-5 ‖Δρ‖ = 4.994680430347603e-5  ‖vε - vref‖ = 1.1147766173912526  α = 1.41e-5
 226   -27.13957850465      -11.66       -3.98    3.85s
    ‖ρε - ρref‖ = 2.2319423942227746e-5 ‖Δρ‖ = 2.2371980220607753e-5  ‖vε - vref‖ = 1.1148159203868813  α = 2.81e-5
 227   -27.13957850465      -12.09       -3.64    3.94s
    ‖ρε - ρref‖ = 7.086824838324251e-5 ‖Δρ‖ = 7.06566268204281e-5  ‖vε - vref‖ = 1.1148340207607912  α = 4.6e-6
 228   -27.13957850465      -11.94       -3.00    4.15s
    ‖ρε - ρref‖ = 0.00025711084139756936 ‖Δρ‖ = 0.00025721815008135986  ‖vε - vref‖ = 1.1148540311023307  α = 1.72e-6
 229   -27.13957850466      -11.46       -3.55    4.19s
    ‖ρε - ρref‖ = 5.48520950058291e-5 ‖Δρ‖ = 5.490229884778803e-5  ‖vε - vref‖ = 1.1149151621876012  α = 1.41e-5
 230   -27.13957850466      -12.48       -3.28    4.37s
    ‖ρε - ρref‖ = 0.00021563651089335345 ‖Δρ‖ = 0.000215438063524275  ‖vε - vref‖ = 1.114920700623603  α = 9.26e-7
 231   -27.13957850466      -11.63       -3.98    3.76s
    ‖ρε - ρref‖ = 2.2439770894194996e-5 ‖Δρ‖ = 2.245876485505493e-5  ‖vε - vref‖ = 1.1149663540964396  α = 2.81e-5
 232   -27.13957850466      -11.57       -3.46    3.80s
    ‖ρε - ρref‖ = 7.369206117356128e-5 ‖Δρ‖ = 7.366675261362167e-5  ‖vε - vref‖ = 1.115014686532861  α = 9.12e-6
 233   -27.13957850466      -11.62       -3.81    3.84s
    ‖ρε - ρref‖ = 2.943785402426816e-5 ‖Δρ‖ = 2.9484703423282097e-5  ‖vε - vref‖ = 1.1150620634998478  α = 2.2e-5
 234   -27.13957850467      -11.60       -3.78    3.76s
    ‖ρε - ρref‖ = 3.467589453104768e-5 ‖Δρ‖ = 3.4690074812980905e-5  ‖vε - vref‖ = 1.115107393497397  α = 1.87e-5
 235   -27.13957850467      -11.37       -3.81    3.83s
    ‖ρε - ρref‖ = 2.5732997163934907e-5 ‖Δρ‖ = 2.5655595148452202e-5  ‖vε - vref‖ = 1.1151914496210387  α = 3.41e-5
 236   -27.13957850467      -11.65       -3.77    4.25s
    ‖ρε - ρref‖ = 3.217795065025963e-5 ‖Δρ‖ = 3.2194604122595445e-5  ‖vε - vref‖ = 1.1152334738619543  α = 1.99e-5
 237   -27.13957850467      -11.97       -3.78    4.45s
    ‖ρε - ρref‖ = 3.772867655327565e-5 ‖Δρ‖ = 3.773379010364628e-5  ‖vε - vref‖ = 1.1152548569458614  α = 1.17e-5
 238   -27.13957850468      -11.56       -3.88    4.20s
    ‖ρε - ρref‖ = 2.2671632219224923e-5 ‖Δρ‖ = 2.2708237955902026e-5  ‖vε - vref‖ = 1.1153100460704948  α = 3.14e-5
 239   -27.13957850468      -12.80       -3.63    4.25s
    ‖ρε - ρref‖ = 9.464289646195447e-5 ‖Δρ‖ = 9.43946113214373e-5  ‖vε - vref‖ = 1.1153134929504938  α = 1.56e-6
 240   -27.13957850468      -12.22       -3.57    4.28s
    ‖ρε - ρref‖ = 7.127648502037384e-5 ‖Δρ‖ = 7.12745357324013e-5  ‖vε - vref‖ = 1.11532606357082  α = 4.61e-6
 241   -27.13957850468      -11.94       -3.83    4.77s
    ‖ρε - ρref‖ = 3.591710478014218e-5 ‖Δρ‖ = 3.598651494670428e-5  ‖vε - vref‖ = 1.1153508937464882  α = 1.17e-5
 242   -27.13957850468      -12.37       -3.23    4.35s
    ‖ρε - ρref‖ = 0.00020201774615324778 ‖Δρ‖ = 0.00020182669416269562  ‖vε - vref‖ = 1.1153610590147742  α = 1.13e-6
 243   -27.13957850468      -11.34       -3.88    4.19s
    ‖ρε - ρref‖ = 2.0673578839552736e-5 ‖Δρ‖ = 2.069826085071342e-5  ‖vε - vref‖ = 1.1154582792580707  α = 4.27e-5
 244   -27.13957850468      -11.81       -3.51    4.11s
    ‖ρε - ρref‖ = 7.087743934725425e-5 ‖Δρ‖ = 7.08727951128846e-5  ‖vε - vref‖ = 1.1154883330761085  α = 7.05e-6
 245   -27.13957850469      -11.79       -3.74    4.54s
    ‖ρε - ρref‖ = 3.6685178047453685e-5 ‖Δρ‖ = 3.673193486795238e-5  ‖vε - vref‖ = 1.1155220224263442  α = 1.47e-5
 246   -27.13957850469      -11.89       -4.06    3.91s
    ‖ρε - ρref‖ = 1.777879754550691e-5 ‖Δρ‖ = 1.7737447176234396e-5  ‖vε - vref‖ = 1.115551151260298  α = 2.64e-5
 247   -27.13957850469      -11.87       -3.89    4.32s
    ‖ρε - ρref‖ = 2.6599826985038853e-5 ‖Δρ‖ = 2.6541463424313456e-5  ‖vε - vref‖ = 1.1155808828560905  α = 1.84e-5
 248   -27.13957850469      -11.74       -3.97    3.85s
    ‖ρε - ρref‖ = 1.8813669891758267e-5 ‖Δρ‖ = 1.8808841402394895e-5  ‖vε - vref‖ = 1.1156220091963491  α = 3.08e-5
 249   -27.13957850469      -11.98       -4.01    3.76s
    ‖ρε - ρref‖ = 2.127611194127494e-5 ‖Δρ‖ = 2.1257956746741324e-5  ‖vε - vref‖ = 1.1156449945015863  α = 2.02e-5
 250   -27.13957850469      -11.93       -3.73    3.82s
    ‖ρε - ρref‖ = 3.5771545358145064e-5 ‖Δρ‖ = 3.581586204698876e-5  ‖vε - vref‖ = 1.1156719489215987  α = 1.31e-5
 251   -27.13957850469      -12.99       -3.63    3.96s
    ‖ρε - ρref‖ = 9.363906843530049e-5 ‖Δρ‖ = 9.34095542146874e-5  ‖vε - vref‖ = 1.1156746113169222  α = 1.32e-6
 252   -27.13957850469      -11.72       -3.85    4.12s
    ‖ρε - ρref‖ = 2.7214726376430698e-5 ‖Δρ‖ = 2.7221192938732406e-5  ‖vε - vref‖ = 1.1157204011733644  α = 2.17e-5
 253   -27.13957850470      -11.98       -3.39    3.70s
    ‖ρε - ρref‖ = 9.695666141680415e-5 ‖Δρ‖ = 9.713591102562488e-5  ‖vε - vref‖ = 1.1157463589373924  α = 4.12e-6
 254   -27.13957850470      -12.11       -3.02    4.24s
    ‖ρε - ρref‖ = 0.00024113126976798064 ‖Δρ‖ = 0.00024103531366062393  ‖vε - vref‖ = 1.1157626778091643  α = 1.37e-6
 255   -27.13957850470      -11.69       -3.94    4.79s
    ‖ρε - ρref‖ = 2.1646958023435277e-5 ‖Δρ‖ = 2.164240416973757e-5  ‖vε - vref‖ = 1.1158106692023408  α = 2.7e-5
 256   -27.13957850470      -12.02       -3.83    4.48s
    ‖ρε - ρref‖ = 3.305530492470932e-5 ‖Δρ‖ = 3.301736027019133e-5  ‖vε - vref‖ = 1.1158326730317425  α = 1.21e-5
 257   -27.13957850470      -12.09       -3.77    4.16s
    ‖ρε - ρref‖ = 3.9924329011540694e-5 ‖Δρ‖ = 3.9922517429948865e-5  ‖vε - vref‖ = 1.1158517529398218  α = 9.15e-6
 258   -27.13957850470      -11.85       -4.25    3.85s
    ‖ρε - ρref‖ = 1.068271806227335e-5 ‖Δρ‖ = 1.0596751397264182e-5  ‖vε - vref‖ = 1.1158859763947262  α = 4.75e-5
 259   -27.13957850470      -12.02       -3.92    3.74s
    ‖ρε - ρref‖ = 2.6239868526745583e-5 ‖Δρ‖ = 2.6232511545542517e-5  ‖vε - vref‖ = 1.1159093119271948  α = 1.56e-5
 260   -27.13957850470      -11.99       -4.07    3.77s
    ‖ρε - ρref‖ = 1.7817758809557078e-5 ‖Δρ‖ = 1.7894005527295007e-5  ‖vε - vref‖ = 1.115935205055189  α = 2.4e-5
 261   -27.13957850471      -11.67       -4.09    4.37s
    ‖ρε - ρref‖ = 1.3744683035970332e-5 ‖Δρ‖ = 1.3728885734380002e-5  ‖vε - vref‖ = 1.1159891180963617  α = 4.56e-5
 262   -27.13957850471      -11.95       -3.59    4.11s
    ‖ρε - ρref‖ = 5.1891803811558596e-5 ‖Δρ‖ = 5.196943374487226e-5  ‖vε - vref‖ = 1.1160180856654631  α = 8.65e-6
 263   -27.13957850471      -12.57       -3.18    4.73s
    ‖ρε - ρref‖ = 0.0002166693622103992 ‖Δρ‖ = 0.0002164570393142141  ‖vε - vref‖ = 1.1160243705320694  α = 9.19e-7
 264   -27.13957850471      -11.85       -3.80    4.05s
    ‖ρε - ρref‖ = 2.9020531004840484e-5 ‖Δρ‖ = 2.8975430421600996e-5  ‖vε - vref‖ = 1.1160609784859743  α = 1.77e-5
 265   -27.13957850471      -12.76       -3.65    3.96s
    ‖ρε - ρref‖ = 8.013131972646424e-5 ‖Δρ‖ = 8.03388905105733e-5  ‖vε - vref‖ = 1.116065330396541  α = 1.88e-6
 266   -27.13957850471      -12.34       -3.56    3.72s
    ‖ρε - ρref‖ = 7.291878196173599e-5 ‖Δρ‖ = 7.289611891300542e-5  ‖vε - vref‖ = 1.1160775944122188  α = 3.72e-6
 267   -27.13957850471      -11.93       -3.93    3.69s
    ‖ρε - ρref‖ = 2.4653026956093688e-5 ‖Δρ‖ = 2.4675346448881224e-5  ‖vε - vref‖ = 1.1161087351824428  α = 1.71e-5
 268   -27.13957850471      -11.70       -4.09    3.79s
    ‖ρε - ρref‖ = 1.459323924557787e-5 ‖Δρ‖ = 1.456799232455121e-5  ‖vε - vref‖ = 1.1161604778412746  α = 3.91e-5
 269   -27.13957850471      -11.87       -3.55    3.73s
    ‖ρε - ρref‖ = 6.255056265271822e-5 ‖Δρ‖ = 6.257004831281521e-5  ‖vε - vref‖ = 1.1161945688981136  α = 7.69e-6
 270   -27.13957850472      -11.68       -3.90    3.84s
    ‖ρε - ρref‖ = 2.3890434033700802e-5 ‖Δρ‖ = 2.3880227658455233e-5  ‖vε - vref‖ = 1.116248708940108  α = 2.59e-5
 271   -27.13957850472      -11.70       -4.08    3.84s
    ‖ρε - ρref‖ = 1.5126419182714524e-5 ‖Δρ‖ = 1.5137594825250193e-5  ‖vε - vref‖ = 1.1163032027530666  α = 3.83e-5
 272   -27.13957850472      -11.71       -3.70    3.76s
    ‖ρε - ρref‖ = 3.8485665645012046e-5 ‖Δρ‖ = 3.847660758837159e-5  ‖vε - vref‖ = 1.116352492210106  α = 1.51e-5
 273   -27.13957850472      -12.00       -4.09    3.93s
    ‖ρε - ρref‖ = 1.8046494935986573e-5 ‖Δρ‖ = 1.7948681852839596e-5  ‖vε - vref‖ = 1.1163799928074403  α = 2.29e-5
 274   -27.13957850472      -12.25       -3.92    3.69s
    ‖ρε - ρref‖ = 3.102852519044996e-5 ‖Δρ‖ = 3.119967562295465e-5  ‖vε - vref‖ = 1.1163956568863056  α = 9.38e-6
 275   -27.13957850472      -11.92       -2.98    3.84s
    ‖ρε - ρref‖ = 0.00021931950448393547 ‖Δρ‖ = 0.00021919436207387644  ‖vε - vref‖ = 1.1164277205452693  α = 2.07e-6
 276   -27.13957850472      -11.74       -3.55    3.86s
    ‖ρε - ρref‖ = 4.9935116006139437e-5 ‖Δρ‖ = 4.98967670056552e-5  ‖vε - vref‖ = 1.116477382378671  α = 1.16e-5
 277   -27.13957850472      -12.67       -3.43    3.93s
    ‖ρε - ρref‖ = 0.00014081405375822846 ‖Δρ‖ = 0.0001410315934975439  ‖vε - vref‖ = 1.1164826850328673  α = 1.15e-6
 278   -27.13957850473      -11.91       -3.77    3.93s
    ‖ρε - ρref‖ = 3.612197699166346e-5 ‖Δρ‖ = 3.615560304759847e-5  ‖vε - vref‖ = 1.1165173629835765  α = 1.28e-5
 279   -27.13957850473      -11.75       -3.54    3.86s
    ‖ρε - ρref‖ = 5.628054429381132e-5 ‖Δρ‖ = 5.627717026855222e-5  ‖vε - vref‖ = 1.1165650860286376  α = 9.83e-6
 280   -27.13957850473      -11.84       -4.00    3.84s
    ‖ρε - ρref‖ = 1.9540434641728874e-5 ‖Δρ‖ = 1.9487633251427412e-5  ‖vε - vref‖ = 1.1166053021780458  α = 2.54e-5
 281   -27.13957850473      -12.24       -3.88    4.08s
    ‖ρε - ρref‖ = 3.44131963175012e-5 ‖Δρ‖ = 3.44384264625667e-5  ‖vε - vref‖ = 1.1166200196604894  α = 8.65e-6
 282   -27.13957850473      -11.67       -3.99    3.69s
    ‖ρε - ρref‖ = 1.8666969424852297e-5 ‖Δρ‖ = 1.8697317065521096e-5  ‖vε - vref‖ = 1.1166782896720377  α = 3.33e-5
 283   -27.13957850473      -11.63       -4.01    4.01s
    ‖ρε - ρref‖ = 1.789719543534228e-5 ‖Δρ‖ = 1.7907492564213145e-5  ‖vε - vref‖ = 1.116742088221602  α = 3.62e-5
 284   -27.13957850474      -11.85       -3.83    3.64s
    ‖ρε - ρref‖ = 3.0048409140269205e-5 ‖Δρ‖ = 3.0026569410098957e-5  ‖vε - vref‖ = 1.116781743133  α = 1.66e-5
 285   -27.13957850474      -11.78       -3.91    3.69s
    ‖ρε - ρref‖ = 2.3776835819560895e-5 ‖Δρ‖ = 2.3713112621692887e-5  ‖vε - vref‖ = 1.1168272198585574  α = 2.26e-5
 286   -27.13957850474      -12.70       -3.74    3.76s
    ‖ρε - ρref‖ = 6.348326328671986e-5 ‖Δρ‖ = 6.370709957661657e-5  ‖vε - vref‖ = 1.1168332120849735  α = 2.71e-6
 287   -27.13957850474      -11.89       -3.35    3.79s
    ‖ρε - ρref‖ = 8.883989974716872e-5 ‖Δρ‖ = 8.880381389273814e-5  ‖vε - vref‖ = 1.1168679962844257  α = 5.36e-6
 288   -27.13957850474      -12.21       -3.78    3.63s
    ‖ρε - ρref‖ = 3.827201223344745e-5 ‖Δρ‖ = 3.8165711048019846e-5  ‖vε - vref‖ = 1.1168852467115584  α = 8.28e-6
 289   -27.13957850474      -12.62       -3.31    3.76s
    ‖ρε - ρref‖ = 0.00015701474445524961 ‖Δρ‖ = 0.00015718327367783794  ‖vε - vref‖ = 1.1168910099840053  α = 1.16e-6
 290   -27.13957850474      -12.06       -3.91    3.76s
    ‖ρε - ρref‖ = 2.6641611351915097e-5 ‖Δρ‖ = 2.6629444697966722e-5  ‖vε - vref‖ = 1.1169158149790812  α = 1.5e-5
 291   -27.13957850474      -12.32       -3.84    4.61s
    ‖ρε - ρref‖ = 3.550179832873711e-5 ‖Δρ‖ = 3.544931688366587e-5  ‖vε - vref‖ = 1.1169298664296405  α = 7.79e-6
 292   -27.13957850474      -11.68       -4.07    3.81s
    ‖ρε - ρref‖ = 1.3767897594069896e-5 ‖Δρ‖ = 1.375442237368467e-5  ‖vε - vref‖ = 1.1169874517127334  α = 4.3e-5
 293   -27.13957850474      -12.17       -3.93    3.73s
    ‖ρε - ρref‖ = 2.8510180514357717e-5 ‖Δρ‖ = 2.8540899450002066e-5  ‖vε - vref‖ = 1.1170070035564472  α = 1.18e-5
 294   -27.13957850474      -11.94       -3.84    3.82s
    ‖ρε - ρref‖ = 3.091813189949344e-5 ‖Δρ‖ = 3.091251584534548e-5  ‖vε - vref‖ = 1.1170382792947164  α = 1.4e-5
 295   -27.13957850475      -11.62       -4.00    4.12s
    ‖ρε - ρref‖ = 1.6872494355379627e-5 ‖Δρ‖ = 1.6911562598933574e-5  ‖vε - vref‖ = 1.117104025048645  α = 3.88e-5
 296   -27.13957850475      -11.93       -4.04    3.83s
    ‖ρε - ρref‖ = 1.7913010302791043e-5 ‖Δρ‖ = 1.7858970133919982e-5  ‖vε - vref‖ = 1.1171371524967  α = 2.59e-5
 297   -27.13957850475      -12.11       -4.03    4.32s
    ‖ρε - ρref‖ = 2.1567624754094485e-5 ‖Δρ‖ = 2.1490802568057825e-5  ‖vε - vref‖ = 1.1171597397886242  α = 1.71e-5
 298   -27.13957850475      -12.80       -3.57    3.82s
    ‖ρε - ρref‖ = 9.825087674436194e-5 ‖Δρ‖ = 9.847099072752439e-5  ‖vε - vref‖ = 1.1171635438475884  α = 1.39e-6
 299   -27.13957850475      -11.83       -3.66    3.74s
    ‖ρε - ρref‖ = 3.7716196435657206e-5 ‖Δρ‖ = 3.7720315129467576e-5  ‖vε - vref‖ = 1.11720489028481  α = 1.37e-5
 300   -27.13957850475      -12.74       -3.92    3.83s
    ‖ρε - ρref‖ = 4.211971732277362e-5 ‖Δρ‖ = 4.191493177262312e-5  ‖vε - vref‖ = 1.1172098510461512  α = 3.57e-6
Trying again with Newton's method ...
n     Energy            log10(ΔE)   log10(Δρ)   Δtime 
---   ---------------   ---------   ---------   ------
  1   -27.13957850478                   -7.67     331s
    ‖ρε - ρref‖ = 3.974349706536472e-7 ‖Δρ‖ = 2.250877102015543e-9  ‖vε - vref‖ = 1.1171078346662353
  2   -27.13957850479      -10.92       -7.86     331s
    ‖ρε - ρref‖ = 3.9747043449340263e-7 ‖Δρ‖ = 1.4741190971540402e-9  ‖vε - vref‖ = 1.1172207799543514
    Stopping to avoid numerical instabilities.

#-- ‖ρε - ρref‖ = 3.9747043449340263e-7 vs. 1.0e-9 = δ*ε ‖vε - vref‖ = 1.1172207799543514

|v-vref|h1 = [1.3067404018463151, 1.250439051068931, 1.2040357014660454, 1.1679472255008336, 1.140017624458093, 1.1172207799543514]
|v-vref|l2 = [0.10203677494645622, 0.09323446451581702, 0.08630487840448108, 0.08123525965462175, 0.07760960803339052, 0.07488243264022737]
──────────────────────────────────────────────────────────────────────────────────────────────
                                                     Time                    Allocations      
                                            ───────────────────────   ────────────────────────
             Tot / % measured:                   5.39h /  68.9%           36.4TiB /  57.7%    

Section                             ncalls     time    %tot     avg     alloc    %tot      avg
──────────────────────────────────────────────────────────────────────────────────────────────
solve_ΩplusK                            16    1.44h   38.9%    325s   6.45TiB   30.7%   413GiB
  apply_K                            1.60k    3158s   23.6%   1.97s   1.61TiB    7.7%  1.03GiB
    compute_δρ                       1.60k     283s    2.1%   177ms   0.95TiB    4.5%   621MiB
      symmetrize_ρ                   1.60k    73.0s    0.5%  45.6ms   34.4GiB    0.2%  22.0MiB
    apply_kernel                     1.60k     151s    1.1%  94.6ms    171GiB    0.8%   109MiB
  apply_Ω                            1.60k    1168s    8.7%   730ms   1.35TiB    6.4%   886MiB
    DftHamiltonian multiplication     192k     909s    6.8%  4.74ms    381GiB    1.8%  2.03MiB
      nonlocal                        192k     234s    1.7%  1.22ms   2.97GiB    0.0%  16.2KiB
  DftHamiltonian multiplication      1.92k    8.69s    0.1%  4.53ms   3.81GiB    0.0%  2.03MiB
    nonlocal                         1.92k    2.34s    0.0%  1.22ms   30.4MiB    0.0%  16.2KiB
  energy_hamiltonian                    16    6.28s    0.0%   392ms   17.5GiB    0.1%  1.10GiB
    ene_ops                             16    4.67s    0.0%   292ms   3.15GiB    0.0%   202MiB
      ene_ops: dualmap                  16    1.64s    0.0%   103ms   1.43GiB    0.0%  91.4MiB
      ene_ops: external_Hartree         16    1.54s    0.0%  96.2ms   1.30GiB    0.0%  83.4MiB
      ene_ops: nonlocal                 16    1.25s    0.0%  77.8ms   35.6MiB    0.0%  2.23MiB
      ene_ops: kinetic                  16    143ms    0.0%  8.94ms   5.63MiB    0.0%   360KiB
      ene_ops: hartree                  16   96.5ms    0.0%  6.03ms    321MiB    0.0%  20.1MiB
      ene_ops: local                    16   6.58ms    0.0%   411μs   65.4MiB    0.0%  4.09MiB
  compute_density                       16    1.93s    0.0%   120ms   6.58GiB    0.0%   421MiB
    symmetrize_ρ                        16    784ms    0.0%  49.0ms    352MiB    0.0%  22.0MiB
DftHamiltonian multiplication         843k    1.10h   29.6%  4.69ms   1.63TiB    7.8%  2.03MiB
  nonlocal                            843k    1044s    7.8%  1.24ms   13.0GiB    0.1%  16.2KiB
energy_hamiltonian                   7.01k    2429s   18.2%   346ms   7.51TiB   35.7%  1.10GiB
  ene_ops                            7.01k    1945s   14.6%   277ms   1.35TiB    6.4%   202MiB
    ene_ops: external_Hartree        7.01k     665s    5.0%  94.8ms    571GiB    2.7%  83.4MiB
    ene_ops: dualmap                 7.01k     627s    4.7%  89.5ms    626GiB    2.9%  91.4MiB
    ene_ops: nonlocal                7.01k     559s    4.2%  79.7ms   15.2GiB    0.1%  2.23MiB
    ene_ops: kinetic                 7.01k    63.7s    0.5%  9.09ms   2.41GiB    0.0%   360KiB
    ene_ops: hartree                 7.01k    24.8s    0.2%  3.54ms    138GiB    0.6%  20.1MiB
    ene_ops: local                   7.01k    3.45s    0.0%   493μs   28.0GiB    0.1%  4.09MiB
compute_density                      10.4k    1061s    7.9%   102ms   4.18TiB   19.9%   421MiB
  symmetrize_ρ                       10.4k     480s    3.6%  46.1ms    224GiB    1.0%  22.0MiB
ortho_qr                              410k     385s    2.9%   940μs   1.05TiB    5.0%  2.68MiB
PlaneWaveBasis                          29     293s    2.2%   10.1s    152GiB    0.7%  5.23GiB
  Instantiation AtomicNonlocal          29     272s    2.0%   9.38s    116GiB    0.5%  4.01GiB
  Instantiation AtomicLocal             29    9.19s    0.1%   317ms   1.97GiB    0.0%  69.7MiB
    enforce_real!                       29   38.2ms    0.0%  1.32ms   10.9KiB    0.0%     384B
  Instantiation ExternalHartree         29    3.97s    0.0%   137ms   2.50GiB    0.0%  88.2MiB
  build_kpoints                         29    3.51s    0.0%   121ms   25.6GiB    0.1%   903MiB
  Instantiation DualMap                 29    2.90s    0.0%   100ms   2.26GiB    0.0%  79.9MiB
  _check_kpoint_reduction               29    463ms    0.0%  16.0ms     0.00B    0.0%    0.00B
  Instantiation Kinetic                 29    405ms    0.0%  14.0ms   1.99GiB    0.0%  70.2MiB
  Instantiation Hartree                 29    232ms    0.0%  8.01ms    118MiB    0.0%  4.08MiB
    enforce_real!                       29   35.0ms    0.0%  1.21ms   12.2KiB    0.0%     432B
  Instantiation Ewald                   29   11.5ms    0.0%   398μs   82.2KiB    0.0%  2.84KiB
    precomp: Ewald                      29   10.9ms    0.0%   376μs   57.5KiB    0.0%  1.98KiB
  Instantiation PspCorrection           29   1.15ms    0.0%  39.7μs   23.6KiB    0.0%     832B
load_scfres                              1    20.4s    0.2%   20.4s   7.74GiB    0.0%  7.74GiB
  Instantiation AtomicNonlocal           1    10.2s    0.1%   10.2s   4.07GiB    0.0%  4.07GiB
  energy_hamiltonian                     1    3.35s    0.0%   3.35s   1.04GiB    0.0%  1.04GiB
    ene_ops                              1    3.16s    0.0%   3.16s    378MiB    0.0%   378MiB
      ene_ops: xc                        1    2.18s    0.0%   2.18s    328MiB    0.0%   328MiB
      ene_ops: nonlocal                  1    104ms    0.0%   104ms   3.04MiB    0.0%  3.04MiB
      ene_ops: kinetic                   1   41.3ms    0.0%  41.3ms    416KiB    0.0%   416KiB
      ene_ops: hartree                   1   6.35ms    0.0%  6.35ms   20.1MiB    0.0%  20.1MiB
      ene_ops: local                     1    763μs    0.0%   763μs   4.09MiB    0.0%  4.09MiB
  Instantiation Xc                       1    1.06s    0.0%   1.06s    147MiB    0.0%   147MiB
    enforce_real!                        1   1.28ms    0.0%  1.28ms      384B    0.0%     384B
  build_kpoints                          1    444ms    0.0%   444ms    903MiB    0.0%   903MiB
  Instantiation AtomicLocal              1    419ms    0.0%   419ms   71.3MiB    0.0%  71.3MiB
    enforce_real!                        1   1.31ms    0.0%  1.31ms      384B    0.0%     384B
  Instantiation Ewald                    1   64.0ms    0.0%  64.0ms   18.4MiB    0.0%  18.4MiB
    precomp: Ewald                       1    449μs    0.0%   449μs   3.06KiB    0.0%  3.06KiB
  Instantiation Kinetic                  1   31.9ms    0.0%  31.9ms   70.2MiB    0.0%  70.2MiB
  Instantiation PspCorrection            1   21.0ms    0.0%  21.0ms   2.76MiB    0.0%  2.76MiB
  Instantiation Hartree                  1   20.5ms    0.0%  20.5ms   11.7MiB    0.0%  11.7MiB
    enforce_real!                        1   1.20ms    0.0%  1.20ms      432B    0.0%     432B
  _check_kpoint_reduction                1   15.9ms    0.0%  15.9ms     0.00B    0.0%    0.00B
compute_projected_gradient              16    17.5s    0.1%   1.09s   32.9GiB    0.2%  2.06GiB
  DftHamiltonian multiplication      1.92k    8.92s    0.1%  4.65ms   3.81GiB    0.0%  2.03MiB
    nonlocal                         1.92k    2.33s    0.0%  1.21ms   30.4MiB    0.0%  16.2KiB
  energy_hamiltonian                    16    5.89s    0.0%   368ms   17.5GiB    0.1%  1.10GiB
    ene_ops                             16    4.48s    0.0%   280ms   3.15GiB    0.0%   202MiB
      ene_ops: external_Hartree         16    1.57s    0.0%  98.0ms   1.30GiB    0.0%  83.4MiB
      ene_ops: dualmap                  16    1.48s    0.0%  92.7ms   1.43GiB    0.0%  91.4MiB
      ene_ops: nonlocal                 16    1.22s    0.0%  76.3ms   35.6MiB    0.0%  2.23MiB
      ene_ops: kinetic                  16    142ms    0.0%  8.87ms   5.63MiB    0.0%   360KiB
      ene_ops: hartree                  16   54.6ms    0.0%  3.42ms    321MiB    0.0%  20.1MiB
      ene_ops: local                    16   6.86ms    0.0%   429μs   65.4MiB    0.0%  4.09MiB
  compute_density                       16    2.00s    0.0%   125ms   6.58GiB    0.0%   421MiB
    symmetrize_ρ                        16    724ms    0.0%  45.2ms    352MiB    0.0%  22.0MiB
save_scfres                              2    6.31s    0.0%   3.16s    657MiB    0.0%   329MiB
symmetry_operations                     29    297ms    0.0%  10.2ms   10.3MiB    0.0%   365KiB
  _check_symmetries                     29   3.73ms    0.0%   129μs   1.38MiB    0.0%  48.8KiB
──────────────────────────────────────────────────────────────────────────────────────────────
